Post_URL,Full_Post_Content
https://www.fazwaz.co.th/%E0%B8%82%E0%B8%B2%E0%B8%A2%E0%B8%9A%E0%B9%89%E0%B8%B2%E0%B8%99/%E0%B8%82%E0%B8%B2%E0%B8%A2-%E0%B8%84%E0%B8%AD%E0%B8%99%E0%B9%82%E0%B8%94-1-%E0%B8%AB%E0%B9%89%E0%B8%AD%E0%B8%87%E0%B8%99%E0%B8%AD%E0%B8%99-%E0%B8%97%E0%B8%B5%E0%B9%88-%E0%B9%80%E0%B8%94%E0%B8%AD%E0%B8%B0-%E0%B8%9E%E0%B8%A3%E0%B8%B5%E0%B9%82%E0%B8%AD-%E0%B8%8B%E0%B8%B4%E0%B8%81%E0%B9%80%E0%B8%99%E0%B9%80%E0%B8%88%E0%B8%AD%E0%B8%A3%E0%B9%8C-%E0%B8%84%E0%B8%AD%E0%B8%99%E0%B9%82%E0%B8%94-%E0%B9%80%E0%B8%8A%E0%B8%B5%E0%B8%A2%E0%B8%87%E0%B9%83%E0%B8%AB%E0%B8%A1%E0%B9%88-%E0%B9%83%E0%B8%99-%E0%B8%9B%E0%B9%88%E0%B8%B2%E0%B9%81%E0%B8%94%E0%B8%94-%E0%B9%80%E0%B8%8A%E0%B8%B5%E0%B8%A2%E0%B8%87%E0%B9%83%E0%B8%AB%E0%B8%A1%E0%B9%88-u39628,"ขาย คอนโด 1 ห้องนอน ในโครงการ The Prio Signature Condo Chiangmai (เดอะ พรีโอ ซิกเนเจอร์ คอนโด เชียงใหม่)
ป่าแดด, เมืองเชียงใหม่,
เชียงใหม่
฿2,904,532
฿1,347/เดือน
18
6%
1 ห้องนอน
1 ห้องน้ำ
38.49 ตรม. พื้นที่ใช้สอย
3 ชั้น
มี.ค. 2559 สร้างเสร็จแล้ว
ขาย คอนโด 1 ห้องนอน ในโครงการ The Prio Signature Condo Chiangmai (เดอะ พรีโอ ซิกเนเจอร์ คอนโด เชียงใหม่)
อสังหาริมทรัพย์นี้เป็น คอนโด สำหรับขาย ขนาด 1 ห้องนอน มีพื้นที่ใช้สอย 38.49 ตรม. ซึ่งยูนิตนี้อยู่ในโครงการ เดอะ พรีโอ ซิกเนเจอร์ คอนโด เชียงใหม่ บนทำเลของ ป่าแดด, เชียงใหม่ และสร้างเสร็จแล้วเมื่อ มี.ค. 2559 ซึ่งคุณสามารถซื้อ คอนโด นี้ได้ที่ราคา ฿2,904,532 (฿75,462/ตรม.)"
https://www.fazwaz.co.th/%E0%B8%82%E0%B8%B2%E0%B8%A2%E0%B8%9A%E0%B9%89%E0%B8%B2%E0%B8%99/%E0%B8%82%E0%B8%B2%E0%B8%A2-%E0%B8%84%E0%B8%AD%E0%B8%99%E0%B9%82%E0%B8%94-1-%E0%B8%AB%E0%B9%89%E0%B8%AD%E0%B8%87%E0%B8%99%E0%B8%AD%E0%B8%99-%E0%B8%97%E0%B8%B5%E0%B9%88-%E0%B9%80%E0%B8%94%E0%B8%AD%E0%B8%B0-%E0%B8%9E%E0%B8%A3%E0%B8%B5%E0%B9%82%E0%B8%AD-%E0%B8%8B%E0%B8%B4%E0%B8%81%E0%B9%80%E0%B8%99%E0%B9%80%E0%B8%88%E0%B8%AD%E0%B8%A3%E0%B9%8C-%E0%B8%84%E0%B8%AD%E0%B8%99%E0%B9%82%E0%B8%94-%E0%B9%80%E0%B8%8A%E0%B8%B5%E0%B8%A2%E0%B8%87%E0%B9%83%E0%B8%AB%E0%B8%A1%E0%B9%88-%E0%B9%83%E0%B8%99-%E0%B8%9B%E0%B9%88%E0%B8%B2%E0%B9%81%E0%B8%94%E0%B8%94-%E0%B9%80%E0%B8%8A%E0%B8%B5%E0%B8%A2%E0%B8%87%E0%B9%83%E0%B8%AB%E0%B8%A1%E0%B9%88-u39629,"ขาย คอนโด 1 ห้องนอน ในโครงการ The Prio Signature Condo Chiangmai (เดอะ พรีโอ ซิกเนเจอร์ คอนโด เชียงใหม่)
ป่าแดด, เมืองเชียงใหม่,
เชียงใหม่
฿3,400,000
฿1,372/เดือน
18
6%
1 ห้องนอน
1 ห้องน้ำ
39.20 ตรม. พื้นที่ใช้สอย
5 ชั้น
มี.ค. 2559 สร้างเสร็จแล้ว
ขาย คอนโด 1 ห้องนอน ในโครงการ The Prio Signature Condo Chiangmai (เดอะ พรีโอ ซิกเนเจอร์ คอนโด เชียงใหม่)
อสังหาริมทรัพย์นี้เป็น คอนโด สำหรับขาย ขนาด 1 ห้องนอน มีพื้นที่ใช้สอย 39.20 ตรม. ซึ่งยูนิตนี้อยู่ในโครงการ เดอะ พรีโอ ซิกเนเจอร์ คอนโด เชียงใหม่ บนทำเลของ ป่าแดด, เชียงใหม่ และสร้างเสร็จแล้วเมื่อ มี.ค. 2559 ซึ่งคุณสามารถซื้อ คอนโด นี้ได้ที่ราคา ฿3,400,000 (฿86,735/ตรม.)"
https://www.fazwaz.co.th/%E0%B8%82%E0%B8%B2%E0%B8%A2%E0%B8%9A%E0%B9%89%E0%B8%B2%E0%B8%99/%E0%B8%82%E0%B8%B2%E0%B8%A2-%E0%B8%84%E0%B8%AD%E0%B8%99%E0%B9%82%E0%B8%94-1-%E0%B8%AB%E0%B9%89%E0%B8%AD%E0%B8%87%E0%B8%99%E0%B8%AD%E0%B8%99-%E0%B8%97%E0%B8%B5%E0%B9%88-%E0%B9%80%E0%B8%94%E0%B8%AD%E0%B8%B0-%E0%B8%9E%E0%B8%A3%E0%B8%B5%E0%B9%82%E0%B8%AD-%E0%B8%8B%E0%B8%B4%E0%B8%81%E0%B9%80%E0%B8%99%E0%B9%80%E0%B8%88%E0%B8%AD%E0%B8%A3%E0%B9%8C-%E0%B8%84%E0%B8%AD%E0%B8%99%E0%B9%82%E0%B8%94-%E0%B9%80%E0%B8%8A%E0%B8%B5%E0%B8%A2%E0%B8%87%E0%B9%83%E0%B8%AB%E0%B8%A1%E0%B9%88-%E0%B9%83%E0%B8%99-%E0%B8%9B%E0%B9%88%E0%B8%B2%E0%B9%81%E0%B8%94%E0%B8%94-%E0%B9%80%E0%B8%8A%E0%B8%B5%E0%B8%A2%E0%B8%87%E0%B9%83%E0%B8%AB%E0%B8%A1%E0%B9%88-u39630,"ขาย คอนโด 1 ห้องนอน ในโครงการ The Prio Signature Condo Chiangmai (เดอะ พรีโอ ซิกเนเจอร์ คอนโด เชียงใหม่)
ป่าแดด, เมืองเชียงใหม่,
เชียงใหม่
฿3,032,906
฿1,383/เดือน
18
6%
1 ห้องนอน
1 ห้องน้ำ
39.51 ตรม. พื้นที่ใช้สอย
5 ชั้น
มี.ค. 2559 สร้างเสร็จแล้ว
ขาย คอนโด 1 ห้องนอน ในโครงการ The Prio Signature Condo Chiangmai (เดอะ พรีโอ ซิกเนเจอร์ คอนโด เชียงใหม่)
อสังหาริมทรัพย์นี้เป็น คอนโด สำหรับขาย ขนาด 1 ห้องนอน มีพื้นที่ใช้สอย 39.51 ตรม. ซึ่งยูนิตนี้อยู่ในโครงการ เดอะ พรีโอ ซิกเนเจอร์ คอนโด เชียงใหม่ บนทำเลของ ป่าแดด, เชียงใหม่ และสร้างเสร็จแล้วเมื่อ มี.ค. 2559 ซึ่งคุณสามารถซื้อ คอนโด นี้ได้ที่ราคา ฿3,032,906 (฿76,763/ตรม.)"
https://www.fazwaz.co.th/%E0%B8%82%E0%B8%B2%E0%B8%A2%E0%B8%9A%E0%B9%89%E0%B8%B2%E0%B8%99/%E0%B8%82%E0%B8%B2%E0%B8%A2-%E0%B8%84%E0%B8%AD%E0%B8%99%E0%B9%82%E0%B8%94-1-%E0%B8%AB%E0%B9%89%E0%B8%AD%E0%B8%87%E0%B8%99%E0%B8%AD%E0%B8%99-%E0%B8%97%E0%B8%B5%E0%B9%88-%E0%B9%80%E0%B8%94%E0%B8%AD%E0%B8%B0-%E0%B8%9E%E0%B8%A3%E0%B8%B5%E0%B9%82%E0%B8%AD-%E0%B8%8B%E0%B8%B4%E0%B8%81%E0%B9%80%E0%B8%99%E0%B9%80%E0%B8%88%E0%B8%AD%E0%B8%A3%E0%B9%8C-%E0%B8%84%E0%B8%AD%E0%B8%99%E0%B9%82%E0%B8%94-%E0%B9%80%E0%B8%8A%E0%B8%B5%E0%B8%A2%E0%B8%87%E0%B9%83%E0%B8%AB%E0%B8%A1%E0%B9%88-%E0%B9%83%E0%B8%99-%E0%B8%9B%E0%B9%88%E0%B8%B2%E0%B9%81%E0%B8%94%E0%B8%94-%E0%B9%80%E0%B8%8A%E0%B8%B5%E0%B8%A2%E0%B8%87%E0%B9%83%E0%B8%AB%E0%B8%A1%E0%B9%88-u39631,"ขาย คอนโด 1 ห้องนอน ในโครงการ The Prio Signature Condo Chiangmai (เดอะ พรีโอ ซิกเนเจอร์ คอนโด เชียงใหม่)
ป่าแดด, เมืองเชียงใหม่,
เชียงใหม่
฿3,012,180
฿1,373/เดือน
18
6%
1 ห้องนอน
1 ห้องน้ำ
39.24 ตรม. พื้นที่ใช้สอย
5 ชั้น
มี.ค. 2559 สร้างเสร็จแล้ว
ขาย คอนโด 1 ห้องนอน ในโครงการ The Prio Signature Condo Chiangmai (เดอะ พรีโอ ซิกเนเจอร์ คอนโด เชียงใหม่)
อสังหาริมทรัพย์นี้เป็น คอนโด สำหรับขาย ขนาด 1 ห้องนอน มีพื้นที่ใช้สอย 39.24 ตรม. ซึ่งยูนิตนี้อยู่ในโครงการ เดอะ พรีโอ ซิกเนเจอร์ คอนโด เชียงใหม่ บนทำเลของ ป่าแดด, เชียงใหม่ และสร้างเสร็จแล้วเมื่อ มี.ค. 2559 ซึ่งคุณสามารถซื้อ คอนโด นี้ได้ที่ราคา ฿3,012,180 (฿76,763/ตรม.)"
https://www.fazwaz.co.th/%E0%B8%82%E0%B8%B2%E0%B8%A2%E0%B8%9A%E0%B9%89%E0%B8%B2%E0%B8%99/%E0%B8%82%E0%B8%B2%E0%B8%A2-%E0%B8%84%E0%B8%AD%E0%B8%99%E0%B9%82%E0%B8%94-1-%E0%B8%AB%E0%B9%89%E0%B8%AD%E0%B8%87%E0%B8%99%E0%B8%AD%E0%B8%99-%E0%B8%97%E0%B8%B5%E0%B9%88-%E0%B9%80%E0%B8%94%E0%B8%AD%E0%B8%B0-%E0%B8%9E%E0%B8%A3%E0%B8%B5%E0%B9%82%E0%B8%AD-%E0%B8%8B%E0%B8%B4%E0%B8%81%E0%B9%80%E0%B8%99%E0%B9%80%E0%B8%88%E0%B8%AD%E0%B8%A3%E0%B9%8C-%E0%B8%84%E0%B8%AD%E0%B8%99%E0%B9%82%E0%B8%94-%E0%B9%80%E0%B8%8A%E0%B8%B5%E0%B8%A2%E0%B8%87%E0%B9%83%E0%B8%AB%E0%B8%A1%E0%B9%88-%E0%B9%83%E0%B8%99-%E0%B8%9B%E0%B9%88%E0%B8%B2%E0%B9%81%E0%B8%94%E0%B8%94-%E0%B9%80%E0%B8%8A%E0%B8%B5%E0%B8%A2%E0%B8%87%E0%B9%83%E0%B8%AB%E0%B8%A1%E0%B9%88-u39632,"ขาย คอนโด 1 ห้องนอน ในโครงการ The Prio Signature Condo Chiangmai (เดอะ พรีโอ ซิกเนเจอร์ คอนโด เชียงใหม่)
ป่าแดด, เมืองเชียงใหม่,
เชียงใหม่
฿3,012,180
฿1,373/เดือน
18
6%
1 ห้องนอน
1 ห้องน้ำ
39.24 ตรม. พื้นที่ใช้สอย
5 ชั้น
มี.ค. 2559 สร้างเสร็จแล้ว
ขาย คอนโด 1 ห้องนอน ในโครงการ The Prio Signature Condo Chiangmai (เดอะ พรีโอ ซิกเนเจอร์ คอนโด เชียงใหม่)
อสังหาริมทรัพย์นี้เป็น คอนโด สำหรับขาย ขนาด 1 ห้องนอน มีพื้นที่ใช้สอย 39.24 ตรม. ซึ่งยูนิตนี้อยู่ในโครงการ เดอะ พรีโอ ซิกเนเจอร์ คอนโด เชียงใหม่ บนทำเลของ ป่าแดด, เชียงใหม่ และสร้างเสร็จแล้วเมื่อ มี.ค. 2559 ซึ่งคุณสามารถซื้อ คอนโด นี้ได้ที่ราคา ฿3,012,180 (฿76,763/ตรม.)"
https://www.fazwaz.co.th/%E0%B8%82%E0%B8%B2%E0%B8%A2%E0%B8%9A%E0%B9%89%E0%B8%B2%E0%B8%99/%E0%B8%82%E0%B8%B2%E0%B8%A2-%E0%B8%84%E0%B8%AD%E0%B8%99%E0%B9%82%E0%B8%94-1-%E0%B8%AB%E0%B9%89%E0%B8%AD%E0%B8%87%E0%B8%99%E0%B8%AD%E0%B8%99-%E0%B8%97%E0%B8%B5%E0%B9%88-%E0%B9%80%E0%B8%94%E0%B8%AD%E0%B8%B0-%E0%B8%9E%E0%B8%A3%E0%B8%B5%E0%B9%82%E0%B8%AD-%E0%B8%8B%E0%B8%B4%E0%B8%81%E0%B9%80%E0%B8%99%E0%B9%80%E0%B8%88%E0%B8%AD%E0%B8%A3%E0%B9%8C-%E0%B8%84%E0%B8%AD%E0%B8%99%E0%B9%82%E0%B8%94-%E0%B9%80%E0%B8%8A%E0%B8%B5%E0%B8%A2%E0%B8%87%E0%B9%83%E0%B8%AB%E0%B8%A1%E0%B9%88-%E0%B9%83%E0%B8%99-%E0%B8%9B%E0%B9%88%E0%B8%B2%E0%B9%81%E0%B8%94%E0%B8%94-%E0%B9%80%E0%B8%8A%E0%B8%B5%E0%B8%A2%E0%B8%87%E0%B9%83%E0%B8%AB%E0%B8%A1%E0%B9%88-u39633,"ขาย คอนโด 1 ห้องนอน ในโครงการ The Prio Signature Condo Chiangmai (เดอะ พรีโอ ซิกเนเจอร์ คอนโด เชียงใหม่)
ป่าแดด, เมืองเชียงใหม่,
เชียงใหม่
฿3,204,830
฿1,356/เดือน
18
6%
1 ห้องนอน
1 ห้องน้ำ
38.73 ตรม. พื้นที่ใช้สอย
6 ชั้น
มี.ค. 2559 สร้างเสร็จแล้ว
ขาย คอนโด 1 ห้องนอน ในโครงการ The Prio Signature Condo Chiangmai (เดอะ พรีโอ ซิกเนเจอร์ คอนโด เชียงใหม่)
อสังหาริมทรัพย์นี้เป็น คอนโด สำหรับขาย ขนาด 1 ห้องนอน มีพื้นที่ใช้สอย 38.73 ตรม. ซึ่งยูนิตนี้อยู่ในโครงการ เดอะ พรีโอ ซิกเนเจอร์ คอนโด เชียงใหม่ บนทำเลของ ป่าแดด, เชียงใหม่ และสร้างเสร็จแล้วเมื่อ มี.ค. 2559 ซึ่งคุณสามารถซื้อ คอนโด นี้ได้ที่ราคา ฿3,204,830 (฿82,748/ตรม.)"
https://www.fazwaz.co.th/%E0%B8%82%E0%B8%B2%E0%B8%A2%E0%B8%9A%E0%B9%89%E0%B8%B2%E0%B8%99/%E0%B8%82%E0%B8%B2%E0%B8%A2-%E0%B8%84%E0%B8%AD%E0%B8%99%E0%B9%82%E0%B8%94-1-%E0%B8%AB%E0%B9%89%E0%B8%AD%E0%B8%87%E0%B8%99%E0%B8%AD%E0%B8%99-%E0%B8%97%E0%B8%B5%E0%B9%88-%E0%B9%80%E0%B8%94%E0%B8%AD%E0%B8%B0-%E0%B8%9E%E0%B8%A3%E0%B8%B5%E0%B9%82%E0%B8%AD-%E0%B8%8B%E0%B8%B4%E0%B8%81%E0%B9%80%E0%B8%99%E0%B9%80%E0%B8%88%E0%B8%AD%E0%B8%A3%E0%B9%8C-%E0%B8%84%E0%B8%AD%E0%B8%99%E0%B9%82%E0%B8%94-%E0%B9%80%E0%B8%8A%E0%B8%B5%E0%B8%A2%E0%B8%87%E0%B9%83%E0%B8%AB%E0%B8%A1%E0%B9%88-%E0%B9%83%E0%B8%99-%E0%B8%9B%E0%B9%88%E0%B8%B2%E0%B9%81%E0%B8%94%E0%B8%94-%E0%B9%80%E0%B8%8A%E0%B8%B5%E0%B8%A2%E0%B8%87%E0%B9%83%E0%B8%AB%E0%B8%A1%E0%B9%88-u39634,"ขาย คอนโด 1 ห้องนอน ในโครงการ The Prio Signature Condo Chiangmai (เดอะ พรีโอ ซิกเนเจอร์ คอนโด เชียงใหม่)
ป่าแดด, เมืองเชียงใหม่,
เชียงใหม่
฿2,954,607
฿1,347/เดือน
18
6%
1 ห้องนอน
1 ห้องน้ำ
38.49 ตรม. พื้นที่ใช้สอย
6 ชั้น
มี.ค. 2559 สร้างเสร็จแล้ว
ขาย คอนโด 1 ห้องนอน ในโครงการ The Prio Signature Condo Chiangmai (เดอะ พรีโอ ซิกเนเจอร์ คอนโด เชียงใหม่)
อสังหาริมทรัพย์นี้เป็น คอนโด สำหรับขาย ขนาด 1 ห้องนอน มีพื้นที่ใช้สอย 38.49 ตรม. ซึ่งยูนิตนี้อยู่ในโครงการ เดอะ พรีโอ ซิกเนเจอร์ คอนโด เชียงใหม่ บนทำเลของ ป่าแดด, เชียงใหม่ และสร้างเสร็จแล้วเมื่อ มี.ค. 2559 ซึ่งคุณสามารถซื้อ คอนโด นี้ได้ที่ราคา ฿2,954,607 (฿76,763/ตรม.)"
https://www.fazwaz.co.th/%E0%B8%82%E0%B8%B2%E0%B8%A2%E0%B8%9A%E0%B9%89%E0%B8%B2%E0%B8%99/%E0%B8%82%E0%B8%B2%E0%B8%A2-%E0%B8%84%E0%B8%AD%E0%B8%99%E0%B9%82%E0%B8%94-1-%E0%B8%AB%E0%B9%89%E0%B8%AD%E0%B8%87%E0%B8%99%E0%B8%AD%E0%B8%99-%E0%B8%97%E0%B8%B5%E0%B9%88-%E0%B9%80%E0%B8%94%E0%B8%AD%E0%B8%B0-%E0%B8%9E%E0%B8%A3%E0%B8%B5%E0%B9%82%E0%B8%AD-%E0%B8%8B%E0%B8%B4%E0%B8%81%E0%B9%80%E0%B8%99%E0%B9%80%E0%B8%88%E0%B8%AD%E0%B8%A3%E0%B9%8C-%E0%B8%84%E0%B8%AD%E0%B8%99%E0%B9%82%E0%B8%94-%E0%B9%80%E0%B8%8A%E0%B8%B5%E0%B8%A2%E0%B8%87%E0%B9%83%E0%B8%AB%E0%B8%A1%E0%B9%88-%E0%B9%83%E0%B8%99-%E0%B8%9B%E0%B9%88%E0%B8%B2%E0%B9%81%E0%B8%94%E0%B8%94-%E0%B9%80%E0%B8%8A%E0%B8%B5%E0%B8%A2%E0%B8%87%E0%B9%83%E0%B8%AB%E0%B8%A1%E0%B9%88-u39635,"ขาย คอนโด 1 ห้องนอน ในโครงการ The Prio Signature Condo Chiangmai (เดอะ พรีโอ ซิกเนเจอร์ คอนโด เชียงใหม่)
ป่าแดด, เมืองเชียงใหม่,
เชียงใหม่
฿3,012,180
฿1,373/เดือน
18
6%
1 ห้องนอน
1 ห้องน้ำ
39.24 ตรม. พื้นที่ใช้สอย
6 ชั้น
มี.ค. 2559 สร้างเสร็จแล้ว
ขาย คอนโด 1 ห้องนอน ในโครงการ The Prio Signature Condo Chiangmai (เดอะ พรีโอ ซิกเนเจอร์ คอนโด เชียงใหม่)
อสังหาริมทรัพย์นี้เป็น คอนโด สำหรับขาย ขนาด 1 ห้องนอน มีพื้นที่ใช้สอย 39.24 ตรม. ซึ่งยูนิตนี้อยู่ในโครงการ เดอะ พรีโอ ซิกเนเจอร์ คอนโด เชียงใหม่ บนทำเลของ ป่าแดด, เชียงใหม่ และสร้างเสร็จแล้วเมื่อ มี.ค. 2559 ซึ่งคุณสามารถซื้อ คอนโด นี้ได้ที่ราคา ฿3,012,180 (฿76,763/ตรม.)"
https://www.fazwaz.co.th/%E0%B8%82%E0%B8%B2%E0%B8%A2%E0%B8%9A%E0%B9%89%E0%B8%B2%E0%B8%99/%E0%B8%82%E0%B8%B2%E0%B8%A2-%E0%B8%84%E0%B8%AD%E0%B8%99%E0%B9%82%E0%B8%94-1-%E0%B8%AB%E0%B9%89%E0%B8%AD%E0%B8%87%E0%B8%99%E0%B8%AD%E0%B8%99-%E0%B8%97%E0%B8%B5%E0%B9%88-%E0%B9%80%E0%B8%94%E0%B8%AD%E0%B8%B0-%E0%B8%9E%E0%B8%A3%E0%B8%B5%E0%B9%82%E0%B8%AD-%E0%B8%8B%E0%B8%B4%E0%B8%81%E0%B9%80%E0%B8%99%E0%B9%80%E0%B8%88%E0%B8%AD%E0%B8%A3%E0%B9%8C-%E0%B8%84%E0%B8%AD%E0%B8%99%E0%B9%82%E0%B8%94-%E0%B9%80%E0%B8%8A%E0%B8%B5%E0%B8%A2%E0%B8%87%E0%B9%83%E0%B8%AB%E0%B8%A1%E0%B9%88-%E0%B9%83%E0%B8%99-%E0%B8%9B%E0%B9%88%E0%B8%B2%E0%B9%81%E0%B8%94%E0%B8%94-%E0%B9%80%E0%B8%8A%E0%B8%B5%E0%B8%A2%E0%B8%87%E0%B9%83%E0%B8%AB%E0%B8%A1%E0%B9%88-u39636,"ขาย คอนโด 1 ห้องนอน ในโครงการ The Prio Signature Condo Chiangmai (เดอะ พรีโอ ซิกเนเจอร์ คอนโด เชียงใหม่)
ป่าแดด, เมืองเชียงใหม่,
เชียงใหม่
฿3,012,180
฿1,373/เดือน
18
6%
1 ห้องนอน
1 ห้องน้ำ
39.24 ตรม. พื้นที่ใช้สอย
6 ชั้น
มี.ค. 2559 สร้างเสร็จแล้ว
ขาย คอนโด 1 ห้องนอน ในโครงการ The Prio Signature Condo Chiangmai (เดอะ พรีโอ ซิกเนเจอร์ คอนโด เชียงใหม่)
อสังหาริมทรัพย์นี้เป็น คอนโด สำหรับขาย ขนาด 1 ห้องนอน มีพื้นที่ใช้สอย 39.24 ตรม. ซึ่งยูนิตนี้อยู่ในโครงการ เดอะ พรีโอ ซิกเนเจอร์ คอนโด เชียงใหม่ บนทำเลของ ป่าแดด, เชียงใหม่ และสร้างเสร็จแล้วเมื่อ มี.ค. 2559 ซึ่งคุณสามารถซื้อ คอนโด นี้ได้ที่ราคา ฿3,012,180 (฿76,763/ตรม.)"
https://www.fazwaz.co.th/%E0%B8%82%E0%B8%B2%E0%B8%A2%E0%B8%9A%E0%B9%89%E0%B8%B2%E0%B8%99/%E0%B8%82%E0%B8%B2%E0%B8%A2-%E0%B8%84%E0%B8%AD%E0%B8%99%E0%B9%82%E0%B8%94-1-%E0%B8%AB%E0%B9%89%E0%B8%AD%E0%B8%87%E0%B8%99%E0%B8%AD%E0%B8%99-%E0%B8%97%E0%B8%B5%E0%B9%88-%E0%B9%80%E0%B8%94%E0%B8%AD%E0%B8%B0-%E0%B8%9E%E0%B8%A3%E0%B8%B5%E0%B9%82%E0%B8%AD-%E0%B8%8B%E0%B8%B4%E0%B8%81%E0%B9%80%E0%B8%99%E0%B9%80%E0%B8%88%E0%B8%AD%E0%B8%A3%E0%B9%8C-%E0%B8%84%E0%B8%AD%E0%B8%99%E0%B9%82%E0%B8%94-%E0%B9%80%E0%B8%8A%E0%B8%B5%E0%B8%A2%E0%B8%87%E0%B9%83%E0%B8%AB%E0%B8%A1%E0%B9%88-%E0%B9%83%E0%B8%99-%E0%B8%9B%E0%B9%88%E0%B8%B2%E0%B9%81%E0%B8%94%E0%B8%94-%E0%B9%80%E0%B8%8A%E0%B8%B5%E0%B8%A2%E0%B8%87%E0%B9%83%E0%B8%AB%E0%B8%A1%E0%B9%88-u39637,"ขาย คอนโด 1 ห้องนอน ในโครงการ The Prio Signature Condo Chiangmai (เดอะ พรีโอ ซิกเนเจอร์ คอนโด เชียงใหม่)
ป่าแดด, เมืองเชียงใหม่,
เชียงใหม่
฿2,925,058
฿1,311/เดือน
18
6%
1 ห้องนอน
1 ห้องน้ำ
37.47 ตรม. พื้นที่ใช้สอย
7 ชั้น
มี.ค. 2559 สร้างเสร็จแล้ว
ขาย คอนโด 1 ห้องนอน ในโครงการ The Prio Signature Condo Chiangmai (เดอะ พรีโอ ซิกเนเจอร์ คอนโด เชียงใหม่)
อสังหาริมทรัพย์นี้เป็น คอนโด สำหรับขาย ขนาด 1 ห้องนอน มีพื้นที่ใช้สอย 37.47 ตรม. ซึ่งยูนิตนี้อยู่ในโครงการ เดอะ พรีโอ ซิกเนเจอร์ คอนโด เชียงใหม่ บนทำเลของ ป่าแดด, เชียงใหม่ และสร้างเสร็จแล้วเมื่อ มี.ค. 2559 ซึ่งคุณสามารถซื้อ คอนโด นี้ได้ที่ราคา ฿2,925,058 (฿78,064/ตรม.)"
https://www.fazwaz.co.th/%E0%B8%82%E0%B8%B2%E0%B8%A2%E0%B8%9A%E0%B9%89%E0%B8%B2%E0%B8%99/%E0%B8%82%E0%B8%B2%E0%B8%A2-%E0%B8%84%E0%B8%AD%E0%B8%99%E0%B9%82%E0%B8%94-1-%E0%B8%AB%E0%B9%89%E0%B8%AD%E0%B8%87%E0%B8%99%E0%B8%AD%E0%B8%99-%E0%B8%97%E0%B8%B5%E0%B9%88-%E0%B9%80%E0%B8%94%E0%B8%AD%E0%B8%B0-%E0%B8%9E%E0%B8%A3%E0%B8%B5%E0%B9%82%E0%B8%AD-%E0%B8%8B%E0%B8%B4%E0%B8%81%E0%B9%80%E0%B8%99%E0%B9%80%E0%B8%88%E0%B8%AD%E0%B8%A3%E0%B9%8C-%E0%B8%84%E0%B8%AD%E0%B8%99%E0%B9%82%E0%B8%94-%E0%B9%80%E0%B8%8A%E0%B8%B5%E0%B8%A2%E0%B8%87%E0%B9%83%E0%B8%AB%E0%B8%A1%E0%B9%88-%E0%B9%83%E0%B8%99-%E0%B8%9B%E0%B9%88%E0%B8%B2%E0%B9%81%E0%B8%94%E0%B8%94-%E0%B9%80%E0%B8%8A%E0%B8%B5%E0%B8%A2%E0%B8%87%E0%B9%83%E0%B8%AB%E0%B8%A1%E0%B9%88-u39638,"ขาย คอนโด 1 ห้องนอน ในโครงการ The Prio Signature Condo Chiangmai (เดอะ พรีโอ ซิกเนเจอร์ คอนโด เชียงใหม่)
ป่าแดด, เมืองเชียงใหม่,
เชียงใหม่
฿2,925,058
฿1,311/เดือน
18
6%
1 ห้องนอน
1 ห้องน้ำ
37.47 ตรม. พื้นที่ใช้สอย
7 ชั้น
มี.ค. 2559 สร้างเสร็จแล้ว
ขาย คอนโด 1 ห้องนอน ในโครงการ The Prio Signature Condo Chiangmai (เดอะ พรีโอ ซิกเนเจอร์ คอนโด เชียงใหม่)
อสังหาริมทรัพย์นี้เป็น คอนโด สำหรับขาย ขนาด 1 ห้องนอน มีพื้นที่ใช้สอย 37.47 ตรม. ซึ่งยูนิตนี้อยู่ในโครงการ เดอะ พรีโอ ซิกเนเจอร์ คอนโด เชียงใหม่ บนทำเลของ ป่าแดด, เชียงใหม่ และสร้างเสร็จแล้วเมื่อ มี.ค. 2559 ซึ่งคุณสามารถซื้อ คอนโด นี้ได้ที่ราคา ฿2,925,058 (฿78,064/ตรม.)"
https://www.fazwaz.co.th/%E0%B8%82%E0%B8%B2%E0%B8%A2%E0%B8%9A%E0%B9%89%E0%B8%B2%E0%B8%99/%E0%B8%82%E0%B8%B2%E0%B8%A2-%E0%B8%84%E0%B8%AD%E0%B8%99%E0%B9%82%E0%B8%94-1-%E0%B8%AB%E0%B9%89%E0%B8%AD%E0%B8%87%E0%B8%99%E0%B8%AD%E0%B8%99-%E0%B8%97%E0%B8%B5%E0%B9%88-%E0%B9%80%E0%B8%94%E0%B8%AD%E0%B8%B0-%E0%B8%9E%E0%B8%A3%E0%B8%B5%E0%B9%82%E0%B8%AD-%E0%B8%8B%E0%B8%B4%E0%B8%81%E0%B9%80%E0%B8%99%E0%B9%80%E0%B8%88%E0%B8%AD%E0%B8%A3%E0%B9%8C-%E0%B8%84%E0%B8%AD%E0%B8%99%E0%B9%82%E0%B8%94-%E0%B9%80%E0%B8%8A%E0%B8%B5%E0%B8%A2%E0%B8%87%E0%B9%83%E0%B8%AB%E0%B8%A1%E0%B9%88-%E0%B9%83%E0%B8%99-%E0%B8%9B%E0%B9%88%E0%B8%B2%E0%B9%81%E0%B8%94%E0%B8%94-%E0%B9%80%E0%B8%8A%E0%B8%B5%E0%B8%A2%E0%B8%87%E0%B9%83%E0%B8%AB%E0%B8%A1%E0%B9%88-u39639,"ขาย คอนโด 1 ห้องนอน ในโครงการ The Prio Signature Condo Chiangmai (เดอะ พรีโอ ซิกเนเจอร์ คอนโด เชียงใหม่)
ป่าแดด, เมืองเชียงใหม่,
เชียงใหม่
฿3,063,231
฿1,373/เดือน
18
6%
1 ห้องนอน
1 ห้องน้ำ
39.24 ตรม. พื้นที่ใช้สอย
7 ชั้น
มี.ค. 2559 สร้างเสร็จแล้ว
ขาย คอนโด 1 ห้องนอน ในโครงการ The Prio Signature Condo Chiangmai (เดอะ พรีโอ ซิกเนเจอร์ คอนโด เชียงใหม่)
อสังหาริมทรัพย์นี้เป็น คอนโด สำหรับขาย ขนาด 1 ห้องนอน มีพื้นที่ใช้สอย 39.24 ตรม. ซึ่งยูนิตนี้อยู่ในโครงการ เดอะ พรีโอ ซิกเนเจอร์ คอนโด เชียงใหม่ บนทำเลของ ป่าแดด, เชียงใหม่ และสร้างเสร็จแล้วเมื่อ มี.ค. 2559 ซึ่งคุณสามารถซื้อ คอนโด นี้ได้ที่ราคา ฿3,063,231 (฿78,064/ตรม.)"
https://www.fazwaz.co.th/%E0%B8%82%E0%B8%B2%E0%B8%A2%E0%B8%9A%E0%B9%89%E0%B8%B2%E0%B8%99/%E0%B8%82%E0%B8%B2%E0%B8%A2-%E0%B8%84%E0%B8%AD%E0%B8%99%E0%B9%82%E0%B8%94-1-%E0%B8%AB%E0%B9%89%E0%B8%AD%E0%B8%87%E0%B8%99%E0%B8%AD%E0%B8%99-%E0%B8%97%E0%B8%B5%E0%B9%88-%E0%B9%80%E0%B8%94%E0%B8%AD%E0%B8%B0-%E0%B8%9E%E0%B8%A3%E0%B8%B5%E0%B9%82%E0%B8%AD-%E0%B8%8B%E0%B8%B4%E0%B8%81%E0%B9%80%E0%B8%99%E0%B9%80%E0%B8%88%E0%B8%AD%E0%B8%A3%E0%B9%8C-%E0%B8%84%E0%B8%AD%E0%B8%99%E0%B9%82%E0%B8%94-%E0%B9%80%E0%B8%8A%E0%B8%B5%E0%B8%A2%E0%B8%87%E0%B9%83%E0%B8%AB%E0%B8%A1%E0%B9%88-%E0%B9%83%E0%B8%99-%E0%B8%9B%E0%B9%88%E0%B8%B2%E0%B9%81%E0%B8%94%E0%B8%94-%E0%B9%80%E0%B8%8A%E0%B8%B5%E0%B8%A2%E0%B8%87%E0%B9%83%E0%B8%AB%E0%B8%A1%E0%B9%88-u39640,"ขาย คอนโด 1 ห้องนอน ในโครงการ The Prio Signature Condo Chiangmai (เดอะ พรีโอ ซิกเนเจอร์ คอนโด เชียงใหม่)
ป่าแดด, เมืองเชียงใหม่,
เชียงใหม่
฿2,925,058
฿1,311/เดือน
18
6%
1 ห้องนอน
1 ห้องน้ำ
37.47 ตรม. พื้นที่ใช้สอย
8 ชั้น
มี.ค. 2559 สร้างเสร็จแล้ว
ขาย คอนโด 1 ห้องนอน ในโครงการ The Prio Signature Condo Chiangmai (เดอะ พรีโอ ซิกเนเจอร์ คอนโด เชียงใหม่)
อสังหาริมทรัพย์นี้เป็น คอนโด สำหรับขาย ขนาด 1 ห้องนอน มีพื้นที่ใช้สอย 37.47 ตรม. ซึ่งยูนิตนี้อยู่ในโครงการ เดอะ พรีโอ ซิกเนเจอร์ คอนโด เชียงใหม่ บนทำเลของ ป่าแดด, เชียงใหม่ และสร้างเสร็จแล้วเมื่อ มี.ค. 2559 ซึ่งคุณสามารถซื้อ คอนโด นี้ได้ที่ราคา ฿2,925,058 (฿78,064/ตรม.)"
https://www.fazwaz.co.th/%E0%B8%82%E0%B8%B2%E0%B8%A2%E0%B8%9A%E0%B9%89%E0%B8%B2%E0%B8%99/%E0%B8%82%E0%B8%B2%E0%B8%A2-%E0%B8%84%E0%B8%AD%E0%B8%99%E0%B9%82%E0%B8%94-1-%E0%B8%AB%E0%B9%89%E0%B8%AD%E0%B8%87%E0%B8%99%E0%B8%AD%E0%B8%99-%E0%B8%97%E0%B8%B5%E0%B9%88-%E0%B9%80%E0%B8%94%E0%B8%AD%E0%B8%B0-%E0%B8%9E%E0%B8%A3%E0%B8%B5%E0%B9%82%E0%B8%AD-%E0%B8%8B%E0%B8%B4%E0%B8%81%E0%B9%80%E0%B8%99%E0%B9%80%E0%B8%88%E0%B8%AD%E0%B8%A3%E0%B9%8C-%E0%B8%84%E0%B8%AD%E0%B8%99%E0%B9%82%E0%B8%94-%E0%B9%80%E0%B8%8A%E0%B8%B5%E0%B8%A2%E0%B8%87%E0%B9%83%E0%B8%AB%E0%B8%A1%E0%B9%88-%E0%B9%83%E0%B8%99-%E0%B8%9B%E0%B9%88%E0%B8%B2%E0%B9%81%E0%B8%94%E0%B8%94-%E0%B9%80%E0%B8%8A%E0%B8%B5%E0%B8%A2%E0%B8%87%E0%B9%83%E0%B8%AB%E0%B8%A1%E0%B9%88-u39641,"ขาย คอนโด 1 ห้องนอน ในโครงการ The Prio Signature Condo Chiangmai (เดอะ พรีโอ ซิกเนเจอร์ คอนโด เชียงใหม่)
ป่าแดด, เมืองเชียงใหม่,
เชียงใหม่
฿2,925,058
฿1,311/เดือน
18
6%
1 ห้องนอน
1 ห้องน้ำ
37.47 ตรม. พื้นที่ใช้สอย
8 ชั้น
มี.ค. 2559 สร้างเสร็จแล้ว
ขาย คอนโด 1 ห้องนอน ในโครงการ The Prio Signature Condo Chiangmai (เดอะ พรีโอ ซิกเนเจอร์ คอนโด เชียงใหม่)
อสังหาริมทรัพย์นี้เป็น คอนโด สำหรับขาย ขนาด 1 ห้องนอน มีพื้นที่ใช้สอย 37.47 ตรม. ซึ่งยูนิตนี้อยู่ในโครงการ เดอะ พรีโอ ซิกเนเจอร์ คอนโด เชียงใหม่ บนทำเลของ ป่าแดด, เชียงใหม่ และสร้างเสร็จแล้วเมื่อ มี.ค. 2559 ซึ่งคุณสามารถซื้อ คอนโด นี้ได้ที่ราคา ฿2,925,058 (฿78,064/ตรม.)"
https://www.fazwaz.co.th/%E0%B8%82%E0%B8%B2%E0%B8%A2%E0%B8%9A%E0%B9%89%E0%B8%B2%E0%B8%99/%E0%B8%82%E0%B8%B2%E0%B8%A2-%E0%B8%84%E0%B8%AD%E0%B8%99%E0%B9%82%E0%B8%94-1-%E0%B8%AB%E0%B9%89%E0%B8%AD%E0%B8%87%E0%B8%99%E0%B8%AD%E0%B8%99-%E0%B8%97%E0%B8%B5%E0%B9%88-%E0%B9%80%E0%B8%94%E0%B8%AD%E0%B8%B0-%E0%B8%9E%E0%B8%A3%E0%B8%B5%E0%B9%82%E0%B8%AD-%E0%B8%8B%E0%B8%B4%E0%B8%81%E0%B9%80%E0%B8%99%E0%B9%80%E0%B8%88%E0%B8%AD%E0%B8%A3%E0%B9%8C-%E0%B8%84%E0%B8%AD%E0%B8%99%E0%B9%82%E0%B8%94-%E0%B9%80%E0%B8%8A%E0%B8%B5%E0%B8%A2%E0%B8%87%E0%B9%83%E0%B8%AB%E0%B8%A1%E0%B9%88-%E0%B9%83%E0%B8%99-%E0%B8%9B%E0%B9%88%E0%B8%B2%E0%B9%81%E0%B8%94%E0%B8%94-%E0%B9%80%E0%B8%8A%E0%B8%B5%E0%B8%A2%E0%B8%87%E0%B9%83%E0%B8%AB%E0%B8%A1%E0%B9%88-u39642,"ขาย คอนโด 1 ห้องนอน ในโครงการ The Prio Signature Condo Chiangmai (เดอะ พรีโอ ซิกเนเจอร์ คอนโด เชียงใหม่)
ป่าแดด, เมืองเชียงใหม่,
เชียงใหม่
฿3,004,683
฿1,347/เดือน
18
6%
1 ห้องนอน
1 ห้องน้ำ
38.49 ตรม. พื้นที่ใช้สอย
8 ชั้น
มี.ค. 2559 สร้างเสร็จแล้ว
ขาย คอนโด 1 ห้องนอน ในโครงการ The Prio Signature Condo Chiangmai (เดอะ พรีโอ ซิกเนเจอร์ คอนโด เชียงใหม่)
อสังหาริมทรัพย์นี้เป็น คอนโด สำหรับขาย ขนาด 1 ห้องนอน มีพื้นที่ใช้สอย 38.49 ตรม. ซึ่งยูนิตนี้อยู่ในโครงการ เดอะ พรีโอ ซิกเนเจอร์ คอนโด เชียงใหม่ บนทำเลของ ป่าแดด, เชียงใหม่ และสร้างเสร็จแล้วเมื่อ มี.ค. 2559 ซึ่งคุณสามารถซื้อ คอนโด นี้ได้ที่ราคา ฿3,004,683 (฿78,064/ตรม.)"
https://www.fazwaz.co.th/%E0%B8%82%E0%B8%B2%E0%B8%A2%E0%B8%9A%E0%B9%89%E0%B8%B2%E0%B8%99/%E0%B8%82%E0%B8%B2%E0%B8%A2-%E0%B8%84%E0%B8%AD%E0%B8%99%E0%B9%82%E0%B8%94-1-%E0%B8%AB%E0%B9%89%E0%B8%AD%E0%B8%87%E0%B8%99%E0%B8%AD%E0%B8%99-%E0%B8%97%E0%B8%B5%E0%B9%88-%E0%B9%80%E0%B8%94%E0%B8%AD%E0%B8%B0-%E0%B8%9E%E0%B8%A3%E0%B8%B5%E0%B9%82%E0%B8%AD-%E0%B8%8B%E0%B8%B4%E0%B8%81%E0%B9%80%E0%B8%99%E0%B9%80%E0%B8%88%E0%B8%AD%E0%B8%A3%E0%B9%8C-%E0%B8%84%E0%B8%AD%E0%B8%99%E0%B9%82%E0%B8%94-%E0%B9%80%E0%B8%8A%E0%B8%B5%E0%B8%A2%E0%B8%87%E0%B9%83%E0%B8%AB%E0%B8%A1%E0%B9%88-%E0%B9%83%E0%B8%99-%E0%B8%9B%E0%B9%88%E0%B8%B2%E0%B9%81%E0%B8%94%E0%B8%94-%E0%B9%80%E0%B8%8A%E0%B8%B5%E0%B8%A2%E0%B8%87%E0%B9%83%E0%B8%AB%E0%B8%A1%E0%B9%88-u39643,"ขาย คอนโด 1 ห้องนอน ในโครงการ The Prio Signature Condo Chiangmai (เดอะ พรีโอ ซิกเนเจอร์ คอนโด เชียงใหม่)
ป่าแดด, เมืองเชียงใหม่,
เชียงใหม่
฿3,063,231
฿1,373/เดือน
18
6%
1 ห้องนอน
1 ห้องน้ำ
39.24 ตรม. พื้นที่ใช้สอย
8 ชั้น
มี.ค. 2559 สร้างเสร็จแล้ว
ขาย คอนโด 1 ห้องนอน ในโครงการ The Prio Signature Condo Chiangmai (เดอะ พรีโอ ซิกเนเจอร์ คอนโด เชียงใหม่)
อสังหาริมทรัพย์นี้เป็น คอนโด สำหรับขาย ขนาด 1 ห้องนอน มีพื้นที่ใช้สอย 39.24 ตรม. ซึ่งยูนิตนี้อยู่ในโครงการ เดอะ พรีโอ ซิกเนเจอร์ คอนโด เชียงใหม่ บนทำเลของ ป่าแดด, เชียงใหม่ และสร้างเสร็จแล้วเมื่อ มี.ค. 2559 ซึ่งคุณสามารถซื้อ คอนโด นี้ได้ที่ราคา ฿3,063,231 (฿78,064/ตรม.)"
https://www.fazwaz.co.th/%E0%B8%82%E0%B8%B2%E0%B8%A2%E0%B8%9A%E0%B9%89%E0%B8%B2%E0%B8%99/%E0%B8%82%E0%B8%B2%E0%B8%A2-%E0%B8%84%E0%B8%AD%E0%B8%99%E0%B9%82%E0%B8%94-1-%E0%B8%AB%E0%B9%89%E0%B8%AD%E0%B8%87%E0%B8%99%E0%B8%AD%E0%B8%99-%E0%B8%97%E0%B8%B5%E0%B9%88-%E0%B9%80%E0%B8%94%E0%B8%AD%E0%B8%B0-%E0%B8%9E%E0%B8%A3%E0%B8%B5%E0%B9%82%E0%B8%AD-%E0%B8%8B%E0%B8%B4%E0%B8%81%E0%B9%80%E0%B8%99%E0%B9%80%E0%B8%88%E0%B8%AD%E0%B8%A3%E0%B9%8C-%E0%B8%84%E0%B8%AD%E0%B8%99%E0%B9%82%E0%B8%94-%E0%B9%80%E0%B8%8A%E0%B8%B5%E0%B8%A2%E0%B8%87%E0%B9%83%E0%B8%AB%E0%B8%A1%E0%B9%88-%E0%B9%83%E0%B8%99-%E0%B8%9B%E0%B9%88%E0%B8%B2%E0%B9%81%E0%B8%94%E0%B8%94-%E0%B9%80%E0%B8%8A%E0%B8%B5%E0%B8%A2%E0%B8%87%E0%B9%83%E0%B8%AB%E0%B8%A1%E0%B9%88-u39644,"ขาย คอนโด 1 ห้องนอน ในโครงการ The Prio Signature Condo Chiangmai (เดอะ พรีโอ ซิกเนเจอร์ คอนโด เชียงใหม่)
ป่าแดด, เมืองเชียงใหม่,
เชียงใหม่
฿3,034,124
฿1,338/เดือน
18
6%
1 ห้องนอน
1 ห้องน้ำ
38.23 ตรม. พื้นที่ใช้สอย
9 ชั้น
มี.ค. 2559 สร้างเสร็จแล้ว
ขาย คอนโด 1 ห้องนอน ในโครงการ The Prio Signature Condo Chiangmai (เดอะ พรีโอ ซิกเนเจอร์ คอนโด เชียงใหม่)
อสังหาริมทรัพย์นี้เป็น คอนโด สำหรับขาย ขนาด 1 ห้องนอน มีพื้นที่ใช้สอย 38.23 ตรม. ซึ่งยูนิตนี้อยู่ในโครงการ เดอะ พรีโอ ซิกเนเจอร์ คอนโด เชียงใหม่ บนทำเลของ ป่าแดด, เชียงใหม่ และสร้างเสร็จแล้วเมื่อ มี.ค. 2559 ซึ่งคุณสามารถซื้อ คอนโด นี้ได้ที่ราคา ฿3,034,124 (฿79,365/ตรม.)"
https://www.fazwaz.co.th/%E0%B8%82%E0%B8%B2%E0%B8%A2%E0%B8%9A%E0%B9%89%E0%B8%B2%E0%B8%99/%E0%B8%82%E0%B8%B2%E0%B8%A2-%E0%B8%84%E0%B8%AD%E0%B8%99%E0%B9%82%E0%B8%94-1-%E0%B8%AB%E0%B9%89%E0%B8%AD%E0%B8%87%E0%B8%99%E0%B8%AD%E0%B8%99-%E0%B8%97%E0%B8%B5%E0%B9%88-%E0%B9%80%E0%B8%94%E0%B8%AD%E0%B8%B0-%E0%B8%9E%E0%B8%A3%E0%B8%B5%E0%B9%82%E0%B8%AD-%E0%B8%8B%E0%B8%B4%E0%B8%81%E0%B9%80%E0%B8%99%E0%B9%80%E0%B8%88%E0%B8%AD%E0%B8%A3%E0%B9%8C-%E0%B8%84%E0%B8%AD%E0%B8%99%E0%B9%82%E0%B8%94-%E0%B9%80%E0%B8%8A%E0%B8%B5%E0%B8%A2%E0%B8%87%E0%B9%83%E0%B8%AB%E0%B8%A1%E0%B9%88-%E0%B9%83%E0%B8%99-%E0%B8%9B%E0%B9%88%E0%B8%B2%E0%B9%81%E0%B8%94%E0%B8%94-%E0%B9%80%E0%B8%8A%E0%B8%B5%E0%B8%A2%E0%B8%87%E0%B9%83%E0%B8%AB%E0%B8%A1%E0%B9%88-u39645,"ขาย คอนโด 1 ห้องนอน ในโครงการ The Prio Signature Condo Chiangmai (เดอะ พรีโอ ซิกเนเจอร์ คอนโด เชียงใหม่)
ป่าแดด, เมืองเชียงใหม่,
เชียงใหม่
฿2,973,806
฿1,311/เดือน
18
6%
1 ห้องนอน
1 ห้องน้ำ
37.47 ตรม. พื้นที่ใช้สอย
9 ชั้น
มี.ค. 2559 สร้างเสร็จแล้ว
ขาย คอนโด 1 ห้องนอน ในโครงการ The Prio Signature Condo Chiangmai (เดอะ พรีโอ ซิกเนเจอร์ คอนโด เชียงใหม่)
อสังหาริมทรัพย์นี้เป็น คอนโด สำหรับขาย ขนาด 1 ห้องนอน มีพื้นที่ใช้สอย 37.47 ตรม. ซึ่งยูนิตนี้อยู่ในโครงการ เดอะ พรีโอ ซิกเนเจอร์ คอนโด เชียงใหม่ บนทำเลของ ป่าแดด, เชียงใหม่ และสร้างเสร็จแล้วเมื่อ มี.ค. 2559 ซึ่งคุณสามารถซื้อ คอนโด นี้ได้ที่ราคา ฿2,973,806 (฿79,365/ตรม.)"
https://www.fazwaz.co.th/%E0%B8%82%E0%B8%B2%E0%B8%A2%E0%B8%9A%E0%B9%89%E0%B8%B2%E0%B8%99/%E0%B8%82%E0%B8%B2%E0%B8%A2-%E0%B8%84%E0%B8%AD%E0%B8%99%E0%B9%82%E0%B8%94-1-%E0%B8%AB%E0%B9%89%E0%B8%AD%E0%B8%87%E0%B8%99%E0%B8%AD%E0%B8%99-%E0%B8%97%E0%B8%B5%E0%B9%88-%E0%B9%80%E0%B8%94%E0%B8%AD%E0%B8%B0-%E0%B8%9E%E0%B8%A3%E0%B8%B5%E0%B9%82%E0%B8%AD-%E0%B8%8B%E0%B8%B4%E0%B8%81%E0%B9%80%E0%B8%99%E0%B9%80%E0%B8%88%E0%B8%AD%E0%B8%A3%E0%B9%8C-%E0%B8%84%E0%B8%AD%E0%B8%99%E0%B9%82%E0%B8%94-%E0%B9%80%E0%B8%8A%E0%B8%B5%E0%B8%A2%E0%B8%87%E0%B9%83%E0%B8%AB%E0%B8%A1%E0%B9%88-%E0%B9%83%E0%B8%99-%E0%B8%9B%E0%B9%88%E0%B8%B2%E0%B9%81%E0%B8%94%E0%B8%94-%E0%B9%80%E0%B8%8A%E0%B8%B5%E0%B8%A2%E0%B8%87%E0%B9%83%E0%B8%AB%E0%B8%A1%E0%B9%88-u39646,"ขาย คอนโด 1 ห้องนอน ในโครงการ The Prio Signature Condo Chiangmai (เดอะ พรีโอ ซิกเนเจอร์ คอนโด เชียงใหม่)
ป่าแดด, เมืองเชียงใหม่,
เชียงใหม่
฿3,265,754
฿1,343/เดือน
18
6%
1 ห้องนอน
1 ห้องน้ำ
38.38 ตรม. พื้นที่ใช้สอย
9 ชั้น
มี.ค. 2559 สร้างเสร็จแล้ว
ขาย คอนโด 1 ห้องนอน ในโครงการ The Prio Signature Condo Chiangmai (เดอะ พรีโอ ซิกเนเจอร์ คอนโด เชียงใหม่)
อสังหาริมทรัพย์นี้เป็น คอนโด สำหรับขาย ขนาด 1 ห้องนอน มีพื้นที่ใช้สอย 38.38 ตรม. ซึ่งยูนิตนี้อยู่ในโครงการ เดอะ พรีโอ ซิกเนเจอร์ คอนโด เชียงใหม่ บนทำเลของ ป่าแดด, เชียงใหม่ และสร้างเสร็จแล้วเมื่อ มี.ค. 2559 ซึ่งคุณสามารถซื้อ คอนโด นี้ได้ที่ราคา ฿3,265,754 (฿85,090/ตรม.)"
https://www.fazwaz.co.th/%E0%B8%82%E0%B8%B2%E0%B8%A2%E0%B8%9A%E0%B9%89%E0%B8%B2%E0%B8%99/%E0%B8%82%E0%B8%B2%E0%B8%A2-%E0%B8%84%E0%B8%AD%E0%B8%99%E0%B9%82%E0%B8%94-1-%E0%B8%AB%E0%B9%89%E0%B8%AD%E0%B8%87%E0%B8%99%E0%B8%AD%E0%B8%99-%E0%B8%97%E0%B8%B5%E0%B9%88-%E0%B9%80%E0%B8%94%E0%B8%AD%E0%B8%B0-%E0%B8%9E%E0%B8%A3%E0%B8%B5%E0%B9%82%E0%B8%AD-%E0%B8%8B%E0%B8%B4%E0%B8%81%E0%B9%80%E0%B8%99%E0%B9%80%E0%B8%88%E0%B8%AD%E0%B8%A3%E0%B9%8C-%E0%B8%84%E0%B8%AD%E0%B8%99%E0%B9%82%E0%B8%94-%E0%B9%80%E0%B8%8A%E0%B8%B5%E0%B8%A2%E0%B8%87%E0%B9%83%E0%B8%AB%E0%B8%A1%E0%B9%88-%E0%B9%83%E0%B8%99-%E0%B8%9B%E0%B9%88%E0%B8%B2%E0%B9%81%E0%B8%94%E0%B8%94-%E0%B9%80%E0%B8%8A%E0%B8%B5%E0%B8%A2%E0%B8%87%E0%B9%83%E0%B8%AB%E0%B8%A1%E0%B9%88-u39647,"ขาย คอนโด 1 ห้องนอน ในโครงการ The Prio Signature Condo Chiangmai (เดอะ พรีโอ ซิกเนเจอร์ คอนโด เชียงใหม่)
ป่าแดด, เมืองเชียงใหม่,
เชียงใหม่
฿3,272,561
฿1,346/เดือน
18
6%
1 ห้องนอน
1 ห้องน้ำ
38.46 ตรม. พื้นที่ใช้สอย
9 ชั้น
มี.ค. 2559 สร้างเสร็จแล้ว
ขาย คอนโด 1 ห้องนอน ในโครงการ The Prio Signature Condo Chiangmai (เดอะ พรีโอ ซิกเนเจอร์ คอนโด เชียงใหม่)
อสังหาริมทรัพย์นี้เป็น คอนโด สำหรับขาย ขนาด 1 ห้องนอน มีพื้นที่ใช้สอย 38.46 ตรม. ซึ่งยูนิตนี้อยู่ในโครงการ เดอะ พรีโอ ซิกเนเจอร์ คอนโด เชียงใหม่ บนทำเลของ ป่าแดด, เชียงใหม่ และสร้างเสร็จแล้วเมื่อ มี.ค. 2559 ซึ่งคุณสามารถซื้อ คอนโด นี้ได้ที่ราคา ฿3,272,561 (฿85,090/ตรม.)"
https://www.fazwaz.co.th/%E0%B8%82%E0%B8%B2%E0%B8%A2%E0%B8%9A%E0%B9%89%E0%B8%B2%E0%B8%99/%E0%B8%82%E0%B8%B2%E0%B8%A2-%E0%B8%84%E0%B8%AD%E0%B8%99%E0%B9%82%E0%B8%94-1-%E0%B8%AB%E0%B9%89%E0%B8%AD%E0%B8%87%E0%B8%99%E0%B8%AD%E0%B8%99-%E0%B8%97%E0%B8%B5%E0%B9%88-%E0%B9%80%E0%B8%94%E0%B8%AD%E0%B8%B0-%E0%B8%9E%E0%B8%A3%E0%B8%B5%E0%B9%82%E0%B8%AD-%E0%B8%8B%E0%B8%B4%E0%B8%81%E0%B9%80%E0%B8%99%E0%B9%80%E0%B8%88%E0%B8%AD%E0%B8%A3%E0%B9%8C-%E0%B8%84%E0%B8%AD%E0%B8%99%E0%B9%82%E0%B8%94-%E0%B9%80%E0%B8%8A%E0%B8%B5%E0%B8%A2%E0%B8%87%E0%B9%83%E0%B8%AB%E0%B8%A1%E0%B9%88-%E0%B9%83%E0%B8%99-%E0%B8%9B%E0%B9%88%E0%B8%B2%E0%B9%81%E0%B8%94%E0%B8%94-%E0%B9%80%E0%B8%8A%E0%B8%B5%E0%B8%A2%E0%B8%87%E0%B9%83%E0%B8%AB%E0%B8%A1%E0%B9%88-u39648,"ขาย คอนโด 1 ห้องนอน ในโครงการ The Prio Signature Condo Chiangmai (เดอะ พรีโอ ซิกเนเจอร์ คอนโด เชียงใหม่)
ป่าแดด, เมืองเชียงใหม่,
เชียงใหม่
฿2,973,806
฿1,311/เดือน
18
6%
1 ห้องนอน
1 ห้องน้ำ
37.47 ตรม. พื้นที่ใช้สอย
10 ชั้น
มี.ค. 2559 สร้างเสร็จแล้ว
ขาย คอนโด 1 ห้องนอน ในโครงการ The Prio Signature Condo Chiangmai (เดอะ พรีโอ ซิกเนเจอร์ คอนโด เชียงใหม่)
อสังหาริมทรัพย์นี้เป็น คอนโด สำหรับขาย ขนาด 1 ห้องนอน มีพื้นที่ใช้สอย 37.47 ตรม. ซึ่งยูนิตนี้อยู่ในโครงการ เดอะ พรีโอ ซิกเนเจอร์ คอนโด เชียงใหม่ บนทำเลของ ป่าแดด, เชียงใหม่ และสร้างเสร็จแล้วเมื่อ มี.ค. 2559 ซึ่งคุณสามารถซื้อ คอนโด นี้ได้ที่ราคา ฿2,973,806 (฿79,365/ตรม.)"
https://www.fazwaz.co.th/%E0%B8%82%E0%B8%B2%E0%B8%A2%E0%B8%9A%E0%B9%89%E0%B8%B2%E0%B8%99/%E0%B8%82%E0%B8%B2%E0%B8%A2-%E0%B8%84%E0%B8%AD%E0%B8%99%E0%B9%82%E0%B8%94-1-%E0%B8%AB%E0%B9%89%E0%B8%AD%E0%B8%87%E0%B8%99%E0%B8%AD%E0%B8%99-%E0%B8%97%E0%B8%B5%E0%B9%88-%E0%B9%80%E0%B8%94%E0%B8%AD%E0%B8%B0-%E0%B8%9E%E0%B8%A3%E0%B8%B5%E0%B9%82%E0%B8%AD-%E0%B8%8B%E0%B8%B4%E0%B8%81%E0%B9%80%E0%B8%99%E0%B9%80%E0%B8%88%E0%B8%AD%E0%B8%A3%E0%B9%8C-%E0%B8%84%E0%B8%AD%E0%B8%99%E0%B9%82%E0%B8%94-%E0%B9%80%E0%B8%8A%E0%B8%B5%E0%B8%A2%E0%B8%87%E0%B9%83%E0%B8%AB%E0%B8%A1%E0%B9%88-%E0%B9%83%E0%B8%99-%E0%B8%9B%E0%B9%88%E0%B8%B2%E0%B9%81%E0%B8%94%E0%B8%94-%E0%B9%80%E0%B8%8A%E0%B8%B5%E0%B8%A2%E0%B8%87%E0%B9%83%E0%B8%AB%E0%B8%A1%E0%B9%88-u39649,"ขาย คอนโด 1 ห้องนอน ในโครงการ The Prio Signature Condo Chiangmai (เดอะ พรีโอ ซิกเนเจอร์ คอนโด เชียงใหม่)
ป่าแดด, เมืองเชียงใหม่,
เชียงใหม่
฿3,114,282
฿1,373/เดือน
18
6%
1 ห้องนอน
1 ห้องน้ำ
39.24 ตรม. พื้นที่ใช้สอย
10 ชั้น
มี.ค. 2559 สร้างเสร็จแล้ว
ขาย คอนโด 1 ห้องนอน ในโครงการ The Prio Signature Condo Chiangmai (เดอะ พรีโอ ซิกเนเจอร์ คอนโด เชียงใหม่)
อสังหาริมทรัพย์นี้เป็น คอนโด สำหรับขาย ขนาด 1 ห้องนอน มีพื้นที่ใช้สอย 39.24 ตรม. ซึ่งยูนิตนี้อยู่ในโครงการ เดอะ พรีโอ ซิกเนเจอร์ คอนโด เชียงใหม่ บนทำเลของ ป่าแดด, เชียงใหม่ และสร้างเสร็จแล้วเมื่อ มี.ค. 2559 ซึ่งคุณสามารถซื้อ คอนโด นี้ได้ที่ราคา ฿3,114,282 (฿79,365/ตรม.)"
https://www.fazwaz.co.th/%E0%B8%82%E0%B8%B2%E0%B8%A2%E0%B8%9A%E0%B9%89%E0%B8%B2%E0%B8%99/%E0%B8%82%E0%B8%B2%E0%B8%A2-%E0%B8%84%E0%B8%AD%E0%B8%99%E0%B9%82%E0%B8%94-1-%E0%B8%AB%E0%B9%89%E0%B8%AD%E0%B8%87%E0%B8%99%E0%B8%AD%E0%B8%99-%E0%B8%97%E0%B8%B5%E0%B9%88-%E0%B9%80%E0%B8%94%E0%B8%AD%E0%B8%B0-%E0%B8%9E%E0%B8%A3%E0%B8%B5%E0%B9%82%E0%B8%AD-%E0%B8%8B%E0%B8%B4%E0%B8%81%E0%B9%80%E0%B8%99%E0%B9%80%E0%B8%88%E0%B8%AD%E0%B8%A3%E0%B9%8C-%E0%B8%84%E0%B8%AD%E0%B8%99%E0%B9%82%E0%B8%94-%E0%B9%80%E0%B8%8A%E0%B8%B5%E0%B8%A2%E0%B8%87%E0%B9%83%E0%B8%AB%E0%B8%A1%E0%B9%88-%E0%B9%83%E0%B8%99-%E0%B8%9B%E0%B9%88%E0%B8%B2%E0%B9%81%E0%B8%94%E0%B8%94-%E0%B9%80%E0%B8%8A%E0%B8%B5%E0%B8%A2%E0%B8%87%E0%B9%83%E0%B8%AB%E0%B8%A1%E0%B9%88-u39650,"ขาย คอนโด 1 ห้องนอน ในโครงการ The Prio Signature Condo Chiangmai (เดอะ พรีโอ ซิกเนเจอร์ คอนโด เชียงใหม่)
ป่าแดด, เมืองเชียงใหม่,
เชียงใหม่
฿3,261,494
฿1,343/เดือน
18
6%
1 ห้องนอน
1 ห้องน้ำ
38.38 ตรม. พื้นที่ใช้สอย
10 ชั้น
มี.ค. 2559 สร้างเสร็จแล้ว
ขาย คอนโด 1 ห้องนอน ในโครงการ The Prio Signature Condo Chiangmai (เดอะ พรีโอ ซิกเนเจอร์ คอนโด เชียงใหม่)
อสังหาริมทรัพย์นี้เป็น คอนโด สำหรับขาย ขนาด 1 ห้องนอน มีพื้นที่ใช้สอย 38.38 ตรม. ซึ่งยูนิตนี้อยู่ในโครงการ เดอะ พรีโอ ซิกเนเจอร์ คอนโด เชียงใหม่ บนทำเลของ ป่าแดด, เชียงใหม่ และสร้างเสร็จแล้วเมื่อ มี.ค. 2559 ซึ่งคุณสามารถซื้อ คอนโด นี้ได้ที่ราคา ฿3,261,494 (฿84,979/ตรม.)"
https://www.fazwaz.co.th/%E0%B8%82%E0%B8%B2%E0%B8%A2%E0%B8%9A%E0%B9%89%E0%B8%B2%E0%B8%99/%E0%B8%82%E0%B8%B2%E0%B8%A2-%E0%B8%84%E0%B8%AD%E0%B8%99%E0%B9%82%E0%B8%94-1-%E0%B8%AB%E0%B9%89%E0%B8%AD%E0%B8%87%E0%B8%99%E0%B8%AD%E0%B8%99-%E0%B8%97%E0%B8%B5%E0%B9%88-%E0%B9%80%E0%B8%94%E0%B8%AD%E0%B8%B0-%E0%B8%9E%E0%B8%A3%E0%B8%B5%E0%B9%82%E0%B8%AD-%E0%B8%8B%E0%B8%B4%E0%B8%81%E0%B9%80%E0%B8%99%E0%B9%80%E0%B8%88%E0%B8%AD%E0%B8%A3%E0%B9%8C-%E0%B8%84%E0%B8%AD%E0%B8%99%E0%B9%82%E0%B8%94-%E0%B9%80%E0%B8%8A%E0%B8%B5%E0%B8%A2%E0%B8%87%E0%B9%83%E0%B8%AB%E0%B8%A1%E0%B9%88-%E0%B9%83%E0%B8%99-%E0%B8%9B%E0%B9%88%E0%B8%B2%E0%B9%81%E0%B8%94%E0%B8%94-%E0%B9%80%E0%B8%8A%E0%B8%B5%E0%B8%A2%E0%B8%87%E0%B9%83%E0%B8%AB%E0%B8%A1%E0%B9%88-u39651,"ขาย คอนโด 1 ห้องนอน ในโครงการ The Prio Signature Condo Chiangmai (เดอะ พรีโอ ซิกเนเจอร์ คอนโด เชียงใหม่)
ป่าแดด, เมืองเชียงใหม่,
เชียงใหม่
฿3,268,292
฿1,346/เดือน
18
6%
1 ห้องนอน
1 ห้องน้ำ
38.46 ตรม. พื้นที่ใช้สอย
10 ชั้น
มี.ค. 2559 สร้างเสร็จแล้ว
ขาย คอนโด 1 ห้องนอน ในโครงการ The Prio Signature Condo Chiangmai (เดอะ พรีโอ ซิกเนเจอร์ คอนโด เชียงใหม่)
อสังหาริมทรัพย์นี้เป็น คอนโด สำหรับขาย ขนาด 1 ห้องนอน มีพื้นที่ใช้สอย 38.46 ตรม. ซึ่งยูนิตนี้อยู่ในโครงการ เดอะ พรีโอ ซิกเนเจอร์ คอนโด เชียงใหม่ บนทำเลของ ป่าแดด, เชียงใหม่ และสร้างเสร็จแล้วเมื่อ มี.ค. 2559 ซึ่งคุณสามารถซื้อ คอนโด นี้ได้ที่ราคา ฿3,268,292 (฿84,979/ตรม.)"
https://www.fazwaz.co.th/%E0%B8%82%E0%B8%B2%E0%B8%A2%E0%B8%9A%E0%B9%89%E0%B8%B2%E0%B8%99/%E0%B8%82%E0%B8%B2%E0%B8%A2-%E0%B8%84%E0%B8%AD%E0%B8%99%E0%B9%82%E0%B8%94-1-%E0%B8%AB%E0%B9%89%E0%B8%AD%E0%B8%87%E0%B8%99%E0%B8%AD%E0%B8%99-%E0%B8%97%E0%B8%B5%E0%B9%88-%E0%B9%80%E0%B8%94%E0%B8%AD%E0%B8%B0-%E0%B8%9E%E0%B8%A3%E0%B8%B5%E0%B9%82%E0%B8%AD-%E0%B8%8B%E0%B8%B4%E0%B8%81%E0%B9%80%E0%B8%99%E0%B9%80%E0%B8%88%E0%B8%AD%E0%B8%A3%E0%B9%8C-%E0%B8%84%E0%B8%AD%E0%B8%99%E0%B9%82%E0%B8%94-%E0%B9%80%E0%B8%8A%E0%B8%B5%E0%B8%A2%E0%B8%87%E0%B9%83%E0%B8%AB%E0%B8%A1%E0%B9%88-%E0%B9%83%E0%B8%99-%E0%B8%9B%E0%B9%88%E0%B8%B2%E0%B9%81%E0%B8%94%E0%B8%94-%E0%B9%80%E0%B8%8A%E0%B8%B5%E0%B8%A2%E0%B8%87%E0%B9%83%E0%B8%AB%E0%B8%A1%E0%B9%88-u39652,"ขาย คอนโด 1 ห้องนอน ในโครงการ The Prio Signature Condo Chiangmai (เดอะ พรีโอ ซิกเนเจอร์ คอนโด เชียงใหม่)
ป่าแดด, เมืองเชียงใหม่,
เชียงใหม่
฿3,374,656
฿1,366/เดือน
18
6%
1 ห้องนอน
1 ห้องน้ำ
39.04 ตรม. พื้นที่ใช้สอย
10 ชั้น
มี.ค. 2559 สร้างเสร็จแล้ว
ขาย คอนโด 1 ห้องนอน ในโครงการ The Prio Signature Condo Chiangmai (เดอะ พรีโอ ซิกเนเจอร์ คอนโด เชียงใหม่)
อสังหาริมทรัพย์นี้เป็น คอนโด สำหรับขาย ขนาด 1 ห้องนอน มีพื้นที่ใช้สอย 39.04 ตรม. ซึ่งยูนิตนี้อยู่ในโครงการ เดอะ พรีโอ ซิกเนเจอร์ คอนโด เชียงใหม่ บนทำเลของ ป่าแดด, เชียงใหม่ และสร้างเสร็จแล้วเมื่อ มี.ค. 2559 ซึ่งคุณสามารถซื้อ คอนโด นี้ได้ที่ราคา ฿3,374,656 (฿86,441/ตรม.)"
https://www.fazwaz.co.th/%E0%B8%82%E0%B8%B2%E0%B8%A2%E0%B8%9A%E0%B9%89%E0%B8%B2%E0%B8%99/%E0%B8%82%E0%B8%B2%E0%B8%A2-%E0%B8%84%E0%B8%AD%E0%B8%99%E0%B9%82%E0%B8%94-1-%E0%B8%AB%E0%B9%89%E0%B8%AD%E0%B8%87%E0%B8%99%E0%B8%AD%E0%B8%99-%E0%B8%97%E0%B8%B5%E0%B9%88-%E0%B9%80%E0%B8%94%E0%B8%AD%E0%B8%B0-%E0%B8%9E%E0%B8%A3%E0%B8%B5%E0%B9%82%E0%B8%AD-%E0%B8%8B%E0%B8%B4%E0%B8%81%E0%B9%80%E0%B8%99%E0%B9%80%E0%B8%88%E0%B8%AD%E0%B8%A3%E0%B9%8C-%E0%B8%84%E0%B8%AD%E0%B8%99%E0%B9%82%E0%B8%94-%E0%B9%80%E0%B8%8A%E0%B8%B5%E0%B8%A2%E0%B8%87%E0%B9%83%E0%B8%AB%E0%B8%A1%E0%B9%88-%E0%B9%83%E0%B8%99-%E0%B8%9B%E0%B9%88%E0%B8%B2%E0%B9%81%E0%B8%94%E0%B8%94-%E0%B9%80%E0%B8%8A%E0%B8%B5%E0%B8%A2%E0%B8%87%E0%B9%83%E0%B8%AB%E0%B8%A1%E0%B9%88-u39654,"ขาย คอนโด 1 ห้องนอน ในโครงการ The Prio Signature Condo Chiangmai (เดอะ พรีโอ ซิกเนเจอร์ คอนโด เชียงใหม่)
ป่าแดด, เมืองเชียงใหม่,
เชียงใหม่
฿3,489,421
฿1,346/เดือน
18
6%
1 ห้องนอน
1 ห้องน้ำ
38.47 ตรม. พื้นที่ใช้สอย
มี.ค. 2559 สร้างเสร็จแล้ว
ขาย คอนโด 1 ห้องนอน ในโครงการ The Prio Signature Condo Chiangmai (เดอะ พรีโอ ซิกเนเจอร์ คอนโด เชียงใหม่)
อสังหาริมทรัพย์นี้เป็น คอนโด สำหรับขาย ขนาด 1 ห้องนอน มีพื้นที่ใช้สอย 38.47 ตรม. ซึ่งยูนิตนี้อยู่ในโครงการ เดอะ พรีโอ ซิกเนเจอร์ คอนโด เชียงใหม่ บนทำเลของ ป่าแดด, เชียงใหม่ และสร้างเสร็จแล้วเมื่อ มี.ค. 2559 ซึ่งคุณสามารถซื้อ คอนโด นี้ได้ที่ราคา ฿3,489,421 (฿90,705/ตรม.)"
https://www.fazwaz.co.th/%E0%B8%82%E0%B8%B2%E0%B8%A2%E0%B8%9A%E0%B9%89%E0%B8%B2%E0%B8%99/%E0%B8%82%E0%B8%B2%E0%B8%A2-%E0%B8%84%E0%B8%AD%E0%B8%99%E0%B9%82%E0%B8%94-1-%E0%B8%AB%E0%B9%89%E0%B8%AD%E0%B8%87%E0%B8%99%E0%B8%AD%E0%B8%99-%E0%B8%97%E0%B8%B5%E0%B9%88-%E0%B9%80%E0%B8%94%E0%B8%AD%E0%B8%B0-%E0%B8%9E%E0%B8%A3%E0%B8%B5%E0%B9%82%E0%B8%AD-%E0%B8%8B%E0%B8%B4%E0%B8%81%E0%B9%80%E0%B8%99%E0%B9%80%E0%B8%88%E0%B8%AD%E0%B8%A3%E0%B9%8C-%E0%B8%84%E0%B8%AD%E0%B8%99%E0%B9%82%E0%B8%94-%E0%B9%80%E0%B8%8A%E0%B8%B5%E0%B8%A2%E0%B8%87%E0%B9%83%E0%B8%AB%E0%B8%A1%E0%B9%88-%E0%B9%83%E0%B8%99-%E0%B8%9B%E0%B9%88%E0%B8%B2%E0%B9%81%E0%B8%94%E0%B8%94-%E0%B9%80%E0%B8%8A%E0%B8%B5%E0%B8%A2%E0%B8%87%E0%B9%83%E0%B8%AB%E0%B8%A1%E0%B9%88-u39655,"ขาย คอนโด 1 ห้องนอน ในโครงการ The Prio Signature Condo Chiangmai (เดอะ พรีโอ ซิกเนเจอร์ คอนโด เชียงใหม่)
ป่าแดด, เมืองเชียงใหม่,
เชียงใหม่
฿3,338,931
฿1,373/เดือน
18
6%
1 ห้องนอน
1 ห้องน้ำ
39.24 ตรม. พื้นที่ใช้สอย
มี.ค. 2559 สร้างเสร็จแล้ว
ขาย คอนโด 1 ห้องนอน ในโครงการ The Prio Signature Condo Chiangmai (เดอะ พรีโอ ซิกเนเจอร์ คอนโด เชียงใหม่)
อสังหาริมทรัพย์นี้เป็น คอนโด สำหรับขาย ขนาด 1 ห้องนอน มีพื้นที่ใช้สอย 39.24 ตรม. ซึ่งยูนิตนี้อยู่ในโครงการ เดอะ พรีโอ ซิกเนเจอร์ คอนโด เชียงใหม่ บนทำเลของ ป่าแดด, เชียงใหม่ และสร้างเสร็จแล้วเมื่อ มี.ค. 2559 ซึ่งคุณสามารถซื้อ คอนโด นี้ได้ที่ราคา ฿3,338,931 (฿85,090/ตรม.)"
https://www.fazwaz.co.th/%E0%B8%82%E0%B8%B2%E0%B8%A2%E0%B8%9A%E0%B9%89%E0%B8%B2%E0%B8%99/%E0%B8%82%E0%B8%B2%E0%B8%A2-%E0%B8%84%E0%B8%AD%E0%B8%99%E0%B9%82%E0%B8%94-1-%E0%B8%AB%E0%B9%89%E0%B8%AD%E0%B8%87%E0%B8%99%E0%B8%AD%E0%B8%99-%E0%B8%97%E0%B8%B5%E0%B9%88-%E0%B9%80%E0%B8%94%E0%B8%AD%E0%B8%B0-%E0%B8%9E%E0%B8%A3%E0%B8%B5%E0%B9%82%E0%B8%AD-%E0%B8%8B%E0%B8%B4%E0%B8%81%E0%B9%80%E0%B8%99%E0%B9%80%E0%B8%88%E0%B8%AD%E0%B8%A3%E0%B9%8C-%E0%B8%84%E0%B8%AD%E0%B8%99%E0%B9%82%E0%B8%94-%E0%B9%80%E0%B8%8A%E0%B8%B5%E0%B8%A2%E0%B8%87%E0%B9%83%E0%B8%AB%E0%B8%A1%E0%B9%88-%E0%B9%83%E0%B8%99-%E0%B8%9B%E0%B9%88%E0%B8%B2%E0%B9%81%E0%B8%94%E0%B8%94-%E0%B9%80%E0%B8%8A%E0%B8%B5%E0%B8%A2%E0%B8%87%E0%B9%83%E0%B8%AB%E0%B8%A1%E0%B9%88-u39656,"ขาย คอนโด 1 ห้องนอน ในโครงการ The Prio Signature Condo Chiangmai (เดอะ พรีโอ ซิกเนเจอร์ คอนโด เชียงใหม่)
ป่าแดด, เมืองเชียงใหม่,
เชียงใหม่
฿3,338,931
฿1,373/เดือน
18
6%
1 ห้องนอน
1 ห้องน้ำ
39.24 ตรม. พื้นที่ใช้สอย
มี.ค. 2559 สร้างเสร็จแล้ว
ขาย คอนโด 1 ห้องนอน ในโครงการ The Prio Signature Condo Chiangmai (เดอะ พรีโอ ซิกเนเจอร์ คอนโด เชียงใหม่)
อสังหาริมทรัพย์นี้เป็น คอนโด สำหรับขาย ขนาด 1 ห้องนอน มีพื้นที่ใช้สอย 39.24 ตรม. ซึ่งยูนิตนี้อยู่ในโครงการ เดอะ พรีโอ ซิกเนเจอร์ คอนโด เชียงใหม่ บนทำเลของ ป่าแดด, เชียงใหม่ และสร้างเสร็จแล้วเมื่อ มี.ค. 2559 ซึ่งคุณสามารถซื้อ คอนโด นี้ได้ที่ราคา ฿3,338,931 (฿85,090/ตรม.)"
https://www.fazwaz.co.th/%E0%B8%82%E0%B8%B2%E0%B8%A2%E0%B8%9A%E0%B9%89%E0%B8%B2%E0%B8%99/%E0%B8%82%E0%B8%B2%E0%B8%A2-%E0%B8%84%E0%B8%AD%E0%B8%99%E0%B9%82%E0%B8%94-1-%E0%B8%AB%E0%B9%89%E0%B8%AD%E0%B8%87%E0%B8%99%E0%B8%AD%E0%B8%99-%E0%B8%97%E0%B8%B5%E0%B9%88-%E0%B9%80%E0%B8%94%E0%B8%AD%E0%B8%B0-%E0%B8%9E%E0%B8%A3%E0%B8%B5%E0%B9%82%E0%B8%AD-%E0%B8%8B%E0%B8%B4%E0%B8%81%E0%B9%80%E0%B8%99%E0%B9%80%E0%B8%88%E0%B8%AD%E0%B8%A3%E0%B9%8C-%E0%B8%84%E0%B8%AD%E0%B8%99%E0%B9%82%E0%B8%94-%E0%B9%80%E0%B8%8A%E0%B8%B5%E0%B8%A2%E0%B8%87%E0%B9%83%E0%B8%AB%E0%B8%A1%E0%B9%88-%E0%B9%83%E0%B8%99-%E0%B8%9B%E0%B9%88%E0%B8%B2%E0%B9%81%E0%B8%94%E0%B8%94-%E0%B9%80%E0%B8%8A%E0%B8%B5%E0%B8%A2%E0%B8%87%E0%B9%83%E0%B8%AB%E0%B8%A1%E0%B9%88-u39657,"ขาย คอนโด 1 ห้องนอน ในโครงการ The Prio Signature Condo Chiangmai (เดอะ พรีโอ ซิกเนเจอร์ คอนโด เชียงใหม่)
ป่าแดด, เมืองเชียงใหม่,
เชียงใหม่
฿3,489,421
฿1,346/เดือน
18
6%
1 ห้องนอน
1 ห้องน้ำ
38.47 ตรม. พื้นที่ใช้สอย
มี.ค. 2559 สร้างเสร็จแล้ว
ขาย คอนโด 1 ห้องนอน ในโครงการ The Prio Signature Condo Chiangmai (เดอะ พรีโอ ซิกเนเจอร์ คอนโด เชียงใหม่)
อสังหาริมทรัพย์นี้เป็น คอนโด สำหรับขาย ขนาด 1 ห้องนอน มีพื้นที่ใช้สอย 38.47 ตรม. ซึ่งยูนิตนี้อยู่ในโครงการ เดอะ พรีโอ ซิกเนเจอร์ คอนโด เชียงใหม่ บนทำเลของ ป่าแดด, เชียงใหม่ และสร้างเสร็จแล้วเมื่อ มี.ค. 2559 ซึ่งคุณสามารถซื้อ คอนโด นี้ได้ที่ราคา ฿3,489,421 (฿90,705/ตรม.)"
https://www.fazwaz.co.th/%E0%B8%82%E0%B8%B2%E0%B8%A2%E0%B8%9A%E0%B9%89%E0%B8%B2%E0%B8%99/%E0%B8%82%E0%B8%B2%E0%B8%A2-%E0%B8%84%E0%B8%AD%E0%B8%99%E0%B9%82%E0%B8%94-1-%E0%B8%AB%E0%B9%89%E0%B8%AD%E0%B8%87%E0%B8%99%E0%B8%AD%E0%B8%99-%E0%B8%97%E0%B8%B5%E0%B9%88-%E0%B9%80%E0%B8%94%E0%B8%AD%E0%B8%B0-%E0%B8%9E%E0%B8%A3%E0%B8%B5%E0%B9%82%E0%B8%AD-%E0%B8%8B%E0%B8%B4%E0%B8%81%E0%B9%80%E0%B8%99%E0%B9%80%E0%B8%88%E0%B8%AD%E0%B8%A3%E0%B9%8C-%E0%B8%84%E0%B8%AD%E0%B8%99%E0%B9%82%E0%B8%94-%E0%B9%80%E0%B8%8A%E0%B8%B5%E0%B8%A2%E0%B8%87%E0%B9%83%E0%B8%AB%E0%B8%A1%E0%B9%88-%E0%B9%83%E0%B8%99-%E0%B8%9B%E0%B9%88%E0%B8%B2%E0%B9%81%E0%B8%94%E0%B8%94-%E0%B9%80%E0%B8%8A%E0%B8%B5%E0%B8%A2%E0%B8%87%E0%B9%83%E0%B8%AB%E0%B8%A1%E0%B9%88-u39658,"ขาย คอนโด 1 ห้องนอน ในโครงการ The Prio Signature Condo Chiangmai (เดอะ พรีโอ ซิกเนเจอร์ คอนโด เชียงใหม่)
ป่าแดด, เมืองเชียงใหม่,
เชียงใหม่
฿3,787,525
฿1,346/เดือน
18
6%
1 ห้องนอน
1 ห้องน้ำ
38.47 ตรม. พื้นที่ใช้สอย
มี.ค. 2559 สร้างเสร็จแล้ว
ขาย คอนโด 1 ห้องนอน ในโครงการ The Prio Signature Condo Chiangmai (เดอะ พรีโอ ซิกเนเจอร์ คอนโด เชียงใหม่)
อสังหาริมทรัพย์นี้เป็น คอนโด สำหรับขาย ขนาด 1 ห้องนอน มีพื้นที่ใช้สอย 38.47 ตรม. ซึ่งยูนิตนี้อยู่ในโครงการ เดอะ พรีโอ ซิกเนเจอร์ คอนโด เชียงใหม่ บนทำเลของ ป่าแดด, เชียงใหม่ และสร้างเสร็จแล้วเมื่อ มี.ค. 2559 ซึ่งคุณสามารถซื้อ คอนโด นี้ได้ที่ราคา ฿3,787,525 (฿98,454/ตรม.)"
https://www.fazwaz.co.th/%E0%B8%82%E0%B8%B2%E0%B8%A2%E0%B8%9A%E0%B9%89%E0%B8%B2%E0%B8%99/%E0%B8%82%E0%B8%B2%E0%B8%A2-%E0%B8%84%E0%B8%AD%E0%B8%99%E0%B9%82%E0%B8%94-1-%E0%B8%AB%E0%B9%89%E0%B8%AD%E0%B8%87%E0%B8%99%E0%B8%AD%E0%B8%99-%E0%B8%97%E0%B8%B5%E0%B9%88-%E0%B9%80%E0%B8%94%E0%B8%AD%E0%B8%B0-%E0%B8%9E%E0%B8%A3%E0%B8%B5%E0%B9%82%E0%B8%AD-%E0%B8%8B%E0%B8%B4%E0%B8%81%E0%B9%80%E0%B8%99%E0%B9%80%E0%B8%88%E0%B8%AD%E0%B8%A3%E0%B9%8C-%E0%B8%84%E0%B8%AD%E0%B8%99%E0%B9%82%E0%B8%94-%E0%B9%80%E0%B8%8A%E0%B8%B5%E0%B8%A2%E0%B8%87%E0%B9%83%E0%B8%AB%E0%B8%A1%E0%B9%88-%E0%B9%83%E0%B8%99-%E0%B8%9B%E0%B9%88%E0%B8%B2%E0%B9%81%E0%B8%94%E0%B8%94-%E0%B9%80%E0%B8%8A%E0%B8%B5%E0%B8%A2%E0%B8%87%E0%B9%83%E0%B8%AB%E0%B8%A1%E0%B9%88-u483,"ขาย คอนโด 1 ห้องนอน ในโครงการ The Prio Signature Condo Chiangmai (เดอะ พรีโอ ซิกเนเจอร์ คอนโด เชียงใหม่)
ป่าแดด, เมืองเชียงใหม่,
เชียงใหม่
฿3,004,683
฿1,347/เดือน
18
6%
1 ห้องนอน
1 ห้องน้ำ
38.49 ตรม. พื้นที่ใช้สอย
7 ชั้น
มี.ค. 2559 สร้างเสร็จแล้ว
ขาย คอนโด 1 ห้องนอน ในโครงการ The Prio Signature Condo Chiangmai (เดอะ พรีโอ ซิกเนเจอร์ คอนโด เชียงใหม่)
อสังหาริมทรัพย์นี้เป็น คอนโด สำหรับขาย ขนาด 1 ห้องนอน มีพื้นที่ใช้สอย 38.49 ตรม. ซึ่งยูนิตนี้อยู่ในโครงการ เดอะ พรีโอ ซิกเนเจอร์ คอนโด เชียงใหม่ บนทำเลของ ป่าแดด, เชียงใหม่ และสร้างเสร็จแล้วเมื่อ มี.ค. 2559 ซึ่งคุณสามารถซื้อ คอนโด นี้ได้ที่ราคา ฿3,004,683 (฿78,064/ตรม.)"
https://www.fazwaz.co.th/%E0%B8%82%E0%B8%B2%E0%B8%A2%E0%B8%9A%E0%B9%89%E0%B8%B2%E0%B8%99/%E0%B8%82%E0%B8%B2%E0%B8%A2-%E0%B8%84%E0%B8%AD%E0%B8%99%E0%B9%82%E0%B8%94-1-%E0%B8%AB%E0%B9%89%E0%B8%AD%E0%B8%87%E0%B8%99%E0%B8%AD%E0%B8%99-%E0%B8%97%E0%B8%B5%E0%B9%88-%E0%B9%80%E0%B8%94%E0%B8%AD%E0%B8%B0-%E0%B8%9E%E0%B8%A3%E0%B8%B5%E0%B9%82%E0%B8%AD-%E0%B8%8B%E0%B8%B4%E0%B8%81%E0%B9%80%E0%B8%99%E0%B9%80%E0%B8%88%E0%B8%AD%E0%B8%A3%E0%B9%8C-%E0%B8%84%E0%B8%AD%E0%B8%99%E0%B9%82%E0%B8%94-%E0%B9%80%E0%B8%8A%E0%B8%B5%E0%B8%A2%E0%B8%87%E0%B9%83%E0%B8%AB%E0%B8%A1%E0%B9%88-%E0%B9%83%E0%B8%99-%E0%B8%9B%E0%B9%88%E0%B8%B2%E0%B9%81%E0%B8%94%E0%B8%94-%E0%B9%80%E0%B8%8A%E0%B8%B5%E0%B8%A2%E0%B8%87%E0%B9%83%E0%B8%AB%E0%B8%A1%E0%B9%88-u494,"ขาย คอนโด 1 ห้องนอน ในโครงการ The Prio Signature Condo Chiangmai (เดอะ พรีโอ ซิกเนเจอร์ คอนโด เชียงใหม่)
ป่าแดด, เมืองเชียงใหม่,
เชียงใหม่
฿3,063,231
฿1,373/เดือน
18
6%
1 ห้องนอน
1 ห้องน้ำ
39.24 ตรม. พื้นที่ใช้สอย
7 ชั้น
มี.ค. 2559 สร้างเสร็จแล้ว
ขาย คอนโด 1 ห้องนอน ในโครงการ The Prio Signature Condo Chiangmai (เดอะ พรีโอ ซิกเนเจอร์ คอนโด เชียงใหม่)
อสังหาริมทรัพย์นี้เป็น คอนโด สำหรับขาย ขนาด 1 ห้องนอน มีพื้นที่ใช้สอย 39.24 ตรม. ซึ่งยูนิตนี้อยู่ในโครงการ เดอะ พรีโอ ซิกเนเจอร์ คอนโด เชียงใหม่ บนทำเลของ ป่าแดด, เชียงใหม่ และสร้างเสร็จแล้วเมื่อ มี.ค. 2559 ซึ่งคุณสามารถซื้อ คอนโด นี้ได้ที่ราคา ฿3,063,231 (฿78,064/ตรม.)"
https://www.fazwaz.co.th/%E0%B8%82%E0%B8%B2%E0%B8%A2%E0%B8%9A%E0%B9%89%E0%B8%B2%E0%B8%99/%E0%B8%82%E0%B8%B2%E0%B8%A2-%E0%B8%84%E0%B8%AD%E0%B8%99%E0%B9%82%E0%B8%94-1-%E0%B8%AB%E0%B9%89%E0%B8%AD%E0%B8%87%E0%B8%99%E0%B8%AD%E0%B8%99-%E0%B8%97%E0%B8%B5%E0%B9%88-%E0%B9%80%E0%B8%94%E0%B8%AD%E0%B8%B0-%E0%B8%9E%E0%B8%A3%E0%B8%B5%E0%B9%82%E0%B8%AD-%E0%B8%8B%E0%B8%B4%E0%B8%81%E0%B9%80%E0%B8%99%E0%B9%80%E0%B8%88%E0%B8%AD%E0%B8%A3%E0%B9%8C-%E0%B8%84%E0%B8%AD%E0%B8%99%E0%B9%82%E0%B8%94-%E0%B9%80%E0%B8%8A%E0%B8%B5%E0%B8%A2%E0%B8%87%E0%B9%83%E0%B8%AB%E0%B8%A1%E0%B9%88-%E0%B9%83%E0%B8%99-%E0%B8%9B%E0%B9%88%E0%B8%B2%E0%B9%81%E0%B8%94%E0%B8%94-%E0%B9%80%E0%B8%8A%E0%B8%B5%E0%B8%A2%E0%B8%87%E0%B9%83%E0%B8%AB%E0%B8%A1%E0%B9%88-u495,"ขาย คอนโด 1 ห้องนอน ในโครงการ The Prio Signature Condo Chiangmai (เดอะ พรีโอ ซิกเนเจอร์ คอนโด เชียงใหม่)
ป่าแดด, เมืองเชียงใหม่,
เชียงใหม่
฿3,063,231
฿1,373/เดือน
18
6%
1 ห้องนอน
1 ห้องน้ำ
39.24 ตรม. พื้นที่ใช้สอย
7 ชั้น
มี.ค. 2559 สร้างเสร็จแล้ว
ขาย คอนโด 1 ห้องนอน ในโครงการ The Prio Signature Condo Chiangmai (เดอะ พรีโอ ซิกเนเจอร์ คอนโด เชียงใหม่)
อสังหาริมทรัพย์นี้เป็น คอนโด สำหรับขาย ขนาด 1 ห้องนอน มีพื้นที่ใช้สอย 39.24 ตรม. ซึ่งยูนิตนี้อยู่ในโครงการ เดอะ พรีโอ ซิกเนเจอร์ คอนโด เชียงใหม่ บนทำเลของ ป่าแดด, เชียงใหม่ และสร้างเสร็จแล้วเมื่อ มี.ค. 2559 ซึ่งคุณสามารถซื้อ คอนโด นี้ได้ที่ราคา ฿3,063,231 (฿78,064/ตรม.)"
https://www.fazwaz.co.th/%E0%B8%82%E0%B8%B2%E0%B8%A2%E0%B8%9A%E0%B9%89%E0%B8%B2%E0%B8%99/%E0%B8%82%E0%B8%B2%E0%B8%A2-%E0%B8%84%E0%B8%AD%E0%B8%99%E0%B9%82%E0%B8%94-1-%E0%B8%AB%E0%B9%89%E0%B8%AD%E0%B8%87%E0%B8%99%E0%B8%AD%E0%B8%99-%E0%B8%97%E0%B8%B5%E0%B9%88-%E0%B9%80%E0%B8%94%E0%B8%AD%E0%B8%B0-%E0%B8%9E%E0%B8%A3%E0%B8%B5%E0%B9%82%E0%B8%AD-%E0%B8%8B%E0%B8%B4%E0%B8%81%E0%B9%80%E0%B8%99%E0%B9%80%E0%B8%88%E0%B8%AD%E0%B8%A3%E0%B9%8C-%E0%B8%84%E0%B8%AD%E0%B8%99%E0%B9%82%E0%B8%94-%E0%B9%80%E0%B8%8A%E0%B8%B5%E0%B8%A2%E0%B8%87%E0%B9%83%E0%B8%AB%E0%B8%A1%E0%B9%88-%E0%B9%83%E0%B8%99-%E0%B8%9B%E0%B9%88%E0%B8%B2%E0%B9%81%E0%B8%94%E0%B8%94-%E0%B9%80%E0%B8%8A%E0%B8%B5%E0%B8%A2%E0%B8%87%E0%B9%83%E0%B8%AB%E0%B8%A1%E0%B9%88-u498,"ขาย คอนโด 1 ห้องนอน ในโครงการ The Prio Signature Condo Chiangmai (เดอะ พรีโอ ซิกเนเจอร์ คอนโด เชียงใหม่)
ป่าแดด, เมืองเชียงใหม่,
เชียงใหม่
฿3,063,231
฿1,373/เดือน
18
6%
1 ห้องนอน
1 ห้องน้ำ
39.24 ตรม. พื้นที่ใช้สอย
7 ชั้น
มี.ค. 2559 สร้างเสร็จแล้ว
ขาย คอนโด 1 ห้องนอน ในโครงการ The Prio Signature Condo Chiangmai (เดอะ พรีโอ ซิกเนเจอร์ คอนโด เชียงใหม่)
อสังหาริมทรัพย์นี้เป็น คอนโด สำหรับขาย ขนาด 1 ห้องนอน มีพื้นที่ใช้สอย 39.24 ตรม. ซึ่งยูนิตนี้อยู่ในโครงการ เดอะ พรีโอ ซิกเนเจอร์ คอนโด เชียงใหม่ บนทำเลของ ป่าแดด, เชียงใหม่ และสร้างเสร็จแล้วเมื่อ มี.ค. 2559 ซึ่งคุณสามารถซื้อ คอนโด นี้ได้ที่ราคา ฿3,063,231 (฿78,064/ตรม.)"
https://www.fazwaz.co.th/%E0%B8%82%E0%B8%B2%E0%B8%A2%E0%B8%9A%E0%B9%89%E0%B8%B2%E0%B8%99/%E0%B8%82%E0%B8%B2%E0%B8%A2-%E0%B8%84%E0%B8%AD%E0%B8%99%E0%B9%82%E0%B8%94-1-%E0%B8%AB%E0%B9%89%E0%B8%AD%E0%B8%87%E0%B8%99%E0%B8%AD%E0%B8%99-%E0%B8%97%E0%B8%B5%E0%B9%88-%E0%B9%80%E0%B8%94%E0%B8%AD%E0%B8%B0-%E0%B8%9E%E0%B8%A3%E0%B8%B5%E0%B9%82%E0%B8%AD-%E0%B8%8B%E0%B8%B4%E0%B8%81%E0%B9%80%E0%B8%99%E0%B9%80%E0%B8%88%E0%B8%AD%E0%B8%A3%E0%B9%8C-%E0%B8%84%E0%B8%AD%E0%B8%99%E0%B9%82%E0%B8%94-%E0%B9%80%E0%B8%8A%E0%B8%B5%E0%B8%A2%E0%B8%87%E0%B9%83%E0%B8%AB%E0%B8%A1%E0%B9%88-%E0%B9%83%E0%B8%99-%E0%B8%9B%E0%B9%88%E0%B8%B2%E0%B9%81%E0%B8%94%E0%B8%94-%E0%B9%80%E0%B8%8A%E0%B8%B5%E0%B8%A2%E0%B8%87%E0%B9%83%E0%B8%AB%E0%B8%A1%E0%B9%88-u500,"ขาย คอนโด 1 ห้องนอน ในโครงการ The Prio Signature Condo Chiangmai (เดอะ พรีโอ ซิกเนเจอร์ คอนโด เชียงใหม่)
ป่าแดด, เมืองเชียงใหม่,
เชียงใหม่
฿3,116,314
฿1,397/เดือน
18
6%
1 ห้องนอน
1 ห้องน้ำ
39.92 ตรม. พื้นที่ใช้สอย
7 ชั้น
มี.ค. 2559 สร้างเสร็จแล้ว
ขาย คอนโด 1 ห้องนอน ในโครงการ The Prio Signature Condo Chiangmai (เดอะ พรีโอ ซิกเนเจอร์ คอนโด เชียงใหม่)
อสังหาริมทรัพย์นี้เป็น คอนโด สำหรับขาย ขนาด 1 ห้องนอน มีพื้นที่ใช้สอย 39.92 ตรม. ซึ่งยูนิตนี้อยู่ในโครงการ เดอะ พรีโอ ซิกเนเจอร์ คอนโด เชียงใหม่ บนทำเลของ ป่าแดด, เชียงใหม่ และสร้างเสร็จแล้วเมื่อ มี.ค. 2559 ซึ่งคุณสามารถซื้อ คอนโด นี้ได้ที่ราคา ฿3,116,314 (฿78,064/ตรม.)"
https://www.fazwaz.co.th/%E0%B8%82%E0%B8%B2%E0%B8%A2%E0%B8%9A%E0%B9%89%E0%B8%B2%E0%B8%99/%E0%B8%82%E0%B8%B2%E0%B8%A2-%E0%B8%84%E0%B8%AD%E0%B8%99%E0%B9%82%E0%B8%94-1-%E0%B8%AB%E0%B9%89%E0%B8%AD%E0%B8%87%E0%B8%99%E0%B8%AD%E0%B8%99-%E0%B8%97%E0%B8%B5%E0%B9%88-%E0%B9%80%E0%B8%94%E0%B8%AD%E0%B8%B0-%E0%B8%9E%E0%B8%A3%E0%B8%B5%E0%B9%82%E0%B8%AD-%E0%B8%8B%E0%B8%B4%E0%B8%81%E0%B9%80%E0%B8%99%E0%B9%80%E0%B8%88%E0%B8%AD%E0%B8%A3%E0%B9%8C-%E0%B8%84%E0%B8%AD%E0%B8%99%E0%B9%82%E0%B8%94-%E0%B9%80%E0%B8%8A%E0%B8%B5%E0%B8%A2%E0%B8%87%E0%B9%83%E0%B8%AB%E0%B8%A1%E0%B9%88-%E0%B9%83%E0%B8%99-%E0%B8%9B%E0%B9%88%E0%B8%B2%E0%B9%81%E0%B8%94%E0%B8%94-%E0%B9%80%E0%B8%8A%E0%B8%B5%E0%B8%A2%E0%B8%87%E0%B9%83%E0%B8%AB%E0%B8%A1%E0%B9%88-u501,"ขาย คอนโด 1 ห้องนอน ในโครงการ The Prio Signature Condo Chiangmai (เดอะ พรีโอ ซิกเนเจอร์ คอนโด เชียงใหม่)
ป่าแดด, เมืองเชียงใหม่,
เชียงใหม่
฿3,088,211
฿1,385/เดือน
18
6%
1 ห้องนอน
1 ห้องน้ำ
39.56 ตรม. พื้นที่ใช้สอย
7 ชั้น
มี.ค. 2559 สร้างเสร็จแล้ว
ขาย คอนโด 1 ห้องนอน ในโครงการ The Prio Signature Condo Chiangmai (เดอะ พรีโอ ซิกเนเจอร์ คอนโด เชียงใหม่)
อสังหาริมทรัพย์นี้เป็น คอนโด สำหรับขาย ขนาด 1 ห้องนอน มีพื้นที่ใช้สอย 39.56 ตรม. ซึ่งยูนิตนี้อยู่ในโครงการ เดอะ พรีโอ ซิกเนเจอร์ คอนโด เชียงใหม่ บนทำเลของ ป่าแดด, เชียงใหม่ และสร้างเสร็จแล้วเมื่อ มี.ค. 2559 ซึ่งคุณสามารถซื้อ คอนโด นี้ได้ที่ราคา ฿3,088,211 (฿78,064/ตรม.)"
https://www.fazwaz.co.th/%E0%B8%82%E0%B8%B2%E0%B8%A2%E0%B8%9A%E0%B9%89%E0%B8%B2%E0%B8%99/%E0%B8%82%E0%B8%B2%E0%B8%A2-%E0%B8%84%E0%B8%AD%E0%B8%99%E0%B9%82%E0%B8%94-1-%E0%B8%AB%E0%B9%89%E0%B8%AD%E0%B8%87%E0%B8%99%E0%B8%AD%E0%B8%99-%E0%B8%97%E0%B8%B5%E0%B9%88-%E0%B9%80%E0%B8%94%E0%B8%AD%E0%B8%B0-%E0%B8%9E%E0%B8%A3%E0%B8%B5%E0%B9%82%E0%B8%AD-%E0%B8%8B%E0%B8%B4%E0%B8%81%E0%B9%80%E0%B8%99%E0%B9%80%E0%B8%88%E0%B8%AD%E0%B8%A3%E0%B9%8C-%E0%B8%84%E0%B8%AD%E0%B8%99%E0%B9%82%E0%B8%94-%E0%B9%80%E0%B8%8A%E0%B8%B5%E0%B8%A2%E0%B8%87%E0%B9%83%E0%B8%AB%E0%B8%A1%E0%B9%88-%E0%B9%83%E0%B8%99-%E0%B8%9B%E0%B9%88%E0%B8%B2%E0%B9%81%E0%B8%94%E0%B8%94-%E0%B9%80%E0%B8%8A%E0%B8%B5%E0%B8%A2%E0%B8%87%E0%B9%83%E0%B8%AB%E0%B8%A1%E0%B9%88-u502,"ขาย คอนโด 1 ห้องนอน ในโครงการ The Prio Signature Condo Chiangmai (เดอะ พรีโอ ซิกเนเจอร์ คอนโด เชียงใหม่)
ป่าแดด, เมืองเชียงใหม่,
เชียงใหม่
฿2,985,948
฿1,339/เดือน
18
6%
1 ห้องนอน
1 ห้องน้ำ
38.25 ตรม. พื้นที่ใช้สอย
7 ชั้น
มี.ค. 2559 สร้างเสร็จแล้ว
ขาย คอนโด 1 ห้องนอน ในโครงการ The Prio Signature Condo Chiangmai (เดอะ พรีโอ ซิกเนเจอร์ คอนโด เชียงใหม่)
อสังหาริมทรัพย์นี้เป็น คอนโด สำหรับขาย ขนาด 1 ห้องนอน มีพื้นที่ใช้สอย 38.25 ตรม. ซึ่งยูนิตนี้อยู่ในโครงการ เดอะ พรีโอ ซิกเนเจอร์ คอนโด เชียงใหม่ บนทำเลของ ป่าแดด, เชียงใหม่ และสร้างเสร็จแล้วเมื่อ มี.ค. 2559 ซึ่งคุณสามารถซื้อ คอนโด นี้ได้ที่ราคา ฿2,985,948 (฿78,064/ตรม.)"
https://www.fazwaz.co.th/%E0%B8%82%E0%B8%B2%E0%B8%A2%E0%B8%9A%E0%B9%89%E0%B8%B2%E0%B8%99/%E0%B8%82%E0%B8%B2%E0%B8%A2-%E0%B8%84%E0%B8%AD%E0%B8%99%E0%B9%82%E0%B8%94-1-%E0%B8%AB%E0%B9%89%E0%B8%AD%E0%B8%87%E0%B8%99%E0%B8%AD%E0%B8%99-%E0%B8%97%E0%B8%B5%E0%B9%88-%E0%B9%80%E0%B8%94%E0%B8%AD%E0%B8%B0-%E0%B8%9E%E0%B8%A3%E0%B8%B5%E0%B9%82%E0%B8%AD-%E0%B8%8B%E0%B8%B4%E0%B8%81%E0%B9%80%E0%B8%99%E0%B9%80%E0%B8%88%E0%B8%AD%E0%B8%A3%E0%B9%8C-%E0%B8%84%E0%B8%AD%E0%B8%99%E0%B9%82%E0%B8%94-%E0%B9%80%E0%B8%8A%E0%B8%B5%E0%B8%A2%E0%B8%87%E0%B9%83%E0%B8%AB%E0%B8%A1%E0%B9%88-%E0%B9%83%E0%B8%99-%E0%B8%9B%E0%B9%88%E0%B8%B2%E0%B9%81%E0%B8%94%E0%B8%94-%E0%B9%80%E0%B8%8A%E0%B8%B5%E0%B8%A2%E0%B8%87%E0%B9%83%E0%B8%AB%E0%B8%A1%E0%B9%88-u518,"ขาย คอนโด 1 ห้องนอน ในโครงการ The Prio Signature Condo Chiangmai (เดอะ พรีโอ ซิกเนเจอร์ คอนโด เชียงใหม่)
ป่าแดด, เมืองเชียงใหม่,
เชียงใหม่
฿3,038,250
฿1,362/เดือน
18
6%
1 ห้องนอน
1 ห้องน้ำ
38.92 ตรม. พื้นที่ใช้สอย
8 ชั้น
มี.ค. 2559 สร้างเสร็จแล้ว
ขาย คอนโด 1 ห้องนอน ในโครงการ The Prio Signature Condo Chiangmai (เดอะ พรีโอ ซิกเนเจอร์ คอนโด เชียงใหม่)
อสังหาริมทรัพย์นี้เป็น คอนโด สำหรับขาย ขนาด 1 ห้องนอน มีพื้นที่ใช้สอย 38.92 ตรม. ซึ่งยูนิตนี้อยู่ในโครงการ เดอะ พรีโอ ซิกเนเจอร์ คอนโด เชียงใหม่ บนทำเลของ ป่าแดด, เชียงใหม่ และสร้างเสร็จแล้วเมื่อ มี.ค. 2559 ซึ่งคุณสามารถซื้อ คอนโด นี้ได้ที่ราคา ฿3,038,250 (฿78,064/ตรม.)"
https://www.fazwaz.co.th/%E0%B8%82%E0%B8%B2%E0%B8%A2%E0%B8%9A%E0%B9%89%E0%B8%B2%E0%B8%99/%E0%B8%82%E0%B8%B2%E0%B8%A2-%E0%B8%84%E0%B8%AD%E0%B8%99%E0%B9%82%E0%B8%94-1-%E0%B8%AB%E0%B9%89%E0%B8%AD%E0%B8%87%E0%B8%99%E0%B8%AD%E0%B8%99-%E0%B8%97%E0%B8%B5%E0%B9%88-%E0%B9%80%E0%B8%94%E0%B8%AD%E0%B8%B0-%E0%B8%9E%E0%B8%A3%E0%B8%B5%E0%B9%82%E0%B8%AD-%E0%B8%8B%E0%B8%B4%E0%B8%81%E0%B9%80%E0%B8%99%E0%B9%80%E0%B8%88%E0%B8%AD%E0%B8%A3%E0%B9%8C-%E0%B8%84%E0%B8%AD%E0%B8%99%E0%B9%82%E0%B8%94-%E0%B9%80%E0%B8%8A%E0%B8%B5%E0%B8%A2%E0%B8%87%E0%B9%83%E0%B8%AB%E0%B8%A1%E0%B9%88-%E0%B9%83%E0%B8%99-%E0%B8%9B%E0%B9%88%E0%B8%B2%E0%B9%81%E0%B8%94%E0%B8%94-%E0%B9%80%E0%B8%8A%E0%B8%B5%E0%B8%A2%E0%B8%87%E0%B9%83%E0%B8%AB%E0%B8%A1%E0%B9%88-u519,"ขาย คอนโด 1 ห้องนอน ในโครงการ The Prio Signature Condo Chiangmai (เดอะ พรีโอ ซิกเนเจอร์ คอนโด เชียงใหม่)
ป่าแดด, เมืองเชียงใหม่,
เชียงใหม่
฿3,088,211
฿1,385/เดือน
18
6%
1 ห้องนอน
1 ห้องน้ำ
39.56 ตรม. พื้นที่ใช้สอย
8 ชั้น
มี.ค. 2559 สร้างเสร็จแล้ว
ขาย คอนโด 1 ห้องนอน ในโครงการ The Prio Signature Condo Chiangmai (เดอะ พรีโอ ซิกเนเจอร์ คอนโด เชียงใหม่)
อสังหาริมทรัพย์นี้เป็น คอนโด สำหรับขาย ขนาด 1 ห้องนอน มีพื้นที่ใช้สอย 39.56 ตรม. ซึ่งยูนิตนี้อยู่ในโครงการ เดอะ พรีโอ ซิกเนเจอร์ คอนโด เชียงใหม่ บนทำเลของ ป่าแดด, เชียงใหม่ และสร้างเสร็จแล้วเมื่อ มี.ค. 2559 ซึ่งคุณสามารถซื้อ คอนโด นี้ได้ที่ราคา ฿3,088,211 (฿78,064/ตรม.)"
https://www.fazwaz.co.th/%E0%B8%82%E0%B8%B2%E0%B8%A2%E0%B8%9A%E0%B9%89%E0%B8%B2%E0%B8%99/%E0%B8%82%E0%B8%B2%E0%B8%A2-%E0%B8%84%E0%B8%AD%E0%B8%99%E0%B9%82%E0%B8%94-1-%E0%B8%AB%E0%B9%89%E0%B8%AD%E0%B8%87%E0%B8%99%E0%B8%AD%E0%B8%99-%E0%B8%97%E0%B8%B5%E0%B9%88-%E0%B9%80%E0%B8%94%E0%B8%AD%E0%B8%B0-%E0%B8%9E%E0%B8%A3%E0%B8%B5%E0%B9%82%E0%B8%AD-%E0%B8%8B%E0%B8%B4%E0%B8%81%E0%B9%80%E0%B8%99%E0%B9%80%E0%B8%88%E0%B8%AD%E0%B8%A3%E0%B9%8C-%E0%B8%84%E0%B8%AD%E0%B8%99%E0%B9%82%E0%B8%94-%E0%B9%80%E0%B8%8A%E0%B8%B5%E0%B8%A2%E0%B8%87%E0%B9%83%E0%B8%AB%E0%B8%A1%E0%B9%88-%E0%B9%83%E0%B8%99-%E0%B8%9B%E0%B9%88%E0%B8%B2%E0%B9%81%E0%B8%94%E0%B8%94-%E0%B9%80%E0%B8%8A%E0%B8%B5%E0%B8%A2%E0%B8%87%E0%B9%83%E0%B8%AB%E0%B8%A1%E0%B9%88-u5349134,"ขาย คอนโด 1 ห้องนอน ในโครงการ The Prio Signature Condo Chiangmai (เดอะ พรีโอ ซิกเนเจอร์ คอนโด เชียงใหม่)
ป่าแดด, เมืองเชียงใหม่,
เชียงใหม่
฿3,590,000
฿1,365/เดือน
฿17,000/เดือน
18
6%
1 ห้องนอน
1 ห้องน้ำ
39 ตรม. พื้นที่ใช้สอย
12 ชั้น
มี.ค. 2559 สร้างเสร็จแล้ว
ขาย คอนโด 1 ห้องนอน ในโครงการ The Prio Signature Condo Chiangmai (เดอะ พรีโอ ซิกเนเจอร์ คอนโด เชียงใหม่)
อสังหาริมทรัพย์นี้เป็น คอนโด สำหรับขาย ขนาด 1 ห้องนอน มีพื้นที่ใช้สอย 39 ตรม. ซึ่งยูนิตนี้อยู่ในโครงการ เดอะ พรีโอ ซิกเนเจอร์ คอนโด เชียงใหม่ บนทำเลของ ป่าแดด, เชียงใหม่ และสร้างเสร็จแล้วเมื่อ มี.ค. 2559 ซึ่งคุณสามารถซื้อ คอนโด ได้ที่ราคา ฿3,590,000 (฿92,051/ตรม.) หรือทำสัญญาเช่าระยะยาว ที่ราคาค่าเช่า ฿17,000 ต่อเดือน"
https://www.fazwaz.co.th/%E0%B8%82%E0%B8%B2%E0%B8%A2%E0%B8%9A%E0%B9%89%E0%B8%B2%E0%B8%99/%E0%B8%82%E0%B8%B2%E0%B8%A2-%E0%B8%84%E0%B8%AD%E0%B8%99%E0%B9%82%E0%B8%94-1-%E0%B8%AB%E0%B9%89%E0%B8%AD%E0%B8%87%E0%B8%99%E0%B8%AD%E0%B8%99-%E0%B8%97%E0%B8%B5%E0%B9%88-%E0%B9%80%E0%B8%94%E0%B8%AD%E0%B8%B0-%E0%B8%9E%E0%B8%A3%E0%B8%B5%E0%B9%82%E0%B8%AD-%E0%B8%8B%E0%B8%B4%E0%B8%81%E0%B9%80%E0%B8%99%E0%B9%80%E0%B8%88%E0%B8%AD%E0%B8%A3%E0%B9%8C-%E0%B8%84%E0%B8%AD%E0%B8%99%E0%B9%82%E0%B8%94-%E0%B9%80%E0%B8%8A%E0%B8%B5%E0%B8%A2%E0%B8%87%E0%B9%83%E0%B8%AB%E0%B8%A1%E0%B9%88-%E0%B9%83%E0%B8%99-%E0%B8%9B%E0%B9%88%E0%B8%B2%E0%B9%81%E0%B8%94%E0%B8%94-%E0%B9%80%E0%B8%8A%E0%B8%B5%E0%B8%A2%E0%B8%87%E0%B9%83%E0%B8%AB%E0%B8%A1%E0%B9%88-u5349160,"ขาย คอนโด 1 ห้องนอน ในโครงการ The Prio Signature Condo Chiangmai (เดอะ พรีโอ ซิกเนเจอร์ คอนโด เชียงใหม่)
ป่าแดด, เมืองเชียงใหม่,
เชียงใหม่
฿3,190,000
฿1,338/เดือน
฿17,000/เดือน
16
6%
1 ห้องนอน
1 ห้องน้ำ
38.22 ตรม. พื้นที่ใช้สอย
12 ชั้น
มี.ค. 2559 สร้างเสร็จแล้ว
ขาย คอนโด 1 ห้องนอน ในโครงการ The Prio Signature Condo Chiangmai (เดอะ พรีโอ ซิกเนเจอร์ คอนโด เชียงใหม่)
อสังหาริมทรัพย์นี้เป็น คอนโด สำหรับขาย ขนาด 1 ห้องนอน มีพื้นที่ใช้สอย 38.22 ตรม. ซึ่งยูนิตนี้อยู่ในโครงการ เดอะ พรีโอ ซิกเนเจอร์ คอนโด เชียงใหม่ บนทำเลของ ป่าแดด, เชียงใหม่ และสร้างเสร็จแล้วเมื่อ มี.ค. 2559 ซึ่งคุณสามารถซื้อ คอนโด ได้ที่ราคา ฿3,190,000 (฿83,464/ตรม.) หรือทำสัญญาเช่าระยะยาว ที่ราคาค่าเช่า ฿17,000 ต่อเดือน"
https://www.fazwaz.co.th/%E0%B8%82%E0%B8%B2%E0%B8%A2%E0%B8%9A%E0%B9%89%E0%B8%B2%E0%B8%99/%E0%B8%82%E0%B8%B2%E0%B8%A2-%E0%B8%84%E0%B8%AD%E0%B8%99%E0%B9%82%E0%B8%94-1-%E0%B8%AB%E0%B9%89%E0%B8%AD%E0%B8%87%E0%B8%99%E0%B8%AD%E0%B8%99-%E0%B8%97%E0%B8%B5%E0%B9%88-%E0%B9%80%E0%B8%94%E0%B8%AD%E0%B8%B0-%E0%B8%9E%E0%B8%A3%E0%B8%B5%E0%B9%82%E0%B8%AD-%E0%B8%8B%E0%B8%B4%E0%B8%81%E0%B9%80%E0%B8%99%E0%B9%80%E0%B8%88%E0%B8%AD%E0%B8%A3%E0%B9%8C-%E0%B8%84%E0%B8%AD%E0%B8%99%E0%B9%82%E0%B8%94-%E0%B9%80%E0%B8%8A%E0%B8%B5%E0%B8%A2%E0%B8%87%E0%B9%83%E0%B8%AB%E0%B8%A1%E0%B9%88-%E0%B9%83%E0%B8%99-%E0%B8%9B%E0%B9%88%E0%B8%B2%E0%B9%81%E0%B8%94%E0%B8%94-%E0%B9%80%E0%B8%8A%E0%B8%B5%E0%B8%A2%E0%B8%87%E0%B9%83%E0%B8%AB%E0%B8%A1%E0%B9%88-u5349168,"ขาย คอนโด 1 ห้องนอน ในโครงการ The Prio Signature Condo Chiangmai (เดอะ พรีโอ ซิกเนเจอร์ คอนโด เชียงใหม่)
ป่าแดด, เมืองเชียงใหม่,
เชียงใหม่
฿3,590,000
฿1,373/เดือน
฿17,000/เดือน
18
6%
1 ห้องนอน
1 ห้องน้ำ
39.24 ตรม. พื้นที่ใช้สอย
14 ชั้น
มี.ค. 2559 สร้างเสร็จแล้ว
ขาย คอนโด 1 ห้องนอน ในโครงการ The Prio Signature Condo Chiangmai (เดอะ พรีโอ ซิกเนเจอร์ คอนโด เชียงใหม่)
อสังหาริมทรัพย์นี้เป็น คอนโด สำหรับขาย ขนาด 1 ห้องนอน มีพื้นที่ใช้สอย 39.24 ตรม. ซึ่งยูนิตนี้อยู่ในโครงการ เดอะ พรีโอ ซิกเนเจอร์ คอนโด เชียงใหม่ บนทำเลของ ป่าแดด, เชียงใหม่ และสร้างเสร็จแล้วเมื่อ มี.ค. 2559 ซึ่งคุณสามารถซื้อ คอนโด ได้ที่ราคา ฿3,590,000 (฿91,488/ตรม.) หรือทำสัญญาเช่าระยะยาว ที่ราคาค่าเช่า ฿17,000 ต่อเดือน"
https://www.fazwaz.co.th/%E0%B8%82%E0%B8%B2%E0%B8%A2%E0%B8%9A%E0%B9%89%E0%B8%B2%E0%B8%99/%E0%B8%82%E0%B8%B2%E0%B8%A2-%E0%B8%84%E0%B8%AD%E0%B8%99%E0%B9%82%E0%B8%94-1-%E0%B8%AB%E0%B9%89%E0%B8%AD%E0%B8%87%E0%B8%99%E0%B8%AD%E0%B8%99-%E0%B8%97%E0%B8%B5%E0%B9%88-%E0%B9%80%E0%B8%94%E0%B8%AD%E0%B8%B0-%E0%B8%9E%E0%B8%A3%E0%B8%B5%E0%B9%82%E0%B8%AD-%E0%B8%8B%E0%B8%B4%E0%B8%81%E0%B9%80%E0%B8%99%E0%B9%80%E0%B8%88%E0%B8%AD%E0%B8%A3%E0%B9%8C-%E0%B8%84%E0%B8%AD%E0%B8%99%E0%B9%82%E0%B8%94-%E0%B9%80%E0%B8%8A%E0%B8%B5%E0%B8%A2%E0%B8%87%E0%B9%83%E0%B8%AB%E0%B8%A1%E0%B9%88-%E0%B9%83%E0%B8%99-%E0%B8%9B%E0%B9%88%E0%B8%B2%E0%B9%81%E0%B8%94%E0%B8%94-%E0%B9%80%E0%B8%8A%E0%B8%B5%E0%B8%A2%E0%B8%87%E0%B9%83%E0%B8%AB%E0%B8%A1%E0%B9%88-u5594605,"ขาย คอนโด 1 ห้องนอน ในโครงการ The Prio Signature Condo Chiangmai (เดอะ พรีโอ ซิกเนเจอร์ คอนโด เชียงใหม่)
ป่าแดด, เมืองเชียงใหม่,
เชียงใหม่
฿3,200,000
฿1,610/เดือน
฿16,000/เดือน
17
6%
1 ห้องนอน
1 ห้องน้ำ
46 ตรม. พื้นที่ใช้สอย
8 ชั้น
มี.ค. 2559 สร้างเสร็จแล้ว
ขาย คอนโด 1 ห้องนอน ในโครงการ The Prio Signature Condo Chiangmai (เดอะ พรีโอ ซิกเนเจอร์ คอนโด เชียงใหม่)
อสังหาริมทรัพย์นี้เป็น คอนโด สำหรับขาย ขนาด 1 ห้องนอน มีพื้นที่ใช้สอย 46 ตรม. ซึ่งยูนิตนี้อยู่ในโครงการ เดอะ พรีโอ ซิกเนเจอร์ คอนโด เชียงใหม่ บนทำเลของ ป่าแดด, เชียงใหม่ และสร้างเสร็จแล้วเมื่อ มี.ค. 2559 ซึ่งคุณสามารถซื้อ คอนโด ได้ที่ราคา ฿3,200,000 (฿69,565/ตรม.) หรือทำสัญญาเช่าระยะยาว ที่ราคาค่าเช่า ฿16,000 ต่อเดือน
The Prio Condominium, Chiang Mai
The Prio Condominium, Chiang Mai Located opposite Central Airport Plaza Chiang Mai. 1 bedroom, 1 living room, 46 sq.m., 8th floor, pool view.Bathroom with bathtub."
https://www.fazwaz.co.th/%E0%B8%82%E0%B8%B2%E0%B8%A2%E0%B8%9A%E0%B9%89%E0%B8%B2%E0%B8%99/%E0%B8%82%E0%B8%B2%E0%B8%A2-%E0%B8%84%E0%B8%AD%E0%B8%99%E0%B9%82%E0%B8%94-1-%E0%B8%AB%E0%B9%89%E0%B8%AD%E0%B8%87%E0%B8%99%E0%B8%AD%E0%B8%99-%E0%B8%97%E0%B8%B5%E0%B9%88-%E0%B9%80%E0%B8%94%E0%B8%AD%E0%B8%B0-%E0%B8%9E%E0%B8%A3%E0%B8%B5%E0%B9%82%E0%B8%AD-%E0%B8%8B%E0%B8%B4%E0%B8%81%E0%B9%80%E0%B8%99%E0%B9%80%E0%B8%88%E0%B8%AD%E0%B8%A3%E0%B9%8C-%E0%B8%84%E0%B8%AD%E0%B8%99%E0%B9%82%E0%B8%94-%E0%B9%80%E0%B8%8A%E0%B8%B5%E0%B8%A2%E0%B8%87%E0%B9%83%E0%B8%AB%E0%B8%A1%E0%B9%88-%E0%B9%83%E0%B8%99-%E0%B8%9B%E0%B9%88%E0%B8%B2%E0%B9%81%E0%B8%94%E0%B8%94-%E0%B9%80%E0%B8%8A%E0%B8%B5%E0%B8%A2%E0%B8%87%E0%B9%83%E0%B8%AB%E0%B8%A1%E0%B9%88-u5798494,"ขาย คอนโด 1 ห้องนอน ในโครงการ The Prio Signature Condo Chiangmai (เดอะ พรีโอ ซิกเนเจอร์ คอนโด เชียงใหม่)
ป่าแดด, เมืองเชียงใหม่,
เชียงใหม่
฿2,790,000
฿1,346/เดือน
18
6%
1 ห้องนอน
1 ห้องน้ำ
38.47 ตรม. พื้นที่ใช้สอย
14 ชั้น
มี.ค. 2559 สร้างเสร็จแล้ว
ขาย คอนโด 1 ห้องนอน ในโครงการ The Prio Signature Condo Chiangmai (เดอะ พรีโอ ซิกเนเจอร์ คอนโด เชียงใหม่)
อสังหาริมทรัพย์นี้เป็น คอนโด สำหรับขาย ขนาด 1 ห้องนอน มีพื้นที่ใช้สอย 38.47 ตรม. ซึ่งยูนิตนี้อยู่ในโครงการ เดอะ พรีโอ ซิกเนเจอร์ คอนโด เชียงใหม่ บนทำเลของ ป่าแดด, เชียงใหม่ และสร้างเสร็จแล้วเมื่อ มี.ค. 2559 ซึ่งคุณสามารถซื้อ คอนโด นี้ได้ที่ราคา ฿2,790,000 (฿72,524/ตรม.)"
https://www.fazwaz.co.th/%E0%B8%82%E0%B8%B2%E0%B8%A2%E0%B8%9A%E0%B9%89%E0%B8%B2%E0%B8%99/%E0%B8%82%E0%B8%B2%E0%B8%A2-%E0%B8%84%E0%B8%AD%E0%B8%99%E0%B9%82%E0%B8%94-1-%E0%B8%AB%E0%B9%89%E0%B8%AD%E0%B8%87%E0%B8%99%E0%B8%AD%E0%B8%99-%E0%B8%97%E0%B8%B5%E0%B9%88-%E0%B9%80%E0%B8%94%E0%B8%AD%E0%B8%B0-%E0%B8%9E%E0%B8%A3%E0%B8%B5%E0%B9%82%E0%B8%AD-%E0%B8%8B%E0%B8%B4%E0%B8%81%E0%B9%80%E0%B8%99%E0%B9%80%E0%B8%88%E0%B8%AD%E0%B8%A3%E0%B9%8C-%E0%B8%84%E0%B8%AD%E0%B8%99%E0%B9%82%E0%B8%94-%E0%B9%80%E0%B8%8A%E0%B8%B5%E0%B8%A2%E0%B8%87%E0%B9%83%E0%B8%AB%E0%B8%A1%E0%B9%88-%E0%B9%83%E0%B8%99-%E0%B8%9B%E0%B9%88%E0%B8%B2%E0%B9%81%E0%B8%94%E0%B8%94-%E0%B9%80%E0%B8%8A%E0%B8%B5%E0%B8%A2%E0%B8%87%E0%B9%83%E0%B8%AB%E0%B8%A1%E0%B9%88-u625,"ขาย คอนโด 1 ห้องนอน ในโครงการ The Prio Signature Condo Chiangmai (เดอะ พรีโอ ซิกเนเจอร์ คอนโด เชียงใหม่)
ป่าแดด, เมืองเชียงใหม่,
เชียงใหม่
฿3,170,500
฿1,345/เดือน
18
6%
1 ห้องนอน
1 ห้องน้ำ
38.43 ตรม. พื้นที่ใช้สอย
11 ชั้น
มี.ค. 2559 สร้างเสร็จแล้ว
ขาย คอนโด 1 ห้องนอน ในโครงการ The Prio Signature Condo Chiangmai (เดอะ พรีโอ ซิกเนเจอร์ คอนโด เชียงใหม่)
อสังหาริมทรัพย์นี้เป็น คอนโด สำหรับขาย ขนาด 1 ห้องนอน มีพื้นที่ใช้สอย 38.43 ตรม. ซึ่งยูนิตนี้อยู่ในโครงการ เดอะ พรีโอ ซิกเนเจอร์ คอนโด เชียงใหม่ บนทำเลของ ป่าแดด, เชียงใหม่ และสร้างเสร็จแล้วเมื่อ มี.ค. 2559 ซึ่งคุณสามารถซื้อ คอนโด นี้ได้ที่ราคา ฿3,170,500 (฿82,501/ตรม.)"
https://www.fazwaz.co.th/%E0%B8%82%E0%B8%B2%E0%B8%A2%E0%B8%9A%E0%B9%89%E0%B8%B2%E0%B8%99/%E0%B8%82%E0%B8%B2%E0%B8%A2-%E0%B8%84%E0%B8%AD%E0%B8%99%E0%B9%82%E0%B8%94-1-%E0%B8%AB%E0%B9%89%E0%B8%AD%E0%B8%87%E0%B8%99%E0%B8%AD%E0%B8%99-%E0%B8%97%E0%B8%B5%E0%B9%88-%E0%B9%80%E0%B8%94%E0%B8%AD%E0%B8%B0-%E0%B8%9E%E0%B8%A3%E0%B8%B5%E0%B9%82%E0%B8%AD-%E0%B8%8B%E0%B8%B4%E0%B8%81%E0%B9%80%E0%B8%99%E0%B9%80%E0%B8%88%E0%B8%AD%E0%B8%A3%E0%B9%8C-%E0%B8%84%E0%B8%AD%E0%B8%99%E0%B9%82%E0%B8%94-%E0%B9%80%E0%B8%8A%E0%B8%B5%E0%B8%A2%E0%B8%87%E0%B9%83%E0%B8%AB%E0%B8%A1%E0%B9%88-%E0%B9%83%E0%B8%99-%E0%B8%9B%E0%B9%88%E0%B8%B2%E0%B9%81%E0%B8%94%E0%B8%94-%E0%B9%80%E0%B8%8A%E0%B8%B5%E0%B8%A2%E0%B8%87%E0%B9%83%E0%B8%AB%E0%B8%A1%E0%B9%88-u643970,"ขาย คอนโด 1 ห้องนอน ในโครงการ The Prio Signature Condo Chiangmai (เดอะ พรีโอ ซิกเนเจอร์ คอนโด เชียงใหม่)
ป่าแดด, เมืองเชียงใหม่,
เชียงใหม่
฿2,990,000
฿1,330/เดือน
18
6%
1 ห้องนอน
1 ห้องน้ำ
38 ตรม. พื้นที่ใช้สอย
6 ชั้น
มี.ค. 2559 สร้างเสร็จแล้ว
ขาย คอนโด 1 ห้องนอน ในโครงการ The Prio Signature Condo Chiangmai (เดอะ พรีโอ ซิกเนเจอร์ คอนโด เชียงใหม่)
อสังหาริมทรัพย์นี้เป็น คอนโด สำหรับขาย ขนาด 1 ห้องนอน มีพื้นที่ใช้สอย 38 ตรม. ซึ่งยูนิตนี้อยู่ในโครงการ เดอะ พรีโอ ซิกเนเจอร์ คอนโด เชียงใหม่ บนทำเลของ ป่าแดด, เชียงใหม่ และสร้างเสร็จแล้วเมื่อ มี.ค. 2559 ซึ่งคุณสามารถซื้อ คอนโด นี้ได้ที่ราคา ฿2,990,000 (฿78,684/ตรม.)"
https://www.fazwaz.co.th/%E0%B8%82%E0%B8%B2%E0%B8%A2%E0%B8%9A%E0%B9%89%E0%B8%B2%E0%B8%99/%E0%B8%82%E0%B8%B2%E0%B8%A2-%E0%B8%84%E0%B8%AD%E0%B8%99%E0%B9%82%E0%B8%94-1-%E0%B8%AB%E0%B9%89%E0%B8%AD%E0%B8%87%E0%B8%99%E0%B8%AD%E0%B8%99-%E0%B8%97%E0%B8%B5%E0%B9%88-%E0%B9%80%E0%B8%94%E0%B8%AD%E0%B8%B0-%E0%B8%9E%E0%B8%A3%E0%B8%B5%E0%B9%82%E0%B8%AD-%E0%B8%8B%E0%B8%B4%E0%B8%81%E0%B9%80%E0%B8%99%E0%B9%80%E0%B8%88%E0%B8%AD%E0%B8%A3%E0%B9%8C-%E0%B8%84%E0%B8%AD%E0%B8%99%E0%B9%82%E0%B8%94-%E0%B9%80%E0%B8%8A%E0%B8%B5%E0%B8%A2%E0%B8%87%E0%B9%83%E0%B8%AB%E0%B8%A1%E0%B9%88-%E0%B9%83%E0%B8%99-%E0%B8%9B%E0%B9%88%E0%B8%B2%E0%B9%81%E0%B8%94%E0%B8%94-%E0%B9%80%E0%B8%8A%E0%B8%B5%E0%B8%A2%E0%B8%87%E0%B9%83%E0%B8%AB%E0%B8%A1%E0%B9%88-u666,"ขาย คอนโด 1 ห้องนอน ในโครงการ The Prio Signature Condo Chiangmai (เดอะ พรีโอ ซิกเนเจอร์ คอนโด เชียงใหม่)
ป่าแดด, เมืองเชียงใหม่,
เชียงใหม่
฿3,481,800
฿1,345/เดือน
18
6%
1 ห้องนอน
1 ห้องน้ำ
38.43 ตรม. พื้นที่ใช้สอย
13 ชั้น
มี.ค. 2559 สร้างเสร็จแล้ว
ขาย คอนโด 1 ห้องนอน ในโครงการ The Prio Signature Condo Chiangmai (เดอะ พรีโอ ซิกเนเจอร์ คอนโด เชียงใหม่)
อสังหาริมทรัพย์นี้เป็น คอนโด สำหรับขาย ขนาด 1 ห้องนอน มีพื้นที่ใช้สอย 38.43 ตรม. ซึ่งยูนิตนี้อยู่ในโครงการ เดอะ พรีโอ ซิกเนเจอร์ คอนโด เชียงใหม่ บนทำเลของ ป่าแดด, เชียงใหม่ และสร้างเสร็จแล้วเมื่อ มี.ค. 2559 ซึ่งคุณสามารถซื้อ คอนโด นี้ได้ที่ราคา ฿3,481,800 (฿90,601/ตรม.)"
https://www.fazwaz.co.th/%E0%B8%82%E0%B8%B2%E0%B8%A2%E0%B8%9A%E0%B9%89%E0%B8%B2%E0%B8%99/%E0%B8%82%E0%B8%B2%E0%B8%A2-%E0%B8%84%E0%B8%AD%E0%B8%99%E0%B9%82%E0%B8%94-1-%E0%B8%AB%E0%B9%89%E0%B8%AD%E0%B8%87%E0%B8%99%E0%B8%AD%E0%B8%99-%E0%B8%97%E0%B8%B5%E0%B9%88-%E0%B9%80%E0%B8%94%E0%B8%AD%E0%B8%B0-%E0%B8%9E%E0%B8%A3%E0%B8%B5%E0%B9%82%E0%B8%AD-%E0%B8%8B%E0%B8%B4%E0%B8%81%E0%B9%80%E0%B8%99%E0%B9%80%E0%B8%88%E0%B8%AD%E0%B8%A3%E0%B9%8C-%E0%B8%84%E0%B8%AD%E0%B8%99%E0%B9%82%E0%B8%94-%E0%B9%80%E0%B8%8A%E0%B8%B5%E0%B8%A2%E0%B8%87%E0%B9%83%E0%B8%AB%E0%B8%A1%E0%B9%88-%E0%B9%83%E0%B8%99-%E0%B8%9B%E0%B9%88%E0%B8%B2%E0%B9%81%E0%B8%94%E0%B8%94-%E0%B9%80%E0%B8%8A%E0%B8%B5%E0%B8%A2%E0%B8%87%E0%B9%83%E0%B8%AB%E0%B8%A1%E0%B9%88-u671658,"ขาย คอนโด 1 ห้องนอน ในโครงการ The Prio Signature Condo Chiangmai (เดอะ พรีโอ ซิกเนเจอร์ คอนโด เชียงใหม่)
ป่าแดด, เมืองเชียงใหม่,
เชียงใหม่
฿3,900,000
฿1,365/เดือน
18
6%
1 ห้องนอน
1 ห้องน้ำ
39 ตรม. พื้นที่ใช้สอย
13 ชั้น
มี.ค. 2559 สร้างเสร็จแล้ว
ขาย คอนโด 1 ห้องนอน ในโครงการ The Prio Signature Condo Chiangmai (เดอะ พรีโอ ซิกเนเจอร์ คอนโด เชียงใหม่)
อสังหาริมทรัพย์นี้เป็น คอนโด สำหรับขาย ขนาด 1 ห้องนอน มีพื้นที่ใช้สอย 39 ตรม. ซึ่งยูนิตนี้อยู่ในโครงการ เดอะ พรีโอ ซิกเนเจอร์ คอนโด เชียงใหม่ บนทำเลของ ป่าแดด, เชียงใหม่ และสร้างเสร็จแล้วเมื่อ มี.ค. 2559 ซึ่งคุณสามารถซื้อ คอนโด นี้ได้ที่ราคา ฿3,900,000 (฿100,000/ตรม.)"
https://www.fazwaz.co.th/%E0%B8%82%E0%B8%B2%E0%B8%A2%E0%B8%9A%E0%B9%89%E0%B8%B2%E0%B8%99/%E0%B8%82%E0%B8%B2%E0%B8%A2-%E0%B8%84%E0%B8%AD%E0%B8%99%E0%B9%82%E0%B8%94-1-%E0%B8%AB%E0%B9%89%E0%B8%AD%E0%B8%87%E0%B8%99%E0%B8%AD%E0%B8%99-%E0%B8%97%E0%B8%B5%E0%B9%88-%E0%B9%80%E0%B8%94%E0%B8%AD%E0%B8%B0-%E0%B8%9E%E0%B8%A3%E0%B8%B5%E0%B9%82%E0%B8%AD-%E0%B8%8B%E0%B8%B4%E0%B8%81%E0%B9%80%E0%B8%99%E0%B9%80%E0%B8%88%E0%B8%AD%E0%B8%A3%E0%B9%8C-%E0%B8%84%E0%B8%AD%E0%B8%99%E0%B9%82%E0%B8%94-%E0%B9%80%E0%B8%8A%E0%B8%B5%E0%B8%A2%E0%B8%87%E0%B9%83%E0%B8%AB%E0%B8%A1%E0%B9%88-%E0%B9%83%E0%B8%99-%E0%B8%9B%E0%B9%88%E0%B8%B2%E0%B9%81%E0%B8%94%E0%B8%94-%E0%B9%80%E0%B8%8A%E0%B8%B5%E0%B8%A2%E0%B8%87%E0%B9%83%E0%B8%AB%E0%B8%A1%E0%B9%88-u671660,"ขาย คอนโด 1 ห้องนอน ในโครงการ The Prio Signature Condo Chiangmai (เดอะ พรีโอ ซิกเนเจอร์ คอนโด เชียงใหม่)
ป่าแดด, เมืองเชียงใหม่,
เชียงใหม่
฿3,900,000
฿1,365/เดือน
18
6%
1 ห้องนอน
1 ห้องน้ำ
39 ตรม. พื้นที่ใช้สอย
13 ชั้น
มี.ค. 2559 สร้างเสร็จแล้ว
ขาย คอนโด 1 ห้องนอน ในโครงการ The Prio Signature Condo Chiangmai (เดอะ พรีโอ ซิกเนเจอร์ คอนโด เชียงใหม่)
อสังหาริมทรัพย์นี้เป็น คอนโด สำหรับขาย ขนาด 1 ห้องนอน มีพื้นที่ใช้สอย 39 ตรม. ซึ่งยูนิตนี้อยู่ในโครงการ เดอะ พรีโอ ซิกเนเจอร์ คอนโด เชียงใหม่ บนทำเลของ ป่าแดด, เชียงใหม่ และสร้างเสร็จแล้วเมื่อ มี.ค. 2559 ซึ่งคุณสามารถซื้อ คอนโด นี้ได้ที่ราคา ฿3,900,000 (฿100,000/ตรม.)"
https://www.fazwaz.co.th/%E0%B8%82%E0%B8%B2%E0%B8%A2%E0%B8%9A%E0%B9%89%E0%B8%B2%E0%B8%99/%E0%B8%82%E0%B8%B2%E0%B8%A2-%E0%B8%84%E0%B8%AD%E0%B8%99%E0%B9%82%E0%B8%94-1-%E0%B8%AB%E0%B9%89%E0%B8%AD%E0%B8%87%E0%B8%99%E0%B8%AD%E0%B8%99-%E0%B8%97%E0%B8%B5%E0%B9%88-%E0%B9%80%E0%B8%94%E0%B8%AD%E0%B8%B0-%E0%B8%9E%E0%B8%A3%E0%B8%B5%E0%B9%82%E0%B8%AD-%E0%B8%8B%E0%B8%B4%E0%B8%81%E0%B9%80%E0%B8%99%E0%B9%80%E0%B8%88%E0%B8%AD%E0%B8%A3%E0%B9%8C-%E0%B8%84%E0%B8%AD%E0%B8%99%E0%B9%82%E0%B8%94-%E0%B9%80%E0%B8%8A%E0%B8%B5%E0%B8%A2%E0%B8%87%E0%B9%83%E0%B8%AB%E0%B8%A1%E0%B9%88-%E0%B9%83%E0%B8%99-%E0%B8%9B%E0%B9%88%E0%B8%B2%E0%B9%81%E0%B8%94%E0%B8%94-%E0%B9%80%E0%B8%8A%E0%B8%B5%E0%B8%A2%E0%B8%87%E0%B9%83%E0%B8%AB%E0%B8%A1%E0%B9%88-u680,"ขาย คอนโด 1 ห้องนอน ในโครงการ The Prio Signature Condo Chiangmai (เดอะ พรีโอ ซิกเนเจอร์ คอนโด เชียงใหม่)
ป่าแดด, เมืองเชียงใหม่,
เชียงใหม่
฿3,158,579
฿1,346/เดือน
18
6%
1 ห้องนอน
1 ห้องน้ำ
38.47 ตรม. พื้นที่ใช้สอย
มี.ค. 2559 สร้างเสร็จแล้ว
ขาย คอนโด 1 ห้องนอน ในโครงการ The Prio Signature Condo Chiangmai (เดอะ พรีโอ ซิกเนเจอร์ คอนโด เชียงใหม่)
อสังหาริมทรัพย์นี้เป็น คอนโด สำหรับขาย ขนาด 1 ห้องนอน มีพื้นที่ใช้สอย 38.47 ตรม. ซึ่งยูนิตนี้อยู่ในโครงการ เดอะ พรีโอ ซิกเนเจอร์ คอนโด เชียงใหม่ บนทำเลของ ป่าแดด, เชียงใหม่ และสร้างเสร็จแล้วเมื่อ มี.ค. 2559 ซึ่งคุณสามารถซื้อ คอนโด นี้ได้ที่ราคา ฿3,158,579 (฿82,105/ตรม.)"
https://www.fazwaz.co.th/%E0%B8%82%E0%B8%B2%E0%B8%A2%E0%B8%9A%E0%B9%89%E0%B8%B2%E0%B8%99/%E0%B8%82%E0%B8%B2%E0%B8%A2-%E0%B8%84%E0%B8%AD%E0%B8%99%E0%B9%82%E0%B8%94-1-%E0%B8%AB%E0%B9%89%E0%B8%AD%E0%B8%87%E0%B8%99%E0%B8%AD%E0%B8%99-%E0%B8%97%E0%B8%B5%E0%B9%88-%E0%B9%80%E0%B8%94%E0%B8%AD%E0%B8%B0-%E0%B8%9E%E0%B8%A3%E0%B8%B5%E0%B9%82%E0%B8%AD-%E0%B8%8B%E0%B8%B4%E0%B8%81%E0%B9%80%E0%B8%99%E0%B9%80%E0%B8%88%E0%B8%AD%E0%B8%A3%E0%B9%8C-%E0%B8%84%E0%B8%AD%E0%B8%99%E0%B9%82%E0%B8%94-%E0%B9%80%E0%B8%8A%E0%B8%B5%E0%B8%A2%E0%B8%87%E0%B9%83%E0%B8%AB%E0%B8%A1%E0%B9%88-%E0%B9%83%E0%B8%99-%E0%B8%9B%E0%B9%88%E0%B8%B2%E0%B9%81%E0%B8%94%E0%B8%94-%E0%B9%80%E0%B8%8A%E0%B8%B5%E0%B8%A2%E0%B8%87%E0%B9%83%E0%B8%AB%E0%B8%A1%E0%B9%88-u681,"ขาย คอนโด 1 ห้องนอน ในโครงการ The Prio Signature Condo Chiangmai (เดอะ พรีโอ ซิกเนเจอร์ คอนโด เชียงใหม่)
ป่าแดด, เมืองเชียงใหม่,
เชียงใหม่
฿3,221,800
฿1,373/เดือน
18
6%
1 ห้องนอน
1 ห้องน้ำ
39.24 ตรม. พื้นที่ใช้สอย
มี.ค. 2559 สร้างเสร็จแล้ว
ขาย คอนโด 1 ห้องนอน ในโครงการ The Prio Signature Condo Chiangmai (เดอะ พรีโอ ซิกเนเจอร์ คอนโด เชียงใหม่)
อสังหาริมทรัพย์นี้เป็น คอนโด สำหรับขาย ขนาด 1 ห้องนอน มีพื้นที่ใช้สอย 39.24 ตรม. ซึ่งยูนิตนี้อยู่ในโครงการ เดอะ พรีโอ ซิกเนเจอร์ คอนโด เชียงใหม่ บนทำเลของ ป่าแดด, เชียงใหม่ และสร้างเสร็จแล้วเมื่อ มี.ค. 2559 ซึ่งคุณสามารถซื้อ คอนโด นี้ได้ที่ราคา ฿3,221,800 (฿82,105/ตรม.)"
https://www.fazwaz.co.th/%E0%B8%82%E0%B8%B2%E0%B8%A2%E0%B8%9A%E0%B9%89%E0%B8%B2%E0%B8%99/%E0%B8%82%E0%B8%B2%E0%B8%A2-%E0%B8%84%E0%B8%AD%E0%B8%99%E0%B9%82%E0%B8%94-1-%E0%B8%AB%E0%B9%89%E0%B8%AD%E0%B8%87%E0%B8%99%E0%B8%AD%E0%B8%99-%E0%B8%97%E0%B8%B5%E0%B9%88-%E0%B9%80%E0%B8%94%E0%B8%AD%E0%B8%B0-%E0%B8%9E%E0%B8%A3%E0%B8%B5%E0%B9%82%E0%B8%AD-%E0%B8%8B%E0%B8%B4%E0%B8%81%E0%B9%80%E0%B8%99%E0%B9%80%E0%B8%88%E0%B8%AD%E0%B8%A3%E0%B9%8C-%E0%B8%84%E0%B8%AD%E0%B8%99%E0%B9%82%E0%B8%94-%E0%B9%80%E0%B8%8A%E0%B8%B5%E0%B8%A2%E0%B8%87%E0%B9%83%E0%B8%AB%E0%B8%A1%E0%B9%88-%E0%B9%83%E0%B8%99-%E0%B8%9B%E0%B9%88%E0%B8%B2%E0%B9%81%E0%B8%94%E0%B8%94-%E0%B9%80%E0%B8%8A%E0%B8%B5%E0%B8%A2%E0%B8%87%E0%B9%83%E0%B8%AB%E0%B8%A1%E0%B9%88-u683,"ขาย คอนโด 1 ห้องนอน ในโครงการ The Prio Signature Condo Chiangmai (เดอะ พรีโอ ซิกเนเจอร์ คอนโด เชียงใหม่)
ป่าแดด, เมืองเชียงใหม่,
เชียงใหม่
฿3,221,800
฿1,373/เดือน
18
6%
1 ห้องนอน
1 ห้องน้ำ
39.24 ตรม. พื้นที่ใช้สอย
มี.ค. 2559 สร้างเสร็จแล้ว
ขาย คอนโด 1 ห้องนอน ในโครงการ The Prio Signature Condo Chiangmai (เดอะ พรีโอ ซิกเนเจอร์ คอนโด เชียงใหม่)
อสังหาริมทรัพย์นี้เป็น คอนโด สำหรับขาย ขนาด 1 ห้องนอน มีพื้นที่ใช้สอย 39.24 ตรม. ซึ่งยูนิตนี้อยู่ในโครงการ เดอะ พรีโอ ซิกเนเจอร์ คอนโด เชียงใหม่ บนทำเลของ ป่าแดด, เชียงใหม่ และสร้างเสร็จแล้วเมื่อ มี.ค. 2559 ซึ่งคุณสามารถซื้อ คอนโด นี้ได้ที่ราคา ฿3,221,800 (฿82,105/ตรม.)"
https://www.fazwaz.co.th/%E0%B8%82%E0%B8%B2%E0%B8%A2%E0%B8%9A%E0%B9%89%E0%B8%B2%E0%B8%99/%E0%B8%82%E0%B8%B2%E0%B8%A2-%E0%B8%84%E0%B8%AD%E0%B8%99%E0%B9%82%E0%B8%94-1-%E0%B8%AB%E0%B9%89%E0%B8%AD%E0%B8%87%E0%B8%99%E0%B8%AD%E0%B8%99-%E0%B8%97%E0%B8%B5%E0%B9%88-%E0%B9%80%E0%B8%94%E0%B8%AD%E0%B8%B0-%E0%B8%9E%E0%B8%A3%E0%B8%B5%E0%B9%82%E0%B8%AD-%E0%B8%8B%E0%B8%B4%E0%B8%81%E0%B9%80%E0%B8%99%E0%B9%80%E0%B8%88%E0%B8%AD%E0%B8%A3%E0%B9%8C-%E0%B8%84%E0%B8%AD%E0%B8%99%E0%B9%82%E0%B8%94-%E0%B9%80%E0%B8%8A%E0%B8%B5%E0%B8%A2%E0%B8%87%E0%B9%83%E0%B8%AB%E0%B8%A1%E0%B9%88-%E0%B9%83%E0%B8%99-%E0%B8%9B%E0%B9%88%E0%B8%B2%E0%B9%81%E0%B8%94%E0%B8%94-%E0%B9%80%E0%B8%8A%E0%B8%B5%E0%B8%A2%E0%B8%87%E0%B9%83%E0%B8%AB%E0%B8%A1%E0%B9%88-u684,"ขาย คอนโด 1 ห้องนอน ในโครงการ The Prio Signature Condo Chiangmai (เดอะ พรีโอ ซิกเนเจอร์ คอนโด เชียงใหม่)
ป่าแดด, เมืองเชียงใหม่,
เชียงใหม่
฿3,473,600
฿1,373/เดือน
18
6%
1 ห้องนอน
1 ห้องน้ำ
39.24 ตรม. พื้นที่ใช้สอย
มี.ค. 2559 สร้างเสร็จแล้ว
ขาย คอนโด 1 ห้องนอน ในโครงการ The Prio Signature Condo Chiangmai (เดอะ พรีโอ ซิกเนเจอร์ คอนโด เชียงใหม่)
อสังหาริมทรัพย์นี้เป็น คอนโด สำหรับขาย ขนาด 1 ห้องนอน มีพื้นที่ใช้สอย 39.24 ตรม. ซึ่งยูนิตนี้อยู่ในโครงการ เดอะ พรีโอ ซิกเนเจอร์ คอนโด เชียงใหม่ บนทำเลของ ป่าแดด, เชียงใหม่ และสร้างเสร็จแล้วเมื่อ มี.ค. 2559 ซึ่งคุณสามารถซื้อ คอนโด นี้ได้ที่ราคา ฿3,473,600 (฿88,522/ตรม.)"
https://www.fazwaz.co.th/%E0%B8%82%E0%B8%B2%E0%B8%A2%E0%B8%9A%E0%B9%89%E0%B8%B2%E0%B8%99/%E0%B8%82%E0%B8%B2%E0%B8%A2-%E0%B8%84%E0%B8%AD%E0%B8%99%E0%B9%82%E0%B8%94-1-%E0%B8%AB%E0%B9%89%E0%B8%AD%E0%B8%87%E0%B8%99%E0%B8%AD%E0%B8%99-%E0%B8%97%E0%B8%B5%E0%B9%88-%E0%B9%80%E0%B8%94%E0%B8%AD%E0%B8%B0-%E0%B8%9E%E0%B8%A3%E0%B8%B5%E0%B9%82%E0%B8%AD-%E0%B8%8B%E0%B8%B4%E0%B8%81%E0%B9%80%E0%B8%99%E0%B9%80%E0%B8%88%E0%B8%AD%E0%B8%A3%E0%B9%8C-%E0%B8%84%E0%B8%AD%E0%B8%99%E0%B9%82%E0%B8%94-%E0%B9%80%E0%B8%8A%E0%B8%B5%E0%B8%A2%E0%B8%87%E0%B9%83%E0%B8%AB%E0%B8%A1%E0%B9%88-%E0%B9%83%E0%B8%99-%E0%B8%9B%E0%B9%88%E0%B8%B2%E0%B9%81%E0%B8%94%E0%B8%94-%E0%B9%80%E0%B8%8A%E0%B8%B5%E0%B8%A2%E0%B8%87%E0%B9%83%E0%B8%AB%E0%B8%A1%E0%B9%88-u685,"ขาย คอนโด 1 ห้องนอน ในโครงการ The Prio Signature Condo Chiangmai (เดอะ พรีโอ ซิกเนเจอร์ คอนโด เชียงใหม่)
ป่าแดด, เมืองเชียงใหม่,
เชียงใหม่
฿3,155,300
฿1,375/เดือน
18
6%
1 ห้องนอน
1 ห้องน้ำ
39.29 ตรม. พื้นที่ใช้สอย
มี.ค. 2559 สร้างเสร็จแล้ว
ขาย คอนโด 1 ห้องนอน ในโครงการ The Prio Signature Condo Chiangmai (เดอะ พรีโอ ซิกเนเจอร์ คอนโด เชียงใหม่)
อสังหาริมทรัพย์นี้เป็น คอนโด สำหรับขาย ขนาด 1 ห้องนอน มีพื้นที่ใช้สอย 39.29 ตรม. ซึ่งยูนิตนี้อยู่ในโครงการ เดอะ พรีโอ ซิกเนเจอร์ คอนโด เชียงใหม่ บนทำเลของ ป่าแดด, เชียงใหม่ และสร้างเสร็จแล้วเมื่อ มี.ค. 2559 ซึ่งคุณสามารถซื้อ คอนโด นี้ได้ที่ราคา ฿3,155,300 (฿80,308/ตรม.)"
https://www.fazwaz.co.th/%E0%B8%82%E0%B8%B2%E0%B8%A2%E0%B8%9A%E0%B9%89%E0%B8%B2%E0%B8%99/%E0%B8%82%E0%B8%B2%E0%B8%A2-%E0%B8%84%E0%B8%AD%E0%B8%99%E0%B9%82%E0%B8%94-1-%E0%B8%AB%E0%B9%89%E0%B8%AD%E0%B8%87%E0%B8%99%E0%B8%AD%E0%B8%99-%E0%B8%97%E0%B8%B5%E0%B9%88-%E0%B9%80%E0%B8%94%E0%B8%AD%E0%B8%B0-%E0%B8%9E%E0%B8%A3%E0%B8%B5%E0%B9%82%E0%B8%AD-%E0%B8%8B%E0%B8%B4%E0%B8%81%E0%B9%80%E0%B8%99%E0%B9%80%E0%B8%88%E0%B8%AD%E0%B8%A3%E0%B9%8C-%E0%B8%84%E0%B8%AD%E0%B8%99%E0%B9%82%E0%B8%94-%E0%B9%80%E0%B8%8A%E0%B8%B5%E0%B8%A2%E0%B8%87%E0%B9%83%E0%B8%AB%E0%B8%A1%E0%B9%88-%E0%B9%83%E0%B8%99-%E0%B8%9B%E0%B9%88%E0%B8%B2%E0%B9%81%E0%B8%94%E0%B8%94-%E0%B9%80%E0%B8%8A%E0%B8%B5%E0%B8%A2%E0%B8%87%E0%B9%83%E0%B8%AB%E0%B8%A1%E0%B9%88-u687,"ขาย คอนโด 1 ห้องนอน ในโครงการ The Prio Signature Condo Chiangmai (เดอะ พรีโอ ซิกเนเจอร์ คอนโด เชียงใหม่)
ป่าแดด, เมืองเชียงใหม่,
เชียงใหม่
฿3,076,474
฿1,311/เดือน
18
6%
1 ห้องนอน
1 ห้องน้ำ
37.47 ตรม. พื้นที่ใช้สอย
มี.ค. 2559 สร้างเสร็จแล้ว
ขาย คอนโด 1 ห้องนอน ในโครงการ The Prio Signature Condo Chiangmai (เดอะ พรีโอ ซิกเนเจอร์ คอนโด เชียงใหม่)
อสังหาริมทรัพย์นี้เป็น คอนโด สำหรับขาย ขนาด 1 ห้องนอน มีพื้นที่ใช้สอย 37.47 ตรม. ซึ่งยูนิตนี้อยู่ในโครงการ เดอะ พรีโอ ซิกเนเจอร์ คอนโด เชียงใหม่ บนทำเลของ ป่าแดด, เชียงใหม่ และสร้างเสร็จแล้วเมื่อ มี.ค. 2559 ซึ่งคุณสามารถซื้อ คอนโด นี้ได้ที่ราคา ฿3,076,474 (฿82,105/ตรม.)"
https://www.fazwaz.co.th/%E0%B8%82%E0%B8%B2%E0%B8%A2%E0%B8%9A%E0%B9%89%E0%B8%B2%E0%B8%99/%E0%B8%82%E0%B8%B2%E0%B8%A2-%E0%B8%84%E0%B8%AD%E0%B8%99%E0%B9%82%E0%B8%94-1-%E0%B8%AB%E0%B9%89%E0%B8%AD%E0%B8%87%E0%B8%99%E0%B8%AD%E0%B8%99-%E0%B8%97%E0%B8%B5%E0%B9%88-%E0%B9%80%E0%B8%94%E0%B8%AD%E0%B8%B0-%E0%B8%9E%E0%B8%A3%E0%B8%B5%E0%B9%82%E0%B8%AD-%E0%B8%8B%E0%B8%B4%E0%B8%81%E0%B9%80%E0%B8%99%E0%B9%80%E0%B8%88%E0%B8%AD%E0%B8%A3%E0%B9%8C-%E0%B8%84%E0%B8%AD%E0%B8%99%E0%B9%82%E0%B8%94-%E0%B9%80%E0%B8%8A%E0%B8%B5%E0%B8%A2%E0%B8%87%E0%B9%83%E0%B8%AB%E0%B8%A1%E0%B9%88-%E0%B9%83%E0%B8%99-%E0%B8%9B%E0%B9%88%E0%B8%B2%E0%B9%81%E0%B8%94%E0%B8%94-%E0%B9%80%E0%B8%8A%E0%B8%B5%E0%B8%A2%E0%B8%87%E0%B9%83%E0%B8%AB%E0%B8%A1%E0%B9%88-u688,"ขาย คอนโด 1 ห้องนอน ในโครงการ The Prio Signature Condo Chiangmai (เดอะ พรีโอ ซิกเนเจอร์ คอนโด เชียงใหม่)
ป่าแดด, เมืองเชียงใหม่,
เชียงใหม่
฿3,076,474
฿1,311/เดือน
18
6%
1 ห้องนอน
1 ห้องน้ำ
37.47 ตรม. พื้นที่ใช้สอย
มี.ค. 2559 สร้างเสร็จแล้ว
ขาย คอนโด 1 ห้องนอน ในโครงการ The Prio Signature Condo Chiangmai (เดอะ พรีโอ ซิกเนเจอร์ คอนโด เชียงใหม่)
อสังหาริมทรัพย์นี้เป็น คอนโด สำหรับขาย ขนาด 1 ห้องนอน มีพื้นที่ใช้สอย 37.47 ตรม. ซึ่งยูนิตนี้อยู่ในโครงการ เดอะ พรีโอ ซิกเนเจอร์ คอนโด เชียงใหม่ บนทำเลของ ป่าแดด, เชียงใหม่ และสร้างเสร็จแล้วเมื่อ มี.ค. 2559 ซึ่งคุณสามารถซื้อ คอนโด นี้ได้ที่ราคา ฿3,076,474 (฿82,105/ตรม.)"
https://www.fazwaz.co.th/%E0%B8%82%E0%B8%B2%E0%B8%A2%E0%B8%9A%E0%B9%89%E0%B8%B2%E0%B8%99/%E0%B8%82%E0%B8%B2%E0%B8%A2-%E0%B8%84%E0%B8%AD%E0%B8%99%E0%B9%82%E0%B8%94-1-%E0%B8%AB%E0%B9%89%E0%B8%AD%E0%B8%87%E0%B8%99%E0%B8%AD%E0%B8%99-%E0%B8%97%E0%B8%B5%E0%B9%88-%E0%B9%80%E0%B8%94%E0%B8%AD%E0%B8%B0-%E0%B8%9E%E0%B8%A3%E0%B8%B5%E0%B9%82%E0%B8%AD-%E0%B8%8B%E0%B8%B4%E0%B8%81%E0%B9%80%E0%B8%99%E0%B9%80%E0%B8%88%E0%B8%AD%E0%B8%A3%E0%B9%8C-%E0%B8%84%E0%B8%AD%E0%B8%99%E0%B9%82%E0%B8%94-%E0%B9%80%E0%B8%8A%E0%B8%B5%E0%B8%A2%E0%B8%87%E0%B9%83%E0%B8%AB%E0%B8%A1%E0%B9%88-%E0%B9%83%E0%B8%99-%E0%B8%9B%E0%B9%88%E0%B8%B2%E0%B9%81%E0%B8%94%E0%B8%94-%E0%B9%80%E0%B8%8A%E0%B8%B5%E0%B8%A2%E0%B8%87%E0%B9%83%E0%B8%AB%E0%B8%A1%E0%B9%88-u689,"ขาย คอนโด 1 ห้องนอน ในโครงการ The Prio Signature Condo Chiangmai (เดอะ พรีโอ ซิกเนเจอร์ คอนโด เชียงใหม่)
ป่าแดด, เมืองเชียงใหม่,
เชียงใหม่
฿3,455,898
฿1,366/เดือน
18
6%
1 ห้องนอน
1 ห้องน้ำ
39.04 ตรม. พื้นที่ใช้สอย
มี.ค. 2559 สร้างเสร็จแล้ว
ขาย คอนโด 1 ห้องนอน ในโครงการ The Prio Signature Condo Chiangmai (เดอะ พรีโอ ซิกเนเจอร์ คอนโด เชียงใหม่)
อสังหาริมทรัพย์นี้เป็น คอนโด สำหรับขาย ขนาด 1 ห้องนอน มีพื้นที่ใช้สอย 39.04 ตรม. ซึ่งยูนิตนี้อยู่ในโครงการ เดอะ พรีโอ ซิกเนเจอร์ คอนโด เชียงใหม่ บนทำเลของ ป่าแดด, เชียงใหม่ และสร้างเสร็จแล้วเมื่อ มี.ค. 2559 ซึ่งคุณสามารถซื้อ คอนโด นี้ได้ที่ราคา ฿3,455,898 (฿88,522/ตรม.)"
https://www.fazwaz.co.th/%E0%B8%82%E0%B8%B2%E0%B8%A2%E0%B8%9A%E0%B9%89%E0%B8%B2%E0%B8%99/%E0%B8%82%E0%B8%B2%E0%B8%A2-%E0%B8%84%E0%B8%AD%E0%B8%99%E0%B9%82%E0%B8%94-1-%E0%B8%AB%E0%B9%89%E0%B8%AD%E0%B8%87%E0%B8%99%E0%B8%AD%E0%B8%99-%E0%B8%97%E0%B8%B5%E0%B9%88-%E0%B9%80%E0%B8%94%E0%B8%AD%E0%B8%B0-%E0%B8%9E%E0%B8%A3%E0%B8%B5%E0%B9%82%E0%B8%AD-%E0%B8%8B%E0%B8%B4%E0%B8%81%E0%B9%80%E0%B8%99%E0%B9%80%E0%B8%88%E0%B8%AD%E0%B8%A3%E0%B9%8C-%E0%B8%84%E0%B8%AD%E0%B8%99%E0%B9%82%E0%B8%94-%E0%B9%80%E0%B8%8A%E0%B8%B5%E0%B8%A2%E0%B8%87%E0%B9%83%E0%B8%AB%E0%B8%A1%E0%B9%88-%E0%B9%83%E0%B8%99-%E0%B8%9B%E0%B9%88%E0%B8%B2%E0%B9%81%E0%B8%94%E0%B8%94-%E0%B9%80%E0%B8%8A%E0%B8%B5%E0%B8%A2%E0%B8%87%E0%B9%83%E0%B8%AB%E0%B8%A1%E0%B9%88-u73456,"ขาย คอนโด 1 ห้องนอน ในโครงการ The Prio Signature Condo Chiangmai (เดอะ พรีโอ ซิกเนเจอร์ คอนโด เชียงใหม่)
ป่าแดด, เมืองเชียงใหม่,
เชียงใหม่
฿2,800,000
฿1,383/เดือน
18
6%
1 ห้องนอน
1 ห้องน้ำ
39.51 ตรม. พื้นที่ใช้สอย
3 ชั้น
มี.ค. 2559 สร้างเสร็จแล้ว
ขาย คอนโด 1 ห้องนอน ในโครงการ The Prio Signature Condo Chiangmai (เดอะ พรีโอ ซิกเนเจอร์ คอนโด เชียงใหม่)
อสังหาริมทรัพย์นี้เป็น คอนโด สำหรับขาย ขนาด 1 ห้องนอน มีพื้นที่ใช้สอย 39.51 ตรม. ซึ่งยูนิตนี้อยู่ในโครงการ เดอะ พรีโอ ซิกเนเจอร์ คอนโด เชียงใหม่ บนทำเลของ ป่าแดด, เชียงใหม่ และสร้างเสร็จแล้วเมื่อ มี.ค. 2559 ซึ่งคุณสามารถซื้อ คอนโด นี้ได้ที่ราคา ฿2,800,000 (฿70,868/ตรม.)"
https://www.fazwaz.co.th/%E0%B8%82%E0%B8%B2%E0%B8%A2%E0%B8%9A%E0%B9%89%E0%B8%B2%E0%B8%99/%E0%B8%82%E0%B8%B2%E0%B8%A2-%E0%B8%84%E0%B8%AD%E0%B8%99%E0%B9%82%E0%B8%94-1-%E0%B8%AB%E0%B9%89%E0%B8%AD%E0%B8%87%E0%B8%99%E0%B8%AD%E0%B8%99-%E0%B8%97%E0%B8%B5%E0%B9%88-%E0%B9%80%E0%B8%94%E0%B8%AD%E0%B8%B0-%E0%B8%9E%E0%B8%B4%E0%B9%80%E0%B8%9E%E0%B8%B4%E0%B8%A5-%E0%B8%9E%E0%B8%B2%E0%B8%A3%E0%B9%8C%E0%B8%84-%E0%B8%AE%E0%B8%B4%E0%B8%A5-%E0%B9%80%E0%B8%A3%E0%B8%AA%E0%B8%8B%E0%B8%B4%E0%B9%80%E0%B8%94%E0%B8%99%E0%B8%95%E0%B9%8C-%E0%B9%83%E0%B8%99-%E0%B8%AB%E0%B8%99%E0%B8%AD%E0%B8%87%E0%B8%9C%E0%B8%B6%E0%B9%89%E0%B8%87-%E0%B9%80%E0%B8%8A%E0%B8%B5%E0%B8%A2%E0%B8%87%E0%B9%83%E0%B8%AB%E0%B8%A1%E0%B9%88-u5551444,"ขาย คอนโด 1 ห้องนอน ในโครงการ The People Park Hill Resident (เดอะ พิเพิล พาร์ค ฮิล เรสซิเดนต์)
หนองผึ้ง, สารภี,
เชียงใหม่
฿890,000
1 ห้องนอน
1 ห้องน้ำ
23 ตรม. พื้นที่ใช้สอย
1 ชั้น
ม.ค. 2557 สร้างเสร็จแล้ว
ขาย คอนโด 1 ห้องนอน ในโครงการ The People Park Hill Resident (เดอะ พิเพิล พาร์ค ฮิล เรสซิเดนต์)
อสังหาริมทรัพย์นี้เป็น คอนโด สำหรับขาย ขนาด 1 ห้องนอน มีพื้นที่ใช้สอย 23 ตรม. ซึ่งยูนิตนี้อยู่ในโครงการ เดอะ พิเพิล พาร์ค ฮิล เรสซิเดนต์ บนทำเลของ หนองผึ้ง, เชียงใหม่ และสร้างเสร็จแล้วเมื่อ ม.ค. 2557 ซึ่งคุณสามารถซื้อ คอนโด นี้ได้ที่ราคา ฿890,000 (฿38,696/ตรม.)"
https://www.fazwaz.co.th/%E0%B8%82%E0%B8%B2%E0%B8%A2%E0%B8%9A%E0%B9%89%E0%B8%B2%E0%B8%99/%E0%B8%82%E0%B8%B2%E0%B8%A2-%E0%B8%84%E0%B8%AD%E0%B8%99%E0%B9%82%E0%B8%94-1-%E0%B8%AB%E0%B9%89%E0%B8%AD%E0%B8%87%E0%B8%99%E0%B8%AD%E0%B8%99-%E0%B8%97%E0%B8%B5%E0%B9%88-%E0%B9%80%E0%B8%94%E0%B8%AD%E0%B8%B0-%E0%B8%A3%E0%B8%B4%E0%B8%8A-%E0%B8%84%E0%B8%AD%E0%B8%99%E0%B9%82%E0%B8%94-%E0%B9%83%E0%B8%99-%E0%B8%AB%E0%B8%99%E0%B8%AD%E0%B8%87%E0%B8%AB%E0%B8%AD%E0%B8%A2-%E0%B9%80%E0%B8%8A%E0%B8%B5%E0%B8%A2%E0%B8%87%E0%B9%83%E0%B8%AB%E0%B8%A1%E0%B9%88-u697,"ขาย คอนโด 1 ห้องนอน ในโครงการ The Rich Condo (เดอะ ริช คอนโด)
หนองหอย, เมืองเชียงใหม่,
เชียงใหม่
฿1,687,000
฿1,208/เดือน
1 ห้องนอน
1 ห้องน้ำ
34.50 ตรม. พื้นที่ใช้สอย
1 ชั้น
ก.ย. 2558 สร้างเสร็จแล้ว
ขาย คอนโด 1 ห้องนอน ในโครงการ The Rich Condo (เดอะ ริช คอนโด)
อสังหาริมทรัพย์นี้เป็น คอนโด สำหรับขาย ขนาด 1 ห้องนอน มีพื้นที่ใช้สอย 34.50 ตรม. ซึ่งยูนิตนี้อยู่ในโครงการ เดอะ ริช คอนโด บนทำเลของ หนองหอย, เชียงใหม่ และสร้างเสร็จแล้วเมื่อ ก.ย. 2558 ซึ่งคุณสามารถซื้อ คอนโด นี้ได้ที่ราคา ฿1,687,000 (฿48,899/ตรม.)"
https://www.fazwaz.co.th/%E0%B8%82%E0%B8%B2%E0%B8%A2%E0%B8%9A%E0%B9%89%E0%B8%B2%E0%B8%99/%E0%B8%82%E0%B8%B2%E0%B8%A2-%E0%B8%84%E0%B8%AD%E0%B8%99%E0%B9%82%E0%B8%94-1-%E0%B8%AB%E0%B9%89%E0%B8%AD%E0%B8%87%E0%B8%99%E0%B8%AD%E0%B8%99-%E0%B8%97%E0%B8%B5%E0%B9%88-%E0%B9%80%E0%B8%94%E0%B8%AD%E0%B8%B0-%E0%B8%A3%E0%B8%B4%E0%B8%8A-%E0%B8%84%E0%B8%AD%E0%B8%99%E0%B9%82%E0%B8%94-%E0%B9%83%E0%B8%99-%E0%B8%AB%E0%B8%99%E0%B8%AD%E0%B8%87%E0%B8%AB%E0%B8%AD%E0%B8%A2-%E0%B9%80%E0%B8%8A%E0%B8%B5%E0%B8%A2%E0%B8%87%E0%B9%83%E0%B8%AB%E0%B8%A1%E0%B9%88-u698,"ขาย คอนโด 1 ห้องนอน ในโครงการ The Rich Condo (เดอะ ริช คอนโด)
หนองหอย, เมืองเชียงใหม่,
เชียงใหม่
฿1,687,000
฿1,208/เดือน
1 ห้องนอน
1 ห้องน้ำ
34.50 ตรม. พื้นที่ใช้สอย
1 ชั้น
ก.ย. 2558 สร้างเสร็จแล้ว
ขาย คอนโด 1 ห้องนอน ในโครงการ The Rich Condo (เดอะ ริช คอนโด)
อสังหาริมทรัพย์นี้เป็น คอนโด สำหรับขาย ขนาด 1 ห้องนอน มีพื้นที่ใช้สอย 34.50 ตรม. ซึ่งยูนิตนี้อยู่ในโครงการ เดอะ ริช คอนโด บนทำเลของ หนองหอย, เชียงใหม่ และสร้างเสร็จแล้วเมื่อ ก.ย. 2558 ซึ่งคุณสามารถซื้อ คอนโด นี้ได้ที่ราคา ฿1,687,000 (฿48,899/ตรม.)"
https://www.fazwaz.co.th/%E0%B8%82%E0%B8%B2%E0%B8%A2%E0%B8%9A%E0%B9%89%E0%B8%B2%E0%B8%99/%E0%B8%82%E0%B8%B2%E0%B8%A2-%E0%B8%84%E0%B8%AD%E0%B8%99%E0%B9%82%E0%B8%94-1-%E0%B8%AB%E0%B9%89%E0%B8%AD%E0%B8%87%E0%B8%99%E0%B8%AD%E0%B8%99-%E0%B8%97%E0%B8%B5%E0%B9%88-%E0%B9%80%E0%B8%94%E0%B8%AD%E0%B8%B0-%E0%B8%A3%E0%B8%B4%E0%B8%8A-%E0%B8%84%E0%B8%AD%E0%B8%99%E0%B9%82%E0%B8%94-%E0%B9%83%E0%B8%99-%E0%B8%AB%E0%B8%99%E0%B8%AD%E0%B8%87%E0%B8%AB%E0%B8%AD%E0%B8%A2-%E0%B9%80%E0%B8%8A%E0%B8%B5%E0%B8%A2%E0%B8%87%E0%B9%83%E0%B8%AB%E0%B8%A1%E0%B9%88-u699,"ขาย คอนโด 1 ห้องนอน ในโครงการ The Rich Condo (เดอะ ริช คอนโด)
หนองหอย, เมืองเชียงใหม่,
เชียงใหม่
฿1,652,500
฿1,208/เดือน
1 ห้องนอน
1 ห้องน้ำ
34.50 ตรม. พื้นที่ใช้สอย
1 ชั้น
ก.ย. 2558 สร้างเสร็จแล้ว
ขาย คอนโด 1 ห้องนอน ในโครงการ The Rich Condo (เดอะ ริช คอนโด)
อสังหาริมทรัพย์นี้เป็น คอนโด สำหรับขาย ขนาด 1 ห้องนอน มีพื้นที่ใช้สอย 34.50 ตรม. ซึ่งยูนิตนี้อยู่ในโครงการ เดอะ ริช คอนโด บนทำเลของ หนองหอย, เชียงใหม่ และสร้างเสร็จแล้วเมื่อ ก.ย. 2558 ซึ่งคุณสามารถซื้อ คอนโด นี้ได้ที่ราคา ฿1,652,500 (฿47,899/ตรม.)"
https://www.fazwaz.co.th/%E0%B8%82%E0%B8%B2%E0%B8%A2%E0%B8%9A%E0%B9%89%E0%B8%B2%E0%B8%99/%E0%B8%82%E0%B8%B2%E0%B8%A2-%E0%B8%84%E0%B8%AD%E0%B8%99%E0%B9%82%E0%B8%94-1-%E0%B8%AB%E0%B9%89%E0%B8%AD%E0%B8%87%E0%B8%99%E0%B8%AD%E0%B8%99-%E0%B8%97%E0%B8%B5%E0%B9%88-%E0%B9%80%E0%B8%94%E0%B8%AD%E0%B8%B0-%E0%B8%A3%E0%B8%B4%E0%B8%8A-%E0%B8%84%E0%B8%AD%E0%B8%99%E0%B9%82%E0%B8%94-%E0%B9%83%E0%B8%99-%E0%B8%AB%E0%B8%99%E0%B8%AD%E0%B8%87%E0%B8%AB%E0%B8%AD%E0%B8%A2-%E0%B9%80%E0%B8%8A%E0%B8%B5%E0%B8%A2%E0%B8%87%E0%B9%83%E0%B8%AB%E0%B8%A1%E0%B9%88-u700,"ขาย คอนโด 1 ห้องนอน ในโครงการ The Rich Condo (เดอะ ริช คอนโด)
หนองหอย, เมืองเชียงใหม่,
เชียงใหม่
฿1,652,500
฿1,208/เดือน
1 ห้องนอน
1 ห้องน้ำ
34.50 ตรม. พื้นที่ใช้สอย
1 ชั้น
ก.ย. 2558 สร้างเสร็จแล้ว
ขาย คอนโด 1 ห้องนอน ในโครงการ The Rich Condo (เดอะ ริช คอนโด)
อสังหาริมทรัพย์นี้เป็น คอนโด สำหรับขาย ขนาด 1 ห้องนอน มีพื้นที่ใช้สอย 34.50 ตรม. ซึ่งยูนิตนี้อยู่ในโครงการ เดอะ ริช คอนโด บนทำเลของ หนองหอย, เชียงใหม่ และสร้างเสร็จแล้วเมื่อ ก.ย. 2558 ซึ่งคุณสามารถซื้อ คอนโด นี้ได้ที่ราคา ฿1,652,500 (฿47,899/ตรม.)"
https://www.fazwaz.co.th/%E0%B8%82%E0%B8%B2%E0%B8%A2%E0%B8%9A%E0%B9%89%E0%B8%B2%E0%B8%99/%E0%B8%82%E0%B8%B2%E0%B8%A2-%E0%B8%84%E0%B8%AD%E0%B8%99%E0%B9%82%E0%B8%94-1-%E0%B8%AB%E0%B9%89%E0%B8%AD%E0%B8%87%E0%B8%99%E0%B8%AD%E0%B8%99-%E0%B8%97%E0%B8%B5%E0%B9%88-%E0%B9%80%E0%B8%94%E0%B8%AD%E0%B8%B0-%E0%B8%A3%E0%B8%B4%E0%B8%8A-%E0%B8%84%E0%B8%AD%E0%B8%99%E0%B9%82%E0%B8%94-%E0%B9%83%E0%B8%99-%E0%B8%AB%E0%B8%99%E0%B8%AD%E0%B8%87%E0%B8%AB%E0%B8%AD%E0%B8%A2-%E0%B9%80%E0%B8%8A%E0%B8%B5%E0%B8%A2%E0%B8%87%E0%B9%83%E0%B8%AB%E0%B8%A1%E0%B9%88-u701,"ขาย คอนโด 1 ห้องนอน ในโครงการ The Rich Condo (เดอะ ริช คอนโด)
หนองหอย, เมืองเชียงใหม่,
เชียงใหม่
฿1,652,500
฿1,208/เดือน
1 ห้องนอน
1 ห้องน้ำ
34.50 ตรม. พื้นที่ใช้สอย
1 ชั้น
ก.ย. 2558 สร้างเสร็จแล้ว
ขาย คอนโด 1 ห้องนอน ในโครงการ The Rich Condo (เดอะ ริช คอนโด)
อสังหาริมทรัพย์นี้เป็น คอนโด สำหรับขาย ขนาด 1 ห้องนอน มีพื้นที่ใช้สอย 34.50 ตรม. ซึ่งยูนิตนี้อยู่ในโครงการ เดอะ ริช คอนโด บนทำเลของ หนองหอย, เชียงใหม่ และสร้างเสร็จแล้วเมื่อ ก.ย. 2558 ซึ่งคุณสามารถซื้อ คอนโด นี้ได้ที่ราคา ฿1,652,500 (฿47,899/ตรม.)"
https://www.fazwaz.co.th/%E0%B8%82%E0%B8%B2%E0%B8%A2%E0%B8%9A%E0%B9%89%E0%B8%B2%E0%B8%99/%E0%B8%82%E0%B8%B2%E0%B8%A2-%E0%B8%84%E0%B8%AD%E0%B8%99%E0%B9%82%E0%B8%94-1-%E0%B8%AB%E0%B9%89%E0%B8%AD%E0%B8%87%E0%B8%99%E0%B8%AD%E0%B8%99-%E0%B8%97%E0%B8%B5%E0%B9%88-%E0%B9%80%E0%B8%94%E0%B8%AD%E0%B8%B0-%E0%B8%A3%E0%B8%B4%E0%B8%8A-%E0%B8%84%E0%B8%AD%E0%B8%99%E0%B9%82%E0%B8%94-%E0%B9%83%E0%B8%99-%E0%B8%AB%E0%B8%99%E0%B8%AD%E0%B8%87%E0%B8%AB%E0%B8%AD%E0%B8%A2-%E0%B9%80%E0%B8%8A%E0%B8%B5%E0%B8%A2%E0%B8%87%E0%B9%83%E0%B8%AB%E0%B8%A1%E0%B9%88-u702,"ขาย คอนโด 1 ห้องนอน ในโครงการ The Rich Condo (เดอะ ริช คอนโด)
หนองหอย, เมืองเชียงใหม่,
เชียงใหม่
฿1,652,500
฿1,208/เดือน
1 ห้องนอน
1 ห้องน้ำ
34.50 ตรม. พื้นที่ใช้สอย
1 ชั้น
ก.ย. 2558 สร้างเสร็จแล้ว
ขาย คอนโด 1 ห้องนอน ในโครงการ The Rich Condo (เดอะ ริช คอนโด)
อสังหาริมทรัพย์นี้เป็น คอนโด สำหรับขาย ขนาด 1 ห้องนอน มีพื้นที่ใช้สอย 34.50 ตรม. ซึ่งยูนิตนี้อยู่ในโครงการ เดอะ ริช คอนโด บนทำเลของ หนองหอย, เชียงใหม่ และสร้างเสร็จแล้วเมื่อ ก.ย. 2558 ซึ่งคุณสามารถซื้อ คอนโด นี้ได้ที่ราคา ฿1,652,500 (฿47,899/ตรม.)"
https://www.fazwaz.co.th/%E0%B8%82%E0%B8%B2%E0%B8%A2%E0%B8%9A%E0%B9%89%E0%B8%B2%E0%B8%99/%E0%B8%82%E0%B8%B2%E0%B8%A2-%E0%B8%84%E0%B8%AD%E0%B8%99%E0%B9%82%E0%B8%94-1-%E0%B8%AB%E0%B9%89%E0%B8%AD%E0%B8%87%E0%B8%99%E0%B8%AD%E0%B8%99-%E0%B8%97%E0%B8%B5%E0%B9%88-%E0%B9%80%E0%B8%94%E0%B8%AD%E0%B8%B0-%E0%B8%A3%E0%B8%B4%E0%B8%8A-%E0%B8%84%E0%B8%AD%E0%B8%99%E0%B9%82%E0%B8%94-%E0%B9%83%E0%B8%99-%E0%B8%AB%E0%B8%99%E0%B8%AD%E0%B8%87%E0%B8%AB%E0%B8%AD%E0%B8%A2-%E0%B9%80%E0%B8%8A%E0%B8%B5%E0%B8%A2%E0%B8%87%E0%B9%83%E0%B8%AB%E0%B8%A1%E0%B9%88-u703,"ขาย คอนโด 1 ห้องนอน ในโครงการ The Rich Condo (เดอะ ริช คอนโด)
หนองหอย, เมืองเชียงใหม่,
เชียงใหม่
฿1,652,500
฿1,208/เดือน
1 ห้องนอน
1 ห้องน้ำ
34.50 ตรม. พื้นที่ใช้สอย
1 ชั้น
ก.ย. 2558 สร้างเสร็จแล้ว
ขาย คอนโด 1 ห้องนอน ในโครงการ The Rich Condo (เดอะ ริช คอนโด)
อสังหาริมทรัพย์นี้เป็น คอนโด สำหรับขาย ขนาด 1 ห้องนอน มีพื้นที่ใช้สอย 34.50 ตรม. ซึ่งยูนิตนี้อยู่ในโครงการ เดอะ ริช คอนโด บนทำเลของ หนองหอย, เชียงใหม่ และสร้างเสร็จแล้วเมื่อ ก.ย. 2558 ซึ่งคุณสามารถซื้อ คอนโด นี้ได้ที่ราคา ฿1,652,500 (฿47,899/ตรม.)"
https://www.fazwaz.co.th/%E0%B8%82%E0%B8%B2%E0%B8%A2%E0%B8%9A%E0%B9%89%E0%B8%B2%E0%B8%99/%E0%B8%82%E0%B8%B2%E0%B8%A2-%E0%B8%84%E0%B8%AD%E0%B8%99%E0%B9%82%E0%B8%94-1-%E0%B8%AB%E0%B9%89%E0%B8%AD%E0%B8%87%E0%B8%99%E0%B8%AD%E0%B8%99-%E0%B8%97%E0%B8%B5%E0%B9%88-%E0%B9%80%E0%B8%94%E0%B8%AD%E0%B8%B0-%E0%B8%A3%E0%B8%B4%E0%B8%8A-%E0%B8%84%E0%B8%AD%E0%B8%99%E0%B9%82%E0%B8%94-%E0%B9%83%E0%B8%99-%E0%B8%AB%E0%B8%99%E0%B8%AD%E0%B8%87%E0%B8%AB%E0%B8%AD%E0%B8%A2-%E0%B9%80%E0%B8%8A%E0%B8%B5%E0%B8%A2%E0%B8%87%E0%B9%83%E0%B8%AB%E0%B8%A1%E0%B9%88-u704,"ขาย คอนโด 1 ห้องนอน ในโครงการ The Rich Condo (เดอะ ริช คอนโด)
หนองหอย, เมืองเชียงใหม่,
เชียงใหม่
฿1,652,500
฿1,208/เดือน
1 ห้องนอน
1 ห้องน้ำ
34.50 ตรม. พื้นที่ใช้สอย
1 ชั้น
ก.ย. 2558 สร้างเสร็จแล้ว
ขาย คอนโด 1 ห้องนอน ในโครงการ The Rich Condo (เดอะ ริช คอนโด)
อสังหาริมทรัพย์นี้เป็น คอนโด สำหรับขาย ขนาด 1 ห้องนอน มีพื้นที่ใช้สอย 34.50 ตรม. ซึ่งยูนิตนี้อยู่ในโครงการ เดอะ ริช คอนโด บนทำเลของ หนองหอย, เชียงใหม่ และสร้างเสร็จแล้วเมื่อ ก.ย. 2558 ซึ่งคุณสามารถซื้อ คอนโด นี้ได้ที่ราคา ฿1,652,500 (฿47,899/ตรม.)"
https://www.fazwaz.co.th/%E0%B8%82%E0%B8%B2%E0%B8%A2%E0%B8%9A%E0%B9%89%E0%B8%B2%E0%B8%99/%E0%B8%82%E0%B8%B2%E0%B8%A2-%E0%B8%84%E0%B8%AD%E0%B8%99%E0%B9%82%E0%B8%94-1-%E0%B8%AB%E0%B9%89%E0%B8%AD%E0%B8%87%E0%B8%99%E0%B8%AD%E0%B8%99-%E0%B8%97%E0%B8%B5%E0%B9%88-%E0%B9%80%E0%B8%94%E0%B8%AD%E0%B8%B0-%E0%B8%A3%E0%B8%B4%E0%B8%8A-%E0%B8%84%E0%B8%AD%E0%B8%99%E0%B9%82%E0%B8%94-%E0%B9%83%E0%B8%99-%E0%B8%AB%E0%B8%99%E0%B8%AD%E0%B8%87%E0%B8%AB%E0%B8%AD%E0%B8%A2-%E0%B9%80%E0%B8%8A%E0%B8%B5%E0%B8%A2%E0%B8%87%E0%B9%83%E0%B8%AB%E0%B8%A1%E0%B9%88-u705,"ขาย คอนโด 1 ห้องนอน ในโครงการ The Rich Condo (เดอะ ริช คอนโด)
หนองหอย, เมืองเชียงใหม่,
เชียงใหม่
฿1,687,000
฿1,208/เดือน
1 ห้องนอน
1 ห้องน้ำ
34.50 ตรม. พื้นที่ใช้สอย
1 ชั้น
ก.ย. 2558 สร้างเสร็จแล้ว
ขาย คอนโด 1 ห้องนอน ในโครงการ The Rich Condo (เดอะ ริช คอนโด)
อสังหาริมทรัพย์นี้เป็น คอนโด สำหรับขาย ขนาด 1 ห้องนอน มีพื้นที่ใช้สอย 34.50 ตรม. ซึ่งยูนิตนี้อยู่ในโครงการ เดอะ ริช คอนโด บนทำเลของ หนองหอย, เชียงใหม่ และสร้างเสร็จแล้วเมื่อ ก.ย. 2558 ซึ่งคุณสามารถซื้อ คอนโด นี้ได้ที่ราคา ฿1,687,000 (฿48,899/ตรม.)"
https://www.fazwaz.co.th/%E0%B8%82%E0%B8%B2%E0%B8%A2%E0%B8%9A%E0%B9%89%E0%B8%B2%E0%B8%99/%E0%B8%82%E0%B8%B2%E0%B8%A2-%E0%B8%84%E0%B8%AD%E0%B8%99%E0%B9%82%E0%B8%94-1-%E0%B8%AB%E0%B9%89%E0%B8%AD%E0%B8%87%E0%B8%99%E0%B8%AD%E0%B8%99-%E0%B8%97%E0%B8%B5%E0%B9%88-%E0%B9%80%E0%B8%94%E0%B8%AD%E0%B8%B0-%E0%B8%A3%E0%B8%B4%E0%B8%8A-%E0%B8%84%E0%B8%AD%E0%B8%99%E0%B9%82%E0%B8%94-%E0%B9%83%E0%B8%99-%E0%B8%AB%E0%B8%99%E0%B8%AD%E0%B8%87%E0%B8%AB%E0%B8%AD%E0%B8%A2-%E0%B9%80%E0%B8%8A%E0%B8%B5%E0%B8%A2%E0%B8%87%E0%B9%83%E0%B8%AB%E0%B8%A1%E0%B9%88-u706,"ขาย คอนโด 1 ห้องนอน ในโครงการ The Rich Condo (เดอะ ริช คอนโด)
หนองหอย, เมืองเชียงใหม่,
เชียงใหม่
฿1,711,150
฿1,208/เดือน
1 ห้องนอน
1 ห้องน้ำ
34.50 ตรม. พื้นที่ใช้สอย
2 ชั้น
ก.ย. 2558 สร้างเสร็จแล้ว
ขาย คอนโด 1 ห้องนอน ในโครงการ The Rich Condo (เดอะ ริช คอนโด)
อสังหาริมทรัพย์นี้เป็น คอนโด สำหรับขาย ขนาด 1 ห้องนอน มีพื้นที่ใช้สอย 34.50 ตรม. ซึ่งยูนิตนี้อยู่ในโครงการ เดอะ ริช คอนโด บนทำเลของ หนองหอย, เชียงใหม่ และสร้างเสร็จแล้วเมื่อ ก.ย. 2558 ซึ่งคุณสามารถซื้อ คอนโด นี้ได้ที่ราคา ฿1,711,150 (฿49,599/ตรม.)"
https://www.fazwaz.co.th/%E0%B8%82%E0%B8%B2%E0%B8%A2%E0%B8%9A%E0%B9%89%E0%B8%B2%E0%B8%99/%E0%B8%82%E0%B8%B2%E0%B8%A2-%E0%B8%84%E0%B8%AD%E0%B8%99%E0%B9%82%E0%B8%94-1-%E0%B8%AB%E0%B9%89%E0%B8%AD%E0%B8%87%E0%B8%99%E0%B8%AD%E0%B8%99-%E0%B8%97%E0%B8%B5%E0%B9%88-%E0%B9%80%E0%B8%94%E0%B8%AD%E0%B8%B0-%E0%B8%A3%E0%B8%B4%E0%B8%8A-%E0%B8%84%E0%B8%AD%E0%B8%99%E0%B9%82%E0%B8%94-%E0%B9%83%E0%B8%99-%E0%B8%AB%E0%B8%99%E0%B8%AD%E0%B8%87%E0%B8%AB%E0%B8%AD%E0%B8%A2-%E0%B9%80%E0%B8%8A%E0%B8%B5%E0%B8%A2%E0%B8%87%E0%B9%83%E0%B8%AB%E0%B8%A1%E0%B9%88-u707,"ขาย คอนโด 1 ห้องนอน ในโครงการ The Rich Condo (เดอะ ริช คอนโด)
หนองหอย, เมืองเชียงใหม่,
เชียงใหม่
฿1,711,150
฿1,208/เดือน
1 ห้องนอน
1 ห้องน้ำ
34.50 ตรม. พื้นที่ใช้สอย
2 ชั้น
ก.ย. 2558 สร้างเสร็จแล้ว
ขาย คอนโด 1 ห้องนอน ในโครงการ The Rich Condo (เดอะ ริช คอนโด)
อสังหาริมทรัพย์นี้เป็น คอนโด สำหรับขาย ขนาด 1 ห้องนอน มีพื้นที่ใช้สอย 34.50 ตรม. ซึ่งยูนิตนี้อยู่ในโครงการ เดอะ ริช คอนโด บนทำเลของ หนองหอย, เชียงใหม่ และสร้างเสร็จแล้วเมื่อ ก.ย. 2558 ซึ่งคุณสามารถซื้อ คอนโด นี้ได้ที่ราคา ฿1,711,150 (฿49,599/ตรม.)"
https://www.fazwaz.co.th/%E0%B8%82%E0%B8%B2%E0%B8%A2%E0%B8%9A%E0%B9%89%E0%B8%B2%E0%B8%99/%E0%B8%82%E0%B8%B2%E0%B8%A2-%E0%B8%84%E0%B8%AD%E0%B8%99%E0%B9%82%E0%B8%94-1-%E0%B8%AB%E0%B9%89%E0%B8%AD%E0%B8%87%E0%B8%99%E0%B8%AD%E0%B8%99-%E0%B8%97%E0%B8%B5%E0%B9%88-%E0%B9%80%E0%B8%94%E0%B8%AD%E0%B8%B0-%E0%B8%A3%E0%B8%B4%E0%B8%8A-%E0%B8%84%E0%B8%AD%E0%B8%99%E0%B9%82%E0%B8%94-%E0%B9%83%E0%B8%99-%E0%B8%AB%E0%B8%99%E0%B8%AD%E0%B8%87%E0%B8%AB%E0%B8%AD%E0%B8%A2-%E0%B9%80%E0%B8%8A%E0%B8%B5%E0%B8%A2%E0%B8%87%E0%B9%83%E0%B8%AB%E0%B8%A1%E0%B9%88-u708,"ขาย คอนโด 1 ห้องนอน ในโครงการ The Rich Condo (เดอะ ริช คอนโด)
หนองหอย, เมืองเชียงใหม่,
เชียงใหม่
฿1,676,650
฿1,208/เดือน
1 ห้องนอน
1 ห้องน้ำ
34.50 ตรม. พื้นที่ใช้สอย
2 ชั้น
ก.ย. 2558 สร้างเสร็จแล้ว
ขาย คอนโด 1 ห้องนอน ในโครงการ The Rich Condo (เดอะ ริช คอนโด)
อสังหาริมทรัพย์นี้เป็น คอนโด สำหรับขาย ขนาด 1 ห้องนอน มีพื้นที่ใช้สอย 34.50 ตรม. ซึ่งยูนิตนี้อยู่ในโครงการ เดอะ ริช คอนโด บนทำเลของ หนองหอย, เชียงใหม่ และสร้างเสร็จแล้วเมื่อ ก.ย. 2558 ซึ่งคุณสามารถซื้อ คอนโด นี้ได้ที่ราคา ฿1,676,650 (฿48,599/ตรม.)"
https://www.fazwaz.co.th/%E0%B8%82%E0%B8%B2%E0%B8%A2%E0%B8%9A%E0%B9%89%E0%B8%B2%E0%B8%99/%E0%B8%82%E0%B8%B2%E0%B8%A2-%E0%B8%84%E0%B8%AD%E0%B8%99%E0%B9%82%E0%B8%94-1-%E0%B8%AB%E0%B9%89%E0%B8%AD%E0%B8%87%E0%B8%99%E0%B8%AD%E0%B8%99-%E0%B8%97%E0%B8%B5%E0%B9%88-%E0%B9%80%E0%B8%94%E0%B8%AD%E0%B8%B0-%E0%B8%A3%E0%B8%B4%E0%B8%8A-%E0%B8%84%E0%B8%AD%E0%B8%99%E0%B9%82%E0%B8%94-%E0%B9%83%E0%B8%99-%E0%B8%AB%E0%B8%99%E0%B8%AD%E0%B8%87%E0%B8%AB%E0%B8%AD%E0%B8%A2-%E0%B9%80%E0%B8%8A%E0%B8%B5%E0%B8%A2%E0%B8%87%E0%B9%83%E0%B8%AB%E0%B8%A1%E0%B9%88-u709,"ขาย คอนโด 1 ห้องนอน ในโครงการ The Rich Condo (เดอะ ริช คอนโด)
หนองหอย, เมืองเชียงใหม่,
เชียงใหม่
฿1,676,650
฿1,208/เดือน
1 ห้องนอน
1 ห้องน้ำ
34.50 ตรม. พื้นที่ใช้สอย
2 ชั้น
ก.ย. 2558 สร้างเสร็จแล้ว
ขาย คอนโด 1 ห้องนอน ในโครงการ The Rich Condo (เดอะ ริช คอนโด)
อสังหาริมทรัพย์นี้เป็น คอนโด สำหรับขาย ขนาด 1 ห้องนอน มีพื้นที่ใช้สอย 34.50 ตรม. ซึ่งยูนิตนี้อยู่ในโครงการ เดอะ ริช คอนโด บนทำเลของ หนองหอย, เชียงใหม่ และสร้างเสร็จแล้วเมื่อ ก.ย. 2558 ซึ่งคุณสามารถซื้อ คอนโด นี้ได้ที่ราคา ฿1,676,650 (฿48,599/ตรม.)"
https://www.fazwaz.co.th/%E0%B8%82%E0%B8%B2%E0%B8%A2%E0%B8%9A%E0%B9%89%E0%B8%B2%E0%B8%99/%E0%B8%82%E0%B8%B2%E0%B8%A2-%E0%B8%84%E0%B8%AD%E0%B8%99%E0%B9%82%E0%B8%94-1-%E0%B8%AB%E0%B9%89%E0%B8%AD%E0%B8%87%E0%B8%99%E0%B8%AD%E0%B8%99-%E0%B8%97%E0%B8%B5%E0%B9%88-%E0%B9%80%E0%B8%94%E0%B8%AD%E0%B8%B0-%E0%B8%A3%E0%B8%B4%E0%B8%8A-%E0%B8%84%E0%B8%AD%E0%B8%99%E0%B9%82%E0%B8%94-%E0%B9%83%E0%B8%99-%E0%B8%AB%E0%B8%99%E0%B8%AD%E0%B8%87%E0%B8%AB%E0%B8%AD%E0%B8%A2-%E0%B9%80%E0%B8%8A%E0%B8%B5%E0%B8%A2%E0%B8%87%E0%B9%83%E0%B8%AB%E0%B8%A1%E0%B9%88-u710,"ขาย คอนโด 1 ห้องนอน ในโครงการ The Rich Condo (เดอะ ริช คอนโด)
หนองหอย, เมืองเชียงใหม่,
เชียงใหม่
฿1,676,650
฿1,208/เดือน
1 ห้องนอน
1 ห้องน้ำ
34.50 ตรม. พื้นที่ใช้สอย
2 ชั้น
ก.ย. 2558 สร้างเสร็จแล้ว
ขาย คอนโด 1 ห้องนอน ในโครงการ The Rich Condo (เดอะ ริช คอนโด)
อสังหาริมทรัพย์นี้เป็น คอนโด สำหรับขาย ขนาด 1 ห้องนอน มีพื้นที่ใช้สอย 34.50 ตรม. ซึ่งยูนิตนี้อยู่ในโครงการ เดอะ ริช คอนโด บนทำเลของ หนองหอย, เชียงใหม่ และสร้างเสร็จแล้วเมื่อ ก.ย. 2558 ซึ่งคุณสามารถซื้อ คอนโด นี้ได้ที่ราคา ฿1,676,650 (฿48,599/ตรม.)"
https://www.fazwaz.co.th/%E0%B8%82%E0%B8%B2%E0%B8%A2%E0%B8%9A%E0%B9%89%E0%B8%B2%E0%B8%99/%E0%B8%82%E0%B8%B2%E0%B8%A2-%E0%B8%84%E0%B8%AD%E0%B8%99%E0%B9%82%E0%B8%94-1-%E0%B8%AB%E0%B9%89%E0%B8%AD%E0%B8%87%E0%B8%99%E0%B8%AD%E0%B8%99-%E0%B8%97%E0%B8%B5%E0%B9%88-%E0%B9%80%E0%B8%94%E0%B8%AD%E0%B8%B0-%E0%B8%A3%E0%B8%B4%E0%B8%8A-%E0%B8%84%E0%B8%AD%E0%B8%99%E0%B9%82%E0%B8%94-%E0%B9%83%E0%B8%99-%E0%B8%AB%E0%B8%99%E0%B8%AD%E0%B8%87%E0%B8%AB%E0%B8%AD%E0%B8%A2-%E0%B9%80%E0%B8%8A%E0%B8%B5%E0%B8%A2%E0%B8%87%E0%B9%83%E0%B8%AB%E0%B8%A1%E0%B9%88-u711,"ขาย คอนโด 1 ห้องนอน ในโครงการ The Rich Condo (เดอะ ริช คอนโด)
หนองหอย, เมืองเชียงใหม่,
เชียงใหม่
฿1,676,650
฿1,208/เดือน
1 ห้องนอน
1 ห้องน้ำ
34.50 ตรม. พื้นที่ใช้สอย
2 ชั้น
ก.ย. 2558 สร้างเสร็จแล้ว
ขาย คอนโด 1 ห้องนอน ในโครงการ The Rich Condo (เดอะ ริช คอนโด)
อสังหาริมทรัพย์นี้เป็น คอนโด สำหรับขาย ขนาด 1 ห้องนอน มีพื้นที่ใช้สอย 34.50 ตรม. ซึ่งยูนิตนี้อยู่ในโครงการ เดอะ ริช คอนโด บนทำเลของ หนองหอย, เชียงใหม่ และสร้างเสร็จแล้วเมื่อ ก.ย. 2558 ซึ่งคุณสามารถซื้อ คอนโด นี้ได้ที่ราคา ฿1,676,650 (฿48,599/ตรม.)"
https://www.fazwaz.co.th/%E0%B8%82%E0%B8%B2%E0%B8%A2%E0%B8%9A%E0%B9%89%E0%B8%B2%E0%B8%99/%E0%B8%82%E0%B8%B2%E0%B8%A2-%E0%B8%84%E0%B8%AD%E0%B8%99%E0%B9%82%E0%B8%94-1-%E0%B8%AB%E0%B9%89%E0%B8%AD%E0%B8%87%E0%B8%99%E0%B8%AD%E0%B8%99-%E0%B8%97%E0%B8%B5%E0%B9%88-%E0%B9%80%E0%B8%94%E0%B8%AD%E0%B8%B0-%E0%B8%A3%E0%B8%B4%E0%B8%8A-%E0%B8%84%E0%B8%AD%E0%B8%99%E0%B9%82%E0%B8%94-%E0%B9%83%E0%B8%99-%E0%B8%AB%E0%B8%99%E0%B8%AD%E0%B8%87%E0%B8%AB%E0%B8%AD%E0%B8%A2-%E0%B9%80%E0%B8%8A%E0%B8%B5%E0%B8%A2%E0%B8%87%E0%B9%83%E0%B8%AB%E0%B8%A1%E0%B9%88-u712,"ขาย คอนโด 1 ห้องนอน ในโครงการ The Rich Condo (เดอะ ริช คอนโด)
หนองหอย, เมืองเชียงใหม่,
เชียงใหม่
฿1,676,650
฿1,208/เดือน
1 ห้องนอน
1 ห้องน้ำ
34.50 ตรม. พื้นที่ใช้สอย
2 ชั้น
ก.ย. 2558 สร้างเสร็จแล้ว
ขาย คอนโด 1 ห้องนอน ในโครงการ The Rich Condo (เดอะ ริช คอนโด)
อสังหาริมทรัพย์นี้เป็น คอนโด สำหรับขาย ขนาด 1 ห้องนอน มีพื้นที่ใช้สอย 34.50 ตรม. ซึ่งยูนิตนี้อยู่ในโครงการ เดอะ ริช คอนโด บนทำเลของ หนองหอย, เชียงใหม่ และสร้างเสร็จแล้วเมื่อ ก.ย. 2558 ซึ่งคุณสามารถซื้อ คอนโด นี้ได้ที่ราคา ฿1,676,650 (฿48,599/ตรม.)"
https://www.fazwaz.co.th/%E0%B8%82%E0%B8%B2%E0%B8%A2%E0%B8%9A%E0%B9%89%E0%B8%B2%E0%B8%99/%E0%B8%82%E0%B8%B2%E0%B8%A2-%E0%B8%84%E0%B8%AD%E0%B8%99%E0%B9%82%E0%B8%94-1-%E0%B8%AB%E0%B9%89%E0%B8%AD%E0%B8%87%E0%B8%99%E0%B8%AD%E0%B8%99-%E0%B8%97%E0%B8%B5%E0%B9%88-%E0%B9%80%E0%B8%94%E0%B8%AD%E0%B8%B0-%E0%B8%A3%E0%B8%B4%E0%B8%8A-%E0%B8%84%E0%B8%AD%E0%B8%99%E0%B9%82%E0%B8%94-%E0%B9%83%E0%B8%99-%E0%B8%AB%E0%B8%99%E0%B8%AD%E0%B8%87%E0%B8%AB%E0%B8%AD%E0%B8%A2-%E0%B9%80%E0%B8%8A%E0%B8%B5%E0%B8%A2%E0%B8%87%E0%B9%83%E0%B8%AB%E0%B8%A1%E0%B9%88-u713,"ขาย คอนโด 1 ห้องนอน ในโครงการ The Rich Condo (เดอะ ริช คอนโด)
หนองหอย, เมืองเชียงใหม่,
เชียงใหม่
฿1,676,650
฿1,208/เดือน
1 ห้องนอน
1 ห้องน้ำ
34.50 ตรม. พื้นที่ใช้สอย
2 ชั้น
ก.ย. 2558 สร้างเสร็จแล้ว
ขาย คอนโด 1 ห้องนอน ในโครงการ The Rich Condo (เดอะ ริช คอนโด)
อสังหาริมทรัพย์นี้เป็น คอนโด สำหรับขาย ขนาด 1 ห้องนอน มีพื้นที่ใช้สอย 34.50 ตรม. ซึ่งยูนิตนี้อยู่ในโครงการ เดอะ ริช คอนโด บนทำเลของ หนองหอย, เชียงใหม่ และสร้างเสร็จแล้วเมื่อ ก.ย. 2558 ซึ่งคุณสามารถซื้อ คอนโด นี้ได้ที่ราคา ฿1,676,650 (฿48,599/ตรม.)"
https://www.fazwaz.co.th/%E0%B8%82%E0%B8%B2%E0%B8%A2%E0%B8%9A%E0%B9%89%E0%B8%B2%E0%B8%99/%E0%B8%82%E0%B8%B2%E0%B8%A2-%E0%B8%84%E0%B8%AD%E0%B8%99%E0%B9%82%E0%B8%94-1-%E0%B8%AB%E0%B9%89%E0%B8%AD%E0%B8%87%E0%B8%99%E0%B8%AD%E0%B8%99-%E0%B8%97%E0%B8%B5%E0%B9%88-%E0%B9%80%E0%B8%94%E0%B8%AD%E0%B8%B0-%E0%B8%A3%E0%B8%B4%E0%B8%8A-%E0%B8%84%E0%B8%AD%E0%B8%99%E0%B9%82%E0%B8%94-%E0%B9%83%E0%B8%99-%E0%B8%AB%E0%B8%99%E0%B8%AD%E0%B8%87%E0%B8%AB%E0%B8%AD%E0%B8%A2-%E0%B9%80%E0%B8%8A%E0%B8%B5%E0%B8%A2%E0%B8%87%E0%B9%83%E0%B8%AB%E0%B8%A1%E0%B9%88-u714,"ขาย คอนโด 1 ห้องนอน ในโครงการ The Rich Condo (เดอะ ริช คอนโด)
หนองหอย, เมืองเชียงใหม่,
เชียงใหม่
฿1,676,650
฿1,208/เดือน
1 ห้องนอน
1 ห้องน้ำ
34.50 ตรม. พื้นที่ใช้สอย
2 ชั้น
ก.ย. 2558 สร้างเสร็จแล้ว
ขาย คอนโด 1 ห้องนอน ในโครงการ The Rich Condo (เดอะ ริช คอนโด)
อสังหาริมทรัพย์นี้เป็น คอนโด สำหรับขาย ขนาด 1 ห้องนอน มีพื้นที่ใช้สอย 34.50 ตรม. ซึ่งยูนิตนี้อยู่ในโครงการ เดอะ ริช คอนโด บนทำเลของ หนองหอย, เชียงใหม่ และสร้างเสร็จแล้วเมื่อ ก.ย. 2558 ซึ่งคุณสามารถซื้อ คอนโด นี้ได้ที่ราคา ฿1,676,650 (฿48,599/ตรม.)"
https://www.fazwaz.co.th/%E0%B8%82%E0%B8%B2%E0%B8%A2%E0%B8%9A%E0%B9%89%E0%B8%B2%E0%B8%99/%E0%B8%82%E0%B8%B2%E0%B8%A2-%E0%B8%84%E0%B8%AD%E0%B8%99%E0%B9%82%E0%B8%94-1-%E0%B8%AB%E0%B9%89%E0%B8%AD%E0%B8%87%E0%B8%99%E0%B8%AD%E0%B8%99-%E0%B8%97%E0%B8%B5%E0%B9%88-%E0%B9%80%E0%B8%94%E0%B8%AD%E0%B8%B0-%E0%B8%A3%E0%B8%B4%E0%B8%8A-%E0%B8%84%E0%B8%AD%E0%B8%99%E0%B9%82%E0%B8%94-%E0%B9%83%E0%B8%99-%E0%B8%AB%E0%B8%99%E0%B8%AD%E0%B8%87%E0%B8%AB%E0%B8%AD%E0%B8%A2-%E0%B9%80%E0%B8%8A%E0%B8%B5%E0%B8%A2%E0%B8%87%E0%B9%83%E0%B8%AB%E0%B8%A1%E0%B9%88-u715,"ขาย คอนโด 1 ห้องนอน ในโครงการ The Rich Condo (เดอะ ริช คอนโด)
หนองหอย, เมืองเชียงใหม่,
เชียงใหม่
฿1,711,150
฿1,208/เดือน
1 ห้องนอน
1 ห้องน้ำ
34.50 ตรม. พื้นที่ใช้สอย
2 ชั้น
ก.ย. 2558 สร้างเสร็จแล้ว
ขาย คอนโด 1 ห้องนอน ในโครงการ The Rich Condo (เดอะ ริช คอนโด)
อสังหาริมทรัพย์นี้เป็น คอนโด สำหรับขาย ขนาด 1 ห้องนอน มีพื้นที่ใช้สอย 34.50 ตรม. ซึ่งยูนิตนี้อยู่ในโครงการ เดอะ ริช คอนโด บนทำเลของ หนองหอย, เชียงใหม่ และสร้างเสร็จแล้วเมื่อ ก.ย. 2558 ซึ่งคุณสามารถซื้อ คอนโด นี้ได้ที่ราคา ฿1,711,150 (฿49,599/ตรม.)"
https://www.fazwaz.co.th/%E0%B8%82%E0%B8%B2%E0%B8%A2%E0%B8%9A%E0%B9%89%E0%B8%B2%E0%B8%99/%E0%B8%82%E0%B8%B2%E0%B8%A2-%E0%B8%84%E0%B8%AD%E0%B8%99%E0%B9%82%E0%B8%94-1-%E0%B8%AB%E0%B9%89%E0%B8%AD%E0%B8%87%E0%B8%99%E0%B8%AD%E0%B8%99-%E0%B8%97%E0%B8%B5%E0%B9%88-%E0%B9%80%E0%B8%94%E0%B8%AD%E0%B8%B0-%E0%B8%A3%E0%B8%B4%E0%B8%8A-%E0%B8%84%E0%B8%AD%E0%B8%99%E0%B9%82%E0%B8%94-%E0%B9%83%E0%B8%99-%E0%B8%AB%E0%B8%99%E0%B8%AD%E0%B8%87%E0%B8%AB%E0%B8%AD%E0%B8%A2-%E0%B9%80%E0%B8%8A%E0%B8%B5%E0%B8%A2%E0%B8%87%E0%B9%83%E0%B8%AB%E0%B8%A1%E0%B9%88-u716,"ขาย คอนโด 1 ห้องนอน ในโครงการ The Rich Condo (เดอะ ริช คอนโด)
หนองหอย, เมืองเชียงใหม่,
เชียงใหม่
฿1,711,150
฿1,208/เดือน
1 ห้องนอน
1 ห้องน้ำ
34.50 ตรม. พื้นที่ใช้สอย
2 ชั้น
ก.ย. 2558 สร้างเสร็จแล้ว
ขาย คอนโด 1 ห้องนอน ในโครงการ The Rich Condo (เดอะ ริช คอนโด)
อสังหาริมทรัพย์นี้เป็น คอนโด สำหรับขาย ขนาด 1 ห้องนอน มีพื้นที่ใช้สอย 34.50 ตรม. ซึ่งยูนิตนี้อยู่ในโครงการ เดอะ ริช คอนโด บนทำเลของ หนองหอย, เชียงใหม่ และสร้างเสร็จแล้วเมื่อ ก.ย. 2558 ซึ่งคุณสามารถซื้อ คอนโด นี้ได้ที่ราคา ฿1,711,150 (฿49,599/ตรม.)"
https://www.fazwaz.co.th/%E0%B8%82%E0%B8%B2%E0%B8%A2%E0%B8%9A%E0%B9%89%E0%B8%B2%E0%B8%99/%E0%B8%82%E0%B8%B2%E0%B8%A2-%E0%B8%84%E0%B8%AD%E0%B8%99%E0%B9%82%E0%B8%94-1-%E0%B8%AB%E0%B9%89%E0%B8%AD%E0%B8%87%E0%B8%99%E0%B8%AD%E0%B8%99-%E0%B8%97%E0%B8%B5%E0%B9%88-%E0%B9%80%E0%B8%94%E0%B8%AD%E0%B8%B0-%E0%B8%A3%E0%B8%B4%E0%B8%8A-%E0%B8%84%E0%B8%AD%E0%B8%99%E0%B9%82%E0%B8%94-%E0%B9%83%E0%B8%99-%E0%B8%AB%E0%B8%99%E0%B8%AD%E0%B8%87%E0%B8%AB%E0%B8%AD%E0%B8%A2-%E0%B9%80%E0%B8%8A%E0%B8%B5%E0%B8%A2%E0%B8%87%E0%B9%83%E0%B8%AB%E0%B8%A1%E0%B9%88-u717,"ขาย คอนโด 1 ห้องนอน ในโครงการ The Rich Condo (เดอะ ริช คอนโด)
หนองหอย, เมืองเชียงใหม่,
เชียงใหม่
฿1,735,300
฿1,208/เดือน
1 ห้องนอน
1 ห้องน้ำ
34.50 ตรม. พื้นที่ใช้สอย
3 ชั้น
ก.ย. 2558 สร้างเสร็จแล้ว
ขาย คอนโด 1 ห้องนอน ในโครงการ The Rich Condo (เดอะ ริช คอนโด)
อสังหาริมทรัพย์นี้เป็น คอนโด สำหรับขาย ขนาด 1 ห้องนอน มีพื้นที่ใช้สอย 34.50 ตรม. ซึ่งยูนิตนี้อยู่ในโครงการ เดอะ ริช คอนโด บนทำเลของ หนองหอย, เชียงใหม่ และสร้างเสร็จแล้วเมื่อ ก.ย. 2558 ซึ่งคุณสามารถซื้อ คอนโด นี้ได้ที่ราคา ฿1,735,300 (฿50,299/ตรม.)"
https://www.fazwaz.co.th/%E0%B8%82%E0%B8%B2%E0%B8%A2%E0%B8%9A%E0%B9%89%E0%B8%B2%E0%B8%99/%E0%B8%82%E0%B8%B2%E0%B8%A2-%E0%B8%84%E0%B8%AD%E0%B8%99%E0%B9%82%E0%B8%94-1-%E0%B8%AB%E0%B9%89%E0%B8%AD%E0%B8%87%E0%B8%99%E0%B8%AD%E0%B8%99-%E0%B8%97%E0%B8%B5%E0%B9%88-%E0%B9%80%E0%B8%94%E0%B8%AD%E0%B8%B0-%E0%B8%A3%E0%B8%B4%E0%B8%8A-%E0%B8%84%E0%B8%AD%E0%B8%99%E0%B9%82%E0%B8%94-%E0%B9%83%E0%B8%99-%E0%B8%AB%E0%B8%99%E0%B8%AD%E0%B8%87%E0%B8%AB%E0%B8%AD%E0%B8%A2-%E0%B9%80%E0%B8%8A%E0%B8%B5%E0%B8%A2%E0%B8%87%E0%B9%83%E0%B8%AB%E0%B8%A1%E0%B9%88-u718,"ขาย คอนโด 1 ห้องนอน ในโครงการ The Rich Condo (เดอะ ริช คอนโด)
หนองหอย, เมืองเชียงใหม่,
เชียงใหม่
฿1,735,300
฿1,208/เดือน
1 ห้องนอน
1 ห้องน้ำ
34.50 ตรม. พื้นที่ใช้สอย
3 ชั้น
ก.ย. 2558 สร้างเสร็จแล้ว
ขาย คอนโด 1 ห้องนอน ในโครงการ The Rich Condo (เดอะ ริช คอนโด)
อสังหาริมทรัพย์นี้เป็น คอนโด สำหรับขาย ขนาด 1 ห้องนอน มีพื้นที่ใช้สอย 34.50 ตรม. ซึ่งยูนิตนี้อยู่ในโครงการ เดอะ ริช คอนโด บนทำเลของ หนองหอย, เชียงใหม่ และสร้างเสร็จแล้วเมื่อ ก.ย. 2558 ซึ่งคุณสามารถซื้อ คอนโด นี้ได้ที่ราคา ฿1,735,300 (฿50,299/ตรม.)"
https://www.fazwaz.co.th/%E0%B8%82%E0%B8%B2%E0%B8%A2%E0%B8%9A%E0%B9%89%E0%B8%B2%E0%B8%99/%E0%B8%82%E0%B8%B2%E0%B8%A2-%E0%B8%84%E0%B8%AD%E0%B8%99%E0%B9%82%E0%B8%94-1-%E0%B8%AB%E0%B9%89%E0%B8%AD%E0%B8%87%E0%B8%99%E0%B8%AD%E0%B8%99-%E0%B8%97%E0%B8%B5%E0%B9%88-%E0%B9%80%E0%B8%94%E0%B8%AD%E0%B8%B0-%E0%B8%A3%E0%B8%B4%E0%B8%8A-%E0%B8%84%E0%B8%AD%E0%B8%99%E0%B9%82%E0%B8%94-%E0%B9%83%E0%B8%99-%E0%B8%AB%E0%B8%99%E0%B8%AD%E0%B8%87%E0%B8%AB%E0%B8%AD%E0%B8%A2-%E0%B9%80%E0%B8%8A%E0%B8%B5%E0%B8%A2%E0%B8%87%E0%B9%83%E0%B8%AB%E0%B8%A1%E0%B9%88-u719,"ขาย คอนโด 1 ห้องนอน ในโครงการ The Rich Condo (เดอะ ริช คอนโด)
หนองหอย, เมืองเชียงใหม่,
เชียงใหม่
฿1,711,150
฿1,208/เดือน
1 ห้องนอน
1 ห้องน้ำ
34.50 ตรม. พื้นที่ใช้สอย
3 ชั้น
ก.ย. 2558 สร้างเสร็จแล้ว
ขาย คอนโด 1 ห้องนอน ในโครงการ The Rich Condo (เดอะ ริช คอนโด)
อสังหาริมทรัพย์นี้เป็น คอนโด สำหรับขาย ขนาด 1 ห้องนอน มีพื้นที่ใช้สอย 34.50 ตรม. ซึ่งยูนิตนี้อยู่ในโครงการ เดอะ ริช คอนโด บนทำเลของ หนองหอย, เชียงใหม่ และสร้างเสร็จแล้วเมื่อ ก.ย. 2558 ซึ่งคุณสามารถซื้อ คอนโด นี้ได้ที่ราคา ฿1,711,150 (฿49,599/ตรม.)"
https://www.fazwaz.co.th/%E0%B8%82%E0%B8%B2%E0%B8%A2%E0%B8%9A%E0%B9%89%E0%B8%B2%E0%B8%99/%E0%B8%82%E0%B8%B2%E0%B8%A2-%E0%B8%84%E0%B8%AD%E0%B8%99%E0%B9%82%E0%B8%94-1-%E0%B8%AB%E0%B9%89%E0%B8%AD%E0%B8%87%E0%B8%99%E0%B8%AD%E0%B8%99-%E0%B8%97%E0%B8%B5%E0%B9%88-%E0%B9%80%E0%B8%94%E0%B8%AD%E0%B8%B0-%E0%B8%A3%E0%B8%B4%E0%B8%8A-%E0%B8%84%E0%B8%AD%E0%B8%99%E0%B9%82%E0%B8%94-%E0%B9%83%E0%B8%99-%E0%B8%AB%E0%B8%99%E0%B8%AD%E0%B8%87%E0%B8%AB%E0%B8%AD%E0%B8%A2-%E0%B9%80%E0%B8%8A%E0%B8%B5%E0%B8%A2%E0%B8%87%E0%B9%83%E0%B8%AB%E0%B8%A1%E0%B9%88-u720,"ขาย คอนโด 1 ห้องนอน ในโครงการ The Rich Condo (เดอะ ริช คอนโด)
หนองหอย, เมืองเชียงใหม่,
เชียงใหม่
฿1,711,150
฿1,208/เดือน
1 ห้องนอน
1 ห้องน้ำ
34.50 ตรม. พื้นที่ใช้สอย
3 ชั้น
ก.ย. 2558 สร้างเสร็จแล้ว
ขาย คอนโด 1 ห้องนอน ในโครงการ The Rich Condo (เดอะ ริช คอนโด)
อสังหาริมทรัพย์นี้เป็น คอนโด สำหรับขาย ขนาด 1 ห้องนอน มีพื้นที่ใช้สอย 34.50 ตรม. ซึ่งยูนิตนี้อยู่ในโครงการ เดอะ ริช คอนโด บนทำเลของ หนองหอย, เชียงใหม่ และสร้างเสร็จแล้วเมื่อ ก.ย. 2558 ซึ่งคุณสามารถซื้อ คอนโด นี้ได้ที่ราคา ฿1,711,150 (฿49,599/ตรม.)"
https://www.fazwaz.co.th/%E0%B8%82%E0%B8%B2%E0%B8%A2%E0%B8%9A%E0%B9%89%E0%B8%B2%E0%B8%99/%E0%B8%82%E0%B8%B2%E0%B8%A2-%E0%B8%84%E0%B8%AD%E0%B8%99%E0%B9%82%E0%B8%94-1-%E0%B8%AB%E0%B9%89%E0%B8%AD%E0%B8%87%E0%B8%99%E0%B8%AD%E0%B8%99-%E0%B8%97%E0%B8%B5%E0%B9%88-%E0%B9%80%E0%B8%94%E0%B8%AD%E0%B8%B0-%E0%B8%A3%E0%B8%B4%E0%B8%8A-%E0%B8%84%E0%B8%AD%E0%B8%99%E0%B9%82%E0%B8%94-%E0%B9%83%E0%B8%99-%E0%B8%AB%E0%B8%99%E0%B8%AD%E0%B8%87%E0%B8%AB%E0%B8%AD%E0%B8%A2-%E0%B9%80%E0%B8%8A%E0%B8%B5%E0%B8%A2%E0%B8%87%E0%B9%83%E0%B8%AB%E0%B8%A1%E0%B9%88-u721,"ขาย คอนโด 1 ห้องนอน ในโครงการ The Rich Condo (เดอะ ริช คอนโด)
หนองหอย, เมืองเชียงใหม่,
เชียงใหม่
฿1,711,150
฿1,208/เดือน
1 ห้องนอน
1 ห้องน้ำ
34.50 ตรม. พื้นที่ใช้สอย
3 ชั้น
ก.ย. 2558 สร้างเสร็จแล้ว
ขาย คอนโด 1 ห้องนอน ในโครงการ The Rich Condo (เดอะ ริช คอนโด)
อสังหาริมทรัพย์นี้เป็น คอนโด สำหรับขาย ขนาด 1 ห้องนอน มีพื้นที่ใช้สอย 34.50 ตรม. ซึ่งยูนิตนี้อยู่ในโครงการ เดอะ ริช คอนโด บนทำเลของ หนองหอย, เชียงใหม่ และสร้างเสร็จแล้วเมื่อ ก.ย. 2558 ซึ่งคุณสามารถซื้อ คอนโด นี้ได้ที่ราคา ฿1,711,150 (฿49,599/ตรม.)"
https://www.fazwaz.co.th/%E0%B8%82%E0%B8%B2%E0%B8%A2%E0%B8%9A%E0%B9%89%E0%B8%B2%E0%B8%99/%E0%B8%82%E0%B8%B2%E0%B8%A2-%E0%B8%84%E0%B8%AD%E0%B8%99%E0%B9%82%E0%B8%94-1-%E0%B8%AB%E0%B9%89%E0%B8%AD%E0%B8%87%E0%B8%99%E0%B8%AD%E0%B8%99-%E0%B8%97%E0%B8%B5%E0%B9%88-%E0%B9%80%E0%B8%94%E0%B8%AD%E0%B8%B0-%E0%B8%A3%E0%B8%B4%E0%B8%8A-%E0%B8%84%E0%B8%AD%E0%B8%99%E0%B9%82%E0%B8%94-%E0%B9%83%E0%B8%99-%E0%B8%AB%E0%B8%99%E0%B8%AD%E0%B8%87%E0%B8%AB%E0%B8%AD%E0%B8%A2-%E0%B9%80%E0%B8%8A%E0%B8%B5%E0%B8%A2%E0%B8%87%E0%B9%83%E0%B8%AB%E0%B8%A1%E0%B9%88-u722,"ขาย คอนโด 1 ห้องนอน ในโครงการ The Rich Condo (เดอะ ริช คอนโด)
หนองหอย, เมืองเชียงใหม่,
เชียงใหม่
฿1,711,150
฿1,208/เดือน
1 ห้องนอน
1 ห้องน้ำ
34.50 ตรม. พื้นที่ใช้สอย
3 ชั้น
ก.ย. 2558 สร้างเสร็จแล้ว
ขาย คอนโด 1 ห้องนอน ในโครงการ The Rich Condo (เดอะ ริช คอนโด)
อสังหาริมทรัพย์นี้เป็น คอนโด สำหรับขาย ขนาด 1 ห้องนอน มีพื้นที่ใช้สอย 34.50 ตรม. ซึ่งยูนิตนี้อยู่ในโครงการ เดอะ ริช คอนโด บนทำเลของ หนองหอย, เชียงใหม่ และสร้างเสร็จแล้วเมื่อ ก.ย. 2558 ซึ่งคุณสามารถซื้อ คอนโด นี้ได้ที่ราคา ฿1,711,150 (฿49,599/ตรม.)"
https://www.fazwaz.co.th/%E0%B8%82%E0%B8%B2%E0%B8%A2%E0%B8%9A%E0%B9%89%E0%B8%B2%E0%B8%99/%E0%B8%82%E0%B8%B2%E0%B8%A2-%E0%B8%84%E0%B8%AD%E0%B8%99%E0%B9%82%E0%B8%94-1-%E0%B8%AB%E0%B9%89%E0%B8%AD%E0%B8%87%E0%B8%99%E0%B8%AD%E0%B8%99-%E0%B8%97%E0%B8%B5%E0%B9%88-%E0%B9%80%E0%B8%94%E0%B8%AD%E0%B8%B0-%E0%B8%A3%E0%B8%B4%E0%B8%8A-%E0%B8%84%E0%B8%AD%E0%B8%99%E0%B9%82%E0%B8%94-%E0%B9%83%E0%B8%99-%E0%B8%AB%E0%B8%99%E0%B8%AD%E0%B8%87%E0%B8%AB%E0%B8%AD%E0%B8%A2-%E0%B9%80%E0%B8%8A%E0%B8%B5%E0%B8%A2%E0%B8%87%E0%B9%83%E0%B8%AB%E0%B8%A1%E0%B9%88-u723,"ขาย คอนโด 1 ห้องนอน ในโครงการ The Rich Condo (เดอะ ริช คอนโด)
หนองหอย, เมืองเชียงใหม่,
เชียงใหม่
฿1,711,150
฿1,208/เดือน
1 ห้องนอน
1 ห้องน้ำ
34.50 ตรม. พื้นที่ใช้สอย
3 ชั้น
ก.ย. 2558 สร้างเสร็จแล้ว
ขาย คอนโด 1 ห้องนอน ในโครงการ The Rich Condo (เดอะ ริช คอนโด)
อสังหาริมทรัพย์นี้เป็น คอนโด สำหรับขาย ขนาด 1 ห้องนอน มีพื้นที่ใช้สอย 34.50 ตรม. ซึ่งยูนิตนี้อยู่ในโครงการ เดอะ ริช คอนโด บนทำเลของ หนองหอย, เชียงใหม่ และสร้างเสร็จแล้วเมื่อ ก.ย. 2558 ซึ่งคุณสามารถซื้อ คอนโด นี้ได้ที่ราคา ฿1,711,150 (฿49,599/ตรม.)"
https://www.fazwaz.co.th/%E0%B8%82%E0%B8%B2%E0%B8%A2%E0%B8%9A%E0%B9%89%E0%B8%B2%E0%B8%99/%E0%B8%82%E0%B8%B2%E0%B8%A2-%E0%B8%84%E0%B8%AD%E0%B8%99%E0%B9%82%E0%B8%94-1-%E0%B8%AB%E0%B9%89%E0%B8%AD%E0%B8%87%E0%B8%99%E0%B8%AD%E0%B8%99-%E0%B8%97%E0%B8%B5%E0%B9%88-%E0%B9%80%E0%B8%94%E0%B8%AD%E0%B8%B0-%E0%B8%A3%E0%B8%B4%E0%B8%8A-%E0%B8%84%E0%B8%AD%E0%B8%99%E0%B9%82%E0%B8%94-%E0%B9%83%E0%B8%99-%E0%B8%AB%E0%B8%99%E0%B8%AD%E0%B8%87%E0%B8%AB%E0%B8%AD%E0%B8%A2-%E0%B9%80%E0%B8%8A%E0%B8%B5%E0%B8%A2%E0%B8%87%E0%B9%83%E0%B8%AB%E0%B8%A1%E0%B9%88-u724,"ขาย คอนโด 1 ห้องนอน ในโครงการ The Rich Condo (เดอะ ริช คอนโด)
หนองหอย, เมืองเชียงใหม่,
เชียงใหม่
฿1,711,150
฿1,208/เดือน
1 ห้องนอน
1 ห้องน้ำ
34.50 ตรม. พื้นที่ใช้สอย
3 ชั้น
ก.ย. 2558 สร้างเสร็จแล้ว
ขาย คอนโด 1 ห้องนอน ในโครงการ The Rich Condo (เดอะ ริช คอนโด)
อสังหาริมทรัพย์นี้เป็น คอนโด สำหรับขาย ขนาด 1 ห้องนอน มีพื้นที่ใช้สอย 34.50 ตรม. ซึ่งยูนิตนี้อยู่ในโครงการ เดอะ ริช คอนโด บนทำเลของ หนองหอย, เชียงใหม่ และสร้างเสร็จแล้วเมื่อ ก.ย. 2558 ซึ่งคุณสามารถซื้อ คอนโด นี้ได้ที่ราคา ฿1,711,150 (฿49,599/ตรม.)"
https://www.fazwaz.co.th/%E0%B8%82%E0%B8%B2%E0%B8%A2%E0%B8%9A%E0%B9%89%E0%B8%B2%E0%B8%99/%E0%B8%82%E0%B8%B2%E0%B8%A2-%E0%B8%84%E0%B8%AD%E0%B8%99%E0%B9%82%E0%B8%94-1-%E0%B8%AB%E0%B9%89%E0%B8%AD%E0%B8%87%E0%B8%99%E0%B8%AD%E0%B8%99-%E0%B8%97%E0%B8%B5%E0%B9%88-%E0%B9%80%E0%B8%94%E0%B8%AD%E0%B8%B0-%E0%B8%A3%E0%B8%B4%E0%B8%8A-%E0%B8%84%E0%B8%AD%E0%B8%99%E0%B9%82%E0%B8%94-%E0%B9%83%E0%B8%99-%E0%B8%AB%E0%B8%99%E0%B8%AD%E0%B8%87%E0%B8%AB%E0%B8%AD%E0%B8%A2-%E0%B9%80%E0%B8%8A%E0%B8%B5%E0%B8%A2%E0%B8%87%E0%B9%83%E0%B8%AB%E0%B8%A1%E0%B9%88-u725,"ขาย คอนโด 1 ห้องนอน ในโครงการ The Rich Condo (เดอะ ริช คอนโด)
หนองหอย, เมืองเชียงใหม่,
เชียงใหม่
฿1,711,150
฿1,208/เดือน
1 ห้องนอน
1 ห้องน้ำ
34.50 ตรม. พื้นที่ใช้สอย
3 ชั้น
ก.ย. 2558 สร้างเสร็จแล้ว
ขาย คอนโด 1 ห้องนอน ในโครงการ The Rich Condo (เดอะ ริช คอนโด)
อสังหาริมทรัพย์นี้เป็น คอนโด สำหรับขาย ขนาด 1 ห้องนอน มีพื้นที่ใช้สอย 34.50 ตรม. ซึ่งยูนิตนี้อยู่ในโครงการ เดอะ ริช คอนโด บนทำเลของ หนองหอย, เชียงใหม่ และสร้างเสร็จแล้วเมื่อ ก.ย. 2558 ซึ่งคุณสามารถซื้อ คอนโด นี้ได้ที่ราคา ฿1,711,150 (฿49,599/ตรม.)"
https://www.fazwaz.co.th/%E0%B8%82%E0%B8%B2%E0%B8%A2%E0%B8%9A%E0%B9%89%E0%B8%B2%E0%B8%99/%E0%B8%82%E0%B8%B2%E0%B8%A2-%E0%B8%84%E0%B8%AD%E0%B8%99%E0%B9%82%E0%B8%94-1-%E0%B8%AB%E0%B9%89%E0%B8%AD%E0%B8%87%E0%B8%99%E0%B8%AD%E0%B8%99-%E0%B8%97%E0%B8%B5%E0%B9%88-%E0%B9%80%E0%B8%94%E0%B8%AD%E0%B8%B0-%E0%B8%A3%E0%B8%B4%E0%B8%8A-%E0%B8%84%E0%B8%AD%E0%B8%99%E0%B9%82%E0%B8%94-%E0%B9%83%E0%B8%99-%E0%B8%AB%E0%B8%99%E0%B8%AD%E0%B8%87%E0%B8%AB%E0%B8%AD%E0%B8%A2-%E0%B9%80%E0%B8%8A%E0%B8%B5%E0%B8%A2%E0%B8%87%E0%B9%83%E0%B8%AB%E0%B8%A1%E0%B9%88-u726,"ขาย คอนโด 1 ห้องนอน ในโครงการ The Rich Condo (เดอะ ริช คอนโด)
หนองหอย, เมืองเชียงใหม่,
เชียงใหม่
฿1,735,300
฿1,208/เดือน
1 ห้องนอน
1 ห้องน้ำ
34.50 ตรม. พื้นที่ใช้สอย
3 ชั้น
ก.ย. 2558 สร้างเสร็จแล้ว
ขาย คอนโด 1 ห้องนอน ในโครงการ The Rich Condo (เดอะ ริช คอนโด)
อสังหาริมทรัพย์นี้เป็น คอนโด สำหรับขาย ขนาด 1 ห้องนอน มีพื้นที่ใช้สอย 34.50 ตรม. ซึ่งยูนิตนี้อยู่ในโครงการ เดอะ ริช คอนโด บนทำเลของ หนองหอย, เชียงใหม่ และสร้างเสร็จแล้วเมื่อ ก.ย. 2558 ซึ่งคุณสามารถซื้อ คอนโด นี้ได้ที่ราคา ฿1,735,300 (฿50,299/ตรม.)"
https://www.fazwaz.co.th/%E0%B8%82%E0%B8%B2%E0%B8%A2%E0%B8%9A%E0%B9%89%E0%B8%B2%E0%B8%99/%E0%B8%82%E0%B8%B2%E0%B8%A2-%E0%B8%84%E0%B8%AD%E0%B8%99%E0%B9%82%E0%B8%94-1-%E0%B8%AB%E0%B9%89%E0%B8%AD%E0%B8%87%E0%B8%99%E0%B8%AD%E0%B8%99-%E0%B8%97%E0%B8%B5%E0%B9%88-%E0%B9%80%E0%B8%94%E0%B8%AD%E0%B8%B0-%E0%B8%A3%E0%B8%B4%E0%B8%8A-%E0%B8%84%E0%B8%AD%E0%B8%99%E0%B9%82%E0%B8%94-%E0%B9%83%E0%B8%99-%E0%B8%AB%E0%B8%99%E0%B8%AD%E0%B8%87%E0%B8%AB%E0%B8%AD%E0%B8%A2-%E0%B9%80%E0%B8%8A%E0%B8%B5%E0%B8%A2%E0%B8%87%E0%B9%83%E0%B8%AB%E0%B8%A1%E0%B9%88-u727,"ขาย คอนโด 1 ห้องนอน ในโครงการ The Rich Condo (เดอะ ริช คอนโด)
หนองหอย, เมืองเชียงใหม่,
เชียงใหม่
฿1,735,300
฿1,208/เดือน
1 ห้องนอน
1 ห้องน้ำ
34.50 ตรม. พื้นที่ใช้สอย
3 ชั้น
ก.ย. 2558 สร้างเสร็จแล้ว
ขาย คอนโด 1 ห้องนอน ในโครงการ The Rich Condo (เดอะ ริช คอนโด)
อสังหาริมทรัพย์นี้เป็น คอนโด สำหรับขาย ขนาด 1 ห้องนอน มีพื้นที่ใช้สอย 34.50 ตรม. ซึ่งยูนิตนี้อยู่ในโครงการ เดอะ ริช คอนโด บนทำเลของ หนองหอย, เชียงใหม่ และสร้างเสร็จแล้วเมื่อ ก.ย. 2558 ซึ่งคุณสามารถซื้อ คอนโด นี้ได้ที่ราคา ฿1,735,300 (฿50,299/ตรม.)"
https://www.fazwaz.co.th/%E0%B8%82%E0%B8%B2%E0%B8%A2%E0%B8%9A%E0%B9%89%E0%B8%B2%E0%B8%99/%E0%B8%82%E0%B8%B2%E0%B8%A2-%E0%B8%84%E0%B8%AD%E0%B8%99%E0%B9%82%E0%B8%94-1-%E0%B8%AB%E0%B9%89%E0%B8%AD%E0%B8%87%E0%B8%99%E0%B8%AD%E0%B8%99-%E0%B8%97%E0%B8%B5%E0%B9%88-%E0%B9%80%E0%B8%94%E0%B8%AD%E0%B8%B0-%E0%B8%A3%E0%B8%B4%E0%B8%8A-%E0%B8%84%E0%B8%AD%E0%B8%99%E0%B9%82%E0%B8%94-%E0%B9%83%E0%B8%99-%E0%B8%AB%E0%B8%99%E0%B8%AD%E0%B8%87%E0%B8%AB%E0%B8%AD%E0%B8%A2-%E0%B9%80%E0%B8%8A%E0%B8%B5%E0%B8%A2%E0%B8%87%E0%B9%83%E0%B8%AB%E0%B8%A1%E0%B9%88-u728,"ขาย คอนโด 1 ห้องนอน ในโครงการ The Rich Condo (เดอะ ริช คอนโด)
หนองหอย, เมืองเชียงใหม่,
เชียงใหม่
฿1,769,800
฿1,208/เดือน
1 ห้องนอน
1 ห้องน้ำ
34.50 ตรม. พื้นที่ใช้สอย
4 ชั้น
ก.ย. 2558 สร้างเสร็จแล้ว
ขาย คอนโด 1 ห้องนอน ในโครงการ The Rich Condo (เดอะ ริช คอนโด)
อสังหาริมทรัพย์นี้เป็น คอนโด สำหรับขาย ขนาด 1 ห้องนอน มีพื้นที่ใช้สอย 34.50 ตรม. ซึ่งยูนิตนี้อยู่ในโครงการ เดอะ ริช คอนโด บนทำเลของ หนองหอย, เชียงใหม่ และสร้างเสร็จแล้วเมื่อ ก.ย. 2558 ซึ่งคุณสามารถซื้อ คอนโด นี้ได้ที่ราคา ฿1,769,800 (฿51,299/ตรม.)"
https://www.fazwaz.co.th/%E0%B8%82%E0%B8%B2%E0%B8%A2%E0%B8%9A%E0%B9%89%E0%B8%B2%E0%B8%99/%E0%B8%82%E0%B8%B2%E0%B8%A2-%E0%B8%84%E0%B8%AD%E0%B8%99%E0%B9%82%E0%B8%94-1-%E0%B8%AB%E0%B9%89%E0%B8%AD%E0%B8%87%E0%B8%99%E0%B8%AD%E0%B8%99-%E0%B8%97%E0%B8%B5%E0%B9%88-%E0%B9%80%E0%B8%94%E0%B8%AD%E0%B8%B0-%E0%B8%A3%E0%B8%B4%E0%B8%8A-%E0%B8%84%E0%B8%AD%E0%B8%99%E0%B9%82%E0%B8%94-%E0%B9%83%E0%B8%99-%E0%B8%AB%E0%B8%99%E0%B8%AD%E0%B8%87%E0%B8%AB%E0%B8%AD%E0%B8%A2-%E0%B9%80%E0%B8%8A%E0%B8%B5%E0%B8%A2%E0%B8%87%E0%B9%83%E0%B8%AB%E0%B8%A1%E0%B9%88-u729,"ขาย คอนโด 1 ห้องนอน ในโครงการ The Rich Condo (เดอะ ริช คอนโด)
หนองหอย, เมืองเชียงใหม่,
เชียงใหม่
฿1,769,800
฿1,208/เดือน
1 ห้องนอน
1 ห้องน้ำ
34.50 ตรม. พื้นที่ใช้สอย
4 ชั้น
ก.ย. 2558 สร้างเสร็จแล้ว
ขาย คอนโด 1 ห้องนอน ในโครงการ The Rich Condo (เดอะ ริช คอนโด)
อสังหาริมทรัพย์นี้เป็น คอนโด สำหรับขาย ขนาด 1 ห้องนอน มีพื้นที่ใช้สอย 34.50 ตรม. ซึ่งยูนิตนี้อยู่ในโครงการ เดอะ ริช คอนโด บนทำเลของ หนองหอย, เชียงใหม่ และสร้างเสร็จแล้วเมื่อ ก.ย. 2558 ซึ่งคุณสามารถซื้อ คอนโด นี้ได้ที่ราคา ฿1,769,800 (฿51,299/ตรม.)"
https://www.fazwaz.co.th/%E0%B8%82%E0%B8%B2%E0%B8%A2%E0%B8%9A%E0%B9%89%E0%B8%B2%E0%B8%99/%E0%B8%82%E0%B8%B2%E0%B8%A2-%E0%B8%84%E0%B8%AD%E0%B8%99%E0%B9%82%E0%B8%94-1-%E0%B8%AB%E0%B9%89%E0%B8%AD%E0%B8%87%E0%B8%99%E0%B8%AD%E0%B8%99-%E0%B8%97%E0%B8%B5%E0%B9%88-%E0%B9%80%E0%B8%94%E0%B8%AD%E0%B8%B0-%E0%B8%A3%E0%B8%B5%E0%B8%AA%E0%B8%AD%E0%B8%A3%E0%B9%8C%E0%B8%97-%E0%B8%84%E0%B8%AD%E0%B8%99%E0%B9%82%E0%B8%94%E0%B8%A1%E0%B8%B4%E0%B9%80%E0%B8%99%E0%B8%B5%E0%B8%A2%E0%B8%A1-%E0%B9%83%E0%B8%99-%E0%B8%8A%E0%B9%89%E0%B8%B2%E0%B8%87%E0%B9%80%E0%B8%9C%E0%B8%B7%E0%B8%AD%E0%B8%81-%E0%B9%80%E0%B8%8A%E0%B8%B5%E0%B8%A2%E0%B8%87%E0%B9%83%E0%B8%AB%E0%B8%A1%E0%B9%88-u1096370,"ขาย คอนโด 1 ห้องนอน ในโครงการ The Resort Condominium (เดอะ รีสอร์ท คอนโดมิเนียม)
ช้างเผือก, เมืองเชียงใหม่,
เชียงใหม่
฿4,900,000
฿2,310/เดือน
19
5%
1 ห้องนอน
1 ห้องน้ำ
77 ตรม. พื้นที่ใช้สอย
3 ชั้น
ส.ค. 2556 สร้างเสร็จแล้ว
ขาย คอนโด 1 ห้องนอน ในโครงการ The Resort Condominium (เดอะ รีสอร์ท คอนโดมิเนียม)
อสังหาริมทรัพย์นี้เป็น คอนโด สำหรับขาย ขนาด 1 ห้องนอน มีพื้นที่ใช้สอย 77 ตรม. ซึ่งยูนิตนี้อยู่ในโครงการ เดอะ รีสอร์ท คอนโดมิเนียม บนทำเลของ ช้างเผือก, เชียงใหม่ และสร้างเสร็จแล้วเมื่อ ส.ค. 2556 ซึ่งคุณสามารถซื้อ คอนโด นี้ได้ที่ราคา ฿4,900,000 (฿63,636/ตรม.)"
https://www.fazwaz.co.th/%E0%B8%82%E0%B8%B2%E0%B8%A2%E0%B8%9A%E0%B9%89%E0%B8%B2%E0%B8%99/%E0%B8%82%E0%B8%B2%E0%B8%A2-%E0%B8%84%E0%B8%AD%E0%B8%99%E0%B9%82%E0%B8%94-1-%E0%B8%AB%E0%B9%89%E0%B8%AD%E0%B8%87%E0%B8%99%E0%B8%AD%E0%B8%99-%E0%B8%97%E0%B8%B5%E0%B9%88-%E0%B9%80%E0%B8%94%E0%B8%AD%E0%B8%B0-%E0%B8%A3%E0%B8%B5%E0%B8%AA%E0%B8%AD%E0%B8%A3%E0%B9%8C%E0%B8%97-%E0%B8%84%E0%B8%AD%E0%B8%99%E0%B9%82%E0%B8%94%E0%B8%A1%E0%B8%B4%E0%B9%80%E0%B8%99%E0%B8%B5%E0%B8%A2%E0%B8%A1-%E0%B9%83%E0%B8%99-%E0%B8%8A%E0%B9%89%E0%B8%B2%E0%B8%87%E0%B9%80%E0%B8%9C%E0%B8%B7%E0%B8%AD%E0%B8%81-%E0%B9%80%E0%B8%8A%E0%B8%B5%E0%B8%A2%E0%B8%87%E0%B9%83%E0%B8%AB%E0%B8%A1%E0%B9%88-u1912825,"ขาย คอนโด 1 ห้องนอน ในโครงการ The Resort Condominium (เดอะ รีสอร์ท คอนโดมิเนียม)
ช้างเผือก, เมืองเชียงใหม่,
เชียงใหม่
฿6,700,000
฿2,549/เดือน
฿28,000/เดือน
20
5%
1 ห้องนอน
1 ห้องน้ำ
84.95 ตรม. พื้นที่ใช้สอย
6 ชั้น
ส.ค. 2556 สร้างเสร็จแล้ว
ขาย คอนโด 1 ห้องนอน ในโครงการ The Resort Condominium (เดอะ รีสอร์ท คอนโดมิเนียม)
อสังหาริมทรัพย์นี้เป็น คอนโด สำหรับขาย ขนาด 1 ห้องนอน มีพื้นที่ใช้สอย 84.95 ตรม. ซึ่งยูนิตนี้อยู่ในโครงการ เดอะ รีสอร์ท คอนโดมิเนียม บนทำเลของ ช้างเผือก, เชียงใหม่ และสร้างเสร็จแล้วเมื่อ ส.ค. 2556 ซึ่งคุณสามารถซื้อ คอนโด ได้ที่ราคา ฿6,700,000 (฿78,870/ตรม.) หรือทำสัญญาเช่าระยะยาว ที่ราคาค่าเช่า ฿28,000 ต่อเดือน"
https://www.fazwaz.co.th/%E0%B8%82%E0%B8%B2%E0%B8%A2%E0%B8%9A%E0%B9%89%E0%B8%B2%E0%B8%99/%E0%B8%82%E0%B8%B2%E0%B8%A2-%E0%B8%84%E0%B8%AD%E0%B8%99%E0%B9%82%E0%B8%94-1-%E0%B8%AB%E0%B9%89%E0%B8%AD%E0%B8%87%E0%B8%99%E0%B8%AD%E0%B8%99-%E0%B8%97%E0%B8%B5%E0%B9%88-%E0%B9%80%E0%B8%94%E0%B8%AD%E0%B8%B0-%E0%B8%A7%E0%B8%B1%E0%B8%99-%E0%B9%80%E0%B8%8A%E0%B8%B5%E0%B8%A2%E0%B8%87%E0%B9%83%E0%B8%AB%E0%B8%A1%E0%B9%88-%E0%B9%83%E0%B8%99-%E0%B8%AA%E0%B8%B1%E0%B8%99%E0%B8%97%E0%B8%A3%E0%B8%B2%E0%B8%A2%E0%B8%99%E0%B9%89%E0%B8%AD%E0%B8%A2-%E0%B9%80%E0%B8%8A%E0%B8%B5%E0%B8%A2%E0%B8%87%E0%B9%83%E0%B8%AB%E0%B8%A1%E0%B9%88-u1672392,"ขาย คอนโด 1 ห้องนอน ในโครงการ The One Chiang Mai (เดอะ วัน เชียงใหม่)
สันทรายน้อย, สันทราย,
เชียงใหม่
฿3,790,000
฿2,025/เดือน
15
7%
1 ห้องนอน
1 ห้องน้ำ
45 ตรม. พื้นที่ใช้สอย
6 ชั้น
ธ.ค. 2565 สร้างเสร็จแล้ว
ขาย คอนโด 1 ห้องนอน ในโครงการ The One Chiang Mai (เดอะ วัน เชียงใหม่)
อสังหาริมทรัพย์นี้เป็น คอนโด สำหรับขาย ขนาด 1 ห้องนอน มีพื้นที่ใช้สอย 45 ตรม. ซึ่งยูนิตนี้อยู่ในโครงการ เดอะ วัน เชียงใหม่ บนทำเลของ สันทรายน้อย, เชียงใหม่ และสร้างเสร็จแล้วเมื่อ ธ.ค. 2565 ซึ่งคุณสามารถซื้อ คอนโด นี้ได้ที่ราคา ฿3,790,000 (฿84,222/ตรม.)"
https://www.fazwaz.co.th/%E0%B8%82%E0%B8%B2%E0%B8%A2%E0%B8%9A%E0%B9%89%E0%B8%B2%E0%B8%99/%E0%B8%82%E0%B8%B2%E0%B8%A2-%E0%B8%84%E0%B8%AD%E0%B8%99%E0%B9%82%E0%B8%94-1-%E0%B8%AB%E0%B9%89%E0%B8%AD%E0%B8%87%E0%B8%99%E0%B8%AD%E0%B8%99-%E0%B8%97%E0%B8%B5%E0%B9%88-%E0%B9%80%E0%B8%94%E0%B8%AD%E0%B8%B0-%E0%B8%A7%E0%B8%B1%E0%B8%99-%E0%B9%80%E0%B8%8A%E0%B8%B5%E0%B8%A2%E0%B8%87%E0%B9%83%E0%B8%AB%E0%B8%A1%E0%B9%88-%E0%B9%83%E0%B8%99-%E0%B8%AA%E0%B8%B1%E0%B8%99%E0%B8%97%E0%B8%A3%E0%B8%B2%E0%B8%A2%E0%B8%99%E0%B9%89%E0%B8%AD%E0%B8%A2-%E0%B9%80%E0%B8%8A%E0%B8%B5%E0%B8%A2%E0%B8%87%E0%B9%83%E0%B8%AB%E0%B8%A1%E0%B9%88-u1809278,"ขาย คอนโด 1 ห้องนอน ในโครงการ The One Chiang Mai (เดอะ วัน เชียงใหม่)
สันทรายน้อย, สันทราย,
เชียงใหม่
฿3,430,821
฿1,620/เดือน
15
7%
1 ห้องนอน
1 ห้องน้ำ
36 ตรม. พื้นที่ใช้สอย
6 ชั้น
ธ.ค. 2565 สร้างเสร็จแล้ว
ขาย คอนโด 1 ห้องนอน ในโครงการ The One Chiang Mai (เดอะ วัน เชียงใหม่)
อสังหาริมทรัพย์นี้เป็น คอนโด สำหรับขาย ขนาด 1 ห้องนอน มีพื้นที่ใช้สอย 36 ตรม. ซึ่งยูนิตนี้อยู่ในโครงการ เดอะ วัน เชียงใหม่ บนทำเลของ สันทรายน้อย, เชียงใหม่ และสร้างเสร็จแล้วเมื่อ ธ.ค. 2565 ซึ่งคุณสามารถซื้อ คอนโด นี้ได้ที่ราคา ฿3,430,821 (฿95,301/ตรม.)"
https://www.fazwaz.co.th/%E0%B8%82%E0%B8%B2%E0%B8%A2%E0%B8%9A%E0%B9%89%E0%B8%B2%E0%B8%99/%E0%B8%82%E0%B8%B2%E0%B8%A2-%E0%B8%84%E0%B8%AD%E0%B8%99%E0%B9%82%E0%B8%94-1-%E0%B8%AB%E0%B9%89%E0%B8%AD%E0%B8%87%E0%B8%99%E0%B8%AD%E0%B8%99-%E0%B8%97%E0%B8%B5%E0%B9%88-%E0%B9%80%E0%B8%94%E0%B8%AD%E0%B8%B0-%E0%B8%A7%E0%B8%B1%E0%B8%99-%E0%B9%80%E0%B8%8A%E0%B8%B5%E0%B8%A2%E0%B8%87%E0%B9%83%E0%B8%AB%E0%B8%A1%E0%B9%88-%E0%B9%83%E0%B8%99-%E0%B8%AA%E0%B8%B1%E0%B8%99%E0%B8%97%E0%B8%A3%E0%B8%B2%E0%B8%A2%E0%B8%99%E0%B9%89%E0%B8%AD%E0%B8%A2-%E0%B9%80%E0%B8%8A%E0%B8%B5%E0%B8%A2%E0%B8%87%E0%B9%83%E0%B8%AB%E0%B8%A1%E0%B9%88-u1809282,"ขาย คอนโด 1 ห้องนอน ในโครงการ The One Chiang Mai (เดอะ วัน เชียงใหม่)
สันทรายน้อย, สันทราย,
เชียงใหม่
฿3,318,487
฿1,620/เดือน
15
7%
1 ห้องนอน
1 ห้องน้ำ
36 ตรม. พื้นที่ใช้สอย
1 ชั้น
ธ.ค. 2565 สร้างเสร็จแล้ว
ขาย คอนโด 1 ห้องนอน ในโครงการ The One Chiang Mai (เดอะ วัน เชียงใหม่)
อสังหาริมทรัพย์นี้เป็น คอนโด สำหรับขาย ขนาด 1 ห้องนอน มีพื้นที่ใช้สอย 36 ตรม. ซึ่งยูนิตนี้อยู่ในโครงการ เดอะ วัน เชียงใหม่ บนทำเลของ สันทรายน้อย, เชียงใหม่ และสร้างเสร็จแล้วเมื่อ ธ.ค. 2565 ซึ่งคุณสามารถซื้อ คอนโด นี้ได้ที่ราคา ฿3,318,487 (฿92,180/ตรม.)"
https://www.fazwaz.co.th/%E0%B8%82%E0%B8%B2%E0%B8%A2%E0%B8%9A%E0%B9%89%E0%B8%B2%E0%B8%99/%E0%B8%82%E0%B8%B2%E0%B8%A2-%E0%B8%84%E0%B8%AD%E0%B8%99%E0%B9%82%E0%B8%94-1-%E0%B8%AB%E0%B9%89%E0%B8%AD%E0%B8%87%E0%B8%99%E0%B8%AD%E0%B8%99-%E0%B8%97%E0%B8%B5%E0%B9%88-%E0%B9%80%E0%B8%94%E0%B8%AD%E0%B8%B0-%E0%B8%A7%E0%B8%B1%E0%B8%99-%E0%B9%80%E0%B8%8A%E0%B8%B5%E0%B8%A2%E0%B8%87%E0%B9%83%E0%B8%AB%E0%B8%A1%E0%B9%88-%E0%B9%83%E0%B8%99-%E0%B8%AA%E0%B8%B1%E0%B8%99%E0%B8%97%E0%B8%A3%E0%B8%B2%E0%B8%A2%E0%B8%99%E0%B9%89%E0%B8%AD%E0%B8%A2-%E0%B9%80%E0%B8%8A%E0%B8%B5%E0%B8%A2%E0%B8%87%E0%B9%83%E0%B8%AB%E0%B8%A1%E0%B9%88-u5362232,"ขาย คอนโด 1 ห้องนอน ในโครงการ The One Chiang Mai (เดอะ วัน เชียงใหม่)
สันทรายน้อย, สันทราย,
เชียงใหม่
฿3,750,000
฿1,553/เดือน
฿18,000/เดือน
17
6%
1 ห้องนอน
1 ห้องน้ำ
34.50 ตรม. พื้นที่ใช้สอย
5 ชั้น
ธ.ค. 2565 สร้างเสร็จแล้ว
ขาย คอนโด 1 ห้องนอน ในโครงการ The One Chiang Mai (เดอะ วัน เชียงใหม่)
อสังหาริมทรัพย์นี้เป็น คอนโด สำหรับขาย ขนาด 1 ห้องนอน มีพื้นที่ใช้สอย 34.50 ตรม. ซึ่งยูนิตนี้อยู่ในโครงการ เดอะ วัน เชียงใหม่ บนทำเลของ สันทรายน้อย, เชียงใหม่ และสร้างเสร็จแล้วเมื่อ ธ.ค. 2565 ซึ่งคุณสามารถซื้อ คอนโด ได้ที่ราคา ฿3,750,000 (฿108,696/ตรม.) หรือทำสัญญาเช่าระยะยาว ที่ราคาค่าเช่า ฿18,000 ต่อเดือน"
https://www.fazwaz.co.th/%E0%B8%82%E0%B8%B2%E0%B8%A2%E0%B8%9A%E0%B9%89%E0%B8%B2%E0%B8%99/%E0%B8%82%E0%B8%B2%E0%B8%A2-%E0%B8%84%E0%B8%AD%E0%B8%99%E0%B9%82%E0%B8%94-1-%E0%B8%AB%E0%B9%89%E0%B8%AD%E0%B8%87%E0%B8%99%E0%B8%AD%E0%B8%99-%E0%B8%97%E0%B8%B5%E0%B9%88-%E0%B9%80%E0%B8%94%E0%B8%AD%E0%B8%B0-%E0%B8%A7%E0%B8%B1%E0%B8%99-%E0%B9%80%E0%B8%8A%E0%B8%B5%E0%B8%A2%E0%B8%87%E0%B9%83%E0%B8%AB%E0%B8%A1%E0%B9%88-%E0%B9%83%E0%B8%99-%E0%B8%AA%E0%B8%B1%E0%B8%99%E0%B8%97%E0%B8%A3%E0%B8%B2%E0%B8%A2%E0%B8%99%E0%B9%89%E0%B8%AD%E0%B8%A2-%E0%B9%80%E0%B8%8A%E0%B8%B5%E0%B8%A2%E0%B8%87%E0%B9%83%E0%B8%AB%E0%B8%A1%E0%B9%88-u633462,"ขาย คอนโด 1 ห้องนอน ในโครงการ The One Chiang Mai (เดอะ วัน เชียงใหม่)
สันทรายน้อย, สันทราย,
เชียงใหม่
฿2,800,000
฿1,436/เดือน
15
7%
1 ห้องนอน
1 ห้องน้ำ
31.90 ตรม. พื้นที่ใช้สอย
3 ชั้น
ธ.ค. 2565 สร้างเสร็จแล้ว
ขาย คอนโด 1 ห้องนอน ในโครงการ The One Chiang Mai (เดอะ วัน เชียงใหม่)
อสังหาริมทรัพย์นี้เป็น คอนโด สำหรับขาย ขนาด 1 ห้องนอน มีพื้นที่ใช้สอย 31.90 ตรม. ซึ่งยูนิตนี้อยู่ในโครงการ เดอะ วัน เชียงใหม่ บนทำเลของ สันทรายน้อย, เชียงใหม่ และสร้างเสร็จแล้วเมื่อ ธ.ค. 2565 ซึ่งคุณสามารถซื้อ คอนโด นี้ได้ที่ราคา ฿2,800,000 (฿87,774/ตรม.)"
https://www.fazwaz.co.th/%E0%B8%82%E0%B8%B2%E0%B8%A2%E0%B8%9A%E0%B9%89%E0%B8%B2%E0%B8%99/%E0%B8%82%E0%B8%B2%E0%B8%A2-%E0%B8%84%E0%B8%AD%E0%B8%99%E0%B9%82%E0%B8%94-1-%E0%B8%AB%E0%B9%89%E0%B8%AD%E0%B8%87%E0%B8%99%E0%B8%AD%E0%B8%99-%E0%B8%97%E0%B8%B5%E0%B9%88-%E0%B9%80%E0%B8%94%E0%B8%AD%E0%B8%B0-%E0%B8%A7%E0%B8%B4%E0%B8%87-%E0%B9%80%E0%B8%9E%E0%B8%A5%E0%B8%AA-%E0%B8%84%E0%B8%AD%E0%B8%99%E0%B9%82%E0%B8%94-%E0%B9%83%E0%B8%99-%E0%B8%AA%E0%B8%B8%E0%B9%80%E0%B8%97%E0%B8%9E-%E0%B9%80%E0%B8%8A%E0%B8%B5%E0%B8%A2%E0%B8%87%E0%B9%83%E0%B8%AB%E0%B8%A1%E0%B9%88-u1649966,"ขาย คอนโด 1 ห้องนอน ในโครงการ The Wing Place Condo (เดอะ วิง เพลส คอนโด)
สุเทพ, เมืองเชียงใหม่,
เชียงใหม่
฿2,200,000
฿1,500/เดือน
฿13,500/เดือน
14
7%
1 ห้องนอน
1 ห้องน้ำ
35 ตรม. พื้นที่ใช้สอย
4 ชั้น
ธ.ค. 2557 สร้างเสร็จแล้ว
ขาย คอนโด 1 ห้องนอน ในโครงการ The Wing Place Condo (เดอะ วิง เพลส คอนโด)
อสังหาริมทรัพย์นี้เป็น คอนโด สำหรับขาย ขนาด 1 ห้องนอน มีพื้นที่ใช้สอย 35 ตรม. ซึ่งยูนิตนี้อยู่ในโครงการ เดอะ วิง เพลส คอนโด บนทำเลของ สุเทพ, เชียงใหม่ และสร้างเสร็จแล้วเมื่อ ธ.ค. 2557 ซึ่งคุณสามารถซื้อ คอนโด ได้ที่ราคา ฿2,200,000 (฿62,857/ตรม.) หรือทำสัญญาเช่าระยะยาว ที่ราคาค่าเช่า ฿13,500 ต่อเดือน"
https://www.fazwaz.co.th/%E0%B8%82%E0%B8%B2%E0%B8%A2%E0%B8%9A%E0%B9%89%E0%B8%B2%E0%B8%99/%E0%B8%82%E0%B8%B2%E0%B8%A2-%E0%B8%84%E0%B8%AD%E0%B8%99%E0%B9%82%E0%B8%94-1-%E0%B8%AB%E0%B9%89%E0%B8%AD%E0%B8%87%E0%B8%99%E0%B8%AD%E0%B8%99-%E0%B8%97%E0%B8%B5%E0%B9%88-%E0%B9%80%E0%B8%94%E0%B8%AD%E0%B8%B0-%E0%B8%A7%E0%B8%B4%E0%B8%87-%E0%B9%80%E0%B8%9E%E0%B8%A5%E0%B8%AA-%E0%B8%84%E0%B8%AD%E0%B8%99%E0%B9%82%E0%B8%94-%E0%B9%83%E0%B8%99-%E0%B8%AA%E0%B8%B8%E0%B9%80%E0%B8%97%E0%B8%9E-%E0%B9%80%E0%B8%8A%E0%B8%B5%E0%B8%A2%E0%B8%87%E0%B9%83%E0%B8%AB%E0%B8%A1%E0%B9%88-u5640064,"ขาย คอนโด 1 ห้องนอน ในโครงการ The Wing Place Condo (เดอะ วิง เพลส คอนโด)
สุเทพ, เมืองเชียงใหม่,
เชียงใหม่
฿2,000,000
14
7%
1 ห้องนอน
1 ห้องน้ำ
34.70 ตรม. พื้นที่ใช้สอย
3 ชั้น
ธ.ค. 2557 สร้างเสร็จแล้ว
ขาย คอนโด 1 ห้องนอน ในโครงการ The Wing Place Condo (เดอะ วิง เพลส คอนโด)
อสังหาริมทรัพย์นี้เป็น คอนโด สำหรับขาย ขนาด 1 ห้องนอน มีพื้นที่ใช้สอย 34.70 ตรม. ซึ่งยูนิตนี้อยู่ในโครงการ เดอะ วิง เพลส คอนโด บนทำเลของ สุเทพ, เชียงใหม่ และสร้างเสร็จแล้วเมื่อ ธ.ค. 2557 ซึ่งคุณสามารถซื้อ คอนโด นี้ได้ที่ราคา ฿2,000,000 (฿57,637/ตรม.)"
https://www.fazwaz.co.th/%E0%B8%82%E0%B8%B2%E0%B8%A2%E0%B8%9A%E0%B9%89%E0%B8%B2%E0%B8%99/%E0%B8%82%E0%B8%B2%E0%B8%A2-%E0%B8%84%E0%B8%AD%E0%B8%99%E0%B9%82%E0%B8%94-1-%E0%B8%AB%E0%B9%89%E0%B8%AD%E0%B8%87%E0%B8%99%E0%B8%AD%E0%B8%99-%E0%B8%97%E0%B8%B5%E0%B9%88-%E0%B9%80%E0%B8%94%E0%B8%AD%E0%B8%B0-%E0%B8%A7%E0%B8%B4%E0%B8%87-%E0%B9%80%E0%B8%9E%E0%B8%A5%E0%B8%AA-%E0%B8%84%E0%B8%AD%E0%B8%99%E0%B9%82%E0%B8%94-%E0%B9%83%E0%B8%99-%E0%B8%AA%E0%B8%B8%E0%B9%80%E0%B8%97%E0%B8%9E-%E0%B9%80%E0%B8%8A%E0%B8%B5%E0%B8%A2%E0%B8%87%E0%B9%83%E0%B8%AB%E0%B8%A1%E0%B9%88-u5921762,"ขาย คอนโด 1 ห้องนอน ในโครงการ The Wing Place Condo (เดอะ วิง เพลส คอนโด)
สุเทพ, เมืองเชียงใหม่,
เชียงใหม่
฿1,980,000
฿40/เดือน
14
7%
1 ห้องนอน
1 ห้องน้ำ
35 ตรม. พื้นที่ใช้สอย
2 ชั้น
ธ.ค. 2557 สร้างเสร็จแล้ว
ขาย คอนโด 1 ห้องนอน ในโครงการ The Wing Place Condo (เดอะ วิง เพลส คอนโด)
อสังหาริมทรัพย์นี้เป็น คอนโด สำหรับขาย ขนาด 1 ห้องนอน มีพื้นที่ใช้สอย 35 ตรม. ซึ่งยูนิตนี้อยู่ในโครงการ เดอะ วิง เพลส คอนโด บนทำเลของ สุเทพ, เชียงใหม่ และสร้างเสร็จแล้วเมื่อ ธ.ค. 2557 ซึ่งคุณสามารถซื้อ คอนโด นี้ได้ที่ราคา ฿1,980,000 (฿56,571/ตรม.)"
https://www.fazwaz.co.th/%E0%B8%82%E0%B8%B2%E0%B8%A2%E0%B8%9A%E0%B9%89%E0%B8%B2%E0%B8%99/%E0%B8%82%E0%B8%B2%E0%B8%A2-%E0%B8%84%E0%B8%AD%E0%B8%99%E0%B9%82%E0%B8%94-1-%E0%B8%AB%E0%B9%89%E0%B8%AD%E0%B8%87%E0%B8%99%E0%B8%AD%E0%B8%99-%E0%B8%97%E0%B8%B5%E0%B9%88-%E0%B9%80%E0%B8%94%E0%B8%AD%E0%B8%B0-%E0%B8%A7%E0%B8%B5%E0%B8%94%E0%B8%B5%E0%B9%89-%E0%B8%84%E0%B8%AD%E0%B8%99%E0%B9%82%E0%B8%94-%E0%B9%83%E0%B8%99-%E0%B8%8A%E0%B9%89%E0%B8%B2%E0%B8%87%E0%B9%80%E0%B8%9C%E0%B8%B7%E0%B8%AD%E0%B8%81-%E0%B9%80%E0%B8%8A%E0%B8%B5%E0%B8%A2%E0%B8%87%E0%B9%83%E0%B8%AB%E0%B8%A1%E0%B9%88-u1732716,"ขาย คอนโด 1 ห้องนอน ในโครงการ The Vidi Condominium (เดอะ วีดี้ คอนโด)
ช้างเผือก, เมืองเชียงใหม่,
เชียงใหม่
฿3,490,000
฿1,960/เดือน
17
6%
1 ห้องนอน
1 ห้องน้ำ
49 ตรม. พื้นที่ใช้สอย
4 ชั้น
ต.ค. 2560 สร้างเสร็จแล้ว
ขาย คอนโด 1 ห้องนอน ในโครงการ The Vidi Condominium (เดอะ วีดี้ คอนโด)
อสังหาริมทรัพย์นี้เป็น คอนโด สำหรับขาย ขนาด 1 ห้องนอน มีพื้นที่ใช้สอย 49 ตรม. ซึ่งยูนิตนี้อยู่ในโครงการ เดอะ วีดี้ คอนโด บนทำเลของ ช้างเผือก, เชียงใหม่ และสร้างเสร็จแล้วเมื่อ ต.ค. 2560 ซึ่งคุณสามารถซื้อ คอนโด นี้ได้ที่ราคา ฿3,490,000 (฿71,224/ตรม.)"
https://www.fazwaz.co.th/%E0%B8%82%E0%B8%B2%E0%B8%A2%E0%B8%9A%E0%B9%89%E0%B8%B2%E0%B8%99/%E0%B8%82%E0%B8%B2%E0%B8%A2-%E0%B8%84%E0%B8%AD%E0%B8%99%E0%B9%82%E0%B8%94-1-%E0%B8%AB%E0%B9%89%E0%B8%AD%E0%B8%87%E0%B8%99%E0%B8%AD%E0%B8%99-%E0%B8%97%E0%B8%B5%E0%B9%88-%E0%B9%80%E0%B8%94%E0%B8%AD%E0%B8%B0-%E0%B8%A7%E0%B8%B5%E0%B8%94%E0%B8%B5%E0%B9%89-%E0%B8%84%E0%B8%AD%E0%B8%99%E0%B9%82%E0%B8%94-%E0%B9%83%E0%B8%99-%E0%B8%8A%E0%B9%89%E0%B8%B2%E0%B8%87%E0%B9%80%E0%B8%9C%E0%B8%B7%E0%B8%AD%E0%B8%81-%E0%B9%80%E0%B8%8A%E0%B8%B5%E0%B8%A2%E0%B8%87%E0%B9%83%E0%B8%AB%E0%B8%A1%E0%B9%88-u5379321,"ขาย คอนโด 1 ห้องนอน ในโครงการ The Vidi Condominium (เดอะ วีดี้ คอนโด)
ช้างเผือก, เมืองเชียงใหม่,
เชียงใหม่
฿3,200,000
฿1,800/เดือน
17
6%
1 ห้องนอน
1 ห้องน้ำ
45 ตรม. พื้นที่ใช้สอย
2 ชั้น
ต.ค. 2560 สร้างเสร็จแล้ว
ขาย คอนโด 1 ห้องนอน ในโครงการ The Vidi Condominium (เดอะ วีดี้ คอนโด)
อสังหาริมทรัพย์นี้เป็น คอนโด สำหรับขาย ขนาด 1 ห้องนอน มีพื้นที่ใช้สอย 45 ตรม. ซึ่งยูนิตนี้อยู่ในโครงการ เดอะ วีดี้ คอนโด บนทำเลของ ช้างเผือก, เชียงใหม่ และสร้างเสร็จแล้วเมื่อ ต.ค. 2560 ซึ่งคุณสามารถซื้อ คอนโด นี้ได้ที่ราคา ฿3,200,000 (฿71,111/ตรม.)"
https://www.fazwaz.co.th/%E0%B8%82%E0%B8%B2%E0%B8%A2%E0%B8%9A%E0%B9%89%E0%B8%B2%E0%B8%99/%E0%B8%82%E0%B8%B2%E0%B8%A2-%E0%B8%84%E0%B8%AD%E0%B8%99%E0%B9%82%E0%B8%94-1-%E0%B8%AB%E0%B9%89%E0%B8%AD%E0%B8%87%E0%B8%99%E0%B8%AD%E0%B8%99-%E0%B8%97%E0%B8%B5%E0%B9%88-%E0%B9%80%E0%B8%94%E0%B8%AD%E0%B8%B0-%E0%B8%AA%E0%B8%95%E0%B8%B2%E0%B8%A3%E0%B9%8C-%E0%B8%AE%E0%B8%B4%E0%B8%A5%E0%B8%A5%E0%B9%8C-%E0%B8%84%E0%B8%AD%E0%B8%99%E0%B9%82%E0%B8%94-%E0%B9%83%E0%B8%99-%E0%B8%AA%E0%B8%B8%E0%B9%80%E0%B8%97%E0%B8%9E-%E0%B9%80%E0%B8%8A%E0%B8%B5%E0%B8%A2%E0%B8%87%E0%B9%83%E0%B8%AB%E0%B8%A1%E0%B9%88-u1769816,"ขาย คอนโด 1 ห้องนอน ในโครงการ The Star Hill Condo (เดอะ สตาร์ ฮิลล์ คอนโด)
สุเทพ, เมืองเชียงใหม่,
เชียงใหม่
฿2,790,000
฿1,500/เดือน
21
5%
1 ห้องนอน
1 ห้องน้ำ
30 ตรม. พื้นที่ใช้สอย
ชั้นแรก (ติดพื้นดิน) ชั้น
ก.พ. 2560 สร้างเสร็จแล้ว
ขาย คอนโด 1 ห้องนอน ในโครงการ The Star Hill Condo (เดอะ สตาร์ ฮิลล์ คอนโด)
อสังหาริมทรัพย์นี้เป็น คอนโด สำหรับขาย ขนาด 1 ห้องนอน มีพื้นที่ใช้สอย 30 ตรม. ซึ่งยูนิตนี้อยู่ในโครงการ เดอะ สตาร์ ฮิลล์ คอนโด บนทำเลของ สุเทพ, เชียงใหม่ และสร้างเสร็จแล้วเมื่อ ก.พ. 2560 ซึ่งคุณสามารถซื้อ คอนโด นี้ได้ที่ราคา ฿2,790,000 (฿93,000/ตรม.)
ขายคอนโดสุดเอ็กซ์คลูซีฟ ""The Starhill Condo""
โครงการ The Starhill Condo ตั้งอยู่บนทําเลคันคลองสุเทพ เชียงใหม่ ออกแบบสไตล์ luxury modern ที่เปี่ยมไปด้วยไลฟ์สไตล์ที่ไม่เหมือนใคร กับความเรียบง่ายเหนือระดับ ผสานเข้ากันได้อย่างลงตัว รายละเอียด พื้นที่ใช้สอย 30 ตร.ม. ชั้นล่าง(ติดสวน) ใกล้ fitness room พิเศษ! ราคา 2,790,000 บาท ขนาด 1 ห้องนอน 1 ห้องน้ำ 1 ห้องนั่งเล่น รูปแบบการตกแต่งของห้องเป็นแบบบิ้วท์อิน เฟอร์ครบ พร้อมเข้าอยู่ -ตู้เย็น ,เตาไฟฟ้า ,ทีวี ,เครื่องดูดควัน ,เครื่องปรับอากาศ -โต๊ะ ,เก้าอี้ ,เตียงนอน ,ตู้เสื้อผ้า . สิ่งอำนวยความสะดวก สระว่ายน้ํา จากุซซี่ ห้องสตีม ฟิตเนส สวนหย่อมชั้นดาดฟ้า พื้นที่สีเขียว ห้องเกมส์ ห้องสมุด Sky Lounge ลิฟต์ ที่จอดรถ รวมถึงระบบรักษาความปลอดภัยที่สมบูรณ์แบบ ไม่ว่าจะเป็น Access Key Card, เจ้าหน้าที่รักษาความปลอดภัย และกล้องวงจรปิดตลอด 24 ชั่วโมง . สถานที่ใกล้เคียง -3 กม. มหาวิทยาลัยเชียงใหม่ -3.2 กม. โรงเรียนสาธิตมหาวิทยาลัยเชียงใหม่ -3.9 กม. โรงพยาบาลมหาราชนครเชียงใหม่ -4 กม. เมญ่า ไลฟ์สไตล์ ช็อปปิ้ง เซ็นเตอร์ -6.3 กม. เทสโก้ โลตัส -6.5 กม. เซ็นทรัลแอร์พอร์ต พลาซ่า -6.9 กม. ตลาดวโรรส (กาดหลวง) -7.3 กม. สนามบินเชียงใหม่ . ที่อยู่ : หมู่ 5 ถ.ชลประทาน ตำบลสุเทพ อำเภอเมืองเชียงใหม่ เชียงใหม่ 50200
แสดงเพิ่มเติม"
https://www.fazwaz.co.th/%E0%B8%82%E0%B8%B2%E0%B8%A2%E0%B8%9A%E0%B9%89%E0%B8%B2%E0%B8%99/%E0%B8%82%E0%B8%B2%E0%B8%A2-%E0%B8%84%E0%B8%AD%E0%B8%99%E0%B9%82%E0%B8%94-1-%E0%B8%AB%E0%B9%89%E0%B8%AD%E0%B8%87%E0%B8%99%E0%B8%AD%E0%B8%99-%E0%B8%97%E0%B8%B5%E0%B9%88-%E0%B9%80%E0%B8%94%E0%B8%AD%E0%B8%B0-%E0%B8%AA%E0%B8%95%E0%B8%B2%E0%B8%A3%E0%B9%8C-%E0%B8%AE%E0%B8%B4%E0%B8%A5%E0%B8%A5%E0%B9%8C-%E0%B8%84%E0%B8%AD%E0%B8%99%E0%B9%82%E0%B8%94-%E0%B9%83%E0%B8%99-%E0%B8%AA%E0%B8%B8%E0%B9%80%E0%B8%97%E0%B8%9E-%E0%B9%80%E0%B8%8A%E0%B8%B5%E0%B8%A2%E0%B8%87%E0%B9%83%E0%B8%AB%E0%B8%A1%E0%B9%88-u1906003,"ขาย คอนโด 1 ห้องนอน ในโครงการ The Star Hill Condo (เดอะ สตาร์ ฮิลล์ คอนโด)
สุเทพ, เมืองเชียงใหม่,
เชียงใหม่
฿5,650,000
฿3,150/เดือน
21
5%
1 ห้องนอน
1 ห้องน้ำ
63 ตรม. พื้นที่ใช้สอย
5 ชั้น
ก.พ. 2560 สร้างเสร็จแล้ว
ขาย คอนโด 1 ห้องนอน ในโครงการ The Star Hill Condo (เดอะ สตาร์ ฮิลล์ คอนโด)
อสังหาริมทรัพย์นี้เป็น คอนโด สำหรับขาย ขนาด 1 ห้องนอน มีพื้นที่ใช้สอย 63 ตรม. ซึ่งยูนิตนี้อยู่ในโครงการ เดอะ สตาร์ ฮิลล์ คอนโด บนทำเลของ สุเทพ, เชียงใหม่ และสร้างเสร็จแล้วเมื่อ ก.พ. 2560 ซึ่งคุณสามารถซื้อ คอนโด นี้ได้ที่ราคา ฿5,650,000 (฿89,683/ตรม.)"
https://www.fazwaz.co.th/%E0%B8%82%E0%B8%B2%E0%B8%A2%E0%B8%9A%E0%B9%89%E0%B8%B2%E0%B8%99/%E0%B8%82%E0%B8%B2%E0%B8%A2-%E0%B8%84%E0%B8%AD%E0%B8%99%E0%B9%82%E0%B8%94-1-%E0%B8%AB%E0%B9%89%E0%B8%AD%E0%B8%87%E0%B8%99%E0%B8%AD%E0%B8%99-%E0%B8%97%E0%B8%B5%E0%B9%88-%E0%B9%80%E0%B8%94%E0%B8%AD%E0%B8%B0-%E0%B8%AA%E0%B8%95%E0%B8%B2%E0%B8%A3%E0%B9%8C-%E0%B8%AE%E0%B8%B4%E0%B8%A5%E0%B8%A5%E0%B9%8C-%E0%B8%84%E0%B8%AD%E0%B8%99%E0%B9%82%E0%B8%94-%E0%B9%83%E0%B8%99-%E0%B8%AA%E0%B8%B8%E0%B9%80%E0%B8%97%E0%B8%9E-%E0%B9%80%E0%B8%8A%E0%B8%B5%E0%B8%A2%E0%B8%87%E0%B9%83%E0%B8%AB%E0%B8%A1%E0%B9%88-u1936310,"ขาย คอนโด 1 ห้องนอน ในโครงการ The Star Hill Condo (เดอะ สตาร์ ฮิลล์ คอนโด)
สุเทพ, เมืองเชียงใหม่,
เชียงใหม่
฿2,700,000
฿1,650/เดือน
21
5%
1 ห้องนอน
1 ห้องน้ำ
33 ตรม. พื้นที่ใช้สอย
1 ชั้น
ก.พ. 2560 สร้างเสร็จแล้ว
ขาย คอนโด 1 ห้องนอน ในโครงการ The Star Hill Condo (เดอะ สตาร์ ฮิลล์ คอนโด)
อสังหาริมทรัพย์นี้เป็น คอนโด สำหรับขาย ขนาด 1 ห้องนอน มีพื้นที่ใช้สอย 33 ตรม. ซึ่งยูนิตนี้อยู่ในโครงการ เดอะ สตาร์ ฮิลล์ คอนโด บนทำเลของ สุเทพ, เชียงใหม่ และสร้างเสร็จแล้วเมื่อ ก.พ. 2560 ซึ่งคุณสามารถซื้อ คอนโด นี้ได้ที่ราคา ฿2,700,000 (฿81,818/ตรม.)
ขายคอนโดหรูระดับ 5 ดาว ใกล้มหาวิทยาลัยเชียงใหม่ ถนนนิมมานฯ
CMB04770 - ขายขายคอนโดหรูระดับ 5 ดาว ใกล้มหาวิทยาลัยเชียงใหม่ ถนนนิมมานเหมินทร์ เงียบสงบ มีความเป็นส่วนตัว สามารถเลี้ยงสัตว์ได้ (The starhill condo)ห้องสตูดิโอขนาด 33 ตารางเมตร ชั้น 1 แยกสัดส่วนห้องนอน ห้องครัว ห้องน้ำ และมีระเบียงกว้างโครงการมีฟิตเนส สระว่ายน้ำ ห้อง co-working space, ห้องบริการเครื่องซักอบผ้า ลอบบี้กว้างขวาง ลานจอดรถในร่มและรอบอาคาร พร้อมระบบความปลอดภัย 24 ชม.*** ขายเพียง 2,700,000 บาท ***ค่าใช้จ่ายในการโอนและภาษี ณ สำนักงานที่ดิน ฝั่งละครึ่ง ..............................................................- For Sale For Sale 5 star luxury condo near Chiang Mai University, close to Nimmanhemin road and Chiang Mai international Airport.33 sq.m. studio type on the 1st floor.Separate Bedroom with balcony, kitchen and bathroomFacilities: Large Fitness, Swimming Pool, Co-working room, Laundry station, reception lobby, car parking, 24 hrs. Security system.*** For sale 2,700,000 baht ***50/50 of transfer fees and taxes split between seller and buyer   ..............................................................   ติดต่อสอบถามเพิ่มเติม / Please contact: CM Biz Real Estate Group Co., LTD Leading Luxury Property Agent in Chiang Mai, Thailand   โทร. 063-789-9294, 093-563-5626 Line id: @cmbizrealestate We Chat: kwancmbiz FB: คอนโด บ้าน ที่ดิน เชียงใหม่ CM Biz Real Estate FB: Condo and House for rent in Chiang Mai www.cmbizrealestate.com    
แสดงเพิ่มเติม"
https://www.fazwaz.co.th/%E0%B8%82%E0%B8%B2%E0%B8%A2%E0%B8%9A%E0%B9%89%E0%B8%B2%E0%B8%99/%E0%B8%82%E0%B8%B2%E0%B8%A2-%E0%B8%84%E0%B8%AD%E0%B8%99%E0%B9%82%E0%B8%94-1-%E0%B8%AB%E0%B9%89%E0%B8%AD%E0%B8%87%E0%B8%99%E0%B8%AD%E0%B8%99-%E0%B8%97%E0%B8%B5%E0%B9%88-%E0%B9%80%E0%B8%94%E0%B8%AD%E0%B8%B0-%E0%B8%AA%E0%B8%95%E0%B8%B2%E0%B8%A3%E0%B9%8C-%E0%B8%AE%E0%B8%B4%E0%B8%A5%E0%B8%A5%E0%B9%8C-%E0%B8%84%E0%B8%AD%E0%B8%99%E0%B9%82%E0%B8%94-%E0%B9%83%E0%B8%99-%E0%B8%AA%E0%B8%B8%E0%B9%80%E0%B8%97%E0%B8%9E-%E0%B9%80%E0%B8%8A%E0%B8%B5%E0%B8%A2%E0%B8%87%E0%B9%83%E0%B8%AB%E0%B8%A1%E0%B9%88-u5569858,"ขาย คอนโด 1 ห้องนอน ในโครงการ The Star Hill Condo (เดอะ สตาร์ ฮิลล์ คอนโด)
สุเทพ, เมืองเชียงใหม่,
เชียงใหม่
฿2,790,000
฿1,650/เดือน
21
5%
1 ห้องนอน
1 ห้องน้ำ
33 ตรม. พื้นที่ใช้สอย
1 ชั้น
ก.พ. 2560 สร้างเสร็จแล้ว
ขาย คอนโด 1 ห้องนอน ในโครงการ The Star Hill Condo (เดอะ สตาร์ ฮิลล์ คอนโด)
อสังหาริมทรัพย์นี้เป็น คอนโด สำหรับขาย ขนาด 1 ห้องนอน มีพื้นที่ใช้สอย 33 ตรม. ซึ่งยูนิตนี้อยู่ในโครงการ เดอะ สตาร์ ฮิลล์ คอนโด บนทำเลของ สุเทพ, เชียงใหม่ และสร้างเสร็จแล้วเมื่อ ก.พ. 2560 ซึ่งคุณสามารถซื้อ คอนโด นี้ได้ที่ราคา ฿2,790,000 (฿84,545/ตรม.)"
https://www.fazwaz.co.th/%E0%B8%82%E0%B8%B2%E0%B8%A2%E0%B8%9A%E0%B9%89%E0%B8%B2%E0%B8%99/%E0%B8%82%E0%B8%B2%E0%B8%A2-%E0%B8%84%E0%B8%AD%E0%B8%99%E0%B9%82%E0%B8%94-1-%E0%B8%AB%E0%B9%89%E0%B8%AD%E0%B8%87%E0%B8%99%E0%B8%AD%E0%B8%99-%E0%B8%97%E0%B8%B5%E0%B9%88-%E0%B9%80%E0%B8%94%E0%B8%AD%E0%B8%B0-%E0%B8%AA%E0%B8%95%E0%B8%B2%E0%B8%A3%E0%B9%8C-%E0%B8%AE%E0%B8%B4%E0%B8%A5%E0%B8%A5%E0%B9%8C-%E0%B8%84%E0%B8%AD%E0%B8%99%E0%B9%82%E0%B8%94-%E0%B9%83%E0%B8%99-%E0%B8%AA%E0%B8%B8%E0%B9%80%E0%B8%97%E0%B8%9E-%E0%B9%80%E0%B8%8A%E0%B8%B5%E0%B8%A2%E0%B8%87%E0%B9%83%E0%B8%AB%E0%B8%A1%E0%B9%88-u5575725,"ขาย คอนโด 1 ห้องนอน ในโครงการ The Star Hill Condo (เดอะ สตาร์ ฮิลล์ คอนโด)
สุเทพ, เมืองเชียงใหม่,
เชียงใหม่
฿2,650,000
฿1,550/เดือน
21
5%
1 ห้องนอน
1 ห้องน้ำ
31 ตรม. พื้นที่ใช้สอย
2 ชั้น
ก.พ. 2560 สร้างเสร็จแล้ว
ขาย คอนโด 1 ห้องนอน ในโครงการ The Star Hill Condo (เดอะ สตาร์ ฮิลล์ คอนโด)
อสังหาริมทรัพย์นี้เป็น คอนโด สำหรับขาย ขนาด 1 ห้องนอน มีพื้นที่ใช้สอย 31 ตรม. ซึ่งยูนิตนี้อยู่ในโครงการ เดอะ สตาร์ ฮิลล์ คอนโด บนทำเลของ สุเทพ, เชียงใหม่ และสร้างเสร็จแล้วเมื่อ ก.พ. 2560 ซึ่งคุณสามารถซื้อ คอนโด นี้ได้ที่ราคา ฿2,650,000 (฿85,484/ตรม.)"
https://www.fazwaz.co.th/%E0%B8%82%E0%B8%B2%E0%B8%A2%E0%B8%9A%E0%B9%89%E0%B8%B2%E0%B8%99/%E0%B8%82%E0%B8%B2%E0%B8%A2-%E0%B8%84%E0%B8%AD%E0%B8%99%E0%B9%82%E0%B8%94-1-%E0%B8%AB%E0%B9%89%E0%B8%AD%E0%B8%87%E0%B8%99%E0%B8%AD%E0%B8%99-%E0%B8%97%E0%B8%B5%E0%B9%88-%E0%B9%80%E0%B8%94%E0%B8%AD%E0%B8%B0-%E0%B8%AA%E0%B8%95%E0%B8%B2%E0%B8%A3%E0%B9%8C-%E0%B8%AE%E0%B8%B4%E0%B8%A5%E0%B8%A5%E0%B9%8C-%E0%B8%84%E0%B8%AD%E0%B8%99%E0%B9%82%E0%B8%94-%E0%B9%83%E0%B8%99-%E0%B8%AA%E0%B8%B8%E0%B9%80%E0%B8%97%E0%B8%9E-%E0%B9%80%E0%B8%8A%E0%B8%B5%E0%B8%A2%E0%B8%87%E0%B9%83%E0%B8%AB%E0%B8%A1%E0%B9%88-u5700534,"ขาย คอนโด 1 ห้องนอน ในโครงการ The Star Hill Condo (เดอะ สตาร์ ฮิลล์ คอนโด)
สุเทพ, เมืองเชียงใหม่,
เชียงใหม่
฿4,919,910
฿3,150/เดือน
฿22,000/เดือน
19
5%
1 ห้องนอน
1 ห้องน้ำ
63 ตรม. พื้นที่ใช้สอย
6 ชั้น
ก.พ. 2560 สร้างเสร็จแล้ว
ขาย คอนโด 1 ห้องนอน ในโครงการ The Star Hill Condo (เดอะ สตาร์ ฮิลล์ คอนโด)
อสังหาริมทรัพย์นี้เป็น คอนโด สำหรับขาย ขนาด 1 ห้องนอน มีพื้นที่ใช้สอย 63 ตรม. ซึ่งยูนิตนี้อยู่ในโครงการ เดอะ สตาร์ ฮิลล์ คอนโด บนทำเลของ สุเทพ, เชียงใหม่ และสร้างเสร็จแล้วเมื่อ ก.พ. 2560 ซึ่งคุณสามารถซื้อ คอนโด ได้ที่ราคา ฿4,919,910 (฿78,094/ตรม.) หรือทำสัญญาเช่าระยะยาว ที่ราคาค่าเช่า ฿22,000 ต่อเดือน"
https://www.fazwaz.co.th/%E0%B8%82%E0%B8%B2%E0%B8%A2%E0%B8%9A%E0%B9%89%E0%B8%B2%E0%B8%99/%E0%B8%82%E0%B8%B2%E0%B8%A2-%E0%B8%84%E0%B8%AD%E0%B8%99%E0%B9%82%E0%B8%94-1-%E0%B8%AB%E0%B9%89%E0%B8%AD%E0%B8%87%E0%B8%99%E0%B8%AD%E0%B8%99-%E0%B8%97%E0%B8%B5%E0%B9%88-%E0%B9%80%E0%B8%94%E0%B8%AD%E0%B8%B0-%E0%B8%AA%E0%B8%95%E0%B8%B2%E0%B8%A3%E0%B9%8C-%E0%B8%AE%E0%B8%B4%E0%B8%A5%E0%B8%A5%E0%B9%8C-%E0%B8%84%E0%B8%AD%E0%B8%99%E0%B9%82%E0%B8%94-%E0%B9%83%E0%B8%99-%E0%B8%AA%E0%B8%B8%E0%B9%80%E0%B8%97%E0%B8%9E-%E0%B9%80%E0%B8%8A%E0%B8%B5%E0%B8%A2%E0%B8%87%E0%B9%83%E0%B8%AB%E0%B8%A1%E0%B9%88-u5700550,"ขาย คอนโด 1 ห้องนอน ในโครงการ The Star Hill Condo (เดอะ สตาร์ ฮิลล์ คอนโด)
สุเทพ, เมืองเชียงใหม่,
เชียงใหม่
฿5,300,000
฿3,326/เดือน
฿26,000/เดือน
17
6%
1 ห้องนอน
1 ห้องน้ำ
66.51 ตรม. พื้นที่ใช้สอย
8 ชั้น
ก.พ. 2560 สร้างเสร็จแล้ว
ขาย คอนโด 1 ห้องนอน ในโครงการ The Star Hill Condo (เดอะ สตาร์ ฮิลล์ คอนโด)
อสังหาริมทรัพย์นี้เป็น คอนโด สำหรับขาย ขนาด 1 ห้องนอน มีพื้นที่ใช้สอย 66.51 ตรม. ซึ่งยูนิตนี้อยู่ในโครงการ เดอะ สตาร์ ฮิลล์ คอนโด บนทำเลของ สุเทพ, เชียงใหม่ และสร้างเสร็จแล้วเมื่อ ก.พ. 2560 ซึ่งคุณสามารถซื้อ คอนโด ได้ที่ราคา ฿5,300,000 (฿79,687/ตรม.) หรือทำสัญญาเช่าระยะยาว ที่ราคาค่าเช่า ฿26,000 ต่อเดือน"
https://www.fazwaz.co.th/%E0%B8%82%E0%B8%B2%E0%B8%A2%E0%B8%9A%E0%B9%89%E0%B8%B2%E0%B8%99/%E0%B8%82%E0%B8%B2%E0%B8%A2-%E0%B8%84%E0%B8%AD%E0%B8%99%E0%B9%82%E0%B8%94-1-%E0%B8%AB%E0%B9%89%E0%B8%AD%E0%B8%87%E0%B8%99%E0%B8%AD%E0%B8%99-%E0%B8%97%E0%B8%B5%E0%B9%88-%E0%B9%80%E0%B8%94%E0%B8%AD%E0%B8%B0-%E0%B8%AA%E0%B8%95%E0%B8%B2%E0%B8%A3%E0%B9%8C-%E0%B8%AE%E0%B8%B4%E0%B8%A5%E0%B8%A5%E0%B9%8C-%E0%B8%84%E0%B8%AD%E0%B8%99%E0%B9%82%E0%B8%94-%E0%B9%83%E0%B8%99-%E0%B8%AA%E0%B8%B8%E0%B9%80%E0%B8%97%E0%B8%9E-%E0%B9%80%E0%B8%8A%E0%B8%B5%E0%B8%A2%E0%B8%87%E0%B9%83%E0%B8%AB%E0%B8%A1%E0%B9%88-u5760113,"ขาย คอนโด 1 ห้องนอน ในโครงการ The Star Hill Condo (เดอะ สตาร์ ฮิลล์ คอนโด)
สุเทพ, เมืองเชียงใหม่,
เชียงใหม่
฿4,641,393
฿3,444/เดือน
21
5%
1 ห้องนอน
1 ห้องน้ำ
68.88 ตรม. พื้นที่ใช้สอย
1 ชั้น
ก.พ. 2560 สร้างเสร็จแล้ว
ขาย คอนโด 1 ห้องนอน ในโครงการ The Star Hill Condo (เดอะ สตาร์ ฮิลล์ คอนโด)
อสังหาริมทรัพย์นี้เป็น คอนโด สำหรับขาย ขนาด 1 ห้องนอน มีพื้นที่ใช้สอย 68.88 ตรม. ซึ่งยูนิตนี้อยู่ในโครงการ เดอะ สตาร์ ฮิลล์ คอนโด บนทำเลของ สุเทพ, เชียงใหม่ และสร้างเสร็จแล้วเมื่อ ก.พ. 2560 ซึ่งคุณสามารถซื้อ คอนโด นี้ได้ที่ราคา ฿4,641,393 (฿67,384/ตรม.)
**ขาย / เช่า – เดอะ สตาร์ฮิลล์ คอนโดมิเนียม เชียงใหม่**
CMB04906 – ขาย/ให้เช่า   **ขาย / เช่า – เดอะ สตาร์ฮิลล์ คอนโดมิเนียม เชียงใหม่**   สัมผัสความลงตัวระหว่าง **ความหรูหรา ความสะดวกสบาย และไลฟ์สไตล์ที่สมบูรณ์แบบ** ที่ The Starhill Chiang Mai คอนโดมิเนียมหรูระดับห้าดาว ตั้งอยู่ในย่าน **สุเทพ** ใกล้มหาวิทยาลัยเชียงใหม่เพียงไม่กี่นาที    คอนโดแบบ **ยูนิตมุม ขนาดกว้าง 68.88 ตร.ม.** ชั้น 1 มอบความเป็นส่วนตัว เงียบสงบ และการออกแบบฟังก์ชันที่ใช้งานได้จริง     - **1 ห้องนอน 1 ห้องน้ำ** พร้อมอ่างอาบน้ำ   - เฟอร์นิเจอร์ครบครัน ตกแต่งสวยหรู   - พร้อมเข้าอยู่ได้ทันที   สิ่งอำนวยความสะดวกครบครันสำหรับการใช้ชีวิตทันสมัย:   - ฟิตเนส   - สระว่ายน้ำ   - ห้องสมุด & พื้นที่โคเวิร์กกิ้ง   - เครื่องซักผ้าและอบผ้าแบบหยอดเหรียญ 24 ชั่วโมง   - ระบบรักษาความปลอดภัย 24 ชั่วโมง   - ที่จอดรถทั้งในร่มและกลางแจ้ง     **ราคาเช่า:** เพียง 21,000 บาท/เดือน (สัญญา 1 ปี)   **ราคาขาย:** 4,641,393 บาท (ค่าธรรมเนียมโอน 50/50)     หมายเหตุ: มีห้องว่างให้เลือกมากถึง **18 ยูนิต** ภายในโครงการที่หรูหราแห่งนี้   ติดต่อเราเพื่อจองนัดหมายเข้าชมห้องก่อนยูนิตพิเศษเหล่านี้จะหมด!     ..............................................................   - For Sale/Rent   Here’s a rewritten version of the condo sales and rental presentation in English, designed to sound more polished, persuasive, and appealing for potential buyers or renters:   **For Sale / Rent – The Starhill Condominium, Chiang Mai**   Experience the perfect blend of **luxury, comfort, and convenience** at The Starhill Chiang Mai – a five-star modern condominium located in the sought-after **Suthep area**, just minutes from Chiang Mai University.     This spacious **68.88 sq.m corner unit** on the 1st floor offers privacy, tranquility, and a smart, functional layout.     - **1 Bedroom, 1 Bathroom** with bathtub   - Fully furnished with stylish interiors   - Move-in ready   Enjoy world-class facilities designed for a modern lifestyle:   - Fitness center   - Swimming pool   - Library & co-working space   - 24-hour self-service washer & dryer station   - 24-hour security   - Indoor & outdoor parking     **Rental Offer:** Only 21,000 THB/month (1-year contract)   **For Sale:** 4,641,393 THB (Transfer fee 50/50)     Remark: We have up to **18 units available** in this prestigious project.   Contact us today to schedule a private viewing before these exclusive units are gone!   ..............................................................   ติดต่อสอบถามเพิ่มเติม / Please contact: CM Biz Real Estate Group Co., LTD Leading Luxury Property Agent in Chiang Mai, Thailand   โทร. 064-468-2929, 093-563-5626 Line id: @cmbizrealestate We Chat: kwancmbiz FB: คอนโด บ้าน ที่ดิน เชียงใหม่ CM Biz Real Estate FB: Condo and House for rent in Chiang Mai www.cmbizrealestate.com  
แสดงเพิ่มเติม"
https://www.fazwaz.co.th/%E0%B8%82%E0%B8%B2%E0%B8%A2%E0%B8%9A%E0%B9%89%E0%B8%B2%E0%B8%99/%E0%B8%82%E0%B8%B2%E0%B8%A2-%E0%B8%84%E0%B8%AD%E0%B8%99%E0%B9%82%E0%B8%94-1-%E0%B8%AB%E0%B9%89%E0%B8%AD%E0%B8%87%E0%B8%99%E0%B8%AD%E0%B8%99-%E0%B8%97%E0%B8%B5%E0%B9%88-%E0%B9%80%E0%B8%94%E0%B8%AD%E0%B8%B0-%E0%B8%AA%E0%B8%95%E0%B8%B2%E0%B8%A3%E0%B9%8C-%E0%B8%AE%E0%B8%B4%E0%B8%A5%E0%B8%A5%E0%B9%8C-%E0%B8%84%E0%B8%AD%E0%B8%99%E0%B9%82%E0%B8%94-%E0%B9%83%E0%B8%99-%E0%B8%AA%E0%B8%B8%E0%B9%80%E0%B8%97%E0%B8%9E-%E0%B9%80%E0%B8%8A%E0%B8%B5%E0%B8%A2%E0%B8%87%E0%B9%83%E0%B8%AB%E0%B8%A1%E0%B9%88-u5825694,"ขาย คอนโด 1 ห้องนอน ในโครงการ The Star Hill Condo (เดอะ สตาร์ ฮิลล์ คอนโด)
สุเทพ, เมืองเชียงใหม่,
เชียงใหม่
฿6,000,000
฿3,163/เดือน
21
5%
1 ห้องนอน
1 ห้องน้ำ
63.25 ตรม. พื้นที่ใช้สอย
7 ชั้น
ก.พ. 2560 สร้างเสร็จแล้ว
ขาย คอนโด 1 ห้องนอน ในโครงการ The Star Hill Condo (เดอะ สตาร์ ฮิลล์ คอนโด)
อสังหาริมทรัพย์นี้เป็น คอนโด สำหรับขาย ขนาด 1 ห้องนอน มีพื้นที่ใช้สอย 63.25 ตรม. ซึ่งยูนิตนี้อยู่ในโครงการ เดอะ สตาร์ ฮิลล์ คอนโด บนทำเลของ สุเทพ, เชียงใหม่ และสร้างเสร็จแล้วเมื่อ ก.พ. 2560 ซึ่งคุณสามารถซื้อ คอนโด นี้ได้ที่ราคา ฿6,000,000 (฿94,862/ตรม.)"
https://www.fazwaz.co.th/%E0%B8%82%E0%B8%B2%E0%B8%A2%E0%B8%9A%E0%B9%89%E0%B8%B2%E0%B8%99/%E0%B8%82%E0%B8%B2%E0%B8%A2-%E0%B8%84%E0%B8%AD%E0%B8%99%E0%B9%82%E0%B8%94-1-%E0%B8%AB%E0%B9%89%E0%B8%AD%E0%B8%87%E0%B8%99%E0%B8%AD%E0%B8%99-%E0%B8%97%E0%B8%B5%E0%B9%88-%E0%B9%80%E0%B8%94%E0%B8%AD%E0%B8%B0-%E0%B8%AA%E0%B8%95%E0%B8%B2%E0%B8%A3%E0%B9%8C-%E0%B8%AE%E0%B8%B4%E0%B8%A5%E0%B8%A5%E0%B9%8C-%E0%B8%84%E0%B8%AD%E0%B8%99%E0%B9%82%E0%B8%94-%E0%B9%83%E0%B8%99-%E0%B8%AA%E0%B8%B8%E0%B9%80%E0%B8%97%E0%B8%9E-%E0%B9%80%E0%B8%8A%E0%B8%B5%E0%B8%A2%E0%B8%87%E0%B9%83%E0%B8%AB%E0%B8%A1%E0%B9%88-u81072,"ขาย คอนโด 1 ห้องนอน ในโครงการ The Star Hill Condo (เดอะ สตาร์ ฮิลล์ คอนโด)
สุเทพ, เมืองเชียงใหม่,
เชียงใหม่
฿4,478,300
฿2,357/เดือน
21
5%
1 ห้องนอน
1 ห้องน้ำ
47.14 ตรม. พื้นที่ใช้สอย
3 ชั้น
ก.พ. 2560 สร้างเสร็จแล้ว
ขาย คอนโด 1 ห้องนอน ในโครงการ The Star Hill Condo (เดอะ สตาร์ ฮิลล์ คอนโด)
อสังหาริมทรัพย์นี้เป็น คอนโด สำหรับขาย ขนาด 1 ห้องนอน มีพื้นที่ใช้สอย 47.14 ตรม. ซึ่งยูนิตนี้อยู่ในโครงการ เดอะ สตาร์ ฮิลล์ คอนโด บนทำเลของ สุเทพ, เชียงใหม่ และสร้างเสร็จแล้วเมื่อ ก.พ. 2560 ซึ่งคุณสามารถซื้อ คอนโด นี้ได้ที่ราคา ฿4,478,300 (฿95,000/ตรม.)"
https://www.fazwaz.co.th/%E0%B8%82%E0%B8%B2%E0%B8%A2%E0%B8%9A%E0%B9%89%E0%B8%B2%E0%B8%99/%E0%B8%82%E0%B8%B2%E0%B8%A2-%E0%B8%84%E0%B8%AD%E0%B8%99%E0%B9%82%E0%B8%94-1-%E0%B8%AB%E0%B9%89%E0%B8%AD%E0%B8%87%E0%B8%99%E0%B8%AD%E0%B8%99-%E0%B8%97%E0%B8%B5%E0%B9%88-%E0%B9%80%E0%B8%94%E0%B8%AD%E0%B8%B0-%E0%B8%AA%E0%B8%95%E0%B8%B2%E0%B8%A3%E0%B9%8C-%E0%B8%AE%E0%B8%B4%E0%B8%A5%E0%B8%A5%E0%B9%8C-%E0%B8%84%E0%B8%AD%E0%B8%99%E0%B9%82%E0%B8%94-%E0%B9%83%E0%B8%99-%E0%B8%AA%E0%B8%B8%E0%B9%80%E0%B8%97%E0%B8%9E-%E0%B9%80%E0%B8%8A%E0%B8%B5%E0%B8%A2%E0%B8%87%E0%B9%83%E0%B8%AB%E0%B8%A1%E0%B9%88-u81074,"ขาย คอนโด 1 ห้องนอน ในโครงการ The Star Hill Condo (เดอะ สตาร์ ฮิลล์ คอนโด)
สุเทพ, เมืองเชียงใหม่,
เชียงใหม่
฿5,693,350
฿2,997/เดือน
21
5%
1 ห้องนอน
1 ห้องน้ำ
59.93 ตรม. พื้นที่ใช้สอย
3 ชั้น
ก.พ. 2560 สร้างเสร็จแล้ว
ขาย คอนโด 1 ห้องนอน ในโครงการ The Star Hill Condo (เดอะ สตาร์ ฮิลล์ คอนโด)
อสังหาริมทรัพย์นี้เป็น คอนโด สำหรับขาย ขนาด 1 ห้องนอน มีพื้นที่ใช้สอย 59.93 ตรม. ซึ่งยูนิตนี้อยู่ในโครงการ เดอะ สตาร์ ฮิลล์ คอนโด บนทำเลของ สุเทพ, เชียงใหม่ และสร้างเสร็จแล้วเมื่อ ก.พ. 2560 ซึ่งคุณสามารถซื้อ คอนโด นี้ได้ที่ราคา ฿5,693,350 (฿95,000/ตรม.)"
https://www.fazwaz.co.th/%E0%B8%82%E0%B8%B2%E0%B8%A2%E0%B8%9A%E0%B9%89%E0%B8%B2%E0%B8%99/%E0%B8%82%E0%B8%B2%E0%B8%A2-%E0%B8%84%E0%B8%AD%E0%B8%99%E0%B9%82%E0%B8%94-1-%E0%B8%AB%E0%B9%89%E0%B8%AD%E0%B8%87%E0%B8%99%E0%B8%AD%E0%B8%99-%E0%B8%97%E0%B8%B5%E0%B9%88-%E0%B9%80%E0%B8%94%E0%B8%AD%E0%B8%B0-%E0%B8%AA%E0%B8%95%E0%B8%B2%E0%B8%A3%E0%B9%8C-%E0%B8%AE%E0%B8%B4%E0%B8%A5%E0%B8%A5%E0%B9%8C-%E0%B8%84%E0%B8%AD%E0%B8%99%E0%B9%82%E0%B8%94-%E0%B9%83%E0%B8%99-%E0%B8%AA%E0%B8%B8%E0%B9%80%E0%B8%97%E0%B8%9E-%E0%B9%80%E0%B8%8A%E0%B8%B5%E0%B8%A2%E0%B8%87%E0%B9%83%E0%B8%AB%E0%B8%A1%E0%B9%88-u81075,"ขาย คอนโด 1 ห้องนอน ในโครงการ The Star Hill Condo (เดอะ สตาร์ ฮิลล์ คอนโด)
สุเทพ, เมืองเชียงใหม่,
เชียงใหม่
฿6,002,100
฿3,159/เดือน
21
5%
1 ห้องนอน
1 ห้องน้ำ
63.18 ตรม. พื้นที่ใช้สอย
3 ชั้น
ก.พ. 2560 สร้างเสร็จแล้ว
ขาย คอนโด 1 ห้องนอน ในโครงการ The Star Hill Condo (เดอะ สตาร์ ฮิลล์ คอนโด)
อสังหาริมทรัพย์นี้เป็น คอนโด สำหรับขาย ขนาด 1 ห้องนอน มีพื้นที่ใช้สอย 63.18 ตรม. ซึ่งยูนิตนี้อยู่ในโครงการ เดอะ สตาร์ ฮิลล์ คอนโด บนทำเลของ สุเทพ, เชียงใหม่ และสร้างเสร็จแล้วเมื่อ ก.พ. 2560 ซึ่งคุณสามารถซื้อ คอนโด นี้ได้ที่ราคา ฿6,002,100 (฿95,000/ตรม.)"
https://www.fazwaz.co.th/%E0%B8%82%E0%B8%B2%E0%B8%A2%E0%B8%9A%E0%B9%89%E0%B8%B2%E0%B8%99/%E0%B8%82%E0%B8%B2%E0%B8%A2-%E0%B8%84%E0%B8%AD%E0%B8%99%E0%B9%82%E0%B8%94-1-%E0%B8%AB%E0%B9%89%E0%B8%AD%E0%B8%87%E0%B8%99%E0%B8%AD%E0%B8%99-%E0%B8%97%E0%B8%B5%E0%B9%88-%E0%B9%80%E0%B8%94%E0%B8%AD%E0%B8%B0-%E0%B8%AA%E0%B8%95%E0%B8%B2%E0%B8%A3%E0%B9%8C-%E0%B8%AE%E0%B8%B4%E0%B8%A5%E0%B8%A5%E0%B9%8C-%E0%B8%84%E0%B8%AD%E0%B8%99%E0%B9%82%E0%B8%94-%E0%B9%83%E0%B8%99-%E0%B8%AA%E0%B8%B8%E0%B9%80%E0%B8%97%E0%B8%9E-%E0%B9%80%E0%B8%8A%E0%B8%B5%E0%B8%A2%E0%B8%87%E0%B9%83%E0%B8%AB%E0%B8%A1%E0%B9%88-u81076,"ขาย คอนโด 1 ห้องนอน ในโครงการ The Star Hill Condo (เดอะ สตาร์ ฮิลล์ คอนโด)
สุเทพ, เมืองเชียงใหม่,
เชียงใหม่
฿5,978,350
฿3,147/เดือน
21
5%
1 ห้องนอน
1 ห้องน้ำ
62.93 ตรม. พื้นที่ใช้สอย
3 ชั้น
ก.พ. 2560 สร้างเสร็จแล้ว
ขาย คอนโด 1 ห้องนอน ในโครงการ The Star Hill Condo (เดอะ สตาร์ ฮิลล์ คอนโด)
อสังหาริมทรัพย์นี้เป็น คอนโด สำหรับขาย ขนาด 1 ห้องนอน มีพื้นที่ใช้สอย 62.93 ตรม. ซึ่งยูนิตนี้อยู่ในโครงการ เดอะ สตาร์ ฮิลล์ คอนโด บนทำเลของ สุเทพ, เชียงใหม่ และสร้างเสร็จแล้วเมื่อ ก.พ. 2560 ซึ่งคุณสามารถซื้อ คอนโด นี้ได้ที่ราคา ฿5,978,350 (฿95,000/ตรม.)"
https://www.fazwaz.co.th/%E0%B8%82%E0%B8%B2%E0%B8%A2%E0%B8%9A%E0%B9%89%E0%B8%B2%E0%B8%99/%E0%B8%82%E0%B8%B2%E0%B8%A2-%E0%B8%84%E0%B8%AD%E0%B8%99%E0%B9%82%E0%B8%94-1-%E0%B8%AB%E0%B9%89%E0%B8%AD%E0%B8%87%E0%B8%99%E0%B8%AD%E0%B8%99-%E0%B8%97%E0%B8%B5%E0%B9%88-%E0%B9%80%E0%B8%94%E0%B8%AD%E0%B8%B0-%E0%B8%AA%E0%B8%95%E0%B8%B2%E0%B8%A3%E0%B9%8C-%E0%B8%AE%E0%B8%B4%E0%B8%A5%E0%B8%A5%E0%B9%8C-%E0%B8%84%E0%B8%AD%E0%B8%99%E0%B9%82%E0%B8%94-%E0%B9%83%E0%B8%99-%E0%B8%AA%E0%B8%B8%E0%B9%80%E0%B8%97%E0%B8%9E-%E0%B9%80%E0%B8%8A%E0%B8%B5%E0%B8%A2%E0%B8%87%E0%B9%83%E0%B8%AB%E0%B8%A1%E0%B9%88-u81077,"ขาย คอนโด 1 ห้องนอน ในโครงการ The Star Hill Condo (เดอะ สตาร์ ฮิลล์ คอนโด)
สุเทพ, เมืองเชียงใหม่,
เชียงใหม่
฿6,106,600
฿3,214/เดือน
฿22,000/เดือน
23
4%
1 ห้องนอน
1 ห้องน้ำ
64.28 ตรม. พื้นที่ใช้สอย
3 ชั้น
ก.พ. 2560 สร้างเสร็จแล้ว
ขาย คอนโด 1 ห้องนอน ในโครงการ The Star Hill Condo (เดอะ สตาร์ ฮิลล์ คอนโด)
อสังหาริมทรัพย์นี้เป็น คอนโด สำหรับขาย ขนาด 1 ห้องนอน มีพื้นที่ใช้สอย 64.28 ตรม. ซึ่งยูนิตนี้อยู่ในโครงการ เดอะ สตาร์ ฮิลล์ คอนโด บนทำเลของ สุเทพ, เชียงใหม่ และสร้างเสร็จแล้วเมื่อ ก.พ. 2560 ซึ่งคุณสามารถซื้อ คอนโด ได้ที่ราคา ฿6,106,600 (฿95,000/ตรม.) หรือทำสัญญาเช่าระยะยาว ที่ราคาค่าเช่า ฿22,000 ต่อเดือน"
https://www.fazwaz.co.th/%E0%B8%82%E0%B8%B2%E0%B8%A2%E0%B8%9A%E0%B9%89%E0%B8%B2%E0%B8%99/%E0%B8%82%E0%B8%B2%E0%B8%A2-%E0%B8%84%E0%B8%AD%E0%B8%99%E0%B9%82%E0%B8%94-1-%E0%B8%AB%E0%B9%89%E0%B8%AD%E0%B8%87%E0%B8%99%E0%B8%AD%E0%B8%99-%E0%B8%97%E0%B8%B5%E0%B9%88-%E0%B9%80%E0%B8%94%E0%B8%AD%E0%B8%B0-%E0%B8%AA%E0%B8%95%E0%B8%B2%E0%B8%A3%E0%B9%8C-%E0%B8%AE%E0%B8%B4%E0%B8%A5%E0%B8%A5%E0%B9%8C-%E0%B8%84%E0%B8%AD%E0%B8%99%E0%B9%82%E0%B8%94-%E0%B9%83%E0%B8%99-%E0%B8%AA%E0%B8%B8%E0%B9%80%E0%B8%97%E0%B8%9E-%E0%B9%80%E0%B8%8A%E0%B8%B5%E0%B8%A2%E0%B8%87%E0%B9%83%E0%B8%AB%E0%B8%A1%E0%B9%88-u81079,"ขาย คอนโด 1 ห้องนอน ในโครงการ The Star Hill Condo (เดอะ สตาร์ ฮิลล์ คอนโด)
สุเทพ, เมืองเชียงใหม่,
เชียงใหม่
฿5,986,900
฿3,151/เดือน
21
5%
1 ห้องนอน
1 ห้องน้ำ
63.02 ตรม. พื้นที่ใช้สอย
3 ชั้น
ก.พ. 2560 สร้างเสร็จแล้ว
ขาย คอนโด 1 ห้องนอน ในโครงการ The Star Hill Condo (เดอะ สตาร์ ฮิลล์ คอนโด)
อสังหาริมทรัพย์นี้เป็น คอนโด สำหรับขาย ขนาด 1 ห้องนอน มีพื้นที่ใช้สอย 63.02 ตรม. ซึ่งยูนิตนี้อยู่ในโครงการ เดอะ สตาร์ ฮิลล์ คอนโด บนทำเลของ สุเทพ, เชียงใหม่ และสร้างเสร็จแล้วเมื่อ ก.พ. 2560 ซึ่งคุณสามารถซื้อ คอนโด นี้ได้ที่ราคา ฿5,986,900 (฿95,000/ตรม.)"
https://www.fazwaz.co.th/%E0%B8%82%E0%B8%B2%E0%B8%A2%E0%B8%9A%E0%B9%89%E0%B8%B2%E0%B8%99/%E0%B8%82%E0%B8%B2%E0%B8%A2-%E0%B8%84%E0%B8%AD%E0%B8%99%E0%B9%82%E0%B8%94-1-%E0%B8%AB%E0%B9%89%E0%B8%AD%E0%B8%87%E0%B8%99%E0%B8%AD%E0%B8%99-%E0%B8%97%E0%B8%B5%E0%B9%88-%E0%B9%80%E0%B8%94%E0%B8%AD%E0%B8%B0-%E0%B8%AA%E0%B8%95%E0%B8%B2%E0%B8%A3%E0%B9%8C-%E0%B8%AE%E0%B8%B4%E0%B8%A5%E0%B8%A5%E0%B9%8C-%E0%B8%84%E0%B8%AD%E0%B8%99%E0%B9%82%E0%B8%94-%E0%B9%83%E0%B8%99-%E0%B8%AA%E0%B8%B8%E0%B9%80%E0%B8%97%E0%B8%9E-%E0%B9%80%E0%B8%8A%E0%B8%B5%E0%B8%A2%E0%B8%87%E0%B9%83%E0%B8%AB%E0%B8%A1%E0%B9%88-u81093,"ขาย คอนโด 1 ห้องนอน ในโครงการ The Star Hill Condo (เดอะ สตาร์ ฮิลล์ คอนโด)
สุเทพ, เมืองเชียงใหม่,
เชียงใหม่
฿6,006,850
฿3,162/เดือน
21
5%
1 ห้องนอน
1 ห้องน้ำ
63.23 ตรม. พื้นที่ใช้สอย
3 ชั้น
ก.พ. 2560 สร้างเสร็จแล้ว
ขาย คอนโด 1 ห้องนอน ในโครงการ The Star Hill Condo (เดอะ สตาร์ ฮิลล์ คอนโด)
อสังหาริมทรัพย์นี้เป็น คอนโด สำหรับขาย ขนาด 1 ห้องนอน มีพื้นที่ใช้สอย 63.23 ตรม. ซึ่งยูนิตนี้อยู่ในโครงการ เดอะ สตาร์ ฮิลล์ คอนโด บนทำเลของ สุเทพ, เชียงใหม่ และสร้างเสร็จแล้วเมื่อ ก.พ. 2560 ซึ่งคุณสามารถซื้อ คอนโด นี้ได้ที่ราคา ฿6,006,850 (฿95,000/ตรม.)"
https://www.fazwaz.co.th/%E0%B8%82%E0%B8%B2%E0%B8%A2%E0%B8%9A%E0%B9%89%E0%B8%B2%E0%B8%99/%E0%B8%82%E0%B8%B2%E0%B8%A2-%E0%B8%84%E0%B8%AD%E0%B8%99%E0%B9%82%E0%B8%94-1-%E0%B8%AB%E0%B9%89%E0%B8%AD%E0%B8%87%E0%B8%99%E0%B8%AD%E0%B8%99-%E0%B8%97%E0%B8%B5%E0%B9%88-%E0%B9%80%E0%B8%94%E0%B8%AD%E0%B8%B0-%E0%B8%AA%E0%B8%95%E0%B8%B2%E0%B8%A3%E0%B9%8C-%E0%B8%AE%E0%B8%B4%E0%B8%A5%E0%B8%A5%E0%B9%8C-%E0%B8%84%E0%B8%AD%E0%B8%99%E0%B9%82%E0%B8%94-%E0%B9%83%E0%B8%99-%E0%B8%AA%E0%B8%B8%E0%B9%80%E0%B8%97%E0%B8%9E-%E0%B9%80%E0%B8%8A%E0%B8%B5%E0%B8%A2%E0%B8%87%E0%B9%83%E0%B8%AB%E0%B8%A1%E0%B9%88-u81094,"ขาย คอนโด 1 ห้องนอน ในโครงการ The Star Hill Condo (เดอะ สตาร์ ฮิลล์ คอนโด)
สุเทพ, เมืองเชียงใหม่,
เชียงใหม่
฿6,008,750
฿3,163/เดือน
21
5%
1 ห้องนอน
1 ห้องน้ำ
63.25 ตรม. พื้นที่ใช้สอย
3 ชั้น
ก.พ. 2560 สร้างเสร็จแล้ว
ขาย คอนโด 1 ห้องนอน ในโครงการ The Star Hill Condo (เดอะ สตาร์ ฮิลล์ คอนโด)
อสังหาริมทรัพย์นี้เป็น คอนโด สำหรับขาย ขนาด 1 ห้องนอน มีพื้นที่ใช้สอย 63.25 ตรม. ซึ่งยูนิตนี้อยู่ในโครงการ เดอะ สตาร์ ฮิลล์ คอนโด บนทำเลของ สุเทพ, เชียงใหม่ และสร้างเสร็จแล้วเมื่อ ก.พ. 2560 ซึ่งคุณสามารถซื้อ คอนโด นี้ได้ที่ราคา ฿6,008,750 (฿95,000/ตรม.)"
https://www.fazwaz.co.th/%E0%B8%82%E0%B8%B2%E0%B8%A2%E0%B8%9A%E0%B9%89%E0%B8%B2%E0%B8%99/%E0%B8%82%E0%B8%B2%E0%B8%A2-%E0%B8%84%E0%B8%AD%E0%B8%99%E0%B9%82%E0%B8%94-1-%E0%B8%AB%E0%B9%89%E0%B8%AD%E0%B8%87%E0%B8%99%E0%B8%AD%E0%B8%99-%E0%B8%97%E0%B8%B5%E0%B9%88-%E0%B9%80%E0%B8%94%E0%B8%AD%E0%B8%B0-%E0%B8%AA%E0%B8%95%E0%B8%B2%E0%B8%A3%E0%B9%8C-%E0%B8%AE%E0%B8%B4%E0%B8%A5%E0%B8%A5%E0%B9%8C-%E0%B8%84%E0%B8%AD%E0%B8%99%E0%B9%82%E0%B8%94-%E0%B9%83%E0%B8%99-%E0%B8%AA%E0%B8%B8%E0%B9%80%E0%B8%97%E0%B8%9E-%E0%B9%80%E0%B8%8A%E0%B8%B5%E0%B8%A2%E0%B8%87%E0%B9%83%E0%B8%AB%E0%B8%A1%E0%B9%88-u81101,"ขาย คอนโด 1 ห้องนอน ในโครงการ The Star Hill Condo (เดอะ สตาร์ ฮิลล์ คอนโด)
สุเทพ, เมืองเชียงใหม่,
เชียงใหม่
฿4,823,810
฿2,487/เดือน
21
5%
1 ห้องนอน
1 ห้องน้ำ
49.73 ตรม. พื้นที่ใช้สอย
4 ชั้น
ก.พ. 2560 สร้างเสร็จแล้ว
ขาย คอนโด 1 ห้องนอน ในโครงการ The Star Hill Condo (เดอะ สตาร์ ฮิลล์ คอนโด)
อสังหาริมทรัพย์นี้เป็น คอนโด สำหรับขาย ขนาด 1 ห้องนอน มีพื้นที่ใช้สอย 49.73 ตรม. ซึ่งยูนิตนี้อยู่ในโครงการ เดอะ สตาร์ ฮิลล์ คอนโด บนทำเลของ สุเทพ, เชียงใหม่ และสร้างเสร็จแล้วเมื่อ ก.พ. 2560 ซึ่งคุณสามารถซื้อ คอนโด นี้ได้ที่ราคา ฿4,823,810 (฿97,000/ตรม.)"
https://www.fazwaz.co.th/%E0%B8%82%E0%B8%B2%E0%B8%A2%E0%B8%9A%E0%B9%89%E0%B8%B2%E0%B8%99/%E0%B8%82%E0%B8%B2%E0%B8%A2-%E0%B8%84%E0%B8%AD%E0%B8%99%E0%B9%82%E0%B8%94-1-%E0%B8%AB%E0%B9%89%E0%B8%AD%E0%B8%87%E0%B8%99%E0%B8%AD%E0%B8%99-%E0%B8%97%E0%B8%B5%E0%B9%88-%E0%B9%80%E0%B8%94%E0%B8%AD%E0%B8%B0-%E0%B8%AA%E0%B8%95%E0%B8%B2%E0%B8%A3%E0%B9%8C-%E0%B8%AE%E0%B8%B4%E0%B8%A5%E0%B8%A5%E0%B9%8C-%E0%B8%84%E0%B8%AD%E0%B8%99%E0%B9%82%E0%B8%94-%E0%B9%83%E0%B8%99-%E0%B8%AA%E0%B8%B8%E0%B9%80%E0%B8%97%E0%B8%9E-%E0%B9%80%E0%B8%8A%E0%B8%B5%E0%B8%A2%E0%B8%87%E0%B9%83%E0%B8%AB%E0%B8%A1%E0%B9%88-u81102,"ขาย คอนโด 1 ห้องนอน ในโครงการ The Star Hill Condo (เดอะ สตาร์ ฮิลล์ คอนโด)
สุเทพ, เมืองเชียงใหม่,
เชียงใหม่
฿4,572,580
฿2,357/เดือน
21
5%
1 ห้องนอน
1 ห้องน้ำ
47.14 ตรม. พื้นที่ใช้สอย
4 ชั้น
ก.พ. 2560 สร้างเสร็จแล้ว
ขาย คอนโด 1 ห้องนอน ในโครงการ The Star Hill Condo (เดอะ สตาร์ ฮิลล์ คอนโด)
อสังหาริมทรัพย์นี้เป็น คอนโด สำหรับขาย ขนาด 1 ห้องนอน มีพื้นที่ใช้สอย 47.14 ตรม. ซึ่งยูนิตนี้อยู่ในโครงการ เดอะ สตาร์ ฮิลล์ คอนโด บนทำเลของ สุเทพ, เชียงใหม่ และสร้างเสร็จแล้วเมื่อ ก.พ. 2560 ซึ่งคุณสามารถซื้อ คอนโด นี้ได้ที่ราคา ฿4,572,580 (฿97,000/ตรม.)"
https://www.fazwaz.co.th/%E0%B8%82%E0%B8%B2%E0%B8%A2%E0%B8%9A%E0%B9%89%E0%B8%B2%E0%B8%99/%E0%B8%82%E0%B8%B2%E0%B8%A2-%E0%B8%84%E0%B8%AD%E0%B8%99%E0%B9%82%E0%B8%94-1-%E0%B8%AB%E0%B9%89%E0%B8%AD%E0%B8%87%E0%B8%99%E0%B8%AD%E0%B8%99-%E0%B8%97%E0%B8%B5%E0%B9%88-%E0%B9%80%E0%B8%94%E0%B8%AD%E0%B8%B0-%E0%B8%AA%E0%B8%95%E0%B8%B2%E0%B8%A3%E0%B9%8C-%E0%B8%AE%E0%B8%B4%E0%B8%A5%E0%B8%A5%E0%B9%8C-%E0%B8%84%E0%B8%AD%E0%B8%99%E0%B9%82%E0%B8%94-%E0%B9%83%E0%B8%99-%E0%B8%AA%E0%B8%B8%E0%B9%80%E0%B8%97%E0%B8%9E-%E0%B9%80%E0%B8%8A%E0%B8%B5%E0%B8%A2%E0%B8%87%E0%B9%83%E0%B8%AB%E0%B8%A1%E0%B9%88-u81103,"ขาย คอนโด 1 ห้องนอน ในโครงการ The Star Hill Condo (เดอะ สตาร์ ฮิลล์ คอนโด)
สุเทพ, เมืองเชียงใหม่,
เชียงใหม่
฿4,572,580
฿2,357/เดือน
21
5%
1 ห้องนอน
1 ห้องน้ำ
47.14 ตรม. พื้นที่ใช้สอย
4 ชั้น
ก.พ. 2560 สร้างเสร็จแล้ว
ขาย คอนโด 1 ห้องนอน ในโครงการ The Star Hill Condo (เดอะ สตาร์ ฮิลล์ คอนโด)
อสังหาริมทรัพย์นี้เป็น คอนโด สำหรับขาย ขนาด 1 ห้องนอน มีพื้นที่ใช้สอย 47.14 ตรม. ซึ่งยูนิตนี้อยู่ในโครงการ เดอะ สตาร์ ฮิลล์ คอนโด บนทำเลของ สุเทพ, เชียงใหม่ และสร้างเสร็จแล้วเมื่อ ก.พ. 2560 ซึ่งคุณสามารถซื้อ คอนโด นี้ได้ที่ราคา ฿4,572,580 (฿97,000/ตรม.)"
https://www.fazwaz.co.th/%E0%B8%82%E0%B8%B2%E0%B8%A2%E0%B8%9A%E0%B9%89%E0%B8%B2%E0%B8%99/%E0%B8%82%E0%B8%B2%E0%B8%A2-%E0%B8%84%E0%B8%AD%E0%B8%99%E0%B9%82%E0%B8%94-1-%E0%B8%AB%E0%B9%89%E0%B8%AD%E0%B8%87%E0%B8%99%E0%B8%AD%E0%B8%99-%E0%B8%97%E0%B8%B5%E0%B9%88-%E0%B9%80%E0%B8%94%E0%B8%AD%E0%B8%B0-%E0%B8%AA%E0%B8%95%E0%B8%B2%E0%B8%A3%E0%B9%8C-%E0%B8%AE%E0%B8%B4%E0%B8%A5%E0%B8%A5%E0%B9%8C-%E0%B8%84%E0%B8%AD%E0%B8%99%E0%B9%82%E0%B8%94-%E0%B9%83%E0%B8%99-%E0%B8%AA%E0%B8%B8%E0%B9%80%E0%B8%97%E0%B8%9E-%E0%B9%80%E0%B8%8A%E0%B8%B5%E0%B8%A2%E0%B8%87%E0%B9%83%E0%B8%AB%E0%B8%A1%E0%B9%88-u81105,"ขาย คอนโด 1 ห้องนอน ในโครงการ The Star Hill Condo (เดอะ สตาร์ ฮิลล์ คอนโด)
สุเทพ, เมืองเชียงใหม่,
เชียงใหม่
฿5,813,210
฿2,997/เดือน
21
5%
1 ห้องนอน
1 ห้องน้ำ
59.93 ตรม. พื้นที่ใช้สอย
4 ชั้น
ก.พ. 2560 สร้างเสร็จแล้ว
ขาย คอนโด 1 ห้องนอน ในโครงการ The Star Hill Condo (เดอะ สตาร์ ฮิลล์ คอนโด)
อสังหาริมทรัพย์นี้เป็น คอนโด สำหรับขาย ขนาด 1 ห้องนอน มีพื้นที่ใช้สอย 59.93 ตรม. ซึ่งยูนิตนี้อยู่ในโครงการ เดอะ สตาร์ ฮิลล์ คอนโด บนทำเลของ สุเทพ, เชียงใหม่ และสร้างเสร็จแล้วเมื่อ ก.พ. 2560 ซึ่งคุณสามารถซื้อ คอนโด นี้ได้ที่ราคา ฿5,813,210 (฿97,000/ตรม.)"
https://www.fazwaz.co.th/%E0%B8%82%E0%B8%B2%E0%B8%A2%E0%B8%9A%E0%B9%89%E0%B8%B2%E0%B8%99/%E0%B8%82%E0%B8%B2%E0%B8%A2-%E0%B8%84%E0%B8%AD%E0%B8%99%E0%B9%82%E0%B8%94-1-%E0%B8%AB%E0%B9%89%E0%B8%AD%E0%B8%87%E0%B8%99%E0%B8%AD%E0%B8%99-%E0%B8%97%E0%B8%B5%E0%B9%88-%E0%B9%80%E0%B8%94%E0%B8%AD%E0%B8%B0-%E0%B8%AA%E0%B8%95%E0%B8%B2%E0%B8%A3%E0%B9%8C-%E0%B8%AE%E0%B8%B4%E0%B8%A5%E0%B8%A5%E0%B9%8C-%E0%B8%84%E0%B8%AD%E0%B8%99%E0%B9%82%E0%B8%94-%E0%B9%83%E0%B8%99-%E0%B8%AA%E0%B8%B8%E0%B9%80%E0%B8%97%E0%B8%9E-%E0%B9%80%E0%B8%8A%E0%B8%B5%E0%B8%A2%E0%B8%87%E0%B9%83%E0%B8%AB%E0%B8%A1%E0%B9%88-u81106,"ขาย คอนโด 1 ห้องนอน ในโครงการ The Star Hill Condo (เดอะ สตาร์ ฮิลล์ คอนโด)
สุเทพ, เมืองเชียงใหม่,
เชียงใหม่
฿6,128,460
฿3,159/เดือน
21
5%
1 ห้องนอน
1 ห้องน้ำ
63.18 ตรม. พื้นที่ใช้สอย
4 ชั้น
ก.พ. 2560 สร้างเสร็จแล้ว
ขาย คอนโด 1 ห้องนอน ในโครงการ The Star Hill Condo (เดอะ สตาร์ ฮิลล์ คอนโด)
อสังหาริมทรัพย์นี้เป็น คอนโด สำหรับขาย ขนาด 1 ห้องนอน มีพื้นที่ใช้สอย 63.18 ตรม. ซึ่งยูนิตนี้อยู่ในโครงการ เดอะ สตาร์ ฮิลล์ คอนโด บนทำเลของ สุเทพ, เชียงใหม่ และสร้างเสร็จแล้วเมื่อ ก.พ. 2560 ซึ่งคุณสามารถซื้อ คอนโด นี้ได้ที่ราคา ฿6,128,460 (฿97,000/ตรม.)"
https://www.fazwaz.co.th/%E0%B8%82%E0%B8%B2%E0%B8%A2%E0%B8%9A%E0%B9%89%E0%B8%B2%E0%B8%99/%E0%B8%82%E0%B8%B2%E0%B8%A2-%E0%B8%84%E0%B8%AD%E0%B8%99%E0%B9%82%E0%B8%94-1-%E0%B8%AB%E0%B9%89%E0%B8%AD%E0%B8%87%E0%B8%99%E0%B8%AD%E0%B8%99-%E0%B8%97%E0%B8%B5%E0%B9%88-%E0%B9%80%E0%B8%94%E0%B8%AD%E0%B8%B0-%E0%B8%AA%E0%B8%95%E0%B8%B2%E0%B8%A3%E0%B9%8C-%E0%B8%AE%E0%B8%B4%E0%B8%A5%E0%B8%A5%E0%B9%8C-%E0%B8%84%E0%B8%AD%E0%B8%99%E0%B9%82%E0%B8%94-%E0%B9%83%E0%B8%99-%E0%B8%AA%E0%B8%B8%E0%B9%80%E0%B8%97%E0%B8%9E-%E0%B9%80%E0%B8%8A%E0%B8%B5%E0%B8%A2%E0%B8%87%E0%B9%83%E0%B8%AB%E0%B8%A1%E0%B9%88-u81107,"ขาย คอนโด 1 ห้องนอน ในโครงการ The Star Hill Condo (เดอะ สตาร์ ฮิลล์ คอนโด)
สุเทพ, เมืองเชียงใหม่,
เชียงใหม่
฿6,104,210
฿3,147/เดือน
21
5%
1 ห้องนอน
1 ห้องน้ำ
62.93 ตรม. พื้นที่ใช้สอย
4 ชั้น
ก.พ. 2560 สร้างเสร็จแล้ว
ขาย คอนโด 1 ห้องนอน ในโครงการ The Star Hill Condo (เดอะ สตาร์ ฮิลล์ คอนโด)
อสังหาริมทรัพย์นี้เป็น คอนโด สำหรับขาย ขนาด 1 ห้องนอน มีพื้นที่ใช้สอย 62.93 ตรม. ซึ่งยูนิตนี้อยู่ในโครงการ เดอะ สตาร์ ฮิลล์ คอนโด บนทำเลของ สุเทพ, เชียงใหม่ และสร้างเสร็จแล้วเมื่อ ก.พ. 2560 ซึ่งคุณสามารถซื้อ คอนโด นี้ได้ที่ราคา ฿6,104,210 (฿97,000/ตรม.)"
https://www.fazwaz.co.th/%E0%B8%82%E0%B8%B2%E0%B8%A2%E0%B8%9A%E0%B9%89%E0%B8%B2%E0%B8%99/%E0%B8%82%E0%B8%B2%E0%B8%A2-%E0%B8%84%E0%B8%AD%E0%B8%99%E0%B9%82%E0%B8%94-1-%E0%B8%AB%E0%B9%89%E0%B8%AD%E0%B8%87%E0%B8%99%E0%B8%AD%E0%B8%99-%E0%B8%97%E0%B8%B5%E0%B9%88-%E0%B9%80%E0%B8%94%E0%B8%AD%E0%B8%B0-%E0%B8%AA%E0%B8%95%E0%B8%B2%E0%B8%A3%E0%B9%8C-%E0%B8%AE%E0%B8%B4%E0%B8%A5%E0%B8%A5%E0%B9%8C-%E0%B8%84%E0%B8%AD%E0%B8%99%E0%B9%82%E0%B8%94-%E0%B9%83%E0%B8%99-%E0%B8%AA%E0%B8%B8%E0%B9%80%E0%B8%97%E0%B8%9E-%E0%B9%80%E0%B8%8A%E0%B8%B5%E0%B8%A2%E0%B8%87%E0%B9%83%E0%B8%AB%E0%B8%A1%E0%B9%88-u81108,"ขาย คอนโด 1 ห้องนอน ในโครงการ The Star Hill Condo (เดอะ สตาร์ ฮิลล์ คอนโด)
สุเทพ, เมืองเชียงใหม่,
เชียงใหม่
฿6,235,160
฿3,214/เดือน
21
5%
1 ห้องนอน
1 ห้องน้ำ
64.28 ตรม. พื้นที่ใช้สอย
4 ชั้น
ก.พ. 2560 สร้างเสร็จแล้ว
ขาย คอนโด 1 ห้องนอน ในโครงการ The Star Hill Condo (เดอะ สตาร์ ฮิลล์ คอนโด)
อสังหาริมทรัพย์นี้เป็น คอนโด สำหรับขาย ขนาด 1 ห้องนอน มีพื้นที่ใช้สอย 64.28 ตรม. ซึ่งยูนิตนี้อยู่ในโครงการ เดอะ สตาร์ ฮิลล์ คอนโด บนทำเลของ สุเทพ, เชียงใหม่ และสร้างเสร็จแล้วเมื่อ ก.พ. 2560 ซึ่งคุณสามารถซื้อ คอนโด นี้ได้ที่ราคา ฿6,235,160 (฿97,000/ตรม.)"
https://www.fazwaz.co.th/%E0%B8%82%E0%B8%B2%E0%B8%A2%E0%B8%9A%E0%B9%89%E0%B8%B2%E0%B8%99/%E0%B8%82%E0%B8%B2%E0%B8%A2-%E0%B8%84%E0%B8%AD%E0%B8%99%E0%B9%82%E0%B8%94-1-%E0%B8%AB%E0%B9%89%E0%B8%AD%E0%B8%87%E0%B8%99%E0%B8%AD%E0%B8%99-%E0%B8%97%E0%B8%B5%E0%B9%88-%E0%B9%80%E0%B8%94%E0%B8%AD%E0%B8%B0-%E0%B8%AA%E0%B8%95%E0%B8%B2%E0%B8%A3%E0%B9%8C-%E0%B8%AE%E0%B8%B4%E0%B8%A5%E0%B8%A5%E0%B9%8C-%E0%B8%84%E0%B8%AD%E0%B8%99%E0%B9%82%E0%B8%94-%E0%B9%83%E0%B8%99-%E0%B8%AA%E0%B8%B8%E0%B9%80%E0%B8%97%E0%B8%9E-%E0%B9%80%E0%B8%8A%E0%B8%B5%E0%B8%A2%E0%B8%87%E0%B9%83%E0%B8%AB%E0%B8%A1%E0%B9%88-u81109,"ขาย คอนโด 1 ห้องนอน ในโครงการ The Star Hill Condo (เดอะ สตาร์ ฮิลล์ คอนโด)
สุเทพ, เมืองเชียงใหม่,
เชียงใหม่
฿6,124,580
฿3,157/เดือน
21
5%
1 ห้องนอน
1 ห้องน้ำ
63.14 ตรม. พื้นที่ใช้สอย
4 ชั้น
ก.พ. 2560 สร้างเสร็จแล้ว
ขาย คอนโด 1 ห้องนอน ในโครงการ The Star Hill Condo (เดอะ สตาร์ ฮิลล์ คอนโด)
อสังหาริมทรัพย์นี้เป็น คอนโด สำหรับขาย ขนาด 1 ห้องนอน มีพื้นที่ใช้สอย 63.14 ตรม. ซึ่งยูนิตนี้อยู่ในโครงการ เดอะ สตาร์ ฮิลล์ คอนโด บนทำเลของ สุเทพ, เชียงใหม่ และสร้างเสร็จแล้วเมื่อ ก.พ. 2560 ซึ่งคุณสามารถซื้อ คอนโด นี้ได้ที่ราคา ฿6,124,580 (฿97,000/ตรม.)"
https://www.fazwaz.co.th/%E0%B8%82%E0%B8%B2%E0%B8%A2%E0%B8%9A%E0%B9%89%E0%B8%B2%E0%B8%99/%E0%B8%82%E0%B8%B2%E0%B8%A2-%E0%B8%84%E0%B8%AD%E0%B8%99%E0%B9%82%E0%B8%94-1-%E0%B8%AB%E0%B9%89%E0%B8%AD%E0%B8%87%E0%B8%99%E0%B8%AD%E0%B8%99-%E0%B8%97%E0%B8%B5%E0%B9%88-%E0%B9%80%E0%B8%94%E0%B8%AD%E0%B8%B0-%E0%B8%AA%E0%B8%95%E0%B8%B2%E0%B8%A3%E0%B9%8C-%E0%B8%AE%E0%B8%B4%E0%B8%A5%E0%B8%A5%E0%B9%8C-%E0%B8%84%E0%B8%AD%E0%B8%99%E0%B9%82%E0%B8%94-%E0%B9%83%E0%B8%99-%E0%B8%AA%E0%B8%B8%E0%B9%80%E0%B8%97%E0%B8%9E-%E0%B9%80%E0%B8%8A%E0%B8%B5%E0%B8%A2%E0%B8%87%E0%B9%83%E0%B8%AB%E0%B8%A1%E0%B9%88-u81110,"ขาย คอนโด 1 ห้องนอน ในโครงการ The Star Hill Condo (เดอะ สตาร์ ฮิลล์ คอนโด)
สุเทพ, เมืองเชียงใหม่,
เชียงใหม่
฿6,112,940
฿3,151/เดือน
21
5%
1 ห้องนอน
1 ห้องน้ำ
63.02 ตรม. พื้นที่ใช้สอย
4 ชั้น
ก.พ. 2560 สร้างเสร็จแล้ว
ขาย คอนโด 1 ห้องนอน ในโครงการ The Star Hill Condo (เดอะ สตาร์ ฮิลล์ คอนโด)
อสังหาริมทรัพย์นี้เป็น คอนโด สำหรับขาย ขนาด 1 ห้องนอน มีพื้นที่ใช้สอย 63.02 ตรม. ซึ่งยูนิตนี้อยู่ในโครงการ เดอะ สตาร์ ฮิลล์ คอนโด บนทำเลของ สุเทพ, เชียงใหม่ และสร้างเสร็จแล้วเมื่อ ก.พ. 2560 ซึ่งคุณสามารถซื้อ คอนโด นี้ได้ที่ราคา ฿6,112,940 (฿97,000/ตรม.)"
https://www.fazwaz.co.th/%E0%B8%82%E0%B8%B2%E0%B8%A2%E0%B8%9A%E0%B9%89%E0%B8%B2%E0%B8%99/%E0%B8%82%E0%B8%B2%E0%B8%A2-%E0%B8%84%E0%B8%AD%E0%B8%99%E0%B9%82%E0%B8%94-1-%E0%B8%AB%E0%B9%89%E0%B8%AD%E0%B8%87%E0%B8%99%E0%B8%AD%E0%B8%99-%E0%B8%97%E0%B8%B5%E0%B9%88-%E0%B9%80%E0%B8%94%E0%B8%AD%E0%B8%B0-%E0%B8%AA%E0%B8%95%E0%B8%B2%E0%B8%A3%E0%B9%8C-%E0%B8%AE%E0%B8%B4%E0%B8%A5%E0%B8%A5%E0%B9%8C-%E0%B8%84%E0%B8%AD%E0%B8%99%E0%B9%82%E0%B8%94-%E0%B9%83%E0%B8%99-%E0%B8%AA%E0%B8%B8%E0%B9%80%E0%B8%97%E0%B8%9E-%E0%B9%80%E0%B8%8A%E0%B8%B5%E0%B8%A2%E0%B8%87%E0%B9%83%E0%B8%AB%E0%B8%A1%E0%B9%88-u81123,"ขาย คอนโด 1 ห้องนอน ในโครงการ The Star Hill Condo (เดอะ สตาร์ ฮิลล์ คอนโด)
สุเทพ, เมืองเชียงใหม่,
เชียงใหม่
฿6,138,160
฿3,164/เดือน
21
5%
1 ห้องนอน
1 ห้องน้ำ
63.28 ตรม. พื้นที่ใช้สอย
4 ชั้น
ก.พ. 2560 สร้างเสร็จแล้ว
ขาย คอนโด 1 ห้องนอน ในโครงการ The Star Hill Condo (เดอะ สตาร์ ฮิลล์ คอนโด)
อสังหาริมทรัพย์นี้เป็น คอนโด สำหรับขาย ขนาด 1 ห้องนอน มีพื้นที่ใช้สอย 63.28 ตรม. ซึ่งยูนิตนี้อยู่ในโครงการ เดอะ สตาร์ ฮิลล์ คอนโด บนทำเลของ สุเทพ, เชียงใหม่ และสร้างเสร็จแล้วเมื่อ ก.พ. 2560 ซึ่งคุณสามารถซื้อ คอนโด นี้ได้ที่ราคา ฿6,138,160 (฿97,000/ตรม.)"
https://www.fazwaz.co.th/%E0%B8%82%E0%B8%B2%E0%B8%A2%E0%B8%9A%E0%B9%89%E0%B8%B2%E0%B8%99/%E0%B8%82%E0%B8%B2%E0%B8%A2-%E0%B8%84%E0%B8%AD%E0%B8%99%E0%B9%82%E0%B8%94-1-%E0%B8%AB%E0%B9%89%E0%B8%AD%E0%B8%87%E0%B8%99%E0%B8%AD%E0%B8%99-%E0%B8%97%E0%B8%B5%E0%B9%88-%E0%B9%80%E0%B8%94%E0%B8%AD%E0%B8%B0-%E0%B8%AA%E0%B8%95%E0%B8%B2%E0%B8%A3%E0%B9%8C-%E0%B8%AE%E0%B8%B4%E0%B8%A5%E0%B8%A5%E0%B9%8C-%E0%B8%84%E0%B8%AD%E0%B8%99%E0%B9%82%E0%B8%94-%E0%B9%83%E0%B8%99-%E0%B8%AA%E0%B8%B8%E0%B9%80%E0%B8%97%E0%B8%9E-%E0%B9%80%E0%B8%8A%E0%B8%B5%E0%B8%A2%E0%B8%87%E0%B9%83%E0%B8%AB%E0%B8%A1%E0%B9%88-u81124,"ขาย คอนโด 1 ห้องนอน ในโครงการ The Star Hill Condo (เดอะ สตาร์ ฮิลล์ คอนโด)
สุเทพ, เมืองเชียงใหม่,
เชียงใหม่
฿6,133,310
฿3,162/เดือน
21
5%
1 ห้องนอน
1 ห้องน้ำ
63.23 ตรม. พื้นที่ใช้สอย
4 ชั้น
ก.พ. 2560 สร้างเสร็จแล้ว
ขาย คอนโด 1 ห้องนอน ในโครงการ The Star Hill Condo (เดอะ สตาร์ ฮิลล์ คอนโด)
อสังหาริมทรัพย์นี้เป็น คอนโด สำหรับขาย ขนาด 1 ห้องนอน มีพื้นที่ใช้สอย 63.23 ตรม. ซึ่งยูนิตนี้อยู่ในโครงการ เดอะ สตาร์ ฮิลล์ คอนโด บนทำเลของ สุเทพ, เชียงใหม่ และสร้างเสร็จแล้วเมื่อ ก.พ. 2560 ซึ่งคุณสามารถซื้อ คอนโด นี้ได้ที่ราคา ฿6,133,310 (฿97,000/ตรม.)"
https://www.fazwaz.co.th/%E0%B8%82%E0%B8%B2%E0%B8%A2%E0%B8%9A%E0%B9%89%E0%B8%B2%E0%B8%99/%E0%B8%82%E0%B8%B2%E0%B8%A2-%E0%B8%84%E0%B8%AD%E0%B8%99%E0%B9%82%E0%B8%94-1-%E0%B8%AB%E0%B9%89%E0%B8%AD%E0%B8%87%E0%B8%99%E0%B8%AD%E0%B8%99-%E0%B8%97%E0%B8%B5%E0%B9%88-%E0%B9%80%E0%B8%94%E0%B8%AD%E0%B8%B0-%E0%B8%AA%E0%B8%95%E0%B8%B2%E0%B8%A3%E0%B9%8C-%E0%B8%AE%E0%B8%B4%E0%B8%A5%E0%B8%A5%E0%B9%8C-%E0%B8%84%E0%B8%AD%E0%B8%99%E0%B9%82%E0%B8%94-%E0%B9%83%E0%B8%99-%E0%B8%AA%E0%B8%B8%E0%B9%80%E0%B8%97%E0%B8%9E-%E0%B9%80%E0%B8%8A%E0%B8%B5%E0%B8%A2%E0%B8%87%E0%B9%83%E0%B8%AB%E0%B8%A1%E0%B9%88-u81125,"ขาย คอนโด 1 ห้องนอน ในโครงการ The Star Hill Condo (เดอะ สตาร์ ฮิลล์ คอนโด)
สุเทพ, เมืองเชียงใหม่,
เชียงใหม่
฿6,135,250
฿3,163/เดือน
21
5%
1 ห้องนอน
1 ห้องน้ำ
63.25 ตรม. พื้นที่ใช้สอย
4 ชั้น
ก.พ. 2560 สร้างเสร็จแล้ว
ขาย คอนโด 1 ห้องนอน ในโครงการ The Star Hill Condo (เดอะ สตาร์ ฮิลล์ คอนโด)
อสังหาริมทรัพย์นี้เป็น คอนโด สำหรับขาย ขนาด 1 ห้องนอน มีพื้นที่ใช้สอย 63.25 ตรม. ซึ่งยูนิตนี้อยู่ในโครงการ เดอะ สตาร์ ฮิลล์ คอนโด บนทำเลของ สุเทพ, เชียงใหม่ และสร้างเสร็จแล้วเมื่อ ก.พ. 2560 ซึ่งคุณสามารถซื้อ คอนโด นี้ได้ที่ราคา ฿6,135,250 (฿97,000/ตรม.)"
https://www.fazwaz.co.th/%E0%B8%82%E0%B8%B2%E0%B8%A2%E0%B8%9A%E0%B9%89%E0%B8%B2%E0%B8%99/%E0%B8%82%E0%B8%B2%E0%B8%A2-%E0%B8%84%E0%B8%AD%E0%B8%99%E0%B9%82%E0%B8%94-1-%E0%B8%AB%E0%B9%89%E0%B8%AD%E0%B8%87%E0%B8%99%E0%B8%AD%E0%B8%99-%E0%B8%97%E0%B8%B5%E0%B9%88-%E0%B9%80%E0%B8%94%E0%B8%AD%E0%B8%B0-%E0%B8%AA%E0%B8%95%E0%B8%B2%E0%B8%A3%E0%B9%8C-%E0%B8%AE%E0%B8%B4%E0%B8%A5%E0%B8%A5%E0%B9%8C-%E0%B8%84%E0%B8%AD%E0%B8%99%E0%B9%82%E0%B8%94-%E0%B9%83%E0%B8%99-%E0%B8%AA%E0%B8%B8%E0%B9%80%E0%B8%97%E0%B8%9E-%E0%B9%80%E0%B8%8A%E0%B8%B5%E0%B8%A2%E0%B8%87%E0%B9%83%E0%B8%AB%E0%B8%A1%E0%B9%88-u81133,"ขาย คอนโด 1 ห้องนอน ในโครงการ The Star Hill Condo (เดอะ สตาร์ ฮิลล์ คอนโด)
สุเทพ, เมืองเชียงใหม่,
เชียงใหม่
฿6,315,000
฿3,158/เดือน
21
5%
1 ห้องนอน
1 ห้องน้ำ
63.15 ตรม. พื้นที่ใช้สอย
5 ชั้น
ก.พ. 2560 สร้างเสร็จแล้ว
ขาย คอนโด 1 ห้องนอน ในโครงการ The Star Hill Condo (เดอะ สตาร์ ฮิลล์ คอนโด)
อสังหาริมทรัพย์นี้เป็น คอนโด สำหรับขาย ขนาด 1 ห้องนอน มีพื้นที่ใช้สอย 63.15 ตรม. ซึ่งยูนิตนี้อยู่ในโครงการ เดอะ สตาร์ ฮิลล์ คอนโด บนทำเลของ สุเทพ, เชียงใหม่ และสร้างเสร็จแล้วเมื่อ ก.พ. 2560 ซึ่งคุณสามารถซื้อ คอนโด นี้ได้ที่ราคา ฿6,315,000 (฿100,000/ตรม.)"
https://www.fazwaz.co.th/%E0%B8%82%E0%B8%B2%E0%B8%A2%E0%B8%9A%E0%B9%89%E0%B8%B2%E0%B8%99/%E0%B8%82%E0%B8%B2%E0%B8%A2-%E0%B8%84%E0%B8%AD%E0%B8%99%E0%B9%82%E0%B8%94-1-%E0%B8%AB%E0%B9%89%E0%B8%AD%E0%B8%87%E0%B8%99%E0%B8%AD%E0%B8%99-%E0%B8%97%E0%B8%B5%E0%B9%88-%E0%B9%80%E0%B8%94%E0%B8%AD%E0%B8%B0-%E0%B8%AA%E0%B8%95%E0%B8%B2%E0%B8%A3%E0%B9%8C-%E0%B8%AE%E0%B8%B4%E0%B8%A5%E0%B8%A5%E0%B9%8C-%E0%B8%84%E0%B8%AD%E0%B8%99%E0%B9%82%E0%B8%94-%E0%B9%83%E0%B8%99-%E0%B8%AA%E0%B8%B8%E0%B9%80%E0%B8%97%E0%B8%9E-%E0%B9%80%E0%B8%8A%E0%B8%B5%E0%B8%A2%E0%B8%87%E0%B9%83%E0%B8%AB%E0%B8%A1%E0%B9%88-u81134,"ขาย คอนโด 1 ห้องนอน ในโครงการ The Star Hill Condo (เดอะ สตาร์ ฮิลล์ คอนโด)
สุเทพ, เมืองเชียงใหม่,
เชียงใหม่
฿6,300,000
฿3,150/เดือน
21
5%
1 ห้องนอน
1 ห้องน้ำ
63 ตรม. พื้นที่ใช้สอย
5 ชั้น
ก.พ. 2560 สร้างเสร็จแล้ว
ขาย คอนโด 1 ห้องนอน ในโครงการ The Star Hill Condo (เดอะ สตาร์ ฮิลล์ คอนโด)
อสังหาริมทรัพย์นี้เป็น คอนโด สำหรับขาย ขนาด 1 ห้องนอน มีพื้นที่ใช้สอย 63 ตรม. ซึ่งยูนิตนี้อยู่ในโครงการ เดอะ สตาร์ ฮิลล์ คอนโด บนทำเลของ สุเทพ, เชียงใหม่ และสร้างเสร็จแล้วเมื่อ ก.พ. 2560 ซึ่งคุณสามารถซื้อ คอนโด นี้ได้ที่ราคา ฿6,300,000 (฿100,000/ตรม.)"
https://www.fazwaz.co.th/%E0%B8%82%E0%B8%B2%E0%B8%A2%E0%B8%9A%E0%B9%89%E0%B8%B2%E0%B8%99/%E0%B8%82%E0%B8%B2%E0%B8%A2-%E0%B8%84%E0%B8%AD%E0%B8%99%E0%B9%82%E0%B8%94-1-%E0%B8%AB%E0%B9%89%E0%B8%AD%E0%B8%87%E0%B8%99%E0%B8%AD%E0%B8%99-%E0%B8%97%E0%B8%B5%E0%B9%88-%E0%B9%80%E0%B8%94%E0%B8%AD%E0%B8%B0-%E0%B8%AA%E0%B8%95%E0%B8%B2%E0%B8%A3%E0%B9%8C-%E0%B8%AE%E0%B8%B4%E0%B8%A5%E0%B8%A5%E0%B9%8C-%E0%B8%84%E0%B8%AD%E0%B8%99%E0%B9%82%E0%B8%94-%E0%B9%83%E0%B8%99-%E0%B8%AA%E0%B8%B8%E0%B9%80%E0%B8%97%E0%B8%9E-%E0%B9%80%E0%B8%8A%E0%B8%B5%E0%B8%A2%E0%B8%87%E0%B9%83%E0%B8%AB%E0%B8%A1%E0%B9%88-u81135,"ขาย คอนโด 1 ห้องนอน ในโครงการ The Star Hill Condo (เดอะ สตาร์ ฮิลล์ คอนโด)
สุเทพ, เมืองเชียงใหม่,
เชียงใหม่
฿5,993,000
฿2,997/เดือน
21
5%
1 ห้องนอน
1 ห้องน้ำ
59.93 ตรม. พื้นที่ใช้สอย
5 ชั้น
ก.พ. 2560 สร้างเสร็จแล้ว
ขาย คอนโด 1 ห้องนอน ในโครงการ The Star Hill Condo (เดอะ สตาร์ ฮิลล์ คอนโด)
อสังหาริมทรัพย์นี้เป็น คอนโด สำหรับขาย ขนาด 1 ห้องนอน มีพื้นที่ใช้สอย 59.93 ตรม. ซึ่งยูนิตนี้อยู่ในโครงการ เดอะ สตาร์ ฮิลล์ คอนโด บนทำเลของ สุเทพ, เชียงใหม่ และสร้างเสร็จแล้วเมื่อ ก.พ. 2560 ซึ่งคุณสามารถซื้อ คอนโด นี้ได้ที่ราคา ฿5,993,000 (฿100,000/ตรม.)"
https://www.fazwaz.co.th/%E0%B8%82%E0%B8%B2%E0%B8%A2%E0%B8%9A%E0%B9%89%E0%B8%B2%E0%B8%99/%E0%B8%82%E0%B8%B2%E0%B8%A2-%E0%B8%84%E0%B8%AD%E0%B8%99%E0%B9%82%E0%B8%94-1-%E0%B8%AB%E0%B9%89%E0%B8%AD%E0%B8%87%E0%B8%99%E0%B8%AD%E0%B8%99-%E0%B8%97%E0%B8%B5%E0%B9%88-%E0%B9%80%E0%B8%94%E0%B8%AD%E0%B8%B0-%E0%B8%AA%E0%B8%95%E0%B8%B2%E0%B8%A3%E0%B9%8C-%E0%B8%AE%E0%B8%B4%E0%B8%A5%E0%B8%A5%E0%B9%8C-%E0%B8%84%E0%B8%AD%E0%B8%99%E0%B9%82%E0%B8%94-%E0%B9%83%E0%B8%99-%E0%B8%AA%E0%B8%B8%E0%B9%80%E0%B8%97%E0%B8%9E-%E0%B9%80%E0%B8%8A%E0%B8%B5%E0%B8%A2%E0%B8%87%E0%B9%83%E0%B8%AB%E0%B8%A1%E0%B9%88-u81136,"ขาย คอนโด 1 ห้องนอน ในโครงการ The Star Hill Condo (เดอะ สตาร์ ฮิลล์ คอนโด)
สุเทพ, เมืองเชียงใหม่,
เชียงใหม่
฿6,318,000
฿3,159/เดือน
21
5%
1 ห้องนอน
1 ห้องน้ำ
63.18 ตรม. พื้นที่ใช้สอย
5 ชั้น
ก.พ. 2560 สร้างเสร็จแล้ว
ขาย คอนโด 1 ห้องนอน ในโครงการ The Star Hill Condo (เดอะ สตาร์ ฮิลล์ คอนโด)
อสังหาริมทรัพย์นี้เป็น คอนโด สำหรับขาย ขนาด 1 ห้องนอน มีพื้นที่ใช้สอย 63.18 ตรม. ซึ่งยูนิตนี้อยู่ในโครงการ เดอะ สตาร์ ฮิลล์ คอนโด บนทำเลของ สุเทพ, เชียงใหม่ และสร้างเสร็จแล้วเมื่อ ก.พ. 2560 ซึ่งคุณสามารถซื้อ คอนโด นี้ได้ที่ราคา ฿6,318,000 (฿100,000/ตรม.)"
https://www.fazwaz.co.th/%E0%B8%82%E0%B8%B2%E0%B8%A2%E0%B8%9A%E0%B9%89%E0%B8%B2%E0%B8%99/%E0%B8%82%E0%B8%B2%E0%B8%A2-%E0%B8%84%E0%B8%AD%E0%B8%99%E0%B9%82%E0%B8%94-1-%E0%B8%AB%E0%B9%89%E0%B8%AD%E0%B8%87%E0%B8%99%E0%B8%AD%E0%B8%99-%E0%B8%97%E0%B8%B5%E0%B9%88-%E0%B9%80%E0%B8%94%E0%B8%AD%E0%B8%B0-%E0%B8%AA%E0%B8%95%E0%B8%B2%E0%B8%A3%E0%B9%8C-%E0%B8%AE%E0%B8%B4%E0%B8%A5%E0%B8%A5%E0%B9%8C-%E0%B8%84%E0%B8%AD%E0%B8%99%E0%B9%82%E0%B8%94-%E0%B9%83%E0%B8%99-%E0%B8%AA%E0%B8%B8%E0%B9%80%E0%B8%97%E0%B8%9E-%E0%B9%80%E0%B8%8A%E0%B8%B5%E0%B8%A2%E0%B8%87%E0%B9%83%E0%B8%AB%E0%B8%A1%E0%B9%88-u81138,"ขาย คอนโด 1 ห้องนอน ในโครงการ The Star Hill Condo (เดอะ สตาร์ ฮิลล์ คอนโด)
สุเทพ, เมืองเชียงใหม่,
เชียงใหม่
฿6,428,000
฿3,214/เดือน
21
5%
1 ห้องนอน
1 ห้องน้ำ
64.28 ตรม. พื้นที่ใช้สอย
5 ชั้น
ก.พ. 2560 สร้างเสร็จแล้ว
ขาย คอนโด 1 ห้องนอน ในโครงการ The Star Hill Condo (เดอะ สตาร์ ฮิลล์ คอนโด)
อสังหาริมทรัพย์นี้เป็น คอนโด สำหรับขาย ขนาด 1 ห้องนอน มีพื้นที่ใช้สอย 64.28 ตรม. ซึ่งยูนิตนี้อยู่ในโครงการ เดอะ สตาร์ ฮิลล์ คอนโด บนทำเลของ สุเทพ, เชียงใหม่ และสร้างเสร็จแล้วเมื่อ ก.พ. 2560 ซึ่งคุณสามารถซื้อ คอนโด นี้ได้ที่ราคา ฿6,428,000 (฿100,000/ตรม.)"
https://www.fazwaz.co.th/%E0%B8%82%E0%B8%B2%E0%B8%A2%E0%B8%9A%E0%B9%89%E0%B8%B2%E0%B8%99/%E0%B8%82%E0%B8%B2%E0%B8%A2-%E0%B8%84%E0%B8%AD%E0%B8%99%E0%B9%82%E0%B8%94-1-%E0%B8%AB%E0%B9%89%E0%B8%AD%E0%B8%87%E0%B8%99%E0%B8%AD%E0%B8%99-%E0%B8%97%E0%B8%B5%E0%B9%88-%E0%B9%80%E0%B8%94%E0%B8%AD%E0%B8%B0-%E0%B8%AA%E0%B8%95%E0%B8%B2%E0%B8%A3%E0%B9%8C-%E0%B8%AE%E0%B8%B4%E0%B8%A5%E0%B8%A5%E0%B9%8C-%E0%B8%84%E0%B8%AD%E0%B8%99%E0%B9%82%E0%B8%94-%E0%B9%83%E0%B8%99-%E0%B8%AA%E0%B8%B8%E0%B9%80%E0%B8%97%E0%B8%9E-%E0%B9%80%E0%B8%8A%E0%B8%B5%E0%B8%A2%E0%B8%87%E0%B9%83%E0%B8%AB%E0%B8%A1%E0%B9%88-u81147,"ขาย คอนโด 1 ห้องนอน ในโครงการ The Star Hill Condo (เดอะ สตาร์ ฮิลล์ คอนโด)
สุเทพ, เมืองเชียงใหม่,
เชียงใหม่
฿6,418,000
฿3,209/เดือน
21
5%
1 ห้องนอน
1 ห้องน้ำ
64.18 ตรม. พื้นที่ใช้สอย
5 ชั้น
ก.พ. 2560 สร้างเสร็จแล้ว
ขาย คอนโด 1 ห้องนอน ในโครงการ The Star Hill Condo (เดอะ สตาร์ ฮิลล์ คอนโด)
อสังหาริมทรัพย์นี้เป็น คอนโด สำหรับขาย ขนาด 1 ห้องนอน มีพื้นที่ใช้สอย 64.18 ตรม. ซึ่งยูนิตนี้อยู่ในโครงการ เดอะ สตาร์ ฮิลล์ คอนโด บนทำเลของ สุเทพ, เชียงใหม่ และสร้างเสร็จแล้วเมื่อ ก.พ. 2560 ซึ่งคุณสามารถซื้อ คอนโด นี้ได้ที่ราคา ฿6,418,000 (฿100,000/ตรม.)"
https://www.fazwaz.co.th/%E0%B8%82%E0%B8%B2%E0%B8%A2%E0%B8%9A%E0%B9%89%E0%B8%B2%E0%B8%99/%E0%B8%82%E0%B8%B2%E0%B8%A2-%E0%B8%84%E0%B8%AD%E0%B8%99%E0%B9%82%E0%B8%94-1-%E0%B8%AB%E0%B9%89%E0%B8%AD%E0%B8%87%E0%B8%99%E0%B8%AD%E0%B8%99-%E0%B8%97%E0%B8%B5%E0%B9%88-%E0%B9%80%E0%B8%94%E0%B8%AD%E0%B8%B0-%E0%B8%AA%E0%B8%95%E0%B8%B2%E0%B8%A3%E0%B9%8C-%E0%B8%AE%E0%B8%B4%E0%B8%A5%E0%B8%A5%E0%B9%8C-%E0%B8%84%E0%B8%AD%E0%B8%99%E0%B9%82%E0%B8%94-%E0%B9%83%E0%B8%99-%E0%B8%AA%E0%B8%B8%E0%B9%80%E0%B8%97%E0%B8%9E-%E0%B9%80%E0%B8%8A%E0%B8%B5%E0%B8%A2%E0%B8%87%E0%B9%83%E0%B8%AB%E0%B8%A1%E0%B9%88-u81148,"ขาย คอนโด 1 ห้องนอน ในโครงการ The Star Hill Condo (เดอะ สตาร์ ฮิลล์ คอนโด)
สุเทพ, เมืองเชียงใหม่,
เชียงใหม่
฿6,317,000
฿3,159/เดือน
21
5%
1 ห้องนอน
1 ห้องน้ำ
63.17 ตรม. พื้นที่ใช้สอย
5 ชั้น
ก.พ. 2560 สร้างเสร็จแล้ว
ขาย คอนโด 1 ห้องนอน ในโครงการ The Star Hill Condo (เดอะ สตาร์ ฮิลล์ คอนโด)
อสังหาริมทรัพย์นี้เป็น คอนโด สำหรับขาย ขนาด 1 ห้องนอน มีพื้นที่ใช้สอย 63.17 ตรม. ซึ่งยูนิตนี้อยู่ในโครงการ เดอะ สตาร์ ฮิลล์ คอนโด บนทำเลของ สุเทพ, เชียงใหม่ และสร้างเสร็จแล้วเมื่อ ก.พ. 2560 ซึ่งคุณสามารถซื้อ คอนโด นี้ได้ที่ราคา ฿6,317,000 (฿100,000/ตรม.)"
https://www.fazwaz.co.th/%E0%B8%82%E0%B8%B2%E0%B8%A2%E0%B8%9A%E0%B9%89%E0%B8%B2%E0%B8%99/%E0%B8%82%E0%B8%B2%E0%B8%A2-%E0%B8%84%E0%B8%AD%E0%B8%99%E0%B9%82%E0%B8%94-1-%E0%B8%AB%E0%B9%89%E0%B8%AD%E0%B8%87%E0%B8%99%E0%B8%AD%E0%B8%99-%E0%B8%97%E0%B8%B5%E0%B9%88-%E0%B9%80%E0%B8%94%E0%B8%AD%E0%B8%B0-%E0%B8%AA%E0%B8%95%E0%B8%B2%E0%B8%A3%E0%B9%8C-%E0%B8%AE%E0%B8%B4%E0%B8%A5%E0%B8%A5%E0%B9%8C-%E0%B8%84%E0%B8%AD%E0%B8%99%E0%B9%82%E0%B8%94-%E0%B9%83%E0%B8%99-%E0%B8%AA%E0%B8%B8%E0%B9%80%E0%B8%97%E0%B8%9E-%E0%B9%80%E0%B8%8A%E0%B8%B5%E0%B8%A2%E0%B8%87%E0%B9%83%E0%B8%AB%E0%B8%A1%E0%B9%88-u81149,"ขาย คอนโด 1 ห้องนอน ในโครงการ The Star Hill Condo (เดอะ สตาร์ ฮิลล์ คอนโด)
สุเทพ, เมืองเชียงใหม่,
เชียงใหม่
฿6,386,000
฿3,193/เดือน
21
5%
1 ห้องนอน
1 ห้องน้ำ
63.86 ตรม. พื้นที่ใช้สอย
5 ชั้น
ก.พ. 2560 สร้างเสร็จแล้ว
ขาย คอนโด 1 ห้องนอน ในโครงการ The Star Hill Condo (เดอะ สตาร์ ฮิลล์ คอนโด)
อสังหาริมทรัพย์นี้เป็น คอนโด สำหรับขาย ขนาด 1 ห้องนอน มีพื้นที่ใช้สอย 63.86 ตรม. ซึ่งยูนิตนี้อยู่ในโครงการ เดอะ สตาร์ ฮิลล์ คอนโด บนทำเลของ สุเทพ, เชียงใหม่ และสร้างเสร็จแล้วเมื่อ ก.พ. 2560 ซึ่งคุณสามารถซื้อ คอนโด นี้ได้ที่ราคา ฿6,386,000 (฿100,000/ตรม.)"
https://www.fazwaz.co.th/%E0%B8%82%E0%B8%B2%E0%B8%A2%E0%B8%9A%E0%B9%89%E0%B8%B2%E0%B8%99/%E0%B8%82%E0%B8%B2%E0%B8%A2-%E0%B8%84%E0%B8%AD%E0%B8%99%E0%B9%82%E0%B8%94-1-%E0%B8%AB%E0%B9%89%E0%B8%AD%E0%B8%87%E0%B8%99%E0%B8%AD%E0%B8%99-%E0%B8%97%E0%B8%B5%E0%B9%88-%E0%B9%80%E0%B8%94%E0%B8%AD%E0%B8%B0-%E0%B8%AA%E0%B8%95%E0%B8%B2%E0%B8%A3%E0%B9%8C-%E0%B8%AE%E0%B8%B4%E0%B8%A5%E0%B8%A5%E0%B9%8C-%E0%B8%84%E0%B8%AD%E0%B8%99%E0%B9%82%E0%B8%94-%E0%B9%83%E0%B8%99-%E0%B8%AA%E0%B8%B8%E0%B9%80%E0%B8%97%E0%B8%9E-%E0%B9%80%E0%B8%8A%E0%B8%B5%E0%B8%A2%E0%B8%87%E0%B9%83%E0%B8%AB%E0%B8%A1%E0%B9%88-u81152,"ขาย คอนโด 1 ห้องนอน ในโครงการ The Star Hill Condo (เดอะ สตาร์ ฮิลล์ คอนโด)
สุเทพ, เมืองเชียงใหม่,
เชียงใหม่
฿6,328,000
฿3,164/เดือน
21
5%
1 ห้องนอน
1 ห้องน้ำ
63.28 ตรม. พื้นที่ใช้สอย
5 ชั้น
ก.พ. 2560 สร้างเสร็จแล้ว
ขาย คอนโด 1 ห้องนอน ในโครงการ The Star Hill Condo (เดอะ สตาร์ ฮิลล์ คอนโด)
อสังหาริมทรัพย์นี้เป็น คอนโด สำหรับขาย ขนาด 1 ห้องนอน มีพื้นที่ใช้สอย 63.28 ตรม. ซึ่งยูนิตนี้อยู่ในโครงการ เดอะ สตาร์ ฮิลล์ คอนโด บนทำเลของ สุเทพ, เชียงใหม่ และสร้างเสร็จแล้วเมื่อ ก.พ. 2560 ซึ่งคุณสามารถซื้อ คอนโด นี้ได้ที่ราคา ฿6,328,000 (฿100,000/ตรม.)"
https://www.fazwaz.co.th/%E0%B8%82%E0%B8%B2%E0%B8%A2%E0%B8%9A%E0%B9%89%E0%B8%B2%E0%B8%99/%E0%B8%82%E0%B8%B2%E0%B8%A2-%E0%B8%84%E0%B8%AD%E0%B8%99%E0%B9%82%E0%B8%94-1-%E0%B8%AB%E0%B9%89%E0%B8%AD%E0%B8%87%E0%B8%99%E0%B8%AD%E0%B8%99-%E0%B8%97%E0%B8%B5%E0%B9%88-%E0%B9%80%E0%B8%94%E0%B8%AD%E0%B8%B0-%E0%B8%AA%E0%B8%95%E0%B8%B2%E0%B8%A3%E0%B9%8C-%E0%B8%AE%E0%B8%B4%E0%B8%A5%E0%B8%A5%E0%B9%8C-%E0%B8%84%E0%B8%AD%E0%B8%99%E0%B9%82%E0%B8%94-%E0%B9%83%E0%B8%99-%E0%B8%AA%E0%B8%B8%E0%B9%80%E0%B8%97%E0%B8%9E-%E0%B9%80%E0%B8%8A%E0%B8%B5%E0%B8%A2%E0%B8%87%E0%B9%83%E0%B8%AB%E0%B8%A1%E0%B9%88-u81153,"ขาย คอนโด 1 ห้องนอน ในโครงการ The Star Hill Condo (เดอะ สตาร์ ฮิลล์ คอนโด)
สุเทพ, เมืองเชียงใหม่,
เชียงใหม่
฿6,323,000
฿3,162/เดือน
21
5%
1 ห้องนอน
1 ห้องน้ำ
63.23 ตรม. พื้นที่ใช้สอย
5 ชั้น
ก.พ. 2560 สร้างเสร็จแล้ว
ขาย คอนโด 1 ห้องนอน ในโครงการ The Star Hill Condo (เดอะ สตาร์ ฮิลล์ คอนโด)
อสังหาริมทรัพย์นี้เป็น คอนโด สำหรับขาย ขนาด 1 ห้องนอน มีพื้นที่ใช้สอย 63.23 ตรม. ซึ่งยูนิตนี้อยู่ในโครงการ เดอะ สตาร์ ฮิลล์ คอนโด บนทำเลของ สุเทพ, เชียงใหม่ และสร้างเสร็จแล้วเมื่อ ก.พ. 2560 ซึ่งคุณสามารถซื้อ คอนโด นี้ได้ที่ราคา ฿6,323,000 (฿100,000/ตรม.)"
https://www.fazwaz.co.th/%E0%B8%82%E0%B8%B2%E0%B8%A2%E0%B8%9A%E0%B9%89%E0%B8%B2%E0%B8%99/%E0%B8%82%E0%B8%B2%E0%B8%A2-%E0%B8%84%E0%B8%AD%E0%B8%99%E0%B9%82%E0%B8%94-1-%E0%B8%AB%E0%B9%89%E0%B8%AD%E0%B8%87%E0%B8%99%E0%B8%AD%E0%B8%99-%E0%B8%97%E0%B8%B5%E0%B9%88-%E0%B9%80%E0%B8%94%E0%B8%AD%E0%B8%B0-%E0%B8%AA%E0%B8%95%E0%B8%B2%E0%B8%A3%E0%B9%8C-%E0%B8%AE%E0%B8%B4%E0%B8%A5%E0%B8%A5%E0%B9%8C-%E0%B8%84%E0%B8%AD%E0%B8%99%E0%B9%82%E0%B8%94-%E0%B9%83%E0%B8%99-%E0%B8%AA%E0%B8%B8%E0%B9%80%E0%B8%97%E0%B8%9E-%E0%B9%80%E0%B8%8A%E0%B8%B5%E0%B8%A2%E0%B8%87%E0%B9%83%E0%B8%AB%E0%B8%A1%E0%B9%88-u81154,"ขาย คอนโด 1 ห้องนอน ในโครงการ The Star Hill Condo (เดอะ สตาร์ ฮิลล์ คอนโด)
สุเทพ, เมืองเชียงใหม่,
เชียงใหม่
฿6,325,000
฿3,163/เดือน
21
5%
1 ห้องนอน
1 ห้องน้ำ
63.25 ตรม. พื้นที่ใช้สอย
5 ชั้น
ก.พ. 2560 สร้างเสร็จแล้ว
ขาย คอนโด 1 ห้องนอน ในโครงการ The Star Hill Condo (เดอะ สตาร์ ฮิลล์ คอนโด)
อสังหาริมทรัพย์นี้เป็น คอนโด สำหรับขาย ขนาด 1 ห้องนอน มีพื้นที่ใช้สอย 63.25 ตรม. ซึ่งยูนิตนี้อยู่ในโครงการ เดอะ สตาร์ ฮิลล์ คอนโด บนทำเลของ สุเทพ, เชียงใหม่ และสร้างเสร็จแล้วเมื่อ ก.พ. 2560 ซึ่งคุณสามารถซื้อ คอนโด นี้ได้ที่ราคา ฿6,325,000 (฿100,000/ตรม.)"
https://www.fazwaz.co.th/%E0%B8%82%E0%B8%B2%E0%B8%A2%E0%B8%9A%E0%B9%89%E0%B8%B2%E0%B8%99/%E0%B8%82%E0%B8%B2%E0%B8%A2-%E0%B8%84%E0%B8%AD%E0%B8%99%E0%B9%82%E0%B8%94-1-%E0%B8%AB%E0%B9%89%E0%B8%AD%E0%B8%87%E0%B8%99%E0%B8%AD%E0%B8%99-%E0%B8%97%E0%B8%B5%E0%B9%88-%E0%B9%80%E0%B8%94%E0%B8%AD%E0%B8%B0-%E0%B8%AA%E0%B8%9B%E0%B8%A3%E0%B8%B4%E0%B8%87-%E0%B8%A5%E0%B8%AD%E0%B8%9F%E0%B8%97%E0%B9%8C-%E0%B9%83%E0%B8%99-%E0%B8%9F%E0%B9%89%E0%B8%B2%E0%B8%AE%E0%B9%88%E0%B8%B2%E0%B8%A1-%E0%B9%80%E0%B8%8A%E0%B8%B5%E0%B8%A2%E0%B8%87%E0%B9%83%E0%B8%AB%E0%B8%A1%E0%B9%88-u1030782,"ขาย คอนโด 1 ห้องนอน ในโครงการ The Spring Loft (เดอะ สปริง ลอฟท์)
ฟ้าฮ่าม, เมืองเชียงใหม่,
เชียงใหม่
฿3,000,000
฿2,096/เดือน
15
7%
1 ห้องนอน
1 ห้องน้ำ
32.25 ตรม. พื้นที่ใช้สอย
7 ชั้น
เม.ย. 2556 สร้างเสร็จแล้ว
ขาย คอนโด 1 ห้องนอน ในโครงการ The Spring Loft (เดอะ สปริง ลอฟท์)
อสังหาริมทรัพย์นี้เป็น คอนโด สำหรับขาย ขนาด 1 ห้องนอน มีพื้นที่ใช้สอย 32.25 ตรม. ซึ่งยูนิตนี้อยู่ในโครงการ เดอะ สปริง ลอฟท์ บนทำเลของ ฟ้าฮ่าม, เชียงใหม่ และสร้างเสร็จแล้วเมื่อ เม.ย. 2556 ซึ่งคุณสามารถซื้อ คอนโด นี้ได้ที่ราคา ฿3,000,000 (฿93,023/ตรม.)"
https://www.fazwaz.co.th/%E0%B8%82%E0%B8%B2%E0%B8%A2%E0%B8%9A%E0%B9%89%E0%B8%B2%E0%B8%99/%E0%B8%82%E0%B8%B2%E0%B8%A2-%E0%B8%84%E0%B8%AD%E0%B8%99%E0%B9%82%E0%B8%94-1-%E0%B8%AB%E0%B9%89%E0%B8%AD%E0%B8%87%E0%B8%99%E0%B8%AD%E0%B8%99-%E0%B8%97%E0%B8%B5%E0%B9%88-%E0%B9%80%E0%B8%94%E0%B8%AD%E0%B8%B0-%E0%B8%AA%E0%B8%9B%E0%B8%A3%E0%B8%B4%E0%B8%87-%E0%B8%A5%E0%B8%AD%E0%B8%9F%E0%B8%97%E0%B9%8C-%E0%B9%83%E0%B8%99-%E0%B8%9F%E0%B9%89%E0%B8%B2%E0%B8%AE%E0%B9%88%E0%B8%B2%E0%B8%A1-%E0%B9%80%E0%B8%8A%E0%B8%B5%E0%B8%A2%E0%B8%87%E0%B9%83%E0%B8%AB%E0%B8%A1%E0%B9%88-u1074422,"ขาย คอนโด 1 ห้องนอน ในโครงการ The Spring Loft (เดอะ สปริง ลอฟท์)
ฟ้าฮ่าม, เมืองเชียงใหม่,
เชียงใหม่
฿4,630,000
฿3,294/เดือน
15
7%
1 ห้องนอน
1 ห้องน้ำ
50.68 ตรม. พื้นที่ใช้สอย
4 ชั้น
เม.ย. 2556 สร้างเสร็จแล้ว
ขาย คอนโด 1 ห้องนอน ในโครงการ The Spring Loft (เดอะ สปริง ลอฟท์)
อสังหาริมทรัพย์นี้เป็น คอนโด สำหรับขาย ขนาด 1 ห้องนอน มีพื้นที่ใช้สอย 50.68 ตรม. ซึ่งยูนิตนี้อยู่ในโครงการ เดอะ สปริง ลอฟท์ บนทำเลของ ฟ้าฮ่าม, เชียงใหม่ และสร้างเสร็จแล้วเมื่อ เม.ย. 2556 ซึ่งคุณสามารถซื้อ คอนโด นี้ได้ที่ราคา ฿4,630,000 (฿91,358/ตรม.)"
https://www.fazwaz.co.th/%E0%B8%82%E0%B8%B2%E0%B8%A2%E0%B8%9A%E0%B9%89%E0%B8%B2%E0%B8%99/%E0%B8%82%E0%B8%B2%E0%B8%A2-%E0%B8%84%E0%B8%AD%E0%B8%99%E0%B9%82%E0%B8%94-1-%E0%B8%AB%E0%B9%89%E0%B8%AD%E0%B8%87%E0%B8%99%E0%B8%AD%E0%B8%99-%E0%B8%97%E0%B8%B5%E0%B9%88-%E0%B9%80%E0%B8%94%E0%B8%AD%E0%B8%B0-%E0%B8%AA%E0%B8%9B%E0%B8%A3%E0%B8%B4%E0%B8%87-%E0%B8%A5%E0%B8%AD%E0%B8%9F%E0%B8%97%E0%B9%8C-%E0%B9%83%E0%B8%99-%E0%B8%9F%E0%B9%89%E0%B8%B2%E0%B8%AE%E0%B9%88%E0%B8%B2%E0%B8%A1-%E0%B9%80%E0%B8%8A%E0%B8%B5%E0%B8%A2%E0%B8%87%E0%B9%83%E0%B8%AB%E0%B8%A1%E0%B9%88-u1882110,"ขาย คอนโด 1 ห้องนอน ในโครงการ The Spring Loft (เดอะ สปริง ลอฟท์)
ฟ้าฮ่าม, เมืองเชียงใหม่,
เชียงใหม่
฿2,350,000
฿2,210/เดือน
15
7%
1 ห้องนอน
1 ห้องน้ำ
34 ตรม. พื้นที่ใช้สอย
2 ชั้น
เม.ย. 2556 สร้างเสร็จแล้ว
ขาย คอนโด 1 ห้องนอน ในโครงการ The Spring Loft (เดอะ สปริง ลอฟท์)
อสังหาริมทรัพย์นี้เป็น คอนโด สำหรับขาย ขนาด 1 ห้องนอน มีพื้นที่ใช้สอย 34 ตรม. ซึ่งยูนิตนี้อยู่ในโครงการ เดอะ สปริง ลอฟท์ บนทำเลของ ฟ้าฮ่าม, เชียงใหม่ และสร้างเสร็จแล้วเมื่อ เม.ย. 2556 ซึ่งคุณสามารถซื้อ คอนโด นี้ได้ที่ราคา ฿2,350,000 (฿69,118/ตรม.)"
https://www.fazwaz.co.th/%E0%B8%82%E0%B8%B2%E0%B8%A2%E0%B8%9A%E0%B9%89%E0%B8%B2%E0%B8%99/%E0%B8%82%E0%B8%B2%E0%B8%A2-%E0%B8%84%E0%B8%AD%E0%B8%99%E0%B9%82%E0%B8%94-1-%E0%B8%AB%E0%B9%89%E0%B8%AD%E0%B8%87%E0%B8%99%E0%B8%AD%E0%B8%99-%E0%B8%97%E0%B8%B5%E0%B9%88-%E0%B9%80%E0%B8%94%E0%B8%AD%E0%B8%B0-%E0%B8%AA%E0%B8%9B%E0%B8%A3%E0%B8%B4%E0%B8%87-%E0%B8%A5%E0%B8%AD%E0%B8%9F%E0%B8%97%E0%B9%8C-%E0%B9%83%E0%B8%99-%E0%B8%9F%E0%B9%89%E0%B8%B2%E0%B8%AE%E0%B9%88%E0%B8%B2%E0%B8%A1-%E0%B9%80%E0%B8%8A%E0%B8%B5%E0%B8%A2%E0%B8%87%E0%B9%83%E0%B8%AB%E0%B8%A1%E0%B9%88-u1961567,"ขาย คอนโด 1 ห้องนอน ในโครงการ The Spring Loft (เดอะ สปริง ลอฟท์)
ฟ้าฮ่าม, เมืองเชียงใหม่,
เชียงใหม่
฿3,097,000
฿2,238/เดือน
15
7%
1 ห้องนอน
1 ห้องน้ำ
34.43 ตรม. พื้นที่ใช้สอย
2 ชั้น
เม.ย. 2556 สร้างเสร็จแล้ว
ขาย คอนโด 1 ห้องนอน ในโครงการ The Spring Loft (เดอะ สปริง ลอฟท์)
อสังหาริมทรัพย์นี้เป็น คอนโด สำหรับขาย ขนาด 1 ห้องนอน มีพื้นที่ใช้สอย 34.43 ตรม. ซึ่งยูนิตนี้อยู่ในโครงการ เดอะ สปริง ลอฟท์ บนทำเลของ ฟ้าฮ่าม, เชียงใหม่ และสร้างเสร็จแล้วเมื่อ เม.ย. 2556 ซึ่งคุณสามารถซื้อ คอนโด นี้ได้ที่ราคา ฿3,097,000 (฿89,951/ตรม.)"
https://www.fazwaz.co.th/%E0%B8%82%E0%B8%B2%E0%B8%A2%E0%B8%9A%E0%B9%89%E0%B8%B2%E0%B8%99/%E0%B8%82%E0%B8%B2%E0%B8%A2-%E0%B8%84%E0%B8%AD%E0%B8%99%E0%B9%82%E0%B8%94-1-%E0%B8%AB%E0%B9%89%E0%B8%AD%E0%B8%87%E0%B8%99%E0%B8%AD%E0%B8%99-%E0%B8%97%E0%B8%B5%E0%B9%88-%E0%B9%80%E0%B8%94%E0%B8%AD%E0%B8%B0-%E0%B8%AA%E0%B8%9B%E0%B8%A3%E0%B8%B4%E0%B8%87-%E0%B8%A5%E0%B8%AD%E0%B8%9F%E0%B8%97%E0%B9%8C-%E0%B9%83%E0%B8%99-%E0%B8%9F%E0%B9%89%E0%B8%B2%E0%B8%AE%E0%B9%88%E0%B8%B2%E0%B8%A1-%E0%B9%80%E0%B8%8A%E0%B8%B5%E0%B8%A2%E0%B8%87%E0%B9%83%E0%B8%AB%E0%B8%A1%E0%B9%88-u1961568,"ขาย คอนโด 1 ห้องนอน ในโครงการ The Spring Loft (เดอะ สปริง ลอฟท์)
ฟ้าฮ่าม, เมืองเชียงใหม่,
เชียงใหม่
฿3,097,000
฿2,238/เดือน
15
7%
1 ห้องนอน
1 ห้องน้ำ
34.43 ตรม. พื้นที่ใช้สอย
2 ชั้น
เม.ย. 2556 สร้างเสร็จแล้ว
ขาย คอนโด 1 ห้องนอน ในโครงการ The Spring Loft (เดอะ สปริง ลอฟท์)
อสังหาริมทรัพย์นี้เป็น คอนโด สำหรับขาย ขนาด 1 ห้องนอน มีพื้นที่ใช้สอย 34.43 ตรม. ซึ่งยูนิตนี้อยู่ในโครงการ เดอะ สปริง ลอฟท์ บนทำเลของ ฟ้าฮ่าม, เชียงใหม่ และสร้างเสร็จแล้วเมื่อ เม.ย. 2556 ซึ่งคุณสามารถซื้อ คอนโด นี้ได้ที่ราคา ฿3,097,000 (฿89,951/ตรม.)"
https://www.fazwaz.co.th/%E0%B8%82%E0%B8%B2%E0%B8%A2%E0%B8%9A%E0%B9%89%E0%B8%B2%E0%B8%99/%E0%B8%82%E0%B8%B2%E0%B8%A2-%E0%B8%84%E0%B8%AD%E0%B8%99%E0%B9%82%E0%B8%94-1-%E0%B8%AB%E0%B9%89%E0%B8%AD%E0%B8%87%E0%B8%99%E0%B8%AD%E0%B8%99-%E0%B8%97%E0%B8%B5%E0%B9%88-%E0%B9%80%E0%B8%94%E0%B8%AD%E0%B8%B0-%E0%B8%AA%E0%B8%9B%E0%B8%A3%E0%B8%B4%E0%B8%87-%E0%B8%A5%E0%B8%AD%E0%B8%9F%E0%B8%97%E0%B9%8C-%E0%B9%83%E0%B8%99-%E0%B8%9F%E0%B9%89%E0%B8%B2%E0%B8%AE%E0%B9%88%E0%B8%B2%E0%B8%A1-%E0%B9%80%E0%B8%8A%E0%B8%B5%E0%B8%A2%E0%B8%87%E0%B9%83%E0%B8%AB%E0%B8%A1%E0%B9%88-u1961569,"ขาย คอนโด 1 ห้องนอน ในโครงการ The Spring Loft (เดอะ สปริง ลอฟท์)
ฟ้าฮ่าม, เมืองเชียงใหม่,
เชียงใหม่
฿4,900,000
฿3,270/เดือน
15
7%
1 ห้องนอน
1 ห้องน้ำ
50.30 ตรม. พื้นที่ใช้สอย
4 ชั้น
เม.ย. 2556 สร้างเสร็จแล้ว
ขาย คอนโด 1 ห้องนอน ในโครงการ The Spring Loft (เดอะ สปริง ลอฟท์)
อสังหาริมทรัพย์นี้เป็น คอนโด สำหรับขาย ขนาด 1 ห้องนอน มีพื้นที่ใช้สอย 50.30 ตรม. ซึ่งยูนิตนี้อยู่ในโครงการ เดอะ สปริง ลอฟท์ บนทำเลของ ฟ้าฮ่าม, เชียงใหม่ และสร้างเสร็จแล้วเมื่อ เม.ย. 2556 ซึ่งคุณสามารถซื้อ คอนโด นี้ได้ที่ราคา ฿4,900,000 (฿97,416/ตรม.)"
https://www.fazwaz.co.th/%E0%B8%82%E0%B8%B2%E0%B8%A2%E0%B8%9A%E0%B9%89%E0%B8%B2%E0%B8%99/%E0%B8%82%E0%B8%B2%E0%B8%A2-%E0%B8%84%E0%B8%AD%E0%B8%99%E0%B9%82%E0%B8%94-1-%E0%B8%AB%E0%B9%89%E0%B8%AD%E0%B8%87%E0%B8%99%E0%B8%AD%E0%B8%99-%E0%B8%97%E0%B8%B5%E0%B9%88-%E0%B9%80%E0%B8%94%E0%B8%AD%E0%B8%B0-%E0%B8%AA%E0%B8%9B%E0%B8%A3%E0%B8%B4%E0%B8%87-%E0%B8%A5%E0%B8%AD%E0%B8%9F%E0%B8%97%E0%B9%8C-%E0%B9%83%E0%B8%99-%E0%B8%9F%E0%B9%89%E0%B8%B2%E0%B8%AE%E0%B9%88%E0%B8%B2%E0%B8%A1-%E0%B9%80%E0%B8%8A%E0%B8%B5%E0%B8%A2%E0%B8%87%E0%B9%83%E0%B8%AB%E0%B8%A1%E0%B9%88-u1961570,"ขาย คอนโด 1 ห้องนอน ในโครงการ The Spring Loft (เดอะ สปริง ลอฟท์)
ฟ้าฮ่าม, เมืองเชียงใหม่,
เชียงใหม่
฿4,630,000
฿3,294/เดือน
15
7%
1 ห้องนอน
1 ห้องน้ำ
50.68 ตรม. พื้นที่ใช้สอย
4 ชั้น
เม.ย. 2556 สร้างเสร็จแล้ว
ขาย คอนโด 1 ห้องนอน ในโครงการ The Spring Loft (เดอะ สปริง ลอฟท์)
อสังหาริมทรัพย์นี้เป็น คอนโด สำหรับขาย ขนาด 1 ห้องนอน มีพื้นที่ใช้สอย 50.68 ตรม. ซึ่งยูนิตนี้อยู่ในโครงการ เดอะ สปริง ลอฟท์ บนทำเลของ ฟ้าฮ่าม, เชียงใหม่ และสร้างเสร็จแล้วเมื่อ เม.ย. 2556 ซึ่งคุณสามารถซื้อ คอนโด นี้ได้ที่ราคา ฿4,630,000 (฿91,358/ตรม.)"
https://www.fazwaz.co.th/%E0%B8%82%E0%B8%B2%E0%B8%A2%E0%B8%9A%E0%B9%89%E0%B8%B2%E0%B8%99/%E0%B8%82%E0%B8%B2%E0%B8%A2-%E0%B8%84%E0%B8%AD%E0%B8%99%E0%B9%82%E0%B8%94-1-%E0%B8%AB%E0%B9%89%E0%B8%AD%E0%B8%87%E0%B8%99%E0%B8%AD%E0%B8%99-%E0%B8%97%E0%B8%B5%E0%B9%88-%E0%B9%80%E0%B8%94%E0%B8%AD%E0%B8%B0-%E0%B8%AA%E0%B8%9B%E0%B8%A3%E0%B8%B4%E0%B8%87-%E0%B8%A5%E0%B8%AD%E0%B8%9F%E0%B8%97%E0%B9%8C-%E0%B9%83%E0%B8%99-%E0%B8%9F%E0%B9%89%E0%B8%B2%E0%B8%AE%E0%B9%88%E0%B8%B2%E0%B8%A1-%E0%B9%80%E0%B8%8A%E0%B8%B5%E0%B8%A2%E0%B8%87%E0%B9%83%E0%B8%AB%E0%B8%A1%E0%B9%88-u1961571,"ขาย คอนโด 1 ห้องนอน ในโครงการ The Spring Loft (เดอะ สปริง ลอฟท์)
ฟ้าฮ่าม, เมืองเชียงใหม่,
เชียงใหม่
฿4,630,000
฿3,294/เดือน
15
7%
1 ห้องนอน
1 ห้องน้ำ
50.68 ตรม. พื้นที่ใช้สอย
4 ชั้น
เม.ย. 2556 สร้างเสร็จแล้ว
ขาย คอนโด 1 ห้องนอน ในโครงการ The Spring Loft (เดอะ สปริง ลอฟท์)
อสังหาริมทรัพย์นี้เป็น คอนโด สำหรับขาย ขนาด 1 ห้องนอน มีพื้นที่ใช้สอย 50.68 ตรม. ซึ่งยูนิตนี้อยู่ในโครงการ เดอะ สปริง ลอฟท์ บนทำเลของ ฟ้าฮ่าม, เชียงใหม่ และสร้างเสร็จแล้วเมื่อ เม.ย. 2556 ซึ่งคุณสามารถซื้อ คอนโด นี้ได้ที่ราคา ฿4,630,000 (฿91,358/ตรม.)"
https://www.fazwaz.co.th/%E0%B8%82%E0%B8%B2%E0%B8%A2%E0%B8%9A%E0%B9%89%E0%B8%B2%E0%B8%99/%E0%B8%82%E0%B8%B2%E0%B8%A2-%E0%B8%84%E0%B8%AD%E0%B8%99%E0%B9%82%E0%B8%94-1-%E0%B8%AB%E0%B9%89%E0%B8%AD%E0%B8%87%E0%B8%99%E0%B8%AD%E0%B8%99-%E0%B8%97%E0%B8%B5%E0%B9%88-%E0%B9%80%E0%B8%94%E0%B8%AD%E0%B8%B0-%E0%B8%AA%E0%B8%9B%E0%B8%A3%E0%B8%B4%E0%B8%87-%E0%B8%A5%E0%B8%AD%E0%B8%9F%E0%B8%97%E0%B9%8C-%E0%B9%83%E0%B8%99-%E0%B8%9F%E0%B9%89%E0%B8%B2%E0%B8%AE%E0%B9%88%E0%B8%B2%E0%B8%A1-%E0%B9%80%E0%B8%8A%E0%B8%B5%E0%B8%A2%E0%B8%87%E0%B9%83%E0%B8%AB%E0%B8%A1%E0%B9%88-u1961573,"ขาย คอนโด 1 ห้องนอน ในโครงการ The Spring Loft (เดอะ สปริง ลอฟท์)
ฟ้าฮ่าม, เมืองเชียงใหม่,
เชียงใหม่
฿4,630,000
฿3,294/เดือน
15
7%
1 ห้องนอน
1 ห้องน้ำ
50.68 ตรม. พื้นที่ใช้สอย
4 ชั้น
เม.ย. 2556 สร้างเสร็จแล้ว
ขาย คอนโด 1 ห้องนอน ในโครงการ The Spring Loft (เดอะ สปริง ลอฟท์)
อสังหาริมทรัพย์นี้เป็น คอนโด สำหรับขาย ขนาด 1 ห้องนอน มีพื้นที่ใช้สอย 50.68 ตรม. ซึ่งยูนิตนี้อยู่ในโครงการ เดอะ สปริง ลอฟท์ บนทำเลของ ฟ้าฮ่าม, เชียงใหม่ และสร้างเสร็จแล้วเมื่อ เม.ย. 2556 ซึ่งคุณสามารถซื้อ คอนโด นี้ได้ที่ราคา ฿4,630,000 (฿91,358/ตรม.)"
https://www.fazwaz.co.th/%E0%B8%82%E0%B8%B2%E0%B8%A2%E0%B8%9A%E0%B9%89%E0%B8%B2%E0%B8%99/%E0%B8%82%E0%B8%B2%E0%B8%A2-%E0%B8%84%E0%B8%AD%E0%B8%99%E0%B9%82%E0%B8%94-1-%E0%B8%AB%E0%B9%89%E0%B8%AD%E0%B8%87%E0%B8%99%E0%B8%AD%E0%B8%99-%E0%B8%97%E0%B8%B5%E0%B9%88-%E0%B9%80%E0%B8%94%E0%B8%AD%E0%B8%B0-%E0%B8%AA%E0%B8%9B%E0%B8%A3%E0%B8%B4%E0%B8%87-%E0%B8%A5%E0%B8%AD%E0%B8%9F%E0%B8%97%E0%B9%8C-%E0%B9%83%E0%B8%99-%E0%B8%9F%E0%B9%89%E0%B8%B2%E0%B8%AE%E0%B9%88%E0%B8%B2%E0%B8%A1-%E0%B9%80%E0%B8%8A%E0%B8%B5%E0%B8%A2%E0%B8%87%E0%B9%83%E0%B8%AB%E0%B8%A1%E0%B9%88-u1961574,"ขาย คอนโด 1 ห้องนอน ในโครงการ The Spring Loft (เดอะ สปริง ลอฟท์)
ฟ้าฮ่าม, เมืองเชียงใหม่,
เชียงใหม่
฿5,484,101
฿3,294/เดือน
15
7%
1 ห้องนอน
1 ห้องน้ำ
50.68 ตรม. พื้นที่ใช้สอย
4 ชั้น
เม.ย. 2556 สร้างเสร็จแล้ว
ขาย คอนโด 1 ห้องนอน ในโครงการ The Spring Loft (เดอะ สปริง ลอฟท์)
อสังหาริมทรัพย์นี้เป็น คอนโด สำหรับขาย ขนาด 1 ห้องนอน มีพื้นที่ใช้สอย 50.68 ตรม. ซึ่งยูนิตนี้อยู่ในโครงการ เดอะ สปริง ลอฟท์ บนทำเลของ ฟ้าฮ่าม, เชียงใหม่ และสร้างเสร็จแล้วเมื่อ เม.ย. 2556 ซึ่งคุณสามารถซื้อ คอนโด นี้ได้ที่ราคา ฿5,484,101 (฿108,210/ตรม.)"
https://www.fazwaz.co.th/%E0%B8%82%E0%B8%B2%E0%B8%A2%E0%B8%9A%E0%B9%89%E0%B8%B2%E0%B8%99/%E0%B8%82%E0%B8%B2%E0%B8%A2-%E0%B8%84%E0%B8%AD%E0%B8%99%E0%B9%82%E0%B8%94-1-%E0%B8%AB%E0%B9%89%E0%B8%AD%E0%B8%87%E0%B8%99%E0%B8%AD%E0%B8%99-%E0%B8%97%E0%B8%B5%E0%B9%88-%E0%B9%80%E0%B8%94%E0%B8%AD%E0%B8%B0-%E0%B8%AA%E0%B8%9B%E0%B8%A3%E0%B8%B4%E0%B8%87-%E0%B8%A5%E0%B8%AD%E0%B8%9F%E0%B8%97%E0%B9%8C-%E0%B9%83%E0%B8%99-%E0%B8%9F%E0%B9%89%E0%B8%B2%E0%B8%AE%E0%B9%88%E0%B8%B2%E0%B8%A1-%E0%B9%80%E0%B8%8A%E0%B8%B5%E0%B8%A2%E0%B8%87%E0%B9%83%E0%B8%AB%E0%B8%A1%E0%B9%88-u5343909,"ขาย คอนโด 1 ห้องนอน ในโครงการ The Spring Loft (เดอะ สปริง ลอฟท์)
ฟ้าฮ่าม, เมืองเชียงใหม่,
เชียงใหม่
฿2,790,000
฿2,698/เดือน
15
7%
1 ห้องนอน
1 ห้องน้ำ
41.51 ตรม. พื้นที่ใช้สอย
2 ชั้น
เม.ย. 2556 สร้างเสร็จแล้ว
ขาย คอนโด 1 ห้องนอน ในโครงการ The Spring Loft (เดอะ สปริง ลอฟท์)
อสังหาริมทรัพย์นี้เป็น คอนโด สำหรับขาย ขนาด 1 ห้องนอน มีพื้นที่ใช้สอย 41.51 ตรม. ซึ่งยูนิตนี้อยู่ในโครงการ เดอะ สปริง ลอฟท์ บนทำเลของ ฟ้าฮ่าม, เชียงใหม่ และสร้างเสร็จแล้วเมื่อ เม.ย. 2556 ซึ่งคุณสามารถซื้อ คอนโด นี้ได้ที่ราคา ฿2,790,000 (฿67,213/ตรม.)"
https://www.fazwaz.co.th/%E0%B8%82%E0%B8%B2%E0%B8%A2%E0%B8%9A%E0%B9%89%E0%B8%B2%E0%B8%99/%E0%B8%82%E0%B8%B2%E0%B8%A2-%E0%B8%84%E0%B8%AD%E0%B8%99%E0%B9%82%E0%B8%94-1-%E0%B8%AB%E0%B9%89%E0%B8%AD%E0%B8%87%E0%B8%99%E0%B8%AD%E0%B8%99-%E0%B8%97%E0%B8%B5%E0%B9%88-%E0%B9%80%E0%B8%94%E0%B8%AD%E0%B8%B0-%E0%B8%AE%E0%B8%B4%E0%B8%A5%E0%B8%A5%E0%B9%8C-%E0%B8%9E%E0%B8%B2%E0%B8%A3%E0%B9%8C%E0%B8%84-%E0%B9%83%E0%B8%99-%E0%B8%8A%E0%B9%89%E0%B8%B2%E0%B8%87%E0%B9%80%E0%B8%9C%E0%B8%B7%E0%B8%AD%E0%B8%81-%E0%B9%80%E0%B8%8A%E0%B8%B5%E0%B8%A2%E0%B8%87%E0%B9%83%E0%B8%AB%E0%B8%A1%E0%B9%88-u2664816,"ขาย คอนโด 1 ห้องนอน ในโครงการ The Hill Park (เดอะ ฮิลล์ พาร์ค)
ช้างเผือก, เมืองเชียงใหม่,
เชียงใหม่
฿1,300,000
1 ห้องนอน
1 ห้องน้ำ
29.40 ตรม. พื้นที่ใช้สอย
7 ชั้น
ต.ค. 2541 สร้างเสร็จแล้ว
ขาย คอนโด 1 ห้องนอน ในโครงการ The Hill Park (เดอะ ฮิลล์ พาร์ค)
อสังหาริมทรัพย์นี้เป็น คอนโด สำหรับขาย ขนาด 1 ห้องนอน มีพื้นที่ใช้สอย 29.40 ตรม. ซึ่งยูนิตนี้อยู่ในโครงการ เดอะ ฮิลล์ พาร์ค บนทำเลของ ช้างเผือก, เชียงใหม่ และสร้างเสร็จแล้วเมื่อ ต.ค. 2541 ซึ่งคุณสามารถซื้อ คอนโด นี้ได้ที่ราคา ฿1,300,000 (฿44,218/ตรม.)"
https://www.fazwaz.co.th/%E0%B8%82%E0%B8%B2%E0%B8%A2%E0%B8%9A%E0%B9%89%E0%B8%B2%E0%B8%99/%E0%B8%82%E0%B8%B2%E0%B8%A2-%E0%B8%84%E0%B8%AD%E0%B8%99%E0%B9%82%E0%B8%94-1-%E0%B8%AB%E0%B9%89%E0%B8%AD%E0%B8%87%E0%B8%99%E0%B8%AD%E0%B8%99-%E0%B8%97%E0%B8%B5%E0%B9%88-%E0%B9%80%E0%B8%94%E0%B8%AD%E0%B8%B0-%E0%B8%AE%E0%B8%B4%E0%B8%A5%E0%B8%A5%E0%B9%8C-%E0%B8%9E%E0%B8%B2%E0%B8%A3%E0%B9%8C%E0%B8%84-%E0%B9%83%E0%B8%99-%E0%B8%8A%E0%B9%89%E0%B8%B2%E0%B8%87%E0%B9%80%E0%B8%9C%E0%B8%B7%E0%B8%AD%E0%B8%81-%E0%B9%80%E0%B8%8A%E0%B8%B5%E0%B8%A2%E0%B8%87%E0%B9%83%E0%B8%AB%E0%B8%A1%E0%B9%88-u5361918,"ขาย คอนโด 1 ห้องนอน ในโครงการ The Hill Park (เดอะ ฮิลล์ พาร์ค)
ช้างเผือก, เมืองเชียงใหม่,
เชียงใหม่
฿1,690,000
1 ห้องนอน
1 ห้องน้ำ
30 ตรม. พื้นที่ใช้สอย
5 ชั้น
ต.ค. 2541 สร้างเสร็จแล้ว
ขาย คอนโด 1 ห้องนอน ในโครงการ The Hill Park (เดอะ ฮิลล์ พาร์ค)
อสังหาริมทรัพย์นี้เป็น คอนโด สำหรับขาย ขนาด 1 ห้องนอน มีพื้นที่ใช้สอย 30 ตรม. ซึ่งยูนิตนี้อยู่ในโครงการ เดอะ ฮิลล์ พาร์ค บนทำเลของ ช้างเผือก, เชียงใหม่ และสร้างเสร็จแล้วเมื่อ ต.ค. 2541 ซึ่งคุณสามารถซื้อ คอนโด นี้ได้ที่ราคา ฿1,690,000 (฿56,333/ตรม.)"
https://www.fazwaz.co.th/%E0%B8%82%E0%B8%B2%E0%B8%A2%E0%B8%9A%E0%B9%89%E0%B8%B2%E0%B8%99/%E0%B8%82%E0%B8%B2%E0%B8%A2-%E0%B8%84%E0%B8%AD%E0%B8%99%E0%B9%82%E0%B8%94-1-%E0%B8%AB%E0%B9%89%E0%B8%AD%E0%B8%87%E0%B8%99%E0%B8%AD%E0%B8%99-%E0%B8%97%E0%B8%B5%E0%B9%88-%E0%B9%80%E0%B8%94%E0%B8%AD%E0%B8%B0-%E0%B9%80%E0%B8%97%E0%B8%A3%E0%B9%80%E0%B8%8A%E0%B8%AD%E0%B8%A3%E0%B9%8C-%E0%B9%83%E0%B8%99-%E0%B8%AB%E0%B8%99%E0%B8%AD%E0%B8%87%E0%B8%9B%E0%B9%88%E0%B8%B2%E0%B8%84%E0%B8%A3%E0%B8%B1%E0%B9%88%E0%B8%87-%E0%B9%80%E0%B8%8A%E0%B8%B5%E0%B8%A2%E0%B8%87%E0%B9%83%E0%B8%AB%E0%B8%A1%E0%B9%88-u1171794,"ขาย คอนโด 1 ห้องนอน ในโครงการ The Treasure (เดอะ เทรเชอร์)
หนองป่าครั่ง, เมืองเชียงใหม่,
เชียงใหม่
฿2,750,000
฿1,225/เดือน
฿16,000/เดือน
14
7%
1 ห้องนอน
1 ห้องน้ำ
35 ตรม. พื้นที่ใช้สอย
3 ชั้น
ธ.ค. 2560 สร้างเสร็จแล้ว
ขาย คอนโด 1 ห้องนอน ในโครงการ The Treasure (เดอะ เทรเชอร์)
อสังหาริมทรัพย์นี้เป็น คอนโด สำหรับขาย ขนาด 1 ห้องนอน มีพื้นที่ใช้สอย 35 ตรม. ซึ่งยูนิตนี้อยู่ในโครงการ เดอะ เทรเชอร์ บนทำเลของ หนองป่าครั่ง, เชียงใหม่ และสร้างเสร็จแล้วเมื่อ ธ.ค. 2560 ซึ่งคุณสามารถซื้อ คอนโด ได้ที่ราคา ฿2,750,000 (฿78,571/ตรม.) หรือทำสัญญาเช่าระยะยาว ที่ราคาค่าเช่า ฿16,000 ต่อเดือน"
https://www.fazwaz.co.th/%E0%B8%82%E0%B8%B2%E0%B8%A2%E0%B8%9A%E0%B9%89%E0%B8%B2%E0%B8%99/%E0%B8%82%E0%B8%B2%E0%B8%A2-%E0%B8%84%E0%B8%AD%E0%B8%99%E0%B9%82%E0%B8%94-1-%E0%B8%AB%E0%B9%89%E0%B8%AD%E0%B8%87%E0%B8%99%E0%B8%AD%E0%B8%99-%E0%B8%97%E0%B8%B5%E0%B9%88-%E0%B9%80%E0%B8%94%E0%B8%AD%E0%B8%B0-%E0%B9%80%E0%B8%97%E0%B8%A3%E0%B9%80%E0%B8%8A%E0%B8%AD%E0%B8%A3%E0%B9%8C-%E0%B9%83%E0%B8%99-%E0%B8%AB%E0%B8%99%E0%B8%AD%E0%B8%87%E0%B8%9B%E0%B9%88%E0%B8%B2%E0%B8%84%E0%B8%A3%E0%B8%B1%E0%B9%88%E0%B8%87-%E0%B9%80%E0%B8%8A%E0%B8%B5%E0%B8%A2%E0%B8%87%E0%B9%83%E0%B8%AB%E0%B8%A1%E0%B9%88-u1746,"ขาย คอนโด 1 ห้องนอน ในโครงการ The Treasure (เดอะ เทรเชอร์)
หนองป่าครั่ง, เมืองเชียงใหม่,
เชียงใหม่
฿2,553,000
฿1,295/เดือน
16
6%
1 ห้องนอน
1 ห้องน้ำ
37 ตรม. พื้นที่ใช้สอย
3 ชั้น
ธ.ค. 2560 สร้างเสร็จแล้ว
ขาย คอนโด 1 ห้องนอน ในโครงการ The Treasure (เดอะ เทรเชอร์)
อสังหาริมทรัพย์นี้เป็น คอนโด สำหรับขาย ขนาด 1 ห้องนอน มีพื้นที่ใช้สอย 37 ตรม. ซึ่งยูนิตนี้อยู่ในโครงการ เดอะ เทรเชอร์ บนทำเลของ หนองป่าครั่ง, เชียงใหม่ และสร้างเสร็จแล้วเมื่อ ธ.ค. 2560 ซึ่งคุณสามารถซื้อ คอนโด นี้ได้ที่ราคา ฿2,553,000 (฿69,000/ตรม.)"
https://www.fazwaz.co.th/%E0%B8%82%E0%B8%B2%E0%B8%A2%E0%B8%9A%E0%B9%89%E0%B8%B2%E0%B8%99/%E0%B8%82%E0%B8%B2%E0%B8%A2-%E0%B8%84%E0%B8%AD%E0%B8%99%E0%B9%82%E0%B8%94-1-%E0%B8%AB%E0%B9%89%E0%B8%AD%E0%B8%87%E0%B8%99%E0%B8%AD%E0%B8%99-%E0%B8%97%E0%B8%B5%E0%B9%88-%E0%B9%80%E0%B8%94%E0%B8%AD%E0%B8%B0-%E0%B9%80%E0%B8%97%E0%B8%A3%E0%B9%80%E0%B8%8A%E0%B8%AD%E0%B8%A3%E0%B9%8C-%E0%B9%83%E0%B8%99-%E0%B8%AB%E0%B8%99%E0%B8%AD%E0%B8%87%E0%B8%9B%E0%B9%88%E0%B8%B2%E0%B8%84%E0%B8%A3%E0%B8%B1%E0%B9%88%E0%B8%87-%E0%B9%80%E0%B8%8A%E0%B8%B5%E0%B8%A2%E0%B8%87%E0%B9%83%E0%B8%AB%E0%B8%A1%E0%B9%88-u1843964,"ขาย คอนโด 1 ห้องนอน ในโครงการ The Treasure (เดอะ เทรเชอร์)
หนองป่าครั่ง, เมืองเชียงใหม่,
เชียงใหม่
฿2,800,000
฿1,298/เดือน
16
6%
1 ห้องนอน
1 ห้องน้ำ
37.09 ตรม. พื้นที่ใช้สอย
2 ชั้น
ธ.ค. 2560 สร้างเสร็จแล้ว
ขาย คอนโด 1 ห้องนอน ในโครงการ The Treasure (เดอะ เทรเชอร์)
อสังหาริมทรัพย์นี้เป็น คอนโด สำหรับขาย ขนาด 1 ห้องนอน มีพื้นที่ใช้สอย 37.09 ตรม. ซึ่งยูนิตนี้อยู่ในโครงการ เดอะ เทรเชอร์ บนทำเลของ หนองป่าครั่ง, เชียงใหม่ และสร้างเสร็จแล้วเมื่อ ธ.ค. 2560 ซึ่งคุณสามารถซื้อ คอนโด นี้ได้ที่ราคา ฿2,800,000 (฿75,492/ตรม.)
ขายคอนโด The Treasure ใกล้สถานฑูตอเมริกัน (ใหม่)
ขายคอนโด The Treasure ใกล้สถานฑูตอเมริกัน (ใหม่) ใกล้ รพ กรุงเทพ ใกล้มหาวิทยาลัยพายัพ ใกล้เซนทรัลเฟสติวัล ราคา 2.8 ล้าน พร้อมเฟอร์นิเจอร์"
https://www.fazwaz.co.th/%E0%B8%82%E0%B8%B2%E0%B8%A2%E0%B8%9A%E0%B9%89%E0%B8%B2%E0%B8%99/%E0%B8%82%E0%B8%B2%E0%B8%A2-%E0%B8%84%E0%B8%AD%E0%B8%99%E0%B9%82%E0%B8%94-1-%E0%B8%AB%E0%B9%89%E0%B8%AD%E0%B8%87%E0%B8%99%E0%B8%AD%E0%B8%99-%E0%B8%97%E0%B8%B5%E0%B9%88-%E0%B9%80%E0%B8%94%E0%B8%AD%E0%B8%B0-%E0%B9%80%E0%B8%97%E0%B8%A3%E0%B9%80%E0%B8%8A%E0%B8%AD%E0%B8%A3%E0%B9%8C-%E0%B9%83%E0%B8%99-%E0%B8%AB%E0%B8%99%E0%B8%AD%E0%B8%87%E0%B8%9B%E0%B9%88%E0%B8%B2%E0%B8%84%E0%B8%A3%E0%B8%B1%E0%B9%88%E0%B8%87-%E0%B9%80%E0%B8%8A%E0%B8%B5%E0%B8%A2%E0%B8%87%E0%B9%83%E0%B8%AB%E0%B8%A1%E0%B9%88-u1846644,"ขาย คอนโด 1 ห้องนอน ในโครงการ The Treasure (เดอะ เทรเชอร์)
หนองป่าครั่ง, เมืองเชียงใหม่,
เชียงใหม่
฿2,500,000
฿1,187/เดือน
16
6%
1 ห้องนอน
1 ห้องน้ำ
33.90 ตรม. พื้นที่ใช้สอย
4 ชั้น
ธ.ค. 2560 สร้างเสร็จแล้ว
ขาย คอนโด 1 ห้องนอน ในโครงการ The Treasure (เดอะ เทรเชอร์)
อสังหาริมทรัพย์นี้เป็น คอนโด สำหรับขาย ขนาด 1 ห้องนอน มีพื้นที่ใช้สอย 33.90 ตรม. ซึ่งยูนิตนี้อยู่ในโครงการ เดอะ เทรเชอร์ บนทำเลของ หนองป่าครั่ง, เชียงใหม่ และสร้างเสร็จแล้วเมื่อ ธ.ค. 2560 ซึ่งคุณสามารถซื้อ คอนโด นี้ได้ที่ราคา ฿2,500,000 (฿73,746/ตรม.)
ขายคอนโด ข้างเซ็นทรัลเฟสติวัลเชียงใหม่
ครัว ซิงค์ เตาไฟฟ้าพร้อม เครื่องดูดควันเครื่องทำน้ำอุ่นล็อกเกอร์ส่วนตัวมุ้งกันแมลงแอร์ 2 เครื่องผ้าม่านเตียงที่นอน"
https://www.fazwaz.co.th/%E0%B8%82%E0%B8%B2%E0%B8%A2%E0%B8%9A%E0%B9%89%E0%B8%B2%E0%B8%99/%E0%B8%82%E0%B8%B2%E0%B8%A2-%E0%B8%84%E0%B8%AD%E0%B8%99%E0%B9%82%E0%B8%94-1-%E0%B8%AB%E0%B9%89%E0%B8%AD%E0%B8%87%E0%B8%99%E0%B8%AD%E0%B8%99-%E0%B8%97%E0%B8%B5%E0%B9%88-%E0%B9%80%E0%B8%94%E0%B8%AD%E0%B8%B0-%E0%B9%80%E0%B8%97%E0%B8%A3%E0%B9%80%E0%B8%8A%E0%B8%AD%E0%B8%A3%E0%B9%8C-%E0%B9%83%E0%B8%99-%E0%B8%AB%E0%B8%99%E0%B8%AD%E0%B8%87%E0%B8%9B%E0%B9%88%E0%B8%B2%E0%B8%84%E0%B8%A3%E0%B8%B1%E0%B9%88%E0%B8%87-%E0%B9%80%E0%B8%8A%E0%B8%B5%E0%B8%A2%E0%B8%87%E0%B9%83%E0%B8%AB%E0%B8%A1%E0%B9%88-u1881300,"ขาย คอนโด 1 ห้องนอน ในโครงการ The Treasure (เดอะ เทรเชอร์)
หนองป่าครั่ง, เมืองเชียงใหม่,
เชียงใหม่
฿2,190,000
฿1,050/เดือน
฿12,000/เดือน
15
7%
1 ห้องนอน
1 ห้องน้ำ
30 ตรม. พื้นที่ใช้สอย
2 ชั้น
ธ.ค. 2560 สร้างเสร็จแล้ว
ขาย คอนโด 1 ห้องนอน ในโครงการ The Treasure (เดอะ เทรเชอร์)
อสังหาริมทรัพย์นี้เป็น คอนโด สำหรับขาย ขนาด 1 ห้องนอน มีพื้นที่ใช้สอย 30 ตรม. ซึ่งยูนิตนี้อยู่ในโครงการ เดอะ เทรเชอร์ บนทำเลของ หนองป่าครั่ง, เชียงใหม่ และสร้างเสร็จแล้วเมื่อ ธ.ค. 2560 ซึ่งคุณสามารถซื้อ คอนโด ได้ที่ราคา ฿2,190,000 (฿73,000/ตรม.) หรือทำสัญญาเช่าระยะยาว ที่ราคาค่าเช่า ฿12,000 ต่อเดือน"
https://www.fazwaz.co.th/%E0%B8%82%E0%B8%B2%E0%B8%A2%E0%B8%9A%E0%B9%89%E0%B8%B2%E0%B8%99/%E0%B8%82%E0%B8%B2%E0%B8%A2-%E0%B8%84%E0%B8%AD%E0%B8%99%E0%B9%82%E0%B8%94-1-%E0%B8%AB%E0%B9%89%E0%B8%AD%E0%B8%87%E0%B8%99%E0%B8%AD%E0%B8%99-%E0%B8%97%E0%B8%B5%E0%B9%88-%E0%B9%80%E0%B8%94%E0%B8%AD%E0%B8%B0-%E0%B9%80%E0%B8%97%E0%B8%A3%E0%B9%80%E0%B8%8A%E0%B8%AD%E0%B8%A3%E0%B9%8C-%E0%B9%83%E0%B8%99-%E0%B8%AB%E0%B8%99%E0%B8%AD%E0%B8%87%E0%B8%9B%E0%B9%88%E0%B8%B2%E0%B8%84%E0%B8%A3%E0%B8%B1%E0%B9%88%E0%B8%87-%E0%B9%80%E0%B8%8A%E0%B8%B5%E0%B8%A2%E0%B8%87%E0%B9%83%E0%B8%AB%E0%B8%A1%E0%B9%88-u1884528,"ขาย คอนโด 1 ห้องนอน ในโครงการ The Treasure (เดอะ เทรเชอร์)
หนองป่าครั่ง, เมืองเชียงใหม่,
เชียงใหม่
฿2,250,000
฿1,190/เดือน
16
6%
1 ห้องนอน
1 ห้องน้ำ
34 ตรม. พื้นที่ใช้สอย
8 ชั้น
ธ.ค. 2560 สร้างเสร็จแล้ว
ขาย คอนโด 1 ห้องนอน ในโครงการ The Treasure (เดอะ เทรเชอร์)
อสังหาริมทรัพย์นี้เป็น คอนโด สำหรับขาย ขนาด 1 ห้องนอน มีพื้นที่ใช้สอย 34 ตรม. ซึ่งยูนิตนี้อยู่ในโครงการ เดอะ เทรเชอร์ บนทำเลของ หนองป่าครั่ง, เชียงใหม่ และสร้างเสร็จแล้วเมื่อ ธ.ค. 2560 ซึ่งคุณสามารถซื้อ คอนโด นี้ได้ที่ราคา ฿2,250,000 (฿66,176/ตรม.)"
https://www.fazwaz.co.th/%E0%B8%82%E0%B8%B2%E0%B8%A2%E0%B8%9A%E0%B9%89%E0%B8%B2%E0%B8%99/%E0%B8%82%E0%B8%B2%E0%B8%A2-%E0%B8%84%E0%B8%AD%E0%B8%99%E0%B9%82%E0%B8%94-1-%E0%B8%AB%E0%B9%89%E0%B8%AD%E0%B8%87%E0%B8%99%E0%B8%AD%E0%B8%99-%E0%B8%97%E0%B8%B5%E0%B9%88-%E0%B9%80%E0%B8%94%E0%B8%AD%E0%B8%B0-%E0%B9%80%E0%B8%97%E0%B8%A3%E0%B9%80%E0%B8%8A%E0%B8%AD%E0%B8%A3%E0%B9%8C-%E0%B9%83%E0%B8%99-%E0%B8%AB%E0%B8%99%E0%B8%AD%E0%B8%87%E0%B8%9B%E0%B9%88%E0%B8%B2%E0%B8%84%E0%B8%A3%E0%B8%B1%E0%B9%88%E0%B8%87-%E0%B9%80%E0%B8%8A%E0%B8%B5%E0%B8%A2%E0%B8%87%E0%B9%83%E0%B8%AB%E0%B8%A1%E0%B9%88-u1895968,"ขาย คอนโด 1 ห้องนอน ในโครงการ The Treasure (เดอะ เทรเชอร์)
หนองป่าครั่ง, เมืองเชียงใหม่,
เชียงใหม่
฿2,550,000
฿1,190/เดือน
16
6%
1 ห้องนอน
1 ห้องน้ำ
34 ตรม. พื้นที่ใช้สอย
8 ชั้น
ธ.ค. 2560 สร้างเสร็จแล้ว
ขาย คอนโด 1 ห้องนอน ในโครงการ The Treasure (เดอะ เทรเชอร์)
อสังหาริมทรัพย์นี้เป็น คอนโด สำหรับขาย ขนาด 1 ห้องนอน มีพื้นที่ใช้สอย 34 ตรม. ซึ่งยูนิตนี้อยู่ในโครงการ เดอะ เทรเชอร์ บนทำเลของ หนองป่าครั่ง, เชียงใหม่ และสร้างเสร็จแล้วเมื่อ ธ.ค. 2560 ซึ่งคุณสามารถซื้อ คอนโด นี้ได้ที่ราคา ฿2,550,000 (฿75,000/ตรม.)

เดอะเทรเชอร์คอนโดB เชียงใหม่
ชั้น 8
1 ห้องนอน
แสดงเพิ่มเติม"
https://www.fazwaz.co.th/%E0%B8%82%E0%B8%B2%E0%B8%A2%E0%B8%9A%E0%B9%89%E0%B8%B2%E0%B8%99/%E0%B8%82%E0%B8%B2%E0%B8%A2-%E0%B8%84%E0%B8%AD%E0%B8%99%E0%B9%82%E0%B8%94-1-%E0%B8%AB%E0%B9%89%E0%B8%AD%E0%B8%87%E0%B8%99%E0%B8%AD%E0%B8%99-%E0%B8%97%E0%B8%B5%E0%B9%88-%E0%B9%80%E0%B8%94%E0%B8%AD%E0%B8%B0-%E0%B9%80%E0%B8%97%E0%B8%A3%E0%B9%80%E0%B8%8A%E0%B8%AD%E0%B8%A3%E0%B9%8C-%E0%B9%83%E0%B8%99-%E0%B8%AB%E0%B8%99%E0%B8%AD%E0%B8%87%E0%B8%9B%E0%B9%88%E0%B8%B2%E0%B8%84%E0%B8%A3%E0%B8%B1%E0%B9%88%E0%B8%87-%E0%B9%80%E0%B8%8A%E0%B8%B5%E0%B8%A2%E0%B8%87%E0%B9%83%E0%B8%AB%E0%B8%A1%E0%B9%88-u5359365,"ขาย คอนโด 1 ห้องนอน ในโครงการ The Treasure (เดอะ เทรเชอร์)
หนองป่าครั่ง, เมืองเชียงใหม่,
เชียงใหม่
฿2,250,000
฿1,050/เดือน
฿13,000/เดือน
14
7%
1 ห้องนอน
1 ห้องน้ำ
30 ตรม. พื้นที่ใช้สอย
3 ชั้น
ธ.ค. 2560 สร้างเสร็จแล้ว
ขาย คอนโด 1 ห้องนอน ในโครงการ The Treasure (เดอะ เทรเชอร์)
อสังหาริมทรัพย์นี้เป็น คอนโด สำหรับขาย ขนาด 1 ห้องนอน มีพื้นที่ใช้สอย 30 ตรม. ซึ่งยูนิตนี้อยู่ในโครงการ เดอะ เทรเชอร์ บนทำเลของ หนองป่าครั่ง, เชียงใหม่ และสร้างเสร็จแล้วเมื่อ ธ.ค. 2560 ซึ่งคุณสามารถซื้อ คอนโด ได้ที่ราคา ฿2,250,000 (฿75,000/ตรม.) หรือทำสัญญาเช่าระยะยาว ที่ราคาค่าเช่า ฿13,000 ต่อเดือน"
https://www.fazwaz.co.th/%E0%B8%82%E0%B8%B2%E0%B8%A2%E0%B8%9A%E0%B9%89%E0%B8%B2%E0%B8%99/%E0%B8%82%E0%B8%B2%E0%B8%A2-%E0%B8%84%E0%B8%AD%E0%B8%99%E0%B9%82%E0%B8%94-1-%E0%B8%AB%E0%B9%89%E0%B8%AD%E0%B8%87%E0%B8%99%E0%B8%AD%E0%B8%99-%E0%B8%97%E0%B8%B5%E0%B9%88-%E0%B9%80%E0%B8%94%E0%B8%AD%E0%B8%B0-%E0%B9%80%E0%B8%97%E0%B8%A3%E0%B9%80%E0%B8%8A%E0%B8%AD%E0%B8%A3%E0%B9%8C-%E0%B9%83%E0%B8%99-%E0%B8%AB%E0%B8%99%E0%B8%AD%E0%B8%87%E0%B8%9B%E0%B9%88%E0%B8%B2%E0%B8%84%E0%B8%A3%E0%B8%B1%E0%B9%88%E0%B8%87-%E0%B9%80%E0%B8%8A%E0%B8%B5%E0%B8%A2%E0%B8%87%E0%B9%83%E0%B8%AB%E0%B8%A1%E0%B9%88-u5612872,"ขาย คอนโด 1 ห้องนอน ในโครงการ The Treasure (เดอะ เทรเชอร์)
หนองป่าครั่ง, เมืองเชียงใหม่,
เชียงใหม่
฿2,950,000
฿1,575/เดือน
16
6%
1 ห้องนอน
1 ห้องน้ำ
45 ตรม. พื้นที่ใช้สอย
3 ชั้น
ธ.ค. 2560 สร้างเสร็จแล้ว
ขาย คอนโด 1 ห้องนอน ในโครงการ The Treasure (เดอะ เทรเชอร์)
อสังหาริมทรัพย์นี้เป็น คอนโด สำหรับขาย ขนาด 1 ห้องนอน มีพื้นที่ใช้สอย 45 ตรม. ซึ่งยูนิตนี้อยู่ในโครงการ เดอะ เทรเชอร์ บนทำเลของ หนองป่าครั่ง, เชียงใหม่ และสร้างเสร็จแล้วเมื่อ ธ.ค. 2560 ซึ่งคุณสามารถซื้อ คอนโด นี้ได้ที่ราคา ฿2,950,000 (฿65,556/ตรม.)"
https://www.fazwaz.co.th/%E0%B8%82%E0%B8%B2%E0%B8%A2%E0%B8%9A%E0%B9%89%E0%B8%B2%E0%B8%99/%E0%B8%82%E0%B8%B2%E0%B8%A2-%E0%B8%84%E0%B8%AD%E0%B8%99%E0%B9%82%E0%B8%94-1-%E0%B8%AB%E0%B9%89%E0%B8%AD%E0%B8%87%E0%B8%99%E0%B8%AD%E0%B8%99-%E0%B8%97%E0%B8%B5%E0%B9%88-%E0%B9%80%E0%B8%94%E0%B8%AD%E0%B8%B0-%E0%B9%80%E0%B8%97%E0%B8%A3%E0%B9%80%E0%B8%8A%E0%B8%AD%E0%B8%A3%E0%B9%8C-%E0%B9%83%E0%B8%99-%E0%B8%AB%E0%B8%99%E0%B8%AD%E0%B8%87%E0%B8%9B%E0%B9%88%E0%B8%B2%E0%B8%84%E0%B8%A3%E0%B8%B1%E0%B9%88%E0%B8%87-%E0%B9%80%E0%B8%8A%E0%B8%B5%E0%B8%A2%E0%B8%87%E0%B9%83%E0%B8%AB%E0%B8%A1%E0%B9%88-u5795013,"ขาย คอนโด 1 ห้องนอน ในโครงการ The Treasure (เดอะ เทรเชอร์)
หนองป่าครั่ง, เมืองเชียงใหม่,
เชียงใหม่
฿2,500,000
฿1,225/เดือน
16
6%
1 ห้องนอน
1 ห้องน้ำ
35 ตรม. พื้นที่ใช้สอย
8 ชั้น
ธ.ค. 2560 สร้างเสร็จแล้ว
ขาย คอนโด 1 ห้องนอน ในโครงการ The Treasure (เดอะ เทรเชอร์)
อสังหาริมทรัพย์นี้เป็น คอนโด สำหรับขาย ขนาด 1 ห้องนอน มีพื้นที่ใช้สอย 35 ตรม. ซึ่งยูนิตนี้อยู่ในโครงการ เดอะ เทรเชอร์ บนทำเลของ หนองป่าครั่ง, เชียงใหม่ และสร้างเสร็จแล้วเมื่อ ธ.ค. 2560 ซึ่งคุณสามารถซื้อ คอนโด นี้ได้ที่ราคา ฿2,500,000 (฿71,429/ตรม.)"
https://www.fazwaz.co.th/%E0%B8%82%E0%B8%B2%E0%B8%A2%E0%B8%9A%E0%B9%89%E0%B8%B2%E0%B8%99/%E0%B8%82%E0%B8%B2%E0%B8%A2-%E0%B8%84%E0%B8%AD%E0%B8%99%E0%B9%82%E0%B8%94-1-%E0%B8%AB%E0%B9%89%E0%B8%AD%E0%B8%87%E0%B8%99%E0%B8%AD%E0%B8%99-%E0%B8%97%E0%B8%B5%E0%B9%88-%E0%B9%80%E0%B8%94%E0%B8%AD%E0%B8%B0-%E0%B9%80%E0%B8%97%E0%B8%A3%E0%B9%80%E0%B8%8A%E0%B8%AD%E0%B8%A3%E0%B9%8C-%E0%B9%83%E0%B8%99-%E0%B8%AB%E0%B8%99%E0%B8%AD%E0%B8%87%E0%B8%9B%E0%B9%88%E0%B8%B2%E0%B8%84%E0%B8%A3%E0%B8%B1%E0%B9%88%E0%B8%87-%E0%B9%80%E0%B8%8A%E0%B8%B5%E0%B8%A2%E0%B8%87%E0%B9%83%E0%B8%AB%E0%B8%A1%E0%B9%88-u5821018,"ขาย คอนโด 1 ห้องนอน ในโครงการ The Treasure (เดอะ เทรเชอร์)
หนองป่าครั่ง, เมืองเชียงใหม่,
เชียงใหม่
฿2,490,000
฿1,225/เดือน
16
6%
1 ห้องนอน
1 ห้องน้ำ
35 ตรม. พื้นที่ใช้สอย
8 ชั้น
ธ.ค. 2560 สร้างเสร็จแล้ว
ขาย คอนโด 1 ห้องนอน ในโครงการ The Treasure (เดอะ เทรเชอร์)
อสังหาริมทรัพย์นี้เป็น คอนโด สำหรับขาย ขนาด 1 ห้องนอน มีพื้นที่ใช้สอย 35 ตรม. ซึ่งยูนิตนี้อยู่ในโครงการ เดอะ เทรเชอร์ บนทำเลของ หนองป่าครั่ง, เชียงใหม่ และสร้างเสร็จแล้วเมื่อ ธ.ค. 2560 ซึ่งคุณสามารถซื้อ คอนโด นี้ได้ที่ราคา ฿2,490,000 (฿71,143/ตรม.)
1 bedrooms 1bathroom Condo for sale
For Sale: The Treasure Condominium, Chiang Mai
📍 8th Floor | 35 sq.m. | Doi Suthep View
💰 Price: 2.49 Million THB (Transfer fee included).
Fully furnished and equipped with all electrical appliances.   🏊‍♂️ Facilities:
  📌 Nearby Places:  
แสดงเพิ่มเติม"
https://www.fazwaz.co.th/%E0%B8%82%E0%B8%B2%E0%B8%A2%E0%B8%9A%E0%B9%89%E0%B8%B2%E0%B8%99/%E0%B8%82%E0%B8%B2%E0%B8%A2-%E0%B8%84%E0%B8%AD%E0%B8%99%E0%B9%82%E0%B8%94-1-%E0%B8%AB%E0%B9%89%E0%B8%AD%E0%B8%87%E0%B8%99%E0%B8%AD%E0%B8%99-%E0%B8%97%E0%B8%B5%E0%B9%88-%E0%B9%80%E0%B8%94%E0%B8%AD%E0%B8%B0-%E0%B9%80%E0%B8%99%E0%B9%87%E0%B8%81%E0%B8%8B%E0%B9%8C-%E0%B8%A3%E0%B8%A7%E0%B8%A1%E0%B9%82%E0%B8%8A%E0%B8%84-%E0%B8%8B%E0%B8%B4%E0%B8%95%E0%B8%B5%E0%B9%89%E0%B8%AE%E0%B8%AD%E0%B8%A5%E0%B8%A5%E0%B9%8C-%E0%B9%83%E0%B8%99-%E0%B8%9F%E0%B9%89%E0%B8%B2%E0%B8%AE%E0%B9%88%E0%B8%B2%E0%B8%A1-%E0%B9%80%E0%B8%8A%E0%B8%B5%E0%B8%A2%E0%B8%87%E0%B9%83%E0%B8%AB%E0%B8%A1%E0%B9%88-u1910172,"ขาย คอนโด 1 ห้องนอน ในโครงการ The Next Ruamchok - City Hall (เดอะ เน็กซ์ รวมโชค-ซิตี้ฮอลล์)
ฟ้าฮ่าม, เมืองเชียงใหม่,
เชียงใหม่
฿2,200,000
15
7%
1 ห้องนอน
1 ห้องน้ำ
27 ตรม. พื้นที่ใช้สอย
ส.ค. 2567 สร้างเสร็จแล้ว
ขาย คอนโด 1 ห้องนอน ในโครงการ The Next Ruamchok - City Hall (เดอะ เน็กซ์ รวมโชค-ซิตี้ฮอลล์)
อสังหาริมทรัพย์นี้เป็น คอนโด สำหรับขาย ขนาด 1 ห้องนอน มีพื้นที่ใช้สอย 27 ตรม. ซึ่งยูนิตนี้อยู่ในโครงการ เดอะ เน็กซ์ รวมโชค-ซิตี้ฮอลล์ บนทำเลของ ฟ้าฮ่าม, เชียงใหม่ และสร้างเสร็จแล้วเมื่อ ส.ค. 2567 ซึ่งคุณสามารถซื้อ คอนโด นี้ได้ที่ราคา ฿2,200,000 (฿81,481/ตรม.)"
https://www.fazwaz.co.th/%E0%B8%82%E0%B8%B2%E0%B8%A2%E0%B8%9A%E0%B9%89%E0%B8%B2%E0%B8%99/%E0%B8%82%E0%B8%B2%E0%B8%A2-%E0%B8%84%E0%B8%AD%E0%B8%99%E0%B9%82%E0%B8%94-1-%E0%B8%AB%E0%B9%89%E0%B8%AD%E0%B8%87%E0%B8%99%E0%B8%AD%E0%B8%99-%E0%B8%97%E0%B8%B5%E0%B9%88-%E0%B9%80%E0%B8%94%E0%B8%AD%E0%B8%B0-%E0%B9%80%E0%B8%99%E0%B9%87%E0%B8%81%E0%B8%8B%E0%B9%8C-%E0%B8%A3%E0%B8%A7%E0%B8%A1%E0%B9%82%E0%B8%8A%E0%B8%84-%E0%B8%8B%E0%B8%B4%E0%B8%95%E0%B8%B5%E0%B9%89%E0%B8%AE%E0%B8%AD%E0%B8%A5%E0%B8%A5%E0%B9%8C-%E0%B9%83%E0%B8%99-%E0%B8%9F%E0%B9%89%E0%B8%B2%E0%B8%AE%E0%B9%88%E0%B8%B2%E0%B8%A1-%E0%B9%80%E0%B8%8A%E0%B8%B5%E0%B8%A2%E0%B8%87%E0%B9%83%E0%B8%AB%E0%B8%A1%E0%B9%88-u1910178,"ขาย คอนโด 1 ห้องนอน ในโครงการ The Next Ruamchok - City Hall (เดอะ เน็กซ์ รวมโชค-ซิตี้ฮอลล์)
ฟ้าฮ่าม, เมืองเชียงใหม่,
เชียงใหม่
฿3,200,000
15
7%
1 ห้องนอน
1 ห้องน้ำ
37 ตรม. พื้นที่ใช้สอย
ส.ค. 2567 สร้างเสร็จแล้ว
ขาย คอนโด 1 ห้องนอน ในโครงการ The Next Ruamchok - City Hall (เดอะ เน็กซ์ รวมโชค-ซิตี้ฮอลล์)
อสังหาริมทรัพย์นี้เป็น คอนโด สำหรับขาย ขนาด 1 ห้องนอน มีพื้นที่ใช้สอย 37 ตรม. ซึ่งยูนิตนี้อยู่ในโครงการ เดอะ เน็กซ์ รวมโชค-ซิตี้ฮอลล์ บนทำเลของ ฟ้าฮ่าม, เชียงใหม่ และสร้างเสร็จแล้วเมื่อ ส.ค. 2567 ซึ่งคุณสามารถซื้อ คอนโด นี้ได้ที่ราคา ฿3,200,000 (฿86,486/ตรม.)"
https://www.fazwaz.co.th/%E0%B8%82%E0%B8%B2%E0%B8%A2%E0%B8%9A%E0%B9%89%E0%B8%B2%E0%B8%99/%E0%B8%82%E0%B8%B2%E0%B8%A2-%E0%B8%84%E0%B8%AD%E0%B8%99%E0%B9%82%E0%B8%94-1-%E0%B8%AB%E0%B9%89%E0%B8%AD%E0%B8%87%E0%B8%99%E0%B8%AD%E0%B8%99-%E0%B8%97%E0%B8%B5%E0%B9%88-%E0%B9%80%E0%B8%94%E0%B8%AD%E0%B8%B0-%E0%B9%80%E0%B8%99%E0%B9%87%E0%B8%81%E0%B8%8B%E0%B9%8C-%E0%B8%A3%E0%B8%A7%E0%B8%A1%E0%B9%82%E0%B8%8A%E0%B8%84-%E0%B8%8B%E0%B8%B4%E0%B8%95%E0%B8%B5%E0%B9%89%E0%B8%AE%E0%B8%AD%E0%B8%A5%E0%B8%A5%E0%B9%8C-%E0%B9%83%E0%B8%99-%E0%B8%9F%E0%B9%89%E0%B8%B2%E0%B8%AE%E0%B9%88%E0%B8%B2%E0%B8%A1-%E0%B9%80%E0%B8%8A%E0%B8%B5%E0%B8%A2%E0%B8%87%E0%B9%83%E0%B8%AB%E0%B8%A1%E0%B9%88-u1910180,"ขาย คอนโด 1 ห้องนอน ในโครงการ The Next Ruamchok - City Hall (เดอะ เน็กซ์ รวมโชค-ซิตี้ฮอลล์)
ฟ้าฮ่าม, เมืองเชียงใหม่,
เชียงใหม่
฿3,200,000
15
7%
1 ห้องนอน
1 ห้องน้ำ
37 ตรม. พื้นที่ใช้สอย
ส.ค. 2567 สร้างเสร็จแล้ว
ขาย คอนโด 1 ห้องนอน ในโครงการ The Next Ruamchok - City Hall (เดอะ เน็กซ์ รวมโชค-ซิตี้ฮอลล์)
อสังหาริมทรัพย์นี้เป็น คอนโด สำหรับขาย ขนาด 1 ห้องนอน มีพื้นที่ใช้สอย 37 ตรม. ซึ่งยูนิตนี้อยู่ในโครงการ เดอะ เน็กซ์ รวมโชค-ซิตี้ฮอลล์ บนทำเลของ ฟ้าฮ่าม, เชียงใหม่ และสร้างเสร็จแล้วเมื่อ ส.ค. 2567 ซึ่งคุณสามารถซื้อ คอนโด นี้ได้ที่ราคา ฿3,200,000 (฿86,486/ตรม.)"
https://www.fazwaz.co.th/%E0%B8%82%E0%B8%B2%E0%B8%A2%E0%B8%9A%E0%B9%89%E0%B8%B2%E0%B8%99/%E0%B8%82%E0%B8%B2%E0%B8%A2-%E0%B8%84%E0%B8%AD%E0%B8%99%E0%B9%82%E0%B8%94-1-%E0%B8%AB%E0%B9%89%E0%B8%AD%E0%B8%87%E0%B8%99%E0%B8%AD%E0%B8%99-%E0%B8%97%E0%B8%B5%E0%B9%88-%E0%B9%80%E0%B8%94%E0%B8%AD%E0%B8%B0-%E0%B9%80%E0%B8%99%E0%B9%87%E0%B8%81%E0%B8%8B%E0%B9%8C-%E0%B9%80%E0%B8%88%E0%B9%87%E0%B8%94%E0%B8%A2%E0%B8%AD%E0%B8%94-%E0%B9%83%E0%B8%99-%E0%B8%8A%E0%B9%89%E0%B8%B2%E0%B8%87%E0%B9%80%E0%B8%9C%E0%B8%B7%E0%B8%AD%E0%B8%81-%E0%B9%80%E0%B8%8A%E0%B8%B5%E0%B8%A2%E0%B8%87%E0%B9%83%E0%B8%AB%E0%B8%A1%E0%B9%88-u1825790,"ขาย คอนโด 1 ห้องนอน ในโครงการ The Next Jedyod (เดอะ เน็กซ์ เจ็ดยอด)
ช้างเผือก, เมืองเชียงใหม่,
เชียงใหม่
฿2,200,000
฿1,260/เดือน
1 ห้องนอน
1 ห้องน้ำ
28 ตรม. พื้นที่ใช้สอย
2 ชั้น
พ.ย. 2563 สร้างเสร็จแล้ว
ขาย คอนโด 1 ห้องนอน ในโครงการ The Next Jedyod (เดอะ เน็กซ์ เจ็ดยอด)
อสังหาริมทรัพย์นี้เป็น คอนโด สำหรับขาย ขนาด 1 ห้องนอน มีพื้นที่ใช้สอย 28 ตรม. ซึ่งยูนิตนี้อยู่ในโครงการ เดอะ เน็กซ์ เจ็ดยอด บนทำเลของ ช้างเผือก, เชียงใหม่ และสร้างเสร็จแล้วเมื่อ พ.ย. 2563 ซึ่งคุณสามารถซื้อ คอนโด นี้ได้ที่ราคา ฿2,200,000 (฿78,571/ตรม.)

TheNext Jedyod   เดอะเน็กซ์ เจ็ดยอด พร้อมเข้าอยู่ คอนโดใหม่ขนาด 28 ตรม Studio 1 ห้องนอน 1ห้องน้ำ เฟอร์ครบจบที่เดียว เดินทางสะดวกใกล้สนามบินเพียง 5 นาที คอนโดบนทำเลศักยภาพ ใกล้แหล่ง Lifestyle at One Nimman   ห้างเมญ่า เปลี่ยนทุกอย่างให้สะดวกและง่าย ๆ ได้ที่นี่ เครดิตดีมีเงินเหลือหลักแสน เพียง 1 นาที ถึง มหาวิทยาลัยเทคโนโลยีราชมงคลลานนา  เพียง 3 นาที ถึงนิมมานเหมินทร์  เพียง 5 นาที ถึงสนามบินเชียงใหม่  ใกล้ รพ.มหาราชนครเชียงใหม่"
https://www.fazwaz.co.th/%E0%B8%82%E0%B8%B2%E0%B8%A2%E0%B8%9A%E0%B9%89%E0%B8%B2%E0%B8%99/%E0%B8%82%E0%B8%B2%E0%B8%A2-%E0%B8%84%E0%B8%AD%E0%B8%99%E0%B9%82%E0%B8%94-1-%E0%B8%AB%E0%B9%89%E0%B8%AD%E0%B8%87%E0%B8%99%E0%B8%AD%E0%B8%99-%E0%B8%97%E0%B8%B5%E0%B9%88-%E0%B9%80%E0%B8%94%E0%B8%AD%E0%B8%B0-%E0%B9%80%E0%B8%99%E0%B9%87%E0%B8%81%E0%B8%8B%E0%B9%8C-1-%E0%B8%84%E0%B8%AD%E0%B8%99%E0%B9%82%E0%B8%94%E0%B8%A1%E0%B8%B4%E0%B9%80%E0%B8%99%E0%B8%B5%E0%B8%A2%E0%B8%A1-%E0%B9%83%E0%B8%99-%E0%B8%9F%E0%B9%89%E0%B8%B2%E0%B8%AE%E0%B9%88%E0%B8%B2%E0%B8%A1-%E0%B9%80%E0%B8%8A%E0%B8%B5%E0%B8%A2%E0%B8%87%E0%B9%83%E0%B8%AB%E0%B8%A1%E0%B9%88-u5691228,"ขาย คอนโด 1 ห้องนอน ในโครงการ The Next 1 Condominium (เดอะ เน็กซ์ 1 คอนโดมิเนียม )
ฟ้าฮ่าม, เมืองเชียงใหม่,
เชียงใหม่
฿1,690,000
16
6%
1 ห้องนอน
1 ห้องน้ำ
32 ตรม. พื้นที่ใช้สอย
3 ชั้น
มี.ค. 2560 สร้างเสร็จแล้ว
ขาย คอนโด 1 ห้องนอน ในโครงการ The Next 1 Condominium (เดอะ เน็กซ์ 1 คอนโดมิเนียม )
อสังหาริมทรัพย์นี้เป็น คอนโด สำหรับขาย ขนาด 1 ห้องนอน มีพื้นที่ใช้สอย 32 ตรม. ซึ่งยูนิตนี้อยู่ในโครงการ เดอะ เน็กซ์ 1 คอนโดมิเนียม บนทำเลของ ฟ้าฮ่าม, เชียงใหม่ และสร้างเสร็จแล้วเมื่อ มี.ค. 2560 ซึ่งคุณสามารถซื้อ คอนโด นี้ได้ที่ราคา ฿1,690,000 (฿52,813/ตรม.)"
https://www.fazwaz.co.th/%E0%B8%82%E0%B8%B2%E0%B8%A2%E0%B8%9A%E0%B9%89%E0%B8%B2%E0%B8%99/%E0%B8%82%E0%B8%B2%E0%B8%A2-%E0%B8%84%E0%B8%AD%E0%B8%99%E0%B9%82%E0%B8%94-1-%E0%B8%AB%E0%B9%89%E0%B8%AD%E0%B8%87%E0%B8%99%E0%B8%AD%E0%B8%99-%E0%B8%97%E0%B8%B5%E0%B9%88-%E0%B9%80%E0%B8%94%E0%B8%AD%E0%B8%B0-%E0%B9%80%E0%B8%99%E0%B9%87%E0%B8%81%E0%B8%8B%E0%B9%8C-1-%E0%B8%84%E0%B8%AD%E0%B8%99%E0%B9%82%E0%B8%94%E0%B8%A1%E0%B8%B4%E0%B9%80%E0%B8%99%E0%B8%B5%E0%B8%A2%E0%B8%A1-%E0%B9%83%E0%B8%99-%E0%B8%9F%E0%B9%89%E0%B8%B2%E0%B8%AE%E0%B9%88%E0%B8%B2%E0%B8%A1-%E0%B9%80%E0%B8%8A%E0%B8%B5%E0%B8%A2%E0%B8%87%E0%B9%83%E0%B8%AB%E0%B8%A1%E0%B9%88-u5833090,"ขาย คอนโด 1 ห้องนอน ในโครงการ The Next 1 Condominium (เดอะ เน็กซ์ 1 คอนโดมิเนียม )
ฟ้าฮ่าม, เมืองเชียงใหม่,
เชียงใหม่
฿1,650,000
16
6%
1 ห้องนอน
1 ห้องน้ำ
30 ตรม. พื้นที่ใช้สอย
2 ชั้น
มี.ค. 2560 สร้างเสร็จแล้ว
ขาย คอนโด 1 ห้องนอน ในโครงการ The Next 1 Condominium (เดอะ เน็กซ์ 1 คอนโดมิเนียม )
อสังหาริมทรัพย์นี้เป็น คอนโด สำหรับขาย ขนาด 1 ห้องนอน มีพื้นที่ใช้สอย 30 ตรม. ซึ่งยูนิตนี้อยู่ในโครงการ เดอะ เน็กซ์ 1 คอนโดมิเนียม บนทำเลของ ฟ้าฮ่าม, เชียงใหม่ และสร้างเสร็จแล้วเมื่อ มี.ค. 2560 ซึ่งคุณสามารถซื้อ คอนโด นี้ได้ที่ราคา ฿1,650,000 (฿55,000/ตรม.)"
https://www.fazwaz.co.th/%E0%B8%82%E0%B8%B2%E0%B8%A2%E0%B8%9A%E0%B9%89%E0%B8%B2%E0%B8%99/%E0%B8%82%E0%B8%B2%E0%B8%A2-%E0%B8%84%E0%B8%AD%E0%B8%99%E0%B9%82%E0%B8%94-1-%E0%B8%AB%E0%B9%89%E0%B8%AD%E0%B8%87%E0%B8%99%E0%B8%AD%E0%B8%99-%E0%B8%97%E0%B8%B5%E0%B9%88-%E0%B9%80%E0%B8%94%E0%B8%AD%E0%B8%B0-%E0%B9%80%E0%B8%99%E0%B9%87%E0%B8%81%E0%B8%8B-%E0%B9%80%E0%B8%88%E0%B9%87%E0%B8%94%E0%B8%A2%E0%B8%AD%E0%B8%94-2-%E0%B9%83%E0%B8%99-%E0%B8%8A%E0%B9%89%E0%B8%B2%E0%B8%87%E0%B9%80%E0%B8%9C%E0%B8%B7%E0%B8%AD%E0%B8%81-%E0%B9%80%E0%B8%8A%E0%B8%B5%E0%B8%A2%E0%B8%87%E0%B9%83%E0%B8%AB%E0%B8%A1%E0%B9%88-u1953574,"ขาย คอนโด 1 ห้องนอน ในโครงการ The Next Jedyod 2 (เดอะ เน็กซ (เจ็ดยอด 2))
ช้างเผือก, เมืองเชียงใหม่,
เชียงใหม่
฿2,954,236
1 ห้องนอน
1 ห้องน้ำ
29.69 ตรม. พื้นที่ใช้สอย
1 ชั้น
พ.ย. 2567 สร้างเสร็จแล้ว
ขาย คอนโด 1 ห้องนอน ในโครงการ The Next Jedyod 2 (เดอะ เน็กซ (เจ็ดยอด 2))
อสังหาริมทรัพย์นี้เป็น คอนโด สำหรับขาย ขนาด 1 ห้องนอน มีพื้นที่ใช้สอย 29.69 ตรม. ซึ่งยูนิตนี้อยู่ในโครงการ เดอะ เน็กซ (เจ็ดยอด 2) บนทำเลของ ช้างเผือก, เชียงใหม่ และสร้างเสร็จแล้วเมื่อ พ.ย. 2567 ซึ่งคุณสามารถซื้อ คอนโด นี้ได้ที่ราคา ฿2,954,236 (฿99,503/ตรม.)"
https://www.fazwaz.co.th/%E0%B8%82%E0%B8%B2%E0%B8%A2%E0%B8%9A%E0%B9%89%E0%B8%B2%E0%B8%99/%E0%B8%82%E0%B8%B2%E0%B8%A2-%E0%B8%84%E0%B8%AD%E0%B8%99%E0%B9%82%E0%B8%94-1-%E0%B8%AB%E0%B9%89%E0%B8%AD%E0%B8%87%E0%B8%99%E0%B8%AD%E0%B8%99-%E0%B8%97%E0%B8%B5%E0%B9%88-%E0%B9%80%E0%B8%94%E0%B8%AD%E0%B8%B0-%E0%B9%80%E0%B8%99%E0%B9%87%E0%B8%81%E0%B8%8B-%E0%B9%80%E0%B8%88%E0%B9%87%E0%B8%94%E0%B8%A2%E0%B8%AD%E0%B8%94-2-%E0%B9%83%E0%B8%99-%E0%B8%8A%E0%B9%89%E0%B8%B2%E0%B8%87%E0%B9%80%E0%B8%9C%E0%B8%B7%E0%B8%AD%E0%B8%81-%E0%B9%80%E0%B8%8A%E0%B8%B5%E0%B8%A2%E0%B8%87%E0%B9%83%E0%B8%AB%E0%B8%A1%E0%B9%88-u1953578,"ขาย คอนโด 1 ห้องนอน ในโครงการ The Next Jedyod 2 (เดอะ เน็กซ (เจ็ดยอด 2))
ช้างเผือก, เมืองเชียงใหม่,
เชียงใหม่
฿2,764,000
1 ห้องนอน
1 ห้องน้ำ
28.69 ตรม. พื้นที่ใช้สอย
1 ชั้น
พ.ย. 2567 สร้างเสร็จแล้ว
ขาย คอนโด 1 ห้องนอน ในโครงการ The Next Jedyod 2 (เดอะ เน็กซ (เจ็ดยอด 2))
อสังหาริมทรัพย์นี้เป็น คอนโด สำหรับขาย ขนาด 1 ห้องนอน มีพื้นที่ใช้สอย 28.69 ตรม. ซึ่งยูนิตนี้อยู่ในโครงการ เดอะ เน็กซ (เจ็ดยอด 2) บนทำเลของ ช้างเผือก, เชียงใหม่ และสร้างเสร็จแล้วเมื่อ พ.ย. 2567 ซึ่งคุณสามารถซื้อ คอนโด นี้ได้ที่ราคา ฿2,764,000 (฿96,340/ตรม.)"
https://www.fazwaz.co.th/%E0%B8%82%E0%B8%B2%E0%B8%A2%E0%B8%9A%E0%B9%89%E0%B8%B2%E0%B8%99/%E0%B8%82%E0%B8%B2%E0%B8%A2-%E0%B8%84%E0%B8%AD%E0%B8%99%E0%B9%82%E0%B8%94-1-%E0%B8%AB%E0%B9%89%E0%B8%AD%E0%B8%87%E0%B8%99%E0%B8%AD%E0%B8%99-%E0%B8%97%E0%B8%B5%E0%B9%88-%E0%B9%80%E0%B8%94%E0%B8%AD%E0%B8%B0-%E0%B9%80%E0%B8%99%E0%B9%87%E0%B8%81%E0%B8%8B-%E0%B9%80%E0%B8%88%E0%B9%87%E0%B8%94%E0%B8%A2%E0%B8%AD%E0%B8%94-2-%E0%B9%83%E0%B8%99-%E0%B8%8A%E0%B9%89%E0%B8%B2%E0%B8%87%E0%B9%80%E0%B8%9C%E0%B8%B7%E0%B8%AD%E0%B8%81-%E0%B9%80%E0%B8%8A%E0%B8%B5%E0%B8%A2%E0%B8%87%E0%B9%83%E0%B8%AB%E0%B8%A1%E0%B9%88-u1953579,"ขาย คอนโด 1 ห้องนอน ในโครงการ The Next Jedyod 2 (เดอะ เน็กซ (เจ็ดยอด 2))
ช้างเผือก, เมืองเชียงใหม่,
เชียงใหม่
฿2,764,000
1 ห้องนอน
1 ห้องน้ำ
28.69 ตรม. พื้นที่ใช้สอย
1 ชั้น
พ.ย. 2567 สร้างเสร็จแล้ว
ขาย คอนโด 1 ห้องนอน ในโครงการ The Next Jedyod 2 (เดอะ เน็กซ (เจ็ดยอด 2))
อสังหาริมทรัพย์นี้เป็น คอนโด สำหรับขาย ขนาด 1 ห้องนอน มีพื้นที่ใช้สอย 28.69 ตรม. ซึ่งยูนิตนี้อยู่ในโครงการ เดอะ เน็กซ (เจ็ดยอด 2) บนทำเลของ ช้างเผือก, เชียงใหม่ และสร้างเสร็จแล้วเมื่อ พ.ย. 2567 ซึ่งคุณสามารถซื้อ คอนโด นี้ได้ที่ราคา ฿2,764,000 (฿96,340/ตรม.)"
https://www.fazwaz.co.th/%E0%B8%82%E0%B8%B2%E0%B8%A2%E0%B8%9A%E0%B9%89%E0%B8%B2%E0%B8%99/%E0%B8%82%E0%B8%B2%E0%B8%A2-%E0%B8%84%E0%B8%AD%E0%B8%99%E0%B9%82%E0%B8%94-1-%E0%B8%AB%E0%B9%89%E0%B8%AD%E0%B8%87%E0%B8%99%E0%B8%AD%E0%B8%99-%E0%B8%97%E0%B8%B5%E0%B9%88-%E0%B9%80%E0%B8%94%E0%B8%AD%E0%B8%B0-%E0%B9%80%E0%B8%99%E0%B9%87%E0%B8%81%E0%B8%8B-%E0%B9%80%E0%B8%88%E0%B9%87%E0%B8%94%E0%B8%A2%E0%B8%AD%E0%B8%94-2-%E0%B9%83%E0%B8%99-%E0%B8%8A%E0%B9%89%E0%B8%B2%E0%B8%87%E0%B9%80%E0%B8%9C%E0%B8%B7%E0%B8%AD%E0%B8%81-%E0%B9%80%E0%B8%8A%E0%B8%B5%E0%B8%A2%E0%B8%87%E0%B9%83%E0%B8%AB%E0%B8%A1%E0%B9%88-u1953580,"ขาย คอนโด 1 ห้องนอน ในโครงการ The Next Jedyod 2 (เดอะ เน็กซ (เจ็ดยอด 2))
ช้างเผือก, เมืองเชียงใหม่,
เชียงใหม่
฿2,922,000
1 ห้องนอน
1 ห้องน้ำ
29.69 ตรม. พื้นที่ใช้สอย
1 ชั้น
พ.ย. 2567 สร้างเสร็จแล้ว
ขาย คอนโด 1 ห้องนอน ในโครงการ The Next Jedyod 2 (เดอะ เน็กซ (เจ็ดยอด 2))
อสังหาริมทรัพย์นี้เป็น คอนโด สำหรับขาย ขนาด 1 ห้องนอน มีพื้นที่ใช้สอย 29.69 ตรม. ซึ่งยูนิตนี้อยู่ในโครงการ เดอะ เน็กซ (เจ็ดยอด 2) บนทำเลของ ช้างเผือก, เชียงใหม่ และสร้างเสร็จแล้วเมื่อ พ.ย. 2567 ซึ่งคุณสามารถซื้อ คอนโด นี้ได้ที่ราคา ฿2,922,000 (฿98,417/ตรม.)"
https://www.fazwaz.co.th/%E0%B8%82%E0%B8%B2%E0%B8%A2%E0%B8%9A%E0%B9%89%E0%B8%B2%E0%B8%99/%E0%B8%82%E0%B8%B2%E0%B8%A2-%E0%B8%84%E0%B8%AD%E0%B8%99%E0%B9%82%E0%B8%94-1-%E0%B8%AB%E0%B9%89%E0%B8%AD%E0%B8%87%E0%B8%99%E0%B8%AD%E0%B8%99-%E0%B8%97%E0%B8%B5%E0%B9%88-%E0%B9%80%E0%B8%94%E0%B8%AD%E0%B8%B0-%E0%B9%80%E0%B8%99%E0%B9%87%E0%B8%81%E0%B8%8B-%E0%B9%80%E0%B8%88%E0%B9%87%E0%B8%94%E0%B8%A2%E0%B8%AD%E0%B8%94-2-%E0%B9%83%E0%B8%99-%E0%B8%8A%E0%B9%89%E0%B8%B2%E0%B8%87%E0%B9%80%E0%B8%9C%E0%B8%B7%E0%B8%AD%E0%B8%81-%E0%B9%80%E0%B8%8A%E0%B8%B5%E0%B8%A2%E0%B8%87%E0%B9%83%E0%B8%AB%E0%B8%A1%E0%B9%88-u1953581,"ขาย คอนโด 1 ห้องนอน ในโครงการ The Next Jedyod 2 (เดอะ เน็กซ (เจ็ดยอด 2))
ช้างเผือก, เมืองเชียงใหม่,
เชียงใหม่
฿2,834,000
1 ห้องนอน
1 ห้องน้ำ
29.77 ตรม. พื้นที่ใช้สอย
2 ชั้น
พ.ย. 2567 สร้างเสร็จแล้ว
ขาย คอนโด 1 ห้องนอน ในโครงการ The Next Jedyod 2 (เดอะ เน็กซ (เจ็ดยอด 2))
อสังหาริมทรัพย์นี้เป็น คอนโด สำหรับขาย ขนาด 1 ห้องนอน มีพื้นที่ใช้สอย 29.77 ตรม. ซึ่งยูนิตนี้อยู่ในโครงการ เดอะ เน็กซ (เจ็ดยอด 2) บนทำเลของ ช้างเผือก, เชียงใหม่ และสร้างเสร็จแล้วเมื่อ พ.ย. 2567 ซึ่งคุณสามารถซื้อ คอนโด นี้ได้ที่ราคา ฿2,834,000 (฿95,197/ตรม.)"
https://www.fazwaz.co.th/%E0%B8%82%E0%B8%B2%E0%B8%A2%E0%B8%9A%E0%B9%89%E0%B8%B2%E0%B8%99/%E0%B8%82%E0%B8%B2%E0%B8%A2-%E0%B8%84%E0%B8%AD%E0%B8%99%E0%B9%82%E0%B8%94-1-%E0%B8%AB%E0%B9%89%E0%B8%AD%E0%B8%87%E0%B8%99%E0%B8%AD%E0%B8%99-%E0%B8%97%E0%B8%B5%E0%B9%88-%E0%B9%80%E0%B8%94%E0%B8%AD%E0%B8%B0-%E0%B9%80%E0%B8%99%E0%B9%87%E0%B8%81%E0%B8%8B-%E0%B9%80%E0%B8%88%E0%B9%87%E0%B8%94%E0%B8%A2%E0%B8%AD%E0%B8%94-2-%E0%B9%83%E0%B8%99-%E0%B8%8A%E0%B9%89%E0%B8%B2%E0%B8%87%E0%B9%80%E0%B8%9C%E0%B8%B7%E0%B8%AD%E0%B8%81-%E0%B9%80%E0%B8%8A%E0%B8%B5%E0%B8%A2%E0%B8%87%E0%B9%83%E0%B8%AB%E0%B8%A1%E0%B9%88-u1953582,"ขาย คอนโด 1 ห้องนอน ในโครงการ The Next Jedyod 2 (เดอะ เน็กซ (เจ็ดยอด 2))
ช้างเผือก, เมืองเชียงใหม่,
เชียงใหม่
฿2,873,000
1 ห้องนอน
1 ห้องน้ำ
29.91 ตรม. พื้นที่ใช้สอย
2 ชั้น
พ.ย. 2567 สร้างเสร็จแล้ว
ขาย คอนโด 1 ห้องนอน ในโครงการ The Next Jedyod 2 (เดอะ เน็กซ (เจ็ดยอด 2))
อสังหาริมทรัพย์นี้เป็น คอนโด สำหรับขาย ขนาด 1 ห้องนอน มีพื้นที่ใช้สอย 29.91 ตรม. ซึ่งยูนิตนี้อยู่ในโครงการ เดอะ เน็กซ (เจ็ดยอด 2) บนทำเลของ ช้างเผือก, เชียงใหม่ และสร้างเสร็จแล้วเมื่อ พ.ย. 2567 ซึ่งคุณสามารถซื้อ คอนโด นี้ได้ที่ราคา ฿2,873,000 (฿96,055/ตรม.)"
https://www.fazwaz.co.th/%E0%B8%82%E0%B8%B2%E0%B8%A2%E0%B8%9A%E0%B9%89%E0%B8%B2%E0%B8%99/%E0%B8%82%E0%B8%B2%E0%B8%A2-%E0%B8%84%E0%B8%AD%E0%B8%99%E0%B9%82%E0%B8%94-1-%E0%B8%AB%E0%B9%89%E0%B8%AD%E0%B8%87%E0%B8%99%E0%B8%AD%E0%B8%99-%E0%B8%97%E0%B8%B5%E0%B9%88-%E0%B9%80%E0%B8%94%E0%B8%AD%E0%B8%B0-%E0%B9%80%E0%B8%99%E0%B9%87%E0%B8%81%E0%B8%8B-%E0%B9%80%E0%B8%88%E0%B9%87%E0%B8%94%E0%B8%A2%E0%B8%AD%E0%B8%94-2-%E0%B9%83%E0%B8%99-%E0%B8%8A%E0%B9%89%E0%B8%B2%E0%B8%87%E0%B9%80%E0%B8%9C%E0%B8%B7%E0%B8%AD%E0%B8%81-%E0%B9%80%E0%B8%8A%E0%B8%B5%E0%B8%A2%E0%B8%87%E0%B9%83%E0%B8%AB%E0%B8%A1%E0%B9%88-u1953583,"ขาย คอนโด 1 ห้องนอน ในโครงการ The Next Jedyod 2 (เดอะ เน็กซ (เจ็ดยอด 2))
ช้างเผือก, เมืองเชียงใหม่,
เชียงใหม่
฿2,875,000
1 ห้องนอน
1 ห้องน้ำ
29.92 ตรม. พื้นที่ใช้สอย
2 ชั้น
พ.ย. 2567 สร้างเสร็จแล้ว
ขาย คอนโด 1 ห้องนอน ในโครงการ The Next Jedyod 2 (เดอะ เน็กซ (เจ็ดยอด 2))
อสังหาริมทรัพย์นี้เป็น คอนโด สำหรับขาย ขนาด 1 ห้องนอน มีพื้นที่ใช้สอย 29.92 ตรม. ซึ่งยูนิตนี้อยู่ในโครงการ เดอะ เน็กซ (เจ็ดยอด 2) บนทำเลของ ช้างเผือก, เชียงใหม่ และสร้างเสร็จแล้วเมื่อ พ.ย. 2567 ซึ่งคุณสามารถซื้อ คอนโด นี้ได้ที่ราคา ฿2,875,000 (฿96,090/ตรม.)"
https://www.fazwaz.co.th/%E0%B8%82%E0%B8%B2%E0%B8%A2%E0%B8%9A%E0%B9%89%E0%B8%B2%E0%B8%99/%E0%B8%82%E0%B8%B2%E0%B8%A2-%E0%B8%84%E0%B8%AD%E0%B8%99%E0%B9%82%E0%B8%94-1-%E0%B8%AB%E0%B9%89%E0%B8%AD%E0%B8%87%E0%B8%99%E0%B8%AD%E0%B8%99-%E0%B8%97%E0%B8%B5%E0%B9%88-%E0%B9%80%E0%B8%94%E0%B8%AD%E0%B8%B0-%E0%B9%80%E0%B8%99%E0%B9%87%E0%B8%81%E0%B8%8B-%E0%B9%80%E0%B8%88%E0%B9%87%E0%B8%94%E0%B8%A2%E0%B8%AD%E0%B8%94-2-%E0%B9%83%E0%B8%99-%E0%B8%8A%E0%B9%89%E0%B8%B2%E0%B8%87%E0%B9%80%E0%B8%9C%E0%B8%B7%E0%B8%AD%E0%B8%81-%E0%B9%80%E0%B8%8A%E0%B8%B5%E0%B8%A2%E0%B8%87%E0%B9%83%E0%B8%AB%E0%B8%A1%E0%B9%88-u1953584,"ขาย คอนโด 1 ห้องนอน ในโครงการ The Next Jedyod 2 (เดอะ เน็กซ (เจ็ดยอด 2))
ช้างเผือก, เมืองเชียงใหม่,
เชียงใหม่
฿2,873,000
1 ห้องนอน
1 ห้องน้ำ
29.91 ตรม. พื้นที่ใช้สอย
2 ชั้น
พ.ย. 2567 สร้างเสร็จแล้ว
ขาย คอนโด 1 ห้องนอน ในโครงการ The Next Jedyod 2 (เดอะ เน็กซ (เจ็ดยอด 2))
อสังหาริมทรัพย์นี้เป็น คอนโด สำหรับขาย ขนาด 1 ห้องนอน มีพื้นที่ใช้สอย 29.91 ตรม. ซึ่งยูนิตนี้อยู่ในโครงการ เดอะ เน็กซ (เจ็ดยอด 2) บนทำเลของ ช้างเผือก, เชียงใหม่ และสร้างเสร็จแล้วเมื่อ พ.ย. 2567 ซึ่งคุณสามารถซื้อ คอนโด นี้ได้ที่ราคา ฿2,873,000 (฿96,055/ตรม.)"
https://www.fazwaz.co.th/%E0%B8%82%E0%B8%B2%E0%B8%A2%E0%B8%9A%E0%B9%89%E0%B8%B2%E0%B8%99/%E0%B8%82%E0%B8%B2%E0%B8%A2-%E0%B8%84%E0%B8%AD%E0%B8%99%E0%B9%82%E0%B8%94-1-%E0%B8%AB%E0%B9%89%E0%B8%AD%E0%B8%87%E0%B8%99%E0%B8%AD%E0%B8%99-%E0%B8%97%E0%B8%B5%E0%B9%88-%E0%B9%80%E0%B8%94%E0%B8%AD%E0%B8%B0-%E0%B9%80%E0%B8%99%E0%B9%87%E0%B8%81%E0%B8%8B-%E0%B9%80%E0%B8%88%E0%B9%87%E0%B8%94%E0%B8%A2%E0%B8%AD%E0%B8%94-2-%E0%B9%83%E0%B8%99-%E0%B8%8A%E0%B9%89%E0%B8%B2%E0%B8%87%E0%B9%80%E0%B8%9C%E0%B8%B7%E0%B8%AD%E0%B8%81-%E0%B9%80%E0%B8%8A%E0%B8%B5%E0%B8%A2%E0%B8%87%E0%B9%83%E0%B8%AB%E0%B8%A1%E0%B9%88-u1953585,"ขาย คอนโด 1 ห้องนอน ในโครงการ The Next Jedyod 2 (เดอะ เน็กซ (เจ็ดยอด 2))
ช้างเผือก, เมืองเชียงใหม่,
เชียงใหม่
฿2,642,000
1 ห้องนอน
1 ห้องน้ำ
29.60 ตรม. พื้นที่ใช้สอย
2 ชั้น
พ.ย. 2567 สร้างเสร็จแล้ว
ขาย คอนโด 1 ห้องนอน ในโครงการ The Next Jedyod 2 (เดอะ เน็กซ (เจ็ดยอด 2))
อสังหาริมทรัพย์นี้เป็น คอนโด สำหรับขาย ขนาด 1 ห้องนอน มีพื้นที่ใช้สอย 29.60 ตรม. ซึ่งยูนิตนี้อยู่ในโครงการ เดอะ เน็กซ (เจ็ดยอด 2) บนทำเลของ ช้างเผือก, เชียงใหม่ และสร้างเสร็จแล้วเมื่อ พ.ย. 2567 ซึ่งคุณสามารถซื้อ คอนโด นี้ได้ที่ราคา ฿2,642,000 (฿89,257/ตรม.)"
https://www.fazwaz.co.th/%E0%B8%82%E0%B8%B2%E0%B8%A2%E0%B8%9A%E0%B9%89%E0%B8%B2%E0%B8%99/%E0%B8%82%E0%B8%B2%E0%B8%A2-%E0%B8%84%E0%B8%AD%E0%B8%99%E0%B9%82%E0%B8%94-1-%E0%B8%AB%E0%B9%89%E0%B8%AD%E0%B8%87%E0%B8%99%E0%B8%AD%E0%B8%99-%E0%B8%97%E0%B8%B5%E0%B9%88-%E0%B9%80%E0%B8%94%E0%B8%AD%E0%B8%B0-%E0%B9%80%E0%B8%99%E0%B9%87%E0%B8%81%E0%B8%8B-%E0%B9%80%E0%B8%88%E0%B9%87%E0%B8%94%E0%B8%A2%E0%B8%AD%E0%B8%94-2-%E0%B9%83%E0%B8%99-%E0%B8%8A%E0%B9%89%E0%B8%B2%E0%B8%87%E0%B9%80%E0%B8%9C%E0%B8%B7%E0%B8%AD%E0%B8%81-%E0%B9%80%E0%B8%8A%E0%B8%B5%E0%B8%A2%E0%B8%87%E0%B9%83%E0%B8%AB%E0%B8%A1%E0%B9%88-u1953586,"ขาย คอนโด 1 ห้องนอน ในโครงการ The Next Jedyod 2 (เดอะ เน็กซ (เจ็ดยอด 2))
ช้างเผือก, เมืองเชียงใหม่,
เชียงใหม่
฿2,630,000
1 ห้องนอน
1 ห้องน้ำ
29.47 ตรม. พื้นที่ใช้สอย
2 ชั้น
พ.ย. 2567 สร้างเสร็จแล้ว
ขาย คอนโด 1 ห้องนอน ในโครงการ The Next Jedyod 2 (เดอะ เน็กซ (เจ็ดยอด 2))
อสังหาริมทรัพย์นี้เป็น คอนโด สำหรับขาย ขนาด 1 ห้องนอน มีพื้นที่ใช้สอย 29.47 ตรม. ซึ่งยูนิตนี้อยู่ในโครงการ เดอะ เน็กซ (เจ็ดยอด 2) บนทำเลของ ช้างเผือก, เชียงใหม่ และสร้างเสร็จแล้วเมื่อ พ.ย. 2567 ซึ่งคุณสามารถซื้อ คอนโด นี้ได้ที่ราคา ฿2,630,000 (฿89,243/ตรม.)"
https://www.fazwaz.co.th/%E0%B8%82%E0%B8%B2%E0%B8%A2%E0%B8%9A%E0%B9%89%E0%B8%B2%E0%B8%99/%E0%B8%82%E0%B8%B2%E0%B8%A2-%E0%B8%84%E0%B8%AD%E0%B8%99%E0%B9%82%E0%B8%94-1-%E0%B8%AB%E0%B9%89%E0%B8%AD%E0%B8%87%E0%B8%99%E0%B8%AD%E0%B8%99-%E0%B8%97%E0%B8%B5%E0%B9%88-%E0%B9%80%E0%B8%94%E0%B8%AD%E0%B8%B0-%E0%B9%80%E0%B8%99%E0%B9%87%E0%B8%81%E0%B8%8B-%E0%B9%80%E0%B8%88%E0%B9%87%E0%B8%94%E0%B8%A2%E0%B8%AD%E0%B8%94-2-%E0%B9%83%E0%B8%99-%E0%B8%8A%E0%B9%89%E0%B8%B2%E0%B8%87%E0%B9%80%E0%B8%9C%E0%B8%B7%E0%B8%AD%E0%B8%81-%E0%B9%80%E0%B8%8A%E0%B8%B5%E0%B8%A2%E0%B8%87%E0%B9%83%E0%B8%AB%E0%B8%A1%E0%B9%88-u1953587,"ขาย คอนโด 1 ห้องนอน ในโครงการ The Next Jedyod 2 (เดอะ เน็กซ (เจ็ดยอด 2))
ช้างเผือก, เมืองเชียงใหม่,
เชียงใหม่
฿2,630,000
1 ห้องนอน
1 ห้องน้ำ
29.47 ตรม. พื้นที่ใช้สอย
2 ชั้น
พ.ย. 2567 สร้างเสร็จแล้ว
ขาย คอนโด 1 ห้องนอน ในโครงการ The Next Jedyod 2 (เดอะ เน็กซ (เจ็ดยอด 2))
อสังหาริมทรัพย์นี้เป็น คอนโด สำหรับขาย ขนาด 1 ห้องนอน มีพื้นที่ใช้สอย 29.47 ตรม. ซึ่งยูนิตนี้อยู่ในโครงการ เดอะ เน็กซ (เจ็ดยอด 2) บนทำเลของ ช้างเผือก, เชียงใหม่ และสร้างเสร็จแล้วเมื่อ พ.ย. 2567 ซึ่งคุณสามารถซื้อ คอนโด นี้ได้ที่ราคา ฿2,630,000 (฿89,243/ตรม.)"
https://www.fazwaz.co.th/%E0%B8%82%E0%B8%B2%E0%B8%A2%E0%B8%9A%E0%B9%89%E0%B8%B2%E0%B8%99/%E0%B8%82%E0%B8%B2%E0%B8%A2-%E0%B8%84%E0%B8%AD%E0%B8%99%E0%B9%82%E0%B8%94-1-%E0%B8%AB%E0%B9%89%E0%B8%AD%E0%B8%87%E0%B8%99%E0%B8%AD%E0%B8%99-%E0%B8%97%E0%B8%B5%E0%B9%88-%E0%B9%80%E0%B8%94%E0%B8%AD%E0%B8%B0-%E0%B9%80%E0%B8%99%E0%B9%87%E0%B8%81%E0%B8%8B-%E0%B9%80%E0%B8%88%E0%B9%87%E0%B8%94%E0%B8%A2%E0%B8%AD%E0%B8%94-2-%E0%B9%83%E0%B8%99-%E0%B8%8A%E0%B9%89%E0%B8%B2%E0%B8%87%E0%B9%80%E0%B8%9C%E0%B8%B7%E0%B8%AD%E0%B8%81-%E0%B9%80%E0%B8%8A%E0%B8%B5%E0%B8%A2%E0%B8%87%E0%B9%83%E0%B8%AB%E0%B8%A1%E0%B9%88-u1953588,"ขาย คอนโด 1 ห้องนอน ในโครงการ The Next Jedyod 2 (เดอะ เน็กซ (เจ็ดยอด 2))
ช้างเผือก, เมืองเชียงใหม่,
เชียงใหม่
฿2,957,000
1 ห้องนอน
1 ห้องน้ำ
29.01 ตรม. พื้นที่ใช้สอย
2 ชั้น
พ.ย. 2567 สร้างเสร็จแล้ว
ขาย คอนโด 1 ห้องนอน ในโครงการ The Next Jedyod 2 (เดอะ เน็กซ (เจ็ดยอด 2))
อสังหาริมทรัพย์นี้เป็น คอนโด สำหรับขาย ขนาด 1 ห้องนอน มีพื้นที่ใช้สอย 29.01 ตรม. ซึ่งยูนิตนี้อยู่ในโครงการ เดอะ เน็กซ (เจ็ดยอด 2) บนทำเลของ ช้างเผือก, เชียงใหม่ และสร้างเสร็จแล้วเมื่อ พ.ย. 2567 ซึ่งคุณสามารถซื้อ คอนโด นี้ได้ที่ราคา ฿2,957,000 (฿101,930/ตรม.)"
https://www.fazwaz.co.th/%E0%B8%82%E0%B8%B2%E0%B8%A2%E0%B8%9A%E0%B9%89%E0%B8%B2%E0%B8%99/%E0%B8%82%E0%B8%B2%E0%B8%A2-%E0%B8%84%E0%B8%AD%E0%B8%99%E0%B9%82%E0%B8%94-1-%E0%B8%AB%E0%B9%89%E0%B8%AD%E0%B8%87%E0%B8%99%E0%B8%AD%E0%B8%99-%E0%B8%97%E0%B8%B5%E0%B9%88-%E0%B9%80%E0%B8%94%E0%B8%AD%E0%B8%B0-%E0%B9%80%E0%B8%99%E0%B9%87%E0%B8%81%E0%B8%8B-%E0%B9%80%E0%B8%88%E0%B9%87%E0%B8%94%E0%B8%A2%E0%B8%AD%E0%B8%94-2-%E0%B9%83%E0%B8%99-%E0%B8%8A%E0%B9%89%E0%B8%B2%E0%B8%87%E0%B9%80%E0%B8%9C%E0%B8%B7%E0%B8%AD%E0%B8%81-%E0%B9%80%E0%B8%8A%E0%B8%B5%E0%B8%A2%E0%B8%87%E0%B9%83%E0%B8%AB%E0%B8%A1%E0%B9%88-u1953589,"ขาย คอนโด 1 ห้องนอน ในโครงการ The Next Jedyod 2 (เดอะ เน็กซ (เจ็ดยอด 2))
ช้างเผือก, เมืองเชียงใหม่,
เชียงใหม่
฿2,919,000
1 ห้องนอน
1 ห้องน้ำ
29.65 ตรม. พื้นที่ใช้สอย
2 ชั้น
พ.ย. 2567 สร้างเสร็จแล้ว
ขาย คอนโด 1 ห้องนอน ในโครงการ The Next Jedyod 2 (เดอะ เน็กซ (เจ็ดยอด 2))
อสังหาริมทรัพย์นี้เป็น คอนโด สำหรับขาย ขนาด 1 ห้องนอน มีพื้นที่ใช้สอย 29.65 ตรม. ซึ่งยูนิตนี้อยู่ในโครงการ เดอะ เน็กซ (เจ็ดยอด 2) บนทำเลของ ช้างเผือก, เชียงใหม่ และสร้างเสร็จแล้วเมื่อ พ.ย. 2567 ซึ่งคุณสามารถซื้อ คอนโด นี้ได้ที่ราคา ฿2,919,000 (฿98,449/ตรม.)"
https://www.fazwaz.co.th/%E0%B8%82%E0%B8%B2%E0%B8%A2%E0%B8%9A%E0%B9%89%E0%B8%B2%E0%B8%99/%E0%B8%82%E0%B8%B2%E0%B8%A2-%E0%B8%84%E0%B8%AD%E0%B8%99%E0%B9%82%E0%B8%94-1-%E0%B8%AB%E0%B9%89%E0%B8%AD%E0%B8%87%E0%B8%99%E0%B8%AD%E0%B8%99-%E0%B8%97%E0%B8%B5%E0%B9%88-%E0%B9%80%E0%B8%94%E0%B8%AD%E0%B8%B0-%E0%B9%80%E0%B8%99%E0%B9%87%E0%B8%81%E0%B8%8B-%E0%B9%80%E0%B8%88%E0%B9%87%E0%B8%94%E0%B8%A2%E0%B8%AD%E0%B8%94-2-%E0%B9%83%E0%B8%99-%E0%B8%8A%E0%B9%89%E0%B8%B2%E0%B8%87%E0%B9%80%E0%B8%9C%E0%B8%B7%E0%B8%AD%E0%B8%81-%E0%B9%80%E0%B8%8A%E0%B8%B5%E0%B8%A2%E0%B8%87%E0%B9%83%E0%B8%AB%E0%B8%A1%E0%B9%88-u1953590,"ขาย คอนโด 1 ห้องนอน ในโครงการ The Next Jedyod 2 (เดอะ เน็กซ (เจ็ดยอด 2))
ช้างเผือก, เมืองเชียงใหม่,
เชียงใหม่
฿2,820,000
1 ห้องนอน
1 ห้องน้ำ
29.31 ตรม. พื้นที่ใช้สอย
2 ชั้น
พ.ย. 2567 สร้างเสร็จแล้ว
ขาย คอนโด 1 ห้องนอน ในโครงการ The Next Jedyod 2 (เดอะ เน็กซ (เจ็ดยอด 2))
อสังหาริมทรัพย์นี้เป็น คอนโด สำหรับขาย ขนาด 1 ห้องนอน มีพื้นที่ใช้สอย 29.31 ตรม. ซึ่งยูนิตนี้อยู่ในโครงการ เดอะ เน็กซ (เจ็ดยอด 2) บนทำเลของ ช้างเผือก, เชียงใหม่ และสร้างเสร็จแล้วเมื่อ พ.ย. 2567 ซึ่งคุณสามารถซื้อ คอนโด นี้ได้ที่ราคา ฿2,820,000 (฿96,213/ตรม.)"
https://www.fazwaz.co.th/%E0%B8%82%E0%B8%B2%E0%B8%A2%E0%B8%9A%E0%B9%89%E0%B8%B2%E0%B8%99/%E0%B8%82%E0%B8%B2%E0%B8%A2-%E0%B8%84%E0%B8%AD%E0%B8%99%E0%B9%82%E0%B8%94-1-%E0%B8%AB%E0%B9%89%E0%B8%AD%E0%B8%87%E0%B8%99%E0%B8%AD%E0%B8%99-%E0%B8%97%E0%B8%B5%E0%B9%88-%E0%B9%80%E0%B8%94%E0%B8%AD%E0%B8%B0-%E0%B9%80%E0%B8%99%E0%B9%87%E0%B8%81%E0%B8%8B-%E0%B9%80%E0%B8%88%E0%B9%87%E0%B8%94%E0%B8%A2%E0%B8%AD%E0%B8%94-2-%E0%B9%83%E0%B8%99-%E0%B8%8A%E0%B9%89%E0%B8%B2%E0%B8%87%E0%B9%80%E0%B8%9C%E0%B8%B7%E0%B8%AD%E0%B8%81-%E0%B9%80%E0%B8%8A%E0%B8%B5%E0%B8%A2%E0%B8%87%E0%B9%83%E0%B8%AB%E0%B8%A1%E0%B9%88-u1953591,"ขาย คอนโด 1 ห้องนอน ในโครงการ The Next Jedyod 2 (เดอะ เน็กซ (เจ็ดยอด 2))
ช้างเผือก, เมืองเชียงใหม่,
เชียงใหม่
฿2,820,000
1 ห้องนอน
1 ห้องน้ำ
29.31 ตรม. พื้นที่ใช้สอย
2 ชั้น
พ.ย. 2567 สร้างเสร็จแล้ว
ขาย คอนโด 1 ห้องนอน ในโครงการ The Next Jedyod 2 (เดอะ เน็กซ (เจ็ดยอด 2))
อสังหาริมทรัพย์นี้เป็น คอนโด สำหรับขาย ขนาด 1 ห้องนอน มีพื้นที่ใช้สอย 29.31 ตรม. ซึ่งยูนิตนี้อยู่ในโครงการ เดอะ เน็กซ (เจ็ดยอด 2) บนทำเลของ ช้างเผือก, เชียงใหม่ และสร้างเสร็จแล้วเมื่อ พ.ย. 2567 ซึ่งคุณสามารถซื้อ คอนโด นี้ได้ที่ราคา ฿2,820,000 (฿96,213/ตรม.)"
https://www.fazwaz.co.th/%E0%B8%82%E0%B8%B2%E0%B8%A2%E0%B8%9A%E0%B9%89%E0%B8%B2%E0%B8%99/%E0%B8%82%E0%B8%B2%E0%B8%A2-%E0%B8%84%E0%B8%AD%E0%B8%99%E0%B9%82%E0%B8%94-1-%E0%B8%AB%E0%B9%89%E0%B8%AD%E0%B8%87%E0%B8%99%E0%B8%AD%E0%B8%99-%E0%B8%97%E0%B8%B5%E0%B9%88-%E0%B9%80%E0%B8%94%E0%B8%AD%E0%B8%B0-%E0%B9%80%E0%B8%99%E0%B9%87%E0%B8%81%E0%B8%8B-%E0%B9%80%E0%B8%88%E0%B9%87%E0%B8%94%E0%B8%A2%E0%B8%AD%E0%B8%94-2-%E0%B9%83%E0%B8%99-%E0%B8%8A%E0%B9%89%E0%B8%B2%E0%B8%87%E0%B9%80%E0%B8%9C%E0%B8%B7%E0%B8%AD%E0%B8%81-%E0%B9%80%E0%B8%8A%E0%B8%B5%E0%B8%A2%E0%B8%87%E0%B9%83%E0%B8%AB%E0%B8%A1%E0%B9%88-u1953592,"ขาย คอนโด 1 ห้องนอน ในโครงการ The Next Jedyod 2 (เดอะ เน็กซ (เจ็ดยอด 2))
ช้างเผือก, เมืองเชียงใหม่,
เชียงใหม่
฿2,968,000
1 ห้องนอน
1 ห้องน้ำ
30.21 ตรม. พื้นที่ใช้สอย
2 ชั้น
พ.ย. 2567 สร้างเสร็จแล้ว
ขาย คอนโด 1 ห้องนอน ในโครงการ The Next Jedyod 2 (เดอะ เน็กซ (เจ็ดยอด 2))
อสังหาริมทรัพย์นี้เป็น คอนโด สำหรับขาย ขนาด 1 ห้องนอน มีพื้นที่ใช้สอย 30.21 ตรม. ซึ่งยูนิตนี้อยู่ในโครงการ เดอะ เน็กซ (เจ็ดยอด 2) บนทำเลของ ช้างเผือก, เชียงใหม่ และสร้างเสร็จแล้วเมื่อ พ.ย. 2567 ซึ่งคุณสามารถซื้อ คอนโด นี้ได้ที่ราคา ฿2,968,000 (฿98,246/ตรม.)"
https://www.fazwaz.co.th/%E0%B8%82%E0%B8%B2%E0%B8%A2%E0%B8%9A%E0%B9%89%E0%B8%B2%E0%B8%99/%E0%B8%82%E0%B8%B2%E0%B8%A2-%E0%B8%84%E0%B8%AD%E0%B8%99%E0%B9%82%E0%B8%94-1-%E0%B8%AB%E0%B9%89%E0%B8%AD%E0%B8%87%E0%B8%99%E0%B8%AD%E0%B8%99-%E0%B8%97%E0%B8%B5%E0%B9%88-%E0%B9%80%E0%B8%94%E0%B8%AD%E0%B8%B0-%E0%B9%80%E0%B8%99%E0%B9%87%E0%B8%81%E0%B8%8B-%E0%B9%80%E0%B8%88%E0%B9%87%E0%B8%94%E0%B8%A2%E0%B8%AD%E0%B8%94-2-%E0%B9%83%E0%B8%99-%E0%B8%8A%E0%B9%89%E0%B8%B2%E0%B8%87%E0%B9%80%E0%B8%9C%E0%B8%B7%E0%B8%AD%E0%B8%81-%E0%B9%80%E0%B8%8A%E0%B8%B5%E0%B8%A2%E0%B8%87%E0%B9%83%E0%B8%AB%E0%B8%A1%E0%B9%88-u1953593,"ขาย คอนโด 1 ห้องนอน ในโครงการ The Next Jedyod 2 (เดอะ เน็กซ (เจ็ดยอด 2))
ช้างเผือก, เมืองเชียงใหม่,
เชียงใหม่
฿2,902,000
1 ห้องนอน
1 ห้องน้ำ
29.77 ตรม. พื้นที่ใช้สอย
2 ชั้น
พ.ย. 2567 สร้างเสร็จแล้ว
ขาย คอนโด 1 ห้องนอน ในโครงการ The Next Jedyod 2 (เดอะ เน็กซ (เจ็ดยอด 2))
อสังหาริมทรัพย์นี้เป็น คอนโด สำหรับขาย ขนาด 1 ห้องนอน มีพื้นที่ใช้สอย 29.77 ตรม. ซึ่งยูนิตนี้อยู่ในโครงการ เดอะ เน็กซ (เจ็ดยอด 2) บนทำเลของ ช้างเผือก, เชียงใหม่ และสร้างเสร็จแล้วเมื่อ พ.ย. 2567 ซึ่งคุณสามารถซื้อ คอนโด นี้ได้ที่ราคา ฿2,902,000 (฿97,481/ตรม.)"
https://www.fazwaz.co.th/%E0%B8%82%E0%B8%B2%E0%B8%A2%E0%B8%9A%E0%B9%89%E0%B8%B2%E0%B8%99/%E0%B8%82%E0%B8%B2%E0%B8%A2-%E0%B8%84%E0%B8%AD%E0%B8%99%E0%B9%82%E0%B8%94-1-%E0%B8%AB%E0%B9%89%E0%B8%AD%E0%B8%87%E0%B8%99%E0%B8%AD%E0%B8%99-%E0%B8%97%E0%B8%B5%E0%B9%88-%E0%B9%80%E0%B8%94%E0%B8%AD%E0%B8%B0-%E0%B9%80%E0%B8%99%E0%B9%87%E0%B8%81%E0%B8%8B-%E0%B9%80%E0%B8%88%E0%B9%87%E0%B8%94%E0%B8%A2%E0%B8%AD%E0%B8%94-2-%E0%B9%83%E0%B8%99-%E0%B8%8A%E0%B9%89%E0%B8%B2%E0%B8%87%E0%B9%80%E0%B8%9C%E0%B8%B7%E0%B8%AD%E0%B8%81-%E0%B9%80%E0%B8%8A%E0%B8%B5%E0%B8%A2%E0%B8%87%E0%B9%83%E0%B8%AB%E0%B8%A1%E0%B9%88-u1953594,"ขาย คอนโด 1 ห้องนอน ในโครงการ The Next Jedyod 2 (เดอะ เน็กซ (เจ็ดยอด 2))
ช้างเผือก, เมืองเชียงใหม่,
เชียงใหม่
฿2,698,000
1 ห้องนอน
1 ห้องน้ำ
29.47 ตรม. พื้นที่ใช้สอย
3 ชั้น
พ.ย. 2567 สร้างเสร็จแล้ว
ขาย คอนโด 1 ห้องนอน ในโครงการ The Next Jedyod 2 (เดอะ เน็กซ (เจ็ดยอด 2))
อสังหาริมทรัพย์นี้เป็น คอนโด สำหรับขาย ขนาด 1 ห้องนอน มีพื้นที่ใช้สอย 29.47 ตรม. ซึ่งยูนิตนี้อยู่ในโครงการ เดอะ เน็กซ (เจ็ดยอด 2) บนทำเลของ ช้างเผือก, เชียงใหม่ และสร้างเสร็จแล้วเมื่อ พ.ย. 2567 ซึ่งคุณสามารถซื้อ คอนโด นี้ได้ที่ราคา ฿2,698,000 (฿91,551/ตรม.)"
https://www.fazwaz.co.th/%E0%B8%82%E0%B8%B2%E0%B8%A2%E0%B8%9A%E0%B9%89%E0%B8%B2%E0%B8%99/%E0%B8%82%E0%B8%B2%E0%B8%A2-%E0%B8%84%E0%B8%AD%E0%B8%99%E0%B9%82%E0%B8%94-1-%E0%B8%AB%E0%B9%89%E0%B8%AD%E0%B8%87%E0%B8%99%E0%B8%AD%E0%B8%99-%E0%B8%97%E0%B8%B5%E0%B9%88-%E0%B9%80%E0%B8%94%E0%B8%AD%E0%B8%B0-%E0%B9%80%E0%B8%99%E0%B9%87%E0%B8%81%E0%B8%8B-%E0%B9%80%E0%B8%88%E0%B9%87%E0%B8%94%E0%B8%A2%E0%B8%AD%E0%B8%94-2-%E0%B9%83%E0%B8%99-%E0%B8%8A%E0%B9%89%E0%B8%B2%E0%B8%87%E0%B9%80%E0%B8%9C%E0%B8%B7%E0%B8%AD%E0%B8%81-%E0%B9%80%E0%B8%8A%E0%B8%B5%E0%B8%A2%E0%B8%87%E0%B9%83%E0%B8%AB%E0%B8%A1%E0%B9%88-u1953595,"ขาย คอนโด 1 ห้องนอน ในโครงการ The Next Jedyod 2 (เดอะ เน็กซ (เจ็ดยอด 2))
ช้างเผือก, เมืองเชียงใหม่,
เชียงใหม่
฿2,698,000
1 ห้องนอน
1 ห้องน้ำ
29.47 ตรม. พื้นที่ใช้สอย
3 ชั้น
พ.ย. 2567 สร้างเสร็จแล้ว
ขาย คอนโด 1 ห้องนอน ในโครงการ The Next Jedyod 2 (เดอะ เน็กซ (เจ็ดยอด 2))
อสังหาริมทรัพย์นี้เป็น คอนโด สำหรับขาย ขนาด 1 ห้องนอน มีพื้นที่ใช้สอย 29.47 ตรม. ซึ่งยูนิตนี้อยู่ในโครงการ เดอะ เน็กซ (เจ็ดยอด 2) บนทำเลของ ช้างเผือก, เชียงใหม่ และสร้างเสร็จแล้วเมื่อ พ.ย. 2567 ซึ่งคุณสามารถซื้อ คอนโด นี้ได้ที่ราคา ฿2,698,000 (฿91,551/ตรม.)"
https://www.fazwaz.co.th/%E0%B8%82%E0%B8%B2%E0%B8%A2%E0%B8%9A%E0%B9%89%E0%B8%B2%E0%B8%99/%E0%B8%82%E0%B8%B2%E0%B8%A2-%E0%B8%84%E0%B8%AD%E0%B8%99%E0%B9%82%E0%B8%94-1-%E0%B8%AB%E0%B9%89%E0%B8%AD%E0%B8%87%E0%B8%99%E0%B8%AD%E0%B8%99-%E0%B8%97%E0%B8%B5%E0%B9%88-%E0%B9%80%E0%B8%94%E0%B8%AD%E0%B8%B0-%E0%B9%80%E0%B8%99%E0%B9%87%E0%B8%81%E0%B8%8B-%E0%B9%80%E0%B8%88%E0%B9%87%E0%B8%94%E0%B8%A2%E0%B8%AD%E0%B8%94-2-%E0%B9%83%E0%B8%99-%E0%B8%8A%E0%B9%89%E0%B8%B2%E0%B8%87%E0%B9%80%E0%B8%9C%E0%B8%B7%E0%B8%AD%E0%B8%81-%E0%B9%80%E0%B8%8A%E0%B8%B5%E0%B8%A2%E0%B8%87%E0%B9%83%E0%B8%AB%E0%B8%A1%E0%B9%88-u1953596,"ขาย คอนโด 1 ห้องนอน ในโครงการ The Next Jedyod 2 (เดอะ เน็กซ (เจ็ดยอด 2))
ช้างเผือก, เมืองเชียงใหม่,
เชียงใหม่
฿2,699,000
1 ห้องนอน
1 ห้องน้ำ
29.49 ตรม. พื้นที่ใช้สอย
3 ชั้น
พ.ย. 2567 สร้างเสร็จแล้ว
ขาย คอนโด 1 ห้องนอน ในโครงการ The Next Jedyod 2 (เดอะ เน็กซ (เจ็ดยอด 2))
อสังหาริมทรัพย์นี้เป็น คอนโด สำหรับขาย ขนาด 1 ห้องนอน มีพื้นที่ใช้สอย 29.49 ตรม. ซึ่งยูนิตนี้อยู่ในโครงการ เดอะ เน็กซ (เจ็ดยอด 2) บนทำเลของ ช้างเผือก, เชียงใหม่ และสร้างเสร็จแล้วเมื่อ พ.ย. 2567 ซึ่งคุณสามารถซื้อ คอนโด นี้ได้ที่ราคา ฿2,699,000 (฿91,523/ตรม.)"
https://www.fazwaz.co.th/%E0%B8%82%E0%B8%B2%E0%B8%A2%E0%B8%9A%E0%B9%89%E0%B8%B2%E0%B8%99/%E0%B8%82%E0%B8%B2%E0%B8%A2-%E0%B8%84%E0%B8%AD%E0%B8%99%E0%B9%82%E0%B8%94-1-%E0%B8%AB%E0%B9%89%E0%B8%AD%E0%B8%87%E0%B8%99%E0%B8%AD%E0%B8%99-%E0%B8%97%E0%B8%B5%E0%B9%88-%E0%B9%80%E0%B8%94%E0%B8%AD%E0%B8%B0-%E0%B9%80%E0%B8%99%E0%B9%87%E0%B8%81%E0%B8%8B-%E0%B9%80%E0%B8%88%E0%B9%87%E0%B8%94%E0%B8%A2%E0%B8%AD%E0%B8%94-2-%E0%B9%83%E0%B8%99-%E0%B8%8A%E0%B9%89%E0%B8%B2%E0%B8%87%E0%B9%80%E0%B8%9C%E0%B8%B7%E0%B8%AD%E0%B8%81-%E0%B9%80%E0%B8%8A%E0%B8%B5%E0%B8%A2%E0%B8%87%E0%B9%83%E0%B8%AB%E0%B8%A1%E0%B9%88-u1953597,"ขาย คอนโด 1 ห้องนอน ในโครงการ The Next Jedyod 2 (เดอะ เน็กซ (เจ็ดยอด 2))
ช้างเผือก, เมืองเชียงใหม่,
เชียงใหม่
฿2,616,000
1 ห้องนอน
1 ห้องน้ำ
29.01 ตรม. พื้นที่ใช้สอย
3 ชั้น
พ.ย. 2567 สร้างเสร็จแล้ว
ขาย คอนโด 1 ห้องนอน ในโครงการ The Next Jedyod 2 (เดอะ เน็กซ (เจ็ดยอด 2))
อสังหาริมทรัพย์นี้เป็น คอนโด สำหรับขาย ขนาด 1 ห้องนอน มีพื้นที่ใช้สอย 29.01 ตรม. ซึ่งยูนิตนี้อยู่ในโครงการ เดอะ เน็กซ (เจ็ดยอด 2) บนทำเลของ ช้างเผือก, เชียงใหม่ และสร้างเสร็จแล้วเมื่อ พ.ย. 2567 ซึ่งคุณสามารถซื้อ คอนโด นี้ได้ที่ราคา ฿2,616,000 (฿90,176/ตรม.)"
https://www.fazwaz.co.th/%E0%B8%82%E0%B8%B2%E0%B8%A2%E0%B8%9A%E0%B9%89%E0%B8%B2%E0%B8%99/%E0%B8%82%E0%B8%B2%E0%B8%A2-%E0%B8%84%E0%B8%AD%E0%B8%99%E0%B9%82%E0%B8%94-1-%E0%B8%AB%E0%B9%89%E0%B8%AD%E0%B8%87%E0%B8%99%E0%B8%AD%E0%B8%99-%E0%B8%97%E0%B8%B5%E0%B9%88-%E0%B9%80%E0%B8%94%E0%B8%AD%E0%B8%B0-%E0%B9%80%E0%B8%99%E0%B9%87%E0%B8%81%E0%B8%8B-%E0%B9%80%E0%B8%88%E0%B9%87%E0%B8%94%E0%B8%A2%E0%B8%AD%E0%B8%94-2-%E0%B9%83%E0%B8%99-%E0%B8%8A%E0%B9%89%E0%B8%B2%E0%B8%87%E0%B9%80%E0%B8%9C%E0%B8%B7%E0%B8%AD%E0%B8%81-%E0%B9%80%E0%B8%8A%E0%B8%B5%E0%B8%A2%E0%B8%87%E0%B9%83%E0%B8%AB%E0%B8%A1%E0%B9%88-u1953598,"ขาย คอนโด 1 ห้องนอน ในโครงการ The Next Jedyod 2 (เดอะ เน็กซ (เจ็ดยอด 2))
ช้างเผือก, เมืองเชียงใหม่,
เชียงใหม่
฿2,875,000
1 ห้องนอน
1 ห้องน้ำ
29.77 ตรม. พื้นที่ใช้สอย
4 ชั้น
พ.ย. 2567 สร้างเสร็จแล้ว
ขาย คอนโด 1 ห้องนอน ในโครงการ The Next Jedyod 2 (เดอะ เน็กซ (เจ็ดยอด 2))
อสังหาริมทรัพย์นี้เป็น คอนโด สำหรับขาย ขนาด 1 ห้องนอน มีพื้นที่ใช้สอย 29.77 ตรม. ซึ่งยูนิตนี้อยู่ในโครงการ เดอะ เน็กซ (เจ็ดยอด 2) บนทำเลของ ช้างเผือก, เชียงใหม่ และสร้างเสร็จแล้วเมื่อ พ.ย. 2567 ซึ่งคุณสามารถซื้อ คอนโด นี้ได้ที่ราคา ฿2,875,000 (฿96,574/ตรม.)"
https://www.fazwaz.co.th/%E0%B8%82%E0%B8%B2%E0%B8%A2%E0%B8%9A%E0%B9%89%E0%B8%B2%E0%B8%99/%E0%B8%82%E0%B8%B2%E0%B8%A2-%E0%B8%84%E0%B8%AD%E0%B8%99%E0%B9%82%E0%B8%94-1-%E0%B8%AB%E0%B9%89%E0%B8%AD%E0%B8%87%E0%B8%99%E0%B8%AD%E0%B8%99-%E0%B8%97%E0%B8%B5%E0%B9%88-%E0%B9%80%E0%B8%94%E0%B8%AD%E0%B8%B0-%E0%B9%80%E0%B8%99%E0%B9%87%E0%B8%81%E0%B8%8B-%E0%B9%80%E0%B8%88%E0%B9%87%E0%B8%94%E0%B8%A2%E0%B8%AD%E0%B8%94-2-%E0%B9%83%E0%B8%99-%E0%B8%8A%E0%B9%89%E0%B8%B2%E0%B8%87%E0%B9%80%E0%B8%9C%E0%B8%B7%E0%B8%AD%E0%B8%81-%E0%B9%80%E0%B8%8A%E0%B8%B5%E0%B8%A2%E0%B8%87%E0%B9%83%E0%B8%AB%E0%B8%A1%E0%B9%88-u1953599,"ขาย คอนโด 1 ห้องนอน ในโครงการ The Next Jedyod 2 (เดอะ เน็กซ (เจ็ดยอด 2))
ช้างเผือก, เมืองเชียงใหม่,
เชียงใหม่
฿2,915,000
1 ห้องนอน
1 ห้องน้ำ
29.91 ตรม. พื้นที่ใช้สอย
4 ชั้น
พ.ย. 2567 สร้างเสร็จแล้ว
ขาย คอนโด 1 ห้องนอน ในโครงการ The Next Jedyod 2 (เดอะ เน็กซ (เจ็ดยอด 2))
อสังหาริมทรัพย์นี้เป็น คอนโด สำหรับขาย ขนาด 1 ห้องนอน มีพื้นที่ใช้สอย 29.91 ตรม. ซึ่งยูนิตนี้อยู่ในโครงการ เดอะ เน็กซ (เจ็ดยอด 2) บนทำเลของ ช้างเผือก, เชียงใหม่ และสร้างเสร็จแล้วเมื่อ พ.ย. 2567 ซึ่งคุณสามารถซื้อ คอนโด นี้ได้ที่ราคา ฿2,915,000 (฿97,459/ตรม.)"
https://www.fazwaz.co.th/%E0%B8%82%E0%B8%B2%E0%B8%A2%E0%B8%9A%E0%B9%89%E0%B8%B2%E0%B8%99/%E0%B8%82%E0%B8%B2%E0%B8%A2-%E0%B8%84%E0%B8%AD%E0%B8%99%E0%B9%82%E0%B8%94-1-%E0%B8%AB%E0%B9%89%E0%B8%AD%E0%B8%87%E0%B8%99%E0%B8%AD%E0%B8%99-%E0%B8%97%E0%B8%B5%E0%B9%88-%E0%B9%80%E0%B8%94%E0%B8%AD%E0%B8%B0-%E0%B9%80%E0%B8%99%E0%B9%87%E0%B8%81%E0%B8%8B-%E0%B9%80%E0%B8%88%E0%B9%87%E0%B8%94%E0%B8%A2%E0%B8%AD%E0%B8%94-2-%E0%B9%83%E0%B8%99-%E0%B8%8A%E0%B9%89%E0%B8%B2%E0%B8%87%E0%B9%80%E0%B8%9C%E0%B8%B7%E0%B8%AD%E0%B8%81-%E0%B9%80%E0%B8%8A%E0%B8%B5%E0%B8%A2%E0%B8%87%E0%B9%83%E0%B8%AB%E0%B8%A1%E0%B9%88-u1953600,"ขาย คอนโด 1 ห้องนอน ในโครงการ The Next Jedyod 2 (เดอะ เน็กซ (เจ็ดยอด 2))
ช้างเผือก, เมืองเชียงใหม่,
เชียงใหม่
฿2,915,000
1 ห้องนอน
1 ห้องน้ำ
29.91 ตรม. พื้นที่ใช้สอย
4 ชั้น
พ.ย. 2567 สร้างเสร็จแล้ว
ขาย คอนโด 1 ห้องนอน ในโครงการ The Next Jedyod 2 (เดอะ เน็กซ (เจ็ดยอด 2))
อสังหาริมทรัพย์นี้เป็น คอนโด สำหรับขาย ขนาด 1 ห้องนอน มีพื้นที่ใช้สอย 29.91 ตรม. ซึ่งยูนิตนี้อยู่ในโครงการ เดอะ เน็กซ (เจ็ดยอด 2) บนทำเลของ ช้างเผือก, เชียงใหม่ และสร้างเสร็จแล้วเมื่อ พ.ย. 2567 ซึ่งคุณสามารถซื้อ คอนโด นี้ได้ที่ราคา ฿2,915,000 (฿97,459/ตรม.)"
https://www.fazwaz.co.th/%E0%B8%82%E0%B8%B2%E0%B8%A2%E0%B8%9A%E0%B9%89%E0%B8%B2%E0%B8%99/%E0%B8%82%E0%B8%B2%E0%B8%A2-%E0%B8%84%E0%B8%AD%E0%B8%99%E0%B9%82%E0%B8%94-1-%E0%B8%AB%E0%B9%89%E0%B8%AD%E0%B8%87%E0%B8%99%E0%B8%AD%E0%B8%99-%E0%B8%97%E0%B8%B5%E0%B9%88-%E0%B9%80%E0%B8%94%E0%B8%AD%E0%B8%B0-%E0%B9%80%E0%B8%99%E0%B9%87%E0%B8%81%E0%B8%8B-%E0%B9%80%E0%B8%88%E0%B9%87%E0%B8%94%E0%B8%A2%E0%B8%AD%E0%B8%94-2-%E0%B9%83%E0%B8%99-%E0%B8%8A%E0%B9%89%E0%B8%B2%E0%B8%87%E0%B9%80%E0%B8%9C%E0%B8%B7%E0%B8%AD%E0%B8%81-%E0%B9%80%E0%B8%8A%E0%B8%B5%E0%B8%A2%E0%B8%87%E0%B9%83%E0%B8%AB%E0%B8%A1%E0%B9%88-u1953601,"ขาย คอนโด 1 ห้องนอน ในโครงการ The Next Jedyod 2 (เดอะ เน็กซ (เจ็ดยอด 2))
ช้างเผือก, เมืองเชียงใหม่,
เชียงใหม่
฿2,671,000
1 ห้องนอน
1 ห้องน้ำ
29.47 ตรม. พื้นที่ใช้สอย
4 ชั้น
พ.ย. 2567 สร้างเสร็จแล้ว
ขาย คอนโด 1 ห้องนอน ในโครงการ The Next Jedyod 2 (เดอะ เน็กซ (เจ็ดยอด 2))
อสังหาริมทรัพย์นี้เป็น คอนโด สำหรับขาย ขนาด 1 ห้องนอน มีพื้นที่ใช้สอย 29.47 ตรม. ซึ่งยูนิตนี้อยู่ในโครงการ เดอะ เน็กซ (เจ็ดยอด 2) บนทำเลของ ช้างเผือก, เชียงใหม่ และสร้างเสร็จแล้วเมื่อ พ.ย. 2567 ซึ่งคุณสามารถซื้อ คอนโด นี้ได้ที่ราคา ฿2,671,000 (฿90,635/ตรม.)"
https://www.fazwaz.co.th/%E0%B8%82%E0%B8%B2%E0%B8%A2%E0%B8%9A%E0%B9%89%E0%B8%B2%E0%B8%99/%E0%B8%82%E0%B8%B2%E0%B8%A2-%E0%B8%84%E0%B8%AD%E0%B8%99%E0%B9%82%E0%B8%94-1-%E0%B8%AB%E0%B9%89%E0%B8%AD%E0%B8%87%E0%B8%99%E0%B8%AD%E0%B8%99-%E0%B8%97%E0%B8%B5%E0%B9%88-%E0%B9%80%E0%B8%94%E0%B8%AD%E0%B8%B0-%E0%B9%80%E0%B8%99%E0%B9%87%E0%B8%81%E0%B8%8B-%E0%B9%80%E0%B8%88%E0%B9%87%E0%B8%94%E0%B8%A2%E0%B8%AD%E0%B8%94-2-%E0%B9%83%E0%B8%99-%E0%B8%8A%E0%B9%89%E0%B8%B2%E0%B8%87%E0%B9%80%E0%B8%9C%E0%B8%B7%E0%B8%AD%E0%B8%81-%E0%B9%80%E0%B8%8A%E0%B8%B5%E0%B8%A2%E0%B8%87%E0%B9%83%E0%B8%AB%E0%B8%A1%E0%B9%88-u1953602,"ขาย คอนโด 1 ห้องนอน ในโครงการ The Next Jedyod 2 (เดอะ เน็กซ (เจ็ดยอด 2))
ช้างเผือก, เมืองเชียงใหม่,
เชียงใหม่
฿2,671,000
1 ห้องนอน
1 ห้องน้ำ
29.47 ตรม. พื้นที่ใช้สอย
4 ชั้น
พ.ย. 2567 สร้างเสร็จแล้ว
ขาย คอนโด 1 ห้องนอน ในโครงการ The Next Jedyod 2 (เดอะ เน็กซ (เจ็ดยอด 2))
อสังหาริมทรัพย์นี้เป็น คอนโด สำหรับขาย ขนาด 1 ห้องนอน มีพื้นที่ใช้สอย 29.47 ตรม. ซึ่งยูนิตนี้อยู่ในโครงการ เดอะ เน็กซ (เจ็ดยอด 2) บนทำเลของ ช้างเผือก, เชียงใหม่ และสร้างเสร็จแล้วเมื่อ พ.ย. 2567 ซึ่งคุณสามารถซื้อ คอนโด นี้ได้ที่ราคา ฿2,671,000 (฿90,635/ตรม.)"
https://www.fazwaz.co.th/%E0%B8%82%E0%B8%B2%E0%B8%A2%E0%B8%9A%E0%B9%89%E0%B8%B2%E0%B8%99/%E0%B8%82%E0%B8%B2%E0%B8%A2-%E0%B8%84%E0%B8%AD%E0%B8%99%E0%B9%82%E0%B8%94-1-%E0%B8%AB%E0%B9%89%E0%B8%AD%E0%B8%87%E0%B8%99%E0%B8%AD%E0%B8%99-%E0%B8%97%E0%B8%B5%E0%B9%88-%E0%B9%80%E0%B8%94%E0%B8%AD%E0%B8%B0-%E0%B9%80%E0%B8%99%E0%B9%87%E0%B8%81%E0%B8%8B-%E0%B9%80%E0%B8%88%E0%B9%87%E0%B8%94%E0%B8%A2%E0%B8%AD%E0%B8%94-2-%E0%B9%83%E0%B8%99-%E0%B8%8A%E0%B9%89%E0%B8%B2%E0%B8%87%E0%B9%80%E0%B8%9C%E0%B8%B7%E0%B8%AD%E0%B8%81-%E0%B9%80%E0%B8%8A%E0%B8%B5%E0%B8%A2%E0%B8%87%E0%B9%83%E0%B8%AB%E0%B8%A1%E0%B9%88-u1953603,"ขาย คอนโด 1 ห้องนอน ในโครงการ The Next Jedyod 2 (เดอะ เน็กซ (เจ็ดยอด 2))
ช้างเผือก, เมืองเชียงใหม่,
เชียงใหม่
฿2,672,000
1 ห้องนอน
1 ห้องน้ำ
29.49 ตรม. พื้นที่ใช้สอย
4 ชั้น
พ.ย. 2567 สร้างเสร็จแล้ว
ขาย คอนโด 1 ห้องนอน ในโครงการ The Next Jedyod 2 (เดอะ เน็กซ (เจ็ดยอด 2))
อสังหาริมทรัพย์นี้เป็น คอนโด สำหรับขาย ขนาด 1 ห้องนอน มีพื้นที่ใช้สอย 29.49 ตรม. ซึ่งยูนิตนี้อยู่ในโครงการ เดอะ เน็กซ (เจ็ดยอด 2) บนทำเลของ ช้างเผือก, เชียงใหม่ และสร้างเสร็จแล้วเมื่อ พ.ย. 2567 ซึ่งคุณสามารถซื้อ คอนโด นี้ได้ที่ราคา ฿2,672,000 (฿90,607/ตรม.)"
https://www.fazwaz.co.th/%E0%B8%82%E0%B8%B2%E0%B8%A2%E0%B8%9A%E0%B9%89%E0%B8%B2%E0%B8%99/%E0%B8%82%E0%B8%B2%E0%B8%A2-%E0%B8%84%E0%B8%AD%E0%B8%99%E0%B9%82%E0%B8%94-1-%E0%B8%AB%E0%B9%89%E0%B8%AD%E0%B8%87%E0%B8%99%E0%B8%AD%E0%B8%99-%E0%B8%97%E0%B8%B5%E0%B9%88-%E0%B9%80%E0%B8%94%E0%B8%AD%E0%B8%B0-%E0%B9%80%E0%B8%99%E0%B9%87%E0%B8%81%E0%B8%8B-%E0%B9%80%E0%B8%88%E0%B9%87%E0%B8%94%E0%B8%A2%E0%B8%AD%E0%B8%94-2-%E0%B9%83%E0%B8%99-%E0%B8%8A%E0%B9%89%E0%B8%B2%E0%B8%87%E0%B9%80%E0%B8%9C%E0%B8%B7%E0%B8%AD%E0%B8%81-%E0%B9%80%E0%B8%8A%E0%B8%B5%E0%B8%A2%E0%B8%87%E0%B9%83%E0%B8%AB%E0%B8%A1%E0%B9%88-u1953604,"ขาย คอนโด 1 ห้องนอน ในโครงการ The Next Jedyod 2 (เดอะ เน็กซ (เจ็ดยอด 2))
ช้างเผือก, เมืองเชียงใหม่,
เชียงใหม่
฿2,634,000
1 ห้องนอน
1 ห้องน้ำ
29.37 ตรม. พื้นที่ใช้สอย
4 ชั้น
พ.ย. 2567 สร้างเสร็จแล้ว
ขาย คอนโด 1 ห้องนอน ในโครงการ The Next Jedyod 2 (เดอะ เน็กซ (เจ็ดยอด 2))
อสังหาริมทรัพย์นี้เป็น คอนโด สำหรับขาย ขนาด 1 ห้องนอน มีพื้นที่ใช้สอย 29.37 ตรม. ซึ่งยูนิตนี้อยู่ในโครงการ เดอะ เน็กซ (เจ็ดยอด 2) บนทำเลของ ช้างเผือก, เชียงใหม่ และสร้างเสร็จแล้วเมื่อ พ.ย. 2567 ซึ่งคุณสามารถซื้อ คอนโด นี้ได้ที่ราคา ฿2,634,000 (฿89,683/ตรม.)"
https://www.fazwaz.co.th/%E0%B8%82%E0%B8%B2%E0%B8%A2%E0%B8%9A%E0%B9%89%E0%B8%B2%E0%B8%99/%E0%B8%82%E0%B8%B2%E0%B8%A2-%E0%B8%84%E0%B8%AD%E0%B8%99%E0%B9%82%E0%B8%94-1-%E0%B8%AB%E0%B9%89%E0%B8%AD%E0%B8%87%E0%B8%99%E0%B8%AD%E0%B8%99-%E0%B8%97%E0%B8%B5%E0%B9%88-%E0%B9%80%E0%B8%94%E0%B8%AD%E0%B8%B0-%E0%B9%80%E0%B8%99%E0%B9%87%E0%B8%81%E0%B8%8B-%E0%B9%80%E0%B8%88%E0%B9%87%E0%B8%94%E0%B8%A2%E0%B8%AD%E0%B8%94-2-%E0%B9%83%E0%B8%99-%E0%B8%8A%E0%B9%89%E0%B8%B2%E0%B8%87%E0%B9%80%E0%B8%9C%E0%B8%B7%E0%B8%AD%E0%B8%81-%E0%B9%80%E0%B8%8A%E0%B8%B5%E0%B8%A2%E0%B8%87%E0%B9%83%E0%B8%AB%E0%B8%A1%E0%B9%88-u1953605,"ขาย คอนโด 1 ห้องนอน ในโครงการ The Next Jedyod 2 (เดอะ เน็กซ (เจ็ดยอด 2))
ช้างเผือก, เมืองเชียงใหม่,
เชียงใหม่
฿2,959,000
1 ห้องนอน
1 ห้องน้ำ
29.65 ตรม. พื้นที่ใช้สอย
4 ชั้น
พ.ย. 2567 สร้างเสร็จแล้ว
ขาย คอนโด 1 ห้องนอน ในโครงการ The Next Jedyod 2 (เดอะ เน็กซ (เจ็ดยอด 2))
อสังหาริมทรัพย์นี้เป็น คอนโด สำหรับขาย ขนาด 1 ห้องนอน มีพื้นที่ใช้สอย 29.65 ตรม. ซึ่งยูนิตนี้อยู่ในโครงการ เดอะ เน็กซ (เจ็ดยอด 2) บนทำเลของ ช้างเผือก, เชียงใหม่ และสร้างเสร็จแล้วเมื่อ พ.ย. 2567 ซึ่งคุณสามารถซื้อ คอนโด นี้ได้ที่ราคา ฿2,959,000 (฿99,798/ตรม.)"
https://www.fazwaz.co.th/%E0%B8%82%E0%B8%B2%E0%B8%A2%E0%B8%9A%E0%B9%89%E0%B8%B2%E0%B8%99/%E0%B8%82%E0%B8%B2%E0%B8%A2-%E0%B8%84%E0%B8%AD%E0%B8%99%E0%B9%82%E0%B8%94-1-%E0%B8%AB%E0%B9%89%E0%B8%AD%E0%B8%87%E0%B8%99%E0%B8%AD%E0%B8%99-%E0%B8%97%E0%B8%B5%E0%B9%88-%E0%B9%80%E0%B8%94%E0%B8%AD%E0%B8%B0-%E0%B9%80%E0%B8%99%E0%B9%87%E0%B8%81%E0%B8%8B-%E0%B9%80%E0%B8%88%E0%B9%87%E0%B8%94%E0%B8%A2%E0%B8%AD%E0%B8%94-2-%E0%B9%83%E0%B8%99-%E0%B8%8A%E0%B9%89%E0%B8%B2%E0%B8%87%E0%B9%80%E0%B8%9C%E0%B8%B7%E0%B8%AD%E0%B8%81-%E0%B9%80%E0%B8%8A%E0%B8%B5%E0%B8%A2%E0%B8%87%E0%B9%83%E0%B8%AB%E0%B8%A1%E0%B9%88-u1953606,"ขาย คอนโด 1 ห้องนอน ในโครงการ The Next Jedyod 2 (เดอะ เน็กซ (เจ็ดยอด 2))
ช้างเผือก, เมืองเชียงใหม่,
เชียงใหม่
฿2,860,000
1 ห้องนอน
1 ห้องน้ำ
29.31 ตรม. พื้นที่ใช้สอย
4 ชั้น
พ.ย. 2567 สร้างเสร็จแล้ว
ขาย คอนโด 1 ห้องนอน ในโครงการ The Next Jedyod 2 (เดอะ เน็กซ (เจ็ดยอด 2))
อสังหาริมทรัพย์นี้เป็น คอนโด สำหรับขาย ขนาด 1 ห้องนอน มีพื้นที่ใช้สอย 29.31 ตรม. ซึ่งยูนิตนี้อยู่ในโครงการ เดอะ เน็กซ (เจ็ดยอด 2) บนทำเลของ ช้างเผือก, เชียงใหม่ และสร้างเสร็จแล้วเมื่อ พ.ย. 2567 ซึ่งคุณสามารถซื้อ คอนโด นี้ได้ที่ราคา ฿2,860,000 (฿97,578/ตรม.)"
https://www.fazwaz.co.th/%E0%B8%82%E0%B8%B2%E0%B8%A2%E0%B8%9A%E0%B9%89%E0%B8%B2%E0%B8%99/%E0%B8%82%E0%B8%B2%E0%B8%A2-%E0%B8%84%E0%B8%AD%E0%B8%99%E0%B9%82%E0%B8%94-1-%E0%B8%AB%E0%B9%89%E0%B8%AD%E0%B8%87%E0%B8%99%E0%B8%AD%E0%B8%99-%E0%B8%97%E0%B8%B5%E0%B9%88-%E0%B9%80%E0%B8%94%E0%B8%AD%E0%B8%B0-%E0%B9%80%E0%B8%99%E0%B9%87%E0%B8%81-3-%E0%B8%84%E0%B8%AD%E0%B8%99%E0%B9%82%E0%B8%94-31-%E0%B9%83%E0%B8%99-%E0%B8%9F%E0%B9%89%E0%B8%B2%E0%B8%AE%E0%B9%88%E0%B8%B2%E0%B8%A1-%E0%B9%80%E0%B8%8A%E0%B8%B5%E0%B8%A2%E0%B8%87%E0%B9%83%E0%B8%AB%E0%B8%A1%E0%B9%88-u1970594,"ขาย คอนโด 1 ห้องนอน ในโครงการ The Next 3 Condo 3.1 (เดอะ เน็ก 3 คอนโด 3.1)
ฟ้าฮ่าม, เมืองเชียงใหม่,
เชียงใหม่
฿1,900,000
1 ห้องนอน
1 ห้องน้ำ
32 ตรม. พื้นที่ใช้สอย
7 ชั้น
ม.ค. 2557 สร้างเสร็จแล้ว
ขาย คอนโด 1 ห้องนอน ในโครงการ The Next 3 Condo 3.1 (เดอะ เน็ก 3 คอนโด 3.1)
อสังหาริมทรัพย์นี้เป็น คอนโด สำหรับขาย ขนาด 1 ห้องนอน มีพื้นที่ใช้สอย 32 ตรม. ซึ่งยูนิตนี้อยู่ในโครงการ เดอะ เน็ก 3 คอนโด 3.1 บนทำเลของ ฟ้าฮ่าม, เชียงใหม่ และสร้างเสร็จแล้วเมื่อ ม.ค. 2557 ซึ่งคุณสามารถซื้อ คอนโด นี้ได้ที่ราคา ฿1,900,000 (฿59,375/ตรม.)
Condo for sale
The next 3.1condo แยกรวมโชค ทำเลดีอยู่ใจกลางเมืองเชียงใหม่ ใกล้รวมโชคพลาซ่า มีโชค โลตัสรวมโชค โฮมโปร คาเฟ่เครื่องบิน เซ็นทรัลเฟส ชั้น7 (ห้องบนสุด) 1 ห้องนอน 1 ห้องน้ำ 1 ห้องนั่งเล่น ขนาดห้อง 32 ตร.ม. เฟอร์นิเจอร์ครบ ทีวี แอร์ ตู้เย็น เครื่องซักผ้า โซฟา ผ้าม่านกัน UV ฯล มีที่จอดรถส่วนตัว มีฟิตเนต สระว่ายน้ำ ห้องอยู่ฝั่งสระว่ายน้ำ วิวสวย เจอแดดแค่ตอนเช้า สัญญาผู้เช่า2ปีหมดสัญญาปี69"
https://www.fazwaz.co.th/%E0%B8%82%E0%B8%B2%E0%B8%A2%E0%B8%9A%E0%B9%89%E0%B8%B2%E0%B8%99/%E0%B8%82%E0%B8%B2%E0%B8%A2-%E0%B8%84%E0%B8%AD%E0%B8%99%E0%B9%82%E0%B8%94-1-%E0%B8%AB%E0%B9%89%E0%B8%AD%E0%B8%87%E0%B8%99%E0%B8%AD%E0%B8%99-%E0%B8%97%E0%B8%B5%E0%B9%88-%E0%B9%80%E0%B8%94%E0%B8%AD%E0%B8%B0-%E0%B9%80%E0%B8%99%E0%B9%87%E0%B8%81-3-%E0%B8%84%E0%B8%AD%E0%B8%99%E0%B9%82%E0%B8%94-31-%E0%B9%83%E0%B8%99-%E0%B8%9F%E0%B9%89%E0%B8%B2%E0%B8%AE%E0%B9%88%E0%B8%B2%E0%B8%A1-%E0%B9%80%E0%B8%8A%E0%B8%B5%E0%B8%A2%E0%B8%87%E0%B9%83%E0%B8%AB%E0%B8%A1%E0%B9%88-u5596391,"ขาย คอนโด 1 ห้องนอน ในโครงการ The Next 3 Condo 3.1 (เดอะ เน็ก 3 คอนโด 3.1)
ฟ้าฮ่าม, เมืองเชียงใหม่,
เชียงใหม่
฿1,790,000
1 ห้องนอน
1 ห้องน้ำ
32 ตรม. พื้นที่ใช้สอย
7 ชั้น
ม.ค. 2557 สร้างเสร็จแล้ว
ขาย คอนโด 1 ห้องนอน ในโครงการ The Next 3 Condo 3.1 (เดอะ เน็ก 3 คอนโด 3.1)
อสังหาริมทรัพย์นี้เป็น คอนโด สำหรับขาย ขนาด 1 ห้องนอน มีพื้นที่ใช้สอย 32 ตรม. ซึ่งยูนิตนี้อยู่ในโครงการ เดอะ เน็ก 3 คอนโด 3.1 บนทำเลของ ฟ้าฮ่าม, เชียงใหม่ และสร้างเสร็จแล้วเมื่อ ม.ค. 2557 ซึ่งคุณสามารถซื้อ คอนโด นี้ได้ที่ราคา ฿1,790,000 (฿55,938/ตรม.)
The next 3 condo Ruamchock
7th floor (top floor) The room is on the pool side with a beautiful view and only gets sunlight in the morning. Great location in the heart of Chiang Mai, at Ruamchok Intersection. Close to Ruamchok Plaza, Meechok Plaza, Lotus Ruamchok, and Central Festival."
https://www.fazwaz.co.th/%E0%B8%82%E0%B8%B2%E0%B8%A2%E0%B8%9A%E0%B9%89%E0%B8%B2%E0%B8%99/%E0%B8%82%E0%B8%B2%E0%B8%A2-%E0%B8%84%E0%B8%AD%E0%B8%99%E0%B9%82%E0%B8%94-1-%E0%B8%AB%E0%B9%89%E0%B8%AD%E0%B8%87%E0%B8%99%E0%B8%AD%E0%B8%99-%E0%B8%97%E0%B8%B5%E0%B9%88-%E0%B9%80%E0%B8%94%E0%B8%AD%E0%B8%B0-%E0%B9%80%E0%B8%9A%E0%B8%AA-%E0%B9%84%E0%B8%AE%E0%B8%97%E0%B9%8C-%E0%B9%80%E0%B8%8A%E0%B8%B5%E0%B8%A2%E0%B8%87%E0%B9%83%E0%B8%AB%E0%B8%A1%E0%B9%88-%E0%B9%83%E0%B8%99-%E0%B8%A7%E0%B8%B1%E0%B8%94%E0%B9%80%E0%B8%81%E0%B8%95-%E0%B9%80%E0%B8%8A%E0%B8%B5%E0%B8%A2%E0%B8%87%E0%B9%83%E0%B8%AB%E0%B8%A1%E0%B9%88-u1845144,"ขาย คอนโด 1 ห้องนอน ในโครงการ THE BASE Height-Chiang Mai (เดอะ เบส ไฮท์-เชียงใหม่)
วัดเกต, เมืองเชียงใหม่,
เชียงใหม่
฿3,800,000
฿1,632/เดือน
17
6%
1 ห้องนอน
1 ห้องน้ำ
34 ตรม. พื้นที่ใช้สอย
27 ชั้น
ก.พ. 2567 สร้างเสร็จแล้ว
ขาย คอนโด 1 ห้องนอน ในโครงการ THE BASE Height-Chiang Mai (เดอะ เบส ไฮท์-เชียงใหม่)
อสังหาริมทรัพย์นี้เป็น คอนโด สำหรับขาย ขนาด 1 ห้องนอน มีพื้นที่ใช้สอย 34 ตรม. ซึ่งยูนิตนี้อยู่ในโครงการ เดอะ เบส ไฮท์-เชียงใหม่ บนทำเลของ วัดเกต, เชียงใหม่ และสร้างเสร็จแล้วเมื่อ ก.พ. 2567 ซึ่งคุณสามารถซื้อ คอนโด นี้ได้ที่ราคา ฿3,800,000 (฿111,765/ตรม.)"
https://www.fazwaz.co.th/%E0%B8%82%E0%B8%B2%E0%B8%A2%E0%B8%9A%E0%B9%89%E0%B8%B2%E0%B8%99/%E0%B8%82%E0%B8%B2%E0%B8%A2-%E0%B8%84%E0%B8%AD%E0%B8%99%E0%B9%82%E0%B8%94-1-%E0%B8%AB%E0%B9%89%E0%B8%AD%E0%B8%87%E0%B8%99%E0%B8%AD%E0%B8%99-%E0%B8%97%E0%B8%B5%E0%B9%88-%E0%B9%80%E0%B8%94%E0%B8%AD%E0%B8%B0-%E0%B9%80%E0%B8%9A%E0%B8%AA-%E0%B9%84%E0%B8%AE%E0%B8%97%E0%B9%8C-%E0%B9%80%E0%B8%8A%E0%B8%B5%E0%B8%A2%E0%B8%87%E0%B9%83%E0%B8%AB%E0%B8%A1%E0%B9%88-%E0%B9%83%E0%B8%99-%E0%B8%A7%E0%B8%B1%E0%B8%94%E0%B9%80%E0%B8%81%E0%B8%95-%E0%B9%80%E0%B8%8A%E0%B8%B5%E0%B8%A2%E0%B8%87%E0%B9%83%E0%B8%AB%E0%B8%A1%E0%B9%88-u1845188,"ขาย คอนโด 1 ห้องนอน ในโครงการ THE BASE Height-Chiang Mai (เดอะ เบส ไฮท์-เชียงใหม่)
วัดเกต, เมืองเชียงใหม่,
เชียงใหม่
฿3,300,000
฿1,584/เดือน
17
6%
1 ห้องนอน
1 ห้องน้ำ
33 ตรม. พื้นที่ใช้สอย
29 ชั้น
ก.พ. 2567 สร้างเสร็จแล้ว
ขาย คอนโด 1 ห้องนอน ในโครงการ THE BASE Height-Chiang Mai (เดอะ เบส ไฮท์-เชียงใหม่)
อสังหาริมทรัพย์นี้เป็น คอนโด สำหรับขาย ขนาด 1 ห้องนอน มีพื้นที่ใช้สอย 33 ตรม. ซึ่งยูนิตนี้อยู่ในโครงการ เดอะ เบส ไฮท์-เชียงใหม่ บนทำเลของ วัดเกต, เชียงใหม่ และสร้างเสร็จแล้วเมื่อ ก.พ. 2567 ซึ่งคุณสามารถซื้อ คอนโด นี้ได้ที่ราคา ฿3,300,000 (฿100,000/ตรม.)"
https://www.fazwaz.co.th/%E0%B8%82%E0%B8%B2%E0%B8%A2%E0%B8%9A%E0%B9%89%E0%B8%B2%E0%B8%99/%E0%B8%82%E0%B8%B2%E0%B8%A2-%E0%B8%84%E0%B8%AD%E0%B8%99%E0%B9%82%E0%B8%94-1-%E0%B8%AB%E0%B9%89%E0%B8%AD%E0%B8%87%E0%B8%99%E0%B8%AD%E0%B8%99-%E0%B8%97%E0%B8%B5%E0%B9%88-%E0%B9%80%E0%B8%94%E0%B8%AD%E0%B8%B0-%E0%B9%80%E0%B8%9A%E0%B8%AA-%E0%B9%84%E0%B8%AE%E0%B8%97%E0%B9%8C-%E0%B9%80%E0%B8%8A%E0%B8%B5%E0%B8%A2%E0%B8%87%E0%B9%83%E0%B8%AB%E0%B8%A1%E0%B9%88-%E0%B9%83%E0%B8%99-%E0%B8%A7%E0%B8%B1%E0%B8%94%E0%B9%80%E0%B8%81%E0%B8%95-%E0%B9%80%E0%B8%8A%E0%B8%B5%E0%B8%A2%E0%B8%87%E0%B9%83%E0%B8%AB%E0%B8%A1%E0%B9%88-u1845192,"ขาย คอนโด 1 ห้องนอน ในโครงการ THE BASE Height-Chiang Mai (เดอะ เบส ไฮท์-เชียงใหม่)
วัดเกต, เมืองเชียงใหม่,
เชียงใหม่
฿3,700,000
฿1,620/เดือน
17
6%
1 ห้องนอน
1 ห้องน้ำ
33.75 ตรม. พื้นที่ใช้สอย
30 ชั้น
ก.พ. 2567 สร้างเสร็จแล้ว
ขาย คอนโด 1 ห้องนอน ในโครงการ THE BASE Height-Chiang Mai (เดอะ เบส ไฮท์-เชียงใหม่)
อสังหาริมทรัพย์นี้เป็น คอนโด สำหรับขาย ขนาด 1 ห้องนอน มีพื้นที่ใช้สอย 33.75 ตรม. ซึ่งยูนิตนี้อยู่ในโครงการ เดอะ เบส ไฮท์-เชียงใหม่ บนทำเลของ วัดเกต, เชียงใหม่ และสร้างเสร็จแล้วเมื่อ ก.พ. 2567 ซึ่งคุณสามารถซื้อ คอนโด นี้ได้ที่ราคา ฿3,700,000 (฿109,630/ตรม.)"
https://www.fazwaz.co.th/%E0%B8%82%E0%B8%B2%E0%B8%A2%E0%B8%9A%E0%B9%89%E0%B8%B2%E0%B8%99/%E0%B8%82%E0%B8%B2%E0%B8%A2-%E0%B8%84%E0%B8%AD%E0%B8%99%E0%B9%82%E0%B8%94-1-%E0%B8%AB%E0%B9%89%E0%B8%AD%E0%B8%87%E0%B8%99%E0%B8%AD%E0%B8%99-%E0%B8%97%E0%B8%B5%E0%B9%88-%E0%B9%80%E0%B8%94%E0%B8%AD%E0%B8%B0-%E0%B9%80%E0%B8%9A%E0%B8%AA-%E0%B9%84%E0%B8%AE%E0%B8%97%E0%B9%8C-%E0%B9%80%E0%B8%8A%E0%B8%B5%E0%B8%A2%E0%B8%87%E0%B9%83%E0%B8%AB%E0%B8%A1%E0%B9%88-%E0%B9%83%E0%B8%99-%E0%B8%A7%E0%B8%B1%E0%B8%94%E0%B9%80%E0%B8%81%E0%B8%95-%E0%B9%80%E0%B8%8A%E0%B8%B5%E0%B8%A2%E0%B8%87%E0%B9%83%E0%B8%AB%E0%B8%A1%E0%B9%88-u1845198,"ขาย คอนโด 1 ห้องนอน ในโครงการ THE BASE Height-Chiang Mai (เดอะ เบส ไฮท์-เชียงใหม่)
วัดเกต, เมืองเชียงใหม่,
เชียงใหม่
฿3,900,000
฿1,632/เดือน
17
6%
1 ห้องนอน
1 ห้องน้ำ
34 ตรม. พื้นที่ใช้สอย
30 ชั้น
ก.พ. 2567 สร้างเสร็จแล้ว
ขาย คอนโด 1 ห้องนอน ในโครงการ THE BASE Height-Chiang Mai (เดอะ เบส ไฮท์-เชียงใหม่)
อสังหาริมทรัพย์นี้เป็น คอนโด สำหรับขาย ขนาด 1 ห้องนอน มีพื้นที่ใช้สอย 34 ตรม. ซึ่งยูนิตนี้อยู่ในโครงการ เดอะ เบส ไฮท์-เชียงใหม่ บนทำเลของ วัดเกต, เชียงใหม่ และสร้างเสร็จแล้วเมื่อ ก.พ. 2567 ซึ่งคุณสามารถซื้อ คอนโด นี้ได้ที่ราคา ฿3,900,000 (฿114,706/ตรม.)"
https://www.fazwaz.co.th/%E0%B8%82%E0%B8%B2%E0%B8%A2%E0%B8%9A%E0%B9%89%E0%B8%B2%E0%B8%99/%E0%B8%82%E0%B8%B2%E0%B8%A2-%E0%B8%84%E0%B8%AD%E0%B8%99%E0%B9%82%E0%B8%94-1-%E0%B8%AB%E0%B9%89%E0%B8%AD%E0%B8%87%E0%B8%99%E0%B8%AD%E0%B8%99-%E0%B8%97%E0%B8%B5%E0%B9%88-%E0%B9%80%E0%B8%94%E0%B8%AD%E0%B8%B0-%E0%B9%80%E0%B8%9A%E0%B8%AA-%E0%B9%84%E0%B8%AE%E0%B8%97%E0%B9%8C-%E0%B9%80%E0%B8%8A%E0%B8%B5%E0%B8%A2%E0%B8%87%E0%B9%83%E0%B8%AB%E0%B8%A1%E0%B9%88-%E0%B9%83%E0%B8%99-%E0%B8%A7%E0%B8%B1%E0%B8%94%E0%B9%80%E0%B8%81%E0%B8%95-%E0%B9%80%E0%B8%8A%E0%B8%B5%E0%B8%A2%E0%B8%87%E0%B9%83%E0%B8%AB%E0%B8%A1%E0%B9%88-u5570792,"ขาย คอนโด 1 ห้องนอน ในโครงการ THE BASE Height-Chiang Mai (เดอะ เบส ไฮท์-เชียงใหม่)
วัดเกต, เมืองเชียงใหม่,
เชียงใหม่
฿2,710,000
฿1,627/เดือน
17
6%
1 ห้องนอน
1 ห้องน้ำ
33.90 ตรม. พื้นที่ใช้สอย
3 ชั้น
ก.พ. 2567 สร้างเสร็จแล้ว
ขาย คอนโด 1 ห้องนอน ในโครงการ THE BASE Height-Chiang Mai (เดอะ เบส ไฮท์-เชียงใหม่)
อสังหาริมทรัพย์นี้เป็น คอนโด สำหรับขาย ขนาด 1 ห้องนอน มีพื้นที่ใช้สอย 33.90 ตรม. ซึ่งยูนิตนี้อยู่ในโครงการ เดอะ เบส ไฮท์-เชียงใหม่ บนทำเลของ วัดเกต, เชียงใหม่ และสร้างเสร็จแล้วเมื่อ ก.พ. 2567 ซึ่งคุณสามารถซื้อ คอนโด นี้ได้ที่ราคา ฿2,710,000 (฿79,941/ตรม.)"
https://www.fazwaz.co.th/%E0%B8%82%E0%B8%B2%E0%B8%A2%E0%B8%9A%E0%B9%89%E0%B8%B2%E0%B8%99/%E0%B8%82%E0%B8%B2%E0%B8%A2-%E0%B8%84%E0%B8%AD%E0%B8%99%E0%B9%82%E0%B8%94-1-%E0%B8%AB%E0%B9%89%E0%B8%AD%E0%B8%87%E0%B8%99%E0%B8%AD%E0%B8%99-%E0%B8%97%E0%B8%B5%E0%B9%88-%E0%B9%80%E0%B8%94%E0%B8%AD%E0%B8%B0-%E0%B9%80%E0%B8%9A%E0%B8%AA-%E0%B9%84%E0%B8%AE%E0%B8%97%E0%B9%8C-%E0%B9%80%E0%B8%8A%E0%B8%B5%E0%B8%A2%E0%B8%87%E0%B9%83%E0%B8%AB%E0%B8%A1%E0%B9%88-%E0%B9%83%E0%B8%99-%E0%B8%A7%E0%B8%B1%E0%B8%94%E0%B9%80%E0%B8%81%E0%B8%95-%E0%B9%80%E0%B8%8A%E0%B8%B5%E0%B8%A2%E0%B8%87%E0%B9%83%E0%B8%AB%E0%B8%A1%E0%B9%88-u5570793,"ขาย คอนโด 1 ห้องนอน ในโครงการ THE BASE Height-Chiang Mai (เดอะ เบส ไฮท์-เชียงใหม่)
วัดเกต, เมืองเชียงใหม่,
เชียงใหม่
฿3,440,000
฿1,990/เดือน
17
6%
1 ห้องนอน
1 ห้องน้ำ
41.45 ตรม. พื้นที่ใช้สอย
4 ชั้น
ก.พ. 2567 สร้างเสร็จแล้ว
ขาย คอนโด 1 ห้องนอน ในโครงการ THE BASE Height-Chiang Mai (เดอะ เบส ไฮท์-เชียงใหม่)
อสังหาริมทรัพย์นี้เป็น คอนโด สำหรับขาย ขนาด 1 ห้องนอน มีพื้นที่ใช้สอย 41.45 ตรม. ซึ่งยูนิตนี้อยู่ในโครงการ เดอะ เบส ไฮท์-เชียงใหม่ บนทำเลของ วัดเกต, เชียงใหม่ และสร้างเสร็จแล้วเมื่อ ก.พ. 2567 ซึ่งคุณสามารถซื้อ คอนโด นี้ได้ที่ราคา ฿3,440,000 (฿82,992/ตรม.)"
https://www.fazwaz.co.th/%E0%B8%82%E0%B8%B2%E0%B8%A2%E0%B8%9A%E0%B9%89%E0%B8%B2%E0%B8%99/%E0%B8%82%E0%B8%B2%E0%B8%A2-%E0%B8%84%E0%B8%AD%E0%B8%99%E0%B9%82%E0%B8%94-1-%E0%B8%AB%E0%B9%89%E0%B8%AD%E0%B8%87%E0%B8%99%E0%B8%AD%E0%B8%99-%E0%B8%97%E0%B8%B5%E0%B9%88-%E0%B9%80%E0%B8%94%E0%B8%AD%E0%B8%B0-%E0%B9%80%E0%B8%9A%E0%B8%AA-%E0%B9%84%E0%B8%AE%E0%B8%97%E0%B9%8C-%E0%B9%80%E0%B8%8A%E0%B8%B5%E0%B8%A2%E0%B8%87%E0%B9%83%E0%B8%AB%E0%B8%A1%E0%B9%88-%E0%B9%83%E0%B8%99-%E0%B8%A7%E0%B8%B1%E0%B8%94%E0%B9%80%E0%B8%81%E0%B8%95-%E0%B9%80%E0%B8%8A%E0%B8%B5%E0%B8%A2%E0%B8%87%E0%B9%83%E0%B8%AB%E0%B8%A1%E0%B9%88-u5570794,"ขาย คอนโด 1 ห้องนอน ในโครงการ THE BASE Height-Chiang Mai (เดอะ เบส ไฮท์-เชียงใหม่)
วัดเกต, เมืองเชียงใหม่,
เชียงใหม่
฿2,720,000
฿1,576/เดือน
17
6%
1 ห้องนอน
1 ห้องน้ำ
32.83 ตรม. พื้นที่ใช้สอย
4 ชั้น
ก.พ. 2567 สร้างเสร็จแล้ว
ขาย คอนโด 1 ห้องนอน ในโครงการ THE BASE Height-Chiang Mai (เดอะ เบส ไฮท์-เชียงใหม่)
อสังหาริมทรัพย์นี้เป็น คอนโด สำหรับขาย ขนาด 1 ห้องนอน มีพื้นที่ใช้สอย 32.83 ตรม. ซึ่งยูนิตนี้อยู่ในโครงการ เดอะ เบส ไฮท์-เชียงใหม่ บนทำเลของ วัดเกต, เชียงใหม่ และสร้างเสร็จแล้วเมื่อ ก.พ. 2567 ซึ่งคุณสามารถซื้อ คอนโด นี้ได้ที่ราคา ฿2,720,000 (฿82,851/ตรม.)"
https://www.fazwaz.co.th/%E0%B8%82%E0%B8%B2%E0%B8%A2%E0%B8%9A%E0%B9%89%E0%B8%B2%E0%B8%99/%E0%B8%82%E0%B8%B2%E0%B8%A2-%E0%B8%84%E0%B8%AD%E0%B8%99%E0%B9%82%E0%B8%94-1-%E0%B8%AB%E0%B9%89%E0%B8%AD%E0%B8%87%E0%B8%99%E0%B8%AD%E0%B8%99-%E0%B8%97%E0%B8%B5%E0%B9%88-%E0%B9%80%E0%B8%94%E0%B8%AD%E0%B8%B0-%E0%B9%80%E0%B8%9A%E0%B8%AA-%E0%B9%84%E0%B8%AE%E0%B8%97%E0%B9%8C-%E0%B9%80%E0%B8%8A%E0%B8%B5%E0%B8%A2%E0%B8%87%E0%B9%83%E0%B8%AB%E0%B8%A1%E0%B9%88-%E0%B9%83%E0%B8%99-%E0%B8%A7%E0%B8%B1%E0%B8%94%E0%B9%80%E0%B8%81%E0%B8%95-%E0%B9%80%E0%B8%8A%E0%B8%B5%E0%B8%A2%E0%B8%87%E0%B9%83%E0%B8%AB%E0%B8%A1%E0%B9%88-u5570795,"ขาย คอนโด 1 ห้องนอน ในโครงการ THE BASE Height-Chiang Mai (เดอะ เบส ไฮท์-เชียงใหม่)
วัดเกต, เมืองเชียงใหม่,
เชียงใหม่
฿2,890,000
฿1,627/เดือน
17
6%
1 ห้องนอน
1 ห้องน้ำ
33.90 ตรม. พื้นที่ใช้สอย
4 ชั้น
ก.พ. 2567 สร้างเสร็จแล้ว
ขาย คอนโด 1 ห้องนอน ในโครงการ THE BASE Height-Chiang Mai (เดอะ เบส ไฮท์-เชียงใหม่)
อสังหาริมทรัพย์นี้เป็น คอนโด สำหรับขาย ขนาด 1 ห้องนอน มีพื้นที่ใช้สอย 33.90 ตรม. ซึ่งยูนิตนี้อยู่ในโครงการ เดอะ เบส ไฮท์-เชียงใหม่ บนทำเลของ วัดเกต, เชียงใหม่ และสร้างเสร็จแล้วเมื่อ ก.พ. 2567 ซึ่งคุณสามารถซื้อ คอนโด นี้ได้ที่ราคา ฿2,890,000 (฿85,251/ตรม.)"
https://www.fazwaz.co.th/%E0%B8%82%E0%B8%B2%E0%B8%A2%E0%B8%9A%E0%B9%89%E0%B8%B2%E0%B8%99/%E0%B8%82%E0%B8%B2%E0%B8%A2-%E0%B8%84%E0%B8%AD%E0%B8%99%E0%B9%82%E0%B8%94-1-%E0%B8%AB%E0%B9%89%E0%B8%AD%E0%B8%87%E0%B8%99%E0%B8%AD%E0%B8%99-%E0%B8%97%E0%B8%B5%E0%B9%88-%E0%B9%80%E0%B8%94%E0%B8%AD%E0%B8%B0-%E0%B9%80%E0%B8%9A%E0%B8%AA-%E0%B9%84%E0%B8%AE%E0%B8%97%E0%B9%8C-%E0%B9%80%E0%B8%8A%E0%B8%B5%E0%B8%A2%E0%B8%87%E0%B9%83%E0%B8%AB%E0%B8%A1%E0%B9%88-%E0%B9%83%E0%B8%99-%E0%B8%A7%E0%B8%B1%E0%B8%94%E0%B9%80%E0%B8%81%E0%B8%95-%E0%B9%80%E0%B8%8A%E0%B8%B5%E0%B8%A2%E0%B8%87%E0%B9%83%E0%B8%AB%E0%B8%A1%E0%B9%88-u5570796,"ขาย คอนโด 1 ห้องนอน ในโครงการ THE BASE Height-Chiang Mai (เดอะ เบส ไฮท์-เชียงใหม่)
วัดเกต, เมืองเชียงใหม่,
เชียงใหม่
฿2,620,000
฿1,403/เดือน
17
6%
1 ห้องนอน
1 ห้องน้ำ
29.22 ตรม. พื้นที่ใช้สอย
8 ชั้น
ก.พ. 2567 สร้างเสร็จแล้ว
ขาย คอนโด 1 ห้องนอน ในโครงการ THE BASE Height-Chiang Mai (เดอะ เบส ไฮท์-เชียงใหม่)
อสังหาริมทรัพย์นี้เป็น คอนโด สำหรับขาย ขนาด 1 ห้องนอน มีพื้นที่ใช้สอย 29.22 ตรม. ซึ่งยูนิตนี้อยู่ในโครงการ เดอะ เบส ไฮท์-เชียงใหม่ บนทำเลของ วัดเกต, เชียงใหม่ และสร้างเสร็จแล้วเมื่อ ก.พ. 2567 ซึ่งคุณสามารถซื้อ คอนโด นี้ได้ที่ราคา ฿2,620,000 (฿89,665/ตรม.)"
https://www.fazwaz.co.th/%E0%B8%82%E0%B8%B2%E0%B8%A2%E0%B8%9A%E0%B9%89%E0%B8%B2%E0%B8%99/%E0%B8%82%E0%B8%B2%E0%B8%A2-%E0%B8%84%E0%B8%AD%E0%B8%99%E0%B9%82%E0%B8%94-1-%E0%B8%AB%E0%B9%89%E0%B8%AD%E0%B8%87%E0%B8%99%E0%B8%AD%E0%B8%99-%E0%B8%97%E0%B8%B5%E0%B9%88-%E0%B9%80%E0%B8%94%E0%B8%AD%E0%B8%B0-%E0%B9%80%E0%B8%9A%E0%B8%AA-%E0%B9%84%E0%B8%AE%E0%B8%97%E0%B9%8C-%E0%B9%80%E0%B8%8A%E0%B8%B5%E0%B8%A2%E0%B8%87%E0%B9%83%E0%B8%AB%E0%B8%A1%E0%B9%88-%E0%B9%83%E0%B8%99-%E0%B8%A7%E0%B8%B1%E0%B8%94%E0%B9%80%E0%B8%81%E0%B8%95-%E0%B9%80%E0%B8%8A%E0%B8%B5%E0%B8%A2%E0%B8%87%E0%B9%83%E0%B8%AB%E0%B8%A1%E0%B9%88-u5570797,"ขาย คอนโด 1 ห้องนอน ในโครงการ THE BASE Height-Chiang Mai (เดอะ เบส ไฮท์-เชียงใหม่)
วัดเกต, เมืองเชียงใหม่,
เชียงใหม่
฿3,290,000
฿1,628/เดือน
17
6%
1 ห้องนอน
1 ห้องน้ำ
33.91 ตรม. พื้นที่ใช้สอย
9 ชั้น
ก.พ. 2567 สร้างเสร็จแล้ว
ขาย คอนโด 1 ห้องนอน ในโครงการ THE BASE Height-Chiang Mai (เดอะ เบส ไฮท์-เชียงใหม่)
อสังหาริมทรัพย์นี้เป็น คอนโด สำหรับขาย ขนาด 1 ห้องนอน มีพื้นที่ใช้สอย 33.91 ตรม. ซึ่งยูนิตนี้อยู่ในโครงการ เดอะ เบส ไฮท์-เชียงใหม่ บนทำเลของ วัดเกต, เชียงใหม่ และสร้างเสร็จแล้วเมื่อ ก.พ. 2567 ซึ่งคุณสามารถซื้อ คอนโด นี้ได้ที่ราคา ฿3,290,000 (฿97,022/ตรม.)"
https://www.fazwaz.co.th/%E0%B8%82%E0%B8%B2%E0%B8%A2%E0%B8%9A%E0%B9%89%E0%B8%B2%E0%B8%99/%E0%B8%82%E0%B8%B2%E0%B8%A2-%E0%B8%84%E0%B8%AD%E0%B8%99%E0%B9%82%E0%B8%94-1-%E0%B8%AB%E0%B9%89%E0%B8%AD%E0%B8%87%E0%B8%99%E0%B8%AD%E0%B8%99-%E0%B8%97%E0%B8%B5%E0%B9%88-%E0%B9%80%E0%B8%94%E0%B8%AD%E0%B8%B0-%E0%B9%80%E0%B8%9A%E0%B8%AA-%E0%B9%84%E0%B8%AE%E0%B8%97%E0%B9%8C-%E0%B9%80%E0%B8%8A%E0%B8%B5%E0%B8%A2%E0%B8%87%E0%B9%83%E0%B8%AB%E0%B8%A1%E0%B9%88-%E0%B9%83%E0%B8%99-%E0%B8%A7%E0%B8%B1%E0%B8%94%E0%B9%80%E0%B8%81%E0%B8%95-%E0%B9%80%E0%B8%8A%E0%B8%B5%E0%B8%A2%E0%B8%87%E0%B9%83%E0%B8%AB%E0%B8%A1%E0%B9%88-u5570798,"ขาย คอนโด 1 ห้องนอน ในโครงการ THE BASE Height-Chiang Mai (เดอะ เบส ไฮท์-เชียงใหม่)
วัดเกต, เมืองเชียงใหม่,
เชียงใหม่
฿3,100,000
฿1,627/เดือน
17
6%
1 ห้องนอน
1 ห้องน้ำ
33.90 ตรม. พื้นที่ใช้สอย
9 ชั้น
ก.พ. 2567 สร้างเสร็จแล้ว
ขาย คอนโด 1 ห้องนอน ในโครงการ THE BASE Height-Chiang Mai (เดอะ เบส ไฮท์-เชียงใหม่)
อสังหาริมทรัพย์นี้เป็น คอนโด สำหรับขาย ขนาด 1 ห้องนอน มีพื้นที่ใช้สอย 33.90 ตรม. ซึ่งยูนิตนี้อยู่ในโครงการ เดอะ เบส ไฮท์-เชียงใหม่ บนทำเลของ วัดเกต, เชียงใหม่ และสร้างเสร็จแล้วเมื่อ ก.พ. 2567 ซึ่งคุณสามารถซื้อ คอนโด นี้ได้ที่ราคา ฿3,100,000 (฿91,445/ตรม.)"
https://www.fazwaz.co.th/%E0%B8%82%E0%B8%B2%E0%B8%A2%E0%B8%9A%E0%B9%89%E0%B8%B2%E0%B8%99/%E0%B8%82%E0%B8%B2%E0%B8%A2-%E0%B8%84%E0%B8%AD%E0%B8%99%E0%B9%82%E0%B8%94-1-%E0%B8%AB%E0%B9%89%E0%B8%AD%E0%B8%87%E0%B8%99%E0%B8%AD%E0%B8%99-%E0%B8%97%E0%B8%B5%E0%B9%88-%E0%B9%80%E0%B8%94%E0%B8%AD%E0%B8%B0-%E0%B9%80%E0%B8%9A%E0%B8%AA-%E0%B9%84%E0%B8%AE%E0%B8%97%E0%B9%8C-%E0%B9%80%E0%B8%8A%E0%B8%B5%E0%B8%A2%E0%B8%87%E0%B9%83%E0%B8%AB%E0%B8%A1%E0%B9%88-%E0%B9%83%E0%B8%99-%E0%B8%A7%E0%B8%B1%E0%B8%94%E0%B9%80%E0%B8%81%E0%B8%95-%E0%B9%80%E0%B8%8A%E0%B8%B5%E0%B8%A2%E0%B8%87%E0%B9%83%E0%B8%AB%E0%B8%A1%E0%B9%88-u5570799,"ขาย คอนโด 1 ห้องนอน ในโครงการ THE BASE Height-Chiang Mai (เดอะ เบส ไฮท์-เชียงใหม่)
วัดเกต, เมืองเชียงใหม่,
เชียงใหม่
฿3,150,000
฿1,623/เดือน
17
6%
1 ห้องนอน
1 ห้องน้ำ
33.81 ตรม. พื้นที่ใช้สอย
9 ชั้น
ก.พ. 2567 สร้างเสร็จแล้ว
ขาย คอนโด 1 ห้องนอน ในโครงการ THE BASE Height-Chiang Mai (เดอะ เบส ไฮท์-เชียงใหม่)
อสังหาริมทรัพย์นี้เป็น คอนโด สำหรับขาย ขนาด 1 ห้องนอน มีพื้นที่ใช้สอย 33.81 ตรม. ซึ่งยูนิตนี้อยู่ในโครงการ เดอะ เบส ไฮท์-เชียงใหม่ บนทำเลของ วัดเกต, เชียงใหม่ และสร้างเสร็จแล้วเมื่อ ก.พ. 2567 ซึ่งคุณสามารถซื้อ คอนโด นี้ได้ที่ราคา ฿3,150,000 (฿93,168/ตรม.)"
https://www.fazwaz.co.th/%E0%B8%82%E0%B8%B2%E0%B8%A2%E0%B8%9A%E0%B9%89%E0%B8%B2%E0%B8%99/%E0%B8%82%E0%B8%B2%E0%B8%A2-%E0%B8%84%E0%B8%AD%E0%B8%99%E0%B9%82%E0%B8%94-1-%E0%B8%AB%E0%B9%89%E0%B8%AD%E0%B8%87%E0%B8%99%E0%B8%AD%E0%B8%99-%E0%B8%97%E0%B8%B5%E0%B9%88-%E0%B9%80%E0%B8%94%E0%B8%AD%E0%B8%B0-%E0%B9%80%E0%B8%9A%E0%B8%AA-%E0%B9%84%E0%B8%AE%E0%B8%97%E0%B9%8C-%E0%B9%80%E0%B8%8A%E0%B8%B5%E0%B8%A2%E0%B8%87%E0%B9%83%E0%B8%AB%E0%B8%A1%E0%B9%88-%E0%B9%83%E0%B8%99-%E0%B8%A7%E0%B8%B1%E0%B8%94%E0%B9%80%E0%B8%81%E0%B8%95-%E0%B9%80%E0%B8%8A%E0%B8%B5%E0%B8%A2%E0%B8%87%E0%B9%83%E0%B8%AB%E0%B8%A1%E0%B9%88-u5570801,"ขาย คอนโด 1 ห้องนอน ในโครงการ THE BASE Height-Chiang Mai (เดอะ เบส ไฮท์-เชียงใหม่)
วัดเกต, เมืองเชียงใหม่,
เชียงใหม่
฿3,170,000
฿1,576/เดือน
17
6%
1 ห้องนอน
1 ห้องน้ำ
32.83 ตรม. พื้นที่ใช้สอย
11 ชั้น
ก.พ. 2567 สร้างเสร็จแล้ว
ขาย คอนโด 1 ห้องนอน ในโครงการ THE BASE Height-Chiang Mai (เดอะ เบส ไฮท์-เชียงใหม่)
อสังหาริมทรัพย์นี้เป็น คอนโด สำหรับขาย ขนาด 1 ห้องนอน มีพื้นที่ใช้สอย 32.83 ตรม. ซึ่งยูนิตนี้อยู่ในโครงการ เดอะ เบส ไฮท์-เชียงใหม่ บนทำเลของ วัดเกต, เชียงใหม่ และสร้างเสร็จแล้วเมื่อ ก.พ. 2567 ซึ่งคุณสามารถซื้อ คอนโด นี้ได้ที่ราคา ฿3,170,000 (฿96,558/ตรม.)"
https://www.fazwaz.co.th/%E0%B8%82%E0%B8%B2%E0%B8%A2%E0%B8%9A%E0%B9%89%E0%B8%B2%E0%B8%99/%E0%B8%82%E0%B8%B2%E0%B8%A2-%E0%B8%84%E0%B8%AD%E0%B8%99%E0%B9%82%E0%B8%94-1-%E0%B8%AB%E0%B9%89%E0%B8%AD%E0%B8%87%E0%B8%99%E0%B8%AD%E0%B8%99-%E0%B8%97%E0%B8%B5%E0%B9%88-%E0%B9%80%E0%B8%94%E0%B8%AD%E0%B8%B0-%E0%B9%80%E0%B8%9A%E0%B8%AA-%E0%B9%84%E0%B8%AE%E0%B8%97%E0%B9%8C-%E0%B9%80%E0%B8%8A%E0%B8%B5%E0%B8%A2%E0%B8%87%E0%B9%83%E0%B8%AB%E0%B8%A1%E0%B9%88-%E0%B9%83%E0%B8%99-%E0%B8%A7%E0%B8%B1%E0%B8%94%E0%B9%80%E0%B8%81%E0%B8%95-%E0%B9%80%E0%B8%8A%E0%B8%B5%E0%B8%A2%E0%B8%87%E0%B9%83%E0%B8%AB%E0%B8%A1%E0%B9%88-u5570804,"ขาย คอนโด 1 ห้องนอน ในโครงการ THE BASE Height-Chiang Mai (เดอะ เบส ไฮท์-เชียงใหม่)
วัดเกต, เมืองเชียงใหม่,
เชียงใหม่
฿3,140,000
฿1,627/เดือน
17
6%
1 ห้องนอน
1 ห้องน้ำ
33.90 ตรม. พื้นที่ใช้สอย
11 ชั้น
ก.พ. 2567 สร้างเสร็จแล้ว
ขาย คอนโด 1 ห้องนอน ในโครงการ THE BASE Height-Chiang Mai (เดอะ เบส ไฮท์-เชียงใหม่)
อสังหาริมทรัพย์นี้เป็น คอนโด สำหรับขาย ขนาด 1 ห้องนอน มีพื้นที่ใช้สอย 33.90 ตรม. ซึ่งยูนิตนี้อยู่ในโครงการ เดอะ เบส ไฮท์-เชียงใหม่ บนทำเลของ วัดเกต, เชียงใหม่ และสร้างเสร็จแล้วเมื่อ ก.พ. 2567 ซึ่งคุณสามารถซื้อ คอนโด นี้ได้ที่ราคา ฿3,140,000 (฿92,625/ตรม.)"
https://www.fazwaz.co.th/%E0%B8%82%E0%B8%B2%E0%B8%A2%E0%B8%9A%E0%B9%89%E0%B8%B2%E0%B8%99/%E0%B8%82%E0%B8%B2%E0%B8%A2-%E0%B8%84%E0%B8%AD%E0%B8%99%E0%B9%82%E0%B8%94-1-%E0%B8%AB%E0%B9%89%E0%B8%AD%E0%B8%87%E0%B8%99%E0%B8%AD%E0%B8%99-%E0%B8%97%E0%B8%B5%E0%B9%88-%E0%B9%80%E0%B8%94%E0%B8%AD%E0%B8%B0-%E0%B9%80%E0%B8%9A%E0%B8%AA-%E0%B9%84%E0%B8%AE%E0%B8%97%E0%B9%8C-%E0%B9%80%E0%B8%8A%E0%B8%B5%E0%B8%A2%E0%B8%87%E0%B9%83%E0%B8%AB%E0%B8%A1%E0%B9%88-%E0%B9%83%E0%B8%99-%E0%B8%A7%E0%B8%B1%E0%B8%94%E0%B9%80%E0%B8%81%E0%B8%95-%E0%B9%80%E0%B8%8A%E0%B8%B5%E0%B8%A2%E0%B8%87%E0%B9%83%E0%B8%AB%E0%B8%A1%E0%B9%88-u5570805,"ขาย คอนโด 1 ห้องนอน ในโครงการ THE BASE Height-Chiang Mai (เดอะ เบส ไฮท์-เชียงใหม่)
วัดเกต, เมืองเชียงใหม่,
เชียงใหม่
฿3,190,000
฿1,623/เดือน
17
6%
1 ห้องนอน
1 ห้องน้ำ
33.81 ตรม. พื้นที่ใช้สอย
11 ชั้น
ก.พ. 2567 สร้างเสร็จแล้ว
ขาย คอนโด 1 ห้องนอน ในโครงการ THE BASE Height-Chiang Mai (เดอะ เบส ไฮท์-เชียงใหม่)
อสังหาริมทรัพย์นี้เป็น คอนโด สำหรับขาย ขนาด 1 ห้องนอน มีพื้นที่ใช้สอย 33.81 ตรม. ซึ่งยูนิตนี้อยู่ในโครงการ เดอะ เบส ไฮท์-เชียงใหม่ บนทำเลของ วัดเกต, เชียงใหม่ และสร้างเสร็จแล้วเมื่อ ก.พ. 2567 ซึ่งคุณสามารถซื้อ คอนโด นี้ได้ที่ราคา ฿3,190,000 (฿94,351/ตรม.)"
https://www.fazwaz.co.th/%E0%B8%82%E0%B8%B2%E0%B8%A2%E0%B8%9A%E0%B9%89%E0%B8%B2%E0%B8%99/%E0%B8%82%E0%B8%B2%E0%B8%A2-%E0%B8%84%E0%B8%AD%E0%B8%99%E0%B9%82%E0%B8%94-1-%E0%B8%AB%E0%B9%89%E0%B8%AD%E0%B8%87%E0%B8%99%E0%B8%AD%E0%B8%99-%E0%B8%97%E0%B8%B5%E0%B9%88-%E0%B9%80%E0%B8%94%E0%B8%AD%E0%B8%B0-%E0%B9%80%E0%B8%9A%E0%B8%AA-%E0%B9%84%E0%B8%AE%E0%B8%97%E0%B9%8C-%E0%B9%80%E0%B8%8A%E0%B8%B5%E0%B8%A2%E0%B8%87%E0%B9%83%E0%B8%AB%E0%B8%A1%E0%B9%88-%E0%B9%83%E0%B8%99-%E0%B8%A7%E0%B8%B1%E0%B8%94%E0%B9%80%E0%B8%81%E0%B8%95-%E0%B9%80%E0%B8%8A%E0%B8%B5%E0%B8%A2%E0%B8%87%E0%B9%83%E0%B8%AB%E0%B8%A1%E0%B9%88-u5570806,"ขาย คอนโด 1 ห้องนอน ในโครงการ THE BASE Height-Chiang Mai (เดอะ เบส ไฮท์-เชียงใหม่)
วัดเกต, เมืองเชียงใหม่,
เชียงใหม่
฿3,170,000
฿1,620/เดือน
17
6%
1 ห้องนอน
1 ห้องน้ำ
33.76 ตรม. พื้นที่ใช้สอย
11 ชั้น
ก.พ. 2567 สร้างเสร็จแล้ว
ขาย คอนโด 1 ห้องนอน ในโครงการ THE BASE Height-Chiang Mai (เดอะ เบส ไฮท์-เชียงใหม่)
อสังหาริมทรัพย์นี้เป็น คอนโด สำหรับขาย ขนาด 1 ห้องนอน มีพื้นที่ใช้สอย 33.76 ตรม. ซึ่งยูนิตนี้อยู่ในโครงการ เดอะ เบส ไฮท์-เชียงใหม่ บนทำเลของ วัดเกต, เชียงใหม่ และสร้างเสร็จแล้วเมื่อ ก.พ. 2567 ซึ่งคุณสามารถซื้อ คอนโด นี้ได้ที่ราคา ฿3,170,000 (฿93,898/ตรม.)"
https://www.fazwaz.co.th/%E0%B8%82%E0%B8%B2%E0%B8%A2%E0%B8%9A%E0%B9%89%E0%B8%B2%E0%B8%99/%E0%B8%82%E0%B8%B2%E0%B8%A2-%E0%B8%84%E0%B8%AD%E0%B8%99%E0%B9%82%E0%B8%94-1-%E0%B8%AB%E0%B9%89%E0%B8%AD%E0%B8%87%E0%B8%99%E0%B8%AD%E0%B8%99-%E0%B8%97%E0%B8%B5%E0%B9%88-%E0%B9%80%E0%B8%94%E0%B8%AD%E0%B8%B0-%E0%B9%80%E0%B8%9A%E0%B8%AA-%E0%B9%84%E0%B8%AE%E0%B8%97%E0%B9%8C-%E0%B9%80%E0%B8%8A%E0%B8%B5%E0%B8%A2%E0%B8%87%E0%B9%83%E0%B8%AB%E0%B8%A1%E0%B9%88-%E0%B9%83%E0%B8%99-%E0%B8%A7%E0%B8%B1%E0%B8%94%E0%B9%80%E0%B8%81%E0%B8%95-%E0%B9%80%E0%B8%8A%E0%B8%B5%E0%B8%A2%E0%B8%87%E0%B9%83%E0%B8%AB%E0%B8%A1%E0%B9%88-u5570807,"ขาย คอนโด 1 ห้องนอน ในโครงการ THE BASE Height-Chiang Mai (เดอะ เบส ไฮท์-เชียงใหม่)
วัดเกต, เมืองเชียงใหม่,
เชียงใหม่
฿3,280,000
฿1,644/เดือน
17
6%
1 ห้องนอน
1 ห้องน้ำ
34.26 ตรม. พื้นที่ใช้สอย
11 ชั้น
ก.พ. 2567 สร้างเสร็จแล้ว
ขาย คอนโด 1 ห้องนอน ในโครงการ THE BASE Height-Chiang Mai (เดอะ เบส ไฮท์-เชียงใหม่)
อสังหาริมทรัพย์นี้เป็น คอนโด สำหรับขาย ขนาด 1 ห้องนอน มีพื้นที่ใช้สอย 34.26 ตรม. ซึ่งยูนิตนี้อยู่ในโครงการ เดอะ เบส ไฮท์-เชียงใหม่ บนทำเลของ วัดเกต, เชียงใหม่ และสร้างเสร็จแล้วเมื่อ ก.พ. 2567 ซึ่งคุณสามารถซื้อ คอนโด นี้ได้ที่ราคา ฿3,280,000 (฿95,738/ตรม.)"
https://www.fazwaz.co.th/%E0%B8%82%E0%B8%B2%E0%B8%A2%E0%B8%9A%E0%B9%89%E0%B8%B2%E0%B8%99/%E0%B8%82%E0%B8%B2%E0%B8%A2-%E0%B8%84%E0%B8%AD%E0%B8%99%E0%B9%82%E0%B8%94-1-%E0%B8%AB%E0%B9%89%E0%B8%AD%E0%B8%87%E0%B8%99%E0%B8%AD%E0%B8%99-%E0%B8%97%E0%B8%B5%E0%B9%88-%E0%B9%80%E0%B8%94%E0%B8%AD%E0%B8%B0-%E0%B9%80%E0%B8%9A%E0%B8%AA-%E0%B9%84%E0%B8%AE%E0%B8%97%E0%B9%8C-%E0%B9%80%E0%B8%8A%E0%B8%B5%E0%B8%A2%E0%B8%87%E0%B9%83%E0%B8%AB%E0%B8%A1%E0%B9%88-%E0%B9%83%E0%B8%99-%E0%B8%A7%E0%B8%B1%E0%B8%94%E0%B9%80%E0%B8%81%E0%B8%95-%E0%B9%80%E0%B8%8A%E0%B8%B5%E0%B8%A2%E0%B8%87%E0%B9%83%E0%B8%AB%E0%B8%A1%E0%B9%88-u5570808,"ขาย คอนโด 1 ห้องนอน ในโครงการ THE BASE Height-Chiang Mai (เดอะ เบส ไฮท์-เชียงใหม่)
วัดเกต, เมืองเชียงใหม่,
เชียงใหม่
฿3,110,000
฿1,576/เดือน
17
6%
1 ห้องนอน
1 ห้องน้ำ
32.83 ตรม. พื้นที่ใช้สอย
12 ชั้น
ก.พ. 2567 สร้างเสร็จแล้ว
ขาย คอนโด 1 ห้องนอน ในโครงการ THE BASE Height-Chiang Mai (เดอะ เบส ไฮท์-เชียงใหม่)
อสังหาริมทรัพย์นี้เป็น คอนโด สำหรับขาย ขนาด 1 ห้องนอน มีพื้นที่ใช้สอย 32.83 ตรม. ซึ่งยูนิตนี้อยู่ในโครงการ เดอะ เบส ไฮท์-เชียงใหม่ บนทำเลของ วัดเกต, เชียงใหม่ และสร้างเสร็จแล้วเมื่อ ก.พ. 2567 ซึ่งคุณสามารถซื้อ คอนโด นี้ได้ที่ราคา ฿3,110,000 (฿94,730/ตรม.)"
https://www.fazwaz.co.th/%E0%B8%82%E0%B8%B2%E0%B8%A2%E0%B8%9A%E0%B9%89%E0%B8%B2%E0%B8%99/%E0%B8%82%E0%B8%B2%E0%B8%A2-%E0%B8%84%E0%B8%AD%E0%B8%99%E0%B9%82%E0%B8%94-1-%E0%B8%AB%E0%B9%89%E0%B8%AD%E0%B8%87%E0%B8%99%E0%B8%AD%E0%B8%99-%E0%B8%97%E0%B8%B5%E0%B9%88-%E0%B9%80%E0%B8%94%E0%B8%AD%E0%B8%B0-%E0%B9%80%E0%B8%9A%E0%B8%AA-%E0%B9%84%E0%B8%AE%E0%B8%97%E0%B9%8C-%E0%B9%80%E0%B8%8A%E0%B8%B5%E0%B8%A2%E0%B8%87%E0%B9%83%E0%B8%AB%E0%B8%A1%E0%B9%88-%E0%B9%83%E0%B8%99-%E0%B8%A7%E0%B8%B1%E0%B8%94%E0%B9%80%E0%B8%81%E0%B8%95-%E0%B9%80%E0%B8%8A%E0%B8%B5%E0%B8%A2%E0%B8%87%E0%B9%83%E0%B8%AB%E0%B8%A1%E0%B9%88-u5570809,"ขาย คอนโด 1 ห้องนอน ในโครงการ THE BASE Height-Chiang Mai (เดอะ เบส ไฮท์-เชียงใหม่)
วัดเกต, เมืองเชียงใหม่,
เชียงใหม่
฿2,700,000
฿1,403/เดือน
17
6%
1 ห้องนอน
1 ห้องน้ำ
29.22 ตรม. พื้นที่ใช้สอย
12 ชั้น
ก.พ. 2567 สร้างเสร็จแล้ว
ขาย คอนโด 1 ห้องนอน ในโครงการ THE BASE Height-Chiang Mai (เดอะ เบส ไฮท์-เชียงใหม่)
อสังหาริมทรัพย์นี้เป็น คอนโด สำหรับขาย ขนาด 1 ห้องนอน มีพื้นที่ใช้สอย 29.22 ตรม. ซึ่งยูนิตนี้อยู่ในโครงการ เดอะ เบส ไฮท์-เชียงใหม่ บนทำเลของ วัดเกต, เชียงใหม่ และสร้างเสร็จแล้วเมื่อ ก.พ. 2567 ซึ่งคุณสามารถซื้อ คอนโด นี้ได้ที่ราคา ฿2,700,000 (฿92,402/ตรม.)"
https://www.fazwaz.co.th/%E0%B8%82%E0%B8%B2%E0%B8%A2%E0%B8%9A%E0%B9%89%E0%B8%B2%E0%B8%99/%E0%B8%82%E0%B8%B2%E0%B8%A2-%E0%B8%84%E0%B8%AD%E0%B8%99%E0%B9%82%E0%B8%94-1-%E0%B8%AB%E0%B9%89%E0%B8%AD%E0%B8%87%E0%B8%99%E0%B8%AD%E0%B8%99-%E0%B8%97%E0%B8%B5%E0%B9%88-%E0%B9%80%E0%B8%94%E0%B8%AD%E0%B8%B0-%E0%B9%80%E0%B8%9A%E0%B8%AA-%E0%B9%84%E0%B8%AE%E0%B8%97%E0%B9%8C-%E0%B9%80%E0%B8%8A%E0%B8%B5%E0%B8%A2%E0%B8%87%E0%B9%83%E0%B8%AB%E0%B8%A1%E0%B9%88-%E0%B9%83%E0%B8%99-%E0%B8%A7%E0%B8%B1%E0%B8%94%E0%B9%80%E0%B8%81%E0%B8%95-%E0%B9%80%E0%B8%8A%E0%B8%B5%E0%B8%A2%E0%B8%87%E0%B9%83%E0%B8%AB%E0%B8%A1%E0%B9%88-u5570811,"ขาย คอนโด 1 ห้องนอน ในโครงการ THE BASE Height-Chiang Mai (เดอะ เบส ไฮท์-เชียงใหม่)
วัดเกต, เมืองเชียงใหม่,
เชียงใหม่
฿3,170,000
฿1,627/เดือน
17
6%
1 ห้องนอน
1 ห้องน้ำ
33.90 ตรม. พื้นที่ใช้สอย
12 ชั้น
ก.พ. 2567 สร้างเสร็จแล้ว
ขาย คอนโด 1 ห้องนอน ในโครงการ THE BASE Height-Chiang Mai (เดอะ เบส ไฮท์-เชียงใหม่)
อสังหาริมทรัพย์นี้เป็น คอนโด สำหรับขาย ขนาด 1 ห้องนอน มีพื้นที่ใช้สอย 33.90 ตรม. ซึ่งยูนิตนี้อยู่ในโครงการ เดอะ เบส ไฮท์-เชียงใหม่ บนทำเลของ วัดเกต, เชียงใหม่ และสร้างเสร็จแล้วเมื่อ ก.พ. 2567 ซึ่งคุณสามารถซื้อ คอนโด นี้ได้ที่ราคา ฿3,170,000 (฿93,510/ตรม.)"
https://www.fazwaz.co.th/%E0%B8%82%E0%B8%B2%E0%B8%A2%E0%B8%9A%E0%B9%89%E0%B8%B2%E0%B8%99/%E0%B8%82%E0%B8%B2%E0%B8%A2-%E0%B8%84%E0%B8%AD%E0%B8%99%E0%B9%82%E0%B8%94-1-%E0%B8%AB%E0%B9%89%E0%B8%AD%E0%B8%87%E0%B8%99%E0%B8%AD%E0%B8%99-%E0%B8%97%E0%B8%B5%E0%B9%88-%E0%B9%80%E0%B8%94%E0%B8%AD%E0%B8%B0-%E0%B9%80%E0%B8%9A%E0%B8%AA-%E0%B9%84%E0%B8%AE%E0%B8%97%E0%B9%8C-%E0%B9%80%E0%B8%8A%E0%B8%B5%E0%B8%A2%E0%B8%87%E0%B9%83%E0%B8%AB%E0%B8%A1%E0%B9%88-%E0%B9%83%E0%B8%99-%E0%B8%A7%E0%B8%B1%E0%B8%94%E0%B9%80%E0%B8%81%E0%B8%95-%E0%B9%80%E0%B8%8A%E0%B8%B5%E0%B8%A2%E0%B8%87%E0%B9%83%E0%B8%AB%E0%B8%A1%E0%B9%88-u5570812,"ขาย คอนโด 1 ห้องนอน ในโครงการ THE BASE Height-Chiang Mai (เดอะ เบส ไฮท์-เชียงใหม่)
วัดเกต, เมืองเชียงใหม่,
เชียงใหม่
฿3,200,000
฿1,620/เดือน
17
6%
1 ห้องนอน
1 ห้องน้ำ
33.76 ตรม. พื้นที่ใช้สอย
12 ชั้น
ก.พ. 2567 สร้างเสร็จแล้ว
ขาย คอนโด 1 ห้องนอน ในโครงการ THE BASE Height-Chiang Mai (เดอะ เบส ไฮท์-เชียงใหม่)
อสังหาริมทรัพย์นี้เป็น คอนโด สำหรับขาย ขนาด 1 ห้องนอน มีพื้นที่ใช้สอย 33.76 ตรม. ซึ่งยูนิตนี้อยู่ในโครงการ เดอะ เบส ไฮท์-เชียงใหม่ บนทำเลของ วัดเกต, เชียงใหม่ และสร้างเสร็จแล้วเมื่อ ก.พ. 2567 ซึ่งคุณสามารถซื้อ คอนโด นี้ได้ที่ราคา ฿3,200,000 (฿94,787/ตรม.)"
https://www.fazwaz.co.th/%E0%B8%82%E0%B8%B2%E0%B8%A2%E0%B8%9A%E0%B9%89%E0%B8%B2%E0%B8%99/%E0%B8%82%E0%B8%B2%E0%B8%A2-%E0%B8%84%E0%B8%AD%E0%B8%99%E0%B9%82%E0%B8%94-1-%E0%B8%AB%E0%B9%89%E0%B8%AD%E0%B8%87%E0%B8%99%E0%B8%AD%E0%B8%99-%E0%B8%97%E0%B8%B5%E0%B9%88-%E0%B9%80%E0%B8%94%E0%B8%AD%E0%B8%B0-%E0%B9%80%E0%B8%9A%E0%B8%AA-%E0%B9%84%E0%B8%AE%E0%B8%97%E0%B9%8C-%E0%B9%80%E0%B8%8A%E0%B8%B5%E0%B8%A2%E0%B8%87%E0%B9%83%E0%B8%AB%E0%B8%A1%E0%B9%88-%E0%B9%83%E0%B8%99-%E0%B8%A7%E0%B8%B1%E0%B8%94%E0%B9%80%E0%B8%81%E0%B8%95-%E0%B9%80%E0%B8%8A%E0%B8%B5%E0%B8%A2%E0%B8%87%E0%B9%83%E0%B8%AB%E0%B8%A1%E0%B9%88-u5570813,"ขาย คอนโด 1 ห้องนอน ในโครงการ THE BASE Height-Chiang Mai (เดอะ เบส ไฮท์-เชียงใหม่)
วัดเกต, เมืองเชียงใหม่,
เชียงใหม่
฿3,310,000
฿1,644/เดือน
17
6%
1 ห้องนอน
1 ห้องน้ำ
34.26 ตรม. พื้นที่ใช้สอย
12 ชั้น
ก.พ. 2567 สร้างเสร็จแล้ว
ขาย คอนโด 1 ห้องนอน ในโครงการ THE BASE Height-Chiang Mai (เดอะ เบส ไฮท์-เชียงใหม่)
อสังหาริมทรัพย์นี้เป็น คอนโด สำหรับขาย ขนาด 1 ห้องนอน มีพื้นที่ใช้สอย 34.26 ตรม. ซึ่งยูนิตนี้อยู่ในโครงการ เดอะ เบส ไฮท์-เชียงใหม่ บนทำเลของ วัดเกต, เชียงใหม่ และสร้างเสร็จแล้วเมื่อ ก.พ. 2567 ซึ่งคุณสามารถซื้อ คอนโด นี้ได้ที่ราคา ฿3,310,000 (฿96,614/ตรม.)"
https://www.fazwaz.co.th/%E0%B8%82%E0%B8%B2%E0%B8%A2%E0%B8%9A%E0%B9%89%E0%B8%B2%E0%B8%99/%E0%B8%82%E0%B8%B2%E0%B8%A2-%E0%B8%84%E0%B8%AD%E0%B8%99%E0%B9%82%E0%B8%94-1-%E0%B8%AB%E0%B9%89%E0%B8%AD%E0%B8%87%E0%B8%99%E0%B8%AD%E0%B8%99-%E0%B8%97%E0%B8%B5%E0%B9%88-%E0%B9%80%E0%B8%94%E0%B8%AD%E0%B8%B0-%E0%B9%80%E0%B8%9A%E0%B8%AA-%E0%B9%84%E0%B8%AE%E0%B8%97%E0%B9%8C-%E0%B9%80%E0%B8%8A%E0%B8%B5%E0%B8%A2%E0%B8%87%E0%B9%83%E0%B8%AB%E0%B8%A1%E0%B9%88-%E0%B9%83%E0%B8%99-%E0%B8%A7%E0%B8%B1%E0%B8%94%E0%B9%80%E0%B8%81%E0%B8%95-%E0%B9%80%E0%B8%8A%E0%B8%B5%E0%B8%A2%E0%B8%87%E0%B9%83%E0%B8%AB%E0%B8%A1%E0%B9%88-u5570814,"ขาย คอนโด 1 ห้องนอน ในโครงการ THE BASE Height-Chiang Mai (เดอะ เบส ไฮท์-เชียงใหม่)
วัดเกต, เมืองเชียงใหม่,
เชียงใหม่
฿3,470,000
฿1,627/เดือน
17
6%
1 ห้องนอน
1 ห้องน้ำ
33.90 ตรม. พื้นที่ใช้สอย
12 ชั้น
ก.พ. 2567 สร้างเสร็จแล้ว
ขาย คอนโด 1 ห้องนอน ในโครงการ THE BASE Height-Chiang Mai (เดอะ เบส ไฮท์-เชียงใหม่)
อสังหาริมทรัพย์นี้เป็น คอนโด สำหรับขาย ขนาด 1 ห้องนอน มีพื้นที่ใช้สอย 33.90 ตรม. ซึ่งยูนิตนี้อยู่ในโครงการ เดอะ เบส ไฮท์-เชียงใหม่ บนทำเลของ วัดเกต, เชียงใหม่ และสร้างเสร็จแล้วเมื่อ ก.พ. 2567 ซึ่งคุณสามารถซื้อ คอนโด นี้ได้ที่ราคา ฿3,470,000 (฿102,360/ตรม.)"
https://www.fazwaz.co.th/%E0%B8%82%E0%B8%B2%E0%B8%A2%E0%B8%9A%E0%B9%89%E0%B8%B2%E0%B8%99/%E0%B8%82%E0%B8%B2%E0%B8%A2-%E0%B8%84%E0%B8%AD%E0%B8%99%E0%B9%82%E0%B8%94-1-%E0%B8%AB%E0%B9%89%E0%B8%AD%E0%B8%87%E0%B8%99%E0%B8%AD%E0%B8%99-%E0%B8%97%E0%B8%B5%E0%B9%88-%E0%B9%80%E0%B8%94%E0%B8%AD%E0%B8%B0-%E0%B9%80%E0%B8%9A%E0%B8%AA-%E0%B9%84%E0%B8%AE%E0%B8%97%E0%B9%8C-%E0%B9%80%E0%B8%8A%E0%B8%B5%E0%B8%A2%E0%B8%87%E0%B9%83%E0%B8%AB%E0%B8%A1%E0%B9%88-%E0%B9%83%E0%B8%99-%E0%B8%A7%E0%B8%B1%E0%B8%94%E0%B9%80%E0%B8%81%E0%B8%95-%E0%B9%80%E0%B8%8A%E0%B8%B5%E0%B8%A2%E0%B8%87%E0%B9%83%E0%B8%AB%E0%B8%A1%E0%B9%88-u5570815,"ขาย คอนโด 1 ห้องนอน ในโครงการ THE BASE Height-Chiang Mai (เดอะ เบส ไฮท์-เชียงใหม่)
วัดเกต, เมืองเชียงใหม่,
เชียงใหม่
฿3,060,000
฿1,623/เดือน
17
6%
1 ห้องนอน
1 ห้องน้ำ
33.81 ตรม. พื้นที่ใช้สอย
12 ชั้น
ก.พ. 2567 สร้างเสร็จแล้ว
ขาย คอนโด 1 ห้องนอน ในโครงการ THE BASE Height-Chiang Mai (เดอะ เบส ไฮท์-เชียงใหม่)
อสังหาริมทรัพย์นี้เป็น คอนโด สำหรับขาย ขนาด 1 ห้องนอน มีพื้นที่ใช้สอย 33.81 ตรม. ซึ่งยูนิตนี้อยู่ในโครงการ เดอะ เบส ไฮท์-เชียงใหม่ บนทำเลของ วัดเกต, เชียงใหม่ และสร้างเสร็จแล้วเมื่อ ก.พ. 2567 ซึ่งคุณสามารถซื้อ คอนโด นี้ได้ที่ราคา ฿3,060,000 (฿90,506/ตรม.)"
https://www.fazwaz.co.th/%E0%B8%82%E0%B8%B2%E0%B8%A2%E0%B8%9A%E0%B9%89%E0%B8%B2%E0%B8%99/%E0%B8%82%E0%B8%B2%E0%B8%A2-%E0%B8%84%E0%B8%AD%E0%B8%99%E0%B9%82%E0%B8%94-1-%E0%B8%AB%E0%B9%89%E0%B8%AD%E0%B8%87%E0%B8%99%E0%B8%AD%E0%B8%99-%E0%B8%97%E0%B8%B5%E0%B9%88-%E0%B9%80%E0%B8%94%E0%B8%AD%E0%B8%B0-%E0%B9%80%E0%B8%9A%E0%B8%AA-%E0%B9%84%E0%B8%AE%E0%B8%97%E0%B9%8C-%E0%B9%80%E0%B8%8A%E0%B8%B5%E0%B8%A2%E0%B8%87%E0%B9%83%E0%B8%AB%E0%B8%A1%E0%B9%88-%E0%B9%83%E0%B8%99-%E0%B8%A7%E0%B8%B1%E0%B8%94%E0%B9%80%E0%B8%81%E0%B8%95-%E0%B9%80%E0%B8%8A%E0%B8%B5%E0%B8%A2%E0%B8%87%E0%B9%83%E0%B8%AB%E0%B8%A1%E0%B9%88-u5570816,"ขาย คอนโด 1 ห้องนอน ในโครงการ THE BASE Height-Chiang Mai (เดอะ เบส ไฮท์-เชียงใหม่)
วัดเกต, เมืองเชียงใหม่,
เชียงใหม่
฿3,380,000
฿1,628/เดือน
17
6%
1 ห้องนอน
1 ห้องน้ำ
33.91 ตรม. พื้นที่ใช้สอย
14 ชั้น
ก.พ. 2567 สร้างเสร็จแล้ว
ขาย คอนโด 1 ห้องนอน ในโครงการ THE BASE Height-Chiang Mai (เดอะ เบส ไฮท์-เชียงใหม่)
อสังหาริมทรัพย์นี้เป็น คอนโด สำหรับขาย ขนาด 1 ห้องนอน มีพื้นที่ใช้สอย 33.91 ตรม. ซึ่งยูนิตนี้อยู่ในโครงการ เดอะ เบส ไฮท์-เชียงใหม่ บนทำเลของ วัดเกต, เชียงใหม่ และสร้างเสร็จแล้วเมื่อ ก.พ. 2567 ซึ่งคุณสามารถซื้อ คอนโด นี้ได้ที่ราคา ฿3,380,000 (฿99,676/ตรม.)"
https://www.fazwaz.co.th/%E0%B8%82%E0%B8%B2%E0%B8%A2%E0%B8%9A%E0%B9%89%E0%B8%B2%E0%B8%99/%E0%B8%82%E0%B8%B2%E0%B8%A2-%E0%B8%84%E0%B8%AD%E0%B8%99%E0%B9%82%E0%B8%94-1-%E0%B8%AB%E0%B9%89%E0%B8%AD%E0%B8%87%E0%B8%99%E0%B8%AD%E0%B8%99-%E0%B8%97%E0%B8%B5%E0%B9%88-%E0%B9%80%E0%B8%94%E0%B8%AD%E0%B8%B0-%E0%B9%80%E0%B8%9A%E0%B8%AA-%E0%B9%84%E0%B8%AE%E0%B8%97%E0%B9%8C-%E0%B9%80%E0%B8%8A%E0%B8%B5%E0%B8%A2%E0%B8%87%E0%B9%83%E0%B8%AB%E0%B8%A1%E0%B9%88-%E0%B9%83%E0%B8%99-%E0%B8%A7%E0%B8%B1%E0%B8%94%E0%B9%80%E0%B8%81%E0%B8%95-%E0%B9%80%E0%B8%8A%E0%B8%B5%E0%B8%A2%E0%B8%87%E0%B9%83%E0%B8%AB%E0%B8%A1%E0%B9%88-u5570817,"ขาย คอนโด 1 ห้องนอน ในโครงการ THE BASE Height-Chiang Mai (เดอะ เบส ไฮท์-เชียงใหม่)
วัดเกต, เมืองเชียงใหม่,
เชียงใหม่
฿3,430,000
฿1,647/เดือน
17
6%
1 ห้องนอน
1 ห้องน้ำ
34.31 ตรม. พื้นที่ใช้สอย
14 ชั้น
ก.พ. 2567 สร้างเสร็จแล้ว
ขาย คอนโด 1 ห้องนอน ในโครงการ THE BASE Height-Chiang Mai (เดอะ เบส ไฮท์-เชียงใหม่)
อสังหาริมทรัพย์นี้เป็น คอนโด สำหรับขาย ขนาด 1 ห้องนอน มีพื้นที่ใช้สอย 34.31 ตรม. ซึ่งยูนิตนี้อยู่ในโครงการ เดอะ เบส ไฮท์-เชียงใหม่ บนทำเลของ วัดเกต, เชียงใหม่ และสร้างเสร็จแล้วเมื่อ ก.พ. 2567 ซึ่งคุณสามารถซื้อ คอนโด นี้ได้ที่ราคา ฿3,430,000 (฿99,971/ตรม.)"
https://www.fazwaz.co.th/%E0%B8%82%E0%B8%B2%E0%B8%A2%E0%B8%9A%E0%B9%89%E0%B8%B2%E0%B8%99/%E0%B8%82%E0%B8%B2%E0%B8%A2-%E0%B8%84%E0%B8%AD%E0%B8%99%E0%B9%82%E0%B8%94-1-%E0%B8%AB%E0%B9%89%E0%B8%AD%E0%B8%87%E0%B8%99%E0%B8%AD%E0%B8%99-%E0%B8%97%E0%B8%B5%E0%B9%88-%E0%B9%80%E0%B8%94%E0%B8%AD%E0%B8%B0-%E0%B9%80%E0%B8%9A%E0%B8%AA-%E0%B9%84%E0%B8%AE%E0%B8%97%E0%B9%8C-%E0%B9%80%E0%B8%8A%E0%B8%B5%E0%B8%A2%E0%B8%87%E0%B9%83%E0%B8%AB%E0%B8%A1%E0%B9%88-%E0%B9%83%E0%B8%99-%E0%B8%A7%E0%B8%B1%E0%B8%94%E0%B9%80%E0%B8%81%E0%B8%95-%E0%B9%80%E0%B8%8A%E0%B8%B5%E0%B8%A2%E0%B8%87%E0%B9%83%E0%B8%AB%E0%B8%A1%E0%B9%88-u5570818,"ขาย คอนโด 1 ห้องนอน ในโครงการ THE BASE Height-Chiang Mai (เดอะ เบส ไฮท์-เชียงใหม่)
วัดเกต, เมืองเชียงใหม่,
เชียงใหม่
฿3,240,000
฿1,627/เดือน
17
6%
1 ห้องนอน
1 ห้องน้ำ
33.90 ตรม. พื้นที่ใช้สอย
14 ชั้น
ก.พ. 2567 สร้างเสร็จแล้ว
ขาย คอนโด 1 ห้องนอน ในโครงการ THE BASE Height-Chiang Mai (เดอะ เบส ไฮท์-เชียงใหม่)
อสังหาริมทรัพย์นี้เป็น คอนโด สำหรับขาย ขนาด 1 ห้องนอน มีพื้นที่ใช้สอย 33.90 ตรม. ซึ่งยูนิตนี้อยู่ในโครงการ เดอะ เบส ไฮท์-เชียงใหม่ บนทำเลของ วัดเกต, เชียงใหม่ และสร้างเสร็จแล้วเมื่อ ก.พ. 2567 ซึ่งคุณสามารถซื้อ คอนโด นี้ได้ที่ราคา ฿3,240,000 (฿95,575/ตรม.)"
https://www.fazwaz.co.th/%E0%B8%82%E0%B8%B2%E0%B8%A2%E0%B8%9A%E0%B9%89%E0%B8%B2%E0%B8%99/%E0%B8%82%E0%B8%B2%E0%B8%A2-%E0%B8%84%E0%B8%AD%E0%B8%99%E0%B9%82%E0%B8%94-1-%E0%B8%AB%E0%B9%89%E0%B8%AD%E0%B8%87%E0%B8%99%E0%B8%AD%E0%B8%99-%E0%B8%97%E0%B8%B5%E0%B9%88-%E0%B9%80%E0%B8%94%E0%B8%AD%E0%B8%B0-%E0%B9%80%E0%B8%9A%E0%B8%AA-%E0%B9%84%E0%B8%AE%E0%B8%97%E0%B9%8C-%E0%B9%80%E0%B8%8A%E0%B8%B5%E0%B8%A2%E0%B8%87%E0%B9%83%E0%B8%AB%E0%B8%A1%E0%B9%88-%E0%B9%83%E0%B8%99-%E0%B8%A7%E0%B8%B1%E0%B8%94%E0%B9%80%E0%B8%81%E0%B8%95-%E0%B9%80%E0%B8%8A%E0%B8%B5%E0%B8%A2%E0%B8%87%E0%B9%83%E0%B8%AB%E0%B8%A1%E0%B9%88-u5570819,"ขาย คอนโด 1 ห้องนอน ในโครงการ THE BASE Height-Chiang Mai (เดอะ เบส ไฮท์-เชียงใหม่)
วัดเกต, เมืองเชียงใหม่,
เชียงใหม่
฿3,290,000
฿1,623/เดือน
17
6%
1 ห้องนอน
1 ห้องน้ำ
33.81 ตรม. พื้นที่ใช้สอย
14 ชั้น
ก.พ. 2567 สร้างเสร็จแล้ว
ขาย คอนโด 1 ห้องนอน ในโครงการ THE BASE Height-Chiang Mai (เดอะ เบส ไฮท์-เชียงใหม่)
อสังหาริมทรัพย์นี้เป็น คอนโด สำหรับขาย ขนาด 1 ห้องนอน มีพื้นที่ใช้สอย 33.81 ตรม. ซึ่งยูนิตนี้อยู่ในโครงการ เดอะ เบส ไฮท์-เชียงใหม่ บนทำเลของ วัดเกต, เชียงใหม่ และสร้างเสร็จแล้วเมื่อ ก.พ. 2567 ซึ่งคุณสามารถซื้อ คอนโด นี้ได้ที่ราคา ฿3,290,000 (฿97,308/ตรม.)"
https://www.fazwaz.co.th/%E0%B8%82%E0%B8%B2%E0%B8%A2%E0%B8%9A%E0%B9%89%E0%B8%B2%E0%B8%99/%E0%B8%82%E0%B8%B2%E0%B8%A2-%E0%B8%84%E0%B8%AD%E0%B8%99%E0%B9%82%E0%B8%94-1-%E0%B8%AB%E0%B9%89%E0%B8%AD%E0%B8%87%E0%B8%99%E0%B8%AD%E0%B8%99-%E0%B8%97%E0%B8%B5%E0%B9%88-%E0%B9%80%E0%B8%94%E0%B8%AD%E0%B8%B0-%E0%B9%80%E0%B8%9A%E0%B8%AA-%E0%B9%84%E0%B8%AE%E0%B8%97%E0%B9%8C-%E0%B9%80%E0%B8%8A%E0%B8%B5%E0%B8%A2%E0%B8%87%E0%B9%83%E0%B8%AB%E0%B8%A1%E0%B9%88-%E0%B9%83%E0%B8%99-%E0%B8%A7%E0%B8%B1%E0%B8%94%E0%B9%80%E0%B8%81%E0%B8%95-%E0%B9%80%E0%B8%8A%E0%B8%B5%E0%B8%A2%E0%B8%87%E0%B9%83%E0%B8%AB%E0%B8%A1%E0%B9%88-u5570820,"ขาย คอนโด 1 ห้องนอน ในโครงการ THE BASE Height-Chiang Mai (เดอะ เบส ไฮท์-เชียงใหม่)
วัดเกต, เมืองเชียงใหม่,
เชียงใหม่
฿3,270,000
฿1,620/เดือน
17
6%
1 ห้องนอน
1 ห้องน้ำ
33.76 ตรม. พื้นที่ใช้สอย
14 ชั้น
ก.พ. 2567 สร้างเสร็จแล้ว
ขาย คอนโด 1 ห้องนอน ในโครงการ THE BASE Height-Chiang Mai (เดอะ เบส ไฮท์-เชียงใหม่)
อสังหาริมทรัพย์นี้เป็น คอนโด สำหรับขาย ขนาด 1 ห้องนอน มีพื้นที่ใช้สอย 33.76 ตรม. ซึ่งยูนิตนี้อยู่ในโครงการ เดอะ เบส ไฮท์-เชียงใหม่ บนทำเลของ วัดเกต, เชียงใหม่ และสร้างเสร็จแล้วเมื่อ ก.พ. 2567 ซึ่งคุณสามารถซื้อ คอนโด นี้ได้ที่ราคา ฿3,270,000 (฿96,860/ตรม.)"
https://www.fazwaz.co.th/%E0%B8%82%E0%B8%B2%E0%B8%A2%E0%B8%9A%E0%B9%89%E0%B8%B2%E0%B8%99/%E0%B8%82%E0%B8%B2%E0%B8%A2-%E0%B8%84%E0%B8%AD%E0%B8%99%E0%B9%82%E0%B8%94-1-%E0%B8%AB%E0%B9%89%E0%B8%AD%E0%B8%87%E0%B8%99%E0%B8%AD%E0%B8%99-%E0%B8%97%E0%B8%B5%E0%B9%88-%E0%B9%80%E0%B8%94%E0%B8%AD%E0%B8%B0-%E0%B9%80%E0%B8%9A%E0%B8%AA-%E0%B9%84%E0%B8%AE%E0%B8%97%E0%B9%8C-%E0%B9%80%E0%B8%8A%E0%B8%B5%E0%B8%A2%E0%B8%87%E0%B9%83%E0%B8%AB%E0%B8%A1%E0%B9%88-%E0%B9%83%E0%B8%99-%E0%B8%A7%E0%B8%B1%E0%B8%94%E0%B9%80%E0%B8%81%E0%B8%95-%E0%B9%80%E0%B8%8A%E0%B8%B5%E0%B8%A2%E0%B8%87%E0%B9%83%E0%B8%AB%E0%B8%A1%E0%B9%88-u5570821,"ขาย คอนโด 1 ห้องนอน ในโครงการ THE BASE Height-Chiang Mai (เดอะ เบส ไฮท์-เชียงใหม่)
วัดเกต, เมืองเชียงใหม่,
เชียงใหม่
฿3,360,000
฿1,644/เดือน
17
6%
1 ห้องนอน
1 ห้องน้ำ
34.26 ตรม. พื้นที่ใช้สอย
14 ชั้น
ก.พ. 2567 สร้างเสร็จแล้ว
ขาย คอนโด 1 ห้องนอน ในโครงการ THE BASE Height-Chiang Mai (เดอะ เบส ไฮท์-เชียงใหม่)
อสังหาริมทรัพย์นี้เป็น คอนโด สำหรับขาย ขนาด 1 ห้องนอน มีพื้นที่ใช้สอย 34.26 ตรม. ซึ่งยูนิตนี้อยู่ในโครงการ เดอะ เบส ไฮท์-เชียงใหม่ บนทำเลของ วัดเกต, เชียงใหม่ และสร้างเสร็จแล้วเมื่อ ก.พ. 2567 ซึ่งคุณสามารถซื้อ คอนโด นี้ได้ที่ราคา ฿3,360,000 (฿98,074/ตรม.)"
https://www.fazwaz.co.th/%E0%B8%82%E0%B8%B2%E0%B8%A2%E0%B8%9A%E0%B9%89%E0%B8%B2%E0%B8%99/%E0%B8%82%E0%B8%B2%E0%B8%A2-%E0%B8%84%E0%B8%AD%E0%B8%99%E0%B9%82%E0%B8%94-1-%E0%B8%AB%E0%B9%89%E0%B8%AD%E0%B8%87%E0%B8%99%E0%B8%AD%E0%B8%99-%E0%B8%97%E0%B8%B5%E0%B9%88-%E0%B9%80%E0%B8%94%E0%B8%AD%E0%B8%B0-%E0%B9%80%E0%B8%9A%E0%B8%AA-%E0%B9%84%E0%B8%AE%E0%B8%97%E0%B9%8C-%E0%B9%80%E0%B8%8A%E0%B8%B5%E0%B8%A2%E0%B8%87%E0%B9%83%E0%B8%AB%E0%B8%A1%E0%B9%88-%E0%B9%83%E0%B8%99-%E0%B8%A7%E0%B8%B1%E0%B8%94%E0%B9%80%E0%B8%81%E0%B8%95-%E0%B9%80%E0%B8%8A%E0%B8%B5%E0%B8%A2%E0%B8%87%E0%B9%83%E0%B8%AB%E0%B8%A1%E0%B9%88-u5570822,"ขาย คอนโด 1 ห้องนอน ในโครงการ THE BASE Height-Chiang Mai (เดอะ เบส ไฮท์-เชียงใหม่)
วัดเกต, เมืองเชียงใหม่,
เชียงใหม่
฿3,270,000
฿1,627/เดือน
17
6%
1 ห้องนอน
1 ห้องน้ำ
33.90 ตรม. พื้นที่ใช้สอย
14 ชั้น
ก.พ. 2567 สร้างเสร็จแล้ว
ขาย คอนโด 1 ห้องนอน ในโครงการ THE BASE Height-Chiang Mai (เดอะ เบส ไฮท์-เชียงใหม่)
อสังหาริมทรัพย์นี้เป็น คอนโด สำหรับขาย ขนาด 1 ห้องนอน มีพื้นที่ใช้สอย 33.90 ตรม. ซึ่งยูนิตนี้อยู่ในโครงการ เดอะ เบส ไฮท์-เชียงใหม่ บนทำเลของ วัดเกต, เชียงใหม่ และสร้างเสร็จแล้วเมื่อ ก.พ. 2567 ซึ่งคุณสามารถซื้อ คอนโด นี้ได้ที่ราคา ฿3,270,000 (฿96,460/ตรม.)"
https://www.fazwaz.co.th/%E0%B8%82%E0%B8%B2%E0%B8%A2%E0%B8%9A%E0%B9%89%E0%B8%B2%E0%B8%99/%E0%B8%82%E0%B8%B2%E0%B8%A2-%E0%B8%84%E0%B8%AD%E0%B8%99%E0%B9%82%E0%B8%94-1-%E0%B8%AB%E0%B9%89%E0%B8%AD%E0%B8%87%E0%B8%99%E0%B8%AD%E0%B8%99-%E0%B8%97%E0%B8%B5%E0%B9%88-%E0%B9%80%E0%B8%94%E0%B8%AD%E0%B8%B0-%E0%B9%80%E0%B8%9A%E0%B8%AA-%E0%B9%84%E0%B8%AE%E0%B8%97%E0%B9%8C-%E0%B9%80%E0%B8%8A%E0%B8%B5%E0%B8%A2%E0%B8%87%E0%B9%83%E0%B8%AB%E0%B8%A1%E0%B9%88-%E0%B9%83%E0%B8%99-%E0%B8%A7%E0%B8%B1%E0%B8%94%E0%B9%80%E0%B8%81%E0%B8%95-%E0%B9%80%E0%B8%8A%E0%B8%B5%E0%B8%A2%E0%B8%87%E0%B9%83%E0%B8%AB%E0%B8%A1%E0%B9%88-u5570823,"ขาย คอนโด 1 ห้องนอน ในโครงการ THE BASE Height-Chiang Mai (เดอะ เบส ไฮท์-เชียงใหม่)
วัดเกต, เมืองเชียงใหม่,
เชียงใหม่
฿3,350,000
฿1,623/เดือน
17
6%
1 ห้องนอน
1 ห้องน้ำ
33.81 ตรม. พื้นที่ใช้สอย
17 ชั้น
ก.พ. 2567 สร้างเสร็จแล้ว
ขาย คอนโด 1 ห้องนอน ในโครงการ THE BASE Height-Chiang Mai (เดอะ เบส ไฮท์-เชียงใหม่)
อสังหาริมทรัพย์นี้เป็น คอนโด สำหรับขาย ขนาด 1 ห้องนอน มีพื้นที่ใช้สอย 33.81 ตรม. ซึ่งยูนิตนี้อยู่ในโครงการ เดอะ เบส ไฮท์-เชียงใหม่ บนทำเลของ วัดเกต, เชียงใหม่ และสร้างเสร็จแล้วเมื่อ ก.พ. 2567 ซึ่งคุณสามารถซื้อ คอนโด นี้ได้ที่ราคา ฿3,350,000 (฿99,083/ตรม.)"
https://www.fazwaz.co.th/%E0%B8%82%E0%B8%B2%E0%B8%A2%E0%B8%9A%E0%B9%89%E0%B8%B2%E0%B8%99/%E0%B8%82%E0%B8%B2%E0%B8%A2-%E0%B8%84%E0%B8%AD%E0%B8%99%E0%B9%82%E0%B8%94-1-%E0%B8%AB%E0%B9%89%E0%B8%AD%E0%B8%87%E0%B8%99%E0%B8%AD%E0%B8%99-%E0%B8%97%E0%B8%B5%E0%B9%88-%E0%B9%80%E0%B8%94%E0%B8%AD%E0%B8%B0-%E0%B9%80%E0%B8%9A%E0%B8%AA-%E0%B9%84%E0%B8%AE%E0%B8%97%E0%B9%8C-%E0%B9%80%E0%B8%8A%E0%B8%B5%E0%B8%A2%E0%B8%87%E0%B9%83%E0%B8%AB%E0%B8%A1%E0%B9%88-%E0%B9%83%E0%B8%99-%E0%B8%A7%E0%B8%B1%E0%B8%94%E0%B9%80%E0%B8%81%E0%B8%95-%E0%B9%80%E0%B8%8A%E0%B8%B5%E0%B8%A2%E0%B8%87%E0%B9%83%E0%B8%AB%E0%B8%A1%E0%B9%88-u5570824,"ขาย คอนโด 1 ห้องนอน ในโครงการ THE BASE Height-Chiang Mai (เดอะ เบส ไฮท์-เชียงใหม่)
วัดเกต, เมืองเชียงใหม่,
เชียงใหม่
฿3,380,000
฿1,623/เดือน
17
6%
1 ห้องนอน
1 ห้องน้ำ
33.81 ตรม. พื้นที่ใช้สอย
17 ชั้น
ก.พ. 2567 สร้างเสร็จแล้ว
ขาย คอนโด 1 ห้องนอน ในโครงการ THE BASE Height-Chiang Mai (เดอะ เบส ไฮท์-เชียงใหม่)
อสังหาริมทรัพย์นี้เป็น คอนโด สำหรับขาย ขนาด 1 ห้องนอน มีพื้นที่ใช้สอย 33.81 ตรม. ซึ่งยูนิตนี้อยู่ในโครงการ เดอะ เบส ไฮท์-เชียงใหม่ บนทำเลของ วัดเกต, เชียงใหม่ และสร้างเสร็จแล้วเมื่อ ก.พ. 2567 ซึ่งคุณสามารถซื้อ คอนโด นี้ได้ที่ราคา ฿3,380,000 (฿99,970/ตรม.)"
https://www.fazwaz.co.th/%E0%B8%82%E0%B8%B2%E0%B8%A2%E0%B8%9A%E0%B9%89%E0%B8%B2%E0%B8%99/%E0%B8%82%E0%B8%B2%E0%B8%A2-%E0%B8%84%E0%B8%AD%E0%B8%99%E0%B9%82%E0%B8%94-1-%E0%B8%AB%E0%B9%89%E0%B8%AD%E0%B8%87%E0%B8%99%E0%B8%AD%E0%B8%99-%E0%B8%97%E0%B8%B5%E0%B9%88-%E0%B9%80%E0%B8%94%E0%B8%AD%E0%B8%B0-%E0%B9%80%E0%B8%9A%E0%B8%AA-%E0%B9%84%E0%B8%AE%E0%B8%97%E0%B9%8C-%E0%B9%80%E0%B8%8A%E0%B8%B5%E0%B8%A2%E0%B8%87%E0%B9%83%E0%B8%AB%E0%B8%A1%E0%B9%88-%E0%B9%83%E0%B8%99-%E0%B8%A7%E0%B8%B1%E0%B8%94%E0%B9%80%E0%B8%81%E0%B8%95-%E0%B9%80%E0%B8%8A%E0%B8%B5%E0%B8%A2%E0%B8%87%E0%B9%83%E0%B8%AB%E0%B8%A1%E0%B9%88-u5570825,"ขาย คอนโด 1 ห้องนอน ในโครงการ THE BASE Height-Chiang Mai (เดอะ เบส ไฮท์-เชียงใหม่)
วัดเกต, เมืองเชียงใหม่,
เชียงใหม่
฿3,250,000
฿1,623/เดือน
17
6%
1 ห้องนอน
1 ห้องน้ำ
33.81 ตรม. พื้นที่ใช้สอย
17 ชั้น
ก.พ. 2567 สร้างเสร็จแล้ว
ขาย คอนโด 1 ห้องนอน ในโครงการ THE BASE Height-Chiang Mai (เดอะ เบส ไฮท์-เชียงใหม่)
อสังหาริมทรัพย์นี้เป็น คอนโด สำหรับขาย ขนาด 1 ห้องนอน มีพื้นที่ใช้สอย 33.81 ตรม. ซึ่งยูนิตนี้อยู่ในโครงการ เดอะ เบส ไฮท์-เชียงใหม่ บนทำเลของ วัดเกต, เชียงใหม่ และสร้างเสร็จแล้วเมื่อ ก.พ. 2567 ซึ่งคุณสามารถซื้อ คอนโด นี้ได้ที่ราคา ฿3,250,000 (฿96,125/ตรม.)"
https://www.fazwaz.co.th/%E0%B8%82%E0%B8%B2%E0%B8%A2%E0%B8%9A%E0%B9%89%E0%B8%B2%E0%B8%99/%E0%B8%82%E0%B8%B2%E0%B8%A2-%E0%B8%84%E0%B8%AD%E0%B8%99%E0%B9%82%E0%B8%94-1-%E0%B8%AB%E0%B9%89%E0%B8%AD%E0%B8%87%E0%B8%99%E0%B8%AD%E0%B8%99-%E0%B8%97%E0%B8%B5%E0%B9%88-%E0%B9%80%E0%B8%94%E0%B8%AD%E0%B8%B0-%E0%B9%80%E0%B8%9A%E0%B8%AA-%E0%B9%84%E0%B8%AE%E0%B8%97%E0%B9%8C-%E0%B9%80%E0%B8%8A%E0%B8%B5%E0%B8%A2%E0%B8%87%E0%B9%83%E0%B8%AB%E0%B8%A1%E0%B9%88-%E0%B9%83%E0%B8%99-%E0%B8%A7%E0%B8%B1%E0%B8%94%E0%B9%80%E0%B8%81%E0%B8%95-%E0%B9%80%E0%B8%8A%E0%B8%B5%E0%B8%A2%E0%B8%87%E0%B9%83%E0%B8%AB%E0%B8%A1%E0%B9%88-u5570826,"ขาย คอนโด 1 ห้องนอน ในโครงการ THE BASE Height-Chiang Mai (เดอะ เบส ไฮท์-เชียงใหม่)
วัดเกต, เมืองเชียงใหม่,
เชียงใหม่
฿3,320,000
฿1,628/เดือน
17
6%
1 ห้องนอน
1 ห้องน้ำ
33.91 ตรม. พื้นที่ใช้สอย
19 ชั้น
ก.พ. 2567 สร้างเสร็จแล้ว
ขาย คอนโด 1 ห้องนอน ในโครงการ THE BASE Height-Chiang Mai (เดอะ เบส ไฮท์-เชียงใหม่)
อสังหาริมทรัพย์นี้เป็น คอนโด สำหรับขาย ขนาด 1 ห้องนอน มีพื้นที่ใช้สอย 33.91 ตรม. ซึ่งยูนิตนี้อยู่ในโครงการ เดอะ เบส ไฮท์-เชียงใหม่ บนทำเลของ วัดเกต, เชียงใหม่ และสร้างเสร็จแล้วเมื่อ ก.พ. 2567 ซึ่งคุณสามารถซื้อ คอนโด นี้ได้ที่ราคา ฿3,320,000 (฿97,906/ตรม.)"
https://www.fazwaz.co.th/%E0%B8%82%E0%B8%B2%E0%B8%A2%E0%B8%9A%E0%B9%89%E0%B8%B2%E0%B8%99/%E0%B8%82%E0%B8%B2%E0%B8%A2-%E0%B8%84%E0%B8%AD%E0%B8%99%E0%B9%82%E0%B8%94-1-%E0%B8%AB%E0%B9%89%E0%B8%AD%E0%B8%87%E0%B8%99%E0%B8%AD%E0%B8%99-%E0%B8%97%E0%B8%B5%E0%B9%88-%E0%B9%80%E0%B8%94%E0%B8%AD%E0%B8%B0-%E0%B9%80%E0%B8%9A%E0%B8%AA-%E0%B9%84%E0%B8%AE%E0%B8%97%E0%B9%8C-%E0%B9%80%E0%B8%8A%E0%B8%B5%E0%B8%A2%E0%B8%87%E0%B9%83%E0%B8%AB%E0%B8%A1%E0%B9%88-%E0%B9%83%E0%B8%99-%E0%B8%A7%E0%B8%B1%E0%B8%94%E0%B9%80%E0%B8%81%E0%B8%95-%E0%B9%80%E0%B8%8A%E0%B8%B5%E0%B8%A2%E0%B8%87%E0%B9%83%E0%B8%AB%E0%B8%A1%E0%B9%88-u5570827,"ขาย คอนโด 1 ห้องนอน ในโครงการ THE BASE Height-Chiang Mai (เดอะ เบส ไฮท์-เชียงใหม่)
วัดเกต, เมืองเชียงใหม่,
เชียงใหม่
฿3,370,000
฿1,639/เดือน
17
6%
1 ห้องนอน
1 ห้องน้ำ
34.15 ตรม. พื้นที่ใช้สอย
19 ชั้น
ก.พ. 2567 สร้างเสร็จแล้ว
ขาย คอนโด 1 ห้องนอน ในโครงการ THE BASE Height-Chiang Mai (เดอะ เบส ไฮท์-เชียงใหม่)
อสังหาริมทรัพย์นี้เป็น คอนโด สำหรับขาย ขนาด 1 ห้องนอน มีพื้นที่ใช้สอย 34.15 ตรม. ซึ่งยูนิตนี้อยู่ในโครงการ เดอะ เบส ไฮท์-เชียงใหม่ บนทำเลของ วัดเกต, เชียงใหม่ และสร้างเสร็จแล้วเมื่อ ก.พ. 2567 ซึ่งคุณสามารถซื้อ คอนโด นี้ได้ที่ราคา ฿3,370,000 (฿98,682/ตรม.)"
https://www.fazwaz.co.th/%E0%B8%82%E0%B8%B2%E0%B8%A2%E0%B8%9A%E0%B9%89%E0%B8%B2%E0%B8%99/%E0%B8%82%E0%B8%B2%E0%B8%A2-%E0%B8%84%E0%B8%AD%E0%B8%99%E0%B9%82%E0%B8%94-1-%E0%B8%AB%E0%B9%89%E0%B8%AD%E0%B8%87%E0%B8%99%E0%B8%AD%E0%B8%99-%E0%B8%97%E0%B8%B5%E0%B9%88-%E0%B9%80%E0%B8%94%E0%B8%AD%E0%B8%B0-%E0%B9%80%E0%B8%9A%E0%B8%AA-%E0%B9%84%E0%B8%AE%E0%B8%97%E0%B9%8C-%E0%B9%80%E0%B8%8A%E0%B8%B5%E0%B8%A2%E0%B8%87%E0%B9%83%E0%B8%AB%E0%B8%A1%E0%B9%88-%E0%B9%83%E0%B8%99-%E0%B8%A7%E0%B8%B1%E0%B8%94%E0%B9%80%E0%B8%81%E0%B8%95-%E0%B9%80%E0%B8%8A%E0%B8%B5%E0%B8%A2%E0%B8%87%E0%B9%83%E0%B8%AB%E0%B8%A1%E0%B9%88-u5570828,"ขาย คอนโด 1 ห้องนอน ในโครงการ THE BASE Height-Chiang Mai (เดอะ เบส ไฮท์-เชียงใหม่)
วัดเกต, เมืองเชียงใหม่,
เชียงใหม่
฿2,890,000
฿1,411/เดือน
17
6%
1 ห้องนอน
1 ห้องน้ำ
29.40 ตรม. พื้นที่ใช้สอย
19 ชั้น
ก.พ. 2567 สร้างเสร็จแล้ว
ขาย คอนโด 1 ห้องนอน ในโครงการ THE BASE Height-Chiang Mai (เดอะ เบส ไฮท์-เชียงใหม่)
อสังหาริมทรัพย์นี้เป็น คอนโด สำหรับขาย ขนาด 1 ห้องนอน มีพื้นที่ใช้สอย 29.40 ตรม. ซึ่งยูนิตนี้อยู่ในโครงการ เดอะ เบส ไฮท์-เชียงใหม่ บนทำเลของ วัดเกต, เชียงใหม่ และสร้างเสร็จแล้วเมื่อ ก.พ. 2567 ซึ่งคุณสามารถซื้อ คอนโด นี้ได้ที่ราคา ฿2,890,000 (฿98,299/ตรม.)"
https://www.fazwaz.co.th/%E0%B8%82%E0%B8%B2%E0%B8%A2%E0%B8%9A%E0%B9%89%E0%B8%B2%E0%B8%99/%E0%B8%82%E0%B8%B2%E0%B8%A2-%E0%B8%84%E0%B8%AD%E0%B8%99%E0%B9%82%E0%B8%94-1-%E0%B8%AB%E0%B9%89%E0%B8%AD%E0%B8%87%E0%B8%99%E0%B8%AD%E0%B8%99-%E0%B8%97%E0%B8%B5%E0%B9%88-%E0%B9%80%E0%B8%94%E0%B8%AD%E0%B8%B0-%E0%B9%80%E0%B8%9A%E0%B8%AA-%E0%B9%84%E0%B8%AE%E0%B8%97%E0%B9%8C-%E0%B9%80%E0%B8%8A%E0%B8%B5%E0%B8%A2%E0%B8%87%E0%B9%83%E0%B8%AB%E0%B8%A1%E0%B9%88-%E0%B9%83%E0%B8%99-%E0%B8%A7%E0%B8%B1%E0%B8%94%E0%B9%80%E0%B8%81%E0%B8%95-%E0%B9%80%E0%B8%8A%E0%B8%B5%E0%B8%A2%E0%B8%87%E0%B9%83%E0%B8%AB%E0%B8%A1%E0%B9%88-u5570832,"ขาย คอนโด 1 ห้องนอน ในโครงการ THE BASE Height-Chiang Mai (เดอะ เบส ไฮท์-เชียงใหม่)
วัดเกต, เมืองเชียงใหม่,
เชียงใหม่
฿3,360,000
฿1,627/เดือน
17
6%
1 ห้องนอน
1 ห้องน้ำ
33.90 ตรม. พื้นที่ใช้สอย
19 ชั้น
ก.พ. 2567 สร้างเสร็จแล้ว
ขาย คอนโด 1 ห้องนอน ในโครงการ THE BASE Height-Chiang Mai (เดอะ เบส ไฮท์-เชียงใหม่)
อสังหาริมทรัพย์นี้เป็น คอนโด สำหรับขาย ขนาด 1 ห้องนอน มีพื้นที่ใช้สอย 33.90 ตรม. ซึ่งยูนิตนี้อยู่ในโครงการ เดอะ เบส ไฮท์-เชียงใหม่ บนทำเลของ วัดเกต, เชียงใหม่ และสร้างเสร็จแล้วเมื่อ ก.พ. 2567 ซึ่งคุณสามารถซื้อ คอนโด นี้ได้ที่ราคา ฿3,360,000 (฿99,115/ตรม.)"
https://www.fazwaz.co.th/%E0%B8%82%E0%B8%B2%E0%B8%A2%E0%B8%9A%E0%B9%89%E0%B8%B2%E0%B8%99/%E0%B8%82%E0%B8%B2%E0%B8%A2-%E0%B8%84%E0%B8%AD%E0%B8%99%E0%B9%82%E0%B8%94-1-%E0%B8%AB%E0%B9%89%E0%B8%AD%E0%B8%87%E0%B8%99%E0%B8%AD%E0%B8%99-%E0%B8%97%E0%B8%B5%E0%B9%88-%E0%B9%80%E0%B8%94%E0%B8%AD%E0%B8%B0-%E0%B9%80%E0%B8%9A%E0%B8%AA-%E0%B9%84%E0%B8%AE%E0%B8%97%E0%B9%8C-%E0%B9%80%E0%B8%8A%E0%B8%B5%E0%B8%A2%E0%B8%87%E0%B9%83%E0%B8%AB%E0%B8%A1%E0%B9%88-%E0%B9%83%E0%B8%99-%E0%B8%A7%E0%B8%B1%E0%B8%94%E0%B9%80%E0%B8%81%E0%B8%95-%E0%B9%80%E0%B8%8A%E0%B8%B5%E0%B8%A2%E0%B8%87%E0%B9%83%E0%B8%AB%E0%B8%A1%E0%B9%88-u5570833,"ขาย คอนโด 1 ห้องนอน ในโครงการ THE BASE Height-Chiang Mai (เดอะ เบส ไฮท์-เชียงใหม่)
วัดเกต, เมืองเชียงใหม่,
เชียงใหม่
฿3,290,000
฿1,623/เดือน
17
6%
1 ห้องนอน
1 ห้องน้ำ
33.81 ตรม. พื้นที่ใช้สอย
19 ชั้น
ก.พ. 2567 สร้างเสร็จแล้ว
ขาย คอนโด 1 ห้องนอน ในโครงการ THE BASE Height-Chiang Mai (เดอะ เบส ไฮท์-เชียงใหม่)
อสังหาริมทรัพย์นี้เป็น คอนโด สำหรับขาย ขนาด 1 ห้องนอน มีพื้นที่ใช้สอย 33.81 ตรม. ซึ่งยูนิตนี้อยู่ในโครงการ เดอะ เบส ไฮท์-เชียงใหม่ บนทำเลของ วัดเกต, เชียงใหม่ และสร้างเสร็จแล้วเมื่อ ก.พ. 2567 ซึ่งคุณสามารถซื้อ คอนโด นี้ได้ที่ราคา ฿3,290,000 (฿97,308/ตรม.)"
https://www.fazwaz.co.th/%E0%B8%82%E0%B8%B2%E0%B8%A2%E0%B8%9A%E0%B9%89%E0%B8%B2%E0%B8%99/%E0%B8%82%E0%B8%B2%E0%B8%A2-%E0%B8%84%E0%B8%AD%E0%B8%99%E0%B9%82%E0%B8%94-1-%E0%B8%AB%E0%B9%89%E0%B8%AD%E0%B8%87%E0%B8%99%E0%B8%AD%E0%B8%99-%E0%B8%97%E0%B8%B5%E0%B9%88-%E0%B9%80%E0%B8%94%E0%B8%AD%E0%B8%B0-%E0%B9%80%E0%B8%9A%E0%B8%AA-%E0%B9%84%E0%B8%AE%E0%B8%97%E0%B9%8C-%E0%B9%80%E0%B8%8A%E0%B8%B5%E0%B8%A2%E0%B8%87%E0%B9%83%E0%B8%AB%E0%B8%A1%E0%B9%88-%E0%B9%83%E0%B8%99-%E0%B8%A7%E0%B8%B1%E0%B8%94%E0%B9%80%E0%B8%81%E0%B8%95-%E0%B9%80%E0%B8%8A%E0%B8%B5%E0%B8%A2%E0%B8%87%E0%B9%83%E0%B8%AB%E0%B8%A1%E0%B9%88-u5570834,"ขาย คอนโด 1 ห้องนอน ในโครงการ THE BASE Height-Chiang Mai (เดอะ เบส ไฮท์-เชียงใหม่)
วัดเกต, เมืองเชียงใหม่,
เชียงใหม่
฿3,290,000
฿1,576/เดือน
17
6%
1 ห้องนอน
1 ห้องน้ำ
32.83 ตรม. พื้นที่ใช้สอย
22 ชั้น
ก.พ. 2567 สร้างเสร็จแล้ว
ขาย คอนโด 1 ห้องนอน ในโครงการ THE BASE Height-Chiang Mai (เดอะ เบส ไฮท์-เชียงใหม่)
อสังหาริมทรัพย์นี้เป็น คอนโด สำหรับขาย ขนาด 1 ห้องนอน มีพื้นที่ใช้สอย 32.83 ตรม. ซึ่งยูนิตนี้อยู่ในโครงการ เดอะ เบส ไฮท์-เชียงใหม่ บนทำเลของ วัดเกต, เชียงใหม่ และสร้างเสร็จแล้วเมื่อ ก.พ. 2567 ซึ่งคุณสามารถซื้อ คอนโด นี้ได้ที่ราคา ฿3,290,000 (฿100,213/ตรม.)"
https://www.fazwaz.co.th/%E0%B8%82%E0%B8%B2%E0%B8%A2%E0%B8%9A%E0%B9%89%E0%B8%B2%E0%B8%99/%E0%B8%82%E0%B8%B2%E0%B8%A2-%E0%B8%84%E0%B8%AD%E0%B8%99%E0%B9%82%E0%B8%94-1-%E0%B8%AB%E0%B9%89%E0%B8%AD%E0%B8%87%E0%B8%99%E0%B8%AD%E0%B8%99-%E0%B8%97%E0%B8%B5%E0%B9%88-%E0%B9%80%E0%B8%94%E0%B8%AD%E0%B8%B0-%E0%B9%80%E0%B8%9A%E0%B8%AA-%E0%B9%84%E0%B8%AE%E0%B8%97%E0%B9%8C-%E0%B9%80%E0%B8%8A%E0%B8%B5%E0%B8%A2%E0%B8%87%E0%B9%83%E0%B8%AB%E0%B8%A1%E0%B9%88-%E0%B9%83%E0%B8%99-%E0%B8%A7%E0%B8%B1%E0%B8%94%E0%B9%80%E0%B8%81%E0%B8%95-%E0%B9%80%E0%B8%8A%E0%B8%B5%E0%B8%A2%E0%B8%87%E0%B9%83%E0%B8%AB%E0%B8%A1%E0%B9%88-u5570835,"ขาย คอนโด 1 ห้องนอน ในโครงการ THE BASE Height-Chiang Mai (เดอะ เบส ไฮท์-เชียงใหม่)
วัดเกต, เมืองเชียงใหม่,
เชียงใหม่
฿2,870,000
฿1,403/เดือน
17
6%
1 ห้องนอน
1 ห้องน้ำ
29.22 ตรม. พื้นที่ใช้สอย
22 ชั้น
ก.พ. 2567 สร้างเสร็จแล้ว
ขาย คอนโด 1 ห้องนอน ในโครงการ THE BASE Height-Chiang Mai (เดอะ เบส ไฮท์-เชียงใหม่)
อสังหาริมทรัพย์นี้เป็น คอนโด สำหรับขาย ขนาด 1 ห้องนอน มีพื้นที่ใช้สอย 29.22 ตรม. ซึ่งยูนิตนี้อยู่ในโครงการ เดอะ เบส ไฮท์-เชียงใหม่ บนทำเลของ วัดเกต, เชียงใหม่ และสร้างเสร็จแล้วเมื่อ ก.พ. 2567 ซึ่งคุณสามารถซื้อ คอนโด นี้ได้ที่ราคา ฿2,870,000 (฿98,220/ตรม.)"
https://www.fazwaz.co.th/%E0%B8%82%E0%B8%B2%E0%B8%A2%E0%B8%9A%E0%B9%89%E0%B8%B2%E0%B8%99/%E0%B8%82%E0%B8%B2%E0%B8%A2-%E0%B8%84%E0%B8%AD%E0%B8%99%E0%B9%82%E0%B8%94-1-%E0%B8%AB%E0%B9%89%E0%B8%AD%E0%B8%87%E0%B8%99%E0%B8%AD%E0%B8%99-%E0%B8%97%E0%B8%B5%E0%B9%88-%E0%B9%80%E0%B8%94%E0%B8%AD%E0%B8%B0-%E0%B9%80%E0%B8%9A%E0%B8%AA-%E0%B9%84%E0%B8%AE%E0%B8%97%E0%B9%8C-%E0%B9%80%E0%B8%8A%E0%B8%B5%E0%B8%A2%E0%B8%87%E0%B9%83%E0%B8%AB%E0%B8%A1%E0%B9%88-%E0%B9%83%E0%B8%99-%E0%B8%A7%E0%B8%B1%E0%B8%94%E0%B9%80%E0%B8%81%E0%B8%95-%E0%B9%80%E0%B8%8A%E0%B8%B5%E0%B8%A2%E0%B8%87%E0%B9%83%E0%B8%AB%E0%B8%A1%E0%B9%88-u5570836,"ขาย คอนโด 1 ห้องนอน ในโครงการ THE BASE Height-Chiang Mai (เดอะ เบส ไฮท์-เชียงใหม่)
วัดเกต, เมืองเชียงใหม่,
เชียงใหม่
฿3,350,000
฿1,623/เดือน
17
6%
1 ห้องนอน
1 ห้องน้ำ
33.81 ตรม. พื้นที่ใช้สอย
22 ชั้น
ก.พ. 2567 สร้างเสร็จแล้ว
ขาย คอนโด 1 ห้องนอน ในโครงการ THE BASE Height-Chiang Mai (เดอะ เบส ไฮท์-เชียงใหม่)
อสังหาริมทรัพย์นี้เป็น คอนโด สำหรับขาย ขนาด 1 ห้องนอน มีพื้นที่ใช้สอย 33.81 ตรม. ซึ่งยูนิตนี้อยู่ในโครงการ เดอะ เบส ไฮท์-เชียงใหม่ บนทำเลของ วัดเกต, เชียงใหม่ และสร้างเสร็จแล้วเมื่อ ก.พ. 2567 ซึ่งคุณสามารถซื้อ คอนโด นี้ได้ที่ราคา ฿3,350,000 (฿99,083/ตรม.)"
