Post_URL,Full_Post_Content
https://www.facebook.com/marketplace/item/1002202211984814/,"3 ห้องนอน 3 ห้องน้ำ - บ้าน
ราคา: ฿3,600,000 | ขาย
🔖ขาย #บ้านเดี่ยวชั้นเดียว #ในหมู่บ้านวังตาล 
โซน  หางดง เชียงใหม่   
✨ 3.6 ล้านบาท ✨

หมู่บ้านร่มรื่น ต้นไม้ที่หลากหลายสายพันธ์ุตลอดสองข้างทางให้คุณได้สัมผัส
#มีสระว่ายน้ำในโครงการ
#มีเจ้าหน้าที่รักษาความปลอดภัยตลอด 24 ชั่วโมง

🚘สะดวกในการเดินทางของคุณ 
.ใกล้สนามบินเพียง10นาที
·  ถนนเชียงใหม่-หางดง
·  ถนนสมโภช700ปี (เส้นวงแหวนรอบ2)
·  ถนนทางหลวงชนบท ชม. หมายเลข 4032 (เส้นเลียบน้ำปิง)
·  ถนนรอบเมืองเชียงใหม่ (เส้นวงแหวนรอบ3)

🏪ใกล้แหล่งอำนวยความสะดวกมากมาย รวมถึงห้างสรรพสินค้าและตลาดสด อีกหลายแห่ง อาทิเช่น Big C, Makro,  และตลาดสดแม่เหียะ ริมปิง Super market สาขาแม่เหียะ
โรงเรียนนานาชาติ
🏡ขนาดพื้นที่ 72 ตารางวา
พื้นที่ใช้สอยขนาด 150 ตารางเมตร 
3 ห้องนอน
3 ห้องน้ำ 
แถมครัว🍳
1 จอดรถ🚘

👏แถม ผ้าม่าน
👏แถม เคาน์เตอร์ครัว ซิ้งค์ เตา 
👏แถม สนามหญ้า
👏แถม แอร์ 15,000 btu 3เครื่อง
👏แถม แท้งค์น้ำ+ปั๊มน้ำ

📲สนใจนัดดูก่อนได้นะคะ
✅️ฟรีบริการด้านสินเชื่อค่ะ
☎️โทร 

#บ้านขายต่ำกว่าราคาตลาด  #บ้านราคาถูก    #บ้านโซนสันผักหวาน  #บ้านโซนหางดง  #บ้านพร้อมอยู่ #บ้านเจ้าของขายเอง  #บ้านเชียงใหม่ #บ้านใกล้เมือง  #บ้านอำเภอเมือง #บ้านล้านต้นๆ #บ้านสันทรายแม่โจ้
#บ้านโซนสารภี #บ้านอำเภอเมือง #บ้านใกล้สนามบิน"
https://www.facebook.com/marketplace/item/1002254428352403/,"บ้าน 3 ห้องนอน 2 ห้องน้ำ
ราคา: ฿5,000 | ขาย
มาแล้ว‼️กับบ้านสร้างใหม่ใกล้เครือสหพัฒน์ลำพูน
เดินทางสะดวก ทำเลตอบโจทย์วัยทำงานสุดๆ
เริ่มต้นเพียง 1.79 ลบ. เท่านั้น
บ้านขนาด 3 ห้องนอน 2 ห้องน้ำ ที่จอดรถ 2 คัน กว้างๆไปเลย
ที่ดินกว้างถึง 70 - 90 ตร.ว. มาก่อนมีสิทธิ์เลือกแปลงก่อนนะครับ

🎀🎀พร้อมรับข้อเสนอสุดพิเศษ >คุ้มสุดๆ<
และของแถมอีกกว่า10รายการ 
✅ฟรีโอน
✅ฟรีมิเตอร์น้ำ
✅ฟรีมิเตอร์ไฟ
✅ฟรีถังเก็บน้ำ 1,000  ลิตร
✅ฟรีปั้มน้ำ
✅ฟรีระบบกำจัดปลวก
✅ฟรีแผ่นสะท้อนความร้อนใต้หลังคา
✅ฟรีสนามหญ้าหน้าบ้าน
✅ฟรีเคาน์เตอร์ห้องครัว  พร้อมซิงก์ล้างจาน
✅ฝักบัว Rain shower   2   ชุด

☎️สนใจติดต่อ/นัดชมโครงการ เพียงโทรหรือแอดไลน์มาที่:👇
[hidden information] ฝ่ายขาย"
https://www.facebook.com/marketplace/item/10025344937549158/,"บ้าน 3 ห้องนอน 2 ห้องน้ำ
ราคา: ฿2,290,000 | ขาย
🏠 ขายบ้านเดี่ยวสร้างใหม่ใกล้ตลาดอุ้ยทา
เนื้อที่: 53 ตรว.

พื้นที่ใช้สอย 111 ตร.ม.
-3ห้องนอน 
-2ห้องน้ำ 
-ห้องรับแขก 
-ที่จอดรถ 

💸 โอนคนละครึ่ง
ขายเพียง 2.29 ล้านบาท

- แถมฟรี 
🆓เครื่องทำน้ำอุ่น
🆓เคาว์เตอร์ครัว
🆓มุ้งลวด

📍สถานที่ใกล้เคียง
-ใกล้ตลาดอุ้ยทา
-โลตัสตลาดสด

Code : S2369
🚨บริษัท ที่ดีดี จำกัด | รับซื้อ | ขาย | เช่า
🚨ซื้อสด รับส่วนลดพิเศษ
🚨จัดหาบ้าน,คอนโด ตามงบประมาณ
🚨สำหรับนักลงทุน พร้อมหาผู้เช่า
🚨เช็คบูโร,แก้เคส,ปิดหนี้,รวมหนี้
🚨ทำเอกสาร,วิเคราะห์สินเชื่อฟรี 
🚨ยื่นกู้ได้ทุกอาชีพ ไม่ต้องดาวน์

📌นัดชมได้ทุกวัน | รับ CO-AGENT
Line : @teedd (มี@)
Tel : [hidden information]

#บ้าน #ขายบ้าน #ขายบ้านเชียงใหม่
#คอนโด #ขายคอนโด #condo"
https://www.facebook.com/marketplace/item/1004332135068996/,"บ้าน 5 ห้องนอน 3 ห้องน้ำ
ราคา: ฿33,000/เดือน | ขาย
v English below v
บ้านในโครงการ ให้เช่าเดือนละ 33,000 บาท เดินทางเพียง 10 นาทีถึงตลาดเจริญเจริญ No.13H555
清迈美丽的2层别墅出租 。每月租金 33,000 泰铢，。No.13H555

บ้านเดี่ยวสองชั้น มี 5 ห้องนอน 3 ห้องน้ำ พื้นที่ 58 ตรว. 
5 卧室，3 浴室。面积 58 平方哇。

สถานที่ใกล้เคียง
-ศูนย์หัตถกรรมร่มบ่อสร้างสันกำแพง
-สนามกอล์ฟเอ็มสปอร์ตคอมเพล็กซ์
-บิ๊กซีดอนจั่น

เฟอร์นิเจอร์ภายใน
-แอร์ 6 เครื่อง
-เครื่องทำน้ำอุ่น 2 เครื่อง
-เตียงนอน 5
-ตู้เสื้อผ้า 2
-โซฟารับแขก 1
-โต๊ะทานข้าว 1
-ทีวี 1 เครื่อง
-ตู้เย็น 1 เครื่อง
-ไมโครเวฟ 1 เครื่อง
-เครื่องซักผ้า 1 เครื่อง

สัญญาขั้นต่ำ 1 ปี
จ่ายเพียง ประกัน 2 เดือน ล่วงหน้า 1 เดือน ทั้งหมดเพียง จ่าย 3 เดือน เข้าอยู่ได้เลยจร้า
สนใจติดต่อ บี 0 9 4 - 3 6 4 4 8 9 6 , แอร์ 0 6 6 - 1 5 8 8 2 4 6 ,  หญิง 0 6 4 - 4 6 2 8 1 1 7
ไลน์ : https://lin.ee/xUfLbHe

A house for rent near by 10 min to Charoen Charoen Market, No.13H555
清迈美丽的2层别墅出租 。每月租金 33,000 泰铢，。No.13H555

Rental monthly is 33,000 THB For 1 Year contact
Condition 1 month in advance & 2 months deposit

House spec : 5 Bedrooms, 3 bathrooms, 58 Sq.w. 
5 卧室，3 浴室。面积 58 平方哇。

Close to
-Bo-Sang Handicrafts Centre
-M sport complex
-Big C Don Jan

Furniture
-Air conditioner 6
-Hot shower 2
-Bed 5
-Wardrobe 2
-Loungeset 1
-Dining table 1
-Television 1
-Refrigerator 1
-Microwave 1
-Washing machine 1

Contact us for more information : BE 0 9 4 - 3 6 4 4 8 9 6 , Aire 0 6 6 - 1 5 8 8 2 4 6 , Ying 0 6 4 - 4 6 2 8 1 1 7
Line : https://lin.ee/xUfLbHe
https://www.baandd-chiangmai.com
#บ้านเช่าเชียงใหม่ #Houseforrentchiangmai
#ချင်းမိုင်တွင်လုံးချင်းအိမ်ငှားရန်ရှိသည်။"
https://www.facebook.com/marketplace/item/1006950831557308/,"บ้าน 3 ห้องนอน 2 ห้องน้ำ
ราคา: ฿23,000/เดือน | ขาย
v English below v
บ้านให้เช่าเดือนละ 23,000 บาท ใกล้บิ๊กซีแม่เหียะเพียง 5 นาที No.9H966
清迈美丽的平房出租 。每月租金 23,000 泰铢，。No.9H966
บ้านเดี่ยวชั้นเดียว มี 3 ห้องนอน 2 ห้องน้ำ พื้นที่ 80 ตรว.
3 卧室，2 浴室。面积 80 平方哇。
สถานที่ใกล้เคียง
-แม็คโครหางดง
-เซ็นทรัลแอร์พอร์ต
-สนามบินเชียงใหม่
เฟอร์นิเจอร์ภายใน
-แอร์ 2 เครื่อง
-เครื่องทำน้ำอุ่น 2 เครื่อง
-เตียงนอน 1
-ตู้เสื้อผ้า 1
-โซฟารับแขก 1
-โต๊ะทานข้าว 1
-ทีวี 1 เครื่อง
สัญญาขั้นต่ำ 1 ปี
จ่ายเพียง ประกัน 2 เดือน ล่วงหน้า 1 เดือน ทั้งหมดเพียง จ่าย 3 เดือน เข้าอยู่ได้เลยจร้า
สนใจติดต่อ BE (บี)  0 9 4 - 3 6 4 4 8 9 6
ID Line : 0943644896
Link Line : https://line.me/ti/p/UoWfAhUEZn
WeChat : Baandeedee44
Line Officials Baan dee dee : https://lin.ee/xUfLbHe



A house for rent good location near by 5 min to Big C Mae Hia, No.9H966
清迈美丽的平房出租 。每月租金 23,000 泰铢，。No.9H966
Rental monthly is 23,000 THB For 1 Year contact
Condition 1 month in advance & 2 months deposit
House spec : 3 Bedrooms, 2 bathrooms, 80 Sq.w. 
3 卧室，2 浴室。面积 80 平方哇。
Close to
-Makro Hangdong
-CentralPlaza Chiangmai Airport
-Chiang Mai International Airport
Furniture
-Air conditioner 2
-Hot shower 2
-Bed 1
-Wardrobe 1
-Loungeset 1
-Dining table 1
-Television 1
Contact us for more information : BE (บี)  0 9 4 - 3 6 4 4 8 9 6
ID Line : 0943644896
Link Line : https://line.me/ti/p/UoWfAhUEZn
WeChat : Baandeedee44
Line Officials Baan dee dee : https://lin.ee/xUfLbHe
https://www.baandd-chiangmai.com
#บ้านเช่าเชียงใหม่ #บ้านให้เช่าเชียงใหม่ #บ้านเชียงใหม่ #เชียงใหม่
#houseforrentinchiangmai #houseinchiangmai #chiangmai
#清迈房屋出租 ＃清迈租房 ＃房出租 ＃租房 ＃找清迈租房 ＃清迈别墅墅
#ချင်းမိုင်တွင်လုံးချင်းအိမ်ငှားရန်ရှိသည်။"
https://www.facebook.com/marketplace/item/1008811141132312/,"4 ห้องนอน 3 ห้องน้ำ - บ้าน
ราคา: ฿35,000/เดือน | ขาย
#ปล่อยเช่าบ้าน  2 ชั้น ในโครงการใจแก้วเอราวัณ31🏡 
อยู่หลังปตท ใหญ่.วัดสันคือ ( มี 7-Eleven, KFC 
,ร้านอาหาร , ร้านสะดวกซื้อ ) หากินง่าย ถนนกว้าง ‼️
ลากกระเป๋าเข้าอยู่ได้เลยคะ มีเฟอร์นิเจอร์และเครื่องใช้ไฟฟ้าครบ ‼️   🚨มีบานเหล็กกันขโมยและกันยุงรอบบ้าน🦟🦟

📍บ้านในโครงการเล็กๆ
📍ไม่มีค่าส่วนกลาง

📣รายละเอียดบ้าน🏡
🌳ตัวบ้านขนาด 144 ตารางเมตร
🌳ที่ดิน 50 ตารางวา
-3 ห้องนอน 
-1 ห้องที่ยังไม่มีเฟอนิเจอร์ สามารถทำเป็นห้องนอน ห้องทำงาน ห้องออกกำลังกาย
-1 ห้องนั่งเล่น / ห้องรับแขก
-1 ห้องครัว
-3 ห้องน้ำ
-1 ที่จอดรถ
✨รายละเอียดเฟอร์นิเจอร์และเครื่องใช้ไฟฟ้า ✨
- เครื่องปรับอากาศ 5 เครื่อง
- Smart TV XIAOMI 55นิ้ว 1 เครื่อง 
- ชุดเตียงนอน 6 ฟุต 1 ชุดสำหรับห้องนอนใหญ่ (รวมตู้เสื้อผ้า โต๊ะเครื่องแป้ง โต๊ะหัวเตียง)
-ชุดเตียงนอน 6ฟุต 1 ชุดสำหรับห้องนอนกลาง(รวมตู้เสื้อผ้า โต๊ะเครื่องแป้ง)
-ชุดเตียงนอน 5ฟุต 1 ชุดสำหรับห้องนอนเล็ก(รวมตู้เสื้อผ้า โต๊ะเครื่องแป้ง)
- เครื่องทำน้ำอุ่น 3 เครื่อง
- โซฟาหนังแท้ 1 ชุด พร้อมโต๊ะกลาง
- โต๊ะรับประทานอาหาร พร้อมเก้าอี้ 6 ตัว
- เตาฝังแก๊ส พร้อม hood ดูดควัน
- ไมโครเวฟ  1 เครื่อง
- ตู้เย็นLG  2ประตู ขนาด 14 Q 1เครื่อง
- เครื่องซักผ้า LG ฝาบน18 kg 1 เครื่อง

📍สถานที่ใกล้เคียง📍
🟢เชียงใหม่89พลาซ่า 4.7 กม.
🟢เซ็นทรัลแอร์พอต  7.8กม.
🟢สนามบินเชียงใหม่ 9.5 กม.
🟢 Big C ดอกจั่น 4.8 กม.
🟢เซ็นทรัลเฟสเชียงใหม่ 10 กม.
🟢โรงเรียนวารีเชียงใหม่ 3.2 กม.
🟢 รร.มงฟอร์ตวิทยาลัย แผนกมัธยม 3.5กม.
🟢 Ambassador Bilingual School 4.8 กม.
🟢Unity Concord international school 6.4 กม.
🟢 Christian Outreach International School 6.2 กม.
🟢 โรงเรียนนานาชาติเชียงใหม่ 8.5 กม.
🟢 โรงเรียนนานาชาติสิงคโปร์เชียงใหม่ 11กม.
🟢 Meritton British International School 10กม.
🟢 สวนสมโภชเชียงใหม่ 700 ปี 5.7 กม.
🟢 โรงพยาบาลกรุงเทพ เชียงใหม่ 8.2 กม.
🟢 โรงพยาบาลเซ็นทรัลเชียงใหม่ เมโมเรียล 7.5กม.
🟢โรงพยาบาลเชียงใหม่ราม 11กม.
🟢โรงพยาบาลราชเวช 5.1 กม.
🟢ตลาดหนองหอย 4.7กม.

🦮🦒ไม่รับเลี้ยงสัตว์นะคะ 🐈🦃
#สนใจติดต่อ #Tonaor
☎️ 081-965-3229
📗Line:panalee46
💌แอดลิงค์เลย https://line.me/ti/p/pgQh6Qnxyd

#บ้านที่ดินเชียงใหม่ #บ้านที่ดินลำพูน #อสังหาเชียงใหม่ #หอพักราคาถูก #บ้านที่ดินราคาถูก #ที่ดินสวยเชียงใหม่ #อสังหาภาคเหนือ #คอนโดราคาถูก #บ้านเช่าเชียงใหม่ #บ้านเช่าลูำพูน
#นายหน้าอสังริมทรัพย์เชียงใหม่
#รับซื้อขายบ้านที่ดินเชียงใหม่
#รับจำนองขายฝากบ้านที่ดิน
#บ้านว่างให้เช่าเชียงใหม่ 
#รับทำตลาดซื้อขายเช่าบ้านที่ดินคอนโดอสังหาริมทรัพย์เชียงใหม่ทุกชนิด
#รับงานสอบเขตงานรังวัด
#รับงานปรับไถงานเครียร์ริ่งงานบริการสินเชื่อ
#พัฒนาอสังหาริมทรัพย์เชียงใหม่ทุกชนิด
🤵‍♂️👏ขอบคุณที่ให้ความ
ท่านที่สนใจคะ

#ติดตามทรัพย์อื่นๆได้ที่  https://www.facebook.com/share/18rrafqLpz/?mibextid=wwXIfr"
https://www.facebook.com/marketplace/item/1008962934728690/,"บ้าน 5 ห้องนอน 6 ห้องน้ำ
ราคา: ฿18,500,000 | ขาย
🎈ให้เช่า 150,000 บาท/เดือน 🔶ขาย 18.5 ล้าน #โซนหางดง🔶มี 2 หลัง บ้าน 2 ชั้น ดีไซน์โมเดิร์นสวยโดดเด่น สอดรับกับคอร์ทยาร์ดกลางบ้านอย่างลงตัว ตกแต่ง #เฟอร์นิเจอร์ครบ พร้อมเข้าอยู่ #ใกล้แยกราชพฤกษ์ เพียง 4 นาที

ขนาดที่ดิน 93.1 และ 85 ตร.วา
พื้นที่ใช้สอย หลังละ 369.27 ตร.ม.
5 ห้องนอน | 6 ห้องน้ำ
2 โซนพักผ่อน
คอร์ทยาร์ดกลางบ้าน
สระว่ายน้ำ 3x8 ม. พร้อมโซน Jet Spa 3x2 ม.
ครัวไทยและครัวยุโรป 
โซนรับประทานอาหาร 
โซนซักรีด
2 ที่จอดรถ

#ฟังก์ชันครบพร้อมอยู่
• Master bedroom พร้อมชุดโซฟา
• ห้องนอนวิลล่าริมสระว่ายน้ำ
• ห้องนอนพร้อม walk-in closet 3 ห้อง
• บิวท์อินครัวฝรั่งและครัวไทย
• เครื่องใช้ไฟฟ้าครบพร้อมใช้งาน
• ชุดโซฟารับแขกและ TV. 55"" 
• ชุดโต๊ะอาหารหินอ่อนเทียม 6 ที่นั่ง
• ติดตั้งระบบโซลาร์เซลล์
• ติดตั้งระบบเติมอากาศ Positive Pressure กรองอากาศบริสุทธิ์เข้าในบ้าน 
• ประตูหน้าต่างกระจก บานอลูมิเนียม แบรนด์ Tostem 
• ระบบกล้องวงจรปิดภายนอกอาคาร

🌳 สภาพแวดล้อม
• รปภ. ดูแลตลอด 24 ชั่วโมง
• ถนนกว้างขวาง 
• เพื่อนบ้านเป็นมิตร
• นิติบุคคลบริการดี
• ค่าส่วนกลาง เพียงหลังละ 700 บาท/เดือน

Facilities ภายในโครงการ
• สระว่ายน้ำขนาดใหญ่
• สนามเทนนิส
• คอร์ทแบดมินตัน
• ห้องฟิตเนส
• ห้องซาวน่า
• โรงเรียนสอนเทควันโด 
• โรงเรียนสอนร้องเพลง

🎈Experience a different way of living. Relax in a beautifully designed modern home that seamlessly integrates with a central courtyard. #Fully furnished and #ready to move in. Located just 4 minutes from #Ratchapruek Junction, priced at 18.5 MB.

🔹 Land size: 372.4 sq.m. (93.1 sq.wah) and 340 sq.m. (85 sq.wah)
🔹 Usable area: 369.27 sq.m. per unit
🔸 2 parking spaces | 5 bedrooms | 6 bathrooms
🔸 2 living areas 
🔸 Central courtyard
🔸 Swimming pool 3x8 m. with Jet Spa zone 3x2 m.
🔸 Thai and European kitchens
🔸 Dining area
🔸 Laundry area

Fully Functional And Ready To Move In
• Master bedroom with sofa set
• Villa-style bedroom by the pool
• 3 bedrooms with walk-in closets
• Built-in European and Thai kitchens
• Fully equipped with electrical appliances
• Guest sofa set and 55” TV
• 6-seater faux marble dining set
• Installed solar cell system
• Installed Positive Pressure ventilation system with fresh air filtration
• Aluminum-framed glass doors and windows by Tostem
• Outdoor CCTV system

🌳 Environment
• 24-hour security
• Wide roads
• Friendly neighbors
• Good property management
• Common fee: only 700 THB/month per unit

📌 Facilities
• Large swimming pool
• Tennis court
• Badminton court
• Fitness & Sauna room
• Taekwondo school
• Singing school

Prime Location : World Club Land, Hang Dong, Chiang Mai 

🛍 Shopping & Lifestyle
4 min to Royal Park Rajapruek
4 min to Chiang Mai Night Safari
10 min to Makro, Big C, Kad Farang 
15-17 min to Chiang Mai Airport & Central Chiang Mai Airport

🎓 Education
5 min to Merritton British International School 
5 min to British Concordance International School ( BCIS ）
7 min to Ambassador Bilingual Academy
8 min to Chiang Mai Montessori International School
8 min to Panyaden International School 
14 min to Satit International Bilingual School of Rangsit University Chiang Mai (SIBS)
15 min to Lanna international school

🏥 Healthcare
7 min to Chiangmai Klaimor Hospital
15 min to Chiangmai Ram Hospital
17 min to Maharaj Nakorn Chiang Mai Hospital
24 min to Bangkok Hospital Chiang

อยากได้อสังหาโซนไหน สอบถามเข้ามาได้เลย

ต้องการอสังหาแบบไหนที่ Northern Land Chiangmai เรามีครบ ครอบคลุม #ทั่วเชียงใหม่ ไม่ว่าจะเป็น
#พูลวิลล่า #บ้านใหม่ #บ้านมือสอง #บ้านเช่า #คอนโด #อสังหาพร้อมผู้เช่า #หอพัก #อพาร์ทเม้นท์ #ที่ดิน

✅รับจัดหาบ้าน, ที่ดิน, คอนโด, อสังหาริมทรัพย์ทั่วเชียงใหม่
✅บริการยื่นสินเชื่อทุกธนาคารฟรี ไม่มีค่าใช้จ่าย
✅ยื่นสินเชื่อที่อื่นไม่ผ่านรับดูแลต่อ พร้อมให้คำแนะนำ
✅ทำการตลาด สื่อ โฆษณา
✅เช็คเครดิตบูโร ฟรี 

👍นัดชมได้ทุกวันไม่มีวันหยุด
📲Line ID : @habanchiangmai หรือ https://lin.ee/netCDYF
หรือสอบถามเพิ่มเติมโทร 📞 086-9238951/ 065-5306944 / 085-9646661
✨ยินดีพาชม และให้คำปรึกษาด้านสินเชื่อ ฟรี

🌐เว็บไซต์บริษัท : https://northernlandandhousechiangmai.com/en

🌐หาบ้าน เชียงใหม่ : https://www.habanchiangmai.com/

🔅เพจหาบ้าน เชียงใหม่ : https://www.facebook.com/HabanHabanchiangmai?mibextid=ZbWKwL

🎯YouTube : https://youtube.com/@northernlandhousechiangmai6664

🎯Instagram : https://instagram.com/northernland.cm?igshid=YmMyMTA2M2Y=

🎯TIKTOK : https://www.tiktok.com/@northerland_cnx?_t=8bwxggLIxlv&_r=1

📣สนใจอสังหาริมทรัพย์อื่นๆ คลิ๊ก
🔶For Sale
https://www.facebook.com/NorthenlandHouse-Chiangmai-1774295549481349/
🔶️For Rent
https://www.facebook.com/Northernland-House-For-Rent-In-Chiangmai-228643327897310/

พูลวิลล่าเชียงใหม่
https://www.facebook.com/profile.php?id=100081907720597&mibextid=LQQJ4d

ที่ดิน
https://www.facebook.com/profile.php?id=100075781194500&mibextid=LQQJ4d

ขายคอนโด เชียงใหม่
https://www.facebook.com/profile.php?id=100076053777727&mibextid=LQQJ4d

หอพัก
https://www.facebook.com/profile.php?id=100086620509112&mibextid=LQQJ4d

อสังหาริมทรัพย์พร้อมผู้เช่า
https://www.facebook.com/profile.php?id=100075856546688&mibextid=LQQJ4d

#บ้านเชียงใหม่
#บ้านราคาถูกเชียงใหม่
#บ้านมือสองเชียงใหม่
#บ้านสร้างใหม่เชียงใหม่
#บ้านทำเลดีเชียงใหม่
#บ้านพร้อมอยู่เชียงใหม่
#พูลวิลล่าเชียงใหม่
#NorthernlandChiangmai
#อสังหาพร้อมผู้เช่าเชียงใหม่
#บ้านสวยเชียงใหม่
#บ้านพร้อมเฟอร์นิเจอร์เชียงใหม่
#บ้านสวนเชียงใหม่
#NorthernlandandHousechiangmai #Northernland"
https://www.facebook.com/marketplace/item/1018083757074102/,"3 ห้องนอน 2 ห้องน้ำ - บ้าน
ราคา: ฿1,950,000 | ขาย
ขายบ้านเดี่ยว ใกล้ตลาดแม่คือ

🌿เนื้อที่ 65 ตร.ว ราคา 1.95 ล้าน
🌿3 นอน 2 น้ำ  2 ที่จอดรถ
🌿พื้นที่ใช้สอย 120 ตรม. 

แถมฟรี
(ฟรี)ค่าโอน เฉพาะราคาซื้อขาย
(ฟรี)มิเตอร์น้ำ-ไฟฟ้า
(ฟรี)ระบบกำจัดปลวก
(ฟรี)สนามหญ้า
(ฟรี)ฮุ๊ดดูดควัน พร้อมแก๊ส 2 หัว
(ฟรี)น้ำอุ่น  2  ห้องน้ำ  
(ฟรี)มุ้งลวด ทั้งหลัง
(ฟรี)ปูกระเบื้องโรงจอดรถ"
https://www.facebook.com/marketplace/item/1018367690410876/,"บ้าน 4 ห้องนอน 6 ห้องน้ำ
ราคา: ฿20,000,000 | ขาย
🏡 พูลวิลล่าหรูสไตล์โมเดิร์น | บ้านในฝัน ป่าแดด เชียงใหม่ 
📍เช่า 140,000 / เดือน
📍ขาย  20,000,000 บาท 
🏡 ออกแบบเพื่อความโปร่งโล่ง รับแสงธรรมชาติและลมเย็นทั้งวัน
ทำเลดี ใกล้สนามบินเพียง 5 นาที ✈️
💎 รายละเอียดบ้าน
 • พื้นที่ใช้สอย 420 ตร.ม. (2 ชั้น)
 • ที่ดิน 137 ตร.ว. (548 ตร.ม.)
 • 4 ห้องนอน 6 ห้องน้ำ (ทุกห้องมีห้องน้ำในตัว)
 • ห้องนอนใหญ่ 30 ตร.ม. วิวสระ
 • ห้องนอนชั้นล่าง 22.4 ตร.ม. เหมาะสำหรับผู้สูงอายุ
 • เรือนแม่บ้านแยกส่วนตัว (1 ห้องนอน 1 ห้องน้ำ + ห้องซักรีด)
 • 2 ห้องนั่งเล่น, ครัวโมเดิร์นครบอุปกรณ์ ใส่ภาษาฝฝฝรั่ง 
 • เฟอร์นิเจอร์ครบ เข้าอยู่ได้ทันที
 • สระว่ายน้ำส่วนตัว 3.8 x 8 ม. พร้อมพื้นที่พักผ่อน
 • ที่จอดรถมีหลังคา 3 คัน
 • สวนพร้อมระบบรดน้ำอัตโนมัติ
 • รวมค่าดูแลสวนและสระ + อินเทอร์เน็ตความเร็วสูงฟรี
📍 ทำเลทอง
 • ใกล้ถนนมหิดล & ถนนวงแหวนรอบ 2
 • 5 นาทีถึงสนามบินเชียงใหม่
 • ใกล้โรงเรียนนานาชาติ ห้าง และโรงพยาบาล
💰 ราคาขาย: 20,000,000 บาท (ต่อรองได้)
🏠 ราคาเช่า: 140,000 บาท / เดือน (พร้อมเฟอร์นิเจอร์ครบ)
☎️ติอต่อสอบถาม
061-280-9760 หนุ่ม 
IDLINE: 061-280-9760
Whatapp: +66 61-280-9760
Wechat: tunwai321
LINE: https://line.me/ti/p/IiETWHYd39
🏡 Luxury Modern Pool Villa | Dream Home in Padad, Chiang Mai
📍 For Rent: 140,000 THB / month
📍 For Sale: 20,000,000 THB
Experience luxury living in this modern pool villa, thoughtfully designed for open, airy spaces that embrace natural light and cool breezes all day long.
Located just 5 minutes from Chiang Mai International Airport, this home offers the perfect blend of elegance and convenience.
💎 Property Details
• Usable area: 420 sq.m. (2 storeys)
• Land size: 137 sq.wah (548 sq.m.)
• 4 bedrooms, 6 bathrooms (each bedroom with ensuite)
• Master bedroom: 30 sq.m. with pool view
• Ground floor bedroom: 22.4 sq.m. — ideal for elderly residents
• Separate maid’s quarter (1 bedroom, 1 bathroom + laundry area)
• 2 living rooms & fully equipped modern kitchen
• Fully furnished – ready to move in
• Private swimming pool: 3.8 x 8 m with relaxing terrace
• Covered parking for 3 cars
• Beautiful garden with automatic watering system
• Free high-speed internet + pool & garden maintenance included
📍 Prime Location
• Near Mahidol Road & 2nd Ring Road
• Only 5 mins to Chiang Mai Airport
• Close to international schools, shopping malls & hospitals
💰 Selling Price: 20,000,000 THB (negotiable)
🏠 Rental Price: 140,000 THB / month (fully furnished)
📞 Contact: 
061-280-9760 (Noom)
IDLINE: 061-280-9760
Whatapp: +66 61-280-9760
Wechat: tunwai321
LINE https://line.me/ti/p/IiETWHYd39"
https://www.facebook.com/marketplace/item/1020702563550155/,"บ้าน 3 ห้องนอน 2 ห้องน้ำ
ราคา: ฿2,390,000 | ขาย
🏡บ้านเดี่ยวชั้นเดียว สร้างใหม่ โซนหางดง🏡
📣เดินทางเข้าเมืองสะดวก เป็นส่วนตัว ไม่วุ่นวาย🌥️

💵ราคาเริ่มต้น  2.39  ล้านบาท💵
🌟🌟ฟรีค่าโอน🌟🌟

🏕️เนื้อที่เริ่มต้น 69 ตารางวา
👉3 ห้องนอน
👉2 ห้องน้ำ
👉1 ห้องรับแขก
👉2 ที่จอดรถ
👉โรงจอดรถทำเป็นดาดฟ้าได้เลย
👉มีห้องเก็บของภายในบ้าน

✅ไม่มีค่าส่วนกลาง บ้านใหม่สวยงามตอบโจทย์การพักอาศัย
🍃วิวธรรมชาติ ท้องฟ้าสวยงาม เข้าเมืองใกล้ๆ15-30 นาที
🍃บ้านสร้างใหม่ที่เป็นทั้งที่อยู่อาศัยตนเองหรือปล่อยเช่าต่อได้ง่ายๆ
🍃ทำเล สิ่งแวดล้อม พื้นที่ใกล้เคียง ที่สร้างประโยชน์ ก้าวหน้าได้เรื่อยๆ

Code : S2041
🚨บริษัท ที่ดีดี จำกัด | รับซื้อ | ขาย | เช่า
🚨ซื้อสด รับส่วนลดพิเศษ
🚨จัดหาบ้าน,คอนโด ตามงบประมาณ
🚨สำหรับนักลงทุน พร้อมหาผู้เช่า
🚨เช็คบูโร,แก้เคส,ปิดหนี้,รวมหนี้
🚨ทำเอกสาร,วิเคราะห์สินเชื่อฟรี 
🚨ยื่นกู้ได้ทุกอาชีพ ไม่ต้องดาวน์

📌นัดชมได้ทุกวัน | รับ CO-AGENT
Line : @teedd (มี@)
Tel : [hidden information]

#บ้าน #ขายบ้าน #ขายบ้านเชียงใหม่
#คอนโด #ขายคอนโด #condo"
https://www.facebook.com/marketplace/item/1020856650112129/,"บ้าน 4 ห้องนอน 2 ห้องน้ำ
ราคา: ฿1,690,000 | ขาย
ขายบ้านชั้นเดียว 84.5ตรว. 4นอน2น้ำ 1.69ลบ. พร้อมผู้เช่า เฟอร์ ต.ป่าไผ่ อ.สันทราย เชียงใหม่
ขายบ้านชั้นเดียว พื้นที่ 84.5 ตารางวา ต.ป่าไผ่ อ.สันทราย จ.เชียงใหม่
ราคาขาย 1.69 ล้านบาท (1,690,000 บาท) ค่าโอนคนละครึ่ง
ขายพร้อมผู้เช่า ได้ค่าเช่าเดือนละ 9,000 บาท สัญญาเช่าถึง 31 มีนาคม 2568
4 ห้องนอน
2 ห้องน้ำ
1 ห้องครัว
แอร์ 5 เครื่อง เฟอร์นิเจอร์ครบ
อยู่ในแหล่งชุมชนแต่ไม่วุ่นวาย การเดินทางสะดวกสบาย
มีแหล่งอำนวยความสะดวก ร้านสะดวกซื้อ ร้านอาหาร คาเฟ่
อยู่ใกล้ตลาดป่าเหมือด
มหาวิทยาลัยแม่โจ้

*** สนใจสอบถาม ***
โทร [hidden information]
Line ID : piyawitnoom
รหัสประกาศ 170-66"
https://www.facebook.com/marketplace/item/1023352896607800/,"2 ห้องนอน 2 ห้องน้ำ - บ้าน
ราคา: ฿1,390,000 | ขาย
ขายบ้านสวยๆวัสดุเกรด a มือ 1 หิ้วกระเป๋าเข้าอยู่ได้เลยครับเนื้อที่70 ตารางวามี 2 ห้องนอน **ดัดแปลงเป็น 3 ห้องนอนได้   2 ห้องน้ำ  ห้องครัว  1 ห้องนั่งเล่น   จอดรถได้ 2 คัน
พิกัดบ้านใกล้เครือสหพัฒน์ใกล้ตลาดจตุจักรคลำพูน
ห่างจากเครือสหพัฒน์ประมาณ 4 กิโล
นัดชมบ้านได้ครับ
**มีเงินเหลือหลายแสนครับ**

โทร[hidden information] ต้นครับ"
https://www.facebook.com/marketplace/item/1024217456159389/,"2 ห้องนอน 3 ห้องน้ำ - อพาร์ทเมนท์
ราคา: ฿7,690,000 | ขาย
ขายเพ้นท์เฮาส์ที่ Himma Garden Condo 
คอนโดที่ Himma Garden Condominium ‘WOOD’ ห่างจากทางเข้าสนามกอล์ฟล้านนาเพียง 850 เมตร 
ราคา: 7,690,000 บาท 

คอนโดมุมที่ยอดเยี่ยมนี้ให้ชีวิตร่วมสมัยที่หรูหรา ตกแต่งอย่างดีและจัดวางเพื่อให้ใช้พื้นที่และแสงได้อย่างคุ้มค่าที่สุดด้วยเพดานสูงสองเท่าสู่พื้นที่นั่งเล่น ห้องครัวพร้อมอุปกรณ์ครบครันซึ่งรวมถึงเตาอบแบบบิวท์อิน เตาเซรามิก เครื่องดูดควันแบบยืดหดได้ ไมโครเวฟ และตู้เย็นพร้อมช่องแช่แข็ง ห้องนอนทั้งสองห้องมีห้องน้ำในตัว ห้องน้ำ/ห้องแต่งตัวที่สามอยู่ติดกับพื้นที่นั่งเล่น 

รายละเอียดสำคัญ: 

พื้นที่ใช้สอย: 101.51
ห้องนอน: 2
ห้องน้ำ: 3
ครัวแบบตะวันตก
ตกแต่งครบครัน
เครื่องปรับอากาศ
สิ่งอำนวยความสะดวกของ Himma Garden Condominium ได้แก่ สระว่ายน้ำ ห้องออกกำลังกาย ซาวน่า ห้องอบไอน้ำ ลู่วิ่ง ระบบรักษาความปลอดภัย และที่จอดรถ ตั้งอยู่ในทำเลสะดวกสบายบนถนนโชตนา 
ขับรถเพียงไม่กี่นาที
ก็ถึงซุปเปอร์ไฮเวย์และศูนย์การค้าเซ็นทรัลเฟสติวัล

A penthouse at Himma Garden Condo for sale. 
condo at Himma Garden Condominium ‘WOOD’ just 850 metres from the entrance of Lanna Golf Course. 
Price: 7,690,000 Baht.

This superb corner based condo provides luxury contemporary living, well-finished and configured to maximise flow of space and light with its double-height ceiling to living area. A fully fitted and equipped kitchen that includes and integrated oven, ceramic hob, telescopic cooker hood, microwave and fridge freezer. Each of the two bedrooms enjoys en-suite facilities; third bathroom/cloakroom off living area.

Key details:

Living Space: 101.51
Bedrooms: 2
Bathroom: 3
Western kitchen
Fully furnished
Air-Con
Himma Garden Condominium facilities include pool, gym, sauna, steam room, jogging track, security and parking. Conveniently placed on Chotana Road, a short drive to the Super Highway and Central Festival Shopping Mall.

Himma Garden Condo 出售顶层公寓。 
 Himma Garden Condominium ‘WOOD’ 的公寓，距兰纳高尔夫球场入口仅 850 米。 
 价格：7,690,000泰铢 

 这间美妙的转角公寓提供豪华的现代生活。 精心装饰和布置，充分利用空间和光线，双层高天花板通向起居区。 厨房设备齐全，包括内置烤箱、陶瓷炉、可伸缩抽油烟机、微波炉和带冰柜的冰箱。 两间卧室均设有自己的浴室。 第三间浴室/更衣室毗邻起居区。 

 重要细节： 

 可用面积：101.51
 卧室：2
 浴室：3
 西厨房
 精装修
 空调
 Himma Garden Condominium 的设施包括游泳池、健身房、桑拿浴室、蒸汽浴室、慢跑道、安全系统和停车场，位于 Chotana 路，交通便利。 
 只需几分钟车程。
 这是高速公路和中央节日购物中心。

🤠Those interested can make an appointment to view the house.
Please make an appointment 1 day 
in advance.😊🙏🙏 

#เรื่องบ้านไว้ใจเราให้เราดูแลท่านและครอบครัวนะครับ🐲
🐉
Tel.086-382-4056 
Khemraj 🇹🇭😎
Chiangmai  Thailand 
line id:land5400 
#KChiangmai2021 
#ขายบ้านเชียงใหม่ 
#ขายบ้าน
#House 
#บ้านเดี่ยว 
#บ้านเชียงใหม่ 
#poolvilla 
#ขายโรงแรม
#ขายรีสอร์ท
#บ้านเช่า
#LUXURYHOME 
#villa 
#village 
#landandhome 
#KChiangmai2022
#KChiangmai2023
#รับซื้อขายเช่าแลกเปลี่ยนอสังหาริมทรัพย์

🕉🔱⚜️⚜️⚜️☯️☪️🇹🇭
https://line.me/ti/p/ZW5CsiXTb8"
https://www.facebook.com/marketplace/item/1030703912366790/,"ราคา: ฿21,000 | ขาย
🏡ให้เช่า บ้าน โซนหางดง ใกล้กาดฝรั่ง
เดือนละ 21,000 บาท สัญญา 1 ปี
✅พร้อมอยู่  ❌ไม่รับสัตว์เลี้ยง

ประกัน 2 เดือน ล่วงหน้า 1 เดือน

📏 ที่ดิน 65 ตร.ว. | พื้นที่ใช้สอย 125 ตร.ม.

รายละเอียด :
🛏 3 ห้องนอน 
🛁 2 ห้องน้ำ
🛋 1 ห้องนั่งเล่น
🍳 1 ห้องครัว
🚗 สามารถจอดรถได้ 2 คัน

รายละเอียดเพิ่มเติม :
✨ แอร์ 4 ตัว
✨ เครื่องทำน้ำอุ่น 2 ตัว
✨ ทีวี 
✨ ตู้เย็น 
✨ เครื่องซักผ้า 
✨ เตาแก๊ส 
✨ ไมโครเวฟ 
✨ ฮู้ดดูดควัน 
✨ เตียงนอน 
✨ ตู้เสื้อผ้า 
✨ โต๊ะเครื่งแป้ง 
✨ โซฟา 

📍สถานที่ใกล้เคียง :
🚩 วัดป่าหมาก
🚩 โรงพยาบาลหางดง
🚩 เซ็นทรัล แอร์พอร์ต
🚩 โรงเรียนนานาชาติเอสบีเอส
🚩 สนามบิน

🏡 House for rent in Hang Dong area, near Kad Farang.
21,000 baht per month, 1-year contract.
✅ Ready to move in. ❌ No pets allowed.

2-month security deposit, 1-month advance payment.

📏 Land area: 65 sq wah | Usable area: 125 sq m.

Details:
🛏 3 bedrooms
🛁 2 bathrooms
🛋 1 living room
🍳 1 kitchen
🚗 Parking for 2 cars

Additional details:
✨ 4 air conditioners
✨ 2 water heaters
✨ TV
✨ Refrigerator
✨ Washing machine
✨ Gas stove
✨ Microwave
✨ Range hood
✨ Bed
✨ Wardrobe
✨ Dressing table
✨ Sofa

📍Nearby places:
🚩 Wat Pa Mak
🚩 Hang Dong Hospital
🚩 Central Airport Plaza
🚩 SBS International School
🚩 Airport

Code : R3068

#บ้าน #บ้านเช่า #บ้านเช่าเชียงใหม่
#คอนโด #เช่าคอนโด #คอนโดให้เช่า"
https://www.facebook.com/marketplace/item/1031398959075837/,"อพาร์ทเมนท์ 1 ห้องนอน 1 ห้องน้ำ
ราคา: ฿4,500,000 | ขาย
ขายคอนโด Astra
1 ห้องนอน วิวสวนและสระว่ายน้ำของโรงแรม Shangrila พร้อมระเบียงขนาดใหญ่ หันหน้าไปทางทิศเหนือ ขนาด 46 ตารางเมตร
เฟอร์นิเจอร์และเครื่องใช้ไฟฟ้าครบชุด ขายพร้อมผู้เช่าต่างชาติ ค่าเช่าเดือนละ 19,000 บาท
ราคา 4,500,000 บาท
สนใจติดต่อ
Marina Asa
โทร/ไลน์/WhatsApp: [hidden information]
WeChat: Marina85899

Astra condo for sale,
1 bedroom, Shangrila Hotel garden and pool view with big balcony,  facing north, 46 sqm,
Full furniture and appliances, foreign quota for sale with tenant for the rent of THB 19,000/month
Selling price : THB 4,500,000 
Interested please contact 
Marina Asa
Tel/Line/Whatsapp: [hidden information],
Wechat: Marina85899 
Astra 公寓出售，
一居室，可欣赏香格里拉酒店花园和泳池景观，带大阳台，朝北，面积 46 平方米，
家具电器齐全，可出租，仅限外国租户，租金 19,000 泰铢/月。
价格 4,500,000 泰铢
有意者请联系
Marina Asa
电话/Line/Whatsapp：[hidden information]，
微信：Marina85899"
https://www.facebook.com/marketplace/item/1038133054965366/,"3 ห้องนอน 3 ห้องน้ำ - บ้าน
ราคา: ฿35,000/เดือน | ขาย
⭐#ติดทรัพย์  
🏠ให้เช่าบ้านเดี่ยวสองชั้นในโครงการ
💵ราคาเช่า 35,000 บาท/เดือน 
🗺พิกัด. โครงการกาญจน์กนก 20 รวมโชค
📐บนที่ดิน 51.6 ต.รว พื้นที่ใช้สอย - ต.รม
♦️ 3 ห้องนอน
♦️ 3 ห้องน้ำ
♦️ 1 ห้องรับแขก
♦️ 1 ห้องครัว
♦️ 1 ห้องเก็บของ
♦️ 2 ที่จอดรถ

🛋️เฟอร์นิเจอร์เครื่องใช้ไฟฟ้าครบ🔌
- ชุดห้องนอน 3 
- โซฟา 2
- ตู้วางทีวีโฮมเทียเตอร์ 4
- ชุดโต๊ะทานข้าว 3
- แอร์ 4
- ทีวี 4
- เครื่องทำน้ำอุ่น 3
- ตู้เย็น 1
- ไมโครเวฟ 1
- เครื่องซักผ้า 1
- ประตู Digital door lock , ประตูรีโมท

🚗สถานที่ใกล้เคียง🚗
- รวมโชคมอลล์
- เซ็นทรัลเฟสติวัล
- โรงเรียนนานาชาตินครพายัพ (NIS)
- โรงเรียนต้นกล้า
- โรงเรียนอนุบาลวัยดรุณ
- โรงพยาบาลกรุงเทพเชียงใหม่

🔺เงื่อนไขการเช่า🔺
 💵 ราคาเช่า 35,000 บาท/เดือน 
 ล่วงหน้า 1 เดือน
 ประกัน   2 เดือน
 สัญญา   1  ปี

🔺 สิ่งอำนวยความสะดวก 🔺
- สระว่ายน้ำ,ฟิตเนส,ซาวน่า,สวนสาธารณะและสนามเด็กเล่น
- ระบบรักษาความปลอดภัย 24 ชั่วโมง
- เข้าออกโครงการด้วย Easy Pass
- กล้องวงจรปิด CCTV

🔺หมายเหตุ🔺
🚿💡   ค่าน้ำ ค่าไฟ จ่ายตามรัฐ
🌟 บ้านหลังหน้าสุดของโครงการ เข้าออกสะดวก ใกล้ป้อม รปภ.
🌟 เฟอร์นิเจอร์จาก SB desing และ Koncept
🌟 พื้นรอบบ้านปูด้วยไม้แผ่นเชอร่า ด้านล่างฝังท่อกำจัดปลวก

👩‍🏫สนใจจอง ได้ตามช่องทางต่อไปนี้👩‍🏫
☎️ [hidden information] ต า ล"
https://www.facebook.com/marketplace/item/1040547978029327/,"3 ห้องนอน 3 ห้องน้ำ - บ้าน
ราคา: ฿32,000/เดือน | ขาย
Code : R2403


🏡✨ให้เช่าบ้าน 2 ชั้น โซนสันกำแพง 
3 ห้องนอน 3 ห้องน้ำ 1 ห้องครัว
32,000 บาท / เดือน ‼️สัญญา 1 ปี
ล่วงหน้า 1 เดือน ประกัน 2 เดือน
📏พื้นที่ 120 ตร.ว. 236 ตร.ม.


✅✅รับสัตว์เลี้ยง✅✅
✅✅มีบ้านนอกดาวน์ให้น้องหมาด้วย✅✅


📌สถานที่ใกล้เคียง📌
-โรงเรียนอนุบาลสุขประเสริฐ
-โรงพยาบาลสันกำแพง
-ศรีอรุณพลาซ่า (กาดศรีอรุณ)
-มหาวิทยาลัยมหามกุฏราชวิทยาลัย วิทยาเขตล้านนา แห่งที่ 2
-วัดสันป่าแดง


🚪เฟอร์นิเจอร์🚪
-เตียงนอน
-โซฟา
-โต๊ะกินข้าว
-แอร์
-เครื่องทำน้ำอุ่น
-ตู้เย็น
-เตาแก๊ส+เครื่องดูดควัน


💫สิ่งอำนวยความสะดวก💫
-สระว่ายน้ำ
-ฟิตเนส
-สวนสาธารณะ 
🏡✨2-storey house for rent, San Kamphaeng area
3 bedrooms, 3 bathrooms, 1 kitchen
32,000 baht / month ‼️1-year contract
1 month in advance, 2-month security deposit
📏Area 120 sq.w. 236 sq.m.


✅✅Pets allowed✅✅
✅✅There is a house outside the house for dogs✅✅


📌Nearby places📌
- Sukprasit Kindergarten
- San Kamphaeng Hospital
- Sri Arun Plaza (Kad Sri Arun)
- Mahamakut Buddhist University, Lanna Campus 2
- Wat San Pa Daeng


🚪Furniture🚪
-Bed
-Sofa
-Dining table
-Air conditioner
-Water heater
-Refrigerator
-Gas stove + hood


💫Facilities💫
-Swimming pool
-Fitness
-Public park


รวมคอนโดว่างให้เช่า🔹
➡️ https://teedd.co/เช่าคอนโดฯ/
🔹รวมบ้านว่างให้เช่า🔹
➡️ https://teedd.co/เช่าบ้าน/
•รับจัดหาบ้าน,ที่ดิน,คอนโด,อสังหาริมทรัพย์
นัดชมได้ทุกวันไม่มีวันหยุด | รับนายหน้า CO-AGENT
Line:@teedd (มี@)
https://lin.ee/6c10cxd"
https://www.facebook.com/marketplace/item/1041037861373433/,"3 ห้องนอน 3 ห้องน้ำ - บ้าน
ราคา: ฿28,000/เดือน | ขาย
🏡 House for Rent – Move-in Ready from 15 October 2025

💰 Rent: 28,000 THB/month
📐 Land Area: 95 sq.wah | Usable Area: 220 sqm

🔹 3 Bedrooms | 3 Bathrooms

Fully Furnished: Beds, Wardrobes, Dressing Tables, Sofas
Fully Equipped with Appliances: TVs, Air Conditioners, Refrigerator, Washing Machine, Microwave
Spacious kitchen & living area, perfect for family living

📍 Prime Location:
https://maps.app.goo.gl/Qtj83iwuKgqLsq3A9?g_st=ipc

2 km from Ruamchok Market, Meechok Malls, and Lotus
Close to NIS International School
Only 5 km to Central Festival Chiang Mai

📞 Contact / Schedule a Visit:
Agent Fai
Tel / Line / WhatsApp: +66 92 656 7666

#HouseForRent #ChiangMaiRental #FurnishedHouse #MoveInReady #NISInternationalSchool #CentralFestivalChiangMai #LuxuryHomeForRent #ChiangMaiLiving #FullyFurnishedHome #ChiangMaiRealEstate"
https://www.facebook.com/marketplace/item/1042657281101210/,"3 ห้องนอน 3 ห้องน้ำ - บ้าน
ราคา: ฿13,000/เดือน | ขาย
ปล่อยเช่าบ้าน พิกัดช้างคลาน ในเมือง เชียงใหม่ 2 stories townhouse for rent near chang klan area. 130 sqm house 24 wa land. 3 beds 3 baths

price 13000b per month.

https://maps.app.goo.gl/ZZtsYRXHdEeZEQy6A?g_st=al

Contact ☎️0959318397 Catherine."
https://www.facebook.com/marketplace/item/1043165824592526/,"4 ห้องนอน · 3 ห้องน้ำ
ราคา: ฿38,000/เดือน | ขาย
[For Rent] 
Dog-friendly House with a Spacious Yard in a gated community - Karnkanok Ville 18 San Phak Wan, Hang Dong area, just 2 km. to Lanna International School
- Fully furnished with a complete set of home appliances
- 4 bedrooms
- 3 bathrooms 
- 5 A/C
- Digital door lock
- Covered parking 
- Land size : 96 sq. wah (384 sq.m.) and includes a spacious yard
- Usable area : 200 sq.m.

◼️Nearby places :
- Lanna International School 
- Christian German School 
- Panyaden International School 
- Satit International Bilingual School of Rangsit 
- Big C, Makro, IKEA

◼️Rental price : 38,000 baht per month for a 1-year contract.

[ให้เช่า] บ้านในโครงการ กาญจน์กนกวิลล์ 18 (สันผักหวาน) หางดง 
- 4 ห้องนอน  3 ห้องน้ำ  
- สนามหญ้ากว้างมาก 
- ต่อเติมโรงจอดรถ
- มีเทอเรสด้านข้างให้นั่งจิบกาแฟยามเช้า
- แอร์ 5 ตัว (ห้องนอน 4 + ห้องนั่งเล่น1)
- เครื่องทำน้ำอุ่น3เครื่อง
- ประตูดิจิตอลdoor lock
- ชุดครัวบิวอิน พร้อมโต๊ะ Island
- เครื่องซักผ้า
- ทีวี 
- ตู้เย็น
- รับสุนัขไม่เกิน 2 ตัว  ไม่รับแมว 

◼️ราคาเช่า 38,000 บาท/เดือน สัญญา 1 ปี
-------------------------------------
Line/Tel : [hidden information], [hidden information]"
https://www.facebook.com/marketplace/item/1044271421106819/,"3 ห้องนอน 2 ห้องน้ำ - บ้าน
ราคา: ฿1,990,000 | ขาย
🏠ขายบ้านเดี่ยว  โซนสันทราย
เนื้อที่  43  ตร.ว   
💰ราคา 1,990,000 บาท 
✅ฟรีโอน

🪐รายละเอียด
- 3  ห้องนอน  
- 2  ห้องน้ำ   
- 2 ที่จอดรถ 
- 1 ห้องโถง
- 1 ห้องครัว 

แถมฟรี!!!!
✅มิเตอร์น้ำ-มิเตอร์ไฟฟ้า
✅สนามหญ้า 
✅ปั๊มน้ำ-แทงค์น้ำ
✅ระบบกำจัดปลวก
✅น้ำอุ่น  2 เครื่อง

📍สถานที่ใกล้เคียง
- ตลาดป่าเหมือด 5 กม.
- โรงเรียนวีรยา 1 กม.
- อำเภอสันทราย 2 กม.
- ที่ดินสันทราย 8 กม.
- มหาวิทยาลัยแม่โจ้ 10 กม.
- เข้าในเมือง 18 นาที
- โลตัสสันคะยอม 5 กม.
- โฮมโปรสันทราย 8 กม
- ไทวัสดุ 9 กม.

🏠 Single-family house for sale in San Sai area
Land area: 43 sq.wa
💰Price: 1,990,000 baht
✅Free transfer fee

🪐Details:
- 3 bedrooms
- 2 bathrooms
- 2 parking spaces
- 1 living room
- 1 kitchen

Freebies!
✅Water meter/electric meter
✅Lawn
✅Water pump/water tank
✅Termite control system
✅2 water heaters

📍Nearby places:
- Pa Mueat Market 5 km
- Veeraya School 1 km
- San Sai District 2 km
- San Sai Land 8 km
- Maejo University 10 km
- 18 minutes to town
- Lotus San Khayom 5 km
- HomePro San Sai 8 km
- Thai Watsadu 9 km

Code : S4768
🚨บริษัท ที่ดีดี จำกัด | รับซื้อ | ขาย | เช่า
🚨ซื้อสด รับส่วนลดพิเศษ
🚨จัดหาบ้าน,คอนโด ตามงบประมาณ
🚨สำหรับนักลงทุน พร้อมหาผู้เช่า
🚨เช็คบูโร,แก้เคส,ปิดหนี้,รวมหนี้
🚨ทำเอกสาร,วิเคราะห์สินเชื่อฟรี 
🚨ยื่นกู้ได้ทุกอาชีพ ไม่ต้องดาวน์

📌นัดชมได้ทุกวัน | รับ CO-AGENT
Line : @teedd (มี@)
Tel : [hidden information]

#บ้าน #ขายบ้าน #ขายบ้านเชียงใหม่
#คอนโด #ขายคอนโด #condo"
https://www.facebook.com/marketplace/item/1047965783971393/,"3 ห้องนอน 3 ห้องน้ำ - บ้าน
ราคา: ฿18,000/เดือน | ขาย
🏡‼️House for rent near Kad Farang (Sameang Intersection)

🏠 3 bedrooms, 3 bathrooms
✅ Rent 18,000 baht/month (1-year contract) ✨
(2-month security deposit, 1 month advance payment)

✨Fully furnished and equipped with appliances: 
TV + sofa set
Water heater
Air conditioner
Refrigerator
Dining table set
Gas stove and range hood
Washing machine

📌Nearby places:
7-11, shops, restaurants
Kad Farang 2 km.
Makro, Big C Mae Hia
Sarasas Witaed Lanna School 4 km.
Panyaden International School 4 km.
The Nest School Chiang Mai 2 km.
SBS International School 2 km.
Just 15 minutes to the city center 👍🏻

☎️ Please contact via DM or call [hidden information]"
https://www.facebook.com/marketplace/item/1052246773786099/,"4 ห้องนอน 6 ห้องน้ำ - บ้าน
ราคา: ฿99,000/เดือน | ขาย
🏡ให้เช่า พูลวิลล่า โซนสันนาเม็ง  สันทราย🏡
เช่าในราคาเพียง  99,000 บาท สัญญา 1 ปี
ประกัน 2 เดือน ล่วงหน้า 1 เดือน

🐶 รับสุนัขพันธุ์เล็ก 🐶

รายละเอียด :
🛏 4 ห้องนอน 
🛁 6 ห้องน้ำ
🛋 1 ห้องนั่งเล่น
🍳 1 ห้องครัว
🚗 สามารถจอดรถได้ 6 คัน

รายละเอียดเพิ่มเติม :
✨ ชุดโซฟาปรับไฟฟ้าขนาดใหญ่
✨ soundbar + TV
✨ ชุดโต๊ะอาหาร 8 ที่นั่ง
✨ เครื่องซักผ้า
✨ เครื่องล้างจาน
✨ เตาอบ 
✨ ไมโครเวฟ
✨ เครื่องทำน้ำร้อน
✨ ครัวไทย ครัวฝรั่ง
✨ ห้องเก็บของ 
✨ สระว่ายน้ำระบบเกลือ 4×12 ระบบ jacuzzi  water flow system 

📍สถานที่ใกล้เคียง :
🚩 ตลาดแม่กวง
🚩 มหาวิทยาลัยแม่โจ้
🚩 วัดศรีดอนชัยป่าตึงงาม (วัดแม่แก้ดน้อย)
🚩 โรงพยาบาลลานนา
🚩 เซ็นทรัล เชียงใหม่

🏡For rent, pool villa, San Nam Meng, San Sai area🏡
Rent for only 99,000 baht, 1 year contract
2 months deposit, 1 month in advance

🐶 Accept small dogs 🐶

Details:
🛏 4 bedrooms
🛁 6 bathrooms
🛋 1 living room
🍳 1 kitchen
🚗 Parking for 6 cars

Additional details:
✨ Large electric sofa set
✨ Soundbar + TV
✨ 8-seat dining table set
✨ Washing machine
✨ Dishwasher
✨ Oven
✨ Microwave
✨ Water heater
✨ Thai kitchen, Western kitchen
✨ Storage room
✨ 4x12 saltwater swimming pool, jacuzzi water flow system

📍Nearby places:
🚩 Mae Kwang Market
🚩 Maejo University
🚩 Wat Sri Don Chai Pa Teng Ngam (Wat Mae Kaet Noi)
🚩 Lanna Hospital
🚩 Central Chiang Mai

Code : R2836
🚨บริษัท ที่ดีดี จำกัด | รับซื้อ | ขาย | เช่า
🚨จัดหาบ้าน,คอนโด ตามงบประมาณ
🚨รับทำ TM30 แจ้งต่างชาติเข้าพัก
🚨ดูแลตลอดสัญญาเช่า

📌นัดชมได้ทุกวัน | รับ CO-AGENT
Line : @teedd (มี@)
Tel : [hidden information]

#บ้าน #บ้านเช่า #บ้านเช่าเชียงใหม่
#คอนโด #เช่าคอนโด #คอนโดให้เช่า"
https://www.facebook.com/marketplace/item/1052573769919669/,"บ้าน 4 ห้องนอน 3 ห้องน้ำ
ราคา: ฿13,850,000 | ขาย
🍀vายบ้าน  Pool Villa จาก 15.6 ลบ  ลดราคาเหลือ 13.85 ลบ หรูในจังหวัดเชียงใหม่🍀
 สไตล์ Modern Luxury ฟังก์ชันจัดเต็ม 
ขนาดที่ดิน 150 ตรว. พื้นที่ใช้สอย 306 ตรม.  4 นอน 4 น้ำ 3 ที่จอดรถ 
🔶ทำเลดีมาก โซนสันกำแพง  แม่ออน

✅ราคาพิเศษเพียง 13.85 ล้าน
🔰Fully furnished พร้อมเข้าอยู่ บิ้วอินทั้งหลัง

♻️ สระว่ายน้ำใหญ่ ขนาด 3 x 7 เมตร  
♻️ 4 ห้องนอน 
♻️ 4 ห้องน้ำ
♻️ 3 ที่จอดรถ
♻️ 2 ห้องนั่งเล่นโถงสูง
♻️ ห้องครัว และโซนซักล้าง

🆓ของแถมให้แบบจัดเต็ม
💠แถม เฟอร์นิเจอร์บิ้วอิน
💠แถม ตู้เย็นใหญ่ 3 ประตู
💠แถม เครื่องซักผ้าฝาหน้า
💠 แถม เครื่องอบผ้าฝาหน้า
💠แถม เคาน์เตอร์ครัว ซิ้งค์ เตาแก๊ส ฮู้ด ดูดควัน
💠แถม โซฟาชุดรับแขกทั้งชุด
💠แถม ชุดโต๊ะกินข้าว ชุดใหญ่
💠แถม แอร์ใหญ่ 4 ทิศทาง ขนาด  24,000 btu 2 ตัว
💠แถม เครื่องทำน้ำร้อน  3 เครื่อง
💠แถม เครื่องทำน้ำอุ่น 1 เครื่อง
💠แถม เตาอบ
💠แถม ไมโครเวฟ
💠แถม ชุดที่นอนและเตียงขนาดใหญ่ ทั้ง 4 ห้องนอน

✅ เหมาะสำหรับครอบครัว ที่มีเด็ก หรือผู้สูงอายุ
✅ ทำเลดีมากเดินทางสะดวก
✅ จะอยู่เอง หรือปล่อยเช่า
-------------------

☎️สนใจติดต่อ☎️

065-415-1489 หนุ่ม
WhatsApp: +66 65-415-1489  Sainoom 
IDLINE: sainoomhan2019 
WeChat: tunwai321
Viber: 66+ 65-415-1489
Line: https://line.me/ti/p/IiETWHYd39"
https://www.facebook.com/marketplace/item/1052947053434992/,"1 ห้องนอน · 1 ห้องน้ำ
ราคา: ฿1,100,000 | ขาย
𝗕𝗲𝘀𝘁 𝗣𝗿𝗶𝗰𝗲: 1.1 MB 
𝗙𝗼𝗿 𝗦𝗮𝗹𝗲: ขายด่วน!! คอนโดทำเลช้างคลาน ทำเลทองชาวต่างชาตินิยม มีโควต้าต่างชาติทุกห้อง กาแลทองทาวน์เวอร์

แยกขายได้ มีทั้งหมด 6 ห้อง
1️⃣ห้อง 1 ชั้น 3 ขนาด 90.7 ตรม. ราคา 2,200,000 บาท
2️⃣ห้อง 2 ชั้น 3 ขนาด 40.87 ตรม. ราคา 1,100,000 บาท
3️⃣ห้อง 3 ชั้น 4 ขนาด 40.87 ตรม. ราคา 1,100,000 บาท
4️⃣ห้อง 4 ชั้น 4 ขนาด 40.87 ตรม. ราคา 1,100,000 บาท
5️⃣ห้อง 5 ชั้น 7 ขนาด 40.87 ตรม. ราคา 1,100,000 บาท
6️⃣ห้อง 6 ชั้น 7 ขนาด 40.87 ตรม. ราคา 1,100,000 บาท

ทุกห้องพร้อมอยู่ ขายพร้อมเฟอร์นิเจอร์และเครื่องใช้ไฟฟ้า หากสนใจนัดดูล่วงหน้า อาจดูไม่ได้พร้อมกันทุกห้องเพราะมีผู้เช่าอยู่

รีบจองก่อนเลือกได้ก่อนนะครับ ราคานี้หายากแล้ว

 ขายราคาพิเศษสุดๆ สำหรับอยู่อาศัย ปล่อยเช่าหรือจะรีโนเวทก็ยังคุ้ม
______________________
สนใจติดต่อ/นัดดู
โทร/Line : มิ้นต์ [hidden information] 

Quick sale!! Condo in Chang Klan, prime location, popular with foreigners. There are foreign quotas in every room.

Gale Thong Townver for sale at a very special price for living, renting or renovating is still worth it.

There are 6 rooms for sale separately.

1️⃣ Room 1, 3rd floor, size 90.7 sq.m. Price 2,200,000 baht

2️⃣ 2 rooms, 3rd floor, size 40.87 sq.m. Price 1,100,000 baht

3️⃣ Room 3, 4th floor, size 40.87 sq.m. Price 1,100,000 baht

4️⃣ Room 4, 4th floor, size 40.87 sq.m. Price 1,100,000 baht

5️⃣ Room 5, 7th floor, size 40.87 sq.m. Price 1,100,000 baht

6️⃣ Room 6, 7th floor, size 40.87 sq.m. Price 1,100,000 baht

All rooms are ready to move in. Sold with furniture and electrical appliances. If you are interested in making an appointment in advance, you may not be able to see all rooms at the same time because there are tenants.

Hurry up to book before you can choose first. This price is already rare.

______________________

If you are interested, please contact / make an appointment to see.

Call/Line : Mint [hidden information]

快速销售！！位于长兰的公寓，地理位置优越，很受外国人欢迎。每个房间都有外国人配额。

Gale Thong Townver以非常优惠的价格出售，适合居住、出租或装修，仍然值得。

有6个房间单独出售。

1️⃣1号房间，3楼，面积90.7平方米。价格2,200,000泰铢

2️⃣2个房间，3楼，面积40.87平方米。价格1,100,000泰铢

3️⃣3号房间，4楼，面积40.87平方米。价格1,100,000泰铢

4️⃣ 4号房间，4楼，面积40.87平方米。价格1,100,000泰铢

5️⃣5号房间，7楼，面积40.87平方米。价格1,100,000泰铢

6️⃣6号房间，7楼，面积40.87平方米。价格1,100,000泰铢

所有房间都已准备好入住。出售家具和电器。如果您有兴趣提前预约，您可能无法同时查看所有房间，因为有租户。

在你选择之前，先赶快预订。这个价格已经很罕见了。

____________________________________

如果您感兴趣，请联系/预约查看。

电话/线路：薄荷 [hidden information]"
https://www.facebook.com/marketplace/item/1053010836867814/,"3 ห้องนอน 4 ห้องน้ำ - ทาวน์เฮาส์
ราคา: ฿3,400,000 | ขาย
ขาย✨ทาวน์โฮมที่เสมือนบ้าน 3 ชั้น 3 ห้องนอน 4 ห้องน้ำ  พื้นที่ใช้สอยค่อนข้างกว้าง ไม่อึดอัด ด้านหน้า-หลังโล่ง มีที่จอดรถ ✨🌟 ทำเลอยู่ในเมืองเชียงใหม่  ด้านหน้าหมู่บ้าน ข้ามถนนถึง รร. มงฟอร์ตมัธยม  สนใจติดต่อ [hidden information]  ได้นะคะ"
https://www.facebook.com/marketplace/item/1053684583482291/,"บ้าน 2 ห้องนอน 1 ห้องน้ำ
ราคา: ฿1,490,000 | ขาย
🏡 🏡   ขายบ้านเดี่ยว พร้อมที่ดิน เนื้อที่เยอะ 🏡 🏡  
• บ้านชั้นเดียว บรรยากาศดี ร่มรื่น 
• สร้างด้วยวัสดุคุณภาพ เพื่อนบ้านดี
• เดินทางสะดวก 

🚩 พิกัด : หมู่บ้านนพเก้า   ต.สันป่าเปา  
                อ.สันทราย  จ.เชียงใหม่

🔶 รายละเอียด :
          👉 ขนาดที่ดินกว่า       42  ตารางวา
          👉 2     ห้องนอน 
          👉 1      ห้องน้ำ 
          👉 1      ห้องครัว 
          👉 1      โซนซักล้าง
          👉 จอดรถในบริเวณบ้าน      1 คัน 🚗 🚗
_________________________________

🌟 ราคาขายเพียง   :      1,490,000 บาท 🌟
                   ขายต่ำกว่าราคาประเมิน
      ค่าใช้จ่ายในการโอน    :   ฝ่ายละครึ่ง
_________________________________
🔶 รายการของแถม :  
           👉 มิเตอร์น้ำ         
           👉 มิเตอร์ไฟฟ้า 
           👉 เค้าท์เตอร์ครัว
           👉 ซิงค์ล้างจาน
           
🔶 สถานที่ใกล้เคียง :  
          👉 ร้านค้าสะดวกซื้อ   เซเว่น 
          👉 ตลาดสดบ่อหิน 
          👉 โรงพยาบาลดอยสะเก็ด 
          👉 ปั้มน้ำมัน  ปตท. ,บางจาก ฯ
          👉 แยกแม่กวง
          👉 เซนทรัลเฟส 10 นาที 
_________________________________

👤 สนใจติดต่อสอบถาม :  คุณฐณณ (Thanon) 081-8842094
👤 บริการ ยื่นสินเชื่อธนาคาร และโอนกรรมสิทธิ์สำนักงานที่ดิน
👤 ดูอสังหาริมทรัพย์อื่นเพิ่มเติมได้ที่
     https://www.facebook.com/profile.php?id=100083851780013"
https://www.facebook.com/marketplace/item/1055341059771152/,"ราคา: ฿15,000/เดือน | ขาย
v English below v
บ้านในโครงการให้เช่า เดือนละ 15,000 บาท ใกล้รร.ต้นกล้าเพียง 5 นาที No.11H355
清迈美丽的平房出租 。每月租金 15,000 泰铢，。No.11H355
บ้านเดี่ยวชั้นเดียว มี 3 ห้องนอน 2 ห้องน้ำ พื้นที่ 60 ตรว. 
3 卧室，2 浴室。面积 60 平方哇。
สถานที่ใกล้เคียง
-มหาวิทยาลัยแม่โจ้
-โลตัสรวมโชค
-มีโชคพลาซ่า
-เซ็นทรัลเฟสติวัล
เฟอร์นิเจอร์ภายใน
-แอร์ 2 เครื่อง
-เครื่องทำน้ำอุ่น 2 เครื่อง  
-เตียงนอน 1
-ตู้เสื้อผ้า 1
-โซฟารับแขก 1 
-โต๊ะทานข้าว 1
-ตู้เย็น 1 เครื่อง
สัญญาขั้นต่ำ 1 ปี
จ่ายเพียง ประกัน 2 เดือน ล่วงหน้า 1 เดือน ทั้งหมดเพียง จ่าย 3 เดือน เข้าอยู่ได้เลยจร้า
สนใจติดต่อ BE (บี)  0 9 4 - 3 6 4 4 8 9 6
ID Line : 0943644896
Link Line : https://line.me/ti/p/UoWfAhUEZn
WeChat : Baandeedee44
Line Officials Baan dee dee : https://lin.ee/xUfLbHe


A house for rent near by 5 min to Tonkla School, No.11H355
清迈美丽的平房出租 。每月租金 15,000 泰铢，。No.11H355
Rental monthly is 15,000 THB For 1 Year contact
Condition 1 month in advance & 2 months deposit
House spec : 3 Bedrooms, 2 bathrooms , 60 Sq.w.
3 卧室，2 浴室。面积 60 平方哇。
Close to
-Maejo University
-Lotus Ruamchok
-Meechok Plaza
-CentralFestival
Furniture
-Air conditioner 2
-Hot shower 2
-Bed 1
-Wardrobe 1
-Loungeset 1 
-Dining table 1 
-Refrigerator 1
Contact us for more information : BE (บี)  0 9 4 - 3 6 4 4 8 9 6
ID Line : 0943644896
Link Line : https://line.me/ti/p/UoWfAhUEZn
WeChat : Baandeedee44
Line Officials Baan dee dee : https://lin.ee/xUfLbHe
https://www.baandd-chiangmai.com
#บ้านเช่าเชียงใหม่ #บ้านให้เช่าเชียงใหม่ #บ้านเชียงใหม่ #เชียงใหม่
#houseforrentinchiangmai #houseinchiangmai #chiangmai
#清迈房屋出租 ＃清迈租房 ＃房出租 ＃租房 ＃找清迈租房 ＃清迈别墅墅
#ချင်းမိုင်တွင်လုံးချင်းအိမ်ငှားရန်ရှိသည်။"
https://www.facebook.com/marketplace/item/1055407276502892/,"3 ห้องนอน 2 ห้องน้ำ - บ้าน
ราคา: ฿2,650,000 | ขาย
🏡ขาย บ้านเดี่ยว โซนหางดง ✨

💸ราคาเริ่มต้น 2.65 ล้านบาท ค่าโอนคนละครึ่ง 💰
🌼ขนาดเนื้อที่ 64.3 ตร.ว.🌻
📏ขนาดพื้นที่ใช้ซอย 110.57 ตร.ม.🌹
✨บ้านเดี่ยวหลังใหญ่พื้นที่กว้าง  ทำเลดี✨

✨รายละเอียดบ้าน : 

3 ห้องนอน 🛌
2 ห้องน้ำ 🛁🚿
1 ห้องรับแขก
1 ห้องครัว
1 ที่จอดรถ   

📌สถานที่ใกล้เคียง

โรงเรียนบ้านทรายมูล – Ban Sai Mun School
โรงพยาบาลหางดง – Hang Dong Hospital
ตลาดสันปูเลย – San Pu Loei Market
กาดฝรั่งวิลเลจ – Kad Farang Village
โรงเรียนนานาชาติเอสบีเอส เชียงใหม่ – SBS International School Chiang Mai
โรงเรียนบ้านหนองโขง – Ban Nong Khong School

📞[hidden information] PK (พีเค)

Code : S4239

🏡 House for Sale – Detached Home in Hang Dong Area ✨
💸 Starting Price: 2.65 million baht (Transfer fee split 50/50) 💰
 🌼 Land area: 64.3 sq.wah 🌻
 📏 Usable area: 110.57 sq.m. 🌹
 ✨ Spacious detached house with a large area and a great location! ✨

✨ House Details:
3 bedrooms 🛌
2 bathrooms 🛁🚿
1 living room
1 kitchen
1 parking space

Code : S4239

#บ้านเช่า
#บ้านเช่าเชียงใหม่ #คอนโดให้เช่าเชียงใหม่  #บ้านเชียงใหม่  #เช่าคอนโดเชียงใหม่  #หอพักเชียงใหม่  #บ้าน
#คอนโด  #Condo"
https://www.facebook.com/marketplace/item/1055756779877696/,"ราคา: ฿100,000
  · มีในสต็อก | ขาย
🏡ให้เช่า พูลวิลล่า 2 ชั้น โซนสารภี ใกล้ตลาดยางเนิ้ง
เดือนละ 100,000 บาท สัญญา 1 ปี
✅พร้อมอยู่   🐶🐱รับสัตว์เลี้ยง 

ประกัน 2 เดือน ล่วงหน้า 1 เดือน

📏 พื้นที่ 280 ตร.ม. ขนาดที่ดิน 112 ตร.ว.

รายละเอียด :
🛏 4 ห้องนอน 
🛁 6 ห้องน้ำ
🛋 1 ห้องนั่งเล่น
🍳 1 ห้องครัว
🚗 สามารถจอดรถได้ 6 คัน

รายละเอียดเพิ่มเติม :
✨ เฟอร์นิเจอร์
✨ ทีวี 65 นิ้ว
✨ โซฟา 2 ชุด 
✨ โต๊ะทานข้าว 
✨ สระน้ำล้นระบบเกลือ  

📍สถานที่ใกล้เคียง :
🚩 วัดเวฬุวัน (วัดปันเจียง)
🚩 89 Plaza Night Market
🚩 บิ๊กซี ซูเปอร์เซ็นเตอร์ ดอนจั่น
🚩 โรงเรียนวชิราลัย 
🚩 สถานีรถไฟเชียงใหม่

🏡2-story pool villa for rent in Saraphi area, near Yang Noeng Market
100,000 baht per month, 1-year contract
✅Ready to move in 🐶🐱Pets allowed

2-month security deposit, 1-month advance payment

📏 280 sq m., 112 sq wah land area

Details:
🛏 4 bedrooms
🛁 6 bathrooms
🛋 1 living room
🍳 1 kitchen
🚗 Parking for 6 cars

Additional details:
✨ Furniture
✨ 65-inch TV
✨ 2 sofas
✨ Dining table
✨ Saltwater infinity pool

📍Nearby places:
🚩 Wat Weluwan (Wat Pan Chiang)
🚩 89 Plaza Night Market
🚩 Big C Supercenter Don Chan
🚩 Wachiralai School
🚩 Chiang Mai Railway Station

Code : R2915
🚨บริษัท ที่ดีดี จำกัด | รับซื้อ | ขาย | เช่า
🚨จัดหาบ้าน,คอนโด ตามงบประมาณ
🚨รับทำ TM30 แจ้งต่างชาติเข้าพัก
🚨ดูแลตลอดสัญญาเช่า

📌นัดชมได้ทุกวัน | รับ CO-AGENT
Line : @teedd (มี@)
Tel : [hidden information]

#บ้าน #บ้านเช่า #บ้านเช่าเชียงใหม่
#คอนโด #เช่าคอนโด #คอนโดให้เช่า"
https://www.facebook.com/marketplace/item/1057505309684557/,"ราคา: ฿30,000/เดือน | ขาย
❤️House For Rent❤️

Karnkanok  12, Phase 3
Chai Sathan, Saraphi Area

❤️
• 3 bedrooms
• 3 bathrooms
Living room & Kitchen
• 4 air conditioners

Fully furnished with electrical appliances 

❤️Facilities 

• Swimming pool 
• Fitness centre
• Ample parking space
• 24-hour security (CCTV and guards)

❤️Nearby Places:

• Unity International School – 1 km
• ACIS International School – 4 km
• ABS International School – 4 km
• Varee International School – 5.9 km
• Big C Chiang Mai
• Makro
• Central Festival Chiang Mai
• Bangkok Hospital Chiang Mai

❤️Rental price: 

30,000/month ( Negotiable)

Security Deposit: 2 months
Advance payment 1 month
Minimum lease: 1 year

For more information 
[hidden information] or Ib 
Tai"
https://www.facebook.com/marketplace/item/1057663229805346/,"4 ห้องนอน · 3 ห้องน้ำ
ราคา: ฿3,390,000 | ขาย
บ้านเดี่ยว สร้างใหม่ พร้อมอยู่
ในราคาเพียง  3,390,000  ฟรีโอน 
บ้านเดี่ยวสองชั้น  4 ห้องนอน  3 ห้องน้ำ 
บนที่ดิน  58 ตร.ว. 
ใกล้เมือง ตลาดรวมโชค 10 นาที 

ติดต่อ คุณอาย [hidden information]
(CSS101752)
#บ้านเดี่ยวเชียงใหม่ #บ้านเชียงใหม่"
https://www.facebook.com/marketplace/item/1059375196048511/,"บ้าน 2 ห้องนอน 2 ห้องน้ำ
ราคา: ฿15,000/เดือน | ขาย
v English below v
บ้านในโครงการ ให้เช่าเดือนละ 15,000 บาท ใกล้ตลาดแม่กวง No.12H466
清迈美丽的2层别墅出租 。每月租金 15,000 泰铢，。No.12H466

บ้านเดี่ยวสองชั้น มี 2 ห้องนอน 2 ห้องน้ำ พื้นที่ 38 ตรว. 
2 卧室，2 浴室。面积 38 平方哇。

สถานที่ใกล้เคียง
-โฮมโปรสันทราย
-ตลาดสามแยก
-เซ็นทรัลเฟสติวัล

เฟอร์นิเจอร์ภายใน
-แอร์ 3 เครื่อง
-เครื่องทำน้ำอุ่น 1 เครื่อง
-เตียงนอน 2
-ตู้เสื้อผ้า 1
-โซฟารับแขก 1
-โต๊ะทานข้าว 1
-ทีวี 1 เครื่อง
-ตู้เย็น 1 เครื่อง
-ไมโครเวฟ 1 เครื่อง
-เครื่องซักผ้า 1 เครื่อง

สัญญาขั้นต่ำ 1 ปี
จ่ายเพียง ประกัน 2 เดือน ล่วงหน้า 1 เดือน ทั้งหมดเพียง จ่าย 3 เดือน เข้าอยู่ได้เลยจร้า
สนใจติดต่อ อิง 0 9 6 - 1 7 1 4 1 9 5, บี 0 9 4 - 3 6 4 4 8 9 6 ,  หญิง 0 6 4 - 4 6 2 8 1 1 7
ไลน์ : https://lin.ee/xUfLbHe

A house for rent good location near Mae Kuang Market, No.12H466
清迈美丽的2层别墅出租 。每月租金 15,000 泰铢，。No.12H466

Rental monthly is 15,000 THB For 1 Year contact
Condition 1 month in advance & 2 months deposit

House spec : 2 Bedrooms, 2 bathrooms, 38 Sq.w. 
2 卧室，2 浴室。面积 38 平方哇。

Close to
-HomePro Sansai
-Sam Yak Market
-CentralFestival

Furniture
-Air conditioner 3
-Hot shower 1
-Bed 2
-Wardrobe 1
-Loungeset 1
-Dining table 1 
-Television 1
-Refrigerator 1
-Microwave 1
-Washing machine 1

Contact us for more information : Ing 0 9 6 - 1 7 1 4 1 9 5, BE 0 9 4 - 3 6 4 4 8 9 6 , Ying 0 6 4 - 4 6 2 8 1 1 7
Line : https://lin.ee/xUfLbHe
https://www.baandd-chiangmai.com
#บ้านเช่าเชียงใหม่ #Houseforrentchiangmai
#ချင်းမိုင်တွင်လုံးချင်းအိမ်ငှားရန်ရှိသည်။"
https://www.facebook.com/marketplace/item/1059813922896095/,"บ้าน 1 ห้องนอน 1 ห้องน้ำ
ราคา: ฿22,000/เดือน | ขาย
v English below v
ร้านค้าให้เช่าเดือนละ 22,000 บาท ใกล้ม.ราชภัฏเชียงใหม่เพียง 5 นาที No.1H651
清迈美丽的排屋出租 。每月租金 22,000 泰铢，。No.1H651
ร้านค้าชั้นเดียว มี 1 ห้องนอน 1 ห้องน้ำ พื้นที่ 30 ตรว. 
1 卧室，1 浴室。面积 30 平方哇。
สถานที่ใกล้เคียง
-ตลาดธานินทร์
-โลตัสคำเที่ยง
-เมญ่า
-โรงพยาบาลลานนา
(ไม่มีเฟอร์นิเจอร์และเครื่องใช้ไฟฟ้า)
สัญญาขั้นต่ำ 1 ปี
จ่ายเพียง ประกัน 2 เดือน ล่วงหน้า 1 เดือน ทั้งหมดเพียง จ่าย 3 เดือน เข้าอยู่ได้เลยจร้า
สนใจติดต่อ BE (บี)  0 9 4 - 3 6 4 4 8 9 6
ID Line : 0943644896
Link Line : https://line.me/ti/p/UoWfAhUEZn
WeChat : Baandeedee44
Line Officials Baan dee dee : https://lin.ee/xUfLbHe


Store for rent near by 5 min to Chiang Mai Rajabhat University, No.1H651
清迈美丽的排屋出租 。每月租金 22,000 泰铢，。No.1H651
Rental monthly is 22,000 THB For 1 Year contact
Condition 1 month in advance & 2 months deposit
House spec : 1 Bedrooms, 1 bathrooms, 30 Sq.w.
1 卧室，1 浴室。面积 30 平方哇。
Close to
-Tanin Market
-Lotus Khamtieng
-Maya
-Lanna Hospital
(No furniture and electronical appliance)
Contact us for more information : BE (บี)  0 9 4 - 3 6 4 4 8 9 6
ID Line : 0943644896
Link Line : https://line.me/ti/p/UoWfAhUEZn
WeChat : Baandeedee44
Line Officials Baan dee dee : https://lin.ee/xUfLbHe
https://www.baandd-chiangmai.com
#บ้านเช่าเชียงใหม่ #บ้านให้เช่าเชียงใหม่ #บ้านเชียงใหม่ #เชียงใหม่
#houseforrentinchiangmai #houseinchiangmai #chiangmai
#清迈房屋出租 ＃清迈租房 ＃房出租 ＃租房 ＃找清迈租房 ＃清迈别墅墅
#ချင်းမိုင်တွင်လုံးချင်းအိမ်ငှားရန်ရှိသည်။"
https://www.facebook.com/marketplace/item/1061421522737695/,"4 ห้องนอน 3 ห้องน้ำ - บ้าน
ราคา: ฿45,000/เดือน | ขาย
🏡ให้เช่า บ้าน โซนสันทราย โกล้ตลาดแม่กวง
เดือนละ 45,000 บาท  สัญญา 1 ปี
✅พร้อมอยู่   ✅พร้อมเฟอร์นิเจอร์

ประกัน 2 เดือน ล่วงหน้า 1 เดือน

📏 ขนาดที่ดิน 68 ตร.ว. | พื้นที่ใช้สอย 216 ตร.ม.

รายละเอียด :
🛏 4 ห้องนอน 
🛁 3 ห้องน้ำ
🛋 1 ห้องนั่งเล่น
🍳 1 ห้องครัว
🚗 สามารถจอดรถได้ 2 คัน

รายละเอียดเพิ่มเติม :
✨ เตียงนอน
✨ ตู้เสื้อผ้า
✨ โซฟา
✨ เครื่องซักผ้า 
✨ แอร์
✨ เครื่องทำน้ำอุ่น

📍สถานที่ใกล้เคียง :
🚩 วัดสันคะยอม
🚩 กาดรวมโชค
🚩 เซ็นทรัล เชียงใหม่
🚩 Tonkla School Chiang Mai
🚩 โรงพยาบาลเทพปัญญา

🏡 House for rent in San Sai, near Mae Kuang Market.
45,000 baht per month, 1-year contract.
✅ Ready to move in. ✅ Fully furnished.

2-month security deposit, 1 month advance payment.

📏 Land area: 68 sq m | Usable area: 216 sq m.

Details:
🛏 4 bedrooms
🛁 3 bathrooms
🛋 1 living room
🍳 1 kitchen
🚗 Parking for 2 cars

Additional details:
✨ Bed
✨ Wardrobe
✨ Sofa
✨ Washing machine
✨ Air conditioner
✨ Water heater

📍Nearby places:
🚩 Wat San Khayom
🚩 Kad Ruam Chok
🚩 Central Chiang Mai
🚩 Tonkla School Chiang Mai
🚩 Theppanya Hospital

Code : R2971
🚨บริษัท ที่ดีดี จำกัด | รับซื้อ | ขาย | เช่า
🚨จัดหาบ้าน,คอนโด ตามงบประมาณ
🚨รับทำ TM30 แจ้งต่างชาติเข้าพัก
🚨ดูแลตลอดสัญญาเช่า

📌นัดชมได้ทุกวัน | รับ CO-AGENT
Line : @teedd (มี@)
Tel : [hidden information]

#บ้าน #บ้านเช่า #บ้านเช่าเชียงใหม่
#คอนโด #เช่าคอนโด #คอนโดให้เช่า"
https://www.facebook.com/marketplace/item/1062653682393246/,"บ้าน 4 ห้องนอน 4 ห้องน้ำ
ราคา: ฿25,000,000 | ขาย
Code : P0191
🏝️💦 ขาย Pool Villa โซนหางดง💦🏝️
🏡เนื้อที่ทั้งหมด 2 ไร่ 305 ตร.ว.🌼
⭐พื้นที่ใช้สอยทั้งหมด 600+ ตร.ม.🎠
⛲สระว่ายน้ำ 4x6 ม.💦
💸ราคาเพียง 25  ล้านบาท 💰 


🏡บ้านPool villa สังคมดี ระดับคุณภาพชีวิตดี🌼🌳
✨🌻ทำเลดี ติดถนน เดินทางสะดวก🏰🌼
🌳 พร้อมระบบสมาร์ทโฮมทั้งหลัง ใช้งานผ่านมือถือสะดวกสบายเมื่ออยู่นอกบ้าน📲


✨รายละเอียดบ้าน:
4 ห้องนอน  🛌✨
4 ห้องน้ำ 🚿🛁
2 โถงนั่งเล่น/รับแขก
1 ห้องทำงาน
3 ครัว


✨ชั้นบน✨
2 ห้องนอนใหญ่ master พื้นที่ 70 ตรม. บิ้วอินครบ
มีห้องน้ำในตัว พร้อมอ่างจากุชชี่ Cristina ทั้ง2ห้อง
*1ห้องนอน บนชั้นดาดฟ้า 


✨ชั้นล่าง✨
1ห้องนอนมีห้องน้ำในตัว 
และ1ห้องทำงานอเนกประสงค์
* 1ห้องน้ำรับแขกล่างแยกโซน
* 3ครัว ล่าง
ห้องครัว 3 สไตล์
บิ้วอินยุโรป//บิ้วอินมูจิมินิมอล//ครัวไทย
ระบบน้ำร้อน-น้ำเย็นทั้งหลัง
1 สระว่ายน้ำส่วนตัว ระบบ Over flow ขนาด 4×6 ม.
ภายในบ้านตกแต่งพร้อมเข้าอยู่ หรูหรา ลักซูรี่
Built in ทุกห้อง
ผ้าม่าน2ชั้นกันแสง ทั้งหลัง
แอร์ทุกห้อง
Daikin inverter 5 ตัว (12000-30000btu) 
แอร์ฝังฝ้า Daikin 1ตัว (48,000 btu)
เครื่องใช้ไฟฟ้าและชุดครัวบิ้วอิน 
ไมโครเวฟ/เตาอบ
ที่ดูดควัน/เตาไฟฟ้า และเครื่องล้างจาน Ariston ครบชุด
และที่ดูดควัน/เตาไฟฟ้า Bosch อีก1ชุด
เครื่องซักผ้าLg 1 เครื่อง
เครื่องอบผ้าLg 1 เครื่อง 
พร้อมใช้งานค่ะ
กล้องCctv 9ตัวรอบบ้าน
ประตูบ้าน Tostem
ระบบดิจิตอลล็อค
ประตูรั้วรีโมทอัตโนมัติ
โรงจอดรถปูคอนกรีตแสตมป์พิมพ์ลาย จอดได้4คัน
ปูหญ้ารอบบ้าน พร้อมระบบสปริงเกอร์
รายละเอียดบ้านหลังเล็ก
ใช้สอยภายใน 80ตรม. 1นอน1รับแขก1อเนกประสงค์1ครัว2ห้องน้ำ
บ้าน6ปี 
🏝️💦 Selling a Pool Villa in Hang Dong Area 💦🏝️
 🏡 Total Land Area: 2 Rai 305 sq. wah 🌼
 ⭐ Total Usable Area: 600+ sq.m. 🎠
 ⛲ Swimming Pool: 4x6 m. 💦
 💸 Price: 25 Million Baht 💰
🏡 This Pool Villa offers a great living environment in a good community with high-quality living standards 🌼🌳
 ✨🌻 Prime Location, next to the road, easy access to transportation 🏰🌼
 🌳 Fully equipped with a smart home system, easy control via mobile phone when you're outside 📲
✨ House Details:
4 Bedrooms 🛌✨
4 Bathrooms 🚿🛁
2 Living rooms / Reception areas
1 Office room
3 Kitchens
✨ Upstairs ✨
2 Master Bedrooms, each 70 sq.m., fully built-in
En-suite bathrooms with Cristina Jacuzzi in both rooms
1 Bedroom on the rooftop
✨ Downstairs ✨
1 Bedroom with an en-suite bathroom
1 Multi-purpose office room
1 Guest bathroom in the separate area
3 Kitchens downstairs:
European-style built-in kitchen
Minimalist Muji-style built-in kitchen
Thai kitchen
Hot and cold water systems throughout the house
Private swimming pool with overflow system, 4x6 m
The house is fully decorated and ready to move in with luxury finishes, built-in features in every room, dual-layer light-blocking curtains throughout, and air conditioning in every room.
5 Daikin inverter air conditioners (12,000-30,000 BTU)
1 Daikin concealed ceiling air conditioner (48,000 BTU)
Built-in electrical appliances and kitchen sets: microwave, oven, extractor hood, electric stove, and Ariston dishwasher
Bosch extractor hood and electric stove set
1 LG washing machine
1 LG dryer
CCTV cameras (9 units) around the house
Tostem digital lock for main door
Automatic remote control gate
Concrete stamp driveway for 4 cars
Grass lawn with sprinkler system around the house
Additional Small House Details:
Usable area: 80 sq.m.
1 Bedroom, 1 Living room, 1 Multi-purpose room, 1 Kitchen, 2 Bathrooms
6 years old


📍สถานที่ใกล้เคียง Nearby places 
โรงเรียนต้นแก้วผดุงพิทยาลัย - Tonkaew Padung Phitthaya School
โรงพยาบาลหางดง - Hang Dong Hospital
ตลาดสดเทศบาลตำบลหางดง - Hang Dong Municipality Fresh Market
พรีเมี่ยมเอาท์เล็ท เชียงใหม่ - Premium Outlet Chiang Mai
มหาวิทยาลัยฟาร์อีสเทอร์น วิทยาเขตใหม่ถนนวงแหวน - Far Eastern University, New Campus, Ring Road
มหาวิทยาลัยนอร์ท-เชียงใหม่ - North-Chiang Mai University


รวมพูลวิลล่าสวยๆในเชียงใหม่
➡️ https://teedd.co/พูลวิลล่า/ 
•สำหรับนักลงทุน พร้อมหาผู้เช่า
•เช็คบูโร,แก้เคส,ทำเอกสาร,วิเคราะห์สินเชื่อฟรี 
•รับจัดหาบ้าน,ที่ดิน,คอนโด,อสังหาริมทรัพย์
นัดชมได้ทุกวันไม่มีวันหยุด | รับนายหน้า CO-AGENT
Line:@teedd (มี@)
https://lin.ee/6c10cxd"
https://www.facebook.com/marketplace/item/1063365764660514/,"บ้าน 2 ห้องนอน 2 ห้องน้ำ
ราคา: ฿5,000 | ขาย
📢📢แนะนำ‼️บ้านใหม่สองหลังในที่ดินกว้างๆ
🔔🔔ลดแล้วเหลือเพียง 1.79 ลบ.🔔🔔
▪️เนื้อที่ 64 ตรว. 
▪️บ้านสองหลัง พร้อมที่จอดรถได้สองคัน 
🟠หลังแรก   1 ห้องนอน 1 ห้องน้ำ 1ห้องโถง 1 ห้องครัว
🟠หลังที่สอง 1 ห้องนอน 1 ห้องน้ำ 1ห้องโถง 1 ห้องครัว
📌บ้านมะเขือแจ้ ม.1 ต.มะเขือแจ้  อ.เมืองลำพูน
🎁พร้อมของแถมอีกหลายรายการ🎉🎉
✅ฟรีโอน
✅ถังเก็บน้ำพันลิตร
✅มิเตอร์น้ำ
✅มิเตอร์ไฟ
------------------------------
 ☎️สนใจสอบถามเพิ่มเติม/นัดชมโครงการ
[hidden information] ฝ่ายขาย
บ้านนี้มีฮักยินดีให้บริการเรื่องบ้านสำหรับคุณ🏠👨‍👩‍👦💏
*เงื่อนไขเป็นไปตามที่โครงการฯกำหนด"
https://www.facebook.com/marketplace/item/1063383402641907/,"3 ห้องนอน 2 ห้องน้ำ - บ้าน
ราคา: ฿1,990,000 | ขาย
👏 #บ้านสวยคุณภาพดีเยี่ยมหลากหลายแบบให้คุณได้เลือกตามสไตล์ความชอบ 
#บ้านสร้างใหม่ บนทำเลทองตอบโจทย์ทุกไลฟ์สไตล์ ใกล้เมืองเชียงใหม่ เดินทางสะดวกสบาย

👉ทำเลดีที่คุณเลือกได้...
               #หางดง-สันผักหวาน
               #หางดง-น้ำแพร่
               #สารภี-ท่าวังตาล

 **ราคาเริ่มต้นเพียง 1.96 ล้านบาท** 

::::::::::::::::::::::::::::::::::::::::::::::::::::::::::
รายละเอียด :
- 3 ห้องนอน 2 ห้องน้ำ 1 โรงจอดรถ 1 ห้องครัว 1 ห้องนั่งเล่น
- การเดินทางสะดวกสบาย เข้า-ออกได้หลายเส้นทาง
- เดินทางเข้าเมือง 15-20 นาที
- บ้านอยู่ในเขตชุมชน 

   🟢**แถมฟรี**🟢
- ฟรีค่าโอนกรรมสิทธิ์
-  ฟรีค่าจดจำนอง*
- ปูกระเบื้องโรงจอดรถ
- ระบบกำจัดปลวกพร้อมสัญญากันปลวก 1 ปี
- มิเตอร์น้ำ+มิเตอร์ไฟฟ้า
- มิเตอร์ไฟ+มิเตอร์น้ำ
- รับประกันโครงสร้าง 1 ปี
- เครื่องปรับอากาศ 12,000 BTU 1 เครื่อง*หรือ ปั้มน้ำ+แทงค์น้ำ 1,000 ลิตร*

#ยินดีให้คำปรึกษาและบริการสินเชื่อให้ฟรี❗
ทางเรายินดีให้คำแนะนำและดูแลคุณทุกขั้นตอน😀

::::::::::::::::::::::::::::::::::::::::::::::::::::::::::
สถานที่ใกล้เคียง :
- ใกล้ถนนวงแหวนรอบ 2 (3029)
- ใกล้ถนนเชียงใหม่-ฮอด (108)
- ใกล้สี่แยกสะเมิง

::::::::::::::::::::::::::::::::::::::::::::::::::::::::::
*งดแชร์พิกัด หากไม่ได้นัดหมาย
**นัดชมบ้านแจ้งล่วงหน้า 1 วัน
***ราคาตามทำเลที่โครงการกำหนด
****แบบบ้านเป็นไปตามทำเลและแปลงที่โครงการกำหนด

สนใจ !! ติดต่อสอบถามข้อมูลเพิ่มเติมหรือนัดชมบ้าน
โทร : 082-1097442,092-9928792
Line : 0821097442

ดูสินทรัพย์เพิ่มเติมได้ตามลิงค์ด้านล่าง
https://www.facebook.com/atcnxproperty

#บ้านสร้างใหม่เชียงใหม่น้ำไม่ท่วม
#บ้านสร้างใหม่หางดงน้ำไม่ท่วม
#หางดงเชียงใหม่ 
#บ้านสร้างใหม่สารภีเชียงใหม่น้ำไม่ท่วม
#สารภีเชียงใหม่
#คอนโดพร้อมอยู่เชียงใหม่ 
#บ้านสร้างใหม่
#บ้านสร้างใหม่เชียงใหม่
#เมืองเชียงใหม่
#บ้านใกล้เมือง 
#บ้านเดี่ยวชั้นเดียว 
#บ้านราคาถูกเชียงใหม่ 
#เชียงใหม่ 
#ขายบ้านเชียงใหม่ 
#นายหน้าอสังหาริมทรัพย์ 
#นายหน้าขายบ้านและที่ดินเชียงใหม่
#อสังหาเชียงใหม่ 
#บ้านเชียงใหม่ 
#ขายบ้านที่ดินเชียงใหม่ 
#บ้านสวยราคาถูกเชียงใหม่ 
#บ้านพร้อมอยู่เชียงใหม่"
https://www.facebook.com/marketplace/item/1064413825769874/,"บ้าน 4 ห้องนอน 3 ห้องน้ำ
ราคา: ฿75,000/เดือน | ขาย
v English below v
บ้านพร้อมสระว่ายน้ำส่วนตัว ให้เช่าเดือนละ 75,000 บาท ใกล้มีโชคพลาซ่าเพียง 5 นาที No.5H104
清迈美丽的2层别墅出租 。每月租金 75,000 泰铢，。No.5H104
บ้านเดี่ยวสองชั้น มี 4 ห้องนอน 3 ห้องน้ำ พื้นที่ 208 ตรว. พื้นที่ใช้สอย 350 ตรม. 
4 卧室，3 浴室。面积 208 平方哇。面积 350 平方米 。
สถานที่ใกล้เคียง
-โรงเรียนต้นกล้า
-โลตัสรวมโชค
-เซ็นทรัพลเฟสติวัล
เฟอร์นิเจอร์ภายใน
-แอร์ 
-เครื่องทำน้ำอุ่น
-เตียงนอน 
-ตู้เสื้อผ้า 
-โซฟารับแขก 
-โต๊ะทานข้าว 
-ทีวี
-ตู้เย็น 
-ไมโครเวฟ
-เครื่องซักผ้า 
สัญญาขั้นต่ำ 1 ปี
จ่ายเพียง ประกัน 2 เดือน ล่วงหน้า 1 เดือน ทั้งหมดเพียง จ่าย 3 เดือน เข้าอยู่ได้เลยจร้า
สนใจติดต่อ Pednoi (เป็ดน้อย) 0994728246
Id line:0994728246
https://line.me/ti/p/nsqIxB9oqF
Whatapp:0994728246
Weixin ID :NX997930
https://www.baandd-chiangmai
Luxury house for rent with private pool near by 5 min to Meechok Plaza, No.5H104
清迈美丽的2层别墅出租 。每月租金 75,000 泰铢，。No.5H104
Rental monthly is 75,000 THB For 1 Year contact
Condition 1 month in advance & 2 months deposit
House spec : 4 Bedrooms, 3 bathrooms , 208 Sq.w 350 Sq.m. 
4 卧室，3 浴室。面积 208 平方哇。面积 350 平方米 。
Close to
-Tonkla School 
-Lotus Ruamchok
-CentralFestival
Furniture
-Air conditioner 
-Hot shower
-Bed 
-Wardrobe 
-Loungeset 
-Dining table 
-Television 
-Refrigerator 
-Microwave 
-Washing machine 
Contact us for more information : Pednoi (เป็ดน้อย) 0994728246
Id line:0994728246
https://line.me/ti/p/nsqIxB9oqF
Whatapp:0994728246
Weixin ID :NX997930
https://www.baandd-chiangmai
#บ้านเช่าเชียงใหม่ #Houseforrentchiangmai
#ချင်းမိုင်တွင်လုံးချင်းအိမ်ငှားရန်ရှိသည်။"
https://www.facebook.com/marketplace/item/1068059042024498/,"3 ห้องนอน · 2 ห้องน้ำ
ราคา: ฿22,000/เดือน | ขาย
✨House for rent in Kad Farang, Hang Dong
Fully furnished, ready to move in

22,000 baht (no pets allowed)
23,000 baht (pets allowed)

3 bedrooms
2 bathrooms
1 living room
1 kitchen
Parking for 1 car

Feel free to contact us 📩 想了解更多欢迎私信
📞WhatsApp + 66 611741528 
Line : https://lin.ee/KlEG1EVj 
WeChat : Kaelynproperty_th 

🌐 Official Website : https://www.kaelynproperty.com

RH275 
__________________

✨บ้านเช่าในกาดฝรั่ง หางดง
เฟอร์ครบพร้อมเข้าอยู่

22,000 บาท ไม่รับสัตว์เลี้ยง
23,000 บาท รับสัตว์เลี้ยง

3 ห้องนอน 
2 ห้องน้ำ 
1 ห้องรับแขก
1 ห้องครัว
จอดรถยนต์ 1 คัน

สนใจติดต่อ
📞WhatsApp + 66 611741528 
Line : https://lin.ee/KlEG1EVj 
WeChat : Kaelynproperty_th 

🌐 Official Website : https://www.kaelynproperty.com

RH275"
https://www.facebook.com/marketplace/item/1070753428377729/,"4 ห้องนอน 3 ห้องน้ำ - บ้าน
ราคา: ฿3,790,000 | ขาย
🏡 บ้านเดี่ยว 2 ชั้น ดีไซน์ทันสมัย ฟังก์ชันครบ
📍 ทำเลทอง ใกล้กรมที่ดินสันทราย เดินทางสะดวก
🏘 โครงการพิเศษ มีเพียง 15 หลังเท่านั้น! ไม่มีค่าส่วนกลาง

📐 ที่ดิน 53 ตร.ว.
🏠 พื้นที่ใช้สอย 236 ตร.ม.
🛏 4 ห้องนอน | 🛁 3 ห้องน้ำ | 🍳 1 ห้องครัว | 🚗 จอดรถได้ 2 คัน

💰 โปรพิเศษวันนี้! จาก 3.99 ลบ. เหลือเพียง 3.79 ลบ. เท่านั้น 🎉

📞 สนใจนัดชมบ้าน โทร: [hidden information] | Line: rcnkpang

⸻

🏡 Modern 2-Storey Single House – Fully Functional
📍 Prime Location: Near Sansai Land Office, easy access
🏘 Exclusive Project with only 15 units – No common fee!

📐 Land Size: 212 sq.m. (53 sq.wah)
🏠 Usable Area: 236 sq.m.
🛏 4 Bedrooms | 🛁 3 Bathrooms | 🍳 1 Kitchen | 🚗 2 Parking spaces

💰 Special Promotion! From 3.99 MB → Only 3.79 MB 🎉

📞 Book a viewing today: Call [hidden information] | Line: rcnkpang

⸻

🏡 现代双层独栋别墅 · 功能齐全
📍 黄金地段：靠近山赛土地局，出行方便
🏘 项目仅有 15 套 · 无需管理费！

📐 占地面积：212 平方米 (53 平方哇)
🏠 使用面积：236 平方米
🛏 4 间卧室 | 🛁 3 间浴室 | 🍳 1 间厨房 | 🚗 2 个停车位

💰 限时优惠！ 原价 3.99 百万 → 现仅 3.79 百万 🎉

📞 预约看房：[hidden information] | Line: rcnkpang

⸻

#บ้านเชียงใหม่ #บ้านหลังใหญ่ #บ้านสร้างใหม่ #บ้านสันทราย #บ้าน2ชั้น #บ้านราคาถูก #บ้านเดี่ยว #LuxuryHome #RealEstateChiangMai #บ้านใหม่ใกล้เมือง #ลงทุนอสังหา"
https://www.facebook.com/marketplace/item/1071373344995405/,"บ้าน 3 ห้องนอน 3 ห้องน้ำ
ราคา: ฿25,000/เดือน | ขาย
ให้เช่าบ้านสร้างใหม่ 3 ห้องนอน ใกล้กาดฝรั่งหางดง
พร้อมเฟอร์นิเจอร์ 

เพียง 25,000 บาท/เดือน
ประกันสองเดือนล่วงหน้าหนึ่งเดือน

3 ห้องนอน 3ห้องน้ำ 
1 ห้องครัว 1 ห้องนั่งเล่น
แอร์ 4 ตัว

✅อยู่บ้านท้าวคำวัง อ.หางดง
ใกล้กาดฝรั่ง
ใกล้โรงเรียนปัญญาเด่น
โรงเรียน นานาชาติ หลายแห่ง"
https://www.facebook.com/marketplace/item/1072041375005784/,"4 ห้องนอน 2 ห้องน้ำ - บ้าน
ราคา: ฿2,790,000 | ขาย
️>ขายบ้านเดี่ยว3ห้องนอน2ห้องน้ำ เนื้อที่ 250 ตารางวากว้างมาก มีพื้นที่หน้าบ้านทำได้หลายอย่าง ขายราคา 2.79 ลบ.ราคาต่อรองได้
บ้านพร้อมเข้าอยู่ ทำเลดี มีต้นไม้ล้อมรอบ บรรยากาศร่มรื่นบ้านหันหน้าไปทางทิศตะวันออกครับรับเเสงอ่อนยามเช้า
> เครดิตดีมีเงินเหลือครับ**

✅️พิกัด ประตูป่า  ห่างตลาดประตูป่า1กม.

✅️สนใจนัดดูบ้าน [hidden information] คุณ ต้น"
https://www.facebook.com/marketplace/item/1072122491528552/,"3 ห้องนอน 2 ห้องน้ำ - บ้าน
ราคา: ฿1,800,000 | ขาย
♻️.245.บ้านสร้างใหม่ โซน แม่โจ้

ขนาด46ตรว.
3ห้องนอน
2ห้องน้ำ
1ห้องครัว
1ห้องรับเเขก

บ้านนอกโครงการ ทำเลหลังม.แม่โจ้ บ้านโปง ต.ป่าไผ่ 
ราคา1,800,000บาท ฟรีโอน

เพียงหลังเดียวเท่านั้น

สอบถาม [hidden information]"
https://www.facebook.com/marketplace/item/1073576988056982/,"3 ห้องนอน 2 ห้องน้ำ - บ้าน
ราคา: ฿55 | ขาย
🎁🏠🌳NEW Version
(หลังใหญ่สุดคุ้ม)
 #บ้านพร้อมอยู่มินิมอล
 หิ้วกระเป๋าเข้าแบบสบายๆ
3ห้องนอน2ห้องน้ำ1ห้องโถงกว้างๆ
2จอดรถ#บ้านในเมืองเชียงรายเดินทางสะดวกสบายเพียง 3 นาที
โครงการ6พีเอสโฮมเชียงราย(อำเภอเมือง) บ้านดอยสะเก็น-เชียงรายเมืองใหม่ 
ใกล้ถนนสายหลัก 800 เมตรปากซอยมีมินิบิ๊กซีโลตัสเอ็กเพรส เซเว่น
โทร. [hidden information]"
https://www.facebook.com/marketplace/item/1074963738079453/,"2 ห้องนอน 2 ห้องน้ำ - บ้าน
ราคา: ฿1,700,000 | ขาย
🏡 ขาย บ้านแฝด โซนสันทราย เชียงใหม่
💸 ราคาเพียง 1.7 ล้านบาท ฟรีโอน
✨ บ้านแฝดสไตล์โมเดิร์นลอฟต์ พร้อมเฟอร์นิเจอร์และเครื่องใช้ไฟฟ้า  
📏 ขนาดพื้นที่ใช้สอย 102 ตร.ม.
  
✨รายละเอียดบ้าน : 
2 ห้องนอน
2 ห้องน้ำ
1 ห้องโถง
1 ห้องครัว

✨รายละเอียดเฟอร์นิเจอร์และเครื่องใช้ไฟฟ้า :
เครื่องปรับอากาศ
เครื่องทำน้ำอุ่น
TV 3 เครื่อง
ตู้เย็น
ไมเครเวฟ
โซฟา
โต๊ะรับประทานอาหาร
📌สถานที่ใกล้เคียง (Nearby places):
โรงเรียนบ้านหลักปัน แผนกมัธยม – Ban Lak Pan School, Secondary Division
โรงพยาบาลส่งเสริมสุขภาพตำบลบ้านท่อ – Ban Thor Subdistrict Health Promoting Hospital
ตลาดแม่กวง – Mae Kuang Market
วิทยาลัยเทคโนโลยีพายัพและบริหารธุรกิจ – Payap Technology and Business Administration College
โลตัส โกเฟรช สันนาเม็ง เชียงใหม่ – Lotus’s Go Fresh San Na Meng, Chiang Mai
ตลาดค้าเจริญ – Kha Charoen Market
🏡 Twin house for sale, San Sai zone, Chiang Mai
💸 Price only 1.7 million THB, transfer fee included
📏 Usable area 102 sq.m.
✨ Modern loft-style twin house, fully furnished with appliances
✨ House Details:
2 Bedrooms
2 Bathrooms
1 Living Room
1 Kitchen


✨ Furniture and Electrical Appliances:
Air Conditioner
Water Heater
3 Televisions
Refrigerator
Microwave
Sofa
Dining Table
Code : S4534
บริษัท ที่ดีดี จำกัด | รับซื้อ | ขาย | เช่า อสังหาริมทรัพย์
•สำหรับนักลงทุน พร้อมหาผู้เช่า
•เช็คบูโร,แก้เคส,ทำเอกสาร,วิเคราะห์สินเชื่อฟรี 
•รับจัดหาบ้าน,ที่ดิน,คอนโด,อสังหาริมทรัพย์

📌นัดชมได้ทุกวัน | รับ CO-AGENT
Line : @teedd (มี@)
Tel : [hidden information]

#ที่ดีดีเชียงใหม่ #บ้านเช่า
#บ้านเช่าเชียงใหม่ #คอนโดให้เช่าเชียงใหม่  #บ้านเชียงใหม่  #เช่าคอนโดเชียงใหม่  #หอพักเชียงใหม่  #บ้าน
#คอนโด  #Condo"
https://www.facebook.com/marketplace/item/1075792514421558/,"ราคา: ฿14,000 | ขาย
Code: R1564
🏢ปล่อยเช่าคอนโด The Base Height Chiang Mai โครงการใหม่ของแสนสิริ
สวยหรู ใกล้ Central Festival
ชั้น 6 ห้องกว้าง 29.40 ตร.ม.

ปล่อยเช่า 14,000 บาท/เดือน (รวมค่าส่วนกลาง)
💵 ประกัน 2 เดือน ล่วงหน้า 1 เดือน

ห้องกั้นเป็นสัดส่วน
🛌 1 ห้องนอน
🛋 1 ห้องนั่งเล่น
🛀🏻 1 ห้องน้ำ
🍳 1 ห้องครัว

🎀🎀บิ้วอินและอุปกรณ์เครื่องใช้ไฟฟ้าครบ(แต่งห้องพร้อมเข้าอยู่) 🎀🎀
Tv 1 เครื่อง
เตาไมโครเวฟ
เครื่องซักผ้าขนาด
ตู้เย็น
เครื่องทำน้ำอุ่น
ชุดเฟอร์นิเจอร์

🎈 มี 7-11 และร้านกาแฟใต้คอนโด
🎈 สระว่ายน้ำ, ฟิตเนต, Co-working space, EV Charger, เครื่องซักผ้าและเครื่องอบผ้าหยอดเหรียญ
🎈 CCTV + รปภ 24 ชม.

-------------------------------------------------

📌สถานที่ใกล้เคียง
- เซ็นทรัลเฟสติเวิล เชียงใหม่ 750 เมตร
- รร.ดาราวิทยาลัย 650 เมตร
- รร.ปรินส์รอยแยลส์วิทยาลัย 1.4 กม.
- รร.นานาชาติเชียงใหม่ 1.7 กม.
- บิ๊กซีซุปเปอร์เซ็นเตอร์ 1.1 กม.
- อินเด็กซ์ ลีฟวิ่ง มอลล์ สาขาเชียงใหม่ 1.2 กม.
- รพ.แมคคอร์มิค 800 เมตร
- รพ.เทพปัญญา 1.4 กม.
- รพ.กรุงเทพเชียงใหม่ 2.2 กม.
- ท่าอากาศยานเชียงใหม่ 8.7 กม."
https://www.facebook.com/marketplace/item/1075820941301710/,"บ้าน 2 ห้องนอน 2 ห้องน้ำ
ราคา: ฿1,990,000 | ขาย
📌หมู่บ้าน ทรัพย์มั่งคั่ง
ต.ดู่ใต้ อ.เมืองน่าน จ.น่าน
🔰 เป็นบ้านเดี่ยว 1 ชั้น
🔰 เนื้อที่ 60 ต.ร.ว.
🔰 2 นอน 2 น้ำ มีห้องครัว  2 ที่จอดรถ
..............................................................
✳️👉โปรโมชั่น เดือน ตุลาคม-ธันวาคม 68
🚩 แถมฟรี
- แท็งค์น้ำ / ปั้มน้ำ 
- ชุดโซฟารับแขก 1 ชุด 
- ชุดโต๊ะรับประทานอาหาร 4 ที่นั่ง
* เป็นโครงการขนาดเล็ก  หน้าปากซอยมีเซเว่น
* ทำเลดี เดินทางสะดวก 
* ปากซอยมีแม็คโคร
*ใกล้โลตัส
*บิ๊กซี
*ใกล้สนามบินน่าน
*ใกล้โรงพยาบาลน่าน
...........................................................
💰ราคา 1,990,000 บาทเท่านั้น💰
___________________________________
✅ขายบ้านมือ1,2 รีโนเวทพร้อมอยู่
ยินดีให้คำปรึกษาด้านสินเชื่อโดยมืออาชีพ ไม่มีค่าใช้จ่าย
มีบ้านสวยๆให้เลือก ทุกทำเลในจังหวัดน่าน
..................................................................
สอบถามและนัดชมบ้านได้ทุกวันโทรเลย
☎️[hidden information] อริส
📌ยินดีรับตัวแทนนายหน้า/เอเจ้นท์ช่วยขายค่าคอมมิชั่น 4%"
https://www.facebook.com/marketplace/item/1076009510908422/,"บ้าน 5 ห้องนอน 7 ห้องน้ำ
ราคา: ฿14,500,000 | ขาย
บ้านสวย พร้อมสระว่ายน้ำ  ในโครงการล้านนาไพรนารี่  ปรับปรุงใหม่ พร้อมอยู่ 
ขนาด 5 ห้องนอน  มีห้องแม่บ้านแยกเป็นสัดส่วน และ พื้นที่จอดรถ 2คัน  บนที่ดิน 143 ตารางวา
พื้นที่ในบ้านออกแบบ และ ตกแต่งโดยสถาปนิก จึงสวยงาม และ สามารถใช้งานได้จริง  ทั้งห้องรับแขก พื้นที่ครัว และ สวน  
ราคา 14,500,000 ~ ราคานี้ รวมเฟอร์นิเจอร์ให้แล้ว 
สนใจ [hidden information]"
https://www.facebook.com/marketplace/item/1076433254566205/,"บ้าน 4 ห้องนอน 4 ห้องน้ำ
ราคา: ฿3,990,000 | ขาย
♨🎊 บ้านเปล่าสองชั้น  บ้านนอกโครงการทำเลย่านเศรษฐกิจ ใกล้เมือง   #สันทราย  - ราคา 3.99  ล้านบาท 

✨ 卖家具齐全 4 卧室 4 卫生间 - 价格 3.99  MB ✨

CSS101776
♨️ ขาย บ้านเดี่ยวสองชั้น   4 ห้องนอน  4 ห้องน้ำ  1 ห้องครัว  2 ที่จอดรถ
♨️ ขนาดที่ดิน  60   ตรว. พื้นที่ใช้สอย  266  ตรม.
♨️ ขายราคา  3.99   ล้านบาท !!!! ฟรีโอน

 🏘 บ้านนอกโครงการทำเลย่านเศรษฐกิจ ใกล้เมือง 
💯 พร้อมดำเนินการซื้อขาย สินเชื่อฟรี ทุกขั้นตอน 

📣ของแถม
- ฟรีมิเตอร์น้ำ+ไฟ
- เคาร์เตอร์ครัว
- ถังเก็บน้ำ-ปั้มน้ำ
- สนามหญ้า
- เตาแก๊ส + ฮูดดูดควัน

🚙สถานที่สำคัญใกล้เคียง
- กาดรวมโชค  4 กม.
- ตลาดสามแยก  6  กม.
- เซ็นทรัลเฟสติวัล 6.5 กม.
- มหาวิทยาลัยพายัพ 9 กม.

✅แอดไลน์: https://lin.ee/aTqB5ou
✅Line ID : @z0903198948
☎สนใจติดต่อ: คุณซินดี้ 090-3198948 , คุณอาย 095-6834198
☎คุณแพรว 088-0878362
🌐https://www.i-rentthai.com"
https://www.facebook.com/marketplace/item/1076981774563933/,"3 ห้องนอน 2 ห้องน้ำ - บ้าน
ราคา: ฿1,750,000 | ขาย
🎉บ้านสร้างใหม่🎉 #โซนท่ารั้ว#สันปูเลย
🏡พิกัด📍บ้านป่าลานต.ป่าลานอ.ดอยสะเก็ด เชียงใหม่☘️🌼✨บนที่ดิน50ตารางวา
-----------------------------------
บ้านเดี่ยวชั้นเดียว 🛌3ห้องนอน 🛀🏻2ห้องน้ำ 🍽️ 1ครัว 🛋️1รับแขก 🚘1จอดรถ 
🔥ราคา 1.75ล้านบาท 
••••••••••••••••••••••••••••••••••••
📌ฟรี!! ของแถม
🔸ฟรี เครื่องทำน้ำอุ่น 2 เครื่อง
🔸ฟรี ปั๊มน้ำ 150 วัตต์
🔸ฟรี ถังเก็บน้ำ1000ลิตร
🔸ฟรี ป้ายบ้านเลขที่นี้
🔸ฟรี ฉนวนกันความร้อน
🔸ฟรี ฝ้าหลุมห้องรับแขก
🔸ฟรี 
🔸ฟรี ตู้เคาน์เตอร์ห้องครัว+ซิงค์ล้างจาน
🔸ฟรี ชุดเรนชาเวอร์อาบน้ำ
🔸ฟรี สนามหญ้าหน้าบ้านเพิ่มพื้นที่สีเขียว
🔸ฟรี โรงจอดรถ1คัน
🔸ฟรี ระบบกำจัดปลวก
🔸ฟรี มิเตอร์น้ำ
🔸ฟรี มิเตอร์ไฟฟ้า
🔸ฟรี ไม่มีค่าส่วนกลาง
🔸ฟรี บริการด้านสินเชื่อ
♦️ฟรี ค่าโอนกรรมสิทธิ์
♦️ฟรี ค่าประเมิน
♦️ฟรี ค่าจดจำนอง
•📱[hidden information]"
https://www.facebook.com/marketplace/item/1077372994150665/,"3 ห้องนอน · 3 ห้องน้ำ
ราคา: ฿25,000/เดือน | ขาย
code:  TR297

ทาวน์เฮาส์ 3 ชั้น โซนในเมือง – พร้อมเข้าอยู่
ค่าเช่า: 25,000 บาท / เดือน
3 ห้องนอน | 3 ห้องน้ำ
เหมาะสำหรับทำ Airbnb หรือเปิดร้านกาแฟ
เงื่อนไข:
ประกัน 2 เดือน
ล่วงหน้า 1 เดือน
สัญญาขั้นต่ำ 1 ปี

3-Storey Townhouse in City Area – Ready to Move In
Rent: 25,000 THB / month
3 Bedrooms | 3 Bathrooms
Suitable for Airbnb or a small café
Terms:
2 Months Security Deposit
1 Month Advance Payment
Minimum 1-Year Contract

Location 📍https://maps.app.goo.gl/UweHqDEASPEJgoAD6

👇INQUIRY & VIEWING & SEARCHING 👇
🍀LINE ID:  https://lin.ee/wiY7MNT  🍀WhatsApp:   https://wa.me/+660617975152
🍀Telegram:  @realestate189 
🍀 WeChat ID:  Housecnx  
☎️ 0️⃣6️⃣2️⃣-9️⃣1️⃣7️⃣9️⃣5️⃣3️⃣5️⃣

👇MORE PROPERTIES👇
🏠For Rent:  https://www.facebook.com/189realestate 
🏠For Sale:  https://www.facebook.com/share/1ZibLg6wQf/

#บ้านเช่าเชียงใหม่  #บ้านพร้อมอยู่  #บ้านในตัวเมืองเชียงใหม่  #ทาวน์เฮ้าส์เชียงใหม่   #โฮมทาวน์เชียงใหม่  #พูลวิลล่าเชียงใหม่  #ซื้อบ้านเชียงใหม่ #ขายบ้านเชียงใหม่  #houseforrent  #houseforsale  #houseinchiangmai  #townhouse  #hometown  #poolvilla  #poolvillachiangmai  #chiangmaithailand"
https://www.facebook.com/marketplace/item/1077519160477122/,"บ้าน 3 ห้องนอน 2 ห้องน้ำ
ราคา: ฿2,417,400 | ขาย
🏡บ้านสร้างใหม่ในโครงการ โซนสารภี
💸ราคาเพียง 2,417,400 ฟรีโอน
📏ที่ดิน 59.1 ตร.ว.
📏พื้นที่ใช้สอย 120 ตร.ม.

🛌3 ห้องนอน 
🛀2 ห้องน้ำ
🚗2 ที่จอดรถได้ 

🎉แบบบ้านพื้นที่กว้าง สวยเรียบง่ายในสไตล์โมเดิร์น ✨

✅ ภายในบ้านโถงสูง อยู่สบายอากาศถ่ายเท
✅ พร้อมของแถมมาตรฐานโครงการเพิ่มเติมอีก 10 รายการ
✅ บ้านก่อสร้างด้วยอิฐแดงทั้งหลัง

🚩บ้านเปล่ามีเคาท์เตอร์ซิงค์

📌สถานที่ใกล้เคียง
-โรงเรียนนานาชาติเอสบีเอส เชียงใหม่
-ตลาดสด น้ำโท้ง
-North Hill Chiang Mai Golf
-สนามกีฬาเทศบาลตำบลสันผักหวาน
-พรีเมี่ยมเอาท์เล็ท เชียงใหม่


🏡Newly built house in the project, Hang Dong area
💸Price only 2,417,400, free transfer
📏Land area 59.1 sq.w.
📏Usable area 120 sq.m.

🛌3 bedrooms
🛀2 bathrooms
🚗2 parking spaces

🎉A spacious house, beautiful and simple in a modern style ✨

✅ The house has a high hall, comfortable and ventilated
✅ With 10 additional standard project freebies
✅ The house is built with red bricks

🚩Empty house with sink counter

📌Nearby places
-SBS International School Chiang Mai
-Nam Thong Fresh Market
-North Hill Chiang Mai Golf
-San Phak Wan Municipality Stadium
-Premium Outlet Chiang Mai

Code : S3640
🚨บริษัท ที่ดีดี จำกัด | รับซื้อ | ขาย | เช่า
🚨ซื้อสด รับส่วนลดพิเศษ
🚨จัดหาบ้าน,คอนโด ตามงบประมาณ
🚨สำหรับนักลงทุน พร้อมหาผู้เช่า
🚨เช็คบูโร,แก้เคส,ปิดหนี้,รวมหนี้
🚨ทำเอกสาร,วิเคราะห์สินเชื่อฟรี 
🚨ยื่นกู้ได้ทุกอาชีพ ไม่ต้องดาวน์

📌นัดชมได้ทุกวัน | รับ CO-AGENT
Line : @teedd (มี@)
Tel : [hidden information]

#บ้าน #ขายบ้าน #ขายบ้านเชียงใหม่
#คอนโด #ขายคอนโด #condo"
https://www.facebook.com/marketplace/item/1077620164235219/,"บ้าน 3 ห้องนอน 2 ห้องน้ำ
ราคา: ฿2,500,000 | ขาย
💫 KP Lampang Estate 1️⃣0️⃣0️⃣1️⃣
🏡 K Phat Home ลำปาง – บ้านเดี่ยวผ่อนตรง ไม่ต้องง้อแบงก์
.
💳 กู้ไม่ผ่าน? ไม่มีสลิป? ติดเครดิตบูโร?
👉 ไม่ใช่ปัญหา! เพราะที่นี่ ผ่อนตรงกับโครงการ
ง่ายกว่า เข้าถึงได้จริง ทุกอาชีพกู้ได้
.
🏠 รายละเอียดโครงการ
บ้านเดี่ยวสวยทันสมัย เหลือเพียง 3 หลังสุดท้าย 🔥
ที่ดิน 53.4 – 69 ตร.ว.
พื้นที่ใช้สอย 120 ตร.ม.
.
🛏  3 ห้องนอน
🛁 2 ห้องน้ำ
🚗 ที่จอดรถ 2 คัน
.
🎁 โปรพิเศษ
✅ ฟรีค่าโอน
✅ ฟรีปั๊มน้ำ + แทงค์น้ำ
✅ ฟรีระบบกำจัดปลวก
✅ ฟรีปูหญ้าพร้อมจัดสวน
✅ ฟรีมิเตอร์น้ำ + ไฟ
✅ ฟรีมุ้งลวดทั้งหลัง
.
🚩 ทำเลเดินทางสะดวก
📍 ต.ปงแสนทอง อ.เมืองลำปาง ตรงข้าม Global House
Global House 1.9 กม.
ตลาดเก๊าจาว / สถานีรถไฟ 2.9 กม.
Big C 4 กม.
Central ลำปาง 5 กม.
.
📞 สนใจนัดชมบ้าน
ติดต่อ KP Lampang Estate
☎️ 092 491 3934
💚 Line: https://line.me/ti/p/2C6T3auw0P
🚙 เส้นทาง: https://maps.app.goo.gl/8dRHke2QZ9mw1syt6"
https://www.facebook.com/marketplace/item/1079454630905195/,"3 ห้องนอน 2 ห้องน้ำ - บ้าน
ราคา: ฿2,690,000 | ขาย
#บ้าน 3 ห้องนอน 2 ห้องน้ำ 🏡

📍ดอนเเก้ว, สารภี, เชียงใหม่ 50140, 
 
🏡บ้านสร้างใหม่  ทำเลดี เดินทางสะดวก 
ใกล้เมือง ใกล้สถานศึกษา ไม่ไกลจากสนามบิน🛫

หลัง สุดท้าย 🏡
ราคา  2.69 ล. เนื้อที่ 68.5ตร.ว. 
พื้นที่ใช้สอย  140ตร.ม.
     
🛌 🛌 🛌 3 ห้องนอน
🛀🏻 🛀🏻 2 ห้องน้ำ 
🛋️ ห้องรับแขก 
👩🏻‍🍳 ห้องครัว 
 🚗 🚗2โรงรถหน้าบ้าน  
🌿🌿 สนามหญ้ารอบบ้าน 

จองวันนี้-31ตุลาคม 2568 นี้ 
🎉รับสิทธิ์พิเศษพร้อมของแถมมากมาย 🎁
  

✅ฟรีทุกค่าใช้จ่ายวันโอน✅

💧💧 แอร์ 3 ตัว 9000 BTU  ( ทุกห้องนอน )
🛀🏻 เครื่องทำน้ำร้อน 2 ห้อง
🚽เคาท์เตอร์ห้องน้ำ
🔆เเทงค์น้ำพร้อมปั๊มน้ำอัตโนมัติ
🥦เคาท์เตอร์ห้องครัว เตาแก๊สพร้อมเครื่องดูดควัน
 🍽️ ซิงค์ล้างจาน
🦟ติดมุ้งลวดรอบบ้าน

จองเพียง 5,000 บาท 

Home-104

💙  ฟรีเงินดาวน์  ผ่อนเพียงล้านละ 3,xxx บาท
💙  เป็นพนักงานประจำ เงินเดือนน้อย ก็สามารถเป็นเจ้าของใด้
💙  อาชีพอิสระก็ผ่อนได้ ต้องการทราบรายละเอียดปรึกษาใด้
💙  ดอกเบี้ยพิเศษสำหรับข้าราชการประจำ / MOU
💙  บริการด้านสินเชื่อให้ฟรี  ดูแลจนจบ จนถึงวันส่งมอบ 
———————————————————

#ยินดีให้คำปรึกษาฟรี #ดันสินเชื่อทุกเคส
#ติดทรัพย์ ลูกค้าสามารถต่อรองราคา กับเจ้าของโดยตรงได้ทุกห้อง
#เพจจริงทำจริงไม่ใช่มิจฉาชีพ

☎ สอบถาม-นัดหมาย

 ♥️โทร 082-156 4978 
 💙Line ID 0951346089 
       พิทักษ์  ( โต )
ลิ้งค์ Line : http://line.me/ti/p/WLyhMkXt25

 
  💙 เพจ : บ้านดี เชียงใหม่ เรียลเอสเตท 💙
          "" เพื่อนคู่คิด สำหรับคนอยากมีบ้าน ""

#ดูทรัพย์อื่นๆเพิ่มเติม🫰
เพจ : 
https://www.facebook.com/share/188dLkFNTJ/"
https://www.facebook.com/marketplace/item/1080387016789594/,"3 ห้องนอน 3 ห้องน้ำ - บ้าน
ราคา: ฿3,990,000 | ขาย
🚩 บ้านป่าข่อยใต้ บ้านเลขที่ 9/8 
พื้นที่ 80 ตรว. ราคา 3.99 ล้านบาท

‼️ พิเศษมีโปรโมชั่น ของแถมจุกๆ ‼️
🆓 ผ้าม่านทั้งหลัง (แบบ ทึบ/โปร่ง+มูลี่)
🆓 ฮู๊ดดูดควันในห้องครัว
🆓 เตาแก๊ส 2 หัว
🆓 ประตูรั้วรีโมตคอนโทรล
🆓 สนามหญ้าหน้าบ้าน/ต้นไม้
🆓 โรงจอดรถคอนกรีตแสตมป์
🆓 ปั้มน้ำ 150 w.
🆓 แท๊งเก็บน้ำสำรอง 1000 ลิตร
🆓 โรงจอดรถคอนกรีตสแตมป์

✔️ ใกล้ตลาดป่าข่อยใต้ เพียง 3 นาที
✔️ ศาลากลางจังหวัดเชียงใหม่ เพียง 11 นาที
✔️ โรงพยาบาลนครพิงค์ เพียง 6 นาที
✔️ กาดฝรั่งวิลเลจ แม่ริม เดอะ กาดฝรั่ง เพียง 9 นาที
✔️ รวมโชคมอล เพียง 9 นาที

👩🏻‍💻 บริการยื่นสินเชื่อทุกธนาคารฟรี ไม่มีค่าใช้จ่าย
🔴 กรุณาแจ้งล่วงหน้า 1 วันก่อนเข้าชม 🔴
❌ งดแชร์พิกัดหากไม่ได้นัดหมาย ❌"
https://www.facebook.com/marketplace/item/1080556637484608/,"4 ห้องนอน 4 ห้องน้ำ - บ้าน
ราคา: ฿38,000/เดือน | ขาย
🏡 Dream Home for Rent - Grab It Now!🏡
Luxurious 4-Bedroom House
- 4 Bedrooms | 4 Bathrooms
- Living Room | Dining Room | Kitchen

Fully Furnished with:
    - 5 Air Conditioners
    - TV
    - Refrigerator
    - Washing Machine
    - Parking & Large Lawn for      relaxation!

Rental Price: 38,000 THB/month (1-year contract)

📍Prime Location:
- Lanna International School 🏫
- Shops & Restaurants 🛍️🍴
- Banks 🏦
- 7-Eleven 🛍️
- Lotus 🛍️
- Fresh Market 🍓
- Christliche Deutsche Schule  - Chiang Mai (CDSC) 5km 🏫

Don't wait! Contact us to schedule a viewing and make this house your home!
📲Gun: 080-4529939
Add Line: https://line.me/ti/p/DmzXogyQbX"
https://www.facebook.com/marketplace/item/1080701510910985/,"ราคา: ฿20,000/เดือน | ขาย
🏡✨ ให้เช่าบ้านเดี่ยว 2 ชั้น หัวมุมซอย 8 (เพลินจิต คอลลิน่า)  20,000 บาทต่อเดือนเท่านั้น พร้อมเข้าอยู่ทันทีทำเลทองราคาถูกที่สุด 🏡☘️
.
📌 รายละเอียดบ้าน
 • 3 ห้องนอน | 3 ห้องน้ำ
 • ห้องครัวสไตล์ตะวันออก 🍳
 • โซนรับประทานอาหาร + โซนนั่งเล่น
 • เครื่องใช้ไฟฟ้าครบชุด
 • เฟอร์นิเจอร์ครบทุกห้อง
 • แอร์ครบทุกห้อง ❄️
 • ที่จอดรถ 2 คัน 🚗🚗

📏 พื้นที่ใช้สอย : 200 ตร.ม.
🌳 ขนาดที่ดิน : 60 ตร.วา

💰 ราคาเช่า : 20,000 บาท/เดือน
📄 สัญญาเช่า 1 ปี (รวมค่าส่วนกลางแล้ว)

📍 ทำเลที่ตั้ง : ถ.ดอนจั่น–สันกำแพงสายใหม่ ต.สันกำแพง อ.สันกำแพง จ.เชียงใหม่

🛍️ สถานที่ใกล้เคียง
 • Central Chiang Mai Airport
 • Promenada Resort Mall
 • Tesco Lotus
 • Makro
 • รร.มงฟอร์ตวิทยาลัย
 • รร.วารีเชียงใหม่อินเตอร์เนชั่นแนล

✨ สิ่งอำนวยความสะดวกในโครงการ
 • ที่จอดรถ
 • คลับเฮ้าส์
 • กล้องวงจรปิด
 • ระบบรักษาความปลอดภัย 24 ชั่วโมง
 • เครื่องปรับอากาศ | เครื่องดูดควัน | เครื่องทำน้ำอุ่น

━━━━━━━━━━━
📞 โทร: [hidden information]
📱 Line ID: Jj-51120


🏡✨ 2-Storey Detached House for Rent – Corner Unit, Soi 8 (Ploenchit Collina) ✨🏡

📌 House Details
 • 3 Bedrooms | 3 Bathrooms
 • Eastern-style kitchen 🍳
 • Dining area + Living area
 • Fully furnished with electrical appliances
 • Air conditioners in every room ❄️
 • Parking for 2 cars 🚗🚗

📏 Usable area: 200 sq.m.
🌳 Land size: 60 sq.wah

💰 Rent Price: 20,000 THB/month
📄 1-year contract (common fee included)

📍 Location: Don Chan–San Kamphaeng New Road, San Kamphaeng, Chiang Mai

🛍️ Nearby Places
 • Central Chiang Mai Airport
 • Promenada Resort Mall
 • Tesco Lotus
 • Makro
 • Montfort College
 • Varee Chiangmai International School

✨ Facilities & Highlights
 • Parking
 • Clubhouse
 • CCTV security system
 • 24-hour security
 • Air conditioners | Cooker hood | Water heater

━━━━━━━━━━━
📞 Tel: [hidden information]
📱 Line ID: Jj-51120"
https://www.facebook.com/marketplace/item/1082095960560411/,"4 ห้องนอน 4 ห้องน้ำ - บ้าน
ราคา: ฿4,590,000 | ขาย
4 ห้องนอน 4 ห้องน้ำ - บ้าน

สันผักหวานหลวง, Amphoe Hang Dong, Chiang Mai 50230

♥𝐅𝐨𝐫 𝐬𝐚𝐥𝐞 📣 #พูลวิลลาหางดง 📍สันผักหวาน บ้าน 2ชั้น ห่างสนามบินเชียงใหม่เพียง 8 กม. 

ที่ดินกว้างๆ 100 ตรว. พื้นที่ใช้สอยบ้าน 170 ตรม.
⛳️พื้นที่ใช้สอยรวมทั้งหมด 320 ตรม.
🏠ขนาด 4 ห้องนอน 4ห้องน้ำ 4-6 ที่จอดรถ   
เพียง 5.59 ล้าน มีสระว่ายน้ำระบบเกลือ Over Flow✔️
 (ไม่มีสระ  4.59 ล้าน)

🚗ท่าอากาศยานเชียงใหม่ 8 กม.
🚗โรงเรียนนานาชาติลานนา 1.2 กม.
🚗กาดฝรั่ง 6-7 กม.
🚗ถนน 108 4.5 กม 
🚗กาดน้ำโท้ง 1.7 กม.
🚗7-eleven 900 เมตร
🚗Lotus’s 900 เมตร
🚗coffee bar 500 เมตร

⭐️รายการของแถม ⭐️
✅โอนคนละครึ่ง
✅ชุดเตียงนอน + โต๊ะเครื่องแป้ง 3ชุด
✅โซฟาห้องรับแขก 1 ชุด
✅โต๊ะวางทีวี 1 ตัว
✅ ชุดทานข้าว 1 ชุด
✅แอร์ 3 เครื่อง
✅เครื่องทำน้ำอุ่น 3 เครื่อง
✅โคมไฟ 4 ชุด
✅ เคาน์เตอร์ครัว
✅ฟลอยด์กันความร้อนหลังคา
✅ระบบท่อกันปลวกรอบตัวบ้าน
✅พื้นพิมลายรอบตัวบ้าน
✅มิเตอร์น้ำ
✅มิเตอร์ไฟ
✅ปั๊มน้ำ
✅แทงค์น้ำ
✅ประตูรีโมท

📲06-5384-6842 คุณพิมพ์ลดา
สอบถามรายละเอียดเพิ่มเติม แอดไลน์👇🏻
https://line.me/ti/p/76yIW6TtEd
ID Line Mewzee
ขออนุญาตไม่ส่งโลเคชั่นหากไม่นัดล่วงหน้าค่ะ 🫶🏻

#บ้านหางดง     #บ้านสันผักหวาน #พลูวิวล่าหางดง#บ้านสันผักหวาน #ขายบ้านเชียงใหม่"
https://www.facebook.com/marketplace/item/1083137010284533/,"3 ห้องนอน 3 ห้องน้ำ - บ้าน
ราคา: ฿28,000/เดือน | ขาย
🏡 House for Rent – 28,000 THB/month

Available from 1 October 2025🔥🔥

✅ Land size: 95 sq.wah | Usable area: 220 sq.m.
🔹 3 Bedrooms, 3 Bathrooms
🔹 1 Master Bedroom, Fully Furnished
🔹 5 Air Conditioners, 1 Kitchen, 1 Living Room

📍 Great Location:
 • Near Ruamchok Market & Meechok Malls (2 km)
 • Near Lotus
 • Near NIS International School
 • 5 km to Central Festival

📌 Located at Thanaporn Park Home 4, next to Setthasiri by Sansiri.

⸻

🏡 บ้านว่างให้เช่า – 28,000 บาท/เดือน

พร้อมเข้าอยู่ 1 ตุลาคม 2568🔥🔥

✅ พื้นที่ดิน 95 ตรว. | พื้นที่ใช้สอย 220 ตรม.
🔹 3 ห้องนอน 3 ห้องน้ำ
🔹 1 ห้องนอนใหญ่ เฟอร์นิเจอร์ครบ
🔹 แอร์ 5 เครื่อง ห้องครัว 1 ห้อง ห้องรับแขก 1 ห้อง

📍 ทำเลสะดวก:
 • ใกล้กาดรวมโชค & มีโชคพลาซ่า (2 กม.)
 • ใกล้ Lotus
 • ใกล้โรงเรียนนานาชาติ NIS
 • 5 กม. ถึง Central Festival

📌 โครงการ ธนาพรปาร์คโฮม 4 (ติดกับโครงการเศรษฐสิริ แสนสิริ)"
https://www.facebook.com/marketplace/item/1084597687089637/,"1 ห้องนอน · 1 ห้องน้ำ
ราคา: ฿14,000/เดือน | ขาย
𝙏𝙝𝙚 𝘽𝙖𝙨𝙚 𝙃𝙚𝙞𝙜𝙝𝙩, 𝙃𝙞𝙜𝙝-𝙍𝙞𝙨𝙚 𝘾𝙤𝙣𝙙𝙤𝙢𝙞𝙣𝙞𝙪𝙢 𝙞𝙣 𝘾𝙝𝙞𝙖𝙣𝙜𝙢𝙖𝙞 very convenient located close to CentralFes just 3 miniutes.

1 year contract 14,000/month
1 bedroom & 1 bathroom unit size 30 sqm. living area  2 aircons separate kitchen keycard door lock

Facilities:
swimming pool, kid’s pool
fitness 
co-working space, co-living garden
sky garden, sky theatre
EV charger
parking 
security 

𝗟𝗲𝘁’𝘀 𝗖𝗼𝗻𝗻𝗲𝗰𝘁!®️

📩Reach out anytime!
➡️Follow us to see what could be yours 
🚻Tag someone who is looking for a home
📧Contact us for more information or to schedule a private showing"
https://www.facebook.com/marketplace/item/1084675186884606/,"4 ห้องนอน 6 ห้องน้ำ - บ้าน
ราคา: ฿140,000/เดือน | ขาย
✨Luxury Modern Pool Villa , Pa Daed, Mueng Chiang Mai ,just 5 minutes to  the Chiang Mai airport #ติดทรัพย์

🏡 Designed for openness and natural light, this home offers all-day cooling breezes.

💎 House Details
• 420 sq m of living space (2 floors)
• 137 sq wah (548 sq m) of land
• 4 bedrooms, 6 bathrooms (all with ensuite bathrooms)
• Separate maid's quarters (1 bedroom, 1 bathroom, and laundry room)
• 2 living rooms, fully equipped modern kitchen
• Fully furnished  Move-in ready!
• Private pool size 3.8 x 8 l with relaxation area
• Covered parking for 3 cars
• Garden with automatic watering system
• Garden and pool maintenance included + free high-speed internet

📌Prime location
• Near Mahidol Road & Outer Ring Road 2
• 5 minutes to Chiang Mai Airport
• Near international schools, shopping malls, and hospitals

💰 Selling price: 20,000,000 THB (negotiable)

🔖 Rent: 140,000 THB / month (fully furnished)

💚Interested please contact: Kipkae 🌸 
🌼Line/Phone: [hidden information]🌿

--------------------------------------------------------------
🔥พูลวิลล่าหรูสไตล์โมเดิร์น | บ้านในฝัน ป่าแดด เชียงใหม่

🏡 ออกแบบเพื่อความโปร่งโล่ง รับแสงธรรมชาติและลมเย็นทั้งวัน
ทำเลดี ใกล้สนามบินเพียง 5 นาที ✈️

💎 รายละเอียดบ้าน
 • พื้นที่ใช้สอย 420 ตร.ม. (2 ชั้น)
 • ที่ดิน 137 ตร.ว. (548 ตร.ม.)
 • 4 ห้องนอน 6 ห้องน้ำ (ทุกห้องมีห้องน้ำในตัว)
 • ห้องนอนใหญ่ 30 ตร.ม. วิวสระ
 • ห้องนอนชั้นล่าง 22.4 ตร.ม. เหมาะสำหรับผู้สูงอายุ
 • เรือนแม่บ้านแยกส่วนตัว (1 ห้องนอน 1 ห้องน้ำ + ห้องซักรีด)
 • 2 ห้องนั่งเล่น, ครัวโมเดิร์นครบอุปกรณ์
 • เฟอร์นิเจอร์ครบ เข้าอยู่ได้ทันที
 • สระว่ายน้ำส่วนตัว 3.8 x 8 ม. พร้อมพื้นที่พักผ่อน
 • ที่จอดรถมีหลังคา 3 คัน
 • สวนพร้อมระบบรดน้ำอัตโนมัติ
 • รวมค่าดูแลสวนและสระ + อินเทอร์เน็ตความเร็วสูงฟรี

📍 ทำเลทอง
 • ใกล้ถนนมหิดล & ถนนวงแหวนรอบ 2
 • 5 นาทีถึงสนามบินเชียงใหม่
 • ใกล้โรงเรียนนานาชาติ ห้าง และโรงพยาบาล

💰 ราคาขาย: 20,000,000 บาท (ต่อรองได้)

🔖 ราคาเช่า: 140,000 บาท / เดือน (พร้อมเฟอร์นิเจอร์ครบ)
--------------------------------------------------------------
Code: H35

#forrent #rent #chiangmai #บ้านเช่าเชียงใหม่ #บ้านปล่อยเช่า #บ้านเช่า
#forrentpoolvilla  #chiangmai #บ้านขายเชียงใหม่ #บ้านปล่อยเช่า #บ้านเช่า  #forrent #rent #chiangmai #CondoforrentChiangMai  #Condoforrent #Condoforrent #คอนโดเช่าเชียงใหม่ #คอนปล่อยเช่า #คอนโดเช่า 
#forsell #sell #chiangmai #บ้านขายเชียงใหม่ #บ้านปล่อยขาย #บ้านขาย #สนามบินเชียงใหม่"
https://www.facebook.com/marketplace/item/1085415246982434/,"ราคา: ฿9,900,000 | ขาย
✨ Luxury Home Pre-Sale – เพียง 9.9 MB ✨
บ้านหรูขนาดใหญ่ 500+ ตร.ม.
บนที่ดิน 100 & 200 ตร.วา ทำเลทองสารภี
(ใกล้วัดร่องขุ่น – ป้อมตำรวจสันกลาง – Thai Watsadu)

🏡 4 ห้องนอน | 5 ห้องน้ำ | จอดรถ 3 คัน
ฟังก์ชันครบ ครัว–ห้องรับแขก–ห้องทานอาหาร

💎 ไฮไลท์
✔️ บ้านใหญ่ + ที่ดินกว้าง ในราคาสุดคุ้ม
✔️ Rare Item – มีเพียง 2 หลังเท่านั้น
✔️ เหมาะทั้งอยู่อาศัยและลงทุน

📞 [hidden information]
🆔 Line: Luilian

#บ้านหรูเชียงใหม่ #LuxuryVillaChiangMai #บ้านเดี่ยวเชียงใหม่ #ChiangMaiRealEstate #บ้านพร้อมอยู่ #LuxuryLiving #บ้านทำเลทอง"
https://www.facebook.com/marketplace/item/1085624700210914/,"2 ห้องนอน 2 ห้องน้ำ - บ้าน
ราคา: ฿1,690,000 | ขาย
📢 ขาย บ้านใหม่โซนสันป่าสัก สารภี จ.เชียงใหม่
🏡 บ้านเดี่ยวหลังใหญ่ แปลงมุม ที่ดิน 59 ตร.วา
🚗 เข้าเมืองสะดวก ใกล้ถนนเส้นต้นยาง (พิกัด หนองแฝก – สารภี)

💥 ราคาเริ่มต้นเพียง 1.69 ล้านบาท เท่านั้น!

🔹 2 ห้องนอน
🔹 2 ห้องน้ำ
🔹 2 ที่จอดรถ
🔹 1 ครัวไทย
🔹 พื้นที่รอบบ้านกว้างขวาง คุ้มสุด ๆ

🎁 แถมฟรีครบชุด
✅ ฟรีค่าโอน
✅ ฟรีถังเก็บน้ำ+ปั๊มน้ำ 1,000 ลิตร
✅ ฟรีผ้าม่านทั้งหลัง + ผ้าม่านกันยูวี
✅ ฟรีพัดลมดูดอากาศ 2 เครื่อง
✅ ฟรีค่ามิเตอร์น้ำ+ไฟ
✅ ฟรีเครื่องทำน้ำอุ่น 2 เครื่อง
✅ ฟรีครัวไทย ต่อเติมเคาน์เตอร์+ซิงค์ล้างจาน
✅ ฟรีสนามหญ้า+ฟุตบาทรอบบ้าน
✅ ฟรีโรงจอดรถ 2 คัน
✅ ฟรีบริการขอสินเชื่อโดยทีมงานมืออาชีพ

📞 สนใจนัดดูบ้าน / ปรึกษาสินเชื่อ ฟรี!
โทร. [hidden information] (เนตร)
Line ID: [hidden information]

#บ้านใหม่สารภี #บ้านราคาถูกเชียงใหม่ #บ้านพร้อมอยู่ #บ้านฟรีโอน #บ้านล้านต้นๆ

⸻

🏠 Brand-New House for Sale in San Pa Sak – Saraphi, Chiang Mai
🌟 Starting from just 1.69 million THB!

📍 Great location! Easy access to the city, near Ton Yang Road (Nong Faek – Saraphi area)
📏 Land size: 59 sq.wah (corner plot)
✅ Detached house with spacious layout

🔸 2 Bedrooms
🔸 2 Bathrooms
🔸 2 Parking spaces
🔸 1 Thai-style kitchen
🔸 Large yard with extra outdoor space

🎁 Free giveaways included:
✔️ Free transfer fee
✔️ Free 1,000L water tank + water pump
✔️ Free full set of curtains (UV-blocking)
✔️ Free exhaust fans (2 units)
✔️ Free electricity & water meter setup
✔️ Free 2 water heaters
✔️ Free extended Thai kitchen with counter & sink
✔️ Free lawn & concrete walkway around the house
✔️ Free covered parking for 2 cars
✔️ Free mortgage service by professionals

📲 Book a viewing or ask for mortgage advice (no cost)
📞 Tel: [hidden information] (Nate)
📱 Line ID: [hidden information]

#ChiangMaiHouseForSale #AffordableHome #NewHouseThailand #ReadyToMoveIn

⸻

🏡 清迈Saraphi（三帕萨）全新独栋别墅出售！
💰 价格仅从 169万泰铢 起！

📍 地理位置优越，交通便利，靠近Ton Yang主路（Nong Faek – Saraphi区）
📐 土地面积：59平方哇（角落地块）
🏠 大户型，宽敞独立别墅

🔹 2间卧室
🔹 2间卫生间
🔹 2个停车位
🔹 1个泰式厨房
🔹 超大庭院，户外空间充足

🎁 超值赠送大礼包：
✅ 免费过户费
✅ 免费1,000升水箱 + 水泵
✅ 免费全套窗帘 + 防紫外线窗帘
✅ 免费抽风机（2台）
✅ 免费水电表安装
✅ 免费2台热水器
✅ 免费扩建厨房（含橱柜+水槽）
✅ 免费草坪 + 房屋四周人行道
✅ 免费双车位车棚
✅ 免费贷款协助服务（由专业团队负责）

📞 欢迎看房或咨询贷款服务（完全免费）
电话：[hidden information]（Nate）
Line ID：[hidden information]

#清迈买房 #泰国买房 #全新别墅 #泰国房产 #Saraphi房产"
https://www.facebook.com/marketplace/item/1085815920293457/,"3 ห้องนอน 2 ห้องน้ำ - บ้าน
ราคา: ฿2,100,000 | ขาย
🔥 ขายด่วน! บ้านพร้อมที่ดิน 45.5 ตรว. 
เพียง 2.xx ลบ. ทำเลทองหลังวัดสันทรายหลวง ใกล้รวมโชค-แม่โจ้ เดินทางสะดวก

🏡 3 ห้องนอน | 2 ห้องน้ำ | 1 ห้องครัว | 
ที่จอดรถ 1 คัน
พร้อมของแถมครบ แอร์ / เครื่องทำน้ำอุ่น / เคาน์เตอร์ครัว / ปั๊มน้ำ+ถังเก็บน้ำ / ผ้าม่าน

✅ น้ำไม่ท่วม ไม่มีค่าส่วนกลาง
✅ เหมาะอยู่เองหรือรีโนเวทปล่อยเช่า

📍 ใกล้ตลาดรวมโชค / ม.แม่โจ้ / เซ็นทรัลเฟสติวัล

📞 สนใจสอบถาม | นัดชมบ้านได้ทุกวัน
📲 𝗧𝗲𝗹 : [hidden information] คุณเข็ม
💬 𝗟𝗶𝗻𝗲 OA : @587entuc"
https://www.facebook.com/marketplace/item/1085998383427497/,"3 ห้องนอน 3 ห้องน้ำ - บ้าน
ราคา: ฿12,000/เดือน | ขาย
ปล่อยเช่า 🏡 บ้านแฝดมีแอร์ให้ทุกห้องนอน

☀️ไม่มีเฟอร์นิเจอร์ ☀️



🏘️บ้านสร้างใหม่ อยู่ในหมู่บ้านน้ำผึ้งวิลเลจ อ.สารภี

🏗️พื้นที่ใช้สอย 150ตรม. ที่ดิน35ตรว.



🛏️3 ห้องนอน

🚿3 ห้องน้ำ

🔪1 ห้องครัว

🛋️1 ห้องรับแขก

🧹1 ห้องเก็บของใต้บันได

🛻จอดรถได้ 2คัน



🚸สถานที่ใกล้เคียง

- สภ. แม่ปิง

- 89พลาซ่า 5 นาที

- โรงเรียนวารี 9 นาที 

- โรงเรียนมงฟอร์ตวิทยาลัย 12 นาที

- สนามบิน 13 นาที



 ✅ ค่าเช่า 12,000/เดือน"
https://www.facebook.com/marketplace/item/1086938880157515/,"3 ห้องนอน · 2 ห้องน้ำ
ราคา: ฿27,000/เดือน | ขาย
❤️Newly built house for rent ❤️

Near Charoen Charoen Market 

Located behind Noppadol Panich 
at Louis Intersection.

❤️
Land area 100 sqw
3 bedrooms 
2 bathrooms
Living room & Kitchen
With 3 air conditioners

Fully furnished & Electric appliances:

❤️Nearby 

📌 Near Charoen Market
📌 Central Festival 16 mins
📌 Kad Luang 15 mins
📌 Big C Don Chan 13 mins 
📌 Airport 20 mins
📌 Americana Chinese International School 12 mins
📌 Unity Concord International School 13 mins
📌 Maya One Man 19 mins
📌 Bangkok Hospital Chiang Mai 12 mins
                                                                                                                  ❤️Rental price 

27,000 /month
2-months security deposit 
1 month advance payment
Minimum 1 Year contract 

For more information 
[hidden information] or Ib 
Bo"
https://www.facebook.com/marketplace/item/1087617496690422/,"2 ห้องนอน 1 ห้องน้ำ - บ้าน
ราคา: ฿1,390,000 | ขาย
💢💢WOW WOW WOW 💢💢

 ‼️ บ้านสวยบรรยากาศสไตล์ธรรมชาติ บ้านสวนชมทุ่ง เห็นราคากับบรรยากาศแล้วน่าเป็นเจ้าของมากครับ📌

   เนื้อที่ขนาด 58 ตารางวา 2 ห้องนอน 1 ห้องน้ำ ที่จอดรถในราคา 1.39 ล้านบาท ( พร้อมโอน )

  ของแถม
  🚩 แทงค์น้ำ
  🚩 เตาแก๊ส
  🚩 เครื่องทำน้ำอุ่น
  🚩 แอร์ 1 ตัว

พิกัด ✅ ต้นธงชัย https://maps.google.com/maps?q=18.329415,99.522429
#ดำเนินสินเชื่อให้จนแล้วเสร็จ
ฟรี 

สนใจสอบถามทักแชทหรือโทร
☎️ 082-839-6589 คุณเอก"
https://www.facebook.com/marketplace/item/1088199553473631/,"บ้าน 3 ห้องนอน 3 ห้องน้ำ
ราคา: ฿1,750,000 | ขาย
โซนหางดง
ปรับราคาขาย!!!
บ้านหนองตอง หางดงเชียงใหม่
ใกล้ เจ้าแม่กวนอิม หนองตอง
ไม่ใกล ม.นอร์ท
บ้านหลุดจอง !!!!
1หลังสุดท้าย.....
บ้านสวย สไตล์โมเดริ์น
75ตารางวา
3นอน3น้ำ 1โถง
จอดรถ2คัน
บ้านหลังใหญ่ กวางขวาง
สุดคุ้ม ประเมินสูง
ฟรี แอร์2  เครื่องทำน้ำอุ่น2
สนน ราคาขาย 1.75ล้าน
ประเมิน 2ล้าน
ยินดีบริการสินเชื่อ
[hidden information]line:armon1017"
https://www.facebook.com/marketplace/item/1089214669944722/,"บ้าน 3 ห้องนอน 2 ห้องน้ำ
ราคา: ฿20,000/เดือน | ขาย
v English below v
บ้านให้เช่าเดือนละ 20,000 บาท ใกล้บิ๊กซีแม่เหียะเพียง 10 นาที No.9H952
清迈美丽的平房出租 。每月租金 20,000 泰铢，。No.9H952
บ้านเดี่ยวชั้นเดียว มี 3 ห้องนอน 2 ห้องน้ำ พื้นที่ 35 ตรว. 
3 卧室，2 浴室。面积 35 平方哇。
สถานที่ใกล้เคียง
-กาดผักหวาน
-แม็คโครหางดง
-เซ็นทรัลแอร์พอร์ต
-สนามบินเชียงใหม่
เฟอร์นิเจอร์ภายใน
-แอร์ 1 เครื่อง
-เครื่องทำน้ำอุ่น 1 เครื่อง
-เตียงนอน 1
-ตู้เสื้อผ้า 1
-โต๊ะทานข้าว 1
-ตู้เย็น 1 เครื่อง
-ไมโครเวฟ 1 เครื่อง
-เครื่องซักผ้า 1 เครื่อง
สัญญาขั้นต่ำ 1 ปี
จ่ายเพียง ประกัน 2 เดือน ล่วงหน้า 1 เดือน ทั้งหมดเพียง จ่าย 3 เดือน เข้าอยู่ได้เลยจร้า
สนใจติดต่อ  Pednoi (เป็ดน้อย) 0994728246
Id line:0994728246
https://line.me/ti/p/nsqIxB9oqF
Whatapp:0994728246
Weixin ID :NX997930
https://www.baandd-chiangmai
A house for rent near by 10 min to Big C Mae Hia, No.9H952
清迈美丽的平房出租 。每月租金 20,000 泰铢，。No.9H952
Rental monthly is 20,000 THB For 1 Year contact
Condition 1 month in advance & 2 months deposit
House spec : 3 Bedrooms, 2 bathrooms, 35 Sq.w. 
3 卧室，2 浴室。面积 35 平方哇。
Close to
-Kad pakwan
-Makro Hangdong
-CentralPlaza Chiangmai Airport
-Chiang Mai International Airport
Furniture
-Air conditioner 1
-Hot shower 1
-Bed 1
-Wardrobe 1
-Dining table 1 
-Refrigerator 1
-Microwave 1
-Washing machine 1
Contact us for more information : Pednoi (เป็ดน้อย) 0994728246
Id line:0994728246
https://line.me/ti/p/nsqIxB9oqF
Whatapp:0994728246
Weixin ID :NX997930
https://www.baandd-chiangmai
#บ้านเช่าเชียงใหม่ #Houseforrentchiangmai
#ချင်းမိုင်တွင်လုံးချင်းအိမ်ငှားရန်ရှိသည်။"
https://www.facebook.com/marketplace/item/1090908883170454/,"3 ห้องนอน 3 ห้องน้ำ - บ้าน
ราคา: ฿20,000/เดือน | ขาย
**เจ้าของโพส** #รับนายหน้า 
ว่าง 1 หลังพร้อมเข้าอยู่ 
- โครงการ การเคหะสันกำแพง 
💵สัญญาระยะสั้น 23,000 /เดือน
💵 สัญญาระยะยาว 20,000 บาท / เดือน
💸 ประกัน 2 เดือน 
💰ล่วงหน้า 1 เดือน
🛏️ 3 ห้องนอน , 3 ห้องน้ำ
 🛋️1 ห้องนั่งเล่น 
🔪 1 ห้องครัว 
🛠️ 1 ห้องเก็บของ
📍 แอร์ 4 ตัว
 เฟอร์นิเจอร์ครบ 
 รายละเอียดเพิ่มเติมทักแชทหรือโทร  [hidden information] แอน"
https://www.facebook.com/marketplace/item/1092739542234315/,"4 ห้องนอน 4 ห้องน้ำ - บ้าน
ราคา: ฿55,000/เดือน | ขาย
🏡 house for rent in the Kulpan Villa 9 project 🏡 Near Lanna International School 🏡 4 bedrooms, 4 bathrooms, 1 maid's room, fully furnished with a living room, dining room, kitchen, 4 air conditioners, TV, refrigerator, sofa, 3 water heaters, washing machine, 374 sq m of living space, 110 sq wah of land, parking, spacious lawn, 24-hour security, clubhouse, swimming pool, and fitness center.

***Rental price: 55,000 baht/month**1-year contract***

📍📍 location Nearby : Lanna International School 1 km, Kad Farang, Rimping Supermarket, 7-11, restaurants, fresh market, banks, SBS International School 2 km, and the airport 10 km.

More details Yong property [hidden information]📞WhatsApp: 📩 LINE #forrent #rent #chiangmai #บ้านเช่าเชียงใหม่ #บ้านปล่อยเช่า #บ้านเช่า 

🏡บ้านว่างให้เช่าในโครงการกุลพันวิล 9 🏡 ใกล้ โรงเรียนลานนาอินเตอร์🏡 4 ห้องนอน, 4ห้องน้ำ, 1ห้องแม่บ้าน,  เฟอร์นิเจอร์ครบ ห้องรับแขก, ห้องรับประทานอาหาร, ห้องครัว, 4แอร์, ทีวี, ตู้เย็น โซฟา,  3 เครื่องทำน้ำอุ่น, เครื่องซักผ้า,พื้นที่ใช้สอย 374ตรม ที่ดิน110 ตรว, ที่จอดรถ, สนามหญ้ากว้าง โครงการยามรักษาความปลอดภัย 24 ชม, มีคลับเฮ้า สระว่ายน้ำ ฟิตเนส

***ราคาเช่า 55,000บาท/เดือน**สัญญา1ปี***

📍📍พิกัดใกล้เคียง: Lanna International School 1กม, กาดฝรั่ง, ริมปิงชุปเปอร์มาเก็ตร้านค้า7-11, ร้านอาหาร, ตลาดสด, ธนาคาร, โรงเรียนนานาชาติเอสบีเอส2กม, สนามบิน10 กม"
https://www.facebook.com/marketplace/item/1092858209096322/,"6 ห้องนอน · 7 ห้องน้ำ
ราคา: ฿90,000/เดือน | ขาย
❤️Pool villa for Rent & Sale 

In  Sankampaeng Area

❤️
The village is located on the third ring road (a four-lane road) at Louis intersection

Beautiful house in the project
Relatively quiet village with friendly neighbors, mostly foreigners.  24-hours security.

🌿🌿🌿🌿🌿🌿🌿🌿🌿🌿🌿🌿

❤️
2 units in the same area, total usable area: 500 sq m.Land: 156 sqw

6 bedrooms
7 bathrooms (2 units)
Living room &  Kitchen 

❤️First house 

5 bedrooms
5 bathrooms
Living room & Kitchen 
including a maid's room

❤️Second house Studio

1 Bedroom
2 bathrooms 
Living room & Kitchen 

• Parking for 6 cars
with EV charger system
3-phase electricity and CCTV system

• Pool villa: 156 sq wah

 • 4m x 10m saltwater swimming

❤️
Fully Furnished with build in furniture &  electrical appliance

❤️Near by 

Bo Sang
Big C Extra 
CentralFestival
Government Complex
Bangkok Hospital
Chiang Mai International School
Varee Chiangmai School
Lanna International School (CMIS)
Unity Concord International School
ABS - Ambassador Bilingual School
Grace International School
Nakornpayap International School
Prem Tinsulanonda International School Chiang Mai

*Move in with your bags*

❤️Sale price: 

15,900,000 baht

❤️Rental price 

90,000 baht per month

For more information please contact [hidden information] or Ib"
https://www.facebook.com/marketplace/item/1093336545946829/,"ราคา: ฿8,900,000 | ขาย
ขายพร้อมผู้เช่า 8.9 ล้าน #วรารมย์เจริญเมือง #ต้นเปา #สันกำแพง บ้านเดี่ยว 2 ชั้น #พื้นที่สวนขนาดใหญ่ #รับรายได้เดือนละ50,000 บาท (สัญญาปีต่อปี หมด พ.ย.) สามารถลงสระว่ายน้ำเพิ่มได้

ขนาด 99 ตรว.
พื้นที่ใช้สอบตัวบ้าน 320 ตรม.
5 ห้องนอน 4 ห้องน้ำ
1 ห้องรับแขก
1 ห้องรับประทานอาหาร
1 ห้องครัว
1 ห้องแม่บ้าน
1 ห้องเก็บของ
ที่จอดรถได้ 2 คัน

แอร์ ขนาดใหญ่ 2 แอร์ขนาดเล็ก 3
3 เครื่องทำน้ำอุ่น
พื้นที่สวนขนาดใหญ่
กล้อง CCTV 6 จุด
สัญญาณกันขโมย
ฟิตเนส และสระว่ายน้ำในโครงการ

📍สถานที่ใกล้เคียง
ใกล้พรอมเมนาดา
ใกล้บิ๊กซีดอนจั่น

🎈House for Sale with Tenant | 8.9 MB #Vararom #Charoenmuang, #TonPao, #SanKamphaeng
💰 Rental income: 50,000 THB/month (Yearly contract, ends in Nov.)
✨ Option to add private swimming pool

🔶 Land size: 99 sq.wah
🔶 Usable area: 320 sq.m.

🏡 House Details
5 Bedrooms, 4 Bathrooms
Living room
Dining room
Kitchen
Maid’s room
Storage room
Parking for 2 cars

🛋️ Features & Facilities
2 Large A/C units + 3 Small A/C units
3 Water heaters
Spacious garden area
6 CCTV cameras
Alarm system
Clubhouse with fitness & swimming pool

🚗 Nearby Places
Close to Promenada
Close to Big C Donchan

💖บริการยื่นสินเชื่อทุกธนาคารฟรี ไม่มีค่าใช้จ่าย💖

🔶เอกสารที่ใช้ยื่นแบงค์สำหรับพนักงานทำงานประจำ
1. สำเนาบัตรประชาชน
2. สำเนาทะเบียนบ้าน
3. สลิปเงินเดือน 3 เดือนล่าสุด (ถ้าเงินเดือนไม่เท่ากันเป๊ะทุกเดือน ขอ 6 เดือนล่าสุด)
4. สเตทเม้นท์ 6 เดือนล่าสุด
5. หนังสือรับรองเงินเดือน (ขอไม่ทันค่อยส่งตามมาทีหลังได้)
**ทุกใบเป็นสำเนา และเซ็นรับรองสำเนาถูกต้อง**

🔶️สำหรับเจ้าของกิจการ
1. สำเนาบัตรประชาชน
2. สำเนาทะเบียนบ้าน
3. บัญชีรายรับรายจ่าย 6 เดือนล่าสุด 
4. สเตทเม้นท์ 12 เดือนล่าสุด
5. รูปร้าน ตัวอย่างสินค้า ราคาและตัวอย่างบิลที่ซื้อของ กับใบเสร็จที่ให้ลูกค้า
6. ใบจดทะเบียนพาณิชย์ (ถ้ามีจะกู้ง่ายขึ้น)
7. ภพ20 ใบเสียภาษี (ถ้าจดบริษัท)

📣สนใจนัดชมสอบถามโทร.086-9238951/065-5306944 Kim

Kim มีบัญชีทางการ LINE แล้ว! 
เป็นเพื่อนกับบัญชีนี้กันเถอะ คุณจะได้รับข้อมูลข่าวสารที่เป็นประโยชน์มากมาย แตะลิงก์ด้านล่างเลย 
https://lin.ee/Rfz1lqh

📲ส่งข้อความ + โทรฟรีด้วย WhatsApp
http://api.whatsapp.com/send?phone=0655306944

http://api.whatsapp.com/send?phone=0869238951

📲ส่งข้อความ + โทรฟรีด้วย WeChat 0655306944/0869238951

📣สนใจอสังหาริมทรัพย์อื่นๆคลิ๊ก https://www.facebook.com/NorthenlandHouse-Chiangmai-1774295549481349/

#บ้านเชียงใหม่
#บ้านราคาถูกเชียงใหม่
#บ้านมือสองเชียงใหม่
#บ้านสร้างใหม่เชียงใหม่
#บ้านทำเลดีเชียงใหม่
#บ้านพร้อมอยู่เชียงใหม่
#พูลวิลล่าเชียงใหม่
#NorthernlandChiangmai
#อสังหาพร้อมผู้เช่าเชียงใหม่
#บ้านสวยเชียงใหม่
#บ้านพร้อมเฟอร์นิเจอร์เชียงใหม่
#บ้านสวนเชียงใหม่
#NorthernlandandHousechiangmai #Northernland"
https://www.facebook.com/marketplace/item/1093788769327123/,"บ้าน 2 ห้องนอน 2 ห้องน้ำ
ราคา: ฿16,000/เดือน | ขาย
🏡ให้เช่า โฮมออฟฟิศ โซนหนองหอย ใกล้ตลาดหนองหอย
เดือนละ 16,000 บาท สัญญา 1 ปี
✅พร้อมอยู่   🐶🐱รับสัตว์เลี้ยง 

ประกัน 2 เดือน ล่วงหน้า 1 เดือน

รายละเอียด :
🛏 2 ห้องนอน 
🛁 2 ห้องน้ำ
🚗 สามารถจอดรถได้ 3 คัน

รายละเอียดเพิ่มเติม :
✨ แอร์ 4 ตัว
✨ ชุโโต๊ะอาหาร

📍สถานที่ใกล้เคียง :
🚩 วัดเมืองสาตรหลวง
🚩 89 Plaza Night Market
🚩 โรงเรียนพระหฤทัย
🚩 สถานีรถไฟเชียงใหม่
🚩 บิ๊กซีดอนจั่น

🏡 Home office for rent in Nong Hoi area, near Nong Hoi Market
16,000 baht per month, 1-year contract
✅ Ready to move in 🐶🐱 Pets allowed

2-month security deposit, 1-month advance payment

Details:
🛏 2 bedrooms
🛁 2 bathrooms
🚗 Parking for 3 cars

Additional details:
✨ 4 air conditioners
✨ Dining table

📍Nearby places:
🚩 Wat Muang Sat Luang
🚩 89 Plaza Night Market
🚩 Phra Hrudai School
🚩 Chiang Mai Railway Station
🚩 Big C Don Chan

🏡 出租 — 清迈 Nong Hoi 区，靠近 Nong Hoi 市场

💸 租金： 每月 16,000 泰铢
📅 租期： 1 年
✅ 可立即入住 🐶🐱 允许养宠物
🔒 押金 2 个月 + 预付 1 个月

房产详情：
🛏 2 间卧室
🛁 2 间浴室
🚗 可停车 3 辆车

家具与电器：
✨ 4 台空调
✨ 餐桌套装

附近地点 🚩：
📍 Wat Muang Sat Luang 寺
📍 89 Plaza 夜市
📍 Sacred Heart 学校
📍 清迈火车站
📍 Big C Don Chan 商场

Code : R2938
🚨บริษัท ที่ดีดี จำกัด | รับซื้อ | ขาย | เช่า
🚨จัดหาบ้าน,คอนโด ตามงบประมาณ
🚨รับทำ TM30 แจ้งต่างชาติเข้าพัก
🚨ดูแลตลอดสัญญาเช่า

📌นัดชมได้ทุกวัน | รับ CO-AGENT
Line : @teedd (มี@)
Tel : [hidden information]

#บ้าน #บ้านเช่า #บ้านเช่าเชียงใหม่
#คอนโด #เช่าคอนโด #คอนโดให้เช่า"
https://www.facebook.com/marketplace/item/1094141872564561/,"ราคา: ฿30,000/เดือน | ขาย
💵 ให้เช่า 𝟑𝟎,𝟎𝟎𝟎/เดือน*💕 
🏡 กาญจน์กนก 𝟏𝟐 เฟส 𝟑 
📍ใกล้ 𝐔𝐂𝐈𝐒, 𝐀𝐁𝐒, 𝐀𝐂𝐈𝐒, 𝐈𝐧𝐭'𝐥 𝐒𝐜𝐡𝐨𝐨𝐥 
บ้านเดี่ยวหลังใหญ่ เฟอร์ครบ พร้อมอยู่
__________________
• 3 ห้องนอน / 3 ห้องน้ำ
• 1 ห้องรับแขก
• 1 ห้องครัวใหญ่ 
• 1 ห้องรับประทานอาหาร  
•  1 ห้องซักล้าง / จอดรถ 2 คัน
__________________
• เฟอร์นิเจอร์ครบ 
ห้องครัว เตาเครื่องดูดควัน ไมโครเวฟ  ตู้เย็น และเครื่องครัวอื่นๆ
เครื่องปรับอากาศ 4 เครื่อง
เครื่องทำน้ำอุ่น 3
เครื่องซักผ้า 1
ทีวี 1
เครื่องกรองน้ำ ปั้มน้ำ แทงค์น้ำ 2,000 ลิตร
__________________
🏊‍♀️ สิ่งอำนวยความสะดวกในโครงการ
• คลับเฮาส์
• สระว่ายน้ำขนาดใหญ่
• ฟิตเนส / ซาวน่า
• สวนสาธารณะ 2 จุด (รวมกว่า 2 ไร่)
• สนามเด็กเล่น
• รปภ. 24 ชม. / กล้อง CCTV
• ระบบ LPR อ่านป้ายทะเบียนอัตโนมัติ
__________________
📍Location 
• Unity Concord International School – 5 นาที
• Americana Chinese Int'l / ABS / NIS – 5–10 นาที
• Central Festival / Big C Extra – 10 นาที
• สนามบินเชียงใหม่ – 20 นาที
• ใกล้ทางด่วน เข้าเมืองง่าย

ติดต่อ [hidden information]"
https://www.facebook.com/marketplace/item/1095313292751358/,"3 ห้องนอน 3 ห้องน้ำ - บ้าน
ราคา: ฿25,000/เดือน | ขาย
ปล่อยเช่า🏠 บ้านเดี่ยว  2ชั้น 
ในโครงการ มีรปภ.24 ชม

🎯เช่า 25,000บาท/เดือน ล่วงหน้า 1 เดือน  ประกัน 2 เดือน สัญญา 1 ปี
🎯รวมค่าส่วนกลาง🔚
เนื้อที่  55ตารางวา 

ติดดถนนใหญ่ สันกำแพงสายใหม่
เดินทางสะดวก เข้า-ออกได้หลายทาง
🚫🐶🐕 ไม่รับสัตว์เลี้ยง🚫

🏠3ห้องนอน 
🚽3ห้องน้ำ 
🛋️1  ห้องนั่งเล่น 
🍽️1 ครัว 
🚘 2 ที่จอดรถ 

เฟอร์นิเจอร์และเครื่องใช้ไฟฟ้าต่างๆ
📺 ทีวี 
🚿 เครื่องทำน้ำอุ่น 2
🆒 แอร์ 
🧊 ตู้เย็น 1  
🍚ไมโครเวฟ 1
      
เครื่องซักผ้า 1

🏠สิ่งอำนวยความสะดวกภายในโครงการ
🛝สวนสาธารณะ
📸 กล้องวงจรปิด
👮 ระบบรักษาความปลอดภัย24 ชม
🧑‍🌾สระว่ายน้ำและฟิตเนส

🎯สถานที่ใกล้เคียง🎯
🏫สถาบันการศึกษา
🎓โรงเรียนวารีเชียงใหม่
🎓โรงเรียนมงฟอร์ต(มัธยม)
🧑‍🎓โรงเรียนยุวฑูต ABS
👩‍🎓โรงเรียน Americana Chinese
👩‍🎓 โรงเรียนนานาชาติยูนิตี้คอนคอร์ด

🏬 ห้างสรรพสินค้า 🏬
➡️ เซ็นทรัลเฟสติวัลเชียงใหม่
➡️ สถานีขนส่งเชียงใหม่(อาเขต)
➡️ ตลาดรวมโชค
➡️ โลตัสรวมโชค
➡️ บิ๊กซีเอ๊กตร้าน
➡️ อินเด็กซ์ ลิฟวิ่งมอลล์
➡️ บุญถาวร
➡️ เมกะโฮม
➡️ แม๊คโคร

🏥 สถานพยาบาล 🏥
👩‍⚕️ โรงพยาบาลกรุงเทพ
👨‍⚕️ โรงพยาบาลราชเวช
สนใจติดต่อสอบถามรายละเอียดหรือนัดดู
☎️📱[hidden information] คุณกัญญา
Line ID: ya251904

------------------------------------------

For rent 🏠 2-storey single house, new house
In the project, there is a 24-hour security guard

🎯 Rent 25,000 baht/month, 1 month in advance, 2 months deposit, 1 year contract
🎯 Including common fees 🔚
Area 55 square wah 

Located on the main road, San Kamphaeng New Line
Convenient travel, can enter and exit in many ways
🚫🐶🐕 No pets allowed 🚫

🏠 3 bedrooms 
🚽 3 bathrooms 
🛋️ 1 living room 
🍽️ 1 kitchen 
🚘 2 parking spaces 

Furniture and various electrical appliances
📺 TV 
🚿 2 water heaters
🆒 Air conditioners 
🧊 1 refrigerator 
🍚 1 microwave

Washing machine 1

🏠Project facilities
🛝Public park
📸CCTV
👮24-hour security system
🧑‍🌾Swimming pool and fitness

🎯Nearby places🎯
🏫Educational institutions
🎓Tonkla School
🎓Vari Chiang Mai School
🎓Montfort School (Secondary)
🧑‍🎓ABS Youth Ambassador School
👩‍🎓Americana Chinese School
👩‍🎓Unity Concord International School

🏬 Department Stores 🏬
➡️ Central Festival Chiang Mai
➡️ Chiang Mai Bus Station (Arcade)
➡️ Talad Ruamchok
➡️ Lotus Ruamchok
➡️ Big C Extra
➡️ Index Living Mall
➡️ Boonthavorn
➡️ Mega Home
➡️ Makro

🏥 Hospitals 🏥
👩‍⚕️ Bangkok Hospital
👨‍⚕️ Rajavej Hospital
Interested, please contact us for more information or to make an appointment to see the school.
☎️📱[hidden information] Ms. Kanya
Line ID: ya251904

------------------------------------------

------------------------------------------

------------------------------------------"
https://www.facebook.com/marketplace/item/1095896285556909/,"2 ห้องนอน 1 ห้องน้ำ - บ้าน
ราคา: ฿1,350,000 | ขาย
เปิดการขาย!!!!
หมู่บ้านธีรยา
โซนบ่อสร้าง-สันกำแพง
บ้านสวยขายพร้อมรีโนเวทใหม่ทั้งหลัง ยันเงา!!

40ตารางวา
2นอน1น้ำ1ครัว1รับแขก
จอดรถ2คัน

บ้านรีโนเวทใหม่ทั้งหลัง สวยกริ๊ป
ต่อเติมเต็มพื้นที่ ถนนหน้าบ้านกว้างขวาง
เฟส1 ไม่แออัด

ปรับราคา ลดกระแทกใจ
สนนราคาขายเพียง  1.35ล้าน
ประเมิน สูง

เลยแยกบ่อสร้างแค่4กม
เป็นหมู่บ้านเก่า ไม่มีค่าส่วนกลาง
ยินดีบริการสินเชื่อ"
https://www.facebook.com/marketplace/item/1095912909281395/,"4 ห้องนอน · 4 ห้องน้ำ
ราคา: ฿35,000/เดือน | ขาย
ขาย/เช่า บ้านในโครงการทำเลดีใกล้เซ็นทรัลเฟสติวัล 15 นาที อยู่ถนนวงแหวนรอบนอกที่ 3 ใกล้แยกหลุยส์เครื่องเงิน ใกล้แยกแม่กวงใกล้ตลาดท่ารั้ว เข้าเมืองสะดวก 
----------------------------------
บ้านสภาพใหม่ เจ้าของอยู่ต่างประเทศไม่ค่อยได้พักอาศัย 
พื้นที่ 98 ตารางวา จอดรถในบ้านได้ 2 คัน 4 ห้องนอน 4 ห้องน้ำ พร้อมห้องอเนกประสงค์ 1 ห้อง(สามารถใช้ทำเป็นห้องนอนหรือห้องทำงานได้ติดแอร์แล้ว)
รวมทั้งหมดมีแอร์ 6 ตัว 
----------------------------------
ขายพร้อมเฟอร์นิเจอร์และเครื่องใช้ไฟฟ้าครบครัน 
พร้อมต่อเติมพื้นที่โซนครัว โซนซักล้าง พื้นที่เก็บของในร่มอย่างดีและต่อเติมห้องนอนด้านล่างห้องใหญ่ 1 ห้องพร้อมห้องน้ำในตัวเพิ่มความสะดวกสบาย 
----------------------------------
■ขาย 5.9 ล้านบาท พร้อมเฟอร์นิเจอร์และเครื่องใช้ไฟฟ้าทั้งหมด ค่าโอนคนละครึ่ง


■ เช่าเดือนละ 35,000 บาท(รวมค่าส่วนกลาง)
สัญญาขั้นต่ำ 1 ปี
แรกเข้า: ประกัน 2 เดือน ล่วงหน้า 1 เดือน
ขออภัยไม่รับสัตว์เลี้ยง

ภายในโครงการ มีระบบรักษาความปลอดภัย 24 ชั่วโมง กล้องวงจรปิด รปภ สระว่ายน้ำฟิตเนส สนามเทนนิส สนามเด็กเล่น
----------------------------------
#เซ็นทรัลเฟสติวัล#ตลาดท่ารั้ว#ปตท #KFC #แยกหลุยส์#แยกแม่กวง #ต้นเปา#สันกำแพง

▪︎▪︎▪︎▪︎▪︎▪︎▪︎▪︎▪︎▪︎▪︎▪︎▪︎▪︎▪︎▪︎▪︎▪︎▪︎▪︎▪︎▪︎▪︎▪︎▪︎▪︎▪︎▪︎▪︎▪︎▪︎▪︎▪︎▪︎▪︎▪︎▪︎▪︎▪︎▪︎▪︎▪︎▪︎▪︎▪︎▪︎▪︎▪︎▪︎▪︎

House for sale in a prime location near Central Festival, just 15 minutes from the Outer Ring Road 3, near the Louis Silverware intersection, Mae Kuang intersection, and Tha Ruea Market. Easy access to the city.
_______________
The house is in new condition. The owner is overseas and rarely living. 
98 square wah of land size Parking for 2 cars is available. The house features 4 bedrooms, 4 bathrooms, and a multipurpose room(can be used as a bedroom or working room, installed air-con). Total 6 air conditioners are included.
_______________
The house sale with fully furnished and includes appliances.

Additional kitchen, laundry, and storage space are also available. A large downstairs bedroom with an ensuite bathroom is also included for added convenience.
_______________

■ For sale at 5.9 million baht, fully furnished and equipped with all appliances. Transfer fees split 50/50.

■ Rent: 35,000 baht per month (including common area fees).
Minimum 1-year contract.
Move-in: 2 months security deposit, 1 month advance payment.
No pets🙏

The project features 24-hour security, CCTV, security guards, a swimming pool, fitness center, tennis court, and playground.
_______________
#CentralFestival #ThaRuaMarket #PTT #KFC #LouisIntersection #MaeKuangIntersection #TonPao #SanKamphaeng"
https://www.facebook.com/marketplace/item/1096410022462411/,"2 ห้องนอน 2 ห้องน้ำ - อพาร์ทเมนท์
ราคา: ฿20,000/เดือน | ขาย
ดิอิสระคอนโด
ปล่อยเช่า และขาย

2นอน 2 น้ำ 
ขนาดห้อง 70 ตารางเมตร

ฟรีส่วนกลาง
สระน้ำขนาดใหญ่และห้องฟิตเนส

ปล่อยเช่า 20,000
ขาย 6,000,000 บาท

ใกล้แยกรวมโชค
เซนทรัลเฟส

สนใจ [hidden information] อาม"
https://www.facebook.com/marketplace/item/1096813322626089/,"บ้าน 3 ห้องนอน 2 ห้องน้ำ
ราคา: ฿2,100,000 | ขาย
🏠บ้านเดี่ยว 🏠พิกัดสันปูเลย- ท่ารั้ว  😍สร้างเพิ่มอีกหลายแปลงเนื้อที่ 50-78 ตรว. 
                        ราคาเริ่ม 2.1 ล้าน มีหลายราคานะคะ
                   🏠พิกัดสันทรายหลวง-สันนาเม็ง(ซอย เชื่อมกัน)
 การเดินทางเข้า-ออกได้ หลายทาง - ซอยข้างที่ว่าการอำเภอสันทราย หรือ หลังปั๊ม ปตท สันนาเม็ง ได้   (ว่าง 1แปลง)
- ห่างเซนทรัลเฟส 12 นาที 6.8 km.
- ห่าง รพ.กรุงเทพ 18 นาที 9.9 km.
- ห่าง รพ.ลานนา 17 นาที 10km.
- ห่าง ร.พ.สันทราย 25 นาที 13.9 km.
🏠 🎀3 ห้องนอน 2 ห้องน้ำ 
🏠 🎀3 ห้องนอน 3 ห้องน้ำ 
🏠 🎀 ห้องครัว  ห้องโถง โรงจอดรถคอนกรีตพิมพ์ลาย
-------------------
🏠🎀แถมฟรี🏠🎀
✅ ฟรี ค่าโอนกรรมสิทธิ์
✅ ฟรี ค่าธรรมเนียมมิเตอร์น้ำประปา 
✅ ฟรี ค่าธรรมเนียม มิเตอร์ไฟฟ้า
✅ ฟรี เตาแก๊ส ฮู๊ดดูดควัน พร้อมติดตั้ง 
✅ ฟรี เครื่องทำน้ำอุ่น 2 เครื่อง
✅ ฟรี สนามหญ้ารอบบ้าน
✅ ฟรี คอนกรีตพิมพ์ลาย โรงจอดรถ
✅ ฟรี ปั๊มน้ำ+ถังเก็บน้ำ พร้อมติดตั้ง
✅ ก่อเค้าเตอร์ครัว+ซิ้งค์ล้างจาน ในอาคาร
✅ ติดตั้งแผ่นสะท้อนความร้อนใต้หลังคา
✅ ติดตั้งระบบป้องกันปลวกและแมลงใต้อาคาร
✅ บ้านนอกโครงการ ไม่มีค่าส่วนกลาง 100%

🔰ดำเนินการด้านสินเชื่อ ฟรีทุกขั้นตอน💯
🔰 ยินดีบริการ ให้คำปรึกษาและวางแผนทางด้านสินเชื่อบ้านก่อนกู้🏠💸

🚗 ต้องการชมบ้าน กรุณานัดหมายล่วงหน้า 1-2 ชั่วโมง (เผื่อเดินทางนะคะ)🙏
🚫 ไม่รับนายหน้า 🚫ไม่รับเซลล์โคนะคะ

📬สอบถามเพิ่มเติม :⬇️
📲 Line : https://line.me/ti/p/ZdFUCfGtdi
📲 Mobile : 094-223-5535 🥳หญิงค่ะ

🎀ดูทรัพย์อื่นเพิ่มเติม คลิก :: https://www.facebook.com/BansuayCNX"
https://www.facebook.com/marketplace/item/1097235289015019/,"บ้าน 3 ห้องนอน 3 ห้องน้ำ
ราคา: ฿18,000/เดือน | ขาย
Code : R2200

⛪ให้เช่าบ้าน 2 ชั้น โซนดอยสะเก็ด บรรยากาศเงียบสงบ บ้านสะอาด มีรั้วกั้น มีความเป็นส่วนตัว
3 ห้องนอน 3 ห้องน้ำ 1 ห้องครัว 1 ห้องรับแขก จอดรถได้ 2 คัน
18,000 บาท/เดือน (สัญญา1ปี )
ประกัน 2 เดือน+ล่วงหน้า1 เดือน 
📏พื้นที่ 56 ตร.ว.

❌❌ไม่รับสัตว์เลี้ยง❌❌

📌สถานที่ใกล้เคียง
-โรงเรียนบ้านป่าเสร้า
-ตลาดท่ารั้ว
-ดาราซุปเปอร์มาร์เก็ต สาขา สันกลาง
-วัดกู่ม่านมงคลชัย
-PTT Station ปตท.ท่ารั้ว

🚪เฟอร์นิเจอร์
-เตียง 5 ฟุต พร้อมที่นอน
-แอร์
-เครื่องซักผ้า
-ตู้เย็น
-โต๊ะรับประทานอาหาร 
-เครื่องทำน้ำอุ่น 2 ห้อง
-มุ้วลวด ด้านล่าง 
-ตู้เสื้อผ้า 2 ตู้
-ชั้นวาง ทีวี

⛪2-storey house for rent in Doi Saket area, quiet atmosphere, clean house, fenced, private
3 bedrooms, 3 bathrooms, 1 kitchen, 1 living room, parking for 2 cars
18,000 baht/month (1-year contract)
2-month security deposit + 1 month advance payment
📏Area 56 sq.w.

❌❌No pets allowed❌❌

📌Nearby places
-Ban Pa Sao School
-Tha Ruea Market
-Dara Supermarket, San Klang branch
-Wat Ku Man Mongkhon Chai
-PTT Station PTT Tha Ruea

🚪Furniture
-5-foot bed with mattress
-Air conditioner
-Washing machine
-Refrigerator
-Dining table
-2 water heaters
-Mounting screen downstairs
-2 wardrobes
-TV shelf

⛪ 出租两层住宅 — Doi Saket 区（安静环境，房屋干净，有围栏，私密性高）
🛏 3 间卧室 | 3 间浴室 | 1 个厨房 | 1 个客厅 | 可停 2 辆车
💸 租金：18,000 泰铢/月（合约 1 年）
🔒 押金 2 个月 + 预付 1 个月
📏 土地面积：56 平方哇
❌❌ 不接受宠物 ❌❌

📌 附近地点
• Ban Pa Sao 学校
• Tha Rua 市场
• Dara Supermarket（San Klang 分店）
• Gu Man Mongkol Chai 寺
• PTT 加油站（Tha Rua）

🚪 家具 / 家电
• 5 尺床及床垫
• 空调
• 洗衣机
• 冰箱
• 餐桌
• 2 个热水器
• 一楼装纱窗
• 2 个衣柜
• 电视柜


🔹รวมคอนโดว่างให้เช่า🔹
➡️ https://teedd.co/เช่าคอนโดฯ/
🔹รวมบ้านว่างให้เช่า🔹
➡️ https://teedd.co/เช่าบ้าน/
•รับจัดหาบ้าน,ที่ดิน,คอนโด,อสังหาริมทรัพย์
นัดชมได้ทุกวันไม่มีวันหยุด | รับนายหน้า CO-AGENT
Line:@teedd (มี@)
https://lin.ee/6c10cxd"
https://www.facebook.com/marketplace/item/1098309922456692/,"3 ห้องนอน 2 ห้องน้ำ - บ้าน
ราคา: ฿2,390,000 | ขาย
#Ba241

✨🏡 บ้านทำเลทองโซนแม่เหียะ ใกล้สนามบินเชียงใหม่ ✨
📍 ตรงข้ามแม็คโครหางดง เดินเพียง 300 ม. น้ำไม่ท่วม

บ้านรีโนเวททั้งหลัง สภาพใหม่ พร้อมสวนสวย บรรยากาศอบอุ่น เหมาะสำหรับครอบครัว 💖

รายละเอียดบ้าน
📐 ที่ดิน 40 ตร.วา | พื้นที่ใช้สอย 120 ตร.ม.
มีพื้นที่รอบบ้าน พร้อมจัดสวนหรือมุมพักผ่อนกลางแจ้ง

🛏️ 3 ห้องนอน – รองรับครอบครัวเล็ก–ใหญ่ ได้อย่างลงตัว
🚿 2 ห้องน้ำ – ใช้งานสะดวก แยกเป็นสัดส่วน
🛋️ ห้องโถงกว้าง – พื้นที่รวมตัว ทำกิจกรรมกับครอบครัว
🍳 ห้องครัวแยก – รองรับการทำอาหาร ไม่รบกวนพื้นที่อื่นในบ้าน
🚗 ที่จอดรถ 2 คัน – รองรับรถยนต์ส่วนตัวและแขกผู้มาเยือน
🌳 สวนหน้าบ้าน – เพิ่มพื้นที่สีเขียว ให้บรรยากาศสดชื่น นั่งพักผ่อนหรือจัดเป็นมุมจิบกาแฟก็ได้

💰 ราคา Presale เพียง 2.39 ล้านบาท (จากราคาปกติ 2.49)
บ้านพร้อมอยู่ที่ให้คุณเป็นเจ้าของง่าย ๆ ✨

📍 เดินทางสะดวก ใกล้ทุกจุดสำคัญ:
🚗 300  เมตร แม็คโครหางดง 🛒
🚗 700  เมตร ถึงบิ๊กซี แม่เหียะ 🛒
🚗 2.6  กม ถึงโรงเรียนสารสาสน์วิเทศลานนา 📚
🚗 3.3 กม. ถึงโรงพยาบาลเชียงใหม่ใกล้หมอ 🏥
🚗 3.6  กม. ถึงเซ็นทรัลแอร์พอร์ต 🛍️
🚗 8.0  กม ถึงมหาลัยเชียงใหม่ 📚

💖 บ้านพร้อมอยู่ ดีไซน์สวย ฟังก์ชันครบ ในทำเลที่หาไม่ได้ง่าย 🌟
📲[hidden information] ต่ายค่ะ"
https://www.facebook.com/marketplace/item/1098393655830706/,"บ้าน 1 ห้องนอน 1 ห้องน้ำ
ราคา: ฿73,400,000 | ขาย
DSL-199
สนใจติดต่อ: โดม รัชดา (Exclusive Contract)
โทร: 065-586-9872
ไลน์ไอดี: giantmw หรือ @yem0202n
Facebook: https://bit.ly/3vdegO8
Fanpage: https://bit.ly/488TrlD
.
ขายที่ดินบนเนินเขา และที่ราบสลับซับซ้อนกันแปลงใหญ่ อ.ทุ่งช้าง จ.น่าน 408-1-3 ไร่, ราคา 73.4 ล้านบาท
.
รายละเอียดทรัพย์:
1. ที่ดินเปล่าปลูกพืชไร่หมุนเวียนบนเนินเขา และที่ราบสลับซับซ้อนกันแปลงใหญ่ อ.ทุ่งช้าง จ.น่าน 408-1-3 ไร่
2. เอกสารสิทธิ์: โฉนด (น.ส.4 จ) ทั้งหมด
3. ทิ่ดินติดถนนลาดยาง, มีไฟฟ้า และติดแม่น้ำ
.
เหมาะสำหรับ: พัฒนาเป็นรีสอร์ต, บ้านพักตากอากาศ และบ้านสวน รวมถึงลานแคมป์ปิ้ง ฯลฯ.
.
สถานที่ตั้ง: ต.ปอน อ.ทุ่งช้าง จ.น่าน (นัดหมายดูสถานที่จริง)
.
สถานที่สำคัญใกล้เคียง: ห่างด่านตรวจคนเข้าเมืองไทยลาวประมาณ 25 กิโลเมตร
.
ราคาขาย: 73,400,000 บาท (ประมาณ 180,000 บาท/ไร่ หรือ 450 บาท/ตร.ว.)
.
ภาษี & ค่าโอนกรรมสิทธิ์: ค่าใช้จ่ายในเรื่องของค่าภาษี, ค่าโอนกรรมสิทธิ์ และอื่น ๆ (50:50)
.
สนใจติดต่อ: โดม รัชดา (Exclusive Contract)
โทร: 065-586-9872
ไลน์ไอดี: giantmw หรือ @yem0202n
Facebook: https://bit.ly/3vdegO8
Fanpage: https://bit.ly/488TrlD"
https://www.facebook.com/marketplace/item/1098468712273591/,"3 ห้องนอน 3 ห้องน้ำ - บ้าน
ราคา: ฿21,000/เดือน | ขาย
🏡ปล่อยเช่าบ้าน ดีฮาบิแทท สันกำแพง  

3 นอน 🛁 3 น้ำ

 1 ห้องรับแขก  🍽 1 ห้องครัว

 2ที่จอดรถ

.....................................................

ใกล้แยกบ่อสร้างสันกำแพง 1 กิโล

ใกล้ รร.วารี / รร. มงฟอร์ต / กาวิละ

ใกล้ รร.ช่องฟ้าซินเซิง 15 นาที

รร. Unity / ABS 15 นาที

รพ.แมคคอร์มิค 20 นาที

รพ.กรุงเทพเชียงใหม่ 15 นาที

รพ.สวนดอก 20 นาที 

เข้าเมือง 15-20 นาที 

สนามบิน 20 นาที

พื้นที่ 60 ตรว. 



💵เช่าเดือนละ 21,000 บาท💰💰

สัญญา 1 ปีขึ้นไป 

ประกัน 2 เดือน 42,000.-

ล่วงหน้า 1 เดือน 21,000.- 

รวมเข้าอยู่ 63,000.-


ติดต่อ: 0918589128 นาย 
Line ID : https://line.me/ti/p/ppkYICb87M   

#บ้านให้เช่าเชียงใหม่ #บ้านสวยเชียงใหม่  #บ้านมือสองเชียงใหม่ #บ้านเดี่ยวให้เช่า #อสังหาเชียงใหม่  #เช่าบ้านราคาถูก #ขายบ้านพร้อมอยู่ #บ้านพร้อมเข้าอยู่"
https://www.facebook.com/marketplace/item/1099177115045846/,"3 ห้องนอน 2 ห้องน้ำ - บ้าน
ราคา: ฿2,690,000 | ขาย
🏡 บ้านเดี่ยวพร้อมอยู่ ทำเลทองเมืองน่าน หมู่บ้านน่านเจ้า ปางค่า

✨ โอกาสพิเศษที่ใครพลาด…อาจเสียดายตลอดไป!

✅ น้ำไม่ท่วม 100% – ตั้งอยู่บนพื้นที่สูง มั่นใจได้ทุกฤดูฝน
✅ เดินทางสะดวก เข้า–ออกได้หลายทาง ใกล้ศูนย์ราชการ ห้าง ตลาด โรงเรียน โรงพยาบาล
✅ ปลอดภัย อุ่นใจ – หมู่บ้านน่าอยู่ เพื่อนบ้านดี ถนนกว้าง
✅ ใช้พื้นที่บ้านได้เต็มที่ – ปูพื้นและมุงหลังคาเรียบร้อยแล้วทุกมุม ไม่ต้องเสียเวลา–เสียเงินตกแต่งเพิ่ม พร้อมใช้ทันที

📌 รายละเอียด
 • บ้านเดี่ยวชั้นเดียว 3 ห้องนอน 2 ห้องน้ำ
 • ที่ดิน 65 ตร.วา
 • พื้นที่จอดรถกว้าง รองรับได้หลายคัน
 • ครัวต่อเติมพร้อมใช้

💰 ราคาพิเศษเพียง 2.69 ล้านบาท
คุ้มกว่าการหาซื้อใหม่แน่นอน เพราะไม่ต้องเสียค่ารีโนเวทเพิ่ม!

⸻

⚡ รีบหน่อย! บ้านทำเลนี้หายาก ใครมาก่อนได้สิทธิ์ก่อน ถ้าช้า…อาจพลาดโอกาสบ้านในฝันไปตลอดชีวิต

พิกัด https://maps.app.goo.gl/3ZX2eEZi3kUdi2Kr9?g_st=ipc

🏡 Ready-to-move-in detached house in a prime location in Nan

✨ A special opportunity you won't want to miss!

✅ 100% flood-proof – Located on high ground, guaranteed protection throughout the rainy season.
✅ Convenient transportation, with multiple entrances and exits, near government offices, shopping malls, markets, schools, and hospitals.
✅ Safe and secure – A pleasant village with friendly neighbors and wide roads.
✅ Make the most of your home – Flooring and roofing are already installed on every corner. No need to waste time or money on additional decorations. Ready to move in.

📌 Details
• Single-story detached house with 3 bedrooms and 2 bathrooms
• 65 sq. wah land area
• Ample parking space for multiple cars
• Fully renovated kitchen

💰 Special price only 2.69 million baht
Definitely a better deal than buying new, as there are no additional renovation costs!

⸻

⚡ Hurry! This rare location is a first-come, first-served opportunity. If you delay, you may miss out on your dream home of a lifetime.

Location : https://maps.app.goo.gl/3ZX2eEZi3kUdi2Kr9?g_st=ipc"
https://www.facebook.com/marketplace/item/1100985212143990/,"3 ห้องนอน 2 ห้องน้ำ - บ้าน
ราคา: ฿1,790,000 | ขาย
(Home006)
*** น้ำไม่ท่วม ***
บ้านเดี่ยวหลุดจอง(พิกัดแสงดาว)
 3 ห้องนอน 2 ห้องน้ำ
-ใกล้เซเว่นแสงดาว 2 นาที
-ใกล้โลตัสแสงดาวMini
-ใกล้บิ๊กซีแสงดาวMini
-ใกล้ถนนคนเดินน่าน
-ใกล้โรงเรียนสตรีศรีน่านเพียง 3 นาทีเท่านั้น
***(น้ำไม่ท่วมมีของแถมหลายรายการ)***
-แถมแอร์ 1 เครื่อง
-เครื่องทำน้ำอุ่น 2 เครื่อง
-แถมผ้าม่านสีสวยรอบบ้าน
-แถมปลูกหญ้ารอบบ้าน
-แถมป้ายบ้านเลขที่
-แถมปั๊มน้ำ
-ฟรีค่าโอน
-ฟรีเดินเรื่องธนาคาร(ดันทุกเคส)
ราคาเพียง 1.79 ล้าน
สนใจติดต่อสอบถามได้นะครับ [hidden information]"
https://www.facebook.com/marketplace/item/1101150151700695/,"3 ห้องนอน 2 ห้องน้ำ - บ้าน
ราคา: ฿27,000/เดือน | ขาย
🏡ให้เช่า บ้าน โซนสุเทพ ใกล้สนามบิน
เดือนละ 27,000 บาท สัญญา 1 ปี
✅พร้อมอยู่    🐶🐱รับสัตว์เลี้ยง 

ประกัน 2 เดือน ล่วงหน้า 1 เดือน

📏 พื้นที่ดิน 325 ตารางวา | พื้นที่ใช้สอย150 ตร.ม.

รายละเอียด :
🛏 3 ห้องนอน 
🛁 2 ห้องน้ำ
🛋 1 ห้องนั่งเล่น
🍳 1 ห้องครัว
🚗 สามารถจอดรถได้ 10 คัน

รายละเอียดเพิ่มเติม :
✨ เฟอร์นิเจอร์
✨ เตียงนอน + ตูเสื้อผ้า
✨ ทีวี
✨ โต๊ะทานข้าว + เก้าอี้
✨ ไมโครเวฟ
✨ ตู้เย็น
✨ เตาแก๊ส
✨ เครื่องซักผ้า

📍สถานที่ใกล้เคียง :
🚩 วัดอุโมงค์
🚩 ตลาดสดแม่เหียะ
🚩 เมญ่า
🚩 มหาวิทยาลัยเชียงใหม่
🚩 โรงพยาบาลมหาราชนครเชียงใหม่

🏡House for rent in Suthep area, near the airport.
27,000 baht per month, 1-year contract.
✅ Ready to move in. 🐶🐱 Pets allowed.

2-month security deposit, 1-month advance payment.

📏 Land area: 325 square wah | Usable area: 150 square meters.

Details:
🛏 3 bedrooms
🛁 2 bathrooms
🛋 1 living room
🍳 1 kitchen
🚗 Parking for 10 cars

Additional details:
✨ Furniture
✨ Bed + wardrobe
✨ TV
✨ Dining table + chairs
✨ Microwave
✨ Refrigerator
✨ Gas stove
✨ Washing machine

📍Nearby places:
🚩 Wat Umong
🚩 Mae Hia Fresh Market
🚩 Maya
🚩 Chiang Mai University
🚩 Maharaj Nakorn Chiang Mai Hospital

Code : R2931
🚨บริษัท ที่ดีดี จำกัด | รับซื้อ | ขาย | เช่า
🚨จัดหาบ้าน,คอนโด ตามงบประมาณ
🚨รับทำ TM30 แจ้งต่างชาติเข้าพัก
🚨ดูแลตลอดสัญญาเช่า

📌นัดชมได้ทุกวัน | รับ CO-AGENT
Line : @teedd (มี@)
Tel : [hidden information]

#บ้าน #บ้านเช่า #บ้านเช่าเชียงใหม่
#คอนโด #เช่าคอนโด #คอนโดให้เช่า"
https://www.facebook.com/marketplace/item/1101567858510755/,"3 ห้องนอน 2 ห้องน้ำ - บ้าน
ราคา: ฿9,000/เดือน | ขาย
‼️ บ้านใหม่ให้เช่า | ย่านสันทราย–แม่โจ้ (บ้านทุ่งข้าวตอก)
         💰 ค่าเช่า: 9,000 บาท / เดือน🔥
         🔺🔺พร้อมเฟอร์นิเจอร์🔺🔺

3 ห้องนอน | 2 ห้องน้ำ | 1 ห้องครัว พร้อมเฟอร์นิเจอร์ครบ เข้าอยู่ได้ทันที
___________________________________________
🔒 ค่าประกัน: 10,000 บาท
📦 รวมเข้าอยู่: 19,000 บาท
📝 สัญญาขั้นต่ำ 1 ปี
🏡 พร้อมเข้าอยู่: 1 สิงหาคม 2568

3 ห้องนอน | 2 ห้องน้ำ | 1 ห้องครัว พร้อมเฟอร์นิเจอร์ครบ เข้าอยู่ได้ทันที
📍 ห่างจาก 7-Eleven ไม่ถึง 1 กม.
📍 ห่างจากมหาวิทยาลัยแม่โจ้ 10 กม.

✅ สิ่งอำนวยความสะดวก:
 • แอร์ 1 เครื่อง
 • เครื่องทำน้ำอุ่น 2 เครื่อง
 • เตาแก๊ส 1 ชุด
 • ทีวี 55 นิ้ว + ชั้นวาง
 • เตียง 6 ฟุต / ตู้เสื้อผ้า / โต๊ะเครื่องแป้ง
 • ตู้เย็น / ไมโครเวฟ / เครื่องซักผ้า
 • ชุดโซฟารับแขก / โต๊ะทานข้าว
                        🔹🔹🔹🔹🔹🔹
🏠 New House for Rent | Sansai–Maejo Area (Ban Thung Khao Tok)

3 Bedrooms | 2 Bathrooms | 1 Kitchen – Fully Furnished and Ready to Move In
📍 Less than 1 km from 7-Eleven
📍 10 km to Maejo University

✅ Facilities Included:
 • 1 Air Conditioner
 • 2 Water Heaters
 • 1 Gas Stove Set
 • 55” Smart TV + TV Shelf
 • 6-ft Bed / Wardrobe / Vanity Table
 • Refrigerator / Microwave / Washing Machine
 • Living Room Sofa Set / Dining Table

💰 Rent: 9,000 THB / month
🔐 Deposit: 10,000 THB
📦 Move-in Cost: 19,000 THB
📝 Minimum Contract: 1 Year
🏡 Ready to move in: August 1st, 2025

                         🔹🔹🔹🔹🔹🔹

🏠 全新房屋出租 | 清迈Sankhampang–Maejo（Ban Thung Khao Tok）

3间卧室 | 2间浴室 | 1间厨房，家具齐全，拎包入住
📍 距离7-11不到1公里
📍 距离Maejo大学仅10公里

✅ 房屋设施：
 • 空调 1 台
 • 热水器 2 台
 • 燃气灶 1 套
 • 55寸电视 + 电视柜
 • 6尺大床 / 衣柜 / 梳妆台
 • 冰箱 / 微波炉 / 洗衣机
 • 客厅沙发 / 餐桌

💰 租金：每月 9,000 泰铢
🔐 押金：10,000 泰铢
📦 入住总费用：19,000 泰铢
📝 合同期限：至少1年
🏡 可入住日期：2025年8月1日
___________________
☎️  สนใจติดต่อ : Please contactus✍️.....

       DM,. Tel/Line : [hidden information]
____________________"
https://www.facebook.com/marketplace/item/1103518741862195/,"2 ห้องนอน 1 ห้องน้ำ - บ้าน
ราคา: ฿1,590,000 | ขาย
บ้านผ่อนตรงลูกค้าที่เครดิตไม่ดียินดีให้คำปรึกษาครับ
เนื้อที่ 32 ตารางวา 2 นอน 1 น้ำ 1 โรงรถ 1 โรงครัวบ้านผ่อนตรงยื่นกู้ไม่ผ่านติดต่อได้ครับ
รับปรึกษาครับ ไม่เช็คบูโรนัดดูบ้านได้ครับ 
ราคา 1.59 ลบ.พร้อมโอนครับ

นัดดูบ้าน [hidden information] ต้นครับ"
https://www.facebook.com/marketplace/item/1104896811241998/,"4 ห้องนอน 4 ห้องน้ำ - บ้าน
ราคา: ฿5,590,000 | ขาย
🏡 บ้านเดี่ยว 2 ชั้นสไตล์โมเดิร์น – หนองจ๊อม สันทราย เชียงใหม่
บ้านสวย ดีไซน์รูปตัว L โอบล้อมด้วยสวนหย่อมกลางบ้าน บรรยากาศโปร่งโล่ง อยู่สบาย 🌿

💰 ราคาเพียง 5,590,000 บาท

📐 รายละเอียดบ้าน
 • พื้นที่ใช้สอย 226 ตร.ม.
 • ที่ดิน 1 งาน 10 ตร.ว.
 • 4 ห้องนอน (มีห้องนอนชั้นล่าง)
 • 4 ห้องน้ำ
 • 1 ห้องครัว
 • 1 ห้องรับแขก
 • 1 ห้องโถงชั้นล่าง
 • ที่จอดรถ 2–4 คัน 🚗

✨ โปรโมชั่น & ของแถมสุดคุ้ม
✅ ฟรี! ค่าธรรมเนียมการโอน
✅ ฟรี! มุ้งลวดทั้งหลัง
✅ ฟรี! ฮูดดูดควัน
✅ ฟรี! ต่อเติมเคาน์เตอร์ครัว
✅ ฟรี! ปั๊มน้ำฮิตาชิ + ถังสำรองน้ำ 1,000 ลิตร
✅ ฟรี! มิเตอร์น้ำ – ไฟฟ้า
✅ ฟรี! ปูกระเบื้องโรงรถ + รอบบ้าน
✅ ฟรี! ปูสนามหญ้า + ปลูกต้นไม้ 🌳

📍ทำเลดี พิกัด ต.หนองจ๊อม อ.สันทราย จ.เชียงใหม่

📞 สนใจติดต่อ
โทร: [hidden information]
LINE: Luilian

⸻

🔖 #บ้านเดี่ยวเชียงใหม่ #บ้านสันทราย #บ้านใหม่เชียงใหม่ #บ้านสไตล์โมเดิร์น #บ้านใกล้เมืองเชียงใหม่ #บ้านสร้างใหม่ #บ้านเชียงใหม่ #บ้านหรูเชียงใหม่ #บ้านสวยเชียงใหม่ #บ้านหนองจ๊อม #บ้านพร้อมอยู่เชียงใหม่ #ลงทุนอสังหาเชียงใหม่"
https://www.facebook.com/marketplace/item/1105041291806292/,"2 ห้องนอน 1 ห้องน้ำ - บ้าน
ราคา: ฿990,000 | ขาย
2 ห้องนอน 1 ห้องน้ำ - บ้าน

บ้านต้นตัน, ทางหลวงชนบท ชม. 4032, แม่ก๊า, สันป่าตอง, เชียงใหม่ 50120, ประเทศไทย

ขายบ้านพร้อมที่ดินทำเลดี เนื้อที่ตามโฉนด 184 ตารางวา พร้อมบ้านสองชั้น ครึ่งตึกครึ่งไม้ จำนวน 2 ห้องนอน 1 ห้องน้ำ ติดถนน รพช ค้าขายได้ ขายตามสภาพ ไม่ไกลเมือง ระยะทางประมาณ 45 กม จากตัวเมือง  พิกัดบ้านต้นตัน ต.แม่ก๊ะ อ.สันป่าตอง จ.เชียงใหม่ เดินทางเข้า-ออก สะดวก ได้หลายทาง ขายเงินสดราคา 990,000 บาท สอบถามเพิ่มเติมโทรหรือแอดไลน์ 081-0291600 แจง

** เครด้ตดีขอสินเชื่อ เงินเหลือ 500,000++ **

**เจ้าของขายเอง ไม่รับนายหน้า**


พิกัด  https://maps.app.goo.gl/jfeirNuNc5hwFZb96"
https://www.facebook.com/marketplace/item/1105237381241355/,"2 ห้องนอน 2 ห้องน้ำ - บ้าน
ราคา: ฿10,000/เดือน | ขาย
🏡ให้เช่า บ้าน โซนสันกำแพง ใกล้ตลาดสดรุ่งเรือง
เดือนละ 10,000 บาท สัญญา 3 ปี
✅พร้อมอยู่  ❌ไม่รับสัตว์เลี้ยง

ประกัน 2 เดือน ล่วงหน้า 1 เดือน

รายละเอียด :
🛏 2 ห้องนอน 
🛁 2 ห้องน้ำ
🛋 1 ห้องนั่งเล่น
🚗 สามารถจอดรถได้ 1 คัน

รายละเอียดเพิ่มเติม :
✨ โซฟา
✨ แอร์
✨ ไมโครเวฟ
✨ ซิงค์ล้างจาน
✨ เตียงนอน
✨ ตู้เย็น
✨ ตู้เสื้อผ้า

📍สถานที่ใกล้เคียง :
🚩 วัดป่าตึง
🚩 โรงพยาบาลแม่ออน
🚩 เซ็นทรัล เชียงใหม่
🚩 สถานีรถไฟ
🚩 วิทยาลัยเทคนิคสันกำแพง

🏡 House for rent in San Kamphaeng, near Rung Ruang Fresh Market
11,000 baht per month, 3-year contract
✅ Ready to move in ❌ No pets allowed

2-month security deposit, 1 month advance payment

Details:
🛏 2 bedrooms
🛁 2 bathrooms
🛋 1 living room
🚗 Parking for 1 car

Additional details:
✨ Sofa
✨ Air conditioner
✨ Microwave
✨ Sink
✨ Bed
✨ Refrigerator
✨ Wardrobe

📍Nearby places:
🚩 Wat Pa Tung
🚩 Mae On Hospital
🚩 Central Chiang Mai
🚩 Train station
🚩 San Kamphaeng Technical College

Code : R2991
🚨บริษัท ที่ดีดี จำกัด | รับซื้อ | ขาย | เช่า
🚨จัดหาบ้าน,คอนโด ตามงบประมาณ
🚨รับทำ TM30 แจ้งต่างชาติเข้าพัก
🚨ดูแลตลอดสัญญาเช่า

📌นัดชมได้ทุกวัน | รับ CO-AGENT
Line : @teedd (มี@)
Tel : [hidden information]

#บ้าน #บ้านเช่า #บ้านเช่าเชียงใหม่
#คอนโด #เช่าคอนโด #คอนโดให้เช่า"
https://www.facebook.com/marketplace/item/1105264881721677/,"3 ห้องนอน 2 ห้องน้ำ - บ้าน
ราคา: ฿2,350,000 | ขาย
🏠บ้านเดี่ยว🏠
📌📌ทำเลหางดง จ.เชียงใหม่

🍀🍀พร้อมเข้าอยู่ได้เลย❗❗
💥ราคาเพียง 2.35 ล้านบาท💥
👉 ( ฟรีโอน )👈

🔺ใกล้ตลาดหางดง 
🔺บิ๊กซีหางดง 2 
🔺ที่ว่าการอำเภอหางดง 🔺เดินทางเข้าเมืองสะดวก ถนนกว้าง 
🔺ใกล้ศูนย์หัตถกรรมบ้านถวาย

🍁รายละเอียดบ้าน🍁
- 3 ห้องนอน 
- 2 ห้องน้ำ
- จอดรถได้ 2 คัน

📐ที่ดินเริ่มต้น  65 ตร.ว.

🎁ของแถมพิเศษ🎁
✅ มิเตอร์น้ำ 
✅ มิเตอร์ไฟ
✅ เครื่องทำน้ำอุ่น
✅ ฟรีโอน
✅ มุ้งลวด
✅ สนามหญ้า
✅ เคาน์เตอร์ครัวพร้อมซิงค์

📣📣บริการดูแลยื่นสินเชื่อครบวงจร ฟรี!
📢📢ช่วยดันทุกเคส ดูแลตั้งแต่ต้นจนถึงวันโอน

📣📣สนใจติดต่อสอบถามหรือดูบ้านจริงทักแชทมานะคะ 😊

#บ้านเชียงใหม่ #บ้านเชียงใหม่ราคาดี  #ขายบ้านเชียงใหม่ #บ้านใหม่เชียงใหม่ #บ้านสวยเชียงใหม่ #บ้านสันทรายหลวงเชียงใหม่ #บ้านเชียงใหม่พร้อมโอน #บ้านเดี่ยวหางดงเชียงใหม่"
https://www.facebook.com/marketplace/item/1105299614803979/,"1 ห้องนอน · 1 ห้องน้ำ
ราคา: ฿13,500/เดือน | ขาย
🏙️ Supalai Monte 1 Chiang Mai by Supalai 🌿

📍 Super convenient location!
Just a few steps to Central Festival Chiang Mai 🛍️ and only 1 minute to 7-Eleven 🏪

✨ Ready to move in now!

💰 Rental rate: 13,500 THB/month (1-year contract only)
📦 Deposit: 2 months + 1 month in advance
✅ Monthly fee & Wi-Fi included!

🏢 18th Floor | 46 sq.m. | Pool View | North Side
🚫 No pets allowed

🛋️ Room details:
 • Fully furnished & ready to move in 🏡
 • 1 Bedroom 🛏️ / 1 Living room 🛋️ / 1 Bathroom 🚿 / 1 Kitchen 🍳
 • King-size bed & all furniture shown in photos
 • Free Wi-Fi included! 📶

🧺 Appliances & furniture:
Wi-Fi • TV • Refrigerator • Sofa • Bedside cabinet • Wardrobe • Shoe cabinet • Dining table • Coffee table • Washing machine • Microwave • Water heater • 2 Air conditioners • Cooking area • Vacuum • Cooker • Iron • Hair dryer • Kitchenware

🏊 Facilities:
 • Swimming pool
 • Fitness center 💪
 • Co-working space 💻
 • Organic vegetable garden 🥬
 • EV charger ⚡
 • Coin washing machines
 • 24-hour security & CCTV 🔒"
https://www.facebook.com/marketplace/item/1105805757790469/,"3 ห้องนอน 3 ห้องน้ำ - บ้าน
ราคา: ฿3,650,000 | ขาย
3 ห้องนอน 3 ห้องน้ำ - บ้าน

แม่เหียะ, เทศบาลนครเชียงใหม่, จังหวัดเชียงใหม่ 50100

🏠ขายบ้าน 2 ชั้น หมู่บ้านดิเออบาน่า2
🚩เนื้อที่36.80ตรว (หันหน้าไปทางทิศเหนือ) บ้านเลขที่333/90
🛌3นอน 
🛀3ห้องน้ำ
🚗2คัน
📌พร้อมเฟอร์นิเจอร์ แอร์ น้ำอุ่น 
❤️หิ้วกระเป๋าเข้าอยู่ได้เลย

✳️ราคาขาย 3,650,000 บาท✅
           
                🌸โอนฟรี🌸

(เจ้าของขายเอง)


✅ใกล้บิ๊กซี  6 นาที
✅แม็คโคร 7 นาที
✅โลตัส  5 นาที
✅โรบินสัน  7นาที
✅สนามบิน  9. นาที
✅เดินทางสะดวก เข้า/ออกได้หลายทาง
✅เป็นเขตอำเภอเมืองเชียงใหม่￼ 
✅หมู่บ้านมี สโมสร คลับเฮ้าส์ สระว่ายน้ำ
✅มี รปภ. รักษาความปลอดภัยตลอด 24 ชั่วโมง￼

👩‍💻สนใจเยี่ยมชมบ้าน กรุณานัดล่วงหน้า1วัน

☎️083-6153295 ไก่
Line:098-7846116

👩‍💻ดำเนินการด้านสินเชื่อให้ครบจบที่เดียว

🍀รายละเอียดทรัพย์อื่นๆที่น่าสนใจเพิ่มเติม
ได้ที่👇👇
https://www.facebook.com/share/16Z3E7AMUx/?mibextid=wwXIfr

🌸🌸🌸🌸🌸🌸🌸🌸🌸🌸🌸🚩🪴👇

3 Bedrooms, 3 Bathrooms - House

Mae Hia, Chiang Mai Municipality, Chiang Mai Province 50100

🏠 2-story house for sale in The Urbana 2 Village
🛌 3 bedrooms
🛀 3 bathrooms
🚗 2 cars
📌 Fully furnished, air-conditioned, ready to move in
❤️ Ready to move in today

🎉 Selling price: 3,650,000 baht, transfer fee 50/50, negotiable

✅ For sale by owner
✅ Near Big C, Mac, Lotus, Robinson, LeoCro
✅ Convenient access via multiple routes
✅ Located in Muang Chiang Mai District
✅ The village has a clubhouse, swimming pool
✅ 24-hour security guards
👩‍💻 Interested in even a house? Make an appointment 1 day in advance.

☎️083-6153295 Kai
Line: 098-7846116

👩‍💻 Complete loan processing in one place

🍀For more details on other properties,
visit 👇👇
https://www.facebook.com/share/16Z3E7AMUx/?mibextid=wwXIfrจ"
https://www.facebook.com/marketplace/item/1106147611426542/,"3 ห้องนอน 3 ห้องน้ำ - บ้าน
ราคา: ฿2,190,000 | ขาย
🏡ขายบ้านเดี่ยวสร้างใหม่ใหญ่มาก พร้อมอยู่
 โซนท่ารั้ว-สันปูเลย ทำเลใก้ลเมือง ใกล้เซ็นทรัลเฟสติวัล🎉🎊🏦 ราคา  2.15-2.19ล้าน 

🛏️ 3ห้องนอน 3ห้องน้ำ 1ห้องครัว 2ที่จอดรถ
เนื้อที่ 53ตารางวา🔰 พื้นที่ใช้สอยเริ่มต้น 130ตรม.
💚 เครื่องทำน้ำอุ่น3เครื่อง
🎁ฟรีของแถม🎁
✅ ค่าโอนกรรมสิทธิ์
✅ ฝักบัวเรนเชาเวอร์ 2 ตัว
✅ ฉนวนกันความร้อนใต้หลังคา
✅ วางระบบท่อกำจัดปลวก
✅ มิเตอร์ไฟ
✅ ปั้มน้ำและถังเก็บน้ำ 1,000 ลิตร
✅ ฟุตบาทรอบบ้าน
✅ ปลุกหญ้ารอบบ้าน
✅ เคาน์เตอร์ครัวพร้อมบานซิงค์บานแก๊ส และอ่างล้าง🍀 
🍀 แอร์12000BTU 2ตัว
📑🖋ทางเราบริการดำเนินเอกสารและสินเชื่อให้ฟรี
🏡ปรึกษาสอบถามรายละเอียดเพิ่มเติมและเยี่ยมชมบ้านโครงการ😊
📲 โทร [hidden information]
        ID line. Pong4673


#บ้านเชียงใหม่ #บ้านพร้อมอยู่เชียงใหม่ #บ้านต่ำกว่าราคาประเมิน #บ้านใหม่ #บ้านมือหนึ่ง #ผ่อนถูกกว่าเช่า #บ้านใก้ลเมือง #บ้านนอกโครงการ #บ้านราคาถูก #ท่ารั้ว #สันปูเลย #บ้านเดี่ยวเชียงใหม่ #รีวิวบ้าน #บ้านเชียงใหม่ราคาถูก #บ้านใกล้ฉัน"
https://www.facebook.com/marketplace/item/1106868207991761/,"บ้าน 4 ห้องนอน 5 ห้องน้ำ
ราคา: ฿8,900,000 | ขาย
บ้านหลังนี้พร้อมอยู่แบบลงตัวมากก มีทั้งระบบโซล่าเซลล์ใช้ไฟฟรีๆ มีกล้องวงจรปิดรอบบ้าน แถมผ่อนคลายด้วยสระว่ายน้ำ ไม่ต้องทำอะไรเพิ่มเติมแล้ว พร้อมเข้าอยู่ได้เลยครับ ❤️

พูลวิลล่าหรู 2 ชั้น พร้อมสระว่ายน้ำส่วนตัว ✨ บนถนนสันกำแพงสายใหม่ - แม่ออน เดินทางสะดวก ใกล้เมืองเชียงใหม่เพียง 15 นาที ✨

📍 บ้านอยู่ในหมู่บ้านจัดสรร มีระบบรักษาความปลอดภัย 24 ชม.
ใกล้ 7-11, ตลาด, โลตัส, โรงเรียนนานาชาติ และสิ่งอำนวยความสะดวกครบครัน
สนามบินเชียงใหม่ใช้เวลาเดินทางเพียง 15-20 นาที

🏠 รายละเอียดบ้าน

- ขนาดที่ดิน: 112.5 ตร.วา
- พื้นที่ใช้สอย: มากกว่า 330 ตร.ม. (มีการต่อเติมเพิ่ม)
- บ้าน 2 ชั้น
- 4 ห้องนอน
- 5 ห้องน้ำ
- 1 ห้องแม่บ้าน (แยกออกจากตัวบ้าน)
- เฟอร์นิเจอร์ครบ พร้อมเข้าอยู่
- ครัวฝรั่งบิวท์อิน + บิวท์อินทั้งหลัง
- สวนร่มรื่นรอบบ้าน
- สระว่ายน้ำระบบน้ำแร่ (เกลือสีชมพู) ขนาด 3.5 x 10.5 เมตร
- บ้านหันหน้าทิศตะวันตกเฉียงใต้
- ค่าส่วนกลางปีละ 15,000 บาท
- ติดตั้งโซล่าเซลล์ 10 แอมป์ ช่วยประหยัดค่าไฟ
- มีกล้องวงจรปิดรอบบ้าน 7 ตัว
- รองรับระบบรักษาความปลอดภัย Secom (สามารถเปิดใช้งานได้โดยสมัครรายเดือนเอง ไม่มีค่าใช้จ่ายหากไม่ใช้บริการ)

ราคา 8.9 ล้านบาท ลดจาก10.9ล  ตั้งขายต่ำกว่าราคาประเมิน 
ราคาประเมิน อยู่ที่11 ล้าน

📞 สนใจนัดชมบ้าน / สอบถามรายละเอียดเพิ่มเติม
โทร/ไลน์ : [hidden information]

#ขายบ้านเชียงใหม่ #poolvillachiangmai"
https://www.facebook.com/marketplace/item/1107046421510637/,"3 ห้องนอน 2 ห้องน้ำ - บ้าน
ราคา: ฿1,990,000 | ขาย
#Ba324
🏡 บ้านเดี่ยวชั้นเดียว ราคาถูก สุดคุ้มมากๆๆ

📍พิกัด ต.ป่าลาน อ.ดอยสะเก็ด จ.เชียงใหม่ 

☘️พท.ใช้สอย 120 ตรม. ☘️ 
☘️เนื้อที่ 62.2 ตรว. 

💥💥💸ราคา 1,990,000 ล้าน💸💥💥
    

🌼3 ห้องนอน
🌼2 ห้องน้ำ
🌼1 ที่จอดรถ
🌼1 ห้องรับแขก
🌼1 ครัว
🌼 ดาดฟ้า

จองภายในเดือนนี้ รับของแถมแบบจุกๆ
✅ ฟรีค่าโอนกรรมสิทธิ์
✅ แอร์ 1 เครื่อง
✅ เครื่องทำน้ำอุ่น 2 เครื่อง
✅ มุ้งลวด
✅ ผ้าม่าน
✅ กริ่งหน้าบ้าน
✅ ปั๊มน้ำ-แท้งค์น้ำ
✅ มิเตอร์ไฟฟ้า 
✅ มิเตอร์ ประปา 
✅ สนามหญ้ารอบบ้าน
✅ ไม่มีค่าส่วนกลาง
🏡 บรรยากาศดี เงียบสงบ เดินทางสะดวก 

🎉สถานที่ใกล้เคียง🎉
🚗ตลาดแม่คือ 7 นาที
🚗ตลาดท่ารั้ว 10 นาที
🚗ทางหลวงแผ่นดิน 118  เชียงใหม่-เชียงราย 10 นาที.
🚗เซ็นทรัลเฟสติวัล 20 นาที
🚗สนามบินเชียงใหม่ 30 นาที
🚗ดำเนินการสินเชื่อให้ทั้งหมด

สนใจติดต่อ
📲[hidden information]
Line 🆔 tdainoii"
https://www.facebook.com/marketplace/item/1107084398069847/,"4 ห้องนอน · 4 ห้องน้ำ
ราคา: ฿30,000/เดือน | ขาย
✨ House near International School – Saraphi ✨💙💙
📍 Usable area: 230 sq.m. | 4 Bedrooms, 4 Bathrooms
💰 Rent: 30,000 THB/month
⏳ 1-year contract | 2 months deposit + 1 month advance
❌ No pets allowed

✨ บ้านใกล้โรงเรียนนานาชาติ - สารภี ✨
📍 พื้นที่ใช้สอย 230 ตร.ม. | 4 ห้องนอน 4 ห้องน้ำ
💰 ค่าเช่า 30,000 บาท/เดือน
⏳ สัญญารายปี | มัดจำ 2 เดือน + ล่วงหน้า 1 เดือน
❌ ไม่อนุญาตรับสัตว์เลี้ยง
📲[hidden information]โอเล่ค่ะ💙💙"
https://www.facebook.com/marketplace/item/1107458391574679/,"บ้าน 3 ห้องนอน 3 ห้องน้ำ
ราคา: ฿2,600,000 | ขาย
🏠บ้านเดี่ยว 2 ชั้น Sาคาดีเพียง 2.6 ล้านบาท 
📍เดินทางเพียง 15 นาที ถึงเซ็นทรัลเฟสติวัล
หลังนี้จองเพียง 1,999 บาทเท่านั้น!!!

🏠บ้าน 3 ห้องนอน 3 ห้องน้ำ จอดรถได้ 2 คัน
🏠ขนาดที่ดิน 52-78 ตร.ว. พื้นที่ใช้สอย 155 ตร.ม.

✅รับประกันโครงสร้าง 5 ปี
✅ถนนโครงการกว้าง 8 เมตร
✅หลังคากระเบื้องSCG prestige 
✅ชั้น 2 กระบื้อง SPC ทั้งชั้น 
✅โรงรถกันสาดคลุมด้านหน้า มีรางริน
✅ซักล้างหลังบ้านปูกระเบื้อง และมีกันสาดคลุม 
✅มุ้งลวดหน้าต่างทั้งหลัง
✅เครื่องปรับอากาศ 12,000 BTU
✅โคมไฟระย้า
และของแถมอื่น ๆ อีกมากมาย

#แหล่งอำนวยความสะดวก
🚘 5 นาที จากตลาดแม่คือ (เขตดอยสะเก็ด) 
🚘 5 นาที จากแยกบ่อสร้าง (สันกำแพง)
🚘 15 นาที จากเซ็นทรัลเฟสติวัล 
🚘 20 นาที จากสนามบินเชียงใหม่
💌ปรึกษาสินเชื่อฟรีดูแลทุกขั้นตอน ตั้งแต่เลือกบ้านยันโอน💌
-----------------------------------------------
💖 ติดต่อ [hidden information] ตาลฝ่ายขายค่ะ 💖
☎️ [hidden information] (คุณกอล์ฟ)"
https://www.facebook.com/marketplace/item/1107568011557682/,"3 ห้องนอน 3 ห้องน้ำ - บ้าน
ราคา: ฿2,990,000 | ขาย
✅ขายบ้านในโครงการ หางดง 65 ตรว.
✅3 ห้องนอน 3 ห้องน้ำ
💸2.99 ล้านบาทเท่านั้น !!! 💸
ลดราคาพิเศษ บ้านโครงการหางดง
ราคานี้ไม่มีอีกแล้ว ถูกที่สุดในย่านหางดง
 
🌼พื้นที่ใช้สอย 190 ตารางเมตร หมู่บ้านสงบ สะอาด มีความปลอดภัย 24 ชั่วโมง
ทำเลดี ใกล้สิ่งอำนวยความสะดวกมากมาย
📍ตลาดหางดง
📍บิ๊กซี
📍โรงพยาบาล
📍กาดฝรั่ง
✅เข้าเมืองง่าย 10นาทีเท่านั้น

ติดต่อนัดชมบ้าน📲[hidden information]
🙏นัดหมายล่วงหน้า 1 วัน
#เปิดการมองเห็น"
https://www.facebook.com/marketplace/item/1107575534859526/,"2 ห้องนอน 2 ห้องน้ำ - บ้าน
ราคา: ฿1,650,000 | ขาย
🏠 บ้านใหม่ สันปูเลย ท่ารั้ว เพียง 3 หลัง สุดท้าย
💸ราคา 1,650,000 บาท
🌲 ที่ดิน 35 ตารางวา
✅️ 2นอน 2น้ำ 1ครัว  1โรงรถจอดรถได้1คัน
✅️ พื้นที่ใช้สอย 90 ตรม.
     
👉วางเงินจองเพียง 5,000 บาทเท่านั้น

📌ของแถม🆓️🆓️
🆓️ค่าโอนบ้าน
🆓️วางท่อกำจัดปลวก
🆓️เรนชาวเวอร์
🆓️มิเตอร์น้ำ 
🆓️มิเตอร์ไฟ
🆓️เคาร์เตอร์ครัว 
🆓️ปลูกสนามหญ้า
🆓️แท้งน้ำ 1000 ลิตร พร้อมปั้ม
❤️❤️🌸 พร้อมบริการทางด้านสินเชื่อให้ฟรี!!!
📲 สนใจนัดชมบ้านได้ทุกวัน 📲
☎️ ติดต่อ คุณต้อยติ่ง [hidden information]  , [hidden information]
Line ID= toiting9542 
#ขายบ้านเชียงใหม่ #อสังหาเชียงใหม่"
https://www.facebook.com/marketplace/item/1107731021287481/,"3 ห้องนอน 3 ห้องน้ำ - บ้าน
ราคา: ฿35,000/เดือน | ขาย
🏡ให้เช่า บ้าน โซนสันผีเสื้อ ใกล้รวมโชคมอลล์
เดือนละ 35,000 บาท สัญญา 1 ปี
✅พร้อมอยู่   ❌ไม่รับสัตว์เลี้ยง

ประกัน 2 เดือน ล่วงหน้า 1 เดือน

📏 ขนาด 65 ตร.ว.

รายละเอียด :
🛏 3 ห้องนอน 
🛁 3 ห้องน้ำ
🛋 1 ห้องนั่งเล่น
🍳 1 ห้องครัว
🚗 สามารถจอดรถได้ 2 คัน

รายละเอียดเพิ่มเติม :
✨ เฟอร์นิเจอร์
✨ smart TV 
✨ ตู้เย็น
✨ เครื่องซักผ้า
✨ แอร์ 
✨ เครื่องทำน้ำอุ่น
✨ ไมโครเวฟ

📍สถานที่ใกล้เคียง :
🚩 วัดบ้านท่อ
🚩 ตลาดสดวัดบ้านท่อ
🚩 มหาวิทยาลัยราชภัฏเชียงใหม่
🚩 เซ็นทรัล เชียงใหม่
🚩 สถานีขนส่งผู้โดยสารจังหวัดเชียงใหม่แห่งที่ 1 (สถานีขนส่งช้างเผือก)

🏡 House for rent in San Phisuea area, near Ruamchok Mall
35,000 baht per month, 1-year contract
✅ Ready to move in ❌ No pets allowed

2-month security deposit, 1 month advance payment

📏 Size: 65 sq m

Details:
🛏 3 bedrooms
🛁 3 bathrooms
🛋 1 living room
🍳 1 kitchen
🚗 Parking for 2 cars

Additional details:
✨ Furnished
✨ Smart TV
✨ Refrigerator
✨ Washing machine
✨ Air conditioner
✨ Water heater
✨ Microwave

📍Nearby places:
🚩 Wat Ban Tho
🚩 Wat Ban Tho Fresh Market
🚩 Chiang Mai Rajabhat University
🚩 CentralPlaza Chiang Mai
🚩 Chiang Mai Bus Terminal 1 (Chang Phueak Bus Terminal)

Code : R2891
🚨บริษัท ที่ดีดี จำกัด | รับซื้อ | ขาย | เช่า
🚨จัดหาบ้าน,คอนโด ตามงบประมาณ
🚨รับทำ TM30 แจ้งต่างชาติเข้าพัก
🚨ดูแลตลอดสัญญาเช่า

📌นัดชมได้ทุกวัน | รับ CO-AGENT
Line : @teedd (มี@)
Tel : [hidden information]

#บ้าน #บ้านเช่า #บ้านเช่าเชียงใหม่
#คอนโด #เช่าคอนโด #คอนโดให้เช่า"
https://www.facebook.com/marketplace/item/1107924814197609/,"3 ห้องนอน 2 ห้องน้ำ - บ้าน
ราคา: ฿1,590,000 | ขาย
เพียง 1.59 ล.ด่วน‼️ลดจาก 1.99 ล้าน
#ตัดVายด่วนๆมาก...#บ้านเดี่ยวหลังมหาลัยแม่โจ้ใกล้เทศบาลเพียง3นาที
เนื้อที่ 75 ตรว.3 นอน 2 น้ำ 2 ที่จอดรถ
เดินทางง่ายๆ ไปมหาลัยแม่โจ้ 10 นาที"
https://www.facebook.com/marketplace/item/1108421114751906/,"3 ห้องนอน 3 ห้องน้ำ - บ้าน
ราคา: ฿3,690,000 | ขาย
3 ห้องนอน 3 ห้องน้ำ - บ้าน

อรสิริน, สันปูเลย, หมู่ที่ 10 เชียงใหม่ 50220, ประเทศไทย

ขายบ้านโครงการ อรสิริน3
แยกหลุยส์ ถนนวงแหวนรอบ 3 
ทำเลบ้านหน้าโครงการ ใกล้ป้อมยาม รปภ 24 ชม

บ้าน 2 ชั้น(พร้อมส่วนต่อเติม)
พื้นที่บ้าน 54.20 ตรว. 
พื้นที่ใช้สอย 155 ตรม.
 3️⃣ห้องนอน
 3️⃣ห้องน้ำ 
 1️⃣ห้องนั่งเล่น
 1️⃣ห้องทำงาน 
 1️⃣ห้องครัวใน  
 1️⃣ครัวนอก
 2️⃣ที่จอดรถ
💸ราคา 3,690,000.-บาท 💸
ค่าส่วนกลาง 850.-บาท/เดือน 
พิเศษ 
 - ฟรีโอน
 - ฟรีค่าส่วนกลาง ถึง ธันวาคม 2568

สิ่งอำนวยความสะดวก

 - 🏊‍♂️คลับเฮ้าส์ ว่ายน้ำ ฟิตเนต🏊‍♂️
 - 🏪ระบบรักษาความปลอดภัย รปภ.24 ชม🏪
 - 🔭กล้องวงจรปิดในโครงการ🔭

สถานที่ใกล้เคียง
 -🏪เซเว่น อีเลฟเว่น 600 ม🏪
 -⛽️ ปั๊มน้ำมันคาลเท็กซ์ 500 ม⛽️
 - 🏥โรงพยาบาลกรุงเทพ 12 กม🏥
 - 🥩ตลาดสดท่ารั่ว 2.5 กม.🥩
 - 🏫มหาวิทยาลัยพายัพ 9 กม.🏫
 - 🏙เซ็นทรัลเฟสติวัล เชียงใหม่ 10 กม.🏙

📍📍สนใจนัดชมบ้านได้คะ*******
📲Tel : [hidden information]
🆔Line : [hidden information]"
https://www.facebook.com/marketplace/item/1108763454185522/,"3 ห้องนอน 2 ห้องน้ำ - บ้าน
ราคา: ฿275 | ขาย
#บ้านใกล้เมืองแถมเฟอร์ ใกล้แยกพืชสวนโลก ใกล้เมืองสุดๆเจ้า￼ 
โปรเดือนกันยา ลดทันที 100,000บาท !!!

บ้านท้าวผายูสันผักหวานหลังหมู่บ้านขวัญเวียงนี้เองค่ะ ใกล้ถนนวงแหวนรอบ3 

📍ทำเลดีใกล้เมือง เดินทางไปไหนๆก็สะดวกสุดๆ เข้าออกได้หลายเส้นทาง น้ำไม่ท่วมนะคะ 
￼
ขายราคา 2.85 ล้านบาท เหลือเพียง 2.75 ลบ.เท่านั้น
ที่ดิน 65 ตรว. พื้นที่ใช้สอย130ตรม.
บ้าน 3 ห้องนอน 2 ห้องน้ำ 2 จอดรถสนามหญ้ากว้างๆค่ะ

🎉จองบ้านเดือนกันยายนนี้ ลดทันที1แสนค่ะ และรับของแถมแบบจุกๆเลยเจ้า
1. โซฟาห้องรับแขก 1 ชุด 
2. ชุดที่นอนเตียง 1 ชุด
3. ตู้เสื้อผ้าโต๊ะเครื่องแป้ง 1 ชุด￼ 
4. แถม แอร์12,000btu 1 ตัว
5. ผ้าม่านทั้งหลัง
6. มิเตอร์น้ำ มิเตอร์ไฟ
7. มุ้งลวด ทั้งหลัง
8. เคาเตอร์ครัว
9. ปูสนามหญ้าตามโครงการ
10. ฉนวนกันความร้อน
11. ระบบกำจัดปลวก
12.ชุดปั้มน้ำ 1 ชุด
13. รับประกันงานช่างและโครงสร้า 1 ปี

📲สนใจนัดชมทำเลดูก่อนได้นะคะ 
ทักแชทสอบถามข้อมูลเพิ่มเติมได้นะเจ้า🙏🏻"
https://www.facebook.com/marketplace/item/1109601861126506/,"อพาร์ทเมนท์ 1 ห้องนอน 1 ห้องน้ำ
ราคา: ฿12,000/เดือน | ขาย
v English below v
คอนโดใจกลางเมือง ให้เช่าเดือนละ 12,000 บาท ใกล้เซ็นทรัลเฟสติวัล No.6C377
清迈美丽的 公寓出租 。每月租金 12,000 泰铢，。No.6C377

ศุภาลัย มอนเต้ 2 มี 1 ห้องนอน 1 ห้องน้ำ พื้นที่ 33 ตรม. (ชั้น 20) 
1 卧室， 1 浴室。面积 33 平方米。

สถานที่ใกล้เคียง
-ขนส่งอาเขต
-บิ๊กซีเอ็กซ์ตร้า
-โรงพยาบาลแมคคอร์มิค

เฟอร์นิเจอร์ภายใน
-แอร์ 1 เครื่อง
-เครื่องทำน้ำอุ่น 1 เครื่อง
-เตียงนอน 1
-ตู้เสื้อผ้า 1
-โซฟารับแขก 1
-โต๊ะทานข้าว 1
-ทีวี 1 เครื่อง
-ตู้เย็น 1 เครื่อง
-ไมโครเวฟ 1 เครื่อง
-เครื่องซักผ้า 1 เครื่อง

สัญญาขั้นต่ำ 1 ปี
จ่ายเพียง ประกัน 2 เดือน ล่วงหน้า 1 เดือน ทั้งหมดเพียง จ่าย 3 เดือน เข้าอยู่ได้เลยจร้า
สนใจติดต่อ อิง 0 9 6 - 1 7 1 4 1 9 5
Line ID: 0961714195
(https://line.me/ti/p/E6rdmgI4m9)
WhatsApp: 0961714195
WeChat: baandeedee8
www.baandd-chiangmai.com

Condo for rent in downtown close to CentralFestival, No.6C377
清迈美丽的 公寓出租 。每月租金 12,000 泰铢，。No.6C377

Rental monthly is 12,000 THB For 1 Year contact
Condition 1 month in advance & 2 months deposit

House spec : 1 Bedroom, 1 bathroom, 33 sq.m. 
1 卧室， 1 浴室。面积 33 平方米。

Close to
-Arcade Bus Station
-Big C Extra
-McCormick Hospital

Furniture
-Air conditioner 1
-Hot shower 1
-Bed 1
-Wardrobe 1
-Loungeset 1
-Dining table 1
-Television 1
-Refrigerator 1
-Microwave 1
-Washing machine 1

Contact us for more information : Ing 0 9 6 - 1 7 1 4 1 9 5
Line ID: 0961714195
(https://line.me/ti/p/E6rdmgI4m9)
WhatsApp: 0961714195
WeChat: baandeedee8
www.baandd-chiangmai.com
#คอนโดเช่าเชียงใหม่ #คอนโดให้เช่าเชียงใหม่ #ขายคอนโดเชียงใหม่ #คอนโดขายเชียงใหม่ #เชียงใหม่
#CondoChiangMai #condoinchiangMai #condochiangMai
#ချင်းမိုင်တွင်လုံးချင်းအိမ်ငှားရန်ရှိသည်။"
https://www.facebook.com/marketplace/item/1109972577948039/,"3 ห้องนอน 3 ห้องน้ำ - บ้าน
ราคา: ฿28,000/เดือน | ขาย
🏡 ให้เช่าบ้านเดี่ยว 2 ชั้น (Thanaporn Park Home 4)
📍ทำเลดีเยี่ยม! อยู่หลังหมู่บ้านรั้วติดกันกับ เศรษฐสิริ (โครงการแสนสิริ)
✨ รายละเอียดบ้าน
พื้นที่: 95 ตร.วา | พื้นที่ใช้สอย: 220 ตร.ม.
ฟังก์ชัน: 3 ห้องนอน 🛏️ | 3 ห้องน้ำ 🛁 | 1 ห้องนั่งเล่น | 1 ห้องครัว | จอดรถ 2 คัน 🚗
ความพร้อม: เฟอร์นิเจอร์และเครื่องใช้ไฟฟ้าครบ พร้อมเข้าอยู่!
💰 ราคาเช่า
28,000 บาท/เดือน
สัญญาขั้นต่ำ: 1 ปี
เงื่อนไข: ประกัน 2 เดือน + ล่วงหน้า 1 เดือน
🗺️ สถานที่ใกล้เคียง (เดินทางสะดวก!)
2 กม. 💨: กาดมีโชค, รวมโชคมอลล์, โลตัส
5 กม. 🏫: NIS International School
5 กม. 🛍️: เซ็นทรัลเฟสติวัล (Central Festival)
📞 ติดต่อด่วน
โทร: [hidden information] ""mone""
Line ID: nutpakun1990

🏡 2-Storey Detached House for Rent (Thanaporn Park Home 4)
📍 Prime Location! Same fence with Setthasiri Village (Sansiri Project)
✨ House Details
Area: 95 sq.wah | Usable Space: 220 sq.m.
Layout: 3 Bedrooms 🛏️ | 3 Bathrooms 🛁 | 1 Living Room | 1 Kitchen | 2 Parking Spaces 🚗
Ready-to-Move-In: Fully Furnished with electrical appliances!
💰 Rental Price
28,000 THB/month
Minimum Contract: 1 Year
Terms: 2 Months Deposit + 1 Month Advance
🗺️ Nearby Locations (Easy Commute!)
2 km. 💨: Kad Mee Chok, Ruam Chok Mall, Lotus
5 km. 🏫: NIS International School
5 km. 🛍️: Central Festival
📞 Contact Now
Call: [hidden information] ""mone""
Line ID: nutpakun1990
#HouseForRentChiangMai #บ้านเช่าเชียงใหม่ #บ้านสวยเชียงใหม่"
https://www.facebook.com/marketplace/item/1110731810703865/,"4 ห้องนอน 5 ห้องน้ำ - บ้าน
ราคา: ฿189 | ขาย
ขายบ้านผ่อนตรงโครงการหรู ไม่เช็คบูโร 
I เศรษฐสิริ ย่านรวมโชค 

โครงการใหม่ สไตล์  𝐌𝐨𝐝𝐞𝐫𝐧 𝐂𝐥𝐚𝐬𝐬𝐢𝐜
ขนาด🛌 4 ห้องนอน 🚿5 ห้องน้ำ 🛋️1 ห้องนั่งเล่น 
🚪1 ห้องแม่บ้าน🚗 3 ที่จอดรถ
 ( บ้านหันหน้าทิศตะวันออก)

พื้นที่ใช้สอย 281 ตร.ม. ที่ดินเริ่มต้น 77.10 ตร.ว..
ราคาผ่อนตรง 𝟏𝟖,𝟗𝟎𝟎,𝟎𝟎𝟎 บาท
วางเงินทำสัญญา 𝟐,𝟖𝟑𝟓,𝟎𝟎𝟎 บาท 
ผ่อนงวดละ 𝟏𝟏𝟑,𝟒𝟎𝟎 บาท 
ดอกเบี้ยพิเศษ 𝟒.𝟗𝟓% ต่อปี ผ่อนแบบลดต้นลดดอก 

ทำเลย่านเศรษฐกิจ - ศูนย์ราชการต่างๆ  
- ใกล้เซ็นทรัลเฟสฯ
 - รพ.กรุงเทพฯ 
 - รร.นานาชาติ 
- รวมโชคมอลล์ 
- รร.ปรินส์ฯ
- รร.นานาชาติฯ
#ลูกค้ากู้สินเชื่อไม่ผ่านทางบริษัทมีทางออกให้ลูกค้าทุกเคส 
---------------------------------
รหัสทรัพย์ C0643
บริษัท แอมโฮม เรียล เอสเตท
ให้คำปรึกษาด้านสินเชื่อ แนะนำเอกสารยื่นกู้ และดำเนินการพายื่นกู้ฟรี 
ส่งเอกสารเช็ควงเงิน 1 วันทราบผล

📌สนใจติดต่อ
Line ID : suphatsarakik
หรือโทร [hidden information] (กิ๊กค่ะ)

#รับสร้างบ้านบนที่ดินลูกค้า #บริการยื่นสินเชื่อพร้อมดันเคส 
#เช็ควงเงินก่อนซื้อบ้านฟรี  #รู้ผลเร็ว  
#รับแก้เคสกู้ไม่ผ่านมีทางออกสำหรับคนอยากมีบ้าน  
#นายหน้ามือาชีพขายบ้านคอนโดเชียงใหม่"
https://www.facebook.com/marketplace/item/1110986164436211/,"บ้าน 3 ห้องนอน 3 ห้องน้ำ
ราคา: ฿33,000/เดือน | ขาย
ให้เช่า บ้านเดี่ยว 3 ห้องนอน พร้อมเฟอร์นิเจอร์ ที่ หมู่บ้านสีวลี สันกำแพง
- 7 กม. ถึงเซนทรัลเฟสติวัล เชียงใหม่
- 12 กม. ถึงถ.นิมมาน
- 4 กม. ถึงห้างพรอมเมนาดา
- 12 กม. ถึงสนามบินเชียงใหม่
- 6 กม. ถึงโรงเรียนนานาชาติเชียงใหม่
- 5.5 กม. ถึงโรงเรียนนานาชาติยูนิตี้คอร์นคอร์ด
🔸ข้อมูลเพิ่มเติม
พื้นที่ใช้สอย 148 ตร.ม
ที่ดิน 59.5 ตร.ว
3 ห้องนอน 3 ห้องน้ำ
เฟอร์นิเจอร์ชุด index ทั้งหลัง
ทีวี 55” LED Android LG
โซฟาหนังแท้เข้ามุมตัวแอล index
พัดลมรีโมท ฮาตาริ 18”
ชุดโต๊ะกินข้าวพร้อมเก้าอี้ 4 ตัว index
ตู้เย็น 10.2 คิว samsung
เครื่องซักผ้าฝาหน้า 9 ลิตร Samsung
เตาแก๊ส 2 หัว Mex
ไมโครเวฟ 23 ลิตร electrolux
พร้อมสวนสวย ปลูกไม้มงคล
ไม่อนุญาตให้เลี้ยงสัตว์
ไม่อนุญาตให้สูบบุหรี่
ไม่อนุญาตให้ทำเป็นบริษัทหรือการค้า
ที่จอดรถ
🔸รายละเอียดการเช่า
สัญญาเช่า 1 ปี 33,000 บาท / เดือน
รวมค่าส่วนกลาง
--------------------------------------------------------------------------
Fully furnished New house 3 bedrooms for rent in Sivalee Sankhampang
- 7 km. To Chiangmai Central Festival
- 10 km. To Nimmahemin Road
- 5.5 km. To Unity concorde International school
- 12 km. To Chiangmai International airport
- 6 km. To Chiangmai International School
- 3 km. To Promenada shopping mall
🔸More details
House size 148 sq.m
Land size 59.5 sq.w
3 Bedrooms 3 Bathrooms
All furnitures from “Index”
55” LED Android TV from LG
Geniune Leather Sofa from index
Kitchen table with 4 chairs from index
10.2 cubic meters refrigerator from Samsung
16” remote controlled Fan from Hatari
8 litres Front-loading washing machine from Samsung
2 heade gas stoves from MEX
23 litre Microwave from Electrolux
No pet allowed
Smoking is not allowed
Renting for the business purpose is not allowed
Car park
🔸Rental options
1 year contract : 33,000 THB / Month
Including the common area fee
--------------------------------------------------------------------------
For more information and viewing please contact
Tel : 099 - 2691463 (Mam) // 062-232-9146 (Nack)
Line ID : happymamu
https://line.me/ti/p/3Odn6NM7Mb
We Chat : pawathome
E-mail : [hidden information]
Website : www.pawatproperties.com
#chiangmaihouseforsale #chiangmaicondoforsale #chiangmaicondoforrent #houseinchiangmai #condochiangmai #chiangmairealestate #changmaiproperty #บ้านขายเชียงใหม่ #คอนโดให้เช่าในเชียงใหม่ #ขายคอนโดเชียงใหม่ #บ้านเช่าเชียงใหม่ #นายหน้าเชียงใหม่"
https://www.facebook.com/marketplace/item/1111710571128605/,"4 ห้องนอน 3 ห้องน้ำ - บ้าน
ราคา: ฿4,000,000 | ขาย
บ้าน+ที่ดินราคา4ล้านบาท 4ห้องนอน3ห้องน้ำรวมแอร์และฟอนเจอร์พื้นที่บริเวณหน้าบ้านมีห้องสำหรับเลี้ยงน้องหมาน้องแมวให้ด้วยค่ะ ใครสนใจInboxทักแชท ได้เลยค่ะ"
https://www.facebook.com/marketplace/item/1112164994315793/,"บ้าน 3 ห้องนอน 3 ห้องน้ำ
ราคา: ฿2,650,000 | ขาย
ขายบ้านใหม่2ชั้น 51.5ตรว. ลดเหลือ2.65ลบ. ฟรีโอน 3นอน3น้ำ นิคมลำพูน บ้านแม่ยาก ต.บ้านกลาง อ.เมือง ลำพูน
บ้านเดี่ยวสร้างใหม่2ชั้น 3ห้องนอน 3ห้องน้ำ
หลังสุดท้าย น่าอยู่มากๆ พร้อมเข้าอยู่
ราคาลดเหลือ 2,65ล้านบาท (2,650,000 บาท) ฟรีค่าโอน
พื้นที่ 51.5ตรว.
พื้นที่ใช้สอย 150ตรม.
พิกัด บ้านแม่ยาก ต.บ้านกลาง อ.เมือง ลำพูน
เพียง 500เมตร ใกล้ นิคมฯลำพูนฝั่งตะวันออก
ใกล้ตลาดสันป่าฝ้ายและรพ.หริภุญชัย
รับของแถมกว่า10รายการ
1)มิเตอร์ไฟฟ้า
2)มิเตอร์น้ำ
3)ปั๊มน้ำHitachi 250วัตต์
4)แท้งค์น้ำขนาด1,000ลิตร
5)เครื่องทำน้ำอุ่นห้องนอนใหญ่
6)แอร์มิตซูบิชิ อินเวอร์ดเตอร์ห้องนอนใหญ่
7)เคาร์เตอร์ครัวแบบฝรั่ง
8)เครื่องดูดควัน
9)ปูหญ้ารอบบ้าน
10)ฟรีโอน
11)ระบบไฟฟ้าเข้าบ้านแบบฝังดิน

*** สนใจสอบถาม ***
โทร : 0945735168
Line ID : piyawitnoom
WhatsApp : +66945735168
รหัสประกาศ : 1905241
สนใจ ชมทรัพย์หลากหลาย ได้ในช่องเพจ
Facebook
https://www.facebook.com/kao.estate
Youtube
https://www.youtube.com/channel/UCcjrHinPGq1GwnP_KCpZxwQ"
https://www.facebook.com/marketplace/item/1113582047548725/,"บ้าน 8 ห้องนอน 7 ห้องน้ำ
ราคา: ฿33,500,000 | ขาย
บ้านหรูสไตล์โมเดิร์น 8 ห้องนอน ใกล้พืชสวนโลกเพียง 1 กม. ในโครงการเวิลล์คลับแลนด์ อำเภอหางดง
ทำเลเยี่ยม ห่างสนามบินเพียง 20 นาที
บ้านเดี่ยวขนาดใหญ่ ดีไซน์โมเดิร์น เปิดโล่ง โปร่งสบาย ด้วยกระจกบานใหญ่รอบทิศทาง รับแสงธรรมชาติเต็มที่
สร้างด้วยวัสดุพรีเมียม พร้อมระบบรักษาความปลอดภัยครบวงจร เหมาะสำหรับครอบครัวใหญ่ที่ต้องการความสะดวกสบายและพื้นที่ใช้สอยอย่างแท้จริง

ID: HSHD4452
Line ID: @kumuang
คลิก: https://lin.ee/aZt6O7r

Call / Line / WhatsApp:
093-0429054, 094-714-5355, 062-5465828

ราคา 33,500,000 ล้านบาท (ค่าโอนคนละครึ่ง)

เนื้อที่ดิน 215 ตารางวา

พื้นที่ใช้สอย 900 ตารางเมตร

8 ห้องนอน 7 ห้องน้ำ

ห้องครัวยุโรป และห้องครัวไทย

ห้องแม่บ้านพร้อมห้องน้ำในตัว ห้องเก็บของ

ที่จอดรถได้ 4 คัน พร้อมปลั๊กรองรับรถยนต์ไฟฟ้า

สระว่ายน้ำระบบเกลือ ขนาด 3x14 เมตร พร้อมน้ำตก

บ้านหันหน้าทิศตะวันตกเฉียงเหนือ

จุดเด่นและสิ่งอำนวยความสะดวก

เครื่องปรับอากาศ 20 เครื่อง

สุขภัณฑ์ Toto ทั้งหลัง

ระบบน้ำร้อน-น้ำเย็นทั้งหลัง

กล้องวงจรปิด 12 ตัว

ระบบตรวจจับควัน และระบบตรวจจับการเคลื่อนไหว

แปลนบ้าน
ชั้น 1: 2 ห้องนอน 1 ห้องอเนกประสงค์ 3 ห้องน้ำ ครัวยุโรป ครัวไทย ห้องนั่งเล่นแบบ Double Volume ห้องแม่บ้าน ห้องเก็บของ โซนซักล้าง
ชั้น 2: 5 ห้องนอน 3 ห้องน้ำ
ห้องนอนมาสเตอร์ขนาดใหญ่ แยกห้องแต่งตัวชาย/หญิง พร้อมห้องน้ำขนาดใหญ่และอ่างจากุชชี่

สถานที่ใกล้เคียง

อุทยานหลวงราชพฤกษ์

โรงเรียนนานาชาติเมอริตัน

โรงเรียนนานาชาติลานนา

แมคโคร และบิ๊กซี หางดง"
https://www.facebook.com/marketplace/item/1114227424184639/,"3 ห้องนอน 2 ห้องน้ำ - บ้าน
ราคา: ฿1,900,000 | ขาย
3 ห้องนอน 2 ห้องน้ำ - บ้าน

เทศบาลนครเชียงใหม่, จังหวัดเชียงใหม่

🇹🇭 ขายบ้านสร้างใหม่ สารภี เชียงใหม่ พร้อมอยู่!

🏡 บ้านใหม่สไตล์โมเดิร์น บนพื้นที่ 65 ตร.วา
💰 ราคาเพียง 1.99 ล้านบาท — ค่าโอนคนละครึ่ง
📍 ตั้งอยู่ในชุมชนชางเคิ่ง สารภี เชียงใหม่
✅ พื้นที่น้ำไม่ท่วม / ไม่มีค่าส่วนกลาง / น้ำไฟหลวง

✨ รายละเอียดบ้าน:

• 1 ห้องนอนใหญ่ + ห้องน้ำในตัว พร้อมบิ้วอินตู้เสื้อผ้า
• 2 ห้องนอนเล็ก พร้อมตู้เสื้อผ้าบิ้วอินขนาด 200 ซม.
• 1 ห้องน้ำกลาง ตกแต่งบิ้วอินสวยงาม
• 1 ห้องครัวบิ้วอินครบชุด
• ห้องโถงกว้าง ติดไฟ LED รอบฝ้าเพดาน
• มีสนามหญ้า / ที่จอดรถในร่มและกลางแจ้ง
• แถมตู้เสื้อผ้าไม้สักแบรนด์คุณภาพ
• แถมผ้าม่านทั้งหลัง
• แถมบิ้วอินตู้เก็บรองเท้าที่สามารถนั่งพักผ่อนได้

📞 สนใจติดต่อ: ไอซ์
📱 โทร / Line: [hidden information]
🗓️ นัดชมบ้านได้ทุกวัน
#บ้านเดี่ยว
#น้ำไม่ท่วม
#บ้านมือ1
#ขายบ้านเชียงใหม่
#บ้านคนวัยเกษียณ
#บ้านที่เงียบสงบ
#บ้านที่ดินเชียงใหม่

---

🇬🇧 Newly Built House for Sale – Saraphi, Chiang Mai

🏡 Modern single-story home on 65 sq.wah of land
💰 Only 1.99 million THB — Transfer fee shared 50/50
📍 Located in Chang Koeng, Saraphi, Chiang Mai
✅ Flood-free zone / No common fees / Government utilities

✨ House Features:

• 1 master bedroom with en-suite bathroom and built-in wardrobe
• 2 smaller bedrooms with 200cm built-in wardrobes
• 1 shared bathroom with elegant built-in design
• Fully equipped built-in kitchen
• Spacious living hall with LED ceiling lighting
• Green lawn and both covered & open parking spaces
• Includes premium teak wood wardrobes

📞 Contact: Ice
📱 Call / Line: [hidden information]
🗓️ Available for viewing daily

🏡 现代风格独栋住宅，占地面积 65平方哇
💰 售价仅 199万泰铢 — 过户费用双方各付一半
📍 位于清迈Saraphi区Chang Koeng社区
✅ 不易积水 / 无公共管理费 / 政府供水供电

✨ 房屋特色：

• 1间主卧，带独立卫浴和内嵌衣柜
• 2间次卧，配有200厘米内嵌衣柜
• 1间公共卫浴，装修精美
• 内嵌式厨房设备齐全
• 客厅宽敞，天花板装饰LED灯带
• 草坪环绕，设有室内外停车位
• 赠送优质柚木品牌衣柜

📞 联系人：Ice
📱 电话 / Line: [hidden information]
🗓️ 每天均可预约看房"
https://www.facebook.com/marketplace/item/1114359454007891/,"ราคา: ฿1,690,000 | ขาย
🏡ขาย บ้านเดี่ยว โซนหางดง ✨
💸ราคาเริ่มต้น 1.69  ล้านบาท ฟรีโอน 💰
🌻ขนาดเนื้อที่ 47 ตร.ว. 🌻
✨บ้านเดี่ยวสร้างใหม่ ทำเลดี✨

✨รายละเอียดบ้าน : 
3 ห้องนอน
2 ห้องน้ำ
1 ห้องครัว
1 ห้องรับแขก
1 ที่จอดรถ

📌สถานที่ใกล้เคียง

โรงเรียนการนวดไทยหางดง – Hang Dong Thai Massage School
โรงพยาบาลหางดง – Hang Dong Hospital
ตลาดสดเทศบาลตำบลหางดง – Hang Dong Subdistrict Municipality Fresh Market
มหาวิทยาลัยนอร์ท-เชียงใหม่ – North-Chiang Mai University
กาดฝรั่งวิลเลจ – Kad Farang Village
โรงเรียนบ้านทรายมูล – Ban Sai Mun School

🏡 House for Sale – Single Detached Home in Hang Dong Area ✨
💸 Starting Price: 1.69 million baht – Free Transfer Fee 💰
🌻 Land Size: 47 sq.wah 🌻
✨ Newly Built Single House – Great Location! ✨
🏠 House Details:
🛏️ 3 Bedrooms
🚿 2 Bathrooms
🍽️ 1 Kitchen
🛋️ 1 Living Room
🚗 1 Parking Space
บริษัท ที่ดีดี จำกัด | รับซื้อ | ขาย | เช่า อสังหาริมทรัพย์
•สำหรับนักลงทุน พร้อมหาผู้เช่า
•เช็คบูโร,แก้เคส,ทำเอกสาร,วิเคราะห์สินเชื่อฟรี 
•รับจัดหาบ้าน,ที่ดิน,คอนโด,อสังหาริมทรัพย์

Code : S4315
📌นัดชมได้ทุกวัน | รับ CO-AGENT
Line : @teedd (มี@)
Tel : [hidden information]

#ที่ดีดีเชียงใหม่ #บ้านเช่า
#บ้านเช่าเชียงใหม่ #คอนโดให้เช่าเชียงใหม่  #บ้านเชียงใหม่  #เช่าคอนโดเชียงใหม่  #หอพักเชียงใหม่  #บ้าน
#คอนโด  #Condo"
https://www.facebook.com/marketplace/item/1115335353757461/,"อพาร์ทเมนท์ 1 ห้องนอน 1 ห้องน้ำ
ราคา: ฿2,900,000 | ขาย
🎈 #Hillside4 Condo For sale  2.9 MB 🔶43 sqm. – #HuayKaew Rd. #Fully furnished and #ready to move in! Bright and spacious room with a pool view 🌆

43 sq.m | 5th Floor
1 Bedroom | 1 Bathroom

🏢 Facilities
Parking
24-hour security & CCTV
Elevators
On-site shops & café
Fitness center

📍 Nearby Places
Chiang Mai University – 5 mins
MAYA Lifestyle Mall / One Nimman – 3 mins
Nimmanhaemin area – 3 mins
Old City – 5 mins
Suan Dok Hospital – 8 mins Hillside 4 Condominium – Huay Kaew Road, Chiang Mai

🎈คอนโดห้องสวย ขาย 2.9 ล้าน #ฮิลล์ไซด์4 ห้องกว้าง โปร่งโล่ง #วิวสระว่ายน้ำ #เฟอร์นิเจอร์ครบ พร้อมเข้าอยู่ได้ทันที เดินทางสะดวก ใจกลางเมือง ใกล้แหล่งไลฟ์สไตล์ยอดนิยม

ชั้น 5 | 43 ตร.ม. 
1 ห้องนอน | 1 ห้องน้ำ
1 ห้องนั่งเล่น
ครัว

💰ขายเพียง 2.9 ล้านบาท โอน 50/50 

🏢 สิ่งอำนวยความสะดวก (Facilities)
ที่จอดรถ
ระบบรักษาความปลอดภัย 24 ชม. พร้อมกล้อง CCTV
ลิฟต์โดยสาร
ร้านค้า ร้านกาแฟ และร้านสะดวกซื้อภายในโครงการ
ฟิตเนส

📍 สถานที่ใกล้เคียง (Nearby Places)
มหาวิทยาลัยเชียงใหม่ – 5 นาที
ห้าง MAYA Lifestyle / One Nimman – 3 นาที
นิมมานเหมินทร์ – 3 นาที
คูเมืองเชียงใหม่ – 5 นาที
โรงพยาบาลสวนดอก – 8 นาที

อยากได้อสังหาโซนไหน สอบถามเข้ามาได้เลย

ต้องการอสังหาแบบไหนที่ Northern Land Chiangmai เรามีครบ ครอบคลุม #ทั่วเชียงใหม่ ไม่ว่าจะเป็น
#พูลวิลล่า #บ้านใหม่ #บ้านมือสอง #บ้านเช่า #คอนโด #อสังหาพร้อมผู้เช่า #หอพัก #อพาร์ทเม้นท์ #ที่ดิน

✅รับจัดหาบ้าน, ที่ดิน, คอนโด, อสังหาริมทรัพย์ทั่วเชียงใหม่
✅บริการยื่นสินเชื่อทุกธนาคารฟรี ไม่มีค่าใช้จ่าย
✅ยื่นสินเชื่อที่อื่นไม่ผ่านรับดูแลต่อ พร้อมให้คำแนะนำ
✅ทำการตลาด สื่อ โฆษณา
✅เช็คเครดิตบูโร ฟรี 

👍นัดชมได้ทุกวันไม่มีวันหยุด
📲Line ID : @habanchiangmai หรือ https://lin.ee/netCDYF
หรือสอบถามเพิ่มเติมโทร 📞 086-9238951/ 065-5306944 / 085-9646661
✨ยินดีพาชม และให้คำปรึกษาด้านสินเชื่อ ฟรี

🌐เว็บไซต์บริษัท : https://northernlandandhousechiangmai.com/en

🌐หาบ้าน เชียงใหม่ : https://www.habanchiangmai.com/

🔅เพจหาบ้าน เชียงใหม่ : https://www.facebook.com/HabanHabanchiangmai?mibextid=ZbWKwL

🎯YouTube : https://youtube.com/@northernlandhousechiangmai6664

🎯Instagram : https://instagram.com/northernland.cm?igshid=YmMyMTA2M2Y=

🎯TIKTOK : https://www.tiktok.com/@northerland_cnx?_t=8bwxggLIxlv&_r=1

📣สนใจอสังหาริมทรัพย์อื่นๆ คลิ๊ก
🔶For Sale
https://www.facebook.com/NorthenlandHouse-Chiangmai-1774295549481349/
🔶️For Rent
https://www.facebook.com/Northernland-House-For-Rent-In-Chiangmai-228643327897310/

พูลวิลล่าเชียงใหม่
https://www.facebook.com/profile.php?id=100081907720597&mibextid=LQQJ4d

ที่ดิน
https://www.facebook.com/profile.php?id=100075781194500&mibextid=LQQJ4d

ขายคอนโด เชียงใหม่
https://www.facebook.com/profile.php?id=100076053777727&mibextid=LQQJ4d

หอพัก
https://www.facebook.com/profile.php?id=100086620509112&mibextid=LQQJ4d

อสังหาริมทรัพย์พร้อมผู้เช่า
https://www.facebook.com/profile.php?id=100075856546688&mibextid=LQQJ4d

#คอนโดเชียงใหม่
#คอนโดใจกลางเมือง
#คอนโดสวยพร้อมอยู่
#คอนโดพร้อมผู้เช่าเชียงใหม่
#คอนโดวิวเมือง
#คอนโดวิวดอย
#คอนโดเชียงใหม่
#คอนโดใกล้มช.
#NorthernlandChiangmai
#อสังหาพร้อมผู้เช่าเชียงใหม่
#NorthernlandandHousechiangmai #Northernland"
https://www.facebook.com/marketplace/item/1115466750231767/,"3 ห้องนอน 2 ห้องน้ำ - บ้าน
ราคา: ฿30,000/เดือน | ขาย
🏡ให้เช่า บ้าน โซนสันผีเสื้อ ใกล้กาดรวมโชค
เดือนละ 30,000 บาท สัญญา 1 ปี
✅พร้อมอยู่   🐶🐱กรณีมีสัตว์เลี้ยง มัดจำ 3 เดือน

ประกัน 2 เดือน ล่วงหน้า 1 เดือน

📏 พื้นที่ 52 ตร.ว.

รายละเอียด :
🛏 3 ห้องนอน 
🛁 2 ห้องน้ำ
🛋 1 ห้องนั่งเล่น
🍳 1 ห้องครัว
🚗 สามารถจอดรถได้ 1 คัน

รายละเอียดเพิ่มเติม :
✨ เฟอร์นิเจอร์
✨ แอร์ 
✨ ทีวี 43 นิ้ว
✨ ตู้เย็น
✨ เครื่องซักผ้า
✨ ไมโครเวฟ
✨ เตาแก๊ส

ส่วนกลาง :
✅ คลับเฮ้าส์ 
✅ ฟิตเนส 
✅ สระว่ายน้ำ
✅ สนามเด็กเล่น

📍สถานที่ใกล้เคียง :
🚩 วัดร้องอ้อ
🚩 โรงเรียนต้นกล้า
🚩 เซ็นทรัล เชียงใหม่
🚩 โรงพยาบาลกรุงเทพเชียงใหม่
🚩 สถานีขนส่งอาเขต

🏡 House for rent in San Phisuea area, near Kad Ruam Chok.
30,000 baht per month, 1-year contract.
✅ Ready to move in. 🐶🐱 Pets: 3-month deposit.

2-month security deposit, 1-month advance payment.

📏 Area: 52 sq m.

Details:
🛏 3 bedrooms
🛁 2 bathrooms
🛋 1 living room
🍳 1 kitchen
🚗 Parking for 1 car

Additional details:
✨ Furniture
✨ Air conditioner
✨ 43-inch TV
✨ Refrigerator
✨ Washing machine
✨ Microwave
✨ Gas stove

Common areas:
✅ Clubhouse
✅ Fitness center
✅ Swimming pool
✅ Playground

📍Nearby places:
🚩 Wat Rong Ao
🚩 Tonkla School
🚩 Central Chiang Mai
🚩 Bangkok Hospital Chiang Mai
🚩 Arcade Bus Terminal

Code : R3026
🚨บริษัท ที่ดีดี จำกัด | รับซื้อ | ขาย | เช่า
🚨จัดหาบ้าน,คอนโด ตามงบประมาณ
🚨รับทำ TM30 แจ้งต่างชาติเข้าพัก
🚨ดูแลตลอดสัญญาเช่า

📌นัดชมได้ทุกวัน | รับ CO-AGENT
Line : @teedd (มี@)
Tel : [hidden information]

#บ้าน #บ้านเช่า #บ้านเช่าเชียงใหม่
#คอนโด #เช่าคอนโด #คอนโดให้เช่า"
https://www.facebook.com/marketplace/item/1115789707403341/,"4 ห้องนอน · 4 ห้องน้ำ
ราคา: ฿55,000/เดือน | ขาย
code:  HR-394

บ้านใหม่ให้เช่า – บ้านสองชั้น ใกล้สนามบินเชียงใหม่ ย่านแม่เหียะ (พื้นที่ไม่เสี่ยงน้ำท่วม)
บ้านสร้างเสร็จใหม่ พร้อมเฟอร์นิเจอร์ครบ เข้าอยู่ได้ทันที
ตั้งอยู่ในทำเลเงียบสงบ เดินทางสะดวก ใกล้สนามบินเชียงใหม่และสิ่งอำนวยความสะดวกหลัก
รายละเอียดทรัพย์สิน
บ้านสองชั้น
ขนาดที่ดินประมาณ 90 ตารางวา
4 ห้องนอน 4 ห้องน้ำ 1 ห้องครัว
พื้นที่จอดรถ 3–4 คัน
ราคาเช่า: 55,000 บาทต่อเดือน
สัญญาเช่าขั้นต่ำ: 1 ปี
เงื่อนไขเข้าอยู่: ชำระประกัน 2 เดือน + ค่าเช่าล่วงหน้า 1 เดือน
เฟอร์นิเจอร์และเครื่องใช้ไฟฟ้า
เตียงนอน 3 ชุด / ตู้เสื้อผ้า 3 ใบ / โต๊ะเครื่องแป้ง 3 ตัว
เครื่องปรับอากาศ 6 เครื่อง
เครื่องทำน้ำอุ่น 4 เครื่อง
ตู้เย็น, เครื่องซักผ้า, โทรทัศน์
ชุดรับแขก, โต๊ะอาหาร
เตาแก๊สพร้อมเครื่องดูดควัน, ไมโครเวฟ
แทงค์น้ำ
สิ่งอำนวยความสะดวกเพิ่มเติม
ระบบ Digital Door Lock
ประตูรีโมทควบคุมอัตโนมัติ
กล้องวงจรปิด 2 ตัว
อินเทอร์เน็ตฟรี (AIS Fiber + Playbox)
บริการล้างแอร์ทุก 6 เดือน
บริการ Big Cleaning ทุก 6 เดือน
สถานที่ใกล้เคียง
สนามบินเชียงใหม่
บิ๊กซีแม่เหียะ
ตลาดสดแม่เหียะ
แม็คโคร
IKEA

Newly Built House for Rent – 2-Storey Home near Chiang Mai Airport (Mae Hia Area, Non-Flood Zone)
Brand-new modern home with full furnishings, ready to move in.
Located in a peaceful residential area with convenient access to the airport and key amenities.
Property Details
2-storey house
Land size: approx. 90 sq.wah
4 bedrooms, 4 bathrooms, 1 kitchen
Parking for 3–4 cars
Rental Price: 55,000 THB/month
Minimum Lease Term: 1 year
Move-in Terms: 2 months security deposit + 1 month advance rent
Furniture & Appliances
3 beds, 3 wardrobes, 3 dressing tables
6 air conditioners
4 water heaters
Refrigerator, washing machine, TV
Sofa set and dining table
Gas stove with hood, microwave
Water tank
Facilities & Services
Digital door lock
Automatic remote gate
2 CCTV cameras
Free AIS Fiber Wi-Fi + Playbox
Air-conditioner cleaning every 6 months
Professional big cleaning every 6 months
Nearby Landmarks
Chiang Mai International Airport
Big C Mae Hia
Mae Hia Fresh Market
Makro
IKEA

LOCATION 📍https://maps.app.goo.gl/1Y2RmwBu6HtEd18z7

👇INQUIRY & VIEWING & SEARCHING 👇
 🍀LINE ID:   @499kcgmj
🍀WhatsApp:   +66617975152
🍀Telegram:   @realestate189 
🍀 WeChat ID:   Housecnx  
☎️ 0️⃣6️⃣2️⃣-9️⃣1️⃣7️⃣9️⃣5️⃣3️⃣5️⃣"
https://www.facebook.com/marketplace/item/1115946763690424/,"1 ห้องนอน 1 ห้องน้ำ - อพาร์ทเมนท์
ราคา: ฿2,590,000 | ขาย
🏢 ขาย Hillside Condo 3 สุเทพ เชียงใหม่ ✨
💸 ราคาเพียง 2.59 ล้านบาท💰
🌼 ชั้น 3 ห้องสวย วิวดอย ทำเลดี พร้อมเฟอร์นิเจอร์ 🌻
📏 ขนาดพื้นที่ในห้อง 35 ตร.ม. ⭐

✨รายละเอียดห้อง : 
1 ห้องนอน🛌
1 ห้องน้ำ🛁🚿

✨รายละเอียดเฟอร์นิเจอร์ :
โซฟา
เตียงนอน
โต๊ะเครื่องแป้ง
ตู้เสื้อผ้า
เคาน์เตอร์ครัว
เครื่องปรับอากาศ
ชั้นวาง 
ชุดเซ็ทโต๊ะรับประทานอาหาร
เครื่องซักผ้า
ตู้เย็น
ไมโครเวฟ

📌สถานที่ใกล้เคียง
เมญ่า ไลฟ์สไตล์ ช้อปปิ้ง เซ็นเตอร์
วัน นิมมาน
กาดรินคำ
โรงพยาบาลมหาราชนครเชียงใหม่
มหาวิทยาลัยเชียงใหม่
โรงเรียนสาธิตมหาวิทยาลัยเชียงใหม่


🏢 For Sale: Hillside Condo 3, Suthep, Chiang Mai ✨
 💸 Price: Only 2.59 million baht — Free transfer! 💰
 🌼 3rd floor, beautiful room with mountain view, great location, fully furnished 🌻
 📏 Room size: 35 sq.m. ⭐
✨ Room Details:
1 Bedroom 🛌
1 Bathroom 🛁🚿
✨ Furniture Included:
Sofa
Bed
Dressing table
Wardrobe
Kitchen counter
Air conditioner
Shelves
Dining table set
Washing machine
Refrigerator
Microwave


📌 Nearby Places:
Maya Lifestyle Shopping Center
One Nimman
Kad Rin Kham Market
Maharaj Nakorn Chiang Mai Hospital
Chiang Mai University
Chiang Mai University Demonstration School




Code : S4665
บริษัท ที่ดีดี จำกัด | รับซื้อ | ขาย | เช่า อสังหาริมทรัพย์
•สำหรับนักลงทุน พร้อมหาผู้เช่า
•เช็คบูโร,แก้เคส,ทำเอกสาร,วิเคราะห์สินเชื่อฟรี 
•รับจัดหาบ้าน,ที่ดิน,คอนโด,อสังหาริมทรัพย์

📌นัดชมได้ทุกวัน | รับ CO-AGENT
Line : @teedd (มี@)
Tel : [hidden information]

#ที่ดีดีเชียงใหม่ #บ้านเช่า #บ้านเช่าเชียงใหม่ #คอนโดให้เช่าเชียงใหม่  #บ้านเชียงใหม่  #เช่าคอนโดเชียงใหม่  #หอพักเชียงใหม่  #บ้าน #คอนโด  #Condo"
https://www.facebook.com/marketplace/item/1116319843947633/,"1 ห้องนอน 1 ห้องน้ำ - อพาร์ทเมนท์
ราคา: ฿22,000/เดือน | ขาย
1 ห้องนอน 1 ห้องน้ำ - อพาร์ทเมนท์

ถนน ห้วยแก้ว, สุเทพ, เชียงใหม่, เชียงใหม่ 50200, ประเทศไทย

#รับนายหน้า ให้เช่าคอนโดห้องใหญ่ 48 ตารางเมตร วิวดอย ใกล้มช นิมมาน ทำเลดีมาก วิวดอยสุเทพ (ชมดอยคอนโด ตึกกลม ) 
ห้องสวยตรงปก ใกล้มช. เดินทางแค่ 3 นาที
📍💰เพียง 22,000 บาท/เดือน สัญญา 1 ปี 📍

เข้าอยู่ประกัน 2 เดือน ค่าเช่าล่วงหน้า 1 เดือน 

✨ รายละเอียดห้อง

• 1 ห้องนอน | 1 ห้องน้ำ

• พื้นที่ใช้สอย 48 ตร.ม.

•ชั้น 8 วิวดอยสุเทพ สูดอากาศดีทุกเช้า

• เฟอร์นิเจอร์ + เครื่องใช้ไฟฟ้าครบ:

📺 ทีวี | ❄️ แอร์ 2 ตัว | 🛏 เตียง 6 ฟุต | 🛋 โซฟา | 🍽 โต๊ะกินข้าว

🧺 เครื่องซักผ้า + เครื่องอบผ้า | ❄️ ตู้เย็น | 🔥 ไมโครเวฟ | 🚿 เครื่องทำน้ำอุ่น

🔒 Digital Door Lock (Yale)

🏊โครงการมี สระว่ายน้ำ

มี Walk in closet เฟอร์ฯ ครบ + โควต้าต่างชาติ

✅ เข้าอยู่ได้ทันที ไม่ต้องแต่งเพิ่ม

📍 ทำเลใกล้

– มหาวิทยาลัยเชียงใหม่

– ถนนนิมมาน / ห้างเมญ่า

– ตลาดต้นพยอม / แหล่งไลฟ์สไตล์

☎️ สนใจนัดชม

📞 [hidden information] (เก้า) [hidden information] (อบเชย)

Condo for rent with Stunning Doi Suthep View 🌄

Rare “Round Building” near Chiang Mai University – only 3 minutes away ✨

Fully furnished + Foreign quota available

💰 Rental 22,000  Bath per month 

✨ Unit Details

• 1 Bedroom | 1 Bathroom

• 48 sq.m. of living space

with breathtaking Doi Suthep mountain view

• Fully furnished with appliances:

📺 TV | ❄️ 2 Air-conditioners | 🛏 King-size bed (6 ft.) | 🛋 Sofa | 🍽 Dining set

🧺 Washing machine + Dryer | ❄️ Refrigerator | 🔥 Microwave | 🚿 Water heater

🔒 Digital Door Lock (Yale)

✅ Ready to move in – no renovation needed

✅ Perfect for living with family or investment rental

📍 Nearby places:

– Chiang Mai University

– Nimman Road / MAYA Lifestyle Mall

– Ton Payom Market / Lifestyle areas

☎️ Contact for viewing:

📞 [hidden information] (Kao)

#ให้เช่าคอนโดเชียงใหม่ #ให้เช่าคอนโดใกล้มช #คอนโดวิวสวย #คอนโดวิวดอยสุเทพ #คอนโดตึกกลม #ให้เช่าคอนโดเชียงใหม่ #คอนโดมือสองเชียงใหม่ #คอนโดเพื่อการลงทุน #คอนโดต่างชาติซื้อได้ #คอนโดพร้อมอยู่ #คอนโดครอบครัว #คอนโดไซส์ใหญ่ #ลงทุนคอนโดเชียงใหม่ #ลงทุนอสังหา #ChiangMaiCondoforrent #ChiangMaicondo #DoiSuthepView #CondoForRent #LuxuryCondoChiangMai #ChiangMaiRealEstate #คอนโดติดมหาวิทยาลัย #คอนโดใกล้นิมมาน #คอนโดใหญ่ไซส์บ้าน"
https://www.facebook.com/marketplace/item/1117177540526907/,"บ้าน 2 ห้องนอน 2 ห้องน้ำ
ราคา: ฿1,590,000 | ขาย
โซนหารแก้ว หางดง
หมู่บ้านปรารถนา 
บ้านสวยรีโนเวทพร้อมอยู่
บ้าน 68ตารางวา
2นอน2น้ำ1ครัว
1จอดรถ
พื้นที่กว้างขวาง ต่อเติมได้
พิกัดใกล้เคียง:
ตลาดหารแก้ว
บิ้กซีหางดง
ใกล้ ม.นอร์ท
โรงเรียนนานาชาติ เกรซ
ห่างจากถนน 108เพียง 700เมตร
สนน ราคาขาย 1.59ล้าน
ประเมินเงิน2ล้าน++
ยินดีบริการสินเชื่อ                                                                   
โทร.[hidden information]Line ID:armon1017"
https://www.facebook.com/marketplace/item/1117740013454503/,"บ้าน 4 ห้องนอน 3 ห้องน้ำ
ราคา: ฿3,900,000 | ขาย
🌿 บ้านเดี่ยว 2 ชั้น สไตล์คอนเทมโพรารี่ ใกล้เครือสหพัฒน์ ลำพูน 🌿
🏡 ราคาเพียง 3.9 ล้านบาท (ต่อรองได้ / ประเมินได้เต็ม)

✨ บ้านใหม่พร้อมอยู่ ดีไซน์เรียบหรูในสไตล์ Contemporary Modern
ออกแบบลงตัวทั้งฟังก์ชันและดีเทล เหมาะกับคนรุ่นใหม่ที่มองหาความคุ้มค่าและคุณภาพชีวิตที่เหนือกว่า

ตั้งอยู่ใกล้ นิคมอุตสาหกรรมเครือสหพัฒน์ ลำพูน – ศูนย์กลางเศรษฐกิจหลักของจังหวัด เดินทางสะดวก เงียบสงบ ปลอดภัย พร้อมศักยภาพการเติบโตสูง เหมาะทั้งอยู่อาศัยและลงทุนปล่อยเช่า

💫 ฟรี! ของแถมจัดเต็ม มูลค่าหลายหมื่นบาท
✅ ค่าโอน + ค่าจดจำนอง
✅ แอร์ 2 เครื่อง
✅ เคาน์เตอร์ครัว + ฮูดดูดควัน + เตาแก๊ส Hafele
✅ เครื่องทำน้ำอุ่น 2 เครื่อง
✅ สุขภัณฑ์ American Standard / Cotto
✅ แท้งค์น้ำ DOS + ปั๊มน้ำ Hitachi หรือ Mitsubishi

📐 รายละเอียดตัวบ้าน

พื้นที่ดิน 54–55 ตร.วา

พื้นที่ใช้สอย 195 ตร.ม.

4 ห้องนอน | 3 ห้องน้ำ

2 ห้องนั่งเล่น | 1 ห้องครัว

พื้นที่ซักล้าง | ที่จอดรถ 2 คัน

โครงสร้างแข็งแรง พื้นที่ใช้สอยกว้างขวาง โปร่งสบาย ออกแบบให้แสงธรรมชาติส่องถึงทุกมุม พร้อมวัสดุเกรดคุณภาพจากแบรนด์ชั้นนำ

📍 ทำเลศักยภาพ ใกล้ทุกจุดสำคัญ

นิคมอุตสาหกรรมเครือสหพัฒน์ ลำพูน – 5 นาที

เซ็นทรัล ลำพูน / รพ.ลำพูน – 10 นาที

ถนนซูเปอร์ไฮเวย์เชียงใหม่–ลำปาง – 8 นาที

สนามบินเชียงใหม่ – 30 นาที

💡 จุดขายสำคัญ
✔️ ราคานี้ได้บ้านใหม่ขนาดใหญ่กว่าตลาด
✔️ ทำเลทองใกล้นิคม – โอกาสปล่อยเช่าสูง
✔️ ฟรีค่าโอน พร้อมของแถมครบทุกฟังก์ชัน
✔️ บ้านสวย โปร่ง โล่ง เหมาะกับครอบครัวและนักลงทุน

🏆 บ้านคุณภาพสำหรับคนที่ “มองเห็นคุณค่าก่อนใคร”
ราคานี้เทียบเท่าทาวน์โฮมในเมือง แต่ได้ “บ้านเดี่ยว” ที่ให้พื้นที่และความเป็นส่วนตัวมากกว่า

📞 สนใจนัดชมบ้าน / สอบถามเพิ่มเติม
โทร. / ไลน์ : [hidden information] (คุณเจ)
หรือทัก Inbox ได้เลยครับ 💬"
https://www.facebook.com/marketplace/item/1118391057166702/,"3 ห้องนอน 2 ห้องน้ำ - บ้าน
ราคา: ฿2,690,000 | ขาย
รโมชั่นพิเศษสุดคุ้ม ห้ามพลาด!!!
🏡 บ้านทำเลทอง ราคาเพียง 2.69 ล้านบาท (จากปกติ 2.89 ลบ.)

💢 บ้านใกล้เมือง ปลอดภัยแผ่นดินไหว น้ำไม่ท่วม
📢 จำกัดเพียง 6 หลังเท่านั้น‼️

✨ รายละเอียดบ้าน
 • เนื้อที่ 57 ตร.ว.
 • พื้นที่ใช้สอย 125 ตร.ม.
 • 3 ห้องนอน | 2 ห้องน้ำ
 • 1 ห้องนั่งเล่น | 1 ห้องครัว
 • 2 ที่จอดรถ

🎁 ของแถมจัดเต็ม มูลค่ากว่า 200,000 บาท
✅ ฟรี ค่าโอน
✅ ฟรี มิเตอร์น้ำ + มิเตอร์ไฟ
✅ ฟรี ถังเก็บน้ำ 1,000 ลิตร + ปั๊มน้ำ 150 วัตต์
✅ ฟรี แอร์ห้องนอนใหญ่
✅ ฟรี ต้นไม้ใหญ่ + สนามหญ้ารอบบ้าน
✅ ฟรี ระบบกำจัดปลวก รับประกัน 1 ปี

🚗 ทำเลทอง เดินทางสะดวก เข้าเมืองเพียง 15 นาที
📍 ใกล้ถนนสันกำแพงสายใหม่เพียง 500 เมตร

📌 สถานที่ใกล้เคียง
 • ตลาดศรีอรุณ 1 กม.
 • ตลาดเจริญเจริญ 3 กม.
 • สนามบินเชียงใหม่ 12 กม.
 • โรงพยาบาลกรุงเทพ 9 กม.

✨ บ้านใหม่พร้อมเข้าอยู่ จองก่อนมีสิทธิ์ก่อน! ✨

📞 สอบถาม/นัดชมบ้านได้ทุกวัน
โทร : [hidden information]
LINE : Luilian

⸻

#บ้านเชียงใหม่ #บ้านใหม่เชียงใหม่ #ขายบ้านเชียงใหม่ #บ้านเชียงใหม่ราคาดี #บ้านสวยเชียงใหม่ #บ้านบรรยากาศรีสอร์ท #บ้านทำเลดีเชียงใหม่ #บ้านใกล้เมืองเชียงใหม่ #โปรบ้านเชียงใหม่ #บ้านพร้อมโอนเชียงใหม่"
https://www.facebook.com/marketplace/item/1119259916940151/,"8 ห้องนอน 6 ห้องน้ำ - บ้าน
ราคา: ฿1,990,000 | ขาย
ขายบ้านเดี่ยวหลังใหญ่!🏯🌟  #โซนน้ำแพร่ #หางดง  อยู่ท่ามกลางธรรมชาติ  สัมผัสชีวิตที่เงียบสงบ และเป็นส่วนตัว 
🏠บ้าน 2 หลัง แยกเป็นสัดส่วน เหมาะกับครอบครัวใหญ่ที่ต้องการพื้นที่ส่วนตัว💶💵 เสนอขาย 19.9 ล้าน
🌏ขนาดที่ดิน 779 ตร.วา
🌐พื้นที่ใช้สอย 609 ตร.ม.
🛏8 ห้องนอน ขนาดใหญ่ ปรับใช้ได้หลายรูปแบบ
🚽6 ห้องน้ำ สไตล์โมเดิร์น
🏛ห้องโถงกลางสำหรับครอบครัว
🍽ครัวพร้อมเคาน์เตอร์บาร์ และอุปกรณ์ครบ
📌จุดเด่นของบ้าน
เดินทางสะดวก ใกล้ตลาด ร้านอาหาร และสิ่งอำนวยความสะดวกครบครันเงียบสงบ บรรยากาศ เป็นธรรมชาติ
🌟เหมาะเป็นบ้านพักอาศัยถาวร บ้านพักตากอากาศ หรือโฮมออฟฟิศ 

สนใจติดต่อสอบถามได้ที่ 🏠บ้านคอนนี่ณ์
K.กัณต์☎️[hidden information] 
Line🆔cataleen_99"
https://www.facebook.com/marketplace/item/1120359680082140/,"2 ห้องนอน · 1 ห้องน้ำ
ราคา: ฿9,500/เดือน | ขาย
SUPANICH CONDOMINIUM OPPOSITE CHIANG MAI TRAIN STAION...2 BEDROOM CONDO CAR PARK SWIMMING POOL...
9500 BAHT PER MONTH ONE MONTH IN ADVANCE 2 MONTHS DEPOSIT 
CONTACT SIMON AT LINE 19CHARLIE64  OR VIA FB."
https://www.facebook.com/marketplace/item/1120934266812239/,"3 ห้องนอน 2 ห้องน้ำ - บ้าน
ราคา: ฿8,888 | ขาย
🏠🇹🇭บ้านโครงการพีเอสโฮม 6
ในทำเลสุดคุ้มทำเลทอง
#บ้านเดี่ยว3ห้องนอน
2ห้องน้ำ
1ห้องโถง
2จอดรถ
#พิกัดโซนดอยสะเก็น(เชียงรายเมืองใหม่)
เขตเทศบาลนครเชียงราย บ้านหนองหญ้าไซซอย9#ใกล้ถนนใสหลักเพียง 800 เมตร โทรเลย[hidden information]
_____________________________
คุณภาพขีวิตที่ดี ด้วยพื้นที่กว้าง
มีความเป็น ส่วนตัว อากาศที่สดชื่น
เพื่อนบ้านน่ารักทุกหลัง  Happiness  Luxury 🌳🌳💚
🇹🇭ปากซอยมีมินิบิ๊กซี🇹🇭ร้านDIY
🇹🇭เซเว่นปั๊มน้ำมันปตท
🇹🇭โลตัสเอ็กซ์เพรส
🇹🇭บิ๊กซี 1 เซ็นทรัลเชียงราย
🇹🇭ตลาดสดศรีทรายมูลตลาดสดล้านเมือง
🇹🇭โรงเรียนเตรียมอุดมเชียงราย/
🇹🇭.ร.ร อบจเชียงราย/โรงเรียนเทศบาล 6              เชียงราย
🇹🇭โรงพยาบาลพยาบาลโอเวอร์บรุ๊คเชียงราย
🇹🇭โรงพยาบาลเกษมราษฎร์ศรีบุรินทร์เชียงราย
อบจเชียงราย/โรงเรียนเทศบาล 6 เชียงราย/สนามบินเชียงราย/บิ๊กซี 1 เชียงราย/เซ็นทรัลเชียงราย/ศูนย์ราชการเชียงราย
__________________________
 #ย้านเดึ่ยวมินิมอล Luxury
ที่ดินเริ่มต้น60-100ตรว
3ห้องนอน
2ห้องน้ำ
1ห้องโถง
2จอดรถ
_________________________
#บ้าน luxury เชียงราย#บ้านมินิมอลเชียงราย#BMW#บ้านหรูหรา#บ้านในเมืองเชียงราย
#บ้านโครงการในเมืองเชียงราย
#บ้านแบบ 2 ชั้น#บ้านแบบ 1 ชั้น
ในตัวเมืองเชียงราย"
https://www.facebook.com/marketplace/item/1120964473568583/,"2 ห้องนอน 2 ห้องน้ำ - บ้าน
ราคา: ฿1,690,000 | ขาย
🏡 ขายบ้านเดี่ยวสร้างใหม่  โซนดอยสะเก็ด
💸  ราคาเพียง 1.69 ล้านบาท 
✨ บ้านสร้างใหม่  ทำเลดี เดินทางสะดวก
📏 ขนาดเนื้อที่ 35 ตารางวา 
✨รายละเอียดบ้าน : 
2 ห้องนอน
2 ห้องน้ำ 
ที่จอดรถ
📌สถานที่ใกล้เคียง :
โรงเรียนบ้านป่าขุย
วัดเชฎฐาวรคุปต์ (วัดป่าขุย)
ตลาดท่ารั้ว
ท่ารั้วพลาซ่า
มินิ บิ๊กซี ตลาดท่ารั้ว
โรงพยาบาลส่งเสริมสุขภาพบ้านกอกมุ่น


🏡 New Single-Detached House for Sale in Doi Saket Area
 💸 Only 1.69 million baht (transfer fee included)
 ✨ Brand new minimalist-style house in a great location with convenient access.
 📏 Land size: 35 square wah (140 square meters)
✨ House Features:
2 bedrooms
2 bathrooms
Parking space


📌 Nearby Places:
Ban Pa Khui School
Chetthaworakhup Temple (Wat Pa Khui)
Tha Ruea Market
Tha Ruea Plaza
Mini Big C at Tha Ruea Market
Ban Kokmun Tambon Health Promotion Hospital


Code : S4640
บริษัท ที่ดีดี จำกัด | รับซื้อ | ขาย | เช่า อสังหาริมทรัพย์
•สำหรับนักลงทุน พร้อมหาผู้เช่า
•เช็คบูโร,แก้เคส,ทำเอกสาร,วิเคราะห์สินเชื่อฟรี 
•รับจัดหาบ้าน,ที่ดิน,คอนโด,อสังหาริมทรัพย์

📌นัดชมได้ทุกวัน | รับ CO-AGENT
Line : @teedd (มี@)
Tel : [hidden information]

#ที่ดีดีเชียงใหม่ #บ้านเช่า
#บ้านเช่าเชียงใหม่ #คอนโดให้เช่าเชียงใหม่  #บ้านเชียงใหม่  #เช่าคอนโดเชียงใหม่  #หอพักเชียงใหม่  #บ้าน
#คอนโด  #Condo"
https://www.facebook.com/marketplace/item/1121221546612897/,"3 ห้องนอน 2 ห้องน้ำ - บ้าน
ราคา: ฿17,000/เดือน | ขาย
🏡ให้เช่า บ้าน โซนสันทราย ใกล้โรงเรียนต้นกล้า
เดือนละ 17,000 บาท สัญญา 1 ปี
✅พร้อมอยู่  🐈รับสัตว์เลี้ยงลัตว์เล็ก

ประกัน 2 เดือน ล่วงหน้า 1 เดือน

รายละเอียด :
🛏 3 ห้องนอน 
🛁 2 ห้องน้ำ
🛋 1 ห้องนั่งเล่น
🍳 1 ห้องครัว
🚗 สามารถจอดรถได้ 2 คัน

รายละเอียดเพิ่มเติม :
✨ เฟอร์นิเจอร์ 
✨ ฟูกชนาด 6 ฟุต
✨ โต๊ะเครื่องแป้ง 
✨ ตู้เสื้อผ้า
✨ แอร์  
✨ โซฟา 
✨ ทีวี
✨ เครื่องทำน้ำอุ่น
✨ ตู้เย็น 
✨ ไมโครเวฟ 
✨ เครื่องดูดควัน 
✨ เครื่องซักผ้า

📍สถานที่ใกล้เคียง :
🚩 วัดสันป่าสัก (สันทราย)
🚩 กาดรวมโชค
🚩 เซ็นทรัล เชียงใหม่ 
🚩 มหาวิทยาลัยแม่โจ้
🚩 สถานีรถไฟ

🏡House for rent in San Sai area, near Tonkla School
17,000 baht per month, 1-year contract
✅ Ready to move in 🐈 Small pets allowed

2-month security deposit, 1 month advance payment

Details:
🛏 3 bedrooms
🛁 2 bathrooms
🛋 1 living room
🍳 1 kitchen
🚗 Parking for 2 cars

Additional details:
✨ Furniture
✨ 6-foot mattress
✨ Dressing table
✨ Wardrobe
✨ Air conditioner
✨ Sofa
✨ TV
✨ Water heater
✨ Refrigerator
✨ Microwave
✨ Range hood
✨ Washing machine

📍Nearby locations:
🚩 Wat San Pa Sak (San Sai)
🚩 Kad Ruam Chok
🚩 Central Chiang Mai
🚩 Maejo University
🚩 Train Station

Code : R2983
🚨บริษัท ที่ดีดี จำกัด | รับซื้อ | ขาย | เช่า
🚨จัดหาบ้าน,คอนโด ตามงบประมาณ
🚨รับทำ TM30 แจ้งต่างชาติเข้าพัก
🚨ดูแลตลอดสัญญาเช่า

📌นัดชมได้ทุกวัน | รับ CO-AGENT
Line : @teedd (มี@)
Tel : [hidden information]

#บ้าน #บ้านเช่า #บ้านเช่าเชียงใหม่
#คอนโด #เช่าคอนโด #คอนโดให้เช่า"
https://www.facebook.com/marketplace/item/1121273053431914/,"4 ห้องนอน · 4 ห้องน้ำ
ราคา: ฿55,000/เดือน | ขาย
code:  HR302

ให้เช่าบ้านเดี่ยว 4 ห้องนอน พร้อมอยู่
โครงการสีวลี ราชพฤกษ์ เชียงใหม่
บ้านเดี่ยว 2 ชั้น ขนาดใหญ่ พร้อมเข้าอยู่ พื้นที่ใช้สอย 220 ตารางเมตร บนที่ดิน 66.2 ตารางวา ออกแบบลงตัว เหมาะสำหรับครอบครัว ทำเลดี เดินทางสะดวก ใกล้สนามบินและตัวเมืองเชียงใหม่
รายละเอียดบ้าน
4 ห้องนอน
4 ห้องน้ำ
เครื่องปรับอากาศ 5 เครื่อง
พื้นที่ใช้สอย 220 ตารางเมตร
ที่ดิน 66.2 ตารางวา
ที่จอดรถ 2 คัน
สิ่งอำนวยความสะดวกภายในบ้าน
ครัวครบชุด พร้อมเตาอบ, เครื่องล้างจาน, เครื่องซักอบผ้า
ห้องนอนชั้นล่าง เหมาะสำหรับผู้สูงอายุ
ลานกิจกรรมกลางแจ้ง
สวนตกแต่งพร้อมระบบรดน้ำอัตโนมัติ
Smart TV ขนาด 65 นิ้ว
จุดเด่นโครงการ
ใกล้คลับเฮ้าส์, สระว่ายน้ำ และร้านสะดวกซื้อ 7-11
ระบบรักษาความปลอดภัยมาตรฐาน
ตั้งอยู่บนถนนวงแหวนรอบกลาง เดินทางสะดวกสู่สนามบินและตัวเมืองเชียงใหม่
ราคาเช่า
55,000 บาท/เดือน
รวมค่าส่วนกลาง, ค่าตัดหญ้า และค่ากำจัดแมลงแล้ว
เงินประกัน: 2 เดือน
สัญญาขั้นต่ำ 1 ปี

4-Bedroom Single House for Rent, Ready to Move In
Siwalee Ratchapruek Project, Chiang Mai
Large 2-story single house, ready to move in, 220 square meters of living space on a 66.2 square wah plot of land. Perfectly designed for families. Conveniently located near the airport and Chiang Mai city center.
House Details:
4 bedrooms
4 bathrooms
5 air conditioners
220 square meters of living space
66.2 square wah plot of land
Parking for 2 cars
Home Amenities:
Fully equipped kitchen with oven, dishwasher, and washer/dryer
Lower-level bedroom, ideal for seniors
Outdoor activity area
Landscaped garden with automatic watering system
65-inch Smart TV
Project Highlights:
Near the clubhouse, swimming pool, and 7-Eleven convenience store
Standard security system
Located on the Central Ring Road Conveniently located near the airport and Chiang Mai city center.
Rental Price:
55,000 THB/month
Includes common area fees, lawn mowing, and pest control.
Security deposit: 2 months
Minimum 1-year contract

Location 📍https://maps.app.goo.gl/FfHnQSMFQLKgHjgEA

👇INQUIRY & VIEWING & SEARCHING 👇
🍀LINE ID:  https://lin.ee/wiY7MNT  🍀WhatsApp:   https://wa.me/+660617975152
🍀Telegram:  @realestate189 
🍀 WeChat ID:  Housecnx  
☎️ 0️⃣6️⃣2️⃣-9️⃣1️⃣7️⃣9️⃣5️⃣3️⃣5️⃣

👇MORE PROPERTIES👇
🏠For Rent:  https://www.facebook.com/189realestate 
🏠For Sale:  https://www.facebook.com/share/1ZibLg6wQf/

#บ้านเช่าเชียงใหม่  #บ้านพร้อมอยู่  #บ้านในตัวเมืองเชียงใหม่  #ทาวน์เฮ้าส์เชียงใหม่   #โฮมทาวน์เชียงใหม่  #พูลวิลล่าเชียงใหม่  #ซื้อบ้านเชียงใหม่ #ขายบ้านเชียงใหม่  #houseforrent  #houseforsale  #houseinchiangmai  #townhouse  #hometown  #poolvilla  #poolvillachiangmai  #chiangmaithailand"
https://www.facebook.com/marketplace/item/1121299176811881/,"5 ห้องนอน 5 ห้องน้ำ - บ้าน
ราคา: ฿110,000/เดือน | ขาย
🟦⏺️ขาย ให้เช่า พูลวิลล่า โครงการ ปาล์มสปริง พริวาโต้
🚩Palm spring Privato : Modern Luxury Pool villa
🚩บ้านตัวTop ของโครงการมีหลังเดียว
 1️⃣พื้นที่ใช้สอย 413.19 ตารางเมตร,สระว่ายน้ำส่วนตัว
◾More เพิ่งตกแต่งเสร็จใหม่ เอี่ยมมมมม พร้อมเข้าอยู่
◾5 ห้องนอน,  5 ห้องน้ำ, 3 ที่จอดรถ + ห้องแม่บ้าน
🏁ห้องนอนและห้องน้ำที่เหมาะสำหรับผู้สูงอายุ
🏁ห้องครัวสไตล์ตะวันตกและไทย 
🏁สระว่ายน้ำส่วนตัวสำหรับปาร์ตี้ข้างสระ
🏁เฟอร์นิเจอร์ครบชุดสั่งทำพิเศษ

2️⃣ให้ราคาเช่า 110,000 บาทต่อเดือน
◾สัญญาขั้นต่ำ 1 ปี
◾ประกัน 2 เดือนล่วงหน้า 1 เดือน
❌ไม่รับสัตว์เลี้ยง

3️⃣ราคาขาย 24 ล้านบาทพร้อมโอน

4️⃣โลเคชั่นสถานที่ใกล้เคียง
◾ ทำเลยอดเยี่ยม เชื่อมต่อกับถนนหลัก
🏁เพียง 10 นาทีจากสนามบิน 

🚩ออกแบบภายในโดยนักออกแบบที่ได้รับรางวัล 
🏁โครงการสุดเป็นส่วนตัว มีเพียง 38 หน่วย 
🏁 หน้าต่างกันเสียงเพื่อความเป็นส่วนตัวสูงสุด

5️⃣โลเคชั่นรัชกาลที่ใกล้เคียง
◾เดินทางสะดวก ติดถนน เชียงใหม่-หางดง จากสนามบินเพียง 10 นาที 
◾ใกล้ shopping mall กาดฝรั่ง วิลเลจ, ริมปิง ซุปเปอร์ มาร์เก็ต, แมคโคร, บิ๊กซี,โรงเรียนนานาชาติหลายแห่ง
◾ให้บรรยากาศเป็นส่วนตัว ทั้งโครงการมีเพียง 39 ยูนิต
◾พร้อมเจ้าหน้าที่ความปลอดภัย 24 ชั่วโมง
~~~~~~~~~
✅️ ชมบ้าน ติดต่อ
☎️ 0811484589 ""ตูมตาม""
🆔️ line:  tatea27 
🟦 Inbox หรือแชท
 ~~~~~~~~~
สนใจทรัพย์อื่นได้ที่นี้
บ้านเช่าเชียงใหม่
https://www.facebook.com/share/19iNv5gn9g/
บ้านขายเชียงใหม่
https://www.facebook.com/share/1ASrJ1dtVM/
พูลวิลล่าเช่าเชียงใหม่
https://www.facebook.com/share/1L88tRv8Ek/
พูลวิลล่าขายเชียงใหม่
https://www.facebook.com/share/19SPuteaM2/
ขายที่ดินเชียงใหม่
https://www.facebook.com/share/186pdYLASn/
ขายพร้อมผู้เช่า
https://www.facebook.com/share/17AphoCYtJ/

....................................................................
🟦⏺️For sale, for rent, pool villa, Palm Spring Privato project
🚩Palm spring Privato : Modern Luxury Pool villa
🚩The top house in the project has only one house.
1️⃣Usable area 413.19 square meters, private swimming pool
◾More Just finished decorating, brand new, ready to move in.
◾5 bedrooms, 5 bathrooms, 3 parking spaces + maid's room
🏁 Bedrooms and bathrooms suitable for the elderly
🏁 Western and Thai style kitchen 
🏁Private pool for poolside parties
🏁Full set of custom-made furniture
2️⃣Rental price 110,000 baht per month
◾Minimum contract 1 year
◾2 months insurance, 1 month advance payment
❌No pets allowed
3️⃣ Selling price 24 million baht, ready to transfer
4️⃣Nearby location
◾ Excellent location, connected to main roads
🏁Only 10 minutes from the airport 
🚩Interior designed by award-winning designers 
🏁The most private project with only 38 units. 
🏁 Soundproof windows for maximum privacy
5️⃣ Nearby locations of the reign
◾Convenient travel, located on Chiang Mai-Hang Dong Road, only 10 minutes from the airport. 
◾Near shopping mall Kad Farang Village, Rimping Supermarket, Makro, Big C, many international schools
◾Provides a private atmosphere. The entire project has only 39 units.
◾With 24-hour security personnel
🌐 Contact 🔻
☎️ Tel:0811484589 ""Tumtam""
ID. tatea27
~~~~~~~~~
....................................................................
🟦⏺️出售、出租、泳池别墅、棕榈泉私人项目
🚩棕榈泉 Privato：现代豪华泳池别墅
🚩项目顶层房屋仅有一栋房子。
1️⃣使用面积413.19平方米，私人泳池
◾更多 刚刚装修完毕，全新，可拎包入住。
◾5间卧室，5间浴室，3个停车位+女佣房
🏁 适合老年人的卧室和浴室
🏁 西式和泰式厨房 
🏁 适合举办池畔派对的私人泳池
🏁全套定制家具
2️⃣租金每月110,000泰铢
最低合同期限为 1 年
2个月保险，1个月预付款
❌禁止携带宠物
3️⃣ 售价2400万泰铢，准备转让
4️⃣附近的地点
◾ 地理位置优越，连接主要道路
🏁距机场仅10分钟 
🚩室内设计由屡获殊荣的设计师完成 
🏁最私密的项目，仅有38个单位。 
🏁 隔音窗户，最大程度保护隐私
5️⃣ 统治时期附近的地点
◾出行方便，位于清迈-杭东路，距机场仅10分钟路程。 
◾靠近 Kad Farang Village 购物中心、Rimping 超市、Makro、Big C 和多所国际学校
◾提供私密的氛围。整个项目仅有39个单元。
配备24小时保安人员
🌐 联系方式 🔻
☎️电话：0811484589“Tumtam”
ID.tatea27
~~~~~~~~~"
https://www.facebook.com/marketplace/item/1121681379897064/,"อพาร์ทเมนท์ 1 ห้องนอน 1 ห้องน้ำ
ราคา: ฿2,450,000 | ขาย
🏢ขาย Promt Condo (พร้อมท์ คอนโด) โซนช้างเผือก เมือง
💸ราคาเพียง 2.45 ล้านบาท ค่าโอนคนละครึ่ง
📏ขนาด 34 ตารางเมตร ชั้น 3


🛌1 ห้องนอน 
🛀1 ห้องน้ำ 
🤵‍♂️1 ห้องนั่งเล่น



🚩เฟอร์และเครื่องใช้ไฟฟ้าครบ
🚩ทำเลดีปล่อยเช่าหรืออยู่เองก็คุ้ม
🚩ทำรายวันได้ airbnb


🎉ส่วนกลางครบครัน
🎉 สระว่ายน้ำ
🎉ห้องฟิตเนส
🎉พื้นที่จอดรถในร่มชั้นล่างและชั้น1
🎉รปภ. ดูแลความปลอดภัย 24ชม
🎉กล้องวงจรปิด
🎉มีสระ มีฟิตเนส มีโควต้าต่างชาติ


📌สถานที่ใกล้เคียง
-เมญ่า ไลฟ์สไตล์ ช้อปปิ้ง เซ็นเตอร์ เชียงใหม่
-กาดรินคำ
-วิทยาลัยสารพัดช่างเชียงใหม่
-วัน นิมมาน
-มหาวิทยาลัยเชียงใหม่
-มหาวิทยาลัยเทคโนโลยีราชมงคลล้านนา
-ตลาดกาดหน้ามอ
-โรงพยาบาลมหาราชนครเชียงใหม่
-ท่าอากาศยานเชียงใหม่


Code: S3376

🏢Sell Promt Condo (Prompt Condo) Chang Phueak area, Mueang
💸Price only 2.45 million baht, transfer fee half each
📏Size 34 square meters, 3rd floor

🛌1 bedroom
🛀1 bathroom
🤵‍♂️1 living room


🚩Complete furniture and appliances
🚩Good location, rent out or live in yourself, worth it
🚩Can do daily airbnb

🎉Complete common areas
🎉Swimming pool
🎉Fitness room
🎉Indoor parking on the ground floor and 1st floor
🎉24-hour security guards
🎉CCTV
🎉With swimming pool, fitness center, foreign quota

📌Nearby places
-Maya Lifestyle Shopping Center, Chiang Mai
-Kad Rin Kham
-Chiang Mai Technical College
-One Nimman
-Chiang Mai University
-Rajamangala University of Technology Lanna
-Kad Na Mo Market
-Maharaj Nakhon Chiang Mai Hospital
-Chiang Mai Airport

Code : S3376
🚨บริษัท ที่ดีดี จำกัด | รับซื้อ | ขาย | เช่า
🚨ซื้อสด รับส่วนลดพิเศษ
🚨จัดหาบ้าน,คอนโด ตามงบประมาณ
🚨สำหรับนักลงทุน พร้อมหาผู้เช่า
🚨เช็คบูโร,แก้เคส,ปิดหนี้,รวมหนี้
🚨ทำเอกสาร,วิเคราะห์สินเชื่อฟรี 
🚨ยื่นกู้ได้ทุกอาชีพ ไม่ต้องดาวน์

📌นัดชมได้ทุกวัน | รับ CO-AGENT
Line : @teedd (มี@)
Tel : [hidden information]

#บ้าน #ขายบ้าน #ขายบ้านเชียงใหม่
#คอนโด #ขายคอนโด #condo"
https://www.facebook.com/marketplace/item/1121744346259681/,"2 ห้องนอน 2 ห้องน้ำ - อพาร์ทเมนท์
ราคา: ฿7,000,000 | ขาย
ขายคอนโดเดอะรีสอร์ทติดศูนย์ประชุมนานาชาติเชียงใหม่ ห้อง 213  เนื้อที่ 120 ตรม. 2 ห้องนอน  2 ห้องน้ำ มีห้องนั่งเล่น ห้องครัวขนาดใหญ่ และระเบียงกว้างมาก มีแอร์ทุกห้อง เฟอร์นิเจอร์ครบ เหมาะสำหรับการลงทุนในอนาคตระยะยาว ทำเลดีมาก 7.5 ล้านบาท **ไม่ขาย** 
แต่เอาไปเลยขายราคาพิเศษ 7.0 ล้านบาทเท่านั้น ฟรีโอน รายละเอียดเพิ่มเติมหรือสนใจทักแชทหรือโทรมานะคะ [hidden information] คุณกาญจนา"
https://www.facebook.com/marketplace/item/1121753143457438/,"3 ห้องนอน 3 ห้องน้ำ - บ้าน
ราคา: ฿4,500,000 | ขาย
🏡 ขายบ้านใหม่ 
สไตล์คอนเทมโพลารี่
 พร้อมเฟอร์ครบ ตกแต่งสวยทันสมัย
ทำเลทอง นางแล เทศบาลนครเชียงราย ใกล้โลตัส ตลาดสด และเซเว่น เดินทางสะดวกเพียง 100 เมตรจากถนนพหลโยธิน

✨ รายละเอียดบ้าน / Property Details
• 3 ห้องนอน
  3 ห้องน้ำ (ห้องมาสเตอร์มีอ่างอาบน้ำ)
• ห้องนั่งเล่นกว้าง โปร่ง แสงธรรมชาติส่องทั่วทั้งวัน 🪟
• ครัวแยกเป็นสัดส่วน พร้อมท็อปหินอ่อน เตาแก๊ส และเครื่องดูดควัน 🍳
• ชั้นล่างสามารถกั้นเพิ่มเป็นห้องทำงานหรือห้องผู้สูงอายุได้
• จอดรถได้ 2–4 คัน 🚗
• ที่ดิน 80 ตารางวา | 
พื้นที่ใช้สอย 165 ตร.ม.
• แปลงมุม พร้อมสนามหญ้ารอบบ้าน 🌿

💥 ราคาเพียง 4,500,000 บาทเท่านั้น (ฟรีโอน + ของแถมครบ)
🎁 ผ้าม่านทั้งหลัง / โซฟา / โต๊ะทานอาหาร / ชั้นวางทีวี / ถังเก็บน้ำ / ปั๊มน้ำ / ปูหญ้าและต้นไม้รอบบ้าน

📞 ติดต่อ: [hidden information] (อลิส)
นัดชมบ้านได้ทุกวัน

ใกล้ โรงพญาบาลกรุงเทพ 
มฟล  ราชภัฏเชียงราย  สนามบิน  
⸻

🏡 Brand New Contemporary House for Sale – Fully Furnished & Move-in Ready!
Located in Nang Lae, Chiang Rai City Municipality.
Just 100 meters from Phahonyothin Road — near Lotus, local market, and 7-Eleven.

✨ Property Features:
• 3 Bedrooms | 3 Bathrooms (Master with Bathtub)
• Bright, airy living room with natural light all day 🪟
• Separate kitchen with marble countertop, gas stove & hood 🍳
• Downstairs space can be converted into a home office or elderly room
• Parking for 2–4 cars 🚗
• Land 80 sq.wah | Usable area 165 sq.m
• Corner plot with private lawn 🌿

💰 Only 4,500,000 THB (Free Transfer + Full Furniture Set!)
🎁 Curtains, sofa, dining set, TV shelf, water tank, water pump, and landscaping included

📞 Contact: [hidden information] (Alice)
Schedule a viewing today!"
https://www.facebook.com/marketplace/item/1121961393176285/,"3 ห้องนอน 2 ห้องน้ำ - บ้าน
ราคา: ฿2,900,000 | ขาย
✨ขายบ้านเดี่ยวชั้นเดียว แปลงมุม โครงการหมู่บ้าน “ณ ชื่น”
📍#ใกล้ตลาดเจริญเจริญ

💰ลดราคาพิเศษเหลือเพียง 2.9 ล้านบาท (โอนคนละครึ่ง)
ราคาประเมินสูงกว่าขายจริง คุ้มสุดๆ

รายละเอียดบ้าน:
 • เนื้อที่ 61 ตร.วา (แปลงหัวมุม)
 • พื้นที่ใช้สอย 101 ตร.ม.
 • บ้านเดี่ยว 3 ห้องนอน | 2 ห้องน้ำ
 • ห้องครัวพร้อมบิ้วอิน + พื้นที่ซักล้าง
 • เฟอร์นิเจอร์บางส่วน
 • แอร์ 3 เครื่อง | เครื่องทำน้ำอุ่น 2 เครื่อง
 • ที่จอดรถ 2 คัน

🚘 ทำเลทอง เดินทางสะดวก
 • ใกล้ตลาดเจริญเจริญ
 • 10 นาทีถึงเซ็นทรัลเฟสติวัล
 • 10 นาทีถึงสนามบินเชียงใหม่ & เซ็นทรัลแอร์พอร์ต
 • ใกล้ รร.มงฟอร์ต, วารี, ยูนิตี้คอนคอร์ด, ช่อฟ้าซินเซิง, ยุวทูต

🌳 สิ่งอำนวยความสะดวก
 • สวนส่วนกลางขนาดใหญ่ ร่มรื่น
 • รปภ. 24 ชม. + CCTV

📲 สนใจนัดชมบ้านได้เลยค่ะ
✅ ฟรีบริการสินเชื่อ
☎️ [hidden information] (เนตร)
Line : natety_lovely

⸻

✨Single-Storey Corner House for Sale – “Na Chuen Village” Project
📍Near Charoen Charoen Market, Chiang Mai

💰Special Price: THB 2.9 Million (Transfer fee 50:50)
👉 Below bank appraisal value! Great investment.

Property Details:
 • Land size: 61 sq.wah (corner plot)
 • Usable area: 101 sq.m.
 • 3 Bedrooms | 2 Bathrooms
 • Built-in kitchen with laundry area
 • Partial furniture
 • 3 Air conditioners | 2 Water heaters
 • Parking for 2 cars

🚘 Convenient Location:
 • Near Charoen Charoen Market
 • 10 mins to Central Festival & Chiang Mai Airport
 • Close to Montfort College, Varee School, Unity Concord International School, Cho Fah Xinsheng, Ambassador Bilingual School

🌳 Facilities:
 • Large green community park
 • 24-hour security & CCTV

📲 Contact for viewing today!
✅ Free mortgage service provided
☎️ Tel: [hidden information] (Nate)
Line ID: natety_lovely

⸻

✨出售单层独栋转角房 —— “Na Chuen” 小区
📍近 Charoen Charoen 市场，清迈

💰特价：290万泰铢 （过户费 50:50）
👉 售价低于银行评估价，超值投资！

房屋详情：
 • 土地面积：61 坪（转角地）
 • 使用面积：101 平方米
 • 3 间卧室 | 2 间浴室
 • 精装厨房 + 洗衣区
 • 部分家具
 • 空调 3 台 | 热水器 2 台
 • 可停 2 辆车

🚘 黄金地段：
 • 靠近 Charoen Charoen 市场
 • 10 分钟到 Central Festival 商场
 • 10 分钟到清迈机场 & Central Airport 商场
 • 附近学校：蒙福中学、Varee 学校、Unity Concord 国际学校、Cho Fah Xinsheng、Ambassador 双语学校

🌳 小区配套：
 • 大型公共花园，绿意盎然
 • 24 小时安保 & 监控

📲 欢迎预约看房！
✅ 免费贷款服务
☎️ 电话：[hidden information] (Nate)
Line：natety_lovely"
https://www.facebook.com/marketplace/item/1122634963193126/,"บ้าน 4 ห้องนอน 6 ห้องน้ำ
ราคา: ฿22,800,000 | ขาย
https://youtu.be/ZguiYOb9FBA?si=ayokt8lGFNY8Vi4
🎈ราคาเริ่มต้นที่ 22.8 ล้าน (บ้านเปล่า) #บ้านพูลวิลล่าสุดหรูสร้างใหม่ #โซนวัดเกตุ - ถ.เจริญเมือง #ดีไซน์โมเดิร์นร่วมสมัย บนพื้นที่ย่านเศรษฐกิจสำคัญของเชียงใหม่ ประสบการณ์แห่งการอยู่อาศัยในแบบ Exclusive Contemporary Houses

บ้านเดี่ยว 1 ชั้น และ 2 ชั้น เอกสิทธิ์เฉพาะเพียง 13 ยูนิต
ที่สุดแห่งความเป็นส่วนตัว เงียบสงบ แต่รายล้อมด้วยสิ่งอำนวยความสะดวกมากมาย

✅โครงการ มีแบบบ้าน 2 Style ในเนื้อที่ 7 ไร่ 86 ตารางวา

◾Diamond Plus 💖มี 3 หลัง
เนื้อที่เริ่มต้น 347-597 ตรว. 
พื้นที่ใช้สอย 1022 ตรม.
5 ห้องนอน 7 ห้องน้ำ
4 ที่จอดรถ
💵ราคาเริ่มต้นที่ 46.7 ล้านบาท (บ้านเปล่า)

◾Sapphire Plus 💖มี 9 หลัง
เนื้อที่เริ่มต้น 140-163 ตรว. 
พื้นที่ใช้สอย 604 ตรม.
4 ห้องนอน 6 ห้องน้ำ
3 ที่จอดรถ
💵ราคาเริ่มต้นที่ 22.8 ล้านบาท (บ้านเปล่า)

“สัมผัสชีวิตสุดหรูใจกลางเมืองเชียงใหม่ กับพูลวิลล่าสุดเอ็กซ์คลูซีฟในโครงการ The Urban ดีไซน์สวยงาม
เป็นมิตรต่อสิ่งแวดล้อม ใกล้ทุกสิ่งที่คุณต้องการ สัมผัสประสบการณ์การอยู่อาศัยที่เหนือระดับ"" 

✨มาพร้อมอุปกรณ์เสริม
กริ่งหน้าบ้าน Wireless intercom
ประตูดิจิตอล Digital Door Lock by HAFELE
เครื่องชาร์จรถไฟฟ้า EV Charger / DC 
ประตูรั้วรีโมทอัตโนมัติ Automatic Remote Door
โซล่าเซลล์ ระบบ On-Grid HUAWEI Inverter 10KW
อุปกรณ์อัจฉริยะอิเล็กทรอนิคส์
เครื่องตรวจจับอัจฉริยะ Smart Sensor
กล้องวงจรปิด CCTV 
เปิด-ปิด ไฟฟ้า และเครื่องปรับอากาศ ผ่านแอปพลิเคชั่น

📍สถานที่ใกล้เคียง
โรงเรียนนานาชาติเชียงใหม่ 
โรงเรียนนานาชาติวินฟิลด์ 
โรงเรียนปรินส์รอยแยลส์วิทยาลัย 
โรงเรียนดาราวิทยาลัย 
โรงพยาบาลแมคคอร์มิค 
สถานีขนส่งอาเขต 
สถานีรถไฟ 
ร้านอาหารเดอะกู้ดวิว 
ห้างสรรพสินค้าเซนทรัลเฟสติวัล เชียงใหม่

🎉Starting price at 22.8 Mb. (empty house) #Newly built luxury pool villa #WatKet area - Charoen Mueang Road #Modern contemporary design In the important economic area of Chiang Mai Experience living in Exclusive Contemporary Houses

1 and 2-storey single houses, exclusive to only 13 units
The ultimate in privacy, quiet, but surrounded by many amenities

✅The project has 2 house styles on an area of 7 rai 86 square wah

◾Diamond Plus 💖There are 3 houses.
Starting area 347-597 sq.w.
Usable area 1022 sq.m.
5 bedrooms, 7 bathrooms
4 parking spaces
💵Starting price at 46.7 million baht (empty house)

◾Sapphire Plus 💖There are 9 houses.
Starting area 140-163 sq.w.
Usable area 604 sq.m.
4 bedrooms, 6 bathrooms
3 parking spaces
💵Starting price at 22.8 million baht (empty house)

“Experience a luxurious life in the heart of Chiang Mai With exclusive pool villas in The Urban project, beautifully designed

Environmentally friendly, close to everything you need Experience superior living experience""

✨Comes with accessories
Wireless intercom doorbell
Digital door lock by HAFELE
EV Charger / DC electric car charger
Automatic remote door
Solar cell On-Grid system HUAWEI Inverter 10KW
Smart electronic devices
Smart Sensor detector
CCTV camera
Turn on-off electricity and air conditioners via application

📍Nearby places
Chiang Mai International School
Winfield International School
Prince Royal's College
Darawittayalai School
McCormick Hospital
Arcade Bus Station
Train Station
The Good View Restaurant
Central Festival Chiang Mai

อยากได้อสังหาโซนไหน สอบถามเข้ามาได้เลย

ต้องการอสังหาแบบไหนที่ Northern Land Chiangmai เรามีครบ ครอบคลุม #ทั่วเชียงใหม่ ไม่ว่าจะเป็น
#พูลวิลล่า #บ้านใหม่ #บ้านมือสอง #บ้านเช่า #คอนโด #อสังหาพร้อมผู้เช่า #หอพัก #อพาร์ทเม้นท์ #ที่ดิน

✅รับจัดหาบ้าน, ที่ดิน, คอนโด, อสังหาริมทรัพย์ทั่วเชียงใหม่
✅บริการยื่นสินเชื่อทุกธนาคารฟรี ไม่มีค่าใช้จ่าย
✅ยื่นสินเชื่อที่อื่นไม่ผ่านรับดูแลต่อ พร้อมให้คำแนะนำ
✅ทำการตลาด สื่อ โฆษณา
✅เช็คเครดิตบูโร ฟรี 

👍นัดชมได้ทุกวันไม่มีวันหยุด
📲Line ID : @habanchiangmai หรือ https://lin.ee/netCDYF
หรือสอบถามเพิ่มเติมโทร 📞 086-9238951/ 065-5306944 / 085-9646661
✨ยินดีพาชม และให้คำปรึกษาด้านสินเชื่อ ฟรี"
https://www.facebook.com/marketplace/item/1123324719776769/,"2 ห้องนอน 1 ห้องน้ำ - บ้าน
ราคา: ฿5,500/เดือน | ขาย
บ้านให้เช่าเดือนละ5500 ใกล้ๆบิ๊กซี2และสนามบินเชียงราย
2ห้องนอน1ห้องน้ำ โทร.[hidden information]"
https://www.facebook.com/marketplace/item/1123480452638044/,"4 ห้องนอน 5 ห้องน้ำ - บ้าน
ราคา: ฿9,900,000 | ขาย
#PoolVilla #HouseForSaleWithLease
Price: 9.9 million baht
Yield: 8.5% per year
Ideal for investors
Contact us for more information 🙏🙏

#พูลวิลล่า #ขายบ้านพร้อมสัญญาเช่า 
ราคา 9.9 ล้านบาท  
อัตราค่าตอบแทน yield 8.5% ต่อปี
เหมาะสำหรับนักลงทุน
ติดต่อสอบถามได้ครับ 🙏🙏

We pleased to introduce a gorgeous Modern style House. 
new modern-style come with a Fully furnished - every rooms is beautifully and luxuriously decorated.  Everything is absolutely perfect and in the highest quality. 
and perfect location just 5 mins to the airport and 10-15 mins to old town of Chiangmai city. 

Private swimming pool.
Land size 104 square wah. or 416 Sqm.House size is 284 sqm. 
There are 4 Bedrooms and 
5 bathrooms.
1 large living room, nice decorating with high celling. 
1 office room. 
1 Western kitchen, built-In oven, gas stove, microwave, refrigerator, dining table, dinninh table set. 
Rolf top that you can enjoy views. 
2 cars parking, best and good quality grade premium, 
Fully furnished all newly furniture with luxury decoration. 

Selling price 9,900,000 Million Baht, 
Price for Rent, 70,000 / Month, includeding Moobann fee, swimming pool and garden care. 

This house is located in Hangdong area locations near by ,Central airport, BigC Tesco lotus,International school and Kad farang.

 บ้านสไตล์โมเดิร์น ขายพร้อมสัญญาเช่า มีรายได้ทันทีเกือบ 7%  ห้องพักทุกห้องตกแต่งด้วยเฟอร์นิเจอร์ครบครันทุกอย่างสมบูรณ์แบบ หรูหรา น่าอยู่ พร้อมย้ายเข้าอยู่ และทำเลที่ตั้งที่ใกล้เมือง เดินทางสะดวกสบายเพียง 5 นาทีไปยังสนามบินและ 10-15 นาทีไปยังตัวมือง เชียงใหม่

ห้องนั่งเล่นขนาดใหญ่ เพดานเปิดโล่งขึ้นสูงเน้นความโปร่งโล่งสบาย พร้อมตกแต่ง เฟอร์นิเจอร์ครบครัน พร้อมเครื่องใช้ไฟฟ้า
สระว่ายน้ำส่วนตัว และรูฟท๊อปนั่งชมวิว
ขนาดที่ดิน 104  ตารางวา หรือ 416 ตารางเมตร
พื้นที่ใช้สอยของตัวบ้านขนาด 284 ตารางเมตร
มีทั้งหมด 4 ห้องนอน 5 ห้องน้ำ 1 ห้องทำงาน 1 ห้องครัวฝรั่ง, บิวอินทั้งหมด มีเตาอบ, เตาแก๊ส, ไมโครเวฟ, ตู้เย็นขนาดใหญ่, ชุดโต๊ะรับประทานอาหาร, ชุดโต๊ะไม้สัก ที่จอดรถได้ 2 คัน ใช้วัสดุและอุปกรณ์ คุณภาพระดับพรีเมี่ยม ดีที่สุด เฟอร์นิเจอร์ใหม่ทุกอย่าง

ราคาขาย  9,900,000 บาท
ราคาเช่า 70,000 / เดือน รวมค่าส่วนกลาง ดูแล สระว่ายน้ำและดูแลสวน 

บ้านหลังนี้ตั้งอยู่ในพื้นที่อำเภอหางดง จังหวัดเชียงใหม่ สถานที่ใกล้เคียง, สนามบิน, บิ๊กซี หางดง, เทสโก้โลตัส, โรงเรียนนานาชาติ, กาดฝรั่ง

ข้อมูลการติดต่อ
สำหรับสอบถามรายละเอียด
เพิ่มเติม 

ต้องการนัดชมสถานที่จริง 
กรุณาติดต่อล่วงหน้า 1-2 วัน ขอบพระคุณครับ 🙏🙏

Tel.086-382-4056 
K.Khem 🇹🇭😎
Chiangmai  Thailand 
line id:land5400

Contact information below

For further inquiries

To schedule a viewing, please contact us 1-2 days in advance. Thank you. 🙏🙏

Tel.086-382-4056 
K.Khem 🇹🇭😎
Chiangmai  Thailand 
line id:land5400

#ขายบ้านเชียงใหม่ 
#บ้านหรูพูลวิลล่าเชียงใหม่
#บ้านเช่าเชียงใหม่
#LUXURYHOME  & #VillaChiangmai
#Condoforsale
#ขายโรงแรม
#ขายรีสอร์ท
#ขายที่ดินเชียงใหม่
#ขายที่ดินเปล่าเชียงใหม่
#ขายที่ดินจัดสรรแล้วเชียงใหม่"
https://www.facebook.com/marketplace/item/1124074156261807/,"3 ห้องนอน 2 ห้องน้ำ - บ้าน
ราคา: ฿3,300,000 | ขาย
💦ขาย/ให้เข่า บ้านสวย สันทราย สันป่าเปา เชียงใหม่ พร้อมเฟอร์พร้อมอยู่ทันที ทำเลดี บรรยากาศเยี่ยม สาธารณูปโภคครบครัน สะดวก สบาย ปลอดภัย สนใจทักมาค่ะ💦

💦เนื้อที่ 104 ตารางวา
💖3 ห้องนอน
💖2 ห้องน้ำ
💖2-3 จอดรถ
💖ห้องรับแขก
💖ห้องครัว

👍แถมฟรี
เฟอร์นิเจอร์ตามรูป
เครื่องใช้ไฟฟ้า
ฟรีโอน

ให้เช่า 23,000/เดือน
ราคาขาย 3.3 ล้านบาท

สนใจ [hidden information] พิมพ์ลตา"
https://www.facebook.com/marketplace/item/1124115366295342/,"บ้าน 3 ห้องนอน 3 ห้องน้ำ
ราคา: ฿20,000/เดือน | ขาย
Code : R2235

⛪ให้เช่าบ้าน 2 ชั้น โซนสารภี
3 ห้องนอน 3 ห้องน้ำ 1 ห้องครัว 1 ห้องโถงรับแขก 2 ที่จอดรถ มีสนามหน้าหน้าบ้านและหลังบ้าน
20,000.- บาท/เดือน สัญญาขั้นต่ำ 1 ปี  ฟรีค่าส่วนกลาง 
จ่ายประกัน 2 เดือน ล่วงหน้า 1 เดือน เข้าอยู่ได้เลย 
น้ำ ไฟ จ่ายตามมิเตอร์ ติดเซฟทีคัท ไว้เรียบร้อย
📏 พื้นที่ 70 ตรว.  พื้นที่ใช้สอย 148 ตรม.  


❌❌ไม่รับสัตว์เลี้ยง❌❌


📌สถานที่ใกล้เคียง
-โรงเรียนสารภีพิทยาคม
-โรงพยาบาลราชเวช เชียงใหม่
-ตลาดยางเนิ้ง
-Boonthavorn Mall
-มหาวิทยาลัยมหามกุฏราชวิทยาลัย วิทยาเขตล้านนา

🚪เฟอร์นิเจอร์
-แอร์ Inverter 3 ตัว 24000 BTU และ 18000 BTU , 9150 BTU 
-ตู้เย็น
-เครื่องกรองน้ำ RO 5 ขั้นตอน
-เครื่องล้างจาน bosch
-เครื่องทำน้ำอุ่นหม้อทองแดง 4500 W 
-โต๊ะอาหารลายหินอ่อน+เก้าอี้
-ชุดเตียง+ที่นอน 6 ฟุต จำนวนสองห้อง ,
-พัดลม
-ผ้าม่านกัน UV มุ้งจีบทั้งหลัง
-โซฟา L-Shape ของ Index  Living mall ซื้อมาใหม่ยังไม่ได้ใช้งาน
-ชุดเตาแก๊ส
-เครื่องซักผ้า ฝาบน samsung INVERTER 15 กิโลกรัม


⛪2-storey house for rent, Saraphi area
3 bedrooms, 3 bathrooms, 1 kitchen, 1 living room, 2 parking spaces, front and back yard
20,000.- baht/month, minimum 1 year contract, free common fee
Pay 2 months security deposit, 1 month in advance, move in immediately
Water and electricity are paid according to the meter, with safety cut installed
📏 Area 70 sq.w., usable area 148 sq.m.


❌❌No pets allowed❌❌


📌Nearby places
-Saraphi Pittayakhom School
-Rajavej Hospital, Chiang Mai
-Yang Noeng Market
-Boonthavorn Mall
-Mahamakut Buddhist University, Lanna Campus


🚪Furniture
-3 Inverter air conditioners 24000 BTU and 18000 BTU, 9150 BTU
-Refrigerator
-5-step RO water filter
-Bosch dishwasher
-4500 W copper water heater
-Marble dining table + chairs
-2-bedroom 6-foot bed set,
-Fan
-UV curtains, pleated mosquito nets
-Index Living mall L-Shape sofa, new but never used
-Gas stove set
-Samsung INVERTER top-loading washing machine 15 kg


🔹รวมคอนโดว่างให้เช่า🔹
➡️ https://teedd.co/เช่าคอนโดฯ/
🔹รวมบ้านว่างให้เช่า🔹
➡️ https://teedd.co/เช่าบ้าน/
•รับจัดหาบ้าน,ที่ดิน,คอนโด,อสังหาริมทรัพย์
นัดชมได้ทุกวันไม่มีวันหยุด | รับนายหน้า CO-AGENT
Line:@teedd (มี@)
https://lin.ee/6c10cxd



Code : R2235
🚨บริษัท ที่ดีดี จำกัด | รับซื้อ | ขาย | เช่า
🚨จัดหาบ้าน,คอนโด ตามงบประมาณ
🚨รับทำ TM30 แจ้งต่างชาติเข้าพัก
🚨ดูแลตลอดสัญญาเช่า

📌นัดชมได้ทุกวัน | รับ CO-AGENT
Line : @teedd (มี@)
Tel : 052-005-009

#บ้าน #บ้านเช่า #บ้านเช่าเชียงใหม่
#คอนโด #เช่าคอนโด #คอนโดให้เช่า"
https://www.facebook.com/marketplace/item/1124993579187867/,"บ้าน 4 ห้องนอน 5 ห้องน้ำ
ราคา: ฿9,800,000 | ขาย
ให้เช่า 75,000 บาท/เดือน ขาย 9.8 ล้าน #โซนแม่เหียะ
บ้านเดี่ยว 2 ชั้น พร้อมสระว่ายน้ำส่วนตัว #เฟอร์นิเจอร์ครบ #หิ้วกระเป๋าพร้อมเข้าอยู่ได้เลย

พื้นที่ดิน 80 ตร.ว.
4 ห้องนอน 5 ห้องน้ำ
ห้องรับแขก
ห้องรับประทานอาหาร
ห้องครัว
สระว่ายน้ำระบบเกลือ ขนาด 4x6 เมตร
ที่จอดรถ

เฟอร์นิเจอร์ครบ
แอร์, โซฟา, ทีวี, ตู้เย็น, เตาอบ, ไมโครเวฟ

ราคาเช่า: 75,000 บาท/เดือน (สัญญา 1 ปี)
ราคาขาย: 9,800,000 บาท (โอนคนละครึ่ง 50/50)

ใกล้ Big C แม่เหียะ, แมคโคร, ร้านอาหาร, ธนาคาร, ตลาดสด, สนามบิน

อยากได้อสังหาโซนไหน สอบถามเข้ามาได้เลย

ต้องการอสังหาแบบไหนที่ Northern Land Chiangmai เรามีครบ ครอบคลุม #ทั่วเชียงใหม่ ไม่ว่าจะเป็น
#พูลวิลล่า #บ้านใหม่ #บ้านมือสอง #บ้านเช่า #คอนโด #อสังหาพร้อมผู้เช่า #หอพัก #อพาร์ทเม้นท์ #ที่ดิน

รับจัดหาบ้าน, ที่ดิน, คอนโด, อสังหาริมทรัพย์ทั่วเชียงใหม่
บริการยื่นสินเชื่อทุกธนาคารฟรี ไม่มีค่าใช้จ่าย
ยื่นสินเชื่อที่อื่นไม่ผ่านรับดูแลต่อ พร้อมให้คำแนะนำ
ทำการตลาด สื่อ โฆษณา
เช็คเครดิตบูโร ฟรี

นัดชมได้ทุกวันไม่มีวันหยุด
Line ID : @habanchiangmai หรือ https://lin.ee/netCDYF
หรอสอบถามเพิ่มเติมโทร 086-9238951/ 065-5306944 / 085-9646661
นดีพาชม และให้คำปรึกษาด้านสินเชื่อ ฟรี

เว็บไซต์บริษัท : https://northernlandandhousechiangmai.com/en

หาบ้าน เชียงใหม่ : https://www.habanchiangmai.com/

เพจหาบ้าน เชียงใหม่ : https://www.facebook.com/HabanHabanchiangmai?mibextid=ZbWKwL

YouTube : https://youtube.com/@northernlandhousechiangmai6664

Instagram : https://instagram.com/northernland.cm?igshid=YmMyMTA2M2Y=

TIKTOK : https://www.tiktok.com/@northerland_cnx?_t=8bwxggLIxlv&_r=1

สนใจอสังหาริมทรัพย์อื่นๆ คลิ๊ก
For Sale
https://www.facebook.com/NorthenlandHouse-Chiangmai-1774295549481349/
For Rent
https://www.facebook.com/Northernland-House-For-Rent-In-Chiangmai-228643327897310/

พูลวิลล่าเชียงใหม่
https://www.facebook.com/profile.php?id=100081907720597&mibextid=LQQJ4d

ที่ดิน
https://www.facebook.com/profile.php?id=100075781194500&mibextid=LQQJ4d

ขายคอนโด เชียงใหม่
https://www.facebook.com/profile.php?id=100076053777727&mibextid=LQQJ4d

หอพัก
https://www.facebook.com/profile.php?id=100086620509112&mibextid=LQQJ4d

อสังหาริมทรัพย์พร้อมผู้เช่า
https://www.facebook.com/profile.php?id=100075856546688&mibextid=LQQJ4d

#บ้านเชียงใหม่
#บ้านราคาถูกเชียงใหม่
#บ้านมือสองเชียงใหม่
#บ้านสร้างใหม่เชียงใหม่
#บ้านทำเลดีเชียงใหม่
#บ้านพร้อมอยู่เชียงใหม่
#พูลวิลล่าเชียงใหม่
#NorthernlandChiangmai
#อสังหาพร้อมผู้เช่าเชียงใหม่
#บ้านสวยเชียงใหม่
#บ้านพร้อมเฟอร์นิเจอร์เชียงใหม่
#บ้านสวนเชียงใหม่
#NorthernlandandHousechiangmai #Northernland"
https://www.facebook.com/marketplace/item/1125021276369466/,"4 ห้องนอน · 3 ห้องน้ำ
ราคา: ฿25,000/เดือน | ขาย
🐾 𝗣𝗲𝘁-𝗳𝗿𝗶𝗲𝗻𝗱𝗹𝘆  
🏡 𝗙𝗼𝗿 𝗥𝗲𝗻𝘁 – 𝗖𝗼𝗿𝗻𝗲𝗿 𝗣𝗹𝗼𝘁 𝗛𝗼𝘂𝘀𝗲 𝘄𝗶𝘁𝗵 𝗟𝗮𝗿𝗴𝗲 𝗚𝗮𝗿𝗱𝗲𝗻, 𝗥𝗼𝘆𝗮𝗹 𝗩𝗶𝗹𝗹𝗲, 𝗕𝗮𝗻 𝗪𝗮𝗲𝗻, 𝗛𝗮𝗻𝗴 𝗗𝗼𝗻𝗴, 𝗖𝗵𝗶𝗮𝗻𝗴 𝗠𝗮𝗶  
💰 𝗥𝗲𝗻𝘁: 𝟮𝟱,𝟬𝟬𝟬 𝗧𝗛𝗕/𝗺𝗼𝗻𝘁𝗵 (𝗻𝗲𝗴𝗼𝘁𝗶𝗮𝗯𝗹𝗲)  
📍 𝗨𝗻𝗳𝘂𝗿𝗻𝗶𝘀𝗵𝗲𝗱 | 𝗙𝘂𝗿𝗻𝗶𝘁𝘂𝗿𝗲 𝗰𝗮𝗻 𝗯𝗲 𝗱𝗶𝘀𝗰𝘂𝘀𝘀𝗲𝗱 | 𝗥𝗲𝗮𝗱𝘆 𝘁𝗼 𝗺𝗼𝘃𝗲 𝗶𝗻
(请向下滚动) (ภาษาไทยกรุณาเลื่อนลง)
Property ID: RHHD-25K43

✨ 2-storey detached house on premium corner plot 🌳  
• Surrounded by lawn and mature trees | Private, peaceful, spacious  
• Land: 185 sq.wah | 4 bedrooms | 3 bathrooms | 1 kitchen | 1 storage room  
• Covered parking | Excellent residential environment

🌿 Nearby: 5 min to Kad Farang (mall, restaurants, supermarket)  
🎓 Close to top international schools

📜 Terms: Pet-friendly | Furniture optional | 1-year contract | 2-month deposit | 1-month advance  
📍 Location: [Google Maps](https://maps.app.goo.gl/Ze9nF3oEzWhQwwXK6)  
📩 Message now to book a viewing  
#ChiangMaiHouseForRent #RoyalVilleLiving #HangDongHome

---

🐾 可携宠入住  
🏡 出租 – 清迈 Hang Dong Ban Waen Royal Ville 项目转角独栋别墅，带大花园  
💰 租金：每月 25,000 泰铢（可议价）  
📍 空房无家具 | 可协商配家具 | 房屋空置可立即入住

✨ 双层独栋别墅，位于优质转角地段 🌳  
• 被草坪与大树环绕 | 私密安静，空间宽敞  
• 土地面积：185 平方哇 | 4 间卧室 | 3 间浴室 | 1 厨房 | 1 储藏室  
• 有遮棚停车位 | 居住环境优越

🌿 周边地标：5 分钟到 Kad Farang（商场、餐厅、超市）  
🎓 附近有多所国际学校

📜 条款：可携宠入住 | 家具可协商 | 租期 1 年 | 押金 2 个月 | 预付 1 个月  
📍 位置参考：[Google 地图](https://maps.app.goo.gl/Ze9nF3oEzWhQwwXK6)  
📩 欢迎私信预约看房  
#清迈出租房 #RoyalVille生活 #HangDong别墅

---

🐾 รับสัตว์เลี้ยง  
🏡 ให้เช่าบ้านเดี่ยวหัวมุมพร้อมสวนใหญ่ – หมู่บ้านโรยัลวิลล์ ต.บ้านแหวน อ.หางดง เชียงใหม่  
💰 ค่าเช่า 25,000 บาท/เดือน (ราคาต่อรองได้)  
📍 บ้านเปล่า | หากต้องการเฟอร์นิเจอร์สามารถพูดคุยกันได้ | บ้านว่างพร้อมอยู่

✨ บ้านเดี่ยว 2 ชั้น บนแปลงหัวมุมพรีเมียม 🌳  
• โอบล้อมด้วยสนามหญ้าและต้นไม้ใหญ่ | บรรยากาศร่มรื่น เป็นส่วนตัว  
• เนื้อที่ 185 ตร.วา | 4 ห้องนอน | 3 ห้องน้ำ | 1 ห้องครัว | 1 ห้องเก็บของ  
• ที่จอดรถในร่ม | สภาพแวดล้อมสงบ ปลอดภัย

🌿 ทำเลดีเยี่ยม: 5 นาทีถึงกาดฝรั่ง (ศูนย์การค้า, ร้านอาหาร, ซูเปอร์มาร์เก็ต)  
🎓 ใกล้โรงเรียนนานาชาติหลายแห่ง

📜 เงื่อนไข: รับสัตว์เลี้ยง | เฟอร์นิเจอร์คุยกันได้ | สัญญา 1 ปี | มัดจำ 2 เดือน | ล่วงหน้า 1 เดือน  
📍 พิกัด: [Google Maps](https://maps.app.goo.gl/Ze9nF3oEzWhQwwXK6)  
📩 ทักแชทเพื่อจองชมบ้านค่ะ  
#บ้านให้เช่าเชียงใหม่ #RoyalVilleเชียงใหม่ #บ้านหางดง

---

Please get in touch with Olive at Baan Lanna Property today!  
💬 Simply send us a direct message via Facebook Messenger!  
📞 Call/Line: 063-5693946  
📲 Line: https://line.me/ti/p/7C06oU2Fq6  
🌐 WhatsApp: +6635693946  

📅 Please schedule your viewing at least 1 day in advance. Location details will be shared after your appointment is confirmed.  

🌟 Explore our listings at https://www.facebook.com/homeddcnx  
🏷️ #BaanLannaProperty"
https://www.facebook.com/marketplace/item/1126953812856405/,"3 ห้องนอน 2 ห้องน้ำ - บ้าน
ราคา: ฿2,090,000 | ขาย
#บ้านสร้างใหม่โซนสันกำแพง ขนาด 60.50ตร.ว. 3นอน 2 น้ำ 2 ที่จอดรถ | เพียง 2.09ลบ. #เครดิตมีเงินเหลือ!!
📌ทำเลที่ตั้ง: บ้านสันโค้ง ต.ทรายมูล อ.สันกำแพง
🚗 เดินทางสะดวก เพียง 1.5 กม. จากข่วงสันกำแพง

✨ รายละเอียดบ้าน ✨
✅ ขนาดที่ดิน: 60.50 ตร.ว. (แปลงมุม)
✅ พื้นที่ใช้สอย: 130 ตร.ม.
✅ ฟังก์ชันการใช้งาน:
🔵 3 ห้องนอน
🔵 2 ห้องน้ำ
🔵 1 ห้องครัว
🔵 1 ห้องรับแขก
🔵 1 โซนทานอาหาร
🔵 1 โซนซักล้าง
✅ ที่จอดรถ 2 คัน พร้อมพื้นทรายล้าง
✅ ถนนภายในโครงการกว้าง 7 เมตร
✅ ฟรีค่าโอน + ของแถมมากมาย
----------------------------------------------------------

🏡 รายละเอียดแปลงบ้าน 🏡
📍 พร้อมโอนทันที
✅ | 60.50 ตร.ว. | ราคา 2,090,000 บาท ราคาประเมิน 2,590,000 บาท

💰 ลูกค้าที่มีเครดิตดี มีโอกาสได้รับส่วนต่างหลักแสน!

🔷🔹รหัสทรัพย์ HCo-03166🔹🔷

สนใจติดต่อ/นัดชมบ้าน
📲:[hidden information]
📲:[hidden information]
ไลน์ ไอดี: HugHome9789

#บ้านเชียงใหม่ราคาถูก 
#บ้านสวยราคาถูกเชียงใหม่ 
#คอนโดเชียงใหม่ราคาถูก 
#บ้านคอนโดให้เช่าเชียงใหม่ 
#บ้านเช่าราคาถูกเชียงใหม่ 
#เช่าคอนโดเชียงใหม่ 
#ᕼᑌGᕼOᗰEᖇEᗩᒪEᔕTᗩTEเป็นมากกว่าคู่ค้าแต่เราคือคู่คิด"
https://www.facebook.com/marketplace/item/1127271882842006/,"บ้าน 3 ห้องนอน 3 ห้องน้ำ
ราคา: ฿3,690,000 | ขาย
New modern house with natural atmosphere, Tambon Mueang Kaew, Amphoe Mae Rim, Chiang Mai, near the city, convenient transportation

Starting price at only 3.69 million baht
(including transfer fee)

ID: HSMR9454D

Line ID: @kumuang
Click: https://lin.ee/aZt6O7

Contact / Contact:
Call + Line + WhatsApp:
093-0429054,094-714-5355,062-5465828

A great opportunity for those looking for a new single house in Mae Rim-Mueang Kaew area, surrounded by nature, quiet, suitable for long-term living, with complete basic facilities

Phase 18 project has only 15 plots on a starting area of 80 square wah, each plot is designed to fit the lifestyle of a modern family

House details
Usable area inside 136 square meters
Usable area including garage 150 square meters
Size 3 bedrooms, 3 bathrooms
Parking for 2 cars
Electricity and internet cables buried underground
Granite tiles throughout the house
Built-in kitchen with real granite countertop
Luxurious marble bar counter

Special gifts inside the house
Water pump
Water tank
Hood
Electric stove
Quality granite tiles

Project highlights
Plot 1 faces south, receives good wind all year round
Electricity and internet systems are underground, increasing safety and beauty
Newly built house, ready to move in immediately
High quality construction and decoration materials

Nearby landmarks
Mae Rim Macro 7 mins
Prem Tinsulanonda School 10 mins
Mae Rim Market 12 mins
Four Seasons Resort 13 mins
Chiang Mai Airport 30 mins

บ้านใหม่ดีไซน์ทันสมัย บรรยากาศธรรมชาติ ตำบลเหมืองแก้ว อำเภอแม่ริม เชียงใหม่ ใกล้เมือง เดินทางสะดวก

ราคาขายเริ่มต้นเพียง 3.69 ล้านบาท
(รวมค่าโอนกรรมสิทธิ์เรียบร้อยแล้ว)

ID: HSMR9454D

Line ID: @kumuang
Click: https://lin.ee/aZt6O7

Contact / Contact:
Call + Line + WhatsApp:
093-0429054,094-714-5355,062-5465828

โอกาสดีสำหรับผู้ที่กำลังมองหาบ้านเดี่ยวหลังใหม่ ในทำเลแม่ริม–เหมืองแก้ว รายล้อมด้วยธรรมชาติ เงียบสงบ เหมาะสำหรับการอยู่อาศัยในระยะยาว พร้อมสิ่งอำนวยความสะดวกพื้นฐานครบครัน

โครงการเฟส 18 มีเพียง 15 แปลงเท่านั้น บนพื้นที่เริ่มต้น 80 ตารางวา แต่ละแปลงออกแบบให้ลงตัวกับการใช้ชีวิตของครอบครัวสมัยใหม่

รายละเอียดบ้าน
พื้นที่ใช้สอยภายใน 136 ตารางเมตร
พื้นที่ใช้สอยรวมโรงรถ 150 ตารางเมตร
ขนาด 3 ห้องนอน 3 ห้องน้ำ
ที่จอดรถ 2 คัน
สายไฟฟ้าและสายอินเทอร์เน็ตระบบฝังดิน
กระเบื้องแกรนิตโต้ทั้งหลัง
บิ้วอินครัวพร้อมเคาน์เตอร์ท็อปหินแกรนิตแท้
เคาน์เตอร์บาร์หินอ่อนหรูหรา

ของแถมพิเศษภายในบ้าน
ปั๊มน้ำ
แท้งค์น้ำ
ฮูดดูดควัน
เตาไฟฟ้า
กระเบื้องแกรนิตคุณภาพ

จุดเด่นของโครงการ
แปลงที่ 1 หันหน้าทิศใต้ รับลมดีทั้งปี
ระบบไฟฟ้าและอินเทอร์เน็ตลงใต้ดิน เพิ่มความปลอดภัยและความสวยงาม
บ้านสร้างเสร็จใหม่ พร้อมเข้าอยู่ได้ทันที
วัสดุก่อสร้างและตกแต่งคุณภาพสูง

สถานที่สำคัญใกล้เคียง
แม็คโครแม่ริม 7 นาที
โรงเรียนเปรมฯ (Prem Tinsulanonda) 10 นาที
ตลาดแม่ริม 12 นาที
โฟร์ซีซั่น รีสอร์ต 13 นาที
สนามบินเชียงใหม่ 30 นาที

新建现代住宅，拥有自然氛围
位于清迈府Mae Rim区Mueang Kaew乡，靠近市区，交通便利

起价仅 3.69 百万泰铢
（含过户费）

ID: HSMR9454D

Line ID: @kumuang
Click: https://lin.ee/aZt6O7

Contact / Contact:
Call + Line + WhatsApp:
093-0429054,094-714-5355,062-5465828

这是寻找Mae Rim-Mueang Kaew地区新独栋住宅的绝佳机会，周围环境自然宁静，适合长期居住，配备完整基础设施
第18期项目仅有15个地块，起始面积80平方华，每个地块均根据现代家庭的生活方式设计

房屋详情
室内可用面积：136 平方米
含车库可用面积：150 平方米
户型：3间卧室，3间浴室
可停2辆车
电力及网络线管埋设地下
全屋花岗岩瓷砖
内置厨房配真实花岗岩台面
豪华大理石吧台
房屋内附赠
水泵
水箱
抽油烟机
电炉
高品质花岗岩瓷砖
项目亮点
1号地块朝南，全年通风良好
电力及网络系统埋于地下，提升安全与美观
新建房屋，即刻可入住
高质量建筑与装饰材料

附近地标
Mae Rim Macro 7分钟
Prem Tinsulanonda学校 10分钟
Mae Rim市场 12分钟
四季度假村 13分钟
清迈机场 30分钟
Don't miss out on this rare opportunity—contact us today to schedule a viewing!

บริษัท คูเมือง พร็อพเพอร์ตี้ส์ จำกัด
Kumuang Properties Co.,Ltd. -
Website: https://kumuangproperties.com

Line ID : @kumuang
Click: https://lin.ee/aZt6O7r

Call + Line + WhatsApp + WeChat : : 093-0429054,066-1125191 ,062-5465828 

Email: [hidden information]

Facebook Page: 
For Sale: https://www.facebook.com/kumuangproperties/
For Rent: https://www.facebook.com/rent.kumuangproperties.chiangmai/"
https://www.facebook.com/marketplace/item/1127299999362520/,"5 ห้องนอน · 3 ห้องน้ำ
ราคา: ฿15,000/เดือน | ขาย
🐶ยินดีต้อนรับสัตว์เลี้ยง 
บ้านให้ เช่าไกล้เซ็นทรัลเฟสติวัล  15000 บาท ต่อเดือน
บ้านสองชั้น บนเนื้อที่ 100 ตารางวา มีสนามหญ้าหน้าบ้านกว้างขวาง มีที่จอดรถได้ 3-4 คัน
บ้านมีทั้งหมด 5 ห้องนอน ( รวมห้องแม่บ้าน) 3ห้องน้ำ มีเคาเตอร์ครัว แต่ ไม่มีเฟอร์นิเจอร์ไดๆ เป็นบ้านเปล่า ไม่มีแอร์
สถานที่ไกล้เคียง 
ไกล้เซ็นทรัลเฟสติวัลเพียง 2-3 นาที
ไกล้ตลาดสามแยก
ไกล้มหาวิทยาลัยพายัพ
จากตัวเมืองเชียงใหม่( ประตูท่าแพ ) ประมาณ 10-15 นาที 
สัญญาเช่า 1 ปี 
ประกัน 2 เดือน
ล่วงหน้า 1 เดือน
 สนใจสอบถามรายละเอียดเพิ่มเติม และนัดดูบ้านได้คะ 
โทร  [hidden information] เกศณี"
https://www.facebook.com/marketplace/item/1127350315828147/,"4 ห้องนอน 2 ห้องน้ำ - บ้าน
ราคา: ฿1,600,000 | ขาย
สันป่าตอง บ้านป่าลาน เส้นถนนหนองคองขายด่วนเงินสดลดอีกแสน
ป่าลาน ตำบลทุ่งต้อม ซอย7
บ้าน 246ตารางวา
4-5นอน
2ห้องน้ำิ
ใก้ลถนนใหญ่ เส้นสันป่าตอง หนองตอง"
https://www.facebook.com/marketplace/item/1127666896143673/,"4 ห้องนอน 3 ห้องน้ำ - บ้าน
ราคา: ฿22,000/เดือน | ขาย
#Rent79 #ให้เช่าบ้านเดี่ยว2ชั้นนอกโครงการ

♦️แถวถนนสมโภชเชียงใหม่ 700 ปี
♦️ ใกล้เทศบาลท่าศาลาเชียงใหม่ 

🟩 4 ห้องนอน 3 ห้องน้ำ
🟩 พื้นที่ใช้สอย  275 ตารางวา
🟩 บ้านหันหน้าไปทางทิศเหนือ

- ใกล้เทศบาลท่าศาลา
- ใกล้ 7-11
- ห่างจากเซ็นทรัลเฟสทิวัลเชียงใหม่ ไม่ถึง10นาที

⛔️ค่าเช่าเดือนละ 22,000 บาท สัญญาเริ่มต้น 1 ปี
ประกัน 2 เดือนล่วงหน้า 1 เดือน

⛔️ราคาขาย 4.9 ล้านบาท 

(Kit)
#สนใติดต่อ
#บ้านเช่าภาคเหนือ
Tel:081-9653229 k.Tonaor
Line https://line.me/ti/p/pgQh6Qnxyd
WhatApp +66 81 965 3229
#รับฝากปล่อยเช่าและจัดหาบ้านเช่า

#แอดลิงค์บ้านเช่าภาคเหนือเลยคะ https://lin.ee/ae0Z4WW"
https://www.facebook.com/marketplace/item/1127702309178260/,"3 ห้องนอน · 3 ห้องน้ำ
ราคา: ฿20,000/เดือน | ขาย
Property ID: #HR2280

Townhouse for Rent – The Greenery Loft @Tha Sala
📍 Prime Location: Just 400 meters from Makro intersection, near Makro, Central Festival, Big C Extra, Big C Donchan, Bangkok Hospital, Thawee Chok Market, Mega Home, and major banks. Convenient city living with easy access to amenities.
🏡 Property Details:
 • 3-story townhouse
 • 3 bedrooms, 4 bathrooms
 • Parking for 2 cars
 • Fully furnished with built-in furniture
 • 3 air conditioners ✅
 • 3 water heaters ✅
 • Free 3BB Wi-Fi ✅
💰 Rental Price: 20,000 THB/month
📜 Lease Term: Minimum 1-year contract
🔐 Security Deposit: 2 months rent

บ้านเช่าThe greenery loft @ท่าศาลาพิกัด 400 ม.จากสี่แยกแมคโคร ใกล้แมคโคร เซนเฟส บิ้กซีเอ็ดตร้า บิ้กซีดอนจั่น โรงพยาบาลกรุงเทพ ตลาดทวีโชค เมกะโฮมและธนาคาร อยู่ในเมืองใกล้แหล่งอำนวยความสะดวกหลายแห่ง  
บ้านเช่า 3 ชั้น 3 ห้องนอน 4 ห้องน้ำ จอดรถได้2คัน
บ้านสามารถทำโฮมออฟฟิตได้
    • แอร์3ตัว✅ 
    • เครื่องทำน้ำอุ่น 3 ✅
    • บิ้วอินและเฟอร์นิเจอร์ตามภาพ✅
    • ฟรีเน็ต3bb✅  
ปล่อยเช่าอยู่ที่เดือนละ20,000฿ สัญญาเช่า1ปีขึ้นไป ค่าประกันบ้าน2เดือน 

----------------------------

For more information please contact us
Line ID: chiangmaihomeandland
Call us: [hidden information] (Eng-Thai)
... T H A N K Y O U ...

#บ้านเช่าเชียงใหม่ #บ้านให้เช่าเชียงใหม่ #บ้านเช่าราคาถูก #บ้านขายเชียงใหม่ #chiangmaihomeandland #houseforrent #condoforrent #renthousechiangmai"
https://www.facebook.com/marketplace/item/1127792929556681/,"2 ห้องนอน 3 ห้องน้ำ - บ้าน
ราคา: ฿16,000/เดือน | ขาย
โครงการอรสิริน วิลล์ โชตนา

🛒สิ่งอำนวยความสะดวกใกล้เคียง:
✅บิ๊กซีมินิ: 300 เมตร
✅ร้านสะดวกซื้อ 7-Eleven: 350 เมตร
✅ร้านขายยา: 330 เมตร
✅ห้างสรรพสินค้า: 350 เมตร
✅ร้านอาหารและคาเฟ่: 350 เมตร
✅ตลาดตะวันตก: 850 เมตร

🚗ประมาณ 10 นาทีถึงย่านธุรกิจ
✅โรงพยาบาลลานนา: 7 นาที
✅ถนนนิมมาน: 8 นาที
✅เมืองโบราณ: 10 นาที
✅ห้างมีโชค: 9 นาที
✅ห้างเซ็นทรัล: 12 นาที
✅โรงพยาบาลกรุงเทพ: 12 นาที
✅มหาวิทยาลัยเชียงใหม่: 12 นาที
✅ห้างเมญ่า: 12 นาที

🏫โรงเรียนนานาชาติ
✅NIS International 5 นาที
✅สนามบินนานาชาติสิงคโปร์ (12 นาที)
✅สนามบินนานาชาติเชียงใหม่ (12 นาที)
✅สนามบินนานาชาติยูนิตี้ (15 นาที)
✅สนามบินนานาชาติวาร์ (16 นาที) นาที)

⛳️สนามกอล์ฟ
✅ สนามกอล์ฟล้านนา (18 หลุม) (4 นาที)
✅ สนามกอล์ฟกรีนวัลเลย์ (18 หลุม) (10 นาที)

⛰️สถานที่ท่องเที่ยว
✅ สวนดอกไม้เมือง (7 นาที)
✅ อุทยานแห่งชาติพระราม 9 (4 นาที)
✅ สนามยิงปืน (2 กม.)
✅ สนามเด็กเล่น (3.3 กม.)
✅ หอดูดาวสิรินธร (4.5 กม.)
✅ สวนแกะ (8.6 กม.)
✅ ปางช้างแม่ริม (13.9 กม.)
✅ น้ำตกแม่สา (15.7 กม.)

โทร [hidden information]"
https://www.facebook.com/marketplace/item/1128838549144534/,"บ้าน 3 ห้องนอน 3 ห้องน้ำ
ราคา: ฿20,000/เดือน | ขาย
🏡ให้เช่า บ้าน โซนสันกำเเพง ใกล้กาดศรีอรุณ
เดือนละ 20,000 บาท สัญญา 1 ปี
✅พร้อมอยู่  ❌ไม่รับสัตว์เลี้ยง

ประกัน 2 เดือน ล่วงหน้า 1 เดือน

📏 พื้นที่รวม 51 ตารางวา | พื้นที่บ้าน 164 ตารางเมตร

รายละเอียด :
🛏 3 ห้องนอน 
🛁 3 ห้องน้ำ
🛋 1 ห้องนั่งเล่น
🍳 1 ห้องครัว
🚗 สามารถจอดรถได้ 2 คัน

รายละเอียดเพิ่มเติม :
✨ โซฟา
✨ ชุดโต๊ะทานอาหาร
✨ ทีวี
✨ ตู้เย็น
✨ เตียงนอน
✨ แอร์
✨ เตาแก๊ส + เครื่องดูดควัน
✨ ไมโครเวฟ
✨ ตู้เสื้อผ้า
✨ โต๊ะเครื่องแป้ง
✨ เครื่องทำน้ำอุ่น

📍สถานที่ใกล้เคียง :
🚩 วัดสันป่าแดง
🚩 เซ็นทรัล เชียงใหม่
🚩 สถานีรถไฟ
🚩 มหาวิทยาลัยพายัพ
🚩 โรงพยาบาลสันกำเเพง

🏡 House for rent in San Kamphaeng, near Kad Sri Arun.
20,000 baht per month, 1-year contract.
✅ Ready to move in. ❌No pets allowed.

2-month security deposit, 1 month advance payment.

📏 Total area: 51 square wah | House area: 164 square meters.

Details:
🛏 3 bedrooms
🛁 3 bathrooms
🛋 1 living room
🍳 1 kitchen
🚗 Parking for 2 cars

Additional details:
✨ Sofa
✨ Dining table set
✨ TV
✨ Refrigerator
✨ Bed
✨ Air conditioner
✨ Gas stove + range hood
✨ Microwave
✨ Wardrobe
✨ Dressing table
✨ Water heater

📍Nearby locations:
🚩 Wat San Pa Daeng
🚩 Central Chiang Mai
🚩 Train station
🚩 Payap University
🚩 San Kamphaeng Hospital

Code : R3047
🚨บริษัท ที่ดีดี จำกัด | รับซื้อ | ขาย | เช่า
🚨จัดหาบ้าน,คอนโด ตามงบประมาณ
🚨รับทำ TM30 แจ้งต่างชาติเข้าพัก
🚨ดูแลตลอดสัญญาเช่า

📌นัดชมได้ทุกวัน | รับ CO-AGENT
Line : @teedd (มี@)
Tel : [hidden information]

#บ้าน #บ้านเช่า #บ้านเช่าเชียงใหม่
#คอนโด #เช่าคอนโด #คอนโดให้เช่า"
https://www.facebook.com/marketplace/item/1129084378752244/,"3 ห้องนอน · 3 ห้องน้ำ
ราคา: ฿35,000/เดือน | ขาย
3 Bed House for Rent in Mueang Chiang Mai

House for Rent at Siwalee Choeng Doi

Property ID: SERE20697

Bedrooms: 3

Bathrooms: 3

Living Area: 170

Land: 54.4 Sq Wah

Pet Friendly

Club House, Community Pool, Fitness, Car Park, Kids Area, 24h Security, CCTV, Security

Rent Price(1 year lease): 35000 Baht"
https://www.facebook.com/marketplace/item/1129348768640874/,"2 ห้องนอน 1 ห้องน้ำ - บ้าน
ราคา: ฿1,690,000 | ขาย
💢 บ้านสวยรีโนเวทใหม่ทั้งหลัง พร้อมกับบรรยากาศธรรมชาติครับ💢
       เนื้อที่เหลือๆจัดเต็ม 124 ตาราง วา
ขนาด 2 ห้องนอน 1 ห้องน้ำ 1 ห้องโถง ห้องครัวแยกออกมาจากทางด้านข้าง เพื่อความสะดวกสบายในการทำอาหารครับ‼️
  📌 พิกัด  บ้านหัวทุ่ง ตำบลพระบาท จ.ลำปาง
      
🚩ของแถม 🚩
📢 ติดตั้งผ้าม่านให้ใหม่หมดทั้งหลัง
📢 เฟอร์นิเจอร์ภายในบ้าน

  💸ราคา  1.69 ลบ. ( ค่าโอนคนละครึ่ง )

#ดำเนินสินเชื่อให้ทุกอย่างจนแล้วเสร็จฟรี
ยินดีให้คำปรึกษาฟรี!! เกี่ยวกับเรื่องสินเชื่อเพื่อบ้านที่อยู่อาศัย
สอบถามทักแชทหรือโทร
☎️ [hidden information] คุณเอก"
https://www.facebook.com/marketplace/item/1129633485783658/,"3 ห้องนอน 2 ห้องน้ำ - บ้าน
ราคา: ฿2,550,000 | ขาย
#บ้านสวยทำเลดีตรงข้ามตลาดหางดง ใกล้กาดฝรั่ง 
::เนื้อที่ 67.1 ตารางวา 
:: ราคา 2.55 ล้าน ฟรีโอน 
:: บ้านเดี่ยวขนาด 3 ห้องนอน 2 ห้องน้ำ จอดรถ 2 คัน
:: บ้านนอกโครงการ ไม่ทีค่าส่วนกลาง

พิกัด 
ตลาดหางดง

สอบถาม/นัดชม
[hidden information] คุณขวัญ 
ID :@pk8855 

#ขายบ้านเชียงใหม่ 
#บ้านสวยทำเลดี"
https://www.facebook.com/marketplace/item/1130676029269435/,"3 ห้องนอน 3 ห้องน้ำ - บ้าน
ราคา: ฿35,000/เดือน | ขาย
#ติดทรัพย์ 
House for rent @  Vararom Premium City hall
Rent 35,000 THB. 📍near Central Festival 10 km. Mee Choke Plaza
 
Fully furnished, 3 beds 3 baths
2 months deposit, 1 month in advance
Minimum 1 year contract 

ให้เช่า บ้านเดี่ยว วรารมย์ ศาลากลาง
ขนาด 65 ตรว. 3 ห้องนอน 3 ห้องน้ำ  
 1 ห้องแม่บ้าน 
35,000บาท /เดือน 
สัญญาขั้นต่ำ 1ปี (มัดจำ 2 เดือน ล่วงหน้า 1 เดือน)
เฟอร์นิเจอร์ครบพร้อมอยู่
-smart TV ,ตู้เย็น,เครื่องซักผ้า, แอร์ 4 
,เครื่องทำน้ำอุ่น, ไมโครเวฟ,
** ไม่รับสัตว์เลี้ยง

REAL ESTATE IN CHIANG MAI
บริการรับฝากขาย บ้าน ที่ดิน คอนโด อสังหาริมทรัพย์ทั่วจังหวัดเชียงใหม่
Phone number : 098-8245356 (patty)
Line : patwara24 
https://line.me/ti/p/Yyj2u6c7qt
WhatApp : +66988245356 
Email : [hidden information] 
https://www.facebook.com/Patwara-Real-Estate-105975905323173/
ชมทรัพย์อื่นๆได้ที่ Website ค่ะ
www.patwara-real-Estate.com

*Please make an arrangement at least 1 day in advance**
!!No sharing location if do not make an appointment.**
#บ้านราคาถูก #บ้านใกล้ตัวเมืองเชียงใหม่ #กู้ง่ายผ่อนสบาย #อำเภอเมืองเชียงใหม่ #เชียงใหม่ #กาดฝรั่ง #บ้านราคาถูกใกล้เมือง #บ้านราคาหลักล้าน #บ้านล้านต้นๆ #บ้านพร้อมสระ #บ้านทรงโมเดิร์น #บ้านขายต่ำกว่าราคาประเมิน #กู้เงินเหลือ #ฟรีดำเนินการสินเชื่อ #บ้าน #ขายบ้านในเชียงใหม่ #บ้านพร้อมสระว่ายน้ำส่วนตัว #บ้านใกล้ตัวเมือง #ไลฟ์สไตล์"
https://www.facebook.com/marketplace/item/1130701102598018/,"3 ห้องนอน 3 ห้องน้ำ - บ้าน
ราคา: ฿55,000/เดือน | ขาย
#rent222 #บ้านพูลวิลล่าสไตส์ญี่ปุ่น โซนท่ารั้วสันปูเลยดอยสะเก็ด
3 ห้องนอน 3 ห้องน้ำ
1 ห้องครัว
1 ห้องนั่งเล่นจอดรถได้
2 คันมีสระว่ายน้ำพื้นที่ 125 ตารางวา
ค่าเช่า 55,000 บาท/เดือน
สัญญา 1ปีทำ airbnb ได้ เดือนละ 60,000 บาท
รายปีประกัน 2 เดือนล่วงหน้า 1 เดือน

(Kn)
🏡 #สนใจบ้านเช่าติดต่อได้เลยค่ะ
📞 K. Tonaor: 081-9653229
💬 #LINE: คลิกแอดไลน์เลยค่ะ
https://line.me/ti/p/pgQh6Qnxyd

📱 #WhatsApp: +66 81 965 3229
✨ #บ้านเช่าภาคเหนือ
💖 #รับฝากปล่อยเช่าและจัดหาบ้านเช่า
👉 #แอดลิงก์บ้านเช่าภาคเหนือเลยค่ะ
https://lin.ee/7tSPu1F"
https://www.facebook.com/marketplace/item/1130929035209816/,"2 ห้องนอน 3 ห้องน้ำ - บ้าน
ราคา: ฿1,390,000 | ขาย
🏘️ ขายทาวน์โฮม 2 ชั้น รีโนเวทใหม่ ราคา 1.39 ล้านบาท โซนสันกลาง สันกำแพง ข้างM-sport เดินทางสะดวก ใกล้พายัพ ใกล้เซ็นทรัลเฟส !!

ราคาขาย  1,390,000 บาท ฟรีโอน!! 
- รายละเอียดบ้าน 
🏘️ เนื้อที่ 20 ตรว. 
🏘️ 2 ห้องนอน 
🏘️ 3 ห้องน้ำ 
🏘️ 1 ห้องรับแขก
🏘️ 1 ห้องครัว

📍สถานที่สำคัญใกล้เคียง 
• เซ็นทรัล festival 15 นาที
• มหาวิทยาลัยพายัพ 9 นาที
• M Sport Complex 2 นาที
• สนามบิน 18 นาที

📘รับจัดทำและยื่นเอกสารสินเชื่อกู้ซื้อบ้าน
- พร้อมวิ่งสินเชื่อให้ฟรี
- พร้อมให้คำปรึกษาลูกค้าทุกอาชีพ
- อิสระ ข้าราชการ พนักงานบริษัท
สอบถามเพิ่มเติมโทร
086-9144974
093-5152628
086-9185445
กรุณานัดล่วงหน้า
#ผ่อนบ้านไม่ไหว #บ้านโดนยึด #บ้านติดบังคับคดี #ฝากขายบ้าน #เช่าซื้อบ้าน #รีโรเวทบ้าน #บ้านมือสอง #ทาวน์โฮม #ทาวน์โฮมมือสอง #บ้านมือสองเชียงใหม่ #AssetChiangMaiCorporation
พิกัดบ้าน
https://maps.app.goo.gl/Nixj2dU1yYvLwjXL7?g_st=il"
https://www.facebook.com/marketplace/item/1131194532461302/,"บ้าน 3 ห้องนอน 4 ห้องน้ำ
ราคา: ฿85,000/เดือน | ขาย
ให้เช่าบ้าน Pool Villa 2 ชั้น    3 ห้องนอน 4 ห้องน้ำ 1  ห้องครัว  2  ที่จอดรถ
ขนาดที่ดิน   83  ตรว. พื้นที่ใช้สอย  285  ตรม. ราคา 85,000 บาท / เดือน  
*ราคารวมค่าดูแลสระ/ไม่รับสัตว์เลี้ยง
V00548
*** สัญญาขั้นต่ำ 1 ปี ***
เงื่อนไขเข้าอยู่ จ่ายประกัน 2 เดือน + ล่วงหน้า 1 เดือน = จ่าย 3 เดือนเข้าอยู่ได้เลย 


เฟอร์นิเจอร์
- เครื่องปรับอากาศ 4
- เครื่องทำน้ำอุ่น 3
- เตียงนอน 2
- ตู้เสื้อผ้า 2
- โต๊ะเครื่องแป้ง 2
- ตู้เย็น 1
- โทรทัศน์ 1
- ชุดรับแขก 1
- โต๊ะอาหาร  1
- เตาไฟฟ้า + ฮูดดูดควัน
- ไมโครเวฟ
-เตาอบ


สถานที่สำคัญที่ใกล้เคียง
-ตลาดอุ๊ยทา    3 กม.
-สำนักงานเทศบาล ต.สำราญราษฎร์   4 กม.
-ตลาดเจริญ เจริญ   8 กม.
-เซ็นทรัล เชียงใหม่    11 กม.

***************************************
📞สนใจติดต่อ/Please contract📞
Tel : [hidden information]
***************************************

V00548
- Two-storey pool villa house for rent with 3 bedrooms,4 toilets and 1 kitchen. 
- The land size is   83  sq. wa.area 285 sq m.
- The price is at THB 85,000 per month. 


*** Minimum 1 year contract with 2 months for deposit + 1 month in advance ***


Furniture 
- Air conditioner 4
- Water heater 3
- Bed 2
- Wardrobe 2
- Dressing table 2
- Refrigerator 1
- TV 1
- Living room set 1
- Dining table 1
- Electric stove + hood
- Microwave
- Oven


Close to
- U-Ta Market 3 km.
- Samranrat Municipality Office 4 km.
- Charoen Charoen Market 8 km.
- Central Chiang Mai 11 km."
https://www.facebook.com/marketplace/item/1131251725559502/,"ราคา: ฿4,000,000 | ขาย
โซนหนองหอย ขาย 4 ล้าน 🔶86 ตรว. ขายบ้านพร้อมที่ดิน #อำเภอเมือง เดินทางสะดวก เข้าเมืองง่าย #เหมาะสำหรับอยู่อาศัยหรือปล่อยเช่าได้ทันที

📍 หลังตลาดหนองหอย
📍 ตั้งอยู่ในชุมชนใจแก้ว อำเภอเมืองเชียงใหม่
📍 ใกล้สิ่งอำนวยความสะดวกครบครัน ทั้ง 7-Eleven, Mini Big C, Lotus’s

💵ราคาเพียง 4 ล้านบาท

🎈House and land for sale 4 Mb. 🔶86 sqw. #NongHoi #mueang district convenient transportation, easy to get into the city #Suitable for living or renting out immediately

📍 Behind Nong Hoi Market
📍 Located in the Jai Kaew community, Mueang Chiang Mai District
📍 Near all amenities, including 7-Eleven, Mini Big C, Lotus's

💵Price only 4 million baht

อยากได้อสังหาโซนไหน สอบถามเข้ามาได้เลย

ต้องการอสังหาแบบไหนที่ Northern Land Chiangmai เรามีครบ ครอบคลุม #ทั่วเชียงใหม่ ไม่ว่าจะเป็น
#พูลวิลล่า #บ้านใหม่ #บ้านมือสอง #บ้านเช่า #คอนโด #อสังหาพร้อมผู้เช่า #หอพัก #อพาร์ทเม้นท์ #ที่ดิน

✅รับจัดหาบ้าน, ที่ดิน, คอนโด, อสังหาริมทรัพย์ทั่วเชียงใหม่
✅บริการยื่นสินเชื่อทุกธนาคารฟรี ไม่มีค่าใช้จ่าย
✅ยื่นสินเชื่อที่อื่นไม่ผ่านรับดูแลต่อ พร้อมให้คำแนะนำ
✅ทำการตลาด สื่อ โฆษณา
✅เช็คเครดิตบูโร ฟรี 

👍นัดชมได้ทุกวันไม่มีวันหยุด
📲Line ID : @habanchiangmai หรือ https://lin.ee/netCDYF
หรือสอบถามเพิ่มเติมโทร 📞 086-9238951/ 065-5306944 / 085-9646661
✨ยินดีพาชม และให้คำปรึกษาด้านสินเชื่อ ฟรี

🌐เว็บไซต์บริษัท : https://northernlandandhousechiangmai.com/en

🌐หาบ้าน เชียงใหม่ : https://www.habanchiangmai.com/

🔅เพจหาบ้าน เชียงใหม่ : https://www.facebook.com/HabanHabanchiangmai?mibextid=ZbWKwL

🎯YouTube : https://youtube.com/@northernlandhousechiangmai6664

🎯Instagram : https://instagram.com/northernland.cm?igshid=YmMyMTA2M2Y=

🎯TIKTOK : https://www.tiktok.com/@northerland_cnx?_t=8bwxggLIxlv&_r=1

📣สนใจอสังหาริมทรัพย์อื่นๆ คลิ๊ก
🔶For Sale
https://www.facebook.com/NorthenlandHouse-Chiangmai-1774295549481349/
🔶️For Rent
https://www.facebook.com/Northernland-House-For-Rent-In-Chiangmai-228643327897310/

พูลวิลล่าเชียงใหม่
https://www.facebook.com/profile.php?id=100081907720597&mibextid=LQQJ4d

ที่ดิน
https://www.facebook.com/profile.php?id=100075781194500&mibextid=LQQJ4d

ขายคอนโด เชียงใหม่
https://www.facebook.com/profile.php?id=100076053777727&mibextid=LQQJ4d

หอพัก
https://www.facebook.com/profile.php?id=100086620509112&mibextid=LQQJ4d

อสังหาริมทรัพย์พร้อมผู้เช่า
https://www.facebook.com/profile.php?id=100075856546688&mibextid=LQQJ4d

#บ้านเชียงใหม่
#บ้านราคาถูกเชียงใหม่
#บ้านมือสองเชียงใหม่
#บ้านสร้างใหม่เชียงใหม่
#บ้านทำเลดีเชียงใหม่
#บ้านพร้อมอยู่เชียงใหม่
#พูลวิลล่าเชียงใหม่
#NorthernlandChiangmai
#อสังหาพร้อมผู้เช่าเชียงใหม่
#บ้านสวยเชียงใหม่
#บ้านพร้อมเฟอร์นิเจอร์เชียงใหม่
#บ้านสวนเชียงใหม่
#NorthernlandandHousechiangmai #Northernland"
https://www.facebook.com/marketplace/item/1131596508954955/,"บ้าน 3 ห้องนอน 3 ห้องน้ำ
ราคา: ฿5,500,000 | ขาย
ขายบ้านเดี่ยว 2 ชั้น ทำเลดี ใกล้บิ๊กซีดอนจั่น เดินทางสะดวก บ้านอยู่ในโครงการ มีเฟอร์นิเจอร์ครบ
📌 Listing ID:SCH9062-Y
💸 ขายเพียง 5.5 ล้านบาท (โอนคนละครึ่ง)
🏠 3 ห้องนอน 3 ห้องน้ำ
📏 เนื้อที่ 84 ตรว. | พื้นที่ใช้สอย 300 ตรม.
📍 สถานที่ใกล้เคียง
🛒 บิ๊กซีดอนจั่น 6 นาที (3.5 กม.)
🎓 วิทยาลัยเทคนิคสารภี 9 นาที (6.2 กม.)
🥦 ตลาดเจริญ เจริญ 7 นาที (4.2 กม.)
.
Two-Storey Detached House for Sale
Great location near Big C Donchan, convenient transportation, located in a secure housing project with full furniture.
📌 Listing ID: SCH9062-Y
💸 For Sale: 5.5 million THB (transfer fee shared 50/50)
🏠 3 Bedrooms | 3 Bathrooms
📏 Land Area: 84 sq.wah | Usable Area: 300 sq.m.
📍 Nearby Places:
🛒 Big C Donchan – 6 minutes (3.5 km)
🎓 Saraphi Technical College – 9 minutes (6.2 km)
🥦 Charoen Charoen Market – 7 minutes (4.2 km)
.
出售两层独栋别墅
地理位置优越，靠近 Big C Donchan，交通便利，位于高品质小区内，家具齐全，可立即入住。
📌 房源编号： SCH9062-Y
💸 售价： 550万泰铢（过户费双方各付一半）
🏠 3间卧室 | 3间浴室
📏 土地面积： 84平方哇 | 使用面积： 300平方米
📍 附近地点：
🛒 Big C Donchan — 6分钟（3.5公里）
🎓 沙拉丕技术学院 — 9分钟（6.2公里）
🥦 Charoen Charoen 市场 — 7分钟（4.2公里）
.
Whatsapp: (+66)[hidden information]
Wechat: [hidden information]
Line OA: @htproperty, [hidden information]"
https://www.facebook.com/marketplace/item/1132022919116176/,"3 ห้องนอน 2 ห้องน้ำ - บ้าน
ราคา: ฿15,000/เดือน | ขาย
💥#บ้านใหม่ให้เช่า ขนาด 50 ตรว. 3 นอน 2 น้ำ 
🚩ใกล้เทศบาลสันผักหวาน 800 ม. ใกล้ Lotus,7-11 
🚩ใกล้ นานาชาติลานนา กาดผักหวาน แยกสะเมิง
🚩เขตชุมชนเดินทางสะดวก สนามบิน เมือง ราชพฤกษ์

✅#เช่าเพียง 15,000/ด.
✅ค่าน้ำ-ไฟฟ้า ตามการไฟฟ้า 
ประปา

💯ชุดห้องนอน 2 ชุด
💯ทีวี ชุดรับแขก
💯แอร์ ,2 ตัว
💯แอร์ 

☎️สนใจนัดชม [hidden information],[hidden information]
#บ้านเช่าหางดง
#บ้านเช่าน้ำไม่ท่วม
#บ้านเช่าเชียงใหม่"
https://www.facebook.com/marketplace/item/1133066945560040/,"3 ห้องนอน · 2 ห้องน้ำ
ราคา: ฿18,000/เดือน | ขาย
🏡 Karnkanok19 กาญจน์กนก19
• ทาวน์โฮมให้เช่า
ติดถนนมหิดล - ช้างคลาน

🛌 3 ห้องนอน
🛁 2 ห้องน้ำ
💵 18,000/เดือน (สัญญา 1 ปี)
💵 ประกัน 2 เดือน , ล่วงหน้า 1 เดือน
🌐 รวมค่าส่วนกลาง

👮🏻‍♂️👮🏼 ระบบรักษาความปลอดภัย 24 ชั่วโมง
🏊🏻🏊🏻‍♂️ โครงการมีสระว่ายน้ำ, ฟิตเนส, ซาวน่า (มีค่าบริการ)
❌ ไม่อนุญาตให้เลี้ยงสัตว์

📞 พะโล้ : [hidden information] , [hidden information]"
https://www.facebook.com/marketplace/item/1134458378795676/,"บ้าน 3 ห้องนอน 3 ห้องน้ำ
ราคา: ฿28,000/เดือน | ขาย
3-Bedroom House for Rent – Near Unity Concord, Varee & ACIS International Schools, Chiang Mai

Looking for a family home close to top international schools in Chiang Mai? This 2-storey detached house in Chaiyasathan offers comfort, privacy, and convenience, perfect for expat families.

📍 Location: Chaiyasathan, Saraphi, Chiang Mai
📐 Land size: 60.8 sq.wah | Usable area: 200 sq.m.

Property Details:

3 Bedrooms | 3 Bathrooms | 1 Working Room

Spacious Living Room | Fully Equipped Kitchen

2 Parking Spaces | Secure Private Community

Facilities:

Swimming Pool | Fitness | Clubhouse

Public Park

24/7 Security with guards and CCTV

Nearby:

Unity Concord International School – 3.7 km

Varee Chiang Mai School – 3.8 km

Montfort School (Secondary) – 3.9 km

ACIS – 4.4 km

Charoen Charoen Market – 2.6 km

Chiang Mai Airport – 10.1 km

💰 Rental: 28,000 THB/month (move-in ready, fully furnished)

Property ID: #TR0401
Contact: [hidden information] | [hidden information]

#ChiangMaiHouseForRent #ExpatFamilyHome #HouseNearInternationalSchool #ChiangMaiRental #FamilyHomeChiangMai


บ้านเดี่ยว 3 ห้องนอน ให้เช่า – ใกล้โรงเรียนนานาชาติ Unity Concord, วารี, ACIS เชียงใหม่

บ้านพร้อมเข้าอยู่ สำหรับครอบครัวต่างชาติ ใกล้โรงเรียนนานาชาติในเชียงใหม่ บ้านเดี่ยว 2 ชั้น โครงการปลอดภัย สงบ และเดินทางสะดวก

📍 ทำเล: ต.ไชยสถาน อ.สารภี เชียงใหม่
📐 เนื้อที่ 60.8 ตร.วา | พื้นที่ใช้สอย 200 ตร.ม.

รายละเอียดบ้าน:

3 ห้องนอน | 3 ห้องน้ำ | 1 ห้องทำงาน

ห้องนั่งเล่นกว้าง | ครัวพร้อมใช้งาน

ที่จอดรถ 2 คัน | โครงการปลอดภัย

สิ่งอำนวยความสะดวก:

สระว่ายน้ำ | ฟิตเนส | คลับเฮ้าส์

สวนสาธารณะ

รปภ. 24 ชั่วโมง พร้อม CCTV

สถานที่ใกล้เคียง:

รร.ยูนิตี้ คอนคอร์ด – 3.7 กม.

รร.วารี เชียงใหม่ – 3.8 กม.

รร.มงฟอร์ต (มัธยม) – 3.9 กม.

รร.นานาชาติ ACIS – 4.4 กม.

ตลาดเจริญเจริญ – 2.6 กม.

สนามบินเชียงใหม่ – 10.1 กม.

💰 ค่าเช่า: 28,000 บาท/เดือน
(พร้อมเข้าอยู่, เฟอร์นิเจอร์ครบ)

รหัสทรัพย์: #TR0401
ติดต่อ: [hidden information] | [hidden information]

#บ้านเช่าเชียงใหม่ #บ้านสำหรับครอบครัวต่างชาติ #บ้านใกล้โรงเรียนนานาชาติ #บ้านเช่าแม่เหียะ #บ้านเช่าเชียงใหม่"
https://www.facebook.com/marketplace/item/1135020038480772/,"ราคา: ฿20,000/เดือน | ขาย
✅ For Rent: New House 🏡✨HANGDONG

 • Fully furnished
 • Flood-free area
 • Close to an international school
 • Pet-friendly
 • Ready to move in

📌 House viewings available anytime – contact us to schedule an appointment!

✅ Nearby Places:
 • 7-Eleven: 3 minutes
 • Grace International School: 3 minutes
 • Animal Hospital: 4 minutes
 • Big C Supercenter : 8 minutes
 • Hang Dong Hospital: 10 minutes
 • Kad Farang Village: 15 minutes
 • North University: 12 minutes
 • Chiang Mai Airport: 34 minutes
      •    Central Airport Plaza: 25 minutes"
https://www.facebook.com/marketplace/item/1135391525145198/,"2 ห้องนอน 2 ห้องน้ำ - บ้าน
ราคา: ฿1,690,000 | ขาย
#รับนายหน้าค่าคอม3%
🏡 บ้านใหม่โซนท่ารั้ว – บ้านป่าขุย เชียงใหม่ #บ้านสร้างใหม่ใกล้กาดท่ารั้ว ขนาด2 นอน 2น้ำ | เพียง 1.69 ลบ. #เครดิตดีมีเงินเหลือ

บ้านใหม่ ทำเลดี ใกล้ตลาดท่ารั้วเพียง 2 กม. เดินทางสะดวก บรรยากาศสงบ เหมาะกับครอบครัวเริ่มต้น

•เนื้อที่ 35 ตร.ว.
•2 ห้องนอน
•2 ห้องน้ำ
•ที่จอดรถ 1 คัน

🎁 ของแถมพิเศษ ฟรี!
1.ค่าโอนกรรมสิทธิ์
2.มิเตอร์น้ำประปา
3.มิเตอร์ไฟฟ้า

💰 ราคาเพียง 1.69 ล้านบาท

📍 ทำเลบ้านป่าขุย – ท่ารั้ว ดอยสะเก็ด เชียงใหม่
. ห่างจากตลาดท่ารั้วเพียง 1.9 กม.
. ห่างจากตลาดสามแยกเพียง 5.1 กม.
. ห่างจากเซ็นทรัลเฟสเชียงใหม่เพียง 7.5 กม.
. ห่างจาก Big C Extra เพียง 7.8 กม.
. ห่างจากแม็คโครเชียงใหม่เพียง 9.2 กม.
. ห่างจากโรงพยาบาลกรุงเทพเพียง 9.5 กม.
. ห่างจากถนนนิมมาน / เมญ่าเพียง 13 กม.

📞 สนใจติดต่อ
ภาคิณ | HugHome RealEstate
📱 [hidden information]
📱 [hidden information]
📲 Line ID: [hidden information]

#บ้านเชียงใหม่ราคาถูก 
#บ้านสวยราคาถูกเชียงใหม่ 
#คอนโดเชียงใหม่ราคาถูก 
#บ้านเช่าราคาถูกเชียงใหม่ 
#บ้านคอนโดให้เช่าเชียงใหม่ 
#ᕼᑌGᕼOᗰEᖇEᗩᒪEᔕTᗩTEเป็นมากกว่าคู่ค้าแต่เราคือคู่คิด"
https://www.facebook.com/marketplace/item/1135718508459938/,"ราคา: ฿1,990,000 | ขาย
🏡 บ้านใหม่ในราคาโปรเพียง 1.99 ลบ.
✨ เครดิตดีมีเงินเหลือกว่า 400,000 บาท ซื้อเฟอร์นิเจอร์แต่งบ้านได้เลย

โซนท่าสาย ใกล้ตลาดบ้านเมือง โฮมโปร เซ็นทรัล บิ๊กซี 

บ้านเดี่ยวชั้นเดียว 3 ห้องนอน | 2 ห้องน้ำ
 • 🎁 ฟรี! แอร์ 1 เครื่อง (9,000 BTU) + เครื่องทำน้ำอุ่น 1 เครื่อง
 • บ้านใหม่ สภาพพร้อมเข้าอยู่

💰 ราคาพิเศษเพียง 1,990,000.-

📍 ขนาดที่ดิน 50 ตารางวา (200 ตร.ม.)
เหมาะสำหรับอยู่อาศัยหรือเพื่อการลงทุน

🏡 Brand-new house at a special price: Only 1.99 MB
✨ Good credit? Get over 400,000 THB cashback – perfect for buying furniture!

⸻

🇬🇧 House for Sale – Thasai, Chiang Rai 🏡✨
Near HomePro, Ranmuang Market & Central Chiang Rai

✨ Property Details
 • Single-storey detached house: 3 Bedrooms | 2 Bathrooms
 • 🎁 Free 1 Air-conditioner (9,000 BTU) + 1 Water Heater
 • Brand new house, ready to move in

💰 Special Price: Only 1.99 MB (1,990,000 THB)

Brand New House – Special Promo Price only 1.99 MB (1,990,000 THB)
 • Cash Back up to 400,000 THB (Good credit buyers can get extra money left after loan – perfect for buying furniture!)

📍 Land size: 50 sq.wah (200 sq.m.)
Ideal for living or investment.

🔖 
#ขายบ้านเชียงราย #ขายบ้านท่าสาย #บ้านเดี่ยวเชียงราย #บ้านใหม่เชียงราย #บ้านใกล้โฮมโปร #บ้านใกล้เซ็นทรัลเชียงราย #ChiangRaiHouseForSale #ChiangRaiProperty #ChiangRaiRealEstate #AliceRealEstate"
https://www.facebook.com/marketplace/item/1135899184843480/,"3 ห้องนอน 2 ห้องน้ำ - บ้าน
ราคา: ฿2,290,000 | ขาย
🎬 บ้านเดี่ยว…มินิมอล นอร์ดิก
📌 หนองผึ้ง สารภี
💵 เพียง 2.29 (ฟรีโอน!)
🏡 พื้นที่กว้าง 65 ตรว.
🛌 3 ห้องนอน 🚽 2 ห้องน้ำ
🍲 1 ห้องครัว 🖥️ 1 ห้องรับแขก
🚗 2 ที่จอดรถ

✅ ฟรีค่าโอน (ราคาขาย)
✅ ฟรีแอร์ 
✅ ฟรีเครื่องทำน้ำอุ่น 2 เครื่อง
✅ ฟรีโต๊ะกินข้าว
✅ ฟรีโซฟา + โต๊ะกลาง
✅ ฟรีผ้าม่าน
✅ ฟรีปั๊มน้ำ + ถังเก็บน้ำ
✅ ฟรีฉนวนกันความร้อนใต้หลังคา

🚙 จากวงแหวนรอบ3 1.5 กม.
🚙 จากแยกกองทราย 4 กม.
🚙 จากเซ็นทรัลแอร์พอร์ต 12 กม.

❤️ขายต่ำกว่าราคาประเมิน
❤️❤️🌸 พร้อมบริการทางด้านสินเชื่อให้ฟรี!!!

📲 สนใจนัดชมบ้านได้ทุกวัน 📲
☎️ ติดต่อ คุณแอม 0934194564
Line ID= 0934194564   

FACEBOOK Assanee Parinyaninlakul
https://www.facebook.com/share/14FQykT2CyR/

เพจ AMP property บ้านที่ดินเชียงใหม่
https://www.facebook.com/share/1DCZJnqfZN/

TIKTOK AMP Ninlakul
https://www.tiktok.com/@assanee.ninlakul?_t=ZS-8z5BjAQLqmj&_r=1

#AMP Property #ขายบ้านเชียงใหม่ #อสังหาเชียงใหม่บ้านที่ดิน  #AMP Ninlakul#ขายบ้านเชียงใหม่ #อสังหาเชียงใหม่บ้านที่ดิน  #AMP Ninlakul #บ้านมินิมอล #ขายบ้าน #สันทราย #สารภี #ท่ารั้ว #บ้านชั้นเดียว #บ้านสองชั้น #สวนสวย #บ้านพร้อมสวน #บ้านเชียงใหม่ #บ้านสวยเชียงใหม่ #บ้านเชียงใหม่ใกล้เมือง #บ้านสวย #บ้านเชียงใหม่ #บ้าน #บ้านเดี่ยว #บ้านเดี่ยวเชียงใหม่ #บ้านทำเลดี #บ้านสวยมาก #ยื่นสินเชื่อให้ฟรี #ซื้อบ้านเชียงใหม่ #เชียงใหม่"
https://www.facebook.com/marketplace/item/1136334498078096/,"3 ห้องนอน 2 ห้องน้ำ - บ้าน
ราคา: ฿1,790,000 | ขาย
🏡 บ้านเดี่ยวราคาน่ารัก พร้อมเข้าอยู่ ดอยสะเก็ด เชียงใหม่

📍 ทำเลดี เดินทางสะดวก ใกล้ตลาดท่ารั้ว
บรรยากาศสงบ เป็นส่วนตัว

✨ รายละเอียดบ้าน
▪️ พื้นที่ 44.5 ตร.วา
▪️ 3 ห้องนอน | 2 ห้องน้ำ
▪️ มีดาดฟ้าใช้งานได้จริง

💰 ราคาเพียง 1.xx ล้านบาทเท่านั้น!

☎ สนใจนัดชมบ้าน
📞 [hidden information] (คุณเข็ม)
💬 Line OA : @587entuc

#บ้านดอยสะเก็ด #บ้านใกล้ตลาดท่ารั้ว #บ้านเชียงใหม่ #บ้านพร้อมอยู่"
https://www.facebook.com/marketplace/item/1136714565100362/,"3 ห้องนอน 2 ห้องน้ำ - บ้าน
ราคา: ฿1,690,000 | ขาย
79/396 บ้านอินทรชิดชัย ดอยสะเก็ด เดินทางสะดวก น้ำไม่ท่วม  ใกล้แหล่งสาธารณูปโภค เนื้อที่ 70 ตรว. สนใจ [hidden information] มน"
https://www.facebook.com/marketplace/item/1136936574808772/,"4 ห้องนอน 4 ห้องน้ำ - บ้าน
ราคา: ฿159 | ขาย
Pool Villa Payup หมู่บ้าน
รีเจ้นท์ 9เชียงใหม่
🎯ราคา 15.9 ล้านบาท🎯 
💙 ฟรีค่าโอน 💙

🌟 Infinite NINE Pool Villa Payup
บ้านเดี่ยว 2 ชั้น รีโนเวทใหม่ในสไตล์ Modern Luxury ที่มาพร้อมความสะดวกสบายและความใส่ใจในทุกรายละเอียด ✨
📍 ใกล้สถานทูตอเมริกา 🇺🇸 (CBP) และโรงเรียนนานาชาติเชียงใหม่ (แห่งใหม่) CMIS @ Payap 🎓

🏘️ ตั้งอยู่ในโครงการหมู่บ้าน Regent 9 (The Infinite Heights) ซึ่งมีความไพรเวทมากๆ เพราะหมู่บ้านนี้มีบ้านเพียง 23 หลัง 

📐 รายละเอียดบ้าน
🛏️ 4 ห้องนอน | 🚿 4 ห้องน้ำ 
(ห้องมาสเตอร์มีอ่างอาบน้ำ)
👗 1 Walk-in Closet
🍽️ 2 ห้องครัว + Island + โต๊ะอาหาร 6 ที่นั่ง
🛋️ ห้องรับแขกพร้อมโซฟา
ขนาดใหญ่
🎯 1 ห้อง Multifunction

🏡 พื้นที่ใช้สอย: 310 ตร.ม.
📏 ขนาดที่ดิน: 71.7 ตร.ว.

💎 จุดเด่นของบ้าน
✅ เฟอร์นิเจอร์บิวท์อินทั้งหลัง
🚿 สุขภัณฑ์ & อ่างล้างหน้า: Cotto
🛁 อ่างอาบน้ำ: Kohler
🌊 สระว่ายน้ำระบบเกลือ 
3 x 6.35 เมตร
🚘 ที่จอดรถ 2 คัน

⚡ เครื่องใช้ไฟฟ้าครบครัน!
❄️ แอร์ Daikin 7 ตัว
🔐 Digital door lock
📺 ทีวี 65 นิ้ว x2 | ทีวี 55 นิ้ว x1
🧊 ตู้เย็นขนาดใหญ่ 2 เครื่อง
💧 เครื่องทำน้ำร้อน 1 | เครื่องทำน้ำอุ่น 3
🍽️ ไมโครเวฟ | เตาอบ
🌼 ฮู้ดดูดควัน
👕 เครื่องซักผ้า | เครื่องอบผ้า
🚪 ประตูรั้วรีโมทไฟฟ้า

📍 Location สุดสะดวก!
🏫 300 ม. จาก New Chiangmai International School (New CMIS)
🎓 300 ม. จาก มหาวิทยาลัยพายัพ
🚘 5 นาที ถึง สถานทูตอเมริกา, CBP
🛍️ 10 นาที ถึง Central Chiangmai
🏥 10 นาที ถึง รพ.กรุงเทพเชียงใหม่
✈️ 16 นาที ถึง สนามบินนานาชาติเชียงใหม่

👩‍🏫 ใกล้โรงเรียนนานาชาติหลายแห่ง!
📘 New Chiangmai International School (CMIS)
📘 Unity Concord International School
📘 Americana Chinese International School (ACIS)
📘 Ambassador Bilingual School (ABS)
📘 Nakornpayap International School (NIS)
📘 Mill Hill International School

☎️ สนใจติดต่อ  คุณนิด
โทร   081-7847275
Line  กดเพิ่มเพื่อนอัตโนมัติ
https://line.me/ti/p/yY2icJLipJ

Pool Villa for Sale  Payup Area
Regent 9 village Chiangmai 

🔥 Price 15.9 MB 🔥
✅ Fully Furnished
💙(Transfer fee included!)

🌟 Infinite NINE Pool Villa Payup
A newly renovated 2-storey modern luxury home
📍 Located near the U.S. Consulate 🇺🇸 (CBP) and Chiang Mai International School (New CMIS – Payap University) 🎓

🏘️ Situated in the exclusive Private Regent 9 (The Infinite Heights) gated community
🏠 Only 23 homes in the entire project

📐 Property Details
🛏️ 4 Bedrooms | 🚿 4 Bathrooms (Master bath includes a bathtub)
👗 1 Walk-in Closet
🍽️ 2 Kitchens + Island + Dining table for 6
🛋️ Spacious Living Room with large sofa
🎯 1 Multipurpose Room

🏡 Usable area: 310 sq.m.
📏 Land size: 71.7 sq.wah

💎 Key Features
✅ Fully built-in furniture throughout the house
🚿 Sanitary ware & sinks by Cotto
🛁 Bathtub by Kohler
🌊 Saltwater system swimming pool (3 x 6.35 meters)
🚗 Parking space for 2 cars

⚡ Fully Equipped with Appliances!
❄️ 7 Daikin air conditioners
🔐 Digital door lock
📺 2 x 65” TVs | 1 x 55” TV
🧊 2 large refrigerators
💧 1 water heater | 3 shower heaters
🍽️ Microwave | Oven
🌼 Hood
👕 Washing machine | Dryer
🚪 Electric remote-controlled gate

📍 Prime Location
🏫 300 m from New Chiangmai International School (New CMIS)
🎓 300 m from Payap University
🚘 5 mins to U.S. Consulate & CBP
🛍️ 10 mins to Central Chiangmai
🏥 10 mins to Bangkok Hospital Chiang Mai
✈️ 16 mins to Chiang Mai International Airport

👩‍🏫 Surrounded by Top International Schools
📘 New Chiangmai International School (CMIS)
📘 Unity Concord International School
📘 Americana Chinese International School (ACIS)
📘 Ambassador Bilingual School (ABS)
📘 Nakornpayap International School (NIS)
📘 Mill Hill International School
Cr.L

☎️ Please contact K.Nid
Mobile phone  081-7847275
Line   Add automatic
https://line.me/ti/p/yY2icJLipJ"
https://www.facebook.com/marketplace/item/1137430331666599/,"บ้าน 4 ห้องนอน 3 ห้องน้ำ
ราคา: ฿3,200,000 | ขาย
บ้าน2ชั้น สไตล์ 𝗠𝗼𝗱𝗲𝗿𝗻 𝗖𝗼𝗻𝘁𝗲𝗺𝗽𝗼𝗿𝗮𝗿𝘆 เรียบหรู อยู่สบาย ✨ 
🔸4 ห้องนอน | 🔸3 ห้องน้ำ | 🔸1 ครัว | 🔸1 โถง | 🔸ที่จอดรถ 2 คัน 
.
พื้นที่ใช้สอย 180 ตร.ม. 🌟 บนที่ดินกว้าง ใช้งานได้เต็มพื้นที่ 🌿
เดินทางสะดวก ห่างจากแยกบ่อสร้างเพียง 4 นาที 🚗
.
#ราคาเริ่มต้นเพียง 3.XX ล้านบาท 💰
.
✅ พร้อมของแถมจัดเต็มมากกว่า 10 รายการ
🔸มุ้งลวดทั้งหลัง
🔸เค้าเตอร์ครัว 
🔸เตาแก๊สพร้อมฮู๊ตดูดควัน
🔸ซิงค์ล้างจาน
🔸สุขภัณฑ์ (American Standard)
🔸พื้นคอนกรีตพิมพ์ลาย โรงจอดรถ
🔸สนามหญ้ารอบบ้าน
🔸มิเตอร์น้ำ + มิเตอร์ไฟ
🔸ปั๊มน้ำ Hitachi + ถังน้ำ 1,000 ลิตร
🔸เดินท่อปลวก + ฉนวนกันร้อนใต้หลังคา
.
📩 โครงการสร้างเอง ขายเอง ดูแลทุกขั้นตอนอย่างใกล้ชิด
บริการยื่นกู้ – ตรวจเอกสาร – วางแผนสินเชื่อ ฟรี ✅
.
☎️ : สนใจสอบถาม [hidden information]"
https://www.facebook.com/marketplace/item/1137472668535922/,"บ้าน 4 ห้องนอน 3 ห้องน้ำ
ราคา: ฿48,000/เดือน | ขาย
Sometimes, luxury isn’t about chandeliers or marble floors.
It’s about space. Silence. And a sense of calm that greets you the moment you walk in.

This elegant two-storey home at Serene Lake Chiang Mai was designed for those who value privacy and peace of mind — surrounded by greenery, yet just minutes from the city.

Step inside, and you’ll find a warm living space filled with natural light, a fully equipped kitchen perfect for family gatherings, and four spacious bedrooms that offer true comfort. Every corner is tastefully furnished and ready to welcome you home.

The house sits on 84.4 sq.wah of land with 340 sq.m. of living area, featuring 4 bedrooms, 3 bathrooms, and parking for 4 cars.
Residents can enjoy full access to the community’s swimming pool, fitness center, clubhouse, and 24-hour security.

Located in Mae Hia, the property offers easy access to schools, markets, and Chiang Mai Airport —
just 6 minutes from Mae Hia Market, 8 minutes from Central Airport, and 13 minutes to Chiang Mai International Airport.

Rental: 48,000 THB/month (including common fees).
Pets are not allowed.

For more information or to schedule a private viewing:
📞 [hidden information] | [hidden information]
Property ID: #TR0516

This isn’t just a place to stay — it’s a place to feel at home in Chiang Mai.

#ChiangMaiHouseForRent #LuxuryLivingChiangMai #SereneLakeChiangMai #ChiangMaiProperty #MaeHiaChiangMai #ExpatLivingThailand #ReadyToMoveIn"
https://www.facebook.com/marketplace/item/1137636861618926/,"3 ห้องนอน 3 ห้องน้ำ - บ้าน
ราคา: ฿32,000/เดือน | ขาย
🏡ให้เช่า ทาวน์โฮม โซนสันผีเสื้อ ใกล้โรงเรียนต้นกล้า
เดือนละ 32,000 บาท สัญญา 1 ปี
✅พร้อมอยู่  🐶🐱รับสัตว์เลี้ยงขนาดเล็ก

ประกัน 2 เดือน ล่วงหน้า 1 เดือน
รายละเอียด :
🛏 3 ห้องนอน 
🛁 3 ห้องน้ำ
🛋 1 ห้องนั่งเล่น
🚗 สามารถจอดรถได้ 1 คัน

รายละเอียดเพิ่มเติม :
✨ ทีวี
✨ โซฟา
✨ ชุดโต๊ะ + เก้าอี้ 4 ตัว 
✨ ไมโครเวฟ
✨ เตียงนอน
✨ แอร์
✨ ตู้เสื้อผ้า
✨ เคาท์เตอร์ครัว

📍สถานที่ใกล้เคียง :
🚩 วัดท่าเดื่อ
🚩 ตลาดหมื่นล้าน
🚩 เซ็นทรัล เชียงใหม่
🚩 สถานีรถไฟ
🚩 โรงพยาบาลเพทปัญญา

🏡Townhome for rent in San Phisuea area, near Tonkla School
32,000 baht per month, 1-year contract
✅Ready to move in, 🐶🐱small pets allowed

2-month security deposit, 1 month advance payment
Details:
🛏 3 bedrooms
🛁 3 bathrooms
🛋 1 living room
🚗 Parking for 1 car

Additional details:
✨ TV
✨ Sofa
✨ Table and 4 chairs
✨ Microwave
✨ Bed
✨ Air conditioner
✨ Wardrobe
✨ Kitchen counter

📍Nearby locations:
🚩 Wat Tha Duea
🚩 Talat Muen Lan
🚩 Central Chiang Mai
🚩 Train station
🚩 Pet Panya Hospital

Code : R3056
🚨บริษัท ที่ดีดี จำกัด | รับซื้อ | ขาย | เช่า
🚨จัดหาบ้าน,คอนโด ตามงบประมาณ
🚨รับทำ TM30 แจ้งต่างชาติเข้าพัก
🚨ดูแลตลอดสัญญาเช่า

📌นัดชมได้ทุกวัน | รับ CO-AGENT
Line : @teedd (มี@)
Tel : [hidden information]

#บ้าน #บ้านเช่า #บ้านเช่าเชียงใหม่
#คอนโด #เช่าคอนโด #คอนโดให้เช่า"
https://www.facebook.com/marketplace/item/1137806571775711/,"1 ห้องนอน · 1 ห้องน้ำ
ราคา: ฿1,390,000 | ขาย
🏢 Newly Renovated Minimalist Condo for Sale at SR Complex Chiang Mai – Near Bangkok Hospital, Great Value Investment!

Features :
Condo name: SR Complex Condominium
Newly renovated minimalist design – move-in ready
Size: 38 Sq. M., located on the 4th floor
1 bedroom | 1 bathroom | 1 living room | 1 kitchen
Fully furnished with modern décor and built-in furniture
Facilities:
Elevator
Parking space
24-hour security
Swimming pool
Free Furniture & Appliances Included:
Air conditioner
1 TV
2-door refrigerator
Washing machine
Microwave
Water heater
Bed set with bedding
Built-in wardrobe
Kitchen sink and hood
Digital door lock

🏢 ขายคอนโดสไตล์มินิมอลตกแต่งใหม่ ที่ เอสอาร์ คอมเพล็กซ์ เชียงใหม่ – ใกล้โรงพยาบาลกรุงเทพ คุ้มค่าการลงทุน!

คุณสมบัติ:
ชื่อคอนโด: เอสอาร์ คอมเพล็กซ์ คอนโดมิเนียม
ตกแต่งใหม่สไตล์มินิมอลพร้อมเข้าอยู่
ขนาด: 38 ตร.ม. ชั้น 4
1 ห้องนอน | 1 ห้องน้ำ | 1 ห้องนั่งเล่น | 1 ห้องครัว
ตกแต่งครบชุดด้วยเฟอร์นิเจอร์บิวท์อินและตกแต่งสไตล์โมเดิร์น
สิ่งอำนวยความสะดวก:
ลิฟต์
ที่จอดรถ
ระบบรักษาความปลอดภัย 24 ชั่วโมง
สระว่ายน้ำ
เฟอร์นิเจอร์และเครื่องใช้ไฟฟ้าฟรี:
เครื่องปรับอากาศ
ทีวี 1 เครื่อง
ตู้เย็น 2 ประตู
เครื่องซักผ้า
ไมโครเวฟ
เครื่องทำน้ำอุ่น
ชุดเครื่องนอน
ตู้เสื้อผ้าบิวท์อิน
อ่างล้างจานและเครื่องดูดควัน
ประตูดิจิตอลล็อค"
https://www.facebook.com/marketplace/item/1137844738328432/,"ราคา: ฿14,000/เดือน | ขาย
🏡 ปล่อยเช่าทาวน์โฮม 2 ชั้น

• โครงการ กาญจกนกทาวน์ 1

🛌 3ห้องนอน
🛁 2 ห้องน้
💵 14,000 บาท (สัญญา 1 ปี)
💵 ประกัน 2 เดือน , ล่วงหน้า 1 เดือน

📞 พะโล้ : [hidden information] , [hidden information]"
https://www.facebook.com/marketplace/item/1137980335130203/,"4 ห้องนอน 3 ห้องน้ำ - บ้าน
ราคา: ฿3,790,000 | ขาย
For english ⬇️
🏡 ขายบ้านใหม่ คุณภาพดี – สันทราย เชียงใหม่
✨ พร้อมเข้าอยู่ได้ทันที!

💰 ราคาขาย: 3,790,000 บาท (ฟรีค่าโอน)

📏 ขนาดที่ดิน: 53 ตร.ว.
🏠 พื้นที่ใช้สอย: 236 ตร.ม.

รายละเอียดบ้าน
🛏 4 ห้องนอน
🛁 3 ห้องน้ำ
🍳 1 ห้องครัว
🛋 1 ห้องรับแขก
🚗 ที่จอดรถ 2 คัน

🎁 ของแถมสุดคุ้ม
 • ฮู้ดดูดควัน + เตาฝัง
 • แทงค์น้ำ 1,000 ลิตร + ปั๊มน้ำ
 • ถังบำบัดน้ำเสีย
 • มุ้งลวดทั้งหลัง
 • มิเตอร์น้ำ & มิเตอร์ไฟฟ้า

📍 ทำเลดี: สันทราย ใกล้ตลาด ห้าง ร้านอาหาร และเดินทางเข้าเมืองสะดวก

สนใจสอบถามเพิ่มเติม ติดต่อ : อาร์ท
📞 [hidden information]
📱 Line ID: artviolin

⸻

🏡 New Quality House for Sale – San Sai, Chiang Mai
✨ Ready to move in!

💰 Price: 3,790,000 THB (Free transfer fee)

📏 Land Size: 53 sq.wah
🏠 Usable Area: 236 sq.m.

Property Details
🛏 4 Bedrooms
🛁 3 Bathrooms
🍳 1 Kitchen
🛋 1 Living Room
🚗 2 Parking Spaces

🎁 Freebies Included
 • Built-in hood + stove
 • 1,000-liter water tank + water pump
 • Septic tank
 • Mosquito screens throughout the house
 • Water & electricity meters installed

📍 Great Location: San Sai – close to markets, shopping malls, restaurants, and easy access to the city

For more information, contact: Art
📞 [hidden information]
📱 Line ID: artviolin"
https://www.facebook.com/marketplace/item/1138005104392676/,"บ้าน 2 ห้องนอน 2 ห้องน้ำ
ราคา: ฿1,290,000 | ขาย
โซนดอยหล่อ
บ้านสวนเนินดอย บ้านหลังม่อนฤษี
หลังม่อนซอย3 
บ้าน100ตารางวา
รีโนเวทใหม่ทั้งหลัง
สดชื่นท่ามกลางธรรมชาติบำบัด
เดิมเป็นบ้านตัวอย่างโครงการเก่า สภาพใหม่
ออกแบบสวย มีปล่องไฟในบ้าน..
2นอน2น้ำ1ครัว จอดรถหลายคัน
บ้านไม่ติดใคร ท่ามกลางสวนลำไย
สวยมากกกก ห่างถนน108 เพียง 100เมตร
ขายเพียง 1.29ล้าน (ขายตามสภาพ)
ประเมิน 1.65ล้าน
ยินดีบริการสินเชื่อ
[hidden information]line:armon1017"
https://www.facebook.com/marketplace/item/1138623128253703/,"2 ห้องนอน 2 ห้องน้ำ - บ้าน
ราคา: ฿3,990,000 | ขาย
ขายด่วนบ้านสวนพร้อมที่ดินทำเลติดถนน 4 เลน ที่ดินเนื้อที่ 2 ไร่ 2 งานมีบ้าน 1 หลังขายในราคา 3.99 ล้านพร้อมโอนให้
บ้านทำเลติดถนน4เลน ทำเลดี เหมาะทำเป็นรีสรอทร์ หรือร้าอาหาร เดินทางเข้าออกสะดวก

สนใจนัดดูที่ดิน [hidden information] ต้นครับ"
https://www.facebook.com/marketplace/item/1138685095043355/,"3 ห้องนอน · 2 ห้องน้ำ
ราคา: ฿2,590,000 | ขาย
3 Beds 2 Baths - House

เทศบาลตําบลหางดง ซอย 8, หางดง, หมู่ที่ 2, เชียงใหม่ 50230, ประเทศไทย

📣 #บ้านหางดง  อยู่เองหรือปล่อยเช่าก็คุ้ม 🎯
#บ้านเดี่ยวใกล้ตลาดหางดง เพียง 700 ม. เดินทางสะดวกมาก ของแถมมครบครัน ✔️

ที่ดิน 60.6 ตรว. พื้นที่ใช้สอย 140 ตรม. 
ขนาด 3 ห้องนอน 2 ห้องน้ำ 2 ที่จอดรถ
✨ มีพื้นที่สวนด้านข้าง 📍ทำเล ย่านเทศบาลหางดง ใกล้ตลาดสดหางดง 
สิ่งอำนวยความสะดวกใกล้ตัวบ้านครบครัน 
ตลาดสดหางดง , กาดฝรั่ง , PTT หางดง , ที่ว่าการอำเภอหางดง , ธนาคาร,7-11
เพียง 2.59 ล้าน ⚡️

#พิเศษจองวันนี้พร้อมรายการของแถม  🎉
✅ เครื่องทำน้ำอุ่น 2 เครื่อง Stiebel
✅ เตาแก๊สเชื้อเพลิงแบบฝัง Axia
✅ เครื่องดูดควัน Axia
✅ เครื่องซักผ้าฝาหน้า 9 kg Beko
✅ เครื่องอบผ้าฝาหน้า 9 kg Beko 
✅ มุ้งลวดหน้าต่างกันแมลงห้องนอน
✅ จัดสวนให้รอบบ้าน 
✅ โรงจอดรถทำทรายล้าง
✅ มิเตอร์น้ำ
✅ มิเตอร์ไฟฟ้า
✅ ฟรีค่าธรรมเนียมการโอนบ้าน 
✅ ปั๊มน้ำอัตโนมัติแรงดันคงที่ 150 วัตต์ Hitachi
✅ ถังเก็บน้ำขนาด 1000 ลิตร Dos
✅ ระบบป้องกันปลวกใต้ถุนบ้าน 
✅ รับประกันงานโครงสร้าง
✅ เคาว์เตอร์ครัว

⭐️นัดชมโครงการแจ้งล่วงหน้า& สอบถามเพิ่มเติม🙏🏻
📞 0807944024 คุณพิมพ์ลดา
สอบถามรายละเอียดเพิ่มเติม แอดไลน์👇🏻
https://line.me/ti/p/76yIW6TtEd
ID Line mewzee
นัดหมายล่วงหน้านะคะ 🙏🏻 #บ้านพร้อมอยู่ 
#บ้านหางดง #ขายบ้านหางดง #บ้านใกล้ตลาดหางดง"
https://www.facebook.com/marketplace/item/1139592771612495/,"บ้าน 3 ห้องนอน 4 ห้องน้ำ
ราคา: ฿50,000/เดือน | ขาย
บ้านในโครงการ ให้เช่าเดือนละ 50,000 บาท ใกล้มีโชคพลาซ่า No.5H444
清迈美丽的3层别墅出租 。每月租金 50,000 泰铢，。No.5H444
บ้านเดี่ยวสามชั้น มี 3 ห้องนอน 4 ห้องน้ำ พื้นที่ 52.35 ตรว. พื้นที่ใช้สอย 250 ตรม. ไม่ไกลจากโลตัสรวมโชค, เซ็นทรัลเฟสติวัล, รพ.เทพปัญญา, รร.นานาชาตินครพายัพ และสิ่งอำนวยความสะดวกต่างๆอีกมากมาย.
3卧室，4 浴室。面积 52.35 平方哇。面积 250 平方米。
เฟอร์นิเจอร์ภายใน
-แอร์ 5 เครื่อง
-เครื่องทำน้ำอุ่น 3 เครื่อง 
-เตียงนอน 3
-ตู้เสื้อผ้า 2
-โซฟารับแขก 1
-โต๊ะทานข้าว 1
-ทีวี 1 เครื่อง
-ตู้เย็น 1 เครื่อง
-ไมโครเวฟ 1 เครื่อง
-เครื่องซักผ้า 1 เครื่อง
สัญญาขั้นต่ำ 1 ปี
จ่ายเพียง ประกัน 2 เดือน ล่วงหน้า 1 เดือน ทั้งหมดเพียง จ่าย 3 เดือน เข้าอยู่ได้เลยจร้า
สนใจติดต่อ แอร์ 066-1588246
Line id : 066-1588246 
(https://line.me/ti/p/bhPo_Q7tH0)
WeChat : baandeedeecnx
What app:+66 1588246
https://www.baandd-chiangmai.com


A house for rent good location near Meechok Plaza, No.5H444
清迈美丽的3层别墅出租 。每月租金 50,000 泰铢，。No.5H444
Rental monthly is 50,000 THB For 1 Year contact
Condition 1 month in advance & 2 months deposit
House spec : 3 Bedrooms, 4 bathrooms, 52.35 Sq.w. 250 Sq.m. not far from Lotus Ruamchok, CentralFestival, Theppanya Hospital, Nakornpayap International School.
3卧室，4 浴室。面积 52.35 平方哇。面积 250 平方米。
Furniture
-Air conditioner 5
-Hot shower 3
-Bed 3
-Wardrobe 2
-Loungeset 1
-Dining table 1 
-Television 1
-Refrigerator 1
-Microwave 1
-Washing machine 1 
Contact us for more information : Aire 066-1588246
Line id : 066-1588246
(https://line.me/ti/p/bhPo_Q7tH0)
WeChat : baandeedeecnx
What app:+66 1588246
https://www.baandd-chiangmai.com
#บ้านเช่าเชียงใหม่ #บ้านให้เช่าเชียงใหม่ #บ้านเชียงใหม่ #เชียงใหม่
#houseforrentinchiangmai #houseinchiangmai #chiangmai
#清迈房屋出租 ＃清迈租房 ＃房出租 ＃租房 ＃找清迈租房 ＃清迈别"
https://www.facebook.com/marketplace/item/1139670381681655/,"บ้าน 4 ห้องนอน 3 ห้องน้ำ
ราคา: ฿48,000/เดือน | ขาย
v English below v
บ้านในโครงการ ให้เช่าเดือนละ 48,000 บาท ใกล้บิ๊กซีแม่เหียะเพียง 5 นาที No.9H835
清迈美丽的2层别墅出租 。每月租金 48,000 泰铢，。No.9H835
บ้านเดี่ยวสองชั้น มี 4 ห้องนอน 3 ห้องน้ำ พื้นที่ 84 ตรว. 
4 卧室，3 浴室。面积 84 平方哇。
สถานที่ใกล้เคียง
-ตลาดแม่เหียะ
-เซ็นทรัลแอร์พอร์ต
-สนามบินเชียงใหม่
-แม็คโครหางดง
เฟอร์นิเจอร์ภายใน
-แอร์ 4 เครื่อง
-เครื่องทำน้ำอุ่น 2 เครื่อง
-เตียงนอน 4
-ตู้เสื้อผ้า 4
-โซฟารับแขก 1
-โต๊ะทานข้าว 1 
-ทีวี 1 เครื่อง
-ตู้เย็น 1 เครื่อง
-ไมโครเวฟ 1 เครื่อง
-เครื่องซักผ้า 1 เครื่อง  
สัญญาขั้นต่ำ 1 ปี
จ่ายเพียง ประกัน 2 เดือน ล่วงหน้า 1 เดือน ทั้งหมดเพียง จ่าย 3 เดือน เข้าอยู่ได้เลยจร้า
สนใจติดต่อ Pednoi (เป็ดน้อย) 0994728246
Id line:0994728246
https://line.me/ti/p/nsqIxB9oqF
Whatapp:0994728246
Weixin ID :NX997930
https://www.baandd-chiangmai
A house for rent good location near by 5 min to Big C Mae Hia, No.9H835
清迈美丽的2层别墅出租 。每月租金 48,000 泰铢，。No.9H835
Rental monthly is 48,000 THB For 1 Year contact
Condition 1 month in advance & 2 months deposit
House spec : 4 Bedrooms, 3 bathrooms, 84 Sq.w.
4 卧室，3 浴室。面积 84 平方哇。
Close to
-Mae Hia Market
-CentralPlaza Chiangmai Airport
-Chiang Mai International Airport
-Makro Hangdong
Furniture
-Air conditioner 4
-Hot shower 2
-Bed 4
-Wardrobe 4 
-Loungeset 1
-Dining table 1 
-Television 1
-Refrigerator 1
-Microwave 1
-Washing machine 1 
Contact us for more information : Pednoi (เป็ดน้อย) 0994728246
Id line:0994728246
https://line.me/ti/p/nsqIxB9oqF
Whatapp:0994728246
Weixin ID :NX997930
https://www.baandd-chiangmai
#บ้านเช่าเชียงใหม่ #Houseforrentchiangmai
#ချင်းမိုင်တွင်လုံးချင်းအိမ်ငှားရန်ရှိသည်။"
https://www.facebook.com/marketplace/item/1140192464356720/,"3 ห้องนอน 2 ห้องน้ำ - บ้าน
ราคา: ฿2,500,000 | ขาย
🌼ขาย/ผ่อนตรง เจ้าของโพสต์เอง🌼
บ้านผ่อนตรง สันทราย แม่โจ้ ห่างมอแม่โจ้ 5 นาที จากถนนหลักไปบ้าน 600 เมตร ผ่อนยาวได้ 5-10 ปี ไม่บังคับกู้ เอาคนอยู่พร้อม 

🌼เนื้อที่ 52 ตารางวา 
🌼3 ห้องนอน 2 ห้องน้ำ 
🌼จอดรถ 1 คันเหลือๆ

ขาย 2,500,000 บาท
ดาวน์ 150,000 บาท 
ผ่อน 11,700 บาท/เดือน

สนใจ [hidden information] พิมพ์ลตา"
https://www.facebook.com/marketplace/item/1140320944595629/,"2 ห้องนอน 2 ห้องน้ำ - บ้าน
ราคา: ฿1,750,000 | ขาย
#0-233 โครงการ  minihome extra หิ้วกระเป๋า พร้อมเข้าอยู่

ราคาดีงามเริ่มต้น 1.75 ล้าน❗️❗️❗️❗️
🏡บ้านแฝดสไตล์โมเดิร์นลอฟ🏡
 2 ห้องนอน  
 2 ห้องน้ำ 
 1 ห้องโถง 
 1 เคาน์เตอร์ครัว 
 พื้นที่ใช้สอย 102 ตร.ม. ขนาด 36 ตรว.
Built in ทั้งหลัง
แอร์ทุกห้องนอน
เครื่องทำน้ำอุ่นทุกห้องน้ำ 
ทีวี 3 เครื่อง
ตู้เย็น ไมโครเวฟ โซฟา 
โต๊ะรับประทานอาหาร
ผ้าม่านทั้งหลัง 

🚙 ใกล้ปั้มน้ำมันปตท. สันนาเม็ง
🚙 ใกล้ตลาดสามแยกและตลาดแม่กวง
🚙 ใกล้โลตัสและโฮมโปรสันทราย
🚙 ใกล้เทศบาลสันนาเม็ง
🚙จากเซนทรัลเฟสเพียง 10 นาที

💥เงินเหลือ 300,000 - 500,000 บาท
ฟรีโอน พร้อมโอนเปลี่ยนนาม มิเตอร์น้ำ มิเตอร์ไฟ 
ฟรีพร้อมโอนทุกหลัง ไม่มีค่าส่วนกลาง

📩 Contact us to schedule a viewing today!
✅ ราคาพิเศษ คุ้มค่า เหมาะลงทุน หรือซื้ออยู่เองทันที

📞 ติดต่อสอบถาม - นัดเข้าชมแจ้งล่วงหน้า 1 วันค่ะ
Tel : 083-6153295 (ไก่)
Line : 098-7846116

รายละเอียดทรัพย์อื่น ๆ ที่น่าสนใจเพิ่มเติมได้ที่
FB :   https://www.facebook.com/share/16m2yWfuu8/?mibextid=wwXIfr"
https://www.facebook.com/marketplace/item/1140838528000724/,"บ้าน 3 ห้องนอน 2 ห้องน้ำ
ราคา: ฿25,000/เดือน | ขาย
v English below v
บ้านสวยให้เช่าเดือนละ 25,000 บาท ใกล้กาดฝรั่ง No.14H984
清迈美丽的平房出租 。每月租金 25,000 泰铢，。No.14H984
บ้านเดี่ยวชั้นเดียว มี 3 ห้องนอน 2 ห้องน้ำ พื้นที่ 62.3 ตรว. 
3 卧室，2 浴室。面积 62.3 平方哇。
สถานที่ใกล้เคียง
-ตลาดหางดง
-โรงเรียนปัญญาเด่น
-สตาร์อเวนิว5
เฟอร์นิเจอร์ภายใน
-แอร์ 3 เครื่อง
-เครื่องทำน้ำอุ่น 1 เครื่อง
-เตียงนอน 2
-ตู้เสื้อผ้า 1
-โซฟารับแขก 1
-โต๊ะทานข้าว 1
สัญญาขั้นต่ำ 1 ปี
จ่ายเพียง ประกัน 2 เดือน ล่วงหน้า 1 เดือน ทั้งหมดเพียง จ่าย 3 เดือน เข้าอยู่ได้เลยจร้า
สนใจติดต่อ Pednoi (เป็ดน้อย) 0994728246
Id line:0994728246
https://line.me/ti/p/nsqIxB9oqF
Whatapp:0994728246
Weixin ID :NX997930
https://www.baandd-chiangmai
A house for rent good location near Kad Farang, No.14H984
清迈美丽的平房出租 。每月租金 25,000 泰铢，。No.14H984
Rental monthly is 25,000 THB For 1 Year contact
Condition 1 month in advance & 2 months deposit
House spec : 3 Bedrooms, 2 bathrooms, 62.3 Sq.w. 
3 卧室，2 浴室。面积 62.3 平方哇。
Close to
-Hang Dong Market
-Panyaden International School
-Star Avenue 5
Furniture
-Air conditioner 3
-Hot shower 1
-Bed 2
-Wardrobe 1
-Loungeset 1
-Dining table 1
Contact us for more information : Pednoi (เป็ดน้อย) 0994728246
Id line:0994728246
https://line.me/ti/p/nsqIxB9oqF
Whatapp:0994728246
Weixin ID :NX997930
https://www.baandd-chiangmai
#บ้านเช่าเชียงใหม่ #Houseforrentchiangmai
#ချင်းမိုင်တွင်လုံးချင်းအိမ်ငှားရန်ရှိသည်။"
https://www.facebook.com/marketplace/item/1141606024213434/,"3 ห้องนอน 2 ห้องน้ำ - บ้าน
ราคา: ฿12,000 | ขาย
🌿 บ้านเช่าแม่ริม – บรรยากาศดี วิวภูเขา ใกล้รร.นานาชาติเปรม 🌿

📍 หมู่บ้านสมหวัง เมาน์เท็นวิว | ต.ห้วยทราย อ.แม่ริม จ.เชียงใหม่

✨ บ้านเดี่ยว 3 ห้องนอน 2 ห้องน้ำ พร้อมเข้าอยู่ ในทำเลเงียบสงบ เหมาะกับครอบครัว และคนทำงานระยะยาว
✅ ใกล้โรงเรียนนานาชาติเปรม เพียง 2 กม.
✅ ใกล้กาดฝรั่งแม่ริม / แม็คโครแม่ริม
✅ เข้าเมืองเชียงใหม่สะดวก

🛏 3 ห้องนอน (แอร์ 2 ห้อง / ที่นอน 2 ชุด)
🚿 2 ห้องน้ำ
🍽 ห้องครัวมีเตาแก๊ส
🛋 ห้องโถงกว้างขวาง (แอร์ 1 เครื่อง)
🚗 ที่จอดรถได้ 2 คัน
🌸 ด้านหน้าบ้านโล่ง โปร่งสบาย มองเห็นสระบัว
🏡 บ้านอยู่บนถนนหลักของหมู่บ้าน ห่างจากป้อมยามเพียง 180 ม.
🌄 วิวภูเขา อากาศดี เงียบสงบ น่าอยู่
🔐 ระบบรักษาความปลอดภัยตลอด 24 ชม.

💰 ค่าเช่าเพียง 12,000 บาท/เดือน (ไม่รวมค่าส่วนกลาง)
📆 สัญญาขั้นต่ำ 1 ปี

📞 สนใจนัดชมบ้าน / ขอข้อมูลเพิ่มเติม
โทร. หรือแอดไลน์: [hidden information] (พี่หมวย)
แชทมาก่อนได้ บ้านสวย ราคาดีแบบนี้ ไม่บ่อยนะคะ!"
https://www.facebook.com/marketplace/item/1141863894703350/,"3 ห้องนอน 2 ห้องน้ำ - บ้าน
ราคา: ฿9,000/เดือน | ขาย
‼️ #บ้านว่างให้เช่า 
เดือนละ ✅9,000 บาท ✅ประกัน 20,000 บาท
(แรกเข้าอยู่ 29,000 บาท)
สัญญาเช่า 1 ปี /ปี ค่าน้ำฟรี ค่าไฟจ่ายรัฐ

🏡 3 ห้องนอน 2 ห้องน้ำ 1ห้องครัว 
- มีสนามหญ้า จอดรถยนต์ 3 คัน หลังบ้านมีพื้นที่ปลูกผักได้
- เครื่องทำน้ำอุ่น 2 เครื่อง 
- เตียง 2
- โต๊ะเครื่องแป้ง1
- ตู้เสื้อผ้า
- โซฟาขนาดใหญ่ปรับนอนได้
ปูคาใต้ สันกำแพง พื้นที่กว้างมาก💥 93ตรว.💥

สนใจติดต่อ/นัดดู
Id line หรือ ☎️[hidden information] ก้อยค่ะ
WhatsApp : [hidden information]"
https://www.facebook.com/marketplace/item/1142341004452070/,"บ้าน 3 ห้องนอน 3 ห้องน้ำ
ราคา: ฿35,000/เดือน | ขาย
v English below v
บ้านใจกลางเมือง ให้เช่าเดือนละ 35,000 บาท ใกล้ประตูท่าแพเพียง 5 นาที No.1H646
清迈美丽的2层别墅出租 。每月租金 35,000 泰铢，。No.1H646

บ้านเดี่ยวสองชั้น มี 3 ห้องนอน 3 ห้องน้ำ พื้นที่ 35 ตรว. 
3 卧室，3 浴室。面积 35 平方哇。

สถานที่ใกล้เคียง
-อนุสาวรีย์สามกษัตริย์
-วัดโลกโมฬี
-นิมมานฯ

เฟอร์นิเจอร์ภายใน
-แอร์ 1 เครื่อง
-เครื่องทำน้ำอุ่น 1 เครื่อง

สัญญาขั้นต่ำ 1 ปี
จ่ายเพียง ประกัน 2 เดือน ล่วงหน้า 1 เดือน ทั้งหมดเพียง จ่าย 3 เดือน เข้าอยู่ได้เลยจร้า
สนใจติดต่อ อิง 0 9 6 - 1 7 1 4 1 9 5
Line ID: 0961714195
(https://line.me/ti/p/E6rdmgI4m9)
WhatsApp: 0961714195
WeChat: baandeedee8
www.baandd-chiangmai.com

A house for rent near by 5 min to Tha Phae Gate, No.1H646
清迈美丽的2层别墅出租 。每月租金 35,000 泰铢，。No.1H646

Rental monthly is 35,000 THB For 1 Year contact
Condition 1 month in advance & 2 months deposit

House spec : 3 Bedrooms, 3 bathrooms, 35 Sq.w. 
3 卧室，3 浴室。面积 35 平方哇。

Close to
-Three King's Monument
-Wat Lok Moli
-Nimmanhaemin

Furniture
-Air conditioner 1
-Hot shower 1

Contact us for more information : Ing 0 9 6 - 1 7 1 4 1 9 5
Line ID: 0961714195
(https://line.me/ti/p/E6rdmgI4m9)
WhatsApp: 0961714195
WeChat: baandeedee8
www.baandd-chiangmai.com
#บ้านเช่าเชียงใหม่ #บ้านให้เช่าเชียงใหม่ #บ้านเชียงใหม่ #เชียงใหม่
#houseforrentinchiangmai #houseinchiangmai #chiangmai
#清迈房屋出租 ＃清迈租房 ＃房出租 ＃租房 ＃找清迈租房 ＃清迈别墅
#ချင်းမိုင်တွင်လုံးချင်းအိမ်ငှားရန်ရှိသည်။"
https://www.facebook.com/marketplace/item/1143358270790057/,"3 ห้องนอน · 2 ห้องน้ำ
ราคา: ฿2,200,000 | ขาย
‼️ขายพร้อมผู้เช่า⚡

สำหรับคนที่สนใจซื้อบ้านเพื่อปล่อยเช่า
❌ไม่ต้องหาผู้เช่า เพราะเรามีให้แล้ว

การันตีผู้เช่า
รับรายได้จากการเช่า 12,000 บาท/เดือน สัญญา 1ปี

ราคา 2.2 ล้านบาท
ฟรีทุกค่าใช้จ่ายวันโอนกรรมสิทธิ์

#ทาวน์เฮาส์ 2 ชั้น 🏠 
ทำเลดีในเมือง

🏫ใกล้โรงเรียนวารีเชียงใหม่ 🚸 900 เมตร เดินไปง๊ายง่าย

🎪ใกล้ศูนย์การค้าเชียงใหม่89 👉🏻 1.1 กิโล
(Top Supermarket, Lotus Go Fresh, Watson, Amazon, โครงการหลวง, ดาราคอสเมติกส์, Nana Bakery, Nana Jungle, ส้มตำอุดร, มาลีก๋วยเตี๋ยวเรือสุโขทัย ฯลฯ)

🛣️ใกล้แยกหนองหอย 👉🏻 1.8 กิโล
🏥ใกล้โรงพยาบาลราชเวช 👉🏻 2.8 กิโล
🛍️ใกล้บิ๊กซีดอนจั่น 👉🏻 5 กิโล
🛍️ใกล้ห้างเซ็นทรัลเชียงใหม่แอร์พอร์ต 👉🏻 5.4 กิโล
✈️สนามบินเชียงใหม่ 👉🏻 7.2 กิโล
(ขับรถ 10 นาทีถึง)

พิกัด : 106/14 หมู่บ้านชัยพฤกษ์
ต.หนองหอย อ.เมืองเชียงใหม่ จ.เชียงใหม่ 50000

📝รายละเอียดตัวบ้าน🏠

🛏 3 ห้องนอนใ
(ห้องนอนชั้นล่าง 1 ห้อง | ห้องนอนชั้นบน 2 ห้อง)
🛀🏻 2 ห้องน้ำ
(ห้องน้ำชั้นล่าง 1 ห้อง | ห้องน้ำชั้นบน 1 ห้อง)
🛋️1 โซนรับแขก ชั้นล่าง
🍽️1 โซนทานข้าว ชั้นล่าง
🎁1 ที่เก็บของใต้บันได
🍳1 ห้องครัว
🍃1 ระเบียงรับลม

🚘จอดรถยนต์หน้าบ้านได้ 1 คัน
🛵จอดรถมอเตอร์ไซด์ในโรงจอดได้

🆓 ฟรีค่าจดจำนอง
🆓 ฟรีเฟอร์นิเจอร์
🆓 ฟรีเครื่องใช้ไฟฟ้า
(ตู้เย็น ไมโครเวฟ แอร์3ตัว เครื่องทำน้ำอุ่น)
🆓 ฟรีมิเตอร์ไฟฟ้า
🆓 ฟรีมิเตอร์น้ำประปา

#บ้านเชียงใหม่ราคาถูก #ทาวน์เฮาส์2ชั้นเชียงใหม่ #บ้านใกล้เมืองเชียงใหม่ #บ้านใกล้สนามบินเชียงใหม่ #บ้านหนองหอย #เชียงใหม่89

สนใจนัดชมบ้าน
โทร : 0️⃣9️⃣3️⃣4️⃣5️⃣4️⃣9️⃣4️⃣5️⃣3️⃣ ชาญ
0️⃣6️⃣4️⃣2️⃣2️⃣5️⃣5️⃣1️⃣7️⃣9️⃣ หยา
Line : 0️⃣9️⃣3️⃣4️⃣5️⃣4️⃣9️⃣4️⃣5️⃣3️⃣"
https://www.facebook.com/marketplace/item/1143676204280737/,"3 ห้องนอน 2 ห้องน้ำ - บ้าน
ราคา: ฿2,290,000 | ขาย
🏡 บ้านเดี่ยวพร้อมอยู่ อำเภอเมืองเชียงใหม่ ใกล้แม็คโคร & สนามบิน ✨

💖 เริ่มชีวิตคู่ในบ้านอบอุ่น ฟังก์ชันครบ ตอบโจทย์ทุกไลฟ์สไตล์

✨ ราคาพิเศษเพียง 2.29 ล้านบาท รวมโอน
💡 แถมเฟอร์นิเจอร์พื้นฐาน (โซฟา เตียง ตู้ โต๊ะอาหาร) – ตรวจสอบหน้างานได้

🌿 ทำเลทอง สะดวกทุกการเดินทาง
✅ เพียง 5 นาทีถึงแม็คโครเชียงใหม่
✅ เพียง 10 นาทีถึงสนามบินเชียงใหม่
✅ ใกล้เซ็นทรัลแอร์พอร์ต, บิ๊กซี แม่เหียะ และโรงเรียนสารสาสน์ฯ

🏡 รายละเอียดบ้าน
📐 ที่ดิน 38.6 ตร.วา | พื้นที่ใช้สอย 110 ตร.ม.
🛏 3 ห้องนอน รองรับครอบครัวขยาย
🚿 2 ห้องน้ำ สะดวกทุกการใช้งาน
🏡 ห้องโถงกว้าง อบอุ่นทุกช่วงเวลาครอบครัว
🍽 ห้องครัวพร้อมใช้งาน ทำอาหารอร่อยทุกมื้อ
🚗 จอดรถได้ 1 คัน

📍 ใกล้ทุกสิ่งสำคัญ
🚗 5 นาที – แม็คโครเชียงใหม่ & บิ๊กซี แม่เหียะ
🚗 10 นาที – สนามบินเชียงใหม่ & เซ็นทรัลแอร์พอร์ต
🚗 10 นาที – โรงพยาบาลเชียงใหม่
🚗 15 นาที – ตัวเมืองเชียงใหม่

💖 บ้านพร้อมอยู่ ฟังก์ชันครบ ทำเลดีสำหรับคุณและคนที่คุณรัก

🎁 สนใจนัดชมบ้าน ติดต่อได้เลย!
📞 โทร: [hidden information] | ไลน์: rcnkpang

#บ้านเชียงใหม่ #บ้านพร้อมอยู่ #บ้านครอบครัว #เชียงใหม่บ้านดี #บ้านทำเลทอง #บ้านใกล้สนามบิน #บ้านสวยเชียงใหม่ #ฟังก์ชันครบ #ชีวิตคู่อบอุ่น #บ้านน่าอยู่"
https://www.facebook.com/marketplace/item/1143965547556807/,"3 ห้องนอน 3 ห้องน้ำ - บ้าน
ราคา: ฿3,190,000 | ขาย
🏡🤩 **บ้านกรศิริสนามกีฬา เชียงราย** 🎉

**บ้าน 3 ห้องนอน 3 ห้องน้ำ เพียง 3 หลังสุดท้าย!** 🏡

เนื้อที่ 50 ตรว.  เนื้อที่ใช้สอย 125 ตรม.  
ราคาพิเศษเพียง 3.19 ล้านบาทเท่านั้น! 🤩

จองเพียง 5,000 บาท เช็คเครดิตธนาคารฟรี!  ไม่ผ่านคืนเงินจอง 100%  💰

**มั่นใจ** ในทำเลดี ใกล้สนามกีฬา! 🏟️
**มั่นใจ** ในคุณภาพวัสดุ! 🏡
**มั่นใจ** ในราคาที่คุ้มค่า!  💰

รีบติดต่อก่อนพลาดโอกาสทอง! ✨

📞 [hidden information]
📞 [hidden information]

**Comment:** (รูปภาพเป็นบ้านที่มีการโอนส่งมอบไปแล้ว)

#บ้านกรศิริสนามกีฬา #เชียงราย #บ้านเดี่ยว #ทำเลดี #ราคาคุ้ม #รีบจับจอง #อย่าพลาดโอกาส #บ้านใหม่ #บ้านสวย #โอกาสทอง #มีความสุข 🏡🎉"
https://www.facebook.com/marketplace/item/1144268447517785/,"บ้าน 3 ห้องนอน 3 ห้องน้ำ
ราคา: ฿2,900,000 | ขาย
💭 บ้านหลังนี้ไม่ได้เร่งขาย...แค่ลดราคาเฉยๆ 😌
จาก 3.6 ล้าน เหลือ 2.9 ล้านบาท
(ใช่...ลดไป 700,000 แบบไม่มีซ่อนเงื่อนไข)

🏡 บ้านเดี่ยว 2 ชั้น สไตล์นอร์ดิก
หันหน้า 2 ทิศ N+E รับแสงเช้า อารมณ์ดีทั้งวัน
3 ห้องนอน | 3 ห้องน้ำ | ครัว + ห้องรับแขก
สนามหญ้า & ที่จอดรถครบ ไม่มีค่าส่วนกลาง

🌿 โครงสร้างดี ใช้วัสดุ SCG แถมรับประกันให้ 5 ปี
พื้นที่ 80 ตร.ว. | ใช้สอย 149 ตร.ม.
อยู่ในชุมชนสงบ ถนนส่วนตัว ไม่ติดซอยลึก

🚗 ใกล้เมือง ใกล้ของกิน ใกล้ธรรมชาติ

เซ็นทรัล เชียงใหม่ 13 นาที

ตลาดป่าเหมือด เดิน 800 เมตร

ม.แม่โจ้ / รพ.สันทราย ประมาณ 4 กม.

💥 ค่าโอน ค่าภาษี แบ่งกันคนละครึ่งแบบมิตรภาพ

แวะมาดูก่อนได้ ไม่ซื้อไม่ว่า แต่อย่าหาว่าไม่เตือนนะ...
บ้านแบบนี้ราคานี้ ไม่ได้มีบ่อยๆ 😎

📞 [hidden information] | [hidden information]
📌 ID: #TS0214

#บ้านนอร์ดิก #ลดแรงไม่พูดเยอะ #บ้านดีบอกต่อ
#เชียงใหม่บ้านสวย #บ้านนี้ใจดีลดเยอะ
#บ้านใหม่ราคาดีมีอยู่จริง

✨ We’re not in a rush to sell...
But the price just dropped to 2.9 million THB from 3.6M 💥
(No catch. Just a crazy good deal.)

🏡 Brand-new 2-storey Nordic-style home
Facing North + East for morning light & good vibes
3 Bedrooms | 3 Bathrooms | Kitchen + Living Room
Private yard, parking, no common fees

🧱 Built with high-quality SCG materials
Structural warranty for 5 years
Land size: 80 sq.wah | Usable area: 149 sq.m.
Private road, peaceful neighborhood, no deep alley

📍 Prime location – quiet but close to everything:
• Central Chiang Mai – 13 mins
• Local market – 800 meters
• Maejo University – 4 km
• Sansai Hospital – 4 km

📝 Transfer & tax fee: split 50/50 – fair & friendly

👀 Come see it for yourself.
You don’t have to buy it… but you might just fall for it.
Deals like this don’t stick around for long. 😌

📞 Call: [hidden information] | [hidden information]
📌 Ref. ID: #TS0214

#NordicHomeChiangMai #HiddenGem #NewHouseForSale
#NotSellingButJustSaying #ModernLiving #ChiangMaiDeals
#PrivateHomeNoFee"
https://www.facebook.com/marketplace/item/1144487324191826/,"บ้าน 3 ห้องนอน 3 ห้องน้ำ
ราคา: ฿40,000/เดือน | ขาย
🎈ให้เช่า 40,000 บาท/เดือน #Inizio (Land & House) #สันกำแพง ทำเลดี #เส้นสันกำแพงสายใหม่ – #น้ำไม่ท่วม #บ้านแปลงมุม พร้อมอยู่

พื้นที่ดิน 70.9 ตร.วา | พื้นที่ใช้สอย 130 ตร.ม.
3 ห้องนอน | 3 ห้องน้ำ
1 ห้องนั่งเล่น | 1 ห้องครัว
จอดรถในบ้านได้ 2 คัน

✅ บ้านตัวอย่างโครงการ – เจ้าของซื้อเก็บ ไม่เคยอยู่
✅ เฟอร์นิเจอร์ Built-in ตรงปก พร้อมเข้าอยู่ / ปล่อยเช่าได้ทันที
✅ แปลงมุม แต่งสวนรอบบ้าน บรรยากาศร่มรื่น

✅ มีระบบกันขโมยรอบบ้าน
✅ พื้นที่ข้างบ้านเหลือเยอะ ต่อเติมเพิ่มได้อีก!

🌳สิ่งอำนวยความสะดวกในโครงการ (Land & House มาตรฐานสูง)
• สระว่ายน้ำ • ฟิตเนส • สวนสาธารณะ • ระบบรักษาความปลอดภัย 24 ชม.
• ค่าส่วนกลางเพียง 25 บาท/ตร.วา (ชำระรายปี)

🚗การเดินทางสะดวก ใกล้แหล่งสำคัญ
ตลาดศรีอรุณ
รร.นานาชาติ ABS, Unity Concord, Varee, ช่อฟ้าซินเซิง
10 นาทีถึงแยกบ่อสร้าง, ใกล้ถนนวงแหวน

FOR RENT – 40,000 Baht/month Home in Inizio by Land & House #Fully furnished with built-in furniture as seen in the photos

Land area: 70.9 sq.wah (~283.6 sq.m.)
Living area: 130 sq.m.
3 Bedrooms | 3 Bathrooms
Living room | Kitchen
Covered parking for 2 cars

🏡Project Show Unit – Never Lived In
✅ Ready to move in or rent out immediately
✅ Corner plot with beautifully landscaped garden
✅ Extra land on the side – perfect for future extension
✅ Home security alarm system around the house

🌿 Facilities in the gated community (Land & House quality):
• Swimming pool
• Fitness center
• Public park
• 24/7 security
• Common fee only 25 THB/sq.wah (paid annually)

📍 Great Location on San Kamphaeng New Road
• Near Sri Aroon Market
• Close to top international schools: ABS, Unity Concord, Varee, Cho Fah Xin Sheng
• Easy access to Bo Sang intersection and the outer ring road
• Flood-free zone

💼 Ideal for a family home or investment rental property!

อยากได้อสังหาโซนไหน สอบถามเข้ามาได้เลย

ต้องการอสังหาแบบไหนที่ Northern Land Chiangmai เรามีครบ ครอบคลุม #ทั่วเชียงใหม่ ไม่ว่าจะเป็น
#พูลวิลล่า #บ้านใหม่ #บ้านมือสอง #บ้านเช่า #คอนโด #อสังหาพร้อมผู้เช่า #หอพัก #อพาร์ทเม้นท์ #ที่ดิน

✅รับจัดหาบ้าน, ที่ดิน, คอนโด, อสังหาริมทรัพย์ทั่วเชียงใหม่
✅บริการยื่นสินเชื่อทุกธนาคารฟรี ไม่มีค่าใช้จ่าย
✅ยื่นสินเชื่อที่อื่นไม่ผ่านรับดูแลต่อ พร้อมให้คำแนะนำ
✅ทำการตลาด สื่อ โฆษณา
✅เช็คเครดิตบูโร ฟรี 

👍นัดชมได้ทุกวันไม่มีวันหยุด
📲Line ID : @habanchiangmai หรือ https://lin.ee/netCDYF
หรือสอบถามเพิ่มเติมโทร 📞 086-9238951/ 065-5306944 / 085-9646661
✨ยินดีพาชม และให้คำปรึกษาด้านสินเชื่อ ฟรี

🌐เว็บไซต์บริษัท : https://northernlandandhousechiangmai.com/en

🌐หาบ้าน เชียงใหม่ : https://www.habanchiangmai.com/

🔅เพจหาบ้าน เชียงใหม่ : https://www.facebook.com/HabanHabanchiangmai?mibextid=ZbWKwL

🎯YouTube : https://youtube.com/@northernlandhousechiangmai6664

🎯Instagram : https://instagram.com/northernland.cm?igshid=YmMyMTA2M2Y=

🎯TIKTOK : https://www.tiktok.com/@northerland_cnx?_t=8bwxggLIxlv&_r=1

📣สนใจอสังหาริมทรัพย์อื่นๆ คลิ๊ก
🔶For Sale
https://www.facebook.com/NorthenlandHouse-Chiangmai-1774295549481349/
🔶️For Rent
https://www.facebook.com/Northernland-House-For-Rent-In-Chiangmai-228643327897310/

พูลวิลล่าเชียงใหม่
https://www.facebook.com/profile.php?id=100081907720597&mibextid=LQQJ4d

ที่ดิน
https://www.facebook.com/profile.php?id=100075781194500&mibextid=LQQJ4d

ขายคอนโด เชียงใหม่
https://www.facebook.com/profile.php?id=100076053777727&mibextid=LQQJ4d

หอพัก
https://www.facebook.com/profile.php?id=100086620509112&mibextid=LQQJ4d

อสังหาริมทรัพย์พร้อมผู้เช่า
https://www.facebook.com/profile.php?id=100075856546688&mibextid=LQQJ4d

#บ้านเชียงใหม่
#บ้านราคาถูกเชียงใหม่
#บ้านมือสองเชียงใหม่
#บ้านสร้างใหม่เชียงใหม่
#บ้านทำเลดีเชียงใหม่
#บ้านพร้อมอยู่เชียงใหม่
#พูลวิลล่าเชียงใหม่
#NorthernlandChiangmai
#อสังหาพร้อมผู้เช่าเชียงใหม่
#บ้านสวยเชียงใหม่
#บ้านพร้อมเฟอร์นิเจอร์เชียงใหม่
#บ้านสวนเชียงใหม่
#NorthernlandandHousechiangmai #Northernland"
https://www.facebook.com/marketplace/item/1144659767047458/,"3 ห้องนอน 3 ห้องน้ำ - บ้าน
ราคา: ฿2,890,000 | ขาย
The Urbana +6 บ่อสร้าง-สันกำแพงสายเก่า (ทำเลน้ำไม่ท่วม ) โครงการ ""ทำเล ติด Top"" 🏆 จองเพียง 5,000 บาท รีบด่วนก่อนหมดปี 💥 เพราะราคาที่ขึ้นทุกปี! ซื้ออยู่หรือลงทุนก็ตอบโจทย์  โปรโมชั่นพิเศษ 2.89* ล้าน (บ้านเปล่า) 2 ยูนิต สุดท้าย พร้อมของแถมกว่า 6 รายการ

🗺 โครงการตั้งอยู่บนถนนบ่อสร้าง-สันกำแพงสายเก่า ซึ่งเป็นเส้นทางที่มีการเจริญเติบโตอย่างรวดเร็ว และเต็มไปด้วยสิ่งอำนวยความสะดวกที่ตอบโจทย์สำหรับการอยู่อาศัยในปัจจุบัน ทั้งคนทำงาน ครอบครัว และคนรุ่นใหม่

พร้อมใกล้ชิดกับธรรมชาติและสถานที่สำคัญมากมาย 🌳🌴 อีกทั้งยังมีการพัฒนาในอนาคตที่ทำให้ทำเลนี้มีมูลค่าสูงขึ้นเรื่อย ๆ ทำให้เหมาะทั้งสำหรับการอยู่อาศัยและการลงทุนในระยะยาว

🏡 บ้าน 2 ชั้น พื้นที่ใช้สอยภายในบ้านกว่า 139 ตร.ม. แบ่งเป็นสัดส่วน…3 ห้องนอน 3 ห้องน้ำ ที่จอดรถ 2 คัน พิเศษสุดกับ Walk in closet รองรับการขยายของครอบครัว ลงตัวทุกการอยู่อาศัย

💥 Rare location แบบนี้ จองด่วน! เพียง 5,000 บาท กับ The Urbana +6 บ่อสร้าง-สันกำแพง พร้อมรับของแถม 6 รายการ
ฟรี เครื่องปรับอากาศ
ฟรี โอนกรรมสิทธิ์
ฟรี มิเตอร์ น้ำ-ไฟ
ฟรี หลังคาโรงจอดรถ
ฟรี Cashback 50,000 บาท
ฟรี ผ้าม่าน (ทั้งหลัง)
                                                                                        🏡 โครงสร้างบ้านตอกเสาเข็ม ใช้วัสดุคุณภาพดี มั่นใจในประสบการณ์กว่า 35 ปี
✨ เลือกปาล์มสปริงส์ เพื่อชีวิตที่ดีกว่า
สอบถามข้อมูลเพิ่มเติมได้ที่
 [hidden information]  ปักเป้า (Sales Executive)
                                                                                        #บ้านเชียงใหม่ #เชียงใหม่ #TheUrbana6

#TheUrbana+6 #ดิเออบาร์น่า #โครงการบ้าน #โครงการบ้านสันกำแพง สายเก่า  #บ้านแฝด #บ้านแฝดสันกำแพง  เชียงใหม่ #บ้าน #บ้านสไตล์โมเดิร์น #Palmsprings"
https://www.facebook.com/marketplace/item/1145052344217836/,"บ้าน 3 ห้องนอน 2 ห้องน้ำ
ราคา: ฿2,890,000 | ขาย
🏡 โอกาสพิIศษ!!! บ้านสวยทำเลทอง พร้อมผู้เช่า Sายได้ทัuที

บ้าน 2 ชั้น หมู่บ้านรุ่งธนา 6 ต้นเปา สันกำแพง เชียงใหม่
✨ ตกแต่ง-ต่อเติมเต็มพื้นที่ พร้อมเฟอร์นิเจอร์บิ้วท์อินทั้งหลัง
เพียงแค่คุณเป็นเจ้าของ ก็รับSายได้จากผู้เช่าได้ทัuที!

รายละเอียดเด่น

พื้นที่ 50 ตร.ว. พื้นที่ใช้สอย 115 ตร.ม.

3 ห้องนอน | 2 ห้องน้ำ | 1 ห้องรับแขก

ครัวต่อเติมเต็มพื้นที่ + พื้นที่ซักล้างมุงหลังคา

โรงจอดรถพร้อมพื้นที่รอบบ้าน

เฟอร์นิเจอร์บิ้วท์อินทั้งหลัง + เครื่องใช้ไฟฟ้า (แอร์, ตู้เย็น)

ทำเลดี ใกล้ครบทุกสิ่ง

7.6 กม. จากแม็คโคร

2 กม. จากถนนคนเดินบ่อสร้าง

ใกล้ตลาดอุ๊ยทา, โลตัสบ่อสร้าง, โรงเรียน, ม.พายัพ

ใกล้ รพ.กรุงเทพ, รพ.แมคคอร์มิค

💰 Sาคาเพียง 2.89 ล้านบาท
✅ ฟsีบริการยื่นสินเชื่อ
✅ ค่าโอนคนละครึ่ง

รีบตัดสินใจก่อนพลาดโอกาส!
📱 [hidden information]
📲 Line ID: nary.asungha
➡️ FB: AsunghaRealEstate

---

🏡 Special Opportunity! Fully Renovated 2-Storey Home with Tenant – Immediate Rental Income

Located in Rungthana 6 Village, Ton Pao, San Kamphaeng, Chiang Mai
✨ Fully extended & beautifully built-in – move-in ready with furniture and appliances included!
You can start earning rental income from day one.

Key Features

Land size: 200 sq.m. (50 sq. wah), Usable area: 115 sq.m.

3 Bedrooms | 2 Bathrooms | Living Room

Fully extended kitchen + covered laundry area

Covered parking & extra outdoor space

Fully built-in furniture + air-conditioning and refrigerator

Prime Location

7.6 km from Makro

Only 2 km from Bo Sang Walking Street

Close to local markets, Lotus Bo Sang, schools, Payap University

Near Bangkok Hospital, McCormick Hospital

💰 Only 2.89 MB
✅ Free mortgage application service
✅ 50/50 transfer fee split

Act now before it’s gone!
📱 [hidden information]
📲 Line ID: nary.asungha
➡️ FB: AsunghaRealEstate"
https://www.facebook.com/marketplace/item/1145220024455095/,"3 ห้องนอน · 2 ห้องน้ำ
ราคา: ฿12,000/เดือน | ขาย
Newly built detached house for rent in San Pa Tong Hang Dong District, Thung Fah Bod Village, (40 minutes to Chiangmai airport).  Land size 57 square wah, 3 bedrooms, 2 bathrooms, only 200 meters from San Pa Tong Hospital, near 7-Eleven, restaurants, for rent 12,000 baht per month, contract 1 year or more.

▪︎▪︎▪︎▪︎▪︎▪︎▪︎▪︎▪︎▪︎▪︎▪︎▪︎▪︎▪︎▪︎▪︎▪︎▪︎▪︎▪︎▪︎▪︎▪︎▪︎▪︎▪︎▪︎▪︎▪︎▪︎▪︎▪︎▪︎▪︎▪︎▪︎▪︎▪︎▪︎

บ้านเดี่ยวสร้างใหม่ให้เช่า อำเภอสันป่าตองหางดง หมู่บ้านทุ่งฟ้าบด พื้นที่ 57 ตารางวาขนาด 3 ห้องนอน 2 ห้องน้ำ ห่างจากโรงพยาบาลสันป่าตองเพียง 200 ม. ( ห่างจากสนามบินเชียงใหม่ 40 นาที) ใกล่เซเว่น อีเลฟเว่น ร้านอาหาร  ให้เช่าเดือนละ 12,000 บาท สัญญา 1 ปีขึ้นไป

===============================
More information / สอบถามข้อมูลเพิ่มเติม
===============================
■CalI /WhatsApp 
099--371--9955
0️⃣9️⃣9️⃣3️⃣7️⃣1️⃣9️⃣9️⃣5️⃣5️⃣
==============================
OWMN"
https://www.facebook.com/marketplace/item/1146578126830997/,"3 ห้องนอน 1 ห้องน้ำ - บ้าน
ราคา: ฿5,000 | ขาย
บ้านสร้างใหม่❗ตรงข้ามดูโฮม 💵💵ราคาเพียง 1.xx ลบ.💵💵 ใกล้ตลาดสด ใกล้ปั๊มน้ำมัน📍 ว่างไม่กี่หลังแล้วจ้า🎉  

🎀ขนาดพื้นที่ : 38-61 ตรว.
🛏️2- 3 ห้องนอน
🛀🏻 1 ห้องน้ำ
🍴 1 ห้องครัว
🛋️ 1 ห้องโถง
🚗 จอดรถได้ 1 คัน

🎇แถมฟรี🎇
✅แอร์ 1 ตัว
✅มิเตอร์น้ำ
✅มิเตอร์ไฟ
✅ค่าโอน
✅ป้ายบ้านเลขที่ 

พิกัด: เรียบคลองชลข้างตลาดสดตรงข้ามดูโฮม📍

🏠สนใจติดต่อ/นัดชมบ้าน
📱[hidden information] เอิน
💻 เพจ : ดูบ้านกับเอิร์น พิษณุโลก"
https://www.facebook.com/marketplace/item/1147773643921980/,"1 ห้องนอน 1 ห้องน้ำ - อพาร์ทเมนท์
ราคา: ฿1,750,000 | ขาย
🔥 ทรัพย์เข้าใหม่ 🔥
ขาย / ให้เช่า ดีคอนโด เชียงราย

📍 รายละเอียดห้อง
 • ตึก A ชั้น 4 (วิวเซ็นทรัล)
 • ขนาด 29.82 ตร.ม.
 • 1 ห้องนอน | 1 ห้องน้ำ | 1 ห้องรับแขก | 1 ห้องครัว | 1 ระเบียง

🛋️ เฟอร์นิเจอร์ & เครื่องใช้ไฟฟ้า
 • ตู้เย็น 1 เครื่อง
 • แอร์ 1 เครื่อง
 • ทีวี 1 เครื่อง
 • เครื่องทำน้ำอุ่น
 • เครื่องซักผ้า

💵 ราคาขาย: 1.75 ล้านบาท (ค่าโอนคนละครึ่ง)
💰 ค่าเช่า: 8,000 บาท/เดือน (สัญญา 1 ปี)

🔑 ค่าใช้จ่ายวันเข้าอยู่
 • ค่าเช่าล่วงหน้า 1 เดือน = 8,000 บาท
 • เงินประกัน 2 เดือน

📞 สนใจติดต่อ:
[hidden information] (อลิส)

#ให้เช่าดีคอนโดเชียงราย #DCondoChiangRai
#ขายดีคอนโดเชียงราย #คอนโดเชียงราย #ขายคอนโด

⸻

🔥 New Listing 🔥
D Condo Chiang Rai – For Sale & Rent

📍 Room Details
 • Building A, 4th Floor (Central View)
 • Size: 29.82 sq.m.
 • 1 Bedroom | 1 Bathroom | 1 Living Room | 1 Kitchen | 1 Balcony

🛋️ Furnishings & Appliances
 • Refrigerator
 • Air Conditioner
 • Television
 • Water Heater
 • Washing Machine

💵 Sale Price: THB 1.75M (Transfer fee 50/50)
💰 Rent: THB 8,000/month (1-year contract)

🔑 Move-in Cost
 • 1 Month Advance Rent = THB 8,000
 • 2 Months Security Deposit

📞 For viewing, please contact:
Tel. [hidden information] (Alice)

#ForRentDCondoChiangRai #DCondoChiangRai
#ForSaleDCondoChiangRai #ChiangRaiCondo #ChiangRaiProperty"
https://www.facebook.com/marketplace/item/1148053760381369/,"ราคา: ฿999,000 | ขาย
สินค้านี้อาจจำหน่ายไปแล้วหรือหมดอายุ ลองดูสินค้าอื่นๆ ด้านล่างนี้"
https://www.facebook.com/marketplace/item/1148906430638357/,"3 ห้องนอน 2 ห้องน้ำ - บ้าน
ราคา: ฿1,790,000 | ขาย
#Ba260
🏡ขายบ้านเดี่ยวชั้นเดียว โซนสันกำแพง🏡

📍📍ตำบลต้นเปา อำเภอสันกำแพง จะ.เชียงใหม่

🌼บ้านขนาด 38 ตารางวา 
🌼3 ห้องนอน 
🌼2 ห้องน้ำ 
🌼1 ห้องครัว
🌼1 โรงจอดรถ

✅มีเฟอร์นิเจอร์พร้อมอยู่ 
✅แอร์ 2 ตัว 
✅ติดเหล็กดัดมุ้งลวดเรียบร้อย 
✅ชุดโต๊ะทันข้าว
✅อายุบ้านแค่ 3 ปี 

💥💥☘️ขายราคา 1,790,000 ล้าน☘️💥💥

#บริการยื่นสินเชื่อฟรี
🎉สถานที่ใกล้เคียง🎉
☘️ร่มบ่อสร้าง
☘️CP เฟรสมาท
☘️ร้าน 7-11
☘️โลตัสเล็ก
☘️ตลาดสดบ่อสร้าง
☘️สวนน้ำทูปเทค

📲สนใจติดต่อ [hidden information] ต่ายค่ะ"
https://www.facebook.com/marketplace/item/1149168787225009/,"อพาร์ทเมนท์ 2 ห้องนอน 2 ห้องน้ำ
ราคา: ฿3,350,000 | ขาย
ขายห้องดีเวียงคอนโด ชั้น5, 60.2ตรม. 2นอน2น้ำ ลดเหลือ 3.35ลบ. ถ.สันติธรรม ต.ช้างเผือก อ.เมือง เชียงใหม่
ขายคอนโด ดีเวียงคอนโด 60.22 ตร.ม ชั้น 5 สันติธรรม ช้างเผือก เชียงใหม่
2ห้องนอน 2 ห้องน้ำ ห้องนั่งเล่น โซนทำครัว มีระเบียง ประตูดิจิตอลล็อค
โครงการมีฟิตเนส สระว่ายน้ำ ครบทุกสิ่งอำนวยความสะดวก ในราคาสุดคุ้มตั้งอยู่กลางใจเมือง
ขายลดพิเศษเพียง 3,350,000 บาท ค่าโอนคนละครึ่ง
ราคาต่ำกว่าตลาด
ห้องตกแต่งพร้อมอยู่ เฟอร์นิเจอร์ และเครื่องใช้ไฟฟ้าครบ
แอร์ ทีวี ตู้เย็น ไมโครเวฟ เครื่องทำน้ำอุ่น เครื่องซักผ้า
การเดินทาง
กาดธานินท์ 2นาที (เดินไปได้)
มหาวิทยาลัยราชภัฏเชียงใหม่ 3นาที
โรงพยาบาลสวนดอก 5นาที
ห้างเมญ่าเชียงใหม่ และถนนนิมมาน 5นาที
มหาวิทยาลัยเชียงใหม่ 6 นาที
เซ็นทรัลเฟสติวัล 10 นาที
สนามบิน 15 นาที

*** สนใจสอบถาม ***
โทร : 0945735168
Line ID : piyawitnoom
WhatsApp : +66945735168
รหัสประกาศ : 109-66
สนใจ ชมทรัพย์หลากหลาย ได้ในช่องเพจ
Facebook
https://www.facebook.com/aiktaya"
https://www.facebook.com/marketplace/item/1149303644010409/,"3 ห้องนอน 2 ห้องน้ำ - บ้าน
ราคา: ฿2,190,000 | ขาย
🛎 บ้านเดี่ยวสไตล์อิงลิชคอทเทจ 
ที่คุณเห็นครั้งแรก แล้วต้องประทับใจแน่นอน
บ้านสวย ทำเลดี เข้าเมืองสะดวก

ราคา :  🔖 2.19 ล้านบาท 

พื้นที่ 50 ตรว.
📍 ผ่อนเบาเพียง 8,xxx บาท   
📍ไม่ต้องมีเงินดาวน์
📍ไม่มีค่าส่วนกลาง 
 พื้นที่ใช้สอย 110 ตรม.
3 ห้องนอน 2 ห้องน้ำ 
1 ห้องครัว  2 ที่จอดรถ
-------------------------------------
จองวันนี้  : 
✔️ ฟรีค่าโอน
✔️ ฟรีเคาเตอร์ครัว
✔️ ฟรีเตาแก๊ส + ฮู้ด
✔️ ฟรีแท้งค์น้ำ + ปั๊มน้ำ
✔️ ฟรีโซฟา + ที่วางทีวี
✔️ ฟรีโต๊ะกินข้าว
✔️ ฟรีโรงจอดรถ
-------------------------------------------------
พิกัด 📌 ตลาดขวัญ - ดอยสะเก็ด จากเซ็นทรัลเฟสเพียง 15 นาที

รหัสทรัพย์ #0-358 

🌿 สนใจเยี่ยมชม นัดล่วงหน้าได้เลยค่ะ
📲 ติดต่อเราเพื่อข้อมูลเพิ่มเติม 👇
Tel : [hidden information] แคท Line:  [hidden information]

❤ ดำเนินการด้านสินเชื่อให้ครบ จบที่เดียว
🏡 บ้านสวย ราคาคุ้มค่า คุณภาพเกินราคา
#บ้านเชียงใหม่ #บ้านใหม่ #บ้านใกล้เมือง #บ้านราคาดีที่สุด #บ้านนอกโครงการ #บ้านเดี่ยวเชียงใหม่ #คอนโดเชียงใหม่#บ้านฟรีดาวน์ #บ้านพร้อมอยู่ #บ้านเช่า#ปล่อยเช่า#บ้านในเมือง #บ้านราคาถูกเจ้าของขายเอง #บ้านราคาถูกแถมเงินแสน #ขายบ้านโครงการ #หางดง #สารภี #สันทราย #ดอยสะเก็ด #แม่ริม #สันป่าตอง #ขายบ้านเชียงใหม่ #บ้านที่ดินเชียงใหม่"
https://www.facebook.com/marketplace/item/1149377917043092/,"3 ห้องนอน 2 ห้องน้ำ - บ้าน
ราคา: ฿2,290,000 | ขาย
💥 บ้านเดี่ยวโมเดิร์น สารภี ทำเลปัง เข้าอยู่ได้ทันที! 💥
บ้านพร้อมอยู่ น้ำไม่ท่วมอุ่นใจทุกฤดู

🏡 3 ห้องนอน | 2 ห้องน้ำ | ครัวใหญ่ | ที่จอดรถ 2 คัน
🔹 พื้นที่ใช้สอย 149 ตร.ม. บนที่ดิน 61 ตร.ว.
🔹 ถนนกว้าง 7 เมตร เข้า-ออกสะดวก
🔹 ใกล้ตลาด โรงเรียน การไฟฟ้า และ 7-11
🔹 น้ำไม่ท่วม 100% อุ่นใจทุกฤดู

🔥 ของแถมแน่น คุ้มสุดๆ 🔥
✅ ฟรีค่าโอน
✅ ฟรีแอร์ 12,000 BTU
✅ ฟรีเครื่องทำน้ำอุ่น 2 เครื่อง
✅ ฟรีเตาแก๊ส + ฮูดดูดควัน

💰 ราคาเพียง 2.29 ล้านบาท
💵 จองแค่ 5,OOO บาท พร้อมเข้าอยู่!

📞 สนใจติดต่อ: [hidden information] k.กานต์"
https://www.facebook.com/marketplace/item/1149502976626552/,"3 ห้องนอน 3 ห้องน้ำ - บ้าน
ราคา: ฿38,000/เดือน | ขาย
✨📍 บ้านให้เช่า ในโครงการซีรีนเลค สีวลีเชิงดอย
มีส่วนกลางครบ ติดทะเลสาบ 🌊

🏷 ให้เช่า 38,000/เดือน (สัญญารายปี)
ประกัน  2 เดือน ล่วงหน้า 1เดือน
❌️ ไม่รับสัตว์เลี้ยง ไม่รับคนสูบบุหรี่

🔸บ้านเดี่ยว 2 ชั้น  
🔸ขนาดที่ดิน 57 ตรว.
🔸พื้นที่ใช้สอย 144 ตรม.
🔸3 ห้องนอน
🔸3 ห้องน้ำ 
🔸 ที่จอดรถ 2 คัน
🔸 แอร์ทุกห้อง
🔸 ครัวไทย 
🔸ไมโครเวฟ   ตู้เย็น
🔸เครื่องซักผ้า
🔸1 ทีวี

เดินนทางเข้าออกสะดวก ใกล้ ตลาด 7/11 
และโรงเรียนนานาชาติหลายแห่ง
เฟอร์นิเจอร์ พร้อมหิ้วกระเป๋า เข้าอยู่ได้เลย 

📌สถานที่ใกล้เคียง 
ตำบลสันผักหวาน อำเภอหางดง เชียงใหม่ 
  อยู่ใกล้แม็คโคร บิ๊กซีแม่เหียะ
   กาดฝรั่ง ริมปิงซุปเปอร์มาร์เก็ต  
  เชียงใหม่ไนท์ซาฟารี, อุทยานหลวงราขพฤกษ์
ร.ร. นานาชาติเกรซ, ลานนา,  10 นาที
  สนามบินเชียงใหม่ 
 เซ็นทรัลโรบินสัน แอร์พอร์ตเพียง 15 นาที

สนใจติดต่อ [hidden information] คุณหนาว📲
What app[hidden information]
(แอดไลน์ข้อความไม่ขึ้นค่ะทักแชทมานะคะ)

 #แม่เหียะ #โรงเรียนนานาชาติ #บ้านให้เช่า #ให้เช่าบ้าน #ซีรีนเลค #forrent #MaeHia #Internationalschool #Houseforrent #Houseforrent #SereneLake"
https://www.facebook.com/marketplace/item/1149551293959785/,"ทาวน์เฮาส์ 3 ห้องนอน 2 ห้องน้ำ
ราคา: ฿1,290,000 | ขาย
ขายถูก ทาวน์เฮ้าส์ 2 ชั้น ในโครงการอมันตา วิลเลจ #AmantaVillageบ้านดู่ 
3 ห้องนอน 2 ห้องน้ำ 2 ห้องครัว จอดรถได้ 2 คัน
เนื้อที่ 18.8 ตร.วา ขนาดพอเหมาะ ดูแลง่าย
📍 ทำเลดี #บ้านดู่ #เชียงราย ใกล้สิ่งอำนวยความสะดวกครบครัน!
💰 ราคาพิเศษ1.29ล้านบาท เท่านั้น ถูกสุดในโครงการ"
https://www.facebook.com/marketplace/item/1150447667190610/,"อพาร์ทเมนท์ 1 ห้องนอน 1 ห้องน้ำ
ราคา: ฿11,000/เดือน | ขาย
v English below v
คอนโดกลางเมือง ให้เช่าเดือนละ 11,000 บาท ใกล้ม.เชียงใหม่เพียง 5 นาที No.3C033
清迈美丽的 公寓出租 。每月租金 11,000 泰铢，。No.3C033

เดอะ สตาร์ ฮิลล์ คอนโด โครงการในย่านเศรษฐกิจ มี 1 ห้องนอน 1 ห้องน้ำ พื้นที่ 34 ตรม.
1 卧室， 1 浴室。面积 34 平方米。

สถานที่ใกล้เคียง
-ตลาดต้นพยอม
-นิมมานฯ
-เมญ่า

เฟอร์นิเจอร์ภายใน
-แอร์ 1 เครื่อง
-เครื่องทำน้ำอุ่น 1 เครื่อง
-เตียงนอน 1
-ตู้เสื้อผ้า 1
-โซฟารับแขก 1
-โต๊ะทานข้าว 1
-ทีวี 1 เครื่อง
-ตู้เย็น 1 เครื่อง
-ไมโครเวฟ 1 เครื่อง

สัญญาขั้นต่ำ 1 ปี
จ่ายเพียง ประกัน 2 เดือน ล่วงหน้า 1 เดือน ทั้งหมดเพียง จ่าย 3 เดือน เข้าอยู่ได้เลยจร้า
สนใจติดต่อ อิง 0 9 6 - 1 7 1 4 1 9 5
Line ID: 0961714195
(https://line.me/ti/p/E6rdmgI4m9)
WhatsApp: 0961714195
WeChat: baandeedee8
www.baandd-chiangmai.com

Condo for rent in downtown near by 5 min to Chiang Mai University, No.3C033
清迈美丽的 公寓出租 。每月租金 11,000 泰铢，。No.3C033

Rental monthly is 11,000 THB For 1 Year contact
Condition 1 month in advance & 2 months deposit

House spec : 1 Bedroom, 1 bathroom, 34 sq.m. 
1 卧室， 1 浴室。面积 34 平方米。

Close to
-Ton Payom Market
-Nimmanhaemin
-Maya

Furniture
-Air conditioner 1
-Hot shower 1
-Bed 1
-Wardrobe 1
-Loungeset 1
-Dining table 1
-Television 1
-Refrigerator 1
-Microwave 1

Contact us for more information : Ing 0 9 6 - 1 7 1 4 1 9 5
Line ID: 0961714195
(https://line.me/ti/p/E6rdmgI4m9)
WhatsApp: 0961714195
WeChat: baandeedee8
www.baandd-chiangmai.com
#คอนโดเช่าเชียงใหม่ #คอนโดให้เช่าเชียงใหม่ #ขายคอนโดเชียงใหม่ #คอนโดขายเชียงใหม่ #เชียงใหม่
#CondoChiangMai #condoinchiangMai #condochiangMai
#ချင်းမိုင်တွင်လုံးချင်းအိမ်ငှားရန်ရှိသည်။"
https://www.facebook.com/marketplace/item/1151118836528049/,"บ้าน 3 ห้องนอน 3 ห้องน้ำ
ราคา: ฿25,000/เดือน | ขาย
v English below v
ทาวน์เฮ้าส์กลางเมืองให้เช่าเดือนละ 25,000 บาท ใกล้นิมมานฯ No.1H188
清迈美丽的排屋出租 。每月租金 25,000 泰铢，。No.1H188
ทาวน์เฮ้าส์สองชั้น มี 3 ห้องนอน 3 ห้องน้ำ พื้นที่ 27 ตรว.
3 卧室，3 浴室。面积 27 平方哇。
สถานที่ใกล้เคียง
-ตลาดต้นพยอม
-มหาวิทยาลัยเชียงใหม่
-เมญ่า
-โรงพยาบาลสวนดอก
เฟอร์นิเจอร์ภายใน
-แอร์ 4 เครื่อง
-เครื่องทำน้ำอุ่น 2 เครื่อง
-เตียงนอน 3
-ตู้เสื้อผ้า 2
-โซฟารับแขก 1
-โต๊ะทานข้าว 1
-ทีวี 1 เครื่อง
-ตู้เย็น 1 เครื่อง
-ไมโครเวฟ 1 เครื่อง
-เครื่องซักผ้า 1 เครื่อง
สัญญาขั้นต่ำ 1 ปี
จ่ายเพียง ประกัน 2 เดือน ล่วงหน้า 1 เดือน ทั้งหมดเพียง จ่าย 3 เดือน เข้าอยู่ได้เลยจร้า
สนใจติดต่อ Pednoi (เป็ดน้อย) 0994728246
Id line:0994728246
https://line.me/ti/p/nsqIxB9oqF
Whatapp:0994728246
Weixin ID :NX997930
https://www.baandd-chiangmai
Townhome for rent near Nimmanhaemin, No.1H188
清迈美丽的排屋出租 。每月租金 25,000 泰铢，。No.1H188
Rental monthly is 25,000 THB For 1 Year contact
Condition 1 month in advance & 2 months deposit
House spec : 3 Bedrooms, 3 bathrooms , 27 sq.w.
3 卧室，3 浴室。面积 27 平方哇。
Close to
-Ton Phayom Market
-Chiang Mai University
-Maya
-Suandok Hospital
Furniture
-Air conditioner 4
-Hot shower 2
-Bed 3
-Wardrobe 2
-Loungeset 1
-Dining table 1
-Television 1
-Refrigerator 1
-Microwave 1
-Washing machine 1
Contact us for more information : Pednoi (เป็ดน้อย) 0994728246
Id line:0994728246
https://line.me/ti/p/nsqIxB9oqF
Whatapp:0994728246
Weixin ID :NX997930
https://www.baandd-chiangmai
#บ้านเช่าเชียงใหม่ #Houseforrentchiangmai
#ချင်းမိုင်တွင်လုံးချင်းအိမ်ငှားရန်ရှိသည်။"
https://www.facebook.com/marketplace/item/1151622289836006/,"3 ห้องนอน 2 ห้องน้ำ - บ้าน
ราคา: ฿2,390,000 | ขาย
🏡 บ้านเดี่ยวโซนตลาดขวัญ 
ดอยสะเก็ด – เริ่มต้น 45 ตร.วา พื้นที่ใช้สอย 120 ตร.ม.
📍ใกล้เทศบาลตลาดขวัญ เดินทางสะดวก เข้า-ออกได้หลายเส้นทาง

✨ ฟังก์ชันครบ พร้อมอยู่ทันที
 • 3 ห้องนอน
 • 2 ห้องน้ำ
 • 1 ห้องครัว
 • 2 ที่จอดรถ

ราคาเริ่มต้น 2.39 ล้าน

🎉 จัดโปรโมชั่นพิเศษต้อนรับเดือนตุลาคมนี้!
📦 แถมเฟอร์นิเจอร์ครบทั้งหลัง พร้อมของแถมและสิทธิพิเศษมากมาย
**** เงื่อนไขเป็นไปตามที่โครงการกำหนด

🎁 ของแถมสุดคุ้ม
🚩 ฟรี ค่าโอนกรรมสิทธิ์
🚩 ฟรี ค่าจดจำนอง
🚩 ฟรี แอร์ทุกห้องนอน
🚩 ฟรี เครื่องทำน้ำอุ่นทุกห้องน้ำ
🚩 ฟรี มิเตอร์น้ำประปาภูมิภาค
🚩 ฟรี มิเตอร์ไฟฟ้า 15 แอมป์
🚩 ฟรี เคาน์เตอร์ครัวพร้อมซิงค์ล้างจาน
🚩 ฟรี เตาแก๊สแบบฝัง
🚩 ฟรี รั้วรอบบ้านพร้อมปูสนามหญ้า
🚩 ฟรี มุ้งลวดทั้งหลัง (ตามแบบโครงการ)
🚩 ฟรี ผ้าม่านทั้งหลัง (ตามแบบโครงการ)
🚩 ฟรี ปั๊มน้ำฮิตาชิ 150 วัตต์
🚩 ฟรี ถังเก็บน้ำกันตะไคร่น้ำ 1,000 ลิตร
🚩 ฟรี ระบบเดินท่อกำจัดปลวกร้อยท่อใต้อาคาร
🚩 ฟรี ฉนวนกันความร้อนใต้หลังคา

🌿 สนใจเยี่ยมชม นัดล่วงหน้าได้เลยค่ะ
📲 ติดต่อเราเพื่อข้อมูลเพิ่มเติม 👇
Tel : 080-1355565 ,086-0401449
https://line.me/ti/p/-_QtXaCxK7

❤ ดำเนินการด้านสินเชื่อให้ครบ จบที่เดียว
รายละเอียดทรัพย์อื่น ๆ ที่น่าสนใจเพิ่มเติมได้ที่
FB :   https://www.facebook.com/khuanlada3
Tiktok:  https://www.tiktok.com/@ladahome8?_t=8qlw0KThuPY&_r=1
You Tube :  🎥https://youtube.com/@ladahomeland9087?si=IzkEMuZ5Mc8GOebn

🏡 บ้านสวย ราคาคุ้มค่า คุณภาพเกินราคา
#บ้านเชียงใหม่ #บ้านใหม่ #บ้านใกล้เมือง #บ้านราคาดีที่สุด #บ้านนอกโครงการ #บ้านเดี่ยวเชียงใหม่ #คอนโดเชียงใหม่#บ้านฟรีดาวน์ #บ้านพร้อมอยู่ #บ้านเช่า#ปล่อยเช่า#บ้านในเมือง #บ้านราคาถูกเจ้าของขายเอง #บ้านราคาถูกแถมเงินแสน #ขายบ้านโครงการ #หางดง #สารภี #สันทราย #ดอยสะเก็ด #แม่ริม #สันป่าตอง #ขายบ้านเชียงใหม่ #บ้านที่ดินเชียงใหม่"
https://www.facebook.com/marketplace/item/1151752853809994/,"3 ห้องนอน 2 ห้องน้ำ - บ้าน
ราคา: ฿1,990,000 | ขาย
📣📣หลุดจองจร้า....
💥💥บ้านเดี่ยวพร้อมอยู่หลังใหญ่มาก ❗❗

🍁มีพื้นที่ใช้สอยเยอะ ของแถมไม่อั้นเดินทางสะดวกใกล้แหล่งชุมชน

🚩🚩พิกัดโซนท่ารั้วตลาดขวัญ
 🔥เพียง 1.99 ล้านบาท🔥
      👉ฟรีโอน👈

📐ขนาดที่ดิน 60 ตรว. 
📐พื้นที่ใช้สอย 150  ตรม.

🔺3 ห้องนอน
🔺2 ห้องน้ำ
🔺1 ห้องครัว 
🔺1 ห้องโถง

🎁ของแถม🎁
🍀ผ้าม่านมุ้งลวดทั้งหลัง
🍀แอร์12000 btu 1 เครื่อง
🍀เครื่องทำน้ำอุ่น 2 เครื่อง
🍀แทงค์น้ำ-ปั๊มน้ำ
🍀มิเตอร์น้ำ-มิเตอร์ไฟ
🍀ท่อกำจัดปลวก
🍀สนามหญ้า

📢📢สอบถามรายละเอียดหรือนัดชมบ้านติดต่อทักแชทมาได้เลยนะคะ😊😊"
https://www.facebook.com/marketplace/item/1152663456991478/,"4 ห้องนอน 3 ห้องน้ำ - บ้าน
ราคา: ฿7,500,000 | ขาย
♦️ลดราคา♦️ถูกสุดในย่านเดียวกัน“
♦️ทำเลดี ติดถนน.
♦️มีที่จอดรถสะดวกสบาย**
♦️มีเงินเหลือ 1.5 ล้าน 
♦️อยู่ตรงข้ามโลตัสรวมโชคติดวิวบาร์ 
♦️ติดถนนใหญ่ 
♦️เป็นตึก มี 4 ชั้น 
♦️หน้ากว้าง 4 เมตร ลึก 12 เมตร 
♦️มี 4 ห้องนอน 
♦️3 ห้องน้ำ ♦️แอร์ 5 ตัว 
💥ขาย 7.5 ล้าน บาท 
💥(เข้าแบงค์ได้ 9 ล้าน)

💥สนใจนัดชมตึก [hidden information] ต้น"
https://www.facebook.com/marketplace/item/1152944526792621/,"3 ห้องนอน 3 ห้องน้ำ - บ้าน
ราคา: ฿28,000/เดือน | ขาย
💎💎
พร้อมอยู่ 1 ตุลาคม 2568 นี้ค่ะ

🏡House for rent 28,000-/month

✅Area 95 square wah
Usable area 220 square meters 

🔶 3 beds 3 baths
1 master room , fully furnished 

📍Near Ruamchok Market, 
Near Meechok Malls, Lotus 
Near NIS International School 
Near Central Festival 5 km. 
________________________________

🏡บ้านว่างให้เช่า 28,000-/เดือน

(ใกล้กาดมีโชค รวมโชคมอล์ โลตัส เพียง 2 กม , ใกล้ NIS International school ,
ใกล้ เซ็นทรัลเฟสฯ เพียง 5 กม. )

📍3 นอน 3 ห้องน้ำ 
พท. 95 ตรว. พท.ใช้สอย 220 ตรม. 
✅เฟอร์นิเจอร์ครบพร้อมเข้าอยู่
🎊 แอร์ 5 เครื่อง 1 ห้องครัว 1 ห้องรับแขก 

🏘️หมู่บ้านธนาพรปาร์คโฮม 4 (หลังหมู่บ้านรั้วเดียวกัน กับหมู่บ้านเศรษฐสิริ โครงการแสนสิริ)

สนใจติดต่อ[hidden information]
Line:laphat0903"
https://www.facebook.com/marketplace/item/1153090959773823/,"3 ห้องนอน 2 ห้องน้ำ - บ้าน
ราคา: ฿1,790,000 | ขาย
ขายบ้านเดี่ยวพร้อมที่ดิน ในเมืองเชียงราย

ทำเลชุมชนเกาะลอย ถ.ศรีบุญเรือง ซอย 1
ต.เวียง อ.เมืองเชียงราย จ.เชียงราย 57000

ราคาเสนอขาย : 1,790,000 บาท
ขนาดที่ดิน : 58.2 ตารางวา
ราคาต่อตารางวา : ประมาณ 30,760 บาท/ตร.วา

ประเภททรัพย์ : บ้านเดี่ยว 2 ชั้น
พื้นที่ใช้สอย : - (ตามสภาพเดิม)
จำนวนห้อง : 3 ห้องนอน | 2 ห้องน้ำ
ที่จอดรถ : ภายในบริเวณบ้าน (ตามพื้นที่ที่ดิน)
เฟอร์นิเจอร์ : ไม่มี / ขายตามสภาพ
เอกสารสิทธิ์ : โฉนดครุฑแดง (น.ส.4 จ.)

สถานะทรัพย์ : ขายตามสภาพ
เหมาะสำหรับ : รีโนเวทเพื่ออยู่อาศัยเอง หรือทำบ้านเช่า

การเดินทางและทำเล
• ตั้งอยู่ในโซนชุมชนเกาะลอย เมืองเชียงราย
• เข้าออกได้จากถนนศรีบุญเรือง ซอย 1
• ถนนในซอยเดินทางสะดวก สภาพแวดล้อมเป็นบ้านพักอาศัย

ระยะทางสำคัญใกล้เคียง
• Central เชียงราย ประมาณ 3.8 กม.
• สนามบินแม่ฟ้าหลวง ประมาณ 8 กม.
• สิงห์ปาร์ค ประมาณ 13 กม.
• ตลาด ร้านสะดวกซื้อ สถานที่ราชการ และโรงเรียนเข้าถึงง่าย

จุดเด่นของทรัพย์
• ทำเลในเมือง เดินทางสะดวก
• ราคาคุ้มค่าเมื่อเทียบทำเลและขนาดที่ดิน
• มีศักยภาพในการรีโนเวท เพิ่มมูลค่าทรัพย์สินได้
• เหมาะทำบ้านพักอยู่อาศัย หรือบ้านเช่าในเมือง"
https://www.facebook.com/marketplace/item/1153160166878895/,"3 ห้องนอน 2 ห้องน้ำ - บ้าน
ราคา: ฿2,290,000 | ขาย
🏠บ้านใหม่ หนองผึ้งสารภี 2.29 ล้าน ฟรีโอนฟรีเฟอร์นิเจอร์ แอร์ ตู้ เตียงผ้าม่าน มุ้งลวด โต๊ะอาหาร ครบชุด หัวเตาแก๊ส พร้อมฮูดดูดควัน
✅️สไตล์นอร์ดิก 
⛳️เริ่มต้น 64 ตรว. 
✅️2.29 ล้าน ฟรีโอน Free Furniture แอร์ตู้เตียง ผ้าม่าน
✅️พื้นที่ใช้สอยในตัวบ้าน
ประมาณ 130 ตารางเมตร
✅️3 ห้องนอน 2 ห้องน้ำ 1 ห้องโถง 1 ห้องครัว จอดรถ 2 คัน
✅️ 64 ตรว.
🆓 ️ฟรีค่าโอน
🆓️ ฟรีผ้าม่าน 
🆓️โต๊ะอาหาร 
🆓️ตู้เสื้อผ้า 
🆓️เตียงนอน 
🆓️โต๊ะเครื่องแป้ง 
🆓️แอร์ 
🆓️โซฟา 
🆓️ชุดรับแขก
🆓️แถมเครื่องทำน้ำอุ่น 2 เครื่อง
🆓 ️ปั๊มน้ำ แทงค์น้ำ
🆓 ️มิเตอร์น้ำ มิเตอร์ไฟ
🆓 ️มุ้งลวด
🆓️ กันปลวก
🆓️ สนามหญ้า
✅️ ห้องครัวห้องโถงกว้างมากครับ

❤️❤️🌸 พร้อมบริการทางด้านสินเชื่อให้ฟรี!!!

📲 สนใจนัดชมบ้านได้ทุกวัน 📲
☎️ ติดต่อ คุณแอม 0934194564
Line ID= 0934194564   

FACEBOOK Assanee Parinyaninlakul
https://www.facebook.com/share/14FQykT2CyR/

เพจ AMP property บ้านที่ดินเชียงใหม่
https://www.facebook.com/share/1DCZJnqfZN/

TIKTOK AMP Ninlakul
https://www.tiktok.com/@assanee.ninlakul?_t=ZS-8z5BjAQLqmj&_r=1

#AMP Property #ขายบ้านเชียงใหม่ #อสังหาเชียงใหม่บ้านที่ดิน  #AMP Ninlakul#ขายบ้านเชียงใหม่ #อสังหาเชียงใหม่บ้านที่ดิน  #AMP Ninlakul #บ้านมินิมอล #ขายบ้าน #สันทราย #สารภี #ท่ารั้ว #บ้านชั้นเดียว #บ้านสองชั้น #สวนสวย #บ้านพร้อมสวน #บ้านเชียงใหม่ #บ้านสวยเชียงใหม่ #บ้านเชียงใหม่ใกล้เมือง #บ้านสวย #บ้านเชียงใหม่ #บ้าน #บ้านเดี่ยว #บ้านเดี่ยวเชียงใหม่ #บ้านทำเลดี #บ้านสวยมาก #ยื่นสินเชื่อให้ฟรี #ซื้อบ้านเชียงใหม่ #เชียงใหม่"
https://www.facebook.com/marketplace/item/1153303716300231/,"1 ห้องนอน 1 ห้องน้ำ - อพาร์ทเมนท์
ราคา: ฿12,000/เดือน | ขาย
🎊ปล่อยเช่า ศุภาลัยมอนเต้2 
ห้อง 46 ตรม. ชั้น 29 

1ห้องนอน 1ห้องน้ำ 
1ห้องนั่งเล่น 1  ห้องครัว

🔥ค่าเช่า 12,000 บาท/ต่อเดือน
ค่าเช่ารวมส่วนกลาง
Free WiFi
สัญญา 1 ปี

รปภ. 24 ชั่วโมง
ฟิตเนส สระว่ายน้ำ  ซาวน่า

คอนโดใกล้ห้างเซนทรัลเฟสติวัลเชียงใหม่

ติดทรัพย์
📱[hidden information] คุณจิรา
Line:nathagon25"
https://www.facebook.com/marketplace/item/1153898289877687/,"3 ห้องนอน 3 ห้องน้ำ - บ้าน
ราคา: ฿2,290,000 | ขาย
🏡 บ้านเดี่ยวโครงการใหม่ สันทรายหลวง เชียงใหม่
✨ ราคาเริ่มต้นเพียง 2.29 ล้านบาท
ตอบโจทย์ครอบครัวทุกขนาด ฟังก์ชันครบพร้อมเข้าอยู่

📐 รายละเอียดบ้าน:
– ที่ดินเริ่มต้น 55 ตร.วา
– พื้นที่ใช้สอย 128 ตร.ม.
– 3 ห้องนอน
– 3 ห้องน้ำ
– 1 ห้องครัว
– 1 ห้องรับแขก
– ที่จอดรถ 2 คัน

✅ เหลือเพียง 3 แปลงสุดท้าย!
รีบจับจองก่อนพลาดทำเลดีไปนะคะ

💸 ผ่อนเริ่มต้น 7,900 บาท/เดือน
🎁 ของแถมจัดเต็มมูลค่ากว่า 300,000 บาท

📍 ทำเลบ้าน
ต.สันทรายหลวง อ.สันทราย จ.เชียงใหม่

🛣 ใกล้สถานที่สำคัญ
– ตลาดภูดอย 10 นาที
– รวมโชคมอลล์ 15 นาที
– ริมปิงซุปเปอร์มาร์เก็ต 20 นาที
– เซ็นทรัลเฟสติวัล 20 นาที
– รพ.เทพปัญญา 25 นาที

❌ กรุณานัดหมายก่อนชมบ้าน เพื่อความเป็นส่วนตัวของลูกค้า ❌

📲 สอบถามเพิ่มเติม / นัดชมบ้าน / เช็กวงเงินกู้ฟรี
Line ID: rcnkpang"
https://www.facebook.com/marketplace/item/1154303216802714/,"3 ห้องนอน 3 ห้องน้ำ - บ้าน
ราคา: ฿35,000/เดือน | ขาย
🌿 บ้านตกแต่งพร้อมอยู่ ทำเลดี — พร้อมเข้าอยู่
📍 เนื้อที่ 72 ตร.วา | 3 ห้องนอน | 3 ห้องน้ำ | ห้องนั่งเล่น | ห้องครัว | ที่จอดรถ
🛍️ ขับรถเพียง 10 นาทีถึงเซ็นทรัลเฟสติวัล
🛍️ ใกล้ตลาดสามแยกสันทราย
เฟอร์นิเจอร์ครบชุด พร้อม:
• เตียง / ตู้เสื้อผ้า / โซฟา
• ทีวี / ตู้เย็น / เครื่องปรับอากาศ / เครื่องซักผ้า
• ไมโครเวฟ / เตาแก๊ส
• ประตูดิจิตอลล็อค
ระบบรักษาความปลอดภัย 24 ชั่วโมง
💸 ค่าเช่า: 35,000 บาท/เดือน
(สัญญา 1 ปี | มัดจำ 2 เดือน | ล่วงหน้า 1 เดือน)
กรุณาติดต่อเราสำหรับข้อมูลเพิ่มเติมหรือเพื่อดู
สำหรับข้อมูลเพิ่มเติมหรือนัดดู. 
📞& WhatsApp : [hidden information] เอ๋ 
LINE : sunshinecurtain
**กรุณานัดหมายล่วงหน้าอย่างน้อย 1 วัน**
____________________________________________
🏡House For Rent: Pimuk4 Phase1 Village, Middle Ring Road ✨
🌿 Fully furnished house, convenient location — ready to move in
📍 Land Area 72 sq.wa. | 3 Bedroom | 3Bathroom | Living Room | Kitchen | Car Park
🛍️ Only 10 minutes drive to Central Festival
🛍️ Near Samyak Sansai Market.

🛋 Fully furnished & equipped with:
• Bed / Wardrobe / Sofa
• TV / Fridge / Air-conditioner / Washing Machine
• Microwave / Gas Stove 
• Digital Door Lock
. 24-hour Security

💸 Rent: 35,000 THB/month
(1-year contract | 2-month deposit | 1-month advance)

Please contact us for more information or to view.
สำหรับข้อมูลเพิ่มเติมหรือนัดดู. 
📞& WhatsApp : [hidden information] เอ๋ 
LINE : sunshinecurtain
**กรุณาทำการนัดล่วงหน้า 1 วัน** 
**Please make an arrangement at least 1 day in advance **"
https://www.facebook.com/marketplace/item/1154308179929800/,"1 ห้องนอน · 1 ห้องน้ำ
ราคา: ฿15,000/เดือน | ขาย
code: CR263

ให้เช่าคอนโด Hillside 2 – นิมมานเหมินทร์ เชียงใหม่
ราคาเช่า: 15,000 บาท/เดือน
ขนาดห้อง: 43 ตารางเมตร | ชั้น 3 | พร้อมเข้าอยู่
สัญญาขั้นต่ำ 1 ปี
รายละเอียดห้อง
แบ่งพื้นที่ใช้งานเป็นสัดส่วน: ห้องนอน, ห้องนั่งเล่น, ห้องครัว
มีระเบียงส่วนตัว พร้อมอ่างล้างมือด้านนอก
เฟอร์นิเจอร์และเครื่องใช้ไฟฟ้า
ห้องนอน
เตียงขนาด 5 ฟุต
โต๊ะเครื่องแป้ง
โต๊ะเขียนหนังสือ
ตู้เสื้อผ้า
ห้องนั่งเล่น
โซฟา 2 ที่นั่ง
โต๊ะกลาง
โทรทัศน์
ครัว
เตาไฟฟ้าพร้อมเครื่องดูดควัน
ไมโครเวฟ
ซิงก์ล้างจาน
ตู้เก็บของ
ตู้เย็น
โต๊ะทานอาหาร 2 ที่นั่ง
อื่น ๆ
ตู้ใส่รองเท้า

For Rent – Hillside 2 Condo, Nimmanhaemin Road, Chiang Mai
Monthly Rent: 15,000 THB
Room Size: 43 sq.m. | 3rd Floor | Ready to move in
Minimum lease: 1 year
Room Layout
Functional layout with separate bedroom, living room, and kitchen
Private balcony with outdoor sink
Furniture & Appliances
Bedroom
5-foot bed
Dressing table
Work desk
Wardrobe
Living Room
2-seater sofa
Coffee table
TV
Kitchen
Electric stove with hood
Microwave
Sink
Storage cabinets
Refrigerator
Dining table for 2
Others
Shoe cabinet

Location Nearby📍https://maps.app.goo.gl/RZPNXwGXRsmFdrid8

👇INQUIRY & VIEWING & SEARCHING 👇
🍀LINE ID:  https://lin.ee/wiY7MNT
🍀WhatsApp:   https://wa.me/+660617975152
🍀Telegram:  @realestate189 
🍀 WeChat ID:  Housecnx  
☎️ 0️⃣6️⃣2️⃣-9️⃣1️⃣7️⃣9️⃣5️⃣3️⃣5️⃣

👇MORE PROPERTIES👇
🏠For Rent:  https://www.facebook.com/189realestate 
🏠For Sale:  https://www.facebook.com/share/1ZibLg6wQf/

#บ้านเช่าเชียงใหม่  #บ้านพร้อมอยู่  #บ้านในตัวเมืองเชียงใหม่  #ทาวน์เฮ้าส์เชียงใหม่   #โฮมทาวน์เชียงใหม่  #พูลวิลล่าเชียงใหม่  #ซื้อบ้านเชียงใหม่ #ขายบ้านเชียงใหม่  #houseforrent  #houseforsale  #houseinchiangmai  #townhouse  #hometown  #poolvilla  #poolvillachiangmai  #chiangmaithailand"
https://www.facebook.com/marketplace/item/1154465960215941/,"อพาร์ทเมนท์ 1 ห้องนอน 1 ห้องน้ำ
ราคา: ฿10,000/เดือน | ขาย
🏡ให้เช่าคอนโดศุภาลัย มอนเต้ 2 ชั้น 15 ราคาเช่าเพียง 10,000 บาท

🏡 ห้องขนาด 33 ตร.ม.
🛏 1 ห้องนอน | 🚿 1 ห้องน้ำ
💰 ราคาเช่าเพียง 10,000 บาท/เดือน
พร้อมเฟอร์นิเจอร์ครบ หิ้วกระเป๋าเข้าอยู่ได้เลย 🎒✨

เงื่อนไขการเช่า
📄 สัญญาขั้นต่ำ 1 ปี
💵 ประกัน 2 เดือน + ค่าเช่าล่วงหน้า 1 เดือน
🔑 รวมชำระ 3 เดือนเข้าอยู่ได้ทันที

สถานที่ใกล้เคียง
🏬 เซ็นทรัล เฟสติวัล
🏥 โรงพยาบาลกรุงเทพ
🎓 โรงเรียนนานาชาติเชียงใหม่
🎓 โรงเรียนปริ้นรอยัล
🎓 มหาวิทยาลัยพายัพ


---

🇬🇧 For Rent: Supalai Monte 2 Condominium

🏡 33 sq.m. | 1 Bedroom | 1 Bathroom
💰 Rent only 10,000 THB/month
Fully furnished — ready to move in! 🎒✨

Rental Conditions
📄 Minimum 1-year contract
💵 2 months deposit + 1 month advance rent
🔑 Total 3 months payment to move in

Nearby Places
🏬 Central Festival Chiang Mai
🏥 Bangkok Hospital Chiang Mai
🎓 Chiang Mai International School
🎓 The Prince Royal’s College
🎓 Payap University


---

🇨🇳 出租：Supalai Monte 2 公寓

🏡 33 平方米 | 1 卧室 | 1 卫生间
💰 月租仅 10,000 泰铢
家具齐全，拎包即可入住！🎒✨

租赁条件
📄 最短租期 1 年
💵 押金 2 个月 + 预付 1 个月房租
🔑 共付 3 个月即可入住

附近地点
🏬 Central Festival 购物中心
🏥 曼谷清迈医院
🎓 清迈国际学校
🎓 王子皇家学院
🎓 Payap 大学


---

🇲🇲 အငှား - Supalai Monte 2 Condominium

🏡 33 sq.m. | အခန်း 1 ခန်း | သန့်စင်ခန်း 1 ခန်း
💰 လစဉ်အငှားနှုန်း 10,000 ဘတ်
ပရိဘောဂအပြည့်အဝပါ — ချက်ချင်းနေခိုင်နိုင်ပါသည် 🎒✨

အငှားနည်းလမ်းများ
📄 အနည်းဆုံးစာချုပ် ၁ နှစ်
💵 အာမခံ ၂ လ + ကြိုတင်ငှား ၁ လ
🔑 စုစုပေါင်း ၃ လပေးပြီး နေရန်အဆင်ပြေပါပြီ

အနီးအနားရှိနေရာများ
🏬 Central Festival စျေးတန်း
🏥 Bangkok Hospital Chiang Mai
🎓 Chiang Mai International School
🎓 The Prince Royal’s College
🎓 Payap University

สนใจติดต่อ
โทร :           คุณบุ๋ม 090-6701116
Line Link :    https://line.me/ti/p/s2zcdNFc3T
Id Line :      captain7252
Wechat:      b0906701116
Whatsapp : 0906701116
Facebook :  https://www.facebook.com/profile.php?id=100011459203531
Page :         https://www.facebook.com/ihomethaiproperty
Website :    https://www.i-rentthai.com/

""#บ้านเช่าเชียงใหม่   #หาบ้านเช่าเชียงใหม่
#บ้านว่างให้เช่าเชียงใหม่ #บ้านเช่าใกล้โรงเรียนนานาชาติ
#เช่าใกล้เซนทรัล #house #for #rent  #chiangmai #villa #houseforrentchiangmai #บ้านเช่าแม่ริม  #บ้านเช่าสันทราย
#บ้านเช่าหางดง #บ้านเช่าสันกำแพง #บ้านเช่าดอยสะเก็ด 
#บ้านเช่าสารภี #บ้านเช่านิมมาน #เช่าใกล้มช #แม่โจ้ #พายัพ
#清迈房子   #找清迈租房"""
https://www.facebook.com/marketplace/item/1154658442853959/,"บ้าน 3 ห้องนอน 2 ห้องน้ำ
ราคา: ฿25,000/เดือน | ขาย
v English below v
บ้านให้เช่าเดือนละ 25,000 บาท ใกล้โรงเรียนสารสาสน์วิเทศเชียงใหม่เพียง 5 นาที No.1H661
清迈美丽的2层别墅出租 。每月租金 25,000 泰铢，。No.1H661
บ้านเดี่ยวสองชั้น มี 3 ห้องนอน 2 ห้องน้ำ พื้นที่ 50 ตรว. พื้นที่ใช้สอย 120 ตรม. 
3 卧室，2 浴室。面积 50 平方哇。面积 120 平方米。
สถานที่ใกล้เคียง
-สถานีรถไฟเชียงใหม่
-ขนส่งอาเขต
-แม็คโคร
-เซ็นทรัลเฟสติวัล
เฟอร์นิเจอร์ภายใน
-แอร์ 4 เครื่อง
-เครื่องทำน้ำอุ่น 1 เครื่อง
สัญญาขั้นต่ำ 1 ปี
จ่ายเพียง ประกัน 2 เดือน ล่วงหน้า 1 เดือน ทั้งหมดเพียง จ่าย 3 เดือน เข้าอยู่ได้เลยจร้า
สนใจติดต่อ แอร์ 066-1588246
Line id : 066-1588246 
(https://line.me/ti/p/bhPo_Q7tH0)
WeChat : baandeedeecnx
What app:+66 1588246
https://www.baandd-chiangmai.com


A house for rent near by 5 min to Sarasas Witaed Chiang Mai School, No.1H661
清迈美丽的2层别墅出租 。每月租金 25,000 泰铢，。No.1H661
Rental monthly is 25,000 THB For 1 Year contact
Condition 1 month in advance & 2 months deposit
House spec : 3 Bedrooms, 2 bathrooms, 50 sq.w. 120 Sq.m.
3 卧室，2 浴室。面积 50 平方哇。面积 120 平方米。
Close to
-Chiang Mai Railway Station
-Arcade Bus Station
-Makro
-CentralFestival
Furniture
-Air conditioner 4
-Hot shower 1
Contact us for more information : Aire 066-1588246
Line id : 066-1588246
(https://line.me/ti/p/bhPo_Q7tH0)
WeChat : baandeedeecnx
What app:+66 1588246
https://www.baandd-chiangmai.com

#บ้านเช่าเชียงใหม่ #Houseforrentchiangmai
#ချင်းမိုင်တွင်လုံးချင်းအိမ်ငှားရန်ရှိသည်။"
https://www.facebook.com/marketplace/item/1155172679607473/,"บ้าน 3 ห้องนอน 2 ห้องน้ำ
ราคา: ฿25,000/เดือน | ขาย
v English below v
🚫🐶🐱
บ้านในโครงการ ให้เช่าเดือนละ 25,000 บาท ใกล้ตลาดเจริญเจริญเพียง 5 นาที No.13H588
清迈美丽的2层别墅出租 。每月租金 25,000 泰铢，。No.13H588
บ้านเดี่ยวสองชั้น มี 3 ห้องนอน 2 ห้องน้ำ พื้นที่ 48.8 ตรว. พื้นที่ใช้สอย 150 ตรม. 
3 卧室，2 浴室。面积 48.8 平方哇。面积 150 平方米。
สถานที่ใกล้เคียง
-สนามกอล์ฟเอ็มสปอร์ตคอมเพล็กซ์
-บิ๊กซีดอนจั่น
-แม็คโคร
เฟอร์นิเจอร์ภายใน
-แอร์ 
-เครื่องทำน้ำอุ่น 
-เตียงนอน 
-ตู้เสื้อผ้า 
-โซฟารับแขก 
-โต๊ะทานข้าว 
-ทีวี 
-ตู้เย็น 
-ไมโครเวฟ
-เครื่องซักผ้า 
*ไม่อนุญาตเลี้ยงสัตว์
สัญญาขั้นต่ำ 1 ปี
จ่ายเพียง ประกัน 2 เดือน ล่วงหน้า 1 เดือน ทั้งหมดเพียง จ่าย 3 เดือน เข้าอยู่ได้เลยจร้า
สนใจติดต่อBE (บี)  0 9 4 - 3 6 4 4 8 9 6
ID Line : 0943644896
Link Line : https://line.me/ti/p/UoWfAhUEZn
WeChat : Baandeedee44
Line Officials Baan dee dee : https://lin.ee/xUfLbHe


A house for rent near by 5 min to Charoen Charoen Market, No.13H588
清迈美丽的2层别墅出租 。每月租金 25,000 泰铢，。No.13H588
Rental monthly is 25,000 THB For 1 Year contact
Condition 1 month in advance & 2 months deposit
House spec : 3 Bedrooms, 2 bathrooms , 48.8 Sq.w. 150 Sq.m. 
3 卧室，2 浴室。面积 48.8 平方哇。面积 150 平方米。
Close to
-M sport complex
-Big C Don Jan
-Makro
Furniture
-Air conditioner 
-Hot shower 
-Bed 
-Wardrobe 
-Loungeset 
-Dining table 
-Television 
-Refrigerator 
-Microwave
-Washing machine 
*No pets allowed
Contact us for more information : BE (บี)  0 9 4 - 3 6 4 4 8 9 6
ID Line : 0943644896
Link Line : https://line.me/ti/p/UoWfAhUEZn
WeChat : Baandeedee44
Line Officials Baan dee dee : https://lin.ee/xUfLbHe
https://www.baandd-chiangmai.com
#บ้านเช่าเชียงใหม่ #บ้านให้เช่าเชียงใหม่ #บ้านเชียงใหม่ #เชียงใหม่
#houseforrentinchiangmai #houseinchiangmai #chiangmai
#清迈房屋出租 ＃清迈租房 ＃房出租 ＃租房 ＃找清迈租房 ＃清迈别墅墅
#ချင်းမိုင်တွင်လုံးချင်းအိမ်ငှားရန်ရှိသည်။"
https://www.facebook.com/marketplace/item/1155537363336115/,"4 ห้องนอน 3 ห้องน้ำ - บ้าน
ราคา: ฿3,890,000 | ขาย
🏠ขายทาวน์เฮาส์ ในท่าศาลา เชียงใหม่
ขาย 3.89 ล้านบาท
แบบบ้าน Preston (บ้าน 2 ชั้น)
พื้นที่ใช้สอยรวมต่อเติมทั้งหมด 138 ตารางเมตร 

🪐รายละเอียด
4 ห้องนอน 
3 ห้องน้ำ 
มีรปภ.24 ชั่วโมง 
มีสนามเด็กเล่นและสวนสาธารณะในโครงการ 

🚪เฟอร์นิเจอร์
- แอร์ Daikin รุ่นท็อป ทั้งหลัง 4 เครื่อง และ มี 4 ทิศทาง 1 ตัวห้องนอนใหญ่
- บิ้วอินทั้งหลัง รวมต่อเติม (งานบิ้ว Hi-end) 
- ปู SPC ทั้งชั้น 1 
- พร้อมผ้าม่านกันแสงทั้งหลัง 
- เครื่องทำอุ่น 2 เครื่อง
- เตาไฟฟ้า + ฮู้ด
- เตาอบไฟฟ้า
- ตู้เย็น
- เครื่องล้างจาน
- เครื่องซักผ้าฝาหน้า + อบผ้า
- ปั้มน้ำขนาดใหญ่ และแท้งน้ำ 
- เดิอนระบบไฟใหม่ทั้งทั้งบ้าน 
- ชั้นลอยมีตู้บิ้วอิน เก็บของสะสมสวยงาม

📍สถนที่ใกล้เคียง 
 - โรงพยาบาลกรุงเทพเชียงใหม่ 
- เซ็นทรับเฟส เชียงใหม่ 
- โรงเรียนวารี
- แม็คโคร
- สนามบินเชียงใหม่
- เมญ่า
- โรงเรียนมงฟอร์ต มัธยม
- บิ๊กซีดอนจั่น 
- สถานีรถเชียงใหม่ 

🏠Townhouse for sale in Thasala, Chiang Mai
For sale: 3.89 million baht
Preston House Model (2-story house)
Total usable area: 138 square meters

🪐Details:
4 bedrooms
3 bathrooms
24-hour security
Playground and park within the project

🚪Furniture
- Four top-of-the-line Daikin air conditioners throughout the home, including one four-way in the master bedroom.
- Built-ins throughout the home, including additions (high-end built-in work).
- SPC flooring throughout the first floor.
- Complete with blackout curtains throughout the home.
- Two water heaters.
- Electric stove + hood
- Electric oven
- Refrigerator
- Dishwasher
- Front-loading washing machine + dryer
- Large water pump and water tank
- New electrical system throughout the house
- Mezzanine with built-in cabinets for storing collectibles

📍Nearby Locations
- Bangkok Hospital Chiang Mai
- Central Festival Chiang Mai
- Varee School
- Makro
- Chiang Mai Airport1
- Maya
- Montfort Secondary School
- Big C Don Chan
- Chiang Mai Bus Terminal

Code : S4691
🚨บริษัท ที่ดีดี จำกัด | รับซื้อ | ขาย | เช่า
🚨ซื้อสด รับส่วนลดพิเศษ
🚨จัดหาบ้าน,คอนโด ตามงบประมาณ
🚨สำหรับนักลงทุน พร้อมหาผู้เช่า
🚨เช็คบูโร,แก้เคส,ปิดหนี้,รวมหนี้
🚨ทำเอกสาร,วิเคราะห์สินเชื่อฟรี 
🚨ยื่นกู้ได้ทุกอาชีพ ไม่ต้องดาวน์

📌นัดชมได้ทุกวัน | รับ CO-AGENT
Line : @teedd (มี@)
Tel : 052-005-009


#บ้าน #ขายบ้าน #ขายบ้านเชียงใหม่
#คอนโด #ขายคอนโด #condo"
https://www.facebook.com/marketplace/item/1155864836505715/,"3 ห้องนอน 2 ห้องน้ำ - บ้าน
ราคา: ฿2,090,000 | ขาย
หลุดจอง🎈บ้านเดี่ยว โครงการบ้านต้นงิ้ว เฟส2

📍เนื้อที่เริ่มต้น 50 ตารางวา
📍ราคา 2,090,000 บาท

พื้นที่ใช้สอย 100กว่า ตรม.
3นอน 2น้ำ 1ครัว 1โรงรถ

🎄🎄พร้อมของแถมมากมาย 🎄🎄
🎗ค่าโอน
🎗มิเตอร์น้ำ 
🎗มิเตอร์ไฟ
🎗สนามหญ้า
🎗เคาร์เตอร์ครัว
🎗เครื่องทำน้ำอุ่น 2 เครื่อง
🎗ค่าประเมินบ้าน
🎗รับประกันโครงสร้างนาน1ปี
🎗ชุดมุ้งลวด 
🎗 ประตูสแตนเลส

Home-121

💙  บริการด้านสินเชื่อให้ฟรี  ดูแลจนจบ จนถึงวันส่งมอบ 
———————————————————
#ยินดีให้คำปรึกษาฟรี #ดันสินเชื่อทุกเคส
#เพจจริงทำจริงไม่ใช่มิจฉาชีพ

☎ สอบถาม-นัดหมาย

 ♥️โทร 082-156 4978 
 💙โทร 065-398 6494
 💙Line ID 0951346089 
       พิทักษ์  ( โต )
ลิ้งค์ Line : http://line.me/ti/p/WLyhMkXt25

  💙 เพจ : บ้านดี เชียงใหม่ เรียลเอสเตท 💙
          "" เพื่อนคู่คิด สำหรับคนอยากมีบ้าน ""

#ดูทรัพย์อื่นๆเพิ่มเติม🫰
เพจ : 
https://www.facebook.com/share/188dLkFNTJ/"
https://www.facebook.com/marketplace/item/1156070763129989/,"บ้าน 3 ห้องนอน 2 ห้องน้ำ
ราคา: ฿15,000/เดือน | ขาย
v English below v
บ้านให้เช่าเดือนละ 15,000 บาท ใกล้รร.วชิราลัยเพียง 10 นาที No.15H710
清迈美丽的平房出租 。每月租金 15,000 泰铢，。No.15H710
บ้านเดี่ยวชั้นเดียว มี 3 ห้องนอน 2 ห้องน้ำ พื้นที่ 35 ตรว. 
3 卧室，2 浴室。面积 35 平方哇。
สถานที่ใกล้เคียง
-โรงเรียนสารภีพิทยาคม
-วัดท่าใหม่อิ
-การไฟฟ้าส่วนภูมิภาคอำเภอสารภี
เฟอร์นิเจอร์ภายใน
-แอร์ 3 เครื่อง 
-เครื่องทำน้ำอุ่น 2 เครื่อง 
-เตียงนอน 2
-ตู้เสื้อผ้า 2
-โซฟารับแขก 1
-โต๊ะทานข้าว 1
-ทีวี 1 เครื่อง
-ตู้เย็น 1 เครื่อง
-ไมโครเวฟ 1 เครื่อง
-เครื่องซักผ้า 1 เครื่อง
สัญญาขั้นต่ำ 1 ปี
จ่ายเพียง ประกัน 2 เดือน ล่วงหน้า 1 เดือน ทั้งหมดเพียง จ่าย 3 เดือน เข้าอยู่ได้เลยจร้า
สนใจติดต่อ BE (บี)  0 9 4 - 3 6 4 4 8 9 6
ID Line : 0943644896
Link Line : https://line.me/ti/p/UoWfAhUEZn
WeChat : Baandeedee44
Line Officials Baan dee dee : https://lin.ee/xUfLbHe


A house for rent near by 10 min to Vachiralai School, No.15H710
清迈美丽的平房出租 。每月租金 15,000 泰铢，。No.15H710
Rental monthly is 15,000 THB For 1 Year contact
Condition 1 month in advance & 2 months deposit
House spec : 3 Bedrooms, 2 bathrooms, 35 Sq.w. 
3 卧室，2 浴室。面积 35 平方哇。
Close to
-Saraphi Pittayakhom School
-Wat Tha Mai I
-Provincial Electricity Authority Saraphi Sub Branch
Furniture
-Air conditioner 3
-Hot shower 2
-Bed 2
-Wardrobe 2 
-Loungeset 1
-Dining table 1
-Television 1
-Refrigerator 1
-Microwave 1
-Washing machine 1
Contact us for more information : BE (บี)  0 9 4 - 3 6 4 4 8 9 6
ID Line : 0943644896
Link Line : https://line.me/ti/p/UoWfAhUEZn
WeChat : Baandeedee44
Line Officials Baan dee dee : https://lin.ee/xUfLbHe
https://www.baandd-chiangmai.com
#บ้านเช่าเชียงใหม่ #บ้านให้เช่าเชียงใหม่ #บ้านเชียงใหม่ #เชียงใหม่
#houseforrentinchiangmai #houseinchiangmai #chiangmai
#清迈房屋出租 ＃清迈租房 ＃房出租 ＃租房 ＃找清迈租房 ＃清迈别墅墅
#ချင်းမိုင်တွင်လုံးချင်းအိမ်ငှားရန်ရှိသည်။"
https://www.facebook.com/marketplace/item/1156154069984126/,"บ้าน 4 ห้องนอน 4 ห้องน้ำ
ราคา: ฿35,000,000 | ขาย
✨ บ้านโมเดิร์นสุดหรู | Modern Luxury House For Sale | 现代豪华别墅出售 ✨

บ้าน 2 ชั้น เพิ่งสร้าง 2 ปี บนที่ดิน 392 ตร.ว. / 2-storey, only 2 years old, on 392 sq.wah land / 双层，仅建2年，占地392平方哇。
.
💎 ราคา | Price | 售价: 35 ล้านบาท / 35 Million THB / 3500万泰铢
.
🏡 รายละเอียดบ้าน | House Details | 房屋详情
• 4 ห้องนอน / 4 Bedrooms / 4 间卧室
• 4 ห้องน้ำ / 4 Bathrooms / 4 间浴室
• ห้องครัวสไตล์ใหม่ พร้อมเตาอบและเครื่องล้างจาน / Modern kitchen with built-in oven and dishwasher / 现代化厨房，配备烤箱和洗碗机
• ห้องทำงาน / โถงนั่งเล่นกว้าง / ระเบียงรอบด้าน / Home office / Spacious living area / Wide balcony / 办公室 / 宽敞客厅 / 环绕式阳台
• ลิฟต์ส่วนตัว รองรับ 3 ท่าน / Private lift for 3 persons / 私人电梯（可容纳3人）
.
🏢 อาคารเสริม | Additional Buildings | 附属建筑
• อาคารรับรอง 1 ห้องนอน 1 ห้องน้ำ + ห้องอเนกประสงค์ / Guest house: 1 Bedroom, 1 Bathroom + multipurpose room / 客房：1间卧室，1间浴室 + 多功能房
• อาคารอเนกประสงค์ จอดรถได้ 3 คัน / Multipurpose building: Parking for 3 cars / 多功能楼：可停放3辆车
.
🔹 ระบบไฟฟ้า 3 เฟส / 3-phase electricity system / 三相电力系统
🔹 เฟอร์นิเจอร์ครบ พร้อมเข้าอยู่ทันที / Fully furnished, move-in ready / 配家具，拎包即可入住
บ้านที่ผสานทั้งความหรูหรา ความสะดวกสบาย และความเป็นส่วนตัว / A perfect blend of luxury, comfort, and privacy — ideal for those who appreciate exclusivity / 奢华、舒适与私密性的完美结合 —— 适合追求专属生活的您。
.
📍 ต.หนองแก๋ว อ.หางดง จ.เชียงใหม่ / Nong Kaeo, Hang Dong, Chiang Mai / 清迈府Hang Dong区Nong Kaeo乡
.
📞 ติดต่อ | Contact | 联系方式
Tel: [hidden information] (เนย/Noei)
💬 LINE ID: phiangtarn"
https://www.facebook.com/marketplace/item/1156423443124710/,"บ้าน 5 ห้องนอน 3 ห้องน้ำ
ราคา: ฿45,000/เดือน | ขาย
v English below v
บ้านใจกลางเมือง ให้เช่าเดือนละ 45,000 บาท ใกล้เมญ่า No.1H429
清迈美丽的2层别墅出租 。每月租金 45,000 泰铢，。No.1H429
บ้านเดี่ยวสองชั้น มี 5 ห้องนอน 3 ห้องน้ำ 1 ห้องแม่บ้าน พื้นที่ 125 ตรว. 
5 卧室，3 浴室。面积 125 平方哇。
สถานที่ใกล้เคียง
-มหาวิทยาลัยราชภัฏเชียงใหม่
-เจ็ดยอดพลาซ่า
-นิมมานฯ
เฟอร์นิเจอร์ภายใน
-แอร์ 5 เครื่อง
-เครื่องทำน้ำอุ่น 4 เครื่อง
-ตู้เสื้อผ้า 1
-โซฟารับแขก 1
-ตู้เย็น 1 เครื่อง
สัญญาขั้นต่ำ 1 ปี
จ่ายเพียง ประกัน 2 เดือน ล่วงหน้า 1 เดือน ทั้งหมดเพียง จ่าย 3 เดือน เข้าอยู่ได้เลยจร้า
สนใจติดต่อ Pednoi (เป็ดน้อย) 0994728246
Id line:0994728246
https://line.me/ti/p/nsqIxB9oqF
Whatapp:0994728246
Weixin ID :NX997930
https://www.baandd-chiangmai
A house for rent in downtown close to Maya, No.1H429
清迈美丽的2层别墅出租 。每月租金 45,000 泰铢，。No.1H429
Rental monthly is 45,000 THB For 1 Year contact
Condition 1 month in advance & 2 months deposit
House spec : 5 Bedrooms, 3 bathrooms, 1 maid room, 125 sq.w. 
5 卧室，3 浴室。面积 125 平方哇。
Close to
-Chiang Mai Rajabhat University
-Jedyord plaza
-Nimmanhaemin
Furniture
-Air conditioner 5
-Hot shower 4
-Wardrobe 1
-Loungeset 1
-Refrigerator 1
Contact us for more information : Pednoi (เป็ดน้อย) 0994728246
Id line:0994728246
https://line.me/ti/p/nsqIxB9oqF
Whatapp:0994728246
Weixin ID :NX997930
https://www.baandd-chiangmai
#บ้านเช่าเชียงใหม่ #Houseforrentchiangmai
#ချင်းမိုင်တွင်လုံးချင်းအိမ်ငှားရန်ရှိသည်။"
https://www.facebook.com/marketplace/item/1156598946444243/,"1 ห้องนอน 1 ห้องน้ำ - อพาร์ทเมนท์
ราคา: ฿1,950,000 | ขาย
🏢 D Condo Sign ห้อง 1 Bed พื้นที่ 30 ตรม.
อยู่ชั้นบนสุด วิวด้านนอก ติดเซ็นทรัลเฟสติวัล
ส่วนกลางกว้างมาก ขายต่ำกว่าราคาประเมิน 
ต.ฟ้าฮ่าม อ.เมือง จ.เชียงใหม่ 

ราคาเพียง 1,950,000 บาท ( โอนครึ่ง ) 

พื้นที่ 30 ตรม. / ชั้น 8 
✅ 1 ห้องนอน 
✅ 1 ห้องน้ำ 
✅ 1 ห้องครัว 
✅ 1 ห้องนั่งเล่น 
✅ ระเบียง 

เฟอร์นิเจอร์ทั้งห้อง ตามรูป

สิ่งอำนวยความสะดวก 
- ฟิตเนส 
- สระว่ายน้ำ 
- ห้องซาวน่า 
- สวนหย่อม 
- CCTV 
- เจ้าหน้าที่รักษาความปลอดภัย 
- คีการ์ด เข้า - ออก 

สนใจสอบถามรายละเอียดเพิ่มเติม 

📲 0917428745(แนท), 📲 0991369997 (มอส) 

Inbox เพจ : https://m.me/HomeLandCMI/

Line ID : https://line.me/ti/p/83sBDfc_NY￼

#DCondoSign #ดีคอนโดซาย #คอนโดเชียงใหม่ #ฟ้าฮ่าม #เมืองเชียงใหม่ #คอนโดพร้อมผู้เช่า"
https://www.facebook.com/marketplace/item/1156831595527211/,"3 ห้องนอน 3 ห้องน้ำ - บ้าน
ราคา: ฿2,700,000 | ขาย
🏞️ Tired of living by the mountains? Come to us for a riverside home 💦
Location: Nong Chom Subdistrict, San Sai District, opposite the San Sai Land Department, near Likhit Chiwan Intersection and Maejo University, with an area of 70 sq.wah.
Close to Tonkla International School.
💦 A two-story riverside house with a cool and shady environment.
A beautiful split-level home, fully furnished with built-in furniture.
☑️ Ground floor: 2 bedrooms, 2 bathrooms, 1 living room.
☑️ Upper floor: 1 bedroom, 1 bathroom, a balcony with a garden view. Air conditioning in every room, complete electrical appliances, built-in furniture throughout, and a built-in bar counter.
Parking for 2 cars, easy access.
Special price, including all furniture.
🚩 Discounted to only 2.7 million baht
*** Free transfer and all related fees 
🆔 nut-5599
📲 [hidden information] 
📲 [hidden information] 
📲 [hidden information]      
🏞️ เบื่อบ้านติดเขา มาหาเราบ้านติดน้ำ💦  ตพิกัด ต.หนองจ๊อม อ.สันทราย ตรงข้ามกรมที่ดินสันทราย ใกล้แยกลิขิตชีวัน มหาวิทยาลัยลแม่โจ้ ขนาด70 ต.ร.ว
ใกล้โรงเรียนนานาชาติต้นกล้า
💦บ้าน 2 ชั้น ติดน้ำร่มรื่นเย็นสบาย 
บ้านเล่นระดับสวยงามตกแต่งพร้อมเฟอร์นิเจอร์บิ้วอิน
☑️ชั้นล่างมี 2 ห้องนอน 2 ห้องน้ำ 1 ห้องรับแขก
☑️ชั้นบนมี 1 ห้องนอน 1 ห้องน้ำ ระเบียงชมสวนน้ำ แอร์ครบทุกห้อง เครื่องใช้ไฟฟ้าครบ
เฟอร์นิเจอร์บิ้วอินทั้งหลัง พร้อมเค้าเตอร์บาร์ 
จอดรถได้2คัน เข้าออกสะดวก
ราคาพิเศษสุด ขายพร้อมเฟอร์นิเจอร์ทั้งหมด
🚩 ตัดราคาให้เพียง 2.7ล้านเท่านั้น***
*** ฟรีค่าโอน+ค่าใช้จ่ายทั้งหมด 
🆔nut-5599
📲[hidden information] 
📲[hidden information] 
📲[hidden information]"
https://www.facebook.com/marketplace/item/1156899689199886/,"อพาร์ทเมนท์ 2 ห้องนอน 2 ห้องน้ำ
ราคา: ฿2,990,000 | ขาย
🏨 Condominium รีโนเวทใหม่ ตกแต่งพร้อมอยู่ ทำเลเด่น ใกล้เมือง #เจ็ดยอด - ราคา  2.99 ล้านบาท 
✨公寓出售  2 卧室 2 卫生间 - 公寓出售 2.99 MB ✨
C1MG100269
🔸 ขายคอนโดเด่น 2 ห้องนอน 2 ห้องน้ำ 1 ห้องครัว 1 ที่จอดรถ
🔸 พื้นที่ใช้สอย 70 ตรม.   
🔸 ขายราคา 2.99 ล้านบาท !! ฟรีโอน
🏨 คอนโดย่านเศรษฐกิจ ระบบรักษาความปลอดภัยอย่างดี
📝 พร้อมดำเนินการซื้อขาย สินเชื่อฟรี ทุกขั้นตอน 
📌 เฟอร์นิเจอร์
-เครื่องปรับอากาศ   3
-เครื่องทำน้ำอุ่น   2
-เตียงนอน 2
-ตู้เสื้อผ้า 2
-โต๊ะเครื่องแป้ง 2
-ตู้เย็น  1
-โทรทัศน์ 1
-ชุดรับแขก 1
-โต๊ะอาหาร
-ไมโครเวฟ+เตาอบ
-เตาไฟฟ้า+ฮูดดูดควัน
-เครื่องซักผ้า
🚗 สถานที่สำคัญที่ใกล้เคียง 
-MAYA 1  กม. 
-นิมมาน 1.5 กม.
-มหาวิทยาลัยเชียงใหม่ 2  กม.
-รพ.สวนดอก 4 กม.
C9MG100592
🔸 Condo for sale with 2 bedrooms 2 bathrooms and 1 kitchen.   
🔸 Space 70 sq.m.
🔸 The price is at THB 2.99 million.
📌 Furniture
-Air conditioner 3
-Water heater 2
-Bed 2
-Wardrobe 2
-Dressing table 2
-Refrigerator 1
-Television 1
-Living room set 1
-Dining table
-Microwave
-Washing machine
🚗 Close To 
- Dining table
- Microwave + oven
- Electric stove + range hood
- Washing machine
#คอนโดเชียงใหม่ #คอนโดใหม่เชียงใหม่ #อสังหาเชียงใหม่ #ChiangMaiCondo #NewCondoChiangMai #清迈公寓 #清迈房地产 #บ้านมือสองเชียงใหม่ #บ้านเชียงใหม่ #บ้านขายราคาถูกเชียงใหม่ #ซื้อบ้านเชียงใหม่"
https://www.facebook.com/marketplace/item/1157507949297890/,"บ้าน 3 ห้องนอน 3 ห้องน้ำ
ราคา: ฿22,000/เดือน | ขาย
v English below v
บ้านในโครงการให้เช่า เดือนละ 22,000 บาท ใกล้บิ๊กซีดอนจั่นเพียง 5 นาที No.15H790
清迈美丽的2层别墅出租 。每月租金 22,000 泰铢，。No.15H790

บ้านเดี่ยวสองชั้น มี 3 ห้องนอน 3 ห้องน้ำ พื้นที่ 55 ตรว.
3 卧室，3 浴室。面积 55 平方哇。

สถานที่ใกล้เคียง
-ขนส่งอาเขต
-แม็คโคร
-เซ็นทรัลเฟสติวัล

เฟอร์นิเจอร์ภายใน
-แอร์ 4 เครื่อง
-เครื่องทำน้ำอุ่น 1 เครื่อง  
-เตียงนอน 2
-ตู้เสื้อผ้า 2
-โซฟารับแขก 1 
-โต๊ะทานข้าว 1
-ทีวี 1 เครื่อง
-ตู้เย็น 1 เครื่อง
-เครื่องซักผ้า 1 เครื่อง

สัญญาขั้นต่ำ 1 ปี
จ่ายเพียง ประกัน 2 เดือน ล่วงหน้า 1 เดือน ทั้งหมดเพียง จ่าย 3 เดือน เข้าอยู่ได้เลยจร้า
สนใจติดต่อ อิง 0 9 6 - 1 7 1 4 1 9 5
Line ID: 0961714195
(https://line.me/ti/p/E6rdmgI4m9)
WhatsApp: 0961714195
WeChat: baandeedee8
www.baandd-chiangmai.com

A house for rent near by 5 min to Big C Don Jan,  No.15H790
清迈美丽的2层别墅出租 。每月租金 22,000 泰铢，。No.15H790

Rental monthly is 22,000 THB For 1 Year contact
Condition 1 month in advance & 2 months deposit

House spec : 3 Bedrooms, 3 bathrooms , 55 Sq.w. 
3 卧室，3 浴室。面积 55 平方哇。

Close to
-Arcade Bus Station
-Makro
-CentralFestival

Furniture
-Air conditioner 4
-Hot shower 1
-Bed 2
-Wardrobe 2
-Loungeset 1
-Dining table 1
-Television 1
-Refrigerator 1
-Washing machine 1 

Contact us for more information : Ing 0 9 6 - 1 7 1 4 1 9 5
Line ID: 0961714195
(https://line.me/ti/p/E6rdmgI4m9)
WhatsApp: 0961714195
WeChat: baandeedee8
www.baandd-chiangmai.com
#บ้านเช่าเชียงใหม่ #บ้านให้เช่าเชียงใหม่ #บ้านเชียงใหม่ #เชียงใหม่
#houseforrentinchiangmai #houseinchiangmai #chiangmai
#清迈房屋出租 ＃清迈租房 ＃房出租 ＃租房 ＃找清迈租房 ＃清迈别墅
#ချင်းမိုင်တွင်လုံးချင်းအိမ်ငှားရန်ရှိသည်။"
https://www.facebook.com/marketplace/item/1158430506216646/,"4 ห้องนอน 3 ห้องน้ำ - ทาวน์เฮาส์
ราคา: ฿18,000/เดือน | ขาย
🇬🇧 Townhouse for Rent near Chiang Mai City 🏡✨
📍 Location: Pa Daet, Mueang Chiang Mai

💰 Rent:

18,000 THB/month (1-year contract)

20,000 THB/month (6-month contract)


🚗 Prime location! Only 5 mins to Central Airport Plaza
Close to Chiang Mai Airport, fresh market, Varee School & top international schools 🌟

📐 Land size: 20 sq.wah
🏠 Spacious renovated townhouse

🛏 4 Bedrooms | 🚿 2 Bathrooms
🍳 Kitchen | 🛋 Living Room | 🍽 Dining Area
🚘 1 Car Parking

📍 Nearby:

Central Airport: 3 km

Airport: 4 km

Big C Mae Hia: 4 km

International Schools: ABA, Lanna, Satit Rangsit, Meriton British


🎁 Free brand-new items:
❄ 2 Air conditioners
🚿 2 Water heaters
🛏 Bedroom furniture (2 rooms)
🔥 Stove + Hood
🧊 Refrigerator
🧺 Washer & Dryer combo
💧 Water pump & tank

📞 Contact: Lin [hidden information]
📱 LINE: Click here


---

🇨🇳 清迈市区附近出租联排别墅 🏡✨
📍 地点：清迈市 帕达区 (Pa Daet)

💰 租金：

年租：18,000 泰铢/月（1 年合约）

半年租：20,000 泰铢/月（6 个月合约）


🚗 黄金地段！ 距离 Central Airport Plaza 仅 5 分钟
靠近清迈机场、市场、瓦丽学校及多所国际学校 🌸

📐 土地面积：20 平方哇
🏠 全新翻新，空间宽敞

🛏 4 间卧室 | 🚿 2 间浴室
🍳 厨房 | 🛋 客厅 | 🍽 餐厅
🚘 可停车 1 辆

📍 附近：

Central Airport 3 公里

清迈机场 4 公里

Big C Mae Hia 4 公里

国际学校：ABA、Lanna、Satit Rangsit、Meriton British


🎁 免费全新配套：
❄ 2 台空调
🚿 2 台热水器
🛏 2 间卧室家具
🔥 煤气炉 + 抽油烟机
🧊 冰箱
🧺 洗衣烘干一体机
💧 水泵 + 水塔

📞 联系方式：Lin [hidden information]
📱 LINE: 点击这里"
https://www.facebook.com/marketplace/item/1158449925815401/,"3 ห้องนอน 2 ห้องน้ำ - บ้าน
ราคา: ฿35,000/เดือน | ขาย
🌟Newly Built House for Rent: A Peaceful Retreat
📍Location: Nam Phrae, Hang Dong, Chiang Mai.

🌟Escape to Nature

Experience the ultimate retreat in our newly built house, surrounded by lush gardens and breathtaking mountain views. Perfect for those seeking a peaceful and serene living environment.

🌟Features:

- Spacious living area with plenty of natural light
- Beautiful garden with outdoor seating area
- Land size 120 sq.wha  /  House size 144 sq.m
- 3 bedrooms, 2 bathrooms
- Close proximity to nature and peaceful surroundings
- Secure and quiet community
- Well-ventilated and airy living spaces

💰Rental Details:

- Rent: 35,000 THB/month (for 1 year only)
- Available for rent starting November 16, 2025
- Schedule a viewing today!
- Pets are not allowed 🐕‍🦺🐈

Contact us to schedule a viewing or for more information
================
Contact: Khun Gun
📲080-4529939
Add Line: https://line.me/ti/p/DmzXogyQbX
================"
https://www.facebook.com/marketplace/item/1158558639745101/,"3 ห้องนอน 3 ห้องน้ำ - บ้าน
ราคา: ฿4,500,000 | ขาย
🏡 ขายบ้านใหม่ สไตล์คอนเทมโพลารี่ พร้อมเฟอร์ครบ ตกแต่งสวยทันสมัย
ทำเลทอง นางแล เทศบาลนครเชียงราย ใกล้โลตัส ตลาดสด และเซเว่น เดินทางสะดวกเพียง 100 เมตรจากถนนพหลโยธิน

✨ รายละเอียดบ้าน / Property Details
• 3 ห้องนอน | 3 ห้องน้ำ (ห้องมาสเตอร์มีอ่างอาบน้ำ)
• ห้องนั่งเล่นกว้าง โปร่ง แสงธรรมชาติส่องทั่วทั้งวัน 🪟
• ครัวแยกเป็นสัดส่วน พร้อมท็อปหินอ่อน เตาแก๊ส และเครื่องดูดควัน 🍳
• ชั้นล่างสามารถกั้นเพิ่มเป็นห้องทำงานหรือห้องผู้สูงอายุได้
• จอดรถได้ 2–4 คัน 🚗
• ที่ดิน 80 ตารางวา | พื้นที่ใช้สอย 165 ตร.ม.
• แปลงมุม พร้อมสนามหญ้ารอบบ้าน 🌿

💥 ราคาเพียง 4,500,000 บาทเท่านั้น (ฟรีโอน + ของแถมครบ)
🎁 ผ้าม่านทั้งหลัง / โซฟา / โต๊ะทานอาหาร / ชั้นวางทีวี / ถังเก็บน้ำ / ปั๊มน้ำ / ปูหญ้าและต้นไม้รอบบ้าน

📞 ติดต่อ: [hidden information] (อลิซ)
นัดชมบ้านได้ทุกวัน

⸻

🏡 Brand New Contemporary House for Sale – Fully Furnished & Move-in Ready!
Located in Nang Lae, Chiang Rai City Municipality.
Just 100 meters from Phahonyothin Road — near Lotus, local market, and 7-Eleven.

✨ Property Features:
• 3 Bedrooms | 3 Bathrooms (Master with Bathtub)
• Bright, airy living room with natural light all day 🪟
• Separate kitchen with marble countertop, gas stove & hood 🍳
• Downstairs space can be converted into a home office or elderly room
• Parking for 2–4 cars 🚗
• Land 80 sq.wah | Usable area 165 sq.m
• Corner plot with private lawn 🌿
💰 Only 4,500,000 THB (Free Transfer + Full Furniture Set!)
🎁 Curtains, sofa, dining set, TV shelf, water tank, water pump, and landscaping included

📞 Contact: [hidden information] (Alice)
Schedule a viewing today!"
https://www.facebook.com/marketplace/item/1158816236138496/,"2 ห้องนอน 2 ห้องน้ำ - ทาวน์เฮาส์
ราคา: ฿7,500/เดือน | ขาย
🏡ให้เช่า ทาวน์เฮาส์2ชั้น โซนสันกำแพง ใกล้ตลาดอุ๊ยทา
เดือนละ 7,500 บาท สัญญา 1 ปี
✅พร้อมอยู่  ❌ไม่รับสัตว์เลี้ยง

ประกัน 2 เดือน ล่วงหน้า 1 เดือน

📏 เนื้อที่ 18 ตร.ว.

รายละเอียด :
🛏 2 ห้องนอน 
🛁 2 ห้องน้ำ
🛋 1 ห้องนั่งเล่น
🍳 1 ห้องครัว
🚗 สามารถจอดรถได้ 1 คัน

รายละเอียดเพิ่มเติม :
✨ เฟอร์นิเจอร์
✨ แอร์  
✨ เครื่องทำน้ำอุ่น
✨ เตียง  
✨ ตู้เสื้อผ้า 
✨ โต๊ะเครื่องแป้ง
✨ โต๊ะทานข้าว 
✨ ซิงค์ล้างจาน

📍สถานที่ใกล้เคียง :
🚩 วัดหนองโค้ง
🚩 มหาวิทยาลัยพายัพ
🚩 เซ็นทรัล เชียงใหม่
🚩 สถานีรถไฟ
🚩 โรงพยาบาลกรุงเทพ

🏡2-story townhouse for rent in San Kamphaeng, near Uthai Market.
7,500 baht per month, 1-year contract.
✅Ready to move in. ❌No pets allowed.

2-month security deposit, 1 month advance payment.

📏 18 sq m.

Details:
🛏 2 bedrooms
🛁 2 bathrooms
🛋 1 living room
🍳 1 kitchen
🚗 Parking for 1 car

Additional details:
✨ Furniture
✨ Air conditioner
✨ Water heater
✨ Bed
✨ Wardrobe
✨ Dressing table
✨ Dining table
✨ Sink

📍Nearby places:
🚩 Wat Nong Khong
🚩 Payap University
🚩 CentralPlaza Chiang Mai
🚩 Train station
🚩 Bangkok Hospital

Code : R3083
🚨บริษัท ที่ดีดี จำกัด | รับซื้อ | ขาย | เช่า
🚨จัดหาบ้าน,คอนโด ตามงบประมาณ
🚨รับทำ TM30 แจ้งต่างชาติเข้าพัก
🚨ดูแลตลอดสัญญาเช่า

📌นัดชมได้ทุกวัน | รับ CO-AGENT
Line : @teedd (มี@)
Tel : [hidden information]

#บ้าน #บ้านเช่า #บ้านเช่าเชียงใหม่
#คอนโด #เช่าคอนโด #คอนโดให้เช่า"
https://www.facebook.com/marketplace/item/1159065786315668/,"บ้าน 5 ห้องนอน 6 ห้องน้ำ
ราคา: ฿120,000/เดือน | ขาย
🏖️Pool Villa2ชั้นในโครงการ ใกล้สิ่งอำนวยความสะดวกครบวงจร #สันทราย - ราคา 120,000/เดือน ✨卖家具齐全 5 卧室 6 卫生间 - 租金 120,000 泰铢 ✨
.
V00596
✦ ให้เช่าบ้าน Pool Villa  2  ชั้น    5 ห้องนอน 6 ห้องน้ำ 1  ห้องครัว 2  ที่จอดรถ
✦ ขนาดที่ดิน  165  ตรว. พื้นที่ใช้สอย 450  ตรม.
✦ ราคา 120,000 บาท / เดือน  *ราคารวมค่าดูแลสระว่ายน้ำ

  พร้อมสระว่ายน้ำในตัวและระบบรักษาความปลอดภัยที่ดีเยี่ยม   

*** สัญญาขั้นต่ำ 1 ปี ***
เงื่อนไขเข้าอยู่ จ่ายประกัน 2 เดือน + ล่วงหน้า 1 เดือน = จ่าย 3 เดือนเข้าอยู่ได้เลย 

🛋️ เฟอร์นิเจอร์
- เครื่องปรับอากาศ 6
- เครื่องทำน้ำอุ่น 5
- เตียงนอน 3
- ตู้เสื้อผ้า 3
- โต๊ะเครื่องแป้ง 3
- ตู้เย็น 1
- โทรทัศน์ 1
- ชุดรับแขก 1
- โต๊ะทำงาน
- โต๊ะอาหาร
- ไมโครเวฟ
-เตาไฟฟ้า + ฮูดดูดควัน
-เตาอบ

📍 สถานที่สำคัญที่ใกล้เคียง
-สำนักงานที่ดิน สาขาสันทราย  1.7 กม.
-มหาวิทยาลัยแม่โจ้  3 กม.
-Tonkla School Chiang Mai  5 กม.
-โลตัส รวมโชค   7 กม.


V00596
✦Two-story pool villa for rent with 5 bedrooms,6 toilets and 1 kitchen. 
✦ The land size is   165  sq. wa.area 450 sq m.
✦ The price is at THB 120,000 per month. 

*** Minimum 1 year contract with 2 months for deposit + 1 month in advance ***


🛋️ Furniture 
- Air conditioners 6
- Water heaters 5
- Beds 3
- Wardrobes 3
- Dressing tables 3
- Refrigerator 1
- TV 1
- Living room set 1
- Work desk 
- Dining table 
- Microwave 
- Electric stove with range hood 
- Oven 

📍 Close to
- Land Office, San Sai Branch, 1.7 km
- Maejo University, 3 km
- Tonkla School, Chiang Mai, 5 km
- Lotus Ruamchok, 7 km

สนใจติดต่อ
โทร :           คุณบุ๋ม 090-6701116
Line Link :    https://line.me/ti/p/s2zcdNFc3T
Id Line :      captain7252
Wechat:      b0906701116
Whatsapp : 0906701116
Facebook :  https://www.facebook.com/profile.php?id=100011459203531
Page :         https://www.facebook.com/ihomethaiproperty
Website :    https://www.i-rentthai.com/

""#บ้านเช่าเชียงใหม่   #หาบ้านเช่าเชียงใหม่
#บ้านว่างให้เช่าเชียงใหม่ #บ้านเช่าใกล้โรงเรียนนานาชาติ
#เช่าใกล้เซนทรัล #house #for #rent  #chiangmai #villa #houseforrentchiangmai #บ้านเช่าแม่ริม  #บ้านเช่าสันทราย
#บ้านเช่าหางดง #บ้านเช่าสันกำแพง #บ้านเช่าดอยสะเก็ด 
#บ้านเช่าสารภี #บ้านเช่านิมมาน #เช่าใกล้มช #แม่โจ้ #พายัพ
#清迈房子   #找清迈租房"""
https://www.facebook.com/marketplace/item/1159187759098369/,"บ้าน 5 ห้องนอน 4 ห้องน้ำ
ราคา: ฿19,000,000 | ขาย
🏘️ขายพูลวิลล่า  โซนสันทราย เชียงใหม่ 🏘️

💸ราคาขายเพียง 19,000,000 บาท💸

🔥เฟอร์นิเจอร์อาจจะต้องซื้อบางส่วนแต่ไม่เยอะเพราะมีให้บางส่วนแล้ว สร้างเสร็จยังไม่เคยอยู่และไม่เคยทำกิจการ🔥

รายละเอียด :
📏ขนาดที่ดิน 198 ตารางวา
📏พื้นที่ใช้สอยประมาณ 450 ตารางเมตร 
🏠1 ห้องครัว 1 ห้องแม่บ้าน 1 ห้องน้ำแม่บ้าน
🏢1 ห้องรับแขก 1 ห้องอเนกประสงค์ใหญ่
🛌5 ห้องนอน 4 ห้องน้ำ
💡แอร์ 8 ตัว 1 ตู้เย็นใหญ่
💡ชุดครัวครบ set เตียง 2 ห้อง
✨พร้อมสระว่ายน้ำ
✨จอดรถได้ 4 คัน

📍สถานที่ใกล้เคียง :
🚩โรงพยาบาลสัตว์ลานนา
🚩วัดหนองไคร้หลวง
🚩โลตัส โกเฟรช ซูเปอร์มาร์เก็ต สันทราย
🚩สระว่ายน้ำเจียเจีย สปอร์ตคลับ เชียงใหม่
🚩กาดรวมโชค

Code : P0076
รวมพูลวิลล่าสวยๆในเชียงใหม่
➡️https://teedd.co/พูลวิลล่า/
นัดชมได้ทุกวันไม่มีวันหยุด
Line:@teedd (มี@)
https://lin.ee/6c10cxd"
https://www.facebook.com/marketplace/item/1159795722238501/,"บ้าน 3 ห้องนอน 5 ห้องน้ำ
ราคา: ฿4,890,000 | ขาย
🏡 ที่สุดแห่งการใช้ชีวิต... บ้านสวย หรู ฟังก์ชันครบ บนทำเลทองอนาคตไกล เมืองเชียงราย! 🌟 กำไรตั้งแต่ซื้อ

🔥 โอกาสทองเป็นเจ้าของบ้านสวย หรู �บนทำเลที่เติบโตเร็วที่สุดของเชียงราย! ทำเลที่ตอบโจทย์ชีวิตยุคใหม่ได้อย่างสมบูรณ์แบบ

📍 ทำเลศักยภาพสูง ขับเคลื่อนด้วยอนาคต

บ้านสวยหลังนี้ตั้งอยู่ในทำเลที่เรียกได้ว่าเป็น ""ศูนย์กลางแห่งความสะดวกสบาย"" ใหม่ของเชียงราย การเดินทางง่าย ใกล้ทุกสิ่ง:
* Central Plaza เชียงราย: เพียง 5 นาที
* แหล่งช้อปปิ้งและศูนย์รวมวัสดุก่อสร้าง/ของตกแต่งบ้านชั้นนำ:
    * Homepro
    * ตลาดล้านเมือง
    * DoHome
    * ล่าสุด! Index Living Mall (เปิดตัวเมื่อเดือนที่แล้ว)
    * ทุกแห่งขับรถถึงได้ในเวลาไม่เกิน 5-6 นาที

✨ ฟังก์ชันสุดอลังการ พื้นที่ใช้สอยเหนือระดับ

บ้านหลังนี้ถูกออกแบบมาอย่างพิถีพิถันเพื่อการใช้งานที่ ""จัดเต็มและลงตัวที่สุด"" รองรับครอบครัวใหญ่หรือผู้ที่ต้องการพื้นที่ความเป็นส่วนตัวสูง:
* ห้องนอนหลัก: 3 ห้องนอนใหญ่ พร้อม ห้องน้ำในตัวทุกห้อง และไฮไลต์ด้วย ห้องแต่งตัว (Walk-in Closet) ในห้องนอนใหญ่
* ห้องน้ำรวม: 5 ห้อง (เพียงพอต่อการใช้งานและแขกที่มาเยือน)
* พื้นที่พักผ่อน: 3 ห้องนั่งเล่น แยกส่วน (รองรับกิจกรรมและแขกได้อย่างเป็นสัดส่วน)
* ห้องครัว: 1 ห้องครัวขนาดมาตรฐาน (ไม่เล็ก) พร้อมเคาเตอร์ ตู้ ใช้งานทันที ไม่ต้องเสียเวลา/งบประมาณในการต่อเติม
* พื้นที่เก็บของ: มีห้องเก็บของถึง 2 ส่วน ได้แก่ 1 ห้องเก็บของหลัก และ 1 ห้องเก็บของใต้บันได
* พื้นที่ส่วนบริการ: มี 2 ห้องนอนแม่บ้าน แยกส่วน ที่ไม่มีที่ไหนให้
* ที่จอดรถ: จอดได้ 2 คัน สะดวกสบาย

🔑 สรุปจุดเด่น:

* พื้นที่ดินใหญ่มาก: 272 ตารางวา (ใช่ครับ 2 งาน 72 ตารางวา)
* ทำเลทอง: ใกล้ Central และแหล่งความเจริญใหม่เพียง 5 นาที
* ฟังก์ชันครบสมบูรณ์: 3 ห้องนอน (มีห้องน้ำในตัวทั้งหมด) / 5 ห้องน้ำ / 3 ห้องนั่งเล่น / 2 ห้องแม่บ้าน
* พร้อมเข้าอยู่: ไม่ต้องต่อเติมครัวหรือฟังก์ชันหลัก
บ้านที่ให้คุณได้มากกว่าแค่การอยู่อาศัย แต่คือการลงทุนในอนาคตที่สดใสของเชียงราย!

สนใจรับรายละเอียดเพิ่มเติม หรือนัดชมบ้าน ติดต่อได้ทันที! �
ก้อง โทร/ไลน์ [hidden information]��

รีบหน่อยนะครับ พร้อมราคาร้อน ๆ  �และยินดีรับฟังทุกเงื่อนไขครับ

*** บ้านกำลังรีโนเวทนะครับ"
https://www.facebook.com/marketplace/item/1159857632752226/,"บ้าน 4 ห้องนอน 5 ห้องน้ำ
ราคา: ฿17,500,000 | ขาย
#luxuryHouseforsale   #ModernHouse 
บ้านโมเดิร์นลักชัวรี่ 
บ้านพลูวิลล่าใกล้  89  พลาซ่า 4 กม.  
เดินทางสะดวก วงแหวนรอบ3 เพียง900 ม.
บ้านเดียว 2 ชั้น   หันทิศใต้ 
บ้านสไตล์ โมเดิร์น ทรง L   
ตกแต่งเฟอร์นิเจอร์บิวท์อินพร้อมเครื่องใช้ไฟฟ้าครบครัน
หิ้วกระเป๋าเข้าอยู่ได้เลย 

 บ้านตัวอย่าง 🎥https://youtu.be/6xll7v3x7lo?si=YAhG20ei9ABF8Iv_

🍀 ราคา 17.5 ล้านบาท 
พร้อมเฟอร์นิเจอร์ครบครัน 
หิ้วกระเป๋าเข้าอยู่ได้เลย 

▫️ที่ดิน 101 ตารางวา
▫️ พื้นที่ใช้สอย 410 ตารางเมตร
▫️4 ห้องนอน      1 ห้องอเนกประสงค์
▫️5 ห้องน้า
▫️1 ห้องครัวไทย  ▫️ครัวฝรั่ง
▫️1ห้องอเนกประสงค์
▫️1 รับทานอาหาร  
▫️1 รับแขก 
▫️สระว่ายน้ำระบบเกลือ overflow กว้าง 3.5x 9.5 เมตร          
            (มี ระบบจากุซซี่ )
▫️แอร์ไดกินอินเวอร์เตอร์ 8 ตัว
▫️ที่จอดรถได้ 3 คัน
▫️ไฟฟ้า 3 เฟส รองรับระบบทีชาร์จรถยนต์ไฟฟ้า
▫️ประตูรีโมท    ▫️ระบบ motion sensor
▫️  กล้องวงจรปิด 8 ตัว
▫️ไฟฟ้า 3 เฟส รองรับระบบที่ชาร์จรถไฟฟ้า
▫️กล้องวงจรปิด 8 ตัว
▫️ห้องน้าใช้ระบบน้าร้อนน้าเย็น
⭐*ประกันโครงสร้าง 5 ปี
⭐สถาปัตย์ 2 ปี   🌟ดูแลสระว่ายน้ำฟรี 1 ปี

📌 ต. หนองผึ้ง อ.สารภี จ.เชียงใหม่
โรงเรียนนานาชาติ ยูนิตี้คอรชนคอร์ด 5.2 กม.
โรงเรียนวารี เชียงใหม่ 5.4 กม. 
โรงพยาบาลกรุงเทพ  8.5 
เซนทรัลแอร์พอร์ต / สนามบิน 9.2  กม. 
เซนทรัลเฟสติวัส 9.5 กม.
🍀🍀🍀🍀🍀🍀
#luxuryHouseforsale #ModernHouse
Modern luxury house
Pool villa near 89 Plaza, 4 km.
Conveniently located, just 900 m from the 3rd Ring Road.
2-story detached house, south-facing.
Modern L-shaped house
Fully furnished with built-in furniture and appliances.
Move in ready.

🍀 Price: 17.5 million baht
Fully furnished
 Move in ready!

▫️Land area: 101 square wah
▫️Usable area: 410 square meters
▫️4 bedrooms, 1 multipurpose room
▫️5 bathrooms
▫️1 Thai kitchen
▫️Western kitchen
▫️1 multipurpose room
▫️1 dining room
▫️1 living room
▫️3.5 x 9.5 meter saltwater overflow swimming pool (with Jacuzzi)
▫️8 Daikin inverter air conditioners
▫️Parking for 3 cars
▫️3-phase electricity, supports electric vehicle charging
▫️Remote control gate
▫️Motion sensor system
▫️8 CCTV cameras
▫️3-phase electricity, supports electric vehicle charging
▫️8 CCTV cameras
▫️Bathrooms use hot and cold water.  ⭐*5-year structural warranty
⭐2-year architectural warranty 🌟1-year free pool maintenance

📌 Nong Phueng Subdistrict, Saraphi District, Chiang Mai Province
Unity Court International School 5.2 km
Vari Chiang Mai School 5.4 km
Bangkok Hospital 8.5 km
Central Airport 9.2 km
Central Festival 9.5 km

🔔ติดต่อสอบถามข้อมูลเพิ่มเติมได้ที่ 🔔
☎️0834239894 เมย์ ค่ะ
┏━━━━━━━━━━━━┓
💬คลิ๊ก https://line.me/ti/p/VufW8g0MWy
┗━━━━━━━━━━━━┛

📲0635494932 บอมครับ
┏━━━━━━━━━━━━┓
💬คลิ๊กLINE   https://line.me/ti/p/3wQtYkzeG6
┗━━━━━━━━━━━━┛
#MAYBOMESTATE 
#ขายบ้านMAYBOMESTATE 
#PoolvillaMAYBOMESTATE  
#ขายบ้านพร้อมสระว่ายน้ำส่วนตัว
#homeforsalepoolvilla
#modernhome #modernpoolvilla 
#poolvillachiangmai  #บ้านพูลวิลล่าเชียงใหม่ 
#ขายบ้านอำเภอเมืองเชียงใหม่  
#ขายบ้านโมเดิร์น  #ขายบ้านเชียงใหม่ 
#luxuryHouseChaingmai
#บ้านพร้อมสระว่ายน้ำส่วนตัว"
https://www.facebook.com/marketplace/item/1160073762924976/,"บ้าน 3 ห้องนอน 3 ห้องน้ำ
ราคา: ฿4,650,000 | ขาย
🏠ขายบ้านสองชั้นตกแต่งสวยจัดเต็มสไตล์ Modern Contemporary โซนสันกำแพง🏠
ขนาดที่ดิน 39 ตารางวา
พื้นที่ใช้สอย 156 ตารางเมตร

🛒ราคาพร้อมโอนเพียง 3.85 ล้านบาท💨

📋รายละเอียด📋
3 ห้องนอน
2 ห้องน้ำ
1 ห้องรับแขก
1 ห้องครัว
2 ที่จอดรถ มีเทพื้นที่ลานจอดเพิ่ม

🆓มาพร้อมกับ
เฟอร์นิเจอร์🧳
✅ชุดเฟอร์นิเจอร์ห้องรับแขกครับเซ็ท🛋
✅ชุดรับประทานอาหาร4ที่นั่ง 
✅ตู้คอนโซล
✅ครัว บิ้ลท์อินพร้อมเตาและฮู้ด🥘🍳
✅ชุดห้องนอน 2ชุด

เครื่องใช้ไฟฟ้า⚡
✅ทีวี1เครื่อง
✅แอร์3เครื่อง❄️
✅เครื่องทำน้ำอุ่น
✅เครื่องซักผ้า
✅ตู้เย็น
✅ระบบปั๊มน้ำและแท้งค์น้ำ🚿
✅เทพื้นที่ซักล้าง หลังบ้าน
✅ปั๊มน้ำ แทงค์น้ำ

สิ่งอำนวยความสะดวกในโครงการ✨
⭐️ ระบบรักษาความปลอดภัย 24 ชั่วโมงพร้อม
      ประตูหน้าโครงการ 2 ชั้น เพิ่มความปลอดภัยมากขึ้น
⭐️ สโมสร มีห้องฟิตเนส และสระว่ายน้ำ 
รวมถึงแยกโซนสระว่ายน้ำเด็กเล็ก
⭐️ มีสนามเด็กเล่นอยู่กลางโครงการ
⭐️ บรรยากาศโดยรอบโครงการร่มรื่น 
สามารถวิ่งออกกำลังกายได้สบาย
⭐️ พื้นที่ส่วนกลางสะอาด 
มีเจ้าหน้าที่ดูแลเป็นอย่างดี
⭐️ นิติที่ดูแลโครงการดูแลดีมาก 

สถานที่ใกล้เคียง🚩
- ตลาดเจริญเจริญ
- โรงเรียนนานาชาติ Unity Concord
- มหาวิทยาลัยพายัพ
- เซ็นทรัลเฟสติวัล เชียงใหม่
- ท่าอากาศยานเชียงใหม่

Code : S2601
🚨บริษัท ที่ดีดี จำกัด | รับซื้อ | ขาย | เช่า
🚨ซื้อสด รับส่วนลดพิเศษ
🚨จัดหาบ้าน,คอนโด ตามงบประมาณ
🚨สำหรับนักลงทุน พร้อมหาผู้เช่า
🚨เช็คบูโร,แก้เคส,ปิดหนี้,รวมหนี้
🚨ทำเอกสาร,วิเคราะห์สินเชื่อฟรี 
🚨ยื่นกู้ได้ทุกอาชีพ ไม่ต้องดาวน์

📌นัดชมได้ทุกวัน | รับ CO-AGENT
Line : @teedd (มี@)
Tel : [hidden information]

#บ้าน #ขายบ้าน #ขายบ้านเชียงใหม่
#คอนโด #ขายคอนโด #condo"
https://www.facebook.com/marketplace/item/1160094428826954/,"1 ห้องนอน 1 ห้องน้ำ - อพาร์ทเมนท์
ราคา: ฿758,000 | ขาย
♻️107.ขายคอนโด#สันทราย
คอนโดSR LAND
ตึก2ชั้น3ห้อง328
ราคาขาย 758,000บาทรวมโอน
พร้อมของเเถม

📌ทำเลตรงกันข้ามตลาดสดแม่กวง 
สามารถเดินออกมาขึ้นรถประจำทางได้

   ใกล้เมือง ไปเซ็นทรัลเฟสเพียง 7กม.

นัดชม [hidden information]"
https://www.facebook.com/marketplace/item/1160241152275417/,"3 ห้องนอน 2 ห้องน้ำ - บ้าน
ราคา: ฿2,990,000 | ขาย
♻️38.ขายบ้านใกล้เมือง อ.เเม่ริม ✅
บ้านเดี่ยว สวย ในเขตชุมชน เงียบสงบ ไม่มีค่าส่วนกลาง 
มีเพื่อนบ้านไม่เปลี่ยว 

💢ขายด่วน จองภายในปีนี้รับส่วนลดเพิ่ม 50,000บาท

‼️ขายบ้านเดี่ยว 60ตรว.
3ห้องนอน 2ห้องน้ำ ครัวฝรั่ง 

   พื้นที่ใช้สอยทั้งหมด 135 ตรม.

แปลงหัวมุม  หันทิศเหนือ 
 เข้าซอยจากถนนลาดยางเพียง 400เมตรเท่านั้น

ฟรี ค่าโอนกรรมสิทธิ์
 โซฟา  โต้ะรับประทานอาหาร เค้าท์เตอร์ครัว เตาเเก๊ส ฮูท ปั้มน้ำ เเทงค์น้ำ  

ขายราคา2,990,000บาท

🚕ตลาดป่าข่อยใต้ 1.4กม.
🚖รพ.นครพิงค์5.4กม.
🛺ศาลากลางเชียงใหม่ 6.6 กม.

นัดชมบ้านนัดล่วงหน้า1วัน"
https://www.facebook.com/marketplace/item/1160460968984420/,"บ้าน 3 ห้องนอน 3 ห้องน้ำ
ราคา: ฿4,780,000 | ขาย
ขายบ้านพูลวิลล่า วิวภูเขา ใกล้เวิลด์คลับแลนด์ พืชสวนโลก พร้อมสระว่ายน้ำส่วนตัว บรรยากาศสงบ เหมาะแก่การพักอาศัย

ID: HSHD9500D
Line ID: @kumuang
คลิก: https://lin.ee/aZt6O7r

Call / Line / WhatsApp:
093-0429054, 094-714-5355, 062-5465828

ราคาพิเศษเพียง 4,780,000 ล้านบาท
จากราคาปกติ 5.90 ล้านบาท
ค่าโอนที่กรมที่ดินผู้ซื้อและผู้ขายออกฝ่ายละครึ่ง

บ้านพูลวิลล่าหลังนี้ตั้งอยู่นอกโครงการ ใกล้ถนนคลองชลประทาน ตำบลหนองควาย อำเภอหางดง จังหวัดเชียงใหม่ มีสภาพแวดล้อมเงียบสงบ วิวธรรมชาติรอบด้าน เหมาะทั้งอยู่อาศัยและปล่อยเช่าเพื่อการลงทุน

พื้นที่ใช้สอย 225 ตารางเมตร บนเนื้อที่ดิน 107 ตารางวา หน้ากว้าง 16 เมตร ลึก 25 เมตร ถนนหน้าบ้านกว้าง 8 เมตร จอดรถได้ 2 คัน ตัวบ้านเป็นบ้านชั้นเดียว 3 ห้องนอน 3 ห้องน้ำ พื้นที่ห้องรับแขกและครัวโปร่งสบาย พร้อมสระว่ายน้ำส่วนตัวขนาดกำลังดี

ของแถมภายในบ้าน ได้แก่ ผ้าม่านทั้งหลัง เครื่องปรับอากาศ Daikin ขนาด 13,000 BTU และ 30,000 BTU ถังเก็บน้ำขนาด 2,000 ลิตร และปั๊มน้ำ พร้อมเข้าอยู่ทันที

สถานที่ใกล้เคียง
ใกล้โรงเรียนนานาชาติ Meritton Montessori Lanna และอีกหลายแห่ง
ใกล้ห้างบิ๊กซี แม็คโคร โลตัส กาดฝรั่ง ริมปิงมาร์เก็ต และตลาดสดแม่เหียะ
เดินทางสะดวกไปยังสวนสัตว์ไนท์ซาฟารี วัดพระธาตุดอยคำ และอุทยานหลวงราชพฤกษ์
ใช้เวลาเพียง 15 นาทีถึงสนามบินเชียงใหม่และคูเมือง

หากคุณกำลังมองหาบ้านที่ผสมผสานความเป็นส่วนตัว ความสะดวก และวิวธรรมชาติ บ้านหลังนี้คือคำตอบที่ลงตัวที่สุดในย่านหางดง เชียงใหม่

สนใจนัดชมบ้าน หรือต้องการข้อมูลเพิ่มเติม
Kumuang Properties Co., Ltd.
Website: https://kumuangproperties.com/

Line ID: @kumuang
คลิก: https://lin.ee/aZt6O7r

Call / Line / WhatsApp:
093-0429054, 094-714-5355, 062-5465828

Facebook Page:
For Sale: https://www.facebook.com/kumuangproperties/
For Rent: https://www.facebook.com/rent.kumuangproperties.chiangmai/

YouTube: https://www.youtube.com/@kumuangproperties

บริการรับฝากขาย บ้าน ที่ดิน คอนโด อสังหาริมทรัพย์ทั่วเชียงใหม่
กรุณานัดหมายล่วงหน้า 1 วัน"
https://www.facebook.com/marketplace/item/1160551952638485/,"3 ห้องนอน · 2 ห้องน้ำ
ราคา: ฿12,900/เดือน | ขาย
🔥🔥 FOR SALE or RENT – HOUSE near Hang Dong Market, Chiang Mai! 🏡🌾✨

💰 For Sale: 2.35 Million THB 💸💸 
🏠 For Rent: 12,900 THB/month 💵💵

🎒 Just bring your bags — Fully furnished, brand new house! 🪑🛋️🛏️
🚫🐶 No pets allowed, sorry fur babies!

🏡 🏠 House Features:
💤 3 Bedrooms 🛏️🛏️🛏️
🚿 2 Bathrooms 🧴🫧
🍳 1 Kitchen 👩‍🍳🍽️
🛋️ 1 Living Room 📺☕
❄️ 3 Air Conditioners 💨💨💨
💡 Water Heater 💧
🧊 Refrigerator 🥶
🪑 All new furniture – stylish & modern 💃✨
🌳 Spacious garden & outdoor area 🌼☀️
🏠 High ceiling, bright, and airy! 🌬️
📺 Smart TV 40” included! 🎥🎮

📦 Move-in cost: 2-month deposit + 1-month advance = 38,700 THB 💰
🚫 No common fee! 🙌

📍 🌟 PERFECT LOCATION – Everything nearby! 🚗💨

🏥 Hang Dong Hospital – 500–600 m
🏃‍♀️ Stadium & Municipality – 400–500 m
🚔 Hang Dong Police Station – 1–2 km
🏢 District Office – 1–2 km
🏠 Land Office – 1–2 km
🛍️ Kad Farang Village – 2.5 km
🛒 Big C Hang Dong – 2.5 km
✈️ Chiang Mai Airport – 13–14 km
🏬 Central Airport Plaza – 13–14 km
🪵 Ban Tawai Handicraft Village – 3–4 km
🎓 North-Chiang Mai University – 2.5 km

🔥💥 Ready to move in NOW!"
https://www.facebook.com/marketplace/item/1161352659295918/,"บ้าน 3 ห้องนอน 3 ห้องน้ำ
ราคา: ฿33,000/เดือน | ขาย
บ้านให้เช่าโครงการคุณภาพ ตกแต่งครบพร้อมอยู่ ย่านสันกำแพง เชียงใหม่

- มี 3 ห้องนอน 3 ห้องน้ำ 4 แอร์ 1 ห้องครัว 
1 ห้องรับแขก ที่ดิน 59.5 ตรว พื้นที่ใช้สอย 148 ตรม พร้อมเฟอร์นิเจอร์ครบ ภายในโครงการมีคลับเฮ้าส์ ฟิตเนส 
สระว่ายน้ำ ระบบรักษาความปลอดภัย 24 ชั่วโมง 

-ใกล้เซ็นทรัลเฟสติวัลเชียงใหม่ แม็คโคร 
บิ๊กซี  ใกล้โรงพยาบาลกรุงเทพเชียงใหม่ 
ใช้เวลาเข้าเมือง ประมาณ15 นาที 

ให้เช่าราคา 33,000 บาท/เดือน 
(รวมค่าส่วนกลางแล้ว)

** ไม่รับสัตว์เลี้ยง No pets allowed
** ไม่อนุญาตให้สูบบุหรี่"
https://www.facebook.com/marketplace/item/1162001165351447/,"3 ห้องนอน 2 ห้องน้ำ - บ้าน
ราคา: ฿2,690,000 | ขาย
🏡 บ้าน 2 ชั้น หางดง – พร้อมเข้าอยู่ทันที!
อยากมีบ้านแต่กลัวเรื่องกู้? มาหาเราได้เลย ✅
ฟรี! บริการยื่นสินเชื่อครบทุกขั้นตอน

💰 เพียง 2.XX ล้านบาท (ฟรีโอน!)
บ้านสวย ทำเลดี ใกล้ตลาดหางดง / บิ๊กซีหางดง 2 / ที่ว่าการอำเภอ

✨ ฟังก์ชันครบ
3 ห้องนอน | 3 ห้องน้ำ | จอดรถ 2 คัน
พื้นที่ 60.3 ตร.ว. พร้อมอยู่ได้ทันที

🎁 ของแถมจัดเต็ม
แอร์ 1 เครื่อง / เครื่องทำน้ำอุ่น 3 เครื่อง / ชุดครัว / สนามหญ้า

📌 อยู่โซนหางดง เดินทางเข้าเมืองสะดวก
ชีวิตใกล้เมือง ในราคาที่จับต้องได้!

📞 สนใจนัดชมบ้าน
โทร: [hidden information] (คุณเข็ม)
📲 Line: @587entuc

#บ้านหางดง #บ้านเชียงใหม่ #บ้านพร้อมอยู่ #ฟรีโอน #บ้านสวยราคาดี"
https://www.facebook.com/marketplace/item/1162904869238102/,"2 ห้องนอน 2 ห้องน้ำ - บ้าน
ราคา: ฿1,690,000 | ขาย
ว่าง 1 แปลงค่ะ  ￼ ที่ดินแบ่งขายตรงข้ามสิงห์ปาร์ค เห็นวิวดอยช้างสวยมากมากค่ะ
🎊 ที่ดินแบ่งขายพร้อมบ้านสั่งสร้าง
ที่ดิน 200 ตารางวาใกล้สิงห์ปาร์คเชียงราย ที่ดินสวยบรรยากาศดีมากๆค่ะ 
🎈ใกล้เต็มแล้วค่ะ 🎈 สนใจเข้ามาดูได้ค่ะ

เปิดจอง บ้านเดี่ยวเชียงรายเงินเหลือ 1-4 แสน
ใกล้สิงห์ปาร์คเชียงราย- ตลาดประตูล้อ
ราคาเริ่ม 1.69 ล้านบาท #พร้อมดันทุกเคส

ที่ดิน ขนาด 200 ตารางวา
>> 🛌 2,3ห้องนอน
>> 🛁 2 ห้องน้ำ
>> 🛋 1 ห้องรับแขก
>> 🍽 1 ห้องครัว
>> 🚗 พร้อมโรงจอดรถ

:::: 📌 สถานที่ใกล้เคียง
-ใกล้เซเว่น เพียง 1 กิโลเมตร
-ใกล้โลตัส ธนะพิริยะ เพียง 1.5 กิโลเมตร
-ใกล้มหาลัยเชียงราย 5 กิโลเมตร
-ใกล้เทคนิคกาญจนาภิเษก 3 กิโลเมตร
-ใกล้ตลาดประตูล้อ 500 เมตร
-ใกล้ไร่สิงปาร์คเชียงราย 1 กิโลเมตร
-ใกล้วัดร่องขุ่น 5 กิโลเมตร
-ใกล้ไทยวัสดุ 3 กิโลเมตร
-ใกล้เซนทรัล 10 กิโลเมตร

#ฟรีค่าโอน #ของแถม15รายการ
มาพร้อมของแถมมากมาย
1. รั้วรอบขอบชิด
2. ถังพักนำ้ 1000 ลิตร
3. ปั้มนำ้ 2 ตัว
4. เครื่องกรองนำ้
5. มิเตอร์ไฟฟ้า
6. มุ้งลวดทั้งหลัง
7. แอร์ 12,000 BTU. 1 เครื่อง
8. เครื่องทำนำ้อุ่น 4,500 W. 2 เครื่อง
9. เคาน์เตอร์ครัว
10. อ่างล้างจาน 2 หลุม
11.  บานซิงค์เคาน์เตอร์
12. ดำเนินการยื่นเอกสารธนาคารให้ฟรี
13. ปลูกหญ้ารอบบ้าน
14. ฟุตบาทรอบบ้าน
15. เทโรงรถจนถึงประตูรั้ว
✅ ดำเนินการยื่นกู้ให้ฟรี สะดวก รวดเร็ว
มีเงินเหลือตกแต่งบ้าน 1-4แสนบาท

ยินดีให้คำปรึกษาด้านสินเชื่อกู้ซื้อบ้าน
หรือโทร @ ไลน์ 
📲 [hidden information]

#บ้านเดี่ยวเชียงราย #บ้านเดี่ยวNatthanan home #ซื้อบ้านเชียงราย #บ้านในเมืองเชียงราย #บ้านสวยเชียงราย
#บ้านพร้อมที่ดินเชียงราย #บ้านโครงการเชียงราย #บ้านสวยเชียงราย #ของแถม15รายการ #ฟรีค่าโอน #ข้าราชการ #พนักงาน"
https://www.facebook.com/marketplace/item/1162941889121556/,"3 ห้องนอน 2 ห้องน้ำ - บ้าน
ราคา: ฿1,590,000 | ขาย
🏡 บ้านใหม่ ใกล้ตลาดแม่คือ ดอยสะเก็ด รับนายหน้า3%
3 นอน 2 น้ำ 2 จอด

💥 1,590,000.-฿
✅ ฟรีโอน พ.ย.68
✅ เหลือ 1 แปลง

📞 [hidden information] เอ็ม"
https://www.facebook.com/marketplace/item/1163158758986257/,"4 ห้องนอน 3 ห้องน้ำ - บ้าน
ราคา: ฿3,690,000 | ขาย
🏡 บ้าน 2 ชั้น สไตล์ Minimal – Nordic
📍 โอ้กะจู๋ – หนองจ๊อม (ใกล้เมืองเชียงใหม่)

✨ พิเศษ! ลดทันที 200,000.-
เหลือเพียง 3.69 ล้าน (72 ตร.ว.)
💥 ฟรีค่าโอน + ของแถมกว่า 100,000.-

⸻

✨ รายละเอียดบ้าน
✔ 4 ห้องนอน / 3 ห้องน้ำ
✔ พื้นที่ใช้สอย 185 ตร.ม.
✔ จอดรถสูงสุด 4 คัน (ในร่ม 2 คัน)
✔ ดีไซน์นอร์ดิก อบอุ่น โปร่งโล่ง
✔ เห็นวิว “ดอยสุเทพ”

⸻

🎁 ของแถมจัดเต็ม
✅ ครัวบิวท์อิน + ซิงค์
✅ มิเตอร์น้ำ-ไฟ
✅ ระบบไฟกันดูด / ท่อกันปลวก
✅ ปั๊มน้ำ + แทงค์น้ำ / Rain Shower
✅ เตาแก๊สฝัง + Hood ดูดควัน
✅ จัดสวน-ปูหญ้า พร้อมต้นโมก

⸻

🚗 ทำเลใกล้ทุกจุดสำคัญ
👉 6 นาที ถึงโอ้กะจู๋
👉 8 นาที ถึงโฮมโปร
👉 13 นาที ถึงเซ็นทรัลเฟสติวัล

📞 โทร [hidden information]
🆔 Line: Luilian

#บ้านเชียงใหม่ #บ้านนอร์ดิก #บ้านสองชั้น #บ้านพร้อมอยู่"
https://www.facebook.com/marketplace/item/1163303268467174/,"บ้าน 3 ห้องนอน 3 ห้องน้ำ
ราคา: ฿4,000,000 | ขาย
ขายบ้านเดี่ยวหลังใหญ่ เพดานสูง บรรยากาศร่มรื่น ในป่าไผ่ สันทราย
ทำเลดี ใกล้ทุกความสะดวก :
• มหาวิทยาลัยแม่โจ้ เพียง 5 นาที
• ตลาดมีโชค 15 นาที
• เข้าเมืองเชียงใหม่ 30 นาที
🔸ข้อมูลเพิ่มเติม
บ้านเดี่ยว 2 ชั้น เพดานสูงโปร่ง โล่งสบาย
ขนาดที่ดิน 100 ตร.ว.
พื้นที่ใช้สอย 200 ตร.ม.
3 ห้องนอน 3 ห้องน้ำ
พร้อมห้องใต้หลังคา เพิ่มพื้นที่ใช้สอย
ครัวบิวท์อิน + เครื่องทำน้ำร้อน
แอร์ + เฟอร์นิเจอร์บางส่วน (เตียง, ตู้เสื้อผ้า ฯลฯ)
บ้านโครงสร้างแข็งแรง พร้อมเข้าอยู่ทันที
เงียบสงบ เป็นส่วนตัว
ร่มรื่น เย็นสบาย ต้นไม้เยอะ อากาศดี
ที่จอดรถ
🔸ราคาขาย
4,000,000 บาท
ค่าโอนและภาษี 50/50
--------------------------------------------------------------------------
Spacious High-Ceiling House for Sale in San Sai
Great Location:
• Just 5 minutes to Maejo University
• 15 minutes to Meechok Plaza
• 30 minutes to Chiang Mai city center
🔸More details
2-storey detached house with high ceilings and open, airy design
Land size: 100 sq.wah
Usable area: 200 sq.m.
3 Bedrooms 3 Bathrooms
Includes a storage room under the garret
Built-in kitchen with water heater system
Air conditioners installed
Partially furnished (beds, wardrobes, etc.)
Strong structure, move-in ready
Located in a quiet village surrounded by nature
Excellent ventilation and natural light throughout the house
Ideal for families or those seeking privacy and tranquility
Car park
🔸Price for sale
4,000,000 THB
Transfer and Tax split 50/50
--------------------------------------------------------------------------
For more information and viewing please contact
Tel : 099 - 2691463 (Mam) // 062-232-9146 (Nack)
Line ID : happymamu
https://line.me/ti/p/3Odn6NM7Mb
We Chat : pawathome
E-mail : [hidden information]
Website : www.pawatproperties.com
#chiangmaihouseforsale #chiangmaicondoforsale #chiangmaicondoforrent #houseinchiangmai #condochiangmai #chiangmairealestate #changmaiproperty #บ้านขายเชียงใหม่ #คอนโดให้เช่าในเชียงใหม่ #ขายคอนโดเชียงใหม่ #บ้านเช่าเชียงใหม่ #นายหน้าเชียงใหม่"
https://www.facebook.com/marketplace/item/1163332355654415/,"4 ห้องนอน 3 ห้องน้ำ - บ้าน
ราคา: ฿2,990,000 | ขาย
✅ บ้านสวย 2 ชั้น สไตล์ทันสมัย
🚩 ทำเลทอง สันกำแพง ใกล้การไฟฟ้า

🏠 รายละเอียดบ้าน
▪ 4 ห้องนอน | 3 ห้องน้ำ
▪ 1 ห้องครัว | 1 โถงกลาง | ที่จอดรถ 2 คัน

📐 ที่ดินเริ่มต้น 57.1 ตร.วา
🏡 พื้นที่ใช้สอย 180 ตร.ม.

💰 ราคาเริ่มต้นเพียง 2.99 ลบ.
🔥 จองวันนี้เพียง 999 บาท เท่านั้น!

🎁 ของแถมครบครัน
✔ มุ้งลวดทั้งหลัง
✔ พื้นคอนกรีตพิมพ์ลายโรงจอดรถ
✔ สนามหญ้ารอบบ้าน
✔ ฟรี! มิเตอร์น้ำ + มิเตอร์ไฟ
✔ ปั๊มน้ำ Hitachi + ถังน้ำ 1,000 ลิตร
✔ เดินท่อปลวก + ฉนวนกันร้อนใต้หลังคา

🏗 ก่อสร้างได้มาตรฐาน ดูแลทุกขั้นตอน
💼 บริการฟรี! ยื่นกู้ – ตรวจเอกสาร – วางแผนสินเชื่อ

📞 สนใจสอบถาม / นัดชมบ้าน
โทร: 👉 [hidden information]
LINE: srinya.lp"
https://www.facebook.com/marketplace/item/1163740922519267/,"2 ห้องนอน · 1 ห้องน้ำ
ราคา: ฿3,490,000 | ขาย
📢 ขาย: คอนโด สวนดอกพาวีเลี่ยน ห้อง Penthouse
💰 ราคา: 3.49 ล้านบาท (ฟรีโอน มีโควต้าต่างชาติ)
📍 ที่ตั้ง: ถ.สุเทพ อ.เมือง เชียงใหม่ (ตรงข้ามศูนย์แห่งความเป็นเลิศ และ รพ.สวนดอก)
(English version below | 中文版本在下方) Code : 0926-03 

รายละเอียดทรัพย์สิน
🏷️ พื้นที่ใช้สอย: 50 ตร.ม.
🏷️ ชั้น: 5 (ห้องมุม) เลขห้อง 501
🏷️ ห้องนอน: 2
🏷️ ห้องน้ำ: 1 
🏷️ ห้องครัว: ครัวบิ้วอินครบชุด
🏷️ ห้องนั่งเล่น: มี
🏷️ ระเบียง: มี วิวภูเขาและวิวเมือง

จุดเด่น
✨ ห้อง Penthouse หรู สไตล์ Luxury โทนอบอุ่น
✨ วิวภูเขา + วิวเมือง
✨ เฟอร์นิเจอร์บิ้วอินทั้งห้อง Fully Furnished
✨ ระบบไฟฟ้าและสุขภัณฑ์เปลี่ยนใหม่ทั้งหมด

เฟอร์นิเจอร์และเครื่องใช้ไฟฟ้า
✅ เครื่องซัก-อบผ้าฝาหน้า
✅ เครื่องปรับอากาศ 3 เครื่อง
✅ เตาไฟฟ้า + เตาอบใหญ่
✅ เครื่องทำน้ำร้อน
✅ ตู้เย็น + ไมโครเวฟ
✅ Android TV 55” 1 เครื่อง + 43” 2 เครื่อง
✅ ประตู Digital Door Lock

สิ่งอำนวยความสะดวก
🏢 ลิฟต์
🏢 ที่จอดรถ
🏢 ระบบรักษาความปลอดภัย 24 ชม.
🏢 กล้องวงจรปิด

สถานที่ใกล้เคียง
📌 ศูนย์แห่งความเป็นเลิศ 1 นาที
📌 รพ.มหาราชเชียงใหม่ 2 นาที
📌 มหาวิทยาลัยเชียงใหม่ 5 นาที
📌 ถนนนิมมาน 3 นาที
📌 ห้าง MAYA / One Nimman / Think Park 3 นาที
📌 รพ.เชียงใหม่ราม 5 นาที
📌 ร้านสะดวกซื้อ 7-11 1 นาที

สนใจสอบถามหรือเพิ่มเติมได้ที่
📞 วิว: [hidden information]
📞 เดียร์: [hidden information]
📞 ไต้ฝุ่น: [hidden information]
📞 ตุ๊กตา: [hidden information]

ทีมงานบริการให้คำปรึกษาและช่วยเหลือเรื่องขอสินเชื่อ หรือต้องการฝากขาย/เช่าบ้านและคอนโด ติดต่อ LINE : @ltb.light.co

⸻

🇬🇧 English

📢 For Sale: Suandok Pavilion Condominium, Penthouse Unit
💰 Price: 3.49 MB (Free transfer, Foreign quota available)
📍 Location: Suthep Rd., Mueang Chiang Mai (Opposite the Center of Excellence and Suandok Hospital)
(中文版本在下方 | ภาษาไทยด้านบน)

Property Details
🏷️ Usable area: 50 sq.m.
🏷️ Floor: 5 (Corner unit)
🏷️ Bedrooms: 2
🏷️ Bathrooms: 1 (with bathtub)
🏷️ Kitchen: Built-in kitchen
🏷️ Living room: Yes
🏷️ Balcony: Yes (Mountain and City View)

Highlights
✨ Luxury Penthouse with warm tones
✨ Beautiful mountain and city views
✨ Fully Furnished with built-in furniture
✨ Newly upgraded electrical system and sanitary ware

Furniture & Electrical Appliances
✅ Front-loading washer & dryer
✅ 3 Air conditioners
✅ Electric stove + Large oven
✅ Water heater
✅ Refrigerator + Microwave
✅ Android TV 55” (1 unit) + 43” (2 units)
✅ Digital Door Lock

Facilities
🏢 Elevator
🏢 Parking
🏢 24-hour security
🏢 CCTV

Nearby Places
📌 Center of Excellence – 1 min
📌 Maharaj Nakorn Chiang Mai Hospital – 2 mins
📌 Chiang Mai University – 5 mins
📌 Nimmanhaemin Road – 3 mins
📌 MAYA / One Nimman / Think Park – 3 mins
📌 Chiang Mai Ram Hospital – 5 mins
📌 7-11 Convenience Store – 1 min

For more information, please contact
📞 View: [hidden information]
📞 Dear: [hidden information]
📞 Typhoon: [hidden information]
📞 Tukta: [hidden information]

Our team provides consulting and mortgage application support.
If you want to sell/rent your property, contact us at LINE: @ltb.light.co

⸻

🇨🇳 中文

📢 出售: Suandok Pavilion 公寓 顶层套房
💰 价格: 349万泰铢 (免过户费, 含外籍名额)
📍 地点: 清迈市 Suthep 路 (对面是卓越中心和 Suandok 医院)
(ภาษาไทย在上方 | English version above)

房产详情
🏷️ 使用面积: 50 平方米
🏷️ 楼层: 5 (转角房)
🏷️ 卧室: 2
🏷️ 卫生间: 1 (带浴缸)
🏷️ 厨房: 内置整体厨房
🏷️ 客厅: 有
🏷️ 阳台: 有 (山景 + 城市景观)

亮点
✨ 豪华顶层套房，温馨设计
✨ 山景+城市景观
✨ 全屋定制家具，精装修拎包入住
✨ 电路和卫浴设施全部更新

家具及电器
✅ 洗烘一体机
✅ 3 台空调
✅ 电磁炉 + 大烤箱
✅ 热水器
✅ 冰箱 + 微波炉
✅ Android TV 55” (1 台) + 43” (2 台)
✅ 数字门锁

配套设施
🏢 电梯
🏢 停车位
🏢 24 小时安保
🏢 监控摄像头

周边设施
📌 卓越中心 1 分钟
📌 清迈玛哈拉医院 2 分钟
📌 清迈大学 5 分钟
📌 Nimman 商圈 3 分钟
📌 MAYA / One Nimman / Think Park 3 分钟
📌 清迈 Ram 医院 5 分钟
📌 便利店 7-11 1 分钟

咨询请联系
📞 View: [hidden information]
📞 Dear: [hidden information]
📞 Typhoon: [hidden information]
📞 Tukta: [hidden information]

我们的团队提供贷款申请咨询与协助。
如需委托出售/出租房屋和公寓，请添加 LINE: @ltb.light.co"
https://www.facebook.com/marketplace/item/1163885649170585/,"บ้าน 4 ห้องนอน 4 ห้องน้ำ
ราคา: ฿55,000/เดือน | ขาย
v English below v
🚫🐶🐱
บ้านในโครงการ ให้เช่าเดือนละ 55,000 บาท ใกล้กาดฝรั่งเพียง 5 นาที No.14H976
清迈美丽的2层别墅出租 。每月租金 55,000 泰铢，。No.14H976
บ้านเดี่ยวสองชั้น มี 4 ห้องนอน 4 ห้องน้ำ พื้นที่ 110 ตรว. พื้นที่ใช้สอย 374 ตรม.
4 卧室，4 浴室。面积 110 平方哇。面积 374 平方米。
สถานที่ใกล้เคียง
-กาดผักหวาน
-โรงเรียนนานาชาติลานนา-หางดง
-แม็คโครหางดง
เฟอร์นิเจอร์ภายใน
-แอร์ 6 เครื่อง
-เครื่องทำน้ำอุ่น 2 เครื่อง
-เตียงนอน 3
-ตู้เสื้อผ้า 3
-โซฟารับแขก 1
-โต๊ะทานข้าว 1
-ทีวี 1 เครื่อง 
-ตู้เย็น 1 เครื่อง
-ไมโครเวฟ 1 เครื่อง
*ไม่อนุญาตเลี้ยงสัตว์
สัญญาขั้นต่ำ 1 ปี
จ่ายเพียง ประกัน 2 เดือน ล่วงหน้า 1 เดือน ทั้งหมดเพียง จ่าย 3 เดือน เข้าอยู่ได้เลยจร้า
สนใจติดต่อ BE (บี)  0 9 4 - 3 6 4 4 8 9 6
ID Line : 0943644896
Link Line : https://line.me/ti/p/UoWfAhUEZn
WeChat : Baandeedee44
Line Officials Baan dee dee : https://lin.ee/xUfLbHe



A house for rent near by 5 min to Kad Farang, No.14H976
清迈美丽的2层别墅出租 。每月租金 55,000 泰铢，。No.14H976
Rental monthly is 55,000 THB For 1 Year contact
Condition 1 month in advance & 2 months deposit
House spec : 4 Bedrooms, 4 bathrooms, 110 Sq.w. 374 Sq.m. 
4 卧室，4 浴室。面积 110 平方哇。面积 374 平方米。
Close to
-Kad pakwan
-Lanna International School
-Makro Hangdong
Furniture
-Air conditioner 6
-Hot shower 2
-Bed 3
-Wardrobe 3
-Loungeset 1
-Dining table 1
-Television 1
-Refrigerator 1
-Microwave 1
*No pets allowed 
Contact us for more information : BE (บี)  0 9 4 - 3 6 4 4 8 9 6
ID Line : 0943644896
Link Line : https://line.me/ti/p/UoWfAhUEZn
WeChat : Baandeedee44
Line Officials Baan dee dee : https://lin.ee/xUfLbHe
https://www.baandd-chiangmai.com
#บ้านเช่าเชียงใหม่ #บ้านให้เช่าเชียงใหม่ #บ้านเชียงใหม่ #เชียงใหม่
#houseforrentinchiangmai #houseinchiangmai #chiangmai
#清迈房屋出租 ＃清迈租房 ＃房出租 ＃租房 ＃找清迈租房 ＃清迈别墅墅
#ချင်းမိုင်တွင်လုံးချင်းအိမ်ငှားရန်ရှိသည်။"
https://www.facebook.com/marketplace/item/1164034371936993/,"4 ห้องนอน 4 ห้องน้ำ - บ้าน
ราคา: ฿35,000/เดือน | ขาย
🏡 ให้เช่า บ้านเดี่ยวสร้างใหม่ ใกล้แยกรวมโชค เชียงใหม่  
✨ เฟอร์ครบ พร้อมเข้าอยู่ทันที ✨ (หลังด้านขวา)

📍 ทำเลดีย่านรวมโชค
• จาก ตลาดรวมโชคแค่ 2 นาที
• เข้า-ออกสะดวกหลายเส้นทาง
• บรรยากาศเงียบสงบ 🕊️ 

🏠 รายละเอียดบ้าน
• บ้านเดี่ยวสร้างใหม่ พื้นที่ใช้สอย 170 ตร.ม.
• ที่ดิน 70 ตร.วา
• 4 ห้องนอน | 4 ห้องน้ำ | 1 ห้องครัว | 1 ห้องนั่งเล่น
• จอดรถได้ 2 คัน

🛋️ เฟอร์นิเจอร์ครบ พร้อมอยู่ทันที
• เตียง / ที่นอน / ตู้เสื้อผ้า ครบ
• แอร์ทั้งหลัง ❄️ / เครื่องทำน้ำอุ่น
• ห้องครัวพร้อมชุดครัว built-in
• 🧊 ตู้เย็น / 🧺 เครื่องซักผ้า / 🔥 เตาและเครื่องดูดควัน / ☕ ไมโครเวฟ
• ผ้าม่าน / ชุดโต๊ะกินข้าว / โซฟา

💰 ค่าเช่าเพียง 35,000 บาท/เดือน(สัญญา 1 ปี)
      ค่าเช่า 40,000 บาท/เดือน(สัญญา 6 เดือน)
• ประกัน 80,000 บาท
• ล่วงหน้า 1 เดือน
• สัญญาขั้นต่ำ 6 เดือน
• ❌ ไม่มีค่าส่วนกลาง
➖➖➖➖➖➖➖➖➖➖➖➖➖➖➖
 🔶สนใจติดต่อ🔶
Tel.0640745554 อัฐ
Line : https://line.me/ti/p/~naresdft
➖➖➖➖➖➖➖➖➖➖➖➖➖➖➖"
https://www.facebook.com/marketplace/item/1164463891907454/,"ราคา: ฿2,390,000 | ขาย
แปลงเล็ก 2.39 ลบ 
ขายด่วนหลังสุดท้ายก่อนปิดเฟส
ใกล้ตลาดท่ารั้ว ดอยสะเก็ด-เชียงใหม่
ของแถมเยอะ คุ้มสุด❤️‍🔥
#บ้านใกล้ถนนใหญ่เพียง 800 เมตร 
#บ้านใกล้ตลาด ใกล้ 7-eleven

บ้านสร้างใหม่ มีพื้นที่หน้าบ้านเยอะ ห้องโถงกว้าง ของแถมเพียบ คุ้มสุดคุ้ม
🏠 ขนาด 3 ห้องนอน 2 ห้องน้ำ 1 ครัวใหญ่ และ 2 ที่จอดรถไม่มีค่าส่วนกลาง สงบ ไม่วุ่นวาย บรรยากาศดี 👉ราคา 2.39 ล้าน ฟรีค่าโอน ของแถมเพียบ 🎊

🎁 จองวันนี้ 🎁
✔️ฟรีค่าโอนกรรมสิทธิ์
✔️เเอร์ 2 เครื่อง❄️☃️
✔️เครื่องทำอุ่น 1 เครื่อง ‼️
✔️ฟรีผ้าม่านอย่างดีทั้งหลัง ‼️
✔️ชุดโซฟา และตู้วางทีวี
✔️ชุดเตียงนอน ตู้เสื้อผ้า โต๊ะเครื่องแป้ง
✔️ฟรีมิเตอร์น้ำ
✔️ฟรีมิเตอร์ไฟ
✔️ฟรีมุ้งลวดทั้งบ้าน (ยกเว้นประตูห้องครัว)
✔️ฟรีพื้นทรายล้างโรงรถ
✔️ปั้มน้ำแท้งน้ำ เครื่องกรองน้ำอย่างดี 
✔️สนามหญ้ารอบบ้าน
✔️เคาร์เตอร์ห้องครัว
✔️วางระบบท่อปลวก และ ฉีดน้ำยาปลวก
✔️ปรึกษาและดำเนินการยื่นกู้ธนาคารให้ฟรี
✔️ประกันโครงสร้าง 2 ปี
✔️ประกันงานสถาปัตย์ 1 ปี

🙏🏻
ไลน์ไอดี"
https://www.facebook.com/marketplace/item/1164641658959420/,"3 ห้องนอน 2 ห้องน้ำ - บ้าน
ราคา: ฿2,790,000 | ขาย
#ปรับลดราคาพิเศษเหลือ#2.79ล้านฟรีโอน
<กรณีไม่เอาเฟอร์ >

🙅‍♀️ไม่ต้องเสียค่าส่วนกลาง 🙅‍♀️
✅หลังบ้านไม่ติดใคร หลังมุม วิวดอย 
✅เพื่อนบ้านน่ารักไม่เสียงดัง ไม่วุ่นวาย สงบ
✅น้ำไม่ท่วม ใกล้เมืองเดินทางสะดวก ใกล้ 7-11
โซนอ.สันทราย สันป่าเปา จ.เชียงใหม่

มี 3 นอน 2 น้ำ  ห้องครัว ที่จอดรถ
#ที่ดินกว้าง 64ตรว.
พท.ใช้สอย 150 ตรม.

✅ทำเลดี ไปเซนทรัลเฟส 11 กม ✨️
✅พิเศษ พร้อมจอง แถมฟรีเฟอร์นิเจอร์ให้ทั้งหลัง 💥💥

🔖เพียง 2.79 ล้านบาท
(ฟรีโอนฟรีให้ในราคาซื้อขายจริง)
.
สนใจนัดชมบ้านได้ทุกวันค่ะ.
📲[hidden information]นนท์รับสายค่ะ)
Id line: nont1531"
https://www.facebook.com/marketplace/item/1165201865538787/,"บ้าน 4 ห้องนอน 3 ห้องน้ำ
ราคา: ฿16,900,000 | ขาย
#AA0427 #ขายบ้านหรูสร้างใหม่สไตล์ Modern Tropical ใกล้แยกรวมโชค
บ้านเดี่ยว 3 ชั้น พร้อมเข้าอยู่ โครงการติดถนนใหญ่
พื้นที่ใช้สอย 331 ตร.ม.  
เนื้อที่  88.2  ตร.ว.
4 ห้องนอน 3 ห้องน้ำ 2 ที่จอดรถ
ตกแต่งบิ้วอินพร้อมเฟอร์นิเจอร์ครบ 
ราคา 16.9 ล้าน

ใกล้แหล่งอำนวยความสะดวก เช่น โฮมโปร ,โลตัสรวมโชค,รวมโชคพลาซ่า
,เซ็นทรัลเฟสติวัล ,ม.พายัพ

1 ครัวแพนทรี่ พร้อมเตาอบ ไมโครเวฟ ตู้เย็น
1 ครัวไทย พร้อมเตาแก้ส ฮู้ดดูดควัน
1 ห้องนั่งเล่น 
1 ห้องเก็บของ 

FREE
เครื่องปรับอากาศ 5 เครื่อง 
เครื่องทำน้ำอุ่น 3 เครื่อง
ทีวี 85  นิ้ว 1 เครื่อง 
ตู้เย็นบานใหญ่ 2 ประตู
เครื่องซักผ้า
ต่อเติมโซนซักล้างด้านหลัง
ระบบประตูบ้านอัตโนมัติ
ประตูรั้วบ้านระบบไฟฟ้า

สิ่งอำนวยความสะดวกในโครงการ
✅ เสาไฟฟ้าลงใต้ดิน
✅ โครงการติดถนนใหญ่ เดินทางสะดวก
✅ สโมสรและสระว่ายน้ำ 
✅ สวนสาธารณะ
✅ ห้อง Fitness 
✅ ระบบรักษาความปลอดภัย กล้องวงจรปิด CCTV บริเวณทางเข้าออก

ใกล้
ตลาดมีโชคพลาซ่า 1 กม.
เซ็นทรัลเฟสติวัล 4 กม.
โรงพยาบาลกรุงเทพเชียงใหม่ 5 กม.
ศูนย์ราชการ 8 กม.
สนามบินเชียงใหม่ 13 กม.
#รับฝากปล่อยเช่าและจัดหาบ้านเช่าเชียงใหม่
#สนใจติดต่อ
Tel/Line  : 0612973075 เค้ก
WhatApp : +66 61 297 3075
Link line : https://line.me/ti/p/39aRpuLDTV"
https://www.facebook.com/marketplace/item/1165232261696645/,"14 ห้องนอน 15 ห้องน้ำ - บ้าน
ราคา: ฿149,000/เดือน | ขาย
🏡ให้เช่า พูลวิลล่า โซนสุเทพ ใกล้เซ็นทรัล แอร์พอร์ต
เดือนละ 149,000 บาท สัญญา 1 ปี
✅พร้อมอยู่  🐶🐱รับสัตว์เลี้ยง

ประกัน 2 เดือน ล่วงหน้า 1 เดือน

📏 พื้นที่ใช้สอยกว่า 800 ตร.ม.

รายละเอียด :
🛏 14 ห้องนอน 
🛁 15 ห้องน้ำ
🛋 3 ห้องนั่งเล่น
🚗 สามารถจอดรถได้ 8 คัน
🌟 เหมาะแก่การนำไปทำ airbnb

รายละเอียดเพิ่มเติม :
✨ สระว่ายน้ำขนาดใหญ่
✨ ห้องออกลังกาย
✨ เปียโน 
✨ โต๊ะสนุ๊ก
✨ บ่อปลาคาร์ฟ
✨ แอร์ 18 ตัว
✨ โต๊ะรับประทานอาหารยาว 4 เมตร
✨ เครื่องซักผ้า 
✨ เครื่องอบผ้า
✨ high speed WIFI
✨ พร้อม service สระว่ายน้ำและสวน
✨ ประตูทางเข้าด้วยรีโมท 

📍สถานที่ใกล้เคียง :
🚩 วัดอุโมงค์
🚩 ตลาดสดแม่เหียะ
🚩 สนามบิน
🚩 โรบินสัน
🚩 โรงเรียนสาธิต

🏡 Pool villa for rent in Suthep area, near Central Airport Plaza
149,000 baht per month, 1-year contract
✅ Ready to move in 🐶🐱Pets accepted

2-month security deposit, 1 month advance payment

📏 Over 800 sq m of living space

Details:
🛏 14 bedrooms
🛁 15 bathrooms
🛋 3 living rooms
🚗 Parking for 8 cars
🌟 Perfect for an Airbnb

Additional details:
✨ Large swimming pool
✨ Fitness room
✨ Piano
✨ Snooker table
✨ Koi pond
✨ 18 air conditioners
✨ 4-meter dining table
✨ Washing machine
✨ Dryer
✨ High-speed Wi-Fi
✨ Swimming pool and garden service available
✨ Remote-controlled entrance

📍Nearby places:
🚩 Wat Umong
🚩 Mae Hia Fresh Market
🚩 Airport
🚩 Robinson
🚩 Demonstration School

Code : R3001
🚨บริษัท ที่ดีดี จำกัด | รับซื้อ | ขาย | เช่า
🚨จัดหาบ้าน,คอนโด ตามงบประมาณ
🚨รับทำ TM30 แจ้งต่างชาติเข้าพัก
🚨ดูแลตลอดสัญญาเช่า

📌นัดชมได้ทุกวัน | รับ CO-AGENT
Line : @teedd (มี@)
Tel : [hidden information]

#บ้าน #บ้านเช่า #บ้านเช่าเชียงใหม่
#คอนโด #เช่าคอนโด #คอนโดให้เช่า"
https://www.facebook.com/marketplace/item/1165975898725195/,"บ้าน 4 ห้องนอน 2 ห้องน้ำ
ราคา: ฿1,690,000 | ขาย
ขายบ้านชั้นเดียว 84.5ตรว. 4นอน2น้ำ 1.69ลบ. พร้อมผู้เช่า เฟอร์ ต.ป่าไผ่ อ.สันทราย เชียงใหม่
ขายบ้านชั้นเดียว พื้นที่ 84.5 ตารางวา ต.ป่าไผ่ อ.สันทราย จ.เชียงใหม่
ราคาขาย 1.69 ล้านบาท (1,690,000 บาท) ค่าโอนคนละครึ่ง
ขายพร้อมผู้เช่า ได้ค่าเช่าเดือนละ 9,000 บาท สัญญาเช่าถึง 31 มีนาคม 2568
4 ห้องนอน
2 ห้องน้ำ
1 ห้องครัว
แอร์ 5 เครื่อง เฟอร์นิเจอร์ครบ
อยู่ในแหล่งชุมชนแต่ไม่วุ่นวาย การเดินทางสะดวกสบาย
มีแหล่งอำนวยความสะดวก ร้านสะดวกซื้อ ร้านอาหาร คาเฟ่
อยู่ใกล้ตลาดป่าเหมือด
มหาวิทยาลัยแม่โจ้

*** สนใจสอบถาม ***
โทร [hidden information]
Line ID : piyawitnoom
รหัสประกาศ 170-66"
https://www.facebook.com/marketplace/item/1166072495024595/,"ทาวน์เฮาส์ 1 ห้องนอน 2 ห้องน้ำ
ราคา: ฿10,000/เดือน | ขาย
🏡ให้เช่าอาคารพาณิชย์ 2 ชั้นครึ่ง ติดถนนใหญ่แถวหางดง🏡 💙R1241
📍ติดถนน ปากทางเข้าาบ้านถวาย หางดง
ตึกลึก 27 เมตรค่ะ ค้าขายได้เลย
💰ให้เช่าเดือนละ 10,000 บาท
-1 ห้องนอนใหญ่ มีแอร์ มีตู้บิ้วอิน
ชั้นลอยมี Glass room ทำห้องทำงาน
ห้องนอน ห้องนั่งเล่นได้
-2 ห้องน้ำ 1 ชั้นบน 1 ชั้นล่าง
🚗ใกล้ 7-11 เพียง 5 ก้าว
🚗ใกล้ตลาดหางดง ใกล้กาดฝรั่ง ใกล้การไฟฟ้า
🚗ใกล้สถานีตำรวจ

☎️ Line/Tel: 0️⃣6️⃣4️⃣-2️⃣5️⃣9️⃣7️⃣1️⃣2️⃣4️⃣
👉 Line: @738sqqoa
👉 https://lin.ee/c83mQJx

🏡2.5-story commercial building for rent on a main road in Hang Dong area🏡
📍Located on the road at the entrance to Ban Thawai, Hang Dong.
Building depth: 27 meters. Ready for business.
💰Rental price: 10,000 baht per month.
- 1 master bedroom with air conditioning and built-in cabinets.
Mezzanine has a glass room that can be used as an office.
Bedroom and living room.
- 2 bathrooms, 1 upstairs, 1 downstairs.
🚗 7-Eleven just 5 steps away.
🚗 Near Hang Dong Market, Kad Farang, and the Electricity Generating Authority of Thailand.
🚗 Near the police station.

ติดตามทรัพย์อื่นๆได้ที่:Follow other assets at 
https://www.facebook.com/profile.php?id=61561124581941"
https://www.facebook.com/marketplace/item/1166274112355593/,"บ้าน 3 ห้องนอน 4 ห้องน้ำ
ราคา: ฿20,000/เดือน | ขาย
บ้านเช่า 3 ชั้น 20,000 บาท/เดือน The #GreeneryLoft @ #ท่าศาลา
ทำเลดี ใจกลางเมือง! เพียง 400 ม. จากแยกแมคโคร ใกล้แหล่งอำนวยความสะดวกมากมาย
สามารถใช้ทำ #โฮมออฟฟิศ หรือเชิงพาณิชย์ได้

3 ห้องนอน
4 ห้องน้ำ
ที่จอดรถ 2 คัน

แอร์ 3 ตัว
เครื่องทำน้ำอุ่น 3 เครื่อง
เฟอร์นิเจอร์และบิ้วอินตามภาพ
ฟรี เน็ต 3bb

ราคาเช่า: 20,000 บาท/เดือน
สัญญาขั้นต่ำ 1 ปี
ค่าประกัน 2 เดือน

สถานที่ใกล้เคียง
แมคโคร | เซ็นทรัลเฟสติวัล | บิ๊กซี เอ็กซ์ตร้า | บิ๊กซี ดอนจั่น
โรงพยาบาลกรุงเทพเชียงใหม่ | ตลาดทวีโชค | เมกะโฮม | ธนาคารหลายแห่ง

อยากได้อสังหาโซนไหน สอบถามเข้ามาได้เลย

ต้องการอสังหาแบบไหนที่ Northern Land Chiangmai เรามีครบ ครอบคลุม #ทั่วเชียงใหม่ ไม่ว่าจะเป็น
#พูลวิลล่า #บ้านใหม่ #บ้านมือสอง #บ้านเช่า #คอนโด #อสังหาพร้อมผู้เช่า #หอพัก #อพาร์ทเม้นท์ #ที่ดิน

รับจัดหาบ้าน, ที่ดิน, คอนโด, อสังหาริมทรัพย์ทั่วเชียงใหม่
บริการยื่นสินเชื่อทุกธนาคารฟรี ไม่มีค่าใช้จ่าย
ยื่นสินเชื่อที่อื่นไม่ผ่านรับดูแลต่อ พร้อมให้คำแนะนำ
ทำการตลาด สื่อ โฆษณา
เช็คเครดิตบูโร ฟรี

นัดชมได้ทุกวันไม่มีวันหยุด
Line ID : @habanchiangmai หรือ https://lin.ee/netCDYF
หรือสอบถามเพิ่มเติมโทร 086-9238951/ 065-5306944 / 085-9646661
ยินดีพาชม และให้คำปรึกษาด้านสินเชื่อ ฟรี

เว็บไซต์บริษัท : https://northernlandandhousechiangmai.com/en

หาบ้าน เชียงใหม่ : https://www.habanchiangmai.com/

เพจหาบ้าน เชียงใหม่ : https://www.facebook.com/HabanHabanchiangmai?mibextid=ZbWKwL

YouTube : https://youtube.com/@northernlandhousechiangmai6664

Instagram : https://instagram.com/northernland.cm?igshid=YmMyMTA2M2Y=

TIKTOK : https://www.tiktok.com/@northerland_cnx?_t=8bwxggLIxlv&_r=1

สนใจอสังหาริมทรัพย์อื่นๆ คลิ๊ก
For Sale
https://www.facebook.com/NorthenlandHouse-Chiangmai-1774295549481349/
For Rent
https://www.facebook.com/Northernland-House-For-Rent-In-Chiangmai-228643327897310/

พูลวิลล่าเชียงใหม่
https://www.facebook.com/profile.php?id=100081907720597&mibextid=LQQJ4d

ที่ดิน
https://www.facebook.com/profile.php?id=100075781194500&mibextid=LQQJ4d

ขายคอนโด เชียงใหม่
https://www.facebook.com/profile.php?id=100076053777727&mibextid=LQQJ4d

หอพัก
https://www.facebook.com/profile.php?id=100086620509112&mibextid=LQQJ4d

อสังหาริมทรัพย์พร้อมผู้เช่า
https://www.facebook.com/profile.php?id=100075856546688&mibextid=LQQJ4d

#บ้านเชียงใหม่
#บ้านราคาถูกเชียงใหม่
#บ้านมือสองเชียงใหม่
#บ้านสร้างใหม่เชียงใหม่
#บ้านทำเลดีเชียงใหม่
#บ้านพร้อมอยู่เชียงใหม่
#พูลวิลล่าเชียงใหม่
#NorthernlandChiangmai
#อสังหาพร้อมผู้เช่าเชียงใหม่
#บ้านสวยเชียงใหม่
#บ้านพร้อมเฟอร์นิเจอร์เชียงใหม่
#บ้านสวนเชียงใหม่
#NorthernlandandHousechiangmai #Northernland"
https://www.facebook.com/marketplace/item/1166679198730380/,"3 ห้องนอน 3 ห้องน้ำ - บ้าน
ราคา: ฿26,000/เดือน | ขาย
#Rent069 #ติดทรัพย์รับCo
#ให้เช่าบ้านเดี่ยว #พิกัดโครงการUrbaba2

🚩พร้อมเข้าอยู่ 1 พฤศจิกายน 68🚩

✡️ 3 ห้องนอน 3 ห้องน้ำ
✡️ฟิตเนส สระว่ายน้ำ
✡️ security 24 ชั่วโมงระบบคีย์การ์ด
✡️4 แอร์ 2 น้ำอุ่น
✡️เฟอร์นิเจอร์ครบพร้อมเข้าอยู่
✡️เฟอร์นิเจอร์ใหม่ทุกชิ้นค่ะบ้านยังไม่เคยปล่อยเช่า

🎈ค่าเช่าเดือนละ 26,000 บาท สัญญาเริ่มต้น 1 ปี
🎈ประกัน 2 เดือนล่วงหน้า 1 เดือน
🍊 กรณีอยู่เกิน 2 คนค่าเช่าเดือนละ 28,000 บาท

🏡 #สนใจบ้านเช่าติดต่อได้เลยค่ะ
📞 K. Tonaor: 081-9653229
💬 #LINE: คลิกแอดไลน์เลยค่ะ
https://line.me/ti/p/pgQh6Qnxyd

📱 #WhatsApp: +66 81 965 3229

✨ #บ้านเช่าภาคเหนือ
💖 #รับฝากปล่อยเช่าและจัดหาบ้านเช่า
👉 #แอดลิงก์บ้านเช่าภาคเหนือเลยค่ะ
https://lin.ee/7tSPu1F"
https://www.facebook.com/marketplace/item/1167223315298068/,"บ้าน 4 ห้องนอน 3 ห้องน้ำ
ราคา: ฿35,000/เดือน | ขาย
ให้เช่าบ้านใกล้เมืองเป็นโครงการจัดสรรบนถนนคลองชลประทานบรรยากาศดี มีระบบความปลอดภัยดีเยี่ยม และคลับเฮ้าส์ มีภูเขาล้อมรอบ เงียบสงบ อยู่ใกล้กับโรงเรียนนานาชาติหลายแห่ง ใกล้แหล่งท่องเที่ยว
ในเมืองเชียงใหม่และห้างโลตัส บิ๊กซี และตลาดสดแม่เหียะ  

เป็นบ้านเดี่ยวสองชั้น มีพื้นที่ 120 ตรว 
พื้นที่ใช้สอย 350 ตารางเมตร มี 4 ห้องนอน 
3 ห้องน้ำ 1 ห้องรับแขกใหญ่ 5 แอร์  1 ห้องครัว มีสนามกว้างให้พักผ่อน เฟอร์นิเจอร์ครบ

เช่า 35,000/เดือน
ประกัน 3 เดือน  จ่ายล่วงหน้า 1 เดือน"
https://www.facebook.com/marketplace/item/1167457072248213/,"3 ห้องนอน 3 ห้องน้ำ - บ้าน
ราคา: ฿17,000/เดือน | ขาย
ให้เช่า โครงการสมหวัง-สันปูเลย

✅ ระยะสั้น 3เดือน และ 6 เดือน และ 1 ปี
✅ 17,000/เดือน
ล่วงหน้า 1 เดือนประกัน 2 เดือน

🐕รับสัตว์เลี้ยงกรณีเช่า 1 ปี

👉3 ห้องนอน 3 ห้องน้ำ มีแอร์ทุกห้อง
👉2 ห้องโถง มีแอร์ทั้ง 2 ห้อง
🔻เฟอร์นิเจอร์ครบ หิ้วกระเป๋าเข้าอยู่ได้เลยค่ะ

📌พิกัด - โครงการสมหวังสันปูเลย
☎️ : [hidden information]
#บ้านเช่าเชียงใหม่"
https://www.facebook.com/marketplace/item/1168271408465812/,"3 ห้องนอน 2 ห้องน้ำ - บ้าน
ราคา: ฿900,000 | ขาย
ขายด่วน 🏠บ้านสวยน่าอยู่ ติดตัวเมืองน่าน บรรยากาศดีทั้งปี เดินทางสะดวก แหล่งสาธารณูปโภคครบครันจ้า
ภายในบ้าน🏠
✨3 ห้องนอน
✨2 ห้องน้ำ
✨2 ห้องรับแขก
✨1 ห้องครัว
✨2 ที่จอดรถ
สถานที่ใกล้เคียง 
*ตลาดสด
*ศูนย์ราชการ
*โรงเรียน
*ธนาคาร
*ห้างสรรพสินค้า
*ปั้มน้ำมัน
*ร.พ  ฯลฯ
บนพื้นที่ 132 ตรว.ในราคาเพียง  900,000 บาท ณ บ้านน้ำครกใหม่ อำเภอเมืองน่าน  จังหวัดน่านจ้า สนใจสอบถามได้นะค่ะ 

โทร.[hidden information] นิด

🙏รับฝากขายอสังหาริมทรัพย์ พร้อมบริการสินเชื่อจ้า
ขอบคุณแอดมินเพจค่ะ"
https://www.facebook.com/marketplace/item/1168550818459761/,"บ้าน 3 ห้องนอน 2 ห้องน้ำ
ราคา: ฿20,000/เดือน | ขาย
v English below v
บ้านกลางเมือง ให้เช่าเดือนละ 20,000 บาท ใกล้ไนท์บาร์ซ่า No.1H266
清迈美丽的2层别墅出租 。每月租金 20,000 泰铢，。No.1H266
บ้านเดี่ยวสองชั้น มี 3 ห้องนอน 2 ห้องน้ำ พื้นที่ 72 ตรว. 
3 卧室，2 浴室。面积 72 平方哇。
สถานที่ใกล้เคียง
-ประตูท่าแพ
-ถนนคนเดินวัวลาย
-เซ็นทรัลแอร์พอร์ต
เฟอร์นิเจอร์ภายใน
-แอร์ 2 เครื่อง
-เครื่องทำน้ำอุ่น 1 เครื่อง
-เตียงนอน 2
-ตู้เสื้อผ้า 2
-โซฟารับแขก 1
-โต๊ะทานข้าว 1
-ตู้เย็น 1 เครื่อง
-เครื่องซักผ้า 1 เครื่อง
*ไม่อนุญาตเลี้ยงสัตว์
สัญญาขั้นต่ำ 1 ปี
จ่ายเพียง ประกัน 2 เดือน ล่วงหน้า 1 เดือน ทั้งหมดเพียง จ่าย 3 เดือน เข้าอยู่ได้เลยจร้า
สนใจติดต่อ Pednoi (เป็ดน้อย) 0994728246
Id line:0994728246
https://line.me/ti/p/nsqIxB9oqF
Whatapp:0994728246
Weixin ID :NX997930
https://www.baandd-chiangmai
A house for rent in downtown near Night Bazaar, No.1H266
清迈美丽的2层别墅出租 。每月租金 20,000 泰铢，。No.1H266
Rental monthly is 20,000 THB For 1 Year contact
Condition 1 month in advance & 2 months deposit
House spec : 3 Bedrooms, 2 bathrooms, 72 Sq.w.
3 卧室，2 浴室。面积 72 平方哇。
Close to
-Tha Phae Gate
-Wualai Walking Street
-CentralPlaza Chiangmai Airport
Furniture
-Air conditioner 2
-Hot shower 1
-Bed 2
-Wardrobe 2
-Loungeset 1
-Dining table 1
-Refrigerator 1
-Washing machine 1
*No pets allowed
Contact us for more information : Pednoi (เป็ดน้อย) 0994728246
Id line:0994728246
https://line.me/ti/p/nsqIxB9oqF
Whatapp:0994728246
Weixin ID :NX997930
https://www.baandd-chiangmai
#บ้านเช่าเชียงใหม่ #Houseforrentchiangmai
#ချင်းမိုင်တွင်လုံးချင်းအိမ်ငှားရန်ရှိသည်။"
https://www.facebook.com/marketplace/item/1168792145202077/,"4 ห้องนอน 4 ห้องน้ำ - บ้าน
ราคา: ฿5,990,000 | ขาย
🎉 Shock! ตุลา ตะลึงทั้งเมือง
ลดแรงสุดในรอบปี ‼️

✨ บ้านใหม่หลังใหญ่ “อรุณสิริ”
ลดทันที 1,000,000 บาท เหลือเพียง 5.99 ล้าน (จาก 6.99 ล้าน) ฟรีโอน!

🏡 รายละเอียดบ้าน
▪️พื้นที่ใช้สอย 216 ตร.ม.
▪️ที่ดิน 50–90 ตร.ว.
▪️4 ห้องนอน | 4 ห้องน้ำ
▪️ห้องรับแขก / ห้องครัว / ห้องทานอาหาร
▪️ที่จอดรถ 2 คัน

🌟 จุดเด่น
✔️บ้านเดี่ยวหรู ระบบ Smart Home AI ควบคุมทั้งหลังผ่านมือถือ
✔️ดีไซน์พรีเมียม ตั้งแต่โครงสร้างถึงผ้าม่าน
✔️โครงการเงียบสงบ ยูนิตน้อย ไม่มีค่าส่วนกลาง

📍 ทำเลทอง หางดง–บ้านถวาย
ใกล้ กาดฝรั่ง, สนามบินเชียงใหม่, Big C หางดง, ถ.สมโภชเชียงใหม่ 700 ปี

🔑 พิเศษสุดเพียง 5.99 ล้าน
ราคานี้มีจำนวนจำกัด รีบจองก่อนพลาด!

📲 สนใจนัดชม / สอบถามเพิ่มเติม
☎️ 0️⃣6️⃣3️⃣➖8️⃣5️⃣4️⃣5️⃣2️⃣4️⃣6️⃣

----------------------------------------
🎉 Shock Sale! October Special
The Biggest Price Drop of the Year ‼️

✨ Brand-New Luxury Home “Arunsiri”
💰 Discount 1,000,000 THB – Now only 5.99 MB (from 6.99 MB)
✅ Free transfer fee!

🏡 Property Details
▪️ Usable area: 216 sq.m.
▪️ Land size: 50–90 sq.wah
▪️ 4 Bedrooms | 4 Bathrooms
▪️ Living room / Kitchen / Dining area
▪️ 2 Car parking spaces

🌟 Highlights
✔️ Modern Luxury Home with Smart Home AI system (full mobile control)
✔️ Premium design – from structure to curtains
✔️ Peaceful & private community, no common fee

📍 Prime Location: Hang Dong – Baan Tawai
Near Kad Farang, Chiang Mai Airport, Big C Hang Dong, and Ring Road 700 Years

🔑 Special Price: 5.99 MB only!
Limited units – Don’t miss this chance!

📲 For viewing & inquiries:
☎️  0️⃣6️⃣3️⃣➖8️⃣5️⃣4️⃣5️⃣2️⃣4️⃣6️⃣

#ขายบ้านเชียงใหม่ #เช่าบ้านเชียงใหม่ #บ้านเชียงใหม่ #อสังหาริมทรัพย์เชียงใหม่ #บ้านพร้อมอยู่เชียงใหม่
#ChiangMaiRealEstate #HouseForSaleChiangMai #HouseForRentChiangMai #ChiangMaiProperty #ChiangMaiHome
#清迈房产 #清迈买房 #清迈出租房屋 #清迈房屋出售 #清迈住宅"
https://www.facebook.com/marketplace/item/1169512688614711/,"9 ห้องนอน 10 ห้องน้ำ - บ้าน
ราคา: ฿269 | ขาย
✨ ขายพูลวิลล่าหรูติดซุปเปอร์ไฮเวย์ เชียงใหม่–ลำพูน ✨
บ้านเดี่ยวสุดหรู สไตล์หลุยส์ ติดแม่น้ำกวง บรรยากาศเงียบสงบเป็นส่วนตัว พร้อมสระว่ายน้ำ อ่างจากุซซี่ และพื้นที่กิจกรรมกว้างขวาง เหมาะสำหรับครอบครัวใหญ่หรือบ้านพักตากอากาศ
พร้อมให้เข้าชมแล้ววันนี้!

💎 ราคาเพียง 26.9 ล้านบาท
SUWANABHUMI VILLA | 26,900,000 THB
• SEMI-FURNISHED
• ที่ดิน 370 ตร.ว. (≈ 1,480 ตร.ม.)
• ที่จอดรถได้สูงสุด 7 คัน
• 9 ห้องนอน | 10 ห้องน้ำ
• 2 Connecting Lounge
• ห้องรับแขก / ห้องทานข้าว / Pantry
• 2 ห้องครัว (ในบ้าน + นอกบ้าน)
• ห้องซักรีด / ห้องแม่บ้านพร้อมห้องน้ำ
• สระว่ายน้ำระบบเกลือ
• อ่างจากุซซี่ / พื้นที่ระเบียงริมสระขนาดใหญ่
• สวนสวย / ลานอเนกประสงค์กลางแจ้ง

🌿 บ้านพูลวิลล่าริมน้ำบรรยากาศรีสอร์ต ที่ให้ทั้งความหรูหราและความสงบในเวลาเดียวกัน
เดินทางสะดวก ใกล้ทั้งตัวเมืองเชียงใหม่และลำพูน

📍 Location : Ban Thi, Lamphun
🔹 Lifestyle
 • 7 นาที → Makro Lamphun
 • 8 นาที → Big C Supercenter Lamphun
 • 12 นาที → Jampha Shopping Mall
 • 10 นาที → Gassan Panorama Golf Club
 • 26 นาที → สนามบินเชียงใหม่

🔹 Education
 • 11 นาที → Chakkhamkhanathon School
 • 13 นาที → Americana Chinese International School
 • 13 นาที → Chongfah Sinseung Wanich Bamrung School

🔹 Health
 • 6 นาที → Lamphun Klaimor Hospital
 • 9 นาที → Hariphunchai Ram Hospital
 • 23 นาที → Bangkok Hospital Chiang Mai

⸻

📞 สนใจเข้าชมบ้าน ติดต่อ : [hidden information] (คุณเมย์)"
https://www.facebook.com/marketplace/item/1169854674711721/,"3 ห้องนอน 2 ห้องน้ำ - บ้าน
ราคา: ฿25,000/เดือน | ขาย
ให้เช่าบ้าน 3 ห้องนอน โซนหลัง ม.ช ใกล้วัดร่ำเปิง
บ้านเช่า ต.สุเทพ รั้วรอบชิด / จอดรถได้ 3 คัน

เนื้อที่เยอะ  130 ตรว.
พื้นที่ใช้สอย 124 ตร.เมตร
3 ห้องนอน
2 ห้องน้ำ 2 น้ำอุ่น
4 แอร์ 

✅️รับสัตว์เลี้ยง    
ไม่มีส่วนกลาง น้ำไม่เคยท่วม 100%
มีสวนหย่อมข้างบ้าน และ หลังบ้านร่มรื่นเงียบ สงบ และ ปลอดภัย
ห่างจากมช.เพียง  2.5 กม.

⛳️พิกัด 
ซอยวัดร่ำเปิง
ใกล้สนามกีฬาเทศบาลสุเทพ

🏷ค่าเช่าเดือนละ 25,000 บาท
ประกัน 2 เดือน
👉จ่ายค่าเช่าล่วงหน้า 1 เดือน.
รวม 3 เดือน ก่อนย้ายเข้าอยู่.
รวม 75,000 ฿ .
👉คืนประกันให้เมื่ออยู่ครบสัญญา. 

Rent / Location Wat Pong-noi Sutep.
🏠🏡House for Rent
Single-Story Home with Grass in Suthep | Near Nature .

 Land size : 130 sq.w.
Usable area 125 square meters. 
Bedrooms: 3
Bathrooms: 3
Living room 
2 parking.

💰 Rental: 25,000 THB/month (📅 1-Year Lease)
🔑 Terms: 1 Month Advance + 2 Months Security Deposit

⛳️ Location:  Near Wat Pong NoiSutep.
🚗 10 mins to CMU
🚗 10 mins to Nimman road & 15 mins to Old Town.

🏠House for Rent behind Chiangmai University 3.5 km.
🚗to Nimman Road  4.5  km.
Sutep areas. 
Land size 130 square wah. 
Usable area 145 square meters. 
Fully furnished. 
3 bedrooms/2 bathrooms /Living room / 2 parking. 
👉 🐕🐈‍⬛Pet allowed 
👉 1 year Contact. 
🏠For rent 25,000 THB / per month. 
2 month deposit.
1 month in advance .
Totally 75,000 THB. Before move-in ..

🚫The water never flood."
https://www.facebook.com/marketplace/item/1169921861753536/,"3 ห้องนอน 2 ห้องน้ำ - บ้าน
ราคา: ฿15,000/เดือน | ขาย
01469D
🩵ให้เช่าบ้านในโครงการขวัญเวียง
#สันผักหวาน #ใกล้แยกสะเมิง

🩵ให้เช่า 15,000 บาทต่อเดือน
🩵แรกเข้าจ่ายค่าประกัน 2 เดือนล่วงหน้า 1 เดือน
📝สัญญา 1 ปี

- 3 ห้องนอน 
- 2 ห้องน้ำ 
- 1 ห้องเอนกประสงค์ 
- 1 ห้องเก็บของใต้บันได
- 1 ห้องครัว
- 1 ที่จอดรถ

เฟอร์นิเจอร์
- แอร์ 3
- เครื่องทำน้ำอุ่น 2 
- เตียง ตู้เสื้อผ้า โต๊ะเครื่องแป้ง 2 ห้องนอน
- เตาแก๊ส + ถังแก๊ส
- ตู้เย็น
- โซฟาใหญ่ 1 ชุด
- โซฟาเล็ก 1 ตัว
- โต๊ะทานข้าว 1 
- เครื่องซักผ้า

Contact 
[hidden information]
Line: dinup.dinup
.........
01469D
🩵House for rent in the Kwanwiang Project
#SanPhakWan #NearSameang Intersection

🩵Rental price: 15,000 baht per month
🩵2-month security deposit and 1-month advance payment required upon move-in
📝1-year contract

- 3 bedrooms
- 2 bathrooms
- 1 multipurpose room
- 1 under-stairs storage room
- 1 kitchen
- 1 parking space

Furniture:
- 3 air conditioners
- 2 water heaters
- 2 beds, wardrobes, and dressing tables (2 bedrooms)
- Gas stove with gas tank
- Refrigerator
- 1 large sofa
- 1 small sofa
- 1 dining table
- Washing machine

Contact
[hidden information]
Line: dinup.dinup
........."
https://www.facebook.com/marketplace/item/1169964348441546/,"บ้าน 2 ห้องนอน 2 ห้องน้ำ
ราคา: ฿2,200,000 | ขาย
Code : S1527

บ้านชั้นเดียว โซนดอยสะเก็ด

 ธรรมชาติล้อมลอบ เงียบสงบ เป็นส่วนตัว 

 ราคาเพียง 2.45 ล้านบาท

 (ฟรีโอน)

ขนาด
   - 2 ห้องนอน 
   - 2 ห้องน้ำ 
   - 1 ห้องเก็บของ 
   - 1 ห้องครัว+ทานอาหาร 
   - ลานซักล้างหลังบ้าน 
   - ที่จอดรถ 2 คัน

 ตัวบ้านพื้นที่ใช้สอย 120 ตารางเมตร
  ที่ดิน 60 ตารางวา

ห้องนั่งเล่นพร้อมเพดานสูงโปร่งโล่ง กว้างสบาย ไม่อึดอัด 
มีดาดฟ้าสามารถต่อเติมเป็นพื้นที่นั่งเล่นพักผ่อน
และมีพื้นที่สนามหญ้าจัดสวนได้อีก

พร้อมของแถมจัดเต็ม
   ฟรี ค่าใช้จ่ายวันโอน
   ฟรี เคาน์เตอร์ครัว พร้อมซิงค์ล้างจาน
   ฟรี สนามหญ้ารอบบ้าน
   ฟรี เรนชาวเวอร์ทุกห้อง พร้อมเครื่องน้ำอุ่น
   ฟรี ต่อเติมหลังคาซักล้างหลังบ้าน
   ฟรี ระบบท่อกำจัดปลวก พร้อมฉีดน้ำยา 1 ครั้ง
   ฟรี แอร์ขนาด 12,000 btu 1 เครื่อง
   ฟรี ปั้มน้ำ และถังเก็บน้ำ
   ฟรี แผ่นสะท้อนความร้อนใต้หลังคา
   ฟรี มุ้งลวดประตู-หน้าต่างทั้งหลัง
   ไม่มีค่าส่วนกลาง

สถานที่ใกล้เคียง
  เซ็นทรัลเฟสติวัล 18 นาที
  ตลาดสดแม่กวง 10 นาที

单层独栋别墅，在** Doi Saket** 区。
自然环绕，安静，私密性好。
价格只要 245 万泰铢。
(免过户费)。
格局：
2 间卧室。
2 间卫生间。
1 间储藏室。
1 间厨房加饭厅。
房后洗衣区。
2 个停车位。
房屋室内使用面积 120 平方米。
土地面积 60 平方哇。
客厅天花板挑高，宽敞舒适，没有压抑感。
有屋顶平台，可加建成休闲区。
还有草坪区可以布置花园。
免费赠送全套礼品：
免费过户当天所有费用。
免费厨房台面加洗碗池。
免费全屋环绕草坪。
免费所有卫生间淋浴花洒加热水器。
免费加建房后洗衣区屋顶。
免费白蚁防治管道系统，并免费注射药水 1 次。
免费 1 台 12,000 BTU 空调。
免费水泵和储水箱。
免费屋顶下隔热反射板。
免费全屋门窗纱窗。
没有物业管理费。
周边配套：
距离 Central Festival 18 分钟。
距离 Mae Kuang 菜市场 10 分钟。

📌สอบถาม | นัดชมได้ทุกวัน  询问  |  每日可观看 
Line : @teedd (มี@)  Line : @teedd（有@） 
Tel : [hidden information]    
Wechat / 微信 ：teeddofficial"
https://www.facebook.com/marketplace/item/1170113581120421/,"บ้าน 4 ห้องนอน 5 ห้องน้ำ
ราคา: ฿13,000,000 | ขาย
The KOJI Style at The Koji Premium, San Phak Wan – Hang Dong

Starting from 11.2 MB | Located on San Phak Wan – Hang Dong (Outer Ring Road 3), just minutes from the city

Land Area:180.8 – 254.5 sq.wah
Usable Area: 348 sq.m.

🏡 4 Bedrooms | 5 Bathrooms
🛋️ 3 Living & Lounge Areas
🍳 1 Western Kitchen | 1 Thai Kitchen
🏊‍♀️ Saltwater Swimming Pool (4x8 m.)
🚗 Parking for 2 Cars

✨ Exclusive Move-in Package – Over 10 Premium Installations Included:

* Hafele Digital Door Lock
* Fully Landscaped Garden with Lawn
* CCTV System (6 Points)
* Home Intercom System with Doorbell
* 6 Air Conditioning Units
* Automatic Remote Gate
* Boiler Hot Water System
* Water Pump & Storage Tank
* Built-in Termite Control Piping
* Electric & Gas Stove with Hood
* Installed Water & Electricity Meters

Experience modern Japanese-inspired living with timeless design, comfort, and privacy — only at The Koji Premium, Hang Dong.

𝗧𝗵𝗲 𝗞𝗢𝗝𝗜 𝗦𝘁𝘆𝗹𝗲 𝗮𝘁 𝗧𝗵𝗲 𝗞𝗼𝗷𝗶 𝗣𝗿𝗲𝗺𝗶𝘂𝗺
𝗦𝗮𝗻 𝗣𝗵𝗮𝗸-𝗪𝗮𝗻 𝗛𝗮𝗻𝗴 𝗗𝗼𝗻𝗴 

เริ่มต้น 11.2 ลบ l สันผักหวาน-หางดง (ถ.วงแหวนรอบ3) เดินทางใกล้เมือง

เนื้อที่ดินเริ่มต้น 180.8-254.5 ตร.ว.
พื้นที่ใช้สอย 348 ตรม.

4 ห้องนอน 5 ห้องน้ำ
3 โซนรับแขก/นั่งเล่น
1 ครัวฝรั่ง 1 ครัวไทย
สระว่ายน้ำ(น้ำเกลือ) 4x8 ม.
รองรับโรงจอดรถ 2 คัน

รายการของแถมติดตั้ง
ร่วมกว่า 10 รายการ
- ประตูดิจิตอล Hafele
- ตกแต่งสวนสนามหญ้า
- CCTV 6 จุด
- ระบบ Intercom กริ่งหน้าบ้าน
- เครื่องปรับอากาศ 6 เครื่อง
- ประตูรั้วรีโมทอัตโนมัติ
- ระบบ Boiler เครื่องทำน้ำร้อน
- ปั๊มน้ำและถังเก็บน้ำสำรอง
- ระบบท่อกำจัดปลวก
- ชุดเตาแก็สไฟฟ้า&เครื่องดูดควัน
- ติดตั้งมิเตอร์น้ำ&มิเตอร์ไฟฟ้า

สนใจนัดชม ติดต่อ [hidden information] สตาร์"
https://www.facebook.com/marketplace/item/1170223585043922/,"บ้าน 4 ห้องนอน 3 ห้องน้ำ
ราคา: ฿35,000/เดือน | ขาย
House for Rent in San Sai Noi, San Sai.
 
Property ID: PROM21074
 
Bedrooms: 4
Bathrooms: 3
Living Area: 170
Land: 50 Sq Wah
Security
Rent Price(1 year lease): 35000 Baht."
https://www.facebook.com/marketplace/item/1170224081967923/,"2 ห้องนอน 2 ห้องน้ำ - บ้าน
ราคา: ฿1,590,000 | ขาย
ขายบ้านเดี่ยว รีโนเวทใหม่ พื้นที่เยอะ ราคาไม่แพง  เงินเดือนน้อยก็กู้ได้
พิกัดบ้านเจนแอนด์จอย2  ก่อนถึงวัดนาป้อใต้  ใครมองหาโซนนี้อยู่
ไม่ควรพลาดครับ บ้านน่าอยู่มาก💯🤔🏡❗❗

               👉🔥ราคา 1,590,000  บาท 🔥👈
                       ♦️พื้นที่ 87 ตรว.♦️
                 🛏2 ห้องนอน      🚽 2 ห้องน้ำ
                 🛋 1 ห้องโถง       🍳1 ห้องครัว
             🍽️1ห้องทานอาหาร   🛻🚗จอดรถยนต์ได้ 3 คัน

👉ลูกค้าสนใจกรุณานัดล่วงหน้าเพื่อเยี่ยมชม อย่างน้อย1วัน
👉ดูเเลการยื่นกู้จนจบกระบวน  ทุกขั้นตอน ‼️💯
📣 ยินดีให้คำปรึกษาและบริการด้านสินเชื่อไม่มีค่าใช้จ่าย

☎️สนใจโทร
 [hidden information]/[hidden information] หรือไลน์ไอดี banklovemsx"
https://www.facebook.com/marketplace/item/1170312308394056/,"4 ห้องนอน · 3 ห้องน้ำ
ราคา: ฿36,000/เดือน | ขาย
🏡 Pet-Friendly House for Rent 

📍 Grace Land, Harn Kaew ,HangDong
📐 Land Area: 87 sq.w. | Living Area: 280 sq.m.
🛏 4 Bedrooms | 3 Bathrooms
💰 36,000 THB/month

✅ The downstairs room is currently used as an office but can be converted into a 4th bedroom.
✅ Deposit: 2 months | Advance: 1 month
✅ Pets allowed: Up to 2 dogs (cats allowed with 3-month deposit)
✅ Large corner lot with a spacious lawn — perfect for pets!
✅ Fully furnished and ready to move in 😊

📞Contact Sally for more info or schedule a viewing"
https://www.facebook.com/marketplace/item/1170391564458572/,"อพาร์ทเมนท์ 1 ห้องนอน 1 ห้องน้ำ
ราคา: ฿2,490,000 | ขาย
🏙️ ขายคอนโดใจกลางเมืองเชียงใหม่
วิวสวย เงียบสงบ ตกแต่งใหม่ทั้งห้อง พร้อมเข้าอยู่ได้ทันที

📏 พื้นที่ใช้สอย 40 ตร.ม.
📍 ชั้น 17
ประกอบด้วย
 • 1 ห้องนอน
 • 1 ห้องน้ำ
 • 1 ห้องนั่งเล่น
 • แอร์ 2 เครื่อง
 • เฟอร์นิเจอร์ครบชุด
 • เครื่องใช้ไฟฟ้าครบครัน

ทำเลดีเยี่ยม 🩵
อยู่ใจกลางเมือง ใกล้
 • นิมมาน
 • สนามบินเชียงใหม่
 • มหาวิทยาลัยเชียงใหม่
 • ห้าง MAYA และ One Nimman

💰 ราคาขาย 2,490,000 บาท"
https://www.facebook.com/marketplace/item/1170417027749774/,"บ้าน 5 ห้องนอน 6 ห้องน้ำ
ราคา: ฿13,800,000 | ขาย
The Nero Pool Villa @ Kad Farang – Grand Opening Special Promotion

Starting Price: THB 13.8 Million
Sign and transfer ownership by October to receive an exclusive THB 2 Million Discount.

ID: HSHD8861D

Line ID: @kumuang
Click: https://lin.ee/aZt6O7

Contact / Contact:
Call + Line + WhatsApp:
093-0429054,094-714-5355,062-5465828


A brand-new luxury Modern Pool Villa with 5 bedrooms, featuring contemporary design and complete functionality.
This special promotion is valid only for buyers who book and transfer ownership within October.

Property Details
5 Bedrooms, 6 Bathrooms
2 Fully Furnished Living Rooms
Parking for 3 Cars
Saltwater Swimming Pool with Jet Spa (3 x 7 m)
Landscaped Garden & Lawn (25 sq.m.)
Automatic Garage Gate
Fully Furnished, Ready to Move In
Dining Table (6 Seats)
Living Rooms on 1st and 2nd Floor
2 LED TVs, 7 Air Conditioners
Kitchen Appliances: Oven, Dishwasher, Washing Machine
6kw Solar Cell System
4 CCTV Cameras
Fresh Air Ventilation System

Prime Location: Kad Farang, Hang Dong
900 m from Kad Farang / Rimping Supermarket / KFC / Starbucks / McDonald’s / Suki Teenoi
3 mins to SBS International School
10 mins to Lanna International School
2 mins to Panyaden International School
15 mins to IKEA Hang Dong
17 mins to Central Airport Plaza


The Nero Pool Villa @Kad Farang เปิดบ้านใหม่ โปรโมชันพิเศษ
ราคาเปิดตัว 13.8 ล้าน ทำสัญญาโอนกรรมสิทธ์ ภายในตุลาคมนี้ รับส่วนลดไปเลย 2 ล้านบาท

ID: HSHD8861D

Line ID: @kumuang
Click: https://lin.ee/aZt6O7

Contact / Contact:
Call + Line + WhatsApp:
093-0429054,094-714-5355,062-5465828

บ้านหรูสไตล์โมเดิร์นพูลวิลล่า 5 ห้องนอน สร้างใหม่ ดีไซน์ทันสมัย ฟังก์ชันครบครัน
เปิดตัวพร้อมโปรโมชันสุดคุ้มสำหรับผู้ที่จองและโอนภายในเดือนตุลาคมนี้เท่านั้น

รายละเอียดบ้าน
บ้าน 5 ห้องนอน 6 ห้องน้ำ
2 ห้องนั่งเล่น แต่งครบพร้อมอยู่

ที่จอดรถ 3 คัน
สระว่ายน้ำระบบเกลือ
พร้อมระบบ jet spa ขนาด 3x7 เมตร
จัดสวน ต้นไม้ / สนามหญ้าหน้าบ้าน 25 ตรม
ประตูรีโมทโรงรถ
ตกแต่งครบพร้อมอยู่อาศัย
โต๊ะอาหารขนาด 6 ที่นั่ง
ห้องนั่งเล่น รับแขก ชั้น1 และขั้น2
TV LED 2 ชุด, แอร์ 7 เครื่อง
อุปกรณ์ครัว เตาอบ, เครื่องล้างจาน,
เครื่องซักผ้า
Solar cells 6kw
CCTV 4 จุด
ระบบเติมอากาศบริสุทธิ์เข้าบ้าน

พิกัด Kad Farang กาดฝรั่ง หางดง
- 900 เมตร จาก กาดฝรั่ง / ริมปิง supermarket / KFC / Starbucks / McDonald’s / สุกี้ตี๋น้อย
- 3 นาที จาก รร SBS International school
- 10 นาที จาก รร นานาชาติ ลานนา
- 12 นาที จาก รร นานาชาติ ปัญญาเด่น
- 15 นาทีจาก IKEA หางดง
- 17 นาทีจาก Central Airport

The Nero 泳池别墅 @ Kad Farang – 盛大开盘特别优惠
起价：1380万泰铢
于10月内签约并完成过户，即可尊享200万泰铢独家优惠。
全新豪华现代泳池别墅，5间卧室，设计时尚，功能齐全。
此特别优惠仅限于10月内完成订购与过户的买家。

ID: HSHD8861D

Line ID: @kumuang
Click: https://lin.ee/aZt6O7

Contact / Contact:
Call + Line + WhatsApp:
093-0429054,094-714-5355,062-5465828

房产详情
5间卧室，6间浴室
2间精装修客厅
可停放3辆车
盐水泳池，带水疗喷射（3 x 7 米）
园林景观 & 草坪（25 平方米）
自动车库门
全套家具，拎包入住
6人餐桌
一楼 & 二楼客厅
2台LED电视，7台空调
厨房电器：烤箱、洗碗机、洗衣机
6kw太阳能系统
4个闭路监控摄像头
新风换气系统

黄金地段：Kad Farang，Hang Dong
距 Kad Farang / Rimping 超市 / KFC / 星巴克 / 麦当劳 / Suki Teenoi 900 米
3分钟到 SBS 国际学校
10分钟到 Lanna 国际学校
2分钟到 Panyaden 国际学校
15分钟到 IKEA Hang Dong
17分钟到 Central Airport Plaza

Don't miss out on this rare opportunity—contact us today to schedule a viewing!

บริษัท คูเมือง พร็อพเพอร์ตี้ส์ จำกัด
Kumuang Properties Co.,Ltd. -
Website: https://kumuangproperties.com

Line ID : @kumuang
Click: https://lin.ee/aZt6O7r

Call + Line + WhatsApp + WeChat : : 093-0429054,066-1125191 ,062-5465828

Email: [hidden information]

Facebook Page:
For Sale: https://www.facebook.com/kumuangproperties/
For Rent: https://www.facebook.com/rent.kumuangproperties.chiangmai/"
https://www.facebook.com/marketplace/item/1170584588348713/,"3 ห้องนอน 3 ห้องน้ำ - บ้าน
ราคา: ฿80,000/เดือน | ขาย
[[ For sale /For rent ]]

📍075 ขาย-ให้เช่า พลูวิลล่าสไตล์มินิมอลสร้างใหม่
 ใกล้เซ็นทรัลเฟสติวัล ใกล้เมืองเชียงใหม่ **น้ำไม่ท่วม**เสร็จพร้อมอยู่ให้คุณเป็นเจ้าของเพียง 2 หลังเท่านั้น!! 
ต.สันพระเนตร อ.สันทราย จ.เชียงใหม่
บ้านนอกโครงการ(ไม่มีค่าส่วนกลาง)

🚩เนื้อที่ดิน 80 ตารางวา
พื้นที่ใช้สอย 240 ตารางเมตร
🛌: 3 ห้องนอน 
🛀: 3 ห้องน้ำ
🚗: จอดรถ 4 คัน 
**บ้านหันหน้าไปทิศเหนือ

✅ ขาย 8,800,000 บาท

✅ เช่า 80,000 บาท/เดือน

ฟังก์ชั่นที่ตอบโจทย์ไลฟ์สไตล์คุณ
- Master room พร้อมเฟอร์นิเจอร์บิวท์อิน แยกสัดส่วนห้องนอน แต่งตัว ห้องน้ำ อ่างอาบน้ำ, ระเบียงชมวิวภูเขาส่วนตัว
- ห้องนอน 2 ห้อง 
- ห้องรับแขก มุมอ่านหนังสือ มุมเด็กๆ 
- ห้องซักรีด
- ห้องครัวพร้อมบิวท์อินคุณภาพ KITZCHO และ HAFELE , เตาฝัง Induction 4หัว, ฮู้ดดูดควัน 
- ตู้ชั้นวางบิวท์อินของจุดพักบันได
- ชุดเตียงและที่นอน Index 
- สระว่ายน้ำระบบเกลือสกิมเมอร์เจ็ทจากุชชี่ 3.5*7ม.ลึก 1.3 เมตร พร้อมน้ำตกสร้างบรรยากาศใกล้ชิดธรรมชาติในแบบของคุณ

จองวันนี้ฟรี!! เครื่องใช้ไฟฟ้า !!
Smart TV 2 เครื่อง Samsung 55” และ 50”
แอร์ Daikin invertor 5 เครื่อง
ตู้เย็น HITACHI 15 คิว
ไมโครเวฟ
เครื่องซักผ้า Hitachi 10.5 กก.ฝาหน้า
เครื่องทำน้ำอุ่น 2 เครื่อง
เครื่องทำน้ำร้อน 
ประตูรีโมท
ประตูบ้านระบบ Smark Door lock สะดวกใช้งานเชื่อมต่อกับ Smart Phone
กล้องวงจรปิด
***
มิเตอร์ประปา
มิเตอร์ไฟฟ้า(ส่วนภูมิภาค)
ฟรี!!ค่าใช้จ่ายวันโอน
ฟรีอินเตอร์เน็ต AIS 1 ปี 
ชุดโต๊ะทานอาหาร 6 ที่นั่ง พร้อมเซ็ต ของ Index
เดินระบบสายไฟใต้ดิน
ฉนวนกันความร้อนใต้หลังคา
ระบบกำจัดปลวกแบบเดินท่อ PE ใต้ดิน
ถังเก็บน้ำ 
ปั๊มน้ำ
**สุขภัณฑ์ห้องน้ำใช้แบรนด์ HAFELE ติดตั้งเครื่องทำน้ำร้อน

**การเดินทาง**
เซ็นทรัลเฟสติวัล 5 กม.
โรงพยาบาลกรุงเทพ 7 กม.
รร.ดาราวิทยาลัย 5.7 กม.
โรงเรียนปริ้นซ์ 6.4 กม.
มหาวิทยาลัยเชียงใหม่ 12 กม.
ศูนย์ราชการเชียงใหม่ 12 กม.
สนามบิน 17 กม.

#พลูวิลล่าสไตล์มินิมอล #บ้านเชียงใหม่ #บ้านใหม่แกะกล่อง #เซ็นทรัลเฟสติวัล #ชีวิตใกล้ชิดธรรมชาติ #บ้านหรู #บ้านพร้อมอยู่ #ฟังก์ชั่นครบครัน #สุขภัณฑ์HAFELE #สระว่ายน้ำระบบเกลือ #SmartHome #บ้านน้ำไม่ท่วม #บ้านสันทราย #3ห้องนอน #จองวันนี้ฟรีเครื่องใช้ไฟฟ้า #ที่จอดรถ4คัน

✅✅✅✅✅✅✅💚💚💚💚💚💚

💧For sale and rent:💧 

Newly built pool villas near Central Festival, close to Chiang Mai city **never flooded**. Ready to move in, only 2 units available!

Location: San Pra Net, San Sai, Chiang Mai
Off-project home (no common fees)
Land area: 80 square wah
Usable area: 240 square meters
3 bedrooms, 3 bathrooms
Parking for 4 cars 
The selling price is only 8,800,000 Baht.
For rent : 80,000 baht/month

**House facing north
Features that suit your lifestyle:
- Master room with built-in furniture, separate bedroom, dressing area, bathroom with bathtub, private mountain-view balcony
- 2 additional bedrooms 
- Living room, reading corner, children's area 
- Laundry room
- Kitchen with quality built-in KITZCHO and HAFELE, 4-burner induction cooktop, hood
- Built-in shelves at the stair landing
- Index bed and mattress set 
- Saltwater swimming pool with skimmer and jacuzzi jets, 3.5*7 meters, 1.3 meters deep, complete with waterfall for a natural ambiance 
Book today for FREE!! Appliances included!!
2 Samsung Smart TVs (55” and 50”)
5 Daikin inverter air conditioners
15 cu ft HITACHI refrigerator
Microwave
10.5 kg front-load Hitachi washing machine
2 water heaters
Hot water system 
Remote control gate
Smart door lock for convenient use connected to smartphone
CCTV
***
Water meter
Electricity meter (provincial)
FREE!! Transfer fees
FREE AIS internet for 1 year 
6-seat dining table set with Index items
Underground electrical wiring 
Roof insulation
Underground PE pipe termite elimination system 
Water storage tank 
Water pump 
**HAFELE bathroom fixtures installed with hot water heater

**Transportation**
Central Festival: 5 km
Bangkok Hospital: 7 km
Daraviharn School: 5.7 km
Prince School: 6.4 km
Chiang Mai University: 12 km
Chiang Mai Government Center: 12 km
Airport: 17 km

#MinimalistVilla #ChiangMaiHome #BrandNewHome #CentralFestival #LiveCloseToNature #LuxuryHome #ReadyToMoveIn #FullyEquipped #HAFELEFixtures #SaltwaterPool #SmartHome #FloodFreeHome #SanSaiHouse #Over240SqM #3Bedrooms #BookTodayGetFreeAppliances #HealthyLivingHome #ParkingFor4Cars


待出售和出租：新建泳池别墅，靠近中央节庆，接近清迈市**从未淹水**。可立即入住，仅剩2套！

位于清迈府杉帕内县
土地面积80平方华
实用面积240平方米
3间卧室，3间浴室
停车位4个
售价仅为8,800,000泰铢。
每月租金80000泰铢

**房屋朝北
满足您生活方式的功能
- 主卧带内置家具，独立分区卧室、化妆间、浴室、浴缸，以及私人山景阳台
- 2间卧室 
- 客厅、阅读角、儿童区 
- 洗衣房
- 配备高品质KITZCHO和HAFELE内置厨房，4头嵌入式感应炉，抽油烟机 
- 楼梯休息处的内置储物柜
- Index床垫和床架 
- 盐水游泳池，泳池尺寸3.5*7米，深度1.3米，配有瀑布，营造与自然亲密的氛围
今天预订即可免费获得电器！！
智能电视2台，三星55寸和50寸
5台Daikin变频空调
HITACHI 15立方冰箱
微波炉
Hitachi 10.5公斤前开式洗衣机
2台热水器
遥控门
具有Smark Door Lock系统的门，方便与智能手机连接
监控摄像头
***
水表
电表（地方政府）
过户费免费
AIS一年免费互联网 
6人餐桌套装，配Index餐具
电缆埋地走线
屋顶隔热层
地下PE管道白蚁防治系统
水储存罐 
水泵
**卫生间设施使用HAFELE品牌，并安装热水器
**交通**
中央节庆5公里
万帕医院7公里
达拉大学5.7公里
王子学校6.4公里
清迈大学12公里
清迈政府中心12公里
机场17公里

#简约别墅 #清迈新房 #全新房源 #中央节日购物中心 #亲近自然的生活 #豪华家居 #随时入住 #功能齐全 #HAFELE卫浴设备 #盐水泳池 #智能家居 #防洪住宅 #山赛房屋 #240平方米以上 #三卧室 #今天预订送免费电器 #健康生活家居 #可停放4辆车


🌿 สนใจเยี่ยมชมบ้าน กรุณานัดล่วงหน้า 1 วัน
📞 : 083-6153295 (พี่ไก่)
📱 Line: 098-7846116

❤ ดำเนินการด้านสินเชื่อให้ครบ จบที่เดียว
รายละเอียดทรัพย์อื่น ๆ ที่น่าสนใจเพิ่มเติมได้ที่
FB :   
https://www.facebook.com/share/1CDwhpYweM/?mibextid=wwXIfr"
https://www.facebook.com/marketplace/item/1170595758460517/,"บ้าน 3 ห้องนอน 3 ห้องน้ำ
ราคา: ฿2,800,000 | ขาย
ขายบ้านเดี่ยว2ชั้น 52ตรว. 3นอน3น้ำ 2.8ลบ. พร้อมเฟอร์ ถูกสุดในโครงการ บ้านอรสิริน11 แม่โจ้ ต.หนองหาร อ.สันทราย เชียงใหม่
ขายบ้าน – โครงการอรสิริน 11 แม่โจ้
บ้านพร้อมอยู่สำหรับครอบครัวขนาดเล็ก – เพียง 2.8 ล้านบาท
บ้านดีไซน์สวย ฟังก์ชันลงตัว ตั้งอยู่ในโครงการคุณภาพ อรสิริน 11 แม่โจ้
เหมาะสำหรับครอบครัวที่กำลังมองหาความสะดวกสบายและบรรยากาศการอยู่อาศัยที่มีคุณภาพ
ราคาขายเพียง 2.8 ล้านบาท เท่านั้น (2,800,000 บาท) ขายถูกสุดในย่านนี้
คุ้มค่ากับคุณภาพบ้านและสิ่งอำนวยความสะดวกครบครันในทำเลศักยภาพสูง
ส่วนตัวบ้านน่าจะ 125 ตารางเมตรค่ะ
จุดเด่นของตัวบ้าน
• พื้นที่ดิน 52.5 ตารางวา
• ตัวบ้านพื้นที่ 125 ตารางเมตร
• 3 ห้องนอนกว้างขวาง รองรับการใช้ชีวิตครอบครัว หรือปรับเป็นห้องทำงานก็ได้
• 3 ห้องน้ำทันสมัย แยกสัดส่วนชัดเจน สะดวกทุกการใช้งาน
• ห้องนั่งเล่นและรับประทานอาหารแบบโอเพ่นแปลน โปร่งสบาย อากาศถ่ายเทดี
สิ่งอำนวยความสะดวกในโครงการ
• เส้นทางเดินเล่นและออกกำลังกาย รอบโครงการ เหมาะสำหรับเดินเล่นหรือวิ่งออกกำลัง
• ทะเลสาบภายในโครงการ เพิ่มบรรยากาศร่มรื่นและผ่อนคลาย
• ฟิตเนสครบครัน สำหรับคนรักสุขภาพ
• สระว่ายน้ำส่วนกลาง เหมาะทั้งสำหรับออกกำลังกายและพักผ่อนกับครอบครัว
ทำเลที่ตั้ง
• เดินทางสะดวก ใกล้ตลาด โรงเรียน และห้างสรรพสินค้า
• ทำเลเงียบสงบ แต่ยังเชื่อมต่อเข้าตัวเมืองเชียงใหม่ได้ง่าย
• ใกล้ มหาวิทยาลัยแม่โจ้ เพียง 5 นาที / 2.1 กม.
• ใกล้ สนามบินเชียงใหม่ 22 กม.

*** สนใจสอบถาม ***
โทร : 0945735168
Line ID : piyawitnoom
WhatsApp : +66945735168
รหัสประกาศ : 1009253
สนใจ ชมทรัพย์หลากหลาย ได้ในช่องเพจ
Facebook
https://www.facebook.com/AA99168
Youtube
https://www.youtube.com/channel/UCcjrHinPGq1GwnP_KCpZxwQ"
https://www.facebook.com/marketplace/item/1171947414437796/,"3 ห้องนอน 2 ห้องน้ำ - บ้าน
ราคา: ฿1,790,000 | ขาย
#Ba236
🏡บ้านเดี่ยวสุดคุ้ม สงบ ไม่มีเสียงรบกวน🏡

📍📍พิกัด ต.เมืองเล็น อ.สันทราย จ.เชียงใหม่

🌸🌸พท.70 ตรว.🌸🌸

💥💥☘️ราคาเพียง 1,790,000 ลบ.☘️💥💥

🌼3 ห้องนอน
🌼2 ห้องน้ำ
🌼1 ห้องโถง
🌼1 ห้องครัว
🌼2 จอดรถ

🎉ของแถม🎉
✅เคาน์เตอร์ครัว
✅ปั๊มน้ำ-แท้งก์น้ำ
✅มิเตอร์น้ำ- มิเตอร์ไฟ
✅แอร์ 3 เครื่อง
✅น้ำอุ่น 2 ตัว
✅ผ้าม่านทั้งหลัง
✅ประตูรั้วรีโมท
✅ประตูดิจิตอล
✅ฟรีโอน

🎉สถานที่ใกล้เคียง
🚗ตลาดป่าเหมือด
🚗โรงพยาบาลสันทราย
🚗อ.สันทราย
🚗สถานนีตำรวจสันทราย
🚗เซ็นทรัลเฟสติวัล

สนใจติดต่อสอบถาม
📲[hidden information]
Line ID:tdainoii"
https://www.facebook.com/marketplace/item/1172895134286372/,"2 ห้องนอน 2 ห้องน้ำ - บ้าน
ราคา: ฿1,290,000 | ขาย
เปิดจองทำเลใหม่ ‼️ ราคา 1.29 ลบ. ✨💸
มาก่อนมีสิทธิ์เลือกแปลงก่อน 💭

ทำเลสันทราย ติดบายพาสตะวันออก 
หลังร้านกาแฟ Gleam cafe 🪩

📍โลเคชั่น :  https://maps.app.goo.gl/zFyDFKbcLgtJtVvM9?g_st=il

🛌 2 นอน 2 น้ำ 1 จอด | 60 ตารางเมตร ✨

——————————————————————

🎁✨ โปรโมชั่น 🄵🅁🄴🄴 ✨🎁
- เคาท์เตอร์ครัว
- ปลูกหญ้าหน้าบ้าน
- เครื่องปรับอากาศ 9000 BTU 1 เครื่อง
- เครื่องทำน้ำอุ่น 2 เครื่อง
- มิเตอร์ไฟฟ้า | มิเตอร์น้ำประปา
- ดำเนินการทำสัญญา 
- เช็คความสามารถในการกู้
- ดำเนินการขอเลขที่บ้าน
- ค่าโอนกรรมสิทธิ์
——————————————————————

📲 สนใจสอบถามติดต่อ : 093-717-4899 
      ( เบอร์นี้สามารถแอดไลน์ได้นะคะ )

——————————————————————

#บ้านเดี่ยว #ดูโฮมเชียงราย #ท่าสาย #บ้านเงินเหลือ
#บ้านสวยราคาดี #โฮมโปร #ราคาถูก #บ้านเชียงราย
#บ้านพร้อมอยู่ #เชียงราย #โกลบอลเฮ้าส์"
https://www.facebook.com/marketplace/item/1173194105000745/,"3 ห้องนอน 3 ห้องน้ำ - บ้าน
ราคา: ฿3,190,000 | ขาย
[[ For Sale ]]

📍076 🏡 ขายบ้าน อรสิริน 11 แม่โจ้

✨ บ้านสวยน่าอยู่ บรรยากาศสงบ ยกกระเป๋าเข้าอยู่ได้เลย!

📍 รายละเอียด
 • ที่ดิน 51 ตรว.
 • 3 ห้องนอน 3 ห้องน้ำ
 • 2 ที่จอดรถ
 • ขายพร้อมเฟอร์นิเจอร์ครบ

💰 ราคาเพียง 3.19 ล้านบาท

✅ เหมาะสำหรับอยู่อาศัยหรือปล่อยเช่า
✅ เดินทางสะดวก ทำเลแม่โจ้ ใกล้สิ่งอำนวยความสะดวกครบ

👉 บ้านพร้อมอยู่ ทำเลดี ใกล้เมือง ในราคาที่จับต้องได้ 
📞 ติดต่อสอบถาม - นัดเข้าชมแจ้งล่วงหน้า 1 วันค่ะ
Tel : 083-6153295 (พี่ไก่)
Line : 098-7846116

✅ รายละเอียดทรัพย์อื่น ๆ ที่น่าสนใจเพิ่มเติมได้ที่
FB :   
https://www.facebook.com/share/19ibMoVVsL/?mibextid=wwXIfr"
https://www.facebook.com/marketplace/item/1174502507974338/,"2 ห้องนอน 2 ห้องน้ำ - บ้าน
ราคา: ฿1,590,000 | ขาย
🏠 บ้านเดี่ยวสร้างใหม่ เหมาะสำหรับ ครอบครัว ที่ไม่ชอบความวุ่นวาย และรักธรรมชาติ ต้องบ้านหลังนี้เลย
#บ้านสร้างใหม่โซนสันกำแพง #บวกค้าง-สันกำแพง |ขนาด 2 นอน 2 น้ำ | เพียง 1.59 ล้าน* ใกล้ธรรมชาติ แต่ไม่ไกลเมือง ✨✨
 🏡บ้าน ทำเลที่อยากให้คุณสัมผัสกับบรรยากาศ ""บ้านชานเมือง"" ที่ออกแบบบ้านอย่างทันสมัย ใกล้ตัวเมืองเชียงใหม่ เพียง 15 กม.!

🏡รายละเอียดบ้าน:

บ้านเดี่ยวชั้นเดียว
2 ห้องนอน 2 ห้องน้ำ 1 ห้องโถง
จอดรถได้ถึง 2 คัน

เนื้อที่ดิน 50 ตร.วา
พื้นที่ใช้สอยรวม 100 ตร.ม.

💰ราคาสุดพิเศษ
เพียง 1.59 ล้าน*

#รับโปรโมชั่นพิเศษ จองวันนี้เพียง 999.- เท่านั้น
1. ฟรี! ปั้มน้ำ
2. ฟรี! แทงค์เก็บน้ำ
3. ฟรี! ติดตั้งเครื่องกรองน้ำใช้ให้
4. ฟรี! ค่าโอน+ภาษีตามราคาซื้อขาย
5. ฟรี! เรามีบริการยื่นสินเชื่อธนาคารให้ตั้งแต่ต้นจนจบ 

𝐋𝐨𝐜𝐚𝐭𝐢𝐨𝐧 : ตำบลบวกค้าง อำเภอสันกำแพง เชียงใหม่

เดินทางสะดวก ใกล้ชุมชนและสิ่งอำนวยความสะดวกครบครัน

🚩สถานที่ใกล้เคียง:
ตลาด:
- ตลาดศรีอรุณพลาซ่า (กาดศรีอรุณ)
- ตลาดนัดบ้านดู่
- ตลาดเช้าบ่อสร้าง
- ถนนคนเดินสันกำแพง

🚩สถานที่ราชการ:
- สำนักงานเทศบาลตำบลบวกค้าง
- โรงพยาบาลสันกำแพง
- โรงเรียน และวัดในพื้นที่

🏞แหล่งท่องเที่ยว:
- น้ำพุร้อนสันกำแพง
- ม่อนพญานาค
- แม่กำปอง
- สนามบินแห่งที่ 2 (ในอนาคต)

""เริ่มต้นสร้างครอบครัวในบ้านที่อบอุ่นและลงตัวกับทุกความฝัน บ้านที่พร้อมเติมเต็มชีวิตคุณและคนที่คุณรัก""

👉 เริ่มก้าวแรกสู่บ้านหลังแรกของคุณวันนี้!

📩 สนใจสอบถามข้อมูลและจองบ้าน ทักแชทเลย! หรือ
✆ [hidden information]
✆ [hidden information]
ไลน์ ไอดี: HugHome789

 โครงการ 𝐆𝐑𝐎𝐖 𝐂𝐎𝐙𝐘 𝐇𝐎𝐌𝐄 บวกค้าง สันกำแพง — บ้านที่สร้างเพื่ออนาคตของคุณ

#บ้านเชียงใหม่ราคาถูก 
#บ้านสวยราคาถูกเชียงใหม่ 
#ที่ดินเชียงใหม่ราคาถูก 
#คอนโดเชียงใหม่ราคาถูก 
#เช่าคอนโดเชียงใหม่ 
#บ้านคอนโดให้เช่าเชียงใหม่ 
#บ้านเช่าราคาถูกเชียงใหม่ 
#บ้านหรูเชียงใหม่LuxuryPropertiesChiangMai 
#ᕼᑌGᕼOᗰEᖇEᗩᒪEᔕTᗩTEเป็นมากกว่าคู่ค้าแต่เราคือคู่คิด"
https://www.facebook.com/marketplace/item/1174851404582415/,"5 ห้องนอน 5 ห้องน้ำ - บ้าน
ราคา: ฿7,990,000 | ขาย
🏡✨ ขายบ้านเดี่ยวปรับปรุงใหม่ หมู่บ้านพิมุกต์ โครงการ 4 – ทำเลทอง ย่านวงแหวนรอบ 2 เชียงใหม่ ✨🏡

🏠บ้านสวยหลังใหญ่ ปรับปรุงใหม่ทั้งหลัง พร้อมเข้าอยู่ได้ทันที

📌ตั้งอยู่บนทำเลยอดนิยม ติดถนนวงแหวนรอบ 2 ตรงข้าม โฮมสุขภัณฑ์ (Home Sukphan) เดินทางสะดวก ใกล้สิ่งอำนวยความสะดวกครบครัน หมู่บ้านเงียบสงบ เพื่อนบ้านน่ารัก และมีระบบรักษาความปลอดภัย 24 ชั่วโมง

————————————

🏠 รายละเอียดตัวบ้าน
* เนื้อที่ดิน: 72 ตารางวา
* พื้นที่ใช้สอย: ประมาณ 280 ตารางเมตร
* บ้านเดี่ยว 2 ชั้น
* 5 ห้องนอน 5 ห้องน้ำ
* จอดรถได้ 2 คัน พร้อม ที่ชาร์จรถยนต์ไฟฟ้า (EV Charger)
* จัดสวนสวยร่มรื่น พร้อม ระบบรดน้ำอัตโนมัติ

————————————

🌿 จุดเด่นภายในบ้าน
* ห้องรับประทานอาหาร พร้อมชุดโต๊ะเก้าอี้
* ห้องครัวบิวท์อินครบชุด: เคาน์เตอร์ + เตา + ฮูด + ซิงค์ + เตาอบ + ไมโครเวฟ + เครื่องล้างจาน
* ห้องนั่งเล่น / มุมพักผ่อน
* ห้องน้ำทุกห้องมีเครื่องทำน้ำอุ่น และแยกโซนเปียก–แห้ง
    * ห้องน้ำในห้องนอนใหญ่มี อ่างอาบน้ำ + หม้อต้มน้ำร้อน
* ลานซักล้างหลังบ้าน พร้อมซิงค์ล้างจาน
* ตู้เสื้อผ้าไม้สักบิวท์อินทั้งหลัง สไตล์โมเดิร์น
* ผ้าม่าน 2 ชั้น พร้อมมุ้งลวด
* แอร์ Daikin 6 เครื่อง
* ทีวี 65 นิ้ว
* ตู้เย็น ขนาด 17.9 คิว
* เครื่องซักผ้า
* แท็งก์น้ำ 2,000 ลิตร + ปั๊มน้ำ Mitsubishi 250 วัตต์
* ประตูรั้วรีโมทอัตโนมัติ
* ห้องเก็บของใต้บันได
* ค่าส่วนกลางเพียง 600 บาท/เดือน
* ค่าน้ำ–ค่าไฟตามมิเตอร์จริงของการประปาและการไฟฟ้า

————————————

📍 สถานที่ใกล้เคียง
* ใกล้ Central Festival, ริมปิงรวมโชค, กาดรวมโชค, กาดมีโชค, Lotus, Big C, HomePro
* ใกล้ โรงพยาบาลกรุงเทพ, โรงพยาบาลเทพปัญญา
* ใกล้ มหาวิทยาลัยพายัพ, ศูนย์ราชการเชียงใหม่
* ใกล้ โรงเรียนนานาชาตินครพายัพ (NIS)
* ใกล้ สถานทูตอเมริกัน

————————————

💰 ราคาเพียง 7.99 ล้านบาท

(ค่าโอนคนละครึ่ง)

————————————————————
Please contact us for more information or to view.
สำหรับข้อมูลเพิ่มเติมหรือนัดดู. 
 
📞 0️⃣6️⃣2️⃣-9️⃣4️⃣5️⃣-9️⃣6️⃣6️⃣5️⃣ Toon

Line toonny555ok 
  
**กรุณาทำการนัดล่วงหน้า 1 วัน** 
**Please make an arrangement at least 1 day in advance **"
https://www.facebook.com/marketplace/item/1175011767375339/,"ราคา: ฿1,590,000 | ขาย
💥💥บ้านสวยโซนดี...เชิญทางนี้ค่ะ ❗❗

🚩🚩ทำเลดีใกล้เมือง อยู่ในแหล่งชุมชน สังคมดี ไม่แออัด การเดินทางสะดวก และมีสิ่งอำนวยความสะดวกครบครัน

❌ราคาน่ารัก...น่าซื้อมาก    
   🔥เพียง 1.59 ลบ. 🔥

♦️ผ่อนแบบสบาย ๆ ไม่ต้องมีเงินดาวน์ 
♦️กู้เต็มไม่ต้องจ่ายเพิ่ม 
♦️ไม่มีค่าส่วนกลาง

📌📌บ้านสันไร่ อ.สันกำแพง จ.เชียงใหม่ เดินทางสะดวกสบาย เข้าออกได้หลายทาง

📐บนเนื้อที่ 35-36 ตร.ว. 
📐พื้นที่ใช้สอย 100 ตร.ม.

✅ 2 ห้องนอน 
✅ 2 ห้องน้ำ 
✅ 1 โถงใหญ่ 
✅ 2 ที่จอดรถ

🔺พร้อมปรึกษาและบริการยื่นสินเชื่อครบวงจรให้ท่าน

🌱🌱สอบถามรายละเอียดหรือนัดชมบ้านสวย ๆ น่ารัก ๆ  ติดต่อทักแชทมาได้เลยนะคะ😊😊"
https://www.facebook.com/marketplace/item/1175240161413996/,"5 ห้องนอน · 4 ห้องน้ำ
ราคา: ฿18,000/เดือน | ขาย
🏡 บ้านเดี่ยวให้เช่า – ทำเลดี เดินทางสะดวก เพียง 7 นาทีจากสนามบิน!

ขนาดที่ดิน: 70 ตารางวา
พื้นที่ใช้สอย: 150 ตารางเมตร

✨ รายละเอียดบ้าน
 • 4 ห้องนอน
 • 3 ห้องน้ำ
 • ห้องแม่บ้านพร้อมห้องน้ำในตัว
 • ห้องครัวใหญ่ 2 ครัว (สะดวกสำหรับทำอาหารหนัก–เบา)
 • บรรยากาศร่มรื่น เงียบสงบ เหมาะสำหรับอยู่อาศัย

📍 ทำเลใกล้:
 • สนามบิน (7 นาที)
 • โรงเรียนนานาชาติ
 • ตลาดสด
 • ห้างสรรพสินค้าหลายแห่ง

💰 ราคาเช่า: 18,000 บาท/เดือน
📞 ติดต่อ: [hidden information]

🏡 House for Rent – Great Location, Only 7 Minutes from the Airport!

Land size: 70 sq. wah
Usable area: 150 sq.m.

✨ Property Details
 • 4 bedrooms
 • 3 bathrooms
 • Maid’s room with private bathroom
 • Two large kitchens (perfect for both light and heavy cooking)
 • Green, peaceful, and comfortable living environment

📍 Nearby Places
 • Airport (7 minutes away)
 • International schools
 • Fresh markets
 • Several shopping malls

💰 Rent: 18,000 THB per month
📞 Contact: [hidden information]"
https://www.facebook.com/marketplace/item/1175635867846387/,"3 ห้องนอน 2 ห้องน้ำ - บ้าน
ราคา: ฿2,150,000 | ขาย
🏡ขายบ้านเดี่ยวสร้างใหม่ใหญ่มาก พร้อมอยู่
 โซนท่ารั้ว-ตลาดขวัญ  ทำเลใก้ลเมือง ใกล้เซ็นทรัลเฟสติวัล🎉🎊
🏦 ราคา2.15ล้าน 
🛏️ 3ห้องนอน3ห้องน้ำ 1ห้องครัว 2ที่จอดรถ
เนื้อที่ 53ตารางวา🔰 พื้นที่ใช้สอยเริ่มต้น130ตรม.
💚 เครื่องทำน้ำอุ่น3เครื่อง
🎁ฟรีของแถม🎁
✅ ค่าโอนกรรมสิทธิ์
✅ ฝักบัวเรนเชาเวอร์ 2 ตัว
✅ ฉนวนกันความร้อนใต้หลังคา
✅ วางระบบท่อกำจัดปลวก
✅ มิเตอร์ไฟ
✅ ปั้มน้ำและถังเก็บน้ำ 1,000 ลิตร
✅ ฟุตบาทรอบบ้าน
✅ ปลุกหญ้ารอบบ้าน
✅ เคาน์เตอร์ครัวพร้อมบานซิงค์บานแก๊ส และอ่างล้าง🍀 
🍀 แอร์12000BTU 2ตัว
📑🖋ทางเราบริการดำเนินเอกสารและสินเชื่อให้ฟรี
🏡ปรึกษาสอบถามรายละเอียดเพิ่มเติมและเยี่ยมชมบ้านโครงการ😊
📲 โทร [hidden information]
        ID line. maxbet29


#บ้านเชียงใหม่ #บ้านพร้อมอยู่เชียงใหม่ #บ้านต่ำกว่าราคาประเมิน #บ้านใหม่ #บ้านมือหนึ่ง #ผ่อนถูกกว่าเช่า #บ้านใก้ลเมือง #บ้านนอกโครงการ #บ้านราคาถูก #ท่ารั้ว #สันปูเลย #บ้านเดี่ยวเชียงใหม่ #รีวิวบ้าน #บ้านเชียงใหม่ราคาถูก #บ้านใกล้ฉัน"
https://www.facebook.com/marketplace/item/1175897141147983/,"3 ห้องนอน 2 ห้องน้ำ - บ้าน
ราคา: ฿2,590,000 | ขาย
#เปิดจองงงง❗ 🏠บ้านเดี่ยวโมเดิร์นสร้างใหม่🏡🎉
 ห่างเซนทรัล 5 กม.📍 ✅โครงการหมู่บ้านใหญ่
 ไม่มีค่าส่วนกลาง ❌

🥳ขนาดพื้นที่เริ่มต้น 90ตรว.🎉

💸💸ราคาเริ่มต้นเพียง 2.59 ลบ..💸💸

🛏️3 ห้องนอน
🚿2 ห้องน้ำ
🍽️1 ห้องครัว
🛋️1 ห้องโถง
🚗 จอดรถได้ 2-3 คัน

💥แถมฟรี💥
🧸แอร์ 3ตัว
🧸เครื่องทำน้ำอุ่น1ตัว
🧸มุ้งลวด
🧸เหล็กดัด 
🧸ผ้าม่าน2ชั้นทั้งหลัง
🧸เตาแก๊ส+อู๊ดดูดควัน
🧸บิ้วอินครัวบนล่าง
🧸ประตูรีโมท
🧸ปูสนามหญ้ารอบบ้าน
🧸ปั๊มน้ำแท้งน้ำ
🧸มิเตอร์น้ำ 
🧸มิเตอร์ไฟ
🧸ต้นไม้มงคล 1ต้น
🧸ฟรีค่าโอนจดจำนอง

พิกัด: บ้านกร่างม.3 📍

🏡สนใจติดต่อ/นัดชมบ้าน
📱[hidden information] เอิน
💻เพจ : ดูบ้านกับเอิร์น พิษณุโลก"
https://www.facebook.com/marketplace/item/1176643157660235/,"3 ห้องนอน 2 ห้องน้ำ - บ้าน
ราคา: ฿1,890,000 | ขาย
ขาย บ้านเดึ่ยว ชั้นเดียว นอกโครงการ
ใกล้เมือง 

55 ตรว.หันทิศตะวันตก
3นอน
2น้ำ1ครัว 
ราคาขาย 1,890,000บาค่าใช้จ่ายวันโินชำระคนละครึ่ง

พิกัด บ้านสันต้นดู่

เข้าซอยเยื้องตลาดสดแม่กวง
เข้าซอยวัดหลักปัน 

ตลาดสามเเยกสันทราย 6.6กม.
เซ็นทรัลเฟส 9กม.

สอบถาม นัดชม [hidden information]"
https://www.facebook.com/marketplace/item/1177818317608073/,"3 ห้องนอน 2 ห้องน้ำ - บ้าน
ราคา: ฿9,000/เดือน | ขาย
🏡บ้านให้เช่า พิกัดสันกำแพง ปูคา
💰เดือนละ 9,000฿

ประกัน 20,000
(แรกเข้าอยู่29,000)

สัญญาเช่า 1 ปี /ปี ค่าน้ำฟรี ค่าไฟจ่ายรัฐ

🏡 3 ห้องนอน 2 ห้องน้ำ 1ห้องครัว 

-มีสนามหญ้า จอดรถยนต์3คัน หลังบ้านมีพื้นที่ปลูกผักได้

-เครื่องทำน้ำอุ่น2เครื่อง 

-เตียง 2

-โต๊ะเครื่องแป้ง1

-ตู้เสื้อผ้า

-โซฟาขนาดใหญ่ปรับนอนได้

ปูคาใต้ สันกำแพง พื้นที่กว้างมาก💥 93ตรว.💥


#รับหาบ้านเช่าในเชียงใหม่
#รับหาบ้านเช่าในจังหวัดเชียงใหม่
#บ้านเช่าตามงบเชียงใหม่
#หาบ้านเช่าตามโลเคชั่นเชียงใหม่
#เชียงใหม่บ้านเช่า
#บ้านเช่าเชียงใหม่
@เชียงใหม่

Line official : @709pypxe
Tel : [hidden information]
Page : บ้านเช่า เชียงใหม่"
https://www.facebook.com/marketplace/item/1179372480921590/,"บ้าน 2 ห้องนอน 2 ห้องน้ำ
ราคา: ฿2,500,000 | ขาย
ขายบ้านชั้นเดียว 76ตรว. 2นอน2น้ำ 2.5ลบ. หมู่บ้านธารอิงดอย ต.หางดง อ.หางดง เชียงใหม่
ขายบ้าน หมู่บ้านธารอิงดอย พื้นที่ 76 ตารางวา อำเภอหางดง จังหวัดเชียงใหม่
ราคา 2.5 ล้านบาท (2,500,000 บาท)
ห้องนอน 2 ห้อง
ห้องน้ำ 2 ห้อง
ห่้องโถง 1 ห้อง
ห้องครัว 1 ห้อง
โรงจอดรถ 1 โรง
สถานที่ใกล้เคียง
ที่ว่าการอำเภอหางดง
เทศบาลตำบลหางดง
การไฟฟ้าส่วนภูมิภาคหางดง

*** สนใจสอบถาม ***
โทร [hidden information]
Line ID : piyawitnoom
รหัสประกาศ 095-66"
https://www.facebook.com/marketplace/item/1179808094193503/,"บ้าน 3 ห้องนอน 2 ห้องน้ำ
ราคา: ฿20,000/เดือน | ขาย
v English below v
บ้านสวยในโครงการ ให้เช่าเดือนละ 20,000 บาท ใกล้ม.แม่โจ้เพียง 5 นาที No.11H486
清迈美丽的2层别墅出租 。每月租金 20,000 泰铢，。No.11H486

บ้านเดี่ยวสองชั้น มี 3 ห้องนอน 2 ห้องน้ำ พื้นที่ 70 ตรว. 
3 卧室，2 浴室。面积 70 平方哇。

สถานที่ใกล้เคียง
-ตลาดแม่โจ้
-โลตัสรวมโชค
-มีโชคพลาซ่า
-เซ็นทรัลเฟสติวัล

เฟอร์นิเจอร์ภายใน
-แอร์ 3 เครื่อง
-เครื่องทำน้ำอุ่น 1 เครื่อง 
-เตียงนอน 2
-ตู้เสื้อผ้า 2
-โซฟารับแขก 1 
-โต๊ะทานข้าว 1
-ทีวี 1 เครื่อง
-ตู้เย็น 1 เครื่อง
-ไมโครเวฟ 1 เครื่อง
-เครื่องซักผ้า 1 เครื่อง

สัญญาขั้นต่ำ 1 ปี
จ่ายเพียง ประกัน 2 เดือน ล่วงหน้า 1 เดือน ทั้งหมดเพียง จ่าย 3 เดือน เข้าอยู่ได้เลยจร้า
สนใจติดต่อ บี 0 9 4 - 3 6 4 4 8 9 6 , แอร์ 0 6 6 - 1 5 8 8 2 4 6 ,  หญิง 0 6 4 - 4 6 2 8 1 1 7
ไลน์ : https://lin.ee/xUfLbHe

A house for rent near by 5 min Maejo University, No.11H486
清迈美丽的2层别墅出租 。每月租金 20,000 泰铢，。No.11H486

Rental monthly is 20,000 THB For 1 Year contact
Condition 1 month in advance & 2 months deposit

House spec : 3 Bedrooms, 2 bathrooms, 70 Sq.w. 
3 卧室，2 浴室。面积 70 平方哇。

Close to
-Maejo Market
-Lotus Ruamchok
-Meechok Plaza
-CentralFestival

Furniture
-Air conditioner 3
-Hot shower 1
-Bed 2
-Wardrobe 2 
-Loungeset 1
-Dining table 1 
-Television 1
-Refrigerator 1
-Microwave 1
-Washing machine 1 

Contact us for more information : BE 0 9 4 - 3 6 4 4 8 9 6 , Aire 0 6 6 - 1 5 8 8 2 4 6 , Ying 0 6 4 - 4 6 2 8 1 1 7
Line : https://lin.ee/xUfLbHe
https://www.baandd-chiangmai.com
#บ้านเช่าเชียงใหม่ #Houseforrentchiangmai
#ချင်းမိုင်တွင်လုံးချင်းအိမ်ငှားရန်ရှိသည်။"
https://www.facebook.com/marketplace/item/1180028997507024/,"3 ห้องนอน 3 ห้องน้ำ - บ้าน
ราคา: ฿4,500,000 | ขาย
สะดวกในการเดินทางเข้าในตัวเมือง.ใกล้สิ่งอำนวยความสะดวก.เหมาะรีโนเวทหรือครอบครัวใหญ่"
https://www.facebook.com/marketplace/item/1180434396813655/,"อพาร์ทเมนท์ 1 ห้องนอน 1 ห้องน้ำ
ราคา: ฿2,200,000 | ขาย
จองด่วน ‼️ ขายถูกมากต่ำกว่าราคา 
โครงการคอนโดศุภาลัยมอนเต้ 2 เชียงใหม่ ราคา 2.2 ล้านบาท 

Supalai Monte 2 Chang Mai
🏢ขนาด 45.34ตร.ม ชั้น 11 

1 ห้องนอน 1ห้องน้ำ 1ห้องครัว
1ห้องรับแขก มีระเบียง 🌆🏢
ไม่รวมเฟอร์นิเจอร์ 

ขาย2,2,000,000 บาท 

ซื้อสดราคาสามารถต่อรองได้

📍ค่าโอนคนละครึ่ง 
📍ขายด่วน ขายตามสภาพห้อง  ราคาถูกที่สุด เพราะเจ้าของต้องย้ายไปทำงานที่กรุงเทพ 

สนใจติดต่อ ☎️
Line : https://line.me/ti/p/P1Xo2aACMi

ID : Daydream41
📞099-998-9452  คุณดรีม
📞095-8635245 

ดูทรัพย์อื่นๆได้ที่ https://www.facebook.com/profile.php?id=100063204071879&mibextid=LQQJ4d
#บ้านเชียงใหม่ #คอนโดเชียงใหม่ #คอนโด #บ้านเช่า #Dconco #escent #ศุภาลัย

 
Very cheap, lower than the price
Supalai Monte 2 Chiang Mai condo project

Supalai Monte 2 Chang Mai
🌆🏢Size 45.34 sq.m.
1 bedroom, 1 bathroom, 1 kitchen
1 living room with balcony 🌆🏢
Not including furniture
Selling for 2,2,000,000 baht, the price can be negotiated if ready to buy
📍Transfer fee half each
📍Urgent sale, selling as is, cheapest price because the owner has to move to work in Bangkok

Interested, please contact ☎️
Line: https://line.me/ti/p/P1Xo2aACMi

ID: Daydream41
📞099-998-9452 Khun Dream
📞095-8635245

See other properties at https://www.facebook.com/profile.php?id=100063204071879&mibextid=LQQJ4d
#Chiang Mai house #Chiang Mai condo #Condo #House for rent #Dconco #escent #Supalai
LINE Add Friend"
https://www.facebook.com/marketplace/item/1181211980581225/,"4 ห้องนอน 3 ห้องน้ำ - บ้าน
ราคา: ฿2,890,000 | ขาย
#Ba242
🏡บ้านพร้อมอยู่(smart home)ห่างอรสิรินโครงการ 6 เพียง 300 เมตร  🏡

📍พิกัด ต.สำราญราษฏ อ.ดอยสะเก็ด จะ.เชียงใหม่

💥💥🌼ราคา 2,890,000 ล้าน 🌼💥💥

🌼4 ห้องนอน 
🌼3 ห้องน้ำ 
🌼จอดรถ 2 คัน 
🌼พื้นที่ใช้สอย 180 ตารางเมตร
🌼ที่ดิน 50 ตารางวา 

ของแถมมากมาย ดังนี้
✅ ค่าธรรมเนียมโอนกรรมสิทธิ์ 
✅ มิเตอร์ไฟฟ้า
✅ มิเตอร์น้ำประปา
✅ เคาท์เตอร์ครัว
✅ ซิงค์ล้างจาน
✅ ฮูดดูดควัน
✅ เตาแก๊ส
✅ ฉนวนกันความร้อน
✅ มุ้งลวดทั้งหลัง
✅ สนามหญ้ารอบบ้าน
✅ ปูกระเบื้องรอบบ้าน
✅ ปูกระเบื้องลานจอดรถ
✅ ระบบกำจัดปลวก
✅ ชุดปั๊มน้ำ+ถังเก็บน้ำ 
✅ มีสนามหญ้าหน้าบ้าน 

📲[hidden information] ต่ายค่ะ"
https://www.facebook.com/marketplace/item/1181445553851132/,"4 ห้องนอน 3 ห้องน้ำ - บ้าน
ราคา: ฿53,000/เดือน | ขาย
✨ Luxury Home for Rent at Serene Lake, Mae Hia — Chiang Mai’s Premier Lifestyle Community #ติดทรัพย์

🌿 Special Offer: 53,000 THB/month (from 58,000 THB)
📦 Available: December 1st, 2025

Experience the essence of luxury and serenity 🌅 in this elegant 2-storey home at Serene Lake, one of Chiang Mai’s most exclusive gated communities.
Surrounded by nature, lake views, and peaceful ambiance — your perfect family retreat awaits 🏡💚

🏠 Property Highlights

✨ 360 sq.m. living area | 95 sq.wah land
🛏️ 4 Bedrooms | 3 Bathrooms | + Maid’s Room (private access)
🛋️ Spacious living room with electric recliner leather sofa
💪 Private Home Gym Room
🍳 Separate Pantry & Thai Kitchen
🧺 Laundry area with front-load washer
📦 Ample Storage Space inside & outside
🚗 Covered Parking for 2 Cars
🌄 Large Terrace with Doi Suthep View
💦 Private Garden with waterfall & pavilion

🌿 Community & Lifestyle

🔐 24/7 Double Security
🚴‍♀️ 3.7 km Jogging/Cycling Trail Around the Lake
🌇 Sunset Viewpoint — Peaceful & Romantic

📍 Prime Location

🏫 Next to ABS School
🎓 5 mins → APIS, Sarasas
🎒 10 mins → Merriton, BCIS, Panyaden
🛍️ Near Big C, Makro, Central Airport Plaza
✈️ 10 mins → Chiang Mai Airport (Quiet Zone — no flight noise)

🚫 No pets allowed
🚭 Non-smoking home

💰 53,000 THB/month | 1-year lease minimum
🔑 Deposit: 2 months + 1 month advance + 10,000 THB utility guarantee

✨ Move-in Ready December 1st, 2025 — Book in Advance!

---

📣✨ #Hashtags (English)

#ChiangMaiLuxuryHome #SereneLakeChiangMai #ForRentChiangMai  #ChiangMaiLifestyle
#houseforrentchiangmai

---

💎 บ้านหรูให้เช่า ใกล้เมือง ในโครงการ Serene Lake แม่เหียะ – เชียงใหม่

🌿 พิเศษเพียง 53,000 บาท/เดือน (จาก 58,000 บาท)
📦 พร้อมเข้าอยู่ 1 ธันวาคม 2568

ใช้ชีวิตหรูอย่างมีสไตล์ 💫 ในบ้านเดี่ยวสุดพรีเมียม บรรยากาศเงียบสงบ รายล้อมด้วยธรรมชาติ 🌳
ตั้งอยู่ในโครงการ Serene Lake หมู่บ้านหรูระดับไฮเอนด์ ใกล้เมือง วิวทะเลสาบ และดอยสุเทพ 🌅

🏡 รายละเอียดบ้าน

✨ พื้นที่ใช้สอย 360 ตร.ม. | ที่ดิน 95 ตร.ว.
🛏️ 4 ห้องนอน | 3 ห้องน้ำ | + ห้องแม่บ้าน (แยกทางเข้า)
🛋️ ห้องนั่งเล่นใหญ่ พร้อม โซฟาหนังไฟฟ้าปรับเอน
💪 ห้องฟิตเนสส่วนตัว
🍳 แยก Pantry & ครัวไทย
🧺 โซนซักล้างพร้อมเครื่องซักผ้าฝาหน้า
📦 พื้นที่เก็บของเยอะมาก ทั้งในและนอกบ้าน
🚗 โรงจอดรถในร่ม 2 คัน
🌿 ระเบียงชั้นบนชมวิวดอยสุเทพสุดชิล ☕
💦 สวนสวยมีน้ำตกและศาลาพักผ่อนส่วนตัว

🌳 บรรยากาศน่าอยู่ ปลอดภัยสูงสุด

🔐 ระบบรักษาความปลอดภัย 2 ชั้น 24 ชม.
🚴‍♂️ เส้นทางเดิน–วิ่ง–ปั่นจักรยานรอบทะเลสาบ 3.7 กม.
🌇 จุดชมวิวพระอาทิตย์ตกสุดโรแมนติก

📍 ทำเลสะดวก ใกล้ทุกอย่าง

🏫 ติดโรงเรียน ABS
🎓 5 นาทีถึง APIS, Sarasas
🎒 10 นาทีถึง Merriton, BCIS, Panyaden
🛍️ ใกล้ Big C, Makro, Central Airport Plaza
✈️ เพียง 10 นาทีถึงสนามบิน (นอกเส้นทางบิน ไม่มีเสียงรบกวน)

🚫 ไม่อนุญาตสัตว์เลี้ยง
🚭 ห้ามสูบบุหรี่ในบ้าน

💰 ค่าเช่า 53,000 บาท/เดือน | สัญญาขั้นต่ำ 1 ปี
🔑 มัดจำ 2 เดือน + ล่วงหน้า 1 เดือน + ประกันค่าน้ำไฟ 10,000 บาท

✨ พร้อมเข้าอยู่ 1 ธันวาคม 2568 | จองล่วงหน้าได้แล้ววันนี้!

#บ้านหรูให้เช่าเชียงใหม่ #SereneLakeChiangMai #บ้านเช่าแม่เหียะ #บ้านใกล้เมืองเชียงใหม่ #บ้านเช่าวิวดอยสุเทพ #บ้านเช่าหรูเชียงใหม่ #LuxuryHomeChiangMai #บ้านพร้อมอยู่เชียงใหม่ #บ้านสวยเชียงใหม่


..........
เลือกบ้านให้ลูกค้า
เลือกลูกค้าให้เจ้าของ
.......
รับฝาก บ้าน-คอนโด ปล่อยเช่า ขาย
ติดต่อ:
☎️Tel,Whatsapp&We Chat : 093 562 5965
📲Line : https://line.me/ti/p/zjgwsu8HrU
.........................................

ชมทรัพย์เพิ่มเติม/ Additional house and condo information.
 Personal page ; https://www.facebook.com/share/1BBvXotBFs/"
https://www.facebook.com/marketplace/item/1182229600379603/,"บ้าน 3 ห้องนอน 3 ห้องน้ำ
ราคา: ฿3,390,000 | ขาย
ขาย/ให้เช่า กาญจน์กนกวิลล์ 14 (น้ำโฮม - สันกำแพง)
#Englishbelow

💰 ขาย 3.39 ล้าน | ✅ ค่าโอนคนละครึ่ง
💵 เช่า 19,000 บาท/เดือน | สัญญา 1 ปีขึ้นไป | ประกัน 2 เดือน + ล่วงหน้า 1 เดือน = 57,000.-
🏠 รายละเอียดบ้าน
✅3 ห้องนอน 🛏️ | 3 ห้องน้ำ 🛁
✅1 ห้องรับแขก | 1 ห้องครัว 🍽
✅ที่จอดรถ 2 คัน
✅✅พื้นที่ 60 ตร.วา
📍 ทำเลใกล้เคียง
✅ใกล้แยกพรอมเมนาดา, แยกกาดเจริญเจริญ
✅ใกล้ตลาด 7-11, ตลาดศรีอรุณ, ตลาดป่าบง
✅ใกล้แยกบ่อสร้าง สันกำแพง
✅ใกล้โรงเรียนวารี, โรงเรียนมงฟอร์ต, กาวิละ
✅โรงเรียนช่องฟ้าซินเซิง 15 นาที
✅โรงเรียน Unity / ABS 15 นาที
✅โรงพยาบาลแมคคอร์มิค 20 นาที, รพ.กรุงเทพเชียงใหม่ 15 นาที, รพ.สวนดอก 20 นาที
✅เข้าเมือง 15-20 นาที | สนามบิน 20 นาที
#ติกทรัพย์รับโค

For Sale / Rent: Kanchakanok Ville 14 (Nam Home - San Kamphaeng)
💰 Sale: 3.39 MB | ✅ Transfer Fee 50/50
💵 Rent: 19,000 THB/month | Minimum 1-year contract | Deposit 2 months + 1 month advance = 57,000 THB
🏠 Property Details
✅3 Bedrooms 🛏️ | 3 Bathrooms 🛁
✅1 Living Room | 1 Kitchen 🍽
✅2 Car Parking
✅Land: 60 Sq.Wa
📍 Nearby
✅Near Promenada Intersection, Kad Charoen Charoen Intersection
✅Near 7-11, Sri Arun Market, Pa Bong Market
✅Near Bo Sang San Kamphaeng Intersection
✅Near Varee School, Montfort School, Kawila School
✅Chongfah Xinzeng School 15 min
✅Unity / ABS Schools 15 min
✅McCormick Hospital 20 min, Bangkok Hospital Chiang Mai 15 min, Suan Dok Hospital 20 min
✅15-20 min to city center | 20 min to airport
📞 Contact Muly: ( หมวย )
Line ID: muly24
WhatsApp: [hidden information]


#รับปรึกษาซื้อขายบ้าน #หาบ้านให้ต่างชาติ
#พูดอังกฤษได้ #ดูแลและช่วยคุณอย่างจริงใจ
#บ้านเชียงใหม่ #ขายบ้านเชียงใหม่ #ให้เช่าบ้านเชียงใหม่
#บ้านพร้อมเข้าอยู่ #ลงทุนอสังหา
#PropertyConsulting #FindHomeForExpats
#EnglishSpeakingAgent #HonestAndReliableService
#ChiangMaiProperty #HouseForSaleChiangMai
#HouseForRentChiangMai #ReadyToMoveIn
#RealEstateInvestment"
https://www.facebook.com/marketplace/item/1182831403811065/,"3 ห้องนอน 2 ห้องน้ำ - บ้าน
ราคา: ฿2,900,000 | ขาย
ขายบ้านพร้อมร้านขายของ(ของทุกอย่างในร้าน)
-บ้าน 2 ชั้น 2 คูหา
-ในโฉนด 25 ตร.ว. (ที่ของจริงมีที่งอก)
-3 ห้องนอน 2 ห้องน้ำ
-ตู้เย็น 3 ตัว ตู้แช่แข็ง 2
-มีลูกค้าประจำทั้งวัน รายได้ 10,000+-/วัน
-มีใบอนุญาติบุหรี่/สุรา ทะเบียนพานิชย์
-ใกล้กาดอุ๊ยทา 50 เมตร
-ย่านธุรกิจ ใกล้แยกบ่อสร้าง โลตัสบ่อสร้าง ศูนย์อาการกาดศรียนต์
ทำเลดี
-ซื้อไปสามารถขายของต่อได้เลย
ประเมินได้ 3+ ล้าน ขาย 2.9 ล้าน
บ้านอยู่ชอยกาดอุ๊ยทา บ่อสร้าง อ.สันกำแพง จ.เชียงใหม่

🚩นัดชมบ้านเพิ่มเติม  ล่วงหน้าหนึ่งวัน
083-6153295 (พี่ไก่)
Line :098-7846116

🚩ชมบ้านหลังอื่นเพิ่มเติม เพจhttps://www.facebook.com/share/1FfMCQb1Uw/?mibextid=wwXIfr

#บ้านเดี่ยวเชียงใหม่ #บ้านที่ดินเชียงใหม่ #บ้านนอกเมืองเชียงใหม่ #บ้านพื้นที่กว้างเชียงใหม่ #ขายบ้านเชียงใหม่"
https://www.facebook.com/marketplace/item/1183514187252802/,"5 ห้องนอน 4 ห้องน้ำ - บ้าน
ราคา: ฿55,000/เดือน | ขาย
“Thanaporn Park Home 5, San Sai 55,000 THB/month”

ให้เช่าบ้านพูลวิลล่าใหม่ ใกล้ Central Festival ย่านสันทราย 🏡✨

บ้านใหม่ พื้นที่กว้าง พร้อมเฟอร์นิเจอร์ครบ เข้าอยู่ได้ทันที!
📍ทำเลดี ใกล้สิ่งอำนวยความสะดวกครบ ทั้งห้าง ตลาด และโรงพยาบาล

🏡รายละเอียดบ้าน
5 ห้องนอน | 4 ห้องน้ำ
ที่ดิน 200 ตร.วา 280 ตรม.
เฟอร์นิเจอร์ครบ (แอร์, เครื่องทำน้ำอุ่น, เครื่องซักผ้า, เตาแก๊ส, โต๊ะกลางทำอาหาร, โต๊ะกินข้าว, เตียง+ตู้เสื้อผ้าครบทุกห้อง)

ที่จอดรถได้ 4 คัน
ส่วนกลางครบ Club House, สระว่ายน้ำ, ฟิตเนส, รปภ. 24 ชม.
🏡 หมู่บ้านธนาพรปาร์คโฮม 5

📍 ทำเลใกล้

Central Festival เพียง 15 นาที
ตลาดแม่กวง / ตลาดสันติสุข 5 นาที
Lotus Express / 7-Eleven 5 นาที
Meta Mall Rimping 5 นาที
โรงพยาบาลกรุงเทพเชียงใหม่ 15 นาที

💰 ค่าเช่า 55,000 บาท/เดือน
(รวมค่าส่วนกลาง + ค่าดูแลสวนและต้นไม้ 3,000 บาทแล้ว)
📑 สัญญา 1 ปี | มัดจำ 2 เดือน

📞 สนใจติดต่อ
UP NORTH PROPERTY
📲 [hidden information] | [hidden information] FYI(NN)
📱 Line/WhatsApp: [hidden information] (Admin)

#บ้านเช่าเชียงใหม่ #พูลวิลล่าเชียงใหม่ #บ้านให้เช่าเชียงใหม่ #บ้านหรูให้เช่า #บ้านใกล้เซ็นทรัลเฟส #ChiangmaiProperty #บ้านเช่าระยะยาว #บ้านพร้อมอยู่เชียงใหม่ #UpNorthProperty

- - - - - - - - -  - - - - - - - - - - - - - - - - - - - - - - - - - - - - - - - - - - - - - -     - - - - - - - - - - - - - - 

🏡✨ New Pool Villa for Rent near Central Festival, Sansai Area 

Spacious brand-new home with full furniture, ready to move in!
📍Great location close to Central Festival, local markets, hospitals & supermarkets.

✅ Property Details
5 Bedrooms | 4 Bathrooms
Land size: 200 sq.wah , 280 sqm.

Fully furnished (A/C, water heaters, washing machine, gas stove, dining set, wardrobes, beds in every room)
Parking for 4 cars
Clubhouse with swimming pool, fitness, and 24-hour security
🏡 Located in Thanaporn Park Home 5

📍 Nearby Places

Central Festival: 15 mins
Maekuang & Santisuk Markets: 5 mins
7-Eleven / Lotus Express: 5 mins
Meta Mall & Rimping: 5 mins
Bangkok Hospital Chiangmai: 15 mins

💰 Rental price: 55,000 THB/month
(Including common fee & garden maintenance 3,000 THB)
📑 1-year contract | 2-month deposit

📞 Contact
UP NORTH PROPERTY
📲 [hidden information] | [hidden information] FYI(NN)
📱 Line/WhatsApp: [hidden information] (Admin)

#ChiangmaiHomeForRent #ChiangmaiPoolVilla #LuxuryHomeChiangmai #HouseForRent #ChiangmaiLiving #UpNorthProperty #ModernPoolVilla #LongTermRental #ExpatsInChiangmai"
https://www.facebook.com/marketplace/item/1183526460308866/,"3 ห้องนอน 3 ห้องน้ำ - บ้าน
ราคา: ฿38,000/เดือน | ขาย
#Rent029  #ให้เช่าบ้านตัวอย่างโครงการ
#บิ้วอินทั้งหลัง #เฟอร์นิเจอร์ครบพร้อมเข้าอยู่
✡️พิกัดInizio ของแลนด์แอนด์เฮ้าส์

🇨🇭 ค่าเช่าเดือนละ 38,000 บาทสัญญาเริ่มต้น 1 ปี
🇨🇭ประกัน 2 เดือนล่วงหน้า 1 เดือน 𝟑𝟖,𝟎𝟎𝟎
🇨🇭ราคานี้รวมส่วนกลางแล้ว

❌️ไม่รับสัตว์เลี้ยง

🍎ราคาขาย  6 ล้านบาท

♦️พื้นที่ 𝟕𝟎.𝟗 ตร.วา | พื้นที่ใช้สอย 𝟏𝟑𝟎 ตร.ม.  
🛏 𝟑 ห้องนอน
🛁 𝟑 ห้องน้ำ (ติดเครื่องทำน้ำอุ่นทุกห้อง)
🛋 𝟏 ห้องนั่งเล่น
🪟 𝟏 ห้องครัว
🅿️ 𝟐 ที่จอดรถ
🚨 สัญญาณกันขโมยรอบบ้าน 

❌️เครื่องใช้ไฟฟ้า ➜ ทีวี (2), แอร์ (4), เครื่องทำน้ำอุ่น (3), ตู้เย็น 2 ประตู (1), เครื่องซักผ้าฝาหน้า 7 kg. (1), ฮู้ดดูดควัน (1), เตาไฟฟ้า (1) และโคมไฟประดับในห้องนอน (5)

---------------------------------
สิ่งอำนวยความสะดวกภายในหมู่บ้าน
 • สโมสร
 • สวนสาธารณะ และสนามเด็กเล่น
 • สระว่ายน้ำ
 • ฟิตเนส
 • ระบบรักษาความปลอดภัย 𝟐𝟒 ชม.
--------------------------------
🔸 ใกล้ตลาดสด กาดศรีอรุณเพียง 𝟕𝟓𝟎 เมตร และตลาดเจริญเจริญ 𝟒.𝟕 กม.
🔸 โรงเรียนมงฟอร์ต 𝟖 กม.
🔸 โรงเรียนช่องฟ้าซินเซิง 𝟖.𝟗 กม.
🔸 โรงเรียนวารี 𝟗 กม.
🔸 โรงเรียนนานาชาติ 𝑼𝒏𝒊𝒕𝒚 𝑪𝒐𝒏𝒄𝒐𝒓𝒅 𝟗.𝟏 กม.
🔸 โรงเรียนนานาชาติ 𝑨𝑩𝑺 𝟏𝟎 กม.
🔸 บิ๊กซี ดอนจั่น 𝟏𝟏 กม.
🔸 แม็คโคร เชียงใหม่ 𝟏𝟐 กม.
🔸 เซ็นทรัล เฟสติวัล 𝟏𝟒 กม.
🔸 สนามบิน 𝟏𝟔 กม.

(T kiib)
https://maps.app.goo.gl/PmkGcLXkMyJ9UGt27?g_st=ipc

🏡 #สนใจบ้านเช่าติดต่อได้เลยค่ะ
📞 K. Tonaor: 081-9653229
💬 #LINE: คลิกแอดไลน์เลยค่ะ
https://line.me/ti/p/pgQh6Qnxyd
📱 #WhatsApp: +66 81 965 3229

✨ #บ้านเช่าภาคเหนือ
💖 #รับฝากปล่อยเช่าและจัดหาบ้านเช่า
👉 #แอดลิงก์บ้านเช่าภาคเหนือเลยค่ะ
https://lin.ee/7tSPu1F"
https://www.facebook.com/marketplace/item/1183615760475523/,"บ้าน 2 ห้องนอน 2 ห้องน้ำ
ราคา: ฿25,000/เดือน | ขาย
v English below v
บ้านให้เช่าเดือนละ 25,000 บาท ใกล้รร.ปรินส์รอยแยลส์วิทยาลัยเพียง 5 นาที No.1H637
清迈美丽的2层别墅出租 。每月租金 25,000 泰铢，。No.1H637
บ้านเดี่ยวสองชั้น มี 2 ห้องนอน 2 ห้องน้ำ พื้นที่ 50 ตรว.
2 卧室，2 浴室。面积 50 平方哇。
สถานที่ใกล้เคียง
-โรงเรียนดาราวิทยาลัย
-โรงพยาบาลแมคคอร์มิค
-เซ็นทรัลเฟสติวัล
เฟอร์นิเจอร์ภายใน
-แอร์ 3 เครื่อง
-เครื่องทำน้ำอุ่น 2 เครื่อง
-เตียงนอน 2
-ตู้เสื้อผ้า 1
-โซฟารับแขก 1
-โต๊ะทานข้าว 1
-ทีวี 1 เครื่อง
-ตู้เย็น 1 เครื่อง
-ไมโครเวฟ 1 เครื่อง
-เครื่องซักผ้า 1 เครื่อง
สัญญาขั้นต่ำ 1 ปี
จ่ายเพียง ประกัน 2 เดือน ล่วงหน้า 1 เดือน ทั้งหมดเพียง จ่าย 3 เดือน เข้าอยู่ได้เลยจร้า
สนใจติดต่อ Pednoi (เป็ดน้อย) 0994728246
Id line:0994728246
https://line.me/ti/p/nsqIxB9oqF
Whatapp:0994728246
Weixin ID :NX997930
https://www.baandd-chiangmai
A house for rent near by 5 min to The Prince Royal's College, No.1H637
清迈美丽的2层别墅出租 。每月租金 25,000 泰铢，。No.1H637
Rental monthly is 25,000 THB For 1 Year contact
Condition 1 month in advance & 2 months deposit
House spec : 2 Bedrooms, 2 bathrooms, 50 Sq.w. 
2 卧室，2 浴室。面积 50 平方哇。
Close to
-Dara Academy
-McCormick Hospital
-CentralFestival
Furniture
-Air conditioner 3
-Hot shower 2
-Bed 2
-Wardrobe 2
-Loungeset 1
-Dining table 1 
-Television 1
-Refrigerator 1
-Microwave 1
-Washing machine 1
Contact us for more information : Pednoi (เป็ดน้อย) 0994728246
Id line:0994728246
https://line.me/ti/p/nsqIxB9oqF
Whatapp:0994728246
Weixin ID :NX997930
https://www.baandd-chiangmai
#บ้านเช่าเชียงใหม่ #Houseforrentchiangmai
#ချင်းမိုင်တွင်လုံးချင်းအိမ်ငှားရန်ရှိသည်။"
https://www.facebook.com/marketplace/item/1185292200326110/,"บ้าน 2 ห้องนอน 2 ห้องน้ำ
ราคา: ฿1,490,000 | ขาย
ลดราคาเหลือ 1.49 ล้านบาท จากเดิม 1.69 ล้านบาท (10/10/2568)

ขายทาวน์เฮ้าท์ ใกล้สี่แยกประตูเชียงใหม่ ต.รอบเวียง อ.เมืองเชียงราย 

ที่ดิน 16.8 ตรว.ห่างจากถนนราชโยธา ประมาณ 320 เมตร ซอยราชโยธา ซอย1/1 

ชมคลิปวีดิโอบ้านหลังนี้ https://www.facebook.com/houselandcri/videos/24486684340952683

พื้นที่ใช้สอย

- 2 ห้องนอน
- 2 ห้องน้ำ
- 1 ห้องครัว
- 1 ห้องโถงชั้นล่าง
- จอดรถได้ 1 คัน


รหัสทรัพย์สิน CRI-187

ราคา 1.49 ล้านบาท ราคาเจ้าของขายเอง ต่อรองกับเจ้าของเองได้

========
สนใจติดต่อ
========

คุณแมว โทร 061-560-7511 หรือ Line ID : chiangraiasset / ค้นหาเบอร์ 0615607511
คุณนัช ไลน์ไอดี nutkrub9 

==========
สถานที่ใกล้เคียง
==========

- หอนาฬิกา เชียงราย เพียง 1.4 กม.
- โรงพยาบาลเชียงรายประชานุเคราะห์ 1.3 กม.
- เซ็นทรัล เชียงราย 3.6 กม.
- โรงเรียนสามัคคีวิทยาคม 1 กม.

#ขายบ้านรอบเวียง  #ขายบ้านเชียงราย #บ้านมือสองเชียงราย #ขายบ้านในเมืองเชียงราย"
https://www.facebook.com/marketplace/item/1185977066896693/,"3 ห้องนอน 2 ห้องน้ำ - บ้าน
ราคา: ฿2,890,000 | ขาย
🏡 บ้านเดี่ยวหลังมุม วิวดอยส่วนตัว ✨
ทำเลดี บรรยากาศสงบ สบาย ใกล้เมือง!

🙅‍♀️ ไม่ต้องเสียค่าส่วนกลาง
✅ หลังบ้านไม่ติดใคร วิวดอยสวย
✅ เพื่อนบ้านน่ารัก เงียบสงบ
✅ น้ำไม่ท่วม เดินทางสะดวก ใกล้ 7-11 & ตลาด

📍 สันทราย – สันป่าเปา
🏠 3 ห้องนอน | 2 ห้องน้ำ
📐 64 ตร.ว. | พท.ใช้สอย 150 ตร.ม.
🚗 ใกล้เซ็นทรัลเฟสฯ เพียง 11 กม.

🎁 ฟรี! เฟอร์นิเจอร์ทั้งหลัง
💸 2.89 ล้าน (รวมโอน) 💥

📞 [hidden information] (คุณเข็ม)
💬 Line : @587entuc

#บ้านเดี่ยวเชียงใหม่ #บ้านสันทราย #บ้านวิวดอย #ขายบ้านเชียงใหม่ #บ้านไม่เสียค่าส่วนกลาง"
https://www.facebook.com/marketplace/item/1186042426673617/,"บ้าน 5 ห้องนอน 7 ห้องน้ำ
ราคา: ฿30,500,000 | ขาย
🎈ให้เช่า 145,000 บาท/เดือน 🔶️ขาย 30.5 ล้าน 🔶️209 ตรว. #โซนหางดง บ้านพูลวิลล่า 2 ชั้น #สไตล์โมเดิร์น มีพื้นที่สีเขียวรอนตัวบ้าน บรรยากาศร่มรื่น ห่างจาก #สนามบินเชียงใหม่ เพียง 15 นาที ทำ #Airbnb ได้

รายละเอียดบ้าน
ขนาดที่ดิน  : 209 ตารางวา (โฉนดสองแปลง 192+17 ตร.ว.)
พื้นที่ใช้สอย : ประมาณ 537 ตารางเมตร
ห้องนอน  : 5 ห้อง
ห้องน้ำ  : 7 ห้อง
ห้องแม่บ้าน
ห้องนั่งเล่น
โซนรับประทานอาหาร
ครัวไทย
พื้นที่ซักล้าง
สระว่ายน้ำระบบเกลือ
ตกแต่งเฟอร์นิเจอร์
ติดตั้งเครื่องใช้ไฟฟ้า
ระบบอินเทอร์เน็ต Access Points
ระบบ CCTV
ประตูรั้วมอเตอร์ไฟฟ้า
ที่จอดรถ จำนวน 3-4 คัน

✨สิ่งอำนวยความสะดวก และสถานที่ใกล้เคียง
8 นาที ถึง Meritton British International School
10 นาที ถึง American Pacific International School (Primary) (APISP)
10 นาที Rimping Supermarket (Mae Hia)
10 นาที ถึง บิ๊กซี ซูเปอร์เซ็นเตอร์ หางดง
10 นาที ถึงโรงพยาบาลเชียงใหม่ใกล้หมอ
19 นาที ถึง โรงพยาบาลมหาราชนครเชียงใหม่ 
23 นาที ถึง รพ.กรุงเทพเชียงใหม่
13 นาที ถึง อุทยานหลวงราชพฤกษ์ 
14 นาที ถึง เชียงใหม่ไนซาฟารี
15 นาที ถึง เซ็นทรัล เชียงใหม่ แอร์พอร์ต
17 นาที ถึง สนามบินเชียงใหม่

💵ราคา 
ราคาขาย : 30,500,000 บาท 
(ค่าใช้จ่ายในการโอนกรรมสิทธิ์ฝ่ายละครึ่ง)
-------------------------
ราคาค่าเช่ารายปี : 145,000 บาท/เดือน
 - ค่าประกัน 3 เเดือน
 - ล่วงหน้า 1 เดือน

🎈For rent 145,000 baht/month 🔶️For sale 30.5 Mb. 🔶️209 sqw. #HangDong area, 2-story pool villa, #modern style, surrounded by greenery, shady atmosphere, only 15 minutes from Chiang Mai #Airport.

House details:
Land size: 209 sq wah (two title deeds, 192 + 17 sq wah)
Usable area: approximately 537 sq m
Bedrooms: 5
Bathrooms: 7
Maid's room
Living room
Dining area
Thai kitchen
Laundry area
Saltwater swimming pool
Furnished
Electrical appliances
Internet access points
CCTV system
Electric gate
Parking for 3-4 cars

✨Facilities Nearby Places
8 minutes to Meritton British International School
10 minutes to American Pacific International School (Primary) (APISP)
10 minutes to Rimping Supermarket (Mae Hia)
10 minutes to Big C Supercenter Hang Dong
10 minutes to Chiang Mai Klai Mor Hospital
19 minutes to Maharaj Nakorn Chiang Mai Hospital
23 minutes to Bangkok Hospital Chiang Mai
13 minutes to Royal Park Rajapruek
14 minutes to Chiang Mai Night Safari
15 minutes to Central Chiang Mai Airport
17 minutes to Chiang Mai Airport

💵 Price
Sale Price: 30,500,000 THB
(Transfer Fee: Half and Half)
-------------------------
Annual Rent: 145,000 THB/month
- 3-month Security Deposit
- 1-month Advance Payment

💖บริการยื่นสินเชื่อทุกธนาคารฟรี ไม่มีค่าใช้จ่าย💖

🔶เอกสารที่ใช้ยื่นแบงค์สำหรับพนักงานทำงานประจำ
1. สำเนาบัตรประชาชน
2. สำเนาทะเบียนบ้าน
3. สลิปเงินเดือน 3 เดือนล่าสุด (ถ้าเงินเดือนไม่เท่ากันเป๊ะทุกเดือน ขอ 6 เดือนล่าสุด)
4. สเตทเม้นท์ 6 เดือนล่าสุด
5. หนังสือรับรองเงินเดือน (ขอไม่ทันค่อยส่งตามมาทีหลังได้)
**ทุกใบเป็นสำเนา และเซ็นรับรองสำเนาถูกต้อง**

🔶️สำหรับเจ้าของกิจการ
1. สำเนาบัตรประชาชน
2. สำเนาทะเบียนบ้าน
3. บัญชีรายรับรายจ่าย 6 เดือนล่าสุด 
4. สเตทเม้นท์ 12 เดือนล่าสุด
5. รูปร้าน ตัวอย่างสินค้า ราคา และตัวอย่างบิลที่ซื้อของ กับใบเสร็จที่ให้ลูกค้า
6. ใบจดทะเบียนพาณิชย์ (ถ้ามีจะกู้ง่ายขึ้น)
7. ภพ.20 ใบเสียภาษี (ถ้าจดบริษัท)

📣สนใจนัดชมสอบถามโทร.086-9238951/065-5306944 Kim

Kim มีบัญชีทางการ LINE แล้ว! 
เป็นเพื่อนกับบัญชีนี้กันเถอะ คุณจะได้รับข้อมูลข่าวสารที่เป็นประโยชน์มากมาย แตะลิงก์ด้านล่างเลย https://lin.ee/netCDYF

📲ส่งข้อความ + โทรฟรีด้วย WhatsApp
http://api.whatsapp.com/send?phone=0655306944

http://api.whatsapp.com/send?phone=0869238951

📲ส่งข้อความ + โทรฟรีด้วย WeChat 0655306944/0869238951

📣สนใจอสังหาริมทรัพย์อื่นๆ คลิ๊ก https://www.facebook.com/northernlandchiangmai?mibextid=ZbWKwL

#บ้านเชียงใหม่
#บ้านราคาถูกเชียงใหม่
#บ้านมือสองเชียงใหม่
#บ้านสร้างใหม่เชียงใหม่
#บ้านทำเลดีเชียงใหม่
#บ้านพร้อมอยู่เชียงใหม่
#พูลวิลล่าเชียงใหม่
#NorthernlandChiangmai
#อสังหาพร้อมผู้เช่าเชียงใหม่
#บ้านสวยเชียงใหม่
#บ้านพร้อมเฟอร์นิเจอร์เชียงใหม่
#บ้านสวนเชียงใหม่
#NorthernlandandHousechiangmai #Northernland"
https://www.facebook.com/marketplace/item/1186865843297387/,"บ้าน 4 ห้องนอน 3 ห้องน้ำ
ราคา: ฿4,200,000 | ขาย
ขายบ้านเดี่ยว 2 ชั้น ที่ดินกว้าง สวนสวย พิกัด สันกำแพง 
เหมาะแก่คนที่ต้องการซื้อไว้พักผ่อน 

รหัสทรัพย์ : JY055

ขายเพียง 4.2 ล้าน 

ขนาดที่ดิน 195 ตรว.
ไม่มีเฟอร์ แต่มีสวนกว้างและได้รับการดูแลอย่างดี
4 ห้องนอน
3 ห้องน้ำ 
1ห้องครัว
มีที่จอดรถหลังบ้าน
พื้นที่สวนหน้าบ้านกว้างขวาง"
https://www.facebook.com/marketplace/item/1186926763322984/,"3 ห้องนอน 3 ห้องน้ำ - บ้าน
ราคา: ฿35,000/เดือน | ขาย
🏡 บ้านให้เช่า หมู่บ้านพิมุกต์ 4
ทำเลดีมาก! ติดถนนวงแหวนรอบ 1 ใกล้ม.พายัพ และโรงเรียนนานาชาติหลายแห่ง
เดินทางสะดวก บรรยากาศเงียบสงบ ปลอดภัย เหมาะสำหรับการพักอาศัยของครอบครัว 💛

📏 พื้นที่ 52 ตร.ว.
🛏 3 ห้องนอน
🛁 3 ห้องน้ำ
🛋 ห้องนั่งเล่นกว้างขวาง
🍳 ห้องครัวแยกเป็นสัดส่วน
🏠 พร้อมเฟอร์นิเจอร์ครบ เข้าอยู่ได้เลย

🌳 บ้านบรรยากาศอบอุ่น มีพื้นที่รอบบ้าน เหมาะสำหรับครอบครัวที่มองหาความสบายและความเป็นส่วนตัว

💰 ค่าเช่าเพียง 35,000 บาท/เดือน

📞 ติดต่อคุณทราย [hidden information]
Line official: @@yesproperty 

🏡 House for Rent – Pimuk 4 Village
Perfect location! Next to Ring Road 1, near Payap University and several international schools.
Peaceful and safe neighborhood — ideal for families looking for a cozy place to call home 💛

📏 Land size: 52 sq.wah
🛏 3 Bedrooms
🛁 3 Bathrooms
🛋 Spacious living room
🍳 Separate kitchen
🏠 Fully furnished and ready to move in

🌿 Warm and comfortable atmosphere with a lovely outdoor area — perfect for family living.

💰 Rent: 35,000 THB/month

📞 Contact Khun Sai: [hidden information]
For more details or to schedule a viewing."
https://www.facebook.com/marketplace/item/1187916106513791/,"บ้าน 4 ห้องนอน 5 ห้องน้ำ
ราคา: ฿7,990,000 | ขาย
🎈 #พูลวิลล่าสร้างใหม่ #โซนป่าแดด Pre-sale 7.99 ล้าน (บ้านเปล่า) 🔶69.7 ตรว.🔶4 นอน 5 น้ำ #อำเภอเมือง มีสระว่ายน้ำส่วนตัว เดินทางสะดวก อยู่ไม่ไกลจากตัวเมือง บรรยากาศดี เงียบสงบ ปราศจากเสียงรบกวน #ใกล้เซ็นทรัลแอร์พอร์ต #ใกล้สนามบิน

พื้นที่ 69.7 ตารางวา
พื้นที่ใช้สอย 295 ตารางเมตร
4 ห้องนอน 5 ห้องน้ำ
1 ห้องนั่งเล่น
1 ห้องครัว
สระว่ายน้ำระบบเกลือ ขนาด 3.5x7.5 เมตร 
3 ที่จอดรถ

ฝ้าสูง 3.4 ม.
ประตูสูง 2 .4 ม.
ชุดกระจกกันเสียง
ผนังภายนอก หนา 25 ซม. กันเสียง
ระบบน้ำเป็นระบบน้ำร้อน-เย็นทั้งหลัง

💵Pre-Sale 7.99 ล้าน (บ้านเปล่า) *ราคาพิเศษเฉพาะหลังแรก
💵ราคาขาย 8.99 ล้านบาท ไม่รวมเฟอร์นิเจอร์ โอนคนละครึ่ง
 
🎈 #Newly built house #PaDaed zone Pre-sale 7.99 Mb. (empty house) 🔶69.7 sqw.🔶4 bedrooms, 5 bathrooms #Mueang district with private swimming pool, convenient transportation, not far from the city, good atmosphere, quiet, no noise Near #Central Airport Near the #airport

Area 69.7 sqw.
Usable area 295 sqm.
4 bedrooms, 5 bathrooms
1 living room
1 kitchen
Saltwater pool size 3.5x7.5 meters
3 parking spaces

3.4 m high ceiling
2.4 m high door
Soundproof glass set
25 cm thick exterior walls, soundproof
The water system is a hot and cold water system throughout the house

💵Pre-Sale 7.99 Mb. (empty house) *Special price only for the first house
💵Price is 8.99 Mb. excluding furniture, transfer 50/50

อยากได้อสังหาโซนไหน สอบถามเข้ามาได้เลย
m.me/northernlandchiangmai  
-----------------------------------------------------
ต้องการอสังหาแบบไหนที่ Northern Land Chiangmai
เรามีครบ ครอบคลุม #ทั่วเชียงใหม่ ไม่ว่าจะเป็น
#พูลวิลล่า #บ้านใหม่ #บ้านมือสอง #บ้านเช่า #คอนโด 
#อสังหาพร้อมผู้เช่า #หอพัก #อพาร์ทเม้นท์ #ที่ดิน

💖บริการยื่นสินเชื่อทุกธนาคารฟรี ไม่มีค่าใช้จ่าย💖

🔶ยินดีให้คำปรึกษา กู้ได้ทุกอาชีพ พ่อค้าแม่ค้า พนักงานประจำ เจ้าของธุรกิจ 

Northern Land Chiangmai ยินดีให้คำปรึกษาทุกกรณี ติดต่อได้ที่ :
🌐 Website : www.habanchiangmai.com
🌐 Website : www.northernlandchiangmai.com
 📱 Line : @habanchiangmai หรือ https://lin.ee/netCDYF
💌 YouTube : Northernland&house Chiangmai
💌TIKTOK : @northerland_cnx
📞 Call : 0869238951/ 0655306944 / 0859646661

#บ้านเชียงใหม่
#บ้านราคาถูกเชียงใหม่
#บ้านมือสองเชียงใหม่
#บ้านสร้างใหม่เชียงใหม่
#บ้านทำเลดีเชียงใหม่
#บ้านพร้อมอยู่เชียงใหม่
#พูลวิลล่าเชียงใหม่
#NorthernlandChiangmai
#อสังหาพร้อมผู้เช่าเชียงใหม่
#บ้านสวยเชียงใหม่
#บ้านพร้อมเฟอร์นิเจอร์เชียงใหม่
#บ้านสวนเชียงใหม่
#NorthernlandandHousechiangmai #Northernland"
https://www.facebook.com/marketplace/item/1188029159956181/,"2 ห้องนอน 1 ห้องน้ำ - อพาร์ทเมนท์
ราคา: ฿2,200,000 | ขาย
🚩Urgent sale..Grand Sirithara Condo 
🚩ขายด่วน..คอนโดแกรนด์สิริธารา ตรงข้ามซีรีนเลค แม่เหียะ
ขนาดห้อง 60 ตร.ม.
สองห้องนอน หนึ่งห้องน้ำ ห้องนั่งเล่น
บิ้วอินพร้อมเข้าอยู่ เครื่องใช้ไฟฟ้าใหม่มือหนึ่ง แอร์สองชุด
ทำเลดีมาก สภาพแวดล้อมมีระดับ ในราคาที่หาไม่ได้อีกแล้ว

ราคาประเมินธนาคาร ประมาณ 2,700,000 บาท
ราคาประเมินกรมที่ดิน 2,1xx,000 บาท
เราส่งต่อเพียงราคา 2,200,000 บาท พร้อมโอนฟรีถึงธันวาคมนี้"
https://www.facebook.com/marketplace/item/1188168026654635/,"3 ห้องนอน 2 ห้องน้ำ - บ้าน
ราคา: ฿3,212,000 | ขาย
🏡 บ้านเดี่ยวทำเลทอง – เส้นสันกำแพง จังหวัดเชียงใหม่
บ้านสวยพร้อมอยู่ สภาพใหม่ ทำเลดี เดินทางสะดวก เข้าเมืองก็ง่าย ออกต่างอำเภอก็สบาย

✨ 3 ห้องนอน | 2 ห้องน้ำ | ที่จอดรถ 1 คัน
📏 ที่ดินใหญ่ 90.3 ตร.วา อยู่อาศัยโปร่ง โล่ง สบาย ครอบครัวกำลังดี

💵 ราคาเพียง 3,212,000 บาท

และยัง จัดโปรคุ้มที่สุดในโซนนี้
รับไปเลยแบบ ฟรีทุกอย่าง 👇
 • 🎁 ฟรีเฟอร์นิเจอร์ทั้งหลัง
 • 💧 ฟรีมิเตอร์น้ำ
 • ⚡ ฟรีมิเตอร์ไฟ
 • ❄️ ฟรีแอร์ทุกห้องนอน
 • 🚿 ฟรีเครื่องทำน้ำอุ่นทุกห้องน้ำ
 • 🏁 ฟรีค่าโอน + ค่าภาษีทั้งหมด

เข้าอยู่ได้ทันที ไม่ต้องแต่งเพิ่ม ไม่ต้องจ่ายเพิ่ม 💗
คุ้มกว่านี้ไม่มีแล้วจริง ๆ

ทำเลดีมาก‼
ใกล้ตลาด / ใกล้ถนนใหญ่ / ใกล้เซ็นทรัล / ใกล้โรงเรียน
ใช้ชีวิตง่ายทุกวัน

⸻

📞 สนใจนัดชมบ้าน ทักได้เลยค่ะ
โทร: [hidden information]
โทร: [hidden information]"
https://www.facebook.com/marketplace/item/1188725853075604/,"4 ห้องนอน 3 ห้องน้ำ - บ้าน
ราคา: ฿8,000,000 | ขาย
#บ้านหรูออกแบบสวยงามมีห้องพักสวยงามตกแต่งพิถีพิถันลงตัวสมบูรณ์แบบ

🏠 โครงการ : หมู่บ้านมาลาดา แกรนด์ คูลี่  (Malada Grand Coulee)

📍 ที่ตั้ง : ต.เชียงใหม่-สันกำแพงสายใหม่  อ.สันกำแพง จ.เชียงใหม่

💰 ราคา  8,000,000.- ฟรีโอน 
❇️❇️❇️❇️❇️❇️❇️❇️❇️❇️❇️

🔴สนใจสอบถามข้อมูลเพิ่มเติม🔴
📱 [hidden information] คุณตุ๊ก
📱 [hidden information] คุณตุ๊ก
Line ID : Parichard_tuk 
❇️❇️❇️❇️❇️❇️❇️❇️❇️❇️❇️

✨ ประเภท : บ้านเดี่ยว 4 ห้องนอน สุดหรู

🔹พื้นที่ใช้สอย :   389  ตรม.

🔸เนื้อที่ :   86.5  ตารางวา

ห้องนอน   4  ห้อง
ห้องน้ำ 3 ห้อง
ห้องโถง  2 ห้อง ชั้นบนและชั้นล่าง
ห้องครัว 1 ห้อง แบบยุโรปพร้อมเครื่องใช้ไฟฟ้าในตัว
ห้องทำงาน 1 ห้อง พร้อมโต๊ะทำงานหินอ่อน
🚘 จอดรถได้ : 2  คัน

🎁ของแถม :  
- เฟอร์นิเจอร์บิ้วอินทั้งหลัง
- ตกแต่งสวนอย่างพิถีพิถันสวยงาม
- ผ้าม่านทึบแสงสองชั้น+ ผ้าม่านไม้ตลอด
- เครื่องปรับอากาศ  10  เครื่อง ( 5 เครื่องแบบเทป4ทาง)และ  5 เครื่อง แบบติดผนัง
- แผงโซล่าเซลส์แสงอาทิตย์ 10 กิโลวัตถ์ ระบบอัจฉริยะ
ตลอด(เครื่องปรับอากาศไฟฟ้า,ผ้าม่าน)
- ประตูไฟฟ้าพร้อมระบบดิจิตอล 4 ประตู(ประตูหน้าโรงรถ,ประตูห้องครัวด้านหลัง,ห้องนอนใหญ่)
-กล้องวงจรปิด 8 ตัว (6ตัวรอบบ้าน 1 ตัวที่ชั้นล่าง และ1 ตัวที่ชั้นบน)
-ปั๊มน้ำพร้อมถังสำรองและระบยกรองน้ำสำหรับบ้าน

💎 สถานที่ใกล้เคียง :
- โรงพยาบาลสันกำแพง
- โรงพยาบาลกรุงเทพ เชียงใหม่
- โรงเรียนวารี,มงฟอร์ด,ยูนิตี้คอมฟอร์ด

📢 สิ่งอำนวยความสะดวก :
- คลับเฮาส์พร้อมห้องออนเซ็น
- สระว่ายน้ำสำหรับเด็กและผู้ใหญ่ มีความยาว 40 ม.
-ซาวน่า
- โคเวิร์คกิ้งสเป.
- กล้องวงจรปิด
- ระบบรักษาความปลอดภัย 24 ชั่วโมง

เรามีบริการจัดสินเชื่อให้ฟรี และให้คำปรึกษาฟรี ทุกธนาคาร

เช็คประเมินวงเงินกู้ให้ฟรี ไม่มีค่าใช้จ่ายใดๆ

THE GOAL PROPERTY CO.,LTD.
ที่ปรึกษาด้านอสังหาริมทรัพย์แบบมืออาชีพ ให้บริการด้านการขาย เช่า ซื้ออสังหาริมทรัพย์ทุกประเภท"
https://www.facebook.com/marketplace/item/1189065129732377/,"บ้าน 2 ห้องนอน 2 ห้องน้ำ
ราคา: ฿2,500,000 | ขาย
🎈 #โซนสันผักหวาน #ขายพร้อมผู้เช่า 2.5 ล้าน 🔶114 ตรว. #หางดง บ้านเดี่ยวชั้นเดียว กว้างขวาง ร่มรื่น #เฟอร์นิเจอร์บางส่วน #รับรายได้เดือนละ10,000 บาท เดินทางสะดวก ใกล้ #โรงเรียนนานาชาติหลายแห่ง

พื้นที่ 114 ตารางวา
2 ห้องนอน 2 ห้องน้ำ
ห้องรับแขก
ห้องครัวใน /ห้องครัวนอก 
1 ห้องเล็ก ด้านนอก 
ที่จอดรถ มากกว่า 3 คัน

เฟอร์นิเจอร์บางส่วน 
แอร์ 2 ตัว

 📌สถานที่ใกล้เคียง
รร.นานาชาติเอสบีเอส เชียงใหม่ – 4 นาที (1.6 กม.)
รร.นานาชาติลานนา – 6 นาที (2.8 กม.)
สนามกีฬาสันผักหวาน 4 นาที (1.5 กม)
แม็คโคร หางดง – 18 นาที (7 กม.)
สนามบินเชียงใหม่ – 25 นาที (11 กม.)

🎈House for sale 2.5 Mb. 🔶114 sq.w. #SanPhakWan #HangDong Single-storey house, spacious, shady #Some furniture, convenient transportation, near #many international schools

Area 114 sqw.
2 bedrooms, 2 bathrooms
Living room
Indoor kitchen / outdoor kitchen
1 small room outside
Parking for more than 3 cars

Some furniture
2 air conditioners

📌Nearby places
SBS International School Chiang Mai - 4 minutes (1.6 km)
Lanna International School - 6 minutes (2.8 km)
San Phak Wan Stadium 4 minutes (1.5 km)
Makro Hang Dong - 18 minutes (7 km)
Chiang Mai Airport - 25 minutes (11 km)

อยากได้อสังหาโซนไหน สอบถามเข้ามาได้เลย

ต้องการอสังหาแบบไหนที่ Northern Land Chiangmai เรามีครบ ครอบคลุม #ทั่วเชียงใหม่ ไม่ว่าจะเป็น
#พูลวิลล่า #บ้านใหม่ #บ้านมือสอง #บ้านเช่า #คอนโด #อสังหาพร้อมผู้เช่า #หอพัก #อพาร์ทเม้นท์ #ที่ดิน

✅รับจัดหาบ้าน, ที่ดิน, คอนโด, อสังหาริมทรัพย์ทั่วเชียงใหม่
✅บริการยื่นสินเชื่อทุกธนาคารฟรี ไม่มีค่าใช้จ่าย
✅ยื่นสินเชื่อที่อื่นไม่ผ่านรับดูแลต่อ พร้อมให้คำแนะนำ
✅ทำการตลาด สื่อ โฆษณา
✅เช็คเครดิตบูโร ฟรี 

👍นัดชมได้ทุกวันไม่มีวันหยุด
📲Line ID : @habanchiangmai หรือ https://lin.ee/netCDYF
หรือสอบถามเพิ่มเติมโทร 📞 086-9238951/ 065-5306944 / 085-9646661
✨ยินดีพาชม และให้คำปรึกษาด้านสินเชื่อ ฟรี

🌐เว็บไซต์บริษัท : https://northernlandandhousechiangmai.com/en

🌐หาบ้าน เชียงใหม่ : https://www.habanchiangmai.com/

🔅เพจหาบ้าน เชียงใหม่ : https://www.facebook.com/HabanHabanchiangmai?mibextid=ZbWKwL

🎯YouTube : https://youtube.com/@northernlandhousechiangmai6664

🎯Instagram : https://instagram.com/northernland.cm?igshid=YmMyMTA2M2Y=

🎯TIKTOK : https://www.tiktok.com/@northerland_cnx?_t=8bwxggLIxlv&_r=1

📣สนใจอสังหาริมทรัพย์อื่นๆ คลิ๊ก
🔶For Sale
https://www.facebook.com/NorthenlandHouse-Chiangmai-1774295549481349/
🔶️For Rent
https://www.facebook.com/Northernland-House-For-Rent-In-Chiangmai-228643327897310/

พูลวิลล่าเชียงใหม่
https://www.facebook.com/profile.php?id=100081907720597&mibextid=LQQJ4d

ที่ดิน
https://www.facebook.com/profile.php?id=100075781194500&mibextid=LQQJ4d

ขายคอนโด เชียงใหม่
https://www.facebook.com/profile.php?id=100076053777727&mibextid=LQQJ4d

หอพัก
https://www.facebook.com/profile.php?id=100086620509112&mibextid=LQQJ4d

อสังหาริมทรัพย์พร้อมผู้เช่า
https://www.facebook.com/profile.php?id=100075856546688&mibextid=LQQJ4d"
https://www.facebook.com/marketplace/item/1189953469651019/,"บ้าน 4 ห้องนอน 5 ห้องน้ำ
ราคา: ฿18,626,000 | ขาย
Modern Pool Villa in World Club Land Village, 4 bedrooms, experience luxury, comfort in a modern design house with a private swimming pool

Starting price only 18.62 million baht
(Price depends on the size of each plot of land)

ID: HSHD8287D

Line ID: @kumuang
Click: https://lin.ee/aZt6O7

Contact / Contact:
Call + Line + WhatsApp:
093-0429054,094-714-5355,062-5465828


Usable area:
Total: 382 sq.m.
Inside the house: 256 sq.m.

Highlights that you will love:
4 bedrooms with private bathrooms in every room (total 5 bathrooms)
Thai kitchen and maid's room with private bathroom
Private swimming pool size 4 x 8 meters, salt system with rain shower
Luxurious bathtub in the master bedroom
Storage room and laundry room ready to use
Hot and cold water system throughout the house

Premium facilities and decorations:
Western-style built-in kitchen set: with oven, range hood, electric stove and dishwasher
Special built-in under the stairs: increase storage space intelligently
Air conditioners in every room
Wallpaper throughout the house
Automatic remote control gate
Digital lock door

Safety and convenience:
2-layer brick house walls: help block out sound and reduce heat inside
Roof insulation
CCTV cameras covering all important corners
Garden and lawn with automatic sprinkler system
Termite and insect protection pipes under the house
Large garage for 2-4 cars

Furniture decoration (optional):
With complete furniture or
Empty house: You can choose to buy additional furniture according to your needs


Modern Pool Villa ในหมู่บ้านเวิร์ดคลับแลนด์ 4 ห้องนอน สัมผัสความหรูหรา สะดวกสบาย ในบ้านดีไซน์โมเดิร์น พร้อมสระว่ายน้ำส่วนตัว

ราคาเริ่มต้นเพียง 18.62 ล้านบาท
(ราคาขึ้นอยู่กับขนาดที่ดินของแต่ละแปลง)

ID: HSHD8287D

Line ID: @kumuang
Click: https://lin.ee/aZt6O7

Contact / Contact:
Call + Line + WhatsApp:
093-0429054,094-714-5355,062-5465828

พื้นที่ใช้สอย:
รวมทั้งหมด: 382 ตร.ม.
ภายในตัวบ้าน: 256 ตร.ม.

จุดเด่นที่คุณจะหลงรัก:
4 ห้องนอน พร้อมห้องน้ำส่วนตัวในทุกห้อง (รวม 5 ห้องน้ำ)
ครัวไทย และ ห้องแม่บ้าน พร้อมห้องน้ำในตัว
สระว่ายน้ำส่วนตัว ขนาด 4 x 8 เมตร ระบบเกลือ พร้อม เรนชาวเวอร์
อ่างอาบน้ำสุดหรู ในห้องนอนมาสเตอร์
ห้องเก็บของ และห้องซักล้าง พร้อมใช้งาน
ระบบน้ำร้อน-น้ำเย็นทั้งหลัง

สิ่งอำนวยความสะดวกและการตกแต่งระดับพรีเมียม:
ชุดครัวบิ้วอินแบบตะวันตก: พร้อมเตาอบ, ที่ดูดควัน, เตาไฟฟ้า และเครื่องล้างจาน
บิ้วอินพิเศษใต้บันได: เพิ่มพื้นที่จัดเก็บอย่างชาญฉลาด
เครื่องปรับอากาศในทุกห้อง
ติด วอลเปเปอร์ ทั้งหลัง
ประตูรั้วรีโมทอัตโนมัติ
ประตูบ้านระบบ ดิจิตอลล๊อค

ความปลอดภัยและความสะดวกสบาย:
ผนังบ้านก่ออิฐมอญ 2 ชั้น: ช่วยกันเสียงและลดความร้อนภายใน
ฉนวนกันความร้อนใต้หลังคา
กล้องวงจรปิด ครบทุกมุมสำคัญ
สวนและสนามหญ้าพร้อม ระบบสปริงเกอร์อัตโนมัติ
ท่อระบบป้องกันปลวกและแมลงใต้บ้าน
โรงจอดรถขนาดใหญ่ รองรับ 2-4 คัน

การตกแต่งเฟอร์นิเจอร์ (เลือกได้):
พร้อมเฟอร์นิเจอร์ครบชุด หรือ
บ้านเปล่า: สามารถเลือกซื้อเฟอร์นิเจอร์เพิ่มเติมได้ตามความต้องการ

现代泳池别墅，World Club Land Village，4间卧室
体验现代设计住宅的豪华与舒适，配备私人泳池
起价仅1862万泰铢
（价格取决于每块土地的面积）

ID: HSHD8287D

Line ID: @kumuang
Click: https://lin.ee/aZt6O7

Contact / Contact:
Call + Line + WhatsApp:
093-0429054,094-714-5355,062-5465828

使用面积
总面积：382平方米
室内面积：256平方米
亮点
4间卧室，每间均配独立浴室（共5间浴室）
泰式厨房及带独立浴室的佣人房
私人泳池 4 x 8 米，盐水系统，带雨淋淋浴
主卧豪华浴缸
储藏室和洗衣房，可直接使用
全屋冷热水系统
高级设施与装修
西式内置厨房：带烤箱、排烟罩、电磁炉及洗碗机
楼梯下特殊内置设计：智能增加储物空间
每个房间配空调
全屋墙纸
自动遥控大门
数字锁门
安全与便利
双层砖墙：隔音并降低室内热度
屋顶隔热
闭路监控覆盖所有重要角落
花园与草坪，配自动喷水系统
房屋下方防白蚁和昆虫管道
大车库，可停2-4辆车
家具与装饰（可选）
可选择全套家具
或空房：可根据需求额外购买家具

Don't miss out on this rare opportunity—contact us today to schedule a viewing!

บริษัท คูเมือง พร็อพเพอร์ตี้ส์ จำกัด
Kumuang Properties Co.,Ltd. -
Website: https://kumuangproperties.com

Line ID : @kumuang
Click: https://lin.ee/aZt6O7r

Call + Line + WhatsApp + WeChat : : 093-0429054,066-1125191 ,062-5465828 

Email: [hidden information]

Facebook Page: 
For Sale: https://www.facebook.com/kumuangproperties/
For Rent: https://www.facebook.com/rent.kumuangproperties.chiangmai/"
https://www.facebook.com/marketplace/item/1190498326265917/,"5 ห้องนอน · 8 ห้องน้ำ
ราคา: ฿585 | ขาย
✝️ Pool Villa สร้างใหม่ 2 ชั้น สไตล์โมเดิร์น ต.หนองควาย อ.หางดง จ.เชียงใหม่ ใกล้พืชสวนโลก, แม็คโครหางดง, บิ๊กซีแม่เหียะ

👉 เนื้อที่ 239 ตร.ว.
👉 พื้นที่ใช้สอย 1,300 ตร.ม.
👉 ราคา 58,500,000 บาท 
👉 ค่าใช้จ่ายในการโอนคนละครึ่ง 
👉 5 ห้องนอน 
👉 8 ห้องน้ำ 
👉 1 ครัวตะวันตก
👉 1 ครัวไทย 
👉 5 ที่จอดรถ
👉 1 ห้องซาวน่า
👉 สระว่ายน้ำ ขนาด 3.5 x 16 เมตร
👉 โซล่าเซลล์ 10 กิโลวัตต์
👉 ห้องแม่บ้าน 1 ห้อง และห้องน้ำในตัว
👉 ตกแต่งเฟอร์นิเจอร์ครบพร้อมเข้าอยู่

สถานที่ใกล้เคียง 
📌 พืชสวนโลก
📌 แม็คโครหางดง
📌 บิ๊กซีแม่เหียะ
📌 Central Airport Plaza 
📌 สนามบินเชียงใหม่
📌 กาดฝรั่ง 

✝️ Newly built Pool Villa, 2 floors, modern style, Nong Kwai Subdistrict, Hang Dong District, Chiang Mai Province, near Royal Flora Ratchaphruek, Kad Farang, Big C Mae Hia, Chiang Mai Airport

👉 Area 239 Sq.Wah
👉 Usable area 1,300 Sq.M
👉 Price 58,500,000 THB
👉 Transfer fee 50/50
👉 5 Bedrooms
👉 8 Bathrooms
👉 1 Western kitchen
👉 1 Thai Kitchen
👉 5 Parking space
👉 1 Sauna room
👉 Swimming pool, size 3.5 x 16 meters
👉 Solar cell 10 kW
👉 1 Maid's room and bathroom
👉 Fully furnished, ready to move in

Nearby Places
📌 Royal Flora Ratchaphruek
📌 Samoeng Intersection
📌 Makro Hang Dong
📌 Big C Mae Hia
📌 Central Airport Plaza
📌 Chiang Mai Airport
📌 Kad Farang

🖌️ กรุณานัดชมล่วงหน้าอย่างน้อย 1 วันนะครับ

🖌️ Please make an appointment at least 1 day in advance.

✏️ งดแจ้งพิกัด หากไม่ได้นัดชมล่วงหน้า

Properties ID : HS1295
________________________________

ติดต่อ โทรจอง / Contact :

🔶 [hidden information] (แม็ค Mac)

➕👤 LINE ID : macky5571"
https://www.facebook.com/marketplace/item/1190599449637180/,"3 ห้องนอน · 2 ห้องน้ำ
ราคา: ฿1,990,000 | ขาย
บ้านผ่อนตรง (รับนายหน้า)

บ้าน 3ห้องนอน 2 ห้องน้ำ
ทึ่ดิน 50 ตรว

ดาวน์ 150,000บาท
ผ่อน 15,000บาท

1.99ล รวมโอน ประเมิน 2.29 บาท เงินเหลือ 300,000

เข้าออกได้หลายทาง เดินทางสะดวก เพื่อนบ้านอยู่เยอะ

พิกัด บ้านน้ำโจ้ หมู่ 5 ต.ดอนแก้ว อ.สารภี จ.เชียงใหม่

โทร :[hidden information]


#บ้าตผ่อนตรง #บ้านผ่อนตรงเชียงใหม่ #ดอนแก้ว #สารภี #บ้านเชียงใหม่ #บ้านและที่ดินเชียงใหม่"
https://www.facebook.com/marketplace/item/1190619156251526/,"บ้าน 3 ห้องนอน 2 ห้องน้ำ
ราคา: ฿25,000/เดือน | ขาย
v English below v
บ้านสวยพร้อมสระว่ายน้ำส่วนตัว ให้เช่าเดือนละ 25,000 บาท ใกล้ตลาดแม่กวงเพียง 5 นาที No.12H479
清迈美丽的2层别墅出租 。每月租金 25,000 泰铢，。No.12H479

บ้านเดี่ยวสองชั้น มี 3 ห้องนอน 2 ห้องน้ำ พื้นที่ 50 ตรว. 
3 卧室，2 浴室。面积 50 平方哇。

สถานที่ใกล้เคียง
-ตลาดสามแยก
-โฮมโปรสันทราย
-บิ๊กซีเอ็กซ์ตร้า
-เซ็นทรัลเฟสติวัล

เฟอร์นิเจอร์ภายใน
-แอร์ 4 เครื่อง
-เครื่องทำน้ำอุ่น 3 เครื่อง
-เตียงนอน 3
-ตู้เสื้อผ้า 3
-โซฟารับแขก 1
-โต๊ะทานข้าว 1
-ทีวี 1 เครื่อง
-ตู้เย็น 1 เครื่อง
-ไมโครเวฟ 1 เครื่อง
-เครื่องซักผ้า 1 เครื่อง

สัญญาขั้นต่ำ 1 ปี
จ่ายเพียง ประกัน 2 เดือน ล่วงหน้า 1 เดือน ทั้งหมดเพียง จ่าย 3 เดือน เข้าอยู่ได้เลยจร้า
สนใจติดต่อ อิง 0 9 6 - 1 7 1 4 1 9 5
Line ID: 0961714195
(https://line.me/ti/p/E6rdmgI4m9)
WhatsApp: 0961714195
WeChat: baandeedee8
www.baandd-chiangmai.com

Luxury house for rent with private pool near by 5 min to Mae Kuang Market, No.12H479
清迈美丽的2层别墅出租 。每月租金 25,000 泰铢，。No.12H479

Rental monthly is 25,000 THB For 1 Year contact
Condition 1 month in advance & 2 months deposit

House spec : 3 Bedrooms, 2 bathrooms, 50 Sq.w. 
3 卧室，2 浴室。面积 50 平方哇。

Close to
-Sam Yak Market
-HomePra Sansai
-Big C Extra
-CentralFestival

Furniture
-Air conditioner 4
-Hot shower 3
-Bed 3
-Wardrobe 3
-Loungeset 1
-Dining table 1
-Television 1
-Refrigerator 1
-Microwave 1
-Washing machine 1

Contact us for more information : Ing 0 9 6 - 1 7 1 4 1 9 5
Line ID: 0961714195
(https://line.me/ti/p/E6rdmgI4m9)
WhatsApp: 0961714195
WeChat: baandeedee8
www.baandd-chiangmai.com
#บ้านเช่าเชียงใหม่ #บ้านให้เช่าเชียงใหม่ #บ้านเชียงใหม่ #เชียงใหม่
#houseforrentinchiangmai #houseinchiangmai #chiangmai
#清迈房屋出租 ＃清迈租房 ＃房出租 ＃租房 ＃找清迈租房 ＃清迈别墅
#ချင်းမိုင်တွင်လုံးချင်းအိမ်ငှားရန်ရှိသည်။"
https://www.facebook.com/marketplace/item/1191008569647497/,"3 ห้องนอน 4 ห้องน้ำ - บ้าน
ราคา: ฿5,800,000 | ขาย
ลดโหด เหมือนโกรธใครมา
❌ไม่ขายราคา 7,100,000 ล้านบาท 
✅️5,800,000บาท เท่านั้น
ผู้ขายจ่ายค่าโอนเอง

🎊ขายบ้านในโครงการระดับมหาชน 
อย่าง Qhouse วรารมย์ เจริญเมือง

    💢ขายบ้าน พร้อมผู้เช่า( สามารถคุยได้ถ้าต้องการอยู่อาศัย)  บ้าน สวยๆ พร้อมต่อเติมครัวหลังบ้าน และโรงจอดรถเรียบร้อยแล้ว

⭕️ที่ดิน 86 ตารางวา 
พื้อนที่ใช้สอย 250 ตารางเมตร
จอดรถได้ 2 คัน
 3 นอน 4 น้ำ 
1 ห้องทำงาน (สามารถทำเป็นห้องนอนได้)

🔺มีรปภ 24 ชั่วโมง
คลับเฮาส์ สระว่ายน้ำ ยิม สวนสาธารณะ

📍ใกล้ตลาดเจริญเจริญ แยกหลุยส์เครื่องเงิน
ใกล้มหาวิทยาลัยพายัพ, Central festival 
เดินทางไปสนามบินเพียง10-15นาที
ใกล้โรงเรียนนานาชาติ Unity Concord 
/ ABS school  /วารี

ติดทรัพย์
📱[hidden information] คุณจิรา
Line:nathagon25"
https://www.facebook.com/marketplace/item/1191604482844826/,"3 ห้องนอน 4 ห้องน้ำ - บ้าน
ราคา: ฿8,500,000 | ขาย
💚SH0020💚ขายบ้านเดี่ยวสุดคลาสสิค ใจกลางเมืองเชียงใหม่ บนถนนสุริยวงค์
ทำเลหายาก สายวินเทจต้องไม่พลาด!

💚บ้าน 2 ชั้น บนที่ดิน 114 ตร.ว.
พื้นที่ใช้สอยกว้างขวางถึง 370 ตร.ม.
3 ห้องนอน 4 ห้องน้ำ
มีห้องนอนชั้นล่างพร้อมห้องน้ำในตัว เหมาะสำหรับผู้สูงอายุหรือแขกผู้มาเยือน

💚บ้านสวย สภาพดี พร้อมเข้าอยู่
บรรยากาศสงบ ร่มรื่น แต่ยังคงอยู่ในย่านเมืองเก่าเชียงใหม่ ใกล้แหล่งท่องเที่ยว คาเฟ่ ร้านอาหาร และวัดสำคัญ

💚ราคาพิเศษเพียง 8.5 ล้านบาท
บ้านเดี่ยวทำเลทองแบบนี้ ในตัวเมืองเชียงใหม่ มีไม่บ่อย
ถ้าคุณกำลังมองหาบ้านที่มีเอกลักษณ์ และให้กลิ่นอายของเชียงใหม่ยุคเก่า... ต้องรีบเลยค่ะ!

☎️สนใจนัดชมบ้านจริง
ติดต่อ: คุณแก้ว [hidden information]
หรือแอดไลน์ผ่าน QR Code ด้านล่าง

🪻🪻🪻🪻🪻🪻🪻🪻🪻🪻🪻🪻🪻🪻🪻

💚Charming Two-Story House for Sale in the Heart of Chiang Mai – Suriwong Road, Haiya Area

💚Rare opportunity to own a beautiful home in one of Chiang Mai’s most classic and sought-after locations!

💚2-storey detached house

Land size: 114 sq.wah (456 sq.m.)

Living area: 370 sq.m.

3 bedrooms, 4 bathrooms

💚Includes a ground-floor bedroom with en-suite bathroom – perfect for elderly family members or guests

💚Well-maintained and move-in ready
Located in a peaceful neighborhood on Suriwong Road, this home is surrounded by the charm of old Chiang Mai – close to temples, cafes, local markets, and popular city attractions.

💚Offered at only 8.5 million THB
Houses like this in such a prime inner-city location are extremely hard to find.
If you’ve been dreaming of living in the vintage heart of Chiang Mai, this is your chance!

☎️For more information or to schedule a viewing:
Contact Khun Kaew: [hidden information]
Or add via LINE by scanning the QR code below."
https://www.facebook.com/marketplace/item/1193708782328530/,"3 ห้องนอน 3 ห้องน้ำ - บ้าน
ราคา: ฿2,490,000 | ขาย
ขายบ้านชั้นเดียวใกล้บ้านถวาย อ.หางดง จ.เชียงใหม่        เนื้อที่ 94.5 ตรว.  
3 ห้องนอน 
3 ห้องน้ำ 
พร้อมเฟอร์นิเจอร์บางส่วน 
ราคา 2,490,000 บาท
☎️ : [hidden information]
🆔 : [hidden information]"
https://www.facebook.com/marketplace/item/1194303452621619/,"บ้าน 3 ห้องนอน 3 ห้องน้ำ
ราคา: ฿30,000/เดือน | ขาย
ให้เช่าบ้าน 3 ห้องนอน  3 ห้องน้ำ 1 ห้องรับแขก 2 ห้องทำงาน
เนื้อที่  254 ตารางวา
พื้นที่ใช้สอย: 250 ตารางเมตร
โรงจอดรถ
พิกัด: ใกล้ตลาดวรุณนิเวศ หางดง
ให้เช่า  30,000 บาท / เดือน  ( สัญญาอย่างน้อย 1 ปี )
https://maps.app.goo.gl/T34xJYEhpCYrsE2D9
สนใจติดต่อ
โทร/ไลน์ 093 388 9499
House for rent, 3 bedrooms and  2 ensuite bathrooms, 1 bathroom downstairs, 1 living room, 2 working rooms
Land: 254 sq. wah
Living area: 250 sq.m
car parking, fully furnished
Location: close to Varun Market,  Hangdong 
https://maps.app.goo.gl/T34xJYEhpCYrsE2D9
Rent:  THB 30,000/ month ( min 1 year contract )
Interested please contact
www.richy-realty.com
Email: [hidden information]
Tel/ID Line/Whatsapp 093 388 9499

房屋出租，三室两卫（含两间独立卫浴），楼下一间浴室，一间客厅，两间书房
土地面积：254平方哇（约120平方米）
居住面积：250平方米
停车位，家具齐全
位置：靠近杭东区瓦伦市场
https://maps.app.goo.gl/T34xJYEhpCYrsE2D9
租金：每月30,000泰铢（至少一年租期）
有意者请联系：
www.richy-realty.com
邮箱：[hidden information]
电话/Line ID/WhatsApp：66 933889499
WhatsApp：Marina85899
微信：Marina85899
#Houseforrenthangdong
#Houseforrentchiangmai
#บ้านให้เช่าเชียงใหม่
#บ้านให้เช่าหางดง"
https://www.facebook.com/marketplace/item/1196566955676515/,"4 ห้องนอน 3 ห้องน้ำ - บ้าน
ราคา: ฿2,800,000 | ขาย
🔥🔥🔥ลดแล้วลดอีก ลดสุด ๆ ไปเลยจ้า....😱😱

💥💥บ้านสร้างใหม่สองชั้น นอกโครงการ ✨✨

หมู่บ้านบ่อสร้างกางจ้อง สันกําแพง
📐ขนาด 50 ตร.ว.

🍁🍁บ้านที่มาพร้อมเฟอร์หิ้วกระเป๋าเข้าอยู่ได้เลย 
😮😮😮 บ้านได้ปีกว่า คุ้มมาก เจ้าของขาย รีบย้ายไปอยู่ต่างจังหวัด 

📌📌San Kamphaeng, Chiang Mai 50130

🍀บ้านสร้างใหม่สองชั้น🍀
🔺4 ห้องนอน 
🔺3 ห้องน้ำ 
🔺จอดรถได้ 2 - 4 คัน

📌📌พิกัด ใกล้ไฟฟ้า สันกำแพง และปะปาสันกำแพง

📣📣ในราคา พรีเซลล์จากราคา 3.49 เหลือเพียง ❌❌ 2.8 ลบ. ❌❌
      👉ฟรีโอน👈

🚩🚩ราคาแบบนี้บ้านสวยแบบนี้รีบมากันหน่อยน๊า....
   
💥💥ฟรีเฟอร์นิเจอร์ตามในรูป💥💥

✅เตียงนอน ตู้เตียง 4ห้อง
✅แอร์ 4 เครื่อง
✅ทีวี ตู้โชว์ ( ยกเว้นตุ๊กตาโชว์)
✅ตู้เย็น 2 เครื่องใหญ่ 
✅โต๊ะกินข้าว 
✅ชุดโซฟาห้องนั่งเล่น
✅เครื่องซักผ้า
✅โต๊ะหิน 2 ชุด 

📣📣ยินดีให้คำปรึกษาสินเชื่อทุกอาชีพฟรี พร้อมยื่นเอกสารสินเชื่อกู้ซื้อ🏡

🏠สนใจนัดชมและสอบถามข้อมูลเพิ่มเติมทักแชทมาได้เลยนะคะ"
https://www.facebook.com/marketplace/item/1196787539177035/,"บ้าน 4 ห้องนอน 4 ห้องน้ำ
ราคา: ฿40,000/เดือน | ขาย
#ว่างให้เช่า บ้านใหม่ หลังใหญ่
ให้เช่า 40,000 ต่อเดือน
บ้านขนาด 4 ห้องนอน 4 ห้องน้ำ 
ใกล้ตลาดรวมโชค เซ็นทรัลเพียง 5 นาที

สัญญาขั้นต่ำ 1 ปี
สนใจเช่า ติดต่อ [hidden information]
#บ้านเช่า #บ้านเช่าเชียงใหม่"
https://www.facebook.com/marketplace/item/1198998265416070/,"1 ห้องนอน 1 ห้องน้ำ - อพาร์ทเมนท์
ราคา: ฿6,000/เดือน | ขาย
✨ Sereno Airport Condo (ซีรีโน แอร์พอร์ต คอนโด) ✨ ซอยชมจันทร์ แยกแอร์พอร์ท
พื้นที่ใช้สอย 30 ตร.ม. | ห้องพร้อมอยู่

💰 ค่าเช่าเพียง 6,000 บาท/เดือน
🔒 ประกัน 12,000 บาท | รวมจ่ายแรกเข้า 18,000 บาท

❌ ไม่รับนายหน้า
❌ ไม่รับสัตว์เลี้ยง

⚡ ค่าน้ำ 35 บาท/หน่วย | ค่าไฟตามบิลการไฟฟ้า

📌 สิ่งอำนวยความสะดวกในห้อง
 • ทีวี + ไมโครเวฟ
 • ตู้เย็น + เครื่องทำน้ำอุ่น
 • เครื่องปรับอากาศ
 • เฟอร์นิเจอร์บิวท์อินครบชุด

🏢 สิ่งอำนวยความสะดวกโครงการ
 • ที่จอดรถ
 • เจ้าหน้าที่รักษาความปลอดภัย
 • กล้องวงจรปิด CCTV 24 ชม.

📍 ทำเลดี ซอยชมจันทร์
ใกล้ Central Airport Plaza และสนามบินเชียงใหม่ ✈️

📞 สนใจติดต่อ: [hidden information]

⸻

✨ Sereno Airport Condo for Rent ✨
30 sq.m. | Ready to Move In

💰 Rent: 6,000 THB/month
🔒 Security Deposit: 12,000 THB | Move-in Cost: 18,000 THB

❌ No Agents
❌ No Pets Allowed

⚡ Utilities: Water 35 THB/unit | Electricity by government bill

📌 Room Features:
 • TV & Microwave
 • Refrigerator & Water Heater
 • Air Conditioning
 • Fully Furnished with Built-in Furniture

🏢 Facilities:
 • Parking Space
 • Security Guards
 • 24/7 CCTV Surveillance

📍 Prime Location – Soi Chom Chan,
Near Central Airport Plaza & Chiang Mai International Airport ✈️

📞 Contact: [hidden information]"
https://www.facebook.com/marketplace/item/1199089088917356/,"4 ห้องนอน 3 ห้องน้ำ - บ้าน
ราคา: ฿18,500/เดือน | ขาย
🏡ให้เช่า บ้านแฝด 2 ชั้น โซนสันทราย ใกล้ตลาดแม่กวง 
เดือนละ 18,500 บาท สัญญา 1 ปี
✅พร้อมอยู่   ❌ไม่รับสัตว์เลี้ยง 

ประกัน 2 เดือน ล่วงหน้า 1 เดือน

📏 เนื้อที่ 40 ตร.ว. 

รายละเอียด :
🛏 4 ห้องนอน 
🛁 3 ห้องน้ำ
🛋 1 ห้องนั่งเล่น
🍳 1 ห้องครัว
🚗 สามารถจอดรถได้ 2 คัน

รายละเอียดเพิ่มเติม :
✨ เฟอร์นิเจอร์
✨ เครื่องปรับอากาศ 
✨ เครื่องทำน้ำอุ่น 
✨ ทีวี 
✨ เตียงนอน  
✨ ตู้เสื้อผ้า 
✨ โต๊ะเครื่องแป้ง  
✨ โซฟา
✨ โต๊ะทานอาหาร 
✨ เตาแก๊ส + ถังแก๊ส 
✨ ตู้เย็น 
✨ เครื่องซักผ้า 

📍สถานที่ใกล้เคียง :
🚩 วัดสันทรายหลวง
🚩 ตลาดค้าเจริญ
🚩 เซ็นทรัล เชียงใหม่
🚩 สถานีรถไฟ
🚩 มหาวิทยาลัยแม่โจ้

📌นัดชมได้ทุกวัน | 

Tel : [hidden information] PK (พีเค)

🏡Two-story semi-detached house for rent in San Sai area, near Mae Kuang Market.
18,500 baht per month, 1-year contract.
✅Ready to move in. ❌No pets allowed.

2-month security deposit, 1 month advance payment.

📏 40 sq m.

Details:
🛏 4 bedrooms
🛁 3 bathrooms
🛋 1 living room
🍳 1 kitchen
🚗 Parking for 2 cars

Additional details:
✨ Furnished
✨ Air conditioner
✨ Water heater
✨ TV
✨ Bed
✨ Wardrobe
✨ Dressing table
✨ Sofa
✨ Dining table
✨ Gas stove + gas tank
✨ Refrigerator
✨ Washing machine

📍Nearby locations:
🚩 Wat San Sai Luang
🚩 Talad Kha Charoen
🚩 CentralPlaza Chiang Mai
🚩 Train station
🚩 Maejo University

Code : R2939
🚨บริษัท ที่ดีดี จำกัด | รับซื้อ | ขาย | เช่า
🚨จัดหาบ้าน,คอนโด ตามงบประมาณ
🚨รับทำ TM30 แจ้งต่างชาติเข้าพัก
🚨ดูแลตลอดสัญญาเช่า

📌นัดชมได้ทุกวัน | 

Tel : [hidden information] PK (พีเค)

#บ้าน #บ้านเช่า #บ้านเช่าเชียงใหม่
#คอนโด #เช่าคอนโด #คอนโดให้เช่า"
https://www.facebook.com/marketplace/item/1199321592238135/,"4 ห้องนอน 3 ห้องน้ำ - บ้าน
ราคา: ฿3,590,000 | ขาย
🪙 จอง 999 📍 ต.ท่าศาลา อ.เมืองเชียงใหม่
💰 ราครเพียง 3.59 ลบ 🏠 4 นอน 3 น้ำ 2 จอดรภ
‼️ว่างหลังสุดท้าย 🏡พื้นที่ใช้สอย 200 ตร.ม. |

🏡 เหลืออีก 1 หลังสุดท้าย!
โครงการรักเชอรี่ เกรดสอง

🚗 ที่ดินขนาดใหญ่ จอดรถได้หลายคัน
📌 ราคาประเมินกว่า 5 ล้านบาท

✅ บ้านเดี่ยวกลางเมือง ทำเลดี ใกล้ทุกอย่าง
โอกาสแบบนี้ไม่มีบ่อย… รีบตัดสินใจก่อนจะพลาด!
 
💝 สนใจนัดชมบ้าน
📲 099-1689159 ( K )
🆔️Line ID: https://line.me/ti/p/1v3vKSpy1-"
https://www.facebook.com/marketplace/item/1199500385480622/,"3 ห้องนอน 3 ห้องน้ำ - บ้าน
ราคา: ฿2,550,000 | ขาย
🔥🔥🔥 ราคาดีที่สุด/ถูกที่สุดในทำเลนี้แล้ว🔥🔥🔥

บ้านเดี่ยว 3 ห้องนอน 3ห้องน้ำ มีต่อเติม ห้องครัวด้านหลังบ้านเป็นบาร์ยาว / โรงเก็บของข้างบ้าน

พิกัด : สันนาเม็ง สันทราย

ราคาและรายละเอียด

-บ้านเปล่า 2.55
   -แอร์ 2ตัว
   -เครื่องทำน้ำอุ่น2ตัว
   -สุขภัณฑ์ต่างๆ

-ค่าส่วนกลางเพียง360฿เท่านั้น
-บ้าน 6ปีกว่า
-ขนาดพื้นที่ 44 ตร.วา
-สิ่งอำนวยความสะดวก
  -สระน้ำของโครงการ
  -ฟิตเนสสามารถไปใช้ฟรีของเทศบาลได้เลยเครื่องเหมือนฟิตเนสที่เสียรายเดือน
  -เข้าออกสะดวกถนนไม่แคบรถสวนกันได้
  -ใกล้ปั้มน้ำมัน ปตท สันนาเม็ง / ตลาดแม่กวง /เซเว่น/โลตัส /Central festival
  -หมู่บ้านสงบ เพื่อนบ้านอัธยาศัยดีมาก ไม่มีการสร้างความเดือดร้อนรำคาญ

🚩นัดชมบ้านเพิ่มเติม  ล่วงหน้าหนึ่งวัน
083-6153295 พี่ไก่
Line https://line.me/ti/p/a7jWWYPQGZ

🚩ชมบ้านหลังอื่นเพิ่มเติม เพจ https://www.facebook.com/share/1BSAzW7D8P/?mibextid=wwXIfr"
https://www.facebook.com/marketplace/item/1201854788639149/,"3 ห้องนอน 2 ห้องน้ำ - บ้าน
ราคา: ฿2,100,000 | ขาย
🏠บ้านใหม่ หนองแฝก สารภี
80% งานก่อสร้างบ้าน หนองแฝก-สารภี *น้ำไม่ท่วม*เริ่มต้น2.19ลบ. ที่ดิน63-68 มี8แปลงนะครับยังว่างอยู่ครับ 
...รายละเอียด...
🏘โครงการใหม่ 🛎ติดถนนหลัก เข้าเมืองสะดวก🚗
📌น้ำไม่ท่วม 📌พิกัด หนองแฝก-สารภี
🛤ใกล้ถนนเลียบทางรถไฟ
🛣ใกล้ถนนเส้นต้นยาง
✨️เริ่มเพียง 2.1x เท่านั้น✨️
.
🎋ที่ดิน 63-68ตารางวา
🎄บ้านเดี่ยวสร้างใหม่
🎄3ห้องนอน
🎄2ห้องน้ำ
🎄1ห้องครัว
🎄2-3ที่จอดรถ
🎄พื้นรอบบ้านเหลือกว้างมากๆ
.
แถมฟรี 11 รายการ
💥ฟรี ค่าโอน
💥ฟรี ถังเก็บน้ำ 1000ลิตร 
💥ฟรี ปั้มน้ำ
💥ฟรี แอร์12000BTU 1เครื่อง
💥ฟรี เรนชาวเวอร์ห้องน้ำ2ห้อง
💥ฟรี เตาแก๊ส ฮูดดูดควัน
💥ฟรี มิเตอร์น้ำ
💥ฟรี มิเตอร์ไฟฟ้า
💥ฟรี สนามหญ้า
💥ฟรี ต่อเติมหลังคาส่วนเพิ่มจากโรงจอดรถ

❤️❤️🌸 พร้อมบริการทางด้านสินเชื่อให้ฟรี!!!
📲 สนใจนัดชมบ้านได้ทุกวัน 📲
☎️ ติดต่อ คุณแอม 0934194564
Line ID= 0934194564   
เพจ AMP Property บ้านที่ดิน เชียงใหม่ 
 https://www.facebook.com/share/16yCG6GsXb/ 
เฟสบุ๊คทักทายกันได้ครับที่ https://www.facebook.com/share/1YbLH8Qmea/
#ขายบ้านเชียงใหม่ #อสังหาเชียงใหม่บ้านที่ดิน  #AMP Ninlakul"
https://www.facebook.com/marketplace/item/1203077251743222/,"4 ห้องนอน · 3 ห้องน้ำ
ราคา: ฿39,000/เดือน | ขาย
Modern House for Rent in Koolpunt Ville 9, Hang Dong 🧳 Ready to Move In

🔹Details:
- Land size: 55 sq.w.
- Usable area: 210 sq.m.
- 4 spacious bedrooms
- 3 modern bathrooms
- Fully furnished for your convenience

🔹Amenities:
- 24-hour security guard for peace of mind
- Swimming pool for relaxation and fun

💸Rent Price: 39,000 THB/month (1-year contract, includes common fee)

🚫Important: No pets allowed 🐕‍🦺🐕

📍Nearby :
- Lanna International School (1 km)
- SBS (2 km)
- Kad Farang (2 km)
- Central Chiang Mai Airport (9 km)
- Chiang Mai International Airport (10 km)
- Old City (12 km)

📲 Contact Sally for more info or schedule a viewing 
Line: https://line.me/ti/p/u4VSJWiHsn"
https://www.facebook.com/marketplace/item/1203482908550012/,"3 ห้องนอน 2 ห้องน้ำ - บ้าน
ราคา: ฿25,000/เดือน | ขาย
🔶 บ้านให้เช่า พร้อมอยู่ ต.หนองควาย อ.หางดง จ.เชียงใหม่ 🔶 Nhongkwai handgong

📍โลเคชั่น : https://goo.gl/maps/vvY5JEQnvt3f2dmR6?g_st=al

ขนาดที่ดิน 50 ตร.ว.

📌ค่าเช่า: 25,000 บาท/เดือน
📌จ่ายล่วงหน้า 1 เดือน + ประกัน 2 เดือน

รายละเอียดบ้าน:
🔅 3 ห้องนอน 2 ห้องน้ำ
🔅 แอร์ 4 เครื่อง
🔅 ห้องแบ่งเป็นสัดส่วน จอดรถได้ 2 คัน
🔅 พื้นที่รอบๆบ้านกว้างขวาง มีโซนสวน ร่มรื่น

🛌 เฟอร์นิเจอร์ + เครื่องใช้ไฟฟ้า :
1.ตู้เย็น
2.ไมโครเวฟ
3.เตาแก๊ส พร้อมเครื่องดูดควัน 
4.โซฟา
5.ชุดโต๊ะทานข้าว
6.ทีวี
7.เครื่องซักผ้า
8.โต๊ะเครื่องแป้ง
9.ตู้เสื้อผ้า
10.เครื่องทำน้ำอุ่น
❌ไม่รับสัตว์เลี้ยง

ใกล้สิ่งอำนวยความสะดวกและรร.นานาชาติ:
🚖 400 m. ถึง ปั๊มน้ำมันบางจาก/สถานีชาร์จรถไฟฟ้า PEA volta
🏪 550 m. ถึง 7-Eleven
🏫 1.5 km. ถึง รร.นานาชาติ Panyaden
👩🏻‍🍳 2.6 km. ถึงกาดฝรั่ง / Rimping
👩🏻‍🌾 4.3 km. ถึง ตลาดสดหางดง
🏫 5 km. ถึง รร.นานาชาติ Meritton British
🏫 6.6 km. ถึง รร.นานาชาติ Lanna

🔶 House for Rent – Ready to Move In
📍 Location: Nong Khwai, Hang Dong, Chiang Mai
📌 Direct from Owner
📍 Map : https://goo.gl/maps/vvY5JEQnvt3f2dmR6?g_st=al 
📏 Land size: 50 sq. wah (~200 sq. meters)
💵 Rental Price: 25,000 THB/month
🔒 Payment Terms: 1-month advance rent + 2-month security deposit

House Details:
🔅 3 Bedrooms, 2 Bathrooms
🔅4 Air Conditioners
🔅Well-zoned layout
🔅 Parking for 2 cars
🔅 Have garden area, green and serene surroundings

🛋️ Furniture & Appliances Included:
1.Refrigerator
2.Microwave
3.Gas stove with hood
4.Sofa
5.Dining table set
6.TV
7.Washing machine
8.Dressing table
9.Wardrobes
10.Water heater
❌ No pets allowed

🗺️ Nearby Amenities & International Schools:
• 400 m. to Bangchak Gas Station / PEA Volta EV Charging Station
• 550 m. to 7-Eleven
• 1.5 km. to Panyaden International School
• 2.6 km. to Kad Farang / Rimping Supermarket
• 4.3 km. to Hang Dong Fresh Market
• 5 km. to Meritton British International School
• 6.6 km. to Lanna International School

💬 Or feel free to message directly"
https://www.facebook.com/marketplace/item/1203507227438318/,"3 ห้องนอน 2 ห้องน้ำ - ทาวน์เฮาส์
ราคา: ฿1,800,000 | ขาย
ขายตึกเเถว2ชั้นขนาด20ตรว.ขาย1,800,000บาท เช่า7,000บาท หมู่บ้านธนสารวิลล่า ตำบลสันนาเม็ง อำเภอสันทราย จังหวัดเชียงใหม่"
https://www.facebook.com/marketplace/item/1203928004973424/,"บ้าน 4 ห้องนอน 5 ห้องน้ำ
ราคา: ฿4,990,000 | ขาย
🎈 #โซนแม่เหียะ ขาย 4.99 ล้าน 🔶55 ตรว. บ้านใหม่ 2 ชั้น #สไตล์โมเดิร์น – #อ.เมืองเชียงใหม่ บ้านหลังใหญ่ ดีไซน์หรู พร้อมของแถมจัดเต็ม 🔥ทำเลดี ใกล้สนามบิน และสิ่งอำนวยความสะดวกครบครัน

✨รายละเอียดบ้าน
เนื้อที่ 55 ตร.วา
พื้นที่ใช้สอย 230 ตร.ม.
4 ห้องนอน | 5 ห้องน้ำ
ที่จอดรถ 2 คัน

⚡️รายการของแถมสุดคุ้ม ⚡️
ฟรีค่าโอน
มุ้งลวดทั้งหลัง
ระบบท่อกำจัดปลวก
มิเตอร์น้ำ + มิเตอร์ไฟ
ชุดเคาน์เตอร์ครัว + ฮู้ดดูดควัน
แทงค์น้ำ + ปั๊มน้ำพร้อมฐานและหลังคากันร้อน
ฟอยล์กันความร้อนใต้หลังคา
ชุดโคมไฟระย้า 3 ชุด
ประตูรั้วรีโมท
พื้นทรายล้างโรงรถและรอบบ้าน

✨ของแถมพิเศษเพิ่มความคุ้ม ✨
แอร์ 3 เครื่อง
ชุดโต๊ะทานข้าว
ชุดที่นอน 3 ห้อง
ชุดโซฟาห้องรับแขก
จัดสวนสวยรอบบ้าน
ผ้าม่านทั้งหลัง
ระบบโซล่าเซลล์ทุกหลัง
บิ้วอินห้องรับแขกและห้องนอน 3 ห้อง

📌 สถานที่ใกล้เคียง
สนามบินเชียงใหม่ เพียง 4 กม.
โรงเรียนสารสาสน์วิเทศล้านนา 1 กม.
ถนนใหญ่สาย 108 เพียง 1 กม.
อยู่ติดโครงการกุลพันธ์วิลล์ 5

🎈Modern Luxury Home for Sale 4.99 Mb. – #MaeHia, Chiang Mai City
A brand-new, modern-style house in a peaceful yet prime location near the airport and all conveniences!

✨Property Details
Land Size: 55 sq.wah
Usable Area: 230 sq.m.
4 Bedrooms | 5 Bathrooms
2 Parking Spaces

⚡️Free Offers
Free transfer fee
Full mosquito screens
Termite protection system
Water & electricity meters
Built-in kitchen with hood
Water tank & pump with heatproof roof
Roof heat-insulation foil
3 chandelier sets
Remote gate
Wash-finish floor around house and garage

✨Special Bonus Items
3 Air conditioners
Dining table set
3 Bedroom sets
Living room sofa set
Beautifully landscaped garden
Curtains throughout
Solar cell system
Built-in furniture (living room & 3 bedrooms)

📍Mae Hia Subdistrict, Mueang Chiang Mai

📍Nearby Places
Chiang Mai Airport — 4 km
Sarasas Witaed Lanna School — 1 km
Route 108 — 1 km
Next to Koolpunt Ville 5

ต้องการอสังหาแบบไหนที่ Northern Land Chiangmai เรามีครบ ครอบคลุม #ทั่วเชียงใหม่ ไม่ว่าจะเป็น
#พูลวิลล่า #บ้านใหม่ #บ้านมือสอง #บ้านเช่า #คอนโด #อสังหาพร้อมผู้เช่า #หอพัก #อพาร์ทเม้นท์ #ที่ดิน

✅รับจัดหาบ้าน, ที่ดิน, คอนโด, อสังหาริมทรัพย์ทั่วเชียงใหม่
✅บริการยื่นสินเชื่อทุกธนาคารฟรี ไม่มีค่าใช้จ่าย
✅ยื่นสินเชื่อที่อื่นไม่ผ่านรับดูแลต่อ พร้อมให้คำแนะนำ
✅ทำการตลาด สื่อ โฆษณา
✅เช็คเครดิตบูโร ฟรี 

👍นัดชมได้ทุกวันไม่มีวันหยุด
📲Line ID : @habanchiangmai หรือ https://lin.ee/netCDYF
หรือสอบถามเพิ่มเติมโทร 📞 086-9238951/ 065-5306944 / 085-9646661
✨ยินดีพาชม และให้คำปรึกษาด้านสินเชื่อ ฟรี

🌐เว็บไซต์บริษัท : https://northernlandandhousechiangmai.com/en

🌐หาบ้าน เชียงใหม่ : https://www.habanchiangmai.com/

🔅เพจหาบ้าน เชียงใหม่ : https://www.facebook.com/HabanHabanchiangmai?mibextid=ZbWKwL

🎯YouTube : https://youtube.com/@northernlandhousechiangmai6664

🎯Instagram : https://instagram.com/northernland.cm?igshid=YmMyMTA2M2Y=

🎯TIKTOK : https://www.tiktok.com/@northerland_cnx?_t=8bwxggLIxlv&_r=1

📣สนใจอสังหาริมทรัพย์อื่นๆ คลิ๊ก
🔶For Sale
https://www.facebook.com/NorthenlandHouse-Chiangmai-1774295549481349/
🔶️For Rent
https://www.facebook.com/Northernland-House-For-Rent-In-Chiangmai-228643327897310/

พูลวิลล่าเชียงใหม่
https://www.facebook.com/profile.php?id=100081907720597&mibextid=LQQJ4d

ที่ดิน
https://www.facebook.com/profile.php?id=100075781194500&mibextid=LQQJ4d

ขายคอนโด เชียงใหม่
https://www.facebook.com/profile.php?id=100076053777727&mibextid=LQQJ4d

หอพัก
https://www.facebook.com/profile.php?id=100086620509112&mibextid=LQQJ4d

อสังหาริมทรัพย์พร้อมผู้เช่า
https://www.facebook.com/profile.php?id=100075856546688&mibextid=LQQJ4d

#บ้านเชียงใหม่
#บ้านราคาถูกเชียงใหม่
#บ้านมือสองเชียงใหม่
#บ้านสร้างใหม่เชียงใหม่
#บ้านทำเลดีเชียงใหม่
#บ้านพร้อมอยู่เชียงใหม่
#พูลวิลล่าเชียงใหม่
#NorthernlandChiangmai
#อสังหาพร้อมผู้เช่าเชียงใหม่
#บ้านสวยเชียงใหม่
#บ้านพร้อมเฟอร์นิเจอร์เชียงใหม่
#บ้านสวนเชียงใหม่
#NorthernlandandHousechiangmai #Northernland"
https://www.facebook.com/marketplace/item/1204059335094629/,"3 ห้องนอน 2 ห้องน้ำ - บ้าน
ราคา: ฿2,190,000 | ขาย
✨ เปลี่ยนจากการ จ่ายค่าเช่า มาเป็นเจ้าของบ้าน
 ของตัวเอง ดีกว่า คุ้มค่า ในระยะยาวแน่นอน
พิกัด : ท่ารั้ว สันปูเลย   เพียง 2.19 ลบ.

ขนาดที่ดิน 50 ตร.ว. 
💰2.19 ล้านบาท

พื้นที่ใช้สอย 128 ตร.ม. 
3 ห้องนอน 2 ห้องน้ำ 2 ที่จอดรถ

🌟 พร้อมของแถม ปัง! ปัง! 🌟
✅ ฟรี! แอร์ 3 เครื่อง
✅ ฟรี! ค่าธรรมเนียมโอนฯ
✅ ฟรี! ค่ามิเตอร์น้ำ
✅ ฟรี! ค่ามิเตอร์ไฟ
✅ ฟรี! ถังเก็บน้ำ + ปั๊มน้ำ
✅ ฟรี! เคาน์เตอร์ครัว + ซิ้งค์ล้างจาน
✅ ฟรี! สนามหญ้ารอบบ้าน
✅ ฟรี! ระบบท่อกำจัดปลวก
✅ รับประกันโครงสร้างอาคาร 5 ปี

**ยื่นเอกสารสินเชื่อเช็ควงเงิน ฟรี **

🔷🔹รหัสทรัพย์ Hs-01193🔹🔷

สนใจติดต่อ/นัดชมบ้าน
📲:[hidden information]
ไลน์ ไอดี: HugHome789

#บ้านสวยราคาถูกเชียงใหม่ 
#บ้านเชียงใหม่ราคาถูก 
#คอนโดเชียงใหม่ราคาถูก 
#เช่าคอนโดเชียงใหม่ 
#บ้านคอนโดให้เช่าเชียงใหม่ 
#บ้านเช่าราคาถูกเชียงใหม่ 
#ᕼᑌGᕼOᗰEᖇEᗩᒪEᔕTᗩTEเป็นมากกว่าคู่ค้าแต่เราคือคู่คิด"
https://www.facebook.com/marketplace/item/1204105984924689/,"บ้าน 3 ห้องนอน 3 ห้องน้ำ
ราคา: ฿30,000/เดือน | ขาย
v English below v
บ้านสวยในโครงการ ให้เช่าเดือนละ 30,000 บาท ใกล้ตลาดเจริญเจริญเพียง 10 นาที No.13H667
清迈美丽的2层别墅出租 。每月租金 30,000 泰铢，。No.13H667
บ้านเดี่ยวสองชั้น มี 3 ห้องนอน 3 ห้องน้ำ พื้นที่ 54 ตรว. 
3 卧室，3 浴室。面积 54 平方哇。
สถานที่ใกล้เคียง
-บิ๊กซีดอนจั่น
-โรงเรียนช่องฟ้าซินเซิงวาณิชบำรุง
-โรงพยาบาลสันกำแพง
เฟอร์นิเจอร์ภายใน
-แอร์ 4 เครื่อง
-เครื่องทำน้ำอุ่น 2 เครื่อง
-เตียงนอน 3
-ตู้เสื้อผ้า 3
-โซฟารับแขก 1 
-โต๊ะทานข้าว 1
-ตู้เย็น 1 เครื่อง
-เครื่องซักผ้า 1 เครื่อง
สัญญาขั้นต่ำ 1 ปี
จ่ายเพียง ประกัน 2 เดือน ล่วงหน้า 1 เดือน ทั้งหมดเพียง จ่าย 3 เดือน เข้าอยู่ได้เลยจร้า
สนใจติดต่อ Pednoi (เป็ดน้อย) 0994728246
Id line:0994728246
https://line.me/ti/p/nsqIxB9oqF
Whatapp:0994728246
Weixin ID :NX997930
https://www.baandd-chiangmai
A house for rent near by 10 min to Charoen Charoen Market, No.13H667
清迈美丽的2层别墅出租 。每月租金 30,000 泰铢，。No.13H667
Rental monthly is 30,000 THB For 1 Year contact
Condition 1 month in advance & 2 months deposit
House spec : 3 Bedrooms, 3 bathrooms, 54 Sq.w. 
3 卧室，3 浴室。面积 54 平方哇。
Close to
-Big C Don Jan
-Chongfah Sinseung Wanich Bamrung School
-San Kamphaeng Hospital
Furniture
-Air conditioner 4
-Hot shower 2
-Bed 3
-Wardrobe 3
-Loungeset 1
-Dining table 1
-Refrigerator 1
-Washing machine 1
Contact us for more information : Pednoi (เป็ดน้อย) 0994728246
Id line:0994728246
https://line.me/ti/p/nsqIxB9oqF
Whatapp:0994728246
Weixin ID :NX997930
https://www.baandd-chiangmai
#บ้านเช่าเชียงใหม่ #Houseforrentchiangmai
#ချင်းမိုင်တွင်လုံးချင်းအိမ်ငှားရန်ရှိသည်။"
https://www.facebook.com/marketplace/item/1204388798182387/,"2 ห้องนอน 2 ห้องน้ำ - บ้าน
ราคา: ฿13,000/เดือน | ขาย
ให้เช่าบ้านเดี่ยว – บ้านดอนแก้ว, สารภี
💰 ค่าเช่า 13,000 บาท/เดือน
🏠 2 ห้องนอน | 🚿 2 ห้องน้ำ | 🍳 1 ห้องครัว | 🛋 1 ห้องรับแขก | 🚗 พื้นที่จอดรถ 3 คัน
✨ เฟอร์นิเจอร์และเครื่องใช้ไฟฟ้าครบ พร้อมเข้าอยู่
📍 ใกล้ตลาดสดน้ำโท้ง | Jungle Adventure Park | 7-Eleven
———

      出租独栋房屋 – 班东拷（Don Kaew），莎拉丕（Saraphi）
💰 租金：13,000 泰铢/月
🏠 2 间卧室 | 🚿 2 间浴室 | 🍳 1 间厨房 | 🛋 1 间客厅 | 🚗 可停车 3 辆车
✨ 家具与家电齐全，可直接入住
📍 靠近 Nam Thong 传统市场 | Jungle Adventure 公园 | 7-11
———

      House for Rent – Ban Don Kaew, Saraphi
💰 Rent: 13,000 Baht/Month
🏠 2 Bedrooms | 🚿 2 Bathrooms | 🍳 1 Kitchen | 🛋 1 Living Room | 🚗 Parking for 3 Cars
✨ Fully furnished with electrical appliances, ready to move in
📍 Near Nam Thong Market | Jungle Adventure Park | 7-Eleven

———ติดทรัพย์
          FCR89208
                                                                                                                                                        📞 Contact / 联系方式 / สนใจติดต่อ
Tel/WhatsApp: [hidden information]
Line ID: first_chayanin
WeChat: puchengen123"
https://www.facebook.com/marketplace/item/1204550464593238/,"3 ห้องนอน 2 ห้องน้ำ - บ้าน
ราคา: ฿6,500,000 | ขาย
ขายบ้านพร้อมที่ดินเนื้อที่ 298 ตารางวา
3 ห้องนอน 2 ห้องน้ำเดินทางสะดวกเพียง 5 นาที โซนสันพระเนตร บ้านสันศรี โอนคนละครึ่ง"
https://www.facebook.com/marketplace/item/1204768084752284/,"3 ห้องนอน 3 ห้องน้ำ - บ้าน
ราคา: ฿45,000/เดือน | ขาย
📣 ขาย/ให้เช่าบ้านใหม่ สันผีเสื้อ – เมืองเชียงใหม่
ใกล้ถนนวงแหวน เดินทางเข้าเมืองง่าย ใกล้ทุกความสะดวก

🏡 รายละเอียดบ้าน
 • 3 ห้องนอนกว้างขวาง
 • 3 ห้องน้ำ (พร้อมฝักบัวทุกห้อง)
 • 2 ห้องนั่งเล่น + ห้องโถงใหญ่
 • จอดรถได้ 2 คัน
 • พื้นที่ใช้สอย 195 ตร.ม.

💵 ราคาขาย : 4.79 ล้านบาท
🔥 ให้เช่า (พร้อมเฟอร์ฯ) : 45,000 บาท/เดือน

ของแถมจากโครงการ 🎉
✅ ปั๊มน้ำ Hitachi + ถังเก็บน้ำ 1,000 ลิตร
✅ กล้องวงจรปิด 4 จุดรอบบ้าน
✅ ระบบกำจัดปลวกทั้งหลัง
✅ ปูหญ้าสนามรอบบ้าน
✅ ไม่มีค่าส่วนกลาง

📍ทำเลสุดสะดวก
 • เพียง 10 นาทีจาก Central Chiangmai
 • ใกล้ตลาด โรงพยาบาล และโรงเรียนนานาชาติ NIS
 • ใกล้ศูนย์ราชการเชียงใหม่
 • เข้าเมืองได้หลายเส้นทาง

👩🏻‍💻 บริการยื่นสินเชื่อทุกธนาคารฟรี ไม่มีค่าใช้จ่าย
🔴 กรุณาแจ้งล่วงหน้า 1 วันก่อนเข้าชม 🔴
❌ งดแชร์พิกัดหากไม่ได้นัดหมาย ❌"
https://www.facebook.com/marketplace/item/1206653227855023/,"3 ห้องนอน 2 ห้องน้ำ - บ้าน
ราคา: ฿8,500,000 | ขาย
🏡ขาย บ้านเดี่ยว โซนท่าศาลา ✨
💸ราคาเริ่มต้น 8.5 ล้านบาท ค่าโอนคนละครึ่ง 💰
🌼ขนาดเนื้อที่ 196 ตร.ว.🌻
✨บ้านเดี่ยวหลังใหญ่ พร้อมเฟอร์นิเจอร์ ✨

✨รายละเอียดบ้าน : 

3 ห้องนอน 🛌
2 ห้องน้ำ 🛁🚿
1 ห้องรับแขก
1 ห้องครัวไทย
1 ห้องครัวฝรั่ง
1 ห้องแม่บ้าน
1 ห้องน้ำแม่บ้าน  

📌สถานที่ใกล้เคียง

โรงเรียนกาวิละวิทยาลัย – Kawila Wittayalai School
โรงพยาบาลราชเวช เชียงใหม่ – Rajavej Chiang Mai Hospital
ตลาดออมเมือง – Om Muang Market
บิ๊กซี ซูเปอร์เซ็นเตอร์ เชียงใหม่ ดอนจั่น – Big C Supercenter Chiang Mai Donchan
มหาวิทยาลัยฟาร์อีสเทอร์น – Far Eastern University
โรงเรียนมงฟอร์ตวิทยาลัย แผนกมัธยม – Montfort College Secondary Section

📞[hidden information] PK (พีเค)

Code : S4247

🏡 For Sale: Detached House, Tha Sala Zone ✨
💸 Starting price: 8.5 million baht, transfer fee split equally 💰
 🌼 Land Area: 196 sq.wah 🌻
 ✨ Spacious detached house, fully furnished ✨
✨ House Details:
3 Bedrooms 🛌
2 Bathrooms 🛁🚿
1 Living Room
1 Thai Kitchen
1 Western Kitchen
1 Maid's Room
1 Maid’s Bathroom

Code : S4247

#ที่ดีดีเชียงใหม่ #บ้านเช่า
#บ้านเช่าเชียงใหม่ #คอนโดให้เช่าเชียงใหม่  #บ้านเชียงใหม่  #เช่าคอนโดเชียงใหม่  #หอพักเชียงใหม่  #บ้าน
#คอนโด  #Condo"
https://www.facebook.com/marketplace/item/1206654424644648/,"ราคา: ฿9,900,000
  · มีในสต็อก | ขาย
H751-House for sale and rent (Serene Lake Chiangmai), Suthep, Mueang Chiang Mai, Chiang Mai
----------------------------
Selling price 9.9 million baht, half transfer fee
Rent 33,000 Baht
----------------------------
# Area of the house 148 sq.m.
# Total Land area 67.5 sq.war.
# 2-storey detached house
- 3 bedrooms, 3 bathrooms, 1 kitchen, living corner, relaxation corner, dining area
- Air conditioner and warm water, furniture ready to move in
- Install wallpaper throughout the house
- Garden area around the house
# Parking for 2 cars
----------------------------
# The village has a 24-hour security guard, a 2-storey guard system, the first floor of Serene Lake, the 2nd floor of Siwalee Lake View Village.
# Within the project there are tennis courts, fitness center, swimming pool, clubhouse, restaurant, coffee shop.
# Location of the village Can travel along the canal line and the Mae Hia-Hang Dong line The village is on the 2nd ring road.
-----------------------------
#Contact number 092-339-l9l9
# Line ID : Weer1973
----------------------------"
https://www.facebook.com/marketplace/item/1206756381377617/,"3 ห้องนอน 2 ห้องน้ำ - ทาวน์เฮาส์
ราคา: ฿15,000/เดือน | ขาย
🏡ให้เช่าโฮมออฟฟิศ 2 ชั้น  โซนหนองผึ้ง  สารภี🏡
เช่าในราคาเพียง 15,000 บาท สัญญา 1 ปี
ประกัน 2 เดือน ล่วงหน้า 1 เดือน

❌ ไม่รับสัตว์เลี้ยง ❌

รายละเอียด :
🛏 3 ห้องนอน 
🛁 2 ห้องน้ำ
🛋 1 ห้องนั่งเล่น
🍳 1 ห้องครัว
🚗 สามารถจอดรถได้ 2 คัน

รายละเอียดเพิ่มเติม :
✨ เครื่องปรับอากาศ
✨ เครื่องทำน้ำอุ่น 
✨ มุ้งลวด
✨ เตาแก๊ส
✨ เครื่องกรองน้ำดื่ม
✨ โซฟา
✨ ตู้เสื้อผ้า
✨ ตู้เย็น
✨ ไมโครเวฟ
✨ โทรทัศน์
✨ ชุดโต๊ะรับประทานอาหาร
✨ ปั๊มน้ำ
✨ เครื่องซักผ้า

ส่วนกลาง :
✅ ค่าเก็บขยะ

📍สถานที่ใกล้เคียง :
🚩 โรงพยาบาลหางดง
🚩 วัดป่าแดด
🚩 เซ็นทรัล เชียงใหม่
🚩 ท่าอากาศยานนานาชาติเชียงใหม่
🚩 โรงเรียนวชิราลัย จังหวัดเชียงใหม่

🏡2-storey home office for rent in Nong Phung, Saraphi area🏡
Rent for only 15,000 baht, 1-year contract
2-month security deposit, 1-month advance payment

❌ No pets allowed ❌

Details:
🛏 3 bedrooms
🛁 2 bathrooms
🛋 1 living room
🍳 1 kitchen
🚗 Parking for 2 cars

Additional details:
✨ Air conditioner
✨ Water heater
✨ Mosquito net
✨ Gas stove
✨ Water filter
✨ Sofa
✨ Wardrobe
✨ Refrigerator
✨ Microwave
✨ TV
✨ Dining table set
✨ Water pump
✨ Washing machine

Central:
✅ Garbage collection fee

📍Nearby places:
🚩 Hang Dong Hospital
🚩 Wat Pa Daed
🚩 Central Chiang Mai
🚩 Chiang Mai International Airport
🚩 Wachiralai School, Chiang Mai Province

Code : R2813
🚨บริษัท ที่ดีดี จำกัด | รับซื้อ | ขาย | เช่า
🚨จัดหาบ้าน,คอนโด ตามงบประมาณ
🚨รับทำ TM30 แจ้งต่างชาติเข้าพัก
🚨ดูแลตลอดสัญญาเช่า

📌นัดชมได้ทุกวัน | รับ CO-AGENT
Line : @teedd (มี@)
Tel : [hidden information]

#บ้าน #บ้านเช่า #บ้านเช่าเชียงใหม่
#คอนโด #เช่าคอนโด #คอนโดให้เช่า"
https://www.facebook.com/marketplace/item/1209206304222735/,"บ้าน 3 ห้องนอน 3 ห้องน้ำ
ราคา: ฿6,150,000 | ขาย
🏕บ้าน2ชั้นสร้างใหม่ โซนสันกำแพง เข้าเมืองง่าย🏕 
       ⚡⚡แบบ L Type⚡⚡
          💵 ราคา 6,150,000 💵
  ➖➖➖ค่าโอนคนละครึ่ง➖➖➖

📈 พื้นที่ใช้สอย 207 ตารางเมตร
📈 พื้นที่ 54.1 ตารางวา
🌟3 ห้องนอน
🌟3 ห้องน้ำ
🌟1 ห้องครัว
🌟1 ห้องรับแขก
🌟2 ที่จอดรถ

🎉🎉 ของแถมฟรี ❗
🧧ปั๊ม แท้งน้ำ 
🧧พื้นโรงจอดรถ 
🧧หลังคาโรงจอดรถ 
🧧เคาน์เตอร์ครัว 
🧧เมมเบอร์ 
🧧วางท่อและรับประกับปลวก 
🧧รับประกันโครงสร้าง 7 ปี

🚙 สถานที่ใกล้กับโครงการ 🚙
🚦โรงพยาบาลสันกำแพงเลย
🚦แยกแม่กวง
🚦ตลาดสามแยกสันทราย
🚦เซ็นทรัลเชียงใหม่

Code : S1370
🚨บริษัท ที่ดีดี จำกัด | รับซื้อ | ขาย | เช่า
🚨ซื้อสด รับส่วนลดพิเศษ
🚨จัดหาบ้าน,คอนโด ตามงบประมาณ
🚨สำหรับนักลงทุน พร้อมหาผู้เช่า
🚨เช็คบูโร,แก้เคส,ปิดหนี้,รวมหนี้
🚨ทำเอกสาร,วิเคราะห์สินเชื่อฟรี 
🚨ยื่นกู้ได้ทุกอาชีพ ไม่ต้องดาวน์

📌นัดชมได้ทุกวัน | รับ CO-AGENT
Line : @teedd (มี@)
Tel : [hidden information]

#บ้าน #ขายบ้าน #ขายบ้านเชียงใหม่
#คอนโด #ขายคอนโด #condo"
https://www.facebook.com/marketplace/item/1210236397588627/,"บ้าน 3 ห้องนอน 3 ห้องน้ำ
ราคา: ฿32,000/เดือน | ขาย
❌🐶🐱❌ 
v English below v
บ้านสวยให้เช่าเดือนละ 32,000 บาท ใกล้มีโชคพลาซ่าเพียง 5 นาที No.5H595
清迈美丽的2层别墅出租 。每月租金 32,000 泰铢，。No.5H595
บ้านเดี่ยวสองชั้น มี 3 ห้องนอน 3 ห้องน้ำ พื้นที่ 60 ตรว. พื้นที่ใช้สอย 150 ตรม.
3 卧室，3 浴室。面积 60 平方哇。面积 150 平方米。
สถานที่ใกล้เคียง
-โลตัสรวมโชค
-โรงเรียนนานาชาตินครพายัพ
-เซ็นทรัลเฟสติวัล
เฟอร์นิเจอร์ภายใน
-แอร์ 4 เครื่อง
-เครื่องทำน้ำอุ่น 2 เครื่อง
-เตียงนอน 3
-ตู้เสื้อผ้า 1
-โซฟารับแขก 1
-โต๊ะทานข้าว 1
-ทีวี 1 เครื่อง
-ตู้เย็น 1 เครื่อง
-ไมโครเวฟ 1 เครื่อง
-เครื่องซักผ้า 1 เครื่อง 
*ไม่อนุญาตเลี้ยงสัตว์
สัญญาขั้นต่ำ 1 ปี
จ่ายเพียง ประกัน 2 เดือน ล่วงหน้า 1 เดือน ทั้งหมดเพียง จ่าย 3 เดือน เข้าอยู่ได้เลยจร้า
สนใจติดต่อ แอร์ 066-1588246
Line id : 066-1588246 
(https://line.me/ti/p/bhPo_Q7tH0)
WeChat : baandeedeecnx
What app:+66 1588246
https://www.baandd-chiangmai.com

A house for rent good location near by 5 min to Meechok Plaza, No.5H595
清迈美丽的2层别墅出租 。每月租金 32,000 泰铢，。No.5H595
Rental monthly is 32,000 THB For 1 Year contact
Condition 1 month in advance & 2 months deposit
House spec : 3 Bedrooms, 3 bathrooms, 60 Sq.w. 150 Sq.m.
3 卧室，3 浴室。面积 60 平方哇。面积 150 平方米。
Close to
-Lotus Ruamchok
-Nakornpayap International School
-CentralFestival
Furniture
-Air conditioner 4
-Hot shower 2
-Bed 3
-Wardrobe 1
-Loungeset 1 
-Dining table 1 
-Television 1
-Refrigerator 1 
-Microwave 1
-Washing machine 1 
*No pets allowed
Contact us for more information : Aire 066-1588246
Line id : 066-1588246
(https://line.me/ti/p/bhPo_Q7tH0)
WeChat : baandeedeecnx
What app:+66 1588246
https://www.baandd-chiangmai.com
#บ้านเช่าเชียงใหม่ #Houseforrentchiangmai
#ချင်းမိုင်တွင်လုံးချင်းအိမ်ငှားရန်ရှိသည်။"
https://www.facebook.com/marketplace/item/1210486664433172/,"3 ห้องนอน 3 ห้องน้ำ - บ้าน
ราคา: ฿1,499,000 | ขาย
Pool villa for sale 14.99 Mb.🔶1-0-73 sqw. 2-story house #HangDong District #NamPhrae #Modern style, Large house with private swimming pool. #Built-in furniture Wide area, can enter and exit in 2 ways.

Land area 1 Rai 73 sqw.
Usable area 380 square meters
3 bedrooms, 3 bathrooms
1 living room
kitchen
Salt system swimming pool
Parking for 2-4 cars

💵Selling price 14.99 million baht (negotiable)
More details
 k.Yong Kimberly 
[hidden information] line
สุดคุ้ม 14.99 ล้าน 🔶1-0-73 ตรว. บ้าน 2 ชั้น #หางดง #น้ำแพร่ #สไตล์โมเดิร์น บ้านหลังใหญ่ พร้อมสระว่ายน้ำส่วนตัว #เฟอร์นิเจอร์บิ้วอิน เนื้อที่กว้าง เข้า-ออก ได้ 2 ทาง 

เนื้อที่ดิน 1 ไร่ 73 ตารางวา
พื้นที่ใช้สอย 380 ตารางเมตร
3 ห้องนอน 3 ห้องน้ำ
1 ห้องนั่งเล่น
ห้องครัว
สระว่ายน้ำระบบเกลือ
ที่จอดรถ 2-4 คัน

💵ราคาขาย 14.99 ล้านบาท (ต่อรองได้)
Contract [hidden information] line
Co proker"
https://www.facebook.com/marketplace/item/1211388284381166/,"1 ห้องนอน 1 ห้องน้ำ - อพาร์ทเมนท์
ราคา: ฿2,790,000 | ขาย
ขายคอนโด The Prio Condo เชียงใหม่ ตรงข้ามเซ็นทรัลแอร์พอร์ต‼️ ทำเลทอง ใกล้สนามบิน ห้องใหม่เอี่ยม ไม่เคยอยู่อาศัย
📍เพียง 2.79 ล้านบาท (โอน 50:50) 📍
ขนาดห้อง 38.47 ตร.ม. ชั้น 14 ห้อง 1432
1 ห้องนอน | 1 ห้องน้ำ | 1 ห้องนั่งเล่น | 1 ห้องครัว
กั้นห้องเป็นสัดส่วนอย่างลงตัว

🏡 เฟอร์นิเจอร์ครบ พร้อมหิ้วกระเป๋าเข้าอยู่ได้ทันที
 • โต๊ะกินข้าว + เก้าอี้ 2 ตัว
 • ชุดครัวบิ้วอิน
 • แอร์ Samsung 2 เครื่อง
 • ตู้เย็น / Smart TV 55” / เครื่องซักอบฝาหน้า
 • เครื่องทำน้ำอุ่น / ไมโครเวฟ
 • เตียง 6 ฟุต / ตู้เสื้อผ้า / โต๊ะเครื่องแป้ง
 • Digital Door Lock

📍ทำเลทอง ใกล้ทุกจุดสำคัญ
 • โรบินสัน / เซ็นทรัลแอร์พอร์ต – 1 นาที
 • สนามบินเชียงใหม่ – 7 นาที
 • อิเกีย เชียงใหม่ – 7 นาที
 • รพ.มหาราชนครเชียงใหม่ – 7 นาที
 • มหาวิทยาลัยเชียงใหม่ – 11 นาที
 • ถนนนิมมานเหมินท์ – 12 นาที

📍แผนที่: https://maps.app.goo.gl/icTVyzkZZT23Bfuq7?g_st=ipc

☎️ สนใจนัดชมห้อง / สอบถามเพิ่มเติม
โทร. 096-6988871 (เก้า)

#ThePrioChiangMai #ThePrioคอนโด #ขายคอนโดเชียงใหม่ #คอนโดใกล้สนามบินเชียงใหม่ #คอนโดตรงข้ามเซ็นทรัลแอร์พอร์ต #คอนโดใหม่ไม่เคยอยู่ #คอนโดพร้อมอยู่เชียงใหม่ #ลงทุนคอนโดเชียงใหม่ #คอนโดเชียงใหม่วิวดี #คอนโดแต่งครบพร้อมอยู่ #ขายคอนโดราคาดี #ChiangMaiCondo #ChiangMaiProperty #CondoForSaleChiangMai"
https://www.facebook.com/marketplace/item/1213410590609811/,"บ้าน 3 ห้องนอน 3 ห้องน้ำ
ราคา: ฿3,700,000 | ขาย
🎈ราคาเริ่มต้นที่ 3.7 ล้าน #โซนสันทราย #บ้านสร้างใหม่ 2 ชั้น ดีไซน์ #มินิมอลนอร์ดิก สวยโดดเด่นไม่เหมือนใคร | อยู่เชียงใหม่…แต่ได้ฟีลยุโรปแบบที่คุณรัก 🖤ฟังก์ชันครบทั้งความสวย + การใช้ชีวิตจริง

บ้าน Concept Black&White ที่มีทั้งบ้านเดี่ยว และบ้านแฝด ฟังก์ชันครบครัน ใช้ชีวิตไม่มีสะดุด และมาพร้อมข้อเสนอสุดพิเศษ

🏠 แบบบ้าน 2 รูปแบบให้เลือกตามไลฟ์สไตล์
🔹 แบบ Standard
พื้นที่ใช้สอย 186 ตร.ม.
ที่ดิน 44-59 ตร.ว.
3-4 ห้องนอน | 3 ห้องน้ำ
1 ห้องอเนกประสงค์ | 1 ห้องนั่งเล่น | 1 ห้องครัว
ห้องใต้หลังคา | จอดรถ 2 คัน

🔹 แบบ Extended
พื้นที่ใช้สอย 199 ตร.ม.
ที่ดิน 47-159 ตร.ว.
3-4 ห้องนอน | 3 ห้องน้ำ
1 ห้องอเนกประสงค์ | 1 ห้องนั่งเล่น | 1 ห้องครัว
จอดรถ 2 คัน
เพิ่มระเบียงหลังบ้านชั้น 2 ขนาด 2x6.5 เมตร

🎁ของแถมฟรีสุดคุ้ม!
ฟรี! แอร์ 12,000 BTU 1 เครื่อง + 9,000 BTU 2 เครื่อง
ฟรี! ค่าโอนกรรมสิทธิ์
ฟรี! ค่าสมาชิกคลับเฮ้าส์ 1 ปี
ฟรี! มิเตอร์น้ำ-ไฟ + ปั๊มน้ำ + ถังเก็บน้ำ
ฟรี! ประตูรีโมท
และของแถมอื่นๆ อีกเพียบ

📌ใกล้สถานที่สำคัญ:
มหาวิทยาลัยแม่โจ้
โรงพยาบาลสันทราย
กาดมีโชค
เซ็นทรัลเฟสติวัล เชียงใหม่

📢จองเพียง 999 บาทเท่านั้น

#New Modern Nordic-Style Home | Starting from 3.7 MB | #SanSai, Chiang Mai
Live in Chiang Mai – Feel like Europe 🇪🇺
Modern Black & White minimalist homes with full functionality and special offers!

🏡 Available in 2 Options:
🔹 Standard Type
Land: 44–59 sq.wah
Usable Area: 186 sq.m.
3–4 Bedrooms | 3 Bathrooms
Multi-purpose room, living, dining, kitchen
Attic space | 2 Parking spaces

🔹 Extended Type
Land: 47–159 sq.wah
Usable Area: 199 sq.m.
3–4 Bedrooms | 3 Bathrooms
Multi-purpose room, living, dining, kitchen
2 Parking spaces
Extra 2×6.5m balcony at the back (2nd floor)

🎁Special Promotions:
FREE 12,000 BTU aircon x1 + 9,000 BTU x2
FREE transfer fee
FREE clubhouse membership (1 year)
FREE water & electricity meters
FREE water tank + pump
FREE remote gate & more!

📍Nearby Landmarks:
Maejo University
Sansai Hospital
Meechok Plaza
Central Festival Chiang Mai

📢Booking only 999 THB!

อยากได้อสังหาโซนไหน สอบถามเข้ามาได้เลย
m.me/northernlandchiangmai  
-----------------------------------------------------
ต้องการอสังหาแบบไหนที่ Northern Land Chiangmai
เรามีครบ ครอบคลุม #ทั่วเชียงใหม่ ไม่ว่าจะเป็น
#พูลวิลล่า #บ้านใหม่ #บ้านมือสอง #บ้านเช่า #คอนโด 
#อสังหาพร้อมผู้เช่า #หอพัก #อพาร์ทเม้นท์ #ที่ดิน

💖บริการยื่นสินเชื่อทุกธนาคารฟรี ไม่มีค่าใช้จ่าย💖

🔶ยินดีให้คำปรึกษา กู้ได้ทุกอาชีพ พ่อค้าแม่ค้า พนักงานประจำ เจ้าของธุรกิจ 

Northern Land Chiangmai ยินดีให้คำปรึกษาทุกกรณี ติดต่อได้ที่ :
🌐 Website : www.habanchiangmai.com
🌐 Website : www.northernlandchiangmai.com
 📱 Line : @habanchiangmai หรือ https://lin.ee/netCDYF
💌 YouTube : Northernland&house Chiangmai
💌TIKTOK : @northerland_cnx
📞 Call : 0869238951/ 0655306944 / 0859646661

#บ้านเชียงใหม่
#บ้านราคาถูกเชียงใหม่
#บ้านมือสองเชียงใหม่
#บ้านสร้างใหม่เชียงใหม่
#บ้านทำเลดีเชียงใหม่
#บ้านพร้อมอยู่เชียงใหม่
#พูลวิลล่าเชียงใหม่
#NorthernlandChiangmai
#อสังหาพร้อมผู้เช่าเชียงใหม่
#บ้านสวยเชียงใหม่
#บ้านพร้อมเฟอร์นิเจอร์เชียงใหม่
#บ้านสวนเชียงใหม่
#NorthernlandandHousechiangmai #Northernland"
https://www.facebook.com/marketplace/item/1214907553789351/,"4 ห้องนอน 5 ห้องน้ำ - บ้าน
ราคา: ฿3,799,000 | ขาย
🏠 ขายบ้านพร้อมอยู่ เนื้อที่ 167 ตารางวา
ตัวบ้าน 184 ตารางเมตร น้ำไม่ท่วมครับ

🎈ถ. ตัดใหม่โรงพยาบาล - ท่าจักร
บ้านลำพูนคันทรีโฮม 3
ติดถนน 4 เลนบ้านหันหน้าไปทิศตะวันออก

🛌 4 ห้องนอน
🪞 5  ห้องน้ำ
🎈 1  ห้องครัว
🌷 1 ห้องรับแขก
🚗  โรงจอดรถ 3 คัน
       มีพื้นที่จอดหน้าบ้านได้อีก 5 คัน

🎉 แถมแอร์  4 ตัว
🎉 แถมเครื่องทำน้ำอุ่น  4 เครื่อง
🎉  แถมแทงค์น้ำสแตนเลส  1000 ลิตร
🎉  ผ้าม่านเหล็กดัดทั้งหลัง

🐠🐠บ่อปลาคราฟ หน้าบ้าน
🏞️ ข้างบ้านเป็นทุ่งนาวิวสวย
🌲 หน้าบ้านมีต้นไม้ร่มรื่น
 🎈หน้าบ้านมีไฟกิ่งส่องสว่างสุดถนน

 🎈ขายเพียง 3,799,000
โอนฟรีครับ

โทร [hidden information] คุณต้น
📣📣"
https://www.facebook.com/marketplace/item/1215103233974390/,"3 ห้องนอน · 3 ห้องน้ำ
ราคา: ฿25,000/เดือน | ขาย
✅เช่า 25,000฿/เดือน

โครงการบ้าน Holm สันผีเสื้อ เชียงใหม่
ที่ตั้ง: วงแหวนรอบ 2 ต.สันผีเสื้อ อ.เมือง จ.เชียงใหม่ 50300
ประเภทโครงการ:  บ้านแฝด หลังมุม
ออกแบบโมเดิร์น-minimalist 
ที่ดิน 37 ตาราวา พื้นที่ใช้สอยประมาณ 145 ตร.ม. 
3 ห้องนอน 3 ห้องน้ำ 1 ห้องเอนกประสงค์
ที่จอดรถ 2 คัน
พื้นที่จัดสวน รอบบ้าน

สิ่งอำนวยความสะดวก
• สระว่ายน้ำ ระบบเกลือ ขนาด 3.3 x 10 เมตร ลึก 1.3 เมตร
• ฟิตเนส
• CCTV และเจ้าหน้าที่รักษาความปลอดภัย
• คลับเฮาส์
• Co-Working Space

การเดินทางสะดวก
• มีโชคพลาซ่า 4 กม.
• เซ็นทรัลเฟสติวัล เชียงใหม่ 7 กม.
• สนามบินเชียงใหม่ 14 กม. 
โรงเรียนนานาชาติ Napa
รพ.เชียงใหม่เทพปัญญา


ทำเลดี – ใกล้ทั้งแหล่งท่องเที่ยวและธุรกิจ
สภาพแวดล้อมสงบ – เหมาะสำหรับพักอาศัยหรือลงทุนให้เช่า
โอกาสทางการลงทุน – เชียงใหม่เป็นเมืองท่องเที่ยวสำคัญ มีความต้องการเช่าสูงทั้งระยะสั้นและยาว
กฎหมายเอื้อนักลงทุนต่างชาติ – สามารถซื้อได้ผ่านกรรมสิทธิ์เช่า 30 ปี + ต่ออายุ หรือตั้งบริษัท

สอบถามเพิ่มเติม หรือ นัดดูบ้าน โทร[hidden information] Agยุ้ย"
https://www.facebook.com/marketplace/item/1215478247095308/,"3 ห้องนอน 2 ห้องน้ำ - บ้าน
ราคา: ฿3,290,000 | ขาย
บ้าน 2 ชั้นพิกัดบุญโยง แปลงที่ 9 

พื้นที่ใช้สอย 190 ตรม ที่ดิน 77 ตรว

ขายราคา 3.29 ล้าน ยื่นเอกสารกู้อนุมัติไว

โทร [hidden information] เซลส์กฤษ"
https://www.facebook.com/marketplace/item/1216500950519858/,"1 ห้องนอน · 1 ห้องน้ำ
ราคา: ฿25,000/เดือน | ขาย
[For Rent] 
LIV@Nimman Condominium, located on Nimmanheamin Rd.
- 240 m. to One Nimman shopping mall
- 500 m. to MAYA shopping mall
- 45 sq.m. unit 
- 1 Bedroom with king-size (6-foot) bed
- 1 Living room and Kitchen
- 1 Bathroom with Bathtub and Shower 
- Private balcony
- Fully furnished with home appliances (including washer & dryer, MEX range hood, sleek Smeg ceramic hob, 55-inch smart TV, handwoven grass rug from India, sofa, and etc)
- Keycard access systems
- Equipped Gym, Swimming pool, Sauna, Steam room
- Library/ Co-working and Reception space with Fee Wi-Fi coverage
- 24 hr security
- Parking

◼️Rental Price : 25,000 Baht per month for a 1-year contract 

[ให้เช่า] คอนโด LIV@NIMMAN condominium ถนนนิมมานเหมินทร์ ซอย 2 
- ขนาด 45 ตร.ม. มีระเบียง
- 1 ห้องนอน, 1 ห้องนั่งเล่นและพื้นที่ครัว, 1 ห้องน้ำ พร้อมอ่างอาบน้ำ
- เฟอร์นิเจอร์และเครื่องใช้ไฟฟ้า พร้อมเข้าอยู่
- ประตูระบบคีย์การ์ด
- ห้องฟิตเนส, สระว่ายน้ำ, ห้องซาวน่า 
- ห้องทำงาน
- รปภ. 24 ชม.
- ที่จอดรถ

◼️ ราคาเช่า 25,000 บาท/เดือน สัญญา 1 ปี
--------------------------------
Line/Tel : [hidden information], [hidden information]"
https://www.facebook.com/marketplace/item/1218199320158500/,"ราคา: ฿2,450,000 | ขาย
🏡✨บ้านสวยสไตล์ปั้นหยา ทำเลทอง พร้อมเข้าอยู่🎉
💸 ราคาเพียง 2.45 ลบ.⛳️ใกล้เซ็นทรัลเฟสติวัล
📍พิกัดท่ารั้ว-สันปูเลย 64 ตรว.

>> บ้านสวยสร้างใหม่ พร้อมเก็บกระเป๋าเข้าอยู่ได้เลย ทำเลดี  เดินทางเข้าออกสะดวก ใช้วัสดุคุณภาพดีทั้งหลัง

• 3 ห้องนอน 2 ห้องน้ำ 1 ห้องครัว 4 ที่จอด 
• ไม่มีค่าส่วนกลาง

🎁 รายการของแถม🎁
-ฟรีค่าโอน
-ฟรีมิเตอร์น้ำ-มิเตอร์ไฟ
-ฟรีจัดสวนรอบบ้าน
-ฟรีเตาแก๊สแบบฝัง+ ฮูดดูดควัน
-ฟรีปั๊มน้ำ+แท็งก์น้ำ
-ฟรีกระเบื้องพิมพ์ลาย
-ฟรีระบบท่อกำจัดปลวกรอบบ้าน

+ ใกล้เทศบาลสันปูเลย
+ ใกล้ตลาดท่ารั้ว
+ ใกล้ถนนวงแหวนรอบ 3
————————————————————
ปรึกษาและสอบถามรายละเอียดเพิ่มเติม
📲 โทร 083-1492594 คุณหยิม
Line ID : 0815307708

📲 โทร 098-4416442 
บริษัท เจตจิรัฐ กรุ๊ป จำกัด
Line ID : 0984416442

👇🏻สอบถามข้อมูลเพิ่มเติม
https://bio.link/jetchiratgroup

👇สนใจบ้านนอกโครงการเชียงใหม่
ข้อมูลเพิ่มเติมที่เว็บไซต์
www.jetchiratgroup.com

— งดแชร์พิกัดหากไม่ได้นัด — 
      >> นัดล่วงหน้า 1 วัน <<

#บ้านดีเชียงใหม่ #บ้านนอกโครงการ #บ้านราคาถูก #บ้านเชียงใหม่ #ขายบ้านเชียงใหม่ #อสังหาริมทรัพย์ #อสังหาริมทรัพย์เชียงใหม่ #บ้านพร้อมที่ดิน #บ้านพร้อมอยู่ #บ้านพร้อมอยู่เชียงใหม่ #ท่ารั้ว #บ้านใกล้เมือง#บ้านท่ารั้ว"
https://www.facebook.com/marketplace/item/1218470816796720/,"3 ห้องนอน 1 ห้องน้ำ - บ้าน
ราคา: ฿980,000 | ขาย
🏡 ตามหาคนผ่อนบ้านเดือนละ 3,800บาท/เดือน 

บ้านพร้อมอยู่ ทำเลดี เดินทางสะดวก ใกล้ตลาด โรงเรียน และชุมชนที่อยู่อาศัยอบอุ่น✨
พิกัด 🎖️ พิชัย ลำปาง

📍รายละเอียดบ้าน

3 ห้องนอน

1 ห้องน้ำ

1 ห้องครัว

1 ที่จอดรถ
พื้นที่ใช้สอยลงตัว เหมาะสำหรับครอบครัวขนาดเล็กถึงกลาง

💰ราคาเพียง 980,000 บาทเท่านั้น!!
เป็นเจ้าของได้ง่ายๆ ราคาน่ารักสุดคุ้ม

📞 สนใจติดต่อ : [hidden information]
รีบเลย บ้านทำเลดีแบบนี้มีไม่บ่อยนะคะ ❤️
"""" ลำปาง ซิตี้ """" 
ลำปาง NPA ที่ดิน บ้านสวยลำปาง บ้านมือสองลำปาง 
ลำปางขายม่วน 
ลำปาง City 
ลำปางโพสต์ - Lampang Post ข่าวลำปาง 
ที่ดิน ลำปาง ซื้อ ขาย บ้าน ที่ดิน ทำเลดี 
ที่ดินลำปาง 
ที่ดินลำปางราคาถูก 
ที่ดินสร้างบ้านลำปาง"
https://www.facebook.com/marketplace/item/1218850713596203/,"บ้าน 4 ห้องนอน 5 ห้องน้ำ
ราคา: ฿42,000,000 | ขาย
ขายบ้านในโครงการ 2 ชั้น  สร้างใหม่สวย หรู พร้อมเลควิวหลังบ้าน #แม่ริม - ราคา   42      ล้านบาท ✨新建房屋出售 4 卧室 5 卫生间 - 价格    42     MB ✨
CMR100271
🛎ขายบ้านเดี่ยวสองชั้น มี  4 ห้องนอน  5 ห้องน้ำ  1 ห้องครัว  ที่จอดรถ  3  คัน
🛎ขนาดที่ดิน   421   ตรว. พื้นที่ใช้สอย  1,187  ตรม.
🛎ขายราคา  42  ล้านบาท !!!!โอนคนละครึ่ง
📍พร้อมเลควิวหลังบ้าน ระบบการรักษาความปลอดภัย 24 ชม
📍พร้อมดำเนินการซื้อขาย สินเชื่อฟรี ทุกขั้นตอน 
🛌ของแถม
-เครื่องปรับอากาศ  9
-เตียงนอน 4
-ตู้เสื้อผ้า 4
-โต๊ะเครื่องแป้ง 4
-ตู้เย็น 2
-โทรทัศน์ 2
-ชุดรับแขก 2
-เตา+ฮูดดูดควัน
-โต๊ะอาหาร
-เตาอบ+ไมโครเวฟ
🚙สถานที่สำคัญใกล้เคียง
-แม็คโคร    3.1 กม.
-ตลาดแม่ริม    5.1  กม.
-แม่ริมพลาซ่า    4.3 กม.
-ที่ว่าการอำเภอแม่ริม    4 กม.

CMR100271
🛎Two-storey detached house for sale  4 bedrooms 5 bathrooms and 3 parkings.
🛎Area   421  sq.wha.area  1,187 sq m.
🛎The price is at THB  42  million.
🛌Free gift
- Air Conditioner
- Bed
- Wardrobe
- Dressing Table
- Refrigerator
- Television
- Living Room Set
- Stove + Hood
- Dining Table
- Oven + Microwave
🚙Close to
- Makro 3.1 km
- Mae Rim Market 5.1 km
- Mae Rim Plaza 4.3 km
- Mae Rim District Office 4 km

.
#บ้านมือสองเชียงใหม่ #บ้านเชียงใหม่
#บ้านขายราคาถูกเชียงใหม่ #ซื้อบ้านเชียงใหม่
#บ้านเชียงใหม่ #บ้านจัดสรรเชียงใหม่ #ขายบ้านต่ำกว่าราคาประเมิน
#บ้านขายสร้างเองเชียงใหม่ #houseforsale
#chiangma #villa #บ้านเขายแม่ริม
#ขายบ้านสันทราย #บ้านขายหางดง
#ขายบ้านสันกำแพง #บ้านขายดอยสะเก็ด"
https://www.facebook.com/marketplace/item/1219822973221646/,"5 ห้องนอน 4 ห้องน้ำ - บ้าน
ราคา: ฿1,590,000 | ขาย
🎈ขายบ้านหรู 15.9 ล้าน – Luxury Modern English Style

#พฤกษาทอง #สันผีเสื้อ #เชียงใหม่

🏡 บ้านเดี่ยว 2 ชั้น สไตล์อังกฤษหรูหรา ใจกลางเมือง
เนื้อที่ 86 ตร.ว. | พื้นที่ใช้สอย 300 ตร.ม.
5 ห้องนอน | 4 ห้องน้ำ
ครัวไทย + ครัวฝรั่งแยกสัดส่วน
รองรับผู้สูงอายุ (มีห้องนอนชั้นล่าง พร้อมห้องน้ำในตัว)

⸻

✨จุดเด่นพิเศษ

▪️ ดีไซน์หรู Modern English Style สวยเรียบเหนือระดับ
▪️ Double Volume Ceiling เพดานสูง โปร่ง รับแสงธรรมชาติ
▪️ Open Plan Layout Living–Dining–Kitchen เชื่อมต่อลงตัว
▪️ ตรงข้ามคลับเฮ้าส์ & ใกล้สระว่ายน้ำ เพิ่มความเป็นส่วนตัว
▪️ รายล้อมด้วยโครงการบ้านหรู เช่น เศรษฐศิริ, Habitat, ลัดดารมย์

⸻

🎁ของแถมจัดเต็ม พร้อมเข้าอยู่!

✔️ แอร์ 6 เครื่อง
✔️ เครื่องทำน้ำอุ่น 3 + เครื่องทำน้ำร้อน 1
✔️ ทีวี, ตู้เย็น, เครื่องซัก–อบผ้า
✔️ EV Charger, เตาอบ
✔️ ม่าน + มุ้งลวดทั้งหลัง
✔️ สวนส่วนตัวรอบบ้าน

⸻

💰 ราคาพิเศษเพียง 15.9 ล้านบาท

เฟอร์นิเจอร์ครบ ฟรีโอน พร้อมเข้าอยู่ทันที!

⸻

📍ทำเลทอง เดินทางสะดวก ใจกลางเมือง
• ศาลากลางเชียงใหม่ 3.8 กม.
• Central Festival 7 กม.
• รพ.นครพิงค์ 2.8 กม.
• ตลาดรวมโชค & ริมปิง 2.8 กม.
• รร.นานาชาติ Nakornpayap 0.5 กม. | Napa School 0.7 กม.

⸻

🇬🇧 Luxury Home for Sale – Modern English Style

📍 San Phi Suea, Chiang Mai | 15.9 MB
5 BR | 4 BA | 86 sq.wah | 300 sq.m. usable area
✨ Fully Furnished | Ready to Move In

⸻

📲 นัดชม/สอบถามเพิ่มเติม
LINE: @habanchiangmai
โทร: [hidden information] | [hidden information] | [hidden information]
🌐 www.habanchiangmai.com

⸻

#บ้านหรูเชียงใหม่ #LuxuryHomeChiangMai #บ้านพร้อมอยู่เชียงใหม่ #บ้านสไตล์อังกฤษ #บ้านใจกลางเมืองเชียงใหม่ #NorthernLandChiangmai #บ้านสันผีเสื้อ"
https://www.facebook.com/marketplace/item/1220599949838253/,"2 ห้องนอน · 2 ห้องน้ำ
ราคา: ฿23,000/เดือน | ขาย
code:  HR286

ให้เช่าทาวน์โฮม โครงการ Golden Town รวมโชค
2 ห้องนอน | 2 ห้องน้ำ | เฟอร์นิเจอร์และเครื่องใช้ไฟฟ้าครบ | ค่าเช่า 23,000 บาท/เดือน (รวมค่าส่วนกลาง)
บ้านตกแต่งพร้อมเข้าอยู่ ในโครงการคุณภาพ บรรยากาศเงียบสงบ ทำเลดี เดินทางสะดวก ใกล้แหล่งชุมชนและห้างสรรพสินค้า
รายละเอียดบ้าน:
2 ห้องนอน
2 ห้องน้ำ
1 ห้องนั่งเล่น
1 ห้องครัว
ที่จอดรถ 2 คัน
เฟอร์นิเจอร์และเครื่องใช้ไฟฟ้า:
เตียงนอนพร้อมชุดเครื่องนอน
ตู้เสื้อผ้า
โต๊ะเครื่องแป้ง
โซฟา
โต๊ะรับประทานอาหาร
โทรทัศน์ 1 เครื่อง
เครื่องปรับอากาศ 3 เครื่อง
เครื่องทำน้ำอุ่น 2 เครื่อง
เครื่องซักผ้า
ตู้เย็น
ไมโครเวฟ
เตาอบ
เครื่องกรองน้ำดื่ม
มุ้งจีบ
สิ่งอำนวยความสะดวกในโครงการ:
ประตู Digital Door Lock
ระบบรักษาความปลอดภัยตลอด 24 ชั่วโมง
ฟิตเนส
สระว่ายน้ำ
สถานที่ใกล้เคียง:
รวมโชคมอลล์ 1 กม.
โรงพยาบาลเทพปัญญา 3 กม.
เซ็นทรัลเฟสติวัล 4 กม.
โรงเรียนนานาชาติ NIS 5 กม.
ศูนย์ราชการ 6 กม.
มหาวิทยาลัยพายัพ 7 กม.
ค่าเช่า:
23,000 บาทต่อเดือน (รวมค่าส่วนกลางแล้ว)

Townhome for Rent – Golden Town Ruamchok Project
2 Bedrooms | 2 Bathrooms | Fully Furnished | 23,000 THB/month (Including Common Fees)
Comfortable, fully equipped townhome in a peaceful gated community. Convenient location near shopping centers, hospitals, and international schools.
Property Details:
2 bedrooms
2 bathrooms
1 living room
1 kitchen
Parking for 2 cars
Included Furniture & Appliances:
Beds with bedding sets
Wardrobes
Dressing table
Sofa
Dining table
1 television
3 air conditioners
2 water heaters
Washing machine
Refrigerator
Microwave
Oven
Drinking water filter
Pleated insect screens
Project Facilities:
Digital door lock
24-hour security system
Fitness center
Swimming pool
Nearby Landmarks:
Ruamchok Mall – 1 km
Theppanya Hospital – 3 km
Central Festival – 4 km
NIS International School – 5 km
Government Center – 6 km
Payap University – 7 km
Rental Price:
23,000 THB/month (common fees included)

Location 📍https://maps.app.goo.gl/JbZyKdBFQZez7TfG8?g_st=ac
 👇INQUIRY & VIEWING👇
🍀For Rent:  189 Real Estate👉 https://www.facebook.com/189realestate 
🍀 For Sale: 189 House For Sale
https://www.facebook.com/share/1ZibLg6wQf/
🍀LINE ID:  @499KCGMJ 👉 https://lin.ee/wiY7MNT 
🍀WhatsApp:   https://wa.me/+660617975152
🍀 WeChat ID:  Housecnx 
☎️ 062-9179535 , 061-7975152

#บ้านเช่าเชียงใหม่  #บ้านพร้อมอยู่  #บ้านในตัวเมืองเชียงใหม่  #ทาวน์เฮ้าส์เชียงใหม่   #โฮมทาวน์เชียงใหม่  #พูลวิลล่าเชียงใหม่  #ซื้อบ้านเชียงใหม่ #ขายบ้านเชียงใหม่  #houseforrent  #houseforsale  #houseinchiangmai  #townhouse  #hometown  #poolvilla  #poolvillachiangmai  #chiangmaithailand"
https://www.facebook.com/marketplace/item/1220784269843299/,"ราคา: ฿2,150,000 | ขาย
📣📣จะซื้ออยู่เองก็คุ้ม หรือสายรีโนเวต ปรับโฉมทำกำไรต่อได้ ลดราคาประชดหลุดจอง เหลือเพียง 2.15 ล้าน จาก 2.3 ล้าน 
✔️บ้านในโครงการกาญจน์กนกวิลล์ 1 ท่ารั้ว ดอยสะเก็ดเชียงใหม่ ใกล้แยกท่ารั้ว แยกแม่กวง ห้างเซ็นเฟส
✔️ทำความสะอาดก่อนส่งมอบ เข้าอยู่ได้เลย
✔️เนื้อที่ 54.2 ตารางวา 
✔️ตัวบ้าน 3 ห้องนอน 3 ห้องน้ำ ห้องนั่งเล่น ห้องครัว ต่อเติมโรงรถ ครัวด้านหลัง ลานซักล้าง
✔️ฟรีเฟอร์นิเจอร์ในบ้าน แอร์ น้ำอุ่น 
✔️ สนใจ [hidden information] เบอร์พร้อม LINE ค่ะ"
https://www.facebook.com/marketplace/item/1222604999623899/,"บ้าน 3 ห้องนอน 2 ห้องน้ำ
ราคา: ฿22,000/เดือน | ขาย
🏡ให้เช่า บ้านรีโนเวทใหม่  โซนบ้านแหวน  หางดง🏡
เช่าในราคาเพียง 22,000 บาท สัญญา 1 ปี
ประกัน 2 เดือน ล่วงหน้า 1 เดือน

📏 ขนาดห้อง 65 ตร.ว.
❌ ไม่รับสัตว์เลี้ยง

รายละเอียด :
🛏 3ห้องนอน 
🛁 2 ห้องน้ำ
🛋 1 ห้องรับแขก
🍳 1 ห้องครัว
🚗 สามารถจอดรถได้ 1 คัน

รายละเอียดเพิ่มเติม :
✨ เฟอร์นิเจอร์
✨ ตู้เย็น
✨ เตา

📍สถานที่ใกล้เคียง :
🚩 วัดอินทราวาส (วัดต้นเกว๋น)
🚩 กาดผักหวาน
🚩 โรงพยาบาลราชเวช เชียงใหม่
🚩 โรบินสัน เชียงใหม่ แอร์พอร์ต
🚩 มหาวิทยาลัยนอร์ท-เชียงใหม่

🏡For rent, newly renovated house, Ban Waen area, Hang Dong🏡
Rent for only 18,000 baht, 1 year contract
2 months deposit, 1 month advance payment

📏 Room size 65 sq.w.
❌ No pets allowed

Details:
🛏 3 bedrooms
🛁 2 bathrooms
🛋 1 living room
🍳 1 kitchen
🚗 Parking for 1 car

Additional details:
✨ Furniture
✨ Refrigerator
✨ Stove

📍Nearby places:
🚩 Wat Inthawas (Wat Ton Kwen)
🚩 Kad Phak Wan
🚩 Rajavej Hospital Chiang Mai
🚩 Robinson Chiang Mai Airport
🚩 North-Chiang Mai University

Code : R2859
🚨บริษัท ที่ดีดี จำกัด | รับซื้อ | ขาย | เช่า
🚨จัดหาบ้าน,คอนโด ตามงบประมาณ
🚨รับทำ TM30 แจ้งต่างชาติเข้าพัก
🚨ดูแลตลอดสัญญาเช่า

📌นัดชมได้ทุกวัน | รับ CO-AGENT
Line : @teedd (มี@)
Tel : [hidden information]

#บ้าน #บ้านเช่า #บ้านเช่าเชียงใหม่
#คอนโด #เช่าคอนโด #คอนโดให้เช่า"
https://www.facebook.com/marketplace/item/1222754319695209/,"บ้าน 4 ห้องนอน 4 ห้องน้ำ
ราคา: ฿11,482,000 | ขาย
🏡ขายพูลวิลล่าในโครงการสร้างใหม่ โซนหางดง 

💸ราคา  11,482,000 บาท
📏ที่ดิน 64.1 ตารางวา
📏พื้นที่ใช้สอย 220 ตารางเมตร

🛌4 ห้องนอน 
🛀4 ห้องน้ำ
🚗3-4 ที่จอดรถ

🌸บ้านพร้อมสระน้ำเกลือยาว  2.5 * 7 ม. 
🌸โถงสูงพิเศษ DOUBLE Volume Space โปร่งโล่งอากาศถ่ายเทสะดวก
🌸บ้านก่อสร้างด้วยอิฐแดงทั้งหลัง
🌸Modern Pool Villa ทำเลที่คุ้มค่า
🌸จองวันนี้! รับราคาพิเศษ！ของเเถมพิเศษ ！
🌸อีกระดับของการอาศัย วิวดอยสุเทพ สระว่ายน้ำส่วนตัว Luxury House ในราคาที่สามารถจับต้องได้

🎀รายการของแถมมาตราฐานโครงการกว่า 10 รายการ
🎀รายการของแถมพิเศษเพิ่มเติมเฉพาะบ้าน POOL VILLA
🎀ระบบประตูรั้วรีโมทอัตโนมัติ
🎀ระบบเติมอากาศชั้นบนแบรนด์ SCG
🎀Chandelier โคมไฟระย้ากลางบ้าน ตามมาตรฐานโครงการ
🎀แอร์ห้องโถง 4 ทิศทาง 1 เครื่อง และ แอร์ติดผนังทุกห้องนอน รวม 4 เครื่อง
🎀ระบบรักษาความปลอดภัย secom กล้องวงจรปิด 4 ตัว ทั้งภายใน+ภายนอก
🎀ตู้จดหมายแบรนด์ DOS รุ่น ""YON"" ตู้อเนกประสงค์ที่เป็นทั้งตู้จดหมาย
🎀ตู้พัสดุ และถังขยะหน้าบ้าน

📌สถานที่ใกล้เถียง：
-โรงเรียนวังสิงห์คำ
-ตลาดสด น้ำโท้ง
-โรงพยาบาลหางดง
-มหาวิทยาลัยนอร์ท-เชียงใหม่
-บิ๊กซี ซูเปอร์เซ็นเตอร์ หางดง 2
-ท่าอากาศยานนานาชาติเชียงใหม่


🏡Selling a pool villa in a newly built project, Hang Dong area

💸Starting price 11,482,000 baht
📏Land area 64 square wah
📏Usable area 220 square meters

🛌4 bedrooms
🛀4 bathrooms
🚗3-4 parking spaces

🌸House with a 2.5 * 7 m long saltwater pool
🌸Special high hall, DOUBLE Volume Space, airy and well-ventilated
🌸The house is built with red bricks throughout
🌸Modern Pool Villa, a great location
🌸Book today! Get a special price! Special free gifts!
🌸Another level of living, Doi Suthep view, private swimming pool, Luxury House at an affordable price

🎀More than 10 standard project freebies
🎀Additional special freebies for POOL VILLA
🎀Automatic remote gate system
🎀SCG brand upper floor air conditioning system
🎀Chandelier, standard chandelier in the middle of the house
🎀1 4-way air conditioner in the living room and 4 wall-mounted air conditioners in every bedroom
🎀Secom security system, 4 CCTV cameras, both inside and outside
🎀DOS brand mailbox, ""YON"" model, multipurpose cabinet that is both a mailbox
🎀Parcel box and trash can in front of the house

📌Nearby places:
-Wang Sing Kham School
-Nam Thong Fresh Market
-Hang Dong Hospital
-North-Chiang Mai University
-Big C Supercenter Hang Dong 2
-Chiang Mai International Airport


Code : P0160
🚨บริษัท ที่ดีดี จำกัด | รับซื้อ | ขาย | เช่า
🚨จัดหาพูลวิลล่าตามงบประมาณ
🚨สำหรับนักลงทุน พร้อมหาผู้เช่า
🚨ซื้อสด รับส่วนลดพิเศษ
🚨เช็คบูโร,แก้เคส,ปิดหนี้,รวมหนี้
🚨ทำเอกสาร,วิเคราะห์สินเชื่อฟรี 
🚨ยื่นกู้ได้ทุกอาชีพ ไม่ต้องดาวน์

📌สอบถาม | นัดชมได้ทุกวัน
Line : @teedd (มี@)
Tel : 052-005-009

#บ้าน #ขายบ้าน #ขายบ้านเชียงใหม่
#พลูวิลล่า #poolvilla #พลูวิลล่าเชียงใหม่"
https://www.facebook.com/marketplace/item/1223961602874337/,"2 ห้องนอน 2 ห้องน้ำ - บ้าน
ราคา: ฿1,950,000 | ขาย
ขายบ้านพร้อมที่ดิน เนื้อที่ 54 ตารางวา 2 ห้องนอน 2 ห้องน้ำ ที่จอดรถ 2 คัน 1 ห้องครัว 
ราคา 1.95 ลบ. บ้านสวย ถนนทางเข้าออกสะดวก เดินทางไปเชียงใหม่30นาที เครดิตดีมีเงินเหลือ 

พิกัด ประตูโขง อ.เมืองลำพูน จ.ลำพูน

สนใจสอบถามโทร [hidden information] คุณต้น"
https://www.facebook.com/marketplace/item/1225130949428845/,"บ้าน 3 ห้องนอน 3 ห้องน้ำ
ราคา: ฿30,000/เดือน | ขาย
#rent213 #ปล่อยเช่าบ้าน กาญจน์กนกวิลล์12 เฟส 3
3ห้องนอน 3ห้องน้ำ ฟิตเนส และสระว่ายน้ำขนาดใหญ่
• ที่จอดรถอย่างเพียงพอ
• รภป 24ชั้วโมง
30,000 บาท/เดือน พร้อมอยู่ได้เลยทันที❗️
สถานที่ใกล้เคียง
- ร.ร นานาชาติUnity 1km
- ร.ร นานาชาติ Acis 4km
- ร.รนานาชาติ ABS 4km
- ร.รนานาชาติVaree 5.9km
- ห้างเซนทรัลเฟส 
- โรงพยาบาลกรุงเทพ
#รับฝากปล่อยเช่าและจัดหาบ้านเช่าเชียงใหม่
#สนใจติดต่อ
Tel/Line  : 0612973075 เค้ก
WhatApp : +66 61 297 3075
Link line : https://line.me/ti/p/39aRpuLDT"
https://www.facebook.com/marketplace/item/1226497612036098/,"3 ห้องนอน 3 ห้องน้ำ - บ้าน
ราคา: ฿2,290,000 | ขาย
🏡 บ้านเดี่ยวใหม่ สันทรายหลวง เชียงใหม่
💰 เริ่มเพียง 2.29 ล้านบาท พร้อมอยู่ ฟังก์ชันครบ ตอบโจทย์ทุกครอบครัว

📐 รายละเอียดบ้าน
– เนื้อที่ดินเริ่ม 55 ตร.วา
– พื้นที่ใช้สอย 128 ตร.ม.
– 3 ห้องนอน
– 3 ห้องน้ำ
– ห้องครัวแยก
– ห้องรับแขกกว้าง
– จอดรถได้ 2 คัน

✅ เหลือแค่ 3 แปลงสุดท้าย
ใครกำลังหาทำเลดี บอกเลยต้องรีบมาดู!

💸 ผ่อนเริ่มต้นเพียง 7,900 บาท/เดือน
🎁 ของแถมมูลค่ากว่า 300,000 บาท ให้แบบไม่กั๊ก

📍 ที่ตั้งโครงการ
ต.สันทรายหลวง อ.สันทราย จ.เชียงใหม่

🛣 ใกล้สถานที่สำคัญ
– ตลาดภูดอย 10 นาที
– รวมโชคมอลล์ 15 นาที
– ริมปิงซุปเปอร์มาร์เก็ต 20 นาที
– เซ็นทรัลเฟสติวัล 20 นาที
– รพ.เทพปัญญา 25 นาที

🚗 ทำเลดี เข้า-ออกเมืองง่าย เชื่อมถนนสายหลักสะดวก
❌ ขอสงวนสิทธิ์งดแชร์พิกัดหากไม่ได้ทำการนัดหมายก่อน ❌

📲 สอบถามเพิ่มเติม / นัดดูบ้าน / ฟรีปรึกษาสินเชื่อ
Line ID: rcnkpang"
https://www.facebook.com/marketplace/item/1226532249237313/,"4 ห้องนอน 4 ห้องน้ำ - บ้าน
ราคา: ฿4,990,000 | ขาย
โครงการ Palm Ville สันกำแพงสายใหม่ (ทำเลน้ำไม่ท่วม)  ราคาพิเศษ 4.99* ลบ.  (บ้านเปล่า) พิเศษ! จองเดือนนี้ รับ Cash back 100,000* บาท  และของแถมพิเศษ เฉพาะผู้ที่จองเดือน ตุลาคม 68  เท่านั้น! 

🏡 บ้านเดี่ยวสไตล์โมเดิร์น โอบล้อมด้วยพื้นที่สีเขียว และพื้นที่ปลอดภัย พร้อมทำเลแห่งอนาคต ราคาพิเศษ 4.99ล้าน* (ปกติ 5.6 ล้าน)
▪ Groove พื้นที่ใช้สอย 234 ตร.ม. แบ่งเป็นสัดส่วน 4 ห้องนอน 4 ห้องน้ำ 3 ที่จอดรถ 
▪ Wyden พื้นที่ใช้สอย 239 ตร.ม. แบ่งเป็นสัดส่วน 4 ห้องนอน 5 ห้องน้ำ 3 ที่จอดรถ (ราคาพิเศษ 5.99 ล้าน)

🛋 ห้องนั่งเล่นออกแบบให้มีความโปร่ง โล่งสบายด้วยเพดานสูง 5 เมตร 
🚪 ห้องอเนกประสงค์ชั้น 1 ปรับเปลี่ยน ตกแต่งได้ตามไลฟ์สไตล์ อาทิ…ห้องทำงาน, ห้องสัตว์เลี้ยง, ห้องเลี้ยงเด็ก หรือห้องดูหนัง เป็นต้น
📍 ตั้งอยู่บนทำเลแห่งอนาคต เชื่อมต่อเข้าเมืองและแหล่งไลฟ์สไตล์อย่างง่ายดาย
🍜 โซนครัวมีพื้นที่สำหรับวาง ตู้เย็น หรือ เครื่องซักผ้า 
👕 Master Bedroom มีพื้นที่ walk in closet  ขนาดใหญ่

พิเศษจองวันนี้รับของแถมเพิ่มอีก 4 รายการ 🌟
🆓 ฟรี เครื่องปรับอากาศ  3 เครื่อง 
🆓 ฟรี  มิเตอร์ น้ำไฟ
🆓 ฟรี โอนกรรมสิทธิ์
🆓 ฟรี  ผ้าม่านทั้งหลัง                       *เงื่อนไขเป็นไปตามบริษัทฯกำหนด
🏡 โครงสร้างบ้านตอกเสาเข็ม ใช้วัสดุคุณภาพดี มั่นใจในประสบการณ์กว่า 35 ปี
✨ เลือกปาล์มสปริงส์ เพื่อชีวิตที่ดีกว่า ✨

💭 สนใจติดต่อ โทร [hidden information] ปักเป้า (Sales Executive)        
☎ ไลน์ ID [hidden information]  
#นัดหมายเข้าชมโครงการได้ทุกวัน
*เงื่อนไขเป็นไปตามบริษัทกำหนด
#PalmVille #สันกำแพงสายใหม่ #บ้านเชียงใหม่ #บ้าน #บ้านสไตล์โมเดิร์น#Palmsprings#บ้านปลอดฝุ่น #บ้านปลอดฝุ่นเชียงใหม่"
https://www.facebook.com/marketplace/item/1227956632686691/,"บ้าน 3 ห้องนอน 2 ห้องน้ำ
ราคา: ฿15,700/เดือน | ขาย
v English below v
บ้านในโครงการ ให้เช่าเดือนละ 15,700 บาท ใกล้ตลาดเจริญเจริญเพียง 10 นาที No.13H279
清迈美丽的平房出租 。每月租金 15,700 泰铢，。No.13H279

บ้านเดี่ยวชั้นเดียว มี 3 ห้องนอน 2 ห้องน้ำ พื้นที่ 70 ตรว. 
3 卧室，2 浴室。面积 70 平方哇。

สถานที่ใกล้เคียง
-บิ๊กซีดอนจั่น
-มหาวิทยาลัยพายัพ
-โรงเรียนช่องฟ้าซินเซิงวาณิชบำรุง

เฟอร์นิเจอร์ภายใน
-แอร์ 2 เครื่อง
-เครื่องทำน้ำอุ่น 2 เครื่อง
-เตียงนอน 3
-ตู้เสื้อผ้า 2
-โซฟารับแขก 1
-โต๊ะทานข้าว 1 
-ตู้เย็น 1 เครื่อง
-เครื่องซักผ้า 1 เครื่อง
❌禁止养宠物❌
❌ไม่อนุญาตเลี้ยงสัตว์❌

สัญญาขั้นต่ำ 1 ปี
จ่ายเพียง ประกัน 3 เดือน ล่วงหน้า 1 เดือน ทั้งหมดเพียง จ่าย 4 เดือน เข้าอยู่ได้เลยจร้า
สนใจติดต่อ อิง 0 9 6 - 1 7 1 4 1 9 5 
Line ID: 0961714195
(https://line.me/ti/p/E6rdmgI4m9)
WhatsApp: 0961714195
WeChat: baandeedee8
www.baandd-chiangmai.com

A house for rent near by 10 min to Charoen Charoen Market, No.13H279
清迈美丽的平房出租 。每月租金 15,700 泰铢，。No.13H279

Rental monthly is 15,700 THB For 1 Year contact
Condition 1 month in advance & 3 months deposit

House spec : 3 Bedrooms, 2 bathrooms, 70 Sq.w. 
3 卧室，2 浴室。面积 70 平方哇。

Close to
-Big C Don Jan
-Payap University
-Chongfah Sinseung Wanich Bamrung School
Furniture
-Air conditioner 2
-Hot shower 2
-Bed 3 
-Wardrobe 2 
-Loungeset 1
-Dining table 1 
-Refrigerator 1
-Washing machine 1 
❌禁止养宠物❌
❌No pets allowed❌

Contact us for more information : Ing 0 9 6 - 1 7 1 4 1 9 5 
Line ID: 0961714195
(https://line.me/ti/p/E6rdmgI4m9)
WhatsApp: 0961714195
WeChat: baandeedee8
www.baandd-chiangmai.com
#บ้านเช่าเชียงใหม่ #บ้านให้เช่าเชียงใหม่ #บ้านเชียงใหม่ #เชียงใหม่
#houseforrentinchiangmai #houseinchiangmai #chiangmai
#清迈房屋出租 ＃清迈租房 ＃房出租 ＃租房 ＃找清迈租房 ＃清迈别墅
#ချင်းမိုင်တွင်လုံးချင်းအိမ်ငှားရန်ရှိသည်။"
https://www.facebook.com/marketplace/item/1228096408788601/,"3 ห้องนอน 3 ห้องน้ำ - บ้าน
ราคา: ฿5,800,000 | ขาย
🏡 ขายบ้านเดี่ยว รีโนเวทใหม่ พร้อมเข้าอยู่
3 ห้องนอน | 3 ห้องน้ำ | 2 ห้องรับแขก | 1 ห้องครัว
บ้านหลังใหญ่ ทำเลดี เข้าเมืองง่าย อยู่ในหมู่บ้านคุณภาพ
💰ขาย 5.8 ล้านบาท (ฟรีโอน!)

ลองจินตนาการดูครับ...

บ้านสองชั้น รีโนเวทใหม่ทั้งหลัง
สะอาด โล่ง โปร่ง อยู่แล้วสบายสุดๆ
มีพื้นที่ให้ทุกคนในครอบครัวใช้ชีวิตได้เต็มที่ ไม่อึดอัด
3 ห้องนอน 3 ห้องน้ำ ไม่ต้องรอคิวเข้าห้องน้ำตอนเช้า
2 ห้องรับแขก จะนั่งเล่น รับแขก หรือทำเป็นโฮมออฟฟิศก็ลงตัว

✨ จุดเด่นของบ้านหลังนี้
บ้านกว้างขวาง พื้นที่ใช้สอยเยอะ
รีโนเวทใหม่ พร้อมเข้าอยู่ทันที ไม่ต้องซ่อมอะไรเพิ่ม
อยู่ในหมู่บ้านสังคมดี เพื่อนบ้านมีระดับ บ้านหลังใหญ่ๆ รายล้อม
เงียบสงบ ปลอดภัย เหมาะกับการอยู่อาศัยระยะยาว
จอดรถในบ้านได้ 2 คันสบายๆ


📍ทำเลดี เดินทางสะดวก เข้าเมืองง่าย
ใกล้ตลาดสันทราย (ตลาดสามแยก) เพียง 10 นาที
เซ็นทรัลเฟสติวัล 15 นาที
รพ.กรุงเทพเชียงใหม่ 14 นาที
รร.วารี 19 นาที
รร.มงฟอร์ต 25 นาที
สนามบินเชียงใหม่ 27 นาที


✅ เหมาะกับ...
ครอบครัวที่กำลังหาบ้านอยู่เองในทำเลดีๆ
คนทำงานในเมือง แต่ชอบความสงบ สังคมดี
ผู้ปกครองที่อยากให้ลูกเรียนอินเตอร์ ใกล้บ้าน
นักลงทุนที่มองหาทรัพย์พร้อมปล่อยเช่าให้ชาวต่างชาติ


📦 รีโนเวทใหม่ทั้งหลัง พร้อมเฟอร์นิเจอร์บางส่วน
แค่หิ้วกระเป๋ามาก็เข้าอยู่ได้เลย ไม่ต้องเสียเวลาซ่อม

📲 สนใจติดต่อ: เจต (ERA เชียงใหม่)
📞 โทร: [hidden information]
💬 LINE ID: palakorn12116

#บ้านเดี่ยวรีโนเวทใหม่ #บ้านเชียงใหม่ #บ้านสันทราย
#บ้านหลังใหญ่ #บ้านทำเลดี #บ้านในหมู่บ้านคุณภาพ
#ใกล้เซ็นเฟส #ใกล้รรวารี #ใกล้รรนานาชาติ #บ้านสำหรับครอบครัว #ขายบ้านเชียงใหม่"
https://www.facebook.com/marketplace/item/1230503178873238/,"2 ห้องนอน 1 ห้องน้ำ - อพาร์ทเมนท์
ราคา: ฿3,490,000 | ขาย
🏢ขาย เรือนคำทาวเวอร์ โซนสุเทพ เชียงใหม่✨
💸ราคาเพียง 3.49 ล้านบาท ค่าโอนคนละครึ่ง💰
🌼ชั้น 6 ห้องสวยวิวดอยสุเทพ พร้อมเฟอร์นิเจอร์🌻
📏ขนาดพื้นที่ในห้อง 58 ตร.ม.⭐

✨รายละเอียดห้อง : 
2 ห้องนอน🛌
1 ห้องน้ำ🛁🚿
1ห้องนั่งเล่น🎠

🔥เฟอร์นิเจอร์ :🔥
สมาร์ททีวี 55” และ 43” (2 เครื่อง)
แอร์ 3 ตัว
ตู้เย็น 2 ประตู  
ไมโครเวฟ
เตาอบ
เครื่องซัก-อบผ้า
เครื่องทำน้ำอุ่น
เตาไฟฟ้า 4 หัว พร้อมเครื่องดูดควัน

📌สถานที่ใกล้เคียง
โรงเรียนวัดสวนดอก -  Wat Suan Dok School
ศูนย์ศรีพัฒน์ คณะแพทยศาสตร์ มหาวิทยาลัยเชียงใหม่ - Sri Pathan Center, Faculty of Medicine, Chiang Mai University
ตลาดสุเทพ (ต้นพยอม) - Suthep Market (Ton Phayom)
เมญ่า ไลฟ์สไตล์ ช้อปปิ้ง เซ็นเตอร์ - Maya Lifestyle Shopping Center
มหาวิทยาลัยเชียงใหม่ - Chiang Mai University
ท่าอากาศยานนานาชาติเชียงใหม่ - Chiang Mai International Airport
🏢 For Sale: Ruen Come Tower, Suthep Zone, Chiang Mai ✨
💸 Only 3.49 million THB – 50/50 transfer fee 💰
🌼 6th floor, beautiful room with Doi Suthep view, fully furnished 🌻
📏 Room size: 58 sq.m. ⭐
✨ Room Details:
2 Bedrooms 🛌
1 Bathroom 🛁🚿
1 Living Room 🎠
🔥Furniture & Appliances :🔥
55” and 43” Smart TVs (2 units)
3 Air conditioners
2-door refrigerator
Microwave
Oven
Washer-dryer combo
Water heater
Electric stove (4 burners) with hood
Code : S4496
บริษัท ที่ดีดี จำกัด | รับซื้อ | ขาย | เช่า อสังหาริมทรัพย์
•สำหรับนักลงทุน พร้อมหาผู้เช่า
•เช็คบูโร,แก้เคส,ทำเอกสาร,วิเคราะห์สินเชื่อฟรี 
•รับจัดหาบ้าน,ที่ดิน,คอนโด,อสังหาริมทรัพย์

📌นัดชมได้ทุกวัน | รับ CO-AGENT
Line : @teedd (มี@)
Tel : [hidden information]

#ที่ดีดีเชียงใหม่ #บ้านเช่า
#บ้านเช่าเชียงใหม่ #คอนโดให้เช่าเชียงใหม่  #บ้านเชียงใหม่  #เช่าคอนโดเชียงใหม่  #หอพักเชียงใหม่  #บ้าน
#คอนโด  #Condo"
https://www.facebook.com/marketplace/item/1230731612135359/,"ราคา: ฿20,000/เดือน | ขาย
Code : R1316

ให้เช่าบ้าน 2 ชั้น  โซนหางดง เชียงใหม่

💸ราคาเช่า 20,000 บาท/ เดือน💸
❤สัญญา 1 ปี ประกัน 2 เดือน ล่วงหน้า 1 เดือน❤

รายละเอียด :
🛏 3 ห้องนอน 
🛁 3 ห้องน้ำ
🍳 1 ห้องครัว
🛋 1 ห้องนั่งเล่น
✅ฟิตเนส
✅สระว่ายน้ำ
✅สวน
✅🐶🐱 อนุญาตให้เลี้ยงสัตว์เฉพาะสัตว์เล็ก

เฟอร์นิเจอร์ :
✨เตียง
✨แอร์ 3 เครื่อง
✨เครื่องทำน้ำอุ่น 2 เครื่อง
✨ทีวี
✨ตู้เย็น
✨ไมโครเวฟ
✨เตาแก๊ส
✨ฮูดดูดควัน
✨ถังแก๊ส
✨แทงค์น้ำ
✨เครื่องซักผ้า
✨โซฟา
✨ซิงค์ล้างจาน
✨เคาน์เตอร์ครัว
✨โต๊ะรับประทานอาหาร

📍สถานที่ใกล้เคียง :
🚩โรงพยาบาลหางดง
🚩ตลาดสดเทศบาลตำบลหางดง
🚩วัดหางดง (บ้านดง)
🚩โรงเรียนนานาชาติปัญญาเด่น
🚩วัดโขงขาว

2-story house for rent, Hang Dong zone, Chiang Mai

💸Rental price 20,000 baht/month💸
❤1 year contract, 2 months warranty, 1 month in advance❤

details :
🛏 3 bedrooms
🛁 3 bathrooms
🍳 1 kitchen
🛋 1 living room
✅Fitness
✅Swimming pool
✅ Garden
✅🐶🐱 Only small animals are allowed.

furniture :
✨Bed
✨3 air conditioners
✨2 water heaters
✨TV
✨Refrigerator
✨Microwave
✨Gas stove
✨Smoke hood
✨Gas tank
✨Water tank
✨Washing machine
✨Sofa
✨Sink for washing dishes
✨Kitchen counter
✨Dining table

📍Nearby places:
🚩Hang Dong Hospital
🚩Hang Dong Subdistrict Municipality Fresh Market
🚩Hang Dong Temple (Ban Dong)
🚩Panyaden International School
🚩Wat Khong Khao






🔹รวมคอนโดว่างให้เช่า🔹
➡️ https://teedd.co/เช่าคอนโดฯ/
🔹รวมบ้านว่างให้เช่า🔹
➡️ https://teedd.co/เช่าบ้าน/
•รับจัดหาบ้าน,ที่ดิน,คอนโด,อสังหาริมทรัพย์
นัดชมได้ทุกวันไม่มีวันหยุด
Line:@teedd (มี@)
https://lin.ee/6c10cxd"
https://www.facebook.com/marketplace/item/1230951692106033/,"3 ห้องนอน · 3 ห้องน้ำ
ราคา: ฿16,000/เดือน | ขาย
Single one story house near 89 Plaza for rent/  ให้เช่า บ้านเดี่ยวชั้นเดียวใกล้ 89 พลาซ่า 

🏡Single one storey house near 89 Plaza are in a community, in Nong Pueng, Sarapee, nice, clean and quiet, 
♦️Land size 50 sqwa.
♦️3 bedrooms, 3 bathrooms, 1 living room, 1 kitchen, 1 car parking, furnished and equipped 
♦️4 air conditioners, TV, beds and mattress, Sofa set, water heaters, wardrobes, Dinning table set, Gas stove, microwave, refrigerator, washing machine, water treserve tank, and water pump

❌❌🐕🐈 No pet allowed

●For rent 16,000 Baht/ month by  1 year contract, 1 month in advance, 2 months deposit

▪︎▪︎▪︎▪︎▪︎▪︎▪︎▪︎▪︎▪︎▪︎▪︎▪︎▪︎▪︎▪︎▪︎▪︎▪︎▪︎▪︎▪︎▪︎▪︎▪︎▪︎▪︎▪︎▪︎▪︎▪︎▪︎▪︎▪︎▪︎▪︎▪︎▪︎▪︎▪︎

🏡บ้านเดี่ยวชั้นเดียว บ้านสวย สะอาด ในชุมชนเงียบสงบ โซนหนองผึ้ง สารภี
♦️เนื้อที่ 50 ตรว., พื้นที่ใช้สอยกว้างขวาง
♦️3 ห้องนอน, 3 ห้องน้ำ, 1 ห้องนั่งเล่น, 1 ห้องครัว, 1 ที่จอดรถ, 
♦️พร้อมเฟอร์นิเจอร์และเครื่องใช้ไฟฟ้า 4 แอร์, ทีวี, เตียงพร้อมที่นอน, ชุดโซฟา, เครื่องทำน้ำอุ่น, ตู้เสื้อผ้า, โต๊ะทานอาหาร,  เตาหุงต้ม, ไมโครเวฟ, ตู้เย็น, เครื่องซักผ้า, แทงค์น้ำ, ปั้มน้ำ 

❌❌🐕🐈 ไม่อนุญาตให้เลี้ยงสัตว์

● ให้เช่า 16,000 บาท /ด. สัญญา 1 ปี ล่วงหน้า 1 ด. ประกัน 2 ด. 

===============================
More information / สอบถามข้อมูลเพิ่มเติม
===============================
■CalI /WhatsApp 
099--371--9955
0️⃣9️⃣9️⃣3️⃣7️⃣1️⃣9️⃣9️⃣5️⃣5️⃣
===============================
PKIMN"
https://www.facebook.com/marketplace/item/1231151248500825/,"บ้าน 4 ห้องนอน 4 ห้องน้ำ
ราคา: ฿15,900,000 | ขาย
🏡Pool Villa สองชั้นสวย รีโนเวทใหม่ ขายพร้อมเฟอร์นิเจอร์ โครงการมีการดูแลความปลอดภัยอย่างดี  #สันกลาง - ราคา 15.9 ล้านบาท ✨卖家具齐全 4 卧室 4 卫生间 - 价格  15.9 MB ✨
.
C5MG100710
🔸ขาย  Pool Villa สองชั้น   4 ห้องนอน  4 ห้องน้ำ 2 ห้องครัว  2 ที่จอดรถ
🔸ขนาดที่ดิน 71.7   ตรว. พื้นที่ใช้สอย  310 ตรม.
🔸ขายราคา  15.9  ล้านบาท !!!! ฟรีโอน
.
📌บ้านในโครงการ ระบบการรักษาความปลอดภัยที่ดี   ใกล้โรงเรียนนานาชาติยูนิตี้คอนคอร์ด พร้อมดำเนินการซื้อขาย สินเชื่อฟรี ทุกขั้นตอน 
.
🛏 ของแถม
-เครื่องปรับอากาศ 7
-เครื่องทำน้ำอุ่น 3
-เตียงนอน 4
-ตู้เสื้อผ้า 4
-โต๊ะเครื่องแป้ง 4
-ตู้เย็น 2
-โทรทัศน์ 2
-ชุดรับแขก 1
-โต๊ะอาหาร 2
-เตา+ฮูดดูดควัน
-ไมโครเวฟ+เตาอบ
-เครื่องซักผ้า+อบผ้า
.
🚗 สถานที่สำคัญใกล้เคียง
-มหาวิทยาลัยพายัพ    3.5 กม.
-แม็คโคร เชียงใหม่     5  กม.
-โรงเรียนนานาชาติยูนิตี้คอนคอร์ด     5.5 กม.
-ตลาดเจริญ เจริญ    5.5 กม.
🌐https://www.i-rentthai.com
.
C5MG100710
🔸Two-storey pool villa for sale  4 bedrooms 4 bathrooms and 2 parkings.
🔸Area  71.7 sq.wha.area  310 sq m.
🔸The price is at THB  15.9  million.
.
🛏 Free gift
-Air conditioner 7
-Water heater 3
-Bed 4
-Wardrobe 4
-Dressing table 4
-Refrigerator 2
-Television 2
-Living room set 1
-Dining table 2
-Stove + Hood
-Microwave + Oven
-Washing machine + Dryer
.
🚗 Close to
-Payap University 3.5 km.
-Makro Chiang Mai 5 km.
-Unity Concord International School 5.5 km.
-Charoen Charoen Market 5.5 km.
🌐https://www.i-rentthai.com
.
#บ้านมือสองเชียงใหม่ #บ้านเชียงใหม่
#บ้านขายราคาถูกเชียงใหม่ #ซื้อบ้านเชียงใหม่
#บ้านเชียงใหม่ #บ้านจัดสรรเชียงใหม่ #ขายบ้านต่ำกว่าราคาประเมิน
#บ้านขายสร้างเองเชียงใหม่ #houseforsale
#chiangma #villa #บ้านเขายแม่ริม
#ขายบ้านสันทราย #บ้านขายหางดง
#ขายบ้านสันกำแพง #บ้านขายดอยสะเก็ด
#ขายบ้านบ้านสารภี #บ้านขายใกล้โรงเรียนนานาชาติ"
https://www.facebook.com/marketplace/item/1232913915261932/,"2 ห้องนอน 2 ห้องน้ำ - บ้าน
ราคา: ฿1,490,000 | ขาย
ด่วน‼️ 🏡 Presale 1แสน
1.59 ล.เหลือเพียง 1.49ล.
ขายบ้านเดี่ยวชั้นเดียวสารภี ขนาดที่ดิน 50 ตรว  พื้นที่ใช้สอยรวม 90 ตร.ม.++
 รายละเอียดบ้าน
👉2 ห้องนอน
👉2 ห้องน้า
👉1คร้วไทยนอกบ้าน
พื้นที่สนามหญ้ากว้าง ที่จอดรถในร่ม 
2 คัน  บ้านสไตล์โมเดิร์น  บรรยากาศเงียบสงบ ร่มรื่น เป็นส่วนตัว ถนนกว้าง

 📌ทำเลดี ใกล้อำเภอสารภี7-10นาที
เดินทางเมืองเพียง15-20นาที
สอบถาม นัดชม [hidden information]"
https://www.facebook.com/marketplace/item/1235311141759097/,"บ้าน 2 ห้องนอน 2 ห้องน้ำ
ราคา: ฿1,300,000 | ขาย
ราคาขาย 1.3 ล้านบาท ต่อรองไม่ได้แล้ว ฟรีโอน ลดราคาจากเดิม 1.55 ล้านบาท (12/10/2568)

ขายทาวน์โฮม หมู่บ้านธนาภูมิวิลล่า พร้อมผู้เช่า 6,000 บาท หลังตลาดบ้านดู่ ต.บ้านดู่ อ.เมืองเชียงราย 

ทาวน์โฮม 2 ชั้น เนื้อที่  21.2  ตรว. โฉลด นส4 จ พร้อมโอน 

ปัจจุบันมีผู้เช่าอาศัยอยู่ ค่าเช่าเดือนล่ะ 6,000 บาท สัญญาเช่าหมดเดือนพฤษภาคม พ.ศ. 2569

ห่างจากถนนพหลโยธินเพียง 260 เมตร และ ตลาดสดบ้านดู่ 350 เมตร

ราคาประเมิน 1.45 ล้านบาท

นัดชมบ้านแจ้งล่วงหน้า 1 วัน

ชมคลิปวีดิโอบ้านหลังนี้ https://www.facebook.com/reel/668792969338104

รหัสทรัพย์สิน CRI-167

========
พื้นที่ใช้สอย 
========

- 2 ห้องนอน 
- 2 ห้องน้ำ ชั้น 1 และ ชั้น 2
- 1 ห้องโถงชั้นล่าง 
- 1 ห้องครัว
- จอดรถได้ 1 คัน

==========
สถานที่ใกล้เคียง
==========
- มหาวิทยาลัยราชภัฏเชียงราย 2.5 กม.
- ตลาดสดบ้านดู่ 350 เมตร
- เซ็นทรัล เชียงราย 4.1 กม.
- บิ๊กซี ซูเปอร์เซ็นเตอร์ เชียงราย 2 เพียง 1.4 กม.
- แม็คโคร เชียงราย 1.6 กม.
- ท่าอากาศยานแม่ฟ้าหลวง  4.3.

========
สนใจติดต่อ
========

คุณแมว โทร 061-560-7511 หรือ Line ID : chiangraiasset / ค้นหาเบอร์ 0615607511
คุณนัช ไลน์ไอดี nutkrub9 


#ขายบ้านเชียงราย #บ้านมือสองเชียงราย #บ้านมือสองบ้านดู่"
https://www.facebook.com/marketplace/item/1236909091521900/,"ราคา: ฿20,000/เดือน | ขาย
🎊ปล่อยเช่า บ้านใกล้เมือง
ใกล้กาด 3 แยก 1.5 กิโล

🔥ค่าเช่า 20,000บาท/เดือน
รวมไวไฟและตัดหญ้า
สัญญา1ปี

บ้านในโครงการมี รปภ.
บ้านเดี่ยว 2 ชั้น   4ห้องนอน
มีห้องนอนชั้นล่าง 1 ห้อง
3 ห้องน้ำ 1ห้องนั่งเล่น 1ห้องครัว
จอดรถได้ 3 คัน 

เฟอร์นิเจอร์ครบ
เครื่องใช้ไฟฟ้า
แอร์ 4ตัว
ตู้เย็น 
เตาแม่เหล็กไฟฟ้า
เครื่องซักผ้า
เครื่องทำน้ำอุ่น 3 ตัว
เครื่องกรองน้ำ

ติดทรัพย์รับโคงาน

📱[hidden information] คุณจิรา
Line. : nathagon25"
https://www.facebook.com/marketplace/item/1245263456780561/,"บ้าน 4 ห้องนอน 3 ห้องน้ำ
ราคา: ฿3,467,500 | ขาย
🏡 บ้านเดี่ยว 2 ชั้น โซนสันทราย 🏡
💰 ราคา 3,467,500  บาท💰
         ขนาดที่ดิน 60.1  ตารางวา
         พื้นที่ใช้สอย 160  ตารางเมตร
         ค่าส่วนกลางตารางวาละ 20 บาท

🛌 4 ห้องนอน 
🛀 3 ห้องน้ำ 
         2 ที่จอดรถ

📢 มีของแถม

✅ กริ่งหน้าบ้าน
✅ มุงลวด
✅ ปั้มน้ำ 
✅ ระบบท่อกันปลวก
✅ สวน สนามหญ้า 
✅ ฟรีค่ามิเตอร์น้ำ
✅ ฟรีค่ามิเตอร์ไฟฟ้า
 
🚩สถานที่ใกล้เคียง :
 โรงเรียนนานาชาติเชียงใหม่ไชนีส 
 Lanna United co.,ltd.
 ศูนย์ฟื้นฟูด้วยโยคะ
 วัดสันนาเม็ง
 KJcafe'

Code : S2818
🚨บริษัท ที่ดีดี จำกัด | รับซื้อ | ขาย | เช่า
🚨ซื้อสด รับส่วนลดพิเศษ
🚨จัดหาบ้าน,คอนโด ตามงบประมาณ
🚨สำหรับนักลงทุน พร้อมหาผู้เช่า
🚨เช็คบูโร,แก้เคส,ปิดหนี้,รวมหนี้
🚨ทำเอกสาร,วิเคราะห์สินเชื่อฟรี 
🚨ยื่นกู้ได้ทุกอาชีพ ไม่ต้องดาวน์

📌นัดชมได้ทุกวัน | รับ CO-AGENT
Line : @teedd (มี@)
Tel : [hidden information]

#บ้าน #ขายบ้าน #ขายบ้านเชียงใหม่
#คอนโด #ขายคอนโด #condo"
https://www.facebook.com/marketplace/item/1247276343810395/,"3 ห้องนอน 3 ห้องน้ำ - บ้าน
ราคา: ฿15,000/เดือน | ขาย
🏡 ให้เช่าบ้านเดี่ยวในโครงการ Harmony – สันทราย
🌟 ใกล้ โลตัส & โฮมโปร สันทราย แยกสันคะยอม

💰 ค่าเช่า : 15,000 บาท/เดือน
🛏 3 ห้องนอน | 🛁 3 ห้องน้ำ
📅 ว่างพร้อมเข้าอยู่ 23 ส.ค.

✅ เฟอร์นิเจอร์ครบทุกห้อง

📌 สัญญาเช่าขั้นต่ำ 1 ปี (ประกัน 2 เดือน + ล่วงหน้า 1 เดือน)

🌳 จุดเด่นโครงการ
 • โครงการขนาดเล็กเพียง 41 หลัง เงียบสงบ
 • เดินทางเข้าเมืองสะดวก
 • รปภ. 24 ชั่วโมง

📞 สนใจสอบถามเพิ่มเติม ติดต่อ : อาร์ท
☎️ โทร. [hidden information]
📲 Line ID : artviolin

⸻

🏡 House for Rent – Harmony Project, San Sai
🌟 Near Lotus & HomePro San Sai, San Kayom Intersection

💰 Rent: 15,000 THB/month
🛏 3 Bedrooms | 🛁 3 Bathrooms
📅 Available from 23 Aug

✅ Fully furnished, ready to move in

📌 Minimum 1-year lease (2-month deposit + 1-month advance)

🌳 Project Highlights
 • Small project with only 41 houses, quiet and peaceful
 • Convenient access to Chiang Mai city
 • 24-hour security

📞 For more information, please contact: Art
☎️ Tel: [hidden information]
📲 Line ID: artviolin"
https://www.facebook.com/marketplace/item/1247956607104190/,"บ้าน 4 ห้องนอน 6 ห้องน้ำ
ราคา: ฿22,800,000 | ขาย
โครงการบ้านเดี่ยวสไตล์โมเดิร์น ใจกลางเมืองเชียงใหม่ เพียง 10 นาทีถึงประตูท่าแพ
ด้วยพื้นที่ใช้สอยกว้างขวาง และวัสดุสุดพรีเมียม พร้อมเฟอร์นิเจอร์ครบ มอบความสะดวกสบายที่เหนือชั้นในทุกมุมของบ้าน
มีเพียง 9 ยูนิตเท่านั้น

**ราคาเริ่มต้น 22,800,000 บาท ไม่รวมเฟอร์นิเจอร์

ใช้ชีวิตในฝัน ท่ามกลางธรรมชาติ แต่ใกล้ชิดทุกความสะดวกของเมืองใหญ่
โครงการหรู เป็นส่วนตัวสูงสุด

ID: HSMC8263D
Line ID: @kumuang
Click: https://lin.ee/aZt6O7r

Contact / Contact:
Call + Line + WhatsApp:
093-0429054,094-714-5355,062-5465828
Email: [hidden information]

ทำเล: วัดเกต – ถนนเจริญเมือง
ประเภทบ้าน: Sapphire Plus
ขนาดที่ดิน: 140–163 ตารางวา
พื้นที่ใช้สอย: 604 ตารางเมตร
ราคาเริ่มต้น: 22 ล้านบาท

จุดเด่นของบ้าน
◾ บ้านพูลวิลล่า 2 ชั้นส่วนตัว
◾ ขนาดที่ดินตั้งแต่ 140–163 ตารางวา
◾ พื้นที่ใช้สอย 604 ตารางเมตร
◾ 4 ห้องนอน 6 ห้องน้ำ
◾ ห้องแม่บ้านพร้อมห้องน้ำในตัว
◾ ห้องซักรีดแยกเฉพาะ
◾ ครัวไทยแยกส่วนภายนอก และครัวฝรั่งพร้อมพื้นที่เตรียมอาหาร
◾ กล้องวงจรปิด (CCTV) รอบบ้าน
◾ โรงจอดรถสำหรับ 4 คัน
◾ สระว่ายน้ำระบบน้ำแร่ ขนาด 4.4 x 8.8 เมตร
◾ ระบบทำน้ำร้อนไฟฟ้า
◾ สวนภูมิทัศน์สวยงามรอบบ้าน
◾ ประตูดิจิตอลโดย HAFELE
◾ เครื่องปรับอากาศครบทุกห้อง
◾ ประตูรั้วอัตโนมัติ
◾ รองรับเครื่องชาร์จรถยนต์ไฟฟ้า (EV Charger)
◾ ติดตั้งโซลาร์เซลล์บนหลังคา
◾ ระบบเติมอากาศบวก (Positive Pressure System)

จุดเด่นของโครงการ
◾ ทำเลศักยภาพใจกลางเมืองเชียงใหม่ เพียง 10 นาทีถึงประตูท่าแพ
◾ ความเป็นส่วนตัวสูง ด้วยจำนวนบ้านเพียง 9 ยูนิต
◾ โอบล้อมด้วยธรรมชาติ แต่เชื่อมต่อกับใจกลางเมืองอย่างสะดวกสบาย
◾ เหมาะสำหรับอยู่อาศัยระยะยาว หรือการลงทุนอสังหาริมทรัพย์ที่มีแนวโน้มเติบโตสูงในเชียงใหม่

清迈市中心现代风格独栋别墅项目

距离塔佩门仅10分钟，坐拥自然环境，却毗邻城市便利。提供宽敞实用的空间、顶级建材与全套家具，带来无与伦比的居住体验。
仅限 9 套尊贵单位

项目信息：
📍 位置：Wat Ket – Charoen Muang Road（瓦凯区–เจริญเมือง路）
🏡 别墅类型：Sapphire Plus
🌳 土地面积：140–163 平方哇（约560–652 平方米）
📐 使用面积：604 平方米
💰 起价：22,800,000 泰铢

户型亮点：
私人双层泳池别墅
4 间卧室，6 间浴室
独立佣人房及专属浴室
独立洗衣间
外设泰式厨房 + 内部欧式厨房及备餐区
屋内外安装全方位CCTV摄像头
宽敞车库，可停放 4 辆车
矿泉水系统游泳池（4.4 x 8.8 米）
电热水系统
环绕园林景观设计
德国HAFELE品牌电子门锁
所有房间均安装空调
自动大门
支持电动车充电（EV Charger）
屋顶太阳能系统
全屋新风正压系统（Positive Pressure System）

项目优势：
清迈市中心稀缺地段，距塔佩门仅10分钟车程
高私密性，仅有9户
自然环绕却交通便利，兼具宁静与便捷
适合长期自住或投资，享清迈房地产升值潜力

ติดต่อสอบถามหรือนัดชมโครงการส่วนตัวได้แล้ววันนี้
Kumuang Properties Co.,Ltd. -
Website: https://kumuangproperties.com/

Facebook Page:
For Sale: https://www.facebook.com/kumuangproperties/
For Rent: https://www.facebook.com/rent.kumuangproperties.chiangmai/
Youtube: https://www.youtube.com/@kumuangproperties

บริการรับฝากขาย บ้าน ที่ดิน คอนโด อสังหาริมทรัพย์ทั่วจังหวัดเชียงใหม่
**กรุณาทำการนัดล่วงหน้า 1 วัน**
**Please make an arrangement at least 1 day in advance*"
https://www.facebook.com/marketplace/item/1247983610704902/,"3 ห้องนอน 3 ห้องน้ำ - บ้าน
ราคา: ฿37,000/เดือน | ขาย
📍ปล่อยเช่า (แปลงมุมหน้าบ้านไม่ติดใคร) #ติดทรัพย์
หมู่บ้านศุภาลัยพาร์ควิลล์ หางดง  บ้านใหม่ไม่เคยปล่อยเช่า
 (พร้อมเฟอร์นิเจอร์ กำลังทยอยเข้า)🔺 

📍ใกล้รร นานาชาติ ปัญญาเด่น
เดินทางเข้าเมืองได้สะดวกเพียง 5 นาที
เช่าเพียงเดือนละ 37,000 บาท สัญญา 1 ปี(ต่อรองได้ค่ะ)
(ประกัน 2 เดือน / ล่วงหน้า 1 เดือน) 

✅ 3 ห้องนอน 
✅ 3 ห้องน้ำ 
✅ 2 ที่จอดรถ 
✅เครื่องใช้ไฟฟ้า

สิ่งอำนวยความสะดวก 
- ฟิตเนส 
- สวนสาธารณะ 
- เจ้าหน้าที่รักษาความปลอดภัย 
- CCTV 
❌ ไม่รับสัตว์เลี้ยงทุกชนิด ❌
📲 : [hidden information]
🆔 : [hidden information]
#บ้านเช่าเชียงใหม่"
https://www.facebook.com/marketplace/item/1248618470094920/,"3 ห้องนอน 2 ห้องน้ำ - บ้าน
ราคา: ฿2,490,000 | ขาย
🏡 เปิดจองแล้ว! บ้านใหม่สไตล์ Modern Classic โดดเด่นไม่ซ้ำใคร
📍 โซนดอนแก้ว – สารภี หน้าสุดของโครงการ ติดถนนหลัก ไม่ต้องเข้าซอยลึก

💰 ราคาเพียง 2.49 ล้านบาท
📏 ที่ดิน 62.3 ตร.วา | พื้นที่ใช้สอย 130 ตร.ม.

🛏 3 ห้องนอน
🛁 2 ห้องน้ำ
🍽 ครัวแยกพร้อมใช้งาน
🚗 ที่จอดรถ 2 คัน
✅ ไม่มีค่าส่วนกลาง

✨ บ้านฟังก์ชันจัดเต็ม ออกแบบลงตัว พร้อมอยู่!

🎁 ของแถมแน่น จัดให้ทุกหลัง
 • ฟรี! ค่าโอนกรรมสิทธิ์
 • ฟรี! แอร์ 1 เครื่อง
 • ฟรี! ผ้าม่าน 2 ชั้น (กรองแสง + โปร่งแสง)
 • ฟรี! มุ้งลวดรอบบ้าน
 • ฟรี! ฉนวนกันความร้อน
 • ฟรี! ระบบท่อกันปลวก
 • ฟรี! เคาน์เตอร์ครัว + เตาแก๊ส + ฮูดดูดควัน
 • ฟรี! เครื่องทำน้ำอุ่น 2 เครื่อง
 • ฟรี! ปั๊มน้ำ + ถังเก็บน้ำ
 • ฟรี! ระบบไฟเดินสายใต้ดิน
 • ฟรี! พื้นทรายล้างโรงจอดรถ
 • ฟรี! ชุดโต๊ะทานข้าว
 • ฟรี! โซฟา + ชั้นวางทีวี
 • ฟรี! ปูสนามหญ้า + ต้นไม้รอบบ้าน

📌 ใกล้แหล่งอำนวยความสะดวก
ร้านค้า / ตลาด / 7-11 เพียงไม่กี่นาที
เหมาะทั้งอยู่อาศัยหรือซื้อเพื่อปล่อยเช่า

📞 นัดชม / ขอคำปรึกษาสินเชื่อฟรี!
Tel: [hidden information]
Line ID: rcnkpang

❗ งดแชร์โลเคชัน หากไม่มีการนัดล่วงหน้า"
https://www.facebook.com/marketplace/item/1250623656825407/,"ราคา: ฿450,000 | ขาย
หากท่านที่กำลังมองหาที่ใช้ชีวิตเรียบง่าย มีพื้นที่ปลูกผัก ไว้ทานเอง เหลือก้อจำหน่าย ที่ราคาเบาๆ  ที่ดิน ขนาด 61ตารางวา ที่ถมแล้ว พร้อมล้อมรั้ว มีน้ำ ไฟฟ้า เอกสารอนุญาติสิ่งปลูกสร้าง มีห้องน้ำ มีห้องขนาด 2.50×3.70 เมตร ราคา450,000.-พร้อมโอน ตั้งอยู่ที่ บ้านแสนคำ ต.ทุ่งปี้ อ.แม่วาง จ.เชียงใหม่ สนใจทัก ต่อรองราคาได้นะค่ะ"
https://www.facebook.com/marketplace/item/1252487849896943/,"3 ห้องนอน 3 ห้องน้ำ - บ้าน
ราคา: ฿19,000 | ขาย
💚SL0006💚ขายที่ดินสวย 8 ไร่ แม่ริม เชียงใหม่ วิวธรรมชาติ-ภูเขา รายล้อมด้วยโรงแรมหรู🌸

จุดเด่น:

ขนาด 8 ไร่ แบ่งเป็น 9 แปลง (แปลงละ 200 กว่าตร.ว.)

ทุกแปลงมีทางเข้า-ออกสะดวก

ขายเพียง ตร.ว.ละ 19,000 บาท

หรือเหมาทั้งแปลง 8 ไร่ ราคาต่อรองได้ค่ะ

โลเคชั่นพรีเมียม ทำเลทอง: ✅ ตรงข้ามโรงแรม Four Seasons
✅ ติดกับ รร.แม่ริมลากูน
✅ ทิศใต้ติดกับ รร. The Grace
โรงแรมล้อมรอบที่ดิน บรรยากาศดีมาก!

เหมาะกับการลงทุนหลายรูปแบบ:

บ้านพักตากอากาศ

รีสอร์ท

โรงแรม

คาเฟ่

ร้านอาหาร

พูลวิลล่า

พิเศษ: มีที่ราชพัสดุติดกันอีก 3.38 ไร่ รวมทั้งหมดกว่า 12 ไร่
เหมาะมากสำหรับผู้ที่มองหาที่ดินผืนใหญ่เพื่อทำธุรกิจ

สนใจติดต่อ:
คุณแก้ว โทร. [hidden information]

🌺💚🌺💚🌺💚🌺💚🌺💚🌺💚🌺💚🌺💚🌺

🌸 Beautiful Land for Sale – 8 Rai in Mae Rim, Chiang Mai | Surrounded by Nature & Mountain Views 🌸

Property Highlights:

Total land size: 8 Rai (divided into 9 plots, each approx. 200+ sq. wah)

Every plot has road access

Price: 19,000 THB per sq. wah

Special offer: Discount available for bulk purchase of all 8 Rai

Prime Location: ✅ Right across from Four Seasons Resort Chiang Mai
✅ Next to Mae Rim Lagoon Hotel
✅ Southern border connects to The Grace Hotel
Surrounded by luxury hotels – premium neighborhood!

Perfect for:

Vacation homes

Private residence

Boutique resort or hotel

Café or restaurant

Pool villas

Bonus Opportunity:
Additional 3.38 Rai of adjacent government lease land also available, bringing the total to over 12 Rai
Ideal for those seeking a large parcel for commercial or hospitality projects

Contact Now for More Info or a Site Visit:
Ms. Kaew – Tel: [hidden information]"
https://www.facebook.com/marketplace/item/1254389746461770/,"2 ห้องนอน · 1 ห้องน้ำ
ราคา: ฿1,650,000 | ขาย
ขายทาวเฮาส์  รีโนเวทใหม่ 1.65 ล้าน พร้อมโอน
ทาวเฮาส์ พื้นที่ใช้สอย ประมาณ 120 ตรม.
ที่ดิน 43 ตรว.
มี 2 ห้องนอน 1 ห้องน้ำ
ด้านหลังบ้าน  สามารถต่อเติมครัวได้
หน้าบ้านกว้าง  สามารถจอดรถได้ 2 คัน และสามารถ ต่อเติมเป็นห้องได้อีก 1-2 ห้อง.
บ้านอยู่ไกล้แยกหนองจ๊อม 
โรงเรียนต้นกล้า 
จากตลาดรวมโชคไปทางแม่โจ้ ประมาณ 5 กิโลเมตร
สนใจสอบถามรายละเอียดเพิ่มเติมและนัดดูบ้านได้คะ
[hidden information] เกศณี."
https://www.facebook.com/marketplace/item/1254850306126730/,"3 ห้องนอน 2 ห้องน้ำ - บ้าน
ราคา: ฿2,090,000 | ขาย
🫶🏻🏡 บ้านสร้างใหม่ บ้านนอกโครงการ ไม่มีค่าส่วนกลาง!
ราคาเพียง 2.09 ล้าน (ฟรีโอน) พร้อมอยู่สุด ๆ

📍 บ้านป่าลาน ดอยสะเก็ด เชียงใหม่
สงบ เป็นส่วนตัว เดินทางเข้าเมืองง่าย

📐 ที่ดิน 60 ตรว. | พื้นที่ใช้สอย ~140 ตรม.
🛏️ 3 ห้องนอน | 🚽 2 ห้องน้ำ
🚗 จอดรถได้ 2 คันสบาย ๆ

🎁 ของแถมครบ!
✓ เตาแก๊ส & ฮูดดูดควัน TEKA
✓ เครื่องทำน้ำอุ่น 2 เครื่อง
✓ ปั๊มน้ำ + ถังเก็บน้ำ
✓ เดินท่อปลวก + ฉีดน้ำยา
✓ ฟรีมิเตอร์น้ำ-ไฟ
✓ ปลูกหญ้ารอบบ้าน
✓ หลังคาพร้อมฉนวนกันร้อน

👩🏻‍💻 ยื่นสินเชื่อฟรีทุกธนาคาร ไม่มีค่าใช้จ่าย
📆 นัดชมบ้านล่วงหน้า 1 วัน
❌ งดแชร์พิกัดหากไม่ได้นัดหมาย

📲 สนใจทักเลย บ้านใหม่ ทำเลดี ของแถมแน่น พร้อมเข้าอยู่!

#ขายบ้านดอยสะเก็ด #บ้านนอกโครงการ #บ้านไม่มีค่าส่วนกลาง #บ้านเดี่ยวเชียงใหม่ #บ้านพร้อมอยู่ #บ้านใหม่เชียงใหม่"
https://www.facebook.com/marketplace/item/1255419289555696/,"3 ห้องนอน 2 ห้องน้ำ - บ้าน
ราคา: ฿4,290,000 | ขาย
🏡 ขายบ้านชั้นเดียว ทำเลดีในหมู่บ้านวังตาล — ดีไซน์อบอุ่น พร้อมเข้าอยู่
💰 ราคาขาย: 4.29 ล้านบาท

✨ รายละเอียดทรัพย์:
 • 3 ห้องนอน | 2 ห้องน้ำ
 • พื้นที่ใช้สอย 121 ตร.ม.
 • ขนาดที่ดิน 89 ตร.วา
 • ครัวตะวันตก
 • มีสวนตกแต่งสวย เฟอร์นิเจอร์ครบ
 • บ้านชั้นเดียว สภาพดี พร้อมเข้าอยู่ได้ทันที

📍 ตั้งอยู่ในหมู่บ้านวังตาล – ทำเลดี สงบ ปลอดภัย เหมาะแก่การอยู่อาศัย

⸻

🏡 Single-Storey Home for Sale in Wang Tan Village – Cozy Design, Move-In Ready

💰 Price: 4.29 million THB

✨ Property Features:
 • 3 bedrooms | 2 bathrooms
 • 121 sq.m. of usable space
 • Land size: 89 sq.wah
 • Western-style kitchen
 • Beautifully landscaped garden, fully furnished
 • Well-maintained single-storey house, ready to move in

📍 Located in Wang Tan Village – Great location, quiet and secure neighborhood, ideal for living"
https://www.facebook.com/marketplace/item/1258257795990313/,"บ้าน 3 ห้องนอน 3 ห้องน้ำ
ราคา: ฿23,000/เดือน | ขาย
🏡✨ Brand-New 2-Storey House for Rent  
Peaceful Location in Hang Dong, Chiang Mai
This beautifully designed home is perfect for modern families. 
Fully furnished with essential appliances — ready to move in! 🌿

📍 Location: Hang Dong Subdistrict, Hang Dong District, Chiang Mai

🛏 3 Bedrooms
🚿 3 Bathrooms
🍽 Fully Equipped Kitchen
🛋 Spacious Living Area
🚘 Private Parking
✨ Brand-new house with modern decoration
🚫 No pets allowed

💰 Rental Price: 23,000 THB/month

🌟 Highlights:

🏠 Modern design with practical layout for families

🌳 Peaceful environment, away from the hustle and bustle

🧭 Convenient location with easy access to the city

🛋 Fully furnished and ready to move in

📌 Nearby Places:
🛒 Kad Farang Village — 4 min (2.1 km)
🎓 SBS International School — 8 min (3.6 km)
🎓 Panyaden International School — 9 min (4.4 km)
🎓 Lanna International School — 11 min (6.2 km)
✈️ Chiang Mai International Airport — 27 min (12.3 km)

📲 Contact:
📞 [hidden information] | 📞 [hidden information]
🔖 ID: #TR0806

#ChiangMaiHouseForRent #HangDongLiving #NewHouseChiangMai #FullyFurnishedHome #ModernHome #FamilyFriendlyHome #NearInternationalSchools #ChiangMaiRental 🏡✨  

🏡✨ บ้านเดี่ยว 2 ชั้นสร้างใหม่ บรรยากาศเงียบสงบ ทำเลทองย่านชุมชนหางดง เชียงใหม่
บ้านหลังนี้ออกแบบลงตัวสำหรับครอบครัวยุคใหม่ พร้อมเฟอร์นิเจอร์ครบ เครื่องใช้ไฟฟ้าพร้อม เข้าอยู่ได้ทันที! 🌿

📍 ที่ตั้ง: ต.หางดง อ.หางดง จ.เชียงใหม่

🛏 3 ห้องนอน
🚿 3 ห้องน้ำ
🍽 ห้องครัวพร้อมใช้งาน
🛋 ห้องนั่งเล่นกว้างขวาง
🚘 ที่จอดรถส่วนตัว
✨ บ้านใหม่เอี่ยม ตกแต่งอย่างมีสไตล์
🚫 ไม่อนุญาตให้นำสัตว์เลี้ยงเข้าพัก

💰 ค่าเช่า: 23,000 บาท/เดือน

🌟 จุดเด่นของบ้าน:

🏠 ดีไซน์ทันสมัย ฟังก์ชันครบเหมาะกับครอบครัว

🌳 บรรยากาศเงียบสงบ ไม่พลุกพล่าน

🧭 ทำเลสะดวก เดินทางเข้าเมืองง่าย

🛋 พร้อมเฟอร์นิเจอร์และเครื่องใช้ไฟฟ้าครบชุด

📌 สถานที่ใกล้เคียง:
🛒 กาดฝรั่ง วิลเลจ — 4 นาที (2.1 กม.)
🎓 SBS International School — 8 นาที (3.6 กม.)
🎓 Panyaden International School — 9 นาที (4.4 กม.)
🎓 Lanna International School — 11 นาที (6.2 กม.)
✈️ สนามบินเชียงใหม่ — 27 นาที (12.3 กม.)

📲 สนใจติดต่อ:
📞 [hidden information] | 📞 [hidden information]
🔖 ID: #TR0806

#บ้านเช่าเชียงใหม่ #บ้านเดี่ยวหางดง #บ้านใหม่พร้อมอยู่ #เช่าบ้านเชียงใหม่ #ChiangMaiLiving #บ้านใกล้โรงเรียนนานาชาติ #บ้านเช่าพร้อมเฟอร์นิเจอร์ #บ้านสวยเชียงใหม่ 🏡✨"
https://www.facebook.com/marketplace/item/1262256139015814/,"3 ห้องนอน 2 ห้องน้ำ - บ้าน
ราคา: ฿1,990,000 | ขาย
#Ba096
บ้านพร้อมอยู่ โซนสันทราย น้ำไม่ท่วม

📍📍พิกัด: เทศบาลเมืองแม่โจ้ อ.สันทราย จ.เชียงใหม่

💥💥☘️ราคาโปรตอนนี้ 1,990,000 ลบ.☘️💥💥

💮💮💮แบงค์ประเมิน 2.35 ล ครับ มีเหลือๆ💮💮💮
🌼ที่ดิน 61.5 ตรว.
🌼พท.ใช้สอย120 ตรม.
🌼3 ห้องนอน
🌼2 ห้องน้ำ
🌼1 ห้องโถง
🌼1 ห้องครัว
🌼2 จอดรถ

😋ของแถม 😋
😀ปั้มน้ำ
😀ถังสำรองน่ำ
😀เครื่องกรองน้ำ
😀เครื่องทำน้ำอุ่น 2 เครื่อง
😀ปูสนามหญ้าให้รอบบ้าน

🍄สถานที่ใกล้เคียง🍄
✅เทศบาลแม่โจ้  10 นาที
✅มหาวิทยาลัยแม่โจ้ 10 นาที
✅ร.พ.สันทราย 5 นาที
✅ตลาดป่าเหมือด 8 นาที
✅เข้าเมืองเพียง 15 นาที

สนใจติดต่อสอบถามสนใจติด
📱 : 091-7841573 กระต่าย
หรือคลิกไอดีไลน์ลิ้งค์นี้เลยค่ะ 👇
https://line.me/ti/p/dmZkAn-Kwi"
https://www.facebook.com/marketplace/item/1264028908808446/,"4 ห้องนอน · 4 ห้องน้ำ
ราคา: ฿9,900,000 | ขาย
code:  HS58

ขายบ้านเดี่ยว ใกล้มหาวิทยาลัยเชียงใหม่ ทำเลพิเศษ
ระยะห่างจากรั้วมหาวิทยาลัยเพียง 200 เมตร
ใกล้ถนนนิมมานเหมินท์ และห้างเมญ่า
รายละเอียดทรัพย์สิน:
บ้านเดี่ยว 2 ชั้น
4 ห้องนอน
4 ห้องน้ำ
เครื่องปรับอากาศ 4 เครื่อง
ครัวสไตล์ตะวันตก
พื้นที่รับประทานอาหาร พร้อมเคาน์เตอร์บาร์
ห้องนั่งเล่น
ระเบียง 2 จุด
โรงจอดรถ 2 คัน
สถานที่สำคัญใกล้เคียง:
มหาวิทยาลัยเชียงใหม่ (คณะวิทยาศาสตร์) 200 เมตร
นิมมานเหมินท์ / ห้างเมญ่า 500 เมตร
โรงแรมภูคำ 200 เมตร
ราคาขาย: 9.9 ล้านบาท
ค่าโอนกรรมสิทธิ์: ผู้ซื้อและผู้ขายชำระคนละครึ่ง

House for Sale – Prime Location near Chiang Mai University
Only 200 meters from CMU’s Faculty of Science entrance.
Close to Nimmanhaemin Road and MAYA Lifestyle Mall.
Property Details:
Detached 2-storey house
4 bedrooms
4 bathrooms
4 air conditioning units
Western-style kitchen
Dining area with bar counter
Spacious living room
2 balconies
Parking for 2 cars
Nearby Landmarks:
Chiang Mai University (Faculty of Science): 200 meters
Nimmanhaemin Road / MAYA Mall: 500 meters
Phucome Hotel: 200 meters
Selling Price: 9.9 million THB
Transfer fee: 50/50 shared between buyer and seller

LOCATION 📍https://maps.app.goo.gl/DTrutVVX6Bimfjju9

👇INQUIRY & VIEWING & SEARCHING 👇
 🍀LINE ID:   @499kcgmj
🍀WhatsApp:   +66617975152
🍀Telegram:   @realestate189 
🍀 WeChat ID:   Housecnx  
☎️ 0️⃣6️⃣2️⃣-9️⃣1️⃣7️⃣9️⃣5️⃣3️⃣5️⃣"
https://www.facebook.com/marketplace/item/1264250015382979/,"2 ห้องนอน · 2 ห้องน้ำ
ราคา: ฿5,390,000 | ขาย
𝗙𝗼𝗿 𝗦𝗮𝗹𝗲: 🚩BEST Choice.. Mountain front condo  112 sq.m., 2 bedrooms, 2 bathrooms, wide balcony. 
𝗕𝗲𝘀𝘁 𝗣𝗿𝗶𝗰𝗲: 5.39 MB

If you are interested, please contact / make an appointment.
Tel /Line: Mint [hidden information]

ขายด่วน ‼️  🚩เมาเท่นฟร้อน 112 ตรม 2 นอน2น้ำ ระเบียงกว้างงง 
ราคานี้  ตึกนี้นานๆออกมานะคะ ซื้อเลยๆ  👍👍

🔥🔥 ราคา 5.39 ล้าน ค่าโอน 50/50 

______________________
สนใจติดต่อ/นัดดู
โทร/Line : มิ้นต์ [hidden information]"
https://www.facebook.com/marketplace/item/1265027679129497/,"2 ห้องนอน · 2 ห้องน้ำ
ราคา: ฿1,800,000 | ขาย
🔥📌 ขายบ้านชั้นเดียว ดอนแก้ว สารภี น้ำไม่ท่วม 
บ้านสวย ทำเลดี เดินทางสะดวก 

🏡 รายละเอียดบ้าน
 • 2 ห้องนอน | 2 ห้องน้ำ
 • 1 ห้องครัว 1 ห้องรับแขก
 • พื้นที่ 60 ตารางวา 
 • ที่จอดรถ 3 คัน🚘
 • น้ำไม่ท่วม ✅
 • บ้านสร้างเสร็จปี 2566

💰ราคาพิเศษ 1.8 ล้านบาท (ค่าโอนคนละครึ่ง)

👉 เหมาะสำหรับอยู่อาศัยเอง หรือซื้อไว้ลงทุนปล่อยเช่า (ปัจจุบันบ้านมีผู้เช่า เช่าอยู่เดือนละ 12,000 บาท)

🔥📌 Single-storey house for sale in Don Kaew, Saraphi – Flood-free area
Beautiful house in a great location with convenient transportation.

🏡 House details:
• 2 bedrooms | 2 bathrooms
• Land size: 60 sq. wah (240 sq.m.)
• 1 kitchen, 1 living room
• Parking for 3 cars 🚘
• Flood-free area ✅
• Built in 2023

💰 Special price: 1.8 million baht (transfer fee 50/50)

👉 Perfect for living or as an investment property for rental. (Currently rented out at 12,000 THB/month)

📲สนใจสอบถามเพิ่มเติม inbox หรือ line 
For more information please DM or Line : mayodyzzz (May)"
https://www.facebook.com/marketplace/item/1266214858579509/,"บ้าน 3 ห้องนอน 4 ห้องน้ำ
ราคา: ฿75,000/เดือน | ขาย
ให้เช่าบ้านหรู #ลัดดารมย์ #อิลิแกนซ์ 75,000 บาท/เดือน
บ้านเดี่ยวสไตล์ Luxury พร้อมเฟอร์นิเจอร์ใหม่ทั้งหลัง เข้าอยู่ได้ทันที
#วงแหวนรอบกลาง #แยกมหิดล ทำเลเยี่ยม! ใกล้เมือง และสนามบิน

ขนาดที่ดิน 120 ตารางวา
3 ห้องนอน 4 ห้องน้ำ
1 ห้องอเนกประสงค์ (ชั้นล่าง มีห้องน้ำในตัว – ปรับเป็นห้องนอนได้อีก)
ห้องรับแขก
ห้องรับประทานอาหาร
ครัวฝรั่ง + ครัวไทย
ห้องแม่บ้าน + ห้องน้ำแยก
เฟอร์นิเจอร์ใหม่ครบทั้งหลัง (Full Furnished)

สิ่งอำนวยความสะดวกในโครงการ:
ฟิตเนส
สระว่ายน้ำ
สวนสาธารณะ
คลับเฮาส์
รปภ. 24 ชั่วโมง

สถานที่ใกล้เคียง:
ไลฟ์สไตล์ & ห้าง:
เซ็นทรัลแอร์พอร์ต – 5 นาที
เซ็นทรัลเฟสติวัล – 15 นาที
บิ๊กซี ดอนจั่น / แม็คโคร – 10 นาที
ตลาดวโรรส / ไนท์บาซาร์ – 10-15 นาที

สถานศึกษา:
รร.นานาชาติวารี – 5 นาที
UCIS – 10 นาที
มงฟอร์ต / วชิรวิทย์ – 5-10 นาที

โรงพยาบาล:
รพ.กรุงเทพเชียงใหม่ – 10 นาที
รพ.ราชเวช – 7 นาที
รพ.มหาราช – 15 นาที

การเดินทาง:
สนามบินเชียงใหม่ – 5-7 นาที
สถานีรถไฟเชียงใหม่ – 15 นาที
ใกล้ถนนซุปเปอร์ไฮเวย์ / เข้าเมืองสะดวก
10 นาทีถึงถนนคนเดินท่าแพ / ไนท์บาซาร์

ค่าเช่า 75,000 บาท / เดือน
สัญญาขั้นต่ำ 1 ปี

อยากได้อสังหาโซนไหน สอบถามเข้ามาได้เลย

ต้องการอสังหาแบบไหนที่ Northern Land Chiangmai เรามีครบ ครอบคลุม #ทั่วเชียงใหม่ ไม่ว่าจะเป็น
#พูลวิลล่า #บ้านใหม่ #บ้านมือสอง #บ้านเช่า #คอนโด #อสังหาพร้อมผู้เช่า #หอพัก #อพาร์ทเม้นท์ #ที่ดิน

รับจัดหาบ้าน, ที่ดิน, คอนโด, อสังหาริมทรัพย์ทั่วเชียงใหม่
บริการยื่นสินเชื่อทุกธนาคารฟรี ไม่มีค่าใช้จ่าย
ยื่นสินเชื่อที่อื่นไม่ผ่านรับดูแลต่อ พร้อมให้คำแนะนำ
ทำการตลาด สื่อ โฆษณา
เช็คเครดิตบูโร ฟรี

นัดชมได้ทุกวันไม่มีวันหยุด
Line ID : @habanchiangmai หรือ https://lin.ee/netCDYF
หรือสอบถามเพิ่มเติมโทร 086-9238951/ 065-5306944 / 085-9646661
ยินดีพาชม และให้คำปรึกษาด้านสินเชื่อ ฟรี

เว็บไซต์บริษัท : https://northernlandandhousechiangmai.com/en

หาบ้าน เชียงใหม่ : https://www.habanchiangmai.com/

เพจหาบ้าน เชียงใหม่ : https://www.facebook.com/HabanHabanchiangmai?mibextid=ZbWKwL

YouTube : https://youtube.com/@northernlandhousechiangmai6664

Instagram : https://instagram.com/northernland.cm?igshid=YmMyMTA2M2Y=

TIKTOK : https://www.tiktok.com/@northerland_cnx?_t=8bwxggLIxlv&_r=1

สนใจอสังหาริมทรัพย์อื่นๆ คลิ๊ก
For Sale
https://www.facebook.com/NorthenlandHouse-Chiangmai-1774295549481349/
For Rent
https://www.facebook.com/Northernland-House-For-Rent-In-Chiangmai-228643327897310/

พูลวิลล่าเชียงใหม่
https://www.facebook.com/profile.php?id=100081907720597&mibextid=LQQJ4d

ที่ดิน
https://www.facebook.com/profile.php?id=100075781194500&mibextid=LQQJ4d

ขายคอนโด เชียงใหม่
https://www.facebook.com/profile.php?id=100076053777727&mibextid=LQQJ4d

หอพัก
https://www.facebook.com/profile.php?id=100086620509112&mibextid=LQQJ4d

อสังหาริมทรัพย์พร้อมผู้เช่า
https://www.facebook.com/profile.php?id=100075856546688&mibextid=LQQJ4d

#บ้านเชียงใหม่
#บ้านราคาถูกเชียงใหม่
#บ้านมือสองเชียงใหม่
#บ้านสร้างใหม่เชียงใหม่
#บ้านทำเลดีเชียงใหม่
#บ้านพร้อมอยู่เชียงใหม่
#พูลวิลล่าเชียงใหม่
#NorthernlandChiangmai
#อสังหาพร้อมผู้เช่าเชียงใหม่
#บ้านสวยเชียงใหม่
#บ้านพร้อมเฟอร์นิเจอร์เชียงใหม่
#บ้านสวนเชียงใหม่
#NorthernlandandHousechiangmai #Northernland"
https://www.facebook.com/marketplace/item/1266250941380303/,"3 ห้องนอน 2 ห้องน้ำ - บ้าน
ราคา: ฿2,390,000 | ขาย
🟥ขายบ้านสวยไม่ซ้ำใคร สไตล์นอร์ดิก มีเพียงหลังเดียว
🟥ขนาด3ห้องนอน 2ห้องน้ำ ที่ดิน62
ตารางวา
🟥ราคา 2.4 ลบ.
--------------------------------
📌พิกัดท่ารั้ว
----------------------------------
โทรและแอดไลน์
Tel [hidden information]
ID line [hidden information] (ค้นหาช่องID)

----------------------
📌รายละเอียดตัวบ้าน
🟨เป็นบ้านยกพื้นสูง ดีไซด์ทันสมัยทั้งหลัง
🟨ภายในบ้าน จากพื้นถึงฝ้าเพดานสูงโปร่ง โล่งสบาย
🟨มีหน้าต่างหลายบาน ภายในบ้านจึงเย็นสบาย ลมพัดได้ดี
🟨ตกแต่งหน้าบ้านให้สวยงาม ลงตัว และทันสมัย
📌แถมฟรีหลายรายการ
🟫ฟรีค่าโอนกรรมสิทธิ์
🟫ฟรีแอร์ขนาด9000 BTU 
🟫ฟรีเครื่องทำน้ำอุ่น1เครื่อง
🟫ฟรีเคาเตอร์ห้องครัว กรุกระเบื้องสวยงามเต็มผนัง
🟫ฟรีซิ้งค์ล้างจาน
🟫ฟรีระบบกำจัดปลวก แบบวางท่อใต้อาคาร
🟫ฟรีติดฉนวนกันความร้อนใต้หลังคา
🟫ฟรีมิเตอร์ไฟฟ้า
🟫ฟรีมิเตอร์ประปา
🟫ฟรีถังเก็บน้ำ1000 ลิตร
🟫ฟรีสนามหญ้าบริเวณบ้าน
===================
✅สถานที่ใกล้เคียง
•เซ็นทรัลเฟสติวัล 10กม.
•โรงพยาบาลกรุงเทพ 13กม.
•โรงพยาบาลแมคคอร์มิค 12กม.
•โรงพยาบาลเทพปัญญา 11กม.
•โรงเรียนปริ้นส์ 12กม.
•ตลาดสามแยกสันทราย 9กม.
•ผ่านโลตัสหลายสาขา ผ่านเซเว่นหลายสาขา ผ่านริมปิง เมต้ามอล
-----------------------------------"
https://www.facebook.com/marketplace/item/1267154891558017/,"3 ห้องนอน 3 ห้องน้ำ - บ้าน
ราคา: ฿16,000/เดือน | ขาย
🏡 บ้านให้เช่า ในโครงการ Solam Villas – สันผักหวาน หางดง

💰 ค่าเช่า: 16,000 บาท/เดือน
📅 สัญญาเช่า 1 ปี
🔒 มัดจำ 2 เดือน + ค่าเช่าล่วงหน้า 1 เดือน
✅ รวมค่าขยะแล้ว

✨ ทำเลสะดวก
 • 3 นาที ถึง Lanna International School (1 กม.) 📖
 • 400 ม. จาก 7-11 🏪
 • 10 นาที ถึง Meritton British International School
 • 8 นาที ถึง Kad Farang Village
 • 20 นาที ถึงสนามบิน ✈️
 • 3 นาที ถึง North Hill Golf Club ⛳

🏠 รายละเอียดบ้าน
 • พื้นที่ใช้สอย 120 ตร.ม.
 • 3 ห้องนอน | 2 ห้องน้ำ
 • 1 ห้องนั่งเล่น | 1 ห้องครัว
 • จอดรถในบ้านได้ 2 คัน

🛋️ เฟอร์นิเจอร์และเครื่องใช้ไฟฟ้า
 • ห้องนอน 2 ห้อง มีเตียง + ตู้เสื้อผ้า
 • เครื่องทำน้ำอุ่น 2 เครื่อง
 • แอร์ 2 เครื่อง
 • เครื่องซักผ้า
 • เตาแก๊ส + เครื่องดูดควัน
 • ตู้เย็น
 • โซฟา + โต๊ะอาหาร

Line ID: 0️⃣9️⃣8️⃣0️⃣5️⃣1️⃣9️⃣5️⃣5️⃣6️⃣
☎️: 0️⃣9️⃣8️⃣0️⃣5️⃣1️⃣9️⃣5️⃣5️⃣6️⃣

⸻

📌 English Version

🏡 House for Rent at Solam Villas – San Phak Wan, Hang Dong

💰 Rental: 16,000 THB/month
📅 1-year lease
🔒 2 months’ deposit + 1 month rent in advance
✅ Garbage collection fee included

✨ Prime Location
 • 3 mins to Lanna International School (1 km) 📖
 • 400 m to 7-11 🏪
 • 10 mins to Meritton British International School
 • 8 mins to Kad Farang Village
 • 20 mins to the airport ✈️
 • 3 mins to North Hill Golf Club ⛳

🏠 House Details
 • Usage area: 120 sq.m.
 • 3 Bedrooms | 2 Bathrooms
 • 1 Living room | 1 Kitchen
 • 2 Parking spaces (inside the house)

🛋️ Furnished & Equipped
 • 2 bedrooms with beds & wardrobes
 • 2 water heaters
 • 2 air conditioners
 • Washing machine
 • Gas stove & hood
 • Refrigerator
 • Sofa & dining table

Line ID: 0️⃣9️⃣8️⃣0️⃣5️⃣1️⃣9️⃣5️⃣5️⃣6️⃣
☎️: 0️⃣9️⃣8️⃣0️⃣5️⃣1️⃣9️⃣5️⃣5️⃣6️⃣"
https://www.facebook.com/marketplace/item/1267277168284478/,"บ้าน 4 ห้องนอน 3 ห้องน้ำ
ราคา: ฿20,000/เดือน | ขาย
Code : R2347


🏡✨ให้เช่าบ้าน 2 ชั้น โซนสันทราย
4 ห้องนอน 3 ห้องน้ำ 3 ที่จอดรถ
20,000 บาท / เดือน มัดจำ 2 เดือน
📏พื้นที่ 98 ตร.ว


❌ไม่รับสัตว์เลี้ยง❌


📌สถานที่ใกล้เคียง📌
-โรงเรียนรักษ์อุบลการบริบาลเชียงใหม่
-กาดรวมโชค
-วิทยาลัยนานาชาติ มหาวิทยาลัยพายัพ
-โรงพยาบาลกรุงเทพ เชียงใหม่
-เซ็นทรัล เชียงใหม่

🚪เฟอร์นิเจอร์🚪
-เตียงนอน
-โต๊ะเครื่องแป้ง
-เครื่องทำน้ำอุ่น
-แอร์
-อ่างอาบน้ำ

🏡✨2-storey house for rent, San Sai area
4 bedrooms, 3 bathrooms, 3 parking spaces
20,000 baht / month, 2-month deposit
📏Area 98 sq.w.

❌No pets allowed❌

📌Nearby places📌
-Rak Ubon Nursing School Chiang Mai
-Kad Ruamchok
-Payap University International College
-Bangkok Hospital Chiang Mai
-Central Chiang Mai

🚪Furniture🚪
-Bed
-Dressing table
-Water heater
-Air conditioner
-Bathtub

รวมคอนโดว่างให้เช่า🔹
➡️ https://teedd.co/เช่าคอนโดฯ/
🔹รวมบ้านว่างให้เช่า🔹
➡️ https://teedd.co/เช่าบ้าน/
•รับจัดหาบ้าน,ที่ดิน,คอนโด,อสังหาริมทรัพย์
นัดชมได้ทุกวันไม่มีวันหยุด | รับนายหน้า CO-AGENT
Line:@teedd (มี@)
https://lin.ee/6c10cxd


Code : R2347
🚨บริษัท ที่ดีดี จำกัด | รับซื้อ | ขาย | เช่า
🚨จัดหาบ้าน,คอนโด ตามงบประมาณ
🚨รับทำ TM30 แจ้งต่างชาติเข้าพัก
🚨ดูแลตลอดสัญญาเช่า

📌นัดชมได้ทุกวัน | รับ CO-AGENT
Line : @teedd (มี@)
Tel : 052-005-009

#บ้าน #บ้านเช่า #บ้านเช่าเชียงใหม่
#คอนโด #เช่าคอนโด #คอนโดให้เช่า"
https://www.facebook.com/marketplace/item/1267313385074849/,"บ้าน 3 ห้องนอน 2 ห้องน้ำ
ราคา: ฿2,490,000 | ขาย
ราคาเพียง 2.49 ล้าน #โซนแม่ริม | Minimal Muji Home — เรียบง่าย แต่ใส่ใจทุกรายละเอียด บ้านชั้นเดียว #ดีไซน์มินิมอล #สไตล์ญี่ปุ่น 

บนพื้นที่ 50 ตร.วา
พื้นที่ใช้สอยกว้างขวาง 128 ตร.ม.
3 ห้องนอน
2 ห้องน้ำ
ห้องนั่งเล่นโปร่งโล่ง สบาย
จอดรถได้ 2 คัน

📍ทำเลดี เดินทางสะดวก ใกล้เมือง
• 10 นาที ถึง รพ.นครพิงค์
• 15 นาที ถึง เซ็นทรัลเฟสติวัล
• 20 นาที ถึง เมญ่า
• 15 นาที ถึง สนามกีฬา 700 ปี และศูนย์ราชการ

🎁ของแถมครบ มูลค่ากว่า 200,000 บาท
• ฟรีค่าโอนกรรมสิทธิ์
• ฟรีชุดเคาน์เตอร์ครัว + ซิงค์
• ฟรีติดตั้งมิเตอร์น้ำ-ไฟ
• ฟรีปั๊มน้ำและถังเก็บน้ำ
• ฟรีบริการให้คำปรึกษาและยื่นสินเชื่อ

💸ราคาเพียง 2.49 ล้านบาท

📌ที่ตั้ง: ตำบลดอนแก้ว อำเภอแม่ริม จังหวัดเชียงใหม่

🇬🇧 #Minimal Muji Home — Simplicity with Thoughtful Details
🏡Single-storey home in #Japanese-inspired minimalist design

Land size: 50 sq.wah | Usable area: 128 sq.m.
3 Bedrooms
2 Bathrooms
Bright, airy living room
2-Car parking space

📍Peaceful Location with Easy City Access
• 10 mins to Nakornping Hospital
• 15 mins to Central Festival
• 20 mins to MAYA Mall
• 15 mins to 700-Year Stadium & Government Center

🎁Free items worth over 200,000 THB:
• Free transfer fee
• Free built-in kitchen counter with sink
• Free water & electricity meter installation
• Free water pump & storage tank
• Free mortgage consultation & assistance

💰Only 2.49 Million THB

📌Location: Don Kaeo, Mae Rim, Chiang Mai"
https://www.facebook.com/marketplace/item/1267892851773340/,"3 ห้องนอน 2 ห้องน้ำ - บ้าน
ราคา: ฿1,890,000 | ขาย
🏠 บ้านเดี่ยวชั้นเดียว ดีไซน์ทันสมัย บนพื้นที่ 68 ตรว.
💰 ราคาเพียง 1.89 ล้านบาท 💸ฟรีโอน!!!

📍พิกัด ต.หนองแหย่ง อ.สันทราย จ.เชียงใหม่

รายละเอียด :
🔰 พื้นที่ 68 ตารางวา
🔰 3 ห้องนอน
🔰 2 ห้องน้ำ
🔰 จอดรถได้หลายคัน
🔰 สนามหญ้าหน้าบ้านกว้าง
🔰 ต่อเติมด้านหลังแล้ว

รายการของแถม :
🆓 ค่าโอนกรรมสิทธิ์
🆓 มิเตอร์น้ำ
🆓 มิเตอร์ไฟฟ้า
🆓 สนามหญ้า
🆓 มุ้งลวด
🆓 แทงค์น้ำ
🆓 ปั้มน้ำ
🆓 เค้าเตอร์ครัว
🆓 ระบบกำจัดปลวก
🆓 เครื่องทำน้ำอุ่น 2
🆓 แอร์ 1
➖➖➖➖➖➖➖➖➖➖➖➖➖➖➖
 🌈🌈🌈ยินดีบริการสินเชื่อฟรี ดันเคสฟรีไม่มีค่าใช้จ่าย

🔶สนใจติดต่อ🔶
Tel.0640745554 อัฐ
Line : https://line.me/ti/p/~naresdft
หรือดูอสังหาริมทรัพย์เพิ่มเติมได้ที่
https://www.facebook.com/SVP.Chiangmai/
➖➖➖➖➖➖➖➖➖➖➖➖➖➖➖"
https://www.facebook.com/marketplace/item/1268176815047232/,"2 ห้องนอน 1 ห้องน้ำ - อพาร์ทเมนท์
ราคา: ฿849,000 | ขาย
ขาย เอื้ออาทรสันผีเสื้อ ใกล้เซ็นทรัลเฟส
ราคา 849,000 บาท
ผ่อนเริ่มต้นเดือนละ 3,5XX บาท
2 ห้องนอน
1 ห้องน้ำ
1 ห้องนั่งเล่น
ตึก 3 ชั้น 2 ขนาด 34 ตรม.
มีเฟอร์นิเจอร์ครบ
เตียงพร้อมที่นอน
ตู้เสื้อ
โต๊ะเครื่องแป้ง
โซฟานั่งเล่น
ตู้เย็น 
เครื่องทำน้ำอุ่น
เครื่องปรับอากาศ


สถานที่ใกล้เคียง
โรงเรียนชุมชนวัดท่าเดื่อ
โรงพยาบาลนครพิงค์
ตลาดท่าเดื่อ
มหาวิทยาลัยราชภัฏเชียงใหม่
เมญ่า ไลฟ์สไตล์ ช้อปปิ้ง เซ็นเตอร์

For sale: San Phisuea Eua-Athorn Condominium
Price: 849,000 baht
Building 3, 2 floor, 34 sq m.
2 bedrooms
1 bathroom
1 living room
1 dressing room (can be converted into a bedroom)
Fully furnished
Installments starting at just 3,5XX baht per month

✨Furniture Details✨
Bed with mattress
Wardrobe
Dressing table
Sofa
Refrigerator
Water heater
Air conditioner

Nearby Locations:
Wat Tha Duea Community School
Nakhon Ping Hospital
Tha Duea Market
Chiang Mai Rajabhat University
Maya Lifestyle Shopping Center

Code : S4613
บริษัท ที่ดีดี จำกัด | รับซื้อ | ขาย | เช่า อสังหาริมทรัพย์
•สำหรับนักลงทุน พร้อมหาผู้เช่า
•เช็คบูโร,แก้เคส,ทำเอกสาร,วิเคราะห์สินเชื่อฟรี 
•รับจัดหาบ้าน,ที่ดิน,คอนโด,อสังหาริมทรัพย์

📌นัดชมได้ทุกวัน | รับ CO-AGENT
Line : @teedd (มี@)
Tel : [hidden information]

#คอนโด  #Condo #คอนโดเชียงใหม่"
https://www.facebook.com/marketplace/item/1268697478602137/,"4 ห้องนอน 4 ห้องน้ำ - บ้าน
ราคา: ฿4,890,000 | ขาย
📣 ขายบ้าน 2 ชั้น
4 ห้องนอน | 4 ห้องน้ำ | 2 ที่จอดรถ
✨ ตกแต่งใหม่ทั้งหลัง พร้อมเฟอร์นิเจอร์ครบ

💰 ราคาพิเศษ: เพียง 4.89 ล้านบาท 
(รวมค่าโอน)

พื้นที่ใช้สอย: 230 ตร.ม.
ขนาดที่ดิน: 54.7 ตร.วา
📍 โครงการหมู่บ้านขวัญเวียง2 – สันผักหวาน, หางดง
📍 จุดเด่นทำเล
 • ใกล้ โรงเรียนนานาชาติชั้นนำ 8 แห่ง
Merittom BT, BCIS, สาธิตรังสิต, Lanna International, Kasintorn St. James, American Pacific, ปัญญาเด่น
 • ใกล้ Big C แม่เหียะ และ Makro หางดง
 • ใกล้ พืชสวนโลก, ไนท์ซาฟารี, กาดฝรั่ง
 • เดินทางไปสนามบินเชียงใหม่เพียงไม่กี่นาที

🛋 เฟอร์นิเจอร์ & ของแถม
 • ชุดโซฟาห้องรับแขก
 • ชุดโต๊ะรับประทานอาหาร 6 ที่นั่ง
 • เคาน์เตอร์ครัว พร้อมเตาแก๊ส
 • ห้องนอนครบ 3 ห้อง
 • ผ้าม่านทั้งหลัง
📺 เครื่องใช้ไฟฟ้า
 • ทีวี 1 เครื่อง
 • แอร์ 2 เครื่อง
 • เครื่องทำน้ำอุ่น 4 เครื่อง
 • ตู้เย็น
 • ไมโครเวฟ
 • ปั๊มน้ำ + แท้งค์น้ำ
 • ลานซักล้างหลังบ้านเทพื้น
 • ระบบรดน้ำสนามอัตโนมัติ
 • สนามหญ้าและโรงจอดรถ
🏘 สิ่งอำนวยความสะดวกในโครงการ
 • ระบบรักษาความปลอดภัย
 • บรรยากาศร่มรื่น
 • สระว่ายน้ำส่วนกลางขนาดใหญ่
📍 ทิศทางบ้าน: หันหน้าทิศเหนือ

———————————————————

🏡 For Sale: 2-Storey House
4 Bedrooms | 4 Bathrooms | 2 Parking Spaces
✨ Fully renovated & fully furnished – Move-in ready!

💰 Special Price: Only 4.89 million THB (Transfer fees included)

Usable area: 230 sq.m.
Land size: 54.7 sq.wah (~218.8 sq.m.)
📍 Kwan Wiang Village2, Hang Dong area
📍 Prime Location Highlights
 • Close to 8 leading international schools
Merittom BT, BCIS, Satit Rangsit, Lanna International, Kasintorn St. James, American Pacific, Panyaden International
 • Near Big C Mae Hia and Makro Hang Dong
 • Close to Royal Flora Garden, Night Safari, Kad Farang
 • Quick access to Chiang Mai International Airport
🛋 Included Furniture
 • Living room sofa set
 • Dining table for 6
 • Built-in kitchen counter with gas stove
 • 3 fully furnished bedrooms
 • Curtains throughout the house
📺 Appliances
 • 1 TV
 • 2 Air conditioners
 • 4 Water heaters
 • Refrigerator
 • Microwave
 • Water pump & storage tank
 • Backyard with concrete floor
 • Automatic garden watering system
 • Lawn & covered parking area
🏘 Village Facilities
 • Security
 • Green and shady surroundings with jogging path
 • Large shared swimming pool
📍 House Direction: Facing North

———————————————————
Please contact us for more information or to view.
สำหรับข้อมูลเพิ่มเติมหรือนัดดู. 
 
📞 0️⃣6️⃣2️⃣-9️⃣4️⃣5️⃣-9️⃣6️⃣6️⃣5️⃣ Toon

Line toonny555ok 
  
**กรุณาทำการนัดล่วงหน้า 1 วัน** 
**Please make an arrangement at least 1 day in advance **"
https://www.facebook.com/marketplace/item/1268913635256620/,"3 ห้องนอน 2 ห้องน้ำ - บ้าน
ราคา: ฿25,000/เดือน | ขาย
บ้านเดี่ยวโป่งน้อย สุเทพ
3นอน2น้ำ
เตียงที่นอน2ห้อง
รับสัตว์เลี้ยง
ให้เช่า25,000
เข้าอยู่ประกัน2 ล่วงหน้า1"
https://www.facebook.com/marketplace/item/1268975995026175/,"3 ห้องนอน 3 ห้องน้ำ - บ้าน
ราคา: ฿20,000/เดือน | ขาย
#HouseForRent Chet Yot
🛌3 bedrooms 🛁3 bathrooms
❌️์No Pets.🐱🐶
There are village security guards  24 hours a day
Rent 20,000 baht/month.(Including common free)
2 months deposit and 1 month advance payment, ready to move in.  25000 Full furniture 

ปล่อยเช่าบ้านเจ็ดยอด
🛌3 ห้องนอน 🛁 3 ห้องน้ำ
20,000 บาท/เดือน สัญญาขั้นต่ำ 1 ปี 
เฟอร์ไม่ครบ มีบางส่วน  25000 เฟอร์เต็ม
❌️ไม่รับสัตว์เลี้ยง🐱🐶

เฟอร์นิเจอร์ใหม่
✅️ ฟรีค่าส่วนกลาง & ค่าขยะ
✅️ แอร์ 3 เครื่อง
✅️ เครื่องทำน้ำอุ่น 2 เครื่อง
✅ ผ้าม่านบังแดด
✅️ เตียง 2 หลัง
✅️ ตู้เสื้อผ้า 
✅️ ตู้เย็น
✅️ เครื่องซักผ้า
✅️ โต๊ะรับประทานอาหาร

สนใจติดต่อ/Contact
มิกา  ag by Boom L"
https://www.facebook.com/marketplace/item/1269280871521657/,"3 ห้องนอน 3 ห้องน้ำ - บ้าน
ราคา: ฿8,500,000 | ขาย
บ้านพูลวิลล่า ศุภฤทัย หางดง

📣 𝐅𝐨𝐫 𝐬𝐚𝐥𝐞 บ้านเดี่ยวพูลวิลล่าหลังมุมหลังใหญ่ “ บ้านศุภฤทัย ” อยู่ในโครงการศุภาลัย พาร์ควิว อ.หางดง เชียงใหม่

▪️พื้นที่ 97 ตร.ว. | พื้นที่ใช้สอย 197 ตร.ม. 
▪️บ้าน 2 ชั้น ฟังก์ชัน 3 ห้องนอน | 3 ห้องน้ำ | 
มีสระว่ายน้ำขนาด 3*10 เมตร ระบบเกลือ | 
2 ที่จอดรถ  | พร้อมแต่งสวนสวยรอบบ้าน

✨ บ้านพลูวิลล่า พร้อมสระว่ายน้ำส่วนตัวระบบน้ำวน กว้าง 3 เมตร ยาว10 เมตร มีม่านน้ำตก มีศาลาไม้สักทองติดสระว่ายน้ำ บ้านหลังมุมหลังใหญ่สุดในโครงการ  มีห้องแต่งตัว ระบบรักษาความปลอดภัยตลอด 24 ชั่วโมง เงียบสงบเป็นส่วนตัว  พร้อมจัดสวนรอบบ้านแล้ว พร้อมเข้าอยู่ได้เลยคะ

▪️ตั้งอยู่บนทำเลใกล้ศูนย์การค้ากาดฝรั่งหางดงเพียง 500 เมตร 5 นาทีถึง 
▪️ห่างถนนหลักเพียง 500 เมตร เข้าออกสะดวก 
*** น้ำไม่ท่วม ***

🎉 ราคาขาย 8.5 ล้านบาท 🎉

▪️บรรยากาศดี วิวสวย เหมาะกับคนที่ไลฟ์สไตล์ไม่ชอบความวุ่นวาย
ไม่ชอบความซ้ำแบบใคร ไม่ชอบความแออัด
▪️มีพื้นที่สวนกว้างสไตล์อังกฤษ - ญี่ปุ่นสวยงาม
▪️เดินทางเข้าเมืองเพียง 15 นาที 

✨ รายละเอียดเพิ่มเติม
• แอร์ฝังฝ้า 2 ตัว / แอร์แขวนผนัง 2 ตัว
• เครื่องทำน้ำอุ่น 2 เครื่อง
• มิเตอร์น้ำ - ไฟ
• ปั๊มน้ำ+ถังเก็บน้ำ
• ระบบท่อกำจัดปลวก
• ประตูรีโมทไฟฟ้า
• เคาน์เตอร์ครัวบิ้วอิน
• ซิงค์ล้างจาน
• เตาไฟฟ้า
• เครื่องดูดควัน
• จัดสวนรอบบ้าน
• สนามหญ้ากว้างขวาง 
• มีสระว่ายน้ำระบบน้ำเกลือ
• อุปกรณ์ตกแต่งบ้านอีกหลากหลาย เกรดคุณภาพ
• บิ้วอินทั้งหลัง
• ห้องครัวสไตล์ยุโรป 
• เครื่องซักผ้า - อบผ้า 
• เครื่องล้างจาน
• ห้องแต่งตัว Walk - in closet

📍พิกัด : ต.บ้านแหวน อ.หางดง 
- ใกล้กาดฝรั่ง 500 เมตร
- สถานีตำรวจหางดง 
- โรงพยาบาลหางดง
- ใกล้ห้างบิ๊กซีหางดง 2
- ใกล้ตลาดสดหางดง
- ใกล้โรงเรียนนานาชาติ

💳 ดำเนินการด้านสินเชื่อให้ฟรี ดันทุกเคส ครบจบที่เดียว
สอบถาม-นัดชมบ้าน และรายละเอียดเพิ่มเติมได้ที่ 
📳 Tel. 063-964-5494 นุ่มนิ่ม
📲 Line Id : https://line.me/ti/p/yTZHXgOk2-
🌐 Email : [hidden information]"
https://www.facebook.com/marketplace/item/1269743871837841/,"4 ห้องนอน 3 ห้องน้ำ - บ้าน
ราคา: ฿7,900,000 | ขาย
#ติดทรัพย์รับโค
🏡 ขายบ้าน Pool Villa เชียงใหม่
❣️ทำเลดีตั้งอยู่ที่  ต.สุเทพ อ.เมืองเชียงใหม่
❣️ใกล้สนามบินเชียงใหม่ เดินทางเพียง 5 นาที
รายละเอียดบ้าน
🚩พื้นที่ดินเริ่มต้น 52 ตร.วา
🚩พื้นที่ใช้สอย 282 ตร.ม.
🚩4 ห้องนอน
🚩3 ห้องน้ำ พร้อมเครื่องทำน้ำอุ่นครบทุกห้อง
🚩3 ที่จอดรถ
🚩ห้องครัวสไตล์โมเดิร์น มาพร้อมเคาน์เตอร์ครัว เตา และที่ดูดควัน
🚩ห้องนั่งเล่น Double Space  เพดานสูง 7 เมตรโปร่งโล่งสบาย
🚩สระว่ายน้ำส่วนตัวขนาด 4.5 x 3 เมตร
✨ ราคาเริ่มต้นเพียง 7.9 ล้านบาท ✨
🚩ฟรีของแถมสิทธิพิเศษสำหรับลูกค้า
🚩ฟรี! ค่าโอนกรรมสิทธิ์
🚩ฟรี! ปั้มน้ำ และแท้งน้ำ
🚩 ฟรี! ปูหญ้า เพิ่มพื้นที่สีเขียวรอบบ้าน
🚩ฟรี! ระบบกำจัดปลวก
🚩 ฟรี! ประตูรีโมท และดิจิตอล Door Lock
พิกัด
ตำบลสุเทพ อำเภอเมืองเชียงใหม่ เชียงใหม่
I'd.oporza8301 
Suthep Subdistrict House
🏡 Pool Villa for Sale in Chiang Mai
❣️ Prime location in Suthep Subdistrict, Mueang Chiang Mai District
❣️ Near Chiang Mai Airport, just a 5-minute drive
House Details
🚩 Starting land area of 52 sq.wa
🚩 Usable area of 282 sq.m.
🚩 4 bedrooms
🚩 3 bathrooms, all with water heaters
🚩 3 parking spaces
🚩 Modern kitchen with countertops, stove, and hood
🚩 Double-space living room with 7-meter high ceilings for an airy and spacious feel
🚩 Private swimming pool measuring 4.5 x 3 meters
✨ Starting price at only 7.9 million baht ✨
🚩 Free special gifts for customers
🚩 Free! Transfer fee
🚩 Free! Water pump and water tank
🚩 Free! Lay grass to add greenery around your home.
🚩Free! Termite control system.
🚩Free! Remote control door and digital door lock.
Location:
Suthep Subdistrict, Mueang Chiang Mai District, Chiang Mai.
ID: oporza8301"
https://www.facebook.com/marketplace/item/1270897641751681/,"2 ห้องนอน 2 ห้องน้ำ - บ้าน
ราคา: ฿1,890,000 | ขาย
🔉🚀🏠ด่วน! ขายบ้านเดี่ยวในโครงการหมู่บ้านสมหวัง ท่ารั้ว อ.ดอยสะเก็ด จ.เชียงใหม่

💢 ราคาเพียง 1,890,000 บาท
💢 ประเมิน ธนาคาร 2,2xx,xxx
💢 ฟรีค่าโอน
✅ ️ติดถนน วงแหวน รอบ3  

🏘️ รายละเอียด :
📐 พื้นที่ 66 ตรว.🏡
🛌 > 2 ห้องนอน 
🚽 > 2 ห้องน้ำ
จอดรถ ในบ้าน2 คัน
👩‍🍳 > 1 ห้องครัวพร้อมเคาน์เตอร์ซิงค์น้ำ
🛋 > 1 ห้องโถงนั่งเล่น
 
🛣️ถนนหน้าบ้าน กว้าง
💸ไม่มีค่าส่วนกลาง💸💸

📌ใกล้เซนเฟส 5 กม
📌พิกัดทำเลดี เข้า ออก ง่าย
📍ใกล้ร้านค้าสะดวกซื้อและห้างสรรพสินค้าต่างๆ📌
✔️สนามบิน 20 นาที

🛍 เซนทรัลเฟสติวัล และ บิ๊กซีเอ็กตร้า 5 กม.
🍑 ตลาดสามแยก 4 กม.
🥦 แยกท่ารั้ว 1 กม.

+มิเตอร์น้ำ+มิเตอร์ไฟฟ้าพร้อมขาย
🎁 แถม แอร์ ห้องนอน
#ขายตามสภาพ
#บ้านดิบFlppingได้5 ด.
#มัดจำ 300,000 หรือ ตกลงกัน
➖➖➖➖➖➖➖➖➖➖➖➖➖➖➖
 🌈🌈🌈ยินดีบริการสินเชื่อฟรี ดันเคสฟรีไม่มีค่าใช้จ่าย

🔶สนใจติดต่อ🔶พี่อิ๊ด
Tel.098-4457541
Line : ateding
หรือดูอสังหาริมทรัพย์เพิ่มเติมได้ที่
🚩📌👇
================================https://www.facebook.com/profile.php?id=100043390667913&mibextid=ZbWKwL
➖➖➖➖➖➖➖➖➖➖➖➖➖➖➖สามารถนัดดูอสังหาก่อน่วงหน้าได้ 1 วัน
================================"
https://www.facebook.com/marketplace/item/1272220788284195/,"บ้าน 4 ห้องนอน 4 ห้องน้ำ
ราคา: ฿35,000/เดือน | ขาย
Brand-New Modern House for Rent –Near Ruamchok & Central Festival Chiang Mai ✨

🏡 Only 1 Unit Left! Fully furnished, ready to move in ✅

📍 Prime Location:
🚗 Ruamchok Market / Rim Ping / Meechok Plaza – 6 mins
🏫 Nakornpayap International School – 6 mins
🏥 Theppanya Hospital – 8 mins
🛍️ Central Festival Chiang Mai – 11 mins
✈️ Chiang Mai Airport – 26 mins

🏠 2-storey detached house (right-hand side unit)
Land size: 70 sq.wah | Living area: 170 sq.m.
4 Bedrooms | 4 Bathrooms | Living room | Kitchen | Balcony
🅿️ Parking for 2 cars

🛋️ Fully furnished & ready to move in
• Beds / Wardrobes / Air cons / Water heaters
• Built-in kitchen
• Refrigerator / Washing machine / Stove + Hood / Microwave
• Curtains / Dining set / Sofa

💰 Rental Rate:
• 35,000 THB/month (1-year contract)
• 40,000 THB/month (6-month contract)
🔹 Deposit: 80,000 THB | Advance: 1 month
❌ No common fee

📌 Property Code: #TR0805
📞 Contact: [hidden information] | [hidden information]

#HouseForRent #ChiangMaiHome #RuamchokArea #CentralFestivalChiangMai #ModernHome #ExpatLivingChiangMai #ReadyToMoveIn


ให้เช่าบ้านเดี่ยวสร้างใหม่ ใกล้ตลาดรวมโชค & เซ็นทรัลเฟสติวัล เชียงใหม่ 🏡✨

เหลือเพียง 1 หลังสุดท้าย! บ้านใหม่เอี่ยม เฟอร์นิเจอร์ครบ พร้อมเข้าอยู่ทันที ✅

📍 ทำเลทอง ใกล้ทุกความสะดวก
🚗 ตลาดรวมโชค / ริมปิง / มีโชคพลาซ่า – 6 นาที
🏫 รร.นานาชาตินครพายัพ (NIS) – 6 นาที
🏥 รพ.เทพปัญญา – 8 นาที
🛍️ เซ็นทรัล เฟสติวัล – 11 นาที
✈️ สนามบินเชียงใหม่ – 26 นาที

🏠 รายละเอียดบ้าน (หลังขวามือในภาพ)
บ้านเดี่ยว 2 ชั้น | เนื้อที่ 70 ตร.วา | พื้นที่ใช้สอย 170 ตร.ม.
4 ห้องนอน | 4 ห้องน้ำ | ห้องนั่งเล่น | ห้องครัว | ระเบียง | ที่จอดรถ 2 คัน

🛋️ เฟอร์นิเจอร์ครบ พร้อมอยู่ทันที
• เตียง / ที่นอน / ตู้เสื้อผ้า
• แอร์ทั้งหลัง ❄️ / เครื่องทำน้ำอุ่น
• ชุดครัว Built-in
• 🧊 ตู้เย็น / 🧺 เครื่องซักผ้า / 🔥 เตา + เครื่องดูดควัน / ☕ ไมโครเวฟ
• ผ้าม่าน / ชุดโต๊ะกินข้าว / โซฟา

💰 ค่าเช่า:
• 35,000 บาท/เดือน (สัญญา 1 ปี)
• 40,000 บาท/เดือน (สัญญา 6 เดือน)
🔹 มัดจำ 80,000 บาท
🔹 ล่วงหน้า 1 เดือน
❌ ไม่มีค่าส่วนกลาง

📌 รหัสทรัพย์: #TR0805
📞 สนใจนัดชมบ้าน
[hidden information] | [hidden information]

#บ้านให้เช่าเชียงใหม่ #รวมโชค #บ้านใหม่ #บ้านเดี่ยวให้เช่า #บ้านพร้อมอยู่ #ChiangMaiLiving #LuxuryHome #บ้านใกล้เซ็นเฟส #บ้านใกล้รรนานาชาติ #ChiangMaiRealEstate"
https://www.facebook.com/marketplace/item/1272225544253864/,"บ้าน 3 ห้องนอน 3 ห้องน้ำ
ราคา: ฿35,000/เดือน | ขาย
🏡ให้เช่าบ้านเปล่า 2 ชั้น ใกล้สวนดอกไม้ โซนเหมืองแก้ว แม่ริม🏡

💸ราคาเช่า 35,000 บาท/เดือน สัญญา 1 ปีขึ้นไป💸
❤ประกัน 2 เดือน ล่วงหน้า 1 เดือน❤

รายละเอียด :
📏ที่ดิน 120 ตร.ว. 
🛏3 ห้องนอน 
🛁3 ห้องน้ำ
🍳1 ห้องครัว
🛋1 ห้องนั่งเล่น
🏞มีสวน
🚗จอดรถได้หลายคัน
💧⚡ค่าน้ำค่าไฟตามมิเตอร์
✅🐶🐱อนุญาตให้เลี้ยงสัตว์

เฟอร์นิเจอร์ :
✨แอร์ 2 ตัว
✨ตู้โชว์
✨โต๊ะรับประทานอาหาร
✨เครื่องทำน้ำอุ่น
✨มีเคาน์เตอร์ครัว
✨เตาไฟฟ้า
✨เครื่องดูดควัน
✨ไมโครเวฟ
✨กาน้ำร้อน
✨ตู้เย็น

📍สถานที่ใกล้เคียง :
🚩สวนดอกไม้อุ๊ยเป็ง
🚩ฟาร์มปูนาท่าวัง เชียงใหม่
🚩โรงเรียนวัดป่าข่อยใต้

Code : R1188
🚨บริษัท ที่ดีดี จำกัด | รับซื้อ | ขาย | เช่า
🚨จัดหาบ้าน,คอนโด ตามงบประมาณ
🚨รับทำ TM30 แจ้งต่างชาติเข้าพัก
🚨ดูแลตลอดสัญญาเช่า

📌นัดชมได้ทุกวัน | รับ CO-AGENT
Line : @teedd (มี@)
Tel : [hidden information]

#บ้าน #บ้านเช่า #บ้านเช่าเชียงใหม่
#คอนโด #เช่าคอนโด #คอนโดให้เช่า"
https://www.facebook.com/marketplace/item/1275434913874586/,"3 ห้องนอน 2 ห้องน้ำ - บ้าน
ราคา: ฿2,990,000 | ขาย
🏡บ้านเดี่ยวใกล้เซนทรัล🥳  หลังมุมติดถนน❗
❗ห่างเซนทรัล 5 กม.📍 #พร้อมโอน
พื้นที่กว้างมากถึง 100 ตรว.✨ 

💸💸ราคาเพียง 2.99 ลบ.💸💸

🛏️ 3 ห้องนอน
🚿 2 ห้องน้ำ
🍽️ 1 ห้องครัว
🛋️ 1 ห้องโถง
🚗 จอดรถได้หลายคัน❗

🎀แถมฟรี🎀
🎉ค่าโอน
🎉แอร์ 4 ตัว
🎉ผ้าม่าน2ชั้น
🎉มุ้งลวด
🎉เหล็กดัด
🎉ปั๊มน้ำ
🎉แทงค์น้ำ
🎉เตาแก๊ส
🎉ฮู๊ดดูดควัน
🎉ตู้บิวอินห้องครัว
🎉เครื่องทำน้ำอุ่น 2 ตัว
🎉ปูสนามหญ้า
🎉ปูกระเบื้องโรงจอดรถ
🎉ประตูรั้วรีโมท
🎉ต้นไม้มงคล 1 ต้น 

พิกัด: บ้านกร่างหมู่ 3📍

🏡สนใจติดต่อ/นัดชมบ้าน
📱[hidden information] เอิน
💻 เพจ : ดูบ้านกับเอิร์น พิษณุโลก"
https://www.facebook.com/marketplace/item/1275632574052408/,"4 ห้องนอน 4 ห้องน้ำ - บ้าน
ราคา: ฿5,336,000 | ขาย
🏡 ขายบ้านสองชั้น โซนสันกำแพง เชียงใหม่
💸 ราคาเพียง 5,336,000 บาท (ฟรีค่าโอน) 💰
✨ บ้านสองชั้น สร้างใหม่ ทำเลดี เหมาะสำหรับอยู่อาศัยหรือปล่อยเช่า
📏 ขนาดเนื้อที่เริ่มต้น 64 –74.6 ตร.ว.
📐 ขนาดพื้นที่ใช้สอย 200 ตร.ม.

✨รายละเอียดบ้าน :
4 ห้องนอน
4 ห้องน้ำ
2 ที่จอดรถ

✨รายละเอียดของแถมฟรี :
มิเตอร์น้ำ
มิเตอร์ไฟฟ้า
ปั๊มน้ำ
ถังเก็บน้ำ
กล้องวงจรปิดภายนอกบ้าน 2 ตัว
ระบบเดินท่อกำจัดปลวก รับประกัน 1 ปี
เคาน์เตอร์ครัวท็อปหินแกรนิต พร้อมซิงค์ล้างจาน

📌สถานที่ใกล้เคียง
โรงเรียนอนุบาลเปรมฤดี – Premrudee Kindergarten School
โรงพยาบาลส่งเสริมสุขภาพตำบลบ้านศรีสองเมือง – Ban Sri Song Mueang Subdistrict Health Promoting Hospital
ตลาดเจริญ เจริญ – Charoen Charoen Market
มหาวิทยาลัยมหามกุฏราชวิทยาลัย วิทยาเขตล้านนา แห่งที่ 2 – Mahamakut Buddhist University, Lanna Campus 2
โลตัส โก เฟรช ซูเปอร์มาร์เก็ต บ่อสร้าง – Lotus's Go Fresh Supermarket Bosang
ศรีอรุณพลาซ่า (กาดศรีอรุณ) – Sri Arun Plaza (Kad Sri Arun Market)

🏡 Two-Story House for Sale in San Kamphaeng, Chiang Mai
💸 Starting from 5,336,000 THB (Free transfer fee) 💰
✨ Newly built house in a great location — ideal for living or renting out
📏 Land size: 64 – 74.6 sq.w.
📐 Usable area: 200 sq.m.

✨House Details:
4 Bedrooms
4 Bathrooms
2 Parking Spaces

✨Free Bonus Items:
Water meter
Electricity meter
Water pump
Water storage tank
2 outdoor CCTV cameras
Built-in termite control piping system (1-year warranty)
Granite kitchen counter with sink

Code : S4604
บริษัท ที่ดีดี จำกัด | รับซื้อ | ขาย | เช่า อสังหาริมทรัพย์
•สำหรับนักลงทุน พร้อมหาผู้เช่า
•เช็คบูโร,แก้เคส,ทำเอกสาร,วิเคราะห์สินเชื่อฟรี 
•รับจัดหาบ้าน,ที่ดิน,คอนโด,อสังหาริมทรัพย์

📌นัดชมได้ทุกวัน | รับ CO-AGENT
Line : @teedd (มี@)
Tel : [hidden information]

#ที่ดีดีเชียงใหม่ #บ้านเช่า
#บ้านเช่าเชียงใหม่ #คอนโดให้เช่าเชียงใหม่  #บ้านเชียงใหม่  #เช่าคอนโดเชียงใหม่  #หอพักเชียงใหม่  #บ้าน
#คอนโด  #Condo"
https://www.facebook.com/marketplace/item/1276190913970719/,"3 ห้องนอน 3 ห้องน้ำ - บ้าน
ราคา: ฿2,150,000 | ขาย
🏡ขายบ้านเดี่ยวสร้างใหม่ใหญ่มาก พร้อมอยู่
 โซนท่ารั้ว-สันปูเลย ทำเลใก้ลเมือง ใกล้เซ็นทรัลเฟสติวัล🎉🎊🏦 ราคา  2.15-2.19ล้าน 

🛏️ 3ห้องนอน 3ห้องน้ำ 1ห้องครัว 2ที่จอดรถ
เนื้อที่ 53ตารางวา🔰 พื้นที่ใช้สอยเริ่มต้น 130ตรม.
💚 เครื่องทำน้ำอุ่น3เครื่อง
🎁ฟรีของแถม🎁
✅ ค่าโอนกรรมสิทธิ์
✅ ฝักบัวเรนเชาเวอร์ 2 ตัว
✅ ฉนวนกันความร้อนใต้หลังคา
✅ วางระบบท่อกำจัดปลวก
✅ มิเตอร์ไฟ
✅ ปั้มน้ำและถังเก็บน้ำ 1,000 ลิตร
✅ ฟุตบาทรอบบ้าน
✅ ปลุกหญ้ารอบบ้าน
✅ เคาน์เตอร์ครัวพร้อมบานซิงค์บานแก๊ส และอ่างล้าง🍀 
🍀 แอร์12000BTU 2ตัว
📑🖋ทางเราบริการดำเนินเอกสารและสินเชื่อให้ฟรี
🏡ปรึกษาสอบถามรายละเอียดเพิ่มเติมและเยี่ยมชมบ้านโครงการ😊
📲 โทร [hidden information]
        ID line. Pong4674

#บ้านเชียงใหม่ #บ้านพร้อมอยู่เชียงใหม่ #บ้านต่ำกว่าราคาประเมิน #บ้านใหม่ #บ้านมือหนึ่ง #ผ่อนถูกกว่าเช่า #บ้านใก้ลเมือง #บ้านนอกโครงการ #บ้านราคาถูก #ท่ารั้ว #สันปูเลย #บ้านเดี่ยวเชียงใหม่ #รีวิวบ้าน #บ้านเชียงใหม่ราคาถูก #บ้านใกล้ฉัน"
https://www.facebook.com/marketplace/item/1277932197183167/,"บ้าน 2 ห้องนอน 2 ห้องน้ำ
ราคา: ฿2,500,000 | ขาย
🏡ขายบ้านชั้นเดียว โซนสันกำแพง เชียงใหม่🏡

🔥ราคา 2,500,000 บาท🔥
❗️ค่าโอนฟรี❗️
🚩เนื้อที่ 71.4 ตรว

👉🏻รายละเอียด
-2 ห้องนอน
-2ห้องน้ำ
-1ที่จอดรถ
-1ครัว
-แถมแอร์ 2ตัว
-แท้งน้ำ+ปั้มน้ำ
-ตู้เสื้อผ้า 3 หลัง 
-เตียงนอน6ฟุต กับ3ฟุต 

Code : S2226
🚨บริษัท ที่ดีดี จำกัด | รับซื้อ | ขาย | เช่า
🚨ซื้อสด รับส่วนลดพิเศษ
🚨จัดหาบ้าน,คอนโด ตามงบประมาณ
🚨สำหรับนักลงทุน พร้อมหาผู้เช่า
🚨เช็คบูโร,แก้เคส,ปิดหนี้,รวมหนี้
🚨ทำเอกสาร,วิเคราะห์สินเชื่อฟรี 
🚨ยื่นกู้ได้ทุกอาชีพ ไม่ต้องดาวน์

📌นัดชมได้ทุกวัน | รับ CO-AGENT
Line : @teedd (มี@)
Tel : [hidden information]

#บ้าน #ขายบ้าน #ขายบ้านเชียงใหม่
#คอนโด #ขายคอนโด #condo"
https://www.facebook.com/marketplace/item/1277935393636516/,"ราคา: ฿49,000 | ขาย
“สุขทุกมิติ...ที่บ้านบางจาก” Bangchak… Feels like Home. เปิดโลกการทำงานที่มีความสุขแบบคูณ100 ที่บางจากฯ | WorkVe"
https://www.facebook.com/marketplace/item/1278590023589334/,"บ้าน 2 ห้องนอน 2 ห้องน้ำ
ราคา: ฿1,430,000 | ขาย
List No. 94917
- บ้านพร้อมที่ดินพร้อมโอน ทำเลดี
- เนื้อที่ 126 ตร.ว. พื้นที่ใช้สอย 116 ตร.ม.
- 2 ห้องนอน 2 ห้องน้ำ
- 2 ที่จอดรถ 1 ห้องครัว
- 2 แอร์

สถานที่ใกล้เคียง
- โรงเรียนบ้านทุ่งน้อย
- โรงพยาบาลส่งเสริมสุขภาพตำบลฝายแก้ว
- ถนนเส้นหลักน่าน-แม่จริม150 เมตร

*** ราคาขาย 1,430,000 บาท

ติดต่อ Estate corner Agency
โทร. [hidden information]
Line Id @estatecorner
E-mail [hidden information]
Estate corner Agency รับฝาก ซื้อ-ขาย อสังหาริมทรัพย์ทุกประเภท ฟรีค่าโฆษณายินดีจัดหาสินเชื่อให้ฟรี
EstateCornerAgency.com"
https://www.facebook.com/marketplace/item/1278993044255077/,"2 ห้องนอน 2 ห้องน้ำ - บ้าน
ราคา: ฿2,300,000 | ขาย
Code : S3002

🏡ขายบ้านเดี่ยว โซนสันทราย

💸ราคาเพียง 2.3 ล้านบาท ค่าโอนคนละครึ่ง

🛌2 ห้องนอนใหญ่
🛀2 ห้องน้ำ
🌸2 เครื่องทำน้ำอุ่น
🌸2 แอร์
🌸1 ตู้เย็น
🌸1 เครื่องซักผ้าฝาบน

🌸พร้อมเฟอร์นิเจอร์
🌸(ปกติไม่มีให้) ถังแก๊ส พร้อมเตา มีที่จอดรถ สะดวกสบาย เดินออกมาก็มีร้านอาหารหน้าปากซอย
🌸เหมาะกับการลงทุน ซื้อไว้ให้เช่าบ้านไม่เคยว่าง

📌สถานที่ใกล้เคียง
-ตลาดหลิ่งมื่น
-มหาวิทยาลัยแม่โจ้
-ตลาดสดแม่โจ้
-โรงพยาบาลสันทราย
-โรงเรียนสันทรายวิทยาคม
-1632 Lotus Exp แม่โจ้

🔹มีบ้านให้เลือกมากกว่า 1,000 รายการ
➡️ https://teedd.co/บ้าน/
🔹มีคอนโดให้เลือกมากกว่า 1,000 รายการ
➡️ https://teedd.co/คอนโดมิเนียม/
•สำหรับนักลงทุน พร้อมหาผู้เช่า
•เช็คบูโร,แก้เคส,ทำเอกสาร,วิเคราะห์สินเชื่อฟรี 
•รับจัดหาบ้าน,ที่ดิน,คอนโด,อสังหาริมทรัพย์
นัดชมได้ทุกวันไม่มีวันหยุด
Line:@teedd (มี@)
https://lin.ee/6c10cxd"
https://www.facebook.com/marketplace/item/1279451616893960/,"2 ห้องนอน 1 ห้องน้ำ - บ้าน
ราคา: ฿1,450,000 | ขาย
🏡เปิดจอง 📌 บ้านสวยน่ารัก อบอุ่น ผ่อนถูกกว่า เช่า แน่นอน💯เงินเดือนน้อยก็กู้ได้💰

🏡โครงการพีรดา โฮม 1 - กู่แดง สารภี
🔎 สไตล์มินิมอล-คอนเทมโพรารี่ 
🎊บ้านสวย อบอุ่น ใกล้เมือง เดินทางสะดวก

🏡 ขนาด 2 ห้องนอน 1 ห้องน้ำ 1 ห้องครัว 1 โรงจอดรถ
📍 ที่ดินขนาด 30 - 34 ตร.ว.
🛋️ พื้นที่ใช้สอย 65 ตร.ม.

✨ราคา 𝟏.𝟒𝟓 ลบ.✨

🎉โปรโมชั่น
🔸ฟรี ค่าโอนกรรมสิทธิ์
🔸ฟรี เคาน์เตอร์ครัวและซิงค์ล้างจาน
🔸ฟรี ถังเก็บน้ำพร้อมปั๊มน้ำ
🔸ฟรี กำจัดปลวก
🔸ฟรี สนามหญ้า 
🔸ฟรี มิเตอร์น้ำ
🔸ฟรี มิเตอร์ไฟ

🚗 ทำเลคุณภาพเดินทางเข้าเมืองสะดวก
▪️ 3 นาที ถึง 7-11 
▪️ 6 นาที ถึง โรงเรียนวชิราลัย
▪️15 นาที ถึง 89 พลาซ่า
▪️17 นาที ถึง เซ็นทรัลเฟสติวัล
▪️20 นาที ถึง สนามบินเชียงใหม่

⭕️ฟรี !! ดำเนินการช่วยเหลือในการยื่นสินเชื่อทุกธนาคาร
พร้อมบริการหลังการขาย💖
_____________________________________
ติดต่อสอบถามเพิ่มเติม ::
📲 084-965-4747 คุณหน่อย
📲 092-955-9425 คุณเนท
📲098-229-3562 คุณเฟิร์น
💚Line : https://line.me/ti/p/BwsWu5rAqh
💚 Line : https://line.me/ti/p/ms8B-Z7Y-8

ยินดีให้บริการลูกค้าค่ะ 🥳 #บ้านนอกโครงการเชียงใหม่ #บ้านราคาถูกเชียงใหม่ #บ้านเดี่ยวเชียงใหม่#บ้านสารภี #บ้านสารภีราคาถูก"
https://www.facebook.com/marketplace/item/1279525287552227/,"3 ห้องนอน 3 ห้องน้ำ - บ้าน
ราคา: ฿34,000/เดือน | ขาย
Code : R2152

⛪ให้เช่าบ้าน 2 ชั้น โซนสารภี
3 ห้องนอน 3 ห้องน้ำ 2 ที่จอดรถ ครัวฝรั่ง ห้องรับแขก
34,000 บาท/เดือน (ราคานี้รวมค่าส่วนกลาง)
ประกัน 3 เดือน ล่วงหน้า 1 เดือน
📏 เนื้อที่  44 ตร.ว. พื้นที่ใช้สอย 155 ตรม.


✔✔กรณีมีสัตว์เลี้ยง 40,000 บาท/เดือน (สุนัขตัวเล็ก)✔✔


📌สถานที่ใกล้เคียง
-โรงเรียนช่องฟ้าซินเซิงวาณิชบำรุง
-โรงพยาบาลส่งเสริมสุขภาพตำบลบ้านศรีสองเมือง
-ตลาดเจริญ เจริญ
-Boonthavorn Mall
-วัดดอนจั่น 

🚪เฟอร์นิเจอร์ 
-1 โซฟา 
-โต๊ะอาหาร 
-เตียง
-แอร์ 4 เครื่อง 
-TV 55“ 2 เครื่อง 
-เครื่องทำนำ้อุ่น 2 เครื่อง
-ตู้เย็น
-ไมโครเวฟ 1 ตัว


✨สิ่งอำนวยความสะดวก
- สระว่ายน้ำ 
- ฟิตเนส
- สวนสาธารณะหน้าบ้าน
- ระบบรักษาความปลอดภัยดูแล 24 ชม.
- การเข้า-ออกโครงการด้วยการสแกนทะเบียนรถ
- กล้องวงจรปิด CCTV


⛪2-storey house for rent, Saraphi area
3 bedrooms, 3 bathrooms, 2 parking spaces, Western kitchen, living room
38,000 baht/month (this price includes common fees)
3-month security deposit, 1 month in advance
📏 Area 44 sq m, usable area 155 sq m.


✔✔In case of having pets, 40,000 baht/month (small dogs) ✔✔


📌Nearby places
-Chong Fa Sin Seng Wanit Bamrung School
-Ban Sri Song Muang Subdistrict Health Promotion Hospital
-Charoen Charoen Market
-Boonthavorn Mall
-Wat Don Chan


🚪Furniture
-1 sofa
-Dining table
-Bed
-4 air conditioners
-2 55"" TVs
-2 water heaters
-Refrigerator
-1 microwave


✨Facilities
- Swimming pool
- Fitness
- Public park in front of the house
- 24-hour security system
- Entry and exit of the project by scanning the car registration
- CCTV




🔹รวมคอนโดว่างให้เช่า🔹
➡️ https://teedd.co/เช่าคอนโดฯ/
🔹รวมบ้านว่างให้เช่า🔹
➡️ https://teedd.co/เช่าบ้าน/
•รับจัดหาบ้าน,ที่ดิน,คอนโด,อสังหาริมทรัพย์
นัดชมได้ทุกวันไม่มีวันหยุด | รับนายหน้า CO-AGENT
Line:@teedd (มี@)
https://lin.ee/6c10cxd


บริษัท ที่ดีดี จำกัด | รับซื้อ | ขาย | เช่า อสังหาริมทรัพย์
•สำหรับนักลงทุน พร้อมหาผู้เช่า
•เช็คบูโร,แก้เคส,ทำเอกสาร,วิเคราะห์สินเชื่อฟรี 
•รับจัดหาบ้าน,ที่ดิน,คอนโด,อสังหาริมทรัพย์


📌นัดชมได้ทุกวัน | รับ CO-AGENT
Line : @teedd (มี@)
Tel : 052-005-009


#ที่ดีดีเชียงใหม่ #บ้านเช่า
#บ้านเช่าเชียงใหม่ #คอนโดให้เช่าเชียงใหม่  #บ้านเชียงใหม่  #เช่าคอนโดเชียงใหม่  #หอพักเชียงใหม่  #บ้าน
#คอนโด  #Condo"
https://www.facebook.com/marketplace/item/1279710326700010/,"4 ห้องนอน 1 ห้องน้ำ - บ้าน
ราคา: ฿2,200,000 | ขาย
ขายบ้านพร้อมที่ดิน ทำเลทอง ดีที่สุดในย่านนี้
พื้นที่ 88 ตารางวา ติดถนนเลียบทางรถไฟ บ้านเหมืองง่า ตำบลเหมืองง่า ลำพูน 
บ้าน 4 ห้องนอน แอร์ 1 ตัว 1 ห้องน้ำซักโครก 
ราคา 2,200,000 บาท สนใจโทรศัพท์ 086-6709275 ตุ้ย ลำพูน (เจ้าของขายเอง)
@ไฮไลท์

https://maps.app.goo.gl/tTsmEJstHVpewrCTA"
https://www.facebook.com/marketplace/item/1280142253897093/,"3 ห้องนอน 3 ห้องน้ำ - บ้าน
ราคา: ฿15,000/เดือน | ขาย
🏡ให้เช่า บ้าน โซนสารภี ใกล้ตลาดเจริญเจริญ
เดือนละ 15,000 บาท สัญญา 1 ปี
✅พร้อมอยู่   ❌ไม่รับสัตว์เลี้ยง

ประกัน 2 เดือน ล่วงหน้า 1 เดือน

รายละเอียด :
🛏 3 ห้องนอน 
🛁 3 ห้องน้ำ
🛋 1 ห้องนั่งเล่น
🍳 1 ห้องครัว
🚗 สามารถจอดรถได้ 1 คัน

รายละเอียดเพิ่มเติม :
✨ เฟอร์นิเจอร์
✨ เตียงนอน
✨ ทีวี
✨ เครื่องทำน้ำอุ่น

📍สถานที่ใกล้เคียง :
🚩 วัดป่าบงหลวง
🚩 กาดศรีอรุณ
🚩 บิ๊กซีดอนจั่น
🚩 สถานีรถไฟ
🚩 โรงเรียนช่องฟ้าซินเซิงวาณิชบำรุง

🏡 House for rent in Saraphi area, near Charoen Charoen Market
15,000 baht per month, 1-year contract
✅ Ready to move in ❌ No pets allowed

2-month security deposit, 1 month advance payment

Details:
🛏 3 bedrooms
🛁 3 bathrooms
🛋 1 living room
🍳 1 kitchen
🚗 Parking for 1 car

Additional details:
✨ Furnished
✨ Bed
✨ TV
✨ Water heater

📍Nearby places:
🚩 Wat Pa Bong Luang
🚩 Kad Sri Arun
🚩 Big C Don Chan
🚩 Train station
🚩 Chong Fa Sin Seng Wanit Bamrung School

Code : R2977
🚨บริษัท ที่ดีดี จำกัด | รับซื้อ | ขาย | เช่า
🚨จัดหาบ้าน,คอนโด ตามงบประมาณ
🚨รับทำ TM30 แจ้งต่างชาติเข้าพัก
🚨ดูแลตลอดสัญญาเช่า

📌นัดชมได้ทุกวัน | รับ CO-AGENT
Line : @teedd (มี@)
Tel : [hidden information]

#บ้าน #บ้านเช่า #บ้านเช่าเชียงใหม่
#คอนโด #เช่าคอนโด #คอนโดให้เช่า"
https://www.facebook.com/marketplace/item/1281152630000964/,"5 ห้องนอน 6 ห้องน้ำ - บ้าน
ราคา: ฿6,590,000 | ขาย
🏡 บ้านเดี่ยว 2 ชั้น สไตล์โมเดิร์น
บ้านทรงตัว L พร้อมสวนหย่อมกลางบ้าน

📍 พิกัด : ต.หนองจ๊อม อ.สันทราย จ.เชียงใหม่

💵 ราคาเพียง 6,590,000 บาท

📐 รายละเอียด
 • พื้นที่ใช้สอย 268 ตร.ม.
 • ขนาดที่ดิน 1 งาน 25 ตร.ว.
 • 5 ห้องนอน (มีห้องนอนชั้นล่าง)
 • 6 ห้องน้ำ
 • 1 ห้องพระ (ชั้น 2)
 • 1 ห้องครัว + ต่อเติมเคาน์เตอร์ครัว
 • 1 ห้องซักผ้า
 • 1 ห้องรับแขก
 • โถงกว้างทั้งชั้นบน–ชั้นล่าง
 • ที่จอดรถ 2–3 คัน

✅ ใกล้สถานที่สำคัญ
 • ตลาดรวมโชค
 • โรงเรียนต้นกล้า
 • แยกลิขิตชีวัน
 • Central Festival
 • ร้านอาหารโอ้กระจู๋ สันทราย
 • ร้านอาหารเวฬาดี
 • ตลาดภูดอย
 • โรงเรียนพงษ์พิกุล

🎁 โปรโมชั่นและของแถมพิเศษ
 • ฟรีโอนกรรมสิทธิ์
 • ฟรีมุ้งลวดทั้งหลัง
 • ฟรีฮูดดูดควัน
 • ฟรีปั๊มน้ำฮิตาชิ + ถังน้ำสำรอง 1,000 ลิตร
 • ฟรีมิเตอร์น้ำ–ไฟฟ้า
 • ฟรีปูกระเบื้องโรงรถ + รอบบ้าน
 • ฟรีปูสนามหญ้า + ต้นไม้จัดสวน

👩🏻‍💻 บริการยื่นสินเชื่อทุกธนาคารฟรี ไม่มีค่าใช้จ่าย
🔴 กรุณาแจ้งล่วงหน้า 1 วันก่อนเข้าชม 🔴
❌ งดแชร์พิกัดหากไม่ได้นัดหมาย ❌"
https://www.facebook.com/marketplace/item/1281483513282443/,"3 ห้องนอน 3 ห้องน้ำ - บ้าน
ราคา: ฿25,000/เดือน | ขาย
ให้เช่าบ้านกาญจน์กนก 21 
แม่เหียะ
25,000 ต่อเดือน
ประกัน 2 เดือน ล่วงหน้า 1 เดือน
(รับผู้เช่าระยะยาว 1ปีขึ้นไป)
เนื้อที่ 45 ตรว. พื้นที่ใช้สอย
141 ตรม
3 ห้องนอน 3 ห้องน้ำ 
1 ห้องครัว 2ที่จอดรถ
เฟอร์นิเจอร์ครบ
ฟรีค่าส่วนกลาง
ใกล้สนามบิน
เซ็นทรัล แอร์พอร์ต ,Lotus

หางดง,BigC หางดง,Makro
หางดง
ตลาดแม่เหียะ
มหาวิทยาลัย
เชียงใหม่,โรงเรียนนานาชาติ
หลายแห่ง
สนใจนัดชมบ้านหรือสอบถาม"
https://www.facebook.com/marketplace/item/1281843126780527/,"3 ห้องนอน 2 ห้องน้ำ - บ้าน
ราคา: ฿2,550,000 | ขาย
🏡 บ้านสวย ทำเลดี หางดง 
ราคาโดน จับต้องได้ เครดิตดีมีเงินเหลือ 🤍

👉🏻เนื้อที่ 67 ตารางวา
👉🏻3 ห้องนอน 2 ห้องน้ำ 
👉🏻ห้องโถงกว้าง 
👉🏻ห้องครัวใหญ่  
👉🏻จอดรถได้ 2 คัน

🎁แถมฟรี🎁
1. ฟรีค่าโอนกรรมสิทธิ์
2. ฟรีมิเตอร์น้ำ
3. ฟรีมิเตอร์ไฟ
4. ฟรีมุ้งลวดรอบบ้าน ยกเว้นประตูหลัง
5. ประกันโครงสร้าง 2 ปี
6. ประกันงานสถาปัตย์ 1 ปี
7. ทรายล้างโรงรถ
8. ปั้มน้ำแท้งน้ำ
9. สนามหญัารอบบ้าน
10. เคาร์เตอร์ห้องครัวพร้อมใช้งาน

🎊ราคา 2.55 ล้านบาท🎊

สนใจ [hidden information] พิมพ์ลตา"
https://www.facebook.com/marketplace/item/1282281443640881/,"3 ห้องนอน · 2 ห้องน้ำ
ราคา: ฿7,000,000 | ขาย
🏯🌞ด่วนขาย (รับโคเอเจ้นท์)
ตึกแถวทำเลทอง คนเยอะขายดีมาก ติดถนนหลัก ติด7-11 สันติธรรม เชียงใหม่ ใกล้วัดสันติธรรม 
สามารถเปิดคลินิก เปิดร้านอาหาร ขายผลไม้ ร้านนวด ขายแอลกอฮอล์ …
✅จอดรถได้2ฝั่ง ไม่มีวันคู่วันคี่ ครับ

📍 ราคาขายเพียง 7.0 ลบ (ต่อรองได้) (ค่าใช้จ่ายใน
การโอนคนละครึ่ง)

📊 ธนาคารประเมินล่าสุด 7.6 ลบ.

(ก่อนหน้านี้ขาย7.6)

💰 ปล่อยเช่าได้ประมาณ 30,000 – 40,000บ./เดือน

คุ้มทั้งลงทุนและเก็บปล่อยเช่า ใจกลางเมือง ทำเลผู้เช่าหาง่าย!

พี่อ๊อก [hidden information]

#ตึกแถวสันติธรรม
#ตึกแถวเชียงใหม่
# townhousechiangmai"
https://www.facebook.com/marketplace/item/1283236393576297/,"3 ห้องนอน 3 ห้องน้ำ - บ้าน
ราคา: ฿3,800,000 | ขาย
ขาย หมู่บ้านปาล์ม สปริง คันทรีโฮม
𝐁𝐚𝐚𝐧 𝐏𝐚𝐥𝐦 𝐒𝐩𝐫𝐢𝐧𝐠 𝐂𝐨𝐮𝐧𝐭𝐫𝐲 𝐇𝐨𝐦𝐞
.📌 ใกล้โรงเรียนมงฟอร์ต ใกล้โรงเรียนวารีเชียงใหม่
________________________________
● ราคาขาย 𝟑.𝟖 ล้าน .📌ราคาต่อรองได้
● โอน คนละครึ่ง 
.
● 3 ห้องนอน 3 ห้องน้ำ 1 นั่งเล่น 
● พื้นที่เยอะ 78.30 ตร.วา
● ค่าส่วนกลาง 25 บาท/ตร.วา
________________________________
#ข้อมูลเพิ่มเติม :
บ้าน 2 ชั้น อยู่หัวมุม
เจ้าของบ้านต้องการขายด่วน เนื่องจากต้องไป ตปท.
บ้านสภาพดี เจ้าของบ้านเข้าพักอาศัยนานครั้ง ไม่เคยปล่อยเช่า
.
● สนใจโทร: [hidden information]
● ไลน์/WhatsApp🎙[hidden information] คุณจูน
________________________________
#Hsfmju #หมู่บ้านปาล์มสปริงคันทรีโฮม
#palmspring"
https://www.facebook.com/marketplace/item/1283904396809369/,"2 ห้องนอน 2 ห้องน้ำ - บ้าน
ราคา: ฿1,550,000 | ขาย
🏘🏘โซนสันกำแพง ต้นเปา 1.55 ล้าน..‼️
บ้านสันมะฮกฟ้า สันป่าค่า เชียงใหม่

✨️ บ้านสวยสไตล์ Loft บ้านสร้างเต็มพื้นที
ฟังค์ชั่นครบ มีดาดฟ้า ดีไซด์สวยเหมาะสำหรับคนรุ่นใหม่ เหมาะสำหรับสร้างครอบครัวใหม่

🏕  เนื้อที่ 21.8 ตารางวา 
🛌  2 ห้องนอน
🛁  2 ห้องน้ำ
🛋  1 ห้องรับแขก
🥘  1 ห้องครัว

💥💥 สนน ราคาขาย 1.55.. ล้าน‼️
💸💸 ประเมิน 2 ล้าน..‼️

🎯 ยินดีบริการสินเชื่อฟรี
📲[hidden information]
📲📲 LINE ID [hidden information]"
https://www.facebook.com/marketplace/item/1283978739720609/,"บ้าน 3 ห้องนอน 3 ห้องน้ำ
ราคา: ฿28,000/เดือน | ขาย
v English below v
บ้านในโครงการ ให้เช่าเดือนละ 28,000 บาท ใกล้รร.นานาชาติปัญญาเด่นเพียง 5 นาที No.14H983
清迈美丽的2层别墅出租 。每月租金 28,000 泰铢，。No.14H983

บ้านเดี่ยวสองชั้น มี 3 ห้องนอน 3 ห้องน้ำ พื้นที่ 65 ตรว. 
3 卧室，3 浴室。面积 65 平方哇。

สถานที่ใกล้เคียง
-กาดฝรั่ง
-สตาร์อเวนิว5
-สวนน้ำแกรนด์แคนยอน

เฟอร์นิเจอร์ภายใน
-แอร์ 3 เครื่อง 
-เครื่องทำน้ำอุ่น 1 เครื่อง 
-เตียงนอน 3
-ตู้เสื้อผ้า 3
-โซฟารับแขก 1
-โต๊ะทานข้าว 1 
-ทีวี 1 เครื่อง
-ตู้เย็น 1 เครื่อง
-ไมโครเวฟ 1 เครื่อง
-เครื่องซักผ้า 1 เครื่อง

สัญญาขั้นต่ำ 1 ปี
จ่ายเพียง ประกัน 2 เดือน ล่วงหน้า 1 เดือน ทั้งหมดเพียง จ่าย 3 เดือน เข้าอยู่ได้เลยจร้า
สนใจติดต่อ เป็ด 0 9 9 - 4 7 2 8 2 4 6, อิง 0 9 6 - 1 7 1 4 1 9 5, หญิง 0 6 4 - 4 6 2 8 1 1 7
ไลน์ : https://lin.ee/xUfLbHe

A house for rent near by 5 min to Panyaden International School, No.14H983
清迈美丽的2层别墅出租 。每月租金 28,000 泰铢，。No.14H983

Rental monthly is 28,000 THB For 1 Year contact
Condition 1 month in advance & 2 months deposit

House spec : 3 Bedrooms, 3 bathrooms, 65 Sq.w. 
3 卧室，3 浴室。面积 65 平方哇。

Close to
-Kad Farang
-Star Avenue 5
-Grand Canyon Chiang Mai

Furniture
-Air conditioner 3
-Hot shower 1
-Bed 3
-Wardrobe 3
-Loungeset 1
-Dining table 1
-Television 1
-Refrigerator 1
-Microwave 1
-Washing machine 1

Contact us for more information : Ped 0 9 9 - 4 7 2 8 2 4 6, Ing 0 9 6 - 1 7 1 4 1 9 5, Ying 0 6 4 - 4 6 2 8 1 1 7
Line : https://lin.ee/xUfLbHe
https://www.baandd-chiangmai.com
#บ้านเช่าเชียงใหม่ #Houseforrentchiangmai
#ချင်းမိုင်တွင်လုံးချင်းအိမ်ငှားရန်ရှိသည်။"
https://www.facebook.com/marketplace/item/1284172246689102/,"1 ห้องนอน 1 ห้องน้ำ - อพาร์ทเมนท์
ราคา: ฿12,000/เดือน | ขาย
หาคนเช่าคอนโด@วันพลัสมหิดล1 ติดถนนมหิดล
500เมตรจากโรบินสัน
1ห้องนอน 1ห้องน้ำ ห้องใหญ่48 ตร.เมตร
ข้อห้าม ห้ามสูบบุหรี่&ห้ามเลี้ยงสัตว์
12,000บาท/เดือน สัญญาเช่า1ปีขึ้นไปค่ะ"
https://www.facebook.com/marketplace/item/1284380563380473/,"3 ห้องนอน 3 ห้องน้ำ - บ้าน
ราคา: ฿12,000/เดือน | ขาย
บ้านสวยๆพร้อมปล่อยเช่า หมู่บ้านอยู่โครงการศิวาลัย สันกำแพง
3นอน3น้ำ3แอร์1น้ำอุ่น
ให้เช่าเดือนละ12,000
พร้อมอยู่1กันยา"
https://www.facebook.com/marketplace/item/1284403610107053/,"บ้าน 4 ห้องนอน 2 ห้องน้ำ
ราคา: ฿3,600,000 | ขาย
S2620
ขาย บ้านชั้นเดียวสไตล์มินิมอล (รีโนเวทใหม่) ในหมู่บ้านสิริวัฒนานิเวศน์ หนองหอย
ใกล้โรงเรียนวารีเชียงใหม่ 6 นาที / 1.7 กม. , 89 พลาซ่า 4 นาที , สนามบินเชียงใหม่ 10 นาที
• รายละเอียด : 4 ห้องนอน , 2 ห้องน้ำ , 1 ห้องครัว 
• จุดเด่นมีพื้นหน้าบ้าน หลังบ้าน ข้างบ้านกว้าง ต่อเติมเพิ่มได้
• พื้นที่ใช้สอย : 175 ตารางเมตร / ที่ดิน 81 ตารางวา
• ราคาเพียง 3,600,000 บาท (ฟรีค่าโอนกรรมสิทธิ์)
______________________________
S2620
For Sale: Renovated Single-Storey Minimal House near Varee Chiang Mai School

Located in Siriwatthaniwet Village, Nong Hoi – Prime and peaceful area
Only 6 mins to Varee Chiang Mai (1.7 km), 4 mins to 89 Plaza, and 10 mins to Chiang Mai Airport

• Details: 4 Bedrooms, 2 Bathrooms, 1 Kitchen
• Usable Area: 175 sq.m
• Land Size: 81 sq.wah (324 sq.m)
• Highlights: Spacious front, side, and back yard — ideal for extensions
• Price: Only 3,600,000 THB (Free transfer fee)
______________________________
S2620
出售：清迈单层极简风格住宅（已翻新）— 靠近Varee学校，生活便利

位于清迈Nong Hoi的Siriwatthaniwet村，环境安静宜人
距离Varee学校仅6分钟（1.7公里），到89广场仅4分钟，到机场仅10分钟车程

• 房屋信息： 4卧室，2浴室，1厨房
• 使用面积： 175平方米
• 土地面积： 81平方哇（324平方米）
• 亮点： 前庭、后院及侧院宽敞，可扩建
• 售价： 3,600,000泰铢（免产权过户费）
______________________________
ติดต่อ / สอบถามเพิ่มเติม https://lin.ee/vUoVrbR
LINE: @cmrealestate (มี @ นำหน้า)

คุณมุก | 081-242-9452"
https://www.facebook.com/marketplace/item/1285120959583472/,"บ้าน 4 ห้องนอน 3 ห้องน้ำ
ราคา: ฿30,000/เดือน | ขาย
v English below v
บ้านในโครงการ ให้เช่าเดือนละ 30,000 บาท ใกล้รร.นานาชาติลานนา-หางดงเพียง 5 นาที No.14H985
清迈美丽的2层别墅出租 。每月租金 30,000 泰铢，。No.14H985
บ้านเดี่ยวสองชั้น มี 4 ห้องนอน 3 ห้องน้ำ พื้นที่ 85 ตรว.  
4 卧室，3 浴室。面积 85 平方哇。
สถานที่ใกล้เคียง
-กาดผักหวาน
-กาดฝรั่ง
-แม็คโครหางดง
-บิ๊กซีแม่เหียะ
เฟอร์นิเจอร์ภายใน
-แอร์ 5 เครื่อง
-เครื่องทำน้ำอุ่น 2 เครื่อง
-เตียงนอน 4
-ตู้เสื้อผ้า 4
-โซฟารับแขก 1
-โต๊ะทานข้าว 1
-ทีวี 1 เครื่อง
-ตู้เย็น 1 เครื่อง
-ไมโครเวฟ 1 เครื่อง
-เครื่องซักผ้า 1 เครื่อง
สัญญาขั้นต่ำ 1 ปี
จ่ายเพียง ประกัน 2 เดือน ล่วงหน้า 1 เดือน ทั้งหมดเพียง จ่าย 3 เดือน เข้าอยู่ได้เลยจร้า
สนใจติดต่อ BE (บี)  0 9 4 - 3 6 4 4 8 9 6
ID Line : 0943644896
Link Line : https://line.me/ti/p/UoWfAhUEZn
WeChat : Baandeedee44
Line Officials Baan dee dee : https://lin.ee/xUfLbHe


A house for rent near by 5 min to Lanna International School, No.14H985
清迈美丽的2层别墅出租 。每月租金 30,000 泰铢，。No.14H985
Rental monthly is 30,000 THB For 1 Year contact
Condition 1 month in advance & 2 months deposit
House spec : 4 Bedrooms, 3 bathrooms 85 Sq.w.  
4 卧室，3 浴室。面积 85 平方哇。
Close to
-Kad Sunpukwan
-Kad Farang
-Makro Hangdong
-Big C Mae Hia
Furniture
-Air conditioner 5
-Hot shower 2
-Bed 4
-Wardrobe 4
-Loungeset 1
-Dining table 1
-Television 1
-Refrigerator 1
-Microwave 1
-Washing machine 1
Contact us for more information :  BE (บี)  0 9 4 - 3 6 4 4 8 9 6
ID Line : 0943644896
Link Line : https://line.me/ti/p/UoWfAhUEZn
WeChat : Baandeedee44
Line Officials Baan dee dee : https://lin.ee/xUfLbHe
https://www.baandd-chiangmai.com
#บ้านเช่าเชียงใหม่ #บ้านให้เช่าเชียงใหม่ #บ้านเชียงใหม่ #เชียงใหม่
#houseforrentinchiangmai #houseinchiangmai #chiangmai
#清迈房屋出租 ＃清迈租房 ＃房出租 ＃租房 ＃找清迈租房 ＃清迈别墅墅
#ချင်းမိုင်တွင်လုံးချင်းအိမ်ငှားရန်ရှိသည်။"
https://www.facebook.com/marketplace/item/1285510479948410/,"3 ห้องนอน 3 ห้องน้ำ - บ้าน
ราคา: ฿3,890,000 | ขาย
🏡 บ้านเดี่ยวสไตล์ English Cottage – บ้านดอนตัน, แม่ริม เชียงใหม่
💵 ราคา 3.89 ล้านบาท (พร้อมบิ้วอิน & เฟอร์นิเจอร์บางส่วน)
✨ สร้างใหม่ พร้อมเข้าอยู่ นอกโครงการ

📏 รายละเอียดบ้าน
 • ที่ดิน 80 ตร.ว.
 • 3 ห้องนอน | 3 ห้องน้ำ
 • ห้องรับแขก + โซนทานข้าว พร้อมเคาน์เตอร์บาร์
 • ครัวพร้อมเตาแก๊ส & ฮูดดูดควัน
 • ที่จอดรถ 2 คัน

🎁 ของแถมครบชุด
 • ปั๊มน้ำ + แท็งก์สำรอง
 • มุ้งลวดทั้งหลัง
 • สนามหญ้าหน้าบ้าน
 • มิเตอร์น้ำ–ไฟ พร้อมใช้งาน
 • เฟอร์นิเจอร์บิ้วอิน: เตียง + ตู้เสื้อผ้า, โซฟา, โต๊ะทานข้าว, ชั้นวางทีวี, ผ้าม่าน และโต๊ะเครื่องแป้ง

📌 ใกล้แหล่งสำคัญ
 • ตลาดป่าข่อยใต้ 3 กม.
 • ม.แม่โจ้ 7.5 กม.
 • โรงพยาบาลนครพิงค์ 7.5 กม.
 • เซ็นทรัลเฟสฯ 13 กม.
 • ศูนย์ราชการเชียงใหม่ 10 กม.

👩🏻‍💻 บริการยื่นสินเชื่อทุกธนาคาร ฟรี ไม่มีค่าใช้จ่าย
🔴 แจ้งล่วงหน้า 1 วันก่อนเข้าชม
❌ งดแชร์พิกัดหากไม่ได้นัดหมาย ❌"
https://www.facebook.com/marketplace/item/1285929623292494/,"3 ห้องนอน 3 ห้องน้ำ - บ้าน
ราคา: ฿45,000/เดือน | ขาย
🏡บ้านเช่า หมู่บ้านเศรษฐสิริ สันทราย เชียงใหม่ ใกล้ตลาดรวมโชค และเซ็นทรัลเฟส

พื้นที่ใช้สอยขนาด 170 ตร.ม. 
ขนาดที่ดิน 60 ตร.ว.
3 ห้องนอน 3 ห้องน้ำ 1 ห้องรับแขก 
พื้นที่เตรียมอาหาร และห้องครัว 
แอร์ 5 ตัว ตกแต่งครบแล้ว พร้อมเฟอร์นิเจอร์ และเครื่องใช้ไฟฟ้าครบ มีสระว่ายน้ำ คลับเฮาส์ ห้องเก็บของ ที่จอดรถ 2 คัน เดินทางสะดวก (เข้าอยู่ได้เลย)

🔶เช่า 45,000 บาท (สัญญา 1 ปี)
เช่า ประกัน 2 เดือน ล่วงหน้า 1 เดือน

ใกล้แหล่งช้อปปิ้งและห้างสรรพสินค้า
- ตลาดรวมโชค
- มีโชคพลาซ่า
- ริมปิงซูเปอร์มาร์เก็ต
- เทสโก้ โลตัส
- เซ็นทรัล เฟสติวัล
- โฮมโปร

สถานศึกษาและสถานที่ราชการ
- รร.นานาชาติเชียงใหม่
- มหาวิทยาลัยพายัพ
-รร.ต้นกล้า

โรงพยาบาล
- รพ.กรุงเทพเชียงใหม่
- รพ.เทพปัญญา

****นัดดูบ้านได้เลย ***** ⛔️ ไม่รับสัตว์เลี้ยง⛔️

📲[hidden information] Line@ [hidden information]"
https://www.facebook.com/marketplace/item/1286156116125248/,"บ้าน 3 ห้องนอน 4 ห้องน้ำ
ราคา: ฿50,000/เดือน | ขาย
🌟🏡 Modern Pool Villa for Rent near Top International Schools

📍 Location: San Phak Wan, Hang Dong, Chiang Mai
Land size: 300 sq.m. (75 sq.wah) | Living area: ~200 sq.m.

💫 Property Features:

2-storey detached house

3 bedrooms, 4 bathrooms (all bedrooms upstairs with built-in wardrobes)

1 office (convertible into an extra bedroom)

Spacious living room

Fully equipped kitchen + outdoor space for open kitchen or storage

Private saltwater pool 4×8 m. with 4 Jet Spa heads 🏊

🌟 Highlights:

5 air conditioners

Fully furnished with electrical appliances

Solar cell system saves up to 70% on electricity ⚡

Monthly rental includes pool cleaning, gardening, and waste management

💰 Rental Price: 50,000 THB/month
✅ Including: Common fee + pool cleaning (2–4 times/month) + garden care

📌 Nearby Places:

Kad Farang Village: 5.1 km

Meritton British International School: 2.8 km

British Concordance International School (BCIS): 4.4 km

Lanna International School: 5.3 km

SBS International School Chiang Mai: 6.7 km

Property ID: #TR0794

📞 Contact:
[hidden information] | [hidden information]

#ChiangMaiLiving #PoolVillaForRent #LuxuryHomeChiangMai #InternationalSchools #HangDong  

✨🏡 พลูวิลล่าใกล้โรงเรียนนานาชาติชั้นนำ – พร้อมเข้าอยู่

📍 พิกัด: ต.สันผักหวาน อ.หางดง จ.เชียงใหม่
ที่ดิน 75 ตร.วา | พื้นที่ใช้สอย ~200 ตร.ม.

💫 รายละเอียดบ้าน

บ้านเดี่ยว 2 ชั้น ดีไซน์ทันสมัย

3 ห้องนอน 4 ห้องน้ำ (ทุกห้องนอนชั้นบนมีบิ้วอินตู้เสื้อผ้า)

1 ห้องทำงาน (ปรับเป็นห้องนอนเพิ่มได้)

ห้องนั่งเล่นกว้างขวาง

ห้องครัว + พื้นที่หลังบ้านสำหรับทำครัวเปิดหรือเก็บของ

สระว่ายน้ำระบบเกลือ 4×8 ม. พร้อม 4 หัว Jet Spa 🏊‍♀️

🌟 สิ่งอำนวยความสะดวก

เครื่องปรับอากาศ 5 เครื่อง

เฟอร์นิเจอร์ + เครื่องใช้ไฟฟ้าครบ

ระบบโซล่าเซลล์ ประหยัดค่าไฟได้สูงสุด 70% ⚡

พร้อมบริการดูแลสระว่ายน้ำ, ตัดหญ้า และค่าขยะ รวมในราคา

💰 ค่าเช่า: 50,000 บาท/เดือน

💰 รวม :  ค่าทำความสะอาดสระว่ายน้ำเดือนละ 2-4 ครั้งตามความเหมาะสม
              ค่าตัดหญ้าสนามตัดแต่งต้นไม้
              ค่าส่วนกลางค่าขยะ

📌 สถานที่ใกล้เคียง

กาดฝรั่ง วิลเลจ 5.1 กม.

รร.นานาชาติเมริทตัน บริติช 2.8 กม.

รร.นานาชาติบริติช คอนคอร์แดนซ์ BCIS 4.4 กม.

รร.นานาชาติลานนา 5.3 กม.

รร.นานาชาติ SBS เชียงใหม่ 6.7 กม.

Property ID: #TR0794

📞 สนใจติดต่อ:
[hidden information] | [hidden information]

#PoolVillaChiangMai #บ้านเช่าเชียงใหม่ #หางดง #บ้านพร้อมอยู่ 
#ใกล้โรงเรียนนานาชาติ"
https://www.facebook.com/marketplace/item/1287335372846344/,"3 ห้องนอน 2 ห้องน้ำ - บ้าน
ราคา: ฿2,800,000 | ขาย
️>ขายบ้านเดี่ยว3ห้องนอน2ห้องน้ำ เนื้อที่ 250 ตารางวากว้างมาก มีพื้นที่หน้าบ้านทำได้หลายอย่าง ขายราคา 2.8 ลบ.ราคาต่อรองได้
บ้านพร้อมเข้าอยู่ ทำเลดี มีต้นไม้ล้อมรอบ บรรยากาศร่มรื่นบ้านหันหน้าไปทางทิศตะวันออกครับรับเเสงอ่อนยามเช้า
> เครดิตดีมีเงินเหลือครับ**

✅️พิกัด ประตูป่า  ห่างตลาดประตูป่า1กม.

✅️สนใจนัดดูบ้าน [hidden information] คุณ ต้น"
https://www.facebook.com/marketplace/item/1287450019841872/,"4 ห้องนอน 3 ห้องน้ำ - บ้าน
ราคา: ฿8,900,000 | ขาย
🏡 ขายบ้านใหม่ สไตล์โมเดิร์นคลาสสิค – หมู่บ้านริมดอย โซนสุเทพ เชียงใหม่ รับนายหน้า บ้านเสร็จต้นเดือนธันวาคม 68

พื้นที่ดิน 70 ตร.วา | พื้นที่ใช้สอย 202 ตร.ม.

4 ห้องนอน | 3 ห้องน้ำ | ครัวไทย + ครัวฝรั่งบิวท์อิน

จอดรถได้ 3 คัน มีสวนในบ้านและสวนหน้าบ้าน


✨ ของแถม: แอร์, เครื่องทำน้ำอุ่น, แทงค์น้ำ+ปั๊มน้ำ, ตู้เย็น, ตู้ไวน์, เตาไฟฟ้าพร้อมฮู้ด, เตาแก๊สครัวไทย,เครื่องฟอกอากาศช่วยกรอง PM2.5

📍 ทำเลใกล้เคียง:

มหาวิทยาลัยเชียงใหม่ 3 นาที

รพ.สวนดอก 5 นาที

ตลาดต้นพยอม 4 นาที

โรงเรียนนานาชาติ BCIS 10 นาที


💰 ราคาพรีเซล 8.9 ล้านบาท (บ้านเปล่า + ของแถมตามรายการ) ✨ หากต้องการ ตกแต่งเฟอร์นิเจอร์ครบทั้งหลัง พร้อมสระขนาด 7×3.5 เมตร เพิ่มเพียง 1.9 ล้านบาท ก็พร้อมเข้าอยู่ได้ทันทีเหมือนบ้านตัวอย่าง
📑 ค่าโอนคนละครึ่ง

📲สนใจนัดดูก่อนได้นะคะ
✅️ฟรีบริการด้านสินเชื่อค่ะ
☎️โทร 0650580889 เดือนค่ะ
แอดไลน์  0650580889

#พลูวิลล่าเชียงใหม่  #พลูวิลล่าใกล้เมือง  #พลูวิวล่าสำหรับลงทุน
สนใจทรัพย์อื่นๆดูเพิ่มได้ในลิ้งเพจขายบ้าน
ด้านล่างนี้นะคะ👇👇
https://m.facebook.com/Home.duan889

#บ้านขายต่ำกว่าราคาตลาด  #บ้านราคาถูก    #บ้านโซนสันผักหวาน  #บ้านโซนหางดง  #บ้านพร้อมอยู่ #บ้านเจ้าของขายเอง  #บ้านเชียงใหม่ #บ้านใกล้เมือง  #บ้านอำเภอเมือง #บ้านล้านต้นๆ #บ้านสันทรายแม่โจ้
#บ้านโซนสารภี #บ้านอำเภอเมือง #บ้านใกล้สนามบิน
---


🇬🇧 English

🏡 For Sale – Modern Classic House, Rim Doi Village, Suthep, Chiang Mai

Land size: 70 sq.wah | Usable area: 202 sq.m.

4 Bedrooms | 3 Bathrooms | Built-inThai & Western Kitchen

Parking for 3 cars, garden in front and inside the house


✨ Free gifts included: Air-conditioners, water heaters, water tank + pump, refrigerator, wine cooler, electric stove with hood, Thai gas stove, air purifier for PM2.5

📍 Nearby places:

Chiang Mai University – 3 mins

Suan Dok Hospital – 5 mins

Ton Payom Market – 4 mins

BCIS International School – 10 mins


💰 Special Price: 8.9 MB (unfurnished house with listed complimentary items)
✨ For a fully furnished option, just add 1.9 MB — move in right away like a show home. With 7×3.5 m. pool.
📑 Transfer fee 50/50


---

🇨🇳 中文

🏡 清迈素贴区「Rim Doi」别墅出售 – 现代经典风格

土地面积：70 坪 | 使用面积：202 平方米

4 卧室 | 3 卫生间 | 配备泰式厨房 + 西式厨房（全套橱柜）

可停 3 辆车，带前院和室内花园


✨ 赠送家电：空调、热水器、水箱+水泵、冰箱、红酒柜、电磁炉+抽油烟机、泰式燃气炉,可过滤 PM2.5

📍 周边配套：

清迈大学 – 车程 3 分钟

Suan Dok 医院 – 车程 5 分钟

Ton Payom 市场 – 车程 4 分钟

BCIS 国际学校 – 车程 10 分钟


💰 特价：890万泰铢（空房，含赠送设备）
✨ 如需 全套家具精装，只需再加 190万泰铢，即可拎包入住，宛如样板房。游泳池 7×3.5米
📑 过户税费双方平摊
#บ้านเชียงใหม่ #บ้านสุเทพ #บ้านใกล้มช #บ้านริมดอย #บ้านสวยเชียงใหม่ #บ้านใหม่เชียงใหม่ #บ้านใกล้โรงพยาบาลสวนดอก #บ้านใกล้นานาชาติBCISจ #ChiangMaiHouse #SuthepHouse #HouseNearCMU #ChiangMaiProperty #ChiangMaiRealEstate #ModernClassicHouse #HouseForSaleChiangMai #LuxuryHouseChiangMai
#清迈别墅 #清迈买房 #素贴别墅 #清迈大学附近 #清迈房产 #清迈投资 #清迈豪宅"
https://www.facebook.com/marketplace/item/1287553766185341/,"3 ห้องนอน 4 ห้องน้ำ - บ้าน
ราคา: ฿149 | ขาย
🏡 ขายบ้าน Pool Villa สร้างใหม่ โซนวงแหวน 3 – สันกำแพง เชียงใหม่
บ้านเดี่ยวสุดหรู สไตล์โมเดิร์น พื้นที่กว้าง ฟังก์ชันครบ ตกแต่งพร้อมเข้าอยู่

🔹 เนื้อที่ 76.4 ตร.ว.
🔹 พื้นที่ใช้สอย 320 ตร.ม.
🔹 3 ห้องนอน / 4 ห้องน้ำ
🔹 สระเกลือระบบน้ำแร่ 3x9 ม.
🔹 EV Chargers รองรับรถไฟฟ้า
🔹 พร้อมตกแต่งสวยงาม พร้อมเข้าอยู่ทันที

📍 ทำเลทอง ใกล้วงแหวนรอบ 3 เพียง 800 ม.
 • โรงเรียนนานาชาติ 10 กม.
 • โรงพยาบาลกรุงเทพเชียงใหม่ 8 กม.
 • เข้าเมืองสะดวก เชื่อมทุกเส้นทางสำคัญ

💰 ราคาเพียง 14.9 ล้านบาท

⸻

📞 สอบถามรายละเอียด / นัดชมบ้าน
โทร : [hidden information]
🆔 Line : Luilian

⸻

✨ #PoolVillaเชียงใหม่ #บ้านหรูเชียงใหม่ #บ้านพร้อมสระว่ายน้ำ #บ้านสร้างใหม่ #บ้านใกล้เมืองเชียงใหม่ #บ้านวงแหวนสาม #บ้านสันกำแพง #บ้านหรู #LuxuryHomeChiangMai"
https://www.facebook.com/marketplace/item/1287733836290439/,"2 ห้องนอน 2 ห้องน้ำ - บ้าน
ราคา: ฿999,000 | ขาย
**ขายด่วนบ้านพร้อมที่ดิน**
เนื้อที่ 51 ตารางวา อยู่บ้านน้ำพุหมู่ 7
ตำบลป่าสัก อำเภอ เมืองลำพูน จังหวัดลำพูน
มี 2 ห้องนอน 2 ห้องน้ำ ขายราคา 999,000
>ใกล้เครือสหพัฒน์
>ใกล้ตลาดจตุจักร

> บ้านสามารถยื่นกู้ผ่านธนาคารได้

> เจ้าของขายเอง
สนใจทักสอบถามโทร [hidden information] ต้นครับ"
https://www.facebook.com/marketplace/item/1288349852778496/,"4 ห้องนอน 3 ห้องน้ำ - บ้าน
ราคา: ฿18,000/เดือน | ขาย
v English below v
❌🐶🐱
บ้านให้เช่าเดือนละ 18,000 บาท ไม่ไกลจากบิ๊กซีดอนจั่น No.1H531
清迈美丽的平房出租 。每月租金 18,000 泰铢，。No.1H531

บ้านเดี่ยวชั้นเดียว มี 4 ห้องนอน 3 ห้องน้ำ พื้นที่ 60 ตรว. 
4 卧室，3 浴室。面积 60 平方哇。

สถานที่ใกล้เคียง
-โรงเรียนมงฟอร์ตวิทยาลัย แผนกมัธยม
-โรงเรียนสารสาสน์วิเทศเชียงใหม่
-แม็คโคร

เฟอร์นิเจอร์ภายใน
-แอร์ 5 เครื่อง 
-เครื่องทำน้ำอุ่น 3 เครื่อง
-เตียงนอน 4
-ตู้เสื้อผ้า 4
-โซฟารับแขก 1 
-โต๊ะทานข้าว 1
-ทีวี 1 เครื่อง
-ตู้เย็น 1 เครื่อง
-ไมโครเวฟ 1 เครื่อง 
-เครื่องซักผ้า 1 เครื่อง
*ไม่อนุญาตเลี้ยงสัตว์

สัญญาขั้นต่ำ 1 ปี
จ่ายเพียง ประกัน 2 เดือน ล่วงหน้า 1 เดือน ทั้งหมดเพียง จ่าย 3 เดือน เข้าอยู่ได้เลยจร้า
สนใจติดต่อ บี 0 9 4 - 3 6 4 4 8 9 6
ID Line : 0943644896
Link Line : https://line.me/ti/p/UoWfAhUEZn
WeChat : Baandeedee44
Line Officials Baan dee dee : https://lin.ee/xUfLbHe

A house for rent near by 5 min to Big C Don Jan,  No.1H531
清迈美丽的平房出租 。每月租金 18,000 泰铢，。No.1H531

Rental monthly is 18,000 THB For 1 Year contact
Condition 1 month in advance & 2 months deposit

House spec : 4 Bedrooms, 3 bathrooms, 60 sq.w. 
4 卧室，3 浴室。面积 60 平方哇。

Close to
-Montfort College
-Sarasas Witaed Chiang Mai School
-Makro

Furniture
-Air conditioner 5
-Hot shower 3
-Bed 4
-Wardrobe 4
-Loungeset 1
-Dining table 1
-Television 1
-Refrigerator 1
-Microwave 1
-Washing machine 1  
*No pets allowed

Contact us for more information : BE  0 9 4 - 3 6 4 4 8 9 6
ID Line : 0943644896
Link Line : https://line.me/ti/p/UoWfAhUEZn
WeChat : Baandeedee44
Line Officials Baan dee dee : https://lin.ee/xUfLbHe
https://www.baandd-chiangmai.com
#บ้านเช่าเชียงใหม่ #บ้านให้เช่าเชียงใหม่ #บ้านเชียงใหม่ #เชียงใหม่
#houseforrentinchiangmai #houseinchiangmai #chiangmai
#清迈房屋出租 ＃清迈租房 ＃房出租 ＃租房 ＃找清迈租房 ＃清迈别墅墅
#ချင်းမိုင်တွင်လုံးချင်းအိမ်ငှားရန်ရှိသည်။"
https://www.facebook.com/marketplace/item/1289450212775252/,"บ้าน 3 ห้องนอน 3 ห้องน้ำ
ราคา: ฿35,000/เดือน | ขาย
🏡ให้เช่าบ้านเปล่า 2 ชั้น ใกล้สวนดอกไม้ โซนเหมืองแก้ว แม่ริม🏡

💸ราคาเช่า 35,000 บาท/เดือน สัญญา 1 ปีขึ้นไป💸
❤ประกัน 2 เดือน ล่วงหน้า 1 เดือน❤

รายละเอียด :
📏ที่ดิน 120 ตร.ว. 
🛏3 ห้องนอน 
🛁3 ห้องน้ำ
🍳1 ห้องครัว
🛋1 ห้องนั่งเล่น
🏞มีสวน
🚗จอดรถได้หลายคัน
💧⚡ค่าน้ำค่าไฟตามมิเตอร์
✅🐶🐱อนุญาตให้เลี้ยงสัตว์

เฟอร์นิเจอร์ :
✨แอร์ 2 ตัว
✨ตู้โชว์
✨โต๊ะรับประทานอาหาร
✨เครื่องทำน้ำอุ่น
✨มีเคาน์เตอร์ครัว
✨เตาไฟฟ้า
✨เครื่องดูดควัน
✨ไมโครเวฟ
✨กาน้ำร้อน
✨ตู้เย็น

📍สถานที่ใกล้เคียง :
🚩สวนดอกไม้อุ๊ยเป็ง
🚩ฟาร์มปูนาท่าวัง เชียงใหม่
🚩โรงเรียนวัดป่าข่อยใต้

Code : R1188
🚨บริษัท ที่ดีดี จำกัด | รับซื้อ | ขาย | เช่า
🚨จัดหาบ้าน,คอนโด ตามงบประมาณ
🚨รับทำ TM30 แจ้งต่างชาติเข้าพัก
🚨ดูแลตลอดสัญญาเช่า

📌นัดชมได้ทุกวัน | รับ CO-AGENT
Line : @teedd (มี@)
Tel : [hidden information]

#บ้าน #บ้านเช่า #บ้านเช่าเชียงใหม่
#คอนโด #เช่าคอนโด #คอนโดให้เช่า"
https://www.facebook.com/marketplace/item/1289898862618720/,"2 ห้องนอน 2 ห้องน้ำ - บ้าน
ราคา: ฿1,850,000 | ขาย
บ้านสร้างใหม่ มินิมอล นอร์ดิก 🏡 โซนหางดง
เลขที่ 81/4 หลังที่3  บ้านสวยมาก

ขนาด2 ห้องนอน  2 ห้องน้ำ  1 ครัว   1 โถง   1 ที่จอดรถ  ที่ดิน  37 ตรว พื้นที่ใช้สอย 90 ตรม 👫

ราคาพิเศษ  1.85ล้าน 
(พร้อม เฟอร์นิเจอร์)

บ้าน ￼ 🥰เคดิตลูกดีสามารถกู้เงินเหลือหลักแสนคะ

ใกล้ถนนหลัก คันคลอง เชียงใหม่-สันป่าตอง ตรงข้าม โรงเรียนนานาชาติ ปัญญาเด่น เดินทางสะดวก

🛖 บิ๊กซีแม่เหียะเพียง  15 นาที  
🛖 มหาวิทยาลัยเชียงใหม่เพียง 20 นาที
🛖 เซนทรัลแอร์พอร์ต 20 นาที
🛖 กาดฝรั่งเพียง 10 นาที
🛖 ตลาดหางดงเพียง 10 นาที

✅ ฟรีค่าใช้จ่ายโอนกรรมสิทธิ์
✅ เค้าเตอร์ครัว 
✅ ปูสนามหญ้ารอบบ้าน
✅ ปั๊มน้ำ
✅ ถังเก็บน้ำ
✅ ระบบกันปลวกที่รากฐาน
✅ มิเตอร์น้ำ
✅ มิเตอร์ไฟ 
✅ ผ้าม่านทั้งหลัง

สนใจสามารถสอบถาม
นัดชมได้ทาง 0948946164 นุช
📩 inbox หรือ Line  nuch.aphisara
#ติดทรัพย์#รับโค

https://maps.app.goo.gl/qBaXu3bYDcWvnNWa6?g_st=ipพุ"
https://www.facebook.com/marketplace/item/1290857869586011/,"3 ห้องนอน · 3 ห้องน้ำ
ราคา: ฿129 | ขาย
คืนนี้อยากฝาก “หนึ่งในห้องวิวที่สวยที่สุดใจกลางนิมมาน” ให้ทุกคนได้ชมกันค่ะ 💛

🌇 Hillside 4 Condominium | ห้อง 932

182 ตร.ม. | ชั้น 9 | ห้องหัวมุม วิวพาโนรามาเห็นดอยสุเทพเต็มตา
ห้องรีโนเวทใหม่ทั้งห้อง สไตล์เรียบหรูผสมความทันสมัย — เป็น Smart Home เต็มระบบ ที่พร้อมให้คุณควบคุมทุกอย่างได้เพียงปลายนิ้ว

ห้องนี้ “หายากมาก” เพราะ
 • เป็น ห้องมุมใหญ่ 3 ห้องนอน 3 ห้องน้ำ ครัวแยก
 • ยังไม่เคยมีผู้อยู่อาศัยมาก่อน
 • มองเห็นวิวพระอาทิตย์ตกทุกเย็น เหมือนอยู่ใน Penthouse ส่วนตัว

💎 รายละเอียดพิเศษ
 • Smart Home ควบคุมผ่านแท็บเล็ต
 • ม่านไฟฟ้า ตั้งเวลาเปิด–ปิดรับแสงอัตโนมัติ
 • ระบบลำโพงฝังฝ้า พร้อมระบบเสียงรอบทิศ
 • แอร์ Daikin 4 เครื่อง / ทีวี 65”×3 + 55”×1
 • ครัวบิลต์อินพร้อมตู้แช่ไวน์
 • ห้องซัก–อบผ้าแยก / ชั้นเก็บรองเท้า
 • ห้องน้ำ TOTO พร้อมโถสุขภัณฑ์อัตโนมัติ และอ่าง Jacuzzi
 • ระบบไฟฟ้า 3 เฟส มาตรฐานบ้านเดี่ยว

📍 ทำเลดีที่สุดในนิมมาน

ตรงข้าม One Nimman / ใกล้ Maya / ใกล้รพ.เชียงใหม่ราม และโรงเรียนนานาชาติ
เดินเล่นสะดวกสุด ๆ — ทั้งกิน ดื่ม เที่ยว ครบในระยะเดิน

💸 ราคาเพียง 12.9 ล้านบาท
(ค่าธรรมเนียมโอนคนละครึ่ง | ค่าส่วนกลาง 4,550 บาท/เดือน)
🛂 มีโควต้าชาวต่างชาติ

💰 ผลตอบแทนปล่อยเช่าระยะสั้นเฉลี่ย 100,000 บาท/เดือน
📈 Yield เฉลี่ยประมาณ 9.3% ต่อปี

✨ ห้องนี้คือความสมดุลระหว่าง “ความหรูหรา” และ “ความสบายที่อยู่ได้จริง”
เหมาะกับทั้งการพักอาศัยเอง หรือเป็นสินทรัพย์ลงทุนในทำเลที่ดีที่สุดของเชียงใหม่

📞 สนใจติดต่อ
ไข่มุก | Pearl Property
📱 [hidden information]
💬 Line: [hidden information]

——————
🌇 Hillside 4 Condominium | Unit 932

182 sq.m. | 9th Floor | Corner Unit | 
Panoramic Mountain View
This newly renovated residence combines luxury and smart living, offering full Smart Home automation that brings both elegance and convenience into your daily life.

A truly rare find —
 • Corner unit with 3 bedrooms, 3 bathrooms, separate kitchen, and wide balcony
 • Brand-new, never occupied before
 • Stunning sunset view over Doi Suthep — your private panorama every evening 🌅

💎 Highlights & Features
 • Smart Home system controlled via tablet
 • Motorized curtains with auto light scheduling
 • Built-in ceiling speaker system
 • 4 Daikin air conditioners
 • 3 × 65” TVs + 1 × 55” TV
 • Fully equipped built-in kitchen + wine cooler
 • Separate laundry room & shoe storage
 • TOTO bathroom with smart toilet + Jacuzzi tub
 • 3-phase electrical system (same as detached houses)

⸻

📍 Prime Location

Right across One Nimman, just steps from MAYA Mall, Chiangmai Ram Hospital, and top International Schools.
Walk everywhere — cafés, restaurants, lifestyle spots — all at your doorstep.

⸻

💸 Price: 12.9 Million THB
(Transfer fee 50/50 | Common fee: 4,550 THB/month)
🛂 Foreign Quota Available

💰 Average rental income: 100,000 THB/month
📈 Estimated yield: 9.3% annually

✨ A perfect blend of luxury, comfort, and timeless design —
A home that feels like a five-star retreat, yet right in the center of Nimman.

📞 Contact:
Kaimook | Pearl Property
📱 [hidden information]
💬 LINE: [hidden information]"
https://www.facebook.com/marketplace/item/1290952122770848/,"3 ห้องนอน 2 ห้องน้ำ - บ้าน
ราคา: ฿1,790,000 | ขาย
🎉 ลดพิเศษ เรื่มต้น 1.79  ล้านบาท ฟรีโอน🎊
🏡บ้านชั้นเดียว 3 ห้องนอน 2 ห้องน้ำ 1 ห้องครัว พร้อม โรงจอดรถ เนื้อที่ 57 ตารางวา ราคา 1.79 ล้านบาท ฟรีค่าโอนกรรมสิทธิ์

📌 ทำเลใกล้ตลาดขวัญเวียง  ตลาดผักหวาน วัดท่าใหม่อิ โรงเรียนนานาชาติลานนา ใกล้ถนนวงแหวนรอบ3  ห่างตัวเมืองเชียงใหม่ 12 ก.ม.
❤️❤️🌸 พร้อมบริการทางด้านสินเชื่อให้ฟรี!!!
📲 สนใจนัดชมบ้านได้ทุกวัน 📲
☎️ ติดต่อ คุณแอม 0934194564
Line ID= 0934194564   
FACEBOOK Assanee Parinyaninlakul
https://www.facebook.com/share/14FQykT2CyR/
เพจ AMP property บ้านที่ดินเชียงใหม่
https://www.facebook.com/share/1DCZJnqfZN/
TIKTOK AMP Ninlakul
https://www.tiktok.com/@assanee.ninlakul?_t=ZS-8z5BjAQLqmj&_r=1
#ขายบ้านเชียงใหม่ #อสังหาเชียงใหม่บ้านที่ดิน  #AMP Ninlakul"
https://www.facebook.com/marketplace/item/1291085899104120/,"บ้าน 3 ห้องนอน 3 ห้องน้ำ
ราคา: ฿3,900,000 | ขาย
🏠ขายบ้าน 2 ชั้น สร้างใหม่ โซนเมืองเชียงใหม่🏠

สไตล์ - Fredrik -
💎พื้นที่ใช้สอย 107 ตร.ม 
 💎เนื้อที่ 19.31 ตร.ว

🏷รายละเอียด🏷
🔸3 ห้องนอน
🔸3 ห้องน้ำ
🔸1 ห้องนั่งเล่น
🔸2 ที่จอดรถ
🔸Townhome 

🛒ราคาเริ่มต้น 3.9 ล้านบาท💸

-ค่าโอน
โอนคนละครึ่ง

✨สิ่งอำนวยความสะดวกส่วนกลาง✨
🔸แอร์ 3 เครื่อง

สถานที่ใกล้เคียง🚩
- กาดแม่หยวก
- วัดบ้านท่อ เชียงใหม่
- ข้าวซอยแม่มณี
- โรงเรียนบ้านพระนอน
- โรงเรียนเสริมสวยกุหลาบทิพย์เชียงใหม่
- โรงพยาบาลนครพิงค์

Code : S2832
🚨บริษัท ที่ดีดี จำกัด | รับซื้อ | ขาย | เช่า
🚨ซื้อสด รับส่วนลดพิเศษ
🚨จัดหาบ้าน,คอนโด ตามงบประมาณ
🚨สำหรับนักลงทุน พร้อมหาผู้เช่า
🚨เช็คบูโร,แก้เคส,ปิดหนี้,รวมหนี้
🚨ทำเอกสาร,วิเคราะห์สินเชื่อฟรี 
🚨ยื่นกู้ได้ทุกอาชีพ ไม่ต้องดาวน์

📌นัดชมได้ทุกวัน | รับ CO-AGENT
Line : @teedd (มี@)
Tel : [hidden information]

#บ้าน #ขายบ้าน #ขายบ้านเชียงใหม่
#คอนโด #ขายคอนโด #condo"
https://www.facebook.com/marketplace/item/1291188108813179/,"3 ห้องนอน 2 ห้องน้ำ - บ้าน
ราคา: ฿2,390,000 | ขาย
✨โครงการบ้านเดี่ยว🏡✨
📍บ้านฮักเฮ้าท์ สันกำแพง
ร่มรื่น สะอาด มินิมอล น้ำไม่ท่วม
มีทั้งหมด 6 หลัง 
ราคา 2.39-3.19 ล้านบาท
สอบถามเพิ่มเติม ทักข้อความ
โทร [hidden information]

#บ้านเดี่ยว #เชียงใหม่ #บ้านเชียงใหม่ #สันกำแพง"
https://www.facebook.com/marketplace/item/1291441299233667/,"บ้าน 4 ห้องนอน 5 ห้องน้ำ
ราคา: ฿17,900,000 | ขาย
Code : P0181
🏝️💦 ขาย Pool Villa โซนหางดง💦🏝️

🏡บ้านพร้อมสระว่ายน้ำ วิวภูเขา 🌄
⛲บรรยากาศดี วิวกว้างขวางรอบทิศทาง สวยงาม🤿

เนื้อที่: 101 ตารางวา 🌳
พื้นที่ใช้สอย 440 ตาราเมตร
ขนาดสระว่ายน้ำ ( ระบบเกลือ ) 3 x 8 ม.
ราคาเพียง 17.9 ล้านบาท 💰 

บิ้วท์อินทั้งหลัง พร้อม ระบบ SmartHome
รวมเฟอร์นิเจอร์สุดหรู พร้อมเข้าอยู่

รายละเอียดบ้าน:
 🏡บ้านหลังใหญ่
4 ห้องนอน 🛌✨
5 ห้องน้ำ🚿🛁
2 ห้องรับแขก☕
1 ห้องนั่งเล่น🎠
1 ห้องครัวฝรั่ง 🥗
1 ห้องครัวไทย🍜


🏡บ้านหลังเล็ก
1 ห้องนอน สามารถ ปรับเป็นห้องออกกำลัง หรือ ห้องสังสรรค์ได้  ขนาด 3.5 x 12 เมตร 
1 ห้องน้ำ 
 เค้าเตอร์บาร์ บิ้วอิน  

✨โปรโมชั่นพิเศษ pre-sale จัดสวน พร้อมของแถมสุดคุ้ม✨

สระน้ำพร้อมระบบน้ำเกลือ ฟรี การดูแล 1 ปี⛲
ประตูรั้วบ้านรีโมทคอนโทล พร้อมควบคุมผ่านแอพพลิเคชั่น🚪
อ่างอาบน้ำ🛁
เครื่องทำความร้อน Mazuma  5 ตัว
ระบบอาบน้ำ อ่างน้ำ แบบก๊อกผสม
ตู้เก็บรองเท้าโซนหน้าบ้าน👞👟
แอร์ 4 ทิศทาง 2 เครื่อง❄💨
แอร์ 24,000 BTU 2 เครื่อง❄💨
แอร์ 18,000 BTU 2เครื่อง❄💨
แอร์ 12,000 BTU 1 เครื่อง❄💨
เตาแก๊ส 3  หัว + เครื่องดูดควัน 1 ชุด
เตาไฟฟ้า + เครื่องดูดควัน 1 ชุด
เตาอบ 1 เครื่อง
ไมโครเวฟ  1 เครื่อง
ตู้เย็น 2 ประตู  1 เครื่อง , ตู้เย็น 1 ประตู 1 เครื่อง
โต๊ะสนุ๊ก และ เค้าเตอร์บาร์ หรือเปลี่ยนเป็น ยิมและ ห้อง โยคะได้ 🎱


🏝️💦 Pool Villa for Sale in Hang Dong Area 💦🏝️
🏡 House with Pool and Mountain View 🌄
 ⛲ Beautiful surroundings with wide scenic views in all directions 🤿
Land area: 101 square wah 🌳
Usable area: 440 square meters
Pool size (saltwater system): 3 x 8 meters
Price: 17.9 million Baht 💰
Fully built-in home with SmartHome system
 Includes luxurious furniture, ready to move in
House Details:
Main House:
4 Bedrooms 🛌✨
5 Bathrooms 🚿🛁
2 Living Rooms ☕
1 Lounge 🎠
1 Western-style Kitchen 🥗
1 Thai-style Kitchen 🍜
Small House:
1 Bedroom (can be used as a gym or entertainment room)Size: 3.5 x 12 meters
1 Bathroom🚿🛁
Built-in bar counter
✨ Special Pre-sale Promotion: Garden setup and great bonuses included ✨
Saltwater pool with 1-year free maintenance ⛲
Remote control gate with app control 🚪
Bathtub 🛁
5 Mazuma water heaters
Mix faucet shower systems
Shoe storage area in the front yard 👞👟
Air conditioners:
2 units 4-way air conditioners ❄💨
2 units 24,000 BTU air conditioners ❄💨
2 units 18,000 BTU air conditioners ❄💨
1 unit 12,000 BTU air conditioner ❄💨
3-burner gas stove + 1 set of range hood
Electric stove + 1 set of range hood
1 oven
1 microwave
1 2-door refrigerator & 1 1-door refrigerator
Snooker table and bar counter (can be converted into a gym or yoga room) 🎱


📍สถานที่ใกล้เคียง Nearby places 
โรงเรียนนานาชาติเอสบีเอส เชียงใหม่ - SBS International School Chiang Mai
ศูนย์สุขภาพพร้อม กาดฝรั่ง-หางดง - Kard Farang Health Center, Hang Dong
กาดฝรั่ง - Farang Market
พรีเมี่ยมเอาท์เล็ท เชียงใหม่ - Premium Outlet Chiang Mai
มหาวิทยาลัยเวสเทิร์นภาคเหนือ - Western Northern University
ตลาดสดเทศบาลตำบลหางดง - Hang Dong Municipality Fresh Market


Code : P0181
🚨บริษัท ที่ดีดี จำกัด | รับซื้อ | ขาย | เช่า
🚨จัดหาพูลวิลล่าตามงบประมาณ
🚨สำหรับนักลงทุน พร้อมหาผู้เช่า
🚨ซื้อสด รับส่วนลดพิเศษ
🚨เช็คบูโร,แก้เคส,ปิดหนี้,รวมหนี้
🚨ทำเอกสาร,วิเคราะห์สินเชื่อฟรี 
🚨ยื่นกู้ได้ทุกอาชีพ ไม่ต้องดาวน์

📌สอบถาม | นัดชมได้ทุกวัน
Line : @teedd (มี@)
Tel : 052-005-009

#บ้าน #ขายบ้าน #ขายบ้านเชียงใหม่
#พลูวิลล่า #poolvilla #พลูวิลล่าเชียงใหม่"
https://www.facebook.com/marketplace/item/1292612019310464/,"4 ห้องนอน 4 ห้องน้ำ - บ้าน
ราคา: ฿8,900,000 | ขาย
เพียง ฿ 8.9 ล. ด่วน‼️ลดจาก 12 ล้าน
#ตัดVายด่วนๆมาก...#บ้านพูลวิลล่าดอยสะเก็ดเช่า70000พร้อมเฟอร์ฯ
เนื้อที่มี 188 ตรว. 4 ห้องนอน 4 ห้องน้ำ ใช้สอย 305ตรม.สระว่ายน้ำ 3×9 เมตร"
https://www.facebook.com/marketplace/item/1293263865790065/,"2 ห้องนอน 2 ห้องน้ำ - อพาร์ทเมนท์
ราคา: ฿3,590,000 | ขาย
🏢 ขายคอนโด 1 ห้องนอน ใกล้ห้าง MAYA เชียงใหม่ (รหัสทรัพย์: ZT2676)

💰 ราคาขาย: 3.59 ล้านบาท (ติดทรัพย์)

📍 ทำเล: คอนโด The Next Jet Yod ใกล้ห้าง MAYA
🛏 แบบห้อง: 2 ห้องนอน 1 ห้องนั่งเล่น 1 ห้องครัว 2 ห้องน้ำ
📐 ขนาด: 49 ตารางเมตร
🏢 ชั้น: 3 (จากทั้งหมด 4 ชั้น)
🌅 วิว: สระว่ายน้ำ
✨ สิ่งอำนวยความสะดวก: เฟอร์นิเจอร์และเครื่องใช้ไฟฟ้าครบ โครงการมีระบบรักษาความปลอดภัย 24 ชั่วโมง, สระว่ายน้ำ และฟิตเนส

สนใจนัดชมห้อง 
☎️ ไอซ์ [hidden information]
💚Line id:A-ryee
💜 WeChat ID: Pattyice

---------------------------------------------

🏢 Condo for Sale: 1 Bedroom near MAYA Chiang Mai (Property Code: ZT2676)

💰 Sale Price: 3.59 MB (co-agent)

📍 Location: The Next Jet Yod Condominium, near MAYA Mall
🛏 Layout: 2 Bedrooms, 1 Living Room, 1 Kitchen, 2 Bathrooms
📐 Size: 49 sq.m.
🏢 Floor: 3 (out of 4 floors)
🌅 View: Swimming Pool
✨ Features: Fully furnished with appliances. The condominium offers 24-hour security, a swimming pool, and a fitness center.

For viewing, please contact:
☎️ Ice: [hidden information]
💚 Line ID: A-ryee
💜 WeChat ID: Pattyice

---------------------------------------------

清迈MAYA商场附近一卧公寓出售（编号：ZT2676）

位置：MAYA商场附近The Next Jet Yod公寓
户型：两室一厅一厨两卫
面积：49平方米
楼层：3楼（共4层）
朝向：泳池景观
配套：家具家电齐全，小区有24小时安保，游泳池，健身房
售价：359万铢，约79万人民币

For viewing, please contact:
☎️ Ice: [hidden information]
💚 Line ID: A-ryee
💜 WeChat ID: Pattyice"
https://www.facebook.com/marketplace/item/1293385781872479/,"1 ห้องนอน 1 ห้องน้ำ - อพาร์ทเมนท์
ราคา: ฿15,000/เดือน | ขาย
#คอนโดให้เช่าใกล้เซ็นทรัลแอร์พอร์ต The Prio condo เครื่องใช้ไฟฟ้าครบ เดินไปเซนทรัลแอร์พอร์ตได้ | เพียง 15,000 ต่อเดือน #ให้เช่าคอนโดใกล้สนามบินเชียงใหม่ 

คอนโดใหม่มือ1 ไม่เคยอาศัยหรือปล่อยเช่า ‼️
One Bedroom-Living room ห้องนอนแยกพร้อม walk-in closet

ขนาดกว้าง 38.75 ตร.ม. ชั้น8 วิวสระว่ายน้ำ
ห้องอยู่สบาย อากาศถ่ายเท ไม่ร้อน ไม่อึดอัด

คอนโดตั้งอยู่ใจกลางเมือง ทำเลดีสุดในเชียงใหม่‼️ 
ติดเซนทรัลแอร์พอร์ต ใกล้สนามบิน ห้องตกแต่งพร้อมอยู่ 

✅เฟอร์นิเจอร์ Build In ทั้งห้อง 
✅เครื่องปรับอากาศ (ห้องนอน-ห้องนั่งเล่น)
✅เครื่องทำน้ำอุ่น พร้อมอ่างอาบน้ำ
✅ชุดครัว เตาไฟฟ้า พร้อมฮูดดูควัน
✅โซฟา โต๊ะทานข้าว
✅ทีวี ตู้เย็น ไมโครเวฟ 
✅เครื่องซักผ้า 10kg. 

ฟรีค่าส่วนกลาง‼️ สระว่ายน้ำ ฟิสเนต สวนสวย ห้องสมุด ที่จอดรถไม่จำกัดจำนวนคัน  ระบบความปลอดภัย ￼￼24 ชม. เข้า-ออกด้วยระบบคีย์การ์ด(2ใบ) ลิฟต์ล็อชั้น 🧑🏼‍✈️

👉เช่าเดือนละ 15,000 *สัญญา 1 ปี

🔷🔹รหัสทรัพย์ HR-02170🔹🔷

สนใจติดต่อ/นัดชมห้อง
📲:[hidden information]
📲:[hidden information]
ไลน์ ไอดี: HugHome9789

#เช่าคอนโดเชียงใหม่ 
#บ้านเช่าราคาถูกเชียงใหม่ 
#บ้านคอนโดให้เช่าเชียงใหม่ 
#บ้านเชียงใหม่ราคาถูก 
#คอนโดเชียงใหม่ราคาถูก 
#ที่ดินเชียงใหม่ราคาถูก 
#บ้านสวยราคาถูกเชียงใหม่ 
#ᕼᑌGᕼOᗰEᖇEᗩᒪEᔕTᗩTEเป็นมากกว่าคู่ค้าแต่เราคือคู่คิด"
https://www.facebook.com/marketplace/item/1293489215635464/,"บ้าน 3 ห้องนอน 3 ห้องน้ำ
ราคา: ฿2,590,000 | ขาย
บ้านเดี่ยว 2ชั้น โซนสันทราย

ราคาขาย 2.59 ล้านบาท 
 ฟรีค่าโอน 

ขนาด 2ชั้น 
 3 ห้องนอน 
 3 ห้องน้ำ
 1 ห้องโถง
 1 ห้องครัว 
 2 จอดรถ

 พื้นที่ใช้สอย 136 ตรม. 
ขนาดที่ดิน 50 ตรว.

ของแถมดังนี้
- มุ้งลวดทั้งหลัง 
- เตาแก๊ส พร้อมที่ดูดควัน
- ชุดแท้งน้ำพร้อมปั้ม
- เครื่องทำน้ำอุ่น 1 เครื่อง
- เครื่องปรับอากาศ 1 เครื่อง
- มิเตอร์น้ำ
- มิเตอร์ไฟฟ้า

Code : S1577
🚨บริษัท ที่ดีดี จำกัด | รับซื้อ | ขาย | เช่า
🚨ซื้อสด รับส่วนลดพิเศษ
🚨จัดหาบ้าน,คอนโด ตามงบประมาณ
🚨สำหรับนักลงทุน พร้อมหาผู้เช่า
🚨เช็คบูโร,แก้เคส,ปิดหนี้,รวมหนี้
🚨ทำเอกสาร,วิเคราะห์สินเชื่อฟรี 
🚨ยื่นกู้ได้ทุกอาชีพ ไม่ต้องดาวน์

📌นัดชมได้ทุกวัน | รับ CO-AGENT
Line : @teedd (มี@)
Tel : [hidden information]

#บ้าน #ขายบ้าน #ขายบ้านเชียงใหม่
#คอนโด #ขายคอนโด #condo"
https://www.facebook.com/marketplace/item/1294019128893159/,"3 ห้องนอน 3 ห้องน้ำ - บ้าน
ราคา: ฿5,000,000 | ขาย
🏠ขาย บ้านสองชั้น สันทราย เชียงใหม่   ❗❗
💸ราคาเพียง 5,000,000 บาท ฟรีโอน ❗❗
✨บ้านเดี่ยวหลังใหญ่ ทำเลดีพื้นที่กว้าง✨
📏ขนาดเนื้อที่ 51 ตร.ว.✨
✨ขนาดพื้นสอย 166 ตร.ม.📏

✨รายละเอียดบ้าน : 
3 ห้องนอน
3 ห้องน้ำ
2 ที่จอด

📌สถานที่ใกล้เคียง (Nearby places):
โรงเรียนวัดสันคะยอม – Wat Sankhayom School
สถานีอนามัยบ้านสันคะยอม – Ban Sankhayom Health Station
กาดนัดทองสมบูรณ์ สันคะยอม – Thongsomboon Market, Sankhayom
วิทยาลัยเทคโนโลยีพายัพและบริหารธุรกิจ – Payap Technology and Business Administration College
Tesco Lotus Market เทสโก้ โลตัสตลาด สาขาสันทราย – Tesco Lotus Market, San Sai Branch
โฮมโปร เชียงใหม่ สันทราย – HomePro Chiang Mai, San Sai
🏠 For Sale: Two-Storey House in San Sai, Chiang Mai ❗❗
💸 Price: Only 5,000,000 THB – Transfer fees included ❗❗
✨ Spacious detached house in a great location with a large area ✨
📏 Land size: 51 sq. wah (~204 sq.m.) ✨
📏 Usable area: 166 sq.m. ✨
✨ House Details:
3 Bedrooms
3 Bathrooms
2 Parking Spaces
Code : S4460
บริษัท ที่ดีดี จำกัด | รับซื้อ | ขาย | เช่า อสังหาริมทรัพย์
•สำหรับนักลงทุน พร้อมหาผู้เช่า
•เช็คบูโร,แก้เคส,ทำเอกสาร,วิเคราะห์สินเชื่อฟรี 
•รับจัดหาบ้าน,ที่ดิน,คอนโด,อสังหาริมทรัพย์

📌นัดชมได้ทุกวัน | รับ CO-AGENT
Line : @teedd (มี@)
Tel : [hidden information]

#ที่ดีดีเชียงใหม่ #บ้านเช่า
#บ้านเช่าเชียงใหม่ #คอนโดให้เช่าเชียงใหม่  #บ้านเชียงใหม่  #เช่าคอนโดเชียงใหม่  #หอพักเชียงใหม่  #บ้าน
#คอนโด  #Condo"
https://www.facebook.com/marketplace/item/1294026169075386/,"3 ห้องนอน 2 ห้องน้ำ - บ้าน
ราคา: ฿1,890,000 | ขาย
รายงานรายการสินค้านี้ หากคุณคิดว่ามีเนื้อหาที่เป็นการเลือกปฏิบัติ"
https://www.facebook.com/marketplace/item/1294636558791846/,"4 ห้องนอน 3 ห้องน้ำ - บ้าน
ราคา: ฿2,900,000 | ขาย
เตรียมพบกับ โครงการ ✨ บ้านสันทราย ✨  
บ้านเดี่ยว 2 ชั้น สไตล์ Modern Minimalist ✨
บ้านหลังใหญ่ รายล้อม ด้วยบรรยากาศ ที่ร่มรื่น เป็นธรรมชาติ
.
สำหรับคนที่ต้องการ ฟังก์ชั่นการใช้งาน ที่หลากหลาย มากกว่า บ้านชั้นเดียว
✅ 4 ห้องนอน
✅ 3 ห้องน้ำ 
✅ 1 ห้องนั่งเล่น
✅ 1 ห้องครัว
✅ 2 จอดรถ
ราคาเริ่มต้นช่วงพรีเซลล์ 2.9x ล้านบาท (จำนวนจำกัด)
จองวันนี้เพียง 10,000 บาท 
รับโปรพิเศษ
#สถานที่
📌 พิกัดสันทรายหลวง : ที่ว่าการอำเภอสันทราย
📌 ใกล้โรงเรียน พงษ์พิกุลเชียงใหม่  1.2 กิโลเมตร (3 นาที)
📌 ห่างจากแยกหนองจ๊อม 3.6 กม (8 นาที)
📌 ใกล้โอ้กะจู๋ สาขาสันทราย 4 กิโลเมตร (8 นาที)
📌 ใกล้มหาวิทยาลัยแม่โจ้ 6.2 กม (12 นาที)
📌 ใกล้ห้างเซนทรัล เฟสติวัล 9.2 กม (16 นาที)
รายการของแถมอื่น ๆ อีก เพียบ
🎁 ฟรีค่าใช้จ่ายโอน 
🎁 ฟรีมิเตอร์น้ำ 
🎁 ฟรีมิเตอร์ไฟ
🎁 ฟรีจัดสวน เต็ม ๆ
🎁 ฟรี ปูกระเบื้องโรงรถ
🎁 ฟรีฮู้ดดูดควัน
🎁 ฟรีเตาแก๊สแบบฝัง
🎁 ฟรีแท็งน้ำ 
🎁 ฟรีปั้มน้ำ
🎁 ฟรีระบบกำจัดปลวก
สนใจติดต่อ [hidden information] จ๋า"
https://www.facebook.com/marketplace/item/1295393242203326/,"บ้าน 4 ห้องนอน 3 ห้องน้ำ
ราคา: ฿35,000/เดือน | ขาย
🏡ให้เช่าบ้านเดี่ยว โซนหางดง🏡
💸ให้เช่าเดือนละ 35,000 บาท/เดือน สัญญา 1 ปี💸
❤ประกัน 2 เดือน ล่วงหน้า 1 เดือน❤

รายละเอียด :
📏พื้นที่ใช้สอย 194 ตร.ม.
📏พื้นที่ 70 ตร.ว.
🛏4 ห้องนอน
🛁3 ห้องน้ำ
🍳1 ห้องครัว
🛋1 ห้องโถง
🚗ที่จอดรถยนต์ 3 คัน
❌🐶🐱 ไม่รับสัตว์เลี้ยง

รายละเอียดเพิ่มเติม :
✨แอร์ 5 เครื่อง
✨เครื่องทำน้ำอุ่น 3 เครื่อง
✨เครื่องซักผ้า
✨ตู้เย็น
✨ฮู้ดดูดควัน
✨เตาแก๊ส
✨โซฟา
✨เตียงนอน
✨ทีวี
✨พร้อมเฟอร์นิเจอร์ครบ + ฟรี WiFi

สถานที่ใกล้เคียง :
🚩โรงเรียนนานาชาติ Merriton
🚩กาดฝรั่ง
🚩สนามบินเชียงใหม่
🚩บิ๊กซี ซูเปอร์เซ็นเตอร์ หางดง 1

🏡Single house for rent, Hang Dong area🏡
💸For rent 35,000 baht/month, 1 year contract💸
❤2 months deposit, 1 month in advanc❤

Details:
📏Usable area 194 sq.m.
📏Area 70 sq.w.
🛏4 bedrooms
🛁3 bathrooms
🍳1 kitchen
🛋1 living room
🚗Parking for 3 cars
❌🐶🐱 No pets allowed

More details:
✨5 air conditioners
✨3 water heaters
✨Washing machine
✨Refrigerator
✨Extract hood
✨Gas stove
✨Sofa
✨Bed
✨TV
✨Fully furnished + Free WiFi

Nearby places:
🚩Merriton International School
🚩Kad Farang
🚩Chiang Mai Airport
🚩Big C Supercenter Hang Dong 1

Code : R2753
🚨บริษัท ที่ดีดี จำกัด | รับซื้อ | ขาย | เช่า
🚨จัดหาบ้าน,คอนโด ตามงบประมาณ
🚨รับทำ TM30 แจ้งต่างชาติเข้าพัก
🚨ดูแลตลอดสัญญาเช่า

📌นัดชมได้ทุกวัน | รับ CO-AGENT
Line : @teedd (มี@)
Tel : [hidden information]

#บ้าน #บ้านเช่า #บ้านเช่าเชียงใหม่
#คอนโด #เช่าคอนโด #คอนโดให้เช่า"
https://www.facebook.com/marketplace/item/1295676825580115/,"3 ห้องนอน 3 ห้องน้ำ - บ้าน
ราคา: ฿35,000/เดือน | ขาย
มาแล้ว บ้านทำเลดี ใกล้เมืองหลังโลตัสรวมโชค  
       ‼️พร้อมเข้าอยู่ 

📣ให้เช่า #กาญจน์กนก20 #รวมโชค #kankanok20 

📌ค่าเช่า 35,000 บาท / เดือน📌
(ประกัน 2 เดือน + ล่วงหน้า 1 เดือน
สัญญาเช่าขั้นต่ำ 1 ปี)
🚫ไม่รับสัตว์เลี้ยง🐱🐶🚫

รายละเอียด พื้นที่ 51.6 ตรว.
✅ประตู Digital door lock ,ประตูรีโมท
✅3 ห้องนอน, 3 ห้องน้ำ,
1 ห้องรับแขก ,1 ห้องครัว
,1 ห้องเก็บของ
✅เฟอร์นิเจอร์ครบ : 3 ชุดห้องนอน ,2 โซฟา ,4 ตู้วางทีวีโฮมเทียร์เตอร์ ,3 ชุดโต๊ะทานข้าว 
✅เครื่องใช้ไฟฟ้า : 4 แอร์ , 4 TV ,3 เครื่องทำนำ้อุ่น , 1 ตู้เย็น , 1 ไมโครเวฟ ,1 เครื่องซักผ้า
✅จอดรถได้ 2 คัน
✅พื้นโดยรอบบ้านปูด้วยไม้แผ่นเชอร่า ด้านล่างฝังท่อกำจัดปลวก

🌈สิ่งอำนวยความสะดวกในโครงการ
- สระว่ายนำ้,ฟิตเนส,ซาวน่า,สวนสาธารณะและสนามเล่นเด็ก,
- ระบบรักษาความปลอดภัยดูแล 24 ชม.🔒
- การเข้า-ออกโครงการด้วย Easy Pass🚦
- กล้องวงจรปิด CCTV🔎

📍สถานที่ใกล้เคียง
- #รวมโชคมอล์ 1.2 km.
#เซ็นทรัลเฟสติเวิล เชียงใหม่ 3.5 km.
- #โรงเรียนนานาชาตินครพายัพ 2.3 km.
- #โรงเรียนนานาชาติเชียงใหม่ 4.5 km.
- #โรงพยาบาลกรุงเทพ เชียงใหม่ 4.8 km.
#NIS"
https://www.facebook.com/marketplace/item/1295825051891021/,"3 ห้องนอน 4 ห้องน้ำ - บ้าน
ราคา: ฿80,000/เดือน | ขาย
🏡 𝗙𝗼𝗿 𝗿𝗲𝗻𝘁 บ้านหรูสไตล์ Modern Tropical 3 ชั้น ใกล้แยกรวมโชค พร้อมสระว่ายน้ำและฟิตเนสส่วนกลาง

รายละเอียดบ้านพัก
3 ห้องนอน
4 ห้องน้ำ
2 ที่จอดรถ
1 ครัวแพนทรี่ พร้อมเตาอบ ไมโครเวฟ ตู้เย็น
1 ครัวไทย พร้อมเตาแก้ส ฮู้ดดูดควัน
1 ห้องนั่งเล่น 

🏡สิ่งอำนวยความสะดวกในบ้านโครงการ (Common area)
✅ โครงการติดถนนใหญ่ เดินทางสะดวก
✅ จำนวนบ้านในโครงการสงบ สังคมคุณภาพ
✅ สโมสรและสระว่ายน้ำ 
✅ สวนสาธารณะ
✅ ห้อง Fitness 
✅ ระบบรักษาความปลอดภัย กล้องวงจรปิด CCTV บริเวณทางเข้าออก

🚗การเดินทาง:
3 นาที ถึง ตลาดมีโชคพลาซ่า
6 นาที ถึง ห้าง Central festival Chiangmai
8 นาที ถึง โรงพยาบาลกรุงเทพเชียงใหม่
11 นาที ถึง ศูนย์ราชการจังหวัด
12 นาที ถึง ห้าง MAYA Mall 
20 นาที ถึง สนามบินเขียงใหม่

📌Location google map :
https://maps.app.goo.gl/CZRS8SXh7EzpgW2E7?g_st=ic
ที่ตั้ง : โครงการ AKALUCK SANSAI ตำบล หนองจ๊อม อำเภอสันทราย เชียงใหม่

ราคาเช่า 80,000/เดือน

📞สนใจติดต่อ: 083-475-5621 (เมย์)"
https://www.facebook.com/marketplace/item/1297051011936455/,"4 ห้องนอน 3 ห้องน้ำ - บ้าน
ราคา: ฿27,000/เดือน | ขาย
บ้านเช่า 4 ห้องนอน 3 ห้องน้ำ พื้นที่ 65 ตรว.
ให้เช่าในราคา 27,000 บาท/เดือน
📍ตั้งอยู่ในหมู่บ้านศิวาลัย 4 สันกำแพง
– ใกล้ Unity เพียง 10 นาที
– ใกล้ ABS เพียง 10 นาที
– ใกล้วารีเพียง 15 นาที

สนใจติดต่อ: ☎️ [hidden information]
Line ID: on-u9ppk
********

House for Rent: 4 Bedrooms, 3 Bathrooms, 65 sq. wah
Rental price: 27,000 THB/month
📍 Located in Siwalai 4 Village, San Kamphaeng
– 10 minutes to Unity
– 10 minutes to ABS
– 15 minutes to Varee School

Contact: ☎️ [hidden information]
Line ID: on-u9ppk

⸻


出租房屋：4卧室，3浴室，面积65平方哇
租金：27,000泰铢/月
📍 位于 San Kamphaeng 的 Siwalai 4 小区
– 距离 Unity 学校仅10分钟
– 距离 ABS 学校仅10分钟
– 距离 Varee 学校仅15分钟

联系方式：☎️ [hidden information]
Line ID：on-u9ppk"
https://www.facebook.com/marketplace/item/1297523885145399/,"บ้าน 6 ห้องนอน 7 ห้องน้ำ
ราคา: ฿13,500,000 | ขาย
ลดราคาเหลือ 13.5 ล้านบาท จากเดิม 15 ล้านบาท (15/8/2568)

ขายบ้านสไตล์ล้านนาโมเดิร์น ที่ดิน 16-2-3.7 ไร่  ต.เมืองพาน อ.พาน จ.เชียงราย 

หลังโรงเรียนพานพิเศษพิทยา 1.8 กม. ที่ว่าการอำเภอพาน 2.9 กม. โฉนด นส4 จ พร้อมโอน 

ในที่ดินประกอบด้วย

- บ้านสไตล์ล้านนาโมเดิร์น 1 หลัง
- บ้านชั้นเดียว 1 หลัง
- บ้านรับรอง 1 หลัง
- บ่อปลานิล 4 บ่อ
- ที่นา 3 ไร่
- ปลูกผลไม้ผสม เช่น มะม่วง กระท้อน และอื่นๆ
- อาคารเก็บของ 1 หลัง
- คอกเลี้ยงสัตว์
- เพิงเก็บของและปั้มน้ำ

=============================
ชมคลิปวีดิโอบ้านหลังนี้ทั้งหมดตามลิ้งก์ด้านล่าง
=============================

https://chiangraiasset.com/%e0%b8%82%e0%b8%b2%e0%b8%a2%e0%b8%9a%e0%b9%89%e0%b8%b2%e0%b8%99%e0%b9%80%e0%b8%a1%e0%b8%b7%e0%b8%ad%e0%b8%87%e0%b8%9e%e0%b8%b2%e0%b8%99/

==============
สิ่งก่อสร้างประกอบด้วย
==============

บ้านหลังใหญ่

- 3 ห้องนอน
- 3 ห้องน้ำ
- 1 ห้องพระ
- 1 ห้องเคาเตอร์บาร์
- 1 ห้องทำงาน
- 2 ห้องครัว
- 1 ห้องพักผ่อน
- จอดรถในตัวบ้านได้ 1 คัน

บ้านชั้นเดียว

- 3 ห้องนอน
- 4 ห้องน้ำ
- 1 ห้องครัว
- 1 มุมพักผ่อน
- 1 ห้องพระ

บ้านรับรอง

- 1 ห้องนอน
- 1 ห้องน้ำ
- 1 ห้องครัว
- 1 ห้องเก็บของ
- จอดรถได้ 1 คัน

รหัสทรัพย์สิน CRI-162

ลดราคาเหลือ 13.5 ล้านบาท จากเดิม 15 ล้านบาท (15/8/2568)

นัดดูบ้านล่วงหน้าเท่านั้น ห้ามเข้าไปก่อนนัดเด็ดขาด

========
สนใจติดต่อ
========

คุณแมว โทร 061-560-7511 หรือ Line ID : chiangraiasset / ค้นหาเบอร์ 0615607511
คุณนัช ไลน์ไอดี nutkrub9 


==========
สถานที่ใกล้เคียง
==========

- โรงเรียนพานพิเศษพิทยา 1.8 กม.
- โรงพยาบาลพาน 8.5 กม.
- ตลาดหกแยกอำเภอพาน 8.4 กม.
- ที่ว่าการอำเภอพาน 2.9 กม.


#ขายบ้านเมืองพาน #ขายบ้านเชียงราย #บ้านมือสองเชียงราย #ขายบ้านในเมืองเชียงราย"
https://www.facebook.com/marketplace/item/1297757791959109/,"บ้าน 3 ห้องนอน 3 ห้องน้ำ
ราคา: ฿3,900,000 | ขาย
ขายบ้านเดี่ยว2ชั้น 77ตรว. 3นอน3น้ำ 3.9ลบ. บ้านอรสิริน6 ต.สันปูเลย อ.ดอยสะเก็ต เชียงใหม่
ขายบ้านสุดคุ้มราคาสบายกระเป๋า หากคุณกำลังมองหาบ้านหลังแรกในโครงการ เราแนะนำบ้าน อรสิริน6
ราคาแบบนี้ คุ้มแบบนี้ ถูกแบบนี้ หาที่ไหนไม่ได้แล้ว มาก่อนได้เป็นเจ้าของก่อน
เหมาะแก่การรีโนเวทขาย หรือ พักอาศัย
หมู่บ้าน อรสิริน6 ต.สันปูเลย อ.ดอยสะเก็ต จ.เชียงใหม่
✅เนื้อที่ 77 ตรว./ 168 ตรม.
✅3 ห้องนอน / 3 ห้องน้ำ / 1 ห้องทำงาน / จอดรถได้ 2 คัน
⭐️ขายเพียง 3,900,000 บาท
⚡️ค่าโอนคนละครึ่ง
⚡️ราคาต่ำกว่าตลาด
การเดินทาง
-ตลาดท่ารั้ว 2 กม.
-เอ็มสปอร์ต คอมเพล็กซ์ 4 กม.
-การประปาส่วนภูมิภาค 5 กม.
-ตลาดสามแยก 7 กม.
-โรงพยาบาลเทศบาลหนองป่าครั่ง 8 กม.
-แม็คโคร เชียงใหม่ 8 กม.
-เซ็นทรัล เชียงใหม่ 10 กม.
-สถานีอาเขต 10 กม.

*** สนใจสอบถาม ***
โทร : 0945735168
Line ID : piyawitnoom
รหัสประกาศ : 393-66
สนใจ ชมทรัพย์หลากหลาย ได้ในช่องเพจ
Facebook
https://www.facebook.com/aiktaya"
https://www.facebook.com/marketplace/item/1297759682147001/,"3 ห้องนอน 2 ห้องน้ำ - บ้าน
ราคา: ฿2,490,000 | ขาย
🏡เปิดจอง บ้านสร้างใหม่พร้อมเข้าอยู่ 💖
🚗 สันนาเม็ง สันทราย | 10 นาที ถึง เซ็นทรัลเฟส🎉
🏠บ้านสวย อยู่สบาย หลังใหญ่ ใกล้เมือง สิ่งอำนวยความสะดวกครบครัน🚗

💖 ฟังก์ชัน 3 ห้องนอน 2 ห้องน้ำ 1 ห้องรับแขก 1 ห้องครัว 2 ที่จอดรถ
🎉 ราคา 2 . 4 9 ลบ. 💖
📍 ขนาดที่ดิน 60 ตร.ว. 🏡 พื้นที่ใช้สอย 136 ตร.ม.

✨โปรโมชั่นพิเศษ ✨
🔺 ฟรี! ค่าโอนกรรมสิทธิ์
🔺 ฟรี! กำจัดปลวก
🔺 ฟรี! ถังเก็บน้ำ พร้อมปั้มน้ำ
🔺 ฟรี! สนามหญ้ารอบบริเวณบ้าน
🔺 ฟรี! เคาน์เตอร์ครัว และซิงค์ล้างจาน
🔺 ฟรี! มิเตอร์น้ำ
🔺 ฟรี! มิเตอร์ไฟฟ้า

✨ ใกล้สิ่งอำนวยความสะดวก ✨
🚗 ตลาดแม่กวง 5 นาที
🚗 เมต้ามอลล์ 5 นาที
🚗 เทศบาลสันทรายหลวง 5 นาที
🚗 โฮมโปร สันทราย 7 นาที
🚗 เซ็นทรัลเฟสติวัล 10 นาที
🚗 รร.ปริ้นส์ 16 นาที
🚗 รพ.กรุงเทพ 16 นาที
____________________________________

ฟรี ทุกขั้นตอนการซื้อบ้าน 🌟
✅ วางแผนการยื่นสินเชื่อ ดูแลเรื่องเอกสาร เตรียมความพร้อมก่อนกู้บ้าน
✅ กู้ได้ทุกอาชีพ พนักงานประจำ รายวัน ธุรกิจส่วนตัว ค้าขาย ✔️
✅ มีเงินเหลือตกแต่งหลายแสน ดันทุกเคสวงเงินสูง กู้ผ่าน 100%
✅ เช็ควงเงินฟรี รู้ผลภายใน 1 วัน

ติดต่อสอบถามเพิ่มเติม ::
📞 084-965-4747 คุณหน่อย
📞 092-955-9425 คุณเนท
📞 098-229-3562 คุณเฟิร์น
💚 Line : https://line.me/ti/p/BwsWu5rAqh
💚 Line : https://line.me/ti/p/ms8B-Z7Y-8
ยินดีให้บริการลูกค้าค่ะ 🥳

#บ้านเดี่ยวเชียงใหม่ #บ้านสันทราย #บ้านสันนาเม็ง #บ้านนอกโครงการเชียงใหม่ #ไม่มีค่าส่วนกลาง"
https://www.facebook.com/marketplace/item/1297984668797243/,"4 ห้องนอน · 5 ห้องน้ำ
ราคา: ฿100,000 | ขาย
‼️เซ้งร้านพรีเมี่ยมชาบูใกล้สนามบินเชียงใหม่ 
✅️อาคาร 4 ชั้น 2 คูหา หน้ากว้าง 10 ม. 
✅️ติดถนนทิพเนตร 
✅️ขนาด 18 โต๊ะ จุ 72 ที่นั่ง
✅️จอดรถได้ 10 คัน หลังอาคาร
🚩พร้อมดำเนินการต่อ
✅️ทำเลดีงาม ย่านโรงแรมที่พัก ใกล้กาดมณี ศูนย์วัฒนธรรมเชียงใหม่ แยกเซ็นทรัลแอร์พอร์ท ถนนคนเดินวัวลาย

🔥ค่าเซ้ง 1 - 4.5 ล้านแล้วแต่ option🔥
ค่าเช่า 100,000 บาท/ด.
ค่าประกัน 2 ด.

📌เซ้งรวมหรือแยกเฟอร์นิเจอร์ เครื่องครัว เครื่องใช้ไฟฟ้า และอื่นๆ อะไรบ้าง รบกวนสอบถาม inbox 

สนใจติดต่อ
Dadä [hidden information]"
https://www.facebook.com/marketplace/item/1298739835224084/,"3 ห้องนอน 2 ห้องน้ำ - บ้าน
ราคา: ฿1,890,000 | ขาย
📌 หลังสุดท้าย! บ้านเดี่ยวใกล้เมืองลำพูน
83 ตร.วา | 3 ห้องนอน 2 ห้องน้ำ | จอดรถ 2 คัน

💰 ราคาเพียง 1.99 ล้าน ผ่อนเริ่ม 8,xxx บาท/เดือน

🎁 ของแถมครบ: ปั๊มน้ำ, แทงค์น้ำ, มิเตอร์น้ำ-ไฟ, เตาแก๊ส, สนามหญ้า, ระบบกำจัดปลวก

📍 ใกล้ตลาดสด, 7-Eleven, รร.จักรคำ, รพ.ลำพูน

📲 สนใจติดต่อ [hidden information]คุณเดียว"
https://www.facebook.com/marketplace/item/1298956021434289/,"3 ห้องนอน 2 ห้องน้ำ - บ้าน
ราคา: ฿1,590,000 | ขาย
🔥 ด่วน! 2 หลังสุดท้าย ราคาพิเศษ 🔥
🏡 บ้านเดี่ยวสร้างใหม่ สไตล์ปั้นหยา ทำเล ดอนแก้ว – สารภี
✨ ลดเหลือเพียง 1.59 ล้านบาท เท่านั้น
💸 ผ่อนสบาย เริ่มต้นเพียง 5,xxx/เดือน

📐 ฟังก์ชันครบพร้อมอยู่
 • ที่ดิน 52–53 ตร.วา
 • พื้นที่ใช้สอย 120 ตร.ม.
 • 3 ห้องนอน | 2 ห้องน้ำ | โรงจอดรถ
 • สนามหญ้า + ปูกระเบื้องรอบบ้าน
✅ ค่าโอนกรรมสิทธิ์
✅ เหล็กดัด + มุ้งลวดรอบบ้าน
✅ สนามหญ้า
✅ มิเตอร์น้ำ + ไฟ
✅ ถังเก็บน้ำ 1,000 ลิตร + ปั๊มน้ำ
✅ โรงจอดรถ
✅ ต่อเติมหลังบ้าน (หลังคา+กระเบื้องเต็มพื้นที่)

📌 ทำเลทอง ใกล้ทุกความสะดวก
 • 1.4 กม. ดอนแก้วพลาซ่า & 7-11
 • 4 กม. ถนนวงแหวนรอบ 3
 • 5.5 กม. ตลาดยางเนิ้ง / ที่ว่าการอำเภอสารภี
✨ บ้านใหม่พร้อมเข้าอยู่ทันที
✨ ฟรีบริการยื่นกู้สินเชื่อทุกสถาบันการเงิน
⚡ บ้านดี ของแถมครบ ราคาโดน รีบจองก่อนหมดนะคะ!

📞 สอบถาม/นัดชมบ้าน ได้เลยค่ะ [hidden information] จ๋า 
#บ้านเดี่ยวเชียงใหม่ #บ้านสร้างใหม่ #บ้านดอนแก้ว #บ้านสารภี #บ้านใกล้เมืองเชียงใหม่ #บ้านราคาพิเศษ #บ้านลดราคา #บ้านพร้อมอยู่ #บ้านใกล้วงแหวน #บ้านน่าอยู่ #บ้านสวยเชียงใหม่ #บ้านใกล้ตลาด"
https://www.facebook.com/marketplace/item/1299344744981583/,"3 ห้องนอน 2 ห้องน้ำ - บ้าน
ราคา: ฿2,300,000 | ขาย
บ้านรีโนเวทสวยมาก100% กระซิบบอก..
.
🚩พิกัดหางดง ใกล้นานาชาติเกรท
.
#แถมรถมอไซค์ไฟฟ้าเด้อ 📢
และอีกหลายรายการ
.
     🏡-เนื้อที่ดิน 99ตร.วา 3 ห้องนอน 2 ห้องน้ำ พื้นที่รอบข้างกว้างขว้าง ถนนหน้าบ้านกว้าง 10 เมตร 
#โซนหางดง 
#ใกล้รร.นานาชาติเกรท
.
￼✨เปิดที่ 2,300,000 ลบ.
-ฟรีโอน 
-ฟรีประเมิน
.
#บ้านรีโนเวท 
สอบถามเพิ่มเติม Inbox หรือโทร📲"
https://www.facebook.com/marketplace/item/1299367988003336/,"5 ห้องนอน 6 ห้องน้ำ - บ้าน
ราคา: ฿1,600,000 | ขาย
🔮💐บ้าน Pool Villa ในโครงการ โซนหางดง หนองควาย เชียงใหม่🏕️
🪟5 ห้องนอน 6 ห้องน้ำ พร้อมสระว่ายน้ำ ไม่มีระเบียง 🪟
⚡️สร้างเสร็จใหม่ เฟอร์ครบ พร้อมอยู่ ⚡️
📮แถวพืชสวนโลก 
💥ราคา 16,000,000 ล้าน💥
❗️ค่าโอนคนละครึ่ง❗️
🏡บ้านสวยมาก จอดรถได้ 3 คัน🚗
👉🏻พื้นที่ใช้สอย (Area) : 350 ตรม. 
👉🏻ที่ดิน 100 ตารางวา 
🔔ฟังก์ชั่นการใช้งาน 
💢4ห้องนอน/ 6 ห้องน้ำ/ 3 ที่จอดรถ/ 1ห้องแม่บ้าน /💢
❄️สระว่ายน้ำ ขนาด 3.50 x 9 เมตร ❄️

Code : P0046
รวมพูลวิลล่าสวยๆในเชียงใหม่
➡️ https://teedd.co/พูลวิลล่า/
นัดชมได้ทุกวันไม่มีวันหยุด
Line:@teedd (มี@)
https://lin.ee/6c10cxd"
https://www.facebook.com/marketplace/item/1299401938533474/,"3 ห้องนอน 3 ห้องน้ำ - บ้าน
ราคา: ฿4,900,000 | ขาย
🏡 บ้านเดี่ยวสุดคุ้ม กาญจน์กนก 12 เชียงใหม่

ลดแรงส่งท้ายปี จาก 5.5 เหลือเพียง 4.9 ล้าน‼️
บ้านสวยพร้อมอยู่ พื้นที่ใช้สอยเยอะ ใกล้เมืองมาก เดินทางสะดวกสุด ๆ

✨ รายละเอียด
 • ที่ดิน 84 ตร.วา | พื้นที่ใช้สอยกว่า 300 ตร.ม.
 • อายุบ้านเพียง 4 ปี
 • 3 ห้องนอน / 3 ห้องน้ำ
 • ห้องครัวพร้อมชุดเตา–ฮู้ด–ซิงค์ / ห้องโถงกว้าง
 • แอร์ 4 เครื่อง
 • จอดรถได้สูงสุด 4 คัน
 • สนามหญ้าหน้าบ้านร่มรื่น พร้อมพื้นที่รอบบ้าน
 • ประตูรั้วรีโมท / Digital Door Lock / เฟอร์นิเจอร์ครบ

💡 จุดเด่น
✅ บ้านสวยพร้อมอยู่ ไม่ต้องรีโนเวท
✅ บรรยากาศเงียบสงบ เพื่อนบ้านดี
✅ เดินทางสะดวก ใกล้เมือง / หางดง / สารภี / สนามบิน

💰 ราคาพิเศษเพียง 4.9 ล้านบาท (โอนคนละครึ่ง)

📍 นัดชมบ้านล่วงหน้า 1 วัน
ดำเนินการสินเชื่อครบวงจร ดูแลให้จนถึงวันโอน

🌿 สนใจเยี่ยมชม นัดล่วงหน้าได้เลยค่ะ
📲 ติดต่อเราเพื่อข้อมูลเพิ่มเติม 👇
Tel : 080-1355565 ,086-0401449
https://line.me/ti/p/-_QtXaCxK7

❤ ดำเนินการด้านสินเชื่อให้ครบ จบที่เดียว
รายละเอียดทรัพย์อื่น ๆ ที่น่าสนใจเพิ่มเติมได้ที่
FB :   https://www.facebook.com/khuanlada3
Tiktok:  https://www.tiktok.com/@ladahome8?_t=8qlw0KThuPY&_r=1
You Tube :  🎥https://youtube.com/@ladahomeland9087?si=IzkEMuZ5Mc8GOebn

🏡 บ้านสวย ราคาคุ้มค่า คุณภาพเกินราคา
#บ้านเชียงใหม่ #บ้านใหม่ #บ้านใกล้เมือง #บ้านราคาดีที่สุด #บ้านนอกโครงการ #บ้านเดี่ยวเชียงใหม่ #คอนโดเชียงใหม่#บ้านฟรีดาวน์ #บ้านพร้อมอยู่ #บ้านเช่า#ปล่อยเช่า#บ้านในเมือง #บ้านราคาถูกเจ้าของขายเอง #บ้านราคาถูกแถมเงินแสน #ขายบ้านโครงการ #หางดง #สารภี #สันทราย #ดอยสะเก็ด #แม่ริม #สันป่าตอง #ขายบ้านเชียงใหม่ #บ้านที่ดินเชียงใหม่"
https://www.facebook.com/marketplace/item/1299536688050466/,"บ้าน 3 ห้องนอน 3 ห้องน้ำ
ราคา: ฿25,000/เดือน | ขาย
🏡 ให้เช่า! บ้านเดี่ยวสไตล์โมเดิร์น โซนสันทราย ใกล้ ไทยวัสดุสันทราย เพียง 200 เมตร 🛒 มองเห็นดอยสุเทพและวิวทุ่งนาจากดาดฟ้า! 

รายละเอียดบ้าน
- บ้านเดี่ยวในโครงการ / แปลงมุมในสุด
- ขนาดที่ดิน : 73.25 ตร.วา | พื้นที่ใช้สอย: 190 ตร.ม.
- 3 ห้องนอน 🛏️ / 3 ห้องน้ำ 🚿
- 1 ห้องนั่งเล่น 🛋️ / 1 โซนรับประทานอาหาร
- จอดรถได้ 2 คัน 🚗
- สิ่งอำนวยความสะดวกและเครื่องใช้ไฟ้าครบครัน

💰 ราคาและเงื่อนไขการเช่า
ค่าเช่า : 25,000 บาท/เดือน
- สัญญาขั้นต่ำ : 1 ปี
- รับเฉพาะสุนัข (มัดจำเพิ่ม 3,000 บาท) 🐕
📞 คุณดีล [hidden information]
รหัสทรัพย์ UL1542

🏡 FOR RENT! Modern Style Detached House in San Sai Zone 🏡

A modern detached house for rent in the San Sai zone, located just 200 meters from Thai Watsadu San Sai 🛒. Enjoy views of Doi Suthep and rice fields from the rooftop!

Property Details
- Detached House (in a project) 
- Land Size : 73.25 sq. wah
- Usable Area: 190 sq.m.
- Bedrooms: 3 🛏️ / Bathrooms: 3 🚿
- 1 Living Room 🛋️ / 1 Dining Area
- Parking : Space for 2 cars 🚗
- Fully equipped with complete amenities and electrical appliances.

💰 Price & Rental Conditions
Monthly Rent : 25,000 Baht/month
- Minimum Lease : 1 year
- Dogs only are accepted (Additional security deposit of 3,000 Baht required) 🐕
📞 Khun Deal: [hidden information]
Property ID: UL1542"
https://www.facebook.com/marketplace/item/1299874828531968/,"4 ห้องนอน 4 ห้องน้ำ - บ้าน
ราคา: ฿55,000/เดือน | ขาย
🟥⏺️ให้เช่า บ้านเดี่ยว 2 ชั้นบ้านสีวลี ราชพฤกษ์ เชียงใหม่
🚩หมู่บ้านสีวลี ราชพฤกษ์ เชียงใหม่
🏁พร้อมห้องนอนล่างเหมาะกับผู้สูงอายุ
1️⃣พื้นที่ 220 ตร.ม. บนที่ดิน 66.2 ตร.ว.
◾4 ห้องนอน ,4 ห้องน้ำ ,1 ห้องครัว, 1โซนนั่งเล่น และรับประทานอาหาร,ที่จอดรถ 2 คัน

2️⃣ราคาเช่า 55,000 บาท/เดือน 
(รวมค่าส่วนกลาง, ตัดหญ้า, กำจัดแมลง)
◾สัญญาขั้นต่ำ 1 ปี
◾ประกัน 2 เดือนล่วงหน้า 1 เดือน
❌ไม่รับสัตว์เลี้ยง

3️⃣เฟอร์นิเจอร์เครื่องใช้ไฟฟ้า
🚩 แอร์ 5 เครื่อง, ห้องครัวครบชุด, เครื่องซักผ้าอบ ผ้า, เตาอบ, เครื่องล้างจาน,Smart TV 65”

🚩อำนวยความสะดวกในโครงการ
 🏁ลานกิจกรรมกลางแจ้ง + สวนพร้อมระบบรดน้ำอัตโนมัติ
 🏁คลับเฮ้าส์, สระว่ายน้ำ, 7-11
 🏁 ทำเลดีติดถนนวงแหวน เดินทางสะดวก ใกล้สนามบิน-ตัวเมือง
4️⃣โลเคชั่นสถานที่ใกล้เคียง
🚩หมู่บ้านสีวลี ราชพฤกษ์ เชียงใหม่
◾ห่างจากสนามบินเชียงใหม่ 6.5 กิโลเมตร
◾เซ็นทรัลแอร์พอร์ต 6.5 กิโลเมตร
◾โรงเรียนนานาชาติปัญญาเด่น 12 กิโลเมตร 16 นาที
◾กาดฝรั่งวิลเลจ 8 กิโลเมตร
◾โรงเรียนนานาชาติ sbs เชียงใหม่ 9 กิโลเมตร 18 นาที
~~~~~~~~~
✅️ ชมบ้าน ติดต่อ
☎️ 0811484589 ""ตูมตาม""
🆔️ line:  tatea27 
🟦 Inbox หรือแชท
 ~~~~~~~~~
สนใจทรัพย์อื่นได้ที่นี้
บ้านเช่าเชียงใหม่
https://www.facebook.com/share/19iNv5gn9g/
บ้านขายเชียงใหม่
https://www.facebook.com/share/1ASrJ1dtVM/
พูลวิลล่าเช่าเชียงใหม่
https://www.facebook.com/share/1L88tRv8Ek/
พูลวิลล่าขายเชียงใหม่
https://www.facebook.com/share/19SPuteaM2/
ขายที่ดินเชียงใหม่
https://www.facebook.com/share/186pdYLASn/
ขายพร้อมผู้เช่า
https://www.facebook.com/share/17AphoCYtJ/
🟥⏺️For rent: 2-storey detached house, Ban Siwali, Ratchapruek, Chiang Mai
🚩Siwali Village, Ratchapruek, Chiang Mai
🏁With a downstairs bedroom suitable for the elderly
1️⃣ Area 220 sq m. on land area 66.2 sq m.
◾4 bedrooms, 4 bathrooms, 1 kitchen, 1 living and dining area, parking for 2 cars
2️⃣Rental price 55,000 baht/month 
(Including common area fees, grass cutting, pest control)
◾Minimum 1 year contract
◾2 months insurance, 1 month advance payment
❌No pets allowed.
3️⃣ Furniture and electrical appliances
🚩 5 air conditioners, full kitchen, washer/dryer, oven, dishwasher, 65” Smart TV
🚩Facilitate the project
🏁 Outdoor activity area + garden with automatic watering system
🏁Clubhouse, swimming pool, 7-11
🏁 Good location next to the ring road, convenient travel, near the airport - city center
4️⃣Nearby location
🚩Siwali Village, Ratchapruek, Chiang Mai
◾6.5 kilometers from Chiang Mai Airport
◾Central Airport 6.5 kilometers
◾Panyaden International School 12 kilometers 16 minutes
◾Kad Farang Village 8 kilometers
◾SBS International School Chiang Mai 9 kilometers 18 minutes
~~~~~~~~~
✅️ Contact to view the house
☎️ 0811484589 ""Toomtam""
🆔️ line: tatea27 
🟦 Inbox or chat
~~~~~~~~~"
https://www.facebook.com/marketplace/item/1300182721653478/,"1 ห้องนอน · 1 ห้องน้ำ
ราคา: ฿15,000/เดือน | ขาย
Condo for Rent at Riverside Condo

Bedrooms: 1

Bathrooms: 1

Living Area: 79

Floor: 13

Community Pool, 24h Security, Big Balconies

Rent Price(1 year lease): 15000 Baht"
https://www.facebook.com/marketplace/item/1301568268646777/,"บ้าน 2 ห้องนอน 2 ห้องน้ำ
ราคา: ฿2,500,000 | ขาย
ขายบ้านชั้นเดียว 76ตรว. 2นอน2น้ำ 2.5ลบ. หมู่บ้านธารอิงดอย ต.หางดง อ.หางดง เชียงใหม่
ขายบ้าน หมู่บ้านธารอิงดอย พื้นที่ 76 ตารางวา อำเภอหางดง จังหวัดเชียงใหม่
ราคา 2.5 ล้านบาท (2,500,000 บาท)
ห้องนอน 2 ห้อง
ห้องน้ำ 2 ห้อง
ห่้องโถง 1 ห้อง
ห้องครัว 1 ห้อง
โรงจอดรถ 1 โรง
สถานที่ใกล้เคียง
ที่ว่าการอำเภอหางดง
เทศบาลตำบลหางดง
การไฟฟ้าส่วนภูมิภาคหางดง

*** สนใจสอบถาม ***
โทร [hidden information]
Line ID : piyawitnoom
รหัสประกาศ 095-66"
https://www.facebook.com/marketplace/item/1301602791428356/,"1 ห้องนอน 1 ห้องน้ำ - อพาร์ทเมนท์
ราคา: ฿850,000 | ขาย
🏡ขาย SR Condominium หนองป่าครั่ง เชียงใหม่ ❗❗
💸ราคาเพียง 850,000 บาท ฟรีโอน ❗❗
✨ขั้น 4 ขนาดพื้นที่ใช้สอย 30 ตร.ม📏 
   
✨รายละเอียดบ้าน : 
1 ห้องนอน
1 ห้องน้ำ

✨รายละเอียดเฟอร์นิเจอร์ :
เตียงนอน
ตู้เสื้อผ้า
โซฟา
เครื่องซักผ้า
เครื่องปรับอากาศ
ตู้เย็น
ไมโครเวฟ
ระบบคีย์การ์ด

📌สถานที่ใกล้เคียง (Nearby places):
โรงเรียนวัดหนองป่าครั่ง – Wat Nong Pa Khrang School
โรงพยาบาลกรุงเทพ เชียงใหม่ – Bangkok Hospital Chiang Mai
ตลาดเอื้องคำ – Euang Kham Market
มหาวิทยาลัยพายัพ – Payap University
เซ็นทรัลเฟสติวัล เชียงใหม่ – Central Festival Chiang Mai
สถานีรถไฟเชียงใหม่ – Chiang Mai Railway Station


Code : S4415
📌นัดชมได้ทุกวัน 
Line : Piiamp_108
Tel : [hidden information] (แอมป์)

#ที่ดีดีเชียงใหม่ #บ้านเช่า
#บ้านเช่าเชียงใหม่ #คอนโดให้เช่าเชียงใหม่  #บ้านเชียงใหม่  #เช่าคอนโดเชียงใหม่  #หอพักเชียงใหม่  #บ้าน
#คอนโด  #Condo"
https://www.facebook.com/marketplace/item/1301795008416251/,"4 ห้องนอน 3 ห้องน้ำ - บ้าน
ราคา: ฿49,000/เดือน | ขาย
🏡 2-Storey House for Rent or Sale – Sansaran Project, Hang Dong

💰 Rental & Sale Price:

 • Monthly rental: 49,000  THB (1-year contract)

 • For Sale: 9.9 Million THB

❌ Rental Conditions: No pets allowed❌
⸻
This beautiful two-storey home is located in the secure and peaceful Sansaran gated community, surrounded by lush greenery and quiet residential streets. Situated on a spacious corner plot with a well-maintained garden, the property offers both privacy and generous outdoor living areas.

⸻

🏠 House Details:

• Land size: 144 sq.wah

• Living area: 300 sq.m

• 4 Bedrooms, 3 Bathrooms

• 1 Office room

• Spacious living room with natural light

• Balcony

• Fully furnished — move-in ready

• Thai Kitchen & Western Kitchen

• Large landscaped garden with mature plants

• Corner plot offering privacy

• Easy access to parking and quiet street views

🏢 Project Facilities:
 • Clubhouse
 • Swimming pool
 • Tennis court
 • 24-hour security

📍 Nearby Places:

 • Merriton British International School – 4.7 km

 • Panyaden International School – 4.6 km

 • Kad Farang Village – 4.9 km

 • Big C & HomePro – 7.6 km

 • Lanna International School – 9 km

 • Chiang Mai Airport – 11 km

📞 Contact For more information or viewing:
📱 [hidden information]
LINE ID: noonjasmine
———————————————————————-
#HouseForRentChiangMai #ChiangMaiRealEstate #SansaranProject #HangDong #HangDongLiving #HouseForSaleChiangMai #ChiangMaiProperty #ChiangMaiHome #
#GatedCommunityChiangMai #InternationalSchoolArea #NearPanyaden #NearMerriton 
#houseforrentinhangdong"
https://www.facebook.com/marketplace/item/1301810811429404/,"2 ห้องนอน 1 ห้องน้ำ - อพาร์ทเมนท์
ราคา: ฿3,690,000 | ขาย
🏢ขาย ศรีธนาคอนโดมิเนียม 2 สุเทพ เชียงใหม่✨

💸ราคาเพียง 3.69 ล้านบาท ฟรีโอน 💰 
🌼ชั้น 3 ห้องสวย สไตล์ Homey Luxury  มีระเบียงแบบPrivate 🌻
📏ห้องใหญ่พื้นที่ 73 ตร.ม. + ทางเข้าห้องติดลานจอดรถ⭐
✅มีโควต้าต่างชาติ และปล่อยAirbnbได้


✨รายละเอียดห้อง : 

2 ห้องนอน🛌
1 ห้องน้ำ🛁🚿
1 มุมนั่งเล่น/ทานอาหาร/ทำงาน
1 ห้องครัวบิวท์อินหรูขนาดใหญ่ 


✨รายละเอียดเฟอร์นิเจอร์และเครื่องใช่ไฟฟ้า✨

เฟอร์นิเจอร์บิ้วอินทั้งห้อง
เครื่องปรับอากาศ 3 เครื่อง
เตาไฟฟ้า+ฮู้ดดูดควัน แบรนด์ Hafele
เตาอบขนาดใหญ่+ไมโครเวฟ แบรนด์ Hafele
ตู้เย็น 2 ประตูขนาดใหญ่
เครื่องซักผ้า ฝาหน้า
เครื่องอบผ้า ฝาหน้า
 เครื่องทำน้ำอุ่น 1 เครื่อง แบรนด์ mex
พัดลมดูดอากาศ
 TV 55"" 1เครื่อง แบรนด์ LG
TV 43"" 1เครื่อง
ประตู Digital Door Lock


📌สถานที่ใกล้เคียง

เชียงใหม่รามประชาบริรักษ์โรงเรียน - Chiang Mai Ram Prachabrirak School
โรงพยาบาลเชียงใหม่ ราม - Chiang Mai Ram Hospital
ตลาดสุเทพ (ต้นพยอม) - Suthep Market (Ton Phayom)
เมญ่า ไลฟ์สไตล์ ช้อปปิ้ง เซ็นเตอร์ - Maya Lifestyle Shopping Center
มหาวิทยาลัยรามคำแหง สาขาวิทยบริการเฉลิมพระเกียรติ จังหวัดเชียงใหม่ - Ramkhamhaeng University, Chaloem Phra Kiat Branch, Chiang Mai
ท่าอากาศยานนานาชาติเชียงใหม่ - Chiang Mai International Airport


🏢 For Sale: Srithana Condominium 2, Suthep, Chiang Mai ✨
💸 Special Price: Only 3.69 million baht – Free transfer fees! 💰
 🌼 Located on the 3rd floor, beautifully decorated in Homey Luxury style with a private balcony 
 📏 Spacious 73 sq.m. unit + direct access from the parking lot ⭐
 ✅ Foreign quota available and Airbnb allowed

✨ Unit Details:
2 Bedrooms 🛌
1 Bathroom 🛁🚿
1 Living/Dining/Workspace area
1 Large built-in luxury kitchen


✨ Furniture & Appliances Included:
Fully built-in furniture throughout
3 Air-conditioners
Electric stove + range hood by Hafele
Large oven + microwave by Hafele
Large 2-door refrigerator
Front-loading washing machine
Front-loading dryer
Water heater by Mex
Ventilation fan
55"" TV by LG
43"" TV
Digital door lock


📌 Nearby Locations:
Chiang Mai Ram Prachabrirak School
Chiang Mai Ram Hospital
Suthep Market (Ton Phayom)
Maya Lifestyle Shopping Center
Ramkhamhaeng University, Chaloem Phra Kiat Branch, Chiang Mai
Chiang Mai International Airport


Code : S4611
บริษัท ที่ดีดี จำกัด | รับซื้อ | ขาย | เช่า อสังหาริมทรัพย์
•สำหรับนักลงทุน พร้อมหาผู้เช่า
•เช็คบูโร,แก้เคส,ทำเอกสาร,วิเคราะห์สินเชื่อฟรี 
•รับจัดหาบ้าน,ที่ดิน,คอนโด,อสังหาริมทรัพย์

📌นัดชมได้ทุกวัน | รับ CO-AGENT
Line : @teedd (มี@)
Tel : 052-005-009

#ที่ดีดีเชียงใหม่ #บ้านเช่า
#บ้านเช่าเชียงใหม่ #คอนโดให้เช่าเชียงใหม่  #บ้านเชียงใหม่  #เช่าคอนโดเชียงใหม่  #หอพักเชียงใหม่  #บ้าน
#คอนโด  #Condo"
https://www.facebook.com/marketplace/item/1301936001346120/,"บ้าน 4 ห้องนอน 3 ห้องน้ำ
ราคา: ฿4,390,000 | ขาย
Minimal Muji-Style 2-Storey House for Sale – Nong Chom Junction, Mae Rim, Chiang Mai

💰 Price: ฿3,590,000 (unfurnished)

ID: HSMR5371D

Line: @kumuang
Click: https://lin.ee/aZt6O7r

ติดต่อ / Contact:
Call + Line + 093-042-9054 (Admin)
Call + Line + 062-546-5828 (อังกฤษ/ENG)
Call + Line + 062-547-6978 (ไทย/TH)

📐 Land size: 80 sq.wah (320 sq.m.)
🏡 Only 1 unit available!
📍 Location: Muang Kaew, Mae Rim, Chiang Mai

Property Features:

4 bedrooms (each with a private balcony)

3 bathrooms

Fully equipped kitchen

Stylish living room design

Covered parking for 2 cars with light wood-tone stamped concrete flooring

Free Extras:

Range hood + 2-burner gas stove

Lawn with trees

Stamped concrete driveway

150W water pump + 1,000L water tank

Project Highlights:

No common area fees

Provincial tap water supply

Direct access to paved municipal road

Free transfer & taxes at the Land Office

Nearby Distances:

3 km to Muang Kaew Municipality

5 km to Nong Chom Junction

7 km to Chiang Mai Provincial Hall

8 km to Ruamchok Mall

11 km to Central Festival Chiang Mai

บ้านเดี่ยว 2 ชั้น สไตล์มินิมอลมูจิ ใกล้แยกหนองจ๊อม แม่ริม เชียงใหม่
 • ราคา 3,590,000 บาท (บ้านเปล่า)
 • พื้นที่ 80 ตร.วา
มีเพียง 1 หลังเท่านั้น
ที่ตั้ง: ตำบลเหมืองแก้ว อำเภอแม่ริม จังหวัดเชียงใหม่

🔹 4 ห้องนอน (มีระเบียงส่วนตัวทุกห้อง)
🔹 3 ห้องน้ำ
🔹 ห้องครัวพร้อมอุปกรณ์
🔹 ห้องนั่งเล่นตกแต่งอย่างลงตัว
🔹 ที่จอดรถในร่ม 2 คัน พื้นคอนกรีตลายไม้โทนอ่อน

ฟรี
🔹 ฮูดดูดควัน + เตาแก๊ส 2 หัว
🔹 สนามหญ้า + ต้นไม้
🔹 พื้นที่จอดรถลายคอนกรีตแสตมป์
🔹 ปั๊มน้ำ 150 วัตต์ + แท็งก์เก็บน้ำ 1,000 ลิตร

จุดเด่น:
🔹 ไม่มีค่าส่วนกลาง
🔹 น้ำประปาภูมิภาค
🔹 ติดถนนลาดยางเทศบาล
🔹 ฟรีค่าโอนและภาษี ณ กรมที่ดิน

ระยะทางจากจุดสำคัญ:
🔹 7 กม. จากศาลากลางเชียงใหม่
🔹 5 กม. จากแยกหนองจ๊อม
🔹 8 กม. จากรวมโชคมอลล์
🔹 11 กม. จากเซ็นทรัลเฟสติวัล
🔹 3 กม. จากเทศบาลเหมืองแก้ว"
https://www.facebook.com/marketplace/item/1301996418163138/,"บ้าน 3 ห้องนอน 1 ห้องน้ำ
ราคา: ฿800,000 | ขาย
บ้านไม่เกินล้าน!

3 นอน 1 น้ำ ห้องรับแขก ห้องครัว ที่จอดรถ ขนาด 29 ตรว. ใกล้ตลาดเก้าแสน ยางเนิ้ง สารภี"
https://www.facebook.com/marketplace/item/1303633381373603/,"4 ห้องนอน · 6 ห้องน้ำ
ราคา: ฿60,000/เดือน | ขาย
code:  PR-258

ให้เช่าพูลวิลล่า | สารภี เชียงใหม่ | บ้านใหม่ พร้อมอยู่
ราคาเช่า: 60,000 บาท/เดือน
รายละเอียด:
บ้านเดี่ยว 2 ชั้น พร้อมสระว่ายน้ำ
ขนาดบ้านกว้างขวาง เหมาะสำหรับครอบครัว หรือกลุ่มผู้เช่าระยะยาว
ไม่เคยน้ำท่วม / ระบบน้ำจากประปาส่วนภูมิภาค
พื้นที่ใช้สอย:
4 ห้องนอน
6 ห้องน้ำ
แอร์ 7 ตัว
เครื่องทำน้ำอุ่น 5 ตัว
ที่จอดรถ 2 คัน
สิ่งอำนวยความสะดวกภายใน:
สระว่ายน้ำส่วนตัว ขนาด 6 x 3 เมตร ลึก 1.4 เมตร
โต๊ะรับประทานอาหารหินอ่อนอย่างดี 6 ที่นั่ง
ครัวฝรั่งพร้อมฮูดดูดควัน และตู้เย็นขนาดใหญ่ (8.3 คิว)
เตียงขนาด 6 ฟุตครบทุกห้อง
ตู้เสื้อผ้าบิวท์อินทุกห้อง
โซฟาชุดใหม่ 2 ชุด
ทีวี 65 นิ้ว
แทงค์เก็บน้ำ + ระบบกรองน้ำ ขนาด 1,500 ลิตร
สถานที่ใกล้เคียง:
โรงเรียนนานาชาติ ABSAICH
โรงเรียนนานาชาติ Unity
โรงเรียนวารีเชียงใหม่ / โรงเรียนมงฟอร์ตมัธยม
ตลาด 89 พลาซ่า
โรงพยาบาลกรุงเทพเชียงใหม่

For Rent: Private Pool Villa | Saraphi, Chiang Mai
Rental Price: 60,000 THB/Month
Property Overview:
Newly built 2-storey house with private pool
Ideal for families or long-term tenants
Located in a non-flood zone, with municipal water supply
Specifications:
4 Bedrooms
6 Bathrooms
7 Air conditioners
5 Water heaters
Parking for 2 cars
Features:
Private swimming pool (6 x 3 meters, 1.4 m depth)
Premium marble dining table for 6
Western-style kitchen with hood and large 8.3 cu.ft refrigerator
King-size beds (6 ft) in every bedroom
Built-in wardrobes in all rooms
Two brand-new sofa sets
65” flat-screen TV
Water tank with filtration system (1,500 liters)
Nearby Landmarks:
ABSAICH International School
Unity International School
Varee Chiang Mai School / Montfort Secondary School
89 Plaza Market
Bangkok Hospital Chiang Mai

Location 📍https://maps.app.goo.gl/EdAkVQDB3E7DhqTp6?g_st=ac

 👇INQUIRY & VIEWING👇
🍀For Rent:  189 Real Estate👉 https://www.facebook.com/189realestate 
🍀 For Sale: 189 House For Sale
https://www.facebook.com/share/1ZibLg6wQf/
🍀LINE ID:  @499KCGMJ 👉 https://lin.ee/wiY7MNT 
🍀WhatsApp:   https://wa.me/+660617975152
🍀 WeChat ID:  Housecnx 
☎️ 062-9179535 , 061-7975152

#บ้านเช่าเชียงใหม่  #บ้านพร้อมอยู่  #บ้านในตัวเมืองเชียงใหม่  #ทาวน์เฮ้าส์เชียงใหม่   #โฮมทาวน์เชียงใหม่  #พูลวิลล่าเชียงใหม่  #ซื้อบ้านเชียงใหม่ #ขายบ้านเชียงใหม่  #houseforrent  #houseforsale  #houseinchiangmai  #townhouse  #hometown  #poolvilla  #poolvillachiangmai  #chiangmaithailand"
https://www.facebook.com/marketplace/item/1304173524357727/,"4 ห้องนอน 3 ห้องน้ำ - บ้าน
ราคา: ฿7,900,000 | ขาย
#ติดทรัพย์รับโค
🏡 ขายบ้าน Pool Villa เชียงใหม่
❣️ทำเลดีตั้งอยู่ที่  ต.สุเทพ อ.เมืองเชียงใหม่
❣️ใกล้สนามบินเชียงใหม่ เดินทางเพียง 5 นาที
รายละเอียดบ้าน
🚩พื้นที่ดินเริ่มต้น 52 ตร.วา
🚩พื้นที่ใช้สอย 282 ตร.ม.
🚩4 ห้องนอน
🚩3 ห้องน้ำ พร้อมเครื่องทำน้ำอุ่นครบทุกห้อง
🚩3 ที่จอดรถ
🚩ห้องครัวสไตล์โมเดิร์น มาพร้อมเคาน์เตอร์ครัว เตา และที่ดูดควัน
🚩ห้องนั่งเล่น Double Space  เพดานสูง 7 เมตรโปร่งโล่งสบาย
🚩สระว่ายน้ำส่วนตัวขนาด 4.5 x 3 เมตร
✨ ราคาเริ่มต้นเพียง 7.9 ล้านบาท ✨
🚩ฟรีของแถมสิทธิพิเศษสำหรับลูกค้า
🚩ฟรี! ค่าโอนกรรมสิทธิ์
🚩ฟรี! ปั้มน้ำ และแท้งน้ำ
🚩 ฟรี! ปูหญ้า เพิ่มพื้นที่สีเขียวรอบบ้าน
🚩ฟรี! ระบบกำจัดปลวก
🚩 ฟรี! ประตูรีโมท และดิจิตอล Door Lock
พิกัด
ตำบลสุเทพ อำเภอเมืองเชียงใหม่ เชียงใหม่
I'd.oporza8301 
Suthep Subdistrict House
🏡 Pool Villa for Sale in Chiang Mai
❣️ Prime location in Suthep Subdistrict, Mueang Chiang Mai District
❣️ Near Chiang Mai Airport, just a 5-minute drive
House Details
🚩 Starting land area of 52 sq.wa
🚩 Usable area of 282 sq.m.
🚩 4 bedrooms
🚩 3 bathrooms, all with water heaters
🚩 3 parking spaces
🚩 Modern kitchen with countertops, stove, and hood
🚩 Double-space living room with 7-meter high ceilings for an airy and spacious feel
🚩 Private swimming pool measuring 4.5 x 3 meters
✨ Starting price at only 7.9 million baht ✨
🚩 Free special gifts for customers
🚩 Free! Transfer fee
🚩 Free! Water pump and water tank
🚩 Free! Lay grass to add greenery around your home.
🚩Free! Termite control system.
🚩Free! Remote control door and digital door lock.
Location:
Suthep Subdistrict, Mueang Chiang Mai District, Chiang Mai.
ID: oporza8301"
https://www.facebook.com/marketplace/item/1304604054658708/,"บ้าน 4 ห้องนอน 3 ห้องน้ำ
ราคา: ฿5,590,000 | ขาย
Code : S0067

บ้าน โซนหางดง 

ราคา 5.59 ล้าน

4 ห้องนอน 3 ห้องน้ำ

128 ตารางวา
300 ตรม.

จอง 5% ของราคาขาย 
บ้านหันหน้าไปทางทิศตะวันออกเฉียงเหนือ

บริษัท ที่ดีดี จำกัด | รับซื้อ | ขาย | เช่า อสังหาริมทรัพย์
•สำหรับนักลงทุน พร้อมหาผู้เช่า
•เช็คบูโร,แก้เคส,ทำเอกสาร,วิเคราะห์สินเชื่อฟรี 
•รับจัดหาบ้าน,ที่ดิน,คอนโด,อสังหาริมทรัพย์

📌นัดชมได้ทุกวัน | รับ CO-AGENT
Line : @teedd (มี@)
Tel : [hidden information]

#ที่ดีดีเชียงใหม่ #บ้านเช่า
#บ้านเช่าเชียงใหม่ #คอนโดให้เช่าเชียงใหม่  #บ้านเชียงใหม่  #เช่าคอนโดเชียงใหม่  #หอพักเชียงใหม่  #บ้าน
#คอนโด  #Condo"
https://www.facebook.com/marketplace/item/1304638091308170/,"3 ห้องนอน 3 ห้องน้ำ - บ้าน
ราคา: ฿27,000/เดือน | ขาย
🟥⏺️บ้านใหม่ให้เช่า ใกล้ Central Festival ย่านสันทราย
1️⃣ขนาดพื้นที่ 90 ตารางวา
◾3 ห้องนอน, 3 ห้องน้ำ,1ห้องนั้งเล่น,1ห้องครัว,2 ที่จอดรถ

2️⃣ราค่าเช่า 27,000 บาท/เดือน
🚩รวมค่าส่วนกลาง, ตัดหญ้า,ดูแลต้นไม้
🚩สัญญาขั้นต่ำ 6 เดือน ,1ปี
◾ประกัน 2เดือน ล่วงหน้า1 เดือน
❌ห้ามสูบบุหรี่ในบ้าน

3️⃣เฟอร์นิเจอร์เครื่องใช้ไฟฟ้า
🏁Full Furniture
◾แอร์ , เครื่องทำน้ำอุ่น , เครื่องชักผ้า, ฮูดเตา,เตาแก็ส,โต๊ะกลางทำอาหาร,โต๊ะกินข้าว,ตู้เสื้อผ้า,เตียง ครบทุกห้อง 
4️⃣โลเคชั่นสถานที่ใกล้เคียง
🚩หมู่บ้าน ธนาพรปาร์คโฮม5
◾ ห่างจากCentral 15 นาที
◾ใกล้ตลาดสดแม่กวง, ตลาดสดสันติสุข 5นาที
◾ใกล้ Seven ,Lotus express 5นาที
◾ปั๊มPtt ,Caltex 
◾โรงพยาบาลกรุงเทพ 15นาที
◾Meta Mall Rimping 5นาที
🚩มี Club House สระว่ายน้ำ,ฟิสเนส ,รักษาความปลอดภัย24 ชม. 
~~~~~~~~~
🟩สนใจติดต่อ/ Contact...
☎️ [hidden information] ""mone""
🆔️line: nutpakun1990
⏺️inbox (ทักแชท)
 ~~~~~~~~~
🟥⏺️New house for rent near Central Festival, San Sai area
1️⃣ Area size 90 square meters
◾3 bedrooms, 3 bathrooms, 1 living room, 1 kitchen, 2 parking spaces
2️⃣Rental price 27,000 baht/month
🚩Including common area fees, grass cutting, tree care
🚩Minimum contract 6 months, 1 year
◾2 months insurance, 1 month advance payment
❌No smoking in the house.
3️⃣ Furniture and electrical appliances
🏁Full Furniture
◾Air conditioner, water heater, washing machine, hood, gas stove, coffee table, dining table, wardrobe, bed, all rooms are complete. 
4️⃣Nearby location
🚩Thanaporn Park Home Village 5
◾ 15 minutes from Central
◾Near Mae Kuang Fresh Market, Santisuk Fresh Market 5 minutes
◾Near Seven, Lotus express 5 minutes
◾Ptt, Caltex pumps 
◾Bangkok Hospital 15 minutes
◾Meta Mall Rimping 5 minutes
🚩There is a clubhouse with a swimming pool, fitness center, and 24-hour security. 
~~~~~~~~~
🟩Interested, please contact...
☎️ [hidden information] ""mone""
🆔️line: nutpakun1990
⏺️inbox (ทักแชท)
~~~~~~~~~
#บ้านเช่าราคาถูก 
#บ้านเช่าเชียงใหม่
#บ้านสวยเชียงใหม่
#บ้านเชียงใหม่
#คอนโดเชียงใหม่
#บ้านเชียงใหม่
#บ้านสวยเชียงใหม่
#รีวิวบ้านเชียงใหม่
#houseforrentchiangmai"
https://www.facebook.com/marketplace/item/1304736001133459/,"บ้าน 3 ห้องนอน 2 ห้องน้ำ
ราคา: ฿2,490,000 | ขาย
🎈ราคาเริ่มต้น 2.49 ล้าน #โซนท่ารั้ว #ดอยสะเก็ด บ้านเดี่ยวใหม่ #สไตล์โมเดิร์นนอร์ดิก พร้อมอยู่ #ใกล้ตลาดท่ารั้ว เข้าเมืองง่าย #น้ำไม่ท่วม

พื้นที่ดิน 63 ตรว.
3 ห้องนอน | 2 ห้องน้ำ
มีที่จอดรถ

✨ เฟอร์นิเจอร์ครบ + แอร์ + โซฟา + Built-in
✨ ฟรี! ระบบกำจัดปลวกทุกหลัง
✨ ฟรี! เครื่องทำน้ำอุ่น
✨ ฟรี! มิเตอร์น้ำ & มิเตอร์ไฟฟ้า

💰 ราคาขายเริ่มต้น 2.49 ล้านบาท ค่าโอน 50/50

📍 ทำเลสะดวก ใกล้:
ตลาดท่ารั้ว
เทศบาลสันปูเลย
ร้านค้า ร้านอาหาร ธนาคาร
ตลาดสด, 7-Eleven
Central Festival
Mill Hill International School

🎈New Single House for Sale Starting price: 2.49 MB #Tharua #Doisaket District

Land 63 sq.wah
3 Bedrooms | 2 Bathrooms
Parking space available

✨ Fully furnished + Air conditioners + Sofa + Built-in furniture
✨ Free termite protection system (for every house)
✨ Free water heaters
✨ Free water & electricity meters

💰 Starting price: 2.49 MB Transfer fee 50/50

📍 Nearby Places:
Tha Rua Market
San Pu Loei Municipality
Shops, restaurants, banks
Fresh market, 7-Eleven
Central Festival Chiang Mai
Mill Hill International School"
https://www.facebook.com/marketplace/item/1305632837437904/,"4 ห้องนอน · 4 ห้องน้ำ
ราคา: ฿16 | ขาย
LOCATION LOCATION LOCATION

Pool Villa 4 bedrooms, 4 bathrooms 

An interior design so tastefully done it makes you feel at home the moment you walk in. 

Set on a generous plot of 241 square wah (almost 1000 sqm) with a truly delightful landscaped garden giving privacy and elegance and mood lightening for evening entertainment and relaxing. 

The Salt water 10m x 3m pool is beautifully positioned to benefit an early morning dip from the balcony of the master bedroom straight into the 1.5M deep end. 

This stunning  renovation has spared no expense and its European stylish decor is second to none. 

The Master bedroom suite has triple aspect glazing with the garden that wraps around the whole 250 sqm Villa and Pool. There is a fully built in separate dressing room and large en-suite bathroom. 

The open plan living boasts a comfy lounge, a separate dining area and a designated home office section. This lounge has large windows and a bay window overlooking the pool and garden with its plentiful tropical plants and trees. 

Large patio areas outside contribute to a lovely feel to this house. 

Three further double bedrooms, 2 with en-suites and a further separate family bathroom splay off the open plan living space. Through one of these guest rooms there is a laundry room which leads out to the very generous rear garden, working area and storage shed. In fact this room lends itself for many varied uses including a maid’s room. 

However saving the best to last : the kitchen. Bought from Homikitch in Chiang Mai it’s gorgeous with its own breakfast bar and private patio overlooking the garden. Everything you would expect from the dishwasher to the 4 door fridge freezer, Induction hob, oven, microwave and mood lighting. Truly delightful -a must see. 

This property is positioned on one of the most desirable roads within Wang Tang, near the entrance and the tall tree lined street make it feel so beautiful. 

The house has a perimeter wall and electric gate for privacy, along with covered parking for 3 large vehicles. 

This is a rare find, big beautiful tropical garden, PoolVilla set back from the road and so stunning and homely inside situated in the most desired location within Wang Tang. 

Motivated seller however property priced to sell at a very reasonable price of only 

16,900,000 BAHT"
https://www.facebook.com/marketplace/item/1306388727880557/,"2 ห้องนอน 2 ห้องน้ำ - บ้าน
ราคา: ฿1,540,000 | ขาย
บ้านเดี่ยว ชั้นเดียวแม่ก๊ะ ดอยสะเก็ด
ในพื้นที่41 ตรว ราคา 1.54 ล้านบาท
พื้นที่ใช้สอย 120 ตรม.

🎁2 ห้องนอน 2 ห้องน้ำ 2 จอดรถ

✔️ฟรีโอน 
✔️มิเตอร์น้ำ ไฟ 
✔️มุ้งลวด
✔️เครื่องทำน้ำอุ่น 2 เครื่อง

บ้านแม่ก๊ะตลาด หมู่2 ต.ตลาดใหญ่ อ.ดอยสะเก็ด 
ใกล้ตลาดแม่คือ ,ใกล้เทสบาล ต. ตลาดใหญ่"
https://www.facebook.com/marketplace/item/1306514234280085/,"2 ห้องนอน 2 ห้องน้ำ - บ้าน
ราคา: ฿1,850,000 | ขาย
บ้านเดี่ยว สันกำแพงราคาไม่เกิน 2 ล้าน
ทำเลสวยติดถนนค้าขายได้ เข้าซอยไม่ลึก 

แถมฟรี
(ฟรี)ค่าโอน เฉพาะราคาซื้อขาย
(ฟรี)มิเตอร์น้ำ-มิเตอร์ไฟฟ้า
(ฟรี)ระบบกำจัดปลวก
(ฟรี)สนามหญ้า
(ฟรี)ฮุ๊ดดูดควัน พร้อมแก๊ส 2 หัว
(ฟรี)น้ำอุ่น  2  เครื่อง
(ฟรี)มุ้งลวด ทั้งหลัง
(ฟรี)ปูกระเบื้องโรงจอดรถ"
https://www.facebook.com/marketplace/item/1306573167518621/,"3 ห้องนอน 2 ห้องน้ำ - บ้าน
ราคา: ฿2,490,000 | ขาย
✳️ ขายบ้านชั้นเดียว พร้อมอยู่
โซนท่ารั้ว เชียงใหม่
ทำเลดี เดินทางสะดวก ใกล้เมือง

💵 ราคาเพียง 2.49 ล้านบาท (ฟรีโอน)

🛏 3 ห้องนอน
🛁 2 ห้องน้ำ
🍽 ครัวแยก
🚗 ที่จอดรถ
📐 เนื้อที่ 53 ตร.วา | พื้นที่ใช้สอย 125 ตร.ม.

✅ บ้านใหม่ พร้อมเข้าอยู่
✅ บรรยากาศเงียบสงบ
✅ เหมาะสำหรับอยู่อาศัยเองหรือปล่อยเช่า

👩🏻‍💻 บริการยื่นสินเชื่อทุกธนาคารฟรี ไม่มีค่าใช้จ่าย
🔴 กรุณาแจ้งล่วงหน้า 1 วันก่อนเข้าชม 🔴
❌ งดแชร์พิกัดหากไม่ได้นัดหมาย ❌"
https://www.facebook.com/marketplace/item/1306934401111087/,"บ้าน 6 ห้องนอน 6 ห้องน้ำ
ราคา: ฿9,900,000 | ขาย
ขายหรือเช่าบ้าน2ชั้นพูลวิลล่า Pool Villa บ้านไร่ปลายนา 2ไร่ 6นอน6น้ำ 9.9ลบ. เฟอร์ของแถม สระว่ายน้ำ ต.แม่ปูคา อ.สันกำแพง เชียงใหม่
ขายหรือเช่า บ้านไร่ปลายนา ต.แม่ปูคา อ.สันกำแพง จ.เชียงใหม่
เนื้อที่ 2 ไร่ 6 นอน 6 น้ำ 1 ระเบียง 1 ครัว 1 โถง 1 เทอเรส
วิวทุ่งนา สามารถดำเนินกิจการต่อ ทำเป็นคาเฟ่ โฮมสเตย์ airbnb หรือทำเป็นบ้านพักตากอากาศ
มีแอร์ และเครื่องใช้ไฟฟ้า เฟอร์นิเจอร์ครบทุกห้อง
(( แถมสระว่ายน้ำสร้างไป 70%ขนาด10*12ม. )) พร้อมระบบกรองน้ำ
ขายราคา 9.9 ลบ. (9,900,000 บาท)
เช่า เดือนละ 30,000 บ. สัญญา 1 ปี ขึ้น
สถานที่ใกล้เคียง
วงแหวนใหม่ 500 ม.
หมู่บ้านหัตถกรรมร่มบ่อสร้าง 3.3 กม. (9 น.)
ตลาดแม่คือ 5.4 กม. (12 น.)
บิ๊กซีดอนจั่น 12 กม. (22 น.)

*** สนใจสอบถาม ***
โทร : [hidden information]
Line ID : piyawitnoom
WhatsApp : [hidden information]
รหัสประกาศ : 032-68"
https://www.facebook.com/marketplace/item/1307180297527553/,"บ้าน 4 ห้องนอน 4 ห้องน้ำ
ราคา: ฿3,400,000 | ขาย
ขายบ้านใหม่! หมู่บ้านเป็นสุข ใกล้รวมโชคมอลล์ไม่ถึง 10 นาที ทำเลดี เดินทางสะดวก
น้ำไม่ท่วม บรรยากาศเงียบสงบ
 
::จุดเด่น::
ราคาคุ้มค่าที่สุด ในบ้านและทำเลขนาดเดียวกัน
ห้องกว้างขวาง ใหม่ สะอาด
น้ำไม่ท่วม บรรยากาศเงียบสงบ
พร้อมเข้าอยู่ได้เลย
ทำเลดี อยู่ใกล้รวมโชคมอลล์ไม่ถึง 10 นาที
ไม่มีค่าส่วนกลาง
ฟรีค่าโอน!!
 
::รายละเอียด:: 
บ้าน 2 ชั้น
เนื้อที่ 58 ตารางวา
พื้นที่ใช้สอยกว่า 200 ตารางเมตร
4 ห้องนอน 4 ห้องน้ำ
1 ห้องนั่งเล่น
ระเบียงส่วนตัว
3 ที่จอดรถ
 
:: เฟอร์นิเจอร์ ::
ชุดครัวพร้อมใช้งาน
เครื่องดูดควัน
เตาประกอบอาหาร
แท้งค์น้ำ+ปั๊มน้ำ
 
:: สถานที่ใกล้เคียง ::
รวมโชคมอลล์
มหาลัยแม่โจ้
เซ็นทรัลเฟสติวัล

ราคา: 3,400,000 บาท

สนใจติดต่อ: มิว EM the asset [hidden information]

Line: bmmiu"
https://www.facebook.com/marketplace/item/1307298644166735/,"3 ห้องนอน 2 ห้องน้ำ - บ้าน
ราคา: ฿1,790,000 | ขาย
🏡บ้านเดี่ยวโซนสันทรายใกล้ม.แม่โจ้ (ใกล้เทศบาลป่าไผ่เพียง 1 นาที )

ที่ดิน 42 ตารางวา 
3 นอน 2 น้ำ 1 ห้องครัว
2 ที่จอดรถยนต์🚗🚗

🎊ราคา 1.79 ล้านบาท

💰ฟรีค่าโอน และ ค่าจดจำนอง

✅ฉนวนกันความร้อนใต้หลังคา
✅ฟรีระบบท่อกันปลวกรอบบ้าน 
✅ฟรีมิเตอร์น้ำ
✅ฟรีมิเตอร์ไฟฟ้า
✅ฟรีผ้าม่านทั้งหลัง
✅ฟรีชุดห้องนอน 1ห้อง
✅ฟรีปลูกหญ้ารอบบ้าน

สถานที่ใกล้เคียง🚗
- ตลาดป่าเหมือด เพียง 2 กม.
- มหาลัยแม่โจ้ 4 กม.
- โรงเรียนพงศ์พิกุล 6 กม.
- โรงพยาบาลสันทราย 8 กม.
- เทศบาลป่าไผ่ 800 เมตร

สนใจติดต่อ📲
📲[hidden information] นุ่น

#ขายบ้านที่ดินคอนโดทาวน์โฮมและปล่อยเช่า 
#อสังหามือ1มือ2เชียงใหม่
#อยู่ดีมีสุขพร้อมสานฝันให้กับคุณ
#ครอบคลุมทุกเรื่องอสังหาครบจบในที่เดียว"
https://www.facebook.com/marketplace/item/1307434451399711/,"2 ห้องนอน 1 ห้องน้ำ - อพาร์ทเมนท์
ราคา: ฿28,000/เดือน | ขาย
ให้เช่า✨ The star hill condo ห้อง 2 ห้องนอน1 ห้องน้ำ ขนาด64 ตรม. ชั้น7 #เลี้ยงสัตว์ได้ ห้องพร้อมอยู่ 

ราคาเช่า 28,000/เดือน (ต่อรองราคาได้) 

คอนโดหรูย่านมช. #นิมมาน เฟอร์นิเจอร์ครบตามภาพ (ห้องนอนใหญ่มีที่นอนนะคะแค่ยังไม่ได้เอามาใส่

คอนโด Pet Friendly🐱

มีสระว่ายน้ำ, ฟิตเนส, ห้องซาวน่า, ห้องสมุด, ร้านเสริมสวยใต้อาคารในคอนโด, ที่จอดรถยนต์ชั้นใต้ดิน, รปภ.24ชม 

☎️ ติดต่อ เบอร์โทร/ไลน์ [hidden information] คุณเนย

—————————————



For rent✨ The Star Hill Condo, 2 bedrooms, 1 bathroom, 64 sq m, 7th floor. #Pets allowed, ready to move in.

Rental price: 28,000 THB/month (negotiable)

Luxury condo in the Chiang Mai University area, #Nimman, fully furnished as shown (master bedroom has a mattress, just haven't installed it yet).

Pet-friendly condo🐱

Swimming pool, fitness center, sauna, library, beauty salon, underground parking, 24-hour security.

☎️ Contact: Tel / Line: [hidden information] k. Noey"
https://www.facebook.com/marketplace/item/1307686960812258/,"3 ห้องนอน 2 ห้องน้ำ - บ้าน
ราคา: ฿1,890,000 | ขาย
เพียง฿ 1.89 ล.ด่วน‼️ลดจาก 2.4 ล้าน
#ตัดVายด่วนๆมาก...#บ้านเหมืองแก้วใกล้โรงพยาบาลสันทรายแค่6นาที
เนื้อที่ 64ตารางวา 3 ห้องนอน 2 ห้องน้ำ ทำเลดีราคาถูก เดินทางง่าย น้ำไม่ท่วม"
https://www.facebook.com/marketplace/item/1307840747121618/,"3 ห้องนอน 3 ห้องน้ำ - บ้าน
ราคา: ฿13,500/เดือน | ขาย
บ้านรินรดา สารภี
เดือนละ 13,500/เดือน สัญญา 1ปี
ไม่มีค่าส่วนกลาง
3 นอน 3 น้ำ
แอร์ 3
เฟอรนิเจอรครบ
เข้าอยู่ได้เลยค่ะ
รวมค่าส่วนกลางแล้วค่ะ
ใกล้ รร ยูนิตี้ กับ แอมบาสเดอร์

(ไม่รับสัตว์เลี้ยงค่ะ)"
https://www.facebook.com/marketplace/item/1307966530830480/,"2 ห้องนอน 3 ห้องน้ำ - บ้าน
ราคา: ฿22,000/เดือน | ขาย
🏘️House for rent, 🏢🏥Near Central Festival just 5 minutes,CMIS school behind Theppanya Hospital, Chia Tong Heng Restaurant and Nis school , Fa Ham, Ring Road 1 
outside the project in a private, safe area ⛰️Nature view
💢neighbors are foreigners, quiet, not chaotic

🛌2 bedrooms Both rooms have en-suite bathrooms. 
🚿3 bathrooms
Rent 22,000 / month
Fully furnished, just bring your bags and move in
❌ No pets of any kind❌

💢💢💢💢💢💢💢💢💢💢

🏘️บ้านให้เช่า 🏢🏥ใกล้เซ็นทรัล festival เพียง5 นาที หลังโรงพยาบาลเทพปัญญา ใกล้ภัตตาคารเจียทงเฮงและNisCmis ฟ้าฮ่าม วงแหวนรอบ
นอกโครงการในพื้นที่ส่วนตัวปลอดภัย ⛰️วิวธรรมชาติ￼
💢1 เพื่อนบ้านเป็นชาวต่างชาติ สงบ ไม่วุ่นวาย

🛌2ห้องนอน มีห้องน้ำในตัว2ห้อง ￼
🚿3ห้องน้ำ￼
เช่าเดือนละ 22,000 ￼/เดือน
เฟอร์นิเจอร์ครบหิ้วกระเป๋าเข้าอยู่ได้เลย 
❌ ไม่รับสัตว์เลี้ยงทุกชนิด￼❌

สนใจติดต่อ 0️⃣9️⃣8️⃣9️⃣2️⃣8️⃣5️⃣5️⃣8️⃣7️⃣น้ำ
￼
￼￼"
https://www.facebook.com/marketplace/item/1308272123954011/,"3 ห้องนอน 2 ห้องน้ำ - บ้าน
ราคา: ฿25,000/เดือน | ขาย
🏠โซนหลังม.ช ใกล้วัดร่ำเปิง
บ้านเช่า ต.สุเทพ 
รั้วรอบขอบชิด
เนื้อที่เยอะ  130 ตรว.
พื้นที่ใช้สอย 124 ตร.เมตร
3 ห้องนอน
2 ห้องน้ำ 2 น้ำอุ่น
4 แอร์ 
✅️รับสัตว์เลี้ยง    ไม่มีส่วนกลาง น้ำไม่เคยท่วม 100%
มีสวนหย่อมข้างบ้าน และ หลังบ้านร่มรื่นเงียบ สงบ และ ปลอดภัย
ห่างจากมช.เพียง 2 กม.

⛳️พิกัด 
ซอยวัดร่ำเปิง
ใกล้สนามกีฬาเทศบาลสุเทพ

🏷ค่าเช่าเดือนละ 25,000 บาท
ประกัน 2 เดือน
👉จ่ายค่าเช่าล่วงหน้า 1 เดือน.
รวม 3 เดือน ก่อนย้ายเข้าอยู่.
รวม 75,000 ฿ .
👉คืนประกันให้เมื่ออยู่ครบสัญญา.

🏠House for Rent behind Chiangmai University 3.5 km.
🚗to Nimman Road  4.5  km.
Sutep areas. 
Land size 130 square wah. 
Usable area 145 square meters. 
Fully furnished. 
3 bedrooms/2 bathrooms /Living room / 2 parking. 
👉 🐕🐈‍⬛Pet allowed 
👉 1 year Contact. 
🏠For rent 25,000 THB / per month. 
2 month deposit.
1 month in advance .
Totally 75,000 THB. Before move-in ..

🚫The water never flood.
More information Contact me :  📲🆔️[hidden information] ."
https://www.facebook.com/marketplace/item/1308423217317725/,"3 ห้องนอน 2 ห้องน้ำ - บ้าน
ราคา: ฿27,000/เดือน | ขาย
🏡 位于 清迈大学附近
面积近 1 莱，出租，可携带宠物。🐕🐩🐈🦮🐕‍🦺🐈‍⬛🐇🐦🦆🦢 位于清迈府 Mueang 区的素帖镇靠近清迈大学 玛雅购物中心、
Ton Payom 市场和 Mae Hia 市场。
占地面积：325 平方瓦（1,000 平方米），使用面积150 平方米。
设有 3 间卧室、2 间浴室、客厅、厨房和宽敞的前花园，绿树成荫。花园内种植有龙眼树、荔枝树、芒果树、香蕉树、人心果树、椰子树、青柠树和鳄梨树。项目内还设有一个大型池塘。可停放 10 辆车。靠近清迈大学、Ton Payom 市场、Mae Hia 市场和 Maya 购物中心。
附近地点
交通：靠近 Krua Ya 餐厅
清迈大学 - 驾车 5 分钟 - 3.9 公里
宁曼海明路 - 驾车 5 分钟 - 4.6 公里
清迈机场中央广场 - 驾车 9 分钟 - 8.8 公里
塔佩门 - 驾车 11 分钟 - 8.0 公里
清迈夜市 - 驾车 13 分钟 - 9.2 公里
┏━━━━━━━━━━━━━┓
🔖租金：27,000 泰铢/月
租期 1 年，需支付 2 个月押金和 1 个月预付款。🔖包含公共区域和园艺费。 *价格可商议*
🔖售价：1200万泰铢
┗━━━━━━━━━━━━
➡️ 如有疑问，请联系 [hidden information] 
微信：gm220354

🏡บ้านสวนร่มรื่นเขตอำภอเมืองสุเทพให้เช่า..Shady garden house for rent in Suthep sub-district, mueang, Chiang Mai  near Chiangmai University and Ton payom market,  Mae hia market on canal road. 
Land area 325 sq wha, usable area 150 sq m. , 3 bedrooms 2 bathrooms 
 Living room , kitchen, big garden can Parking 10 car and shady, surrounded by trees and a pond in the project.
In the garden there are longan, lychee, mango, banana, sapodilla, coconut and Avocado.
Location near Chiangmai University  and not too far Maya shopping mall 
┏━━━━━━━━━━━━┓
🔖 Price for rent for 1 year contract 27,000 baht/month
“For move in 2 months deposit and 1 month advance “🔖including common fee and Garden. * price negotiable *
Sale 12 million baht 
┗━━━━━━━━━━━━┛ 
🏡บ้านสวน ในเขตอำเภอเมือง พื้นที่เกือบ 1 ไร่ ให้เช่า เลี้ยงสัตว์ได้ 🐕🐩🐈🦮🐕‍🦺🐈‍⬛🐇🐦🦆🦢ตำบลสุเทพ เมือง เชียงใหม่ ใกล้ มหาวิทยาลัยเชียงใหม่ และ ห้างเมญ่า ตลาดต้นพยอม ตลาดแม่เหียะ
พื้นที่ดิน 325 ตารางวา พื้นที่ใช้สอย150 ตรม.
3 ห้องนอน 2 ห้องน้ำ ห้องนั่งเล่น ห้องครัว สวนหน้าบ้านกว้าง ร่มรื่น รายล้อมไปด้วยสวนต้นไม้  ในสวนปลูก ต้นลำไย ลิ้นจี่ มะม่วง กล้วย ละมุด มะพร้าว มะดัน และ อโวคาโดและมีบึงใหญ่ในโครงการ จอดรถ ได้ 10 คัน
ใกล้ มหาวิทยาลัยเชียงใหม่  ตลาดต้นพยอม ตลาดแม่เหียะ และ ห้างเมญ่า
สถานที่ใกล้เคียง
การเดินทาง ใกล้ ร้านอาหาร ครัวย่า
มหาวิทยาลัยเชียงใหม่ - ขับรถ 5 นาที - 3.9 กม.
ถนนนิมมานเหมินทร์ - ขับรถ 5 นาที - 4.6 กม.
เซ็นทรัลพลาซา เชียงใหม่ แอร์พอร์ต - ขับรถ 9 นาที - 8.8 กม.
ประตูท่าแพ - ขับรถ 11 นาที - 8.0 กม.
เชียงใหม่ไนท์บาซาร์ - ขับรถ 13 นาที - 9.2 กม.
┏━━━━━━━━━━━━┓
 🔖ราคาเช่า 27,000 บาท/ เดือน 
สัญญา 1 ปี แรกเข้า ประกัน 2 เดือน ล่วงหน้า 1 เดือน🔖รวมค่าส่วนกลาง และค่าทำสวน *ราคาต่อรองได้*
 🔖ขาย 12 ล้าน
┗━━━━━━━━━━━━┛ 
➡️ ติดต่อสอบถาม  [hidden information]

#บ้านเช่าเชียงใหม่ #บ้านให้เช่าเชียงใหม่ #บ้านเชียงใหม่ #เชียงใหม่

#houseforrentinchiangmai #houseinchiangmai #chiangmai

#清迈房屋出租 ＃清迈租房 ＃房出租 ＃租房 ＃找清迈租房 ＃清迈别墅"
https://www.facebook.com/marketplace/item/1308729474058005/,"บ้าน 4 ห้องนอน 5 ห้องน้ำ
ราคา: ฿17,500,000 | ขาย
C8MG100578
ขาย Premium luxury pool villas 2 ชั้น  #ใกล้ABA
4 ห้องนอน  5 ห้องน้ำ   1 ห้องครัว
พื้นที่  181   ตรว.  พื้นที่ใช้สอย  441 ตรม. 
ขายราคา  17.5  ล้านบาท !!!! ฟรีโอน

------------------

Pool Villa for Sale  
4 bedroom and 5 bathroom.
Area 185 sq.wha.area 409 sq m.
The price is at THB  16.001 million.

Close To 
-Big C Mae Hia 3 km.
-Central Airport 4.5 km.
-Airport 5.5 km.
-Kasinthorn St. James School 2 km."
https://www.facebook.com/marketplace/item/1309080871012998/,"4 ห้องนอน 4 ห้องน้ำ - บ้าน
ราคา: ฿35,000/เดือน | ขาย
🔰🔰บ้านสวยให้เช่าพร้อมเฟอร์นิเจอร์ ใกล้เมือง
โครงการกาญจน์กนก ปล่อยเช่า 35,000 บาท/เดือน
ใกล้เซ็นทรัล festival เชียงใหม่ 5 นาที

รายละเอียดบ้าน
 1. ) 4 ห้องนอน 4 ห้องน้ำ 1 ห้องนั่งเล่นจอดรถได้ 2 คัน 
 2. ) ห้องครัว บิ้วอิน พร้อมเตาไฟฟ้า และเครื่องดูดควัน 
 3. ) ทีวี 1 เครื่อง
 4. ) ตู้เย็น
 5. ) โต๊ะกินข้าว พร้อมเก้าอี้ 4 ตัว
 6. ) โซฟา 1 ชุด
 7. ) ชุดเตียง  3 หลัง ฟูก 3 หลัง พร้อมตู้เสื้อผ้า 3 ห้อง 
 8.) แอร์ 4 ตัว
 9. ) เครื่องทำน้ำอุ่น 3 เครื่อง
 10. ) ประตูรีโมท

Kanchanok Furniture
Near Central Festival Chiang Mai, 5 minutes

1. )4 bedrooms, 4 bathrooms, 1 living room, parking for 2 cars
2.) Built-in kitchen with electric stove and range hood
3.) 1 TV
4.) Refrigerator
5.) Dining table with 4 chairs
6.) 1 sofa
7.) 3 beds, 3 mattresses, and 3 wardrobes
8.) 4 air conditioners
9.) 3 water heaters
10.) Remote-controlled gate

Negotiable Price: 35,000 baht/month"
https://www.facebook.com/marketplace/item/1309327360840636/,"3 ห้องนอน 3 ห้องน้ำ - บ้าน
ราคา: ฿3,300,000 | ขาย
💥ขาย💥
3 ห้องนอน 3 ห้องน้ำ - บ้าน

สันกำแพง, เทศบาลนครเชียงใหม่, จังหวัดเชียงใหม่ 50130

🏡ขายบ้าน2ชั้นโครงการ habitat🏡
🚩พื้นที่ 87 ตรว แปลงมุม 
🚩พื้นที่เหลือๆนอกบ้านสีเขียว 

🍄ราคาพิเศษ 3.3ล้าน ‼️

❌บ้านซื้อมาไม่เคยอยู่ เฟอร์ใหม่หมด ❌
✅3นอน3น้ำ
✅เฟอร์นิเจอร์ครบ
✅แอร์4ตัวรวมแอร์ห้องรับแขก
✅เครื่องทำน้ำอุ่นซื้อใหม่ให้2ตัว
✅บาร์ ครัวฝรั่ง ครัวไทยนอกตัวบ้าน
✅ค่าส่วนกลางปีนี้ฟรี
✅น้ำไม่ท่วม100%
📌ยกกระเป๋าเข้าอยู่ได้เลยค่า 📌

นัดชมบ้านเพิ่มเติม  ล่วงหน้าหนึ่งวัน
☎️:083-6153295 ไก่
ID Line:098-7846116

ชมบ้านหลังอื่นเพิ่มเติม 
เพจ FB: https://www.facebook.com/share/1SNxb8QNtb/?mibextid=wwXIfr"
https://www.facebook.com/marketplace/item/1309514394538173/,"3 ห้องนอน 2 ห้องน้ำ - บ้าน
ราคา: ฿1,790,000 | ขาย
🏡 ขายบ้านเชียงใหม่ - สันทราย สันป่าเปา ทำเลใกล้เมือง ใกล้เซ็นทรัลเฟสติวัล 🚗 เดือนทางสะดวก ขนาด พื้นที่ 48 ตรว. ราคา 1.79 ล. บ้านสร้างเสร็จ พร้อมเข้าอยู่ 

📍พิกัด ต.สันป่าเปา อ.สันทราย จ.เชียงใหม่

🏡 รายละเอียดตัวบ้าน
🛌 3 ห้องนอน 
🧻 2 ห้องน้ำ 
🛋️ ห้องโถง
🍵 ห้องครัว 
🚗 ที่จอดรถ

     🪴 ขนาดพื้นที่  48 ตรว. 🪴
 🌼 ราคา 1,790,000 ล้านบาท🌼

🌷 รายการของแถม 🌷
- ฟรีต่อเติมหลังบ้าน
- ฟรีโอนกรรมสิทธิ์
- ฟรีเคาน์เตอร์ครัว+ซิงค์ล้างจาน
- ฟรีมิเตอร์ไฟฟ้า
- ฟรีมิเตอร์น้ำประปา  
- ฟรีปั้มน้ำ  
- ฟรีแทงค์น้ำ 1,000 ลิตร  
- ฟรีสนามหญ้าหน้าบ้าน
- ฟรีแอร์ 1 เครื่อง 9000 BTU.
- ฟรีเครื่องทำน้ำอุ่น 2 เครื่อง 

   สนใจนัดดูบ้าน ติดต่อ 
โทร : 083-3221156 
         086-4202292 ปอมครับ

@LINE : https://line.me/ti/p/6Cy8vkQ-AY

📣📣 เข้าชมเพจ :  👇🏽👇🏾👇
https://www.facebook.com/บ้านสวยเชียงใหม่-105900474491366/"
https://www.facebook.com/marketplace/item/1309686320900383/,"บ้าน 3 ห้องนอน 4 ห้องน้ำ
ราคา: ฿10,500,000 | ขาย
A luxurious detached house with over 400 square meters of living space in the heart of Nam Phrae Subdistrict, Hang Dong District, Chiang Mai Province.

This spacious house offers a perfect blend of modern design and comfort. Perfect for families seeking spacious living and privacy, the house is fully functional and features a hot and cold water system throughout the house and a 6,000-liter water tank for reliable use in all seasons.

Sale Price:
10,500,000 baht

ID: HSHD9808D

Line ID: @kumuang
Click: https://lin.ee/aZt6O7

Contact / Contact:
Call + Line + WhatsApp:
093-0429054,094-714-5355,062-5465828


House Details:
Land Area: 198 square wah
Usable Area: Over 400 square meters
Three bedrooms
Four bathrooms
Jacuzzi-equipped bathrooms add a touch of luxury and relaxation
6,000-liter water tank
Hot and cold water systems throughout the house

Potential Location:
Located in Nam Phrae Subdistrict, Hang Dong District, Chiang Mai Province, surrounded by amenities and close to important landmarks.

Hang Dong Road offers convenient access to the city center, including Big C and Macro Hang Dong shopping malls, Kad Farang, and Rimping Supermarket.
Several leading international schools, including Grace International School and Lanna International School.
Just 20 minutes from Chiang Mai Airport.

บ้านเดี่ยวหรูพร้อมพื้นที่ใช้สอยกว่า 400 ตารางเมตร ใจกลางตำบลน้ำแพร่ อำเภอหางดง จังหวัดเชียงใหม่
นำเสนอความลงตัวระหว่างดีไซน์ทันสมัยและความสะดวกสบาย กับบ้านเดี่ยวหลังใหญ่ที่ตอบโจทย์การอยู่อาศัยสำหรับครอบครัวที่ต้องการพื้นที่กว้างขวางและความเป็นส่วนตัว ภายในบ้านออกแบบครบทุกฟังก์ชัน มาพร้อมระบบน้ำร้อนน้ำเย็นทั้งหลัง และแท็งก์น้ำขนาด 6000 ลิตร รองรับการใช้งานได้อย่างมั่นใจทุกฤดูกาล

ราคาขาย
10,500,000 บาท

ID: HSHD9808D

Line ID: @kumuang
Click: https://lin.ee/aZt6O7

Contact / Contact:
Call + Line + WhatsApp:
093-0429054,094-714-5355,062-5465828

รายละเอียดตัวบ้าน
พื้นที่ดิน 198 ตารางวา
พื้นที่ใช้สอยกว่า 400 ตารางเมตร
3 ห้องนอน
1 ห้องน้ำ
ห้องน้ำติดตั้ง Jacuzzi เพิ่มความหรูหราและผ่อนคลาย
แท็งก์น้ำ 6000 ลิตร
ระบบน้ำร้อนน้ำเย็นทั้งหลัง

ทำเลศักยภาพ
ตั้งอยู่ในตำบลน้ำแพร่ อำเภอหางดง จังหวัดเชียงใหม่ รายล้อมด้วยแหล่งอำนวยความสะดวกและใกล้สถานที่สำคัญ

ถนนหลักสายหางดง เดินทางสะดวกสู่ตัวเมือง
ห้างสรรพสินค้า Big C และ Macro หางดง
กาดฝรั่ง และ Rimping Supermarket
โรงเรียนนานาชาติชั้นนำหลายแห่ง เช่น Grace International School และ Lanna International School
ใช้เวลาเพียงยี่สิบนาทีถึงสนามบินเชียงใหม่

豪华独栋别墅 · 超过 400 平方米使用面积 · 位于清迈府杭东区南帕莱核心地段

这座宽敞的别墅完美融合了现代设计与舒适生活，非常适合追求私密空间和大居住面积的家庭。全屋配备冷热水系统，并设有 6,000 升储水罐，无惧季节变化，保证全年稳定用水。

售价
10,500,000 泰铢

ID: HSHD9808D

Line ID: @kumuang
Click: https://lin.ee/aZt6O7

Contact / Contact:
Call + Line + WhatsApp:
093-0429054,094-714-5355,062-5465828

房屋详情
土地面积：198 坪（约 792 平方米）
使用面积：超过 400 平方米
3 间卧室
4 间浴室（其中配备按摩浴缸，增添奢华享受与放松体验）
6,000 升储水罐

全屋冷热水系统

优越地段
别墅位于杭东区南帕莱分区，周边设施齐全，交通便利，轻松连接市中心：

杭东主干道，直达 Big C、Makro Hang Dong、Kad Farang、Rimping 超市
临近多所国际知名学校：Grace International School、Lanna International School
距离清迈国际机场仅 20 分钟车程


Don't miss out on this rare opportunity—contact us today to schedule a viewing!

บริษัท คูเมือง พร็อพเพอร์ตี้ส์ จำกัด
Kumuang Properties Co.,Ltd. -
Website: https://kumuangproperties.com

Line ID : @kumuang
Click: https://lin.ee/aZt6O7r

Call + Line + WhatsApp + WeChat : : 093-0429054,066-1125191 ,062-5465828

Email: [hidden information]

Facebook Page:
For Sale: https://www.facebook.com/kumuangproperties/
For Rent: https://www.facebook.com/rent.kumuangproperties.chiangmai/"
https://www.facebook.com/marketplace/item/1309901887577898/,"บ้าน 3 ห้องนอน 4 ห้องน้ำ
ราคา: ฿6,390,000 | ขาย
🏠ขายบ้านเดี่ยว 2 ชั้นในโครงการ โซนสันกำแพง🏠
 [ พื้นที่ใช้สอย  250 ตารางเมตร ]
🛒ราคาพิเศษฟรีโอนเพียง 6.39  ล้านบาท(ค่าโอนคนละครึ่ง)⏩

📋รายละเอียดตัวบ้าน📋
• บ้านหลังใหญ่  3 ห้องนอน 4 ห้องน้ำ  พื้นที่ใช้สอยรวม กว่า  250 ตารางเมตร
• ห้องอาหาร พร้อม โต๊ะเก้าอี้รับประทานอาหาร 
• ห้องครัว เคาน์เตอร์บิวท์อิน + เตา + ฮู้ด + ซิ้งค์ เตาอบ ไมโครเวฟ        
• ห้องนั่งเล่น มุมพักผ่อน (ในบ้าน นอกบ้าน)
• ห้องเก็บของใต้บันได 
• ห้องน้ำทุกห้องติดตั้งเครื่องทำน้ำร้อน และแยกโซนเปียก โซนแห้ง ห้องน้ำด้านล่างมีอ่างอาบน้ำ 
• ลานซักล้าง พร้อมเครื่องซักผ้า 
• ตู้เสื้อผ้า บิวท์อินสไตล์โมเดริ์น 
• ผ้าม่าน 2 ชั้น  
• แอร์ไดกิ้น  5 เครื่อง 
• ทีวีขนาด 55 นิ้ว 1 เครื่อง 
• ตู้เย็น ขนาด 15 คิว เครื่องซักผ้า 
• แท้งค์น้ำ 2,000 ลิตร และ ปั๊มน้ำ Mitsubishi 250 วัตต์
• จัดสวนสวยงามรอบบ้าน  มีระบบรดน้ำอัตโนมัติ (ตั้งเวลาเปิด ปิด)
•  ประตูบ้าน เปิด ปิด  ด้วยรีโมท อัตโนมัติ และประตูเข้าบ้านเป็นระบบ Smart Door
• สามารถ จอดรถ ได้ 2 คัน พร้อมที่ชาร์ต สำหรับรถไฟฟ้า
• ค่าส่วนกลาง ปีละ 5,600 บาท
• ค่าไฟฟ้า ค่าประปา จ่ายตรงกับการไฟฟ้าและการประปา ส่วนภูมิภาค

สถานที่ใกล้เคียง🚩
📌โรงพยาบาลสันกำแพง
📌โรงเรียนบ้านบวกค้าง
📌ตลาดเจริญ เจริญ
📌บิ๊กซี ซูเปอร์เซ็นเตอร์ เชียงใหม่ (ดอนจั่น)

Code : S2711
🚨บริษัท ที่ดีดี จำกัด | รับซื้อ | ขาย | เช่า
🚨ซื้อสด รับส่วนลดพิเศษ
🚨จัดหาบ้าน,คอนโด ตามงบประมาณ
🚨สำหรับนักลงทุน พร้อมหาผู้เช่า
🚨เช็คบูโร,แก้เคส,ปิดหนี้,รวมหนี้
🚨ทำเอกสาร,วิเคราะห์สินเชื่อฟรี 
🚨ยื่นกู้ได้ทุกอาชีพ ไม่ต้องดาวน์

📌นัดชมได้ทุกวัน | รับ CO-AGENT
Line : @teedd (มี@)
Tel : [hidden information]

#บ้าน #ขายบ้าน #ขายบ้านเชียงใหม่
#คอนโด #ขายคอนโด #condo"
https://www.facebook.com/marketplace/item/1310480330861787/,"3 ห้องนอน 2 ห้องน้ำ - บ้าน
ราคา: ฿15,000/เดือน | ขาย
🌟 #ติดทรัพย์
🏡ให้เช่าบ้านเดี่ยวชั้นเดียว 
💵ราคาเช่า 15,000 บาท
🗺พิกัด. ท่าวังตาล สารภี เชียงใหม่ 
📐 บนที่ดิน 77 ต.รว พื้นที่ใช้สอย 34 ต.รม
- 3 ห้องนอน 
- 2 ห้องน้ำ
- 1 ห้องนั่งเล่น
- 1 ห้องครัว
- 3 ที่จอดรถ

🛋เฟอร์นิเจอร์เครื่องใช้ไฟฟ้า🔌
- ชุดห้องนอน 3 ห้อง
- แอร์ 3 ห้อง(ห้องนั่งเล่น 1 ห้องนอน 2)
- เครื่องซักผ้า  1 เครื่อง
- ตู้เย็น 1 เครื่อง
- เครื่องทำน้ำอุ่นทั้ง 2 ห้องน้ำ
- ทีวี 1 เครื่อง
- ไมโครเวฟ 1 เครื่อง
- เตาแก๊ส 1 เตา

📍แนะนำข้อมูล สำหรับการเดินทาง📍
- CDSC 10 นาที 4.9 กม.
- โรงเรียนวารีเชียงใหม่ 13 นาที 8.6 กม.
- เซ็นทรัลแอร์พอร์ต 14 นาที 8.5 กม.
- สนามบิน 17 นาที 8.8 กม.
- เซเว่น 4 นาที 1 ก.ม
- โรงพยาบาลราชเวช 14 นาที 6.6 กม.
- อาเขต 17 นาที 13 กม.

💵 ราคาเช่า 15,000 บาท/เดือน
 ล่วงหน้า 1 เดือน
 ประกัน   2 เดือน
 สัญญา   1  ปี

📍หมายเหตุ📍
❌🐕‍🦺🐶  ไม่รับสัตว์เลี้ยง
🚿💡  ค่าน้ำ ค่าไฟ จ่ายตามรัฐ
🚭 ไม่สูบบุหรี่

👩‍🏫สนใจจอง ได้ตามช่องทางต่อไปนี้👩‍🏫
 📞[hidden information] คุณตาล"
https://www.facebook.com/marketplace/item/1310787480535448/,"2 ห้องนอน 2 ห้องน้ำ - บ้าน
ราคา: ฿1,490,000 | ขาย
ขาย #บ้านสร้างใหม่ โซนหนองแก๋ว 🏡 พร้อมเข้าอยู่ได้เลยค่ะ

💰 ราคาพิเศษ 1,490,000 บาท
#ฟรีโอน #ไม่ต้องวางเงินดาวน์

📐 รายละเอียด:
 • ที่ดิน 39 ตร.ว.
 • พื้นที่ใช้สอย 95 ตร.ม.
 • 2 ห้องนอน | 2 ห้องน้ำ | 1 ห้องโถง | 1 ห้องครัว | ที่จอดรถ 1 คัน
 • ขนาดห้องนอน 3×4 ม.

🎁 ของแถมฟรี:
 • ค่าโอน
 • มิเตอร์ไฟฟ้า
 • ปั๊มน้ำ
 • ถังเก็บน้ำ 700 ลิตร
 • ระบบท่อปลวก
 • มุ้งลวดครบ

📲 สนใจนัดชมบ้านได้เลยนะคะ
✅ ฟรีบริการด้านสินเชื่อ
☎ Tel : [hidden information] (เนตร)
Line ID : natety_lovely

#บ้านขายต่ำกว่าราคาประเมิน #บ้านราคาถูก #บ้านเงินเหลือ #บ้านโซนสันผักหวาน #บ้านโซนหางดง #บ้านพร้อมอยู่ #บ้านเจ้าของขายเอง #บ้านเชียงใหม่ #บ้านใกล้เมือง

⸻

🏡 New House for Sale | Nongkaew Area – Ready to Move In!

💰 Special Price: 1,490,000 THB
#FreeTransfer #NoDownPayment

📐 Details:
 • Land size: 156 sq.m. (39 sq.wah)
 • Usable area: 95 sq.m.
 • 2 Bedrooms | 2 Bathrooms | Living room | Kitchen | 1 Parking space
 • Bedroom size: 3×4 m.

🎁 Free gifts included:
 • Transfer fee
 • Electricity meter
 • Water pump
 • 700-liter water tank
 • Termite protection system
 • Window screens

📲 Contact us to schedule a viewing today!
✅ Free loan consultation service
☎ Tel: [hidden information] (Net)
Line ID: natety_lovely

#HouseBelowMarketPrice #CheapHouse #ChiangMaiHouse #ReadyToMoveIn

⸻

🏡 清迈 Nongkaew 区全新独栋住宅出售 – 拎包入住！

💰 特价：1,490,000 泰铢
#免过户费 #零首付

📐 房屋信息：
 • 土地面积：156 平方米（39 坪）
 • 使用面积：95 平方米
 • 2 间卧室 | 2 间浴室 | 客厅 | 厨房 | 1 个停车位
 • 卧室尺寸：3×4 米

🎁 免费赠送：
 • 过户费用
 • 电表
 • 水泵
 • 700 升储水罐
 • 白蚁防治管道
 • 纱窗

📲 欢迎预约看房！
✅ 免费贷款咨询服务
☎ 电话：[hidden information] (Net)
Line ID: natety_lovely

#低于评估价 #清迈买房 #便宜独栋别墅 #拎包入住"
https://www.facebook.com/marketplace/item/1311307270728090/,"บ้าน 2 ห้องนอน 2 ห้องน้ำ
ราคา: ฿2,590,000 | ขาย
Code : S0103
บ้านเดี่ยว โซนสันกำแพง
ราคา ราคา 2.59 ล้าน

ขนาด 2 ห้องนอน 
2 ห้องน้ำ 
2 ที่จอดรถ

63 ตรว. 
120 ตรม.

บ้านเดี่ยวครบทุกฟังก์ชั่นตอบโจทย์ทุกการใช้ชีวิตได้อย่างลงตัวบ้านสมาร์ท 
-ประตูรีโมท 
-ระบบ cctv ในตัวบ้าน 
-ปั๊มน้ำ + ถังเก็บน้ำ 
-เตาแก๊ส + ฮูดดูดควัน 
-มิเตอร์น้ำ + มิเตอร์ไฟ

ซื้อบ้านเรามั้นใจได้ค่ะ โครงสร้างมาตรฐาน รับประกันโครงสร้างนาน 2 ปี 

-ใกล้เซเว่นบ้านบวกค้าง
-ใกล้โรงพยาบาลสันกำแพง
-ใกล้ร้านอาหารเฮือนใจ๋ยอง
-ใกล้ตลาดศรีอรุณ 
-ใกล้ศูนย์การค้าพรอมเมนาด้า
-ใกล้ นานาชาติ ABS , UNITY

🔹รับจัดหาอสังหาริมทรัพย์ตามงบประมาณ
รวมหอพักในเชียงใหม่
➡️ https://teedd.co/หอพัก/
รวมอพาร์ทเม้นท์ในเชียงใหม่
➡️ https://teedd.co/อพาร์ทเม้นท์/
รวมโรงแรมในเชียงใหม่
➡️ https://teedd.co/โรงแรม/
รวมอาคารพาณิชย์ในเชียงใหม่
➡️https://teedd.co/อาคารพาณิชย์/
นัดชมได้ทุกวันไม่มีวันหยุด
Line:@teedd (มี@)
https://lin.ee/6c10cxd"
https://www.facebook.com/marketplace/item/1312068873686771/,"4 ห้องนอน 5 ห้องน้ำ - บ้าน
ราคา: ฿79,000/เดือน | ขาย
Sale/Rent Pool Villa with private pool #fully furnished #Ready to move in

land size 80 sq.w.
4 bedrooms, 5 bathrooms
living room
dining room
kitchen
private saltwater pool (4 x 6 meters)
parking

fully furnished, air conditioner, sofa, TV, refrigerator, oven, microwave, 

💵Rental price 79,000 baht/month**1 year contract
💵Sale price 9,700,000 baht**Transfer 50/50

📍location  Nearby : Big C Mae Hia, Makro, restaurants, banks, fresh markets, shops, airports
More information Contact K.Yong 
Kimberly 
[hidden information] line 
ให้เช่า 79,000 บาท/เดือน 🔶ขาย 9.7 ล้าน #โซนแม่เหียะ พลูวิลล่าหรู พร้อมสระว่ายน้ำส่วนตัว #เฟอร์นิเจอร์ครบ #หิ้วกระเป๋าพร้อมเข้าอยู่ได้เลย

พื้นที่ดิน 80 ตร.ว.
4 ห้องนอน 5 ห้องน้ำ
ห้องรับแขก
ห้องรับประทานอาหาร
ห้องครัว
สระว่ายน้ำระบบเกลือ ขนาด 4x6 เมตร
ที่จอดรถ

เฟอร์นิเจอร์ครบ
แอร์, โซฟา, ทีวี, ตู้เย็น, เตาอบ, ไมโครเวฟ

💸ราคาเช่า: 79,000 บาท/เดือน (สัญญา 1 ปี)
💰ราคาขาย: 9,700,000 บาท (โอนคนละครึ่ง 50/50)

📍ใกล้ Big C แม่เหียะ, แมคโคร, ร้านอาหาร, ธนาคาร, ตลาดสด, สนามบิน"
https://www.facebook.com/marketplace/item/1312133770357161/,"2 ห้องนอน 1 ห้องน้ำ - บ้าน
ราคา: ฿1,450,000 | ขาย
🏡เปิดจองบ้านสวยพร้อมเข้าอยู่ 🎉ราคาดี ผ่อนถูกกว่า เช่าแน่นอน🚗15* นาที ถึง เซ็นทรัลเฟสติวัล🌈บ้านสวย อยู่สบาย สิ่งอำนวยความสะดวกครบครัน💕

📍 บ้านกู่แดง - สารภี (ใกล้การไฟฟ้าสารภี)
🎉 เปิดขาย 𝟏 . 𝟒 𝟓 ลบ. 🎉

✅ ยื่นสินเชื่อ ฟรี ดันทุกเคส กู้ผ่านแน่นอน ✅
🏡 ขนาด 2 ห้องนอน 1 ห้องน้ำ จอดรถ 1 คัน
🌳 ที่ดิน 30-34 ตร.ว. พื้นที่ใช้สอย 65 ตร.ม. 

✨โปรโมชั่นพิเศษ ✨
🔺 ฟรี! โอนกรรมสิทธิ์
🔺 ฟรี! ปั้มน้ำอัตโนมัติ
🔺 ฟรี! เคาน์เตอร์ครัว พร้อมซิงค์ล้างจาน
🔺 ฟรี! ถังเก็บน้ำ
🔺 ฟรี! มิเตอร์น้ำ
🔺 ฟรี! มิเตอร์ไฟ
🔺 ฟรี! ระบบกำจัดปลวก
🔺 ฟรี! ปูสนามหญ้ารอบบ้าน

🚘เดินทางสะดวก สิ่งอำนวยความสะดวกครบครัน🛵
▪️5 นาที ถึง 7-11
▪️5 นาที ถึง ถนนคนเดินยางเนิ้งสารภี
▪️6 นาที ถึง โรงเรียนวชิราลัย
▪️7 นาที ถึง โรงเรียนสารภีพิทยาคม
▪️7 นาที ถึง ที่ว่าการอำเภอสารภี , สถานีตำรวจภูธรสารภี
▪️7 นาที ถึง ตลาดยางสดเนิ้ง
▪️9 นาที ถึง โรงพยาบาลสารภี
▪️10 นาที ถึง บิ๊กซีดอนจั่น
▪️10 นาที ถึง เชียงใหม่ 89 พลาซ่า
▪️15 นาที ถึง เซ็นทรัล เชียงใหม่
▪️18 นาที ถึง เซ็นทรัล เชียงใหม่ แอร์พอร์ต
▪️20 นาที ถึง ท่าอากาศยานนานาชาติเชียงใหม่
-------------------------------------
ฟรี ทุกขั้นตอนการซื้อบ้าน 🌟
✅ วางแผนการยื่นสินเชื่อ ดูแลเรื่องเอกสาร เตรียมความพร้อมก่อนกู้บ้าน
✅ กู้ได้ทุกอาชีพ พนักงานประจำ ธุรกิจส่วนตัว ค้าขาย ✔️
✅ มีเงินเหลือตกแต่งหลายแสน ดันทุกเคสวงเงินสูง กู้ผ่าน 100%
✅ เช็ควงเงินฟรี รู้ผลภายใน 1 วัน 
-------------------------------------
สอบถามวางแผนกู้ซื้อบ้าน 👩🏻‍💻
📲 084-965-4747 คุณหน่อย
📲 092-955-9425 คุณเนท
📲 098-229-3562 คุณเฟิร์น
💚Line : https://line.me/ti/p/BwsWu5rAqh
💚 Line : https://line.me/ti/p/ms8B-Z7Y-8
💖พร้อมดูแลลูกค้าค่ะ 💖

#บ้านเชียงใหม่ #บ้านเดี่ยวสารภี  #บ้านเดี่ยว #สารภี #บ้านสร้างใหม่ #บ้านชั้นเดียว #บ้านราคาถูก #บ้านสารภี #บ้านนอกโครงการเชียงใหม่"
https://www.facebook.com/marketplace/item/1312244580039197/,"3 ห้องนอน 2 ห้องน้ำ - บ้าน
ราคา: ฿2,090,000 | ขาย
#Ba268
🏡 บ้านเดี่ยวโมเดิร์น ใกล้เซ็นทรัลเฟส เชียงใหม่
💥 ราคาเพียง 2.09 ล้าน พร้อมของแถมเพียบ!

📍 พิกัด: ต.ตลาดขวัญ อ.ดอยสะเก็ด  ท่ารั้ว เชียงใหม่
🚗 ถึง Rimping Meta Mall 5 นาที
🚗 ใกล้ Central Festival / แยกแม่กวง เพียง 3 กม.
✅ เข้าเมือง 10 นาที เข้า-ออกได้หลายทาง

⸻

✨ บ้านพร้อมอยู่
 • 3 ห้องนอน | 2 ห้องน้ำ | 1 ครัว
 • จอดรถ 2-3คัน | พื้นที่ 40 ตร.วา+

⸻

🎁 จองวันนี้ แถมฟรี!
✔️ แอร์ / กล้องวงจรปิด
✔️ เคาน์เตอร์ครัว / เรนชาวเวอร์
✔️ มิเตอร์น้ำไฟ / ปูหญ้า / ปูกระเบื้องโรงรถ
✔️ ปั๊มน้ำ + แท็งก์น้ำ
✔️ บริการยื่นกู้ธนาคาร

⸻

📞 โทรเลย! [hidden information] ต่ายค่ะ
จองก่อนมีสิทธิ์ก่อน บ้านสวย ใกล้เมือง ราคาดีแบบนี้ไม่ได้มีบ่อย!

#บ้านเชียงใหม่ #บ้านใหม่ใกล้เมือง #บ้านเดี่ยวพร้อมอยู่ #ดอยสะเก็ด #บ้านราคาไม่ถึง3ล้าน #บ้านเชียงใหม่ราคาถูก
#บ้านท่ารั้ว"
https://www.facebook.com/marketplace/item/1312358756442783/,"บ้าน 4 ห้องนอน 5 ห้องน้ำ
ราคา: ฿11,358,000 | ขาย
Japanese-Style 4 Bedroom House in Hang Dong, Chiang Mai

Starting Price: 11,358,000 - 12,068,000 THB

A beautifully designed Japanese-style home on spacious plots starting from 188.7 sq.wah, offering a premium lifestyle close to nature. Prime location in San Phak Wan, Hang Dong, Chiang Mai.

ID: HSHD8260D

Line ID: @kumuang
Click: https://lin.ee/aZt6O7

Contact / Contact:
Call + Line + WhatsApp:
093-0429054,094-714-5355,062-5465828

House Details:
Land size starting from 188.7 to 224.2 sq.wah
Usable area 348 sq.m.
4 bedrooms, 5 bathrooms
3 living rooms, 2 kitchens
Parking for 2 cars
Salt-system swimming pool 4 x 8 meters

Book Today and Get Free:
Water and electricity meter installation
Landscaped garden with lawn and trees
Water pump and storage tank
CCTV system with 6 cameras
Electric water heating system
Digital Door Lock by HAFELE
Gas stove and hood set
Termite control piping system
Fully air-conditioned with 6 units

Nearby Locations:
5 minutes to Lanna International School
5 minutes to North Hill Golf Course
6 minutes to San Phak Wan Municipality Office
10 minutes to Rangsit University Demonstration School
10 minutes to Premium Outlet Chiang Mai
10 minutes to Kad Farang Village
20 minutes to Chiang Mai International Airport

บ้านสไตล์ญี่ปุ่น 4 ห้องนอน ในโซนหางดง จังหวัดเชียงใหม่
โครงการบ้านสไตล์ญี่ปุ่นที่ออกแบบอย่างลงตัวในทุกมุมมอง บนที่ดินกว้างเริ่มต้น 188.7 ตรว.
ทำเลคุณภาพในโซนสันผักหวาน หางดง มอบชีวิตที่เรียบหรู ใกล้ชิดธรรมชาติ พร้อมวัสดุเกรดพรีเมียม

ราคาเริ่มต้น 11,358,000 - 12,068,000 บาท

ID: HSHD8260D

Line ID: @kumuang
Click: https://lin.ee/aZt6O7

Contact / Contact:
Call + Line + WhatsApp:
093-0429054,094-714-5355,062-5465828

รายละเอียดบ้าน:
ทำเล สันผักหวาน-หางดง (ถ.วงแหวนรอบ3) เดินทางใกล้เมือง
เนื้อที่ดินเริ่มต้น 180.8-254.5 ตร.ว.
พื้นที่ใช้สอย 348 ตรม.
4 ห้องนอน 5 ห้องน้ำ
3 โซนรับแขก/นั่งเล่น
1 ครัวฝรั่ง 1 ครัวไทย
สระว่ายน้ำ(น้ำเกลือ) 4x8 ม.
รองรับโรงจอดรถ 2-4 คัน

รายการของแถมติดตั้ง
ร่วมกว่า 10 รายการ
- ประตูดิจิตอล Hafele
- ตกแต่งสวนสนามหญ้า
- CCTV 6 จุด
- ระบบ Intercom กริ่งหน้าบ้าน
- เครื่องปรับอากาศ 6 เครื่อง
- ประตูรั้วรีโมทอัตโนมัติ
- ระบบ Boiler เครื่องทำน้ำร้อน
- ปั๊มน้ำและถังเก็บน้ำสำรอง
- ระบบท่อกำจัดปลวก
- ชุดเตาแก็สไฟฟ้า&เครื่องดูดควัน
- ติดตั้งมิเตอร์น้ำ&มิเตอร์ไฟฟ้า

中文
清迈 Hang Dong 日式风格四卧室别墅
这是一处精心设计的日式风格住宅，土地面积宽敞，起步面积188.7平方哇，坐落于清迈Hang Dong区的优质地段San Phak Wan，带来高品质、亲近自然的生活体验。

ID: HSHD8260D

Line ID: @kumuang
Click: https://lin.ee/aZt6O7

Contact / Contact:
Call + Line + WhatsApp:
093-0429054,094-714-5355,062-5465828

房屋详情:
土地面积 188.7 - 224.2平方哇起
建筑使用面积 348平方米
4间卧室，5间浴室
3个客厅，2个厨房
可停2辆车
4 x 8米盐水系统游泳池
现在预订免费赠送:
水表和电表安装

景观园艺设计，包括草坪和树木
水泵及储水罐
6路CCTV监控系统
电热水系统
HAFELE数码门锁
煤气灶和抽油烟机
白蚁防治管道系统
6台空调
起售价：11,358,000 - 12,068,000 泰铢

周边地点:
5分钟到兰纳国际学校
5分钟到North Hill高尔夫球场
6分钟到San Phak Wan市政办公室
10分钟到Rangsit大学示范学校
10分钟到清迈Premium Outlet
10分钟到Kad Farang Village
20分钟到清迈国际机场

Don't miss out on this rare opportunity—contact us today to schedule a viewing!

บริษัท คูเมือง พร็อพเพอร์ตี้ส์ จำกัด
Kumuang Properties Co.,Ltd. -
Website: https://kumuangproperties.com

Line ID : @kumuang
Click: https://lin.ee/aZt6O7r

Call + Line + WhatsApp + WeChat : : 093-0429054,066-1125191 ,062-5465828 

Email: [hidden information]

Facebook Page: 
For Sale: https://www.facebook.com/kumuangproperties/
For Rent: https://www.facebook.com/rent.kumuangproperties.chiangmai/"
https://www.facebook.com/marketplace/item/1313474780476302/,"3 ห้องนอน 2 ห้องน้ำ - บ้าน
ราคา: ฿1,890,000 | ขาย
🏠 3 ห้องนอน 2ห้องน้ำ 1โถง 1โรงรถ 1ครัวไทยหลังบ้าน
ราคาเพียง 1.89  ลบ. โอนฟรี!!!!

- ซื้อบ้านมีเงินเหลือ 3-4 แสน 
- ผ่อนเริ่มต้นเพียงเดือนละ 7,xxx บาท
- มีหนี้แต่อยากมีบ้าน หนี้รถ หนี้บัตรเครดิต เราช่วยท่านได้
- บุคลากรภาครัฐได้สิทธิพิเศษ เมื่อซื้อบ้านสวยกุลธิดา 

*** สนใจเยี่ยมชมโครงการได้ที่ หมู่ 6 ถนนเลี่ยงเมือง(ตัดใหม่เหมืองง่า) ตรงข้ามสหกรณ์สาธารณสุข ใกล้โรงเรียนจะคำ 
ใกล้โรงพยาบาลลำพูน อยู่ในตัวเมือง เดินทางสะดวกสบาย

📍พิกัด : https://maps.app.goo.gl/zgdN2AEmikCfuPFS6

📞: 0860696615 ต้นครับ
Line 0860696615"
https://www.facebook.com/marketplace/item/1314361003227377/,"2 ห้องนอน · 2 ห้องน้ำ
ราคา: ฿22,000/เดือน | ขาย
✨A 2-bedroom condo with Garden view 🌿for Rent‼️ At Dcondo Sign. Only 2 min to Central Festival ✨

✅ 2 bed 2 bath
✅ 60 sqm, 1st floor 🌿
✅ 2 TV's, 3 AC's, 2 water heaters 
✅ Fully-furnished & ready to move in
✅ Kitchen area, induction stove, hood, microwave, fridge & washing machine machine 
✅ Swimming pool 💦 & Gym 💪
✅ 24/7 security 👮

          🩷 Free Table Lamp from AM Homes 🩵

                            For a 1-year contract  
                    💸 Price: 22,000 baht/month 

** 2 months of security deposit + 1 month of rent in advance **

FYI 💬
💧Water is 25 baht/unit
💡The electricity is the government rate 

📍 Location
dcondo sign
https://maps.app.goo.gl/yQ4ktmRuvrw59WkJ8

📸 Pictures taken by: AM Homes 

Contact: Inbox
Register TM30 📝

🐣 Check out more properties & updates 🔎:
🪧 AM Homes FB page 
🪧 Adminz AM-Homes market place

#chiangmai #ChiangmaiCondo #condoforrent 
#condoforrentchiangmai #houseforrentchiangmai
#คอนโดเชียงใหม่ #บ้านเช่าเชียงใหม่"
https://www.facebook.com/marketplace/item/1314488490400472/,"บ้าน 3 ห้องนอน 4 ห้องน้ำ
ราคา: ฿11,790,000 | ขาย
🏡 Pool Villa เชียงใหม่ “ที่สุดของความเป็นส่วนตัว”
พูลวิลล่าที่โอบล้อมด้วยธรรมชาติ ทำเลโซน สันกำแพง - ดอยสะเก็ด เชียงใหม่
✨ มาพร้อม วิวทะเลสาบ + วิวดอยสุเทพสุดอลังการ

💰 ราคาพิเศษเพียง 11.79 ล้านบาท
📈 รับรายได้ทันที เดือนละ 82,000 บาท (มีผู้เช่าแล้ว)

รายละเอียดบ้าน:
 • 3 ห้องนอน | 4 ห้องน้ำ | 2 ที่จอดรถ
 • เนื้อที่ 83 ตร.ว. | พื้นที่ใช้สอย 285 ตร.ม.
 • พื้นที่พักผ่อนแบบ Open Space + ครัว
 • มีครัวไทยแยก
 • 1 ห้องเก็บของ + 1 ห้องซักล้าง
 • เฟอร์นิเจอร์บิ้วท์อิน + เครื่องใช้ไฟฟ้าหลายรายการ

📍 ใกล้ตลาด คาเฟ่ ร้านอาหาร เดินทางสะดวก
💎 มีเพียง หลังเดียวเท่านั้น!

📲 สนใจนัดชมได้เลยค่ะ
✅ ฟรีบริการด้านสินเชื่อ
☎️ Tel : [hidden information] (เนตร)
Line ID : natety_lovely

⸻

#poolvillaforsale
#withtenant #immediateincome

🏡 Luxury Pool Villa in Chiang Mai – “The Ultimate Privacy”
A stunning pool villa surrounded by nature in San Kamphaeng – Doi Saket area,
✨ Featuring a Lake View & Doi Suthep Mountain View

💰 Special Price: Only 11.79 MB
📈 Immediate rental income: 82,000 THB/month (already tenanted)

Property Details:
 • 3 Bedrooms | 4 Bathrooms | 2 Parking spaces
 • Land size: 83 sq.wah | Usable area: 285 sq.m.
 • Spacious Open Space Living + Kitchen
 • Separate Thai kitchen
 • 1 Storage room + 1 Laundry room
 • Fully furnished with built-in furniture + electrical appliances

📍 Convenient location: near market, cafes, restaurants
💎 Only 1 unit available!

📲 Book your private viewing today!
✅ Free mortgage service
☎️ Tel : [hidden information] (Nate)
Line ID : natety_lovely

⸻

#泳池别墅出售
#带租客 #立即有收入

🏡 清迈豪华泳池别墅 ——“私密性极佳”
位于清迈山甘烹 – 素贴山脚大自然环绕地段
✨ 拥有湖景 + 素贴山景观

💰 特价：仅售 1179 万泰铢
📈 立即获得租金收入：82,000 泰铢/月（已有租客）

房产信息：
 • 3 间卧室 | 4 间浴室 | 2 个停车位
 • 占地面积：83 坪 | 建筑面积：285 平方米
 • 宽敞 开放式客厅 + 厨房
 • 独立泰式厨房
 • 1 个储藏室 + 1 个洗衣房
 • 全套家具 + 电器

📍 位置便利：近市场、咖啡馆、餐厅
💎 仅此一套！

📲 欢迎预约看房
✅ 免费贷款服务
☎️ 电话：[hidden information] (Nate)
Line ID : natety_lovely"
https://www.facebook.com/marketplace/item/1315054343750903/,"2 ห้องนอน 2 ห้องน้ำ - บ้าน
ราคา: ฿1,890,000 | ขาย
💢1,890,000 บ. บ้านเดี่ยวในโครงการ หมู่บ้านสมหวัง ท่ารั้ว เชียงใหม่
💢ประเมิน ธนาคาร 2,2xx,xxx
💢ฟรีค่าโอน

✅️ติดถนน วงแหวน รอบ3  
🏘️ รายละเอียดบ พื้นที่ 66 ตรว.

🛌 > 2 ห้องนอน 
🚽 > 2 ห้องน้ำ

จอดรถ ในบ้าน2 คัน
👩‍🍳 > 1 ห้องครัวพร้อมเคาน์เตอร์ซิงค์น้ำ
🛋 > 1 ห้องโถงนั่งเล่น
 
🛣️ถนนหน้าบ้าน กว้าง
💸ไม่ค่าส่วนกลาง💸💸

📌ใกล้เซนเฟส 5 กม

📌พิกัดทำเลดี เข้า ออก ง่าย
📍ใกล้ร้านค้าสะดวกซื้อและห้างสรรพสินค้าต่างๆ📌
✔️สนามบิน 20 นาที

🛍 เซนทรัลเฟสติวัล และ บิ๊กซีเอ็กตร้า 5 กม.
🍑 ตลาดสามแยก 4 กม.
🥦 แยกท่ารั้ว 1 กม.

+มิเตอร์น้ำ+มิเตอร์ไฟฟ้าพร้อมขาย
🎁 แถม แอร์ ห้องนอน
#ขายตามสภาพ
#บ้านดิบFlppingได้5 ด.
#มัดจำ 300,000 หรือ ตกลงกัน

📲[hidden information]นนท์รับสายค่ะ)
Id line : nont1531"
https://www.facebook.com/marketplace/item/1315098386880114/,"2 ห้องนอน · 3 ห้องน้ำ
ราคา: ฿14,000/เดือน | ขาย
✨ Modern 2-storey townhome for rent in The Urbana 4, Mae Hia, Chiang Mai  
💰 Rent: 14,000 THB/month (includes common fees)  
Fully furnished and move-in ready. Ideal for long-term tenants and international teachers  
(请向下滚动) (ภาษาไทยกรุณาเลื่อนลง)  
Property ID: RTHU4-14K23 

📍 2 bedrooms | 🛁 3 bathrooms | 🍳 1 kitchen | 🛋️ 1 living room  
📐 Usable area: 134 sqm  
🚗 Parking for 1–2 cars  

🏊 Saltwater swimming pool | 💪 Fitness center | 🌳 Garden | 🔒 CCTV + 24-hour security  

🌿 Prime location in Chiang Mai  
• Chiang Mai Airport – 5 km  
• Near Big C, Makro, Mae Hia Market  
• Close to Chiang Mai Night Safari & Royal Park Rajapruek  

🎓 Near top international schools:  
ABA, APIS, BCIS, Meritton, Montessori, Panyaden, Hana Christian, Sunshine KG  

📑 Minimum lease: 1 year  
💵 Deposit: 2 months + Advance: 1 month  
🚫 No pets allowed  

📩 Message now to schedule a viewing  
📌 Reference location: [The Urbana 4 on Google Maps](https://maps.app.goo.gl/QnDXMphCytrmUiC89)  

🏷️ #ChiangMaiTownhome #MaeHiaLiving #Urbana4ChiangMai #บ้านให้เช่าเชียงใหม่ #บ้านแม่เหียะ #บ้านใกล้สนามบิน #บ้านใกล้โรงเรียนนานาชาติ #บ้านพร้อมอยู่

---

✨ 清迈 Mae Hia 区 The Urbana 4 社区现代双层联排别墅出租  
💰 月租：14,000 泰铢（含管理费）  
家具齐全，即刻可入住，适合长期租客与外籍教师  

📍 2 间卧室 | 🛁 3 间浴室 | 🍳 厨房 | 🛋️ 客厅  
📐 使用面积：134 平方米  
🚗 可停 1–2 辆车  

🏊 盐水泳池 | 💪 健身房 | 🌳 花园 | 🔒 CCTV + 24 小时安保  

🌿 清迈黄金地段  
• 清迈机场 – 5 公里  
• 附近有 Big C、Makro、Mae Hia 市场  
• 靠近清迈夜间动物园与皇家植物园  

🎓 附近国际学校：  
ABA、APIS、BCIS、Meritton、Montessori、Panyaden、Hana Christian、Sunshine KG  

📑 最短租期：1 年  
💵 押金：2 个月 + 预付：1 个月  
🚫 不接受宠物  

📩 欢迎私信预约看房  
📌 参考位置：[The Urbana 4 社区 Google 地图](https://maps.app.goo.gl/QnDXMphCytrmUiC89)  

🏷️ #清迈出租房 #MaeHia生活 #Urbana4社区 #清迈生活方式 #国际学校周边住宅 #清迈机场附近住宅

---

✨ ทาวน์โฮม 2 ชั้น สไตล์โมเดิร์นให้เช่า — ดิเออบาน่า 4 แม่เหียะ เชียงใหม่  
💰 ค่าเช่า: 14,000 บาท/เดือน (รวมค่าส่วนกลาง)  
บ้านว่างพร้อมอยู่ เฟอร์นิเจอร์ครบ เหมาะสำหรับผู้เช่าระยะยาวและครูต่างชาติ  

📍 2 ห้องนอน | 🛁 3 ห้องน้ำ | 🍳 1 ห้องครัว | 🛋️ 1 ห้องนั่งเล่น  
📐 พื้นที่ใช้สอย 134 ตร.ม.  
🚗 จอดรถได้ 1–2 คัน  

🏊‍♂️ สระว่ายน้ำระบบเกลือ | 💪 ฟิตเนส | 🌳 สวนหย่อม | 🔒 กล้องวงจรปิด + รปภ. 24 ชม.  

🌿 ทำเลดีในเชียงใหม่  
• สนามบินเชียงใหม่ – 5 กม.  
• ใกล้ Big C, แมคโคร และตลาดแม่เหียะ  
• ใกล้เชียงใหม่ไนท์ซาฟารี และอุทยานหลวงราชพฤกษ์  

🎓 ใกล้โรงเรียนนานาชาติชื่อดัง  
ABA, APIS, BCIS, Meritton, Montessori, Panyaden, Hana Christian, Sunshine KG  

📑 สัญญาเช่าขั้นต่ำ 1 ปี  
💵 มัดจำ 2 เดือน + ล่วงหน้า 1 เดือน  
🚫 ไม่รับสัตว์เลี้ยง  

📩 ทักแชทเพื่อจองเวลานัดชมบ้านได้เลยค่ะ  
📌 พิกัด: [ดิเออบาน่า 4 บน Google Maps](https://maps.app.goo.gl/QnDXMphCytrmUiC89)  

🏷️ #บ้านให้เช่าเชียงใหม่ #บ้านแม่เหียะ #บ้านใกล้สนามบิน #บ้านใกล้โรงเรียน #บ้านพร้อมอยู่ #บ้านดิเออบาน่า4 #บ้านเชียงใหม่สไตล์โมเดิร์น

---

Get in touch today with Olive!
📞 Call/Line: 063-5693946
Line : https://line.me/ti/p/7C06oU2Fq6 
🌐 WhatsApp/WeChat: +6635693946 
📧 Email: [hidden information]  

💬 Schedule a viewing effortlessly:
Please arrange your appointment at least 1 day in advance to ensure a smooth and personalized experience. Kindly note that location details will only be shared after an appointment has been confirmed.  

🌟 Explore our listings at https://www.facebook.com/homeddcnx and find the perfect home for you and your family!  
#BaanLannaProperty"
https://www.facebook.com/marketplace/item/1315343510166678/,"2 ห้องนอน 2 ห้องน้ำ - บ้าน
ราคา: ฿1,390,000 | ขาย
💥 บ้านเดี่ยวสไตล์นอร์ดิก 💥
เริ่มต้นเพียง 1.39 ล้าน‼️(หลังสุดท้ายก่อนปิดโครงการ)
✨ พื้นที่กว้าง ดีไซน์สวย อยู่สบาย พร้อมเข้าอยู่ ✨
🔥 จำนวนจำกัด จองก่อนมีสิทธิ์ก่อน!
📍แม่คือ ตลาดแม่คือ

>>  แบบบ้าน  <<

2 ห้องนอน | 2 ห้องน้ำ

จอดรถได้ 2 คัน

ที่ดิน 52–57 ตร.วา

บรรยากาศสงบ ร่มรื่น เป็นส่วนตัว 🍃

🎉 โปรพิเศษวันนี้!
✅ จองเพียง 4,999 บาท
✅ ฟรี! ค่าโอน
✅ เข้าอยู่ได้ทันที

📞 ติดต่อด่วน ก่อนโปรหมด
คุณกานต์: [hidden information]
คุณนุ่น: [hidden information]
📱 LINE ID: abc_2023"
https://www.facebook.com/marketplace/item/1315378896098100/,"1 ห้องนอน · 1 ห้องน้ำ
ราคา: ฿2,750,000 | ขาย
Almost done! 𝐏𝐑𝐄-𝐒𝐀𝐋𝐄 𝐂𝐎𝐍𝐃𝐎 𝙒𝙄𝙏𝙃 𝙈𝙊𝙐𝙉𝙏𝘼𝙄𝙉 𝙑𝙄𝙀𝙒 𝙄𝙉 𝙃𝙄𝙇𝙇𝙎𝙄𝘿𝙀 4

𝐒𝐩𝐞𝐜𝐢𝐚𝐥 𝐏𝐫𝐢𝐜𝐞 𝟐,𝟕𝟓𝟎,𝟎𝟎𝟎 𝐛𝐚𝐡𝐭. 💥
This Promotion is only valid until 31 Oct 2025 
1 bedroom 1 bathroom 45 sqm.
Aircon 24000BTU
Washer & Dryer 
Refrigerator 8.4Q
Android TV 50”
Digital door lock 

𝗟𝗲𝘁’𝘀 𝗖𝗼𝗻𝗻𝗲𝗰𝘁!®️

📩Reach out anytime!
➡️Follow us to see what could be yours 
🚻Tag someone who is looking for a home
📧Contact us for more information or to schedule a private showing"
https://www.facebook.com/marketplace/item/1315673046706572/,"3 ห้องนอน 2 ห้องน้ำ - บ้าน
ราคา: ฿2,250,000 | ขาย
🏡 ขายบ้านตกแต่งใหม่ ท่ารั้ว ดอยสะเก็ด
ทำเลฮอต🔥 ใกล้เซ็นทรัลเฟส น้ำไม่ท่วม!

3 นอน | 2 น้ำ | 3 จอด | ที่ดิน 60 ตรว.
พื้นที่ใช้สอย 240 ตร.ม.

💰 ราคา 2.xx ล้าน (ฟรีโอน)
🎁 ฟรีเงินดาวน์ + ของแถมครบเฟอร์ทั้งหลัง!

📍 เข้าซอยตรงข้ามเทศบาลสันปูเลย ท่ารั้ว
รีบจองวันนี้ รับส่วนลดเพิ่มอีก 60,000฿ 💸

☎ สนใจนัดชมบ้าน
📞 [hidden information] (คุณเข็ม)
💬 Line OA : @587entuc

#บ้านดอยสะเก็ด #บ้านใกล้ตลาดท่ารั้ว #บ้านเชียงใหม่ #บ้านพร้อมอยู่"
https://www.facebook.com/marketplace/item/1315992336210673/,"3 ห้องนอน 3 ห้องน้ำ - บ้าน
ราคา: ฿35,000/เดือน | ขาย
ปล่อยเช่าบ้านในโครงการกาญจน์กนก20 รวมโชค

ราคาเช่า 35,000 ต่อเดือน รวมค่าส่วนกลาง
ไม่รับสัตว์เลี้ยงทุกชนิด
เนื้อที่ 56.50 ตรว.
พื้นที่ให้สอย 155 ตรม.

3 ห้องนอน
3 ห้องน้ำ
1 ห้องรับแขก
1 ห้องครัว
2 ที่จอดรถ
ในโครงการมีสระว่ายน้ำและฟิตเนต 
มีระบบรักษาความปลอดภัยตลอด 24 ชั่วโมง

สถานที่ใกล้เคียง
- โรงเรียน NIS 10 นาที
- โรงเรียนต้นกล้า 10 นาที
- กาดรวมโชค  5 นาที
-โลตัสรวมโชค 5 นาที

สนใจติดต่อ 
โทร [hidden information] คุณกัญญา
Line ID: ya251904

House for rent in the project at Ruam Chok 

Rental 35,000 baht monthly included common fee
unacceptable for pet 
Land size: 56.50 sq.w.
House size: 155 sq.m.

3 bedroom
3 bathroom 
1 living room
1 kitchen 
2 parking 
there is swimming pool and gym in the village 
there is security guard for 24 hours 

Place near by 
- NIS school 10 minutes 
- Ton Kla school 10 minutes 
- Ruam Chok plaza 5 minutes 
- Lotus supper market 5 minutes 

Interested contact 
Phone: [hidden information] Kanya 
Line ID: ya251904

#forrent #rent #chiangmai #บ้านเช่าเชียงใหม่ #บ้านปล่อยเช่า #บ้านเช่า
#forsell #sell #chiangmai #บ้านขายเชียงใหม่ #บ้านปล่อยขาย #บ้านขาย  #forrent #rent #chiangmai #CondoforrentChiangMai  #Condoforrent #Condoforrent #คอนโดเช่าเชียงใหม่ #คอนปล่อยเช่า #คอนโดเช่า 
#forsell #sell #chiangmai #บ้านขายเชียงใหม่ #บ้านปล่อยขาย #บ้านขายส่ง"
https://www.facebook.com/marketplace/item/1316280789716642/,"3 ห้องนอน 2 ห้องน้ำ - บ้าน
ราคา: ฿2,290,000 | ขาย
บ้านเดี่ยวสไตล์โมเดิร์น 2.29 ลบ. พิกัด บ้านกร่าง ✨โปรโมชั่นพิเศษ ฟรี‼️ทุกค่าใช้จ่ายวันโอน ไม่ต้องใช้เงินดาวน์

รายละเอียดบ้าน:พื้นที่ 80 ตารางวา
 • 3 ห้องนอน | 2 ห้องน้ำ
 • 2 ห้องรับแขก | 1 ห้องครัว
 • ที่จอดรถ 2-4 คัน
 • พื้นที่รอบบ้านกว้าง บรรยากาศปลอดโปร่ง

จุดเด่นทำเลทอง:
🚩 ใกล้ ม.ราชมงคลล้านนา พิษณุโลก
🚩 ใกล้ รพ.ส่งเสริมสุขภาพบ้านกร่าง
🚩 ใกล้ DoHome พิษณุโลก
🚩 ใกล้ Central พิษณุโลก (เพียง 10-15 นาที)

ฟรีของแถมครบทั้งหลัง:
 • แอร์ 
 • ผ้าม่านทั้งหลัง
 • เครื่องทำน้ำอุ่น
 • โคมไฟกลางสุดหรู
 • เคาน์เตอร์ครัว + ซิงค์ 
 • เตาแก๊ส + เครื่องดูดควัน
 • แท้งค์น้ำ + ปั๊มน้ำ + มิเตอร์น้ำ+ไฟ
 • ระบบท่อฉีดปลวก
 • ปลูกหญ้ารอบบ้านให้เรียบร้อย

 ✅ ดำเนินเรื่องเอกสารให้ฟรี‼️

เข้าชมบ้านกรุณานัดล่วงหน้า 2 ชม.😊

☎️ติดต่อและนัดชมบ้าน
โทร. 061 - 3530711 คุณต้อม 
Line https://line.me/ti/p/DjJyeJz0LC

โทร. 089 - 6445580  คุณจ๋อม
Line : https://line.me/ti/p/1noGkrUN5R

ดูบ้านเเพิ่มเติม 👇🏻
เพจ อยากมีบ้านมาหาต้อม 👇🏻
https://www.facebook.com/profile.php?id=100067578780196&mibextid=LQQJ4d"
https://www.facebook.com/marketplace/item/1316691750169882/,"3 ห้องนอน 3 ห้องน้ำ - บ้าน
ราคา: ฿3,290,000 | ขาย
📣บ้านเดี่ยว 2 ชั้น โครงการดอยคำฮิลล์ไซด์ 5 ชุมชนทุ่งป่าเก็ด
(เจ้าของเดิมเป็นคุณหมอ 👨‍⚕️)

🎉 ราคาพิเศษเพียง 3.29 ล้านบาท
 • เนื้อที่ 54 ตร.ว.
 • พื้นที่ใช้สอย 120 ตร.ม.
🛌 3 ห้องนอน | 🛀 3 ห้องน้ำ | 🧑‍🍳 1 ห้องครัว | 🛋 1 ห้องนั่งเล่น

✨ เฟอร์นิเจอร์ & สิ่งอำนวยความสะดวกครบครัน
✅ แอร์ 4 เครื่อง
✅ เครื่องทำน้ำอุ่น 2 เครื่อง
✅ กล้องวงจรปิดทั้งหลัง
✅ ตู้เย็น / เครื่องดูดควัน
✅ ผ้าม่านกันแสงทั้งหลัง + มุ้งลวดทั้งบ้าน
✅ Digital door lock
✅ ประตูรีโมท WiFi
✅ ระบบรดน้ำต้นไม้รอบบ้าน
✅ ระเบียงหน้าบ้านพร้อมบ่อปลา

🏊‍♂️ ส่วนกลาง: สระว่ายน้ำ & ฟิตเนส

📍ทำเลใกล้:
👉 ม.แม่โจ้ 3 กม.
👉 รพ.สันทราย 6.8 กม.
👉 กาดรวมโชค 8 กม.
👉 Central Festival 10 กม.

💖 ฟรีบริการด้านสินเชื่อ
☎️ ติดต่อ : เนตร [hidden information]
Line ID : natety_lovely

⸻

📣 2-Storey Detached House for Sale
Doi Kham Hillside 5, Thung Pa Ket Community
(Former owner was a doctor 👨‍⚕️)

🎉 Special Price: Only 3.29 MB
 • Land Size: 54 sq.wah
 • Usable Area: 120 sq.m.
🛌 3 Bedrooms | 🛁 3 Bathrooms | 🍳 1 Kitchen | 🛋 1 Living Room

✨ Fully Furnished & Ready to Move In
✅ 4 Air Conditioners
✅ 2 Water Heaters
✅ Full CCTV system
✅ Refrigerator & Hood
✅ Curtains & Mosquito screens
✅ Digital Door Lock
✅ WiFi Remote Gate
✅ Automatic Garden Watering System
✅ Front Balcony with Fish Pond

🏊 Facilities: Swimming Pool & Fitness

📍 Nearby Places:
👉 Maejo University – 3 km
👉 Sansai Hospital – 6.8 km
👉 Ruamchok Market – 8 km
👉 Central Festival – 10 km

💖 Free Loan Service Available
☎️ Contact: Nat [hidden information]
Line ID: natety_lovely

⸻

📣 出售双层独栋别墅
多伊堪山庄五期 · 通帕盖社区
（前屋主为医生 👨‍⚕️）

🎉 特价：仅售 329 万泰铢
 • 土地面积：54 坪
 • 使用面积：120 平方米
🛌 3 间卧室 | 🛁 3 间浴室 | 🍳 1 个厨房 | 🛋 1 个客厅

✨ 家具 & 设施齐全，拎包入住
✅ 4 台空调
✅ 2 台热水器
✅ 全屋监控系统
✅ 冰箱 & 抽油烟机
✅ 全屋遮光窗帘 + 纱窗
✅ 数字门锁
✅ WiFi 智能遥控大门
✅ 自动浇花系统
✅ 前阳台带鱼池

🏊 公共设施：游泳池 & 健身房

📍 周边便利：
👉 湄洲大学 3 公里
👉 山赛医院 6.8 公里
👉 Ruamchok 集市 8 公里
👉 Central Festival 商场 10 公里

💖 免费贷款服务
☎️ 联系方式：Nat [hidden information]
Line ID：natety_lovely"
https://www.facebook.com/marketplace/item/1316947296399320/,"บ้าน 3 ห้องนอน 2 ห้องน้ำ
ราคา: ฿20,000/เดือน | ขาย
🏡 出租：独立屋 —, Hang Dong 区
距离 SBS 国际学校仅 5 分钟车程

✨ 房屋详情
• 土地面积：61 平方 wah
• 3 间卧室 🛏️ / 2 间浴室 🚿
• 1 间厨房 🍳
• 可停 2 辆车 🚗
• 全套家具及家电齐全

💰 租金： 20,000 泰铢/月
📑 租期： 最少 1 年
📞 联系人： Khun Deal [hidden information]
房源编号： UL1600
------------------------------------------
🏡 For Rent: Detached House — Hang Dong
Only 5 minutes to SBS International School

✨ Property Details
• Land size: 61 sq.w.
• 3 Bedrooms 🛏️ / 2 Bathrooms 🚿
• 1 Kitchen 🍳
• Parking for 2 cars 🚗
• Fully furnished with appliances

💰 Rent: 20,000 THB/month
📑 Minimum lease: 1 year
📞 Khun Deal [hidden information]
Property Code: UL1600
------------------------------------------
🏡 ให้เช่าบ้านเดี่ยว ย่านบ้านแหวน หางดง
ใกล้ SBS International School เพียง 5 นาที

📐 รายละเอียดบ้าน
• ขนาดที่ดิน : 61 ตร.วา
• 3 ห้องนอน 🛏️ / 2 ห้องน้ำ 🚿
• 1 ห้องครัว 🍳
• จอดรถได้ 2 คัน 🚗
• เฟอร์นิเจอร์และเครื่องใช้ไฟฟ้าครบ

💰 ค่าเช่า : 20,000 บาท/เดือน
📑 สัญญาขั้นต่ำ : 1 ปี
📞คุณดีล [hidden information]
รหัสทรัพย์ UL1600"
https://www.facebook.com/marketplace/item/1316962463491787/,"บ้าน 3 ห้องนอน 3 ห้องน้ำ
ราคา: ฿25,000/เดือน | ขาย
v English below v
บ้านในโครงการ ให้เช่าเดือนละ 25,000 บาท ใกล้ศูนย์ราชการจังหวัดเชียงใหม่เพียง 5 นาที No.4H125
清迈美丽的2层别墅出租 。每月租金 25,000 泰铢，。No.4H125

บ้านเดี่ยวสองชั้นทมี 3 ห้องนอน 3 ห้องน้ำ พื้นที่ 53 ตรว. 
3 卧室，3 浴室。面积 53 平方哇。

สถานที่ใกล้เคียง
-สนามกีฬา 700 ปี
-โรงพยาบาลนครพิงค์
-มีโชคพลาซ่า
-โรงเรียนนานาชาตินครพายัพ

เฟอร์นิเจอร์ภายใน
-แอร์ 4 เครื่อง
-เครื่องทำน้ำอุ่น 3 เครื่อง
-เตียงนอน 3
-ตู้เสื้อผ้า 3
-โซฟารับแขก 1
-โต๊ะทานข้าว 1
-ตู้เย็น 1 เครื่อง
-ไมโครเวฟ 1 เครื่อง
-เครื่องซักผ้า 1 เครื่อง
❌禁止养宠物❌
❌ไม่อนุญาตเลี้ยงสัตว์❌

สัญญาขั้นต่ำ 1 ปี
จ่ายเพียง ประกัน 2 เดือน ล่วงหน้า 1 เดือน ทั้งหมดเพียง จ่าย 3 เดือน เข้าอยู่ได้เลยจร้า
สนใจติดต่อ อิง 0 9 6 - 1 7 1 4 1 9 5
Line ID: 0961714195
(https://line.me/ti/p/E6rdmgI4m9)
WhatsApp: 0961714195
WeChat: baandeedee8
www.baandd-chiangmai.com

A house for rent near by 5 min to Chiangmai prefectural government office, No.4H125
清迈美丽的2层别墅出租 。每月租金 25,000 泰铢，。No.4H125

Rental monthly is 25,000 THB For 1 Year contact
Condition 1 month in advance & 2 months deposit

House spec : 3 Bedrooms, 3 bathrooms, 53 Sq.w. 
3 卧室，3 浴室。面积 53 平方哇。

Close to
-700th Anniversary Stadium
-Nakornping Hospital
-Meechok Plaza
-Nakornpayap International School

Furniture
-Air conditioner 4
-Hot shower 3
-Bed 3
-Wardrobe 3
-Loungeset 1
-Dining table 1
-Refrigerator 1
-Microwave 1
-Washing machine 1
❌禁止养宠物❌
❌No pets allowed❌

Contact us for more information : Ing 0 9 6 - 1 7 1 4 1 9 5
Line ID: 0961714195
(https://line.me/ti/p/E6rdmgI4m9)
WhatsApp: 0961714195
WeChat: baandeedee8
www.baandd-chiangmai.com
#บ้านเช่าเชียงใหม่ #บ้านให้เช่าเชียงใหม่ #บ้านเชียงใหม่ #เชียงใหม่
#houseforrentinchiangmai #houseinchiangmai #chiangmai
#清迈房屋出租 ＃清迈租房 ＃房出租 ＃租房 ＃找清迈租房 ＃清迈别墅
#ချင်းမိုင်တွင်လုံးချင်းအိမ်ငှားရန်ရှိသည်။"
https://www.facebook.com/marketplace/item/1317316919605856/,"บ้าน 3 ห้องนอน 2 ห้องน้ำ
ราคา: ฿16,000/เดือน | ขาย
v English below v
บ้านในโครงการ ให้เช่าเดือนละ 16,000 บาท ใกล้บิ๊กซีดอนจั่นเพียง 5 นาที No.15H107
清迈美丽的2层别墅出租 。每月租金 16,000 泰铢，。No.15H107

บ้านเดี่ยวสองชั้น มี 3 ห้องนอน 2 ห้องน้ำ พื้นที่ 35.5 ตรว. 
3 卧室，2 浴室。面积 35.5 平方哇。

สถานที่ใกล้เคียง
-ขนส่งอาเขต
-แม็คโคร
-เซ็นทรัลเฟสติวัล

เฟอร์นิเจอร์ภายใน
-แอร์ 4 เครื่อง
-เครื่องทำน้ำอุ่น 2 เครื่อง
-เตียงนอน 3
-ตู้เสื้อผ้า 3
-โซฟารับแขก 1
-โต๊ะทานข้าว 1
-ทีวี 1 เครื่อง
-ตู้เย็น 1 เครื่อง
-ไมโครเวฟ 1 เครื่อง
-เครื่องซักผ้า 1 เครื่อง

สัญญาขั้นต่ำ 1 ปี
จ่ายเพียง ประกัน 2 เดือน ล่วงหน้า 1 เดือน ทั้งหมดเพียง จ่าย 3 เดือน เข้าอยู่ได้เลยจร้า
สนใจติดต่อ แอร์ 0 6 6 - 1 5 8 8 2 4 6, เป็ด 0 9 9 - 4 7 2 8 2 4 6, หญิง 0 6 4 - 4 6 2 8 1 1 7
ไลน์ : https://lin.ee/xUfLbHe

A house for rent near by 5 min to Big C Don Jan, No.15H107
清迈美丽的2层别墅出租 。每月租金 16,000 泰铢，。No.15H107

Rental monthly is 16,000 THB For 1 Year contact
Condition 1 month in advance & 2 months deposit

House spec : 3 Bedrooms, 2 bathrooms, 35.5 Sq.w.
3 卧室，2 浴室。面积 35.5 平方哇。

Close to
-Arcade Bus Station
-Makro
-CentralFestival

Furniture
-Air conditioner 4
-Hot shower 2
-Bed 3
-Wardrobe 3
-Loungeset 1
-Dining table 1
-Television 1
-Refrigerator 1
-Microwave 1
-Washing machine 1

Contact us for more information : Aire 0 6 6 - 1 5 8 8 2 4 6, Ped 0 9 9 - 4 7 2 8 2 4 6, Ying 0 6 4 - 4 6 2 8 1 1 7
Line : https://lin.ee/xUfLbHe
https://www.baandd-chiangmai.com
#บ้านเช่าเชียงใหม่ #Houseforrentchiangmai
#ချင်းမိုင်တွင်လုံးချင်းအိမ်ငှားရန်ရှိသည်။"
https://www.facebook.com/marketplace/item/1317444570023108/,"2 ห้องนอน 2 ห้องน้ำ - บ้าน
ราคา: ฿12,000/เดือน | ขาย
บ้านเดี่ยว 2 ชั้นนัำไม่ท่วมอยู่โซนหน้าศูนย์ราชการเชียงใหม่ใกล้โรงพยาบาลนครพิงค์"
https://www.facebook.com/marketplace/item/1317501996737779/,"6 ห้องนอน 5 ห้องน้ำ - บ้าน
ราคา: ฿8,900,000 | ขาย
บ้านหรู 3 ชั้น สไตล์รีสอร์ท วิวภูเขาล้อมรอบ สุดอลังการ!

🔹รายละเอียด
- ราคา 8.9 ล้านบาท (ลดจาก 12 ล้าน)

- ที่ตั้ง: ตรงข้าม Four Seasons Resort and Hotel (ติดโรงแรมแม่ริมลากูนเชียงใหม่)

- ที่ดิน 162 ตร.ว.
- พื้นที่ใช้สอย 595 ตร.ม.
- 6 ห้องนอน | 5 ห้องน้ำ
- 2 ห้องรับแขก | 1 ห้องทานอาหาร

🔹สิ่งอำนวยความสะดวก:
- Home Theater
- ห้องทำงาน
- ห้องเอนกประสงค์
- 2 ห้องครัวใหญ่+island
- ห้องเล่นโต๊ะพูล
- ห้องพระ
- ห้องซาวน่า
- 3 ห้องเก็บของ

🔹แถมฟรี
- อุปกรณ์และเฟอร์นิเจอร์มูลค่ากว่า 3 ล้านบาท
- แอร์ 9 เครื่อง
- ทีวีจอใหญ่ 85 นิ้ว 3 เครื่อง
- เครื่องฟอกกำจัด PM2.5
- เฟอร์นิเจอร์ built-in ทั้งหลัง
- ลิฟต์ขนของ 3 ชั้น
- โต๊ะพูล 9 ฟุต
- เครื่องเสียงชุดใหญ่ระบบ Surround
- CCTV 8 ตัว
- ที่ชาร์จรถไฟฟ้า EV พร้อม meter
- อินเทอร์เน็ตและ Wi-Fi ทั่วบ้าน
- เครื่องใช้ไฟฟ้าครบครัน
- สนามบาสพร้อมแป้น

🔹สนใจติดต่อ คุณกันต์
Tel. 080-4529939
Line:   https://line.me/ti/p/DmzXogyQbX

====================

Luxury 3-Story Resort-Style Mansion with Breathtaking Mountain Views!

🔹Details
- Price: 8.9 million THB (from 12 million THB)

- Location: Opposite Four Seasons Resort and Hotel (adjacent to Mae Rim Lagoon Hotel, Chiang Mai)

- Land area: 162 sq.w.
- Usable area: 595 sq.m.
- 6 bedrooms | 5 bathrooms
- 2 living rooms | 1 dining room

🔹Amenities:
    - Home Theater
    - Study room
    - Multipurpose room
    - 2 large kitchens with island
    - Pool table room
    - Prayer room
    - Sauna room
    - 3 storage rooms

🔹Free

- Furniture and appliances worth over 3 million THB
- 9 air conditioners
- 3 large 85"" TVs
- PM2.5 air purifier
- Built-in furniture throughout
- 3-story cargo lift
- 9-foot pool table
- Large surround sound system
- 8 CCTV cameras
- EV charging station with meter
- Internet and Wi-Fi throughout
- Complete electrical appliances
- Basketball court with hoop

🔹Interested
Contact: 080-4529939
Line:  https://line.me/ti/p/DmzXogyQbX"
https://www.facebook.com/marketplace/item/1318343689991936/,"บ้าน 3 ห้องนอน 2 ห้องน้ำ
ราคา: ฿20,000/เดือน | ขาย
v English below v
บ้านในโครงการ ให้เช่าเดือนละ 20,000 บาท ใกล้รร.ต้นกล้า No.11H492
清迈美丽的2层别墅出租 。每月租金 20,000 泰铢，。No.11H492
บ้านเดี่ยวสองชั้น มี 3 ห้องนอน 2 ห้องน้ำ พื้นที่ 52 ตรว. 
3 卧室，2 浴室。面积 52 平方哇。
สถานที่ใกล้เคียง
-มหาวิทยาลัยแม่โจ้
-โลตัสรวมโชค
-เซ็นทรัลเฟสติวัล
เฟอร์นิเจอร์ภายใน
-แอร์ 
-เครื่องทำน้ำอุ่น 
-เตียงนอน 
-ตู้เสื้อผ้า 
-โซฟารับแขก 
-โต๊ะทานข้าว 
-ทีวี 
-ตู้เย็น 
-ไมโครเวฟ 
-เครื่องซักผ้า
สัญญาขั้นต่ำ 1 ปี
จ่ายเพียง ประกัน 2 เดือน ล่วงหน้า 1 เดือน ทั้งหมดเพียง จ่าย 3 เดือน เข้าอยู่ได้เลยจร้า
สนใจติดต่อ Pednoi (เป็ดน้อย) 0994728246
Id line:0994728246
https://line.me/ti/p/nsqIxB9oqF
Whatapp:0994728246
Weixin ID :NX997930
https://www.baandd-chiangmai
A house for rent good location near Tonkla School, No.11H491
清迈美丽的2层别墅出租 。每月租金 20,000 泰铢，。No.11H491
Rental monthly is 20,000 THB For 1 Year contact
Condition 1 month in advance & 2 months deposit
House spec : 3 Bedrooms, 2 bathrooms , 52 Sq.w. 
3 卧室，2 浴室。面积 52 平方哇。
Close to
-Maejo University
-Lotus Ruamchok
-CentralFestival
Furniture
-Air conditioner 
-Hot shower 
-Bed 
-Wardrobe 
-Loungeset 
-Dining table 
-Television 
-Refrigerator 
-Microwave 
-Washing machine 
Contact us for more information : Pednoi (เป็ดน้อย) 0994728246
Id line:0994728246
https://line.me/ti/p/nsqIxB9oqF
Whatapp:0994728246
Weixin ID :NX997930
https://www.baandd-chiangmai
#บ้านเช่าเชียงใหม่ #Houseforrentchiangmai
#ချင်းမိုင်တွင်လုံးချင်းအိမ်ငှားရန်ရှိသည်။"
https://www.facebook.com/marketplace/item/1318601136376723/,"3 ห้องนอน 2 ห้องน้ำ - บ้าน
ราคา: ฿2,590,000 | ขาย
บ้านสไตล์ โมเดิร์นมินิมอล ล้อมรอบไปด้วยทุทุ่งนา บรรยากาศที่น่าอยู่ เงียบสงบ และบ้านยังดูอบอุ่น ทันสมัย กว้างขวาง มาพร้อมกับเนื้อที่ใหญ่  สามารถเลี้ยงสัตว์ได้วิ่งเล่น

  1 ชั้น 3 ห้องนอน 2 ห้องน้ำ ใช้วัส SCG คอนกรีต Cpac  และ และยังออกแบบเพื่อรับกับทิศทางลม เพื่อให้บ้านสบาย น่าอยู่                                          

      🔥🔥🔥เปิดจองเพียงแค่ 5,000 บาท ในการทำสัญญา ฟรีสินเชื่อบ้าน 

 🏠ราคา 2,590,000 บาท

✅ ที่ดิน 70 ตารางวา พื้นที่ใช้สอย 138 ตารางเมตร จอดรถ 2 คัน 

✅ ฟรีมิตเตอร์น้ำ มิตเตอร์ไฟ 

✅ ฟรีค่าโอน

✅ ฟรีจัดสวนให้

✅ รับประการโครงสร้างอาคาร 1 ปี

✅ ฟรีแท้งน้ำและปั๊มน้ำ 

✅ เตาแก๊ส 2 หัว

📍พิกัด หมู่บ้านป่าไผ่ ซอยวัดป่าแดด ต.ป่าเหมือด อ.สันทราย เชียงใหม่
 
📍ห่างจากตลาดป่าเหมือด 500 เมตร

📍ห้างเซ็นทรัลเฟสติวัล 10 กิโลเมตร

📍ไทวัสดุ 6 กิโลเมตร

📍โฮมโปรสันทราย 6 กิโลเมตร

📣 Promotion หน้าฝน 
แถมแอร์ 2 ตัว เครื่อง  และ ฮูดดูดควัน 1 เครื่อง จองทำสัญญาก่อนจนถึงสิ้นเดือน กันยายน 2568
 
💢💢งดแชร์โลเคชั่นหากไม่ได้นัดหมาย💢💢

Home-143
      
💙  ฟรีเงินดาวน์  ผ่อนเพียงล้านละ 3,xxx บาท
💙  เป็นพนักงานประจำ เงินเดือนน้อย ก็สามารถเป็นเจ้าของไรด้
💙  อาชีพอิสระก็ผ่อนได้ ต้องการทราบรายละเอียดปรึกษาได้
💙  ดอกเบี้ยพิเศษสำหรับข้าราชการประจำ / MOU
💙  บริการด้านสินเชื่อให้ฟรี  ดูแลจนจบ จนถึงวันส่งมอบ 
———————————————————
#ยินดีให้คำปรึกษาฟรี #ดันสินเชื่อทุกเคส
#เพจจริงทำจริงไม่ใช่มิจฉาชีพ

☎ สอบถาม-นัดหมาย

 ♥️โทร 082-156 4978 
 💙Line ID 0951346089 
       พิทักษ์  ( โต )
ลิ้งค์ Line : http://line.me/ti/p/WLyhMkXt25

 💙โทร  065-3986494
 💙Line (เบอร์โทร) 065-3986494
        พัชราภรณ์  ( นุ้ย )

  💙 เพจ : บ้านดี เชียงใหม่ เรียลเอสเตท 💙
          "" เพื่อนคู่คิด สำหรับคนอยากมีบ้าน ""

#ดูทรัพย์อื่นๆเพิ่มเติม🫰
เพจ : 
https://www.facebook.com/share/188dLkFNTJ/"
