ชื่อกลุ่ม,ลิงค์,PostURL
homerentcm,https://www.facebook.com/groups/homerentcm/,https://www.facebook.com/groups/homerentcm/posts/25388824220754690/
homerentcm,https://www.facebook.com/groups/homerentcm/,https://www.facebook.com/groups/homerentcm/posts/25387194854250960/
homerentcm,https://www.facebook.com/groups/homerentcm/,https://www.facebook.com/groups/homerentcm/posts/25387220054248440/
homerentcm,https://www.facebook.com/groups/homerentcm/,https://www.facebook.com/groups/homerentcm/posts/25385663021070810/
homerentcm,https://www.facebook.com/groups/homerentcm/,https://www.facebook.com/groups/homerentcm/posts/25387839737519805/
homerentcm,https://www.facebook.com/groups/homerentcm/,https://www.facebook.com/groups/homerentcm/posts/25386979627605816/
homerentcm,https://www.facebook.com/groups/homerentcm/,https://www.facebook.com/groups/homerentcm/posts/25387873744183071/
homerentcm,https://www.facebook.com/groups/homerentcm/,https://www.facebook.com/groups/homerentcm/posts/25386810707622708/
homerentcm,https://www.facebook.com/groups/homerentcm/,https://www.facebook.com/groups/homerentcm/posts/25385668504403595/
homerentcm,https://www.facebook.com/groups/homerentcm/,https://www.facebook.com/groups/homerentcm/posts/25386545934315852/
homerentcm,https://www.facebook.com/groups/homerentcm/,https://www.facebook.com/groups/homerentcm/posts/25382721954698250/
homerentcm,https://www.facebook.com/groups/homerentcm/,https://www.facebook.com/groups/homerentcm/posts/25388299414140504/
homerentcm,https://www.facebook.com/groups/homerentcm/,https://www.facebook.com/groups/homerentcm/posts/25388478367455942/
homerentcm,https://www.facebook.com/groups/homerentcm/,https://www.facebook.com/groups/homerentcm/posts/25388285340808578/
homerentcm,https://www.facebook.com/groups/homerentcm/,https://www.facebook.com/groups/homerentcm/posts/25382775641359548/
homerentcm,https://www.facebook.com/groups/homerentcm/,https://www.facebook.com/groups/homerentcm/posts/25380326034937842/
homerentcm,https://www.facebook.com/groups/homerentcm/,https://www.facebook.com/groups/homerentcm/posts/25388277897475989/
homerentcm,https://www.facebook.com/groups/homerentcm/,https://www.facebook.com/groups/homerentcm/posts/25380768544893591/
homerentcm,https://www.facebook.com/groups/homerentcm/,https://www.facebook.com/groups/homerentcm/posts/25380611454909300/
homerentcm,https://www.facebook.com/groups/homerentcm/,https://www.facebook.com/groups/homerentcm/posts/25381183044852141/
homerentcm,https://www.facebook.com/groups/homerentcm/,https://www.facebook.com/groups/homerentcm/posts/25387495630887549/
homerentcm,https://www.facebook.com/groups/homerentcm/,https://www.facebook.com/groups/ddproperty/posts/25682411051376498/
homerentcm,https://www.facebook.com/groups/homerentcm/,https://www.facebook.com/groups/homerentcm/posts/25387386854231760/
homerentcm,https://www.facebook.com/groups/homerentcm/,https://www.facebook.com/groups/homerentcm/posts/25381658101471302/
homerentcm,https://www.facebook.com/groups/homerentcm/,https://www.facebook.com/groups/homerentcm/posts/25382927111344401/
homerentcm,https://www.facebook.com/groups/homerentcm/,https://www.facebook.com/groups/homerentcm/posts/25388339810803131/
homerentcm,https://www.facebook.com/groups/homerentcm/,https://www.facebook.com/groups/homerentcm/posts/25387257494244696/
homerentcm,https://www.facebook.com/groups/homerentcm/,https://www.facebook.com/groups/homerentcm/posts/25388668204103625/
homerentcm,https://www.facebook.com/groups/homerentcm/,https://www.facebook.com/groups/homerentcm/posts/25382413444729101/
homerentcm,https://www.facebook.com/groups/homerentcm/,https://www.facebook.com/groups/homerentcm/posts/25387612244209221/
homerentcm,https://www.facebook.com/groups/homerentcm/,https://www.facebook.com/groups/homerentcm/posts/25388427437461035/
homerentcm,https://www.facebook.com/groups/homerentcm/,https://www.facebook.com/groups/homerentcm/posts/25387300227573756/
homerentcm,https://www.facebook.com/groups/homerentcm/,https://www.facebook.com/groups/homerentcm/posts/25387274444243001/
homerentcm,https://www.facebook.com/groups/homerentcm/,https://www.facebook.com/groups/homerentcm/posts/25380288834941562/
homerentcm,https://www.facebook.com/groups/homerentcm/,https://www.facebook.com/groups/homerentcm/posts/25388048560832256/
homerentcm,https://www.facebook.com/groups/homerentcm/,https://www.facebook.com/groups/homerentcm/posts/25388306520806460/
homerentcm,https://www.facebook.com/groups/homerentcm/,https://www.facebook.com/groups/homerentcm/posts/25388874720749640/
homerentcm,https://www.facebook.com/groups/homerentcm/,https://www.facebook.com/groups/homerentcm/posts/25385682904402155/
homerentcm,https://www.facebook.com/groups/homerentcm/,https://www.facebook.com/groups/homerentcm/posts/25388413000795812/
homerentcm,https://www.facebook.com/groups/homerentcm/,https://www.facebook.com/groups/homerentcm/posts/25385741694396276/
homerentcm,https://www.facebook.com/groups/homerentcm/,https://www.facebook.com/groups/homerentcm/posts/25388248714145574/
homerentcm,https://www.facebook.com/groups/homerentcm/,https://www.facebook.com/groups/homerentcm/posts/25381222291514883/
homerentcm,https://www.facebook.com/groups/homerentcm/,https://www.facebook.com/groups/homerentcm/posts/25387830404187405/
homerentcm,https://www.facebook.com/groups/homerentcm/,https://www.facebook.com/groups/homerentcm/posts/25388844257419353/
homerentcm,https://www.facebook.com/groups/homerentcm/,https://www.facebook.com/groups/homerentcm/posts/25380844001552712/
homerentcm,https://www.facebook.com/groups/homerentcm/,https://www.facebook.com/groups/homerentcm/posts/25382388858064893/
homerentcm,https://www.facebook.com/groups/homerentcm/,https://www.facebook.com/groups/homerentcm/posts/25387830800854032/
homerentcm,https://www.facebook.com/groups/homerentcm/,https://www.facebook.com/groups/homerentcm/posts/25381619351475177/
homerentcm,https://www.facebook.com/groups/homerentcm/,https://www.facebook.com/groups/homerentcm/posts/25380663688237410/
homerentcm,https://www.facebook.com/groups/homerentcm/,https://www.facebook.com/groups/homerentcm/posts/25386253627678416/
homerentcm,https://www.facebook.com/groups/homerentcm/,https://www.facebook.com/groups/homerentcm/posts/25388515207452258/
homerentcm,https://www.facebook.com/groups/homerentcm/,https://www.facebook.com/groups/homerentcm/posts/25388478280789284/
homerentcm,https://www.facebook.com/groups/homerentcm/,https://www.facebook.com/groups/homerentcm/posts/25381023241534788/
homerentcm,https://www.facebook.com/groups/homerentcm/,https://www.facebook.com/groups/homerentcm/posts/25380273944943051/
homerentcm,https://www.facebook.com/groups/homerentcm/,https://www.facebook.com/groups/homerentcm/posts/25387844657519313/
homerentcm,https://www.facebook.com/groups/homerentcm/,https://www.facebook.com/groups/homerentcm/posts/25388255417478237/
homerentcm,https://www.facebook.com/groups/homerentcm/,https://www.facebook.com/groups/homerentcm/posts/25387231434247302/
homerentcm,https://www.facebook.com/groups/homerentcm/,https://www.facebook.com/groups/homerentcm/posts/25382349041402208/
homerentcm,https://www.facebook.com/groups/homerentcm/,https://www.facebook.com/groups/homerentcm/posts/25386669614303484/
homerentcm,https://www.facebook.com/groups/homerentcm/,https://www.facebook.com/groups/homerentcm/posts/25381843921452720/
homerentcm,https://www.facebook.com/groups/homerentcm/,https://www.facebook.com/groups/homerentcm/posts/25386475200989592/
homerentcm,https://www.facebook.com/groups/homerentcm/,https://www.facebook.com/groups/homerentcm/posts/25380749668228812/
homerentcm,https://www.facebook.com/groups/homerentcm/,https://www.facebook.com/groups/homerentcm/posts/25381116484858797/
homerentcm,https://www.facebook.com/groups/homerentcm/,https://www.facebook.com/groups/homerentcm/posts/25388181917485587/
homerentcm,https://www.facebook.com/groups/homerentcm/,https://www.facebook.com/groups/homerentcm/posts/25380454141591698/
homerentcm,https://www.facebook.com/groups/homerentcm/,https://www.facebook.com/groups/homerentcm/posts/25384132281223884/
homerentcm,https://www.facebook.com/groups/homerentcm/,https://www.facebook.com/groups/homerentcm/posts/25385572257746553/
homerentcm,https://www.facebook.com/groups/homerentcm/,https://www.facebook.com/groups/homerentcm/posts/25386068771030235/
homerentcm,https://www.facebook.com/groups/homerentcm/,https://www.facebook.com/groups/homerentcm/posts/25382239228079856/
homerentcm,https://www.facebook.com/groups/homerentcm/,https://www.facebook.com/groups/homerentcm/posts/25381977048106074/
homerentcm,https://www.facebook.com/groups/homerentcm/,https://www.facebook.com/groups/homerentcm/posts/25388461867457592/
homerentcm,https://www.facebook.com/groups/homerentcm/,https://www.facebook.com/groups/homerentcm/posts/25386557714314674/
homerentcm,https://www.facebook.com/groups/homerentcm/,https://www.facebook.com/groups/homerentcm/posts/25385859307717848/
homerentcm,https://www.facebook.com/groups/homerentcm/,https://www.facebook.com/groups/homerentcm/posts/25388090314161414/
homerentcm,https://www.facebook.com/groups/homerentcm/,https://www.facebook.com/groups/homerentcm/posts/25387325470904565/
homerentcm,https://www.facebook.com/groups/homerentcm/,https://www.facebook.com/groups/homerentcm/posts/25387744377529341/
homerentcm,https://www.facebook.com/groups/homerentcm/,https://www.facebook.com/groups/homerentcm/posts/25388479087455870/
homerentcm,https://www.facebook.com/groups/homerentcm/,https://www.facebook.com/groups/homerentcm/posts/25388437244126721/
homerentcm,https://www.facebook.com/groups/homerentcm/,https://www.facebook.com/groups/homerentcm/posts/25385778237725955/
homerentcm,https://www.facebook.com/groups/homerentcm/,https://www.facebook.com/groups/homerentcm/posts/25387744620862650/
homerentcm,https://www.facebook.com/groups/homerentcm/,https://www.facebook.com/groups/homerentcm/posts/25383006841336428/
homerentcm,https://www.facebook.com/groups/homerentcm/,https://www.facebook.com/groups/homerentcm/posts/25386590734311372/
homerentcm,https://www.facebook.com/groups/homerentcm/,https://www.facebook.com/groups/homerentcm/posts/25385986927705086/
homerentcm,https://www.facebook.com/groups/homerentcm/,https://www.facebook.com/groups/homerentcm/posts/25382305441406568/
homerentcm,https://www.facebook.com/groups/homerentcm/,https://www.facebook.com/groups/homerentcm/posts/25381185404851905/
homerentcm,https://www.facebook.com/groups/homerentcm/,https://www.facebook.com/groups/362307990479383/posts/25275368508746653/
homerentcm,https://www.facebook.com/groups/homerentcm/,https://www.facebook.com/groups/homerentcm/posts/25386448097658969/
homerentcm,https://www.facebook.com/groups/homerentcm/,https://www.facebook.com/groups/homerentcm/posts/25388848187418960/
homerentcm,https://www.facebook.com/groups/homerentcm/,https://www.facebook.com/groups/homerentcm/posts/25387701550866957/
homerentcm,https://www.facebook.com/groups/homerentcm/,https://www.facebook.com/groups/homerentcm/posts/25387587867544992/
homerentcm,https://www.facebook.com/groups/homerentcm/,https://www.facebook.com/groups/homerentcm/posts/25380685674901878/
homerentcm,https://www.facebook.com/groups/homerentcm/,https://www.facebook.com/groups/homerentcm/posts/25380395121597600/
homerentcm,https://www.facebook.com/groups/homerentcm/,https://www.facebook.com/groups/homerentcm/posts/25381551414815304/
homerentcm,https://www.facebook.com/groups/homerentcm/,https://www.facebook.com/groups/homerentcm/posts/25388258657477913/
homerentcm,https://www.facebook.com/groups/homerentcm/,https://www.facebook.com/groups/homerentcm/posts/25381635108140268/
homerentcm,https://www.facebook.com/groups/homerentcm/,https://www.facebook.com/groups/homerentcm/posts/25380218921615220/
homerentcm,https://www.facebook.com/groups/homerentcm/,https://www.facebook.com/groups/homerentcm/posts/25382537444716701/
homerentcm,https://www.facebook.com/groups/homerentcm/,https://www.facebook.com/groups/homerentcm/posts/25383798874590558/
homerentcm,https://www.facebook.com/groups/homerentcm/,https://www.facebook.com/groups/homerentcm/posts/25386879424282503/
homerentcm,https://www.facebook.com/groups/homerentcm/,https://www.facebook.com/groups/homerentcm/posts/25381089871528125/
509895225859790,https://www.facebook.com/groups/509895225859790/,https://www.facebook.com/groups/509895225859790/posts/3118795098303110/
509895225859790,https://www.facebook.com/groups/509895225859790/,https://www.facebook.com/groups/509895225859790/posts/3118525918330028/
509895225859790,https://www.facebook.com/groups/509895225859790/,https://www.facebook.com/groups/509895225859790/posts/3118917268290893/
509895225859790,https://www.facebook.com/groups/509895225859790/,https://www.facebook.com/groups/509895225859790/posts/3117710741744879/
509895225859790,https://www.facebook.com/groups/509895225859790/,https://www.facebook.com/groups/509895225859790/posts/3118836814965605/
509895225859790,https://www.facebook.com/groups/509895225859790/,https://www.facebook.com/groups/509895225859790/posts/3118903314958955/
509895225859790,https://www.facebook.com/groups/509895225859790/,https://www.facebook.com/groups/509895225859790/posts/3117609148421705/
509895225859790,https://www.facebook.com/groups/509895225859790/,https://www.facebook.com/groups/509895225859790/posts/3117644688418151/
509895225859790,https://www.facebook.com/groups/509895225859790/,https://www.facebook.com/groups/509895225859790/posts/3117576505091636/
509895225859790,https://www.facebook.com/groups/509895225859790/,https://www.facebook.com/groups/509895225859790/posts/3118055828377037/
509895225859790,https://www.facebook.com/groups/509895225859790/,https://www.facebook.com/groups/509895225859790/posts/3118128851703068/
509895225859790,https://www.facebook.com/groups/509895225859790/,https://www.facebook.com/groups/509895225859790/posts/3118766694972617/
509895225859790,https://www.facebook.com/groups/509895225859790/,https://www.facebook.com/groups/509895225859790/posts/3118088025040484/
509895225859790,https://www.facebook.com/groups/509895225859790/,https://www.facebook.com/groups/509895225859790/posts/3118873284961958/
509895225859790,https://www.facebook.com/groups/509895225859790/,https://www.facebook.com/groups/509895225859790/posts/3118908668291753/
509895225859790,https://www.facebook.com/groups/509895225859790/,https://www.facebook.com/groups/509895225859790/posts/3118367301679223/
509895225859790,https://www.facebook.com/groups/509895225859790/,https://www.facebook.com/groups/509895225859790/posts/3117873781728575/
509895225859790,https://www.facebook.com/groups/509895225859790/,https://www.facebook.com/groups/509895225859790/posts/3118629284986358/
509895225859790,https://www.facebook.com/groups/509895225859790/,https://www.facebook.com/groups/509895225859790/posts/3117707298411890/
509895225859790,https://www.facebook.com/groups/509895225859790/,https://www.facebook.com/groups/509895225859790/posts/3117671838415436/
509895225859790,https://www.facebook.com/groups/509895225859790/,https://www.facebook.com/groups/509895225859790/posts/3118753238307296/
509895225859790,https://www.facebook.com/groups/509895225859790/,https://www.facebook.com/groups/509895225859790/posts/3118859618296658/
509895225859790,https://www.facebook.com/groups/509895225859790/,https://www.facebook.com/groups/509895225859790/posts/3118612611654692/
509895225859790,https://www.facebook.com/groups/509895225859790/,https://www.facebook.com/groups/509895225859790/posts/3118184611697492/
509895225859790,https://www.facebook.com/groups/509895225859790/,https://www.facebook.com/groups/509895225859790/posts/3117796448402975/
509895225859790,https://www.facebook.com/groups/509895225859790/,https://www.facebook.com/groups/509895225859790/posts/3118617318320888/
509895225859790,https://www.facebook.com/groups/509895225859790/,https://www.facebook.com/groups/509895225859790/posts/3118549861660967/
509895225859790,https://www.facebook.com/groups/509895225859790/,https://www.facebook.com/groups/509895225859790/posts/3118557514993535/
509895225859790,https://www.facebook.com/groups/509895225859790/,https://www.facebook.com/groups/509895225859790/posts/3118031155046171/
509895225859790,https://www.facebook.com/groups/509895225859790/,https://www.facebook.com/groups/509895225859790/posts/3118518718330748/
509895225859790,https://www.facebook.com/groups/509895225859790/,https://www.facebook.com/groups/509895225859790/posts/3118743874974899/
530492663958652,https://www.facebook.com/groups/530492663958652/,https://www.facebook.com/groups/530492663958652/posts/2813560565651839/
530492663958652,https://www.facebook.com/groups/530492663958652/,https://www.facebook.com/groups/530492663958652/posts/2814272755580620/
530492663958652,https://www.facebook.com/groups/530492663958652/,https://www.facebook.com/groups/530492663958652/posts/2814100935597802/
530492663958652,https://www.facebook.com/groups/530492663958652/,https://www.facebook.com/groups/530492663958652/posts/2814064548934774/
530492663958652,https://www.facebook.com/groups/530492663958652/,https://www.facebook.com/groups/530492663958652/posts/2814257985582097/
530492663958652,https://www.facebook.com/groups/530492663958652/,https://www.facebook.com/groups/530492663958652/posts/2813220892352473/
530492663958652,https://www.facebook.com/groups/530492663958652/,https://www.facebook.com/groups/530492663958652/posts/2813114379029791/
530492663958652,https://www.facebook.com/groups/530492663958652/,https://www.facebook.com/groups/530492663958652/posts/2813171672357395/
530492663958652,https://www.facebook.com/groups/530492663958652/,https://www.facebook.com/groups/530492663958652/posts/2814275605580335/
530492663958652,https://www.facebook.com/groups/530492663958652/,https://www.facebook.com/groups/530492663958652/posts/2813313112343251/
530492663958652,https://www.facebook.com/groups/530492663958652/,https://www.facebook.com/groups/530492663958652/posts/2814269045580991/
530492663958652,https://www.facebook.com/groups/530492663958652/,https://www.facebook.com/groups/530492663958652/posts/2813887072285855/
530492663958652,https://www.facebook.com/groups/530492663958652/,https://www.facebook.com/groups/530492663958652/posts/2814038732270689/
530492663958652,https://www.facebook.com/groups/530492663958652/,https://www.facebook.com/groups/530492663958652/posts/2813198769021352/
530492663958652,https://www.facebook.com/groups/530492663958652/,https://www.facebook.com/groups/530492663958652/posts/2813495588991670/
530492663958652,https://www.facebook.com/groups/530492663958652/,https://www.facebook.com/groups/530492663958652/posts/2814270562247506/
530492663958652,https://www.facebook.com/groups/530492663958652/,https://www.facebook.com/groups/530492663958652/posts/2814024032272159/
530492663958652,https://www.facebook.com/groups/530492663958652/,https://www.facebook.com/groups/530492663958652/posts/2813111769030052/
530492663958652,https://www.facebook.com/groups/530492663958652/,https://www.facebook.com/groups/530492663958652/posts/2814165262258036/
530492663958652,https://www.facebook.com/groups/530492663958652/,https://www.facebook.com/groups/530492663958652/posts/2813420745665821/
530492663958652,https://www.facebook.com/groups/530492663958652/,https://www.facebook.com/groups/530492663958652/posts/2814057928935436/
530492663958652,https://www.facebook.com/groups/530492663958652/,https://www.facebook.com/groups/530492663958652/posts/2814211128920116/
530492663958652,https://www.facebook.com/groups/530492663958652/,https://www.facebook.com/groups/530492663958652/posts/2813232042351358/
530492663958652,https://www.facebook.com/groups/530492663958652/,https://www.facebook.com/groups/530492663958652/posts/2813871815620714/
530492663958652,https://www.facebook.com/groups/530492663958652/,https://www.facebook.com/groups/530492663958652/posts/2813952842279278/
530492663958652,https://www.facebook.com/groups/530492663958652/,https://www.facebook.com/groups/530492663958652/posts/2813149805692915/
530492663958652,https://www.facebook.com/groups/530492663958652/,https://www.facebook.com/groups/530492663958652/posts/2814047025603193/
530492663958652,https://www.facebook.com/groups/530492663958652/,https://www.facebook.com/groups/530492663958652/posts/2814143558926873/
530492663958652,https://www.facebook.com/groups/530492663958652/,https://www.facebook.com/groups/530492663958652/posts/2814220955585800/
530492663958652,https://www.facebook.com/groups/530492663958652/,https://www.facebook.com/groups/530492663958652/posts/2814276558913573/
530492663958652,https://www.facebook.com/groups/530492663958652/,https://www.facebook.com/groups/530492663958652/posts/2813491992325363/
530492663958652,https://www.facebook.com/groups/530492663958652/,https://www.facebook.com/groups/530492663958652/posts/2813244945683401/
530492663958652,https://www.facebook.com/groups/530492663958652/,https://www.facebook.com/groups/530492663958652/posts/2814044372270125/
530492663958652,https://www.facebook.com/groups/530492663958652/,https://www.facebook.com/groups/530492663958652/posts/2813311302343432/
530492663958652,https://www.facebook.com/groups/530492663958652/,https://www.facebook.com/groups/530492663958652/posts/2814227535585142/
530492663958652,https://www.facebook.com/groups/530492663958652/,https://www.facebook.com/groups/530492663958652/posts/2813489458992283/
530492663958652,https://www.facebook.com/groups/530492663958652/,https://www.facebook.com/groups/530492663958652/posts/2813352955672600/
530492663958652,https://www.facebook.com/groups/530492663958652/,https://www.facebook.com/groups/530492663958652/posts/2813873065620589/
530492663958652,https://www.facebook.com/groups/530492663958652/,https://www.facebook.com/groups/530492663958652/posts/2813859192288643/
530492663958652,https://www.facebook.com/groups/530492663958652/,https://www.facebook.com/groups/530492663958652/posts/2813347409006488/
530492663958652,https://www.facebook.com/groups/530492663958652/,https://www.facebook.com/groups/530492663958652/posts/2813196632354899/
530492663958652,https://www.facebook.com/groups/530492663958652/,https://www.facebook.com/groups/530492663958652/posts/2813277005680195/
530492663958652,https://www.facebook.com/groups/530492663958652/,https://www.facebook.com/groups/530492663958652/posts/2813862875621608/
530492663958652,https://www.facebook.com/groups/530492663958652/,https://www.facebook.com/groups/530492663958652/posts/2814223715585524/
530492663958652,https://www.facebook.com/groups/530492663958652/,https://www.facebook.com/groups/530492663958652/posts/2813914245616471/
530492663958652,https://www.facebook.com/groups/530492663958652/,https://www.facebook.com/groups/530492663958652/posts/2813575625650333/
530492663958652,https://www.facebook.com/groups/530492663958652/,https://www.facebook.com/groups/530492663958652/posts/2813193039021925/
530492663958652,https://www.facebook.com/groups/530492663958652/,https://www.facebook.com/groups/530492663958652/posts/2813875375620358/
530492663958652,https://www.facebook.com/groups/530492663958652/,https://www.facebook.com/groups/530492663958652/posts/2813219232352639/
530492663958652,https://www.facebook.com/groups/530492663958652/,https://www.facebook.com/groups/530492663958652/posts/2814221772252385/
530492663958652,https://www.facebook.com/groups/530492663958652/,https://www.facebook.com/groups/530492663958652/posts/2814197078921521/
530492663958652,https://www.facebook.com/groups/530492663958652/,https://www.facebook.com/groups/530492663958652/posts/2814127105595185/
530492663958652,https://www.facebook.com/groups/530492663958652/,https://www.facebook.com/groups/530492663958652/posts/2814025738938655/
530492663958652,https://www.facebook.com/groups/530492663958652/,https://www.facebook.com/groups/530492663958652/posts/2813893785618517/
530492663958652,https://www.facebook.com/groups/530492663958652/,https://www.facebook.com/groups/530492663958652/posts/2814177212256841/
530492663958652,https://www.facebook.com/groups/530492663958652/,https://www.facebook.com/groups/530492663958652/posts/2814187918922437/
530492663958652,https://www.facebook.com/groups/530492663958652/,https://www.facebook.com/groups/530492663958652/posts/2813852615622634/
530492663958652,https://www.facebook.com/groups/530492663958652/,https://www.facebook.com/groups/530492663958652/posts/2814271328914096/
530492663958652,https://www.facebook.com/groups/530492663958652/,https://www.facebook.com/groups/530492663958652/posts/2813950355612860/
530492663958652,https://www.facebook.com/groups/530492663958652/,https://www.facebook.com/groups/530492663958652/posts/2814137132260849/
530492663958652,https://www.facebook.com/groups/530492663958652/,https://www.facebook.com/groups/530492663958652/posts/2814136468927582/
530492663958652,https://www.facebook.com/groups/530492663958652/,https://www.facebook.com/groups/530492663958652/posts/2814165432258019/
530492663958652,https://www.facebook.com/groups/530492663958652/,https://www.facebook.com/groups/530492663958652/posts/2814127258928503/
530492663958652,https://www.facebook.com/groups/530492663958652/,https://www.facebook.com/groups/530492663958652/posts/2813886738952555/
530492663958652,https://www.facebook.com/groups/530492663958652/,https://www.facebook.com/groups/530492663958652/posts/2814170445590851/
530492663958652,https://www.facebook.com/groups/530492663958652/,https://www.facebook.com/groups/530492663958652/posts/2813508818990347/
530492663958652,https://www.facebook.com/groups/530492663958652/,https://www.facebook.com/groups/530492663958652/posts/2813153479025881/
530492663958652,https://www.facebook.com/groups/530492663958652/,https://www.facebook.com/groups/530492663958652/posts/2814122562262306/
530492663958652,https://www.facebook.com/groups/530492663958652/,https://www.facebook.com/groups/530492663958652/posts/2813272099014019/
530492663958652,https://www.facebook.com/groups/530492663958652/,https://www.facebook.com/groups/530492663958652/posts/2814225058918723/
530492663958652,https://www.facebook.com/groups/530492663958652/,https://www.facebook.com/groups/530492663958652/posts/2814136725594223/
530492663958652,https://www.facebook.com/groups/530492663958652/,https://www.facebook.com/groups/530492663958652/posts/2814177672256795/
530492663958652,https://www.facebook.com/groups/530492663958652/,https://www.facebook.com/groups/530492663958652/posts/2814203532254209/
530492663958652,https://www.facebook.com/groups/530492663958652/,https://www.facebook.com/groups/530492663958652/posts/2813182789022950/
530492663958652,https://www.facebook.com/groups/530492663958652/,https://www.facebook.com/groups/530492663958652/posts/2813123922362170/
530492663958652,https://www.facebook.com/groups/530492663958652/,https://www.facebook.com/groups/530492663958652/posts/2813271209014108/
530492663958652,https://www.facebook.com/groups/530492663958652/,https://www.facebook.com/groups/530492663958652/posts/2814021122272450/
530492663958652,https://www.facebook.com/groups/530492663958652/,https://www.facebook.com/groups/530492663958652/posts/2813849092289653/
530492663958652,https://www.facebook.com/groups/530492663958652/,https://www.facebook.com/groups/530492663958652/posts/2814262138915015/
530492663958652,https://www.facebook.com/groups/530492663958652/,https://www.facebook.com/groups/530492663958652/posts/2814130988928130/
530492663958652,https://www.facebook.com/groups/530492663958652/,https://www.facebook.com/groups/530492663958652/posts/2813681985639697/
530492663958652,https://www.facebook.com/groups/530492663958652/,https://www.facebook.com/groups/530492663958652/posts/2813116245696271/
530492663958652,https://www.facebook.com/groups/530492663958652/,https://www.facebook.com/groups/530492663958652/posts/2814140408927188/
530492663958652,https://www.facebook.com/groups/530492663958652/,https://www.facebook.com/groups/530492663958652/posts/2814180238923205/
530492663958652,https://www.facebook.com/groups/530492663958652/,https://www.facebook.com/groups/530492663958652/posts/2814223935585502/
530492663958652,https://www.facebook.com/groups/530492663958652/,https://www.facebook.com/groups/530492663958652/posts/2813433252331237/
530492663958652,https://www.facebook.com/groups/530492663958652/,https://www.facebook.com/groups/530492663958652/posts/2814177058923523/
530492663958652,https://www.facebook.com/groups/530492663958652/,https://www.facebook.com/groups/530492663958652/posts/2813339485673947/
530492663958652,https://www.facebook.com/groups/530492663958652/,https://www.facebook.com/groups/530492663958652/posts/2813442355663660/
530492663958652,https://www.facebook.com/groups/530492663958652/,https://www.facebook.com/groups/530492663958652/posts/2814125175595378/
530492663958652,https://www.facebook.com/groups/530492663958652/,https://www.facebook.com/groups/530492663958652/posts/2813535288987700/
530492663958652,https://www.facebook.com/groups/530492663958652/,https://www.facebook.com/groups/530492663958652/posts/2814144052260157/
530492663958652,https://www.facebook.com/groups/530492663958652/,https://www.facebook.com/groups/530492663958652/posts/2814164628924766/
530492663958652,https://www.facebook.com/groups/530492663958652/,https://www.facebook.com/groups/530492663958652/posts/2814210735586822/
530492663958652,https://www.facebook.com/groups/530492663958652/,https://www.facebook.com/groups/530492663958652/posts/2813571878984041/
530492663958652,https://www.facebook.com/groups/530492663958652/,https://www.facebook.com/groups/530492663958652/posts/2814230185584877/
530492663958652,https://www.facebook.com/groups/530492663958652/,https://www.facebook.com/groups/530492663958652/posts/2813100365697859/
530492663958652,https://www.facebook.com/groups/530492663958652/,https://www.facebook.com/groups/530492663958652/posts/2814269028914326/
530492663958652,https://www.facebook.com/groups/530492663958652/,https://www.facebook.com/groups/530492663958652/posts/2814269935580902/
530492663958652,https://www.facebook.com/groups/530492663958652/,https://www.facebook.com/groups/530492663958652/posts/2814037455604150/
530492663958652,https://www.facebook.com/groups/530492663958652/,https://www.facebook.com/groups/530492663958652/posts/2813846732289889/
530492663958652,https://www.facebook.com/groups/530492663958652/,https://www.facebook.com/groups/530492663958652/posts/2813095932364969/
530492663958652,https://www.facebook.com/groups/530492663958652/,https://www.facebook.com/groups/530492663958652/posts/2813983872276175/
530492663958652,https://www.facebook.com/groups/530492663958652/,https://www.facebook.com/groups/530492663958652/posts/2813908378950391/
530492663958652,https://www.facebook.com/groups/530492663958652/,https://www.facebook.com/groups/530492663958652/posts/2813179335689962/
530492663958652,https://www.facebook.com/groups/530492663958652/,https://www.facebook.com/groups/530492663958652/posts/2813278485680047/
530492663958652,https://www.facebook.com/groups/530492663958652/,https://www.facebook.com/groups/530492663958652/posts/2813283909012838/
530492663958652,https://www.facebook.com/groups/530492663958652/,https://www.facebook.com/groups/530492663958652/posts/2813685912305971/
530492663958652,https://www.facebook.com/groups/530492663958652/,https://www.facebook.com/groups/530492663958652/posts/2813497392324823/
530492663958652,https://www.facebook.com/groups/530492663958652/,https://www.facebook.com/groups/530492663958652/posts/2814158008925428/
530492663958652,https://www.facebook.com/groups/530492663958652/,https://www.facebook.com/groups/530492663958652/posts/2814102028931026/
530492663958652,https://www.facebook.com/groups/530492663958652/,https://www.facebook.com/groups/530492663958652/posts/2813675875640308/
530492663958652,https://www.facebook.com/groups/530492663958652/,https://www.facebook.com/groups/530492663958652/posts/2814209315586964/
530492663958652,https://www.facebook.com/groups/530492663958652/,https://www.facebook.com/groups/530492663958652/posts/2813639722310590/
530492663958652,https://www.facebook.com/groups/530492663958652/,https://www.facebook.com/groups/530492663958652/posts/2814182635589632/
530492663958652,https://www.facebook.com/groups/530492663958652/,https://www.facebook.com/groups/530492663958652/posts/2813180735689822/
530492663958652,https://www.facebook.com/groups/530492663958652/,https://www.facebook.com/groups/530492663958652/posts/2813222635685632/
530492663958652,https://www.facebook.com/groups/530492663958652/,https://www.facebook.com/groups/530492663958652/posts/2814172078924021/
530492663958652,https://www.facebook.com/groups/530492663958652/,https://www.facebook.com/groups/530492663958652/posts/2813861312288431/
530492663958652,https://www.facebook.com/groups/530492663958652/,https://www.facebook.com/groups/530492663958652/posts/2814114285596467/
530492663958652,https://www.facebook.com/groups/530492663958652/,https://www.facebook.com/groups/530492663958652/posts/2813953838945845/
530492663958652,https://www.facebook.com/groups/530492663958652/,https://www.facebook.com/groups/530492663958652/posts/2813206822353880/
530492663958652,https://www.facebook.com/groups/530492663958652/,https://www.facebook.com/groups/530492663958652/posts/2814153192259243/
530492663958652,https://www.facebook.com/groups/530492663958652/,https://www.facebook.com/groups/530492663958652/posts/2813460398995189/
530492663958652,https://www.facebook.com/groups/530492663958652/,https://www.facebook.com/groups/530492663958652/posts/2813613478979881/
530492663958652,https://www.facebook.com/groups/530492663958652/,https://www.facebook.com/groups/530492663958652/posts/2814051345602761/
530492663958652,https://www.facebook.com/groups/530492663958652/,https://www.facebook.com/groups/530492663958652/posts/2813444222330140/
530492663958652,https://www.facebook.com/groups/530492663958652/,https://www.facebook.com/groups/530492663958652/posts/2813493795658516/
530492663958652,https://www.facebook.com/groups/530492663958652/,https://www.facebook.com/groups/530492663958652/posts/2813856728955556/
530492663958652,https://www.facebook.com/groups/530492663958652/,https://www.facebook.com/groups/530492663958652/posts/2813868032287759/
530492663958652,https://www.facebook.com/groups/530492663958652/,https://www.facebook.com/groups/530492663958652/posts/2814160595591836/
530492663958652,https://www.facebook.com/groups/530492663958652/,https://www.facebook.com/groups/530492663958652/posts/2813227332351829/
530492663958652,https://www.facebook.com/groups/530492663958652/,https://www.facebook.com/groups/530492663958652/posts/2813187145689181/
530492663958652,https://www.facebook.com/groups/530492663958652/,https://www.facebook.com/groups/530492663958652/posts/2814258962248666/
530492663958652,https://www.facebook.com/groups/530492663958652/,https://www.facebook.com/groups/530492663958652/posts/2814169808924248/
530492663958652,https://www.facebook.com/groups/530492663958652/,https://www.facebook.com/groups/530492663958652/posts/2814038888937340/
530492663958652,https://www.facebook.com/groups/530492663958652/,https://www.facebook.com/groups/530492663958652/posts/2813630065644889/
530492663958652,https://www.facebook.com/groups/530492663958652/,https://www.facebook.com/groups/530492663958652/posts/2813222205685675/
530492663958652,https://www.facebook.com/groups/530492663958652/,https://www.facebook.com/groups/530492663958652/posts/2814111932263369/
530492663958652,https://www.facebook.com/groups/530492663958652/,https://www.facebook.com/groups/530492663958652/posts/2813414608999768/
530492663958652,https://www.facebook.com/groups/530492663958652/,https://www.facebook.com/groups/530492663958652/posts/2814029765604919/
530492663958652,https://www.facebook.com/groups/530492663958652/,https://www.facebook.com/groups/530492663958652/posts/2813185705689325/
530492663958652,https://www.facebook.com/groups/530492663958652/,https://www.facebook.com/groups/530492663958652/posts/2813321409009088/
530492663958652,https://www.facebook.com/groups/530492663958652/,https://www.facebook.com/groups/530492663958652/posts/2814000565607839/
530492663958652,https://www.facebook.com/groups/530492663958652/,https://www.facebook.com/groups/530492663958652/posts/2813949938946235/
530492663958652,https://www.facebook.com/groups/530492663958652/,https://www.facebook.com/groups/530492663958652/posts/2814104438930785/
530492663958652,https://www.facebook.com/groups/530492663958652/,https://www.facebook.com/groups/530492663958652/posts/2814146475593248/
530492663958652,https://www.facebook.com/groups/530492663958652/,https://www.facebook.com/groups/530492663958652/posts/2813961722278390/
530492663958652,https://www.facebook.com/groups/530492663958652/,https://www.facebook.com/groups/530492663958652/posts/2813348792339683/
530492663958652,https://www.facebook.com/groups/530492663958652/,https://www.facebook.com/groups/530492663958652/posts/2813337259007503/
530492663958652,https://www.facebook.com/groups/530492663958652/,https://www.facebook.com/groups/530492663958652/posts/2813400272334535/
530492663958652,https://www.facebook.com/groups/530492663958652/,https://www.facebook.com/groups/530492663958652/posts/2813505188990710/
530492663958652,https://www.facebook.com/groups/530492663958652/,https://www.facebook.com/groups/530492663958652/posts/2813833488957880/
530492663958652,https://www.facebook.com/groups/530492663958652/,https://www.facebook.com/groups/530492663958652/posts/2813195405688355/
530492663958652,https://www.facebook.com/groups/530492663958652/,https://www.facebook.com/groups/530492663958652/posts/2814180722256490/
530492663958652,https://www.facebook.com/groups/530492663958652/,https://www.facebook.com/groups/530492663958652/posts/2813105499030679/
530492663958652,https://www.facebook.com/groups/530492663958652/,https://www.facebook.com/groups/530492663958652/posts/2813135839027645/
530492663958652,https://www.facebook.com/groups/530492663958652/,https://www.facebook.com/groups/530492663958652/posts/2814130392261523/
530492663958652,https://www.facebook.com/groups/530492663958652/,https://www.facebook.com/groups/530492663958652/posts/2813304475677448/
530492663958652,https://www.facebook.com/groups/530492663958652/,https://www.facebook.com/groups/530492663958652/posts/2813118962362666/
530492663958652,https://www.facebook.com/groups/530492663958652/,https://www.facebook.com/groups/530492663958652/posts/2814229815584914/
530492663958652,https://www.facebook.com/groups/530492663958652/,https://www.facebook.com/groups/530492663958652/posts/2814163135591582/
530492663958652,https://www.facebook.com/groups/530492663958652/,https://www.facebook.com/groups/530492663958652/posts/2814265478914681/
530492663958652,https://www.facebook.com/groups/530492663958652/,https://www.facebook.com/groups/530492663958652/posts/2813884915619404/
530492663958652,https://www.facebook.com/groups/530492663958652/,https://www.facebook.com/groups/530492663958652/posts/2813451158996113/
530492663958652,https://www.facebook.com/groups/530492663958652/,https://www.facebook.com/groups/530492663958652/posts/2814183492256213/
530492663958652,https://www.facebook.com/groups/530492663958652/,https://www.facebook.com/groups/530492663958652/posts/2813963962278166/
530492663958652,https://www.facebook.com/groups/530492663958652/,https://www.facebook.com/groups/530492663958652/posts/2813590868982142/
530492663958652,https://www.facebook.com/groups/530492663958652/,https://www.facebook.com/groups/530492663958652/posts/2813318882342674/
530492663958652,https://www.facebook.com/groups/530492663958652/,https://www.facebook.com/groups/530492663958652/posts/2814150568926172/
530492663958652,https://www.facebook.com/groups/530492663958652/,https://www.facebook.com/groups/530492663958652/posts/2814232092251353/
530492663958652,https://www.facebook.com/groups/530492663958652/,https://www.facebook.com/groups/530492663958652/posts/2813930602281502/
530492663958652,https://www.facebook.com/groups/530492663958652/,https://www.facebook.com/groups/530492663958652/posts/2814240252250537/
530492663958652,https://www.facebook.com/groups/530492663958652/,https://www.facebook.com/groups/530492663958652/posts/2813849418956287/
530492663958652,https://www.facebook.com/groups/530492663958652/,https://www.facebook.com/groups/530492663958652/posts/2813338322340730/
530492663958652,https://www.facebook.com/groups/530492663958652/,https://www.facebook.com/groups/530492663958652/posts/2813495658991663/
530492663958652,https://www.facebook.com/groups/530492663958652/,https://www.facebook.com/groups/530492663958652/posts/2813254849015744/
530492663958652,https://www.facebook.com/groups/530492663958652/,https://www.facebook.com/groups/530492663958652/posts/2813725635635332/
596670275854317,https://www.facebook.com/groups/596670275854317/,https://www.facebook.com/groups/596670275854317/posts/1224411663080172/
596670275854317,https://www.facebook.com/groups/596670275854317/,https://www.facebook.com/groups/596670275854317/posts/1224414373079901/
596670275854317,https://www.facebook.com/groups/596670275854317/,https://www.facebook.com/groups/596670275854317/posts/1224413793079959/
596670275854317,https://www.facebook.com/groups/596670275854317/,https://www.facebook.com/groups/596670275854317/posts/1224413046413367/
cnxre,https://www.facebook.com/groups/cnxre/,https://www.facebook.com/groups/cnxre/posts/25372787412356074/
cnxre,https://www.facebook.com/groups/cnxre/,https://www.facebook.com/groups/cnxre/posts/25392228640411951/
cnxre,https://www.facebook.com/groups/cnxre/,https://www.facebook.com/groups/cnxre/posts/25382296201405195/
cnxre,https://www.facebook.com/groups/cnxre/,https://www.facebook.com/groups/cnxre/posts/25380988484869300/
cnxre,https://www.facebook.com/groups/cnxre/,https://www.facebook.com/groups/cnxre/posts/25372871649014317/
cnxre,https://www.facebook.com/groups/cnxre/,https://www.facebook.com/groups/cnxre/posts/25374041608897321/
cnxre,https://www.facebook.com/groups/cnxre/,https://www.facebook.com/groups/cnxre/posts/25382068568094625/
cnxre,https://www.facebook.com/groups/cnxre/,https://www.facebook.com/groups/cnxre/posts/25386453917656090/
cnxre,https://www.facebook.com/groups/cnxre/,https://www.facebook.com/groups/cnxre/posts/25376246642010151/
cnxre,https://www.facebook.com/groups/cnxre/,https://www.facebook.com/groups/cnxre/posts/25381590104809138/
cnxre,https://www.facebook.com/groups/cnxre/,https://www.facebook.com/groups/cnxre/posts/25391771260457689/
cnxre,https://www.facebook.com/groups/cnxre/,https://www.facebook.com/groups/cnxre/posts/25391813970453418/
cnxre,https://www.facebook.com/groups/cnxre/,https://www.facebook.com/groups/cnxre/posts/25392265257074956/
cnxre,https://www.facebook.com/groups/cnxre/,https://www.facebook.com/groups/cnxre/posts/25381998604768288/
cnxre,https://www.facebook.com/groups/cnxre/,https://www.facebook.com/groups/cnxre/posts/25377545095213639/
cnxre,https://www.facebook.com/groups/cnxre/,https://www.facebook.com/groups/cnxre/posts/25373236195644529/
cnxre,https://www.facebook.com/groups/cnxre/,https://www.facebook.com/groups/cnxre/posts/25389709917330490/
cnxre,https://www.facebook.com/groups/cnxre/,https://www.facebook.com/groups/cnxre/posts/25375822125385936/
cnxre,https://www.facebook.com/groups/cnxre/,https://www.facebook.com/groups/cnxre/posts/25386568447644637/
cnxre,https://www.facebook.com/groups/cnxre/,https://www.facebook.com/groups/cnxre/posts/25373977208903761/
cnxre,https://www.facebook.com/groups/cnxre/,https://www.facebook.com/groups/cnxre/posts/25368791716088977/
cnxre,https://www.facebook.com/groups/cnxre/,https://www.facebook.com/groups/cnxre/posts/25369766295991519/
cnxre,https://www.facebook.com/groups/cnxre/,https://www.facebook.com/groups/cnxre/posts/25382259008075581/
cnxre,https://www.facebook.com/groups/cnxre/,https://www.facebook.com/groups/cnxre/posts/25374340388867443/
cnxre,https://www.facebook.com/groups/cnxre/,https://www.facebook.com/groups/cnxre/posts/25385874007714081/
cnxre,https://www.facebook.com/groups/cnxre/,https://www.facebook.com/groups/cnxre/posts/25391454387156043/
cnxre,https://www.facebook.com/groups/cnxre/,https://www.facebook.com/groups/cnxre/posts/25383129131321902/
cnxre,https://www.facebook.com/groups/cnxre/,https://www.facebook.com/groups/cnxre/posts/25390520887249393/
cnxre,https://www.facebook.com/groups/cnxre/,https://www.facebook.com/groups/cnxre/posts/25366507422984073/
cnxre,https://www.facebook.com/groups/cnxre/,https://www.facebook.com/groups/cnxre/posts/25369661092668706/
cnxre,https://www.facebook.com/groups/cnxre/,https://www.facebook.com/groups/cnxre/posts/25382551128046369/
cnxre,https://www.facebook.com/groups/cnxre/,https://www.facebook.com/groups/cnxre/posts/25391140943854054/
cnxre,https://www.facebook.com/groups/cnxre/,https://www.facebook.com/groups/cnxre/posts/25389750267326455/
cnxre,https://www.facebook.com/groups/cnxre/,https://www.facebook.com/groups/cnxre/posts/25382788868022595/
cnxre,https://www.facebook.com/groups/cnxre/,https://www.facebook.com/groups/cnxre/posts/25385103721124443/
cnxre,https://www.facebook.com/groups/cnxre/,https://www.facebook.com/groups/cnxre/posts/25374738562160959/
cnxre,https://www.facebook.com/groups/cnxre/,https://www.facebook.com/groups/cnxre/posts/25390606830574132/
cnxre,https://www.facebook.com/groups/cnxre/,https://www.facebook.com/groups/cnxre/posts/25383186491316166/
cnxre,https://www.facebook.com/groups/cnxre/,https://www.facebook.com/groups/cnxre/posts/25384700334498115/
cnxre,https://www.facebook.com/groups/cnxre/,https://www.facebook.com/groups/cnxre/posts/25381761151458700/
cnxre,https://www.facebook.com/groups/cnxre/,https://www.facebook.com/groups/cnxre/posts/25367418626226286/
cnxre,https://www.facebook.com/groups/cnxre/,https://www.facebook.com/groups/cnxre/posts/25366545532980262/
cnxre,https://www.facebook.com/groups/cnxre/,https://www.facebook.com/groups/cnxre/posts/25380775164890632/
cnxre,https://www.facebook.com/groups/cnxre/,https://www.facebook.com/groups/cnxre/posts/25377615545206594/
cnxre,https://www.facebook.com/groups/cnxre/,https://www.facebook.com/groups/cnxre/posts/25383863814581767/
cnxre,https://www.facebook.com/groups/cnxre/,https://www.facebook.com/groups/cnxre/posts/25367485832886232/
cnxre,https://www.facebook.com/groups/cnxre/,https://www.facebook.com/groups/cnxre/posts/25385718634396285/
cnxre,https://www.facebook.com/groups/cnxre/,https://www.facebook.com/groups/cnxre/posts/25383828261251989/
cnxre,https://www.facebook.com/groups/cnxre/,https://www.facebook.com/groups/cnxre/posts/25387287747572707/
cnxre,https://www.facebook.com/groups/cnxre/,https://www.facebook.com/groups/cnxre/posts/25385190844449064/
cnxre,https://www.facebook.com/groups/cnxre/,https://www.facebook.com/groups/cnxre/posts/25389678904000258/
cnxre,https://www.facebook.com/groups/cnxre/,https://www.facebook.com/groups/cnxre/posts/25390362203931928/
cnxre,https://www.facebook.com/groups/cnxre/,https://www.facebook.com/groups/cnxre/posts/25391818543786294/
cnxre,https://www.facebook.com/groups/cnxre/,https://www.facebook.com/groups/cnxre/posts/25382055681429247/
cnxre,https://www.facebook.com/groups/cnxre/,https://www.facebook.com/groups/cnxre/posts/25389476784020470/
cnxre,https://www.facebook.com/groups/cnxre/,https://www.facebook.com/groups/cnxre/posts/25391248650509950/
cnxre,https://www.facebook.com/groups/cnxre/,https://www.facebook.com/groups/cnxre/posts/25391312430503572/
cnxre,https://www.facebook.com/groups/cnxre/,https://www.facebook.com/groups/cnxre/posts/25385768834391265/
cnxre,https://www.facebook.com/groups/cnxre/,https://www.facebook.com/groups/cnxre/posts/25373295752305240/
cnxre,https://www.facebook.com/groups/cnxre/,https://www.facebook.com/groups/cnxre/posts/25390495120585303/
cnxre,https://www.facebook.com/groups/cnxre/,https://www.facebook.com/groups/cnxre/posts/25369690912665724/
cnxre,https://www.facebook.com/groups/cnxre/,https://www.facebook.com/groups/cnxre/posts/25391004250534390/
cnxre,https://www.facebook.com/groups/cnxre/,https://www.facebook.com/groups/cnxre/posts/25369081299393352/
cnxre,https://www.facebook.com/groups/cnxre/,https://www.facebook.com/groups/cnxre/posts/25374016628899819/
cnxre,https://www.facebook.com/groups/cnxre/,https://www.facebook.com/groups/cnxre/posts/25373684285599720/
cnxre,https://www.facebook.com/groups/cnxre/,https://www.facebook.com/groups/cnxre/posts/25373924515575697/
cnxre,https://www.facebook.com/groups/cnxre/,https://www.facebook.com/groups/cnxre/posts/25374641215504027/
cnxre,https://www.facebook.com/groups/cnxre/,https://www.facebook.com/groups/cnxre/posts/25374799922154823/
cnxre,https://www.facebook.com/groups/cnxre/,https://www.facebook.com/groups/cnxre/posts/25391033633864785/
cnxre,https://www.facebook.com/groups/cnxre/,https://www.facebook.com/groups/cnxre/posts/25389946910640124/
cnxre,https://www.facebook.com/groups/cnxre/,https://www.facebook.com/groups/cnxre/posts/25389703220664493/
cnxre,https://www.facebook.com/groups/cnxre/,https://www.facebook.com/groups/cnxre/posts/25386222424345906/
cnxre,https://www.facebook.com/groups/cnxre/,https://www.facebook.com/groups/cnxre/posts/25374053995562749/
cnxre,https://www.facebook.com/groups/cnxre/,https://www.facebook.com/groups/cnxre/posts/25383256844642464/
cnxre,https://www.facebook.com/groups/cnxre/,https://www.facebook.com/groups/cnxre/posts/25374992422135573/
cnxre,https://www.facebook.com/groups/cnxre/,https://www.facebook.com/groups/cnxre/posts/25373498368951645/
cnxre,https://www.facebook.com/groups/cnxre/,https://www.facebook.com/groups/cnxre/posts/25374134345554714/
cnxre,https://www.facebook.com/groups/cnxre/,https://www.facebook.com/groups/cnxre/posts/25374691438832338/
cnxre,https://www.facebook.com/groups/cnxre/,https://www.facebook.com/groups/cnxre/posts/25381739381460877/
cnxre,https://www.facebook.com/groups/cnxre/,https://www.facebook.com/groups/cnxre/posts/25383111494656999/
cnxre,https://www.facebook.com/groups/cnxre/,https://www.facebook.com/groups/cnxre/posts/25368126802822135/
cnxre,https://www.facebook.com/groups/cnxre/,https://www.facebook.com/groups/cnxre/posts/25385116197789862/
cnxre,https://www.facebook.com/groups/cnxre/,https://www.facebook.com/groups/cnxre/posts/25384782707823211/
cnxre,https://www.facebook.com/groups/cnxre/,https://www.facebook.com/groups/cnxre/posts/25367158889585593/
cnxre,https://www.facebook.com/groups/cnxre/,https://www.facebook.com/groups/cnxre/posts/25386711250963690/
cnxre,https://www.facebook.com/groups/cnxre/,https://www.facebook.com/groups/cnxre/posts/25391551127146369/
cnxre,https://www.facebook.com/groups/cnxre/,https://www.facebook.com/groups/cnxre/posts/25367147186253430/
cnxre,https://www.facebook.com/groups/cnxre/,https://www.facebook.com/groups/cnxre/posts/25374149728886509/
cnxre,https://www.facebook.com/groups/cnxre/,https://www.facebook.com/groups/cnxre/posts/25381900891444726/
cnxre,https://www.facebook.com/groups/cnxre/,https://www.facebook.com/groups/cnxre/posts/25385465394421609/
cnxre,https://www.facebook.com/groups/cnxre/,https://www.facebook.com/groups/cnxre/posts/25368997456068403/
cnxre,https://www.facebook.com/groups/cnxre/,https://www.facebook.com/groups/cnxre/posts/25374263278875154/
cnxre,https://www.facebook.com/groups/cnxre/,https://www.facebook.com/groups/cnxre/posts/25374768505491298/
cnxre,https://www.facebook.com/groups/cnxre/,https://www.facebook.com/groups/cnxre/posts/25375568492077966/
cnxre,https://www.facebook.com/groups/cnxre/,https://www.facebook.com/groups/cnxre/posts/25377948971839918/
cnxre,https://www.facebook.com/groups/cnxre/,https://www.facebook.com/groups/cnxre/posts/25385719214396227/
cnxre,https://www.facebook.com/groups/cnxre/,https://www.facebook.com/groups/cnxre/posts/25390644547237027/
cnxre,https://www.facebook.com/groups/cnxre/,https://www.facebook.com/groups/cnxre/posts/25384157331219082/
cnxre,https://www.facebook.com/groups/cnxre/,https://www.facebook.com/groups/cnxre/posts/25376414128660069/
cnxre,https://www.facebook.com/groups/cnxre/,https://www.facebook.com/groups/cnxre/posts/25366626732972142/
cnxre,https://www.facebook.com/groups/cnxre/,https://www.facebook.com/groups/cnxre/posts/25392006760434139/
cnxre,https://www.facebook.com/groups/cnxre/,https://www.facebook.com/groups/cnxre/posts/25391177010517114/
cnxre,https://www.facebook.com/groups/cnxre/,https://www.facebook.com/groups/cnxre/posts/25385032974464851/
cnxre,https://www.facebook.com/groups/cnxre/,https://www.facebook.com/groups/cnxre/posts/25392239380410877/
cnxre,https://www.facebook.com/groups/cnxre/,https://www.facebook.com/groups/cnxre/posts/25385632807738201/
cnxre,https://www.facebook.com/groups/cnxre/,https://www.facebook.com/groups/cnxre/posts/25382268934741255/
cnxre,https://www.facebook.com/groups/cnxre/,https://www.facebook.com/groups/cnxre/posts/25368242436143905/
cnxre,https://www.facebook.com/groups/cnxre/,https://www.facebook.com/groups/cnxre/posts/25366515409649941/
cnxre,https://www.facebook.com/groups/cnxre/,https://www.facebook.com/groups/cnxre/posts/25366522716315877/
cnxre,https://www.facebook.com/groups/cnxre/,https://www.facebook.com/groups/cnxre/posts/25384600914508057/
cnxre,https://www.facebook.com/groups/cnxre/,https://www.facebook.com/groups/cnxre/posts/25389983627303119/
cnxre,https://www.facebook.com/groups/cnxre/,https://www.facebook.com/groups/cnxre/posts/25390176300617185/
cnxre,https://www.facebook.com/groups/cnxre/,https://www.facebook.com/groups/cnxre/posts/25385638487737633/
1885263611797363,https://www.facebook.com/groups/1885263611797363/,https://www.facebook.com/groups/1885263611797363/posts/4291149647875402/
1897854047114064,https://www.facebook.com/groups/1897854047114064/,https://www.facebook.com/groups/1897854047114064/posts/4391844414381669/
1897854047114064,https://www.facebook.com/groups/1897854047114064/,https://www.facebook.com/groups/1897854047114064/posts/4391960944370016/
1897854047114064,https://www.facebook.com/groups/1897854047114064/,https://www.facebook.com/groups/1897854047114064/posts/4391983497701094/
1897854047114064,https://www.facebook.com/groups/1897854047114064/,https://www.facebook.com/groups/1897854047114064/posts/4391983267701117/
1897854047114064,https://www.facebook.com/groups/1897854047114064/,https://www.facebook.com/groups/1897854047114064/posts/4391771747722269/
1897854047114064,https://www.facebook.com/groups/1897854047114064/,https://www.facebook.com/groups/1897854047114064/posts/4391980867701357/
1897854047114064,https://www.facebook.com/groups/1897854047114064/,https://www.facebook.com/groups/1897854047114064/posts/4391744907724953/
1897854047114064,https://www.facebook.com/groups/1897854047114064/,https://www.facebook.com/groups/298821664628156/posts/1675536156956693/
1897854047114064,https://www.facebook.com/groups/1897854047114064/,https://www.facebook.com/groups/1897854047114064/posts/4391744497724994/
1897854047114064,https://www.facebook.com/groups/1897854047114064/,https://www.facebook.com/groups/1897854047114064/posts/4391895004376610/
1897854047114064,https://www.facebook.com/groups/1897854047114064/,https://www.facebook.com/groups/1897854047114064/posts/4391993901033387/
1897854047114064,https://www.facebook.com/groups/1897854047114064/,https://www.facebook.com/groups/1897854047114064/posts/4391992957700148/
1897854047114064,https://www.facebook.com/groups/1897854047114064/,https://www.facebook.com/groups/1897854047114064/posts/4391065014459609/
1897854047114064,https://www.facebook.com/groups/1897854047114064/,https://www.facebook.com/groups/1897854047114064/posts/4391158457783598/
1897854047114064,https://www.facebook.com/groups/1897854047114064/,https://www.facebook.com/groups/1897854047114064/posts/4391655981067179/
1897854047114064,https://www.facebook.com/groups/1897854047114064/,https://www.facebook.com/groups/1897854047114064/posts/4391950741037703/
1897854047114064,https://www.facebook.com/groups/1897854047114064/,https://www.facebook.com/groups/1897854047114064/posts/4391544474411663/
1897854047114064,https://www.facebook.com/groups/1897854047114064/,https://www.facebook.com/groups/1897854047114064/posts/4391687341064043/
1897854047114064,https://www.facebook.com/groups/1897854047114064/,https://www.facebook.com/groups/1897854047114064/posts/4391906591042118/
1897854047114064,https://www.facebook.com/groups/1897854047114064/,https://www.facebook.com/groups/ddproperty/posts/25682411051376498/
1897854047114064,https://www.facebook.com/groups/1897854047114064/,https://www.facebook.com/groups/1897854047114064/posts/4391243437775100/
1897854047114064,https://www.facebook.com/groups/1897854047114064/,https://www.facebook.com/groups/1897854047114064/posts/4391643374401773/
1897854047114064,https://www.facebook.com/groups/1897854047114064/,https://www.facebook.com/groups/1897854047114064/posts/4391256001107177/
1897854047114064,https://www.facebook.com/groups/1897854047114064/,https://www.facebook.com/groups/1897854047114064/posts/4391222284443882/
1897854047114064,https://www.facebook.com/groups/1897854047114064/,https://www.facebook.com/groups/1897854047114064/posts/4391615737737870/
1897854047114064,https://www.facebook.com/groups/1897854047114064/,https://www.facebook.com/groups/1897854047114064/posts/4391548027744641/
1897854047114064,https://www.facebook.com/groups/1897854047114064/,https://www.facebook.com/groups/1897854047114064/posts/4391929327706511/
1897854047114064,https://www.facebook.com/groups/1897854047114064/,https://www.facebook.com/groups/1897854047114064/posts/4391990904367020/
1897854047114064,https://www.facebook.com/groups/1897854047114064/,https://www.facebook.com/groups/1897854047114064/posts/4391988231033954/
1897854047114064,https://www.facebook.com/groups/1897854047114064/,https://www.facebook.com/groups/1897854047114064/posts/4391986744367436/
1897854047114064,https://www.facebook.com/groups/1897854047114064/,https://www.facebook.com/groups/1897854047114064/posts/4391986631034114/
1897854047114064,https://www.facebook.com/groups/1897854047114064/,https://www.facebook.com/groups/1897854047114064/posts/4391985564367554/
1897854047114064,https://www.facebook.com/groups/1897854047114064/,https://www.facebook.com/groups/1897854047114064/posts/4391984747700969/
1897854047114064,https://www.facebook.com/groups/1897854047114064/,https://www.facebook.com/groups/1897854047114064/posts/4391982477701196/
1897854047114064,https://www.facebook.com/groups/1897854047114064/,https://www.facebook.com/groups/1897854047114064/posts/4391981531034624/
1897854047114064,https://www.facebook.com/groups/1897854047114064/,https://www.facebook.com/groups/1897854047114064/posts/4391972527702191/
1897854047114064,https://www.facebook.com/groups/1897854047114064/,https://www.facebook.com/groups/1897854047114064/posts/4391970111035766/
1897854047114064,https://www.facebook.com/groups/1897854047114064/,https://www.facebook.com/groups/1897854047114064/posts/4391967447702699/
1897854047114064,https://www.facebook.com/groups/1897854047114064/,https://www.facebook.com/groups/1897854047114064/posts/4391964417703002/
1897854047114064,https://www.facebook.com/groups/1897854047114064/,https://www.facebook.com/groups/1897854047114064/posts/4391962544369856/
1897854047114064,https://www.facebook.com/groups/1897854047114064/,https://www.facebook.com/groups/1897854047114064/posts/4391961957703248/
1897854047114064,https://www.facebook.com/groups/1897854047114064/,https://www.facebook.com/groups/1897854047114064/posts/4391961784369932/
1897854047114064,https://www.facebook.com/groups/1897854047114064/,https://www.facebook.com/groups/1897854047114064/posts/4391956657703778/
1897854047114064,https://www.facebook.com/groups/1897854047114064/,https://www.facebook.com/groups/1897854047114064/posts/4391953504370760/
1897854047114064,https://www.facebook.com/groups/1897854047114064/,https://www.facebook.com/groups/1897854047114064/posts/4391952787704165/
1897854047114064,https://www.facebook.com/groups/1897854047114064/,https://www.facebook.com/groups/1897854047114064/posts/4391951221037655/
1897854047114064,https://www.facebook.com/groups/1897854047114064/,https://www.facebook.com/groups/1897854047114064/posts/4391947354371375/
1897854047114064,https://www.facebook.com/groups/1897854047114064/,https://www.facebook.com/groups/1897854047114064/posts/4391944467704997/
1897854047114064,https://www.facebook.com/groups/1897854047114064/,https://www.facebook.com/groups/1897854047114064/posts/4391942321038545/
1897854047114064,https://www.facebook.com/groups/1897854047114064/,https://www.facebook.com/groups/1897854047114064/posts/4391938374372273/
1897854047114064,https://www.facebook.com/groups/1897854047114064/,https://www.facebook.com/groups/1897854047114064/posts/4391938107705633/
1897854047114064,https://www.facebook.com/groups/1897854047114064/,https://www.facebook.com/groups/1897854047114064/posts/4391936781039099/
1897854047114064,https://www.facebook.com/groups/1897854047114064/,https://www.facebook.com/groups/1897854047114064/posts/4391936634372447/
1897854047114064,https://www.facebook.com/groups/1897854047114064/,https://www.facebook.com/groups/1897854047114064/posts/4391934321039345/
1897854047114064,https://www.facebook.com/groups/1897854047114064/,https://www.facebook.com/groups/1897854047114064/posts/4391932357706208/
1897854047114064,https://www.facebook.com/groups/1897854047114064/,https://www.facebook.com/groups/1897854047114064/posts/4391930117706432/
1897854047114064,https://www.facebook.com/groups/1897854047114064/,https://www.facebook.com/groups/1897854047114064/posts/4391927357706708/
1897854047114064,https://www.facebook.com/groups/1897854047114064/,https://www.facebook.com/groups/1897854047114064/posts/4391924687706975/
1897854047114064,https://www.facebook.com/groups/1897854047114064/,https://www.facebook.com/groups/1897854047114064/posts/4391924591040318/
1897854047114064,https://www.facebook.com/groups/1897854047114064/,https://www.facebook.com/groups/1897854047114064/posts/4391923881040389/
1897854047114064,https://www.facebook.com/groups/1897854047114064/,https://www.facebook.com/groups/1897854047114064/posts/4391923621040415/
1897854047114064,https://www.facebook.com/groups/1897854047114064/,https://www.facebook.com/groups/1897854047114064/posts/4391922757707168/
1897854047114064,https://www.facebook.com/groups/1897854047114064/,https://www.facebook.com/groups/1897854047114064/posts/4391922564373854/
1897854047114064,https://www.facebook.com/groups/1897854047114064/,https://www.facebook.com/groups/1897854047114064/posts/4391920837707360/
1897854047114064,https://www.facebook.com/groups/1897854047114064/,https://www.facebook.com/groups/1897854047114064/posts/4391920091040768/
1897854047114064,https://www.facebook.com/groups/1897854047114064/,https://www.facebook.com/groups/1897854047114064/posts/4391919847707459/
1897854047114064,https://www.facebook.com/groups/1897854047114064/,https://www.facebook.com/groups/1897854047114064/posts/4391915561041221/
1897854047114064,https://www.facebook.com/groups/1897854047114064/,https://www.facebook.com/groups/1897854047114064/posts/4391915171041260/
1897854047114064,https://www.facebook.com/groups/1897854047114064/,https://www.facebook.com/groups/1897854047114064/posts/4391911951041582/
1897854047114064,https://www.facebook.com/groups/1897854047114064/,https://www.facebook.com/groups/1897854047114064/posts/4391909734375137/
1897854047114064,https://www.facebook.com/groups/1897854047114064/,https://www.facebook.com/groups/1897854047114064/posts/4391909134375197/
1897854047114064,https://www.facebook.com/groups/1897854047114064/,https://www.facebook.com/groups/1897854047114064/posts/4391908727708571/
1897854047114064,https://www.facebook.com/groups/1897854047114064/,https://www.facebook.com/groups/1897854047114064/posts/4391907951041982/
1897854047114064,https://www.facebook.com/groups/1897854047114064/,https://www.facebook.com/groups/1897854047114064/posts/4391905194375591/
1897854047114064,https://www.facebook.com/groups/1897854047114064/,https://www.facebook.com/groups/1897854047114064/posts/4391903197709124/
1897854047114064,https://www.facebook.com/groups/1897854047114064/,https://www.facebook.com/groups/1897854047114064/posts/4391902881042489/
1897854047114064,https://www.facebook.com/groups/1897854047114064/,https://www.facebook.com/groups/1897854047114064/posts/4391902497709194/
1897854047114064,https://www.facebook.com/groups/1897854047114064/,https://www.facebook.com/groups/1897854047114064/posts/4391899934376117/
1897854047114064,https://www.facebook.com/groups/1897854047114064/,https://www.facebook.com/groups/1897854047114064/posts/4391897367709707/
1897854047114064,https://www.facebook.com/groups/1897854047114064/,https://www.facebook.com/groups/1897854047114064/posts/4391896867709757/
1897854047114064,https://www.facebook.com/groups/1897854047114064/,https://www.facebook.com/groups/1897854047114064/posts/4391896647709779/
1897854047114064,https://www.facebook.com/groups/1897854047114064/,https://www.facebook.com/groups/1897854047114064/posts/4391895557709888/
1897854047114064,https://www.facebook.com/groups/1897854047114064/,https://www.facebook.com/groups/1897854047114064/posts/4391895281043249/
1897854047114064,https://www.facebook.com/groups/1897854047114064/,https://www.facebook.com/groups/1897854047114064/posts/4391894514376659/
1897854047114064,https://www.facebook.com/groups/1897854047114064/,https://www.facebook.com/groups/1897854047114064/posts/4391893584376752/
1897854047114064,https://www.facebook.com/groups/1897854047114064/,https://www.facebook.com/groups/1897854047114064/posts/4391890761043701/
1897854047114064,https://www.facebook.com/groups/1897854047114064/,https://www.facebook.com/groups/1897854047114064/posts/4391889067710537/
1897854047114064,https://www.facebook.com/groups/1897854047114064/,https://www.facebook.com/groups/1897854047114064/posts/4391888871043890/
1897854047114064,https://www.facebook.com/groups/1897854047114064/,https://www.facebook.com/groups/1897854047114064/posts/4391888057710638/
1897854047114064,https://www.facebook.com/groups/1897854047114064/,https://www.facebook.com/groups/1897854047114064/posts/4391886601044117/
1897854047114064,https://www.facebook.com/groups/1897854047114064/,https://www.facebook.com/groups/1897854047114064/posts/4391885387710905/
1897854047114064,https://www.facebook.com/groups/1897854047114064/,https://www.facebook.com/groups/1897854047114064/posts/4391884161044361/
1897854047114064,https://www.facebook.com/groups/1897854047114064/,https://www.facebook.com/groups/1897854047114064/posts/4391883761044401/
1897854047114064,https://www.facebook.com/groups/1897854047114064/,https://www.facebook.com/groups/1897854047114064/posts/4391881167711327/
1897854047114064,https://www.facebook.com/groups/1897854047114064/,https://www.facebook.com/groups/1897854047114064/posts/4391879644378146/
1897854047114064,https://www.facebook.com/groups/1897854047114064/,https://www.facebook.com/groups/1897854047114064/posts/4391877674378343/
1897854047114064,https://www.facebook.com/groups/1897854047114064/,https://www.facebook.com/groups/1897854047114064/posts/4391876477711796/
1897854047114064,https://www.facebook.com/groups/1897854047114064/,https://www.facebook.com/groups/1897854047114064/posts/4391875754378535/
1897854047114064,https://www.facebook.com/groups/1897854047114064/,https://www.facebook.com/groups/1897854047114064/posts/4391874187712025/
1897854047114064,https://www.facebook.com/groups/1897854047114064/,https://www.facebook.com/groups/1897854047114064/posts/4391872811045496/
1897854047114064,https://www.facebook.com/groups/1897854047114064/,https://www.facebook.com/groups/1897854047114064/posts/4391871801045597/
1897854047114064,https://www.facebook.com/groups/1897854047114064/,https://www.facebook.com/groups/1897854047114064/posts/4391871714378939/
1897854047114064,https://www.facebook.com/groups/1897854047114064/,https://www.facebook.com/groups/1897854047114064/posts/4391871304378980/
1897854047114064,https://www.facebook.com/groups/1897854047114064/,https://www.facebook.com/groups/1897854047114064/posts/4391869907712453/
1897854047114064,https://www.facebook.com/groups/1897854047114064/,https://www.facebook.com/groups/1897854047114064/posts/4391866521046125/
1897854047114064,https://www.facebook.com/groups/1897854047114064/,https://www.facebook.com/groups/1897854047114064/posts/4391864737712970/
1897854047114064,https://www.facebook.com/groups/1897854047114064/,https://www.facebook.com/groups/1897854047114064/posts/4391862241046553/
1897854047114064,https://www.facebook.com/groups/1897854047114064/,https://www.facebook.com/groups/1897854047114064/posts/4391861821046595/
1897854047114064,https://www.facebook.com/groups/1897854047114064/,https://www.facebook.com/groups/1897854047114064/posts/4391861064380004/
1897854047114064,https://www.facebook.com/groups/1897854047114064/,https://www.facebook.com/groups/1897854047114064/posts/4391861017713342/
1897854047114064,https://www.facebook.com/groups/1897854047114064/,https://www.facebook.com/groups/1897854047114064/posts/4391860814380029/
1897854047114064,https://www.facebook.com/groups/1897854047114064/,https://www.facebook.com/groups/1897854047114064/posts/4391859724380138/
1897854047114064,https://www.facebook.com/groups/1897854047114064/,https://www.facebook.com/groups/1897854047114064/posts/4391859197713524/
1897854047114064,https://www.facebook.com/groups/1897854047114064/,https://www.facebook.com/groups/1897854047114064/posts/4391859121046865/
1897854047114064,https://www.facebook.com/groups/1897854047114064/,https://www.facebook.com/groups/1897854047114064/posts/4391857917713652/
1897854047114064,https://www.facebook.com/groups/1897854047114064/,https://www.facebook.com/groups/1897854047114064/posts/4391857014380409/
1897854047114064,https://www.facebook.com/groups/1897854047114064/,https://www.facebook.com/groups/1897854047114064/posts/4391856507713793/
1897854047114064,https://www.facebook.com/groups/1897854047114064/,https://www.facebook.com/groups/1897854047114064/posts/4391855001047277/
1897854047114064,https://www.facebook.com/groups/1897854047114064/,https://www.facebook.com/groups/1897854047114064/posts/4391854851047292/
1897854047114064,https://www.facebook.com/groups/1897854047114064/,https://www.facebook.com/groups/1897854047114064/posts/4391854237714020/
1897854047114064,https://www.facebook.com/groups/1897854047114064/,https://www.facebook.com/groups/1897854047114064/posts/4391852071047570/
1897854047114064,https://www.facebook.com/groups/1897854047114064/,https://www.facebook.com/groups/1897854047114064/posts/4391851751047602/
1897854047114064,https://www.facebook.com/groups/1897854047114064/,https://www.facebook.com/groups/1897854047114064/posts/4391849817714462/
1897854047114064,https://www.facebook.com/groups/1897854047114064/,https://www.facebook.com/groups/1897854047114064/posts/4391846587714785/
1897854047114064,https://www.facebook.com/groups/1897854047114064/,https://www.facebook.com/groups/1897854047114064/posts/4391843287715115/
1897854047114064,https://www.facebook.com/groups/1897854047114064/,https://www.facebook.com/groups/1897854047114064/posts/4391843221048455/
1897854047114064,https://www.facebook.com/groups/1897854047114064/,https://www.facebook.com/groups/1897854047114064/posts/4391842951048482/
1897854047114064,https://www.facebook.com/groups/1897854047114064/,https://www.facebook.com/groups/1897854047114064/posts/4391842774381833/
1897854047114064,https://www.facebook.com/groups/1897854047114064/,https://www.facebook.com/groups/1897854047114064/posts/4391841551048622/
1897854047114064,https://www.facebook.com/groups/1897854047114064/,https://www.facebook.com/groups/1897854047114064/posts/4391840877715356/
1897854047114064,https://www.facebook.com/groups/1897854047114064/,https://www.facebook.com/groups/1897854047114064/posts/4391839774382133/
1897854047114064,https://www.facebook.com/groups/1897854047114064/,https://www.facebook.com/groups/1897854047114064/posts/4391839251048852/
1897854047114064,https://www.facebook.com/groups/1897854047114064/,https://www.facebook.com/groups/1897854047114064/posts/4391839121048865/
1897854047114064,https://www.facebook.com/groups/1897854047114064/,https://www.facebook.com/groups/1897854047114064/posts/4391838174382293/
1897854047114064,https://www.facebook.com/groups/1897854047114064/,https://www.facebook.com/groups/1897854047114064/posts/4391837161049061/
1897854047114064,https://www.facebook.com/groups/1897854047114064/,https://www.facebook.com/groups/1897854047114064/posts/4391836554382455/
1897854047114064,https://www.facebook.com/groups/1897854047114064/,https://www.facebook.com/groups/1897854047114064/posts/4391835697715874/
1897854047114064,https://www.facebook.com/groups/1897854047114064/,https://www.facebook.com/groups/1897854047114064/posts/4391834484382662/
1897854047114064,https://www.facebook.com/groups/1897854047114064/,https://www.facebook.com/groups/1897854047114064/posts/4391834311049346/
1897854047114064,https://www.facebook.com/groups/1897854047114064/,https://www.facebook.com/groups/1897854047114064/posts/4391834111049366/
1897854047114064,https://www.facebook.com/groups/1897854047114064/,https://www.facebook.com/groups/1897854047114064/posts/4391832391049538/
1897854047114064,https://www.facebook.com/groups/1897854047114064/,https://www.facebook.com/groups/1897854047114064/posts/4391831444382966/
1897854047114064,https://www.facebook.com/groups/1897854047114064/,https://www.facebook.com/groups/1897854047114064/posts/4391831231049654/
1897854047114064,https://www.facebook.com/groups/1897854047114064/,https://www.facebook.com/groups/1897854047114064/posts/4391829297716514/
1897854047114064,https://www.facebook.com/groups/1897854047114064/,https://www.facebook.com/groups/1897854047114064/posts/4391827517716692/
1897854047114064,https://www.facebook.com/groups/1897854047114064/,https://www.facebook.com/groups/1897854047114064/posts/4391825274383583/
1897854047114064,https://www.facebook.com/groups/1897854047114064/,https://www.facebook.com/groups/1897854047114064/posts/4391824947716949/
1897854047114064,https://www.facebook.com/groups/1897854047114064/,https://www.facebook.com/groups/1897854047114064/posts/4391824791050298/
1897854047114064,https://www.facebook.com/groups/1897854047114064/,https://www.facebook.com/groups/1897854047114064/posts/4391823181050459/
1897854047114064,https://www.facebook.com/groups/1897854047114064/,https://www.facebook.com/groups/1897854047114064/posts/4391821451050632/
1897854047114064,https://www.facebook.com/groups/1897854047114064/,https://www.facebook.com/groups/1897854047114064/posts/4391820064384104/
1897854047114064,https://www.facebook.com/groups/1897854047114064/,https://www.facebook.com/groups/1897854047114064/posts/4391819584384152/
1897854047114064,https://www.facebook.com/groups/1897854047114064/,https://www.facebook.com/groups/1897854047114064/posts/4391818177717626/
1897854047114064,https://www.facebook.com/groups/1897854047114064/,https://www.facebook.com/groups/1897854047114064/posts/4391816147717829/
1897854047114064,https://www.facebook.com/groups/1897854047114064/,https://www.facebook.com/groups/1897854047114064/posts/4391814937717950/
1897854047114064,https://www.facebook.com/groups/1897854047114064/,https://www.facebook.com/groups/1897854047114064/posts/4391814771051300/
1897854047114064,https://www.facebook.com/groups/1897854047114064/,https://www.facebook.com/groups/1897854047114064/posts/4391814241051353/
1897854047114064,https://www.facebook.com/groups/1897854047114064/,https://www.facebook.com/groups/1897854047114064/posts/4391807667718677/
1897854047114064,https://www.facebook.com/groups/1897854047114064/,https://www.facebook.com/groups/1897854047114064/posts/4391806484385462/
1897854047114064,https://www.facebook.com/groups/1897854047114064/,https://www.facebook.com/groups/1897854047114064/posts/4391805511052226/
1897854047114064,https://www.facebook.com/groups/1897854047114064/,https://www.facebook.com/groups/1897854047114064/posts/4391803557719088/
1897854047114064,https://www.facebook.com/groups/1897854047114064/,https://www.facebook.com/groups/1897854047114064/posts/4391803294385781/
1897854047114064,https://www.facebook.com/groups/1897854047114064/,https://www.facebook.com/groups/1897854047114064/posts/4391802707719173/
1897854047114064,https://www.facebook.com/groups/1897854047114064/,https://www.facebook.com/groups/1897854047114064/posts/4391802574385853/
1897854047114064,https://www.facebook.com/groups/1897854047114064/,https://www.facebook.com/groups/1897854047114064/posts/4391801911052586/
1897854047114064,https://www.facebook.com/groups/1897854047114064/,https://www.facebook.com/groups/1897854047114064/posts/4391801507719293/
1897854047114064,https://www.facebook.com/groups/1897854047114064/,https://www.facebook.com/groups/1897854047114064/posts/4391800127719431/
1897854047114064,https://www.facebook.com/groups/1897854047114064/,https://www.facebook.com/groups/1897854047114064/posts/4391798284386282/
1897854047114064,https://www.facebook.com/groups/1897854047114064/,https://www.facebook.com/groups/1897854047114064/posts/4391797847719659/
1897854047114064,https://www.facebook.com/groups/1897854047114064/,https://www.facebook.com/groups/1897854047114064/posts/4391796427719801/
1897854047114064,https://www.facebook.com/groups/1897854047114064/,https://www.facebook.com/groups/1897854047114064/posts/4391795584386552/
1897854047114064,https://www.facebook.com/groups/1897854047114064/,https://www.facebook.com/groups/1897854047114064/posts/4391795114386599/
1897854047114064,https://www.facebook.com/groups/1897854047114064/,https://www.facebook.com/groups/1897854047114064/posts/4391791577720286/
1897854047114064,https://www.facebook.com/groups/1897854047114064/,https://www.facebook.com/groups/1897854047114064/posts/4391784664387644/
1897854047114064,https://www.facebook.com/groups/1897854047114064/,https://www.facebook.com/groups/1897854047114064/posts/4391782044387906/
1897854047114064,https://www.facebook.com/groups/1897854047114064/,https://www.facebook.com/groups/1897854047114064/posts/4391780647721379/
1897854047114064,https://www.facebook.com/groups/1897854047114064/,https://www.facebook.com/groups/1897854047114064/posts/4391779864388124/
1897854047114064,https://www.facebook.com/groups/1897854047114064/,https://www.facebook.com/groups/1897854047114064/posts/4391777421055035/
1897854047114064,https://www.facebook.com/groups/1897854047114064/,https://www.facebook.com/groups/1897854047114064/posts/4391764484389662/
1897854047114064,https://www.facebook.com/groups/1897854047114064/,https://www.facebook.com/groups/1897854047114064/posts/4391763537723090/
1897854047114064,https://www.facebook.com/groups/1897854047114064/,https://www.facebook.com/groups/1897854047114064/posts/4391761677723276/
1897854047114064,https://www.facebook.com/groups/1897854047114064/,https://www.facebook.com/groups/1897854047114064/posts/4391760807723363/
1897854047114064,https://www.facebook.com/groups/1897854047114064/,https://www.facebook.com/groups/1897854047114064/posts/4391758747723569/
1897854047114064,https://www.facebook.com/groups/1897854047114064/,https://www.facebook.com/groups/1897854047114064/posts/4391757867723657/
1897854047114064,https://www.facebook.com/groups/1897854047114064/,https://www.facebook.com/groups/1897854047114064/posts/4391755281057249/
1897854047114064,https://www.facebook.com/groups/1897854047114064/,https://www.facebook.com/groups/1897854047114064/posts/4391753424390768/
1897854047114064,https://www.facebook.com/groups/1897854047114064/,https://www.facebook.com/groups/1897854047114064/posts/4391752441057533/
1897854047114064,https://www.facebook.com/groups/1897854047114064/,https://www.facebook.com/groups/1897854047114064/posts/4391751804390930/
1897854047114064,https://www.facebook.com/groups/1897854047114064/,https://www.facebook.com/groups/1897854047114064/posts/4391751277724316/
1897854047114064,https://www.facebook.com/groups/1897854047114064/,https://www.facebook.com/groups/1897854047114064/posts/4391749737724470/
1897854047114064,https://www.facebook.com/groups/1897854047114064/,https://www.facebook.com/groups/1897854047114064/posts/4391749391057838/
1897854047114064,https://www.facebook.com/groups/1897854047114064/,https://www.facebook.com/groups/1897854047114064/posts/4391748941057883/
1897854047114064,https://www.facebook.com/groups/1897854047114064/,https://www.facebook.com/groups/1897854047114064/posts/4391747577724686/
1897854047114064,https://www.facebook.com/groups/1897854047114064/,https://www.facebook.com/groups/1897854047114064/posts/4391744847724959/
1897854047114064,https://www.facebook.com/groups/1897854047114064/,https://www.facebook.com/groups/1897854047114064/posts/4391743391058438/
1897854047114064,https://www.facebook.com/groups/1897854047114064/,https://www.facebook.com/groups/1897854047114064/posts/4391740881058689/
1897854047114064,https://www.facebook.com/groups/1897854047114064/,https://www.facebook.com/groups/1897854047114064/posts/4391739871058790/
1897854047114064,https://www.facebook.com/groups/1897854047114064/,https://www.facebook.com/groups/1897854047114064/posts/4391738944392216/
1897854047114064,https://www.facebook.com/groups/1897854047114064/,https://www.facebook.com/groups/1897854047114064/posts/4391736987725745/
1897854047114064,https://www.facebook.com/groups/1897854047114064/,https://www.facebook.com/groups/1897854047114064/posts/4391735441059233/
1897854047114064,https://www.facebook.com/groups/1897854047114064/,https://www.facebook.com/groups/1897854047114064/posts/4391734281059349/
1897854047114064,https://www.facebook.com/groups/1897854047114064/,https://www.facebook.com/groups/1897854047114064/posts/4391733607726083/
1897854047114064,https://www.facebook.com/groups/1897854047114064/,https://www.facebook.com/groups/1897854047114064/posts/4391731121059665/
1897854047114064,https://www.facebook.com/groups/1897854047114064/,https://www.facebook.com/groups/1897854047114064/posts/4391728534393257/
1897854047114064,https://www.facebook.com/groups/1897854047114064/,https://www.facebook.com/groups/1897854047114064/posts/4391727977726646/
1897854047114064,https://www.facebook.com/groups/1897854047114064/,https://www.facebook.com/groups/1897854047114064/posts/4391722977727146/
1897854047114064,https://www.facebook.com/groups/1897854047114064/,https://www.facebook.com/groups/1897854047114064/posts/4391720791060698/
1897854047114064,https://www.facebook.com/groups/1897854047114064/,https://www.facebook.com/groups/1897854047114064/posts/4391718407727603/
1897854047114064,https://www.facebook.com/groups/1897854047114064/,https://www.facebook.com/groups/1897854047114064/posts/4391715344394576/
1897854047114064,https://www.facebook.com/groups/1897854047114064/,https://www.facebook.com/groups/1897854047114064/posts/4391715167727927/
1897854047114064,https://www.facebook.com/groups/1897854047114064/,https://www.facebook.com/groups/1897854047114064/posts/4391703191062458/
1897854047114064,https://www.facebook.com/groups/1897854047114064/,https://www.facebook.com/groups/1897854047114064/posts/4391701407729303/
1897854047114064,https://www.facebook.com/groups/1897854047114064/,https://www.facebook.com/groups/1897854047114064/posts/4391701361062641/
1897854047114064,https://www.facebook.com/groups/1897854047114064/,https://www.facebook.com/groups/1897854047114064/posts/4391700791062698/
1897854047114064,https://www.facebook.com/groups/1897854047114064/,https://www.facebook.com/groups/1897854047114064/posts/4391700434396067/
1897854047114064,https://www.facebook.com/groups/1897854047114064/,https://www.facebook.com/groups/1897854047114064/posts/4391698221062955/
1897854047114064,https://www.facebook.com/groups/1897854047114064/,https://www.facebook.com/groups/1897854047114064/posts/4391696231063154/
1897854047114064,https://www.facebook.com/groups/1897854047114064/,https://www.facebook.com/groups/1897854047114064/posts/4391694901063287/
1897854047114064,https://www.facebook.com/groups/1897854047114064/,https://www.facebook.com/groups/1897854047114064/posts/4391692141063563/
1897854047114064,https://www.facebook.com/groups/1897854047114064/,https://www.facebook.com/groups/1897854047114064/posts/4391691981063579/
1897854047114064,https://www.facebook.com/groups/1897854047114064/,https://www.facebook.com/groups/1897854047114064/posts/4391689734397137/
1897854047114064,https://www.facebook.com/groups/1897854047114064/,https://www.facebook.com/groups/1897854047114064/posts/4391689254397185/
1897854047114064,https://www.facebook.com/groups/1897854047114064/,https://www.facebook.com/groups/1897854047114064/posts/4391680551064722/
1897854047114064,https://www.facebook.com/groups/1897854047114064/,https://www.facebook.com/groups/1897854047114064/posts/4391680371064740/
1897854047114064,https://www.facebook.com/groups/1897854047114064/,https://www.facebook.com/groups/1897854047114064/posts/4391679561064821/
1897854047114064,https://www.facebook.com/groups/1897854047114064/,https://www.facebook.com/groups/1897854047114064/posts/4391678254398285/
1897854047114064,https://www.facebook.com/groups/1897854047114064/,https://www.facebook.com/groups/1897854047114064/posts/4391672284398882/
1897854047114064,https://www.facebook.com/groups/1897854047114064/,https://www.facebook.com/groups/1897854047114064/posts/4391671994398911/
1897854047114064,https://www.facebook.com/groups/1897854047114064/,https://www.facebook.com/groups/1897854047114064/posts/4391669664399144/
1897854047114064,https://www.facebook.com/groups/1897854047114064/,https://www.facebook.com/groups/1897854047114064/posts/4391666624399448/
1881982752029163,https://www.facebook.com/groups/1881982752029163/,https://www.facebook.com/groups/1881982752029163/posts/4766805246880218/
1881982752029163,https://www.facebook.com/groups/1881982752029163/,https://www.facebook.com/groups/1881982752029163/posts/4766201353607274/
1881982752029163,https://www.facebook.com/groups/1881982752029163/,https://www.facebook.com/groups/1881982752029163/posts/4766054623621947/
1881982752029163,https://www.facebook.com/groups/1881982752029163/,https://www.facebook.com/groups/1881982752029163/posts/4765840716976671/
1881982752029163,https://www.facebook.com/groups/1881982752029163/,https://www.facebook.com/groups/1881982752029163/posts/4766097580284318/
1881982752029163,https://www.facebook.com/groups/1881982752029163/,https://www.facebook.com/groups/1881982752029163/posts/4765712930322783/
1881982752029163,https://www.facebook.com/groups/1881982752029163/,https://www.facebook.com/groups/1881982752029163/posts/4767108450183231/
1881982752029163,https://www.facebook.com/groups/1881982752029163/,https://www.facebook.com/groups/chiangmairentals/posts/1915586179394986/
1881982752029163,https://www.facebook.com/groups/1881982752029163/,https://www.facebook.com/groups/1881982752029163/posts/4766537343573675/
1881982752029163,https://www.facebook.com/groups/1881982752029163/,https://www.facebook.com/groups/1881982752029163/posts/4767089336851809/
1881982752029163,https://www.facebook.com/groups/1881982752029163/,https://www.facebook.com/groups/1881982752029163/posts/4765744303652979/
1881982752029163,https://www.facebook.com/groups/1881982752029163/,https://www.facebook.com/groups/1881982752029163/posts/4765354923691917/
1881982752029163,https://www.facebook.com/groups/1881982752029163/,https://www.facebook.com/groups/1881982752029163/posts/4766979023529507/
1881982752029163,https://www.facebook.com/groups/1881982752029163/,https://www.facebook.com/groups/1881982752029163/posts/4766822346878508/
1881982752029163,https://www.facebook.com/groups/1881982752029163/,https://www.facebook.com/groups/1881982752029163/posts/4766286280265448/
1881982752029163,https://www.facebook.com/groups/1881982752029163/,https://www.facebook.com/groups/1881982752029163/posts/4765737063653703/
1881982752029163,https://www.facebook.com/groups/1881982752029163/,https://www.facebook.com/groups/1881982752029163/posts/4765996346961108/
1881982752029163,https://www.facebook.com/groups/1881982752029163/,https://www.facebook.com/groups/1881982752029163/posts/4766923470201729/
1881982752029163,https://www.facebook.com/groups/1881982752029163/,https://www.facebook.com/groups/1881982752029163/posts/4766183116942431/
1881982752029163,https://www.facebook.com/groups/1881982752029163/,https://www.facebook.com/groups/1881982752029163/posts/4766298473597562/
1881982752029163,https://www.facebook.com/groups/1881982752029163/,https://www.facebook.com/groups/1881982752029163/posts/4765937436966999/
1881982752029163,https://www.facebook.com/groups/1881982752029163/,https://www.facebook.com/groups/1881982752029163/posts/4766953926865350/
1881982752029163,https://www.facebook.com/groups/1881982752029163/,https://www.facebook.com/groups/1881982752029163/posts/4765954346965308/
1881982752029163,https://www.facebook.com/groups/1881982752029163/,https://www.facebook.com/groups/1881982752029163/posts/4766317383595671/
1881982752029163,https://www.facebook.com/groups/1881982752029163/,https://www.facebook.com/groups/1881982752029163/posts/4765944030299673/
1881982752029163,https://www.facebook.com/groups/1881982752029163/,https://www.facebook.com/groups/1881982752029163/posts/4766234913603918/
1881982752029163,https://www.facebook.com/groups/1881982752029163/,https://www.facebook.com/groups/1881982752029163/posts/4766208190273257/
1881982752029163,https://www.facebook.com/groups/1881982752029163/,https://www.facebook.com/groups/1881982752029163/posts/4765737730320303/
1881982752029163,https://www.facebook.com/groups/1881982752029163/,https://www.facebook.com/groups/1881982752029163/posts/4766709640223112/
1881982752029163,https://www.facebook.com/groups/1881982752029163/,https://www.facebook.com/groups/1881982752029163/posts/4765244777036265/
1881982752029163,https://www.facebook.com/groups/1881982752029163/,https://www.facebook.com/groups/1881982752029163/posts/4765826443644765/
1881982752029163,https://www.facebook.com/groups/1881982752029163/,https://www.facebook.com/groups/1881982752029163/posts/4766897913537618/
1881982752029163,https://www.facebook.com/groups/1881982752029163/,https://www.facebook.com/groups/1881982752029163/posts/4765731580320918/
1881982752029163,https://www.facebook.com/groups/1881982752029163/,https://www.facebook.com/groups/1881982752029163/posts/4765938776966865/
1881982752029163,https://www.facebook.com/groups/1881982752029163/,https://www.facebook.com/groups/1881982752029163/posts/4766030523624357/
1881982752029163,https://www.facebook.com/groups/1881982752029163/,https://www.facebook.com/groups/1881982752029163/posts/4767052153522194/
1881982752029163,https://www.facebook.com/groups/1881982752029163/,https://www.facebook.com/groups/1881982752029163/posts/4766873833540026/
1881982752029163,https://www.facebook.com/groups/1881982752029163/,https://www.facebook.com/groups/1881982752029163/posts/4766747873552622/
1881982752029163,https://www.facebook.com/groups/1881982752029163/,https://www.facebook.com/groups/1881982752029163/posts/4766327443594665/
1881982752029163,https://www.facebook.com/groups/1881982752029163/,https://www.facebook.com/groups/1881982752029163/posts/4765673823660027/
1881982752029163,https://www.facebook.com/groups/1881982752029163/,https://www.facebook.com/groups/1881982752029163/posts/4766128713614538/
1881982752029163,https://www.facebook.com/groups/1881982752029163/,https://www.facebook.com/groups/1881982752029163/posts/4767116303515779/
1881982752029163,https://www.facebook.com/groups/1881982752029163/,https://www.facebook.com/groups/1881982752029163/posts/4766096676951075/
1881982752029163,https://www.facebook.com/groups/1881982752029163/,https://www.facebook.com/groups/1881982752029163/posts/4765878903639519/
1881982752029163,https://www.facebook.com/groups/1881982752029163/,https://www.facebook.com/groups/1881982752029163/posts/4765878223639587/
1881982752029163,https://www.facebook.com/groups/1881982752029163/,https://www.facebook.com/groups/1881982752029163/posts/4765956976965045/
1881982752029163,https://www.facebook.com/groups/1881982752029163/,https://www.facebook.com/groups/1881982752029163/posts/4766762876884455/
1881982752029163,https://www.facebook.com/groups/1881982752029163/,https://www.facebook.com/groups/1881982752029163/posts/4765836990310377/
1881982752029163,https://www.facebook.com/groups/1881982752029163/,https://www.facebook.com/groups/1881982752029163/posts/4765782966982446/
1881982752029163,https://www.facebook.com/groups/1881982752029163/,https://www.facebook.com/groups/1881982752029163/posts/4765762050317871/
1881982752029163,https://www.facebook.com/groups/1881982752029163/,https://www.facebook.com/groups/1881982752029163/posts/4767055953521814/
1881982752029163,https://www.facebook.com/groups/1881982752029163/,https://www.facebook.com/groups/1881982752029163/posts/4766739760220100/
1881982752029163,https://www.facebook.com/groups/1881982752029163/,https://www.facebook.com/groups/ddproperty/posts/25682411051376498/
1881982752029163,https://www.facebook.com/groups/1881982752029163/,https://www.facebook.com/groups/1881982752029163/posts/4765862146974528/
1881982752029163,https://www.facebook.com/groups/1881982752029163/,https://www.facebook.com/groups/1881982752029163/posts/4766110316949711/
1881982752029163,https://www.facebook.com/groups/1881982752029163/,https://www.facebook.com/groups/1881982752029163/posts/4765646663662743/
1881982752029163,https://www.facebook.com/groups/1881982752029163/,https://www.facebook.com/groups/1881982752029163/posts/4767059346854808/
1881982752029163,https://www.facebook.com/groups/1881982752029163/,https://www.facebook.com/groups/1881982752029163/posts/4765878630306213/
1881982752029163,https://www.facebook.com/groups/1881982752029163/,https://www.facebook.com/groups/1881982752029163/posts/4765721256988617/
1881982752029163,https://www.facebook.com/groups/1881982752029163/,https://www.facebook.com/groups/1881982752029163/posts/4767010723526337/
1881982752029163,https://www.facebook.com/groups/1881982752029163/,https://www.facebook.com/groups/1881982752029163/posts/4765747416986001/
1881982752029163,https://www.facebook.com/groups/1881982752029163/,https://www.facebook.com/groups/1881982752029163/posts/4765300530364023/
1881982752029163,https://www.facebook.com/groups/1881982752029163/,https://www.facebook.com/groups/1881982752029163/posts/4765870390307037/
1881982752029163,https://www.facebook.com/groups/1881982752029163/,https://www.facebook.com/groups/1881982752029163/posts/4765869560307120/
1881982752029163,https://www.facebook.com/groups/1881982752029163/,https://www.facebook.com/groups/1881982752029163/posts/4765821153645294/
1881982752029163,https://www.facebook.com/groups/1881982752029163/,https://www.facebook.com/groups/1881982752029163/posts/4766004050293671/
1881982752029163,https://www.facebook.com/groups/1881982752029163/,https://www.facebook.com/groups/1881982752029163/posts/4766945096866233/
1881982752029163,https://www.facebook.com/groups/1881982752029163/,https://www.facebook.com/groups/1881982752029163/posts/4767123700181706/
1881982752029163,https://www.facebook.com/groups/1881982752029163/,https://www.facebook.com/groups/1881982752029163/posts/4765943473633062/
1881982752029163,https://www.facebook.com/groups/1881982752029163/,https://www.facebook.com/groups/1881982752029163/posts/4767052853522124/
1881982752029163,https://www.facebook.com/groups/1881982752029163/,https://www.facebook.com/groups/1881982752029163/posts/4766901513537258/
1881982752029163,https://www.facebook.com/groups/1881982752029163/,https://www.facebook.com/groups/1881982752029163/posts/4767096963517713/
1881982752029163,https://www.facebook.com/groups/1881982752029163/,https://www.facebook.com/groups/1881982752029163/posts/4766976980196378/
1881982752029163,https://www.facebook.com/groups/1881982752029163/,https://www.facebook.com/groups/1881982752029163/posts/4766757626884980/
1881982752029163,https://www.facebook.com/groups/1881982752029163/,https://www.facebook.com/groups/1881982752029163/posts/4766086516952091/
1881982752029163,https://www.facebook.com/groups/1881982752029163/,https://www.facebook.com/groups/1881982752029163/posts/4766761306884612/
1881982752029163,https://www.facebook.com/groups/1881982752029163/,https://www.facebook.com/groups/1881982752029163/posts/4765612340332842/
1881982752029163,https://www.facebook.com/groups/1881982752029163/,https://www.facebook.com/groups/1881982752029163/posts/4766750173552392/
1881982752029163,https://www.facebook.com/groups/1881982752029163/,https://www.facebook.com/groups/1881982752029163/posts/4766312870262789/
1881982752029163,https://www.facebook.com/groups/1881982752029163/,https://www.facebook.com/groups/1881982752029163/posts/4766073886953354/
1881982752029163,https://www.facebook.com/groups/1881982752029163/,https://www.facebook.com/groups/1881982752029163/posts/4766314546929288/
1881982752029163,https://www.facebook.com/groups/1881982752029163/,https://www.facebook.com/groups/1881982752029163/posts/4766832056877537/
1881982752029163,https://www.facebook.com/groups/1881982752029163/,https://www.facebook.com/groups/1881982752029163/posts/4766074280286648/
1881982752029163,https://www.facebook.com/groups/1881982752029163/,https://www.facebook.com/groups/1881982752029163/posts/4767120556848687/
1881982752029163,https://www.facebook.com/groups/1881982752029163/,https://www.facebook.com/groups/1881982752029163/posts/4766192096941533/
1881982752029163,https://www.facebook.com/groups/1881982752029163/,https://www.facebook.com/groups/1881982752029163/posts/4765856873641722/
1881982752029163,https://www.facebook.com/groups/1881982752029163/,https://www.facebook.com/groups/1881982752029163/posts/4765906186970124/
1881982752029163,https://www.facebook.com/groups/1881982752029163/,https://www.facebook.com/groups/1881982752029163/posts/4767117610182315/
1881982752029163,https://www.facebook.com/groups/1881982752029163/,https://www.facebook.com/groups/1881982752029163/posts/4766968993530510/
1881982752029163,https://www.facebook.com/groups/1881982752029163/,https://www.facebook.com/groups/1881982752029163/posts/4766151046945638/
1881982752029163,https://www.facebook.com/groups/1881982752029163/,https://www.facebook.com/groups/1881982752029163/posts/4765717340322342/
1881982752029163,https://www.facebook.com/groups/1881982752029163/,https://www.facebook.com/groups/1881982752029163/posts/4766133480280728/
1881982752029163,https://www.facebook.com/groups/1881982752029163/,https://www.facebook.com/groups/1881982752029163/posts/4766054750288601/
1881982752029163,https://www.facebook.com/groups/1881982752029163/,https://www.facebook.com/groups/1881982752029163/posts/4765932030300873/
1881982752029163,https://www.facebook.com/groups/1881982752029163/,https://www.facebook.com/groups/1881982752029163/posts/4766280026932740/
1881982752029163,https://www.facebook.com/groups/1881982752029163/,https://www.facebook.com/groups/1881982752029163/posts/4766257210268355/
1881982752029163,https://www.facebook.com/groups/1881982752029163/,https://www.facebook.com/groups/1881982752029163/posts/4766135473613862/
1881982752029163,https://www.facebook.com/groups/1881982752029163/,https://www.facebook.com/groups/1881982752029163/posts/4765919850302091/
1881982752029163,https://www.facebook.com/groups/1881982752029163/,https://www.facebook.com/groups/1881982752029163/posts/4767028720191204/
1881982752029163,https://www.facebook.com/groups/1881982752029163/,https://www.facebook.com/groups/1881982752029163/posts/4765894326971310/
1881982752029163,https://www.facebook.com/groups/1881982752029163/,https://www.facebook.com/groups/1881982752029163/posts/4765983396962403/
1881982752029163,https://www.facebook.com/groups/1881982752029163/,https://www.facebook.com/groups/1881982752029163/posts/4766859036874839/
1881982752029163,https://www.facebook.com/groups/1881982752029163/,https://www.facebook.com/groups/1881982752029163/posts/4766317943595615/
1881982752029163,https://www.facebook.com/groups/1881982752029163/,https://www.facebook.com/groups/1881982752029163/posts/4766289856931757/
1881982752029163,https://www.facebook.com/groups/1881982752029163/,https://www.facebook.com/groups/1881982752029163/posts/4765835150310561/
1881982752029163,https://www.facebook.com/groups/1881982752029163/,https://www.facebook.com/groups/1881982752029163/posts/4766359810258095/
1881982752029163,https://www.facebook.com/groups/1881982752029163/,https://www.facebook.com/groups/1881982752029163/posts/4767088776851865/
1881982752029163,https://www.facebook.com/groups/1881982752029163/,https://www.facebook.com/groups/1881982752029163/posts/4766005626960180/
1881982752029163,https://www.facebook.com/groups/1881982752029163/,https://www.facebook.com/groups/1881982752029163/posts/4767065000187576/
1881982752029163,https://www.facebook.com/groups/1881982752029163/,https://www.facebook.com/groups/1881982752029163/posts/4766239003603509/
1881982752029163,https://www.facebook.com/groups/1881982752029163/,https://www.facebook.com/groups/1881982752029163/posts/4766042323623177/
1881982752029163,https://www.facebook.com/groups/1881982752029163/,https://www.facebook.com/groups/1881982752029163/posts/4766171913610218/
1881982752029163,https://www.facebook.com/groups/1881982752029163/,https://www.facebook.com/groups/1881982752029163/posts/4765984430295633/
1881982752029163,https://www.facebook.com/groups/1881982752029163/,https://www.facebook.com/groups/1881982752029163/posts/4766064216954321/
1881982752029163,https://www.facebook.com/groups/1881982752029163/,https://www.facebook.com/groups/1881982752029163/posts/4766807426880000/
1881982752029163,https://www.facebook.com/groups/1881982752029163/,https://www.facebook.com/groups/1881982752029163/posts/4765668600327216/
1881982752029163,https://www.facebook.com/groups/1881982752029163/,https://www.facebook.com/groups/1881982752029163/posts/4767108283516581/
1881982752029163,https://www.facebook.com/groups/1881982752029163/,https://www.facebook.com/groups/1881982752029163/posts/4766936520200424/
1881982752029163,https://www.facebook.com/groups/1881982752029163/,https://www.facebook.com/groups/1881982752029163/posts/4766685070225569/
1881982752029163,https://www.facebook.com/groups/1881982752029163/,https://www.facebook.com/groups/1881982752029163/posts/4765722090321867/
1881982752029163,https://www.facebook.com/groups/1881982752029163/,https://www.facebook.com/groups/1881982752029163/posts/4765240683703341/
1881982752029163,https://www.facebook.com/groups/1881982752029163/,https://www.facebook.com/groups/1881982752029163/posts/4766856786875064/
1881982752029163,https://www.facebook.com/groups/1881982752029163/,https://www.facebook.com/groups/1881982752029163/posts/4765766886984054/
1881982752029163,https://www.facebook.com/groups/1881982752029163/,https://www.facebook.com/groups/1881982752029163/posts/4766898636870879/
1881982752029163,https://www.facebook.com/groups/1881982752029163/,https://www.facebook.com/groups/1881982752029163/posts/4765559823671427/
1881982752029163,https://www.facebook.com/groups/1881982752029163/,https://www.facebook.com/groups/1881982752029163/posts/4766358066924936/
1881982752029163,https://www.facebook.com/groups/1881982752029163/,https://www.facebook.com/groups/1881982752029163/posts/4765769933650416/
1881982752029163,https://www.facebook.com/groups/1881982752029163/,https://www.facebook.com/groups/1881982752029163/posts/4767035703523839/
1881982752029163,https://www.facebook.com/groups/1881982752029163/,https://www.facebook.com/groups/1881982752029163/posts/4766952660198810/
1881982752029163,https://www.facebook.com/groups/1881982752029163/,https://www.facebook.com/groups/1881982752029163/posts/4766000570294019/
1881982752029163,https://www.facebook.com/groups/1881982752029163/,https://www.facebook.com/groups/1881982752029163/posts/4765730363654373/
1881982752029163,https://www.facebook.com/groups/1881982752029163/,https://www.facebook.com/groups/1881982752029163/posts/4765894193637990/
1881982752029163,https://www.facebook.com/groups/1881982752029163/,https://www.facebook.com/groups/1881982752029163/posts/4766792160214860/
1881982752029163,https://www.facebook.com/groups/1881982752029163/,https://www.facebook.com/groups/1881982752029163/posts/4766050816955661/
1881982752029163,https://www.facebook.com/groups/1881982752029163/,https://www.facebook.com/groups/1881982752029163/posts/4766362813591128/
1881982752029163,https://www.facebook.com/groups/1881982752029163/,https://www.facebook.com/groups/1881982752029163/posts/4767056913521718/
1881982752029163,https://www.facebook.com/groups/1881982752029163/,https://www.facebook.com/groups/1881982752029163/posts/4765892970304779/
1881982752029163,https://www.facebook.com/groups/1881982752029163/,https://www.facebook.com/groups/1881982752029163/posts/4766353636925379/
1881982752029163,https://www.facebook.com/groups/1881982752029163/,https://www.facebook.com/groups/1881982752029163/posts/4765925543634855/
1881982752029163,https://www.facebook.com/groups/1881982752029163/,https://www.facebook.com/groups/1881982752029163/posts/4766301020263974/
1881982752029163,https://www.facebook.com/groups/1881982752029163/,https://www.facebook.com/groups/1881982752029163/posts/4766227433604666/
1881982752029163,https://www.facebook.com/groups/1881982752029163/,https://www.facebook.com/groups/1881982752029163/posts/4766375933589816/
1881982752029163,https://www.facebook.com/groups/1881982752029163/,https://www.facebook.com/groups/1881982752029163/posts/4766114556949287/
1881982752029163,https://www.facebook.com/groups/1881982752029163/,https://www.facebook.com/groups/1881982752029163/posts/4766251646935578/
1881982752029163,https://www.facebook.com/groups/1881982752029163/,https://www.facebook.com/groups/1881982752029163/posts/4766956500198426/
1881982752029163,https://www.facebook.com/groups/1881982752029163/,https://www.facebook.com/groups/1881982752029163/posts/4766393140254762/
1881982752029163,https://www.facebook.com/groups/1881982752029163/,https://www.facebook.com/groups/1881982752029163/posts/4766223446938398/
1881982752029163,https://www.facebook.com/groups/1881982752029163/,https://www.facebook.com/groups/1881982752029163/posts/4766008150293261/
1881982752029163,https://www.facebook.com/groups/1881982752029163/,https://www.facebook.com/groups/1881982752029163/posts/4766829300211146/
1881982752029163,https://www.facebook.com/groups/1881982752029163/,https://www.facebook.com/groups/1881982752029163/posts/4765729776987765/
1881982752029163,https://www.facebook.com/groups/1881982752029163/,https://www.facebook.com/groups/1881982752029163/posts/4766432113584198/
1881982752029163,https://www.facebook.com/groups/1881982752029163/,https://www.facebook.com/groups/1881982752029163/posts/4765676023659807/
1881982752029163,https://www.facebook.com/groups/1881982752029163/,https://www.facebook.com/groups/1881982752029163/posts/4765744333652976/
1881982752029163,https://www.facebook.com/groups/1881982752029163/,https://www.facebook.com/groups/1881982752029163/posts/4765933826967360/
1881982752029163,https://www.facebook.com/groups/1881982752029163/,https://www.facebook.com/groups/1881982752029163/posts/4765885600305516/
1881982752029163,https://www.facebook.com/groups/1881982752029163/,https://www.facebook.com/groups/1881982752029163/posts/4767109993516410/
1881982752029163,https://www.facebook.com/groups/1881982752029163/,https://www.facebook.com/groups/1881982752029163/posts/4767053293522080/
1881982752029163,https://www.facebook.com/groups/1881982752029163/,https://www.facebook.com/groups/1881982752029163/posts/4765781483649261/
1881982752029163,https://www.facebook.com/groups/1881982752029163/,https://www.facebook.com/groups/261935587853293/posts/1802915433755293/
1881982752029163,https://www.facebook.com/groups/1881982752029163/,https://www.facebook.com/groups/1881982752029163/posts/4766959906864752/
1881982752029163,https://www.facebook.com/groups/1881982752029163/,https://www.facebook.com/groups/1881982752029163/posts/4766400816920661/
1881982752029163,https://www.facebook.com/groups/1881982752029163/,https://www.facebook.com/groups/1881982752029163/posts/4767013706859372/
1881982752029163,https://www.facebook.com/groups/1881982752029163/,https://www.facebook.com/groups/1881982752029163/posts/4765868233640586/
1881982752029163,https://www.facebook.com/groups/1881982752029163/,https://www.facebook.com/groups/1881982752029163/posts/4766649286895814/
1881982752029163,https://www.facebook.com/groups/1881982752029163/,https://www.facebook.com/groups/1881982752029163/posts/4766273260266750/
1881982752029163,https://www.facebook.com/groups/1881982752029163/,https://www.facebook.com/groups/1881982752029163/posts/4767039993523410/
1881982752029163,https://www.facebook.com/groups/1881982752029163/,https://www.facebook.com/groups/1881982752029163/posts/4766444953582914/
1881982752029163,https://www.facebook.com/groups/1881982752029163/,https://www.facebook.com/groups/1881982752029163/posts/4767084783518931/
1881982752029163,https://www.facebook.com/groups/1881982752029163/,https://www.facebook.com/groups/1881982752029163/posts/4766172716943471/
1881982752029163,https://www.facebook.com/groups/1881982752029163/,https://www.facebook.com/groups/1881982752029163/posts/4766864586874284/
1881982752029163,https://www.facebook.com/groups/1881982752029163/,https://www.facebook.com/groups/1881982752029163/posts/4765997723627637/
1881982752029163,https://www.facebook.com/groups/1881982752029163/,https://www.facebook.com/groups/1881982752029163/posts/4765963433631066/
1881982752029163,https://www.facebook.com/groups/1881982752029163/,https://www.facebook.com/groups/1881982752029163/posts/4766390206921722/
1881982752029163,https://www.facebook.com/groups/1881982752029163/,https://www.facebook.com/groups/1881982752029163/posts/4766967800197296/
1881982752029163,https://www.facebook.com/groups/1881982752029163/,https://www.facebook.com/groups/1881982752029163/posts/4766885713538838/
1881982752029163,https://www.facebook.com/groups/1881982752029163/,https://www.facebook.com/groups/852135694870985/posts/25283680404623174/
1881982752029163,https://www.facebook.com/groups/1881982752029163/,https://www.facebook.com/groups/1881982752029163/posts/4766885583538851/
1881982752029163,https://www.facebook.com/groups/1881982752029163/,https://www.facebook.com/groups/1881982752029163/posts/4767027130191363/
1881982752029163,https://www.facebook.com/groups/1881982752029163/,https://www.facebook.com/groups/1881982752029163/posts/4765736866987056/
1881982752029163,https://www.facebook.com/groups/1881982752029163/,https://www.facebook.com/groups/1881982752029163/posts/4766735646887178/
1881982752029163,https://www.facebook.com/groups/1881982752029163/,https://www.facebook.com/groups/1881982752029163/posts/4765841616976581/
1881982752029163,https://www.facebook.com/groups/1881982752029163/,https://www.facebook.com/groups/1881982752029163/posts/4765785693648840/
1881982752029163,https://www.facebook.com/groups/1881982752029163/,https://www.facebook.com/groups/1881982752029163/posts/4765677090326367/
1881982752029163,https://www.facebook.com/groups/1881982752029163/,https://www.facebook.com/groups/1881982752029163/posts/4766276686933074/
1881982752029163,https://www.facebook.com/groups/1881982752029163/,https://www.facebook.com/groups/1881982752029163/posts/4765848686975874/
1881982752029163,https://www.facebook.com/groups/1881982752029163/,https://www.facebook.com/groups/1881982752029163/posts/4767022820191794/
1881982752029163,https://www.facebook.com/groups/1881982752029163/,https://www.facebook.com/groups/1881982752029163/posts/4765709553656454/
1881982752029163,https://www.facebook.com/groups/1881982752029163/,https://www.facebook.com/groups/1881982752029163/posts/4766049170289159/
1881982752029163,https://www.facebook.com/groups/1881982752029163/,https://www.facebook.com/groups/1881982752029163/posts/4766817253545684/
1881982752029163,https://www.facebook.com/groups/1881982752029163/,https://www.facebook.com/groups/1881982752029163/posts/4765916430302433/
1881982752029163,https://www.facebook.com/groups/1881982752029163/,https://www.facebook.com/groups/1881982752029163/posts/4767028003524609/
1881982752029163,https://www.facebook.com/groups/1881982752029163/,https://www.facebook.com/groups/1881982752029163/posts/4766921510201925/
1881982752029163,https://www.facebook.com/groups/1881982752029163/,https://www.facebook.com/groups/1881982752029163/posts/4765897183637691/
1881982752029163,https://www.facebook.com/groups/1881982752029163/,https://www.facebook.com/groups/1881982752029163/posts/4766664506894292/
1881982752029163,https://www.facebook.com/groups/1881982752029163/,https://www.facebook.com/groups/1881982752029163/posts/4765846626976080/
1881982752029163,https://www.facebook.com/groups/1881982752029163/,https://www.facebook.com/groups/1881982752029163/posts/4766060656954677/
1881982752029163,https://www.facebook.com/groups/1881982752029163/,https://www.facebook.com/groups/1881982752029163/posts/4766027813624628/
1881982752029163,https://www.facebook.com/groups/1881982752029163/,https://www.facebook.com/groups/1881982752029163/posts/4766928420201234/
1881982752029163,https://www.facebook.com/groups/1881982752029163/,https://www.facebook.com/groups/1881982752029163/posts/4766269580267118/
1881982752029163,https://www.facebook.com/groups/1881982752029163/,https://www.facebook.com/groups/1881982752029163/posts/4766785646882178/
1881982752029163,https://www.facebook.com/groups/1881982752029163/,https://www.facebook.com/groups/1881982752029163/posts/4766167910277285/
1881982752029163,https://www.facebook.com/groups/1881982752029163/,https://www.facebook.com/groups/1881982752029163/posts/4765330050361071/
1881982752029163,https://www.facebook.com/groups/1881982752029163/,https://www.facebook.com/groups/1881982752029163/posts/4766280396932703/
1881982752029163,https://www.facebook.com/groups/1881982752029163/,https://www.facebook.com/groups/1881982752029163/posts/4766070050287071/
1881982752029163,https://www.facebook.com/groups/1881982752029163/,https://www.facebook.com/groups/1881982752029163/posts/4767109323516477/
1881982752029163,https://www.facebook.com/groups/1881982752029163/,https://www.facebook.com/groups/1881982752029163/posts/4766805653546844/
1881982752029163,https://www.facebook.com/groups/1881982752029163/,https://www.facebook.com/groups/1881982752029163/posts/4766930523534357/
1881982752029163,https://www.facebook.com/groups/1881982752029163/,https://www.facebook.com/groups/1881982752029163/posts/4766102860283790/
1881982752029163,https://www.facebook.com/groups/1881982752029163/,https://www.facebook.com/groups/1881982752029163/posts/4765748800319196/
1881982752029163,https://www.facebook.com/groups/1881982752029163/,https://www.facebook.com/groups/1881982752029163/posts/4766869920207084/
1881982752029163,https://www.facebook.com/groups/1881982752029163/,https://www.facebook.com/groups/1881982752029163/posts/4766231140270962/
1881982752029163,https://www.facebook.com/groups/1881982752029163/,https://www.facebook.com/groups/1881982752029163/posts/4765776346983108/
1881982752029163,https://www.facebook.com/groups/1881982752029163/,https://www.facebook.com/groups/1881982752029163/posts/4765892826971460/
1881982752029163,https://www.facebook.com/groups/1881982752029163/,https://www.facebook.com/groups/1881982752029163/posts/4766798186880924/
1881982752029163,https://www.facebook.com/groups/1881982752029163/,https://www.facebook.com/groups/1881982752029163/posts/4766836213543788/
1881982752029163,https://www.facebook.com/groups/1881982752029163/,https://www.facebook.com/groups/1881982752029163/posts/4766880300206046/
1881982752029163,https://www.facebook.com/groups/1881982752029163/,https://www.facebook.com/groups/1881982752029163/posts/4767110740183002/
1881982752029163,https://www.facebook.com/groups/1881982752029163/,https://www.facebook.com/groups/1881982752029163/posts/4766380956922647/
1881982752029163,https://www.facebook.com/groups/1881982752029163/,https://www.facebook.com/groups/1881982752029163/posts/4766296893597720/
1881982752029163,https://www.facebook.com/groups/1881982752029163/,https://www.facebook.com/groups/1881982752029163/posts/4765703916990351/
1881982752029163,https://www.facebook.com/groups/1881982752029163/,https://www.facebook.com/groups/1881982752029163/posts/4766128943614515/
1881982752029163,https://www.facebook.com/groups/1881982752029163/,https://www.facebook.com/groups/1881982752029163/posts/4765779090316167/
1881982752029163,https://www.facebook.com/groups/1881982752029163/,https://www.facebook.com/groups/1881982752029163/posts/4766222360271840/
1881982752029163,https://www.facebook.com/groups/1881982752029163/,https://www.facebook.com/groups/1881982752029163/posts/4766123696948373/
1881982752029163,https://www.facebook.com/groups/1881982752029163/,https://www.facebook.com/groups/1881982752029163/posts/4766141013613308/
1881982752029163,https://www.facebook.com/groups/1881982752029163/,https://www.facebook.com/groups/1881982752029163/posts/4765730290321047/
1881982752029163,https://www.facebook.com/groups/1881982752029163/,https://www.facebook.com/groups/1881982752029163/posts/4767116350182441/
1881982752029163,https://www.facebook.com/groups/1881982752029163/,https://www.facebook.com/groups/1881982752029163/posts/4765995370294539/
1881982752029163,https://www.facebook.com/groups/1881982752029163/,https://www.facebook.com/groups/1881982752029163/posts/4765898023637607/
1881982752029163,https://www.facebook.com/groups/1881982752029163/,https://www.facebook.com/groups/1881982752029163/posts/4765806640313412/
1881982752029163,https://www.facebook.com/groups/1881982752029163/,https://www.facebook.com/groups/1881982752029163/posts/4767106493516760/
1881982752029163,https://www.facebook.com/groups/1881982752029163/,https://www.facebook.com/groups/1881982752029163/posts/4766099540284122/
1881982752029163,https://www.facebook.com/groups/1881982752029163/,https://www.facebook.com/groups/1881982752029163/posts/4767035360190540/
1881982752029163,https://www.facebook.com/groups/1881982752029163/,https://www.facebook.com/groups/1881982752029163/posts/4765752450318831/
1881982752029163,https://www.facebook.com/groups/1881982752029163/,https://www.facebook.com/groups/1881982752029163/posts/4766988616861881/
1881982752029163,https://www.facebook.com/groups/1881982752029163/,https://www.facebook.com/groups/1881982752029163/posts/4766336330260443/
1881982752029163,https://www.facebook.com/groups/1881982752029163/,https://www.facebook.com/groups/1881982752029163/posts/4766234133603996/
1881982752029163,https://www.facebook.com/groups/1881982752029163/,https://www.facebook.com/groups/1881982752029163/posts/4766232900270786/
1881982752029163,https://www.facebook.com/groups/1881982752029163/,https://www.facebook.com/groups/1881982752029163/posts/4766828233544586/
1881982752029163,https://www.facebook.com/groups/1881982752029163/,https://www.facebook.com/groups/1881982752029163/posts/4766906693536740/
1881982752029163,https://www.facebook.com/groups/1881982752029163/,https://www.facebook.com/groups/1881982752029163/posts/4765874666973276/
1881982752029163,https://www.facebook.com/groups/1881982752029163/,https://www.facebook.com/groups/1881982752029163/posts/4765321077028635/
1881982752029163,https://www.facebook.com/groups/1881982752029163/,https://www.facebook.com/groups/1881982752029163/posts/4766831600210916/
1881982752029163,https://www.facebook.com/groups/1881982752029163/,https://www.facebook.com/groups/1881982752029163/posts/4766901283537281/
1881982752029163,https://www.facebook.com/groups/1881982752029163/,https://www.facebook.com/groups/1881982752029163/posts/4767033346857408/
1881982752029163,https://www.facebook.com/groups/1881982752029163/,https://www.facebook.com/groups/1881982752029163/posts/4766133700280706/
1881982752029163,https://www.facebook.com/groups/1881982752029163/,https://www.facebook.com/groups/1881982752029163/posts/4766368660257210/
1881982752029163,https://www.facebook.com/groups/1881982752029163/,https://www.facebook.com/groups/1881982752029163/posts/4766246836936059/
1881982752029163,https://www.facebook.com/groups/1881982752029163/,https://www.facebook.com/groups/1881982752029163/posts/4765845876976155/
1881982752029163,https://www.facebook.com/groups/1881982752029163/,https://www.facebook.com/groups/1881982752029163/posts/4766961006864642/
1881982752029163,https://www.facebook.com/groups/1881982752029163/,https://www.facebook.com/groups/1881982752029163/posts/4766912173536192/
1881982752029163,https://www.facebook.com/groups/1881982752029163/,https://www.facebook.com/groups/1881982752029163/posts/4766903780203698/
1881982752029163,https://www.facebook.com/groups/1881982752029163/,https://www.facebook.com/groups/1881982752029163/posts/4766213560272720/
1881982752029163,https://www.facebook.com/groups/1881982752029163/,https://www.facebook.com/groups/1881982752029163/posts/4765791223648287/
1881982752029163,https://www.facebook.com/groups/1881982752029163/,https://www.facebook.com/groups/1881982752029163/posts/4765317967028946/
1881982752029163,https://www.facebook.com/groups/1881982752029163/,https://www.facebook.com/groups/1881982752029163/posts/4766092700284806/
1881982752029163,https://www.facebook.com/groups/1881982752029163/,https://www.facebook.com/groups/1881982752029163/posts/4766355603591849/
1881982752029163,https://www.facebook.com/groups/1881982752029163/,https://www.facebook.com/groups/1881982752029163/posts/4766238170270259/
1881982752029163,https://www.facebook.com/groups/1881982752029163/,https://www.facebook.com/groups/1881982752029163/posts/4766837460210330/
1881982752029163,https://www.facebook.com/groups/1881982752029163/,https://www.facebook.com/groups/1881982752029163/posts/4766154016945341/
1881982752029163,https://www.facebook.com/groups/1881982752029163/,https://www.facebook.com/groups/1881982752029163/posts/4765694860324590/
1881982752029163,https://www.facebook.com/groups/1881982752029163/,https://www.facebook.com/groups/1881982752029163/posts/4766141793613230/
1881982752029163,https://www.facebook.com/groups/1881982752029163/,https://www.facebook.com/groups/1881982752029163/posts/4765740940319982/
1881982752029163,https://www.facebook.com/groups/1881982752029163/,https://www.facebook.com/groups/1881982752029163/posts/4765888760305200/
1881982752029163,https://www.facebook.com/groups/1881982752029163/,https://www.facebook.com/groups/1881982752029163/posts/4766082430285833/
1881982752029163,https://www.facebook.com/groups/1881982752029163/,https://www.facebook.com/groups/1881982752029163/posts/4766829040211172/
1881982752029163,https://www.facebook.com/groups/1881982752029163/,https://www.facebook.com/groups/1881982752029163/posts/4765676850326391/
1881982752029163,https://www.facebook.com/groups/1881982752029163/,https://www.facebook.com/groups/1881982752029163/posts/4766943850199691/
1881982752029163,https://www.facebook.com/groups/1881982752029163/,https://www.facebook.com/groups/1881982752029163/posts/4765274773699932/
1881982752029163,https://www.facebook.com/groups/1881982752029163/,https://www.facebook.com/groups/1881982752029163/posts/4766240396936703/
1881982752029163,https://www.facebook.com/groups/1881982752029163/,https://www.facebook.com/groups/1881982752029163/posts/4766932013534208/
1881982752029163,https://www.facebook.com/groups/1881982752029163/,https://www.facebook.com/groups/1881982752029163/posts/4766509150243161/
1881982752029163,https://www.facebook.com/groups/1881982752029163/,https://www.facebook.com/groups/1881982752029163/posts/4766236803603729/
1881982752029163,https://www.facebook.com/groups/1881982752029163/,https://www.facebook.com/groups/1881982752029163/posts/4767022690191807/
1881982752029163,https://www.facebook.com/groups/1881982752029163/,https://www.facebook.com/groups/1881982752029163/posts/4766245716936171/
1881982752029163,https://www.facebook.com/groups/1881982752029163/,https://www.facebook.com/groups/1881982752029163/posts/4766142600279816/
1881982752029163,https://www.facebook.com/groups/1881982752029163/,https://www.facebook.com/groups/1881982752029163/posts/4766212683606141/
1881982752029163,https://www.facebook.com/groups/1881982752029163/,https://www.facebook.com/groups/1881982752029163/posts/4766675423559867/
1881982752029163,https://www.facebook.com/groups/1881982752029163/,https://www.facebook.com/groups/1881982752029163/posts/4765926663634743/
1881982752029163,https://www.facebook.com/groups/1881982752029163/,https://www.facebook.com/groups/1881982752029163/posts/4766279716932771/
1881982752029163,https://www.facebook.com/groups/1881982752029163/,https://www.facebook.com/groups/1881982752029163/posts/4765786280315448/
1881982752029163,https://www.facebook.com/groups/1881982752029163/,https://www.facebook.com/groups/1881982752029163/posts/4765289583698451/
1881982752029163,https://www.facebook.com/groups/1881982752029163/,https://www.facebook.com/groups/1881982752029163/posts/4766160236944719/
1881982752029163,https://www.facebook.com/groups/1881982752029163/,https://www.facebook.com/groups/1881982752029163/posts/4766254626935280/
1881982752029163,https://www.facebook.com/groups/1881982752029163/,https://www.facebook.com/groups/1881982752029163/posts/4766802143547195/
1881982752029163,https://www.facebook.com/groups/1881982752029163/,https://www.facebook.com/groups/1881982752029163/posts/4766157820278294/
1881982752029163,https://www.facebook.com/groups/1881982752029163/,https://www.facebook.com/groups/1881982752029163/posts/4765788916981851/
1881982752029163,https://www.facebook.com/groups/1881982752029163/,https://www.facebook.com/groups/1881982752029163/posts/4765958430298233/
1881982752029163,https://www.facebook.com/groups/1881982752029163/,https://www.facebook.com/groups/1881982752029163/posts/4766227193604690/
1881982752029163,https://www.facebook.com/groups/1881982752029163/,https://www.facebook.com/groups/1881982752029163/posts/4765733963654013/
1881982752029163,https://www.facebook.com/groups/1881982752029163/,https://www.facebook.com/groups/1881982752029163/posts/4766956813531728/
1881982752029163,https://www.facebook.com/groups/1881982752029163/,https://www.facebook.com/groups/1881982752029163/posts/4765971373630272/
1881982752029163,https://www.facebook.com/groups/1881982752029163/,https://www.facebook.com/groups/1881982752029163/posts/4766959076864835/
1881982752029163,https://www.facebook.com/groups/1881982752029163/,https://www.facebook.com/groups/1881982752029163/posts/4766870640207012/
1881982752029163,https://www.facebook.com/groups/1881982752029163/,https://www.facebook.com/groups/1881982752029163/posts/4766176450276431/
1881982752029163,https://www.facebook.com/groups/1881982752029163/,https://www.facebook.com/groups/1881982752029163/posts/4765791326981610/
1881982752029163,https://www.facebook.com/groups/1881982752029163/,https://www.facebook.com/groups/1881982752029163/posts/4766447260249350/
1881982752029163,https://www.facebook.com/groups/1881982752029163/,https://www.facebook.com/groups/1881982752029163/posts/4765697800324296/
1881982752029163,https://www.facebook.com/groups/1881982752029163/,https://www.facebook.com/groups/1881982752029163/posts/4765796866981056/
1881982752029163,https://www.facebook.com/groups/1881982752029163/,https://www.facebook.com/groups/1881982752029163/posts/4767005076860235/
1881982752029163,https://www.facebook.com/groups/1881982752029163/,https://www.facebook.com/groups/1881982752029163/posts/4765877930306283/
1881982752029163,https://www.facebook.com/groups/1881982752029163/,https://www.facebook.com/groups/1881982752029163/posts/4766861906874552/
1881982752029163,https://www.facebook.com/groups/1881982752029163/,https://www.facebook.com/groups/1881982752029163/posts/4765829186977824/
1881982752029163,https://www.facebook.com/groups/1881982752029163/,https://www.facebook.com/groups/1881982752029163/posts/4765791856981557/
1881982752029163,https://www.facebook.com/groups/1881982752029163/,https://www.facebook.com/groups/1881982752029163/posts/4765964226964320/
1881982752029163,https://www.facebook.com/groups/1881982752029163/,https://www.facebook.com/groups/1881982752029163/posts/4766909320203144/
1881982752029163,https://www.facebook.com/groups/1881982752029163/,https://www.facebook.com/groups/1881982752029163/posts/4767075136853229/
1881982752029163,https://www.facebook.com/groups/1881982752029163/,https://www.facebook.com/groups/1881982752029163/posts/4766057730288303/
1881982752029163,https://www.facebook.com/groups/1881982752029163/,https://www.facebook.com/groups/1881982752029163/posts/4766982136862529/
1881982752029163,https://www.facebook.com/groups/1881982752029163/,https://www.facebook.com/groups/1881982752029163/posts/4766146973612712/
1881982752029163,https://www.facebook.com/groups/1881982752029163/,https://www.facebook.com/groups/1881982752029163/posts/4766162686944474/
1881982752029163,https://www.facebook.com/groups/1881982752029163/,https://www.facebook.com/groups/1881982752029163/posts/4765785353648874/
1881982752029163,https://www.facebook.com/groups/1881982752029163/,https://www.facebook.com/groups/1881982752029163/posts/4765917086969034/
1881982752029163,https://www.facebook.com/groups/1881982752029163/,https://www.facebook.com/groups/1881982752029163/posts/4765703256990417/
1881982752029163,https://www.facebook.com/groups/1881982752029163/,https://www.facebook.com/groups/1881982752029163/posts/4765930660301010/
1881982752029163,https://www.facebook.com/groups/1881982752029163/,https://www.facebook.com/groups/1881982752029163/posts/4765787460315330/
1881982752029163,https://www.facebook.com/groups/1881982752029163/,https://www.facebook.com/groups/1881982752029163/posts/4766229950271081/
1881982752029163,https://www.facebook.com/groups/1881982752029163/,https://www.facebook.com/groups/1881982752029163/posts/4765726800321396/
1881982752029163,https://www.facebook.com/groups/1881982752029163/,https://www.facebook.com/groups/1881982752029163/posts/4765650823662327/
1881982752029163,https://www.facebook.com/groups/1881982752029163/,https://www.facebook.com/groups/1881982752029163/posts/4765781576982585/
1881982752029163,https://www.facebook.com/groups/1881982752029163/,https://www.facebook.com/groups/1881982752029163/posts/4765982986962444/
1881982752029163,https://www.facebook.com/groups/1881982752029163/,https://www.facebook.com/groups/1881982752029163/posts/4766269103600499/
1881982752029163,https://www.facebook.com/groups/1881982752029163/,https://www.facebook.com/groups/1881982752029163/posts/4766816516879091/
1881982752029163,https://www.facebook.com/groups/1881982752029163/,https://www.facebook.com/groups/1881982752029163/posts/4765789030315173/
1881982752029163,https://www.facebook.com/groups/1881982752029163/,https://www.facebook.com/groups/1881982752029163/posts/4766243046936438/
1881982752029163,https://www.facebook.com/groups/1881982752029163/,https://www.facebook.com/groups/1881982752029163/posts/4766422163585193/
1881982752029163,https://www.facebook.com/groups/1881982752029163/,https://www.facebook.com/groups/1881982752029163/posts/4766918033535606/
1881982752029163,https://www.facebook.com/groups/1881982752029163/,https://www.facebook.com/groups/1881982752029163/posts/4766327253594684/
1881982752029163,https://www.facebook.com/groups/1881982752029163/,https://www.facebook.com/groups/1881982752029163/posts/4765700656990677/
1881982752029163,https://www.facebook.com/groups/1881982752029163/,https://www.facebook.com/groups/1881982752029163/posts/4765708410323235/
1881982752029163,https://www.facebook.com/groups/1881982752029163/,https://www.facebook.com/groups/1881982752029163/posts/4765967636963979/
1881982752029163,https://www.facebook.com/groups/1881982752029163/,https://www.facebook.com/groups/1881982752029163/posts/4766958786864864/
1881982752029163,https://www.facebook.com/groups/1881982752029163/,https://www.facebook.com/groups/1881982752029163/posts/4765652823662127/
1881982752029163,https://www.facebook.com/groups/1881982752029163/,https://www.facebook.com/groups/1881982752029163/posts/4765946276966115/
1881982752029163,https://www.facebook.com/groups/1881982752029163/,https://www.facebook.com/groups/1881982752029163/posts/4765658233661586/
1881982752029163,https://www.facebook.com/groups/1881982752029163/,https://www.facebook.com/groups/1881982752029163/posts/4765780000316076/
1881982752029163,https://www.facebook.com/groups/1881982752029163/,https://www.facebook.com/groups/1881982752029163/posts/4765905780303498/
1881982752029163,https://www.facebook.com/groups/1881982752029163/,https://www.facebook.com/groups/1881982752029163/posts/4765706960323380/
1881982752029163,https://www.facebook.com/groups/1881982752029163/,https://www.facebook.com/groups/1881982752029163/posts/4765704573656952/
1881982752029163,https://www.facebook.com/groups/1881982752029163/,https://www.facebook.com/groups/1881982752029163/posts/4765242927036450/
1881982752029163,https://www.facebook.com/groups/1881982752029163/,https://www.facebook.com/groups/1881982752029163/posts/4766818530212223/
1881982752029163,https://www.facebook.com/groups/1881982752029163/,https://www.facebook.com/groups/1881982752029163/posts/4765735923653817/
1881982752029163,https://www.facebook.com/groups/1881982752029163/,https://www.facebook.com/groups/1881982752029163/posts/4765795680314508/
1881982752029163,https://www.facebook.com/groups/1881982752029163/,https://www.facebook.com/groups/1881982752029163/posts/4766914150202661/
1881982752029163,https://www.facebook.com/groups/1881982752029163/,https://www.facebook.com/groups/1881982752029163/posts/4766273680266708/
1881982752029163,https://www.facebook.com/groups/1881982752029163/,https://www.facebook.com/groups/1881982752029163/posts/4766906100203466/
1881982752029163,https://www.facebook.com/groups/1881982752029163/,https://www.facebook.com/groups/1881982752029163/posts/4766288240265252/
1881982752029163,https://www.facebook.com/groups/1881982752029163/,https://www.facebook.com/groups/1881982752029163/posts/4766278170266259/
1881982752029163,https://www.facebook.com/groups/1881982752029163/,https://www.facebook.com/groups/1881982752029163/posts/4766748373552572/
1881982752029163,https://www.facebook.com/groups/1881982752029163/,https://www.facebook.com/groups/1881982752029163/posts/4766257450268331/
1881982752029163,https://www.facebook.com/groups/1881982752029163/,https://www.facebook.com/groups/1881982752029163/posts/4765747676985975/
1881982752029163,https://www.facebook.com/groups/1881982752029163/,https://www.facebook.com/groups/1881982752029163/posts/4765724463654963/
1881982752029163,https://www.facebook.com/groups/1881982752029163/,https://www.facebook.com/groups/1881982752029163/posts/4766284560265620/
1881982752029163,https://www.facebook.com/groups/1881982752029163/,https://www.facebook.com/groups/1881982752029163/posts/4766973606863382/
1881982752029163,https://www.facebook.com/groups/1881982752029163/,https://www.facebook.com/groups/1881982752029163/posts/4766270476933695/
1881982752029163,https://www.facebook.com/groups/1881982752029163/,https://www.facebook.com/groups/1881982752029163/posts/4765937310300345/
1881982752029163,https://www.facebook.com/groups/1881982752029163/,https://www.facebook.com/groups/1881982752029163/posts/4765696913657718/
1881982752029163,https://www.facebook.com/groups/1881982752029163/,https://www.facebook.com/groups/1881982752029163/posts/4766814166879326/
1881982752029163,https://www.facebook.com/groups/1881982752029163/,https://www.facebook.com/groups/1881982752029163/posts/4765642790329797/
1881982752029163,https://www.facebook.com/groups/1881982752029163/,https://www.facebook.com/groups/1881982752029163/posts/4766260563601353/
1881982752029163,https://www.facebook.com/groups/1881982752029163/,https://www.facebook.com/groups/1881982752029163/posts/4765981200295956/
1881982752029163,https://www.facebook.com/groups/1881982752029163/,https://www.facebook.com/groups/1881982752029163/posts/4766819873545422/
1881982752029163,https://www.facebook.com/groups/1881982752029163/,https://www.facebook.com/groups/1881982752029163/posts/4767008560193220/
1881982752029163,https://www.facebook.com/groups/1881982752029163/,https://www.facebook.com/groups/1881982752029163/posts/4767057540188322/
1881982752029163,https://www.facebook.com/groups/1881982752029163/,https://www.facebook.com/groups/1881982752029163/posts/4766295830264493/
1881982752029163,https://www.facebook.com/groups/1881982752029163/,https://www.facebook.com/groups/1881982752029163/posts/4766977286863014/
1881982752029163,https://www.facebook.com/groups/1881982752029163/,https://www.facebook.com/groups/1881982752029163/posts/4765882103639199/
1881982752029163,https://www.facebook.com/groups/1881982752029163/,https://www.facebook.com/groups/1881982752029163/posts/4766283946932348/
1881982752029163,https://www.facebook.com/groups/1881982752029163/,https://www.facebook.com/groups/1881982752029163/posts/4765695406991202/
1881982752029163,https://www.facebook.com/groups/1881982752029163/,https://www.facebook.com/groups/1881982752029163/posts/4766271880266888/
1881982752029163,https://www.facebook.com/groups/1881982752029163/,https://www.facebook.com/groups/1881982752029163/posts/4767064800187596/
1881982752029163,https://www.facebook.com/groups/1881982752029163/,https://www.facebook.com/groups/1881982752029163/posts/4766991676861575/
1881982752029163,https://www.facebook.com/groups/1881982752029163/,https://www.facebook.com/groups/1881982752029163/posts/4766800753547334/
1881982752029163,https://www.facebook.com/groups/1881982752029163/,https://www.facebook.com/groups/1881982752029163/posts/4766993463528063/
1881982752029163,https://www.facebook.com/groups/1881982752029163/,https://www.facebook.com/groups/1881982752029163/posts/4766271383600271/
1881982752029163,https://www.facebook.com/groups/1881982752029163/,https://www.facebook.com/groups/1881982752029163/posts/4766254696935273/
1881982752029163,https://www.facebook.com/groups/1881982752029163/,https://www.facebook.com/groups/1881982752029163/posts/4766258176934925/
1881982752029163,https://www.facebook.com/groups/1881982752029163/,https://www.facebook.com/groups/1881982752029163/posts/4766897633537646/
1881982752029163,https://www.facebook.com/groups/1881982752029163/,https://www.facebook.com/groups/1881982752029163/posts/4766728556887887/
1881982752029163,https://www.facebook.com/groups/1881982752029163/,https://www.facebook.com/groups/1881982752029163/posts/4766270530267023/
1881982752029163,https://www.facebook.com/groups/1881982752029163/,https://www.facebook.com/groups/1881982752029163/posts/4767026173524792/
1881982752029163,https://www.facebook.com/groups/1881982752029163/,https://www.facebook.com/groups/1881982752029163/posts/4766875190206557/
1881982752029163,https://www.facebook.com/groups/1881982752029163/,https://www.facebook.com/groups/1881982752029163/posts/4766201746940568/
1881982752029163,https://www.facebook.com/groups/1881982752029163/,https://www.facebook.com/groups/1881982752029163/posts/4766037706956972/
1881982752029163,https://www.facebook.com/groups/1881982752029163/,https://www.facebook.com/groups/1881982752029163/posts/4766378006922942/
1881982752029163,https://www.facebook.com/groups/1881982752029163/,https://www.facebook.com/groups/1881982752029163/posts/4766207726939970/
1881982752029163,https://www.facebook.com/groups/1881982752029163/,https://www.facebook.com/groups/1881982752029163/posts/4765640436996699/
1881982752029163,https://www.facebook.com/groups/1881982752029163/,https://www.facebook.com/groups/1881982752029163/posts/4765637166997026/
1881982752029163,https://www.facebook.com/groups/1881982752029163/,https://www.facebook.com/groups/1881982752029163/posts/4767107573516652/
1881982752029163,https://www.facebook.com/groups/1881982752029163/,https://www.facebook.com/groups/1881982752029163/posts/4766215520272524/
1881982752029163,https://www.facebook.com/groups/1881982752029163/,https://www.facebook.com/groups/1881982752029163/posts/4765793610314715/
1881982752029163,https://www.facebook.com/groups/1881982752029163/,https://www.facebook.com/groups/1881982752029163/posts/4767039213523488/
1881982752029163,https://www.facebook.com/groups/1881982752029163/,https://www.facebook.com/groups/1881982752029163/posts/4767128326847910/
1881982752029163,https://www.facebook.com/groups/1881982752029163/,https://www.facebook.com/groups/1881982752029163/posts/4767080820185994/
1881982752029163,https://www.facebook.com/groups/1881982752029163/,https://www.facebook.com/groups/1881982752029163/posts/4767074576853285/
1881982752029163,https://www.facebook.com/groups/1881982752029163/,https://www.facebook.com/groups/1881982752029163/posts/4766421500251926/
1881982752029163,https://www.facebook.com/groups/1881982752029163/,https://www.facebook.com/groups/1881982752029163/posts/4765827433644666/
1881982752029163,https://www.facebook.com/groups/1881982752029163/,https://www.facebook.com/groups/1881982752029163/posts/4766789180215158/
1881982752029163,https://www.facebook.com/groups/1881982752029163/,https://www.facebook.com/groups/1881982752029163/posts/4765278650366211/
1881982752029163,https://www.facebook.com/groups/1881982752029163/,https://www.facebook.com/groups/1881982752029163/posts/4766655376895205/
1881982752029163,https://www.facebook.com/groups/1881982752029163/,https://www.facebook.com/groups/1881982752029163/posts/4765222810371795/
1881982752029163,https://www.facebook.com/groups/1881982752029163/,https://www.facebook.com/groups/1881982752029163/posts/4765221350371941/
1881982752029163,https://www.facebook.com/groups/1881982752029163/,https://www.facebook.com/groups/1881982752029163/posts/4765240067036736/
1881982752029163,https://www.facebook.com/groups/1881982752029163/,https://www.facebook.com/groups/1881982752029163/posts/4765239660370110/
1881982752029163,https://www.facebook.com/groups/1881982752029163/,https://www.facebook.com/groups/1881982752029163/posts/4765233073704102/
1881982752029163,https://www.facebook.com/groups/1881982752029163/,https://www.facebook.com/groups/1881982752029163/posts/4765188163708593/
568026117396809,https://www.facebook.com/groups/568026117396809/,https://www.facebook.com/groups/568026117396809/posts/1931502734382467/
1928645537294336,https://www.facebook.com/groups/1928645537294336/,https://www.facebook.com/groups/1928645537294336/posts/3292487317576811/
1928645537294336,https://www.facebook.com/groups/1928645537294336/,https://www.facebook.com/groups/1928645537294336/posts/3291569274335282/
1928645537294336,https://www.facebook.com/groups/1928645537294336/,https://www.facebook.com/groups/1928645537294336/posts/3291996084292601/
1928645537294336,https://www.facebook.com/groups/1928645537294336/,https://www.facebook.com/groups/1928645537294336/posts/3292739617551581/
1928645537294336,https://www.facebook.com/groups/1928645537294336/,https://www.facebook.com/groups/1928645537294336/posts/3292519240906952/
1928645537294336,https://www.facebook.com/groups/1928645537294336/,https://www.facebook.com/groups/1928645537294336/posts/3291886580970218/
1928645537294336,https://www.facebook.com/groups/1928645537294336/,https://www.facebook.com/groups/chiangmairentals/posts/1915586179394986/
1928645537294336,https://www.facebook.com/groups/1928645537294336/,https://www.facebook.com/groups/1928645537294336/posts/3292699984222211/
1928645537294336,https://www.facebook.com/groups/1928645537294336/,https://www.facebook.com/groups/1928645537294336/posts/3291747380984138/
1928645537294336,https://www.facebook.com/groups/1928645537294336/,https://www.facebook.com/groups/1928645537294336/posts/3292692720889604/
1928645537294336,https://www.facebook.com/groups/1928645537294336/,https://www.facebook.com/groups/1928645537294336/posts/3292000604292149/
1928645537294336,https://www.facebook.com/groups/1928645537294336/,https://www.facebook.com/groups/1928645537294336/posts/3292013757624167/
1928645537294336,https://www.facebook.com/groups/1928645537294336/,https://www.facebook.com/groups/1928645537294336/posts/3291838940974982/
1928645537294336,https://www.facebook.com/groups/1928645537294336/,https://www.facebook.com/groups/1928645537294336/posts/3291737277651815/
1928645537294336,https://www.facebook.com/groups/1928645537294336/,https://www.facebook.com/groups/1928645537294336/posts/3291643864327823/
1928645537294336,https://www.facebook.com/groups/1928645537294336/,https://www.facebook.com/groups/1928645537294336/posts/3292837514208458/
1928645537294336,https://www.facebook.com/groups/1928645537294336/,https://www.facebook.com/groups/1928645537294336/posts/3292172380941638/
1928645537294336,https://www.facebook.com/groups/1928645537294336/,https://www.facebook.com/groups/1928645537294336/posts/3290846434407566/
1928645537294336,https://www.facebook.com/groups/1928645537294336/,https://www.facebook.com/groups/1928645537294336/posts/3291787637646779/
1928645537294336,https://www.facebook.com/groups/1928645537294336/,https://www.facebook.com/groups/1928645537294336/posts/3291795910979285/
1928645537294336,https://www.facebook.com/groups/1928645537294336/,https://www.facebook.com/groups/1928645537294336/posts/3291443601014516/
1928645537294336,https://www.facebook.com/groups/1928645537294336/,https://www.facebook.com/groups/1928645537294336/posts/3292841757541367/
1928645537294336,https://www.facebook.com/groups/1928645537294336/,https://www.facebook.com/groups/1928645537294336/posts/3292668784225331/
1928645537294336,https://www.facebook.com/groups/1928645537294336/,https://www.facebook.com/groups/1928645537294336/posts/3291987764293433/
1928645537294336,https://www.facebook.com/groups/1928645537294336/,https://www.facebook.com/groups/1928645537294336/posts/3291713584320851/
1928645537294336,https://www.facebook.com/groups/1928645537294336/,https://www.facebook.com/groups/1928645537294336/posts/3292059160952960/
1928645537294336,https://www.facebook.com/groups/1928645537294336/,https://www.facebook.com/groups/1928645537294336/posts/3292574847568058/
1928645537294336,https://www.facebook.com/groups/1928645537294336/,https://www.facebook.com/groups/1928645537294336/posts/3291518151007061/
1928645537294336,https://www.facebook.com/groups/1928645537294336/,https://www.facebook.com/groups/1928645537294336/posts/3292802930878583/
1928645537294336,https://www.facebook.com/groups/1928645537294336/,https://www.facebook.com/groups/1928645537294336/posts/3292107860948090/
1928645537294336,https://www.facebook.com/groups/1928645537294336/,https://www.facebook.com/groups/1928645537294336/posts/3292106344281575/
1928645537294336,https://www.facebook.com/groups/1928645537294336/,https://www.facebook.com/groups/1928645537294336/posts/3290988197726723/
1928645537294336,https://www.facebook.com/groups/1928645537294336/,https://www.facebook.com/groups/1928645537294336/posts/3291830550975821/
1928645537294336,https://www.facebook.com/groups/1928645537294336/,https://www.facebook.com/groups/1928645537294336/posts/3291455754346634/
1928645537294336,https://www.facebook.com/groups/1928645537294336/,https://www.facebook.com/groups/1928645537294336/posts/3291860944306115/
1928645537294336,https://www.facebook.com/groups/1928645537294336/,https://www.facebook.com/groups/1928645537294336/posts/3291530481005828/
1928645537294336,https://www.facebook.com/groups/1928645537294336/,https://www.facebook.com/groups/1928645537294336/posts/3291656597659883/
1928645537294336,https://www.facebook.com/groups/1928645537294336/,https://www.facebook.com/groups/142702946428033/posts/1777240802974231/
1928645537294336,https://www.facebook.com/groups/1928645537294336/,https://www.facebook.com/groups/1928645537294336/posts/3291825587642984/
1928645537294336,https://www.facebook.com/groups/1928645537294336/,https://www.facebook.com/groups/1928645537294336/posts/3291384387687104/
1928645537294336,https://www.facebook.com/groups/1928645537294336/,https://www.facebook.com/groups/1928645537294336/posts/3291920037633539/
1928645537294336,https://www.facebook.com/groups/1928645537294336/,https://www.facebook.com/groups/1928645537294336/posts/3292816557543887/
1928645537294336,https://www.facebook.com/groups/1928645537294336/,https://www.facebook.com/groups/1928645537294336/posts/3291548914337318/
1928645537294336,https://www.facebook.com/groups/1928645537294336/,https://www.facebook.com/groups/1928645537294336/posts/3290967181062158/
1928645537294336,https://www.facebook.com/groups/1928645537294336/,https://www.facebook.com/groups/1928645537294336/posts/3291469761011900/
1928645537294336,https://www.facebook.com/groups/1928645537294336/,https://www.facebook.com/groups/1928645537294336/posts/3291892387636304/
1928645537294336,https://www.facebook.com/groups/1928645537294336/,https://www.facebook.com/groups/1928645537294336/posts/3291100177715525/
1928645537294336,https://www.facebook.com/groups/1928645537294336/,https://www.facebook.com/groups/1928645537294336/posts/3292768544215355/
1928645537294336,https://www.facebook.com/groups/1928645537294336/,https://www.facebook.com/groups/1928645537294336/posts/3291835100975366/
1928645537294336,https://www.facebook.com/groups/1928645537294336/,https://www.facebook.com/groups/1928645537294336/posts/3292003620958514/
1928645537294336,https://www.facebook.com/groups/1928645537294336/,https://www.facebook.com/groups/1928645537294336/posts/3291554304336779/
1928645537294336,https://www.facebook.com/groups/1928645537294336/,https://www.facebook.com/groups/1928645537294336/posts/3291887910970085/
1928645537294336,https://www.facebook.com/groups/1928645537294336/,https://www.facebook.com/groups/1928645537294336/posts/3292605670898309/
1928645537294336,https://www.facebook.com/groups/1928645537294336/,https://www.facebook.com/groups/1928645537294336/posts/3292684697557073/
1928645537294336,https://www.facebook.com/groups/1928645537294336/,https://www.facebook.com/groups/1928645537294336/posts/3291456761013200/
1928645537294336,https://www.facebook.com/groups/1928645537294336/,https://www.facebook.com/groups/1928645537294336/posts/3292434050915471/
1928645537294336,https://www.facebook.com/groups/1928645537294336/,https://www.facebook.com/groups/1928645537294336/posts/3291622357663307/
1928645537294336,https://www.facebook.com/groups/1928645537294336/,https://www.facebook.com/groups/1928645537294336/posts/3292679104224299/
1928645537294336,https://www.facebook.com/groups/1928645537294336/,https://www.facebook.com/groups/1928645537294336/posts/3291452157680327/
1928645537294336,https://www.facebook.com/groups/1928645537294336/,https://www.facebook.com/groups/1928645537294336/posts/3291434687682074/
1928645537294336,https://www.facebook.com/groups/1928645537294336/,https://www.facebook.com/groups/1928645537294336/posts/3292013444290865/
1928645537294336,https://www.facebook.com/groups/1928645537294336/,https://www.facebook.com/groups/1928645537294336/posts/3292691540889722/
1928645537294336,https://www.facebook.com/groups/1928645537294336/,https://www.facebook.com/groups/1928645537294336/posts/3291414967684046/
1928645537294336,https://www.facebook.com/groups/1928645537294336/,https://www.facebook.com/groups/1928645537294336/posts/3292686110890265/
1928645537294336,https://www.facebook.com/groups/1928645537294336/,https://www.facebook.com/groups/1928645537294336/posts/3291874384304771/
1928645537294336,https://www.facebook.com/groups/1928645537294336/,https://www.facebook.com/groups/1928645537294336/posts/3291714980987378/
1928645537294336,https://www.facebook.com/groups/1928645537294336/,https://www.facebook.com/groups/1928645537294336/posts/3292585490900327/
1928645537294336,https://www.facebook.com/groups/1928645537294336/,https://www.facebook.com/groups/1928645537294336/posts/3290875401071336/
1928645537294336,https://www.facebook.com/groups/1928645537294336/,https://www.facebook.com/groups/1928645537294336/posts/3290853211073555/
1928645537294336,https://www.facebook.com/groups/1928645537294336/,https://www.facebook.com/groups/ddproperty/posts/25682411051376498/
1928645537294336,https://www.facebook.com/groups/1928645537294336/,https://www.facebook.com/groups/1928645537294336/posts/3291602344331975/
1928645537294336,https://www.facebook.com/groups/1928645537294336/,https://www.facebook.com/groups/1928645537294336/posts/3292581197567423/
1928645537294336,https://www.facebook.com/groups/1928645537294336/,https://www.facebook.com/groups/1928645537294336/posts/3291425671016309/
1928645537294336,https://www.facebook.com/groups/1928645537294336/,https://www.facebook.com/groups/1928645537294336/posts/3291460377679505/
1928645537294336,https://www.facebook.com/groups/1928645537294336/,https://www.facebook.com/groups/1928645537294336/posts/3291911917634351/
1928645537294336,https://www.facebook.com/groups/1928645537294336/,https://www.facebook.com/groups/1928645537294336/posts/3292005947624948/
1928645537294336,https://www.facebook.com/groups/1928645537294336/,https://www.facebook.com/groups/1928645537294336/posts/3292826857542857/
1928645537294336,https://www.facebook.com/groups/1928645537294336/,https://www.facebook.com/groups/1928645537294336/posts/3292690720889804/
1928645537294336,https://www.facebook.com/groups/1928645537294336/,https://www.facebook.com/groups/1928645537294336/posts/3291841744308035/
1928645537294336,https://www.facebook.com/groups/1928645537294336/,https://www.facebook.com/groups/1928645537294336/posts/3291726004319609/
1928645537294336,https://www.facebook.com/groups/1928645537294336/,https://www.facebook.com/groups/1928645537294336/posts/3291559091002967/
1928645537294336,https://www.facebook.com/groups/1928645537294336/,https://www.facebook.com/groups/1928645537294336/posts/3291843984307811/
1928645537294336,https://www.facebook.com/groups/1928645537294336/,https://www.facebook.com/groups/1928645537294336/posts/3291899847635558/
1928645537294336,https://www.facebook.com/groups/1928645537294336/,https://www.facebook.com/groups/1928645537294336/posts/3291957087629834/
1928645537294336,https://www.facebook.com/groups/1928645537294336/,https://www.facebook.com/groups/1928645537294336/posts/3291346744357535/
1928645537294336,https://www.facebook.com/groups/1928645537294336/,https://www.facebook.com/groups/1928645537294336/posts/3291705970988279/
1928645537294336,https://www.facebook.com/groups/1928645537294336/,https://www.facebook.com/groups/1928645537294336/posts/3291392437686299/
1928645537294336,https://www.facebook.com/groups/1928645537294336/,https://www.facebook.com/groups/1928645537294336/posts/3291845950974281/
1928645537294336,https://www.facebook.com/groups/1928645537294336/,https://www.facebook.com/groups/1928645537294336/posts/3291442681014608/
1928645537294336,https://www.facebook.com/groups/1928645537294336/,https://www.facebook.com/groups/1928645537294336/posts/3292682740890602/
1928645537294336,https://www.facebook.com/groups/1928645537294336/,https://www.facebook.com/groups/1928645537294336/posts/3291418554350354/
1928645537294336,https://www.facebook.com/groups/1928645537294336/,https://www.facebook.com/groups/1928645537294336/posts/3290867607738782/
1928645537294336,https://www.facebook.com/groups/1928645537294336/,https://www.facebook.com/groups/1928645537294336/posts/3292837584208451/
1928645537294336,https://www.facebook.com/groups/1928645537294336/,https://www.facebook.com/groups/1928645537294336/posts/3292418480917028/
1928645537294336,https://www.facebook.com/groups/1928645537294336/,https://www.facebook.com/groups/1928645537294336/posts/3291569397668603/
1928645537294336,https://www.facebook.com/groups/1928645537294336/,https://www.facebook.com/groups/1928645537294336/posts/3291650887660454/
1928645537294336,https://www.facebook.com/groups/1928645537294336/,https://www.facebook.com/groups/1928645537294336/posts/3291497984342411/
1928645537294336,https://www.facebook.com/groups/1928645537294336/,https://www.facebook.com/groups/1928645537294336/posts/3291707090988167/
1928645537294336,https://www.facebook.com/groups/1928645537294336/,https://www.facebook.com/groups/1928645537294336/posts/3292090590949817/
1928645537294336,https://www.facebook.com/groups/1928645537294336/,https://www.facebook.com/groups/1928645537294336/posts/3292167857608757/
1928645537294336,https://www.facebook.com/groups/1928645537294336/,https://www.facebook.com/groups/1928645537294336/posts/3291766884315521/
1928645537294336,https://www.facebook.com/groups/1928645537294336/,https://www.facebook.com/groups/1928645537294336/posts/3291680224324187/
1928645537294336,https://www.facebook.com/groups/1928645537294336/,https://www.facebook.com/groups/1928645537294336/posts/3292093387616204/
1928645537294336,https://www.facebook.com/groups/1928645537294336/,https://www.facebook.com/groups/1928645537294336/posts/3291464911012385/
1928645537294336,https://www.facebook.com/groups/1928645537294336/,https://www.facebook.com/groups/1928645537294336/posts/3291364961022380/
1928645537294336,https://www.facebook.com/groups/1928645537294336/,https://www.facebook.com/groups/1928645537294336/posts/3291675514324658/
1928645537294336,https://www.facebook.com/groups/1928645537294336/,https://www.facebook.com/groups/1928645537294336/posts/3291388891019987/
1928645537294336,https://www.facebook.com/groups/1928645537294336/,https://www.facebook.com/groups/1928645537294336/posts/3292049210953955/
1928645537294336,https://www.facebook.com/groups/1928645537294336/,https://www.facebook.com/groups/1928645537294336/posts/3290936261065250/
1928645537294336,https://www.facebook.com/groups/1928645537294336/,https://www.facebook.com/groups/1928645537294336/posts/3292055967619946/
1928645537294336,https://www.facebook.com/groups/1928645537294336/,https://www.facebook.com/groups/1928645537294336/posts/3291432314348978/
1928645537294336,https://www.facebook.com/groups/1928645537294336/,https://www.facebook.com/groups/1928645537294336/posts/3291472044345005/
1928645537294336,https://www.facebook.com/groups/1928645537294336/,https://www.facebook.com/groups/142702946428033/posts/1777400929624885/
1928645537294336,https://www.facebook.com/groups/1928645537294336/,https://www.facebook.com/groups/1928645537294336/posts/3291506204341589/
1928645537294336,https://www.facebook.com/groups/1928645537294336/,https://www.facebook.com/groups/1928645537294336/posts/3292427067582836/
1928645537294336,https://www.facebook.com/groups/1928645537294336/,https://www.facebook.com/groups/1928645537294336/posts/3290880774404132/
1928645537294336,https://www.facebook.com/groups/1928645537294336/,https://www.facebook.com/groups/1928645537294336/posts/3291974587628084/
1928645537294336,https://www.facebook.com/groups/1928645537294336/,https://www.facebook.com/groups/1928645537294336/posts/3291890640969812/
1928645537294336,https://www.facebook.com/groups/1928645537294336/,https://www.facebook.com/groups/1928645537294336/posts/3291723137653229/
1928645537294336,https://www.facebook.com/groups/1928645537294336/,https://www.facebook.com/groups/1928645537294336/posts/3291786327646910/
1928645537294336,https://www.facebook.com/groups/1928645537294336/,https://www.facebook.com/groups/1928645537294336/posts/3291447631014113/
1928645537294336,https://www.facebook.com/groups/1928645537294336/,https://www.facebook.com/groups/1928645537294336/posts/3292273677598175/
1928645537294336,https://www.facebook.com/groups/1928645537294336/,https://www.facebook.com/groups/1928645537294336/posts/3291594244332785/
1928645537294336,https://www.facebook.com/groups/1928645537294336/,https://www.facebook.com/groups/1928645537294336/posts/3292014880957388/
1928645537294336,https://www.facebook.com/groups/1928645537294336/,https://www.facebook.com/groups/1928645537294336/posts/3292423504249859/
1928645537294336,https://www.facebook.com/groups/1928645537294336/,https://www.facebook.com/groups/1928645537294336/posts/3292802290878647/
1928645537294336,https://www.facebook.com/groups/1928645537294336/,https://www.facebook.com/groups/1928645537294336/posts/3291948074297402/
1928645537294336,https://www.facebook.com/groups/1928645537294336/,https://www.facebook.com/groups/1928645537294336/posts/3292439784248231/
1928645537294336,https://www.facebook.com/groups/1928645537294336/,https://www.facebook.com/groups/1928645537294336/posts/3292558234236386/
1928645537294336,https://www.facebook.com/groups/1928645537294336/,https://www.facebook.com/groups/1928645537294336/posts/3291606910998185/
1928645537294336,https://www.facebook.com/groups/1928645537294336/,https://www.facebook.com/groups/1928645537294336/posts/3292659210892955/
1928645537294336,https://www.facebook.com/groups/1928645537294336/,https://www.facebook.com/groups/1928645537294336/posts/3290935357732007/
1928645537294336,https://www.facebook.com/groups/1928645537294336/,https://www.facebook.com/groups/1928645537294336/posts/3291766724315537/
1928645537294336,https://www.facebook.com/groups/1928645537294336/,https://www.facebook.com/groups/1928645537294336/posts/3291985107627032/
1928645537294336,https://www.facebook.com/groups/1928645537294336/,https://www.facebook.com/groups/1928645537294336/posts/3291837287641814/
1928645537294336,https://www.facebook.com/groups/1928645537294336/,https://www.facebook.com/groups/1928645537294336/posts/3292769897548553/
1928645537294336,https://www.facebook.com/groups/1928645537294336/,https://www.facebook.com/groups/ddproperty/posts/25682007188083551/
1928645537294336,https://www.facebook.com/groups/1928645537294336/,https://www.facebook.com/groups/1928645537294336/posts/3291918117633731/
1928645537294336,https://www.facebook.com/groups/1928645537294336/,https://www.facebook.com/groups/1928645537294336/posts/3292656567559886/
1928645537294336,https://www.facebook.com/groups/1928645537294336/,https://www.facebook.com/groups/1928645537294336/posts/3291411627684380/
1928645537294336,https://www.facebook.com/groups/1928645537294336/,https://www.facebook.com/groups/1928645537294336/posts/3291814947644048/
1928645537294336,https://www.facebook.com/groups/1928645537294336/,https://www.facebook.com/groups/1928645537294336/posts/3291898347635708/
1928645537294336,https://www.facebook.com/groups/1928645537294336/,https://www.facebook.com/groups/1928645537294336/posts/3292610370897839/
1928645537294336,https://www.facebook.com/groups/1928645537294336/,https://www.facebook.com/groups/1928645537294336/posts/3291479251010951/
1928645537294336,https://www.facebook.com/groups/1928645537294336/,https://www.facebook.com/groups/1928645537294336/posts/3292734250885451/
1928645537294336,https://www.facebook.com/groups/1928645537294336/,https://www.facebook.com/groups/1928645537294336/posts/3292795824212627/
1928645537294336,https://www.facebook.com/groups/1928645537294336/,https://www.facebook.com/groups/1928645537294336/posts/3292417417583801/
1928645537294336,https://www.facebook.com/groups/1928645537294336/,https://www.facebook.com/groups/1928645537294336/posts/3291768760982000/
1928645537294336,https://www.facebook.com/groups/1928645537294336/,https://www.facebook.com/groups/1928645537294336/posts/3291916064300603/
1928645537294336,https://www.facebook.com/groups/1928645537294336/,https://www.facebook.com/groups/1928645537294336/posts/3290983007727242/
1928645537294336,https://www.facebook.com/groups/1928645537294336/,https://www.facebook.com/groups/1928645537294336/posts/3291612407664302/
1928645537294336,https://www.facebook.com/groups/1928645537294336/,https://www.facebook.com/groups/1928645537294336/posts/3292079547617588/
1928645537294336,https://www.facebook.com/groups/1928645537294336/,https://www.facebook.com/groups/1928645537294336/posts/3291453297680213/
1928645537294336,https://www.facebook.com/groups/1928645537294336/,https://www.facebook.com/groups/1928645537294336/posts/3292822314209978/
1928645537294336,https://www.facebook.com/groups/1928645537294336/,https://www.facebook.com/groups/1928645537294336/posts/3292444470914429/
1928645537294336,https://www.facebook.com/groups/1928645537294336/,https://www.facebook.com/groups/1928645537294336/posts/3292250460933830/
1928645537294336,https://www.facebook.com/groups/1928645537294336/,https://www.facebook.com/groups/1928645537294336/posts/3291644304327779/
1928645537294336,https://www.facebook.com/groups/1928645537294336/,https://www.facebook.com/groups/1928645537294336/posts/3292025370956339/
1928645537294336,https://www.facebook.com/groups/1928645537294336/,https://www.facebook.com/groups/261935587853293/posts/1802915433755293/
1928645537294336,https://www.facebook.com/groups/1928645537294336/,https://www.facebook.com/groups/1928645537294336/posts/3291878020971074/
1928645537294336,https://www.facebook.com/groups/1928645537294336/,https://www.facebook.com/groups/1928645537294336/posts/3290977224394487/
1928645537294336,https://www.facebook.com/groups/1928645537294336/,https://www.facebook.com/groups/1928645537294336/posts/3291797927645750/
1928645537294336,https://www.facebook.com/groups/1928645537294336/,https://www.facebook.com/groups/1928645537294336/posts/3292795890879287/
1928645537294336,https://www.facebook.com/groups/1928645537294336/,https://www.facebook.com/groups/1928645537294336/posts/3291805070978369/
1928645537294336,https://www.facebook.com/groups/1928645537294336/,https://www.facebook.com/groups/1928645537294336/posts/3290976587727884/
1928645537294336,https://www.facebook.com/groups/1928645537294336/,https://www.facebook.com/groups/1928645537294336/posts/3292688770889999/
1928645537294336,https://www.facebook.com/groups/1928645537294336/,https://www.facebook.com/groups/1928645537294336/posts/3291699974322212/
1928645537294336,https://www.facebook.com/groups/1928645537294336/,https://www.facebook.com/groups/1928645537294336/posts/3291937357631807/
1928645537294336,https://www.facebook.com/groups/1928645537294336/,https://www.facebook.com/groups/1928645537294336/posts/3291413467684196/
1928645537294336,https://www.facebook.com/groups/1928645537294336/,https://www.facebook.com/groups/1928645537294336/posts/3291920630966813/
1928645537294336,https://www.facebook.com/groups/1928645537294336/,https://www.facebook.com/groups/1928645537294336/posts/3291844594307750/
1928645537294336,https://www.facebook.com/groups/1928645537294336/,https://www.facebook.com/groups/1928645537294336/posts/3292619647563578/
1928645537294336,https://www.facebook.com/groups/1928645537294336/,https://www.facebook.com/groups/1928645537294336/posts/3291438237681719/
1928645537294336,https://www.facebook.com/groups/1928645537294336/,https://www.facebook.com/groups/1928645537294336/posts/3292491540909722/
1928645537294336,https://www.facebook.com/groups/1928645537294336/,https://www.facebook.com/groups/1928645537294336/posts/3291660947659448/
1928645537294336,https://www.facebook.com/groups/1928645537294336/,https://www.facebook.com/groups/1928645537294336/posts/3292673224224887/
1928645537294336,https://www.facebook.com/groups/1928645537294336/,https://www.facebook.com/groups/1928645537294336/posts/3292099990948877/
1928645537294336,https://www.facebook.com/groups/1928645537294336/,https://www.facebook.com/groups/1928645537294336/posts/3292147750944101/
1928645537294336,https://www.facebook.com/groups/1928645537294336/,https://www.facebook.com/groups/1928645537294336/posts/3291599507665592/
1928645537294336,https://www.facebook.com/groups/1928645537294336/,https://www.facebook.com/groups/1928645537294336/posts/3292279877597555/
1928645537294336,https://www.facebook.com/groups/1928645537294336/,https://www.facebook.com/groups/1928645537294336/posts/3292180074274202/
1928645537294336,https://www.facebook.com/groups/1928645537294336/,https://www.facebook.com/groups/1928645537294336/posts/3291811437644399/
1928645537294336,https://www.facebook.com/groups/1928645537294336/,https://www.facebook.com/groups/1928645537294336/posts/3291654574326752/
1928645537294336,https://www.facebook.com/groups/1928645537294336/,https://www.facebook.com/groups/1928645537294336/posts/3291867814305428/
1928645537294336,https://www.facebook.com/groups/1928645537294336/,https://www.facebook.com/groups/1928645537294336/posts/3290888124403397/
1928645537294336,https://www.facebook.com/groups/1928645537294336/,https://www.facebook.com/groups/1928645537294336/posts/3292389324253277/
1928645537294336,https://www.facebook.com/groups/1928645537294336/,https://www.facebook.com/groups/1928645537294336/posts/3292650600893816/
1928645537294336,https://www.facebook.com/groups/1928645537294336/,https://www.facebook.com/groups/1928645537294336/posts/3291670237658519/
1928645537294336,https://www.facebook.com/groups/1928645537294336/,https://www.facebook.com/groups/1928645537294336/posts/3291948830963993/
1928645537294336,https://www.facebook.com/groups/1928645537294336/,https://www.facebook.com/groups/1928645537294336/posts/3292714484220761/
1928645537294336,https://www.facebook.com/groups/1928645537294336/,https://www.facebook.com/groups/1928645537294336/posts/3291619397663603/
1928645537294336,https://www.facebook.com/groups/1928645537294336/,https://www.facebook.com/groups/1928645537294336/posts/3292474247578118/
1928645537294336,https://www.facebook.com/groups/1928645537294336/,https://www.facebook.com/groups/1928645537294336/posts/3292720777553465/
1928645537294336,https://www.facebook.com/groups/1928645537294336/,https://www.facebook.com/groups/1928645537294336/posts/3292143757611167/
1928645537294336,https://www.facebook.com/groups/1928645537294336/,https://www.facebook.com/groups/1928645537294336/posts/3292241794268030/
1928645537294336,https://www.facebook.com/groups/1928645537294336/,https://www.facebook.com/groups/1928645537294336/posts/3291686804323529/
1928645537294336,https://www.facebook.com/groups/1928645537294336/,https://www.facebook.com/groups/1928645537294336/posts/3291990400959836/
1928645537294336,https://www.facebook.com/groups/1928645537294336/,https://www.facebook.com/groups/1928645537294336/posts/3291573991001477/
1928645537294336,https://www.facebook.com/groups/1928645537294336/,https://www.facebook.com/groups/1928645537294336/posts/3291471457678397/
1928645537294336,https://www.facebook.com/groups/1928645537294336/,https://www.facebook.com/groups/1928645537294336/posts/3292717907553752/
1928645537294336,https://www.facebook.com/groups/1928645537294336/,https://www.facebook.com/groups/1928645537294336/posts/3292420077583535/
1928645537294336,https://www.facebook.com/groups/1928645537294336/,https://www.facebook.com/groups/1928645537294336/posts/3290875257738017/
1928645537294336,https://www.facebook.com/groups/1928645537294336/,https://www.facebook.com/groups/1928645537294336/posts/3292443424247867/
1928645537294336,https://www.facebook.com/groups/1928645537294336/,https://www.facebook.com/groups/1928645537294336/posts/3292627434229466/
1928645537294336,https://www.facebook.com/groups/1928645537294336/,https://www.facebook.com/groups/1928645537294336/posts/3291942280964648/
1928645537294336,https://www.facebook.com/groups/1928645537294336/,https://www.facebook.com/groups/1928645537294336/posts/3292051407620402/
1928645537294336,https://www.facebook.com/groups/1928645537294336/,https://www.facebook.com/groups/1928645537294336/posts/3291482354343974/
1928645537294336,https://www.facebook.com/groups/1928645537294336/,https://www.facebook.com/groups/1928645537294336/posts/3292827760876100/
1928645537294336,https://www.facebook.com/groups/1928645537294336/,https://www.facebook.com/groups/1928645537294336/posts/3291962994295910/
1928645537294336,https://www.facebook.com/groups/1928645537294336/,https://www.facebook.com/groups/1928645537294336/posts/3291538407671702/
1928645537294336,https://www.facebook.com/groups/1928645537294336/,https://www.facebook.com/groups/1928645537294336/posts/3291461357679407/
1928645537294336,https://www.facebook.com/groups/1928645537294336/,https://www.facebook.com/groups/1928645537294336/posts/3292675254224684/
1928645537294336,https://www.facebook.com/groups/1928645537294336/,https://www.facebook.com/groups/1928645537294336/posts/3292779060880970/
1928645537294336,https://www.facebook.com/groups/1928645537294336/,https://www.facebook.com/groups/1928645537294336/posts/3292141107611432/
1928645537294336,https://www.facebook.com/groups/1928645537294336/,https://www.facebook.com/groups/1928645537294336/posts/3291427041016172/
1928645537294336,https://www.facebook.com/groups/1928645537294336/,https://www.facebook.com/groups/1928645537294336/posts/3292739090884967/
1928645537294336,https://www.facebook.com/groups/1928645537294336/,https://www.facebook.com/groups/1928645537294336/posts/3291814374310772/
1928645537294336,https://www.facebook.com/groups/1928645537294336/,https://www.facebook.com/groups/1928645537294336/posts/3291665444325665/
1928645537294336,https://www.facebook.com/groups/1928645537294336/,https://www.facebook.com/groups/1928645537294336/posts/3291818020977074/
1928645537294336,https://www.facebook.com/groups/1928645537294336/,https://www.facebook.com/groups/1928645537294336/posts/3292464854245724/
298821664628156,https://www.facebook.com/groups/298821664628156/,https://www.facebook.com/groups/298821664628156/posts/1675483413628634/
903971886395138,https://www.facebook.com/groups/903971886395138/,https://www.facebook.com/groups/903971886395138/posts/24802818646083794/
903971886395138,https://www.facebook.com/groups/903971886395138/,https://www.facebook.com/groups/903971886395138/posts/24807911432241182/
250469775470436,https://www.facebook.com/groups/250469775470436/,https://www.facebook.com/groups/250469775470436/posts/2303606766823383/
250469775470436,https://www.facebook.com/groups/250469775470436/,https://www.facebook.com/groups/250469775470436/posts/2303481053502621/
250469775470436,https://www.facebook.com/groups/250469775470436/,https://www.facebook.com/groups/250469775470436/posts/2302785226905537/
250469775470436,https://www.facebook.com/groups/250469775470436/,https://www.facebook.com/groups/250469775470436/posts/2302165176967542/
250469775470436,https://www.facebook.com/groups/250469775470436/,https://www.facebook.com/groups/250469775470436/posts/2302474803603246/
250469775470436,https://www.facebook.com/groups/250469775470436/,https://www.facebook.com/groups/250469775470436/posts/2302676910249702/
250469775470436,https://www.facebook.com/groups/250469775470436/,https://www.facebook.com/groups/250469775470436/posts/2302509643599762/
250469775470436,https://www.facebook.com/groups/250469775470436/,https://www.facebook.com/groups/250469775470436/posts/2303327770184616/
250469775470436,https://www.facebook.com/groups/250469775470436/,https://www.facebook.com/groups/250469775470436/posts/2302584130258980/
250469775470436,https://www.facebook.com/groups/250469775470436/,https://www.facebook.com/groups/250469775470436/posts/2303667423483984/
250469775470436,https://www.facebook.com/groups/250469775470436/,https://www.facebook.com/groups/250469775470436/posts/2302686690248724/
250469775470436,https://www.facebook.com/groups/250469775470436/,https://www.facebook.com/groups/1919824171581033/posts/4464239017139523/
250469775470436,https://www.facebook.com/groups/250469775470436/,https://www.facebook.com/groups/250469775470436/posts/2302951510222242/
250469775470436,https://www.facebook.com/groups/250469775470436/,https://www.facebook.com/groups/250469775470436/posts/2302119503638776/
250469775470436,https://www.facebook.com/groups/250469775470436/,https://www.facebook.com/groups/250469775470436/posts/2303479746836085/
250469775470436,https://www.facebook.com/groups/250469775470436/,https://www.facebook.com/groups/250469775470436/posts/2302760256908034/
250469775470436,https://www.facebook.com/groups/250469775470436/,https://www.facebook.com/groups/250469775470436/posts/2301943500323043/
250469775470436,https://www.facebook.com/groups/250469775470436/,https://www.facebook.com/groups/250469775470436/posts/2302751920242201/
250469775470436,https://www.facebook.com/groups/250469775470436/,https://www.facebook.com/groups/250469775470436/posts/2303574686826591/
250469775470436,https://www.facebook.com/groups/250469775470436/,https://www.facebook.com/groups/250469775470436/posts/2303670496817010/
250469775470436,https://www.facebook.com/groups/250469775470436/,https://www.facebook.com/groups/250469775470436/posts/2303657646818295/
250469775470436,https://www.facebook.com/groups/250469775470436/,https://www.facebook.com/groups/250469775470436/posts/2303656470151746/
250469775470436,https://www.facebook.com/groups/250469775470436/,https://www.facebook.com/groups/250469775470436/posts/2303651053485621/
250469775470436,https://www.facebook.com/groups/250469775470436/,https://www.facebook.com/groups/250469775470436/posts/2303644340152959/
250469775470436,https://www.facebook.com/groups/250469775470436/,https://www.facebook.com/groups/250469775470436/posts/2303629123487814/
250469775470436,https://www.facebook.com/groups/250469775470436/,https://www.facebook.com/groups/250469775470436/posts/2303627996821260/
250469775470436,https://www.facebook.com/groups/250469775470436/,https://www.facebook.com/groups/250469775470436/posts/2303622490155144/
250469775470436,https://www.facebook.com/groups/250469775470436/,https://www.facebook.com/groups/250469775470436/posts/2303616096822450/
250469775470436,https://www.facebook.com/groups/250469775470436/,https://www.facebook.com/groups/250469775470436/posts/2303613120156081/
250469775470436,https://www.facebook.com/groups/250469775470436/,https://www.facebook.com/groups/250469775470436/posts/2303603416823718/
250469775470436,https://www.facebook.com/groups/250469775470436/,https://www.facebook.com/groups/250469775470436/posts/2303601636823896/
250469775470436,https://www.facebook.com/groups/250469775470436/,https://www.facebook.com/groups/250469775470436/posts/2303600303490696/
250469775470436,https://www.facebook.com/groups/250469775470436/,https://www.facebook.com/groups/250469775470436/posts/2303598336824226/
250469775470436,https://www.facebook.com/groups/250469775470436/,https://www.facebook.com/groups/250469775470436/posts/2303597743490952/
250469775470436,https://www.facebook.com/groups/250469775470436/,https://www.facebook.com/groups/250469775470436/posts/2303591886824871/
250469775470436,https://www.facebook.com/groups/250469775470436/,https://www.facebook.com/groups/250469775470436/posts/2303588850158508/
250469775470436,https://www.facebook.com/groups/250469775470436/,https://www.facebook.com/groups/250469775470436/posts/2303586343492092/
250469775470436,https://www.facebook.com/groups/250469775470436/,https://www.facebook.com/groups/250469775470436/posts/2303584466825613/
250469775470436,https://www.facebook.com/groups/250469775470436/,https://www.facebook.com/groups/250469775470436/posts/2303576296826430/
250469775470436,https://www.facebook.com/groups/250469775470436/,https://www.facebook.com/groups/250469775470436/posts/2303575896826470/
250469775470436,https://www.facebook.com/groups/250469775470436/,https://www.facebook.com/groups/250469775470436/posts/2303562843494442/
250469775470436,https://www.facebook.com/groups/250469775470436/,https://www.facebook.com/groups/250469775470436/posts/2303550246829035/
250469775470436,https://www.facebook.com/groups/250469775470436/,https://www.facebook.com/groups/250469775470436/posts/2303549700162423/
250469775470436,https://www.facebook.com/groups/250469775470436/,https://www.facebook.com/groups/250469775470436/posts/2303545520162841/
250469775470436,https://www.facebook.com/groups/250469775470436/,https://www.facebook.com/groups/250469775470436/posts/2303545263496200/
250469775470436,https://www.facebook.com/groups/250469775470436/,https://www.facebook.com/groups/250469775470436/posts/2303543806829679/
250469775470436,https://www.facebook.com/groups/250469775470436/,https://www.facebook.com/groups/250469775470436/posts/2303541876829872/
250469775470436,https://www.facebook.com/groups/250469775470436/,https://www.facebook.com/groups/250469775470436/posts/2303530253497701/
250469775470436,https://www.facebook.com/groups/250469775470436/,https://www.facebook.com/groups/250469775470436/posts/2303528663497860/
250469775470436,https://www.facebook.com/groups/250469775470436/,https://www.facebook.com/groups/250469775470436/posts/2303528616831198/
250469775470436,https://www.facebook.com/groups/250469775470436/,https://www.facebook.com/groups/250469775470436/posts/2303527006831359/
250469775470436,https://www.facebook.com/groups/250469775470436/,https://www.facebook.com/groups/250469775470436/posts/2303524203498306/
250469775470436,https://www.facebook.com/groups/250469775470436/,https://www.facebook.com/groups/250469775470436/posts/2303523920165001/
250469775470436,https://www.facebook.com/groups/250469775470436/,https://www.facebook.com/groups/250469775470436/posts/2303514753499251/
250469775470436,https://www.facebook.com/groups/250469775470436/,https://www.facebook.com/groups/250469775470436/posts/2303508330166560/
250469775470436,https://www.facebook.com/groups/250469775470436/,https://www.facebook.com/groups/250469775470436/posts/2303506156833444/
250469775470436,https://www.facebook.com/groups/250469775470436/,https://www.facebook.com/groups/250469775470436/posts/2303502090167184/
250469775470436,https://www.facebook.com/groups/250469775470436/,https://www.facebook.com/groups/250469775470436/posts/2303493703501356/
250469775470436,https://www.facebook.com/groups/250469775470436/,https://www.facebook.com/groups/250469775470436/posts/2303491020168291/
250469775470436,https://www.facebook.com/groups/250469775470436/,https://www.facebook.com/groups/250469775470436/posts/2303490500168343/
250469775470436,https://www.facebook.com/groups/250469775470436/,https://www.facebook.com/groups/250469775470436/posts/2303489120168481/
250469775470436,https://www.facebook.com/groups/250469775470436/,https://www.facebook.com/groups/250469775470436/posts/2303484096835650/
250469775470436,https://www.facebook.com/groups/250469775470436/,https://www.facebook.com/groups/250469775470436/posts/2303475303503196/
250469775470436,https://www.facebook.com/groups/250469775470436/,https://www.facebook.com/groups/250469775470436/posts/2303469310170462/
250469775470436,https://www.facebook.com/groups/250469775470436/,https://www.facebook.com/groups/250469775470436/posts/2303458173504909/
250469775470436,https://www.facebook.com/groups/250469775470436/,https://www.facebook.com/groups/250469775470436/posts/2303457110171682/
250469775470436,https://www.facebook.com/groups/250469775470436/,https://www.facebook.com/groups/250469775470436/posts/2303454910171902/
250469775470436,https://www.facebook.com/groups/250469775470436/,https://www.facebook.com/groups/250469775470436/posts/2303452493505477/
250469775470436,https://www.facebook.com/groups/250469775470436/,https://www.facebook.com/groups/250469775470436/posts/2303449736839086/
250469775470436,https://www.facebook.com/groups/250469775470436/,https://www.facebook.com/groups/250469775470436/posts/2303447826839277/
250469775470436,https://www.facebook.com/groups/250469775470436/,https://www.facebook.com/groups/250469775470436/posts/2303447690172624/
250469775470436,https://www.facebook.com/groups/250469775470436/,https://www.facebook.com/groups/250469775470436/posts/2303442546839805/
250469775470436,https://www.facebook.com/groups/250469775470436/,https://www.facebook.com/groups/250469775470436/posts/2303442030173190/
250469775470436,https://www.facebook.com/groups/250469775470436/,https://www.facebook.com/groups/250469775470436/posts/2303439013506825/
250469775470436,https://www.facebook.com/groups/250469775470436/,https://www.facebook.com/groups/250469775470436/posts/2303436183507108/
250469775470436,https://www.facebook.com/groups/250469775470436/,https://www.facebook.com/groups/250469775470436/posts/2303435826840477/
250469775470436,https://www.facebook.com/groups/250469775470436/,https://www.facebook.com/groups/250469775470436/posts/2303432573507469/
250469775470436,https://www.facebook.com/groups/250469775470436/,https://www.facebook.com/groups/250469775470436/posts/2303428423507884/
250469775470436,https://www.facebook.com/groups/250469775470436/,https://www.facebook.com/groups/250469775470436/posts/2303409276843132/
250469775470436,https://www.facebook.com/groups/250469775470436/,https://www.facebook.com/groups/250469775470436/posts/2303406570176736/
250469775470436,https://www.facebook.com/groups/250469775470436/,https://www.facebook.com/groups/250469775470436/posts/2303393910178002/
250469775470436,https://www.facebook.com/groups/250469775470436/,https://www.facebook.com/groups/250469775470436/posts/2303389483511778/
250469775470436,https://www.facebook.com/groups/250469775470436/,https://www.facebook.com/groups/250469775470436/posts/2303388456845214/
250469775470436,https://www.facebook.com/groups/250469775470436/,https://www.facebook.com/groups/250469775470436/posts/2303385996845460/
250469775470436,https://www.facebook.com/groups/250469775470436/,https://www.facebook.com/groups/250469775470436/posts/2303378210179572/
250469775470436,https://www.facebook.com/groups/250469775470436/,https://www.facebook.com/groups/250469775470436/posts/2303366193514107/
250469775470436,https://www.facebook.com/groups/250469775470436/,https://www.facebook.com/groups/250469775470436/posts/2303365536847506/
250469775470436,https://www.facebook.com/groups/250469775470436/,https://www.facebook.com/groups/250469775470436/posts/2303361006847959/
250469775470436,https://www.facebook.com/groups/250469775470436/,https://www.facebook.com/groups/250469775470436/posts/2303357706848289/
250469775470436,https://www.facebook.com/groups/250469775470436/,https://www.facebook.com/groups/250469775470436/posts/2303350466849013/
250469775470436,https://www.facebook.com/groups/250469775470436/,https://www.facebook.com/groups/250469775470436/posts/2303340630183330/
250469775470436,https://www.facebook.com/groups/250469775470436/,https://www.facebook.com/groups/250469775470436/posts/2303324573518269/
250469775470436,https://www.facebook.com/groups/250469775470436/,https://www.facebook.com/groups/250469775470436/posts/2303321543518572/
250469775470436,https://www.facebook.com/groups/250469775470436/,https://www.facebook.com/groups/250469775470436/posts/2303320113518715/
250469775470436,https://www.facebook.com/groups/250469775470436/,https://www.facebook.com/groups/250469775470436/posts/2303310186853041/
250469775470436,https://www.facebook.com/groups/250469775470436/,https://www.facebook.com/groups/250469775470436/posts/2303177573532969/
250469775470436,https://www.facebook.com/groups/250469775470436/,https://www.facebook.com/groups/250469775470436/posts/2303140186870041/
250469775470436,https://www.facebook.com/groups/250469775470436/,https://www.facebook.com/groups/250469775470436/posts/2303131273537599/
250469775470436,https://www.facebook.com/groups/250469775470436/,https://www.facebook.com/groups/250469775470436/posts/2303120453538681/
250469775470436,https://www.facebook.com/groups/250469775470436/,https://www.facebook.com/groups/250469775470436/posts/2303117240205669/
250469775470436,https://www.facebook.com/groups/250469775470436/,https://www.facebook.com/groups/250469775470436/posts/2303108923539834/
250469775470436,https://www.facebook.com/groups/250469775470436/,https://www.facebook.com/groups/250469775470436/posts/2303105546873505/
250469775470436,https://www.facebook.com/groups/250469775470436/,https://www.facebook.com/groups/250469775470436/posts/2303084166875643/
250469775470436,https://www.facebook.com/groups/250469775470436/,https://www.facebook.com/groups/250469775470436/posts/2303079006876159/
250469775470436,https://www.facebook.com/groups/250469775470436/,https://www.facebook.com/groups/250469775470436/posts/2303066210210772/
250469775470436,https://www.facebook.com/groups/250469775470436/,https://www.facebook.com/groups/250469775470436/posts/2303060483544678/
250469775470436,https://www.facebook.com/groups/250469775470436/,https://www.facebook.com/groups/250469775470436/posts/2303047383545988/
250469775470436,https://www.facebook.com/groups/250469775470436/,https://www.facebook.com/groups/250469775470436/posts/2303040256880034/
250469775470436,https://www.facebook.com/groups/250469775470436/,https://www.facebook.com/groups/250469775470436/posts/2303035183547208/
250469775470436,https://www.facebook.com/groups/250469775470436/,https://www.facebook.com/groups/250469775470436/posts/2303024730214920/
250469775470436,https://www.facebook.com/groups/250469775470436/,https://www.facebook.com/groups/250469775470436/posts/2303023173548409/
250469775470436,https://www.facebook.com/groups/250469775470436/,https://www.facebook.com/groups/250469775470436/posts/2303020830215310/
250469775470436,https://www.facebook.com/groups/250469775470436/,https://www.facebook.com/groups/250469775470436/posts/2303018690215524/
250469775470436,https://www.facebook.com/groups/250469775470436/,https://www.facebook.com/groups/250469775470436/posts/2303011870216206/
250469775470436,https://www.facebook.com/groups/250469775470436/,https://www.facebook.com/groups/250469775470436/posts/2303011313549595/
250469775470436,https://www.facebook.com/groups/250469775470436/,https://www.facebook.com/groups/250469775470436/posts/2303008926883167/
250469775470436,https://www.facebook.com/groups/250469775470436/,https://www.facebook.com/groups/250469775470436/posts/2302987120218681/
250469775470436,https://www.facebook.com/groups/250469775470436/,https://www.facebook.com/groups/250469775470436/posts/2302983636885696/
250469775470436,https://www.facebook.com/groups/250469775470436/,https://www.facebook.com/groups/250469775470436/posts/2302982040219189/
1873094122912006,https://www.facebook.com/groups/1873094122912006/,https://www.facebook.com/groups/1873094122912006/posts/4199238583630870/
1873094122912006,https://www.facebook.com/groups/1873094122912006/,https://www.facebook.com/groups/1873094122912006/posts/4198713710350024/
1873094122912006,https://www.facebook.com/groups/1873094122912006/,https://www.facebook.com/groups/1873094122912006/posts/4199638560257539/
1873094122912006,https://www.facebook.com/groups/1873094122912006/,https://www.facebook.com/groups/1873094122912006/posts/4199565263598202/
1873094122912006,https://www.facebook.com/groups/1873094122912006/,https://www.facebook.com/groups/1873094122912006/posts/4199259980295397/
1873094122912006,https://www.facebook.com/groups/1873094122912006/,https://www.facebook.com/groups/1873094122912006/posts/4199538920267503/
1873094122912006,https://www.facebook.com/groups/1873094122912006/,https://www.facebook.com/groups/1873094122912006/posts/4199336726954389/
1873094122912006,https://www.facebook.com/groups/1873094122912006/,https://www.facebook.com/groups/1873094122912006/posts/4199243876963674/
1873094122912006,https://www.facebook.com/groups/1873094122912006/,https://www.facebook.com/groups/1873094122912006/posts/4199363636951698/
1873094122912006,https://www.facebook.com/groups/1873094122912006/,https://www.facebook.com/groups/1873094122912006/posts/4199232333631495/
1873094122912006,https://www.facebook.com/groups/1873094122912006/,https://www.facebook.com/groups/1873094122912006/posts/4199665076921554/
1873094122912006,https://www.facebook.com/groups/1873094122912006/,https://www.facebook.com/groups/1873094122912006/posts/4199483263606402/
1873094122912006,https://www.facebook.com/groups/1873094122912006/,https://www.facebook.com/groups/1873094122912006/posts/4199457570275638/
1873094122912006,https://www.facebook.com/groups/1873094122912006/,https://www.facebook.com/groups/1873094122912006/posts/4199670020254393/
1873094122912006,https://www.facebook.com/groups/1873094122912006/,https://www.facebook.com/groups/1873094122912006/posts/4199486626939399/
1873094122912006,https://www.facebook.com/groups/1873094122912006/,https://www.facebook.com/groups/1873094122912006/posts/4198994766988585/
1873094122912006,https://www.facebook.com/groups/1873094122912006/,https://www.facebook.com/groups/1873094122912006/posts/4199599023594826/
1873094122912006,https://www.facebook.com/groups/1873094122912006/,https://www.facebook.com/groups/1873094122912006/posts/4199502406937821/
1873094122912006,https://www.facebook.com/groups/1873094122912006/,https://www.facebook.com/groups/1873094122912006/posts/4199651886922873/
1873094122912006,https://www.facebook.com/groups/1873094122912006/,https://www.facebook.com/groups/1873094122912006/posts/4199658553588873/
1873094122912006,https://www.facebook.com/groups/1873094122912006/,https://www.facebook.com/groups/buyandsellchaingmai/posts/3376300885869032/
1873094122912006,https://www.facebook.com/groups/1873094122912006/,https://www.facebook.com/groups/1873094122912006/posts/4199647803589948/
1873094122912006,https://www.facebook.com/groups/1873094122912006/,https://www.facebook.com/groups/1873094122912006/posts/4199667883587940/
1873094122912006,https://www.facebook.com/groups/1873094122912006/,https://www.facebook.com/groups/1873094122912006/posts/4199551826932879/
1873094122912006,https://www.facebook.com/groups/1873094122912006/,https://www.facebook.com/groups/1873094122912006/posts/4199478753606853/
1873094122912006,https://www.facebook.com/groups/1873094122912006/,https://www.facebook.com/groups/1873094122912006/posts/4199682093586519/
1873094122912006,https://www.facebook.com/groups/1873094122912006/,https://www.facebook.com/groups/1873094122912006/posts/4199475130273882/
1873094122912006,https://www.facebook.com/groups/1873094122912006/,https://www.facebook.com/groups/1873094122912006/posts/4199329726955089/
1873094122912006,https://www.facebook.com/groups/1873094122912006/,https://www.facebook.com/groups/1873094122912006/posts/4198907336997328/
1873094122912006,https://www.facebook.com/groups/1873094122912006/,https://www.facebook.com/groups/1873094122912006/posts/4198845330336862/
1873094122912006,https://www.facebook.com/groups/1873094122912006/,https://www.facebook.com/groups/1873094122912006/posts/4199598006928261/
1873094122912006,https://www.facebook.com/groups/1873094122912006/,https://www.facebook.com/groups/1873094122912006/posts/4199226523632076/
1873094122912006,https://www.facebook.com/groups/1873094122912006/,https://www.facebook.com/groups/1873094122912006/posts/4199493640272031/
1873094122912006,https://www.facebook.com/groups/1873094122912006/,https://www.facebook.com/groups/1873094122912006/posts/4199657806922281/
1873094122912006,https://www.facebook.com/groups/1873094122912006/,https://www.facebook.com/groups/1873094122912006/posts/4199501743604554/
1873094122912006,https://www.facebook.com/groups/1873094122912006/,https://www.facebook.com/groups/1873094122912006/posts/4199435360277859/
1873094122912006,https://www.facebook.com/groups/1873094122912006/,https://www.facebook.com/groups/1873094122912006/posts/4199678406920221/
1873094122912006,https://www.facebook.com/groups/1873094122912006/,https://www.facebook.com/groups/1873094122912006/posts/4199511046936957/
1873094122912006,https://www.facebook.com/groups/1873094122912006/,https://www.facebook.com/groups/1873094122912006/posts/4199410050280390/
1873094122912006,https://www.facebook.com/groups/1873094122912006/,https://www.facebook.com/groups/1873094122912006/posts/4199275143627214/
1873094122912006,https://www.facebook.com/groups/1873094122912006/,https://www.facebook.com/groups/1873094122912006/posts/4198873793667349/
1873094122912006,https://www.facebook.com/groups/1873094122912006/,https://www.facebook.com/groups/1873094122912006/posts/4198824673672261/
1873094122912006,https://www.facebook.com/groups/1873094122912006/,https://www.facebook.com/groups/1873094122912006/posts/4199398110281584/
1873094122912006,https://www.facebook.com/groups/1873094122912006/,https://www.facebook.com/groups/1873094122912006/posts/4199111913643537/
1873094122912006,https://www.facebook.com/groups/1873094122912006/,https://www.facebook.com/groups/1873094122912006/posts/4199577836930278/
1873094122912006,https://www.facebook.com/groups/1873094122912006/,https://www.facebook.com/groups/1873094122912006/posts/4198971680324227/
1873094122912006,https://www.facebook.com/groups/1873094122912006/,https://www.facebook.com/groups/1873094122912006/posts/4199271946960867/
1873094122912006,https://www.facebook.com/groups/1873094122912006/,https://www.facebook.com/groups/1873094122912006/posts/4199673916920670/
1873094122912006,https://www.facebook.com/groups/1873094122912006/,https://www.facebook.com/groups/1873094122912006/posts/4199435060277889/
1873094122912006,https://www.facebook.com/groups/1873094122912006/,https://www.facebook.com/groups/1873094122912006/posts/4199523503602378/
1873094122912006,https://www.facebook.com/groups/1873094122912006/,https://www.facebook.com/groups/1873094122912006/posts/4199046853650043/
1873094122912006,https://www.facebook.com/groups/1873094122912006/,https://www.facebook.com/groups/1873094122912006/posts/4199265353628193/
1873094122912006,https://www.facebook.com/groups/1873094122912006/,https://www.facebook.com/groups/1873094122912006/posts/4199576733597055/
1873094122912006,https://www.facebook.com/groups/1873094122912006/,https://www.facebook.com/groups/1873094122912006/posts/4199041610317234/
1873094122912006,https://www.facebook.com/groups/1873094122912006/,https://www.facebook.com/groups/1873094122912006/posts/4199500923604636/
1873094122912006,https://www.facebook.com/groups/1873094122912006/,https://www.facebook.com/groups/1873094122912006/posts/4199295173625211/
1873094122912006,https://www.facebook.com/groups/1873094122912006/,https://www.facebook.com/groups/1873094122912006/posts/4199367403617988/
1873094122912006,https://www.facebook.com/groups/1873094122912006/,https://www.facebook.com/groups/1873094122912006/posts/4199279483626780/
1873094122912006,https://www.facebook.com/groups/1873094122912006/,https://www.facebook.com/groups/1873094122912006/posts/4199277126960349/
1873094122912006,https://www.facebook.com/groups/1873094122912006/,https://www.facebook.com/groups/1873094122912006/posts/4198809613673767/
1873094122912006,https://www.facebook.com/groups/1873094122912006/,https://www.facebook.com/groups/1873094122912006/posts/4199661500255245/
1873094122912006,https://www.facebook.com/groups/1873094122912006/,https://www.facebook.com/groups/1873094122912006/posts/4199259320295463/
1873094122912006,https://www.facebook.com/groups/1873094122912006/,https://www.facebook.com/groups/1873094122912006/posts/4198870577001004/
1873094122912006,https://www.facebook.com/groups/1873094122912006/,https://www.facebook.com/groups/1873094122912006/posts/4199440953610633/
1873094122912006,https://www.facebook.com/groups/1873094122912006/,https://www.facebook.com/groups/1873094122912006/posts/4199415583613170/
1873094122912006,https://www.facebook.com/groups/1873094122912006/,https://www.facebook.com/groups/1873094122912006/posts/4199515520269843/
1873094122912006,https://www.facebook.com/groups/1873094122912006/,https://www.facebook.com/groups/1873094122912006/posts/4199547123600016/
1873094122912006,https://www.facebook.com/groups/1873094122912006/,https://www.facebook.com/groups/1873094122912006/posts/4199542423600486/
1873094122912006,https://www.facebook.com/groups/1873094122912006/,https://www.facebook.com/groups/1873094122912006/posts/4199485940272801/
1873094122912006,https://www.facebook.com/groups/1873094122912006/,https://www.facebook.com/groups/1873094122912006/posts/4199299356958126/
1873094122912006,https://www.facebook.com/groups/1873094122912006/,https://www.facebook.com/groups/1873094122912006/posts/4198918576996204/
1873094122912006,https://www.facebook.com/groups/1873094122912006/,https://www.facebook.com/groups/1873094122912006/posts/4199222936965768/
1873094122912006,https://www.facebook.com/groups/1873094122912006/,https://www.facebook.com/groups/1873094122912006/posts/4199279843626744/
1873094122912006,https://www.facebook.com/groups/1873094122912006/,https://www.facebook.com/groups/1873094122912006/posts/4198825347005527/
1873094122912006,https://www.facebook.com/groups/1873094122912006/,https://www.facebook.com/groups/1873094122912006/posts/4199530780268317/
1873094122912006,https://www.facebook.com/groups/1873094122912006/,https://www.facebook.com/groups/ddproperty/posts/25682007188083551/
1873094122912006,https://www.facebook.com/groups/1873094122912006/,https://www.facebook.com/groups/1873094122912006/posts/4199653996922662/
1873094122912006,https://www.facebook.com/groups/1873094122912006/,https://www.facebook.com/groups/1873094122912006/posts/4198844133670315/
1873094122912006,https://www.facebook.com/groups/1873094122912006/,https://www.facebook.com/groups/1873094122912006/posts/4199430310278364/
1873094122912006,https://www.facebook.com/groups/1873094122912006/,https://www.facebook.com/groups/1873094122912006/posts/4198882466999815/
1873094122912006,https://www.facebook.com/groups/1873094122912006/,https://www.facebook.com/groups/1873094122912006/posts/4199660226922039/
1873094122912006,https://www.facebook.com/groups/1873094122912006/,https://www.facebook.com/groups/1873094122912006/posts/4199606050260790/
1873094122912006,https://www.facebook.com/groups/1873094122912006/,https://www.facebook.com/groups/1873094122912006/posts/4199505303604198/
1873094122912006,https://www.facebook.com/groups/1873094122912006/,https://www.facebook.com/groups/1873094122912006/posts/4199529333601795/
1873094122912006,https://www.facebook.com/groups/1873094122912006/,https://www.facebook.com/groups/1873094122912006/posts/4199061956981866/
1873094122912006,https://www.facebook.com/groups/1873094122912006/,https://www.facebook.com/groups/1873094122912006/posts/4199518173602911/
1873094122912006,https://www.facebook.com/groups/1873094122912006/,https://www.facebook.com/groups/1873094122912006/posts/4199303433624385/
1873094122912006,https://www.facebook.com/groups/1873094122912006/,https://www.facebook.com/groups/1873094122912006/posts/4199231400298255/
1873094122912006,https://www.facebook.com/groups/1873094122912006/,https://www.facebook.com/groups/1873094122912006/posts/4199436403611088/
1873094122912006,https://www.facebook.com/groups/1873094122912006/,https://www.facebook.com/groups/1873094122912006/posts/4199559056932156/
1873094122912006,https://www.facebook.com/groups/1873094122912006/,https://www.facebook.com/groups/1873094122912006/posts/4199494620271933/
1873094122912006,https://www.facebook.com/groups/1873094122912006/,https://www.facebook.com/groups/1873094122912006/posts/4199545280266867/
1873094122912006,https://www.facebook.com/groups/1873094122912006/,https://www.facebook.com/groups/1873094122912006/posts/4199518623602866/
1873094122912006,https://www.facebook.com/groups/1873094122912006/,https://www.facebook.com/groups/1873094122912006/posts/4199477616940300/
1873094122912006,https://www.facebook.com/groups/1873094122912006/,https://www.facebook.com/groups/1873094122912006/posts/4199480093606719/
1873094122912006,https://www.facebook.com/groups/1873094122912006/,https://www.facebook.com/groups/1873094122912006/posts/4199471446940917/
1873094122912006,https://www.facebook.com/groups/1873094122912006/,https://www.facebook.com/groups/1873094122912006/posts/4199492720272123/
1873094122912006,https://www.facebook.com/groups/1873094122912006/,https://www.facebook.com/groups/1873094122912006/posts/4199522670269128/
1873094122912006,https://www.facebook.com/groups/1873094122912006/,https://www.facebook.com/groups/1873094122912006/posts/4199525993602129/
1873094122912006,https://www.facebook.com/groups/1873094122912006/,https://www.facebook.com/groups/1873094122912006/posts/4199598153594913/
1873094122912006,https://www.facebook.com/groups/1873094122912006/,https://www.facebook.com/groups/1873094122912006/posts/4199282003626528/
1873094122912006,https://www.facebook.com/groups/1873094122912006/,https://www.facebook.com/groups/1873094122912006/posts/4199582390263156/
1873094122912006,https://www.facebook.com/groups/1873094122912006/,https://www.facebook.com/groups/1873094122912006/posts/4199396143615114/
1873094122912006,https://www.facebook.com/groups/1873094122912006/,https://www.facebook.com/groups/1873094122912006/posts/4199288923625836/
1873094122912006,https://www.facebook.com/groups/1873094122912006/,https://www.facebook.com/groups/1873094122912006/posts/4199534726934589/
1873094122912006,https://www.facebook.com/groups/1873094122912006/,https://www.facebook.com/groups/1873094122912006/posts/4199551930266202/
1873094122912006,https://www.facebook.com/groups/1873094122912006/,https://www.facebook.com/groups/1873094122912006/posts/4199427743611954/
1873094122912006,https://www.facebook.com/groups/1873094122912006/,https://www.facebook.com/groups/1873094122912006/posts/4199623480259047/
1873094122912006,https://www.facebook.com/groups/1873094122912006/,https://www.facebook.com/groups/1873094122912006/posts/4198995496988512/
1873094122912006,https://www.facebook.com/groups/1873094122912006/,https://www.facebook.com/groups/1873094122912006/posts/4198950380326357/
1873094122912006,https://www.facebook.com/groups/1873094122912006/,https://www.facebook.com/groups/1873094122912006/posts/4199545086933553/
1873094122912006,https://www.facebook.com/groups/1873094122912006/,https://www.facebook.com/groups/1873094122912006/posts/4199651743589554/
1873094122912006,https://www.facebook.com/groups/1873094122912006/,https://www.facebook.com/groups/1873094122912006/posts/4199547933599935/
1873094122912006,https://www.facebook.com/groups/1873094122912006/,https://www.facebook.com/groups/1873094122912006/posts/4199017760319619/
1873094122912006,https://www.facebook.com/groups/1873094122912006/,https://www.facebook.com/groups/1873094122912006/posts/4199490023605726/
1873094122912006,https://www.facebook.com/groups/1873094122912006/,https://www.facebook.com/groups/1873094122912006/posts/4198829677005094/
1873094122912006,https://www.facebook.com/groups/1873094122912006/,https://www.facebook.com/groups/1873094122912006/posts/4199566690264726/
1873094122912006,https://www.facebook.com/groups/1873094122912006/,https://www.facebook.com/groups/1873094122912006/posts/4199513373603391/
1873094122912006,https://www.facebook.com/groups/1873094122912006/,https://www.facebook.com/groups/1873094122912006/posts/4198885986999463/
1873094122912006,https://www.facebook.com/groups/1873094122912006/,https://www.facebook.com/groups/1873094122912006/posts/4199510883603640/
1873094122912006,https://www.facebook.com/groups/1873094122912006/,https://www.facebook.com/groups/1873094122912006/posts/4199591106928951/
1873094122912006,https://www.facebook.com/groups/1873094122912006/,https://www.facebook.com/groups/1873094122912006/posts/4199453973609331/
1873094122912006,https://www.facebook.com/groups/1873094122912006/,https://www.facebook.com/groups/1873094122912006/posts/4199585406929521/
1873094122912006,https://www.facebook.com/groups/1873094122912006/,https://www.facebook.com/groups/1873094122912006/posts/4198946476993414/
1873094122912006,https://www.facebook.com/groups/1873094122912006/,https://www.facebook.com/groups/1873094122912006/posts/4199252560296139/
1873094122912006,https://www.facebook.com/groups/1873094122912006/,https://www.facebook.com/groups/1873094122912006/posts/4199657746922287/
1873094122912006,https://www.facebook.com/groups/1873094122912006/,https://www.facebook.com/groups/1873094122912006/posts/4199103103644418/
1873094122912006,https://www.facebook.com/groups/1873094122912006/,https://www.facebook.com/groups/1873094122912006/posts/4199426070278788/
2083392538672247,https://www.facebook.com/groups/2083392538672247/,https://www.facebook.com/groups/ddproperty/posts/25682411051376498/
2083392538672247,https://www.facebook.com/groups/2083392538672247/,https://www.facebook.com/groups/2083392538672247/posts/2650355248642637/
2083392538672247,https://www.facebook.com/groups/2083392538672247/,https://www.facebook.com/groups/2083392538672247/posts/2650309161980579/
2083392538672247,https://www.facebook.com/groups/2083392538672247/,https://www.facebook.com/groups/2083392538672247/posts/2649682032043292/
2083392538672247,https://www.facebook.com/groups/2083392538672247/,https://www.facebook.com/groups/2083392538672247/posts/2650376385307190/
2083392538672247,https://www.facebook.com/groups/2083392538672247/,https://www.facebook.com/groups/2083392538672247/posts/2649402495404579/
2083392538672247,https://www.facebook.com/groups/2083392538672247/,https://www.facebook.com/groups/2083392538672247/posts/2650297618648400/
2083392538672247,https://www.facebook.com/groups/2083392538672247/,https://www.facebook.com/groups/2083392538672247/posts/2649576145387214/
2083392538672247,https://www.facebook.com/groups/2083392538672247/,https://www.facebook.com/groups/2083392538672247/posts/2650271171984378/
2083392538672247,https://www.facebook.com/groups/2083392538672247/,https://www.facebook.com/groups/2083392538672247/posts/2650404305304398/
2083392538672247,https://www.facebook.com/groups/2083392538672247/,https://www.facebook.com/groups/2083392538672247/posts/2650117538666408/
2083392538672247,https://www.facebook.com/groups/2083392538672247/,https://www.facebook.com/groups/2083392538672247/posts/2650252035319625/
2083392538672247,https://www.facebook.com/groups/2083392538672247/,https://www.facebook.com/groups/2083392538672247/posts/2649505888727573/
2083392538672247,https://www.facebook.com/groups/2083392538672247/,https://www.facebook.com/groups/2083392538672247/posts/2650246251986870/
2083392538672247,https://www.facebook.com/groups/2083392538672247/,https://www.facebook.com/groups/2083392538672247/posts/2650347351976760/
2083392538672247,https://www.facebook.com/groups/2083392538672247/,https://www.facebook.com/groups/2083392538672247/posts/2649686088709553/
2083392538672247,https://www.facebook.com/groups/2083392538672247/,https://www.facebook.com/groups/2083392538672247/posts/2649448148733347/
2083392538672247,https://www.facebook.com/groups/2083392538672247/,https://www.facebook.com/groups/2083392538672247/posts/2649391788738983/
2083392538672247,https://www.facebook.com/groups/2083392538672247/,https://www.facebook.com/groups/2083392538672247/posts/2650009262010569/
2083392538672247,https://www.facebook.com/groups/2083392538672247/,https://www.facebook.com/groups/2083392538672247/posts/2649581475386681/
2083392538672247,https://www.facebook.com/groups/2083392538672247/,https://www.facebook.com/groups/2083392538672247/posts/2650392261972269/
2083392538672247,https://www.facebook.com/groups/2083392538672247/,https://www.facebook.com/groups/2083392538672247/posts/2649660672045428/
2083392538672247,https://www.facebook.com/groups/2083392538672247/,https://www.facebook.com/groups/2083392538672247/posts/2649525882058907/
2083392538672247,https://www.facebook.com/groups/2083392538672247/,https://www.facebook.com/groups/2083392538672247/posts/2649592425385586/
2083392538672247,https://www.facebook.com/groups/2083392538672247/,https://www.facebook.com/groups/2083392538672247/posts/2649501885394640/
2083392538672247,https://www.facebook.com/groups/2083392538672247/,https://www.facebook.com/groups/2083392538672247/posts/2650389778639184/
2083392538672247,https://www.facebook.com/groups/2083392538672247/,https://www.facebook.com/groups/2083392538672247/posts/2650229045321924/
2083392538672247,https://www.facebook.com/groups/2083392538672247/,https://www.facebook.com/groups/2083392538672247/posts/2649670438711118/
2083392538672247,https://www.facebook.com/groups/2083392538672247/,https://www.facebook.com/groups/2083392538672247/posts/2649398845404944/
2083392538672247,https://www.facebook.com/groups/2083392538672247/,https://www.facebook.com/groups/2083392538672247/posts/2650238795320949/
2083392538672247,https://www.facebook.com/groups/2083392538672247/,https://www.facebook.com/groups/2083392538672247/posts/2650236618654500/
2083392538672247,https://www.facebook.com/groups/2083392538672247/,https://www.facebook.com/groups/2083392538672247/posts/2650287625316066/
2083392538672247,https://www.facebook.com/groups/2083392538672247/,https://www.facebook.com/groups/2083392538672247/posts/2650307551980740/
2083392538672247,https://www.facebook.com/groups/2083392538672247/,https://www.facebook.com/groups/2083392538672247/posts/2649480852063410/
2083392538672247,https://www.facebook.com/groups/2083392538672247/,https://www.facebook.com/groups/2083392538672247/posts/2649563985388430/
2083392538672247,https://www.facebook.com/groups/2083392538672247/,https://www.facebook.com/groups/2083392538672247/posts/2650373571974138/
2083392538672247,https://www.facebook.com/groups/2083392538672247/,https://www.facebook.com/groups/2083392538672247/posts/2650335175311311/
2083392538672247,https://www.facebook.com/groups/2083392538672247/,https://www.facebook.com/groups/2083392538672247/posts/2650061855338643/
2083392538672247,https://www.facebook.com/groups/2083392538672247/,https://www.facebook.com/groups/2083392538672247/posts/2650027625342066/
2083392538672247,https://www.facebook.com/groups/2083392538672247/,https://www.facebook.com/groups/2083392538672247/posts/2650084358669726/
2083392538672247,https://www.facebook.com/groups/2083392538672247/,https://www.facebook.com/groups/2083392538672247/posts/2649538225391006/
2083392538672247,https://www.facebook.com/groups/2083392538672247/,https://www.facebook.com/groups/2083392538672247/posts/2650220811989414/
2083392538672247,https://www.facebook.com/groups/2083392538672247/,https://www.facebook.com/groups/2083392538672247/posts/2649696842041811/
2083392538672247,https://www.facebook.com/groups/2083392538672247/,https://www.facebook.com/groups/2083392538672247/posts/2650053828672779/
2083392538672247,https://www.facebook.com/groups/2083392538672247/,https://www.facebook.com/groups/2083392538672247/posts/2649497865395042/
2083392538672247,https://www.facebook.com/groups/2083392538672247/,https://www.facebook.com/groups/2083392538672247/posts/2650244808653681/
2083392538672247,https://www.facebook.com/groups/2083392538672247/,https://www.facebook.com/groups/298821664628156/posts/1675536156956693/
2083392538672247,https://www.facebook.com/groups/2083392538672247/,https://www.facebook.com/groups/2083392538672247/posts/2650362818641880/
2083392538672247,https://www.facebook.com/groups/2083392538672247/,https://www.facebook.com/groups/2083392538672247/posts/2650278328650329/
2083392538672247,https://www.facebook.com/groups/2083392538672247/,https://www.facebook.com/groups/2083392538672247/posts/2650405965304232/
2083392538672247,https://www.facebook.com/groups/2083392538672247/,https://www.facebook.com/groups/2083392538672247/posts/2650399848638177/
2083392538672247,https://www.facebook.com/groups/2083392538672247/,https://www.facebook.com/groups/2083392538672247/posts/2650215518656610/
2083392538672247,https://www.facebook.com/groups/2083392538672247/,https://www.facebook.com/groups/2083392538672247/posts/2649682128709949/
2083392538672247,https://www.facebook.com/groups/2083392538672247/,https://www.facebook.com/groups/2083392538672247/posts/2650249635319865/
2083392538672247,https://www.facebook.com/groups/2083392538672247/,https://www.facebook.com/groups/2083392538672247/posts/2650325615312267/
2083392538672247,https://www.facebook.com/groups/2083392538672247/,https://www.facebook.com/groups/2083392538672247/posts/2650403481971147/
2083392538672247,https://www.facebook.com/groups/2083392538672247/,https://www.facebook.com/groups/2083392538672247/posts/2650368951974600/
2083392538672247,https://www.facebook.com/groups/2083392538672247/,https://www.facebook.com/groups/2083392538672247/posts/2650243031987192/
2083392538672247,https://www.facebook.com/groups/2083392538672247/,https://www.facebook.com/groups/2083392538672247/posts/2650396931971802/
2083392538672247,https://www.facebook.com/groups/2083392538672247/,https://www.facebook.com/groups/2083392538672247/posts/2649737228704439/
2083392538672247,https://www.facebook.com/groups/2083392538672247/,https://www.facebook.com/groups/2083392538672247/posts/2650312325313596/
2083392538672247,https://www.facebook.com/groups/2083392538672247/,https://www.facebook.com/groups/2083392538672247/posts/2650261515318677/
2083392538672247,https://www.facebook.com/groups/2083392538672247/,https://www.facebook.com/groups/2083392538672247/posts/2650308781980617/
2083392538672247,https://www.facebook.com/groups/2083392538672247/,https://www.facebook.com/groups/2083392538672247/posts/2649472958730866/
2083392538672247,https://www.facebook.com/groups/2083392538672247/,https://www.facebook.com/groups/2083392538672247/posts/2649585812052914/
2083392538672247,https://www.facebook.com/groups/2083392538672247/,https://www.facebook.com/groups/2083392538672247/posts/2650259381985557/
2083392538672247,https://www.facebook.com/groups/2083392538672247/,https://www.facebook.com/groups/2083392538672247/posts/2649453148732847/
2083392538672247,https://www.facebook.com/groups/2083392538672247/,https://www.facebook.com/groups/2083392538672247/posts/2649796045365224/
2083392538672247,https://www.facebook.com/groups/2083392538672247/,https://www.facebook.com/groups/2083392538672247/posts/2649470815397747/
2083392538672247,https://www.facebook.com/groups/2083392538672247/,https://www.facebook.com/groups/2083392538672247/posts/2650378398640322/
2083392538672247,https://www.facebook.com/groups/2083392538672247/,https://www.facebook.com/groups/2083392538672247/posts/2650044092007086/
2083392538672247,https://www.facebook.com/groups/2083392538672247/,https://www.facebook.com/groups/2083392538672247/posts/2650038375340991/
2083392538672247,https://www.facebook.com/groups/2083392538672247/,https://www.facebook.com/groups/2083392538672247/posts/2649672595377569/
2083392538672247,https://www.facebook.com/groups/2083392538672247/,https://www.facebook.com/groups/2083392538672247/posts/2650323358645826/
2083392538672247,https://www.facebook.com/groups/2083392538672247/,https://www.facebook.com/groups/2083392538672247/posts/2649513768726785/
2083392538672247,https://www.facebook.com/groups/2083392538672247/,https://www.facebook.com/groups/2083392538672247/posts/2649594675385361/
2083392538672247,https://www.facebook.com/groups/2083392538672247/,https://www.facebook.com/groups/2083392538672247/posts/2650381268640035/
2083392538672247,https://www.facebook.com/groups/2083392538672247/,https://www.facebook.com/groups/2083392538672247/posts/2650311738646988/
2083392538672247,https://www.facebook.com/groups/2083392538672247/,https://www.facebook.com/groups/2083392538672247/posts/2650375925307236/
2083392538672247,https://www.facebook.com/groups/2083392538672247/,https://www.facebook.com/groups/2083392538672247/posts/2650120771999418/
2083392538672247,https://www.facebook.com/groups/2083392538672247/,https://www.facebook.com/groups/2083392538672247/posts/2650226301988865/
2083392538672247,https://www.facebook.com/groups/2083392538672247/,https://www.facebook.com/groups/2083392538672247/posts/2650285138649648/
2083392538672247,https://www.facebook.com/groups/2083392538672247/,https://www.facebook.com/groups/2083392538672247/posts/2649952982016197/
2083392538672247,https://www.facebook.com/groups/2083392538672247/,https://www.facebook.com/groups/2083392538672247/posts/2649818535362975/
2083392538672247,https://www.facebook.com/groups/2083392538672247/,https://www.facebook.com/groups/2083392538672247/posts/2649571552054340/
2083392538672247,https://www.facebook.com/groups/2083392538672247/,https://www.facebook.com/groups/2083392538672247/posts/2650290885315740/
2083392538672247,https://www.facebook.com/groups/2083392538672247/,https://www.facebook.com/groups/2083392538672247/posts/2649432642068231/
2083392538672247,https://www.facebook.com/groups/2083392538672247/,https://www.facebook.com/groups/2083392538672247/posts/2649524665392362/
2083392538672247,https://www.facebook.com/groups/2083392538672247/,https://www.facebook.com/groups/2083392538672247/posts/2650018532009642/
2083392538672247,https://www.facebook.com/groups/2083392538672247/,https://www.facebook.com/groups/2083392538672247/posts/2649574935387335/
2083392538672247,https://www.facebook.com/groups/2083392538672247/,https://www.facebook.com/groups/2083392538672247/posts/2649394588738703/
2083392538672247,https://www.facebook.com/groups/2083392538672247/,https://www.facebook.com/groups/2083392538672247/posts/2650399635304865/
2083392538672247,https://www.facebook.com/groups/2083392538672247/,https://www.facebook.com/groups/2083392538672247/posts/2649514562060039/
2083392538672247,https://www.facebook.com/groups/2083392538672247/,https://www.facebook.com/groups/2083392538672247/posts/2650233485321480/
2083392538672247,https://www.facebook.com/groups/2083392538672247/,https://www.facebook.com/groups/2083392538672247/posts/2649458902065605/
2083392538672247,https://www.facebook.com/groups/2083392538672247/,https://www.facebook.com/groups/2083392538672247/posts/2649630225381806/
2083392538672247,https://www.facebook.com/groups/2083392538672247/,https://www.facebook.com/groups/2083392538672247/posts/2649404958737666/
2083392538672247,https://www.facebook.com/groups/2083392538672247/,https://www.facebook.com/groups/2083392538672247/posts/2649973398680822/
2083392538672247,https://www.facebook.com/groups/2083392538672247/,https://www.facebook.com/groups/2083392538672247/posts/2650162815328547/
2083392538672247,https://www.facebook.com/groups/2083392538672247/,https://www.facebook.com/groups/2083392538672247/posts/2649638348714327/
2083392538672247,https://www.facebook.com/groups/2083392538672247/,https://www.facebook.com/groups/2083392538672247/posts/2649452948732867/
2083392538672247,https://www.facebook.com/groups/2083392538672247/,https://www.facebook.com/groups/2083392538672247/posts/2650367031974792/
2083392538672247,https://www.facebook.com/groups/2083392538672247/,https://www.facebook.com/groups/2083392538672247/posts/2650251758652986/
2083392538672247,https://www.facebook.com/groups/2083392538672247/,https://www.facebook.com/groups/2083392538672247/posts/2650384165306412/
2083392538672247,https://www.facebook.com/groups/2083392538672247/,https://www.facebook.com/groups/2083392538672247/posts/2650159855328843/
2083392538672247,https://www.facebook.com/groups/2083392538672247/,https://www.facebook.com/groups/2083392538672247/posts/2650268575317971/
2083392538672247,https://www.facebook.com/groups/2083392538672247/,https://www.facebook.com/groups/2083392538672247/posts/2650182435326585/
2083392538672247,https://www.facebook.com/groups/2083392538672247/,https://www.facebook.com/groups/2083392538672247/posts/2650237001987795/
2083392538672247,https://www.facebook.com/groups/2083392538672247/,https://www.facebook.com/groups/2083392538672247/posts/2650221091989386/
2083392538672247,https://www.facebook.com/groups/2083392538672247/,https://www.facebook.com/groups/2083392538672247/posts/2650181511993344/
2083392538672247,https://www.facebook.com/groups/2083392538672247/,https://www.facebook.com/groups/2083392538672247/posts/2650266315318197/
2083392538672247,https://www.facebook.com/groups/2083392538672247/,https://www.facebook.com/groups/2083392538672247/posts/2650249465319882/
2083392538672247,https://www.facebook.com/groups/2083392538672247/,https://www.facebook.com/groups/2083392538672247/posts/2650351375309691/
2083392538672247,https://www.facebook.com/groups/2083392538672247/,https://www.facebook.com/groups/2083392538672247/posts/2649568755387953/
2083392538672247,https://www.facebook.com/groups/2083392538672247/,https://www.facebook.com/groups/2083392538672247/posts/2649579125386916/
2083392538672247,https://www.facebook.com/groups/2083392538672247/,https://www.facebook.com/groups/2083392538672247/posts/2650179865326842/
2083392538672247,https://www.facebook.com/groups/2083392538672247/,https://www.facebook.com/groups/2083392538672247/posts/2650206818657480/
2083392538672247,https://www.facebook.com/groups/2083392538672247/,https://www.facebook.com/groups/2083392538672247/posts/2649678878710274/
2083392538672247,https://www.facebook.com/groups/2083392538672247/,https://www.facebook.com/groups/2083392538672247/posts/2649747532036742/
2083392538672247,https://www.facebook.com/groups/2083392538672247/,https://www.facebook.com/groups/2083392538672247/posts/2650375215307307/
2083392538672247,https://www.facebook.com/groups/2083392538672247/,https://www.facebook.com/groups/2083392538672247/posts/2649411902070305/
2083392538672247,https://www.facebook.com/groups/2083392538672247/,https://www.facebook.com/groups/2083392538672247/posts/2649999328678229/
2083392538672247,https://www.facebook.com/groups/2083392538672247/,https://www.facebook.com/groups/2083392538672247/posts/2649566578721504/
2083392538672247,https://www.facebook.com/groups/2083392538672247/,https://www.facebook.com/groups/2083392538672247/posts/2649408805403948/
2083392538672247,https://www.facebook.com/groups/2083392538672247/,https://www.facebook.com/groups/2083392538672247/posts/2649561692055326/
2083392538672247,https://www.facebook.com/groups/2083392538672247/,https://www.facebook.com/groups/2083392538672247/posts/2650153321996163/
2083392538672247,https://www.facebook.com/groups/2083392538672247/,https://www.facebook.com/groups/2083392538672247/posts/2649417875403041/
2083392538672247,https://www.facebook.com/groups/2083392538672247/,https://www.facebook.com/groups/2083392538672247/posts/2649908778687284/
2083392538672247,https://www.facebook.com/groups/2083392538672247/,https://www.facebook.com/groups/2083392538672247/posts/2649640902047405/
2083392538672247,https://www.facebook.com/groups/2083392538672247/,https://www.facebook.com/groups/2083392538672247/posts/2650374291974066/
2083392538672247,https://www.facebook.com/groups/2083392538672247/,https://www.facebook.com/groups/2083392538672247/posts/2649759708702191/
2083392538672247,https://www.facebook.com/groups/2083392538672247/,https://www.facebook.com/groups/2083392538672247/posts/2649411992070296/
2083392538672247,https://www.facebook.com/groups/2083392538672247/,https://www.facebook.com/groups/2083392538672247/posts/2650300485314780/
2083392538672247,https://www.facebook.com/groups/2083392538672247/,https://www.facebook.com/groups/2083392538672247/posts/2649373622074133/
2083392538672247,https://www.facebook.com/groups/2083392538672247/,https://www.facebook.com/groups/2083392538672247/posts/2650301488648013/
2083392538672247,https://www.facebook.com/groups/2083392538672247/,https://www.facebook.com/groups/2083392538672247/posts/2650236125321216/
2083392538672247,https://www.facebook.com/groups/2083392538672247/,https://www.facebook.com/groups/2083392538672247/posts/2649406685404160/
2083392538672247,https://www.facebook.com/groups/2083392538672247/,https://www.facebook.com/groups/2083392538672247/posts/2650090345335794/
2083392538672247,https://www.facebook.com/groups/2083392538672247/,https://www.facebook.com/groups/2083392538672247/posts/2649616645383164/
2083392538672247,https://www.facebook.com/groups/2083392538672247/,https://www.facebook.com/groups/2083392538672247/posts/2650331738644988/
2083392538672247,https://www.facebook.com/groups/2083392538672247/,https://www.facebook.com/groups/2083392538672247/posts/2650370031974492/
2083392538672247,https://www.facebook.com/groups/2083392538672247/,https://www.facebook.com/groups/2083392538672247/posts/2650017635343065/
2083392538672247,https://www.facebook.com/groups/2083392538672247/,https://www.facebook.com/groups/2083392538672247/posts/2649623942049101/
2083392538672247,https://www.facebook.com/groups/2083392538672247/,https://www.facebook.com/groups/2083392538672247/posts/2649603432051152/
2083392538672247,https://www.facebook.com/groups/2083392538672247/,https://www.facebook.com/groups/2083392538672247/posts/2649532168724945/
2083392538672247,https://www.facebook.com/groups/2083392538672247/,https://www.facebook.com/groups/2083392538672247/posts/2649436905401138/
2083392538672247,https://www.facebook.com/groups/2083392538672247/,https://www.facebook.com/groups/2083392538672247/posts/2650148071996688/
2083392538672247,https://www.facebook.com/groups/2083392538672247/,https://www.facebook.com/groups/2083392538672247/posts/2650150568663105/
2083392538672247,https://www.facebook.com/groups/2083392538672247/,https://www.facebook.com/groups/2083392538672247/posts/2649721685372660/
2083392538672247,https://www.facebook.com/groups/2083392538672247/,https://www.facebook.com/groups/2083392538672247/posts/2649654018712760/
2083392538672247,https://www.facebook.com/groups/2083392538672247/,https://www.facebook.com/groups/2083392538672247/posts/2649521362059359/
2083392538672247,https://www.facebook.com/groups/2083392538672247/,https://www.facebook.com/groups/2083392538672247/posts/2650033985341430/
2083392538672247,https://www.facebook.com/groups/2083392538672247/,https://www.facebook.com/groups/2083392538672247/posts/2650325375312291/
2083392538672247,https://www.facebook.com/groups/2083392538672247/,https://www.facebook.com/groups/2083392538672247/posts/2650173931994102/
2083392538672247,https://www.facebook.com/groups/2083392538672247/,https://www.facebook.com/groups/2083392538672247/posts/2649888985355930/
2083392538672247,https://www.facebook.com/groups/2083392538672247/,https://www.facebook.com/groups/2083392538672247/posts/2649754602036035/
2083392538672247,https://www.facebook.com/groups/2083392538672247/,https://www.facebook.com/groups/142702946428033/posts/1777400929624885/
2083392538672247,https://www.facebook.com/groups/2083392538672247/,https://www.facebook.com/groups/2083392538672247/posts/2650103712001124/
2083392538672247,https://www.facebook.com/groups/2083392538672247/,https://www.facebook.com/groups/2083392538672247/posts/2650048282006667/
2083392538672247,https://www.facebook.com/groups/2083392538672247/,https://www.facebook.com/groups/2083392538672247/posts/2649537812057714/
2083392538672247,https://www.facebook.com/groups/2083392538672247/,https://www.facebook.com/groups/2083392538672247/posts/2649651202046375/
2083392538672247,https://www.facebook.com/groups/2083392538672247/,https://www.facebook.com/groups/2083392538672247/posts/2650043335340495/
2083392538672247,https://www.facebook.com/groups/2083392538672247/,https://www.facebook.com/groups/2083392538672247/posts/2649550238723138/
2083392538672247,https://www.facebook.com/groups/2083392538672247/,https://www.facebook.com/groups/2083392538672247/posts/2649514782060017/
2083392538672247,https://www.facebook.com/groups/2083392538672247/,https://www.facebook.com/groups/2083392538672247/posts/2650121788665983/
2083392538672247,https://www.facebook.com/groups/2083392538672247/,https://www.facebook.com/groups/2083392538672247/posts/2649377285407100/
2083392538672247,https://www.facebook.com/groups/2083392538672247/,https://www.facebook.com/groups/2083392538672247/posts/2649388162072679/
2083392538672247,https://www.facebook.com/groups/2083392538672247/,https://www.facebook.com/groups/2083392538672247/posts/2649652408712921/
2083392538672247,https://www.facebook.com/groups/2083392538672247/,https://www.facebook.com/groups/2083392538672247/posts/2650276531983842/
2083392538672247,https://www.facebook.com/groups/2083392538672247/,https://www.facebook.com/groups/2083392538672247/posts/2650264188651743/
2083392538672247,https://www.facebook.com/groups/2083392538672247/,https://www.facebook.com/groups/2083392538672247/posts/2649880998690062/
2083392538672247,https://www.facebook.com/groups/2083392538672247/,https://www.facebook.com/groups/2083392538672247/posts/2649636428714519/
2083392538672247,https://www.facebook.com/groups/2083392538672247/,https://www.facebook.com/groups/2083392538672247/posts/2649439612067534/
2083392538672247,https://www.facebook.com/groups/2083392538672247/,https://www.facebook.com/groups/2083392538672247/posts/2649518688726293/
2083392538672247,https://www.facebook.com/groups/2083392538672247/,https://www.facebook.com/groups/2083392538672247/posts/2650057588672403/
2083392538672247,https://www.facebook.com/groups/2083392538672247/,https://www.facebook.com/groups/2083392538672247/posts/2650135048664657/
2083392538672247,https://www.facebook.com/groups/2083392538672247/,https://www.facebook.com/groups/2083392538672247/posts/2649557575389071/
2083392538672247,https://www.facebook.com/groups/2083392538672247/,https://www.facebook.com/groups/2083392538672247/posts/2649647388713423/
2083392538672247,https://www.facebook.com/groups/2083392538672247/,https://www.facebook.com/groups/2083392538672247/posts/2649906415354187/
2083392538672247,https://www.facebook.com/groups/2083392538672247/,https://www.facebook.com/groups/2083392538672247/posts/2650362245308604/
2083392538672247,https://www.facebook.com/groups/2083392538672247/,https://www.facebook.com/groups/2083392538672247/posts/2649976572013838/
2083392538672247,https://www.facebook.com/groups/2083392538672247/,https://www.facebook.com/groups/2083392538672247/posts/2649783592033136/
2083392538672247,https://www.facebook.com/groups/2083392538672247/,https://www.facebook.com/groups/2083392538672247/posts/2649404322071063/
2083392538672247,https://www.facebook.com/groups/2083392538672247/,https://www.facebook.com/groups/2083392538672247/posts/2650282911983204/
2083392538672247,https://www.facebook.com/groups/2083392538672247/,https://www.facebook.com/groups/2083392538672247/posts/2649832545361574/
2083392538672247,https://www.facebook.com/groups/2083392538672247/,https://www.facebook.com/groups/2083392538672247/posts/2650333131978182/
2083392538672247,https://www.facebook.com/groups/2083392538672247/,https://www.facebook.com/groups/261935587853293/posts/1802915433755293/
2083392538672247,https://www.facebook.com/groups/2083392538672247/,https://www.facebook.com/groups/2083392538672247/posts/2649451742066321/
2083392538672247,https://www.facebook.com/groups/2083392538672247/,https://www.facebook.com/groups/2083392538672247/posts/2650300155314813/
2083392538672247,https://www.facebook.com/groups/2083392538672247/,https://www.facebook.com/groups/2083392538672247/posts/2649544982056997/
2083392538672247,https://www.facebook.com/groups/2083392538672247/,https://www.facebook.com/groups/2083392538672247/posts/2649996662011829/
2083392538672247,https://www.facebook.com/groups/2083392538672247/,https://www.facebook.com/groups/2083392538672247/posts/2649715028706659/
2083392538672247,https://www.facebook.com/groups/2083392538672247/,https://www.facebook.com/groups/2083392538672247/posts/2649531008725061/
2083392538672247,https://www.facebook.com/groups/2083392538672247/,https://www.facebook.com/groups/2083392538672247/posts/2649972998680862/
2083392538672247,https://www.facebook.com/groups/2083392538672247/,https://www.facebook.com/groups/2083392538672247/posts/2650386035306225/
2083392538672247,https://www.facebook.com/groups/2083392538672247/,https://www.facebook.com/groups/2083392538672247/posts/2649517908726371/
2083392538672247,https://www.facebook.com/groups/2083392538672247/,https://www.facebook.com/groups/2083392538672247/posts/2650361218642040/
2083392538672247,https://www.facebook.com/groups/2083392538672247/,https://www.facebook.com/groups/2083392538672247/posts/2650119661999529/
864193946960728,https://www.facebook.com/groups/864193946960728/,https://www.facebook.com/groups/864193946960728/posts/25339939208959528/
864193946960728,https://www.facebook.com/groups/864193946960728/,https://www.facebook.com/groups/864193946960728/posts/25347304771556305/
864193946960728,https://www.facebook.com/groups/864193946960728/,https://www.facebook.com/groups/864193946960728/posts/25348102951476487/
864193946960728,https://www.facebook.com/groups/864193946960728/,https://www.facebook.com/groups/864193946960728/posts/25347257804894335/
864193946960728,https://www.facebook.com/groups/864193946960728/,https://www.facebook.com/groups/864193946960728/posts/25344858135134302/
864193946960728,https://www.facebook.com/groups/864193946960728/,https://www.facebook.com/groups/864193946960728/posts/25347328808220568/
864193946960728,https://www.facebook.com/groups/864193946960728/,https://www.facebook.com/groups/864193946960728/posts/25339554025664713/
864193946960728,https://www.facebook.com/groups/864193946960728/,https://www.facebook.com/groups/864193946960728/posts/25347674684852647/
864193946960728,https://www.facebook.com/groups/864193946960728/,https://www.facebook.com/groups/864193946960728/posts/25339577682329014/
864193946960728,https://www.facebook.com/groups/864193946960728/,https://www.facebook.com/groups/864193946960728/posts/25347974808155968/
864193946960728,https://www.facebook.com/groups/864193946960728/,https://www.facebook.com/groups/864193946960728/posts/25345813565038759/
864193946960728,https://www.facebook.com/groups/864193946960728/,https://www.facebook.com/groups/864193946960728/posts/25347232141563568/
864193946960728,https://www.facebook.com/groups/864193946960728/,https://www.facebook.com/groups/864193946960728/posts/25348120248141424/
864193946960728,https://www.facebook.com/groups/864193946960728/,https://www.facebook.com/groups/864193946960728/posts/25341197428833706/
864193946960728,https://www.facebook.com/groups/864193946960728/,https://www.facebook.com/groups/864193946960728/posts/25348085171478265/
864193946960728,https://www.facebook.com/groups/864193946960728/,https://www.facebook.com/groups/864193946960728/posts/25339535672333215/
864193946960728,https://www.facebook.com/groups/864193946960728/,https://www.facebook.com/groups/864193946960728/posts/25345166665103449/
864193946960728,https://www.facebook.com/groups/864193946960728/,https://www.facebook.com/groups/864193946960728/posts/25340030858950363/
864193946960728,https://www.facebook.com/groups/864193946960728/,https://www.facebook.com/groups/864193946960728/posts/25346687394951376/
864193946960728,https://www.facebook.com/groups/864193946960728/,https://www.facebook.com/groups/864193946960728/posts/25348322744787841/
864193946960728,https://www.facebook.com/groups/864193946960728/,https://www.facebook.com/groups/864193946960728/posts/25346320948321354/
864193946960728,https://www.facebook.com/groups/864193946960728/,https://www.facebook.com/groups/864193946960728/posts/25348168744803241/
864193946960728,https://www.facebook.com/groups/864193946960728/,https://www.facebook.com/groups/864193946960728/posts/25339794325640683/
864193946960728,https://www.facebook.com/groups/864193946960728/,https://www.facebook.com/groups/864193946960728/posts/25346680704952045/
864193946960728,https://www.facebook.com/groups/864193946960728/,https://www.facebook.com/groups/864193946960728/posts/25345786585041457/
864193946960728,https://www.facebook.com/groups/864193946960728/,https://www.facebook.com/groups/864193946960728/posts/25346572204962895/
864193946960728,https://www.facebook.com/groups/864193946960728/,https://www.facebook.com/groups/864193946960728/posts/25348238608129588/
864193946960728,https://www.facebook.com/groups/864193946960728/,https://www.facebook.com/groups/864193946960728/posts/25347095964910519/
864193946960728,https://www.facebook.com/groups/864193946960728/,https://www.facebook.com/groups/864193946960728/posts/25347036054916510/
864193946960728,https://www.facebook.com/groups/864193946960728/,https://www.facebook.com/groups/864193946960728/posts/25340292545590861/
864193946960728,https://www.facebook.com/groups/864193946960728/,https://www.facebook.com/groups/864193946960728/posts/25347659894854126/
864193946960728,https://www.facebook.com/groups/864193946960728/,https://www.facebook.com/groups/864193946960728/posts/25341055005514615/
864193946960728,https://www.facebook.com/groups/864193946960728/,https://www.facebook.com/groups/864193946960728/posts/25342776918675757/
864193946960728,https://www.facebook.com/groups/864193946960728/,https://www.facebook.com/groups/864193946960728/posts/25346742804945835/
864193946960728,https://www.facebook.com/groups/864193946960728/,https://www.facebook.com/groups/864193946960728/posts/25347002221586560/
864193946960728,https://www.facebook.com/groups/864193946960728/,https://www.facebook.com/groups/864193946960728/posts/25345663908387058/
864193946960728,https://www.facebook.com/groups/864193946960728/,https://www.facebook.com/groups/864193946960728/posts/25348192011467581/
864193946960728,https://www.facebook.com/groups/864193946960728/,https://www.facebook.com/groups/864193946960728/posts/25340005105619605/
864193946960728,https://www.facebook.com/groups/864193946960728/,https://www.facebook.com/groups/864193946960728/posts/25346830941603688/
864193946960728,https://www.facebook.com/groups/864193946960728/,https://www.facebook.com/groups/864193946960728/posts/25348263684793747/
864193946960728,https://www.facebook.com/groups/864193946960728/,https://www.facebook.com/groups/864193946960728/posts/25346552984964817/
864193946960728,https://www.facebook.com/groups/864193946960728/,https://www.facebook.com/groups/864193946960728/posts/25340124715607644/
864193946960728,https://www.facebook.com/groups/864193946960728/,https://www.facebook.com/groups/864193946960728/posts/25340255028927946/
864193946960728,https://www.facebook.com/groups/864193946960728/,https://www.facebook.com/groups/864193946960728/posts/25341077618845687/
864193946960728,https://www.facebook.com/groups/864193946960728/,https://www.facebook.com/groups/864193946960728/posts/25346665488286900/
864193946960728,https://www.facebook.com/groups/864193946960728/,https://www.facebook.com/groups/864193946960728/posts/25342708538682595/
864193946960728,https://www.facebook.com/groups/864193946960728/,https://www.facebook.com/groups/864193946960728/posts/25340773918876057/
864193946960728,https://www.facebook.com/groups/864193946960728/,https://www.facebook.com/groups/864193946960728/posts/25347594768193972/
864193946960728,https://www.facebook.com/groups/864193946960728/,https://www.facebook.com/groups/864193946960728/posts/25346881924931923/
864193946960728,https://www.facebook.com/groups/864193946960728/,https://www.facebook.com/groups/864193946960728/posts/25348268984793217/
864193946960728,https://www.facebook.com/groups/864193946960728/,https://www.facebook.com/groups/864193946960728/posts/25339670385653077/
864193946960728,https://www.facebook.com/groups/864193946960728/,https://www.facebook.com/groups/864193946960728/posts/25346988901587892/
864193946960728,https://www.facebook.com/groups/864193946960728/,https://www.facebook.com/groups/864193946960728/posts/25344614021825380/
864193946960728,https://www.facebook.com/groups/864193946960728/,https://www.facebook.com/groups/864193946960728/posts/25340753218878127/
864193946960728,https://www.facebook.com/groups/864193946960728/,https://www.facebook.com/groups/864193946960728/posts/25339524062334376/
864193946960728,https://www.facebook.com/groups/864193946960728/,https://www.facebook.com/groups/864193946960728/posts/25340894445530671/
864193946960728,https://www.facebook.com/groups/864193946960728/,https://www.facebook.com/groups/864193946960728/posts/25340401022246680/
baanchiangmai,https://www.facebook.com/groups/baanchiangmai/,https://www.facebook.com/groups/baanchiangmai/posts/2587425508295984/
baanchiangmai,https://www.facebook.com/groups/baanchiangmai/,https://www.facebook.com/groups/baanchiangmai/posts/2586166998421835/
baanchiangmai,https://www.facebook.com/groups/baanchiangmai/,https://www.facebook.com/groups/baanchiangmai/posts/2585011165204085/
baanchiangmai,https://www.facebook.com/groups/baanchiangmai/,https://www.facebook.com/groups/baanchiangmai/posts/2585045728533962/
baanchiangmai,https://www.facebook.com/groups/baanchiangmai/,https://www.facebook.com/groups/baanchiangmai/posts/2585047471867121/
baanchiangmai,https://www.facebook.com/groups/baanchiangmai/,https://www.facebook.com/groups/baanchiangmai/posts/2585969478441587/
baanchiangmai,https://www.facebook.com/groups/baanchiangmai/,https://www.facebook.com/groups/baanchiangmai/posts/2587334624971739/
baanchiangmai,https://www.facebook.com/groups/baanchiangmai/,https://www.facebook.com/groups/baanchiangmai/posts/2586081331763735/
baanchiangmai,https://www.facebook.com/groups/baanchiangmai/,https://www.facebook.com/groups/baanchiangmai/posts/2586245435080658/
baanchiangmai,https://www.facebook.com/groups/baanchiangmai/,https://www.facebook.com/groups/baanchiangmai/posts/2585350015170200/
baanchiangmai,https://www.facebook.com/groups/baanchiangmai/,https://www.facebook.com/groups/baanchiangmai/posts/2586351058403429/
baanchiangmai,https://www.facebook.com/groups/baanchiangmai/,https://www.facebook.com/groups/baanchiangmai/posts/2586274341744434/
baanchiangmai,https://www.facebook.com/groups/baanchiangmai/,https://www.facebook.com/groups/baanchiangmai/posts/2587334691638399/
baanchiangmai,https://www.facebook.com/groups/baanchiangmai/,https://www.facebook.com/groups/baanchiangmai/posts/2585488268489708/
baanchiangmai,https://www.facebook.com/groups/baanchiangmai/,https://www.facebook.com/groups/baanchiangmai/posts/2586205558417979/
baanchiangmai,https://www.facebook.com/groups/baanchiangmai/,https://www.facebook.com/groups/baanchiangmai/posts/2587277861644082/
baanchiangmai,https://www.facebook.com/groups/baanchiangmai/,https://www.facebook.com/groups/baanchiangmai/posts/2585091371862731/
baanchiangmai,https://www.facebook.com/groups/baanchiangmai/,https://www.facebook.com/groups/baanchiangmai/posts/2586106865094515/
baanchiangmai,https://www.facebook.com/groups/baanchiangmai/,https://www.facebook.com/groups/baanchiangmai/posts/2586003411771527/
baanchiangmai,https://www.facebook.com/groups/baanchiangmai/,https://www.facebook.com/groups/baanchiangmai/posts/2585210671850801/
baanchiangmai,https://www.facebook.com/groups/baanchiangmai/,https://www.facebook.com/groups/baanchiangmai/posts/2585050115200190/
baanchiangmai,https://www.facebook.com/groups/baanchiangmai/,https://www.facebook.com/groups/baanchiangmai/posts/2585355998502935/
baanchiangmai,https://www.facebook.com/groups/baanchiangmai/,https://www.facebook.com/groups/baanchiangmai/posts/2586236891748179/
baanchiangmai,https://www.facebook.com/groups/baanchiangmai/,https://www.facebook.com/groups/baanchiangmai/posts/2586054345099767/
baanchiangmai,https://www.facebook.com/groups/baanchiangmai/,https://www.facebook.com/groups/baanchiangmai/posts/2585078691863999/
baanchiangmai,https://www.facebook.com/groups/baanchiangmai/,https://www.facebook.com/groups/baanchiangmai/posts/2587298938308641/
baanchiangmai,https://www.facebook.com/groups/baanchiangmai/,https://www.facebook.com/groups/baanchiangmai/posts/2585470785158123/
baanchiangmai,https://www.facebook.com/groups/baanchiangmai/,https://www.facebook.com/groups/baanchiangmai/posts/2584992901872578/
baanchiangmai,https://www.facebook.com/groups/baanchiangmai/,https://www.facebook.com/groups/baanchiangmai/posts/2587401114965090/
baanchiangmai,https://www.facebook.com/groups/baanchiangmai/,https://www.facebook.com/groups/baanchiangmai/posts/2586926945012507/
baanchiangmai,https://www.facebook.com/groups/baanchiangmai/,https://www.facebook.com/groups/baanchiangmai/posts/2585095295195672/
baanchiangmai,https://www.facebook.com/groups/baanchiangmai/,https://www.facebook.com/groups/baanchiangmai/posts/2586645115040690/
baanchiangmai,https://www.facebook.com/groups/baanchiangmai/,https://www.facebook.com/groups/baanchiangmai/posts/2585020658536469/
baanchiangmai,https://www.facebook.com/groups/baanchiangmai/,https://www.facebook.com/groups/baanchiangmai/posts/2586013551770513/
baanchiangmai,https://www.facebook.com/groups/baanchiangmai/,https://www.facebook.com/groups/baanchiangmai/posts/2585085625196639/
baanchiangmai,https://www.facebook.com/groups/baanchiangmai/,https://www.facebook.com/groups/baanchiangmai/posts/2585129875192214/
baanchiangmai,https://www.facebook.com/groups/baanchiangmai/,https://www.facebook.com/groups/baanchiangmai/posts/2587325488305986/
baanchiangmai,https://www.facebook.com/groups/baanchiangmai/,https://www.facebook.com/groups/baanchiangmai/posts/2585038198534715/
baanchiangmai,https://www.facebook.com/groups/baanchiangmai/,https://www.facebook.com/groups/baanchiangmai/posts/2587321488306386/
baanchiangmai,https://www.facebook.com/groups/baanchiangmai/,https://www.facebook.com/groups/baanchiangmai/posts/2587151934990008/
baanchiangmai,https://www.facebook.com/groups/baanchiangmai/,https://www.facebook.com/groups/baanchiangmai/posts/2585086368529898/
baanchiangmai,https://www.facebook.com/groups/baanchiangmai/,https://www.facebook.com/groups/baanchiangmai/posts/2587343591637509/
baanchiangmai,https://www.facebook.com/groups/baanchiangmai/,https://www.facebook.com/groups/baanchiangmai/posts/2587308751640993/
baanchiangmai,https://www.facebook.com/groups/baanchiangmai/,https://www.facebook.com/groups/baanchiangmai/posts/2587311084974093/
baanchiangmai,https://www.facebook.com/groups/baanchiangmai/,https://www.facebook.com/groups/baanchiangmai/posts/2587217561650112/
baanchiangmai,https://www.facebook.com/groups/baanchiangmai/,https://www.facebook.com/groups/baanchiangmai/posts/2585638345141367/
baanchiangmai,https://www.facebook.com/groups/baanchiangmai/,https://www.facebook.com/groups/baanchiangmai/posts/2586442255060976/
baanchiangmai,https://www.facebook.com/groups/baanchiangmai/,https://www.facebook.com/groups/baanchiangmai/posts/2587299431641925/
baanchiangmai,https://www.facebook.com/groups/baanchiangmai/,https://www.facebook.com/groups/baanchiangmai/posts/2587267021645166/
baanchiangmai,https://www.facebook.com/groups/baanchiangmai/,https://www.facebook.com/groups/baanchiangmai/posts/2586383295066872/
baanchiangmai,https://www.facebook.com/groups/baanchiangmai/,https://www.facebook.com/groups/baanchiangmai/posts/2586541338384401/
baanchiangmai,https://www.facebook.com/groups/baanchiangmai/,https://www.facebook.com/groups/baanchiangmai/posts/2586651318373403/
baanchiangmai,https://www.facebook.com/groups/baanchiangmai/,https://www.facebook.com/groups/baanchiangmai/posts/2586530798385455/
baanchiangmai,https://www.facebook.com/groups/baanchiangmai/,https://www.facebook.com/groups/baanchiangmai/posts/2586081478430387/
baanchiangmai,https://www.facebook.com/groups/baanchiangmai/,https://www.facebook.com/groups/baanchiangmai/posts/2585054038533131/
baanchiangmai,https://www.facebook.com/groups/baanchiangmai/,https://www.facebook.com/groups/baanchiangmai/posts/2584966491875219/
baanchiangmai,https://www.facebook.com/groups/baanchiangmai/,https://www.facebook.com/groups/baanchiangmai/posts/2585419225163279/
baanchiangmai,https://www.facebook.com/groups/baanchiangmai/,https://www.facebook.com/groups/baanchiangmai/posts/2585934078445127/
baanchiangmai,https://www.facebook.com/groups/baanchiangmai/,https://www.facebook.com/groups/baanchiangmai/posts/2587108804994321/
baanchiangmai,https://www.facebook.com/groups/baanchiangmai/,https://www.facebook.com/groups/baanchiangmai/posts/2586335508404984/
baanchiangmai,https://www.facebook.com/groups/baanchiangmai/,https://www.facebook.com/groups/baanchiangmai/posts/2587354701636398/
baanchiangmai,https://www.facebook.com/groups/baanchiangmai/,https://www.facebook.com/groups/baanchiangmai/posts/2587221238316411/
baanchiangmai,https://www.facebook.com/groups/baanchiangmai/,https://www.facebook.com/groups/baanchiangmai/posts/2586079161763952/
baanchiangmai,https://www.facebook.com/groups/baanchiangmai/,https://www.facebook.com/groups/baanchiangmai/posts/2585218941849974/
baanchiangmai,https://www.facebook.com/groups/baanchiangmai/,https://www.facebook.com/groups/baanchiangmai/posts/2586533501718518/
baanchiangmai,https://www.facebook.com/groups/baanchiangmai/,https://www.facebook.com/groups/baanchiangmai/posts/2587309158307619/
baanchiangmai,https://www.facebook.com/groups/baanchiangmai/,https://www.facebook.com/groups/baanchiangmai/posts/2585659168472618/
baanchiangmai,https://www.facebook.com/groups/baanchiangmai/,https://www.facebook.com/groups/baanchiangmai/posts/2585088418529693/
baanchiangmai,https://www.facebook.com/groups/baanchiangmai/,https://www.facebook.com/groups/baanchiangmai/posts/2585927251779143/
baanchiangmai,https://www.facebook.com/groups/baanchiangmai/,https://www.facebook.com/groups/baanchiangmai/posts/2586150055090196/
baanchiangmai,https://www.facebook.com/groups/baanchiangmai/,https://www.facebook.com/groups/baanchiangmai/posts/2585540018484533/
baanchiangmai,https://www.facebook.com/groups/baanchiangmai/,https://www.facebook.com/groups/baanchiangmai/posts/2586069171764951/
baanchiangmai,https://www.facebook.com/groups/baanchiangmai/,https://www.facebook.com/groups/baanchiangmai/posts/2587401771631691/
baanchiangmai,https://www.facebook.com/groups/baanchiangmai/,https://www.facebook.com/groups/baanchiangmai/posts/2587341454971056/
baanchiangmai,https://www.facebook.com/groups/baanchiangmai/,https://www.facebook.com/groups/baanchiangmai/posts/2586389431732925/
baanchiangmai,https://www.facebook.com/groups/baanchiangmai/,https://www.facebook.com/groups/baanchiangmai/posts/2587171804988021/
baanchiangmai,https://www.facebook.com/groups/baanchiangmai/,https://www.facebook.com/groups/baanchiangmai/posts/2586448341727034/
baanchiangmai,https://www.facebook.com/groups/baanchiangmai/,https://www.facebook.com/groups/baanchiangmai/posts/2586341245071077/
baanchiangmai,https://www.facebook.com/groups/baanchiangmai/,https://www.facebook.com/groups/baanchiangmai/posts/2587178364987365/
baanchiangmai,https://www.facebook.com/groups/baanchiangmai/,https://www.facebook.com/groups/baanchiangmai/posts/2587337664971435/
baanchiangmai,https://www.facebook.com/groups/baanchiangmai/,https://www.facebook.com/groups/baanchiangmai/posts/2585039515201250/
baanchiangmai,https://www.facebook.com/groups/baanchiangmai/,https://www.facebook.com/groups/baanchiangmai/posts/2585197795185422/
baanchiangmai,https://www.facebook.com/groups/baanchiangmai/,https://www.facebook.com/groups/baanchiangmai/posts/2587394628299072/
baanchiangmai,https://www.facebook.com/groups/baanchiangmai/,https://www.facebook.com/groups/baanchiangmai/posts/2585760355129166/
baanchiangmai,https://www.facebook.com/groups/baanchiangmai/,https://www.facebook.com/groups/baanchiangmai/posts/2586176348420900/
baanchiangmai,https://www.facebook.com/groups/baanchiangmai/,https://www.facebook.com/groups/baanchiangmai/posts/2587153998323135/
baanchiangmai,https://www.facebook.com/groups/baanchiangmai/,https://www.facebook.com/groups/baanchiangmai/posts/2585148471857021/
baanchiangmai,https://www.facebook.com/groups/baanchiangmai/,https://www.facebook.com/groups/baanchiangmai/posts/2587119064993295/
baanchiangmai,https://www.facebook.com/groups/baanchiangmai/,https://www.facebook.com/groups/baanchiangmai/posts/2585197531852115/
baanchiangmai,https://www.facebook.com/groups/baanchiangmai/,https://www.facebook.com/groups/baanchiangmai/posts/2587290648309470/
baanchiangmai,https://www.facebook.com/groups/baanchiangmai/,https://www.facebook.com/groups/baanchiangmai/posts/2585451318493403/
baanchiangmai,https://www.facebook.com/groups/baanchiangmai/,https://www.facebook.com/groups/baanchiangmai/posts/2584994501872418/
baanchiangmai,https://www.facebook.com/groups/baanchiangmai/,https://www.facebook.com/groups/baanchiangmai/posts/2586020211769847/
baanchiangmai,https://www.facebook.com/groups/baanchiangmai/,https://www.facebook.com/groups/baanchiangmai/posts/2587294608309074/
baanchiangmai,https://www.facebook.com/groups/baanchiangmai/,https://www.facebook.com/groups/baanchiangmai/posts/2586212508417284/
baanchiangmai,https://www.facebook.com/groups/baanchiangmai/,https://www.facebook.com/groups/baanchiangmai/posts/2586758301696038/
baanchiangmai,https://www.facebook.com/groups/baanchiangmai/,https://www.facebook.com/groups/baanchiangmai/posts/2587332298305305/
baanchiangmai,https://www.facebook.com/groups/baanchiangmai/,https://www.facebook.com/groups/baanchiangmai/posts/2586227581749110/
baanchiangmai,https://www.facebook.com/groups/baanchiangmai/,https://www.facebook.com/groups/baanchiangmai/posts/2585359511835917/
baanchiangmai,https://www.facebook.com/groups/baanchiangmai/,https://www.facebook.com/groups/baanchiangmai/posts/2587355468302988/
baanchiangmai,https://www.facebook.com/groups/baanchiangmai/,https://www.facebook.com/groups/baanchiangmai/posts/2586022305102971/
baanchiangmai,https://www.facebook.com/groups/baanchiangmai/,https://www.facebook.com/groups/baanchiangmai/posts/2586021358436399/
baanchiangmai,https://www.facebook.com/groups/baanchiangmai/,https://www.facebook.com/groups/baanchiangmai/posts/2586162761755592/
baanchiangmai,https://www.facebook.com/groups/baanchiangmai/,https://www.facebook.com/groups/baanchiangmai/posts/2586199895085212/
baanchiangmai,https://www.facebook.com/groups/baanchiangmai/,https://www.facebook.com/groups/baanchiangmai/posts/2587283131643555/
baanchiangmai,https://www.facebook.com/groups/baanchiangmai/,https://www.facebook.com/groups/baanchiangmai/posts/2585091161862752/
baanchiangmai,https://www.facebook.com/groups/baanchiangmai/,https://www.facebook.com/groups/baanchiangmai/posts/2586044858434049/
baanchiangmai,https://www.facebook.com/groups/baanchiangmai/,https://www.facebook.com/groups/baanchiangmai/posts/2585449768493558/
baanchiangmai,https://www.facebook.com/groups/baanchiangmai/,https://www.facebook.com/groups/baanchiangmai/posts/2586008901770978/
baanchiangmai,https://www.facebook.com/groups/baanchiangmai/,https://www.facebook.com/groups/baanchiangmai/posts/2585066818531853/
baanchiangmai,https://www.facebook.com/groups/baanchiangmai/,https://www.facebook.com/groups/baanchiangmai/posts/2586188381753030/
baanchiangmai,https://www.facebook.com/groups/baanchiangmai/,https://www.facebook.com/groups/baanchiangmai/posts/2585400115165190/
baanchiangmai,https://www.facebook.com/groups/baanchiangmai/,https://www.facebook.com/groups/baanchiangmai/posts/2585146655190536/
baanchiangmai,https://www.facebook.com/groups/baanchiangmai/,https://www.facebook.com/groups/baanchiangmai/posts/2585440128494522/
baanchiangmai,https://www.facebook.com/groups/baanchiangmai/,https://www.facebook.com/groups/baanchiangmai/posts/2587379601633908/
baanchiangmai,https://www.facebook.com/groups/baanchiangmai/,https://www.facebook.com/groups/baanchiangmai/posts/2585456755159526/
411301775702951,https://www.facebook.com/groups/411301775702951/,https://www.facebook.com/groups/411301775702951/posts/3373034966196269/
411301775702951,https://www.facebook.com/groups/411301775702951/,https://www.facebook.com/groups/411301775702951/posts/3373912796108486/
169718747164928,https://www.facebook.com/groups/169718747164928/,https://www.facebook.com/groups/169718747164928/posts/2138057473664369/
169718747164928,https://www.facebook.com/groups/169718747164928/,https://www.facebook.com/groups/169718747164928/posts/2137979480338835/
169718747164928,https://www.facebook.com/groups/169718747164928/,https://www.facebook.com/groups/169718747164928/posts/2138786416924808/
169718747164928,https://www.facebook.com/groups/169718747164928/,https://www.facebook.com/groups/169718747164928/posts/2137580897045360/
169718747164928,https://www.facebook.com/groups/169718747164928/,https://www.facebook.com/groups/169718747164928/posts/2139105553559561/
169718747164928,https://www.facebook.com/groups/169718747164928/,https://www.facebook.com/groups/169718747164928/posts/2139712590165524/
169718747164928,https://www.facebook.com/groups/169718747164928/,https://www.facebook.com/groups/169718747164928/posts/2137971237006326/
169718747164928,https://www.facebook.com/groups/169718747164928/,https://www.facebook.com/groups/169718747164928/posts/2137071507096299/
1475061816108017,https://www.facebook.com/groups/1475061816108017/,https://www.facebook.com/groups/1475061816108017/posts/4292076687739835/
1475061816108017,https://www.facebook.com/groups/1475061816108017/,https://www.facebook.com/groups/1475061816108017/posts/4292185797728924/
1475061816108017,https://www.facebook.com/groups/1475061816108017/,https://www.facebook.com/groups/1475061816108017/posts/4292201797727324/
1475061816108017,https://www.facebook.com/groups/1475061816108017/,https://www.facebook.com/groups/1475061816108017/posts/4291960301084807/
1475061816108017,https://www.facebook.com/groups/1475061816108017/,https://www.facebook.com/groups/1475061816108017/posts/4292208191060018/
1475061816108017,https://www.facebook.com/groups/1475061816108017/,https://www.facebook.com/groups/1475061816108017/posts/4291987417748762/
1475061816108017,https://www.facebook.com/groups/1475061816108017/,https://www.facebook.com/groups/1475061816108017/posts/4292237094390461/
1475061816108017,https://www.facebook.com/groups/1475061816108017/,https://www.facebook.com/groups/1475061816108017/posts/4292018901078947/
1475061816108017,https://www.facebook.com/groups/1475061816108017/,https://www.facebook.com/groups/1475061816108017/posts/4291986201082217/
1475061816108017,https://www.facebook.com/groups/1475061816108017/,https://www.facebook.com/groups/1475061816108017/posts/4291783437769160/
1475061816108017,https://www.facebook.com/groups/1475061816108017/,https://www.facebook.com/groups/1475061816108017/posts/4291908191090018/
1475061816108017,https://www.facebook.com/groups/1475061816108017/,https://www.facebook.com/groups/1475061816108017/posts/4292239521056885/
1475061816108017,https://www.facebook.com/groups/1475061816108017/,https://www.facebook.com/groups/1475061816108017/posts/4291907391090098/
1475061816108017,https://www.facebook.com/groups/1475061816108017/,https://www.facebook.com/groups/1475061816108017/posts/4292133527734151/
1475061816108017,https://www.facebook.com/groups/1475061816108017/,https://www.facebook.com/groups/1475061816108017/posts/4292030701077767/
1475061816108017,https://www.facebook.com/groups/1475061816108017/,https://www.facebook.com/groups/1475061816108017/posts/4292234564390714/
1475061816108017,https://www.facebook.com/groups/1475061816108017/,https://www.facebook.com/groups/1475061816108017/posts/4291946387752865/
1475061816108017,https://www.facebook.com/groups/1475061816108017/,https://www.facebook.com/groups/1475061816108017/posts/4291930934421077/
1475061816108017,https://www.facebook.com/groups/1475061816108017/,https://www.facebook.com/groups/1475061816108017/posts/4292022484411922/
1475061816108017,https://www.facebook.com/groups/1475061816108017/,https://www.facebook.com/groups/1475061816108017/posts/4291484307799073/
1475061816108017,https://www.facebook.com/groups/1475061816108017/,https://www.facebook.com/groups/1475061816108017/posts/4292017947745709/
1475061816108017,https://www.facebook.com/groups/1475061816108017/,https://www.facebook.com/groups/1475061816108017/posts/4292016801079157/
1475061816108017,https://www.facebook.com/groups/1475061816108017/,https://www.facebook.com/groups/1475061816108017/posts/4292158664398304/
1475061816108017,https://www.facebook.com/groups/1475061816108017/,https://www.facebook.com/groups/1475061816108017/posts/4291410091139828/
1475061816108017,https://www.facebook.com/groups/1475061816108017/,https://www.facebook.com/groups/1475061816108017/posts/4292129744401196/
1475061816108017,https://www.facebook.com/groups/1475061816108017/,https://www.facebook.com/groups/1475061816108017/posts/4292202154393955/
1475061816108017,https://www.facebook.com/groups/1475061816108017/,https://www.facebook.com/groups/1475061816108017/posts/4291932877754216/
1475061816108017,https://www.facebook.com/groups/1475061816108017/,https://www.facebook.com/groups/1475061816108017/posts/4292100681070769/
1475061816108017,https://www.facebook.com/groups/1475061816108017/,https://www.facebook.com/groups/1475061816108017/posts/4291389647808539/
1475061816108017,https://www.facebook.com/groups/1475061816108017/,https://www.facebook.com/groups/1475061816108017/posts/4291861661094671/
1475061816108017,https://www.facebook.com/groups/1475061816108017/,https://www.facebook.com/groups/1475061816108017/posts/4292068617740642/
1475061816108017,https://www.facebook.com/groups/1475061816108017/,https://www.facebook.com/groups/1475061816108017/posts/4291799151100922/
1475061816108017,https://www.facebook.com/groups/1475061816108017/,https://www.facebook.com/groups/1475061816108017/posts/4291443164469854/
1475061816108017,https://www.facebook.com/groups/1475061816108017/,https://www.facebook.com/groups/1475061816108017/posts/4292003504413820/
1475061816108017,https://www.facebook.com/groups/1475061816108017/,https://www.facebook.com/groups/1475061816108017/posts/4291898064424364/
1475061816108017,https://www.facebook.com/groups/1475061816108017/,https://www.facebook.com/groups/1475061816108017/posts/4292203641060473/
1475061816108017,https://www.facebook.com/groups/1475061816108017/,https://www.facebook.com/groups/1475061816108017/posts/4291334247814079/
1475061816108017,https://www.facebook.com/groups/1475061816108017/,https://www.facebook.com/groups/1475061816108017/posts/4292226164391554/
1475061816108017,https://www.facebook.com/groups/1475061816108017/,https://www.facebook.com/groups/1475061816108017/posts/4292117124402458/
1475061816108017,https://www.facebook.com/groups/1475061816108017/,https://www.facebook.com/groups/1475061816108017/posts/4292093307738173/
1475061816108017,https://www.facebook.com/groups/1475061816108017/,https://www.facebook.com/groups/1475061816108017/posts/4292191017728402/
1475061816108017,https://www.facebook.com/groups/1475061816108017/,https://www.facebook.com/groups/1475061816108017/posts/4291435981137239/
1475061816108017,https://www.facebook.com/groups/1475061816108017/,https://www.facebook.com/groups/1475061816108017/posts/4292221197725384/
1475061816108017,https://www.facebook.com/groups/1475061816108017/,https://www.facebook.com/groups/1475061816108017/posts/4291909601089877/
1475061816108017,https://www.facebook.com/groups/1475061816108017/,https://www.facebook.com/groups/1475061816108017/posts/4291416251139212/
1475061816108017,https://www.facebook.com/groups/1475061816108017/,https://www.facebook.com/groups/1475061816108017/posts/4292040691076768/
1475061816108017,https://www.facebook.com/groups/1475061816108017/,https://www.facebook.com/groups/1475061816108017/posts/4292071007740403/
1475061816108017,https://www.facebook.com/groups/1475061816108017/,https://www.facebook.com/groups/1475061816108017/posts/4292210854393085/
1475061816108017,https://www.facebook.com/groups/1475061816108017/,https://www.facebook.com/groups/1475061816108017/posts/4291880384426132/
1475061816108017,https://www.facebook.com/groups/1475061816108017/,https://www.facebook.com/groups/1475061816108017/posts/4291896437757860/
1475061816108017,https://www.facebook.com/groups/1475061816108017/,https://www.facebook.com/groups/1475061816108017/posts/4292021447745359/
1475061816108017,https://www.facebook.com/groups/1475061816108017/,https://www.facebook.com/groups/1475061816108017/posts/4291600841120753/
1475061816108017,https://www.facebook.com/groups/1475061816108017/,https://www.facebook.com/groups/1475061816108017/posts/4292050044409166/
1475061816108017,https://www.facebook.com/groups/1475061816108017/,https://www.facebook.com/groups/1475061816108017/posts/4291315561149281/
1475061816108017,https://www.facebook.com/groups/1475061816108017/,https://www.facebook.com/groups/1475061816108017/posts/4292121567735347/
1475061816108017,https://www.facebook.com/groups/1475061816108017/,https://www.facebook.com/groups/1475061816108017/posts/4291812844432886/
1475061816108017,https://www.facebook.com/groups/1475061816108017/,https://www.facebook.com/groups/1475061816108017/posts/4292165937730910/
1475061816108017,https://www.facebook.com/groups/1475061816108017/,https://www.facebook.com/groups/1475061816108017/posts/4292119554402215/
1475061816108017,https://www.facebook.com/groups/1475061816108017/,https://www.facebook.com/groups/1475061816108017/posts/4292027141078123/
1475061816108017,https://www.facebook.com/groups/1475061816108017/,https://www.facebook.com/groups/1475061816108017/posts/4291343027813201/
1475061816108017,https://www.facebook.com/groups/1475061816108017/,https://www.facebook.com/groups/1475061816108017/posts/4292220877725416/
1475061816108017,https://www.facebook.com/groups/1475061816108017/,https://www.facebook.com/groups/1475061816108017/posts/4291466637800840/
1475061816108017,https://www.facebook.com/groups/1475061816108017/,https://www.facebook.com/groups/1475061816108017/posts/4291572444456926/
1475061816108017,https://www.facebook.com/groups/1475061816108017/,https://www.facebook.com/groups/1475061816108017/posts/4291858364428334/
1475061816108017,https://www.facebook.com/groups/1475061816108017/,https://www.facebook.com/groups/1475061816108017/posts/4292137364400434/
1475061816108017,https://www.facebook.com/groups/1475061816108017/,https://www.facebook.com/groups/1475061816108017/posts/4291367457810758/
1475061816108017,https://www.facebook.com/groups/1475061816108017/,https://www.facebook.com/groups/1475061816108017/posts/4292116997735804/
1475061816108017,https://www.facebook.com/groups/1475061816108017/,https://www.facebook.com/groups/1475061816108017/posts/4291776607769843/
1475061816108017,https://www.facebook.com/groups/1475061816108017/,https://www.facebook.com/groups/1475061816108017/posts/4291772504436920/
1475061816108017,https://www.facebook.com/groups/1475061816108017/,https://www.facebook.com/groups/1475061816108017/posts/4291845947762909/
1475061816108017,https://www.facebook.com/groups/1475061816108017/,https://www.facebook.com/groups/1475061816108017/posts/4292175697729934/
1475061816108017,https://www.facebook.com/groups/1475061816108017/,https://www.facebook.com/groups/1475061816108017/posts/4292085894405581/
1475061816108017,https://www.facebook.com/groups/1475061816108017/,https://www.facebook.com/groups/1475061816108017/posts/4291843751096462/
1475061816108017,https://www.facebook.com/groups/1475061816108017/,https://www.facebook.com/groups/1475061816108017/posts/4291426761138161/
1475061816108017,https://www.facebook.com/groups/1475061816108017/,https://www.facebook.com/groups/1475061816108017/posts/4291340164480154/
1475061816108017,https://www.facebook.com/groups/1475061816108017/,https://www.facebook.com/groups/1475061816108017/posts/4292083847739119/
1475061816108017,https://www.facebook.com/groups/1475061816108017/,https://www.facebook.com/groups/1475061816108017/posts/4292040197743484/
1475061816108017,https://www.facebook.com/groups/1475061816108017/,https://www.facebook.com/groups/1475061816108017/posts/4291341384480032/
1475061816108017,https://www.facebook.com/groups/1475061816108017/,https://www.facebook.com/groups/1475061816108017/posts/4291887821092055/
1475061816108017,https://www.facebook.com/groups/1475061816108017/,https://www.facebook.com/groups/1475061816108017/posts/4291432577804246/
1475061816108017,https://www.facebook.com/groups/1475061816108017/,https://www.facebook.com/groups/1475061816108017/posts/4292240861056751/
1475061816108017,https://www.facebook.com/groups/1475061816108017/,https://www.facebook.com/groups/1475061816108017/posts/4291971274417043/
1475061816108017,https://www.facebook.com/groups/1475061816108017/,https://www.facebook.com/groups/1475061816108017/posts/4292126531068184/
1475061816108017,https://www.facebook.com/groups/1475061816108017/,https://www.facebook.com/groups/1475061816108017/posts/4291866777760826/
1475061816108017,https://www.facebook.com/groups/1475061816108017/,https://www.facebook.com/groups/1475061816108017/posts/4292193377728166/
1475061816108017,https://www.facebook.com/groups/1475061816108017/,https://www.facebook.com/groups/1475061816108017/posts/4291801557767348/
1475061816108017,https://www.facebook.com/groups/1475061816108017/,https://www.facebook.com/groups/1475061816108017/posts/4292078361073001/
1475061816108017,https://www.facebook.com/groups/1475061816108017/,https://www.facebook.com/groups/1475061816108017/posts/4291997961081041/
1475061816108017,https://www.facebook.com/groups/1475061816108017/,https://www.facebook.com/groups/1475061816108017/posts/4292066747740829/
1475061816108017,https://www.facebook.com/groups/1475061816108017/,https://www.facebook.com/groups/1475061816108017/posts/4291336661147171/
1475061816108017,https://www.facebook.com/groups/1475061816108017/,https://www.facebook.com/groups/1475061816108017/posts/4292018797745624/
1475061816108017,https://www.facebook.com/groups/1475061816108017/,https://www.facebook.com/groups/1475061816108017/posts/4291462031134634/
1475061816108017,https://www.facebook.com/groups/1475061816108017/,https://www.facebook.com/groups/1475061816108017/posts/4291912151089622/
1475061816108017,https://www.facebook.com/groups/1475061816108017/,https://www.facebook.com/groups/1475061816108017/posts/4291885434425627/
1475061816108017,https://www.facebook.com/groups/1475061816108017/,https://www.facebook.com/groups/1475061816108017/posts/4292127031068134/
1475061816108017,https://www.facebook.com/groups/1475061816108017/,https://www.facebook.com/groups/1475061816108017/posts/4291339444480226/
1475061816108017,https://www.facebook.com/groups/1475061816108017/,https://www.facebook.com/groups/1475061816108017/posts/4292029277744576/
1475061816108017,https://www.facebook.com/groups/1475061816108017/,https://www.facebook.com/groups/1475061816108017/posts/4291508711129966/
1475061816108017,https://www.facebook.com/groups/1475061816108017/,https://www.facebook.com/groups/1475061816108017/posts/4292040514410119/
1475061816108017,https://www.facebook.com/groups/1475061816108017/,https://www.facebook.com/groups/1475061816108017/posts/4291569481123889/
1475061816108017,https://www.facebook.com/groups/1475061816108017/,https://www.facebook.com/groups/1475061816108017/posts/4292006591080178/
1475061816108017,https://www.facebook.com/groups/1475061816108017/,https://www.facebook.com/groups/1475061816108017/posts/4291505321130305/
1475061816108017,https://www.facebook.com/groups/1475061816108017/,https://www.facebook.com/groups/1475061816108017/posts/4292004237747080/
1475061816108017,https://www.facebook.com/groups/1475061816108017/,https://www.facebook.com/groups/1475061816108017/posts/4292145657732938/
1582425938465943,https://www.facebook.com/groups/1582425938465943/,https://www.facebook.com/groups/1582425938465943/posts/32586608080954323/
1582425938465943,https://www.facebook.com/groups/1582425938465943/,https://www.facebook.com/groups/1582425938465943/posts/32581958601419271/
1582425938465943,https://www.facebook.com/groups/1582425938465943/,https://www.facebook.com/groups/1582425938465943/posts/32597755266506271/
1582425938465943,https://www.facebook.com/groups/1582425938465943/,https://www.facebook.com/groups/1582425938465943/posts/32580290201586111/
1582425938465943,https://www.facebook.com/groups/1582425938465943/,https://www.facebook.com/groups/1582425938465943/posts/32597820659833065/
1582425938465943,https://www.facebook.com/groups/1582425938465943/,https://www.facebook.com/groups/1582425938465943/posts/32594854863462978/
1582425938465943,https://www.facebook.com/groups/1582425938465943/,https://www.facebook.com/groups/1582425938465943/posts/32580725998209198/
1582425938465943,https://www.facebook.com/groups/1582425938465943/,https://www.facebook.com/groups/1582425938465943/posts/32598057099809421/
1582425938465943,https://www.facebook.com/groups/1582425938465943/,https://www.facebook.com/groups/1582425938465943/posts/32582123248069473/
1582425938465943,https://www.facebook.com/groups/1582425938465943/,https://www.facebook.com/groups/1582425938465943/posts/32598246769790454/
1582425938465943,https://www.facebook.com/groups/1582425938465943/,https://www.facebook.com/groups/1582425938465943/posts/32594039256877872/
1582425938465943,https://www.facebook.com/groups/1582425938465943/,https://www.facebook.com/groups/1582425938465943/posts/32593724336909364/
1582425938465943,https://www.facebook.com/groups/1582425938465943/,https://www.facebook.com/groups/1582425938465943/posts/32582620574686407/
1582425938465943,https://www.facebook.com/groups/1582425938465943/,https://www.facebook.com/groups/1582425938465943/posts/32582548098026988/
1582425938465943,https://www.facebook.com/groups/1582425938465943/,https://www.facebook.com/groups/1582425938465943/posts/32591990410416090/
1582425938465943,https://www.facebook.com/groups/1582425938465943/,https://www.facebook.com/groups/1582425938465943/posts/32595772600037871/
1582425938465943,https://www.facebook.com/groups/1582425938465943/,https://www.facebook.com/groups/1582425938465943/posts/32592272517054546/
1582425938465943,https://www.facebook.com/groups/1582425938465943/,https://www.facebook.com/groups/1582425938465943/posts/32580416588240139/
1582425938465943,https://www.facebook.com/groups/1582425938465943/,https://www.facebook.com/groups/1582425938465943/posts/32593468613601603/
1582425938465943,https://www.facebook.com/groups/1582425938465943/,https://www.facebook.com/groups/1582425938465943/posts/32594986970116434/
1582425938465943,https://www.facebook.com/groups/1582425938465943/,https://www.facebook.com/groups/1582425938465943/posts/32592131733735291/
1582425938465943,https://www.facebook.com/groups/1582425938465943/,https://www.facebook.com/groups/1582425938465943/posts/32581602268121571/
1582425938465943,https://www.facebook.com/groups/1582425938465943/,https://www.facebook.com/groups/1582425938465943/posts/32597081373240327/
1582425938465943,https://www.facebook.com/groups/1582425938465943/,https://www.facebook.com/groups/1582425938465943/posts/32580761428205655/
1582425938465943,https://www.facebook.com/groups/1582425938465943/,https://www.facebook.com/groups/1582425938465943/posts/32581845641430567/
1582425938465943,https://www.facebook.com/groups/1582425938465943/,https://www.facebook.com/groups/1582425938465943/posts/32592156670399464/
1582425938465943,https://www.facebook.com/groups/1582425938465943/,https://www.facebook.com/groups/1582425938465943/posts/32595751643373300/
1582425938465943,https://www.facebook.com/groups/1582425938465943/,https://www.facebook.com/groups/1582425938465943/posts/32596408789974252/
1582425938465943,https://www.facebook.com/groups/1582425938465943/,https://www.facebook.com/groups/1582425938465943/posts/32585540531061078/
1582425938465943,https://www.facebook.com/groups/1582425938465943/,https://www.facebook.com/groups/1582425938465943/posts/32597010239914107/
1582425938465943,https://www.facebook.com/groups/1582425938465943/,https://www.facebook.com/groups/1582425938465943/posts/32598000679815063/
1582425938465943,https://www.facebook.com/groups/1582425938465943/,https://www.facebook.com/groups/1582425938465943/posts/32591822317099566/
1582425938465943,https://www.facebook.com/groups/1582425938465943/,https://www.facebook.com/groups/1582425938465943/posts/32596566983291766/
1582425938465943,https://www.facebook.com/groups/1582425938465943/,https://www.facebook.com/groups/1582425938465943/posts/32588587014089763/
1582425938465943,https://www.facebook.com/groups/1582425938465943/,https://www.facebook.com/groups/1582425938465943/posts/32583404804607984/
1582425938465943,https://www.facebook.com/groups/1582425938465943/,https://www.facebook.com/groups/1582425938465943/posts/32583717867910011/
1582425938465943,https://www.facebook.com/groups/1582425938465943/,https://www.facebook.com/groups/1582425938465943/posts/32591780247103773/
1582425938465943,https://www.facebook.com/groups/1582425938465943/,https://www.facebook.com/groups/1582425938465943/posts/32592246840390447/
1582425938465943,https://www.facebook.com/groups/1582425938465943/,https://www.facebook.com/groups/1582425938465943/posts/32583498711265260/
1582425938465943,https://www.facebook.com/groups/1582425938465943/,https://www.facebook.com/groups/1582425938465943/posts/32597031979911933/
1582425938465943,https://www.facebook.com/groups/1582425938465943/,https://www.facebook.com/groups/1582425938465943/posts/32592948366986961/
1582425938465943,https://www.facebook.com/groups/1582425938465943/,https://www.facebook.com/groups/1582425938465943/posts/32585677327714065/
1582425938465943,https://www.facebook.com/groups/1582425938465943/,https://www.facebook.com/groups/1582425938465943/posts/32595069463441518/
1582425938465943,https://www.facebook.com/groups/1582425938465943/,https://www.facebook.com/groups/1582425938465943/posts/32596627789952352/
1582425938465943,https://www.facebook.com/groups/1582425938465943/,https://www.facebook.com/groups/1582425938465943/posts/32582301011385030/
1582425938465943,https://www.facebook.com/groups/1582425938465943/,https://www.facebook.com/groups/1582425938465943/posts/32592065767075221/
1582425938465943,https://www.facebook.com/groups/1582425938465943/,https://www.facebook.com/groups/1582425938465943/posts/32591764647105333/
1582425938465943,https://www.facebook.com/groups/1582425938465943/,https://www.facebook.com/groups/1582425938465943/posts/32592422377039560/
1582425938465943,https://www.facebook.com/groups/1582425938465943/,https://www.facebook.com/groups/1582425938465943/posts/32586673417614456/
1582425938465943,https://www.facebook.com/groups/1582425938465943/,https://www.facebook.com/groups/1582425938465943/posts/32582170738064724/
1582425938465943,https://www.facebook.com/groups/1582425938465943/,https://www.facebook.com/groups/1582425938465943/posts/32598262196455578/
1582425938465943,https://www.facebook.com/groups/1582425938465943/,https://www.facebook.com/groups/1582425938465943/posts/32583505847931213/
1582425938465943,https://www.facebook.com/groups/1582425938465943/,https://www.facebook.com/groups/1582425938465943/posts/32591761160439015/
1582425938465943,https://www.facebook.com/groups/1582425938465943/,https://www.facebook.com/groups/1582425938465943/posts/32595983230016808/
1582425938465943,https://www.facebook.com/groups/1582425938465943/,https://www.facebook.com/groups/1582425938465943/posts/32592815697000228/
1582425938465943,https://www.facebook.com/groups/1582425938465943/,https://www.facebook.com/groups/1582425938465943/posts/32598337009781430/
1582425938465943,https://www.facebook.com/groups/1582425938465943/,https://www.facebook.com/groups/1582425938465943/posts/32582933904655074/
1582425938465943,https://www.facebook.com/groups/1582425938465943/,https://www.facebook.com/groups/1582425938465943/posts/32591750410440090/
1582425938465943,https://www.facebook.com/groups/1582425938465943/,https://www.facebook.com/groups/1582425938465943/posts/32582971731317958/
1582425938465943,https://www.facebook.com/groups/1582425938465943/,https://www.facebook.com/groups/1582425938465943/posts/32598011606480637/
1582425938465943,https://www.facebook.com/groups/1582425938465943/,https://www.facebook.com/groups/1582425938465943/posts/32592091357072662/
1582425938465943,https://www.facebook.com/groups/1582425938465943/,https://www.facebook.com/groups/1582425938465943/posts/32596275493320915/
1582425938465943,https://www.facebook.com/groups/1582425938465943/,https://www.facebook.com/groups/1582425938465943/posts/32595729053375559/
1582425938465943,https://www.facebook.com/groups/1582425938465943/,https://www.facebook.com/groups/1582425938465943/posts/32589591790655952/
1582425938465943,https://www.facebook.com/groups/1582425938465943/,https://www.facebook.com/groups/1582425938465943/posts/32581315548150243/
1582425938465943,https://www.facebook.com/groups/1582425938465943/,https://www.facebook.com/groups/1582425938465943/posts/32581304894817975/
1582425938465943,https://www.facebook.com/groups/1582425938465943/,https://www.facebook.com/groups/1582425938465943/posts/32597833043165160/
1582425938465943,https://www.facebook.com/groups/1582425938465943/,https://www.facebook.com/groups/1582425938465943/posts/32581936421421489/
1582425938465943,https://www.facebook.com/groups/1582425938465943/,https://www.facebook.com/groups/1582425938465943/posts/32580613658220432/
1582425938465943,https://www.facebook.com/groups/1582425938465943/,https://www.facebook.com/groups/1582425938465943/posts/32582817248000073/
1582425938465943,https://www.facebook.com/groups/1582425938465943/,https://www.facebook.com/groups/1582425938465943/posts/32597115439903587/
1582425938465943,https://www.facebook.com/groups/1582425938465943/,https://www.facebook.com/groups/362307990479383/posts/25275368508746653/
1582425938465943,https://www.facebook.com/groups/1582425938465943/,https://www.facebook.com/groups/1582425938465943/posts/32596123820002749/
1582425938465943,https://www.facebook.com/groups/1582425938465943/,https://www.facebook.com/groups/1582425938465943/posts/32592013313747133/
1582425938465943,https://www.facebook.com/groups/1582425938465943/,https://www.facebook.com/groups/1582425938465943/posts/32591821923766272/
1582425938465943,https://www.facebook.com/groups/1582425938465943/,https://www.facebook.com/groups/1582425938465943/posts/32597548176526980/
1582425938465943,https://www.facebook.com/groups/1582425938465943/,https://www.facebook.com/groups/1582425938465943/posts/32582236018058196/
1582425938465943,https://www.facebook.com/groups/1582425938465943/,https://www.facebook.com/groups/1582425938465943/posts/32592556520359479/
1582425938465943,https://www.facebook.com/groups/1582425938465943/,https://www.facebook.com/groups/1582425938465943/posts/32593170886964709/
1582425938465943,https://www.facebook.com/groups/1582425938465943/,https://www.facebook.com/groups/1582425938465943/posts/32581201621494969/
1582425938465943,https://www.facebook.com/groups/1582425938465943/,https://www.facebook.com/groups/1582425938465943/posts/32596259586655839/
1582425938465943,https://www.facebook.com/groups/1582425938465943/,https://www.facebook.com/groups/1582425938465943/posts/32581191944829270/
1582425938465943,https://www.facebook.com/groups/1582425938465943/,https://www.facebook.com/groups/1582425938465943/posts/32580006171614514/
sale.rent.poolvillachiangmai,https://www.facebook.com/groups/sale.rent.poolvillachiangmai/,https://www.facebook.com/groups/sale.rent.poolvillachiangmai/posts/2413201095803541/
sale.rent.poolvillachiangmai,https://www.facebook.com/groups/sale.rent.poolvillachiangmai/,https://www.facebook.com/groups/sale.rent.poolvillachiangmai/posts/2413197332470584/
sale.rent.poolvillachiangmai,https://www.facebook.com/groups/sale.rent.poolvillachiangmai/,https://www.facebook.com/groups/sale.rent.poolvillachiangmai/posts/2413190419137942/
sale.rent.poolvillachiangmai,https://www.facebook.com/groups/sale.rent.poolvillachiangmai/,https://www.facebook.com/groups/sale.rent.poolvillachiangmai/posts/2413185045805146/
sale.rent.poolvillachiangmai,https://www.facebook.com/groups/sale.rent.poolvillachiangmai/,https://www.facebook.com/groups/sale.rent.poolvillachiangmai/posts/2413183639138620/
sale.rent.poolvillachiangmai,https://www.facebook.com/groups/sale.rent.poolvillachiangmai/,https://www.facebook.com/groups/sale.rent.poolvillachiangmai/posts/2413182315805419/
sale.rent.poolvillachiangmai,https://www.facebook.com/groups/sale.rent.poolvillachiangmai/,https://www.facebook.com/groups/sale.rent.poolvillachiangmai/posts/2413181852472132/
sale.rent.poolvillachiangmai,https://www.facebook.com/groups/sale.rent.poolvillachiangmai/,https://www.facebook.com/groups/sale.rent.poolvillachiangmai/posts/2413171412473176/
sale.rent.poolvillachiangmai,https://www.facebook.com/groups/sale.rent.poolvillachiangmai/,https://www.facebook.com/groups/sale.rent.poolvillachiangmai/posts/2413168755806775/
sale.rent.poolvillachiangmai,https://www.facebook.com/groups/sale.rent.poolvillachiangmai/,https://www.facebook.com/groups/sale.rent.poolvillachiangmai/posts/2413162815807369/
sale.rent.poolvillachiangmai,https://www.facebook.com/groups/sale.rent.poolvillachiangmai/,https://www.facebook.com/groups/sale.rent.poolvillachiangmai/posts/2413155029141481/
sale.rent.poolvillachiangmai,https://www.facebook.com/groups/sale.rent.poolvillachiangmai/,https://www.facebook.com/groups/sale.rent.poolvillachiangmai/posts/2413151849141799/
sale.rent.poolvillachiangmai,https://www.facebook.com/groups/sale.rent.poolvillachiangmai/,https://www.facebook.com/groups/sale.rent.poolvillachiangmai/posts/2413149849141999/
sale.rent.poolvillachiangmai,https://www.facebook.com/groups/sale.rent.poolvillachiangmai/,https://www.facebook.com/groups/sale.rent.poolvillachiangmai/posts/2413147922475525/
sale.rent.poolvillachiangmai,https://www.facebook.com/groups/sale.rent.poolvillachiangmai/,https://www.facebook.com/groups/sale.rent.poolvillachiangmai/posts/2413143902475927/
sale.rent.poolvillachiangmai,https://www.facebook.com/groups/sale.rent.poolvillachiangmai/,https://www.facebook.com/groups/sale.rent.poolvillachiangmai/posts/2413140792476238/
203683550205761,https://www.facebook.com/groups/203683550205761/,https://www.facebook.com/groups/203683550205761/posts/2039210633319701/
203683550205761,https://www.facebook.com/groups/203683550205761/,https://www.facebook.com/groups/203683550205761/posts/2039394239968007/
203683550205761,https://www.facebook.com/groups/203683550205761/,https://www.facebook.com/groups/203683550205761/posts/2039384899968941/
203683550205761,https://www.facebook.com/groups/203683550205761/,https://www.facebook.com/groups/203683550205761/posts/2037587403482024/
203683550205761,https://www.facebook.com/groups/203683550205761/,https://www.facebook.com/groups/203683550205761/posts/2037531330154298/
203683550205761,https://www.facebook.com/groups/203683550205761/,https://www.facebook.com/groups/203683550205761/posts/2038593773381387/
203683550205761,https://www.facebook.com/groups/203683550205761/,https://www.facebook.com/groups/203683550205761/posts/2037054426868655/
203683550205761,https://www.facebook.com/groups/203683550205761/,https://www.facebook.com/groups/203683550205761/posts/2037987050108726/
203683550205761,https://www.facebook.com/groups/203683550205761/,https://www.facebook.com/groups/203683550205761/posts/2037148916859206/
203683550205761,https://www.facebook.com/groups/203683550205761/,https://www.facebook.com/groups/203683550205761/posts/2037523960155035/
203683550205761,https://www.facebook.com/groups/203683550205761/,https://www.facebook.com/groups/203683550205761/posts/2037459473494817/
203683550205761,https://www.facebook.com/groups/203683550205761/,https://www.facebook.com/groups/203683550205761/posts/2038341410073290/
203683550205761,https://www.facebook.com/groups/203683550205761/,https://www.facebook.com/groups/203683550205761/posts/2039378593302905/
203683550205761,https://www.facebook.com/groups/203683550205761/,https://www.facebook.com/groups/203683550205761/posts/2038833113357453/
203683550205761,https://www.facebook.com/groups/203683550205761/,https://www.facebook.com/groups/203683550205761/posts/2039202806653817/
203683550205761,https://www.facebook.com/groups/203683550205761/,https://www.facebook.com/groups/203683550205761/posts/2037769930130438/
203683550205761,https://www.facebook.com/groups/203683550205761/,https://www.facebook.com/groups/203683550205761/posts/2038541846719913/
203683550205761,https://www.facebook.com/groups/203683550205761/,https://www.facebook.com/groups/203683550205761/posts/2037807326793365/
203683550205761,https://www.facebook.com/groups/203683550205761/,https://www.facebook.com/groups/203683550205761/posts/2038753993365365/
203683550205761,https://www.facebook.com/groups/203683550205761/,https://www.facebook.com/groups/203683550205761/posts/2037567080150723/
203683550205761,https://www.facebook.com/groups/203683550205761/,https://www.facebook.com/groups/203683550205761/posts/2037462710161160/
203683550205761,https://www.facebook.com/groups/203683550205761/,https://www.facebook.com/groups/203683550205761/posts/2039077933332971/
203683550205761,https://www.facebook.com/groups/203683550205761/,https://www.facebook.com/groups/203683550205761/posts/2037645626809535/
203683550205761,https://www.facebook.com/groups/203683550205761/,https://www.facebook.com/groups/203683550205761/posts/2038513096722788/
203683550205761,https://www.facebook.com/groups/203683550205761/,https://www.facebook.com/groups/203683550205761/posts/2039437156630382/
203683550205761,https://www.facebook.com/groups/203683550205761/,https://www.facebook.com/groups/203683550205761/posts/2039394476634650/
203683550205761,https://www.facebook.com/groups/203683550205761/,https://www.facebook.com/groups/203683550205761/posts/2039390636635034/
203683550205761,https://www.facebook.com/groups/203683550205761/,https://www.facebook.com/groups/203683550205761/posts/2039389376635160/
203683550205761,https://www.facebook.com/groups/203683550205761/,https://www.facebook.com/groups/203683550205761/posts/2039386276635470/
203683550205761,https://www.facebook.com/groups/203683550205761/,https://www.facebook.com/groups/203683550205761/posts/2039384639968967/
203683550205761,https://www.facebook.com/groups/203683550205761/,https://www.facebook.com/groups/203683550205761/posts/2039381486635949/
203683550205761,https://www.facebook.com/groups/203683550205761/,https://www.facebook.com/groups/203683550205761/posts/2039381259969305/
203683550205761,https://www.facebook.com/groups/203683550205761/,https://www.facebook.com/groups/203683550205761/posts/2039379236636174/
203683550205761,https://www.facebook.com/groups/203683550205761/,https://www.facebook.com/groups/203683550205761/posts/2039373756636722/
203683550205761,https://www.facebook.com/groups/203683550205761/,https://www.facebook.com/groups/203683550205761/posts/2039365773304187/
203683550205761,https://www.facebook.com/groups/203683550205761/,https://www.facebook.com/groups/203683550205761/posts/2039363276637770/
203683550205761,https://www.facebook.com/groups/203683550205761/,https://www.facebook.com/groups/203683550205761/posts/2039354353305329/
203683550205761,https://www.facebook.com/groups/203683550205761/,https://www.facebook.com/groups/203683550205761/posts/2039353933305371/
203683550205761,https://www.facebook.com/groups/203683550205761/,https://www.facebook.com/groups/203683550205761/posts/2039350969972334/
203683550205761,https://www.facebook.com/groups/203683550205761/,https://www.facebook.com/groups/203683550205761/posts/2039347603306004/
203683550205761,https://www.facebook.com/groups/203683550205761/,https://www.facebook.com/groups/203683550205761/posts/2039347276639370/
203683550205761,https://www.facebook.com/groups/203683550205761/,https://www.facebook.com/groups/203683550205761/posts/2039346409972790/
203683550205761,https://www.facebook.com/groups/203683550205761/,https://www.facebook.com/groups/203683550205761/posts/2039342469973184/
203683550205761,https://www.facebook.com/groups/203683550205761/,https://www.facebook.com/groups/203683550205761/posts/2039341763306588/
203683550205761,https://www.facebook.com/groups/203683550205761/,https://www.facebook.com/groups/203683550205761/posts/2039341343306630/
203683550205761,https://www.facebook.com/groups/203683550205761/,https://www.facebook.com/groups/203683550205761/posts/2039340739973357/
203683550205761,https://www.facebook.com/groups/203683550205761/,https://www.facebook.com/groups/203683550205761/posts/2039339223306842/
203683550205761,https://www.facebook.com/groups/203683550205761/,https://www.facebook.com/groups/203683550205761/posts/2039338259973605/
203683550205761,https://www.facebook.com/groups/203683550205761/,https://www.facebook.com/groups/203683550205761/posts/2039333343307430/
203683550205761,https://www.facebook.com/groups/203683550205761/,https://www.facebook.com/groups/203683550205761/posts/2039332166640881/
203683550205761,https://www.facebook.com/groups/203683550205761/,https://www.facebook.com/groups/203683550205761/posts/2039329139974517/
203683550205761,https://www.facebook.com/groups/203683550205761/,https://www.facebook.com/groups/203683550205761/posts/2039325623308202/
203683550205761,https://www.facebook.com/groups/203683550205761/,https://www.facebook.com/groups/203683550205761/posts/2039325066641591/
203683550205761,https://www.facebook.com/groups/203683550205761/,https://www.facebook.com/groups/203683550205761/posts/2039321076641990/
203683550205761,https://www.facebook.com/groups/203683550205761/,https://www.facebook.com/groups/203683550205761/posts/2039315356642562/
203683550205761,https://www.facebook.com/groups/203683550205761/,https://www.facebook.com/groups/203683550205761/posts/2039314876642610/
203683550205761,https://www.facebook.com/groups/203683550205761/,https://www.facebook.com/groups/203683550205761/posts/2039314196642678/
203683550205761,https://www.facebook.com/groups/203683550205761/,https://www.facebook.com/groups/203683550205761/posts/2039313493309415/
203683550205761,https://www.facebook.com/groups/203683550205761/,https://www.facebook.com/groups/203683550205761/posts/2039313479976083/
203683550205761,https://www.facebook.com/groups/203683550205761/,https://www.facebook.com/groups/203683550205761/posts/2039312779976153/
203683550205761,https://www.facebook.com/groups/203683550205761/,https://www.facebook.com/groups/203683550205761/posts/2039311693309595/
203683550205761,https://www.facebook.com/groups/203683550205761/,https://www.facebook.com/groups/203683550205761/posts/2039309046643193/
203683550205761,https://www.facebook.com/groups/203683550205761/,https://www.facebook.com/groups/203683550205761/posts/2039303279977103/
203683550205761,https://www.facebook.com/groups/203683550205761/,https://www.facebook.com/groups/203683550205761/posts/2039301923310572/
203683550205761,https://www.facebook.com/groups/203683550205761/,https://www.facebook.com/groups/203683550205761/posts/2039298679977563/
203683550205761,https://www.facebook.com/groups/203683550205761/,https://www.facebook.com/groups/203683550205761/posts/2039296936644404/
203683550205761,https://www.facebook.com/groups/203683550205761/,https://www.facebook.com/groups/203683550205761/posts/2039290383311726/
203683550205761,https://www.facebook.com/groups/203683550205761/,https://www.facebook.com/groups/203683550205761/posts/2039277559979675/
203683550205761,https://www.facebook.com/groups/203683550205761/,https://www.facebook.com/groups/203683550205761/posts/2039277496646348/
203683550205761,https://www.facebook.com/groups/203683550205761/,https://www.facebook.com/groups/203683550205761/posts/2039272039980227/
203683550205761,https://www.facebook.com/groups/203683550205761/,https://www.facebook.com/groups/203683550205761/posts/2039263969981034/
203683550205761,https://www.facebook.com/groups/203683550205761/,https://www.facebook.com/groups/203683550205761/posts/2039263486647749/
203683550205761,https://www.facebook.com/groups/203683550205761/,https://www.facebook.com/groups/203683550205761/posts/2039259839981447/
203683550205761,https://www.facebook.com/groups/203683550205761/,https://www.facebook.com/groups/203683550205761/posts/2039255023315262/
203683550205761,https://www.facebook.com/groups/203683550205761/,https://www.facebook.com/groups/203683550205761/posts/2039247473316017/
203683550205761,https://www.facebook.com/groups/203683550205761/,https://www.facebook.com/groups/203683550205761/posts/2039245969982834/
203683550205761,https://www.facebook.com/groups/203683550205761/,https://www.facebook.com/groups/203683550205761/posts/2039225063318258/
203683550205761,https://www.facebook.com/groups/203683550205761/,https://www.facebook.com/groups/203683550205761/posts/2039221266651971/
203683550205761,https://www.facebook.com/groups/203683550205761/,https://www.facebook.com/groups/203683550205761/posts/2039217946652303/
203683550205761,https://www.facebook.com/groups/203683550205761/,https://www.facebook.com/groups/203683550205761/posts/2039214383319326/
203683550205761,https://www.facebook.com/groups/203683550205761/,https://www.facebook.com/groups/203683550205761/posts/2039214169986014/
203683550205761,https://www.facebook.com/groups/203683550205761/,https://www.facebook.com/groups/203683550205761/posts/2039213596652738/
203683550205761,https://www.facebook.com/groups/203683550205761/,https://www.facebook.com/groups/203683550205761/posts/2039211149986316/
203683550205761,https://www.facebook.com/groups/203683550205761/,https://www.facebook.com/groups/203683550205761/posts/2039208783319886/
203683550205761,https://www.facebook.com/groups/203683550205761/,https://www.facebook.com/groups/203683550205761/posts/2039203686653729/
203683550205761,https://www.facebook.com/groups/203683550205761/,https://www.facebook.com/groups/203683550205761/posts/2039201079987323/
203683550205761,https://www.facebook.com/groups/203683550205761/,https://www.facebook.com/groups/203683550205761/posts/2039200573320707/
203683550205761,https://www.facebook.com/groups/203683550205761/,https://www.facebook.com/groups/203683550205761/posts/2039198579987573/
203683550205761,https://www.facebook.com/groups/203683550205761/,https://www.facebook.com/groups/203683550205761/posts/2039197726654325/
203683550205761,https://www.facebook.com/groups/203683550205761/,https://www.facebook.com/groups/203683550205761/posts/2039197506654347/
203683550205761,https://www.facebook.com/groups/203683550205761/,https://www.facebook.com/groups/203683550205761/posts/2039195409987890/
203683550205761,https://www.facebook.com/groups/203683550205761/,https://www.facebook.com/groups/203683550205761/posts/2039192346654863/
203683550205761,https://www.facebook.com/groups/203683550205761/,https://www.facebook.com/groups/203683550205761/posts/2039155356658562/
203683550205761,https://www.facebook.com/groups/203683550205761/,https://www.facebook.com/groups/203683550205761/posts/2039149699992461/
203683550205761,https://www.facebook.com/groups/203683550205761/,https://www.facebook.com/groups/203683550205761/posts/2039145156659582/
203683550205761,https://www.facebook.com/groups/203683550205761/,https://www.facebook.com/groups/203683550205761/posts/2039144126659685/
203683550205761,https://www.facebook.com/groups/203683550205761/,https://www.facebook.com/groups/203683550205761/posts/2039143086659789/
203683550205761,https://www.facebook.com/groups/203683550205761/,https://www.facebook.com/groups/203683550205761/posts/2039119259995505/
203683550205761,https://www.facebook.com/groups/203683550205761/,https://www.facebook.com/groups/203683550205761/posts/2039083839999047/
203683550205761,https://www.facebook.com/groups/203683550205761/,https://www.facebook.com/groups/203683550205761/posts/2039080929999338/
203683550205761,https://www.facebook.com/groups/203683550205761/,https://www.facebook.com/groups/203683550205761/posts/2039080306666067/
203683550205761,https://www.facebook.com/groups/203683550205761/,https://www.facebook.com/groups/203683550205761/posts/2039079603332804/
203683550205761,https://www.facebook.com/groups/203683550205761/,https://www.facebook.com/groups/203683550205761/posts/2039077033333061/
203683550205761,https://www.facebook.com/groups/203683550205761/,https://www.facebook.com/groups/203683550205761/posts/2038869423353822/
203683550205761,https://www.facebook.com/groups/203683550205761/,https://www.facebook.com/groups/203683550205761/posts/2038849256689172/
203683550205761,https://www.facebook.com/groups/203683550205761/,https://www.facebook.com/groups/203683550205761/posts/2038828376691260/
203683550205761,https://www.facebook.com/groups/203683550205761/,https://www.facebook.com/groups/203683550205761/posts/2038826300024801/
203683550205761,https://www.facebook.com/groups/203683550205761/,https://www.facebook.com/groups/203683550205761/posts/2038818883358876/
203683550205761,https://www.facebook.com/groups/203683550205761/,https://www.facebook.com/groups/203683550205761/posts/2038817793358985/
203683550205761,https://www.facebook.com/groups/203683550205761/,https://www.facebook.com/groups/203683550205761/posts/2038814280026003/
203683550205761,https://www.facebook.com/groups/203683550205761/,https://www.facebook.com/groups/203683550205761/posts/2038811526692945/
203683550205761,https://www.facebook.com/groups/203683550205761/,https://www.facebook.com/groups/203683550205761/posts/2038807483360016/
203683550205761,https://www.facebook.com/groups/203683550205761/,https://www.facebook.com/groups/203683550205761/posts/2038799183360846/
203683550205761,https://www.facebook.com/groups/203683550205761/,https://www.facebook.com/groups/203683550205761/posts/2038795370027894/
203683550205761,https://www.facebook.com/groups/203683550205761/,https://www.facebook.com/groups/203683550205761/posts/2038775950029836/
203683550205761,https://www.facebook.com/groups/203683550205761/,https://www.facebook.com/groups/203683550205761/posts/2038727206701377/
203683550205761,https://www.facebook.com/groups/203683550205761/,https://www.facebook.com/groups/203683550205761/posts/2038725753368189/
203683550205761,https://www.facebook.com/groups/203683550205761/,https://www.facebook.com/groups/203683550205761/posts/2038724890034942/
203683550205761,https://www.facebook.com/groups/203683550205761/,https://www.facebook.com/groups/203683550205761/posts/2038722956701802/
203683550205761,https://www.facebook.com/groups/203683550205761/,https://www.facebook.com/groups/203683550205761/posts/2038719043368860/
203683550205761,https://www.facebook.com/groups/203683550205761/,https://www.facebook.com/groups/203683550205761/posts/2038716866702411/
203683550205761,https://www.facebook.com/groups/203683550205761/,https://www.facebook.com/groups/203683550205761/posts/2038709726703125/
203683550205761,https://www.facebook.com/groups/203683550205761/,https://www.facebook.com/groups/203683550205761/posts/2038699733370791/
203683550205761,https://www.facebook.com/groups/203683550205761/,https://www.facebook.com/groups/203683550205761/posts/2038691153371649/
203683550205761,https://www.facebook.com/groups/203683550205761/,https://www.facebook.com/groups/203683550205761/posts/2038686993372065/
203683550205761,https://www.facebook.com/groups/203683550205761/,https://www.facebook.com/groups/203683550205761/posts/2038682676705830/
203683550205761,https://www.facebook.com/groups/203683550205761/,https://www.facebook.com/groups/203683550205761/posts/2038669043373860/
203683550205761,https://www.facebook.com/groups/203683550205761/,https://www.facebook.com/groups/203683550205761/posts/2038668380040593/
203683550205761,https://www.facebook.com/groups/203683550205761/,https://www.facebook.com/groups/203683550205761/posts/2038665616707536/
203683550205761,https://www.facebook.com/groups/203683550205761/,https://www.facebook.com/groups/203683550205761/posts/2038649186709179/
203683550205761,https://www.facebook.com/groups/203683550205761/,https://www.facebook.com/groups/203683550205761/posts/2038640010043430/
203683550205761,https://www.facebook.com/groups/203683550205761/,https://www.facebook.com/groups/203683550205761/posts/2038637593377005/
203683550205761,https://www.facebook.com/groups/203683550205761/,https://www.facebook.com/groups/203683550205761/posts/2038636266710471/
203683550205761,https://www.facebook.com/groups/203683550205761/,https://www.facebook.com/groups/203683550205761/posts/2038636203377144/
203683550205761,https://www.facebook.com/groups/203683550205761/,https://www.facebook.com/groups/203683550205761/posts/2038620113378753/
203683550205761,https://www.facebook.com/groups/203683550205761/,https://www.facebook.com/groups/203683550205761/posts/2038619293378835/
203683550205761,https://www.facebook.com/groups/203683550205761/,https://www.facebook.com/groups/203683550205761/posts/2038610843379680/
203683550205761,https://www.facebook.com/groups/203683550205761/,https://www.facebook.com/groups/203683550205761/posts/2038609860046445/
203683550205761,https://www.facebook.com/groups/203683550205761/,https://www.facebook.com/groups/203683550205761/posts/2038608200046611/
203683550205761,https://www.facebook.com/groups/203683550205761/,https://www.facebook.com/groups/203683550205761/posts/2038606273380137/
203683550205761,https://www.facebook.com/groups/203683550205761/,https://www.facebook.com/groups/203683550205761/posts/2038603086713789/
203683550205761,https://www.facebook.com/groups/203683550205761/,https://www.facebook.com/groups/203683550205761/posts/2038590516715046/
203683550205761,https://www.facebook.com/groups/203683550205761/,https://www.facebook.com/groups/203683550205761/posts/2038587183382046/
203683550205761,https://www.facebook.com/groups/203683550205761/,https://www.facebook.com/groups/203683550205761/posts/2038585910048840/
203683550205761,https://www.facebook.com/groups/203683550205761/,https://www.facebook.com/groups/203683550205761/posts/2038585736715524/
203683550205761,https://www.facebook.com/groups/203683550205761/,https://www.facebook.com/groups/203683550205761/posts/2038583200049111/
203683550205761,https://www.facebook.com/groups/203683550205761/,https://www.facebook.com/groups/203683550205761/posts/2038580230049408/
203683550205761,https://www.facebook.com/groups/203683550205761/,https://www.facebook.com/groups/203683550205761/posts/2038577743382990/
203683550205761,https://www.facebook.com/groups/203683550205761/,https://www.facebook.com/groups/203683550205761/posts/2038576223383142/
203683550205761,https://www.facebook.com/groups/203683550205761/,https://www.facebook.com/groups/203683550205761/posts/2038574950049936/
203683550205761,https://www.facebook.com/groups/203683550205761/,https://www.facebook.com/groups/203683550205761/posts/2038556976718400/
203683550205761,https://www.facebook.com/groups/203683550205761/,https://www.facebook.com/groups/203683550205761/posts/2038551153385649/
203683550205761,https://www.facebook.com/groups/203683550205761/,https://www.facebook.com/groups/203683550205761/posts/2038545366719561/
203683550205761,https://www.facebook.com/groups/203683550205761/,https://www.facebook.com/groups/203683550205761/posts/2038530493387715/
203683550205761,https://www.facebook.com/groups/203683550205761/,https://www.facebook.com/groups/203683550205761/posts/2038525163388248/
203683550205761,https://www.facebook.com/groups/203683550205761/,https://www.facebook.com/groups/203683550205761/posts/2038522990055132/
203683550205761,https://www.facebook.com/groups/203683550205761/,https://www.facebook.com/groups/203683550205761/posts/2038515516722546/
203683550205761,https://www.facebook.com/groups/203683550205761/,https://www.facebook.com/groups/203683550205761/posts/2038510670056364/
203683550205761,https://www.facebook.com/groups/203683550205761/,https://www.facebook.com/groups/203683550205761/posts/2038494913391273/
203683550205761,https://www.facebook.com/groups/203683550205761/,https://www.facebook.com/groups/203683550205761/posts/2038493083391456/
203683550205761,https://www.facebook.com/groups/203683550205761/,https://www.facebook.com/groups/203683550205761/posts/2038487443392020/
203683550205761,https://www.facebook.com/groups/203683550205761/,https://www.facebook.com/groups/203683550205761/posts/2038473170060114/
203683550205761,https://www.facebook.com/groups/203683550205761/,https://www.facebook.com/groups/203683550205761/posts/2038454613395303/
203683550205761,https://www.facebook.com/groups/203683550205761/,https://www.facebook.com/groups/203683550205761/posts/2038447316729366/
203683550205761,https://www.facebook.com/groups/203683550205761/,https://www.facebook.com/groups/203683550205761/posts/2038442530063178/
203683550205761,https://www.facebook.com/groups/203683550205761/,https://www.facebook.com/groups/203683550205761/posts/2038439716730126/
203683550205761,https://www.facebook.com/groups/203683550205761/,https://www.facebook.com/groups/203683550205761/posts/2038439096730188/
203683550205761,https://www.facebook.com/groups/203683550205761/,https://www.facebook.com/groups/203683550205761/posts/2038436846730413/
203683550205761,https://www.facebook.com/groups/203683550205761/,https://www.facebook.com/groups/203683550205761/posts/2038433633397401/
203683550205761,https://www.facebook.com/groups/203683550205761/,https://www.facebook.com/groups/203683550205761/posts/2038431586730939/
203683550205761,https://www.facebook.com/groups/203683550205761/,https://www.facebook.com/groups/203683550205761/posts/2038430290064402/
203683550205761,https://www.facebook.com/groups/203683550205761/,https://www.facebook.com/groups/203683550205761/posts/2038429120064519/
203683550205761,https://www.facebook.com/groups/203683550205761/,https://www.facebook.com/groups/203683550205761/posts/2038417596732338/
203683550205761,https://www.facebook.com/groups/203683550205761/,https://www.facebook.com/groups/203683550205761/posts/2038412696732828/
203683550205761,https://www.facebook.com/groups/203683550205761/,https://www.facebook.com/groups/203683550205761/posts/2038398680067563/
203683550205761,https://www.facebook.com/groups/203683550205761/,https://www.facebook.com/groups/203683550205761/posts/2038393813401383/
203683550205761,https://www.facebook.com/groups/203683550205761/,https://www.facebook.com/groups/203683550205761/posts/2038391783401586/
203683550205761,https://www.facebook.com/groups/203683550205761/,https://www.facebook.com/groups/203683550205761/posts/2038389826735115/
203683550205761,https://www.facebook.com/groups/203683550205761/,https://www.facebook.com/groups/203683550205761/posts/2038387870068644/
203683550205761,https://www.facebook.com/groups/203683550205761/,https://www.facebook.com/groups/203683550205761/posts/2038387056735392/
203683550205761,https://www.facebook.com/groups/203683550205761/,https://www.facebook.com/groups/203683550205761/posts/2038385716735526/
203683550205761,https://www.facebook.com/groups/203683550205761/,https://www.facebook.com/groups/203683550205761/posts/2038380723402692/
203683550205761,https://www.facebook.com/groups/203683550205761/,https://www.facebook.com/groups/203683550205761/posts/2038379176736180/
203683550205761,https://www.facebook.com/groups/203683550205761/,https://www.facebook.com/groups/203683550205761/posts/2038377626736335/
203683550205761,https://www.facebook.com/groups/203683550205761/,https://www.facebook.com/groups/203683550205761/posts/2038377083403056/
203683550205761,https://www.facebook.com/groups/203683550205761/,https://www.facebook.com/groups/203683550205761/posts/2038375123403252/
203683550205761,https://www.facebook.com/groups/203683550205761/,https://www.facebook.com/groups/203683550205761/posts/2038371506736947/
203683550205761,https://www.facebook.com/groups/203683550205761/,https://www.facebook.com/groups/203683550205761/posts/2038368563403908/
203683550205761,https://www.facebook.com/groups/203683550205761/,https://www.facebook.com/groups/203683550205761/posts/2038366973404067/
203683550205761,https://www.facebook.com/groups/203683550205761/,https://www.facebook.com/groups/203683550205761/posts/2038348350072596/
203683550205761,https://www.facebook.com/groups/203683550205761/,https://www.facebook.com/groups/203683550205761/posts/2038328290074602/
203683550205761,https://www.facebook.com/groups/203683550205761/,https://www.facebook.com/groups/203683550205761/posts/2038270100080421/
203683550205761,https://www.facebook.com/groups/203683550205761/,https://www.facebook.com/groups/203683550205761/posts/2038209250086506/
203683550205761,https://www.facebook.com/groups/203683550205761/,https://www.facebook.com/groups/203683550205761/posts/2038204753420289/
203683550205761,https://www.facebook.com/groups/203683550205761/,https://www.facebook.com/groups/203683550205761/posts/2038204663420298/
203683550205761,https://www.facebook.com/groups/203683550205761/,https://www.facebook.com/groups/203683550205761/posts/2038199556754142/
203683550205761,https://www.facebook.com/groups/203683550205761/,https://www.facebook.com/groups/203683550205761/posts/2038057583435006/
203683550205761,https://www.facebook.com/groups/203683550205761/,https://www.facebook.com/groups/203683550205761/posts/2038032440104187/
203683550205761,https://www.facebook.com/groups/203683550205761/,https://www.facebook.com/groups/203683550205761/posts/2038027516771346/
203683550205761,https://www.facebook.com/groups/203683550205761/,https://www.facebook.com/groups/203683550205761/posts/2038027046771393/
203683550205761,https://www.facebook.com/groups/203683550205761/,https://www.facebook.com/groups/203683550205761/posts/2038021256771972/
203683550205761,https://www.facebook.com/groups/203683550205761/,https://www.facebook.com/groups/203683550205761/posts/2038019033438861/
203683550205761,https://www.facebook.com/groups/203683550205761/,https://www.facebook.com/groups/203683550205761/posts/2038018043438960/
203683550205761,https://www.facebook.com/groups/203683550205761/,https://www.facebook.com/groups/203683550205761/posts/2038017910105640/
203683550205761,https://www.facebook.com/groups/203683550205761/,https://www.facebook.com/groups/203683550205761/posts/2038008563439908/
203683550205761,https://www.facebook.com/groups/203683550205761/,https://www.facebook.com/groups/203683550205761/posts/2038001386773959/
203683550205761,https://www.facebook.com/groups/203683550205761/,https://www.facebook.com/groups/203683550205761/posts/2037984330108998/
203683550205761,https://www.facebook.com/groups/203683550205761/,https://www.facebook.com/groups/203683550205761/posts/2037970770110354/
203683550205761,https://www.facebook.com/groups/203683550205761/,https://www.facebook.com/groups/203683550205761/posts/2037969610110470/
203683550205761,https://www.facebook.com/groups/203683550205761/,https://www.facebook.com/groups/203683550205761/posts/2037964660110965/
203683550205761,https://www.facebook.com/groups/203683550205761/,https://www.facebook.com/groups/203683550205761/posts/2037963440111087/
203683550205761,https://www.facebook.com/groups/203683550205761/,https://www.facebook.com/groups/203683550205761/posts/2037962583444506/
203683550205761,https://www.facebook.com/groups/203683550205761/,https://www.facebook.com/groups/203683550205761/posts/2037959940111437/
203683550205761,https://www.facebook.com/groups/203683550205761/,https://www.facebook.com/groups/203683550205761/posts/2037950986778999/
203683550205761,https://www.facebook.com/groups/203683550205761/,https://www.facebook.com/groups/203683550205761/posts/2037950876779010/
203683550205761,https://www.facebook.com/groups/203683550205761/,https://www.facebook.com/groups/203683550205761/posts/2037939036780194/
203683550205761,https://www.facebook.com/groups/203683550205761/,https://www.facebook.com/groups/203683550205761/posts/2037938963446868/
203683550205761,https://www.facebook.com/groups/203683550205761/,https://www.facebook.com/groups/203683550205761/posts/2037937836780314/
203683550205761,https://www.facebook.com/groups/203683550205761/,https://www.facebook.com/groups/203683550205761/posts/2037937280113703/
203683550205761,https://www.facebook.com/groups/203683550205761/,https://www.facebook.com/groups/203683550205761/posts/2037933810114050/
203683550205761,https://www.facebook.com/groups/203683550205761/,https://www.facebook.com/groups/203683550205761/posts/2037932440114187/
203683550205761,https://www.facebook.com/groups/203683550205761/,https://www.facebook.com/groups/203683550205761/posts/2037917613449003/
203683550205761,https://www.facebook.com/groups/203683550205761/,https://www.facebook.com/groups/203683550205761/posts/2037909286783169/
203683550205761,https://www.facebook.com/groups/203683550205761/,https://www.facebook.com/groups/203683550205761/posts/2037875933453171/
1450131905304596,https://www.facebook.com/groups/1450131905304596/,https://www.facebook.com/groups/1450131905304596/posts/4237886189862473/
1450131905304596,https://www.facebook.com/groups/1450131905304596/,https://www.facebook.com/groups/1450131905304596/posts/4238010346516724/
1450131905304596,https://www.facebook.com/groups/1450131905304596/,https://www.facebook.com/groups/1450131905304596/posts/4237398419911250/
1450131905304596,https://www.facebook.com/groups/1450131905304596/,https://www.facebook.com/groups/1450131905304596/posts/4237968596520899/
1450131905304596,https://www.facebook.com/groups/1450131905304596/,https://www.facebook.com/groups/1450131905304596/posts/4237991369851955/
1450131905304596,https://www.facebook.com/groups/1450131905304596/,https://www.facebook.com/groups/1450131905304596/posts/4237086299942462/
1450131905304596,https://www.facebook.com/groups/1450131905304596/,https://www.facebook.com/groups/1450131905304596/posts/4237218469929245/
1450131905304596,https://www.facebook.com/groups/1450131905304596/,https://www.facebook.com/groups/1450131905304596/posts/4237910223193403/
1450131905304596,https://www.facebook.com/groups/1450131905304596/,https://www.facebook.com/groups/1450131905304596/posts/4238202073164218/
1450131905304596,https://www.facebook.com/groups/1450131905304596/,https://www.facebook.com/groups/1450131905304596/posts/4237149353269490/
1450131905304596,https://www.facebook.com/groups/1450131905304596/,https://www.facebook.com/groups/1450131905304596/posts/4237366116581147/
1450131905304596,https://www.facebook.com/groups/1450131905304596/,https://www.facebook.com/groups/1450131905304596/posts/4238007489850343/
1450131905304596,https://www.facebook.com/groups/1450131905304596/,https://www.facebook.com/groups/1450131905304596/posts/4238048846512874/
1450131905304596,https://www.facebook.com/groups/1450131905304596/,https://www.facebook.com/groups/1450131905304596/posts/4238185099832582/
1450131905304596,https://www.facebook.com/groups/1450131905304596/,https://www.facebook.com/groups/1450131905304596/posts/4236991599951932/
1450131905304596,https://www.facebook.com/groups/1450131905304596/,https://www.facebook.com/groups/1450131905304596/posts/4236904563293969/
1450131905304596,https://www.facebook.com/groups/1450131905304596/,https://www.facebook.com/groups/1450131905304596/posts/4238090956508663/
1450131905304596,https://www.facebook.com/groups/1450131905304596/,https://www.facebook.com/groups/1450131905304596/posts/4237140189937073/
1450131905304596,https://www.facebook.com/groups/1450131905304596/,https://www.facebook.com/groups/1450131905304596/posts/4236961536621605/
1450131905304596,https://www.facebook.com/groups/1450131905304596/,https://www.facebook.com/groups/1450131905304596/posts/4236897849961307/
1450131905304596,https://www.facebook.com/groups/1450131905304596/,https://www.facebook.com/groups/1450131905304596/posts/4237265046591254/
1450131905304596,https://www.facebook.com/groups/1450131905304596/,https://www.facebook.com/groups/1450131905304596/posts/4236896579961434/
1450131905304596,https://www.facebook.com/groups/1450131905304596/,https://www.facebook.com/groups/1450131905304596/posts/4238119656505793/
1450131905304596,https://www.facebook.com/groups/1450131905304596/,https://www.facebook.com/groups/1450131905304596/posts/4237913923193033/
1450131905304596,https://www.facebook.com/groups/1450131905304596/,https://www.facebook.com/groups/1450131905304596/posts/4236987109952381/
1450131905304596,https://www.facebook.com/groups/1450131905304596/,https://www.facebook.com/groups/1450131905304596/posts/4237037939947298/
1450131905304596,https://www.facebook.com/groups/1450131905304596/,https://www.facebook.com/groups/1450131905304596/posts/4238105556507203/
1450131905304596,https://www.facebook.com/groups/1450131905304596/,https://www.facebook.com/groups/1450131905304596/posts/4238156996502059/
1450131905304596,https://www.facebook.com/groups/1450131905304596/,https://www.facebook.com/groups/1450131905304596/posts/4236992856618473/
1450131905304596,https://www.facebook.com/groups/1450131905304596/,https://www.facebook.com/groups/1450131905304596/posts/4237798256537933/
1450131905304596,https://www.facebook.com/groups/1450131905304596/,https://www.facebook.com/groups/1450131905304596/posts/4236905843293841/
1450131905304596,https://www.facebook.com/groups/1450131905304596/,https://www.facebook.com/groups/1450131905304596/posts/4237099683274457/
1450131905304596,https://www.facebook.com/groups/1450131905304596/,https://www.facebook.com/groups/1450131905304596/posts/4236921206625638/
1450131905304596,https://www.facebook.com/groups/1450131905304596/,https://www.facebook.com/groups/1450131905304596/posts/4237288803255545/
1450131905304596,https://www.facebook.com/groups/1450131905304596/,https://www.facebook.com/groups/1450131905304596/posts/4237789309872161/
1450131905304596,https://www.facebook.com/groups/1450131905304596/,https://www.facebook.com/groups/1450131905304596/posts/4238040683180357/
1450131905304596,https://www.facebook.com/groups/1450131905304596/,https://www.facebook.com/groups/1450131905304596/posts/4237937066524052/
1450131905304596,https://www.facebook.com/groups/1450131905304596/,https://www.facebook.com/groups/1450131905304596/posts/4237347733249652/
1450131905304596,https://www.facebook.com/groups/1450131905304596/,https://www.facebook.com/groups/1450131905304596/posts/4237425019908590/
1450131905304596,https://www.facebook.com/groups/1450131905304596/,https://www.facebook.com/groups/1450131905304596/posts/4236922033292222/
1450131905304596,https://www.facebook.com/groups/1450131905304596/,https://www.facebook.com/groups/1450131905304596/posts/4237065433277882/
1450131905304596,https://www.facebook.com/groups/1450131905304596/,https://www.facebook.com/groups/1450131905304596/posts/4237263316591427/
1450131905304596,https://www.facebook.com/groups/1450131905304596/,https://www.facebook.com/groups/1450131905304596/posts/4237027363281689/
1450131905304596,https://www.facebook.com/groups/1450131905304596/,https://www.facebook.com/groups/1450131905304596/posts/4236933849957707/
1450131905304596,https://www.facebook.com/groups/1450131905304596/,https://www.facebook.com/groups/1450131905304596/posts/4237854899865602/
1450131905304596,https://www.facebook.com/groups/1450131905304596/,https://www.facebook.com/groups/1450131905304596/posts/4237429636574795/
1450131905304596,https://www.facebook.com/groups/1450131905304596/,https://www.facebook.com/groups/1450131905304596/posts/4238206683163757/
1450131905304596,https://www.facebook.com/groups/1450131905304596/,https://www.facebook.com/groups/1450131905304596/posts/4238208503163575/
1450131905304596,https://www.facebook.com/groups/1450131905304596/,https://www.facebook.com/groups/1450131905304596/posts/4236909123293513/
1450131905304596,https://www.facebook.com/groups/1450131905304596/,https://www.facebook.com/groups/1450131905304596/posts/4236975339953558/
1450131905304596,https://www.facebook.com/groups/1450131905304596/,https://www.facebook.com/groups/1450131905304596/posts/4236856043298821/
1450131905304596,https://www.facebook.com/groups/1450131905304596/,https://www.facebook.com/groups/1450131905304596/posts/4236931469957945/
1450131905304596,https://www.facebook.com/groups/1450131905304596/,https://www.facebook.com/groups/1450131905304596/posts/4237797223204703/
1450131905304596,https://www.facebook.com/groups/1450131905304596/,https://www.facebook.com/groups/1450131905304596/posts/4237948943189531/
1450131905304596,https://www.facebook.com/groups/1450131905304596/,https://www.facebook.com/groups/1450131905304596/posts/4238214873162938/
1450131905304596,https://www.facebook.com/groups/1450131905304596/,https://www.facebook.com/groups/1450131905304596/posts/4237831313201294/
1450131905304596,https://www.facebook.com/groups/1450131905304596/,https://www.facebook.com/groups/1450131905304596/posts/4238190083165417/
1450131905304596,https://www.facebook.com/groups/1450131905304596/,https://www.facebook.com/groups/1450131905304596/posts/4237329669918125/
1450131905304596,https://www.facebook.com/groups/1450131905304596/,https://www.facebook.com/groups/1450131905304596/posts/4237666526551106/
1450131905304596,https://www.facebook.com/groups/1450131905304596/,https://www.facebook.com/groups/1450131905304596/posts/4236977349953357/
1450131905304596,https://www.facebook.com/groups/1450131905304596/,https://www.facebook.com/groups/1450131905304596/posts/4237822083202217/
1450131905304596,https://www.facebook.com/groups/1450131905304596/,https://www.facebook.com/groups/1450131905304596/posts/4237216929929399/
1450131905304596,https://www.facebook.com/groups/1450131905304596/,https://www.facebook.com/groups/1450131905304596/posts/4236950116622747/
1450131905304596,https://www.facebook.com/groups/1450131905304596/,https://www.facebook.com/groups/1450131905304596/posts/4237973056520453/
1450131905304596,https://www.facebook.com/groups/1450131905304596/,https://www.facebook.com/groups/1450131905304596/posts/4238151629835929/
1450131905304596,https://www.facebook.com/groups/1450131905304596/,https://www.facebook.com/groups/1450131905304596/posts/4237270893257336/
1450131905304596,https://www.facebook.com/groups/1450131905304596/,https://www.facebook.com/groups/1450131905304596/posts/4237108273273598/
1450131905304596,https://www.facebook.com/groups/1450131905304596/,https://www.facebook.com/groups/1450131905304596/posts/4237292823255143/
1450131905304596,https://www.facebook.com/groups/1450131905304596/,https://www.facebook.com/groups/1450131905304596/posts/4237406056577153/
1450131905304596,https://www.facebook.com/groups/1450131905304596/,https://www.facebook.com/groups/1450131905304596/posts/4237057343278691/
1450131905304596,https://www.facebook.com/groups/1450131905304596/,https://www.facebook.com/groups/1450131905304596/posts/4237841696533589/
1450131905304596,https://www.facebook.com/groups/1450131905304596/,https://www.facebook.com/groups/1450131905304596/posts/4238184869832605/
1450131905304596,https://www.facebook.com/groups/1450131905304596/,https://www.facebook.com/groups/1450131905304596/posts/4237843306533428/
1450131905304596,https://www.facebook.com/groups/1450131905304596/,https://www.facebook.com/groups/1450131905304596/posts/4237865186531240/
1450131905304596,https://www.facebook.com/groups/1450131905304596/,https://www.facebook.com/groups/1450131905304596/posts/4237192586598500/
1450131905304596,https://www.facebook.com/groups/1450131905304596/,https://www.facebook.com/groups/1450131905304596/posts/4237821963202229/
1450131905304596,https://www.facebook.com/groups/1450131905304596/,https://www.facebook.com/groups/1450131905304596/posts/4237290586588700/
1450131905304596,https://www.facebook.com/groups/1450131905304596/,https://www.facebook.com/groups/1450131905304596/posts/4237487703235655/
1450131905304596,https://www.facebook.com/groups/1450131905304596/,https://www.facebook.com/groups/1450131905304596/posts/4237226516595107/
1450131905304596,https://www.facebook.com/groups/1450131905304596/,https://www.facebook.com/groups/1450131905304596/posts/4238065879844504/
1450131905304596,https://www.facebook.com/groups/1450131905304596/,https://www.facebook.com/groups/1450131905304596/posts/4237361363248289/
1450131905304596,https://www.facebook.com/groups/1450131905304596/,https://www.facebook.com/groups/1450131905304596/posts/4238043756513383/
1450131905304596,https://www.facebook.com/groups/1450131905304596/,https://www.facebook.com/groups/1450131905304596/posts/4237840773200348/
1450131905304596,https://www.facebook.com/groups/1450131905304596/,https://www.facebook.com/groups/1450131905304596/posts/4238109149840177/
1450131905304596,https://www.facebook.com/groups/1450131905304596/,https://www.facebook.com/groups/1450131905304596/posts/4236973406620418/
1450131905304596,https://www.facebook.com/groups/1450131905304596/,https://www.facebook.com/groups/1450131905304596/posts/4238093659841726/
1450131905304596,https://www.facebook.com/groups/1450131905304596/,https://www.facebook.com/groups/1450131905304596/posts/4237283429922749/
1450131905304596,https://www.facebook.com/groups/1450131905304596/,https://www.facebook.com/groups/1450131905304596/posts/4237280349923057/
1450131905304596,https://www.facebook.com/groups/1450131905304596/,https://www.facebook.com/groups/1450131905304596/posts/4237366656581093/
1450131905304596,https://www.facebook.com/groups/1450131905304596/,https://www.facebook.com/groups/1450131905304596/posts/4237285569922535/
1450131905304596,https://www.facebook.com/groups/1450131905304596/,https://www.facebook.com/groups/1450131905304596/posts/4237408699910222/
1450131905304596,https://www.facebook.com/groups/1450131905304596/,https://www.facebook.com/groups/1450131905304596/posts/4237042919946800/
1450131905304596,https://www.facebook.com/groups/1450131905304596/,https://www.facebook.com/groups/1919824171581033/posts/4466917620204996/
1450131905304596,https://www.facebook.com/groups/1450131905304596/,https://www.facebook.com/groups/1450131905304596/posts/4237333873251038/
1450131905304596,https://www.facebook.com/groups/1450131905304596/,https://www.facebook.com/groups/1450131905304596/posts/4237996143184811/
1450131905304596,https://www.facebook.com/groups/1450131905304596/,https://www.facebook.com/groups/1450131905304596/posts/4237444829906609/
1450131905304596,https://www.facebook.com/groups/1450131905304596/,https://www.facebook.com/groups/1450131905304596/posts/4238054813178944/
1450131905304596,https://www.facebook.com/groups/1450131905304596/,https://www.facebook.com/groups/1450131905304596/posts/4237133629937729/
1450131905304596,https://www.facebook.com/groups/1450131905304596/,https://www.facebook.com/groups/1450131905304596/posts/4238159363168489/
1450131905304596,https://www.facebook.com/groups/1450131905304596/,https://www.facebook.com/groups/1450131905304596/posts/4237414576576301/
1450131905304596,https://www.facebook.com/groups/1450131905304596/,https://www.facebook.com/groups/1450131905304596/posts/4238146656503093/
1450131905304596,https://www.facebook.com/groups/1450131905304596/,https://www.facebook.com/groups/1450131905304596/posts/4237880569863035/
1450131905304596,https://www.facebook.com/groups/1450131905304596/,https://www.facebook.com/groups/1450131905304596/posts/4237131423271283/
1450131905304596,https://www.facebook.com/groups/1450131905304596/,https://www.facebook.com/groups/1450131905304596/posts/4238047729846319/
1450131905304596,https://www.facebook.com/groups/1450131905304596/,https://www.facebook.com/groups/1450131905304596/posts/4237099529941139/
1450131905304596,https://www.facebook.com/groups/1450131905304596/,https://www.facebook.com/groups/1450131905304596/posts/4237331039917988/
1450131905304596,https://www.facebook.com/groups/1450131905304596/,https://www.facebook.com/groups/1450131905304596/posts/4237422179908874/
1450131905304596,https://www.facebook.com/groups/1450131905304596/,https://www.facebook.com/groups/1450131905304596/posts/4237832439867848/
1450131905304596,https://www.facebook.com/groups/1450131905304596/,https://www.facebook.com/groups/1450131905304596/posts/4238213783163047/
1450131905304596,https://www.facebook.com/groups/1450131905304596/,https://www.facebook.com/groups/1450131905304596/posts/4237222086595550/
1450131905304596,https://www.facebook.com/groups/1450131905304596/,https://www.facebook.com/groups/1450131905304596/posts/4237395313244894/
1450131905304596,https://www.facebook.com/groups/1450131905304596/,https://www.facebook.com/groups/1450131905304596/posts/4237985213185904/
1450131905304596,https://www.facebook.com/groups/1450131905304596/,https://www.facebook.com/groups/1450131905304596/posts/4237828256534933/
1450131905304596,https://www.facebook.com/groups/1450131905304596/,https://www.facebook.com/groups/1450131905304596/posts/4237213679929724/
1450131905304596,https://www.facebook.com/groups/1450131905304596/,https://www.facebook.com/groups/1450131905304596/posts/4237824263201999/
1450131905304596,https://www.facebook.com/groups/1450131905304596/,https://www.facebook.com/groups/1450131905304596/posts/4237066003277825/
1450131905304596,https://www.facebook.com/groups/1450131905304596/,https://www.facebook.com/groups/1450131905304596/posts/4237815146536244/
1450131905304596,https://www.facebook.com/groups/1450131905304596/,https://www.facebook.com/groups/1450131905304596/posts/4237426533241772/
1450131905304596,https://www.facebook.com/groups/1450131905304596/,https://www.facebook.com/groups/1450131905304596/posts/4237050813279344/
1450131905304596,https://www.facebook.com/groups/1450131905304596/,https://www.facebook.com/groups/236116797208244/posts/2114279556058616/
1450131905304596,https://www.facebook.com/groups/1450131905304596/,https://www.facebook.com/groups/1450131905304596/posts/4236866183297807/
1450131905304596,https://www.facebook.com/groups/1450131905304596/,https://www.facebook.com/groups/1450131905304596/posts/4238093893175036/
1450131905304596,https://www.facebook.com/groups/1450131905304596/,https://www.facebook.com/groups/1450131905304596/posts/4237870899864002/
1450131905304596,https://www.facebook.com/groups/1450131905304596/,https://www.facebook.com/groups/1450131905304596/posts/4237806079870484/
1450131905304596,https://www.facebook.com/groups/1450131905304596/,https://www.facebook.com/groups/1450131905304596/posts/4237932426524516/
1450131905304596,https://www.facebook.com/groups/1450131905304596/,https://www.facebook.com/groups/1450131905304596/posts/4236841413300284/
1450131905304596,https://www.facebook.com/groups/1450131905304596/,https://www.facebook.com/groups/1450131905304596/posts/4236920026625756/
1450131905304596,https://www.facebook.com/groups/1450131905304596/,https://www.facebook.com/groups/1450131905304596/posts/4238119699839122/
1450131905304596,https://www.facebook.com/groups/1450131905304596/,https://www.facebook.com/groups/1450131905304596/posts/4237798076537951/
1450131905304596,https://www.facebook.com/groups/1450131905304596/,https://www.facebook.com/groups/1450131905304596/posts/4236884983295927/
1450131905304596,https://www.facebook.com/groups/1450131905304596/,https://www.facebook.com/groups/1450131905304596/posts/4237786003205825/
1450131905304596,https://www.facebook.com/groups/1450131905304596/,https://www.facebook.com/groups/1450131905304596/posts/4237804433203982/
1450131905304596,https://www.facebook.com/groups/1450131905304596/,https://www.facebook.com/groups/1450131905304596/posts/4238107629840329/
1450131905304596,https://www.facebook.com/groups/1450131905304596/,https://www.facebook.com/groups/1450131905304596/posts/4237856553198770/
1450131905304596,https://www.facebook.com/groups/1450131905304596/,https://www.facebook.com/groups/1450131905304596/posts/4237169403267485/
1450131905304596,https://www.facebook.com/groups/1450131905304596/,https://www.facebook.com/groups/1450131905304596/posts/4237810423203383/
1450131905304596,https://www.facebook.com/groups/1450131905304596/,https://www.facebook.com/groups/1450131905304596/posts/4237300466587712/
1450131905304596,https://www.facebook.com/groups/1450131905304596/,https://www.facebook.com/groups/1450131905304596/posts/4237893196528439/
1450131905304596,https://www.facebook.com/groups/1450131905304596/,https://www.facebook.com/groups/1450131905304596/posts/4237142926603466/
1450131905304596,https://www.facebook.com/groups/1450131905304596/,https://www.facebook.com/groups/1450131905304596/posts/4237795779871514/
1450131905304596,https://www.facebook.com/groups/1450131905304596/,https://www.facebook.com/groups/1450131905304596/posts/4238107213173704/
1450131905304596,https://www.facebook.com/groups/1450131905304596/,https://www.facebook.com/groups/1450131905304596/posts/4237784229872669/
1450131905304596,https://www.facebook.com/groups/1450131905304596/,https://www.facebook.com/groups/1450131905304596/posts/4238015539849538/
1450131905304596,https://www.facebook.com/groups/1450131905304596/,https://www.facebook.com/groups/1450131905304596/posts/4237771706540588/
1450131905304596,https://www.facebook.com/groups/1450131905304596/,https://www.facebook.com/groups/1450131905304596/posts/4238023846515374/
1450131905304596,https://www.facebook.com/groups/1450131905304596/,https://www.facebook.com/groups/1450131905304596/posts/4237010339950058/
1450131905304596,https://www.facebook.com/groups/1450131905304596/,https://www.facebook.com/groups/1450131905304596/posts/4237014083283017/
1450131905304596,https://www.facebook.com/groups/1450131905304596/,https://www.facebook.com/groups/1450131905304596/posts/4237046113279814/
1450131905304596,https://www.facebook.com/groups/1450131905304596/,https://www.facebook.com/groups/1450131905304596/posts/4237773416540417/
1450131905304596,https://www.facebook.com/groups/1450131905304596/,https://www.facebook.com/groups/1450131905304596/posts/4238063553178070/
1450131905304596,https://www.facebook.com/groups/1450131905304596/,https://www.facebook.com/groups/1450131905304596/posts/4236895879961504/
1450131905304596,https://www.facebook.com/groups/1450131905304596/,https://www.facebook.com/groups/1450131905304596/posts/4237786046539154/
1450131905304596,https://www.facebook.com/groups/1450131905304596/,https://www.facebook.com/groups/1450131905304596/posts/4237177609933331/
1450131905304596,https://www.facebook.com/groups/1450131905304596/,https://www.facebook.com/groups/1450131905304596/posts/4237088726608886/
1450131905304596,https://www.facebook.com/groups/1450131905304596/,https://www.facebook.com/groups/1450131905304596/posts/4236866073297818/
1450131905304596,https://www.facebook.com/groups/1450131905304596/,https://www.facebook.com/groups/1450131905304596/posts/4237949459856146/
1450131905304596,https://www.facebook.com/groups/1450131905304596/,https://www.facebook.com/groups/1450131905304596/posts/4236857746631984/
1450131905304596,https://www.facebook.com/groups/1450131905304596/,https://www.facebook.com/groups/1450131905304596/posts/4237217366596022/
1450131905304596,https://www.facebook.com/groups/1450131905304596/,https://www.facebook.com/groups/1450131905304596/posts/4237254273258998/
1450131905304596,https://www.facebook.com/groups/1450131905304596/,https://www.facebook.com/groups/1450131905304596/posts/4236999309951161/
1450131905304596,https://www.facebook.com/groups/1450131905304596/,https://www.facebook.com/groups/1450131905304596/posts/4237086456609113/
1450131905304596,https://www.facebook.com/groups/1450131905304596/,https://www.facebook.com/groups/1450131905304596/posts/4237981973186228/
1450131905304596,https://www.facebook.com/groups/1450131905304596/,https://www.facebook.com/groups/1450131905304596/posts/4237102829940809/
1450131905304596,https://www.facebook.com/groups/1450131905304596/,https://www.facebook.com/groups/1450131905304596/posts/4237990246518734/
1450131905304596,https://www.facebook.com/groups/1450131905304596/,https://www.facebook.com/groups/1450131905304596/posts/4238100896507669/
1450131905304596,https://www.facebook.com/groups/1450131905304596/,https://www.facebook.com/groups/1450131905304596/posts/4237384556579303/
1450131905304596,https://www.facebook.com/groups/1450131905304596/,https://www.facebook.com/groups/1450131905304596/posts/4237369236580835/
1450131905304596,https://www.facebook.com/groups/1450131905304596/,https://www.facebook.com/groups/1450131905304596/posts/4238167926500966/
1450131905304596,https://www.facebook.com/groups/1450131905304596/,https://www.facebook.com/groups/1450131905304596/posts/4237964279854664/
1450131905304596,https://www.facebook.com/groups/1450131905304596/,https://www.facebook.com/groups/1450131905304596/posts/4237839296533829/
1450131905304596,https://www.facebook.com/groups/1450131905304596/,https://www.facebook.com/groups/1450131905304596/posts/4237091116608647/
1450131905304596,https://www.facebook.com/groups/1450131905304596/,https://www.facebook.com/groups/1450131905304596/posts/4236965756621183/
1450131905304596,https://www.facebook.com/groups/1450131905304596/,https://www.facebook.com/groups/1450131905304596/posts/4238000603184365/
1450131905304596,https://www.facebook.com/groups/1450131905304596/,https://www.facebook.com/groups/1450131905304596/posts/4237415279909564/
1450131905304596,https://www.facebook.com/groups/1450131905304596/,https://www.facebook.com/groups/1450131905304596/posts/4236968519954240/
1450131905304596,https://www.facebook.com/groups/1450131905304596/,https://www.facebook.com/groups/1450131905304596/posts/4238033953181030/
1450131905304596,https://www.facebook.com/groups/1450131905304596/,https://www.facebook.com/groups/1450131905304596/posts/4237917526526006/
1450131905304596,https://www.facebook.com/groups/1450131905304596/,https://www.facebook.com/groups/1450131905304596/posts/4237386776579081/
1450131905304596,https://www.facebook.com/groups/1450131905304596/,https://www.facebook.com/groups/1450131905304596/posts/4237800143204411/
1450131905304596,https://www.facebook.com/groups/1450131905304596/,https://www.facebook.com/groups/1450131905304596/posts/4237860839865008/
1450131905304596,https://www.facebook.com/groups/1450131905304596/,https://www.facebook.com/groups/1450131905304596/posts/4237933173191108/
1450131905304596,https://www.facebook.com/groups/1450131905304596/,https://www.facebook.com/groups/1450131905304596/posts/4238004209850671/
1450131905304596,https://www.facebook.com/groups/1450131905304596/,https://www.facebook.com/groups/1450131905304596/posts/4237028473281578/
1450131905304596,https://www.facebook.com/groups/1450131905304596/,https://www.facebook.com/groups/1450131905304596/posts/4237380839913008/
1450131905304596,https://www.facebook.com/groups/1450131905304596/,https://www.facebook.com/groups/1450131905304596/posts/4237415189909573/
1450131905304596,https://www.facebook.com/groups/1450131905304596/,https://www.facebook.com/groups/1450131905304596/posts/4237288043255621/
1450131905304596,https://www.facebook.com/groups/1450131905304596/,https://www.facebook.com/groups/1450131905304596/posts/4237255576592201/
1450131905304596,https://www.facebook.com/groups/1450131905304596/,https://www.facebook.com/groups/1450131905304596/posts/4237171189933973/
1450131905304596,https://www.facebook.com/groups/1450131905304596/,https://www.facebook.com/groups/1450131905304596/posts/4237315369919555/
1450131905304596,https://www.facebook.com/groups/1450131905304596/,https://www.facebook.com/groups/1450131905304596/posts/4237841443200281/
1450131905304596,https://www.facebook.com/groups/1450131905304596/,https://www.facebook.com/groups/1450131905304596/posts/4237824846535274/
959493160788393,https://www.facebook.com/groups/959493160788393/,https://www.facebook.com/groups/959493160788393/posts/32472586305719001/
959493160788393,https://www.facebook.com/groups/959493160788393/,https://www.facebook.com/groups/959493160788393/posts/32471953905782241/
959493160788393,https://www.facebook.com/groups/959493160788393/,https://www.facebook.com/groups/959493160788393/posts/32508178362159795/
959493160788393,https://www.facebook.com/groups/959493160788393/,https://www.facebook.com/groups/959493160788393/posts/32490635593914072/
959493160788393,https://www.facebook.com/groups/959493160788393/,https://www.facebook.com/groups/959493160788393/posts/32512514811726150/
959493160788393,https://www.facebook.com/groups/959493160788393/,https://www.facebook.com/groups/959493160788393/posts/32477291718581793/
959493160788393,https://www.facebook.com/groups/959493160788393/,https://www.facebook.com/groups/959493160788393/posts/32474490808861884/
959493160788393,https://www.facebook.com/groups/959493160788393/,https://www.facebook.com/groups/959493160788393/posts/32504289719215326/
959493160788393,https://www.facebook.com/groups/959493160788393/,https://www.facebook.com/groups/959493160788393/posts/32521451224165842/
959493160788393,https://www.facebook.com/groups/959493160788393/,https://www.facebook.com/groups/959493160788393/posts/32507089558935342/
959493160788393,https://www.facebook.com/groups/959493160788393/,https://www.facebook.com/groups/959493160788393/posts/32517271417917156/
959493160788393,https://www.facebook.com/groups/959493160788393/,https://www.facebook.com/groups/959493160788393/posts/32523473440630287/
959493160788393,https://www.facebook.com/groups/959493160788393/,https://www.facebook.com/groups/959493160788393/posts/32504123932565238/
959493160788393,https://www.facebook.com/groups/959493160788393/,https://www.facebook.com/groups/959493160788393/posts/32517249377919360/
959493160788393,https://www.facebook.com/groups/959493160788393/,https://www.facebook.com/groups/959493160788393/posts/32489812033996428/
959493160788393,https://www.facebook.com/groups/959493160788393/,https://www.facebook.com/groups/959493160788393/posts/32494303096880655/
959493160788393,https://www.facebook.com/groups/959493160788393/,https://www.facebook.com/groups/959493160788393/posts/32492398420404456/
959493160788393,https://www.facebook.com/groups/959493160788393/,https://www.facebook.com/groups/959493160788393/posts/32472217222422576/
959493160788393,https://www.facebook.com/groups/959493160788393/,https://www.facebook.com/groups/959493160788393/posts/32489766360667662/
2897034136980512,https://www.facebook.com/groups/2897034136980512/,https://www.facebook.com/groups/2897034136980512/posts/26438230855767509/
2897034136980512,https://www.facebook.com/groups/2897034136980512/,https://www.facebook.com/groups/2897034136980512/posts/26438232992433962/
2897034136980512,https://www.facebook.com/groups/2897034136980512/,https://www.facebook.com/groups/2897034136980512/posts/26429544213302840/
2897034136980512,https://www.facebook.com/groups/2897034136980512/,https://www.facebook.com/groups/2897034136980512/posts/26429611619962766/
2897034136980512,https://www.facebook.com/groups/2897034136980512/,https://www.facebook.com/groups/2897034136980512/posts/26431260529797875/
1456428424593312,https://www.facebook.com/groups/1456428424593312/,https://www.facebook.com/groups/1456428424593312/posts/4407255809510544/
1456428424593312,https://www.facebook.com/groups/1456428424593312/,https://www.facebook.com/groups/1456428424593312/posts/4406823479553777/
1456428424593312,https://www.facebook.com/groups/1456428424593312/,https://www.facebook.com/groups/1456428424593312/posts/4407830149453110/
1456428424593312,https://www.facebook.com/groups/1456428424593312/,https://www.facebook.com/groups/1456428424593312/posts/4407073166195475/
1456428424593312,https://www.facebook.com/groups/1456428424593312/,https://www.facebook.com/groups/1456428424593312/posts/4406976676205124/
1456428424593312,https://www.facebook.com/groups/1456428424593312/,https://www.facebook.com/groups/1456428424593312/posts/4408009872768471/
1456428424593312,https://www.facebook.com/groups/1456428424593312/,https://www.facebook.com/groups/1456428424593312/posts/4406950082874450/
1456428424593312,https://www.facebook.com/groups/1456428424593312/,https://www.facebook.com/groups/1456428424593312/posts/4406856742883784/
1456428424593312,https://www.facebook.com/groups/1456428424593312/,https://www.facebook.com/groups/1456428424593312/posts/4406825042886954/
1456428424593312,https://www.facebook.com/groups/1456428424593312/,https://www.facebook.com/groups/1456428424593312/posts/4406961159540009/
1456428424593312,https://www.facebook.com/groups/1456428424593312/,https://www.facebook.com/groups/Land.House.C.M.2014/posts/25432286273073083/
1456428424593312,https://www.facebook.com/groups/1456428424593312/,https://www.facebook.com/groups/1456428424593312/posts/4406790346223757/
1456428424593312,https://www.facebook.com/groups/1456428424593312/,https://www.facebook.com/groups/1456428424593312/posts/4407816172787841/
1456428424593312,https://www.facebook.com/groups/1456428424593312/,https://www.facebook.com/groups/1456428424593312/posts/4407184969517628/
Land.House.C.M.2014,https://www.facebook.com/groups/Land.House.C.M.2014/,https://www.facebook.com/groups/Land.House.C.M.2014/posts/25440279535607090/
Land.House.C.M.2014,https://www.facebook.com/groups/Land.House.C.M.2014/,https://www.facebook.com/groups/Land.House.C.M.2014/posts/25433890896245954/
Land.House.C.M.2014,https://www.facebook.com/groups/Land.House.C.M.2014/,https://www.facebook.com/groups/Land.House.C.M.2014/posts/25438809709087406/
Land.House.C.M.2014,https://www.facebook.com/groups/Land.House.C.M.2014/,https://www.facebook.com/groups/Land.House.C.M.2014/posts/25439779658990411/
Land.House.C.M.2014,https://www.facebook.com/groups/Land.House.C.M.2014/,https://www.facebook.com/groups/Land.House.C.M.2014/posts/25432267223074988/
Land.House.C.M.2014,https://www.facebook.com/groups/Land.House.C.M.2014/,https://www.facebook.com/groups/Land.House.C.M.2014/posts/25434710122830698/
Land.House.C.M.2014,https://www.facebook.com/groups/Land.House.C.M.2014/,https://www.facebook.com/groups/Land.House.C.M.2014/posts/25437591272542583/
Land.House.C.M.2014,https://www.facebook.com/groups/Land.House.C.M.2014/,https://www.facebook.com/groups/Land.House.C.M.2014/posts/25441209695514074/
Land.House.C.M.2014,https://www.facebook.com/groups/Land.House.C.M.2014/,https://www.facebook.com/groups/Land.House.C.M.2014/posts/25431451343156576/
Land.House.C.M.2014,https://www.facebook.com/groups/Land.House.C.M.2014/,https://www.facebook.com/groups/Land.House.C.M.2014/posts/25437266439241733/
Land.House.C.M.2014,https://www.facebook.com/groups/Land.House.C.M.2014/,https://www.facebook.com/groups/Land.House.C.M.2014/posts/25439721945662849/
Land.House.C.M.2014,https://www.facebook.com/groups/Land.House.C.M.2014/,https://www.facebook.com/groups/Land.House.C.M.2014/posts/25439930635641980/
Land.House.C.M.2014,https://www.facebook.com/groups/Land.House.C.M.2014/,https://www.facebook.com/groups/Land.House.C.M.2014/posts/25441104398857937/
Land.House.C.M.2014,https://www.facebook.com/groups/Land.House.C.M.2014/,https://www.facebook.com/groups/Land.House.C.M.2014/posts/25432286273073083/
Land.House.C.M.2014,https://www.facebook.com/groups/Land.House.C.M.2014/,https://www.facebook.com/groups/Land.House.C.M.2014/posts/25433966752905035/
Land.House.C.M.2014,https://www.facebook.com/groups/Land.House.C.M.2014/,https://www.facebook.com/groups/Land.House.C.M.2014/posts/25432391969729180/
Land.House.C.M.2014,https://www.facebook.com/groups/Land.House.C.M.2014/,https://www.facebook.com/groups/Land.House.C.M.2014/posts/25438002519168125/
Land.House.C.M.2014,https://www.facebook.com/groups/Land.House.C.M.2014/,https://www.facebook.com/groups/Land.House.C.M.2014/posts/25440992735535770/
Land.House.C.M.2014,https://www.facebook.com/groups/Land.House.C.M.2014/,https://www.facebook.com/groups/Land.House.C.M.2014/posts/25431579706477073/
Land.House.C.M.2014,https://www.facebook.com/groups/Land.House.C.M.2014/,https://www.facebook.com/groups/Land.House.C.M.2014/posts/25440988458869531/
Land.House.C.M.2014,https://www.facebook.com/groups/Land.House.C.M.2014/,https://www.facebook.com/groups/Land.House.C.M.2014/posts/25439772268991150/
Land.House.C.M.2014,https://www.facebook.com/groups/Land.House.C.M.2014/,https://www.facebook.com/groups/Land.House.C.M.2014/posts/25433745902927120/
Land.House.C.M.2014,https://www.facebook.com/groups/Land.House.C.M.2014/,https://www.facebook.com/groups/Land.House.C.M.2014/posts/25438063285828715/
Land.House.C.M.2014,https://www.facebook.com/groups/Land.House.C.M.2014/,https://www.facebook.com/groups/Land.House.C.M.2014/posts/25432813533020357/
Land.House.C.M.2014,https://www.facebook.com/groups/Land.House.C.M.2014/,https://www.facebook.com/groups/Land.House.C.M.2014/posts/25440060238962353/
Land.House.C.M.2014,https://www.facebook.com/groups/Land.House.C.M.2014/,https://www.facebook.com/groups/Land.House.C.M.2014/posts/25435735166061527/
Land.House.C.M.2014,https://www.facebook.com/groups/Land.House.C.M.2014/,https://www.facebook.com/groups/Land.House.C.M.2014/posts/25441247115510332/
Land.House.C.M.2014,https://www.facebook.com/groups/Land.House.C.M.2014/,https://www.facebook.com/groups/Land.House.C.M.2014/posts/25431610609807316/
Land.House.C.M.2014,https://www.facebook.com/groups/Land.House.C.M.2014/,https://www.facebook.com/groups/Land.House.C.M.2014/posts/25441315328836844/
Land.House.C.M.2014,https://www.facebook.com/groups/Land.House.C.M.2014/,https://www.facebook.com/groups/Land.House.C.M.2014/posts/25432491183052592/
Land.House.C.M.2014,https://www.facebook.com/groups/Land.House.C.M.2014/,https://www.facebook.com/groups/Land.House.C.M.2014/posts/25440111875623856/
Land.House.C.M.2014,https://www.facebook.com/groups/Land.House.C.M.2014/,https://www.facebook.com/groups/Land.House.C.M.2014/posts/25433346016300442/
Land.House.C.M.2014,https://www.facebook.com/groups/Land.House.C.M.2014/,https://www.facebook.com/groups/Land.House.C.M.2014/posts/25438222379146139/
Land.House.C.M.2014,https://www.facebook.com/groups/Land.House.C.M.2014/,https://www.facebook.com/groups/Land.House.C.M.2014/posts/25439627529005624/
Land.House.C.M.2014,https://www.facebook.com/groups/Land.House.C.M.2014/,https://www.facebook.com/groups/Land.House.C.M.2014/posts/25438789502422760/
Land.House.C.M.2014,https://www.facebook.com/groups/Land.House.C.M.2014/,https://www.facebook.com/groups/Land.House.C.M.2014/posts/25433884722913238/
Land.House.C.M.2014,https://www.facebook.com/groups/Land.House.C.M.2014/,https://www.facebook.com/groups/Land.House.C.M.2014/posts/25437896405845403/
Land.House.C.M.2014,https://www.facebook.com/groups/Land.House.C.M.2014/,https://www.facebook.com/groups/Land.House.C.M.2014/posts/25431292143172496/
Land.House.C.M.2014,https://www.facebook.com/groups/Land.House.C.M.2014/,https://www.facebook.com/groups/Land.House.C.M.2014/posts/25437974432504267/
Land.House.C.M.2014,https://www.facebook.com/groups/Land.House.C.M.2014/,https://www.facebook.com/groups/Land.House.C.M.2014/posts/25432933156341728/
Land.House.C.M.2014,https://www.facebook.com/groups/Land.House.C.M.2014/,https://www.facebook.com/groups/Land.House.C.M.2014/posts/25437807582520952/
Land.House.C.M.2014,https://www.facebook.com/groups/Land.House.C.M.2014/,https://www.facebook.com/groups/668234664763324/posts/1375904993996284/
Land.House.C.M.2014,https://www.facebook.com/groups/Land.House.C.M.2014/,https://www.facebook.com/groups/Land.House.C.M.2014/posts/25441141528854224/
Land.House.C.M.2014,https://www.facebook.com/groups/Land.House.C.M.2014/,https://www.facebook.com/groups/Land.House.C.M.2014/posts/25439715595663484/
Land.House.C.M.2014,https://www.facebook.com/groups/Land.House.C.M.2014/,https://www.facebook.com/groups/Land.House.C.M.2014/posts/25439916612310049/
Land.House.C.M.2014,https://www.facebook.com/groups/Land.House.C.M.2014/,https://www.facebook.com/groups/Land.House.C.M.2014/posts/25438435615791482/
Land.House.C.M.2014,https://www.facebook.com/groups/Land.House.C.M.2014/,https://www.facebook.com/groups/Land.House.C.M.2014/posts/25438622759106101/
Land.House.C.M.2014,https://www.facebook.com/groups/Land.House.C.M.2014/,https://www.facebook.com/groups/Land.House.C.M.2014/posts/25440492185585825/
Land.House.C.M.2014,https://www.facebook.com/groups/Land.House.C.M.2014/,https://www.facebook.com/groups/Land.House.C.M.2014/posts/25438653372436373/
Land.House.C.M.2014,https://www.facebook.com/groups/Land.House.C.M.2014/,https://www.facebook.com/groups/Land.House.C.M.2014/posts/25439587889009588/
Land.House.C.M.2014,https://www.facebook.com/groups/Land.House.C.M.2014/,https://www.facebook.com/groups/Land.House.C.M.2014/posts/25439828468985530/
Land.House.C.M.2014,https://www.facebook.com/groups/Land.House.C.M.2014/,https://www.facebook.com/groups/Land.House.C.M.2014/posts/25439698135665230/
Land.House.C.M.2014,https://www.facebook.com/groups/Land.House.C.M.2014/,https://www.facebook.com/groups/Land.House.C.M.2014/posts/25439014222400288/
Land.House.C.M.2014,https://www.facebook.com/groups/Land.House.C.M.2014/,https://www.facebook.com/groups/Land.House.C.M.2014/posts/25441024952199215/
Land.House.C.M.2014,https://www.facebook.com/groups/Land.House.C.M.2014/,https://www.facebook.com/groups/Land.House.C.M.2014/posts/25431748349793542/
Land.House.C.M.2014,https://www.facebook.com/groups/Land.House.C.M.2014/,https://www.facebook.com/groups/Land.House.C.M.2014/posts/25433940512907659/
Land.House.C.M.2014,https://www.facebook.com/groups/Land.House.C.M.2014/,https://www.facebook.com/groups/Land.House.C.M.2014/posts/25431892729779104/
Land.House.C.M.2014,https://www.facebook.com/groups/Land.House.C.M.2014/,https://www.facebook.com/groups/Land.House.C.M.2014/posts/25432262639742113/
Land.House.C.M.2014,https://www.facebook.com/groups/Land.House.C.M.2014/,https://www.facebook.com/groups/Land.House.C.M.2014/posts/25441206638847713/
Land.House.C.M.2014,https://www.facebook.com/groups/Land.House.C.M.2014/,https://www.facebook.com/groups/Land.House.C.M.2014/posts/25431447063157004/
Land.House.C.M.2014,https://www.facebook.com/groups/Land.House.C.M.2014/,https://www.facebook.com/groups/Land.House.C.M.2014/posts/25438915322410178/
Land.House.C.M.2014,https://www.facebook.com/groups/Land.House.C.M.2014/,https://www.facebook.com/groups/Land.House.C.M.2014/posts/25439750455659998/
Land.House.C.M.2014,https://www.facebook.com/groups/Land.House.C.M.2014/,https://www.facebook.com/groups/Land.House.C.M.2014/posts/25432793903022320/
Land.House.C.M.2014,https://www.facebook.com/groups/Land.House.C.M.2014/,https://www.facebook.com/groups/Land.House.C.M.2014/posts/25441404325494611/
Land.House.C.M.2014,https://www.facebook.com/groups/Land.House.C.M.2014/,https://www.facebook.com/groups/Land.House.C.M.2014/posts/25433331462968564/
Land.House.C.M.2014,https://www.facebook.com/groups/Land.House.C.M.2014/,https://www.facebook.com/groups/Land.House.C.M.2014/posts/25432384063063304/
Land.House.C.M.2014,https://www.facebook.com/groups/Land.House.C.M.2014/,https://www.facebook.com/groups/Land.House.C.M.2014/posts/25431553956479648/
Land.House.C.M.2014,https://www.facebook.com/groups/Land.House.C.M.2014/,https://www.facebook.com/groups/Land.House.C.M.2014/posts/25439825972319113/
Land.House.C.M.2014,https://www.facebook.com/groups/Land.House.C.M.2014/,https://www.facebook.com/groups/Land.House.C.M.2014/posts/25440072802294430/
Land.House.C.M.2014,https://www.facebook.com/groups/Land.House.C.M.2014/,https://www.facebook.com/groups/Land.House.C.M.2014/posts/25440392492262461/
Land.House.C.M.2014,https://www.facebook.com/groups/Land.House.C.M.2014/,https://www.facebook.com/groups/Land.House.C.M.2014/posts/25433985756236468/
Land.House.C.M.2014,https://www.facebook.com/groups/Land.House.C.M.2014/,https://www.facebook.com/groups/Land.House.C.M.2014/posts/25433732632928447/
Land.House.C.M.2014,https://www.facebook.com/groups/Land.House.C.M.2014/,https://www.facebook.com/groups/Land.House.C.M.2014/posts/25436569692644741/
Land.House.C.M.2014,https://www.facebook.com/groups/Land.House.C.M.2014/,https://www.facebook.com/groups/Land.House.C.M.2014/posts/25438732619095115/
Land.House.C.M.2014,https://www.facebook.com/groups/Land.House.C.M.2014/,https://www.facebook.com/groups/Land.House.C.M.2014/posts/25433065936328450/
Land.House.C.M.2014,https://www.facebook.com/groups/Land.House.C.M.2014/,https://www.facebook.com/groups/Land.House.C.M.2014/posts/25440198785615165/
Land.House.C.M.2014,https://www.facebook.com/groups/Land.House.C.M.2014/,https://www.facebook.com/groups/Land.House.C.M.2014/posts/25438302045804839/
Land.House.C.M.2014,https://www.facebook.com/groups/Land.House.C.M.2014/,https://www.facebook.com/groups/Land.House.C.M.2014/posts/25431653626469681/
Land.House.C.M.2014,https://www.facebook.com/groups/Land.House.C.M.2014/,https://www.facebook.com/groups/Land.House.C.M.2014/posts/25435297056105338/
Land.House.C.M.2014,https://www.facebook.com/groups/Land.House.C.M.2014/,https://www.facebook.com/groups/Land.House.C.M.2014/posts/25440614522240258/
Land.House.C.M.2014,https://www.facebook.com/groups/Land.House.C.M.2014/,https://www.facebook.com/groups/Land.House.C.M.2014/posts/25439839288984448/
Land.House.C.M.2014,https://www.facebook.com/groups/Land.House.C.M.2014/,https://www.facebook.com/groups/Land.House.C.M.2014/posts/25439870248981352/
Land.House.C.M.2014,https://www.facebook.com/groups/Land.House.C.M.2014/,https://www.facebook.com/groups/Land.House.C.M.2014/posts/25441404132161297/
Land.House.C.M.2014,https://www.facebook.com/groups/Land.House.C.M.2014/,https://www.facebook.com/groups/Land.House.C.M.2014/posts/25434512882850422/
Land.House.C.M.2014,https://www.facebook.com/groups/Land.House.C.M.2014/,https://www.facebook.com/groups/Land.House.C.M.2014/posts/25434501529518224/
Land.House.C.M.2014,https://www.facebook.com/groups/Land.House.C.M.2014/,https://www.facebook.com/groups/Land.House.C.M.2014/posts/25439685288999848/
Land.House.C.M.2014,https://www.facebook.com/groups/Land.House.C.M.2014/,https://www.facebook.com/groups/Land.House.C.M.2014/posts/25433581152943595/
Land.House.C.M.2014,https://www.facebook.com/groups/Land.House.C.M.2014/,https://www.facebook.com/groups/Land.House.C.M.2014/posts/25432081996426844/
Land.House.C.M.2014,https://www.facebook.com/groups/Land.House.C.M.2014/,https://www.facebook.com/groups/Land.House.C.M.2014/posts/25432054023096308/
Land.House.C.M.2014,https://www.facebook.com/groups/Land.House.C.M.2014/,https://www.facebook.com/groups/Land.House.C.M.2014/posts/25437929392508771/
Land.House.C.M.2014,https://www.facebook.com/groups/Land.House.C.M.2014/,https://www.facebook.com/groups/Land.House.C.M.2014/posts/25439560999012277/
Land.House.C.M.2014,https://www.facebook.com/groups/Land.House.C.M.2014/,https://www.facebook.com/groups/Land.House.C.M.2014/posts/25440994962202214/
Land.House.C.M.2014,https://www.facebook.com/groups/Land.House.C.M.2014/,https://www.facebook.com/groups/Land.House.C.M.2014/posts/25440081755626868/
Land.House.C.M.2014,https://www.facebook.com/groups/Land.House.C.M.2014/,https://www.facebook.com/groups/Land.House.C.M.2014/posts/25437867515848292/
Land.House.C.M.2014,https://www.facebook.com/groups/Land.House.C.M.2014/,https://www.facebook.com/groups/Land.House.C.M.2014/posts/25439586435676400/
Land.House.C.M.2014,https://www.facebook.com/groups/Land.House.C.M.2014/,https://www.facebook.com/groups/Land.House.C.M.2014/posts/25439141545720889/
Land.House.C.M.2014,https://www.facebook.com/groups/Land.House.C.M.2014/,https://www.facebook.com/groups/Land.House.C.M.2014/posts/25440065105628533/
Land.House.C.M.2014,https://www.facebook.com/groups/Land.House.C.M.2014/,https://www.facebook.com/groups/Land.House.C.M.2014/posts/25433374302964280/
Land.House.C.M.2014,https://www.facebook.com/groups/Land.House.C.M.2014/,https://www.facebook.com/groups/Land.House.C.M.2014/posts/25439899338978443/
Land.House.C.M.2014,https://www.facebook.com/groups/Land.House.C.M.2014/,https://www.facebook.com/groups/Land.House.C.M.2014/posts/25439135252388185/
Land.House.C.M.2014,https://www.facebook.com/groups/Land.House.C.M.2014/,https://www.facebook.com/groups/Land.House.C.M.2014/posts/25432038503097860/
Land.House.C.M.2014,https://www.facebook.com/groups/Land.House.C.M.2014/,https://www.facebook.com/groups/Land.House.C.M.2014/posts/25433870109581366/
Land.House.C.M.2014,https://www.facebook.com/groups/Land.House.C.M.2014/,https://www.facebook.com/groups/Land.House.C.M.2014/posts/25438365952465115/
Land.House.C.M.2014,https://www.facebook.com/groups/Land.House.C.M.2014/,https://www.facebook.com/groups/Land.House.C.M.2014/posts/25439507095684334/
Land.House.C.M.2014,https://www.facebook.com/groups/Land.House.C.M.2014/,https://www.facebook.com/groups/Land.House.C.M.2014/posts/25441206905514353/
Land.House.C.M.2014,https://www.facebook.com/groups/Land.House.C.M.2014/,https://www.facebook.com/groups/Land.House.C.M.2014/posts/25437922119176165/
Land.House.C.M.2014,https://www.facebook.com/groups/Land.House.C.M.2014/,https://www.facebook.com/groups/Land.House.C.M.2014/posts/25438335265801517/
Land.House.C.M.2014,https://www.facebook.com/groups/Land.House.C.M.2014/,https://www.facebook.com/groups/Land.House.C.M.2014/posts/25440055115629532/
Land.House.C.M.2014,https://www.facebook.com/groups/Land.House.C.M.2014/,https://www.facebook.com/groups/Land.House.C.M.2014/posts/25433855902916120/
Land.House.C.M.2014,https://www.facebook.com/groups/Land.House.C.M.2014/,https://www.facebook.com/groups/Land.House.C.M.2014/posts/25438591499109227/
Land.House.C.M.2014,https://www.facebook.com/groups/Land.House.C.M.2014/,https://www.facebook.com/groups/Land.House.C.M.2014/posts/25438953325739711/
Land.House.C.M.2014,https://www.facebook.com/groups/Land.House.C.M.2014/,https://www.facebook.com/groups/Land.House.C.M.2014/posts/25441301368838240/
Land.House.C.M.2014,https://www.facebook.com/groups/Land.House.C.M.2014/,https://www.facebook.com/groups/Land.House.C.M.2014/posts/25439727015662342/
Land.House.C.M.2014,https://www.facebook.com/groups/Land.House.C.M.2014/,https://www.facebook.com/groups/Land.House.C.M.2014/posts/25437949152506795/
Land.House.C.M.2014,https://www.facebook.com/groups/Land.House.C.M.2014/,https://www.facebook.com/groups/Land.House.C.M.2014/posts/25440885522213158/
Land.House.C.M.2014,https://www.facebook.com/groups/Land.House.C.M.2014/,https://www.facebook.com/groups/Land.House.C.M.2014/posts/25434240286211015/
Land.House.C.M.2014,https://www.facebook.com/groups/Land.House.C.M.2014/,https://www.facebook.com/groups/Land.House.C.M.2014/posts/25440542618914115/
Land.House.C.M.2014,https://www.facebook.com/groups/Land.House.C.M.2014/,https://www.facebook.com/groups/Land.House.C.M.2014/posts/25438477782453932/
Land.House.C.M.2014,https://www.facebook.com/groups/Land.House.C.M.2014/,https://www.facebook.com/groups/Land.House.C.M.2014/posts/25433336272968083/
Land.House.C.M.2014,https://www.facebook.com/groups/Land.House.C.M.2014/,https://www.facebook.com/groups/Land.House.C.M.2014/posts/25439086602393050/
Land.House.C.M.2014,https://www.facebook.com/groups/Land.House.C.M.2014/,https://www.facebook.com/groups/Land.House.C.M.2014/posts/25437669249201452/
Land.House.C.M.2014,https://www.facebook.com/groups/Land.House.C.M.2014/,https://www.facebook.com/groups/Land.House.C.M.2014/posts/25440352078933169/
Land.House.C.M.2014,https://www.facebook.com/groups/Land.House.C.M.2014/,https://www.facebook.com/groups/Land.House.C.M.2014/posts/25438304775804566/
Land.House.C.M.2014,https://www.facebook.com/groups/Land.House.C.M.2014/,https://www.facebook.com/groups/Land.House.C.M.2014/posts/25440716712230039/
Land.House.C.M.2014,https://www.facebook.com/groups/Land.House.C.M.2014/,https://www.facebook.com/groups/Land.House.C.M.2014/posts/25431969199771457/
Land.House.C.M.2014,https://www.facebook.com/groups/Land.House.C.M.2014/,https://www.facebook.com/groups/Land.House.C.M.2014/posts/25439445195690524/
Land.House.C.M.2014,https://www.facebook.com/groups/Land.House.C.M.2014/,https://www.facebook.com/groups/Land.House.C.M.2014/posts/25439328802368830/
Land.House.C.M.2014,https://www.facebook.com/groups/Land.House.C.M.2014/,https://www.facebook.com/groups/Land.House.C.M.2014/posts/25436169189351458/
Land.House.C.M.2014,https://www.facebook.com/groups/Land.House.C.M.2014/,https://www.facebook.com/groups/Land.House.C.M.2014/posts/25431986696436374/
Land.House.C.M.2014,https://www.facebook.com/groups/Land.House.C.M.2014/,https://www.facebook.com/groups/Land.House.C.M.2014/posts/25440135198954857/
Land.House.C.M.2014,https://www.facebook.com/groups/Land.House.C.M.2014/,https://www.facebook.com/groups/Land.House.C.M.2014/posts/25434865449481832/
Land.House.C.M.2014,https://www.facebook.com/groups/Land.House.C.M.2014/,https://www.facebook.com/groups/Land.House.C.M.2014/posts/25437830829185294/
Land.House.C.M.2014,https://www.facebook.com/groups/Land.House.C.M.2014/,https://www.facebook.com/groups/Land.House.C.M.2014/posts/25440179975617046/
Land.House.C.M.2014,https://www.facebook.com/groups/Land.House.C.M.2014/,https://www.facebook.com/groups/Land.House.C.M.2014/posts/25441112655523778/
Land.House.C.M.2014,https://www.facebook.com/groups/Land.House.C.M.2014/,https://www.facebook.com/groups/Land.House.C.M.2014/posts/25440903442211366/
Land.House.C.M.2014,https://www.facebook.com/groups/Land.House.C.M.2014/,https://www.facebook.com/groups/Land.House.C.M.2014/posts/25438247635810280/
Land.House.C.M.2014,https://www.facebook.com/groups/Land.House.C.M.2014/,https://www.facebook.com/groups/Land.House.C.M.2014/posts/25434226119545765/
Land.House.C.M.2014,https://www.facebook.com/groups/Land.House.C.M.2014/,https://www.facebook.com/groups/Land.House.C.M.2014/posts/25438629312438779/
Land.House.C.M.2014,https://www.facebook.com/groups/Land.House.C.M.2014/,https://www.facebook.com/groups/Land.House.C.M.2014/posts/25431413373160373/
Land.House.C.M.2014,https://www.facebook.com/groups/Land.House.C.M.2014/,https://www.facebook.com/groups/Land.House.C.M.2014/posts/25437908635844180/
Land.House.C.M.2014,https://www.facebook.com/groups/Land.House.C.M.2014/,https://www.facebook.com/groups/Land.House.C.M.2014/posts/25431354323166278/
Land.House.C.M.2014,https://www.facebook.com/groups/Land.House.C.M.2014/,https://www.facebook.com/groups/Land.House.C.M.2014/posts/25431987356436308/
Land.House.C.M.2014,https://www.facebook.com/groups/Land.House.C.M.2014/,https://www.facebook.com/groups/Land.House.C.M.2014/posts/25431786169789760/
Land.House.C.M.2014,https://www.facebook.com/groups/Land.House.C.M.2014/,https://www.facebook.com/groups/Land.House.C.M.2014/posts/25439434045691639/
Land.House.C.M.2014,https://www.facebook.com/groups/Land.House.C.M.2014/,https://www.facebook.com/groups/Land.House.C.M.2014/posts/25440608768907500/
Land.House.C.M.2014,https://www.facebook.com/groups/Land.House.C.M.2014/,https://www.facebook.com/groups/Land.House.C.M.2014/posts/25433152599653117/
Land.House.C.M.2014,https://www.facebook.com/groups/Land.House.C.M.2014/,https://www.facebook.com/groups/Land.House.C.M.2014/posts/25438544025780641/
Land.House.C.M.2014,https://www.facebook.com/groups/Land.House.C.M.2014/,https://www.facebook.com/groups/Land.House.C.M.2014/posts/25433244949643882/
Land.House.C.M.2014,https://www.facebook.com/groups/Land.House.C.M.2014/,https://www.facebook.com/groups/Land.House.C.M.2014/posts/25438637615771282/
Land.House.C.M.2014,https://www.facebook.com/groups/Land.House.C.M.2014/,https://www.facebook.com/groups/Land.House.C.M.2014/posts/25434156232886087/
Land.House.C.M.2014,https://www.facebook.com/groups/Land.House.C.M.2014/,https://www.facebook.com/groups/Land.House.C.M.2014/posts/25431361629832214/
Land.House.C.M.2014,https://www.facebook.com/groups/Land.House.C.M.2014/,https://www.facebook.com/groups/Land.House.C.M.2014/posts/25441465052155205/
Land.House.C.M.2014,https://www.facebook.com/groups/Land.House.C.M.2014/,https://www.facebook.com/groups/Land.House.C.M.2014/posts/25439008965734147/
Land.House.C.M.2014,https://www.facebook.com/groups/Land.House.C.M.2014/,https://www.facebook.com/groups/Land.House.C.M.2014/posts/25439799408988436/
Land.House.C.M.2014,https://www.facebook.com/groups/Land.House.C.M.2014/,https://www.facebook.com/groups/Land.House.C.M.2014/posts/25433277239640653/
Land.House.C.M.2014,https://www.facebook.com/groups/Land.House.C.M.2014/,https://www.facebook.com/groups/Land.House.C.M.2014/posts/25432787696356274/
Land.House.C.M.2014,https://www.facebook.com/groups/Land.House.C.M.2014/,https://www.facebook.com/groups/Land.House.C.M.2014/posts/25439922758976101/
Land.House.C.M.2014,https://www.facebook.com/groups/Land.House.C.M.2014/,https://www.facebook.com/groups/Land.House.C.M.2014/posts/25438831602418550/
Land.House.C.M.2014,https://www.facebook.com/groups/Land.House.C.M.2014/,https://www.facebook.com/groups/Land.House.C.M.2014/posts/25432479426387101/
Land.House.C.M.2014,https://www.facebook.com/groups/Land.House.C.M.2014/,https://www.facebook.com/groups/Land.House.C.M.2014/posts/25431797483121962/
Land.House.C.M.2014,https://www.facebook.com/groups/Land.House.C.M.2014/,https://www.facebook.com/groups/Land.House.C.M.2014/posts/25439610592340651/
Land.House.C.M.2014,https://www.facebook.com/groups/Land.House.C.M.2014/,https://www.facebook.com/groups/Land.House.C.M.2014/posts/25440698418898535/
Land.House.C.M.2014,https://www.facebook.com/groups/Land.House.C.M.2014/,https://www.facebook.com/groups/Land.House.C.M.2014/posts/25434441359524241/
Land.House.C.M.2014,https://www.facebook.com/groups/Land.House.C.M.2014/,https://www.facebook.com/groups/Land.House.C.M.2014/posts/25434792402822470/
Land.House.C.M.2014,https://www.facebook.com/groups/Land.House.C.M.2014/,https://www.facebook.com/groups/Land.House.C.M.2014/posts/25431746483127062/
Land.House.C.M.2014,https://www.facebook.com/groups/Land.House.C.M.2014/,https://www.facebook.com/groups/Land.House.C.M.2014/posts/25440200252281685/
Land.House.C.M.2014,https://www.facebook.com/groups/Land.House.C.M.2014/,https://www.facebook.com/groups/Land.House.C.M.2014/posts/25438583739110003/
Land.House.C.M.2014,https://www.facebook.com/groups/Land.House.C.M.2014/,https://www.facebook.com/groups/Land.House.C.M.2014/posts/25434603486174695/
Land.House.C.M.2014,https://www.facebook.com/groups/Land.House.C.M.2014/,https://www.facebook.com/groups/Land.House.C.M.2014/posts/25440198955615148/
Land.House.C.M.2014,https://www.facebook.com/groups/Land.House.C.M.2014/,https://www.facebook.com/groups/Land.House.C.M.2014/posts/25440152018953175/
Land.House.C.M.2014,https://www.facebook.com/groups/Land.House.C.M.2014/,https://www.facebook.com/groups/Land.House.C.M.2014/posts/25434540802847630/
Land.House.C.M.2014,https://www.facebook.com/groups/Land.House.C.M.2014/,https://www.facebook.com/groups/Land.House.C.M.2014/posts/25439953115639732/
Land.House.C.M.2014,https://www.facebook.com/groups/Land.House.C.M.2014/,https://www.facebook.com/groups/Land.House.C.M.2014/posts/25432949429673434/
Land.House.C.M.2014,https://www.facebook.com/groups/Land.House.C.M.2014/,https://www.facebook.com/groups/Land.House.C.M.2014/posts/25441040525530991/
Land.House.C.M.2014,https://www.facebook.com/groups/Land.House.C.M.2014/,https://www.facebook.com/groups/Land.House.C.M.2014/posts/25434746806160363/
Land.House.C.M.2014,https://www.facebook.com/groups/Land.House.C.M.2014/,https://www.facebook.com/groups/Land.House.C.M.2014/posts/25431961563105554/
Land.House.C.M.2014,https://www.facebook.com/groups/Land.House.C.M.2014/,https://www.facebook.com/groups/Land.House.C.M.2014/posts/25435125909455786/
Land.House.C.M.2014,https://www.facebook.com/groups/Land.House.C.M.2014/,https://www.facebook.com/groups/Land.House.C.M.2014/posts/25433774442924266/
Land.House.C.M.2014,https://www.facebook.com/groups/Land.House.C.M.2014/,https://www.facebook.com/groups/Land.House.C.M.2014/posts/25435099052791805/
Land.House.C.M.2014,https://www.facebook.com/groups/Land.House.C.M.2014/,https://www.facebook.com/groups/Land.House.C.M.2014/posts/25438338159134561/
Land.House.C.M.2014,https://www.facebook.com/groups/Land.House.C.M.2014/,https://www.facebook.com/groups/Land.House.C.M.2014/posts/25434412119527165/
Land.House.C.M.2014,https://www.facebook.com/groups/Land.House.C.M.2014/,https://www.facebook.com/groups/Land.House.C.M.2014/posts/25431944856440558/
Land.House.C.M.2014,https://www.facebook.com/groups/Land.House.C.M.2014/,https://www.facebook.com/groups/Land.House.C.M.2014/posts/25439048869063490/
Land.House.C.M.2014,https://www.facebook.com/groups/Land.House.C.M.2014/,https://www.facebook.com/groups/Land.House.C.M.2014/posts/25434897936145250/
Land.House.C.M.2014,https://www.facebook.com/groups/Land.House.C.M.2014/,https://www.facebook.com/groups/Land.House.C.M.2014/posts/25434363676198676/
Land.House.C.M.2014,https://www.facebook.com/groups/Land.House.C.M.2014/,https://www.facebook.com/groups/Land.House.C.M.2014/posts/25437854519182925/
Land.House.C.M.2014,https://www.facebook.com/groups/Land.House.C.M.2014/,https://www.facebook.com/groups/Land.House.C.M.2014/posts/25431934663108244/
Land.House.C.M.2014,https://www.facebook.com/groups/Land.House.C.M.2014/,https://www.facebook.com/groups/Land.House.C.M.2014/posts/25434335446201499/
Land.House.C.M.2014,https://www.facebook.com/groups/Land.House.C.M.2014/,https://www.facebook.com/groups/Land.House.C.M.2014/posts/25439285252373185/
Land.House.C.M.2014,https://www.facebook.com/groups/Land.House.C.M.2014/,https://www.facebook.com/groups/Land.House.C.M.2014/posts/25434421496192894/
Land.House.C.M.2014,https://www.facebook.com/groups/Land.House.C.M.2014/,https://www.facebook.com/groups/Land.House.C.M.2014/posts/25432126029755774/
Land.House.C.M.2014,https://www.facebook.com/groups/Land.House.C.M.2014/,https://www.facebook.com/groups/Land.House.C.M.2014/posts/25437802255854818/
Land.House.C.M.2014,https://www.facebook.com/groups/Land.House.C.M.2014/,https://www.facebook.com/groups/Land.House.C.M.2014/posts/25440701018898275/
Land.House.C.M.2014,https://www.facebook.com/groups/Land.House.C.M.2014/,https://www.facebook.com/groups/Land.House.C.M.2014/posts/25440112368957140/
Land.House.C.M.2014,https://www.facebook.com/groups/Land.House.C.M.2014/,https://www.facebook.com/groups/Land.House.C.M.2014/posts/25431950623106648/
Land.House.C.M.2014,https://www.facebook.com/groups/Land.House.C.M.2014/,https://www.facebook.com/groups/Land.House.C.M.2014/posts/25438876282414082/
Land.House.C.M.2014,https://www.facebook.com/groups/Land.House.C.M.2014/,https://www.facebook.com/groups/Land.House.C.M.2014/posts/25437873749181002/
Land.House.C.M.2014,https://www.facebook.com/groups/Land.House.C.M.2014/,https://www.facebook.com/groups/Land.House.C.M.2014/posts/25433008563000854/
Land.House.C.M.2014,https://www.facebook.com/groups/Land.House.C.M.2014/,https://www.facebook.com/groups/Land.House.C.M.2014/posts/25438510272450683/
Land.House.C.M.2014,https://www.facebook.com/groups/Land.House.C.M.2014/,https://www.facebook.com/groups/Land.House.C.M.2014/posts/25431506946484349/
Land.House.C.M.2014,https://www.facebook.com/groups/Land.House.C.M.2014/,https://www.facebook.com/groups/Land.House.C.M.2014/posts/25431334046501639/
Land.House.C.M.2014,https://www.facebook.com/groups/Land.House.C.M.2014/,https://www.facebook.com/groups/Land.House.C.M.2014/posts/25441115308856846/
Land.House.C.M.2014,https://www.facebook.com/groups/Land.House.C.M.2014/,https://www.facebook.com/groups/Land.House.C.M.2014/posts/25434554999512877/
Land.House.C.M.2014,https://www.facebook.com/groups/Land.House.C.M.2014/,https://www.facebook.com/groups/Land.House.C.M.2014/posts/25439761218992255/
Land.House.C.M.2014,https://www.facebook.com/groups/Land.House.C.M.2014/,https://www.facebook.com/groups/Land.House.C.M.2014/posts/25434172852884425/
Land.House.C.M.2014,https://www.facebook.com/groups/Land.House.C.M.2014/,https://www.facebook.com/groups/Land.House.C.M.2014/posts/25434273689541008/
Land.House.C.M.2014,https://www.facebook.com/groups/Land.House.C.M.2014/,https://www.facebook.com/groups/Land.House.C.M.2014/posts/25439141872387523/
Land.House.C.M.2014,https://www.facebook.com/groups/Land.House.C.M.2014/,https://www.facebook.com/groups/Land.House.C.M.2014/posts/25431642503137460/
Land.House.C.M.2014,https://www.facebook.com/groups/Land.House.C.M.2014/,https://www.facebook.com/groups/Land.House.C.M.2014/posts/25431526353149075/
Land.House.C.M.2014,https://www.facebook.com/groups/Land.House.C.M.2014/,https://www.facebook.com/groups/Land.House.C.M.2014/posts/25431474749820902/
Land.House.C.M.2014,https://www.facebook.com/groups/Land.House.C.M.2014/,https://www.facebook.com/groups/Land.House.C.M.2014/posts/25440312205603823/
Land.House.C.M.2014,https://www.facebook.com/groups/Land.House.C.M.2014/,https://www.facebook.com/groups/Land.House.C.M.2014/posts/25432716476363396/
Land.House.C.M.2014,https://www.facebook.com/groups/Land.House.C.M.2014/,https://www.facebook.com/groups/Land.House.C.M.2014/posts/25432115043090206/
Land.House.C.M.2014,https://www.facebook.com/groups/Land.House.C.M.2014/,https://www.facebook.com/groups/Land.House.C.M.2014/posts/25434432322858478/
Land.House.C.M.2014,https://www.facebook.com/groups/Land.House.C.M.2014/,https://www.facebook.com/groups/Land.House.C.M.2014/posts/25433938619574515/
Land.House.C.M.2014,https://www.facebook.com/groups/Land.House.C.M.2014/,https://www.facebook.com/groups/Land.House.C.M.2014/posts/25433227409645636/
Land.House.C.M.2014,https://www.facebook.com/groups/Land.House.C.M.2014/,https://www.facebook.com/groups/Land.House.C.M.2014/posts/25438527742448936/
Land.House.C.M.2014,https://www.facebook.com/groups/Land.House.C.M.2014/,https://www.facebook.com/groups/Land.House.C.M.2014/posts/25441170422184668/
Land.House.C.M.2014,https://www.facebook.com/groups/Land.House.C.M.2014/,https://www.facebook.com/groups/Land.House.C.M.2014/posts/25434706032831107/
Land.House.C.M.2014,https://www.facebook.com/groups/Land.House.C.M.2014/,https://www.facebook.com/groups/Land.House.C.M.2014/posts/25433290032972707/
Land.House.C.M.2014,https://www.facebook.com/groups/Land.House.C.M.2014/,https://www.facebook.com/groups/Land.House.C.M.2014/posts/25440093368959040/
Land.House.C.M.2014,https://www.facebook.com/groups/Land.House.C.M.2014/,https://www.facebook.com/groups/Land.House.C.M.2014/posts/25432238309744546/
Land.House.C.M.2014,https://www.facebook.com/groups/Land.House.C.M.2014/,https://www.facebook.com/groups/Land.House.C.M.2014/posts/25431679059800471/
Land.House.C.M.2014,https://www.facebook.com/groups/Land.House.C.M.2014/,https://www.facebook.com/groups/Land.House.C.M.2014/posts/25438614479106929/
Land.House.C.M.2014,https://www.facebook.com/groups/Land.House.C.M.2014/,https://www.facebook.com/groups/Land.House.C.M.2014/posts/25433885489579828/
Land.House.C.M.2014,https://www.facebook.com/groups/Land.House.C.M.2014/,https://www.facebook.com/groups/Land.House.C.M.2014/posts/25434587476176296/
Land.House.C.M.2014,https://www.facebook.com/groups/Land.House.C.M.2014/,https://www.facebook.com/groups/Land.House.C.M.2014/posts/25440570462244664/
Land.House.C.M.2014,https://www.facebook.com/groups/Land.House.C.M.2014/,https://www.facebook.com/groups/Land.House.C.M.2014/posts/25432344343067276/
Land.House.C.M.2014,https://www.facebook.com/groups/Land.House.C.M.2014/,https://www.facebook.com/groups/Land.House.C.M.2014/posts/25440575748910802/
Land.House.C.M.2014,https://www.facebook.com/groups/Land.House.C.M.2014/,https://www.facebook.com/groups/Land.House.C.M.2014/posts/25431813219787055/
Land.House.C.M.2014,https://www.facebook.com/groups/Land.House.C.M.2014/,https://www.facebook.com/groups/Land.House.C.M.2014/posts/25434435499524827/
Land.House.C.M.2014,https://www.facebook.com/groups/Land.House.C.M.2014/,https://www.facebook.com/groups/Land.House.C.M.2014/posts/25440921158876261/
Land.House.C.M.2014,https://www.facebook.com/groups/Land.House.C.M.2014/,https://www.facebook.com/groups/Land.House.C.M.2014/posts/25441089922192718/
Land.House.C.M.2014,https://www.facebook.com/groups/Land.House.C.M.2014/,https://www.facebook.com/groups/Land.House.C.M.2014/posts/25441336428834734/
Land.House.C.M.2014,https://www.facebook.com/groups/Land.House.C.M.2014/,https://www.facebook.com/groups/Land.House.C.M.2014/posts/25431588219809555/
Land.House.C.M.2014,https://www.facebook.com/groups/Land.House.C.M.2014/,https://www.facebook.com/groups/Land.House.C.M.2014/posts/25440122648956112/
Land.House.C.M.2014,https://www.facebook.com/groups/Land.House.C.M.2014/,https://www.facebook.com/groups/Land.House.C.M.2014/posts/25433448552956855/
Land.House.C.M.2014,https://www.facebook.com/groups/Land.House.C.M.2014/,https://www.facebook.com/groups/Land.House.C.M.2014/posts/25432091686425875/
Land.House.C.M.2014,https://www.facebook.com/groups/Land.House.C.M.2014/,https://www.facebook.com/groups/Land.House.C.M.2014/posts/25440244938943883/
Land.House.C.M.2014,https://www.facebook.com/groups/Land.House.C.M.2014/,https://www.facebook.com/groups/Land.House.C.M.2014/posts/25434559626179081/
Land.House.C.M.2014,https://www.facebook.com/groups/Land.House.C.M.2014/,https://www.facebook.com/groups/Land.House.C.M.2014/posts/25431953966439647/
Land.House.C.M.2014,https://www.facebook.com/groups/Land.House.C.M.2014/,https://www.facebook.com/groups/Land.House.C.M.2014/posts/25440341618934215/
Land.House.C.M.2014,https://www.facebook.com/groups/Land.House.C.M.2014/,https://www.facebook.com/groups/Land.House.C.M.2014/posts/25440163298952047/
Land.House.C.M.2014,https://www.facebook.com/groups/Land.House.C.M.2014/,https://www.facebook.com/groups/Land.House.C.M.2014/posts/25439340255701018/
Land.House.C.M.2014,https://www.facebook.com/groups/Land.House.C.M.2014/,https://www.facebook.com/groups/Land.House.C.M.2014/posts/25432745229693854/
Land.House.C.M.2014,https://www.facebook.com/groups/Land.House.C.M.2014/,https://www.facebook.com/groups/Land.House.C.M.2014/posts/25439533332348377/
Land.House.C.M.2014,https://www.facebook.com/groups/Land.House.C.M.2014/,https://www.facebook.com/groups/Land.House.C.M.2014/posts/25438607339107643/
Land.House.C.M.2014,https://www.facebook.com/groups/Land.House.C.M.2014/,https://www.facebook.com/groups/Land.House.C.M.2014/posts/25434426639525713/
Land.House.C.M.2014,https://www.facebook.com/groups/Land.House.C.M.2014/,https://www.facebook.com/groups/Land.House.C.M.2014/posts/25440210095614034/
Land.House.C.M.2014,https://www.facebook.com/groups/Land.House.C.M.2014/,https://www.facebook.com/groups/Land.House.C.M.2014/posts/25432031819765195/
Land.House.C.M.2014,https://www.facebook.com/groups/Land.House.C.M.2014/,https://www.facebook.com/groups/Land.House.C.M.2014/posts/25431802319788145/
Land.House.C.M.2014,https://www.facebook.com/groups/Land.House.C.M.2014/,https://www.facebook.com/groups/Land.House.C.M.2014/posts/25431339363167774/
Land.House.C.M.2014,https://www.facebook.com/groups/Land.House.C.M.2014/,https://www.facebook.com/groups/Land.House.C.M.2014/posts/25439190109049366/
Land.House.C.M.2014,https://www.facebook.com/groups/Land.House.C.M.2014/,https://www.facebook.com/groups/Land.House.C.M.2014/posts/25431730553128655/
Land.House.C.M.2014,https://www.facebook.com/groups/Land.House.C.M.2014/,https://www.facebook.com/groups/Land.House.C.M.2014/posts/25438607472440963/
Land.House.C.M.2014,https://www.facebook.com/groups/Land.House.C.M.2014/,https://www.facebook.com/groups/Land.House.C.M.2014/posts/25434446542857056/
Land.House.C.M.2014,https://www.facebook.com/groups/Land.House.C.M.2014/,https://www.facebook.com/groups/Land.House.C.M.2014/posts/25434670076168036/
Land.House.C.M.2014,https://www.facebook.com/groups/Land.House.C.M.2014/,https://www.facebook.com/groups/Land.House.C.M.2014/posts/25440213678947009/
Land.House.C.M.2014,https://www.facebook.com/groups/Land.House.C.M.2014/,https://www.facebook.com/groups/Land.House.C.M.2014/posts/25437890185846025/
Land.House.C.M.2014,https://www.facebook.com/groups/Land.House.C.M.2014/,https://www.facebook.com/groups/Land.House.C.M.2014/posts/25434063546228689/
Land.House.C.M.2014,https://www.facebook.com/groups/Land.House.C.M.2014/,https://www.facebook.com/groups/Land.House.C.M.2014/posts/25434515226183521/
Land.House.C.M.2014,https://www.facebook.com/groups/Land.House.C.M.2014/,https://www.facebook.com/groups/Land.House.C.M.2014/posts/25439388739029503/
Land.House.C.M.2014,https://www.facebook.com/groups/Land.House.C.M.2014/,https://www.facebook.com/groups/Land.House.C.M.2014/posts/25440913588877018/
Land.House.C.M.2014,https://www.facebook.com/groups/Land.House.C.M.2014/,https://www.facebook.com/groups/Land.House.C.M.2014/posts/25433799002921810/
Land.House.C.M.2014,https://www.facebook.com/groups/Land.House.C.M.2014/,https://www.facebook.com/groups/Land.House.C.M.2014/posts/25432334659734911/
Land.House.C.M.2014,https://www.facebook.com/groups/Land.House.C.M.2014/,https://www.facebook.com/groups/Land.House.C.M.2014/posts/25440320685602975/
Land.House.C.M.2014,https://www.facebook.com/groups/Land.House.C.M.2014/,https://www.facebook.com/groups/Land.House.C.M.2014/posts/25431551816479862/
Land.House.C.M.2014,https://www.facebook.com/groups/Land.House.C.M.2014/,https://www.facebook.com/groups/Land.House.C.M.2014/posts/25438147479153629/
Land.House.C.M.2014,https://www.facebook.com/groups/Land.House.C.M.2014/,https://www.facebook.com/groups/Land.House.C.M.2014/posts/25440138782287832/
Land.House.C.M.2014,https://www.facebook.com/groups/Land.House.C.M.2014/,https://www.facebook.com/groups/Land.House.C.M.2014/posts/25432248599743517/
Land.House.C.M.2014,https://www.facebook.com/groups/Land.House.C.M.2014/,https://www.facebook.com/groups/Land.House.C.M.2014/posts/25433258566309187/
Land.House.C.M.2014,https://www.facebook.com/groups/Land.House.C.M.2014/,https://www.facebook.com/groups/Land.House.C.M.2014/posts/25433787702922940/
Land.House.C.M.2014,https://www.facebook.com/groups/Land.House.C.M.2014/,https://www.facebook.com/groups/Land.House.C.M.2014/posts/25434654389502938/
Land.House.C.M.2014,https://www.facebook.com/groups/Land.House.C.M.2014/,https://www.facebook.com/groups/Land.House.C.M.2014/posts/25441324412169269/
Land.House.C.M.2014,https://www.facebook.com/groups/Land.House.C.M.2014/,https://www.facebook.com/groups/Land.House.C.M.2014/posts/25431302346504809/
Land.House.C.M.2014,https://www.facebook.com/groups/Land.House.C.M.2014/,https://www.facebook.com/groups/Land.House.C.M.2014/posts/25440448902256820/
Land.House.C.M.2014,https://www.facebook.com/groups/Land.House.C.M.2014/,https://www.facebook.com/groups/Land.House.C.M.2014/posts/25431567239811653/
Land.House.C.M.2014,https://www.facebook.com/groups/Land.House.C.M.2014/,https://www.facebook.com/groups/Land.House.C.M.2014/posts/25439347702366940/
Land.House.C.M.2014,https://www.facebook.com/groups/Land.House.C.M.2014/,https://www.facebook.com/groups/Land.House.C.M.2014/posts/25431629889805388/
Land.House.C.M.2014,https://www.facebook.com/groups/Land.House.C.M.2014/,https://www.facebook.com/groups/Land.House.C.M.2014/posts/25434347339533643/
Land.House.C.M.2014,https://www.facebook.com/groups/Land.House.C.M.2014/,https://www.facebook.com/groups/Land.House.C.M.2014/posts/25434004706234573/
Land.House.C.M.2014,https://www.facebook.com/groups/Land.House.C.M.2014/,https://www.facebook.com/groups/Land.House.C.M.2014/posts/25440366375598406/
Land.House.C.M.2014,https://www.facebook.com/groups/Land.House.C.M.2014/,https://www.facebook.com/groups/Land.House.C.M.2014/posts/25434948482806862/
Land.House.C.M.2014,https://www.facebook.com/groups/Land.House.C.M.2014/,https://www.facebook.com/groups/Land.House.C.M.2014/posts/25434492469519130/
Land.House.C.M.2014,https://www.facebook.com/groups/Land.House.C.M.2014/,https://www.facebook.com/groups/Land.House.C.M.2014/posts/25439468999021477/
Land.House.C.M.2014,https://www.facebook.com/groups/Land.House.C.M.2014/,https://www.facebook.com/groups/Land.House.C.M.2014/posts/25440565248911852/
Land.House.C.M.2014,https://www.facebook.com/groups/Land.House.C.M.2014/,https://www.facebook.com/groups/Land.House.C.M.2014/posts/25440521012249609/
Land.House.C.M.2014,https://www.facebook.com/groups/Land.House.C.M.2014/,https://www.facebook.com/groups/Land.House.C.M.2014/posts/25439090345726009/
Land.House.C.M.2014,https://www.facebook.com/groups/Land.House.C.M.2014/,https://www.facebook.com/groups/Land.House.C.M.2014/posts/25431613966473647/
Land.House.C.M.2014,https://www.facebook.com/groups/Land.House.C.M.2014/,https://www.facebook.com/groups/Land.House.C.M.2014/posts/25440619868906390/
Land.House.C.M.2014,https://www.facebook.com/groups/Land.House.C.M.2014/,https://www.facebook.com/groups/Land.House.C.M.2014/posts/25439042659064111/
Land.House.C.M.2014,https://www.facebook.com/groups/Land.House.C.M.2014/,https://www.facebook.com/groups/Land.House.C.M.2014/posts/25434733712828339/
Land.House.C.M.2014,https://www.facebook.com/groups/Land.House.C.M.2014/,https://www.facebook.com/groups/Land.House.C.M.2014/posts/25438277065807337/
Land.House.C.M.2014,https://www.facebook.com/groups/Land.House.C.M.2014/,https://www.facebook.com/groups/Land.House.C.M.2014/posts/25432165053085205/
Land.House.C.M.2014,https://www.facebook.com/groups/Land.House.C.M.2014/,https://www.facebook.com/groups/Land.House.C.M.2014/posts/25433560636278980/
Land.House.C.M.2014,https://www.facebook.com/groups/Land.House.C.M.2014/,https://www.facebook.com/groups/Land.House.C.M.2014/posts/25434593066175737/
Land.House.C.M.2014,https://www.facebook.com/groups/Land.House.C.M.2014/,https://www.facebook.com/groups/Land.House.C.M.2014/posts/25439294752372235/
Land.House.C.M.2014,https://www.facebook.com/groups/Land.House.C.M.2014/,https://www.facebook.com/groups/Land.House.C.M.2014/posts/25431409593160751/
Land.House.C.M.2014,https://www.facebook.com/groups/Land.House.C.M.2014/,https://www.facebook.com/groups/Land.House.C.M.2014/posts/25434131766221867/
Land.House.C.M.2014,https://www.facebook.com/groups/Land.House.C.M.2014/,https://www.facebook.com/groups/Land.House.C.M.2014/posts/25439372385697805/
Land.House.C.M.2014,https://www.facebook.com/groups/Land.House.C.M.2014/,https://www.facebook.com/groups/Land.House.C.M.2014/posts/25431837573117953/
Land.House.C.M.2014,https://www.facebook.com/groups/Land.House.C.M.2014/,https://www.facebook.com/groups/Land.House.C.M.2014/posts/25434597192841991/
Land.House.C.M.2014,https://www.facebook.com/groups/Land.House.C.M.2014/,https://www.facebook.com/groups/Land.House.C.M.2014/posts/25440573492244361/
Land.House.C.M.2014,https://www.facebook.com/groups/Land.House.C.M.2014/,https://www.facebook.com/groups/Land.House.C.M.2014/posts/25434283009540076/
Land.House.C.M.2014,https://www.facebook.com/groups/Land.House.C.M.2014/,https://www.facebook.com/groups/Land.House.C.M.2014/posts/25439108119057565/
Land.House.C.M.2014,https://www.facebook.com/groups/Land.House.C.M.2014/,https://www.facebook.com/groups/Land.House.C.M.2014/posts/25433604396274604/
Land.House.C.M.2014,https://www.facebook.com/groups/Land.House.C.M.2014/,https://www.facebook.com/groups/Land.House.C.M.2014/posts/25432746493027061/
Land.House.C.M.2014,https://www.facebook.com/groups/Land.House.C.M.2014/,https://www.facebook.com/groups/Land.House.C.M.2014/posts/25431580463143664/
Land.House.C.M.2014,https://www.facebook.com/groups/Land.House.C.M.2014/,https://www.facebook.com/groups/Land.House.C.M.2014/posts/25433081852993525/
Land.House.C.M.2014,https://www.facebook.com/groups/Land.House.C.M.2014/,https://www.facebook.com/groups/Land.House.C.M.2014/posts/25431352026499841/
Land.House.C.M.2014,https://www.facebook.com/groups/Land.House.C.M.2014/,https://www.facebook.com/groups/Land.House.C.M.2014/posts/25432276589740718/
Land.House.C.M.2014,https://www.facebook.com/groups/Land.House.C.M.2014/,https://www.facebook.com/groups/Land.House.C.M.2014/posts/25433613292940381/
Land.House.C.M.2014,https://www.facebook.com/groups/Land.House.C.M.2014/,https://www.facebook.com/groups/Land.House.C.M.2014/posts/25431905276444516/
Land.House.C.M.2014,https://www.facebook.com/groups/Land.House.C.M.2014/,https://www.facebook.com/groups/Land.House.C.M.2014/posts/25434648436170200/
Land.House.C.M.2014,https://www.facebook.com/groups/Land.House.C.M.2014/,https://www.facebook.com/groups/Land.House.C.M.2014/posts/25438222682479442/
Land.House.C.M.2014,https://www.facebook.com/groups/Land.House.C.M.2014/,https://www.facebook.com/groups/Land.House.C.M.2014/posts/25431522123149498/
Land.House.C.M.2014,https://www.facebook.com/groups/Land.House.C.M.2014/,https://www.facebook.com/groups/Land.House.C.M.2014/posts/25434450259523351/
Land.House.C.M.2014,https://www.facebook.com/groups/Land.House.C.M.2014/,https://www.facebook.com/groups/Land.House.C.M.2014/posts/25432323913069319/
Land.House.C.M.2014,https://www.facebook.com/groups/Land.House.C.M.2014/,https://www.facebook.com/groups/Land.House.C.M.2014/posts/25434489679519409/
Land.House.C.M.2014,https://www.facebook.com/groups/Land.House.C.M.2014/,https://www.facebook.com/groups/Land.House.C.M.2014/posts/25439126239055753/
Land.House.C.M.2014,https://www.facebook.com/groups/Land.House.C.M.2014/,https://www.facebook.com/groups/Land.House.C.M.2014/posts/25433727439595633/
Land.House.C.M.2014,https://www.facebook.com/groups/Land.House.C.M.2014/,https://www.facebook.com/groups/Land.House.C.M.2014/posts/25432276003074110/
Land.House.C.M.2014,https://www.facebook.com/groups/Land.House.C.M.2014/,https://www.facebook.com/groups/Land.House.C.M.2014/posts/25439219302379780/
Land.House.C.M.2014,https://www.facebook.com/groups/Land.House.C.M.2014/,https://www.facebook.com/groups/Land.House.C.M.2014/posts/25434390626195981/
Land.House.C.M.2014,https://www.facebook.com/groups/Land.House.C.M.2014/,https://www.facebook.com/groups/Land.House.C.M.2014/posts/25434467202854990/
Land.House.C.M.2014,https://www.facebook.com/groups/Land.House.C.M.2014/,https://www.facebook.com/groups/Land.House.C.M.2014/posts/25434360862865624/
Land.House.C.M.2014,https://www.facebook.com/groups/Land.House.C.M.2014/,https://www.facebook.com/groups/Land.House.C.M.2014/posts/25433638342937876/
Land.House.C.M.2014,https://www.facebook.com/groups/Land.House.C.M.2014/,https://www.facebook.com/groups/Land.House.C.M.2014/posts/25434404502861260/
Land.House.C.M.2014,https://www.facebook.com/groups/Land.House.C.M.2014/,https://www.facebook.com/groups/Land.House.C.M.2014/posts/25440442298924147/
Land.House.C.M.2014,https://www.facebook.com/groups/Land.House.C.M.2014/,https://www.facebook.com/groups/Land.House.C.M.2014/posts/25438257252475985/
Land.House.C.M.2014,https://www.facebook.com/groups/Land.House.C.M.2014/,https://www.facebook.com/groups/Land.House.C.M.2014/posts/25432779356357108/
Land.House.C.M.2014,https://www.facebook.com/groups/Land.House.C.M.2014/,https://www.facebook.com/groups/Land.House.C.M.2014/posts/25432708613030849/
Land.House.C.M.2014,https://www.facebook.com/groups/Land.House.C.M.2014/,https://www.facebook.com/groups/Land.House.C.M.2014/posts/25434240086211035/
Land.House.C.M.2014,https://www.facebook.com/groups/Land.House.C.M.2014/,https://www.facebook.com/groups/Land.House.C.M.2014/posts/25431494113152299/
Land.House.C.M.2014,https://www.facebook.com/groups/Land.House.C.M.2014/,https://www.facebook.com/groups/Land.House.C.M.2014/posts/25432220963079614/
Land.House.C.M.2014,https://www.facebook.com/groups/Land.House.C.M.2014/,https://www.facebook.com/groups/Land.House.C.M.2014/posts/25434486889519688/
Land.House.C.M.2014,https://www.facebook.com/groups/Land.House.C.M.2014/,https://www.facebook.com/groups/Land.House.C.M.2014/posts/25431529539815423/
Land.House.C.M.2014,https://www.facebook.com/groups/Land.House.C.M.2014/,https://www.facebook.com/groups/Land.House.C.M.2014/posts/25431385906496453/
Land.House.C.M.2014,https://www.facebook.com/groups/Land.House.C.M.2014/,https://www.facebook.com/groups/Land.House.C.M.2014/posts/25440504498917927/
Land.House.C.M.2014,https://www.facebook.com/groups/Land.House.C.M.2014/,https://www.facebook.com/groups/Land.House.C.M.2014/posts/25441314375503606/
Land.House.C.M.2014,https://www.facebook.com/groups/Land.House.C.M.2014/,https://www.facebook.com/groups/Land.House.C.M.2014/posts/25440492342252476/
Land.House.C.M.2014,https://www.facebook.com/groups/Land.House.C.M.2014/,https://www.facebook.com/groups/Land.House.C.M.2014/posts/25431456843156026/
Land.House.C.M.2014,https://www.facebook.com/groups/Land.House.C.M.2014/,https://www.facebook.com/groups/Land.House.C.M.2014/posts/25441294588838918/
Land.House.C.M.2014,https://www.facebook.com/groups/Land.House.C.M.2014/,https://www.facebook.com/groups/Land.House.C.M.2014/posts/25434630556171988/
Land.House.C.M.2014,https://www.facebook.com/groups/Land.House.C.M.2014/,https://www.facebook.com/groups/Land.House.C.M.2014/posts/25433648249603552/
Land.House.C.M.2014,https://www.facebook.com/groups/Land.House.C.M.2014/,https://www.facebook.com/groups/Land.House.C.M.2014/posts/25433143752987335/
Land.House.C.M.2014,https://www.facebook.com/groups/Land.House.C.M.2014/,https://www.facebook.com/groups/Land.House.C.M.2014/posts/25439151059053271/
Land.House.C.M.2014,https://www.facebook.com/groups/Land.House.C.M.2014/,https://www.facebook.com/groups/Land.House.C.M.2014/posts/25439132075721836/
236116797208244,https://www.facebook.com/groups/236116797208244/,https://www.facebook.com/groups/236116797208244/posts/2117488592404379/
236116797208244,https://www.facebook.com/groups/236116797208244/,https://www.facebook.com/groups/236116797208244/posts/2117566075729964/
236116797208244,https://www.facebook.com/groups/236116797208244/,https://www.facebook.com/groups/236116797208244/posts/2116773102475928/
236116797208244,https://www.facebook.com/groups/236116797208244/,https://www.facebook.com/groups/236116797208244/posts/2117622092391029/
236116797208244,https://www.facebook.com/groups/236116797208244/,https://www.facebook.com/groups/236116797208244/posts/2116657569154148/
236116797208244,https://www.facebook.com/groups/236116797208244/,https://www.facebook.com/groups/236116797208244/posts/2117486185737953/
236116797208244,https://www.facebook.com/groups/236116797208244/,https://www.facebook.com/groups/236116797208244/posts/2116733999146505/
236116797208244,https://www.facebook.com/groups/236116797208244/,https://www.facebook.com/groups/236116797208244/posts/2116697305816841/
236116797208244,https://www.facebook.com/groups/236116797208244/,https://www.facebook.com/groups/236116797208244/posts/2117526209067284/
236116797208244,https://www.facebook.com/groups/236116797208244/,https://www.facebook.com/groups/236116797208244/posts/2117410065745565/
236116797208244,https://www.facebook.com/groups/236116797208244/,https://www.facebook.com/groups/236116797208244/posts/2117416945744877/
236116797208244,https://www.facebook.com/groups/236116797208244/,https://www.facebook.com/groups/236116797208244/posts/2116665269153378/
236116797208244,https://www.facebook.com/groups/236116797208244/,https://www.facebook.com/groups/236116797208244/posts/2116739709145934/
236116797208244,https://www.facebook.com/groups/236116797208244/,https://www.facebook.com/groups/236116797208244/posts/2117047362448502/
236116797208244,https://www.facebook.com/groups/236116797208244/,https://www.facebook.com/groups/236116797208244/posts/2117433232409915/
236116797208244,https://www.facebook.com/groups/236116797208244/,https://www.facebook.com/groups/236116797208244/posts/2116603855826186/
236116797208244,https://www.facebook.com/groups/236116797208244/,https://www.facebook.com/groups/236116797208244/posts/2116689052484333/
236116797208244,https://www.facebook.com/groups/236116797208244/,https://www.facebook.com/groups/236116797208244/posts/2117531379066767/
236116797208244,https://www.facebook.com/groups/236116797208244/,https://www.facebook.com/groups/236116797208244/posts/2116888949131010/
236116797208244,https://www.facebook.com/groups/236116797208244/,https://www.facebook.com/groups/236116797208244/posts/2116613592491879/
236116797208244,https://www.facebook.com/groups/236116797208244/,https://www.facebook.com/groups/236116797208244/posts/2116641232489115/
landhomechiangmai,https://www.facebook.com/groups/landhomechiangmai/,https://www.facebook.com/groups/landhomechiangmai/posts/4559246610969615/
landhomechiangmai,https://www.facebook.com/groups/landhomechiangmai/,https://www.facebook.com/groups/landhomechiangmai/posts/4559033034324306/
landhomechiangmai,https://www.facebook.com/groups/landhomechiangmai/,https://www.facebook.com/groups/landhomechiangmai/posts/4559052070989069/
landhomechiangmai,https://www.facebook.com/groups/landhomechiangmai/,https://www.facebook.com/groups/landhomechiangmai/posts/4560147174212892/
landhomechiangmai,https://www.facebook.com/groups/landhomechiangmai/,https://www.facebook.com/groups/landhomechiangmai/posts/4559165970977679/
landhomechiangmai,https://www.facebook.com/groups/landhomechiangmai/,https://www.facebook.com/groups/landhomechiangmai/posts/4560290534198556/
landhomechiangmai,https://www.facebook.com/groups/landhomechiangmai/,https://www.facebook.com/groups/landhomechiangmai/posts/4559127630981513/
landhomechiangmai,https://www.facebook.com/groups/landhomechiangmai/,https://www.facebook.com/groups/landhomechiangmai/posts/4560275384200071/
landhomechiangmai,https://www.facebook.com/groups/landhomechiangmai/,https://www.facebook.com/groups/landhomechiangmai/posts/4560145870879689/
landhomechiangmai,https://www.facebook.com/groups/landhomechiangmai/,https://www.facebook.com/groups/landhomechiangmai/posts/4559231907637752/
landhomechiangmai,https://www.facebook.com/groups/landhomechiangmai/,https://www.facebook.com/groups/landhomechiangmai/posts/4559286767632266/
landhomechiangmai,https://www.facebook.com/groups/landhomechiangmai/,https://www.facebook.com/groups/landhomechiangmai/posts/4559457397615203/
landhomechiangmai,https://www.facebook.com/groups/landhomechiangmai/,https://www.facebook.com/groups/landhomechiangmai/posts/4559264440967832/
landhomechiangmai,https://www.facebook.com/groups/landhomechiangmai/,https://www.facebook.com/groups/landhomechiangmai/posts/4560073487553594/
landhomechiangmai,https://www.facebook.com/groups/landhomechiangmai/,https://www.facebook.com/groups/landhomechiangmai/posts/4560104094217200/
landhomechiangmai,https://www.facebook.com/groups/landhomechiangmai/,https://www.facebook.com/groups/landhomechiangmai/posts/4560185217542421/
landhomechiangmai,https://www.facebook.com/groups/landhomechiangmai/,https://www.facebook.com/groups/landhomechiangmai/posts/4560208407540102/
landhomechiangmai,https://www.facebook.com/groups/landhomechiangmai/,https://www.facebook.com/groups/landhomechiangmai/posts/4559384187622524/
landhomechiangmai,https://www.facebook.com/groups/landhomechiangmai/,https://www.facebook.com/groups/landhomechiangmai/posts/4560013560892920/
landhomechiangmai,https://www.facebook.com/groups/landhomechiangmai/,https://www.facebook.com/groups/landhomechiangmai/posts/4559066547654288/
landhomechiangmai,https://www.facebook.com/groups/landhomechiangmai/,https://www.facebook.com/groups/landhomechiangmai/posts/4560175137543429/
landhomechiangmai,https://www.facebook.com/groups/landhomechiangmai/,https://www.facebook.com/groups/landhomechiangmai/posts/4559928297568113/
landhomechiangmai,https://www.facebook.com/groups/landhomechiangmai/,https://www.facebook.com/groups/landhomechiangmai/posts/4559606567600286/
landhomechiangmai,https://www.facebook.com/groups/landhomechiangmai/,https://www.facebook.com/groups/landhomechiangmai/posts/4560109194216690/
landhomechiangmai,https://www.facebook.com/groups/landhomechiangmai/,https://www.facebook.com/groups/landhomechiangmai/posts/4560052950888981/
landhomechiangmai,https://www.facebook.com/groups/landhomechiangmai/,https://www.facebook.com/groups/landhomechiangmai/posts/4560323824195227/
landhomechiangmai,https://www.facebook.com/groups/landhomechiangmai/,https://www.facebook.com/groups/landhomechiangmai/posts/4560151477545795/
landhomechiangmai,https://www.facebook.com/groups/landhomechiangmai/,https://www.facebook.com/groups/landhomechiangmai/posts/4560291920865084/
landhomechiangmai,https://www.facebook.com/groups/landhomechiangmai/,https://www.facebook.com/groups/landhomechiangmai/posts/4560298064197803/
landhomechiangmai,https://www.facebook.com/groups/landhomechiangmai/,https://www.facebook.com/groups/landhomechiangmai/posts/4559982304229379/
landhomechiangmai,https://www.facebook.com/groups/landhomechiangmai/,https://www.facebook.com/groups/landhomechiangmai/posts/4560319640862312/
landhomechiangmai,https://www.facebook.com/groups/landhomechiangmai/,https://www.facebook.com/groups/landhomechiangmai/posts/4559291450965131/
landhomechiangmai,https://www.facebook.com/groups/landhomechiangmai/,https://www.facebook.com/groups/landhomechiangmai/posts/4560059817554961/
landhomechiangmai,https://www.facebook.com/groups/landhomechiangmai/,https://www.facebook.com/groups/landhomechiangmai/posts/4560058230888453/
landhomechiangmai,https://www.facebook.com/groups/landhomechiangmai/,https://www.facebook.com/groups/landhomechiangmai/posts/4560329834194626/
landhomechiangmai,https://www.facebook.com/groups/landhomechiangmai/,https://www.facebook.com/groups/landhomechiangmai/posts/4559577324269877/
landhomechiangmai,https://www.facebook.com/groups/landhomechiangmai/,https://www.facebook.com/groups/landhomechiangmai/posts/4559103484317261/
landhomechiangmai,https://www.facebook.com/groups/landhomechiangmai/,https://www.facebook.com/groups/landhomechiangmai/posts/4559783814249228/
landhomechiangmai,https://www.facebook.com/groups/landhomechiangmai/,https://www.facebook.com/groups/landhomechiangmai/posts/4559059770988299/
landhomechiangmai,https://www.facebook.com/groups/landhomechiangmai/,https://www.facebook.com/groups/landhomechiangmai/posts/4559947560899520/
landhomechiangmai,https://www.facebook.com/groups/landhomechiangmai/,https://www.facebook.com/groups/landhomechiangmai/posts/4559903424237267/
landhomechiangmai,https://www.facebook.com/groups/landhomechiangmai/,https://www.facebook.com/groups/landhomechiangmai/posts/4560297770864499/
landhomechiangmai,https://www.facebook.com/groups/landhomechiangmai/,https://www.facebook.com/groups/landhomechiangmai/posts/4559843364243273/
landhomechiangmai,https://www.facebook.com/groups/landhomechiangmai/,https://www.facebook.com/groups/landhomechiangmai/posts/4559813970912879/
landhomechiangmai,https://www.facebook.com/groups/landhomechiangmai/,https://www.facebook.com/groups/landhomechiangmai/posts/4560287587532184/
landhomechiangmai,https://www.facebook.com/groups/landhomechiangmai/,https://www.facebook.com/groups/landhomechiangmai/posts/4559567640937512/
landhomechiangmai,https://www.facebook.com/groups/landhomechiangmai/,https://www.facebook.com/groups/landhomechiangmai/posts/4559333734294236/
landhomechiangmai,https://www.facebook.com/groups/landhomechiangmai/,https://www.facebook.com/groups/landhomechiangmai/posts/4559276410966635/
landhomechiangmai,https://www.facebook.com/groups/landhomechiangmai/,https://www.facebook.com/groups/landhomechiangmai/posts/4559444047616538/
landhomechiangmai,https://www.facebook.com/groups/landhomechiangmai/,https://www.facebook.com/groups/landhomechiangmai/posts/4559427334284876/
landhomechiangmai,https://www.facebook.com/groups/landhomechiangmai/,https://www.facebook.com/groups/landhomechiangmai/posts/4560135504214059/
landhomechiangmai,https://www.facebook.com/groups/landhomechiangmai/,https://www.facebook.com/groups/landhomechiangmai/posts/4559312710963005/
landhomechiangmai,https://www.facebook.com/groups/landhomechiangmai/,https://www.facebook.com/groups/landhomechiangmai/posts/4559876377573305/
landhomechiangmai,https://www.facebook.com/groups/landhomechiangmai/,https://www.facebook.com/groups/landhomechiangmai/posts/4559897217571221/
landhomechiangmai,https://www.facebook.com/groups/landhomechiangmai/,https://www.facebook.com/groups/landhomechiangmai/posts/4559822420912034/
landhomechiangmai,https://www.facebook.com/groups/landhomechiangmai/,https://www.facebook.com/groups/landhomechiangmai/posts/4559892214238388/
landhomechiangmai,https://www.facebook.com/groups/landhomechiangmai/,https://www.facebook.com/groups/landhomechiangmai/posts/4559272734300336/
landhomechiangmai,https://www.facebook.com/groups/landhomechiangmai/,https://www.facebook.com/groups/landhomechiangmai/posts/4560277467533196/
landhomechiangmai,https://www.facebook.com/groups/landhomechiangmai/,https://www.facebook.com/groups/landhomechiangmai/posts/4560090010885275/
landhomechiangmai,https://www.facebook.com/groups/landhomechiangmai/,https://www.facebook.com/groups/landhomechiangmai/posts/4560063554221254/
landhomechiangmai,https://www.facebook.com/groups/landhomechiangmai/,https://www.facebook.com/groups/landhomechiangmai/posts/4559330710961205/
landhomechiangmai,https://www.facebook.com/groups/landhomechiangmai/,https://www.facebook.com/groups/landhomechiangmai/posts/4559162760978000/
landhomechiangmai,https://www.facebook.com/groups/landhomechiangmai/,https://www.facebook.com/groups/landhomechiangmai/posts/4559091104318499/
landhomechiangmai,https://www.facebook.com/groups/landhomechiangmai/,https://www.facebook.com/groups/landhomechiangmai/posts/4559070730987203/
landhomechiangmai,https://www.facebook.com/groups/landhomechiangmai/,https://www.facebook.com/groups/landhomechiangmai/posts/4559201747640768/
landhomechiangmai,https://www.facebook.com/groups/landhomechiangmai/,https://www.facebook.com/groups/landhomechiangmai/posts/4560075517553391/
landhomechiangmai,https://www.facebook.com/groups/landhomechiangmai/,https://www.facebook.com/groups/landhomechiangmai/posts/4560133297547613/
landhomechiangmai,https://www.facebook.com/groups/landhomechiangmai/,https://www.facebook.com/groups/landhomechiangmai/posts/4559042020990074/
landhomechiangmai,https://www.facebook.com/groups/landhomechiangmai/,https://www.facebook.com/groups/landhomechiangmai/posts/4559408097620133/
landhomechiangmai,https://www.facebook.com/groups/landhomechiangmai/,https://www.facebook.com/groups/landhomechiangmai/posts/4560068774220732/
landhomechiangmai,https://www.facebook.com/groups/landhomechiangmai/,https://www.facebook.com/groups/landhomechiangmai/posts/4560288380865438/
landhomechiangmai,https://www.facebook.com/groups/landhomechiangmai/,https://www.facebook.com/groups/landhomechiangmai/posts/4559211060973170/
landhomechiangmai,https://www.facebook.com/groups/landhomechiangmai/,https://www.facebook.com/groups/landhomechiangmai/posts/4559308770963399/
landhomechiangmai,https://www.facebook.com/groups/landhomechiangmai/,https://www.facebook.com/groups/landhomechiangmai/posts/4559855044242105/
landhomechiangmai,https://www.facebook.com/groups/landhomechiangmai/,https://www.facebook.com/groups/landhomechiangmai/posts/4559403440953932/
landhomechiangmai,https://www.facebook.com/groups/landhomechiangmai/,https://www.facebook.com/groups/landhomechiangmai/posts/4559097347651208/
landhomechiangmai,https://www.facebook.com/groups/landhomechiangmai/,https://www.facebook.com/groups/landhomechiangmai/posts/4559619734265636/
landhomechiangmai,https://www.facebook.com/groups/landhomechiangmai/,https://www.facebook.com/groups/landhomechiangmai/posts/4560027947558148/
landhomechiangmai,https://www.facebook.com/groups/landhomechiangmai/,https://www.facebook.com/groups/landhomechiangmai/posts/4560299140864362/
landhomechiangmai,https://www.facebook.com/groups/landhomechiangmai/,https://www.facebook.com/groups/landhomechiangmai/posts/4559322000962076/
landhomechiangmai,https://www.facebook.com/groups/landhomechiangmai/,https://www.facebook.com/groups/landhomechiangmai/posts/4559082527652690/
landhomechiangmai,https://www.facebook.com/groups/landhomechiangmai/,https://www.facebook.com/groups/landhomechiangmai/posts/4560317587529184/
landhomechiangmai,https://www.facebook.com/groups/landhomechiangmai/,https://www.facebook.com/groups/landhomechiangmai/posts/4559340927626850/
landhomechiangmai,https://www.facebook.com/groups/landhomechiangmai/,https://www.facebook.com/groups/landhomechiangmai/posts/4560056394221970/
landhomechiangmai,https://www.facebook.com/groups/landhomechiangmai/,https://www.facebook.com/groups/landhomechiangmai/posts/4560317150862561/
landhomechiangmai,https://www.facebook.com/groups/landhomechiangmai/,https://www.facebook.com/groups/landhomechiangmai/posts/4559381380956138/
landhomechiangmai,https://www.facebook.com/groups/landhomechiangmai/,https://www.facebook.com/groups/landhomechiangmai/posts/4560057670888509/
landhomechiangmai,https://www.facebook.com/groups/landhomechiangmai/,https://www.facebook.com/groups/landhomechiangmai/posts/4559916244235985/
landhomechiangmai,https://www.facebook.com/groups/landhomechiangmai/,https://www.facebook.com/groups/landhomechiangmai/posts/4559409370953339/
landhomechiangmai,https://www.facebook.com/groups/landhomechiangmai/,https://www.facebook.com/groups/landhomechiangmai/posts/4559438660950410/
landhomechiangmai,https://www.facebook.com/groups/landhomechiangmai/,https://www.facebook.com/groups/landhomechiangmai/posts/4560134017547541/
landhomechiangmai,https://www.facebook.com/groups/landhomechiangmai/,https://www.facebook.com/groups/landhomechiangmai/posts/4560044927556450/
landhomechiangmai,https://www.facebook.com/groups/landhomechiangmai/,https://www.facebook.com/groups/landhomechiangmai/posts/4559084260985850/
landhomechiangmai,https://www.facebook.com/groups/landhomechiangmai/,https://www.facebook.com/groups/landhomechiangmai/posts/4560135740880702/
landhomechiangmai,https://www.facebook.com/groups/landhomechiangmai/,https://www.facebook.com/groups/landhomechiangmai/posts/4559319574295652/
landhomechiangmai,https://www.facebook.com/groups/landhomechiangmai/,https://www.facebook.com/groups/landhomechiangmai/posts/4560192877541655/
landhomechiangmai,https://www.facebook.com/groups/landhomechiangmai/,https://www.facebook.com/groups/landhomechiangmai/posts/4559289674298642/
landhomechiangmai,https://www.facebook.com/groups/landhomechiangmai/,https://www.facebook.com/groups/landhomechiangmai/posts/4560203650873911/
landhomechiangmai,https://www.facebook.com/groups/landhomechiangmai/,https://www.facebook.com/groups/landhomechiangmai/posts/4559202844307325/
landhomechiangmai,https://www.facebook.com/groups/landhomechiangmai/,https://www.facebook.com/groups/landhomechiangmai/posts/4560131064214503/
landhomechiangmai,https://www.facebook.com/groups/landhomechiangmai/,https://www.facebook.com/groups/landhomechiangmai/posts/4559918127569130/
landhomechiangmai,https://www.facebook.com/groups/landhomechiangmai/,https://www.facebook.com/groups/landhomechiangmai/posts/4559491340945142/
landhomechiangmai,https://www.facebook.com/groups/landhomechiangmai/,https://www.facebook.com/groups/362307990479383/posts/25275368508746653/
landhomechiangmai,https://www.facebook.com/groups/landhomechiangmai/,https://www.facebook.com/groups/landhomechiangmai/posts/4560186950875581/
landhomechiangmai,https://www.facebook.com/groups/landhomechiangmai/,https://www.facebook.com/groups/landhomechiangmai/posts/4559935867567356/
landhomechiangmai,https://www.facebook.com/groups/landhomechiangmai/,https://www.facebook.com/groups/landhomechiangmai/posts/4559845360909740/
landhomechiangmai,https://www.facebook.com/groups/landhomechiangmai/,https://www.facebook.com/groups/landhomechiangmai/posts/4560122910881985/
landhomechiangmai,https://www.facebook.com/groups/landhomechiangmai/,https://www.facebook.com/groups/landhomechiangmai/posts/4559467707614172/
landhomechiangmai,https://www.facebook.com/groups/landhomechiangmai/,https://www.facebook.com/groups/landhomechiangmai/posts/4559932970900979/
landhomechiangmai,https://www.facebook.com/groups/landhomechiangmai/,https://www.facebook.com/groups/landhomechiangmai/posts/4560261107534832/
landhomechiangmai,https://www.facebook.com/groups/landhomechiangmai/,https://www.facebook.com/groups/landhomechiangmai/posts/4559540804273529/
landhomechiangmai,https://www.facebook.com/groups/landhomechiangmai/,https://www.facebook.com/groups/landhomechiangmai/posts/4560081034219506/
landhomechiangmai,https://www.facebook.com/groups/landhomechiangmai/,https://www.facebook.com/groups/landhomechiangmai/posts/4559282514299358/
landhomechiangmai,https://www.facebook.com/groups/landhomechiangmai/,https://www.facebook.com/groups/landhomechiangmai/posts/4559452587615684/
landhomechiangmai,https://www.facebook.com/groups/landhomechiangmai/,https://www.facebook.com/groups/landhomechiangmai/posts/4559924727568470/
landhomechiangmai,https://www.facebook.com/groups/landhomechiangmai/,https://www.facebook.com/groups/landhomechiangmai/posts/4559080904319519/
landhomechiangmai,https://www.facebook.com/groups/landhomechiangmai/,https://www.facebook.com/groups/landhomechiangmai/posts/4560175307543412/
landhomechiangmai,https://www.facebook.com/groups/landhomechiangmai/,https://www.facebook.com/groups/landhomechiangmai/posts/4559027877658155/
landhomechiangmai,https://www.facebook.com/groups/landhomechiangmai/,https://www.facebook.com/groups/landhomechiangmai/posts/4559204200973856/
landhomechiangmai,https://www.facebook.com/groups/landhomechiangmai/,https://www.facebook.com/groups/landhomechiangmai/posts/4560319500862326/
landhomechiangmai,https://www.facebook.com/groups/landhomechiangmai/,https://www.facebook.com/groups/landhomechiangmai/posts/4560270077533935/
landhomechiangmai,https://www.facebook.com/groups/landhomechiangmai/,https://www.facebook.com/groups/landhomechiangmai/posts/4559236087637334/
landhomechiangmai,https://www.facebook.com/groups/landhomechiangmai/,https://www.facebook.com/groups/landhomechiangmai/posts/4559457527615190/
landhomechiangmai,https://www.facebook.com/groups/landhomechiangmai/,https://www.facebook.com/groups/landhomechiangmai/posts/4559043050989971/
landhomechiangmai,https://www.facebook.com/groups/landhomechiangmai/,https://www.facebook.com/groups/landhomechiangmai/posts/4559422747618668/
landhomechiangmai,https://www.facebook.com/groups/landhomechiangmai/,https://www.facebook.com/groups/landhomechiangmai/posts/4559953177565625/
landhomechiangmai,https://www.facebook.com/groups/landhomechiangmai/,https://www.facebook.com/groups/landhomechiangmai/posts/4560256684201941/
landhomechiangmai,https://www.facebook.com/groups/landhomechiangmai/,https://www.facebook.com/groups/landhomechiangmai/posts/4560280487532894/
landhomechiangmai,https://www.facebook.com/groups/landhomechiangmai/,https://www.facebook.com/groups/landhomechiangmai/posts/4560095710884705/
landhomechiangmai,https://www.facebook.com/groups/landhomechiangmai/,https://www.facebook.com/groups/landhomechiangmai/posts/4559068467654096/
landhomechiangmai,https://www.facebook.com/groups/landhomechiangmai/,https://www.facebook.com/groups/landhomechiangmai/posts/4559093497651593/
landhomechiangmai,https://www.facebook.com/groups/landhomechiangmai/,https://www.facebook.com/groups/landhomechiangmai/posts/4559123454315264/
landhomechiangmai,https://www.facebook.com/groups/landhomechiangmai/,https://www.facebook.com/groups/landhomechiangmai/posts/4559198584307751/
landhomechiangmai,https://www.facebook.com/groups/landhomechiangmai/,https://www.facebook.com/groups/landhomechiangmai/posts/4560025640891712/
landhomechiangmai,https://www.facebook.com/groups/landhomechiangmai/,https://www.facebook.com/groups/landhomechiangmai/posts/4559615980932678/
landhomechiangmai,https://www.facebook.com/groups/landhomechiangmai/,https://www.facebook.com/groups/landhomechiangmai/posts/4559823574245252/
landhomechiangmai,https://www.facebook.com/groups/landhomechiangmai/,https://www.facebook.com/groups/landhomechiangmai/posts/4559519740942302/
landhomechiangmai,https://www.facebook.com/groups/landhomechiangmai/,https://www.facebook.com/groups/landhomechiangmai/posts/4559229667637976/
landhomechiangmai,https://www.facebook.com/groups/landhomechiangmai/,https://www.facebook.com/groups/landhomechiangmai/posts/4560228444204765/
landhomechiangmai,https://www.facebook.com/groups/landhomechiangmai/,https://www.facebook.com/groups/landhomechiangmai/posts/4560187617542181/
landhomechiangmai,https://www.facebook.com/groups/landhomechiangmai/,https://www.facebook.com/groups/landhomechiangmai/posts/4559117344315875/
landhomechiangmai,https://www.facebook.com/groups/landhomechiangmai/,https://www.facebook.com/groups/landhomechiangmai/posts/4560118854215724/
landhomechiangmai,https://www.facebook.com/groups/landhomechiangmai/,https://www.facebook.com/groups/landhomechiangmai/posts/4560098190884457/
landhomechiangmai,https://www.facebook.com/groups/landhomechiangmai/,https://www.facebook.com/groups/landhomechiangmai/posts/4559302150964061/
landhomechiangmai,https://www.facebook.com/groups/landhomechiangmai/,https://www.facebook.com/groups/landhomechiangmai/posts/4559900910904185/
landhomechiangmai,https://www.facebook.com/groups/landhomechiangmai/,https://www.facebook.com/groups/landhomechiangmai/posts/4560179637542979/
landhomechiangmai,https://www.facebook.com/groups/landhomechiangmai/,https://www.facebook.com/groups/landhomechiangmai/posts/4559957570898519/
landhomechiangmai,https://www.facebook.com/groups/landhomechiangmai/,https://www.facebook.com/groups/landhomechiangmai/posts/4560036990890577/
landhomechiangmai,https://www.facebook.com/groups/landhomechiangmai/,https://www.facebook.com/groups/landhomechiangmai/posts/4560250257535917/
landhomechiangmai,https://www.facebook.com/groups/landhomechiangmai/,https://www.facebook.com/groups/landhomechiangmai/posts/4560200437540899/
landhomechiangmai,https://www.facebook.com/groups/landhomechiangmai/,https://www.facebook.com/groups/landhomechiangmai/posts/4559925520901724/
landhomechiangmai,https://www.facebook.com/groups/landhomechiangmai/,https://www.facebook.com/groups/landhomechiangmai/posts/4559272617633681/
landhomechiangmai,https://www.facebook.com/groups/landhomechiangmai/,https://www.facebook.com/groups/landhomechiangmai/posts/4559279807632962/
landhomechiangmai,https://www.facebook.com/groups/landhomechiangmai/,https://www.facebook.com/groups/landhomechiangmai/posts/4559053570988919/
landhomechiangmai,https://www.facebook.com/groups/landhomechiangmai/,https://www.facebook.com/groups/landhomechiangmai/posts/4559475470946729/
landhomechiangmai,https://www.facebook.com/groups/landhomechiangmai/,https://www.facebook.com/groups/landhomechiangmai/posts/4559846627576280/
landhomechiangmai,https://www.facebook.com/groups/landhomechiangmai/,https://www.facebook.com/groups/236116797208244/posts/2111240666362505/
landhomechiangmai,https://www.facebook.com/groups/landhomechiangmai/,https://www.facebook.com/groups/landhomechiangmai/posts/4559383607622582/
landhomechiangmai,https://www.facebook.com/groups/landhomechiangmai/,https://www.facebook.com/groups/landhomechiangmai/posts/4559887724238837/
landhomechiangmai,https://www.facebook.com/groups/landhomechiangmai/,https://www.facebook.com/groups/landhomechiangmai/posts/4560102994217310/
landhomechiangmai,https://www.facebook.com/groups/landhomechiangmai/,https://www.facebook.com/groups/landhomechiangmai/posts/4560331450861131/
landhomechiangmai,https://www.facebook.com/groups/landhomechiangmai/,https://www.facebook.com/groups/landhomechiangmai/posts/4559197807641162/
landhomechiangmai,https://www.facebook.com/groups/landhomechiangmai/,https://www.facebook.com/groups/landhomechiangmai/posts/4559314567629486/
landhomechiangmai,https://www.facebook.com/groups/landhomechiangmai/,https://www.facebook.com/groups/landhomechiangmai/posts/4560197650874511/
landhomechiangmai,https://www.facebook.com/groups/landhomechiangmai/,https://www.facebook.com/groups/landhomechiangmai/posts/4559995427561400/
landhomechiangmai,https://www.facebook.com/groups/landhomechiangmai/,https://www.facebook.com/groups/landhomechiangmai/posts/4560181557542787/
landhomechiangmai,https://www.facebook.com/groups/landhomechiangmai/,https://www.facebook.com/groups/landhomechiangmai/posts/4559185824309027/
landhomechiangmai,https://www.facebook.com/groups/landhomechiangmai/,https://www.facebook.com/groups/landhomechiangmai/posts/4559188787642064/
landhomechiangmai,https://www.facebook.com/groups/landhomechiangmai/,https://www.facebook.com/groups/landhomechiangmai/posts/4560059317555011/
landhomechiangmai,https://www.facebook.com/groups/landhomechiangmai/,https://www.facebook.com/groups/landhomechiangmai/posts/4559105040983772/
landhomechiangmai,https://www.facebook.com/groups/landhomechiangmai/,https://www.facebook.com/groups/landhomechiangmai/posts/4559935027567440/
landhomechiangmai,https://www.facebook.com/groups/landhomechiangmai/,https://www.facebook.com/groups/landhomechiangmai/posts/4559027017658241/
landhomechiangmai,https://www.facebook.com/groups/landhomechiangmai/,https://www.facebook.com/groups/landhomechiangmai/posts/4559379057623037/
landhomechiangmai,https://www.facebook.com/groups/landhomechiangmai/,https://www.facebook.com/groups/landhomechiangmai/posts/4559460940948182/
landhomechiangmai,https://www.facebook.com/groups/landhomechiangmai/,https://www.facebook.com/groups/landhomechiangmai/posts/4559957444231865/
landhomechiangmai,https://www.facebook.com/groups/landhomechiangmai/,https://www.facebook.com/groups/landhomechiangmai/posts/4559316504295959/
landhomechiangmai,https://www.facebook.com/groups/landhomechiangmai/,https://www.facebook.com/groups/landhomechiangmai/posts/4559261610968115/
landhomechiangmai,https://www.facebook.com/groups/landhomechiangmai/,https://www.facebook.com/groups/landhomechiangmai/posts/4560273814200228/
landhomechiangmai,https://www.facebook.com/groups/landhomechiangmai/,https://www.facebook.com/groups/landhomechiangmai/posts/4559541437606799/
landhomechiangmai,https://www.facebook.com/groups/landhomechiangmai/,https://www.facebook.com/groups/landhomechiangmai/posts/4560000340894242/
landhomechiangmai,https://www.facebook.com/groups/landhomechiangmai/,https://www.facebook.com/groups/landhomechiangmai/posts/4560206417540301/
landhomechiangmai,https://www.facebook.com/groups/landhomechiangmai/,https://www.facebook.com/groups/landhomechiangmai/posts/4559190664308543/
landhomechiangmai,https://www.facebook.com/groups/landhomechiangmai/,https://www.facebook.com/groups/landhomechiangmai/posts/4559347177626225/
landhomechiangmai,https://www.facebook.com/groups/landhomechiangmai/,https://www.facebook.com/groups/landhomechiangmai/posts/4560326990861577/
landhomechiangmai,https://www.facebook.com/groups/landhomechiangmai/,https://www.facebook.com/groups/landhomechiangmai/posts/4559049434322666/
landhomechiangmai,https://www.facebook.com/groups/landhomechiangmai/,https://www.facebook.com/groups/landhomechiangmai/posts/4560084377552505/
landhomechiangmai,https://www.facebook.com/groups/landhomechiangmai/,https://www.facebook.com/groups/landhomechiangmai/posts/4560082290886047/
landhomechiangmai,https://www.facebook.com/groups/landhomechiangmai/,https://www.facebook.com/groups/landhomechiangmai/posts/4559868134240796/
landhomechiangmai,https://www.facebook.com/groups/landhomechiangmai/,https://www.facebook.com/groups/landhomechiangmai/posts/4559366907624252/
landhomechiangmai,https://www.facebook.com/groups/landhomechiangmai/,https://www.facebook.com/groups/landhomechiangmai/posts/4559043457656597/
landhomechiangmai,https://www.facebook.com/groups/landhomechiangmai/,https://www.facebook.com/groups/landhomechiangmai/posts/4559223524305257/
landhomechiangmai,https://www.facebook.com/groups/landhomechiangmai/,https://www.facebook.com/groups/landhomechiangmai/posts/4559892314238378/
landhomechiangmai,https://www.facebook.com/groups/landhomechiangmai/,https://www.facebook.com/groups/landhomechiangmai/posts/4559258820968394/
landhomechiangmai,https://www.facebook.com/groups/landhomechiangmai/,https://www.facebook.com/groups/landhomechiangmai/posts/4559191770975099/
landhomechiangmai,https://www.facebook.com/groups/landhomechiangmai/,https://www.facebook.com/groups/landhomechiangmai/posts/4560283924199217/
landhomechiangmai,https://www.facebook.com/groups/landhomechiangmai/,https://www.facebook.com/groups/landhomechiangmai/posts/4559237977637145/
landhomechiangmai,https://www.facebook.com/groups/landhomechiangmai/,https://www.facebook.com/groups/landhomechiangmai/posts/4559937524233857/
landhomechiangmai,https://www.facebook.com/groups/landhomechiangmai/,https://www.facebook.com/groups/landhomechiangmai/posts/4559115550982721/
landhomechiangmai,https://www.facebook.com/groups/landhomechiangmai/,https://www.facebook.com/groups/landhomechiangmai/posts/4560142380880038/
landhomechiangmai,https://www.facebook.com/groups/landhomechiangmai/,https://www.facebook.com/groups/landhomechiangmai/posts/4560030340891242/
landhomechiangmai,https://www.facebook.com/groups/landhomechiangmai/,https://www.facebook.com/groups/landhomechiangmai/posts/4559457610948515/
landhomechiangmai,https://www.facebook.com/groups/landhomechiangmai/,https://www.facebook.com/groups/landhomechiangmai/posts/4559956480898628/
landhomechiangmai,https://www.facebook.com/groups/landhomechiangmai/,https://www.facebook.com/groups/landhomechiangmai/posts/4559116254315984/
landhomechiangmai,https://www.facebook.com/groups/landhomechiangmai/,https://www.facebook.com/groups/landhomechiangmai/posts/4560149377546005/
landhomechiangmai,https://www.facebook.com/groups/landhomechiangmai/,https://www.facebook.com/groups/landhomechiangmai/posts/4559236117637331/
landhomechiangmai,https://www.facebook.com/groups/landhomechiangmai/,https://www.facebook.com/groups/landhomechiangmai/posts/4559932027567740/
landhomechiangmai,https://www.facebook.com/groups/landhomechiangmai/,https://www.facebook.com/groups/landhomechiangmai/posts/4559917917569151/
landhomechiangmai,https://www.facebook.com/groups/landhomechiangmai/,https://www.facebook.com/groups/landhomechiangmai/posts/4559254767635466/
landhomechiangmai,https://www.facebook.com/groups/landhomechiangmai/,https://www.facebook.com/groups/landhomechiangmai/posts/4559931974234412/
landhomechiangmai,https://www.facebook.com/groups/landhomechiangmai/,https://www.facebook.com/groups/landhomechiangmai/posts/4560027347558208/
landhomechiangmai,https://www.facebook.com/groups/landhomechiangmai/,https://www.facebook.com/groups/landhomechiangmai/posts/4559041310990145/
landhomechiangmai,https://www.facebook.com/groups/landhomechiangmai/,https://www.facebook.com/groups/landhomechiangmai/posts/4560082400886036/
landhomechiangmai,https://www.facebook.com/groups/landhomechiangmai/,https://www.facebook.com/groups/landhomechiangmai/posts/4559159307645012/
landhomechiangmai,https://www.facebook.com/groups/landhomechiangmai/,https://www.facebook.com/groups/landhomechiangmai/posts/4560139810880295/
landhomechiangmai,https://www.facebook.com/groups/landhomechiangmai/,https://www.facebook.com/groups/landhomechiangmai/posts/4559956384231971/
landhomechiangmai,https://www.facebook.com/groups/landhomechiangmai/,https://www.facebook.com/groups/landhomechiangmai/posts/4559280130966263/
landhomechiangmai,https://www.facebook.com/groups/landhomechiangmai/,https://www.facebook.com/groups/landhomechiangmai/posts/4559839940910282/
landhomechiangmai,https://www.facebook.com/groups/landhomechiangmai/,https://www.facebook.com/groups/landhomechiangmai/posts/4560141484213461/
landhomechiangmai,https://www.facebook.com/groups/landhomechiangmai/,https://www.facebook.com/groups/landhomechiangmai/posts/4560166267544316/
landhomechiangmai,https://www.facebook.com/groups/landhomechiangmai/,https://www.facebook.com/groups/landhomechiangmai/posts/4560275667533376/
landhomechiangmai,https://www.facebook.com/groups/landhomechiangmai/,https://www.facebook.com/groups/landhomechiangmai/posts/4559117867649156/
landhomechiangmai,https://www.facebook.com/groups/landhomechiangmai/,https://www.facebook.com/groups/landhomechiangmai/posts/4559968127564130/
landhomechiangmai,https://www.facebook.com/groups/landhomechiangmai/,https://www.facebook.com/groups/landhomechiangmai/posts/4559507890943487/
landhomechiangmai,https://www.facebook.com/groups/landhomechiangmai/,https://www.facebook.com/groups/landhomechiangmai/posts/4559207644306845/
landhomechiangmai,https://www.facebook.com/groups/landhomechiangmai/,https://www.facebook.com/groups/landhomechiangmai/posts/4560194500874826/
landhomechiangmai,https://www.facebook.com/groups/landhomechiangmai/,https://www.facebook.com/groups/landhomechiangmai/posts/4559119534315656/
landhomechiangmai,https://www.facebook.com/groups/landhomechiangmai/,https://www.facebook.com/groups/landhomechiangmai/posts/4559184734309136/
landhomechiangmai,https://www.facebook.com/groups/landhomechiangmai/,https://www.facebook.com/groups/landhomechiangmai/posts/4559928587568084/
landhomechiangmai,https://www.facebook.com/groups/landhomechiangmai/,https://www.facebook.com/groups/landhomechiangmai/posts/4559183977642545/
landhomechiangmai,https://www.facebook.com/groups/landhomechiangmai/,https://www.facebook.com/groups/landhomechiangmai/posts/4559928674234742/
landhomechiangmai,https://www.facebook.com/groups/landhomechiangmai/,https://www.facebook.com/groups/landhomechiangmai/posts/4559115124316097/
landhomechiangmai,https://www.facebook.com/groups/landhomechiangmai/,https://www.facebook.com/groups/landhomechiangmai/posts/4559084720985804/
landhomechiangmai,https://www.facebook.com/groups/landhomechiangmai/,https://www.facebook.com/groups/landhomechiangmai/posts/4559927624234847/
landhomechiangmai,https://www.facebook.com/groups/landhomechiangmai/,https://www.facebook.com/groups/landhomechiangmai/posts/4560125987548344/
landhomechiangmai,https://www.facebook.com/groups/landhomechiangmai/,https://www.facebook.com/groups/landhomechiangmai/posts/4560247147536228/
landhomechiangmai,https://www.facebook.com/groups/landhomechiangmai/,https://www.facebook.com/groups/landhomechiangmai/posts/4559275857633357/
landhomechiangmai,https://www.facebook.com/groups/landhomechiangmai/,https://www.facebook.com/groups/landhomechiangmai/posts/4560002600894016/
landhomechiangmai,https://www.facebook.com/groups/landhomechiangmai/,https://www.facebook.com/groups/landhomechiangmai/posts/4559082730986003/
landhomechiangmai,https://www.facebook.com/groups/landhomechiangmai/,https://www.facebook.com/groups/landhomechiangmai/posts/4559976344229975/
landhomechiangmai,https://www.facebook.com/groups/landhomechiangmai/,https://www.facebook.com/groups/landhomechiangmai/posts/4559386430955633/
landhomechiangmai,https://www.facebook.com/groups/landhomechiangmai/,https://www.facebook.com/groups/landhomechiangmai/posts/4559931217567821/
landhomechiangmai,https://www.facebook.com/groups/landhomechiangmai/,https://www.facebook.com/groups/landhomechiangmai/posts/4560051190889157/
landhomechiangmai,https://www.facebook.com/groups/landhomechiangmai/,https://www.facebook.com/groups/landhomechiangmai/posts/4559087927652150/
landhomechiangmai,https://www.facebook.com/groups/landhomechiangmai/,https://www.facebook.com/groups/landhomechiangmai/posts/4559976107563332/
landhomechiangmai,https://www.facebook.com/groups/landhomechiangmai/,https://www.facebook.com/groups/landhomechiangmai/posts/4559029417658001/
landhomechiangmai,https://www.facebook.com/groups/landhomechiangmai/,https://www.facebook.com/groups/landhomechiangmai/posts/4559457910948485/
landhomechiangmai,https://www.facebook.com/groups/landhomechiangmai/,https://www.facebook.com/groups/landhomechiangmai/posts/4559036810990595/
landhomechiangmai,https://www.facebook.com/groups/landhomechiangmai/,https://www.facebook.com/groups/landhomechiangmai/posts/4559053870988889/
landhomechiangmai,https://www.facebook.com/groups/landhomechiangmai/,https://www.facebook.com/groups/landhomechiangmai/posts/4559030367657906/
landhomechiangmai,https://www.facebook.com/groups/landhomechiangmai/,https://www.facebook.com/groups/landhomechiangmai/posts/4559042940989982/
landhomechiangmai,https://www.facebook.com/groups/landhomechiangmai/,https://www.facebook.com/groups/landhomechiangmai/posts/4560147537546189/
landhomechiangmai,https://www.facebook.com/groups/landhomechiangmai/,https://www.facebook.com/groups/landhomechiangmai/posts/4559943104233299/
landhomechiangmai,https://www.facebook.com/groups/landhomechiangmai/,https://www.facebook.com/groups/landhomechiangmai/posts/4559189754308634/
landhomechiangmai,https://www.facebook.com/groups/landhomechiangmai/,https://www.facebook.com/groups/landhomechiangmai/posts/4560187717542171/
landhomechiangmai,https://www.facebook.com/groups/landhomechiangmai/,https://www.facebook.com/groups/landhomechiangmai/posts/4560202110874065/
landhomechiangmai,https://www.facebook.com/groups/landhomechiangmai/,https://www.facebook.com/groups/landhomechiangmai/posts/4559214574306152/
landhomechiangmai,https://www.facebook.com/groups/landhomechiangmai/,https://www.facebook.com/groups/landhomechiangmai/posts/4559338254293784/
landhomechiangmai,https://www.facebook.com/groups/landhomechiangmai/,https://www.facebook.com/groups/landhomechiangmai/posts/4559052577655685/
landhomechiangmai,https://www.facebook.com/groups/landhomechiangmai/,https://www.facebook.com/groups/landhomechiangmai/posts/4559026284324981/
landhomechiangmai,https://www.facebook.com/groups/landhomechiangmai/,https://www.facebook.com/groups/landhomechiangmai/posts/4560023464225263/
landhomechiangmai,https://www.facebook.com/groups/landhomechiangmai/,https://www.facebook.com/groups/landhomechiangmai/posts/4559471794280430/
landhomechiangmai,https://www.facebook.com/groups/landhomechiangmai/,https://www.facebook.com/groups/landhomechiangmai/posts/4559432430951033/
landhomechiangmai,https://www.facebook.com/groups/landhomechiangmai/,https://www.facebook.com/groups/landhomechiangmai/posts/4559228590971417/
landhomechiangmai,https://www.facebook.com/groups/landhomechiangmai/,https://www.facebook.com/groups/landhomechiangmai/posts/4559160150978261/
landhomechiangmai,https://www.facebook.com/groups/landhomechiangmai/,https://www.facebook.com/groups/landhomechiangmai/posts/4560108607550082/
landhomechiangmai,https://www.facebook.com/groups/landhomechiangmai/,https://www.facebook.com/groups/landhomechiangmai/posts/4560249437535999/
landhomechiangmai,https://www.facebook.com/groups/landhomechiangmai/,https://www.facebook.com/groups/landhomechiangmai/posts/4559978640896412/
landhomechiangmai,https://www.facebook.com/groups/landhomechiangmai/,https://www.facebook.com/groups/landhomechiangmai/posts/4559074877653455/
landhomechiangmai,https://www.facebook.com/groups/landhomechiangmai/,https://www.facebook.com/groups/landhomechiangmai/posts/4559183064309303/
landhomechiangmai,https://www.facebook.com/groups/landhomechiangmai/,https://www.facebook.com/groups/landhomechiangmai/posts/4559071820987094/
landhomechiangmai,https://www.facebook.com/groups/landhomechiangmai/,https://www.facebook.com/groups/landhomechiangmai/posts/4560040220890254/
landhomechiangmai,https://www.facebook.com/groups/landhomechiangmai/,https://www.facebook.com/groups/landhomechiangmai/posts/4559105687650374/
landhomechiangmai,https://www.facebook.com/groups/landhomechiangmai/,https://www.facebook.com/groups/landhomechiangmai/posts/4560187480875528/
landhomechiangmai,https://www.facebook.com/groups/landhomechiangmai/,https://www.facebook.com/groups/landhomechiangmai/posts/4559028690991407/
landhomechiangmai,https://www.facebook.com/groups/landhomechiangmai/,https://www.facebook.com/groups/landhomechiangmai/posts/4560005630893713/
landhomechiangmai,https://www.facebook.com/groups/landhomechiangmai/,https://www.facebook.com/groups/landhomechiangmai/posts/4559157904311819/
landhomechiangmai,https://www.facebook.com/groups/landhomechiangmai/,https://www.facebook.com/groups/landhomechiangmai/posts/4559119390982337/
landhomechiangmai,https://www.facebook.com/groups/landhomechiangmai/,https://www.facebook.com/groups/landhomechiangmai/posts/4559526867608256/
landhomechiangmai,https://www.facebook.com/groups/landhomechiangmai/,https://www.facebook.com/groups/landhomechiangmai/posts/4559028620991414/
landhomechiangmai,https://www.facebook.com/groups/landhomechiangmai/,https://www.facebook.com/groups/landhomechiangmai/posts/4559154657645477/
landhomechiangmai,https://www.facebook.com/groups/landhomechiangmai/,https://www.facebook.com/groups/landhomechiangmai/posts/4559940037566939/
landhomechiangmai,https://www.facebook.com/groups/landhomechiangmai/,https://www.facebook.com/groups/landhomechiangmai/posts/4559233674304242/
landhomechiangmai,https://www.facebook.com/groups/landhomechiangmai/,https://www.facebook.com/groups/landhomechiangmai/posts/4559047594322850/
landhomechiangmai,https://www.facebook.com/groups/landhomechiangmai/,https://www.facebook.com/groups/landhomechiangmai/posts/4559232720971004/
landhomechiangmai,https://www.facebook.com/groups/landhomechiangmai/,https://www.facebook.com/groups/landhomechiangmai/posts/4559041660990110/
landhomechiangmai,https://www.facebook.com/groups/landhomechiangmai/,https://www.facebook.com/groups/landhomechiangmai/posts/4559332434294366/
landhomechiangmai,https://www.facebook.com/groups/landhomechiangmai/,https://www.facebook.com/groups/landhomechiangmai/posts/4559939854233624/
landhomechiangmai,https://www.facebook.com/groups/landhomechiangmai/,https://www.facebook.com/groups/landhomechiangmai/posts/4559344237626519/
landhomechiangmai,https://www.facebook.com/groups/landhomechiangmai/,https://www.facebook.com/groups/landhomechiangmai/posts/4559061024321507/
landhomechiangmai,https://www.facebook.com/groups/landhomechiangmai/,https://www.facebook.com/groups/landhomechiangmai/posts/4559455640948712/
landhomechiangmai,https://www.facebook.com/groups/landhomechiangmai/,https://www.facebook.com/groups/landhomechiangmai/posts/4559492407611702/
landhomechiangmai,https://www.facebook.com/groups/landhomechiangmai/,https://www.facebook.com/groups/landhomechiangmai/posts/4560077577553185/
landhomechiangmai,https://www.facebook.com/groups/landhomechiangmai/,https://www.facebook.com/groups/landhomechiangmai/posts/4559976574229952/
landhomechiangmai,https://www.facebook.com/groups/landhomechiangmai/,https://www.facebook.com/groups/landhomechiangmai/posts/4559232210971055/
landhomechiangmai,https://www.facebook.com/groups/landhomechiangmai/,https://www.facebook.com/groups/landhomechiangmai/posts/4559097834317826/
landhomechiangmai,https://www.facebook.com/groups/landhomechiangmai/,https://www.facebook.com/groups/landhomechiangmai/posts/4559192290975047/
landhomechiangmai,https://www.facebook.com/groups/landhomechiangmai/,https://www.facebook.com/groups/landhomechiangmai/posts/4559417730952503/
landhomechiangmai,https://www.facebook.com/groups/landhomechiangmai/,https://www.facebook.com/groups/landhomechiangmai/posts/4559045800989696/
landhomechiangmai,https://www.facebook.com/groups/landhomechiangmai/,https://www.facebook.com/groups/landhomechiangmai/posts/4559167947644148/
landhomechiangmai,https://www.facebook.com/groups/landhomechiangmai/,https://www.facebook.com/groups/landhomechiangmai/posts/4559491814278428/
landhomechiangmai,https://www.facebook.com/groups/landhomechiangmai/,https://www.facebook.com/groups/landhomechiangmai/posts/4559120374315572/
landhomechiangmai,https://www.facebook.com/groups/landhomechiangmai/,https://www.facebook.com/groups/landhomechiangmai/posts/4560187397542203/
landhomechiangmai,https://www.facebook.com/groups/landhomechiangmai/,https://www.facebook.com/groups/landhomechiangmai/posts/4559411024286507/
landhomechiangmai,https://www.facebook.com/groups/landhomechiangmai/,https://www.facebook.com/groups/landhomechiangmai/posts/4559478774279732/
landhomechiangmai,https://www.facebook.com/groups/landhomechiangmai/,https://www.facebook.com/groups/landhomechiangmai/posts/4559030460991230/
landhomechiangmai,https://www.facebook.com/groups/landhomechiangmai/,https://www.facebook.com/groups/landhomechiangmai/posts/4560138384213771/
landhomechiangmai,https://www.facebook.com/groups/landhomechiangmai/,https://www.facebook.com/groups/landhomechiangmai/posts/4560190300875246/
landhomechiangmai,https://www.facebook.com/groups/landhomechiangmai/,https://www.facebook.com/groups/landhomechiangmai/posts/4559954674232142/
landhomechiangmai,https://www.facebook.com/groups/landhomechiangmai/,https://www.facebook.com/groups/landhomechiangmai/posts/4559351610959115/
landhomechiangmai,https://www.facebook.com/groups/landhomechiangmai/,https://www.facebook.com/groups/landhomechiangmai/posts/4560176587543284/
landhomechiangmai,https://www.facebook.com/groups/landhomechiangmai/,https://www.facebook.com/groups/landhomechiangmai/posts/4559981370896139/
landhomechiangmai,https://www.facebook.com/groups/landhomechiangmai/,https://www.facebook.com/groups/landhomechiangmai/posts/4559166867644256/
landhomechiangmai,https://www.facebook.com/groups/landhomechiangmai/,https://www.facebook.com/groups/landhomechiangmai/posts/4559058670988409/
landhomechiangmai,https://www.facebook.com/groups/landhomechiangmai/,https://www.facebook.com/groups/landhomechiangmai/posts/4559354200958856/
landhomechiangmai,https://www.facebook.com/groups/landhomechiangmai/,https://www.facebook.com/groups/landhomechiangmai/posts/4559073587653584/
landhomechiangmai,https://www.facebook.com/groups/landhomechiangmai/,https://www.facebook.com/groups/landhomechiangmai/posts/4559455850948691/
landhomechiangmai,https://www.facebook.com/groups/landhomechiangmai/,https://www.facebook.com/groups/landhomechiangmai/posts/4559155404312069/
landhomechiangmai,https://www.facebook.com/groups/landhomechiangmai/,https://www.facebook.com/groups/landhomechiangmai/posts/4559461527614790/
landhomechiangmai,https://www.facebook.com/groups/landhomechiangmai/,https://www.facebook.com/groups/landhomechiangmai/posts/4559035084324101/
landhomechiangmai,https://www.facebook.com/groups/landhomechiangmai/,https://www.facebook.com/groups/landhomechiangmai/posts/4559161794311430/
landhomechiangmai,https://www.facebook.com/groups/landhomechiangmai/,https://www.facebook.com/groups/landhomechiangmai/posts/4560118250882451/
landhomechiangmai,https://www.facebook.com/groups/landhomechiangmai/,https://www.facebook.com/groups/landhomechiangmai/posts/4559926587568284/
landhomechiangmai,https://www.facebook.com/groups/landhomechiangmai/,https://www.facebook.com/groups/landhomechiangmai/posts/4560001277560815/
landhomechiangmai,https://www.facebook.com/groups/landhomechiangmai/,https://www.facebook.com/groups/landhomechiangmai/posts/4559269860967290/
landhomechiangmai,https://www.facebook.com/groups/landhomechiangmai/,https://www.facebook.com/groups/landhomechiangmai/posts/4560087830885493/
landhomechiangmai,https://www.facebook.com/groups/landhomechiangmai/,https://www.facebook.com/groups/landhomechiangmai/posts/4560111380883138/
landhomechiangmai,https://www.facebook.com/groups/landhomechiangmai/,https://www.facebook.com/groups/landhomechiangmai/posts/4559036960990580/
landhomechiangmai,https://www.facebook.com/groups/landhomechiangmai/,https://www.facebook.com/groups/landhomechiangmai/posts/4559448860949390/
landhomechiangmai,https://www.facebook.com/groups/landhomechiangmai/,https://www.facebook.com/groups/landhomechiangmai/posts/4559061067654836/
landhomechiangmai,https://www.facebook.com/groups/landhomechiangmai/,https://www.facebook.com/groups/landhomechiangmai/posts/4559996704227939/
landhomechiangmai,https://www.facebook.com/groups/landhomechiangmai/,https://www.facebook.com/groups/landhomechiangmai/posts/4559284557632487/
landhomechiangmai,https://www.facebook.com/groups/landhomechiangmai/,https://www.facebook.com/groups/landhomechiangmai/posts/4560177724209837/
landhomechiangmai,https://www.facebook.com/groups/landhomechiangmai/,https://www.facebook.com/groups/landhomechiangmai/posts/4560134674214142/
landhomechiangmai,https://www.facebook.com/groups/landhomechiangmai/,https://www.facebook.com/groups/landhomechiangmai/posts/4560161497544793/
landhomechiangmai,https://www.facebook.com/groups/landhomechiangmai/,https://www.facebook.com/groups/landhomechiangmai/posts/4559231070971169/
landhomechiangmai,https://www.facebook.com/groups/landhomechiangmai/,https://www.facebook.com/groups/landhomechiangmai/posts/4559040330990243/
landhomechiangmai,https://www.facebook.com/groups/landhomechiangmai/,https://www.facebook.com/groups/landhomechiangmai/posts/4559051244322485/
landhomechiangmai,https://www.facebook.com/groups/landhomechiangmai/,https://www.facebook.com/groups/landhomechiangmai/posts/4559440147616928/
landhomechiangmai,https://www.facebook.com/groups/landhomechiangmai/,https://www.facebook.com/groups/landhomechiangmai/posts/4559163400977936/
landhomechiangmai,https://www.facebook.com/groups/landhomechiangmai/,https://www.facebook.com/groups/landhomechiangmai/posts/4560018680892408/
landhomechiangmai,https://www.facebook.com/groups/landhomechiangmai/,https://www.facebook.com/groups/landhomechiangmai/posts/4559449554282654/
landhomechiangmai,https://www.facebook.com/groups/landhomechiangmai/,https://www.facebook.com/groups/landhomechiangmai/posts/4559463537614589/
landhomechiangmai,https://www.facebook.com/groups/landhomechiangmai/,https://www.facebook.com/groups/landhomechiangmai/posts/4560087254218884/
landhomechiangmai,https://www.facebook.com/groups/landhomechiangmai/,https://www.facebook.com/groups/landhomechiangmai/posts/4560076084220001/
landhomechiangmai,https://www.facebook.com/groups/landhomechiangmai/,https://www.facebook.com/groups/landhomechiangmai/posts/4559466344280975/
landhomechiangmai,https://www.facebook.com/groups/landhomechiangmai/,https://www.facebook.com/groups/landhomechiangmai/posts/4559032200991056/
landhomechiangmai,https://www.facebook.com/groups/landhomechiangmai/,https://www.facebook.com/groups/landhomechiangmai/posts/4560092070885069/
landhomechiangmai,https://www.facebook.com/groups/landhomechiangmai/,https://www.facebook.com/groups/landhomechiangmai/posts/4559483094279300/
landhomechiangmai,https://www.facebook.com/groups/landhomechiangmai/,https://www.facebook.com/groups/landhomechiangmai/posts/4560079144219695/
landhomechiangmai,https://www.facebook.com/groups/landhomechiangmai/,https://www.facebook.com/groups/landhomechiangmai/posts/4559484314279178/
landhomechiangmai,https://www.facebook.com/groups/landhomechiangmai/,https://www.facebook.com/groups/landhomechiangmai/posts/4559272560967020/
landhomechiangmai,https://www.facebook.com/groups/landhomechiangmai/,https://www.facebook.com/groups/landhomechiangmai/posts/4559289157632027/
landhomechiangmai,https://www.facebook.com/groups/landhomechiangmai/,https://www.facebook.com/groups/landhomechiangmai/posts/4559445140949762/
landhomechiangmai,https://www.facebook.com/groups/landhomechiangmai/,https://www.facebook.com/groups/landhomechiangmai/posts/4560076164219993/
landhomechiangmai,https://www.facebook.com/groups/landhomechiangmai/,https://www.facebook.com/groups/landhomechiangmai/posts/4559441927616750/
landhomechiangmai,https://www.facebook.com/groups/landhomechiangmai/,https://www.facebook.com/groups/landhomechiangmai/posts/4559500307610912/
landhomechiangmai,https://www.facebook.com/groups/landhomechiangmai/,https://www.facebook.com/groups/landhomechiangmai/posts/4559467607614182/
landhomechiangmai,https://www.facebook.com/groups/landhomechiangmai/,https://www.facebook.com/groups/landhomechiangmai/posts/4559465490947727/
landhomechiangmai,https://www.facebook.com/groups/landhomechiangmai/,https://www.facebook.com/groups/landhomechiangmai/posts/4559185294309080/
landhomechiangmai,https://www.facebook.com/groups/landhomechiangmai/,https://www.facebook.com/groups/landhomechiangmai/posts/4560088427552100/
landhomechiangmai,https://www.facebook.com/groups/landhomechiangmai/,https://www.facebook.com/groups/landhomechiangmai/posts/4559468520947424/
landhomechiangmai,https://www.facebook.com/groups/landhomechiangmai/,https://www.facebook.com/groups/landhomechiangmai/posts/4559467167614226/
landhomechiangmai,https://www.facebook.com/groups/landhomechiangmai/,https://www.facebook.com/groups/landhomechiangmai/posts/4559453740948902/
landhomechiangmai,https://www.facebook.com/groups/landhomechiangmai/,https://www.facebook.com/groups/landhomechiangmai/posts/4559453970948879/
landhomechiangmai,https://www.facebook.com/groups/landhomechiangmai/,https://www.facebook.com/groups/landhomechiangmai/posts/4560087720885504/
landhomechiangmai,https://www.facebook.com/groups/landhomechiangmai/,https://www.facebook.com/groups/landhomechiangmai/posts/4560085614219048/
landhomechiangmai,https://www.facebook.com/groups/landhomechiangmai/,https://www.facebook.com/groups/landhomechiangmai/posts/4559468084280801/
landhomechiangmai,https://www.facebook.com/groups/landhomechiangmai/,https://www.facebook.com/groups/landhomechiangmai/posts/4560080727552870/
landhomechiangmai,https://www.facebook.com/groups/landhomechiangmai/,https://www.facebook.com/groups/landhomechiangmai/posts/4560114690882807/
landhomechiangmai,https://www.facebook.com/groups/landhomechiangmai/,https://www.facebook.com/groups/landhomechiangmai/posts/4559485560945720/
landhomechiangmai,https://www.facebook.com/groups/landhomechiangmai/,https://www.facebook.com/groups/landhomechiangmai/posts/4560016120892664/
landhomechiangmai,https://www.facebook.com/groups/landhomechiangmai/,https://www.facebook.com/groups/landhomechiangmai/posts/4559024890991787/
landhomechiangmai,https://www.facebook.com/groups/landhomechiangmai/,https://www.facebook.com/groups/landhomechiangmai/posts/4560140084213601/
landhomechiangmai,https://www.facebook.com/groups/landhomechiangmai/,https://www.facebook.com/groups/landhomechiangmai/posts/4559017190992557/
landhomechiangmai,https://www.facebook.com/groups/landhomechiangmai/,https://www.facebook.com/groups/landhomechiangmai/posts/4559016244325985/
landhomechiangmai,https://www.facebook.com/groups/landhomechiangmai/,https://www.facebook.com/groups/landhomechiangmai/posts/4559015540992722/
landhomechiangmai,https://www.facebook.com/groups/landhomechiangmai/,https://www.facebook.com/groups/landhomechiangmai/posts/4559024424325167/
landhomechiangmai,https://www.facebook.com/groups/landhomechiangmai/,https://www.facebook.com/groups/landhomechiangmai/posts/4559023204325289/
landhomechiangmai,https://www.facebook.com/groups/landhomechiangmai/,https://www.facebook.com/groups/landhomechiangmai/posts/4559020520992224/
landhomechiangmai,https://www.facebook.com/groups/landhomechiangmai/,https://www.facebook.com/groups/landhomechiangmai/posts/4559013974326212/
landhomechiangmai,https://www.facebook.com/groups/landhomechiangmai/,https://www.facebook.com/groups/landhomechiangmai/posts/4559012530993023/
landhomechiangmai,https://www.facebook.com/groups/landhomechiangmai/,https://www.facebook.com/groups/landhomechiangmai/posts/4559012160993060/
landhomechiangmai,https://www.facebook.com/groups/landhomechiangmai/,https://www.facebook.com/groups/landhomechiangmai/posts/4559011357659807/
landhomechiangmai,https://www.facebook.com/groups/landhomechiangmai/,https://www.facebook.com/groups/landhomechiangmai/posts/4559008867660056/
landhomechiangmai,https://www.facebook.com/groups/landhomechiangmai/,https://www.facebook.com/groups/landhomechiangmai/posts/4559008414326768/
landhomechiangmai,https://www.facebook.com/groups/landhomechiangmai/,https://www.facebook.com/groups/landhomechiangmai/posts/4559003270993949/
landhomechiangmai,https://www.facebook.com/groups/landhomechiangmai/,https://www.facebook.com/groups/landhomechiangmai/posts/4559007054326904/
landhomechiangmai,https://www.facebook.com/groups/landhomechiangmai/,https://www.facebook.com/groups/landhomechiangmai/posts/4559005737660369/
landhomechiangmai,https://www.facebook.com/groups/landhomechiangmai/,https://www.facebook.com/groups/landhomechiangmai/posts/4559005100993766/
landhomechiangmai,https://www.facebook.com/groups/landhomechiangmai/,https://www.facebook.com/groups/landhomechiangmai/posts/4559004834327126/
landhomechiangmai,https://www.facebook.com/groups/landhomechiangmai/,https://www.facebook.com/groups/landhomechiangmai/posts/4559003664327243/
landhomechiangmai,https://www.facebook.com/groups/landhomechiangmai/,https://www.facebook.com/groups/landhomechiangmai/posts/4559002730994003/
landhomechiangmai,https://www.facebook.com/groups/landhomechiangmai/,https://www.facebook.com/groups/landhomechiangmai/posts/4559000750994201/
landhomechiangmai,https://www.facebook.com/groups/landhomechiangmai/,https://www.facebook.com/groups/landhomechiangmai/posts/4558999597660983/
landhomechiangmai,https://www.facebook.com/groups/landhomechiangmai/,https://www.facebook.com/groups/landhomechiangmai/posts/4558999424327667/
landhomechiangmai,https://www.facebook.com/groups/landhomechiangmai/,https://www.facebook.com/groups/landhomechiangmai/posts/4558999127661030/
landhomechiangmai,https://www.facebook.com/groups/landhomechiangmai/,https://www.facebook.com/groups/landhomechiangmai/posts/4558997524327857/
landhomechiangmai,https://www.facebook.com/groups/landhomechiangmai/,https://www.facebook.com/groups/landhomechiangmai/posts/4558994387661504/
landhomechiangmai,https://www.facebook.com/groups/landhomechiangmai/,https://www.facebook.com/groups/landhomechiangmai/posts/4558992767661666/
landhomechiangmai,https://www.facebook.com/groups/landhomechiangmai/,https://www.facebook.com/groups/landhomechiangmai/posts/4558992474328362/
landhomechiangmai,https://www.facebook.com/groups/landhomechiangmai/,https://www.facebook.com/groups/landhomechiangmai/posts/4558996757661267/
landhomechiangmai,https://www.facebook.com/groups/landhomechiangmai/,https://www.facebook.com/groups/landhomechiangmai/posts/4558995984328011/
landhomechiangmai,https://www.facebook.com/groups/landhomechiangmai/,https://www.facebook.com/groups/landhomechiangmai/posts/4558995354328074/
landhomechiangmai,https://www.facebook.com/groups/landhomechiangmai/,https://www.facebook.com/groups/landhomechiangmai/posts/4558992337661709/
landhomechiangmai,https://www.facebook.com/groups/landhomechiangmai/,https://www.facebook.com/groups/landhomechiangmai/posts/4558992124328397/
landhomechiangmai,https://www.facebook.com/groups/landhomechiangmai/,https://www.facebook.com/groups/landhomechiangmai/posts/4558990897661853/
landhomechiangmai,https://www.facebook.com/groups/landhomechiangmai/,https://www.facebook.com/groups/landhomechiangmai/posts/4558987257662217/
landhomechiangmai,https://www.facebook.com/groups/landhomechiangmai/,https://www.facebook.com/groups/landhomechiangmai/posts/4558990670995209/
landhomechiangmai,https://www.facebook.com/groups/landhomechiangmai/,https://www.facebook.com/groups/landhomechiangmai/posts/4558990284328581/
landhomechiangmai,https://www.facebook.com/groups/landhomechiangmai/,https://www.facebook.com/groups/landhomechiangmai/posts/4558988570995419/
landhomechiangmai,https://www.facebook.com/groups/landhomechiangmai/,https://www.facebook.com/groups/landhomechiangmai/posts/4558988477662095/
landhomechiangmai,https://www.facebook.com/groups/landhomechiangmai/,https://www.facebook.com/groups/landhomechiangmai/posts/4558983664329243/
landhomechiangmai,https://www.facebook.com/groups/landhomechiangmai/,https://www.facebook.com/groups/landhomechiangmai/posts/4558982980995978/
landhomechiangmai,https://www.facebook.com/groups/landhomechiangmai/,https://www.facebook.com/groups/landhomechiangmai/posts/4558987184328891/
landhomechiangmai,https://www.facebook.com/groups/landhomechiangmai/,https://www.facebook.com/groups/landhomechiangmai/posts/4558986954328914/
landhomechiangmai,https://www.facebook.com/groups/landhomechiangmai/,https://www.facebook.com/groups/landhomechiangmai/posts/4558986470995629/
landhomechiangmai,https://www.facebook.com/groups/landhomechiangmai/,https://www.facebook.com/groups/landhomechiangmai/posts/4558979854329624/
landhomechiangmai,https://www.facebook.com/groups/landhomechiangmai/,https://www.facebook.com/groups/landhomechiangmai/posts/4558979450996331/
landhomechiangmai,https://www.facebook.com/groups/landhomechiangmai/,https://www.facebook.com/groups/landhomechiangmai/posts/4558985557662387/
landhomechiangmai,https://www.facebook.com/groups/landhomechiangmai/,https://www.facebook.com/groups/landhomechiangmai/posts/4558978887663054/
landhomechiangmai,https://www.facebook.com/groups/landhomechiangmai/,https://www.facebook.com/groups/landhomechiangmai/posts/4558977674329842/
landhomechiangmai,https://www.facebook.com/groups/landhomechiangmai/,https://www.facebook.com/groups/landhomechiangmai/posts/4558981450996131/
landhomechiangmai,https://www.facebook.com/groups/landhomechiangmai/,https://www.facebook.com/groups/landhomechiangmai/posts/4558980977662845/
landhomechiangmai,https://www.facebook.com/groups/landhomechiangmai/,https://www.facebook.com/groups/landhomechiangmai/posts/4558974044330205/
landhomechiangmai,https://www.facebook.com/groups/landhomechiangmai/,https://www.facebook.com/groups/landhomechiangmai/posts/4558972820996994/
landhomechiangmai,https://www.facebook.com/groups/landhomechiangmai/,https://www.facebook.com/groups/landhomechiangmai/posts/4558972487663694/
landhomechiangmai,https://www.facebook.com/groups/landhomechiangmai/,https://www.facebook.com/groups/landhomechiangmai/posts/4558975197663423/
landhomechiangmai,https://www.facebook.com/groups/landhomechiangmai/,https://www.facebook.com/groups/landhomechiangmai/posts/4558974994330110/
landhomechiangmai,https://www.facebook.com/groups/landhomechiangmai/,https://www.facebook.com/groups/landhomechiangmai/posts/4558974777663465/
landhomechiangmai,https://www.facebook.com/groups/landhomechiangmai/,https://www.facebook.com/groups/landhomechiangmai/posts/4558974207663522/
landhomechiangmai,https://www.facebook.com/groups/landhomechiangmai/,https://www.facebook.com/groups/landhomechiangmai/posts/4558968384330771/
landhomechiangmai,https://www.facebook.com/groups/landhomechiangmai/,https://www.facebook.com/groups/landhomechiangmai/posts/4558968320997444/
landhomechiangmai,https://www.facebook.com/groups/landhomechiangmai/,https://www.facebook.com/groups/landhomechiangmai/posts/4558965874331022/
landhomechiangmai,https://www.facebook.com/groups/landhomechiangmai/,https://www.facebook.com/groups/landhomechiangmai/posts/4558964994331110/
landhomechiangmai,https://www.facebook.com/groups/landhomechiangmai/,https://www.facebook.com/groups/landhomechiangmai/posts/4558969774330632/
landhomechiangmai,https://www.facebook.com/groups/landhomechiangmai/,https://www.facebook.com/groups/landhomechiangmai/posts/4558967567664186/
landhomechiangmai,https://www.facebook.com/groups/landhomechiangmai/,https://www.facebook.com/groups/landhomechiangmai/posts/4558961657664777/
landhomechiangmai,https://www.facebook.com/groups/landhomechiangmai/,https://www.facebook.com/groups/landhomechiangmai/posts/4558960200998256/
landhomechiangmai,https://www.facebook.com/groups/landhomechiangmai/,https://www.facebook.com/groups/landhomechiangmai/posts/4558953277665615/
landhomechiangmai,https://www.facebook.com/groups/landhomechiangmai/,https://www.facebook.com/groups/landhomechiangmai/posts/4558956837665259/
landhomechiangmai,https://www.facebook.com/groups/landhomechiangmai/,https://www.facebook.com/groups/landhomechiangmai/posts/4558956117665331/
landhomechiangmai,https://www.facebook.com/groups/landhomechiangmai/,https://www.facebook.com/groups/landhomechiangmai/posts/4558955327665410/
landhomechiangmai,https://www.facebook.com/groups/landhomechiangmai/,https://www.facebook.com/groups/landhomechiangmai/posts/4558953454332264/
landhomechiangmai,https://www.facebook.com/groups/landhomechiangmai/,https://www.facebook.com/groups/landhomechiangmai/posts/4558951034332506/
landhomechiangmai,https://www.facebook.com/groups/landhomechiangmai/,https://www.facebook.com/groups/landhomechiangmai/posts/4558949884332621/
landhomechiangmai,https://www.facebook.com/groups/landhomechiangmai/,https://www.facebook.com/groups/landhomechiangmai/posts/4558953197665623/
landhomechiangmai,https://www.facebook.com/groups/landhomechiangmai/,https://www.facebook.com/groups/landhomechiangmai/posts/4558952797665663/
landhomechiangmai,https://www.facebook.com/groups/landhomechiangmai/,https://www.facebook.com/groups/landhomechiangmai/posts/4558949414332668/
landhomechiangmai,https://www.facebook.com/groups/landhomechiangmai/,https://www.facebook.com/groups/landhomechiangmai/posts/4558947537666189/
landhomechiangmai,https://www.facebook.com/groups/landhomechiangmai/,https://www.facebook.com/groups/landhomechiangmai/posts/4558947497666193/
landhomechiangmai,https://www.facebook.com/groups/landhomechiangmai/,https://www.facebook.com/groups/landhomechiangmai/posts/4558945887666354/
landhomechiangmai,https://www.facebook.com/groups/landhomechiangmai/,https://www.facebook.com/groups/landhomechiangmai/posts/4558944380999838/
landhomechiangmai,https://www.facebook.com/groups/landhomechiangmai/,https://www.facebook.com/groups/landhomechiangmai/posts/4558941641000112/
landhomechiangmai,https://www.facebook.com/groups/landhomechiangmai/,https://www.facebook.com/groups/landhomechiangmai/posts/4558911611003115/
landhomechiangmai,https://www.facebook.com/groups/landhomechiangmai/,https://www.facebook.com/groups/landhomechiangmai/posts/4558937991000477/
landhomechiangmai,https://www.facebook.com/groups/landhomechiangmai/,https://www.facebook.com/groups/landhomechiangmai/posts/4558935301000746/
landhomechiangmai,https://www.facebook.com/groups/landhomechiangmai/,https://www.facebook.com/groups/landhomechiangmai/posts/4558921847668758/
landhomechiangmai,https://www.facebook.com/groups/landhomechiangmai/,https://www.facebook.com/groups/landhomechiangmai/posts/4558921194335490/
landhomechiangmai,https://www.facebook.com/groups/landhomechiangmai/,https://www.facebook.com/groups/landhomechiangmai/posts/4558907927670150/
landhomechiangmai,https://www.facebook.com/groups/landhomechiangmai/,https://www.facebook.com/groups/landhomechiangmai/posts/4558906491003627/
landhomechiangmai,https://www.facebook.com/groups/landhomechiangmai/,https://www.facebook.com/groups/landhomechiangmai/posts/4558915117669431/
landhomechiangmai,https://www.facebook.com/groups/landhomechiangmai/,https://www.facebook.com/groups/landhomechiangmai/posts/4558914821002794/
landhomechiangmai,https://www.facebook.com/groups/landhomechiangmai/,https://www.facebook.com/groups/landhomechiangmai/posts/4558909354336674/
landhomechiangmai,https://www.facebook.com/groups/landhomechiangmai/,https://www.facebook.com/groups/landhomechiangmai/posts/4558904961003780/
landhomechiangmai,https://www.facebook.com/groups/landhomechiangmai/,https://www.facebook.com/groups/landhomechiangmai/posts/4558903937670549/
landhomechiangmai,https://www.facebook.com/groups/landhomechiangmai/,https://www.facebook.com/groups/landhomechiangmai/posts/4558901001004176/
landhomechiangmai,https://www.facebook.com/groups/landhomechiangmai/,https://www.facebook.com/groups/landhomechiangmai/posts/4558897304337879/
landhomechiangmai,https://www.facebook.com/groups/landhomechiangmai/,https://www.facebook.com/groups/landhomechiangmai/posts/4558896967671246/
landhomechiangmai,https://www.facebook.com/groups/landhomechiangmai/,https://www.facebook.com/groups/landhomechiangmai/posts/4558895824338027/
landhomechiangmai,https://www.facebook.com/groups/landhomechiangmai/,https://www.facebook.com/groups/landhomechiangmai/posts/4558890417671901/
landhomechiangmai,https://www.facebook.com/groups/landhomechiangmai/,https://www.facebook.com/groups/landhomechiangmai/posts/4558889501005326/
landhomechiangmai,https://www.facebook.com/groups/landhomechiangmai/,https://www.facebook.com/groups/landhomechiangmai/posts/4558888464338763/
landhomechiangmai,https://www.facebook.com/groups/landhomechiangmai/,https://www.facebook.com/groups/landhomechiangmai/posts/4558887047672238/
landhomechiangmai,https://www.facebook.com/groups/landhomechiangmai/,https://www.facebook.com/groups/landhomechiangmai/posts/4558883554339254/
landhomechiangmai,https://www.facebook.com/groups/landhomechiangmai/,https://www.facebook.com/groups/landhomechiangmai/posts/4558882097672733/
landhomechiangmai,https://www.facebook.com/groups/landhomechiangmai/,https://www.facebook.com/groups/landhomechiangmai/posts/4558859627674980/
landhomechiangmai,https://www.facebook.com/groups/landhomechiangmai/,https://www.facebook.com/groups/landhomechiangmai/posts/4558859587674984/
landhomechiangmai,https://www.facebook.com/groups/landhomechiangmai/,https://www.facebook.com/groups/landhomechiangmai/posts/4558882031006073/
landhomechiangmai,https://www.facebook.com/groups/landhomechiangmai/,https://www.facebook.com/groups/landhomechiangmai/posts/4558875871006689/
landhomechiangmai,https://www.facebook.com/groups/landhomechiangmai/,https://www.facebook.com/groups/landhomechiangmai/posts/4558872127673730/
landhomechiangmai,https://www.facebook.com/groups/landhomechiangmai/,https://www.facebook.com/groups/landhomechiangmai/posts/4558862951007981/
landhomechiangmai,https://www.facebook.com/groups/landhomechiangmai/,https://www.facebook.com/groups/landhomechiangmai/posts/4558856361008640/
landhomechiangmai,https://www.facebook.com/groups/landhomechiangmai/,https://www.facebook.com/groups/landhomechiangmai/posts/4558856134341996/
landhomechiangmai,https://www.facebook.com/groups/landhomechiangmai/,https://www.facebook.com/groups/landhomechiangmai/posts/4558850731009203/
landhomechiangmai,https://www.facebook.com/groups/landhomechiangmai/,https://www.facebook.com/groups/landhomechiangmai/posts/4558858727675070/
landhomechiangmai,https://www.facebook.com/groups/landhomechiangmai/,https://www.facebook.com/groups/landhomechiangmai/posts/4558858107675132/
landhomechiangmai,https://www.facebook.com/groups/landhomechiangmai/,https://www.facebook.com/groups/landhomechiangmai/posts/4558856861008590/
landhomechiangmai,https://www.facebook.com/groups/landhomechiangmai/,https://www.facebook.com/groups/landhomechiangmai/posts/4558839194343690/
landhomechiangmai,https://www.facebook.com/groups/landhomechiangmai/,https://www.facebook.com/groups/landhomechiangmai/posts/4558849977675945/
landhomechiangmai,https://www.facebook.com/groups/landhomechiangmai/,https://www.facebook.com/groups/landhomechiangmai/posts/4558836624343947/
landhomechiangmai,https://www.facebook.com/groups/landhomechiangmai/,https://www.facebook.com/groups/landhomechiangmai/posts/4558835904344019/
landhomechiangmai,https://www.facebook.com/groups/landhomechiangmai/,https://www.facebook.com/groups/landhomechiangmai/posts/4558843487676594/
landhomechiangmai,https://www.facebook.com/groups/landhomechiangmai/,https://www.facebook.com/groups/landhomechiangmai/posts/4558842677676675/
landhomechiangmai,https://www.facebook.com/groups/landhomechiangmai/,https://www.facebook.com/groups/landhomechiangmai/posts/4558840667676876/
landhomechiangmai,https://www.facebook.com/groups/landhomechiangmai/,https://www.facebook.com/groups/landhomechiangmai/posts/4558821294345480/
landhomechiangmai,https://www.facebook.com/groups/landhomechiangmai/,https://www.facebook.com/groups/landhomechiangmai/posts/4558820321012244/
landhomechiangmai,https://www.facebook.com/groups/landhomechiangmai/,https://www.facebook.com/groups/landhomechiangmai/posts/4558833537677589/
landhomechiangmai,https://www.facebook.com/groups/landhomechiangmai/,https://www.facebook.com/groups/landhomechiangmai/posts/4558819507678992/
landhomechiangmai,https://www.facebook.com/groups/landhomechiangmai/,https://www.facebook.com/groups/landhomechiangmai/posts/4558816781012598/
landhomechiangmai,https://www.facebook.com/groups/landhomechiangmai/,https://www.facebook.com/groups/landhomechiangmai/posts/4558816747679268/
landhomechiangmai,https://www.facebook.com/groups/landhomechiangmai/,https://www.facebook.com/groups/landhomechiangmai/posts/4558831284344481/
landhomechiangmai,https://www.facebook.com/groups/landhomechiangmai/,https://www.facebook.com/groups/landhomechiangmai/posts/4558825177678425/
landhomechiangmai,https://www.facebook.com/groups/landhomechiangmai/,https://www.facebook.com/groups/landhomechiangmai/posts/4558813261012950/
landhomechiangmai,https://www.facebook.com/groups/landhomechiangmai/,https://www.facebook.com/groups/landhomechiangmai/posts/4558814397679503/
landhomechiangmai,https://www.facebook.com/groups/landhomechiangmai/,https://www.facebook.com/groups/landhomechiangmai/posts/4558811567679786/
landhomechiangmai,https://www.facebook.com/groups/landhomechiangmai/,https://www.facebook.com/groups/landhomechiangmai/posts/4558810217679921/
landhomechiangmai,https://www.facebook.com/groups/landhomechiangmai/,https://www.facebook.com/groups/landhomechiangmai/posts/4558810011013275/
landhomechiangmai,https://www.facebook.com/groups/landhomechiangmai/,https://www.facebook.com/groups/landhomechiangmai/posts/4558807801013496/
landhomechiangmai,https://www.facebook.com/groups/landhomechiangmai/,https://www.facebook.com/groups/landhomechiangmai/posts/4558790871015189/
landhomechiangmai,https://www.facebook.com/groups/landhomechiangmai/,https://www.facebook.com/groups/landhomechiangmai/posts/4558788501015426/
landhomechiangmai,https://www.facebook.com/groups/landhomechiangmai/,https://www.facebook.com/groups/landhomechiangmai/posts/4558804044347205/
landhomechiangmai,https://www.facebook.com/groups/landhomechiangmai/,https://www.facebook.com/groups/landhomechiangmai/posts/4558803414347268/
landhomechiangmai,https://www.facebook.com/groups/landhomechiangmai/,https://www.facebook.com/groups/landhomechiangmai/posts/4558784011015875/
landhomechiangmai,https://www.facebook.com/groups/landhomechiangmai/,https://www.facebook.com/groups/landhomechiangmai/posts/4558802981013978/
landhomechiangmai,https://www.facebook.com/groups/landhomechiangmai/,https://www.facebook.com/groups/landhomechiangmai/posts/4558796027681340/
landhomechiangmai,https://www.facebook.com/groups/landhomechiangmai/,https://www.facebook.com/groups/landhomechiangmai/posts/4558762817684661/
landhomechiangmai,https://www.facebook.com/groups/landhomechiangmai/,https://www.facebook.com/groups/landhomechiangmai/posts/4558786337682309/
landhomechiangmai,https://www.facebook.com/groups/landhomechiangmai/,https://www.facebook.com/groups/landhomechiangmai/posts/4558784247682518/
landhomechiangmai,https://www.facebook.com/groups/landhomechiangmai/,https://www.facebook.com/groups/landhomechiangmai/posts/4558780774349532/
landhomechiangmai,https://www.facebook.com/groups/landhomechiangmai/,https://www.facebook.com/groups/landhomechiangmai/posts/4558765277684415/
landhomechiangmai,https://www.facebook.com/groups/landhomechiangmai/,https://www.facebook.com/groups/landhomechiangmai/posts/4558760901018186/
landhomechiangmai,https://www.facebook.com/groups/landhomechiangmai/,https://www.facebook.com/groups/landhomechiangmai/posts/4558754514352158/
landhomechiangmai,https://www.facebook.com/groups/landhomechiangmai/,https://www.facebook.com/groups/landhomechiangmai/posts/4558744881019788/
landhomechiangmai,https://www.facebook.com/groups/landhomechiangmai/,https://www.facebook.com/groups/landhomechiangmai/posts/4558723431021933/
landhomechiangmai,https://www.facebook.com/groups/landhomechiangmai/,https://www.facebook.com/groups/landhomechiangmai/posts/4558739971020279/
landhomechiangmai,https://www.facebook.com/groups/landhomechiangmai/,https://www.facebook.com/groups/landhomechiangmai/posts/4558729647687978/
landhomechiangmai,https://www.facebook.com/groups/landhomechiangmai/,https://www.facebook.com/groups/landhomechiangmai/posts/4558728967688046/
landhomechiangmai,https://www.facebook.com/groups/landhomechiangmai/,https://www.facebook.com/groups/landhomechiangmai/posts/4558728217688121/
landhomechiangmai,https://www.facebook.com/groups/landhomechiangmai/,https://www.facebook.com/groups/landhomechiangmai/posts/4558722304355379/
landhomechiangmai,https://www.facebook.com/groups/landhomechiangmai/,https://www.facebook.com/groups/landhomechiangmai/posts/4558721151022161/
landhomechiangmai,https://www.facebook.com/groups/landhomechiangmai/,https://www.facebook.com/groups/landhomechiangmai/posts/4558719807688962/
landhomechiangmai,https://www.facebook.com/groups/landhomechiangmai/,https://www.facebook.com/groups/landhomechiangmai/posts/4558724807688462/
landhomechiangmai,https://www.facebook.com/groups/landhomechiangmai/,https://www.facebook.com/groups/landhomechiangmai/posts/4558715871022689/
landhomechiangmai,https://www.facebook.com/groups/landhomechiangmai/,https://www.facebook.com/groups/landhomechiangmai/posts/4558574734370136/
landhomechiangmai,https://www.facebook.com/groups/landhomechiangmai/,https://www.facebook.com/groups/landhomechiangmai/posts/4558560421038234/
landhomechiangmai,https://www.facebook.com/groups/landhomechiangmai/,https://www.facebook.com/groups/landhomechiangmai/posts/4558560061038270/
landhomechiangmai,https://www.facebook.com/groups/landhomechiangmai/,https://www.facebook.com/groups/landhomechiangmai/posts/4558552094372400/
landhomechiangmai,https://www.facebook.com/groups/landhomechiangmai/,https://www.facebook.com/groups/landhomechiangmai/posts/4558483621045914/
landhomechiangmai,https://www.facebook.com/groups/landhomechiangmai/,https://www.facebook.com/groups/landhomechiangmai/posts/4558449837715959/
landhomechiangmai,https://www.facebook.com/groups/landhomechiangmai/,https://www.facebook.com/groups/landhomechiangmai/posts/4558440521050224/
landhomechiangmai,https://www.facebook.com/groups/landhomechiangmai/,https://www.facebook.com/groups/landhomechiangmai/posts/4558427001051576/
landhomechiangmai,https://www.facebook.com/groups/landhomechiangmai/,https://www.facebook.com/groups/landhomechiangmai/posts/4558375941056682/
landhomechiangmai,https://www.facebook.com/groups/landhomechiangmai/,https://www.facebook.com/groups/landhomechiangmai/posts/4558420941052182/
landhomechiangmai,https://www.facebook.com/groups/landhomechiangmai/,https://www.facebook.com/groups/landhomechiangmai/posts/4558418614385748/
landhomechiangmai,https://www.facebook.com/groups/landhomechiangmai/,https://www.facebook.com/groups/landhomechiangmai/posts/4558414101052866/
landhomechiangmai,https://www.facebook.com/groups/landhomechiangmai/,https://www.facebook.com/groups/landhomechiangmai/posts/4558405571053719/
landhomechiangmai,https://www.facebook.com/groups/landhomechiangmai/,https://www.facebook.com/groups/landhomechiangmai/posts/4558377891056487/
landhomechiangmai,https://www.facebook.com/groups/landhomechiangmai/,https://www.facebook.com/groups/landhomechiangmai/posts/4558368311057445/
landhomechiangmai,https://www.facebook.com/groups/landhomechiangmai/,https://www.facebook.com/groups/landhomechiangmai/posts/4558361591058117/
landhomechiangmai,https://www.facebook.com/groups/landhomechiangmai/,https://www.facebook.com/groups/landhomechiangmai/posts/4558358234391786/
landhomechiangmai,https://www.facebook.com/groups/landhomechiangmai/,https://www.facebook.com/groups/landhomechiangmai/posts/4558339127727030/
landhomechiangmai,https://www.facebook.com/groups/landhomechiangmai/,https://www.facebook.com/groups/landhomechiangmai/posts/4558357557725187/
landhomechiangmai,https://www.facebook.com/groups/landhomechiangmai/,https://www.facebook.com/groups/landhomechiangmai/posts/4558345537726389/
landhomechiangmai,https://www.facebook.com/groups/landhomechiangmai/,https://www.facebook.com/groups/landhomechiangmai/posts/4558341947726748/
landhomechiangmai,https://www.facebook.com/groups/landhomechiangmai/,https://www.facebook.com/groups/landhomechiangmai/posts/4558341094393500/
landhomechiangmai,https://www.facebook.com/groups/landhomechiangmai/,https://www.facebook.com/groups/landhomechiangmai/posts/4558340527726890/
landhomechiangmai,https://www.facebook.com/groups/landhomechiangmai/,https://www.facebook.com/groups/landhomechiangmai/posts/4558337084393901/
landhomechiangmai,https://www.facebook.com/groups/landhomechiangmai/,https://www.facebook.com/groups/landhomechiangmai/posts/4558333517727591/
landhomechiangmai,https://www.facebook.com/groups/landhomechiangmai/,https://www.facebook.com/groups/landhomechiangmai/posts/4558332057727737/
landhomechiangmai,https://www.facebook.com/groups/landhomechiangmai/,https://www.facebook.com/groups/landhomechiangmai/posts/4558322677728675/
landhomechiangmai,https://www.facebook.com/groups/landhomechiangmai/,https://www.facebook.com/groups/landhomechiangmai/posts/4558307314396878/
landhomechiangmai,https://www.facebook.com/groups/landhomechiangmai/,https://www.facebook.com/groups/landhomechiangmai/posts/4558306844396925/
landhomechiangmai,https://www.facebook.com/groups/landhomechiangmai/,https://www.facebook.com/groups/landhomechiangmai/posts/4558306674396942/
landhomechiangmai,https://www.facebook.com/groups/landhomechiangmai/,https://www.facebook.com/groups/landhomechiangmai/posts/4558300837730859/
landhomechiangmai,https://www.facebook.com/groups/landhomechiangmai/,https://www.facebook.com/groups/landhomechiangmai/posts/4558296227731320/
landhomechiangmai,https://www.facebook.com/groups/landhomechiangmai/,https://www.facebook.com/groups/landhomechiangmai/posts/4558277577733185/
landhomechiangmai,https://www.facebook.com/groups/landhomechiangmai/,https://www.facebook.com/groups/landhomechiangmai/posts/4558276607733282/
landhomechiangmai,https://www.facebook.com/groups/landhomechiangmai/,https://www.facebook.com/groups/landhomechiangmai/posts/4558276157733327/
landhomechiangmai,https://www.facebook.com/groups/landhomechiangmai/,https://www.facebook.com/groups/landhomechiangmai/posts/4558261577734785/
landhomechiangmai,https://www.facebook.com/groups/landhomechiangmai/,https://www.facebook.com/groups/landhomechiangmai/posts/4558260624401547/
landhomechiangmai,https://www.facebook.com/groups/landhomechiangmai/,https://www.facebook.com/groups/landhomechiangmai/posts/4558274857733457/
landhomechiangmai,https://www.facebook.com/groups/landhomechiangmai/,https://www.facebook.com/groups/landhomechiangmai/posts/4558269664400643/
landhomechiangmai,https://www.facebook.com/groups/landhomechiangmai/,https://www.facebook.com/groups/landhomechiangmai/posts/4558269517733991/
landhomechiangmai,https://www.facebook.com/groups/landhomechiangmai/,https://www.facebook.com/groups/landhomechiangmai/posts/4558266417734301/
landhomechiangmai,https://www.facebook.com/groups/landhomechiangmai/,https://www.facebook.com/groups/landhomechiangmai/posts/4558251294402480/
landhomechiangmai,https://www.facebook.com/groups/landhomechiangmai/,https://www.facebook.com/groups/landhomechiangmai/posts/4558250684402541/
landhomechiangmai,https://www.facebook.com/groups/landhomechiangmai/,https://www.facebook.com/groups/landhomechiangmai/posts/4558257374401872/
landhomechiangmai,https://www.facebook.com/groups/landhomechiangmai/,https://www.facebook.com/groups/landhomechiangmai/posts/4558252647735678/
landhomechiangmai,https://www.facebook.com/groups/landhomechiangmai/,https://www.facebook.com/groups/landhomechiangmai/posts/4558252377735705/
landhomechiangmai,https://www.facebook.com/groups/landhomechiangmai/,https://www.facebook.com/groups/landhomechiangmai/posts/4558248397736103/
landhomechiangmai,https://www.facebook.com/groups/landhomechiangmai/,https://www.facebook.com/groups/landhomechiangmai/posts/4558244464403163/
landhomechiangmai,https://www.facebook.com/groups/landhomechiangmai/,https://www.facebook.com/groups/landhomechiangmai/posts/4558241721070104/
landhomechiangmai,https://www.facebook.com/groups/landhomechiangmai/,https://www.facebook.com/groups/landhomechiangmai/posts/4558241264403483/
landhomechiangmai,https://www.facebook.com/groups/landhomechiangmai/,https://www.facebook.com/groups/landhomechiangmai/posts/4558236787737264/
landhomechiangmai,https://www.facebook.com/groups/landhomechiangmai/,https://www.facebook.com/groups/landhomechiangmai/posts/4558234541070822/
landhomechiangmai,https://www.facebook.com/groups/landhomechiangmai/,https://www.facebook.com/groups/landhomechiangmai/posts/4558233411070935/
landhomechiangmai,https://www.facebook.com/groups/landhomechiangmai/,https://www.facebook.com/groups/landhomechiangmai/posts/4558223004405309/
landhomechiangmai,https://www.facebook.com/groups/landhomechiangmai/,https://www.facebook.com/groups/landhomechiangmai/posts/4558215077739435/
landhomechiangmai,https://www.facebook.com/groups/landhomechiangmai/,https://www.facebook.com/groups/landhomechiangmai/posts/4558213817739561/
landhomechiangmai,https://www.facebook.com/groups/landhomechiangmai/,https://www.facebook.com/groups/landhomechiangmai/posts/4558206467740296/
landhomechiangmai,https://www.facebook.com/groups/landhomechiangmai/,https://www.facebook.com/groups/landhomechiangmai/posts/4558205791073697/
landhomechiangmai,https://www.facebook.com/groups/landhomechiangmai/,https://www.facebook.com/groups/landhomechiangmai/posts/4558195114408098/
landhomechiangmai,https://www.facebook.com/groups/landhomechiangmai/,https://www.facebook.com/groups/landhomechiangmai/posts/4558193397741603/
landhomechiangmai,https://www.facebook.com/groups/landhomechiangmai/,https://www.facebook.com/groups/landhomechiangmai/posts/4558193301074946/
landhomechiangmai,https://www.facebook.com/groups/landhomechiangmai/,https://www.facebook.com/groups/landhomechiangmai/posts/4558202917740651/
landhomechiangmai,https://www.facebook.com/groups/landhomechiangmai/,https://www.facebook.com/groups/landhomechiangmai/posts/4558202364407373/
landhomechiangmai,https://www.facebook.com/groups/landhomechiangmai/,https://www.facebook.com/groups/landhomechiangmai/posts/4558201714407438/
landhomechiangmai,https://www.facebook.com/groups/landhomechiangmai/,https://www.facebook.com/groups/landhomechiangmai/posts/4558200591074217/
landhomechiangmai,https://www.facebook.com/groups/landhomechiangmai/,https://www.facebook.com/groups/landhomechiangmai/posts/4558192214408388/
landhomechiangmai,https://www.facebook.com/groups/landhomechiangmai/,https://www.facebook.com/groups/landhomechiangmai/posts/4558190577741885/
landhomechiangmai,https://www.facebook.com/groups/landhomechiangmai/,https://www.facebook.com/groups/landhomechiangmai/posts/4558190167741926/
landhomechiangmai,https://www.facebook.com/groups/landhomechiangmai/,https://www.facebook.com/groups/landhomechiangmai/posts/4558185614409048/
landhomechiangmai,https://www.facebook.com/groups/landhomechiangmai/,https://www.facebook.com/groups/landhomechiangmai/posts/4558185101075766/
landhomechiangmai,https://www.facebook.com/groups/landhomechiangmai/,https://www.facebook.com/groups/landhomechiangmai/posts/4558184247742518/
landhomechiangmai,https://www.facebook.com/groups/landhomechiangmai/,https://www.facebook.com/groups/landhomechiangmai/posts/4558189327742010/
landhomechiangmai,https://www.facebook.com/groups/landhomechiangmai/,https://www.facebook.com/groups/landhomechiangmai/posts/4558188391075437/
landhomechiangmai,https://www.facebook.com/groups/landhomechiangmai/,https://www.facebook.com/groups/landhomechiangmai/posts/4558186127742330/
landhomechiangmai,https://www.facebook.com/groups/landhomechiangmai/,https://www.facebook.com/groups/landhomechiangmai/posts/4558182031076073/
landhomechiangmai,https://www.facebook.com/groups/landhomechiangmai/,https://www.facebook.com/groups/landhomechiangmai/posts/4558179554409654/
landhomechiangmai,https://www.facebook.com/groups/landhomechiangmai/,https://www.facebook.com/groups/landhomechiangmai/posts/4558157517745191/
landhomechiangmai,https://www.facebook.com/groups/landhomechiangmai/,https://www.facebook.com/groups/landhomechiangmai/posts/4558152537745689/
landhomechiangmai,https://www.facebook.com/groups/landhomechiangmai/,https://www.facebook.com/groups/landhomechiangmai/posts/4558178981076378/
landhomechiangmai,https://www.facebook.com/groups/landhomechiangmai/,https://www.facebook.com/groups/landhomechiangmai/posts/4558178401076436/
landhomechiangmai,https://www.facebook.com/groups/landhomechiangmai/,https://www.facebook.com/groups/landhomechiangmai/posts/4558176631076613/
landhomechiangmai,https://www.facebook.com/groups/landhomechiangmai/,https://www.facebook.com/groups/landhomechiangmai/posts/4558157654411844/
landhomechiangmai,https://www.facebook.com/groups/landhomechiangmai/,https://www.facebook.com/groups/landhomechiangmai/posts/4558148827746060/
landhomechiangmai,https://www.facebook.com/groups/landhomechiangmai/,https://www.facebook.com/groups/landhomechiangmai/posts/4558142117746731/
landhomechiangmai,https://www.facebook.com/groups/landhomechiangmai/,https://www.facebook.com/groups/landhomechiangmai/posts/4558132794414330/
landhomechiangmai,https://www.facebook.com/groups/landhomechiangmai/,https://www.facebook.com/groups/landhomechiangmai/posts/4558123447748598/
landhomechiangmai,https://www.facebook.com/groups/landhomechiangmai/,https://www.facebook.com/groups/landhomechiangmai/posts/4558121811082095/
landhomechiangmai,https://www.facebook.com/groups/landhomechiangmai/,https://www.facebook.com/groups/landhomechiangmai/posts/4558120461082230/
landhomechiangmai,https://www.facebook.com/groups/landhomechiangmai/,https://www.facebook.com/groups/landhomechiangmai/posts/4558118617749081/
landhomechiangmai,https://www.facebook.com/groups/landhomechiangmai/,https://www.facebook.com/groups/landhomechiangmai/posts/4558116394415970/
landhomechiangmai,https://www.facebook.com/groups/landhomechiangmai/,https://www.facebook.com/groups/landhomechiangmai/posts/4558109791083297/
landhomechiangmai,https://www.facebook.com/groups/landhomechiangmai/,https://www.facebook.com/groups/landhomechiangmai/posts/4558109074416702/
landhomechiangmai,https://www.facebook.com/groups/landhomechiangmai/,https://www.facebook.com/groups/landhomechiangmai/posts/4558103284417281/
landhomechiangmai,https://www.facebook.com/groups/landhomechiangmai/,https://www.facebook.com/groups/landhomechiangmai/posts/4558102211084055/
landhomechiangmai,https://www.facebook.com/groups/landhomechiangmai/,https://www.facebook.com/groups/landhomechiangmai/posts/4558088824418727/
landhomechiangmai,https://www.facebook.com/groups/landhomechiangmai/,https://www.facebook.com/groups/landhomechiangmai/posts/4558062434421366/
landhomechiangmai,https://www.facebook.com/groups/landhomechiangmai/,https://www.facebook.com/groups/landhomechiangmai/posts/4558060804421529/
landhomechiangmai,https://www.facebook.com/groups/landhomechiangmai/,https://www.facebook.com/groups/landhomechiangmai/posts/4558070424420567/
landhomechiangmai,https://www.facebook.com/groups/landhomechiangmai/,https://www.facebook.com/groups/landhomechiangmai/posts/4558070301087246/
landhomechiangmai,https://www.facebook.com/groups/landhomechiangmai/,https://www.facebook.com/groups/landhomechiangmai/posts/4558065427754400/
landhomechiangmai,https://www.facebook.com/groups/landhomechiangmai/,https://www.facebook.com/groups/landhomechiangmai/posts/4558063061087970/
landhomechiangmai,https://www.facebook.com/groups/landhomechiangmai/,https://www.facebook.com/groups/landhomechiangmai/posts/4558059601088316/
landhomechiangmai,https://www.facebook.com/groups/landhomechiangmai/,https://www.facebook.com/groups/landhomechiangmai/posts/4558057297755213/
landhomechiangmai,https://www.facebook.com/groups/landhomechiangmai/,https://www.facebook.com/groups/landhomechiangmai/posts/4558054401088836/
landhomechiangmai,https://www.facebook.com/groups/landhomechiangmai/,https://www.facebook.com/groups/landhomechiangmai/posts/4558051061089170/
landhomechiangmai,https://www.facebook.com/groups/landhomechiangmai/,https://www.facebook.com/groups/landhomechiangmai/posts/4558045677756375/
landhomechiangmai,https://www.facebook.com/groups/landhomechiangmai/,https://www.facebook.com/groups/landhomechiangmai/posts/4558044787756464/
landhomechiangmai,https://www.facebook.com/groups/landhomechiangmai/,https://www.facebook.com/groups/landhomechiangmai/posts/4558033601090916/
landhomechiangmai,https://www.facebook.com/groups/landhomechiangmai/,https://www.facebook.com/groups/landhomechiangmai/posts/4558028074424802/
landhomechiangmai,https://www.facebook.com/groups/landhomechiangmai/,https://www.facebook.com/groups/landhomechiangmai/posts/4558026297758313/
landhomechiangmai,https://www.facebook.com/groups/landhomechiangmai/,https://www.facebook.com/groups/landhomechiangmai/posts/4558041924423417/
landhomechiangmai,https://www.facebook.com/groups/landhomechiangmai/,https://www.facebook.com/groups/landhomechiangmai/posts/4558040301090246/
landhomechiangmai,https://www.facebook.com/groups/landhomechiangmai/,https://www.facebook.com/groups/landhomechiangmai/posts/4558037261090550/
landhomechiangmai,https://www.facebook.com/groups/landhomechiangmai/,https://www.facebook.com/groups/landhomechiangmai/posts/4558023964425213/
landhomechiangmai,https://www.facebook.com/groups/landhomechiangmai/,https://www.facebook.com/groups/landhomechiangmai/posts/4558021544425455/
landhomechiangmai,https://www.facebook.com/groups/landhomechiangmai/,https://www.facebook.com/groups/landhomechiangmai/posts/4557999457760997/
landhomechiangmai,https://www.facebook.com/groups/landhomechiangmai/,https://www.facebook.com/groups/landhomechiangmai/posts/4558013427759600/
landhomechiangmai,https://www.facebook.com/groups/landhomechiangmai/,https://www.facebook.com/groups/landhomechiangmai/posts/4558013164426293/
landhomechiangmai,https://www.facebook.com/groups/landhomechiangmai/,https://www.facebook.com/groups/landhomechiangmai/posts/4558011581093118/
landhomechiangmai,https://www.facebook.com/groups/landhomechiangmai/,https://www.facebook.com/groups/landhomechiangmai/posts/4558009534426656/
landhomechiangmai,https://www.facebook.com/groups/landhomechiangmai/,https://www.facebook.com/groups/landhomechiangmai/posts/4558004681093808/
landhomechiangmai,https://www.facebook.com/groups/landhomechiangmai/,https://www.facebook.com/groups/landhomechiangmai/posts/4558001974427412/
landhomechiangmai,https://www.facebook.com/groups/landhomechiangmai/,https://www.facebook.com/groups/landhomechiangmai/posts/4557974834430126/
landhomechiangmai,https://www.facebook.com/groups/landhomechiangmai/,https://www.facebook.com/groups/landhomechiangmai/posts/4557974141096862/
landhomechiangmai,https://www.facebook.com/groups/landhomechiangmai/,https://www.facebook.com/groups/landhomechiangmai/posts/4557992821094994/
landhomechiangmai,https://www.facebook.com/groups/landhomechiangmai/,https://www.facebook.com/groups/landhomechiangmai/posts/4557980907762852/
landhomechiangmai,https://www.facebook.com/groups/landhomechiangmai/,https://www.facebook.com/groups/landhomechiangmai/posts/4557978397763103/
landhomechiangmai,https://www.facebook.com/groups/landhomechiangmai/,https://www.facebook.com/groups/landhomechiangmai/posts/4557975874430022/
landhomechiangmai,https://www.facebook.com/groups/landhomechiangmai/,https://www.facebook.com/groups/landhomechiangmai/posts/4557963374431272/
landhomechiangmai,https://www.facebook.com/groups/landhomechiangmai/,https://www.facebook.com/groups/landhomechiangmai/posts/4557972154430394/
landhomechiangmai,https://www.facebook.com/groups/landhomechiangmai/,https://www.facebook.com/groups/landhomechiangmai/posts/4557967474430862/
landhomechiangmai,https://www.facebook.com/groups/landhomechiangmai/,https://www.facebook.com/groups/landhomechiangmai/posts/4557966874430922/
landhomechiangmai,https://www.facebook.com/groups/landhomechiangmai/,https://www.facebook.com/groups/landhomechiangmai/posts/4557963917764551/
landhomechiangmai,https://www.facebook.com/groups/landhomechiangmai/,https://www.facebook.com/groups/landhomechiangmai/posts/4557962814431328/
landhomechiangmai,https://www.facebook.com/groups/landhomechiangmai/,https://www.facebook.com/groups/landhomechiangmai/posts/4557962084431401/
landhomechiangmai,https://www.facebook.com/groups/landhomechiangmai/,https://www.facebook.com/groups/landhomechiangmai/posts/4557960757764867/
landhomechiangmai,https://www.facebook.com/groups/landhomechiangmai/,https://www.facebook.com/groups/landhomechiangmai/posts/4557959707764972/
landhomechiangmai,https://www.facebook.com/groups/landhomechiangmai/,https://www.facebook.com/groups/landhomechiangmai/posts/4557948027766140/
landhomechiangmai,https://www.facebook.com/groups/landhomechiangmai/,https://www.facebook.com/groups/landhomechiangmai/posts/4557959131098363/
landhomechiangmai,https://www.facebook.com/groups/landhomechiangmai/,https://www.facebook.com/groups/landhomechiangmai/posts/4557958054431804/
landhomechiangmai,https://www.facebook.com/groups/landhomechiangmai/,https://www.facebook.com/groups/landhomechiangmai/posts/4557955294432080/
landhomechiangmai,https://www.facebook.com/groups/landhomechiangmai/,https://www.facebook.com/groups/landhomechiangmai/posts/4557952497765693/
landhomechiangmai,https://www.facebook.com/groups/landhomechiangmai/,https://www.facebook.com/groups/landhomechiangmai/posts/4557951557765787/
landhomechiangmai,https://www.facebook.com/groups/landhomechiangmai/,https://www.facebook.com/groups/landhomechiangmai/posts/4557945571099719/
landhomechiangmai,https://www.facebook.com/groups/landhomechiangmai/,https://www.facebook.com/groups/landhomechiangmai/posts/4557943407766602/
landhomechiangmai,https://www.facebook.com/groups/landhomechiangmai/,https://www.facebook.com/groups/landhomechiangmai/posts/4557942571100019/
landhomechiangmai,https://www.facebook.com/groups/landhomechiangmai/,https://www.facebook.com/groups/landhomechiangmai/posts/4557939701100306/
landhomechiangmai,https://www.facebook.com/groups/landhomechiangmai/,https://www.facebook.com/groups/landhomechiangmai/posts/4557942454433364/
landhomechiangmai,https://www.facebook.com/groups/landhomechiangmai/,https://www.facebook.com/groups/landhomechiangmai/posts/4557940881100188/
landhomechiangmai,https://www.facebook.com/groups/landhomechiangmai/,https://www.facebook.com/groups/landhomechiangmai/posts/4557939867766956/
landhomechiangmai,https://www.facebook.com/groups/landhomechiangmai/,https://www.facebook.com/groups/landhomechiangmai/posts/4557935321100744/
landhomechiangmai,https://www.facebook.com/groups/landhomechiangmai/,https://www.facebook.com/groups/landhomechiangmai/posts/4557934471100829/
landhomechiangmai,https://www.facebook.com/groups/landhomechiangmai/,https://www.facebook.com/groups/landhomechiangmai/posts/4557933634434246/
landhomechiangmai,https://www.facebook.com/groups/landhomechiangmai/,https://www.facebook.com/groups/landhomechiangmai/posts/4557928257768117/
landhomechiangmai,https://www.facebook.com/groups/landhomechiangmai/,https://www.facebook.com/groups/landhomechiangmai/posts/4557920414435568/
landhomechiangmai,https://www.facebook.com/groups/landhomechiangmai/,https://www.facebook.com/groups/landhomechiangmai/posts/4557919924435617/
landhomechiangmai,https://www.facebook.com/groups/landhomechiangmai/,https://www.facebook.com/groups/landhomechiangmai/posts/4557919151102361/
landhomechiangmai,https://www.facebook.com/groups/landhomechiangmai/,https://www.facebook.com/groups/landhomechiangmai/posts/4557916994435910/
landhomechiangmai,https://www.facebook.com/groups/landhomechiangmai/,https://www.facebook.com/groups/landhomechiangmai/posts/4557915471102729/
landhomechiangmai,https://www.facebook.com/groups/landhomechiangmai/,https://www.facebook.com/groups/landhomechiangmai/posts/4557915187769424/
landhomechiangmai,https://www.facebook.com/groups/landhomechiangmai/,https://www.facebook.com/groups/landhomechiangmai/posts/4557904101103866/
landhomechiangmai,https://www.facebook.com/groups/landhomechiangmai/,https://www.facebook.com/groups/landhomechiangmai/posts/4557894634438146/
landhomechiangmai,https://www.facebook.com/groups/landhomechiangmai/,https://www.facebook.com/groups/landhomechiangmai/posts/4557903404437269/
landhomechiangmai,https://www.facebook.com/groups/landhomechiangmai/,https://www.facebook.com/groups/landhomechiangmai/posts/4557900881104188/
landhomechiangmai,https://www.facebook.com/groups/landhomechiangmai/,https://www.facebook.com/groups/landhomechiangmai/posts/4557899794437630/
landhomechiangmai,https://www.facebook.com/groups/landhomechiangmai/,https://www.facebook.com/groups/landhomechiangmai/posts/4557897414437868/
landhomechiangmai,https://www.facebook.com/groups/landhomechiangmai/,https://www.facebook.com/groups/landhomechiangmai/posts/4557895624438047/
landhomechiangmai,https://www.facebook.com/groups/landhomechiangmai/,https://www.facebook.com/groups/landhomechiangmai/posts/4557880951106181/
landhomechiangmai,https://www.facebook.com/groups/landhomechiangmai/,https://www.facebook.com/groups/landhomechiangmai/posts/4557892197771723/
landhomechiangmai,https://www.facebook.com/groups/landhomechiangmai/,https://www.facebook.com/groups/landhomechiangmai/posts/4557889691105307/
landhomechiangmai,https://www.facebook.com/groups/landhomechiangmai/,https://www.facebook.com/groups/landhomechiangmai/posts/4557889161105360/
landhomechiangmai,https://www.facebook.com/groups/landhomechiangmai/,https://www.facebook.com/groups/landhomechiangmai/posts/4557889041105372/
landhomechiangmai,https://www.facebook.com/groups/landhomechiangmai/,https://www.facebook.com/groups/landhomechiangmai/posts/4557888201105456/
landhomechiangmai,https://www.facebook.com/groups/landhomechiangmai/,https://www.facebook.com/groups/landhomechiangmai/posts/4557880581106218/
landhomechiangmai,https://www.facebook.com/groups/landhomechiangmai/,https://www.facebook.com/groups/landhomechiangmai/posts/4557876271106649/
landhomechiangmai,https://www.facebook.com/groups/landhomechiangmai/,https://www.facebook.com/groups/landhomechiangmai/posts/4557875367773406/
landhomechiangmai,https://www.facebook.com/groups/landhomechiangmai/,https://www.facebook.com/groups/landhomechiangmai/posts/4557873881106888/
landhomechiangmai,https://www.facebook.com/groups/landhomechiangmai/,https://www.facebook.com/groups/landhomechiangmai/posts/4557872224440387/
landhomechiangmai,https://www.facebook.com/groups/landhomechiangmai/,https://www.facebook.com/groups/landhomechiangmai/posts/4557871911107085/
landhomechiangmai,https://www.facebook.com/groups/landhomechiangmai/,https://www.facebook.com/groups/landhomechiangmai/posts/4557863431107933/
landhomechiangmai,https://www.facebook.com/groups/landhomechiangmai/,https://www.facebook.com/groups/landhomechiangmai/posts/4557862264441383/
landhomechiangmai,https://www.facebook.com/groups/landhomechiangmai/,https://www.facebook.com/groups/landhomechiangmai/posts/4557871041107172/
landhomechiangmai,https://www.facebook.com/groups/landhomechiangmai/,https://www.facebook.com/groups/landhomechiangmai/posts/4557870754440534/
landhomechiangmai,https://www.facebook.com/groups/landhomechiangmai/,https://www.facebook.com/groups/landhomechiangmai/posts/4557870637773879/
landhomechiangmai,https://www.facebook.com/groups/landhomechiangmai/,https://www.facebook.com/groups/landhomechiangmai/posts/4557868381107438/
landhomechiangmai,https://www.facebook.com/groups/landhomechiangmai/,https://www.facebook.com/groups/landhomechiangmai/posts/4557859821108294/
landhomechiangmai,https://www.facebook.com/groups/landhomechiangmai/,https://www.facebook.com/groups/landhomechiangmai/posts/4557859201108356/
landhomechiangmai,https://www.facebook.com/groups/landhomechiangmai/,https://www.facebook.com/groups/landhomechiangmai/posts/4557858414441768/
landhomechiangmai,https://www.facebook.com/groups/landhomechiangmai/,https://www.facebook.com/groups/landhomechiangmai/posts/4557854487775494/
landhomechiangmai,https://www.facebook.com/groups/landhomechiangmai/,https://www.facebook.com/groups/landhomechiangmai/posts/4557854041108872/
landhomechiangmai,https://www.facebook.com/groups/landhomechiangmai/,https://www.facebook.com/groups/landhomechiangmai/posts/4557846671109609/
landhomechiangmai,https://www.facebook.com/groups/landhomechiangmai/,https://www.facebook.com/groups/landhomechiangmai/posts/4557843711109905/
landhomechiangmai,https://www.facebook.com/groups/landhomechiangmai/,https://www.facebook.com/groups/landhomechiangmai/posts/4557853614442248/
landhomechiangmai,https://www.facebook.com/groups/landhomechiangmai/,https://www.facebook.com/groups/landhomechiangmai/posts/4557851731109103/
landhomechiangmai,https://www.facebook.com/groups/landhomechiangmai/,https://www.facebook.com/groups/landhomechiangmai/posts/4557851664442443/
landhomechiangmai,https://www.facebook.com/groups/landhomechiangmai/,https://www.facebook.com/groups/landhomechiangmai/posts/4557849867775956/
landhomechiangmai,https://www.facebook.com/groups/landhomechiangmai/,https://www.facebook.com/groups/landhomechiangmai/posts/4557835961110680/
landhomechiangmai,https://www.facebook.com/groups/landhomechiangmai/,https://www.facebook.com/groups/landhomechiangmai/posts/4557849017776041/
landhomechiangmai,https://www.facebook.com/groups/landhomechiangmai/,https://www.facebook.com/groups/landhomechiangmai/posts/4557838864443723/
landhomechiangmai,https://www.facebook.com/groups/landhomechiangmai/,https://www.facebook.com/groups/landhomechiangmai/posts/4557836117777331/
landhomechiangmai,https://www.facebook.com/groups/landhomechiangmai/,https://www.facebook.com/groups/landhomechiangmai/posts/4557833997777543/
landhomechiangmai,https://www.facebook.com/groups/landhomechiangmai/,https://www.facebook.com/groups/landhomechiangmai/posts/4557831954444414/
landhomechiangmai,https://www.facebook.com/groups/landhomechiangmai/,https://www.facebook.com/groups/landhomechiangmai/posts/4557830374444572/
landhomechiangmai,https://www.facebook.com/groups/landhomechiangmai/,https://www.facebook.com/groups/landhomechiangmai/posts/4557829527777990/
landhomechiangmai,https://www.facebook.com/groups/landhomechiangmai/,https://www.facebook.com/groups/landhomechiangmai/posts/4557828111111465/
landhomechiangmai,https://www.facebook.com/groups/landhomechiangmai/,https://www.facebook.com/groups/landhomechiangmai/posts/4557824707778472/
landhomechiangmai,https://www.facebook.com/groups/landhomechiangmai/,https://www.facebook.com/groups/landhomechiangmai/posts/4557823974445212/
landhomechiangmai,https://www.facebook.com/groups/landhomechiangmai/,https://www.facebook.com/groups/landhomechiangmai/posts/4557823271111949/
landhomechiangmai,https://www.facebook.com/groups/landhomechiangmai/,https://www.facebook.com/groups/landhomechiangmai/posts/4557823134445296/
landhomechiangmai,https://www.facebook.com/groups/landhomechiangmai/,https://www.facebook.com/groups/landhomechiangmai/posts/4557822654445344/
landhomechiangmai,https://www.facebook.com/groups/landhomechiangmai/,https://www.facebook.com/groups/landhomechiangmai/posts/4557822441112032/
landhomechiangmai,https://www.facebook.com/groups/landhomechiangmai/,https://www.facebook.com/groups/landhomechiangmai/posts/4557822067778736/
landhomechiangmai,https://www.facebook.com/groups/landhomechiangmai/,https://www.facebook.com/groups/landhomechiangmai/posts/4557821514445458/
landhomechiangmai,https://www.facebook.com/groups/landhomechiangmai/,https://www.facebook.com/groups/landhomechiangmai/posts/4557821801112096/
landhomechiangmai,https://www.facebook.com/groups/landhomechiangmai/,https://www.facebook.com/groups/landhomechiangmai/posts/4557821684445441/
landhomechiangmai,https://www.facebook.com/groups/landhomechiangmai/,https://www.facebook.com/groups/landhomechiangmai/posts/4557821357778807/
landhomechiangmai,https://www.facebook.com/groups/landhomechiangmai/,https://www.facebook.com/groups/landhomechiangmai/posts/4557816144445995/
landhomechiangmai,https://www.facebook.com/groups/landhomechiangmai/,https://www.facebook.com/groups/landhomechiangmai/posts/4557815584446051/
landhomechiangmai,https://www.facebook.com/groups/landhomechiangmai/,https://www.facebook.com/groups/landhomechiangmai/posts/4557814884446121/
landhomechiangmai,https://www.facebook.com/groups/landhomechiangmai/,https://www.facebook.com/groups/landhomechiangmai/posts/4557814717779471/
landhomechiangmai,https://www.facebook.com/groups/landhomechiangmai/,https://www.facebook.com/groups/landhomechiangmai/posts/4557814627779480/
landhomechiangmai,https://www.facebook.com/groups/landhomechiangmai/,https://www.facebook.com/groups/landhomechiangmai/posts/4557814527779490/
landhomechiangmai,https://www.facebook.com/groups/landhomechiangmai/,https://www.facebook.com/groups/landhomechiangmai/posts/4557813224446287/
landhomechiangmai,https://www.facebook.com/groups/landhomechiangmai/,https://www.facebook.com/groups/landhomechiangmai/posts/4557812871112989/
landhomechiangmai,https://www.facebook.com/groups/landhomechiangmai/,https://www.facebook.com/groups/landhomechiangmai/posts/4557812511113025/
landhomechiangmai,https://www.facebook.com/groups/landhomechiangmai/,https://www.facebook.com/groups/landhomechiangmai/posts/4557810071113269/
landhomechiangmai,https://www.facebook.com/groups/landhomechiangmai/,https://www.facebook.com/groups/landhomechiangmai/posts/4557809441113332/
landhomechiangmai,https://www.facebook.com/groups/landhomechiangmai/,https://www.facebook.com/groups/landhomechiangmai/posts/4557809297780013/
landhomechiangmai,https://www.facebook.com/groups/landhomechiangmai/,https://www.facebook.com/groups/landhomechiangmai/posts/4557808391113437/
landhomechiangmai,https://www.facebook.com/groups/landhomechiangmai/,https://www.facebook.com/groups/landhomechiangmai/posts/4557798504447759/
landhomechiangmai,https://www.facebook.com/groups/landhomechiangmai/,https://www.facebook.com/groups/landhomechiangmai/posts/4557808247780118/
landhomechiangmai,https://www.facebook.com/groups/landhomechiangmai/,https://www.facebook.com/groups/landhomechiangmai/posts/4557807881113488/
landhomechiangmai,https://www.facebook.com/groups/landhomechiangmai/,https://www.facebook.com/groups/landhomechiangmai/posts/4557804707780472/
landhomechiangmai,https://www.facebook.com/groups/landhomechiangmai/,https://www.facebook.com/groups/landhomechiangmai/posts/4557804021113874/
landhomechiangmai,https://www.facebook.com/groups/landhomechiangmai/,https://www.facebook.com/groups/landhomechiangmai/posts/4557803697780573/
landhomechiangmai,https://www.facebook.com/groups/landhomechiangmai/,https://www.facebook.com/groups/landhomechiangmai/posts/4557802814447328/
landhomechiangmai,https://www.facebook.com/groups/landhomechiangmai/,https://www.facebook.com/groups/landhomechiangmai/posts/4557797904447819/
landhomechiangmai,https://www.facebook.com/groups/landhomechiangmai/,https://www.facebook.com/groups/landhomechiangmai/posts/4557797197781223/
landhomechiangmai,https://www.facebook.com/groups/landhomechiangmai/,https://www.facebook.com/groups/landhomechiangmai/posts/4557795837781359/
landhomechiangmai,https://www.facebook.com/groups/landhomechiangmai/,https://www.facebook.com/groups/landhomechiangmai/posts/4557795014448108/
landhomechiangmai,https://www.facebook.com/groups/landhomechiangmai/,https://www.facebook.com/groups/landhomechiangmai/posts/4557794807781462/
landhomechiangmai,https://www.facebook.com/groups/landhomechiangmai/,https://www.facebook.com/groups/landhomechiangmai/posts/4557789881115288/
landhomechiangmai,https://www.facebook.com/groups/landhomechiangmai/,https://www.facebook.com/groups/landhomechiangmai/posts/4557788714448738/
landhomechiangmai,https://www.facebook.com/groups/landhomechiangmai/,https://www.facebook.com/groups/landhomechiangmai/posts/4557784181115858/
landhomechiangmai,https://www.facebook.com/groups/landhomechiangmai/,https://www.facebook.com/groups/landhomechiangmai/posts/4557769107784032/
landhomechiangmai,https://www.facebook.com/groups/landhomechiangmai/,https://www.facebook.com/groups/landhomechiangmai/posts/4557783107782632/
landhomechiangmai,https://www.facebook.com/groups/landhomechiangmai/,https://www.facebook.com/groups/landhomechiangmai/posts/4557782014449408/
landhomechiangmai,https://www.facebook.com/groups/landhomechiangmai/,https://www.facebook.com/groups/landhomechiangmai/posts/4557777314449878/
landhomechiangmai,https://www.facebook.com/groups/landhomechiangmai/,https://www.facebook.com/groups/landhomechiangmai/posts/4557776257783317/
landhomechiangmai,https://www.facebook.com/groups/landhomechiangmai/,https://www.facebook.com/groups/landhomechiangmai/posts/4557770521117224/
landhomechiangmai,https://www.facebook.com/groups/landhomechiangmai/,https://www.facebook.com/groups/landhomechiangmai/posts/4557768144450795/
landhomechiangmai,https://www.facebook.com/groups/landhomechiangmai/,https://www.facebook.com/groups/landhomechiangmai/posts/4557767377784205/
landhomechiangmai,https://www.facebook.com/groups/landhomechiangmai/,https://www.facebook.com/groups/landhomechiangmai/posts/4557753907785552/
landhomechiangmai,https://www.facebook.com/groups/landhomechiangmai/,https://www.facebook.com/groups/landhomechiangmai/posts/4557753207785622/
landhomechiangmai,https://www.facebook.com/groups/landhomechiangmai/,https://www.facebook.com/groups/landhomechiangmai/posts/4557745747786368/
landhomechiangmai,https://www.facebook.com/groups/landhomechiangmai/,https://www.facebook.com/groups/landhomechiangmai/posts/4557751474452462/
landhomechiangmai,https://www.facebook.com/groups/landhomechiangmai/,https://www.facebook.com/groups/landhomechiangmai/posts/4557748574452752/
landhomechiangmai,https://www.facebook.com/groups/landhomechiangmai/,https://www.facebook.com/groups/landhomechiangmai/posts/4557748361119440/
landhomechiangmai,https://www.facebook.com/groups/landhomechiangmai/,https://www.facebook.com/groups/landhomechiangmai/posts/4557746987786244/
landhomechiangmai,https://www.facebook.com/groups/landhomechiangmai/,https://www.facebook.com/groups/landhomechiangmai/posts/4557746131119663/
landhomechiangmai,https://www.facebook.com/groups/landhomechiangmai/,https://www.facebook.com/groups/landhomechiangmai/posts/4557743157786627/
landhomechiangmai,https://www.facebook.com/groups/landhomechiangmai/,https://www.facebook.com/groups/landhomechiangmai/posts/4557741741120102/
landhomechiangmai,https://www.facebook.com/groups/landhomechiangmai/,https://www.facebook.com/groups/landhomechiangmai/posts/4557741604453449/
landhomechiangmai,https://www.facebook.com/groups/landhomechiangmai/,https://www.facebook.com/groups/landhomechiangmai/posts/4557738797787063/
landhomechiangmai,https://www.facebook.com/groups/landhomechiangmai/,https://www.facebook.com/groups/landhomechiangmai/posts/4557736737787269/
landhomechiangmai,https://www.facebook.com/groups/landhomechiangmai/,https://www.facebook.com/groups/landhomechiangmai/posts/4557736384453971/
landhomechiangmai,https://www.facebook.com/groups/landhomechiangmai/,https://www.facebook.com/groups/landhomechiangmai/posts/4557734977787445/
landhomechiangmai,https://www.facebook.com/groups/landhomechiangmai/,https://www.facebook.com/groups/landhomechiangmai/posts/4557734324454177/
landhomechiangmai,https://www.facebook.com/groups/landhomechiangmai/,https://www.facebook.com/groups/landhomechiangmai/posts/4557733057787637/
landhomechiangmai,https://www.facebook.com/groups/landhomechiangmai/,https://www.facebook.com/groups/landhomechiangmai/posts/4557732284454381/
landhomechiangmai,https://www.facebook.com/groups/landhomechiangmai/,https://www.facebook.com/groups/landhomechiangmai/posts/4557731997787743/
landhomechiangmai,https://www.facebook.com/groups/landhomechiangmai/,https://www.facebook.com/groups/landhomechiangmai/posts/4557731374454472/
landhomechiangmai,https://www.facebook.com/groups/landhomechiangmai/,https://www.facebook.com/groups/landhomechiangmai/posts/4557730217787921/
landhomechiangmai,https://www.facebook.com/groups/landhomechiangmai/,https://www.facebook.com/groups/landhomechiangmai/posts/4557727421121534/
landhomechiangmai,https://www.facebook.com/groups/landhomechiangmai/,https://www.facebook.com/groups/landhomechiangmai/posts/4557727034454906/
landhomechiangmai,https://www.facebook.com/groups/landhomechiangmai/,https://www.facebook.com/groups/landhomechiangmai/posts/4557721124455497/
landhomechiangmai,https://www.facebook.com/groups/landhomechiangmai/,https://www.facebook.com/groups/landhomechiangmai/posts/4557720804455529/
landhomechiangmai,https://www.facebook.com/groups/landhomechiangmai/,https://www.facebook.com/groups/landhomechiangmai/posts/4557720467788896/
landhomechiangmai,https://www.facebook.com/groups/landhomechiangmai/,https://www.facebook.com/groups/landhomechiangmai/posts/4557716514455958/
landhomechiangmai,https://www.facebook.com/groups/landhomechiangmai/,https://www.facebook.com/groups/landhomechiangmai/posts/4557714854456124/
landhomechiangmai,https://www.facebook.com/groups/landhomechiangmai/,https://www.facebook.com/groups/landhomechiangmai/posts/4557706834456926/
landhomechiangmai,https://www.facebook.com/groups/landhomechiangmai/,https://www.facebook.com/groups/landhomechiangmai/posts/4557706271123649/
landhomechiangmai,https://www.facebook.com/groups/landhomechiangmai/,https://www.facebook.com/groups/landhomechiangmai/posts/4557706157790327/
landhomechiangmai,https://www.facebook.com/groups/landhomechiangmai/,https://www.facebook.com/groups/landhomechiangmai/posts/4557704947790448/
landhomechiangmai,https://www.facebook.com/groups/landhomechiangmai/,https://www.facebook.com/groups/landhomechiangmai/posts/4557703411123935/
landhomechiangmai,https://www.facebook.com/groups/landhomechiangmai/,https://www.facebook.com/groups/landhomechiangmai/posts/4557699521124324/
landhomechiangmai,https://www.facebook.com/groups/landhomechiangmai/,https://www.facebook.com/groups/landhomechiangmai/posts/4557699447790998/
landhomechiangmai,https://www.facebook.com/groups/landhomechiangmai/,https://www.facebook.com/groups/landhomechiangmai/posts/4557697177791225/
landhomechiangmai,https://www.facebook.com/groups/landhomechiangmai/,https://www.facebook.com/groups/landhomechiangmai/posts/4557695401124736/
landhomechiangmai,https://www.facebook.com/groups/landhomechiangmai/,https://www.facebook.com/groups/landhomechiangmai/posts/4557692627791680/
landhomechiangmai,https://www.facebook.com/groups/landhomechiangmai/,https://www.facebook.com/groups/landhomechiangmai/posts/4557691741125102/
landhomechiangmai,https://www.facebook.com/groups/landhomechiangmai/,https://www.facebook.com/groups/landhomechiangmai/posts/4557690414458568/
landhomechiangmai,https://www.facebook.com/groups/landhomechiangmai/,https://www.facebook.com/groups/landhomechiangmai/posts/4557666741127602/
landhomechiangmai,https://www.facebook.com/groups/landhomechiangmai/,https://www.facebook.com/groups/landhomechiangmai/posts/4557690207791922/
landhomechiangmai,https://www.facebook.com/groups/landhomechiangmai/,https://www.facebook.com/groups/landhomechiangmai/posts/4557688804458729/
landhomechiangmai,https://www.facebook.com/groups/landhomechiangmai/,https://www.facebook.com/groups/landhomechiangmai/posts/4557686691125607/
landhomechiangmai,https://www.facebook.com/groups/landhomechiangmai/,https://www.facebook.com/groups/landhomechiangmai/posts/4557683194459290/
landhomechiangmai,https://www.facebook.com/groups/landhomechiangmai/,https://www.facebook.com/groups/landhomechiangmai/posts/4557648671129409/
landhomechiangmai,https://www.facebook.com/groups/landhomechiangmai/,https://www.facebook.com/groups/landhomechiangmai/posts/4557648041129472/
landhomechiangmai,https://www.facebook.com/groups/landhomechiangmai/,https://www.facebook.com/groups/landhomechiangmai/posts/4557679421126334/
landhomechiangmai,https://www.facebook.com/groups/landhomechiangmai/,https://www.facebook.com/groups/landhomechiangmai/posts/4557678781126398/
landhomechiangmai,https://www.facebook.com/groups/landhomechiangmai/,https://www.facebook.com/groups/landhomechiangmai/posts/4557648751129401/
landhomechiangmai,https://www.facebook.com/groups/landhomechiangmai/,https://www.facebook.com/groups/landhomechiangmai/posts/4557635914464018/
landhomechiangmai,https://www.facebook.com/groups/landhomechiangmai/,https://www.facebook.com/groups/landhomechiangmai/posts/4557635294464080/
landhomechiangmai,https://www.facebook.com/groups/landhomechiangmai/,https://www.facebook.com/groups/landhomechiangmai/posts/4557632594464350/
landhomechiangmai,https://www.facebook.com/groups/landhomechiangmai/,https://www.facebook.com/groups/landhomechiangmai/posts/4557625484465061/
landhomechiangmai,https://www.facebook.com/groups/landhomechiangmai/,https://www.facebook.com/groups/landhomechiangmai/posts/4557624857798457/
landhomechiangmai,https://www.facebook.com/groups/landhomechiangmai/,https://www.facebook.com/groups/landhomechiangmai/posts/4557607897800153/
landhomechiangmai,https://www.facebook.com/groups/landhomechiangmai/,https://www.facebook.com/groups/landhomechiangmai/posts/4557606884466921/
landhomechiangmai,https://www.facebook.com/groups/landhomechiangmai/,https://www.facebook.com/groups/landhomechiangmai/posts/4557600317800911/
landhomechiangmai,https://www.facebook.com/groups/landhomechiangmai/,https://www.facebook.com/groups/landhomechiangmai/posts/4557589864468623/
landhomechiangmai,https://www.facebook.com/groups/landhomechiangmai/,https://www.facebook.com/groups/landhomechiangmai/posts/4557576147803328/
landhomechiangmai,https://www.facebook.com/groups/landhomechiangmai/,https://www.facebook.com/groups/landhomechiangmai/posts/4557544674473142/
landhomechiangmai,https://www.facebook.com/groups/landhomechiangmai/,https://www.facebook.com/groups/landhomechiangmai/posts/4557531671141109/
landhomechiangmai,https://www.facebook.com/groups/landhomechiangmai/,https://www.facebook.com/groups/landhomechiangmai/posts/4557341544493455/
landhomechiangmai,https://www.facebook.com/groups/landhomechiangmai/,https://www.facebook.com/groups/landhomechiangmai/posts/4557340611160215/
landhomechiangmai,https://www.facebook.com/groups/landhomechiangmai/,https://www.facebook.com/groups/landhomechiangmai/posts/4557316804495929/
landhomechiangmai,https://www.facebook.com/groups/landhomechiangmai/,https://www.facebook.com/groups/landhomechiangmai/posts/4557300767830866/
landhomechiangmai,https://www.facebook.com/groups/landhomechiangmai/,https://www.facebook.com/groups/landhomechiangmai/posts/4557299454497664/
landhomechiangmai,https://www.facebook.com/groups/landhomechiangmai/,https://www.facebook.com/groups/landhomechiangmai/posts/4557292157831727/
landhomechiangmai,https://www.facebook.com/groups/landhomechiangmai/,https://www.facebook.com/groups/landhomechiangmai/posts/4557286901165586/
landhomechiangmai,https://www.facebook.com/groups/landhomechiangmai/,https://www.facebook.com/groups/landhomechiangmai/posts/4557284237832519/
landhomechiangmai,https://www.facebook.com/groups/landhomechiangmai/,https://www.facebook.com/groups/landhomechiangmai/posts/4557245534503056/
landhomechiangmai,https://www.facebook.com/groups/landhomechiangmai/,https://www.facebook.com/groups/landhomechiangmai/posts/4557241614503448/
landhomechiangmai,https://www.facebook.com/groups/landhomechiangmai/,https://www.facebook.com/groups/landhomechiangmai/posts/4557278754499734/
landhomechiangmai,https://www.facebook.com/groups/landhomechiangmai/,https://www.facebook.com/groups/landhomechiangmai/posts/4557275914500018/
landhomechiangmai,https://www.facebook.com/groups/landhomechiangmai/,https://www.facebook.com/groups/landhomechiangmai/posts/4557273437833599/
landhomechiangmai,https://www.facebook.com/groups/landhomechiangmai/,https://www.facebook.com/groups/landhomechiangmai/posts/4557252977835645/
landhomechiangmai,https://www.facebook.com/groups/landhomechiangmai/,https://www.facebook.com/groups/landhomechiangmai/posts/4557240684503541/
landhomechiangmai,https://www.facebook.com/groups/landhomechiangmai/,https://www.facebook.com/groups/landhomechiangmai/posts/4557234267837516/
landhomechiangmai,https://www.facebook.com/groups/landhomechiangmai/,https://www.facebook.com/groups/landhomechiangmai/posts/4557231937837749/
landhomechiangmai,https://www.facebook.com/groups/landhomechiangmai/,https://www.facebook.com/groups/landhomechiangmai/posts/4557230984504511/
landhomechiangmai,https://www.facebook.com/groups/landhomechiangmai/,https://www.facebook.com/groups/landhomechiangmai/posts/4557229614504648/
landhomechiangmai,https://www.facebook.com/groups/landhomechiangmai/,https://www.facebook.com/groups/landhomechiangmai/posts/4557228264504783/
landhomechiangmai,https://www.facebook.com/groups/landhomechiangmai/,https://www.facebook.com/groups/landhomechiangmai/posts/4557223837838559/
landhomechiangmai,https://www.facebook.com/groups/landhomechiangmai/,https://www.facebook.com/groups/landhomechiangmai/posts/4557223724505237/
landhomechiangmai,https://www.facebook.com/groups/landhomechiangmai/,https://www.facebook.com/groups/landhomechiangmai/posts/4557222267838716/
landhomechiangmai,https://www.facebook.com/groups/landhomechiangmai/,https://www.facebook.com/groups/landhomechiangmai/posts/4557221711172105/
landhomechiangmai,https://www.facebook.com/groups/landhomechiangmai/,https://www.facebook.com/groups/landhomechiangmai/posts/4557220954505514/
landhomechiangmai,https://www.facebook.com/groups/landhomechiangmai/,https://www.facebook.com/groups/landhomechiangmai/posts/4557220514505558/
landhomechiangmai,https://www.facebook.com/groups/landhomechiangmai/,https://www.facebook.com/groups/landhomechiangmai/posts/4557215171172759/
landhomechiangmai,https://www.facebook.com/groups/landhomechiangmai/,https://www.facebook.com/groups/landhomechiangmai/posts/4557174317843511/
landhomechiangmai,https://www.facebook.com/groups/landhomechiangmai/,https://www.facebook.com/groups/landhomechiangmai/posts/4557201084507501/
landhomechiangmai,https://www.facebook.com/groups/landhomechiangmai/,https://www.facebook.com/groups/landhomechiangmai/posts/4557199104507699/
landhomechiangmai,https://www.facebook.com/groups/landhomechiangmai/,https://www.facebook.com/groups/landhomechiangmai/posts/4557185514509058/
landhomechiangmai,https://www.facebook.com/groups/landhomechiangmai/,https://www.facebook.com/groups/landhomechiangmai/posts/4557176541176622/
landhomechiangmai,https://www.facebook.com/groups/landhomechiangmai/,https://www.facebook.com/groups/landhomechiangmai/posts/4557175127843430/
landhomechiangmai,https://www.facebook.com/groups/landhomechiangmai/,https://www.facebook.com/groups/landhomechiangmai/posts/4557173957843547/
landhomechiangmai,https://www.facebook.com/groups/landhomechiangmai/,https://www.facebook.com/groups/landhomechiangmai/posts/4557172004510409/
landhomechiangmai,https://www.facebook.com/groups/landhomechiangmai/,https://www.facebook.com/groups/landhomechiangmai/posts/4557173927843550/
landhomechiangmai,https://www.facebook.com/groups/landhomechiangmai/,https://www.facebook.com/groups/landhomechiangmai/posts/4557173834510226/
landhomechiangmai,https://www.facebook.com/groups/landhomechiangmai/,https://www.facebook.com/groups/landhomechiangmai/posts/4557171007843842/
landhomechiangmai,https://www.facebook.com/groups/landhomechiangmai/,https://www.facebook.com/groups/landhomechiangmai/posts/4557168054510804/
landhomechiangmai,https://www.facebook.com/groups/landhomechiangmai/,https://www.facebook.com/groups/landhomechiangmai/posts/4557166521177624/
landhomechiangmai,https://www.facebook.com/groups/landhomechiangmai/,https://www.facebook.com/groups/landhomechiangmai/posts/4557164891177787/
landhomechiangmai,https://www.facebook.com/groups/landhomechiangmai/,https://www.facebook.com/groups/landhomechiangmai/posts/4557164244511185/
landhomechiangmai,https://www.facebook.com/groups/landhomechiangmai/,https://www.facebook.com/groups/landhomechiangmai/posts/4557163234511286/
landhomechiangmai,https://www.facebook.com/groups/landhomechiangmai/,https://www.facebook.com/groups/landhomechiangmai/posts/4557160411178235/
landhomechiangmai,https://www.facebook.com/groups/landhomechiangmai/,https://www.facebook.com/groups/landhomechiangmai/posts/4557159564511653/
landhomechiangmai,https://www.facebook.com/groups/landhomechiangmai/,https://www.facebook.com/groups/landhomechiangmai/posts/4557158081178468/
landhomechiangmai,https://www.facebook.com/groups/landhomechiangmai/,https://www.facebook.com/groups/landhomechiangmai/posts/4557155571178719/
landhomechiangmai,https://www.facebook.com/groups/landhomechiangmai/,https://www.facebook.com/groups/landhomechiangmai/posts/4557154274512182/
landhomechiangmai,https://www.facebook.com/groups/landhomechiangmai/,https://www.facebook.com/groups/landhomechiangmai/posts/4557151917845751/
landhomechiangmai,https://www.facebook.com/groups/landhomechiangmai/,https://www.facebook.com/groups/landhomechiangmai/posts/4557144044513205/
landhomechiangmai,https://www.facebook.com/groups/landhomechiangmai/,https://www.facebook.com/groups/landhomechiangmai/posts/4557141957846747/
landhomechiangmai,https://www.facebook.com/groups/landhomechiangmai/,https://www.facebook.com/groups/landhomechiangmai/posts/4557141221180154/
landhomechiangmai,https://www.facebook.com/groups/landhomechiangmai/,https://www.facebook.com/groups/landhomechiangmai/posts/4557140997846843/
landhomechiangmai,https://www.facebook.com/groups/landhomechiangmai/,https://www.facebook.com/groups/landhomechiangmai/posts/4557139554513654/
landhomechiangmai,https://www.facebook.com/groups/landhomechiangmai/,https://www.facebook.com/groups/landhomechiangmai/posts/4557135004514109/
landhomechiangmai,https://www.facebook.com/groups/landhomechiangmai/,https://www.facebook.com/groups/landhomechiangmai/posts/4557134694514140/
landhomechiangmai,https://www.facebook.com/groups/landhomechiangmai/,https://www.facebook.com/groups/landhomechiangmai/posts/4557134467847496/
landhomechiangmai,https://www.facebook.com/groups/landhomechiangmai/,https://www.facebook.com/groups/landhomechiangmai/posts/4557133087847634/
landhomechiangmai,https://www.facebook.com/groups/landhomechiangmai/,https://www.facebook.com/groups/landhomechiangmai/posts/4557132167847726/
landhomechiangmai,https://www.facebook.com/groups/landhomechiangmai/,https://www.facebook.com/groups/landhomechiangmai/posts/4557131184514491/
landhomechiangmai,https://www.facebook.com/groups/landhomechiangmai/,https://www.facebook.com/groups/landhomechiangmai/posts/4557130154514594/
landhomechiangmai,https://www.facebook.com/groups/landhomechiangmai/,https://www.facebook.com/groups/landhomechiangmai/posts/4557128757848067/
landhomechiangmai,https://www.facebook.com/groups/landhomechiangmai/,https://www.facebook.com/groups/landhomechiangmai/posts/4557128381181438/
landhomechiangmai,https://www.facebook.com/groups/landhomechiangmai/,https://www.facebook.com/groups/landhomechiangmai/posts/4557127184514891/
landhomechiangmai,https://www.facebook.com/groups/landhomechiangmai/,https://www.facebook.com/groups/landhomechiangmai/posts/4557126591181617/
landhomechiangmai,https://www.facebook.com/groups/landhomechiangmai/,https://www.facebook.com/groups/landhomechiangmai/posts/4557126437848299/
landhomechiangmai,https://www.facebook.com/groups/landhomechiangmai/,https://www.facebook.com/groups/landhomechiangmai/posts/4557118481182428/
landhomechiangmai,https://www.facebook.com/groups/landhomechiangmai/,https://www.facebook.com/groups/landhomechiangmai/posts/4557125514515058/
landhomechiangmai,https://www.facebook.com/groups/landhomechiangmai/,https://www.facebook.com/groups/landhomechiangmai/posts/4557124947848448/
landhomechiangmai,https://www.facebook.com/groups/landhomechiangmai/,https://www.facebook.com/groups/landhomechiangmai/posts/4557123467848596/
landhomechiangmai,https://www.facebook.com/groups/landhomechiangmai/,https://www.facebook.com/groups/landhomechiangmai/posts/4557121304515479/
landhomechiangmai,https://www.facebook.com/groups/landhomechiangmai/,https://www.facebook.com/groups/landhomechiangmai/posts/4557120584515551/
landhomechiangmai,https://www.facebook.com/groups/landhomechiangmai/,https://www.facebook.com/groups/landhomechiangmai/posts/4557115527849390/
landhomechiangmai,https://www.facebook.com/groups/landhomechiangmai/,https://www.facebook.com/groups/landhomechiangmai/posts/4557107097850233/
landhomechiangmai,https://www.facebook.com/groups/landhomechiangmai/,https://www.facebook.com/groups/landhomechiangmai/posts/4557103681183908/
landhomechiangmai,https://www.facebook.com/groups/landhomechiangmai/,https://www.facebook.com/groups/landhomechiangmai/posts/4557101954517414/
landhomechiangmai,https://www.facebook.com/groups/landhomechiangmai/,https://www.facebook.com/groups/landhomechiangmai/posts/4557100624517547/
landhomechiangmai,https://www.facebook.com/groups/landhomechiangmai/,https://www.facebook.com/groups/landhomechiangmai/posts/4557094837851459/
landhomechiangmai,https://www.facebook.com/groups/landhomechiangmai/,https://www.facebook.com/groups/landhomechiangmai/posts/4557066914520918/
landhomechiangmai,https://www.facebook.com/groups/landhomechiangmai/,https://www.facebook.com/groups/landhomechiangmai/posts/4557079434519666/
landhomechiangmai,https://www.facebook.com/groups/landhomechiangmai/,https://www.facebook.com/groups/landhomechiangmai/posts/4557075397853403/
landhomechiangmai,https://www.facebook.com/groups/landhomechiangmai/,https://www.facebook.com/groups/landhomechiangmai/posts/4557071104520499/
landhomechiangmai,https://www.facebook.com/groups/landhomechiangmai/,https://www.facebook.com/groups/landhomechiangmai/posts/4557066861187590/
landhomechiangmai,https://www.facebook.com/groups/landhomechiangmai/,https://www.facebook.com/groups/landhomechiangmai/posts/4557064371187839/
landhomechiangmai,https://www.facebook.com/groups/landhomechiangmai/,https://www.facebook.com/groups/landhomechiangmai/posts/4557063247854618/
landhomechiangmai,https://www.facebook.com/groups/landhomechiangmai/,https://www.facebook.com/groups/landhomechiangmai/posts/4557070047853938/
landhomechiangmai,https://www.facebook.com/groups/landhomechiangmai/,https://www.facebook.com/groups/landhomechiangmai/posts/4557069154520694/
landhomechiangmai,https://www.facebook.com/groups/landhomechiangmai/,https://www.facebook.com/groups/landhomechiangmai/posts/4557062611188015/
landhomechiangmai,https://www.facebook.com/groups/landhomechiangmai/,https://www.facebook.com/groups/landhomechiangmai/posts/4557062534521356/
landhomechiangmai,https://www.facebook.com/groups/landhomechiangmai/,https://www.facebook.com/groups/landhomechiangmai/posts/4557062444521365/
landhomechiangmai,https://www.facebook.com/groups/landhomechiangmai/,https://www.facebook.com/groups/landhomechiangmai/posts/4557060367854906/
landhomechiangmai,https://www.facebook.com/groups/landhomechiangmai/,https://www.facebook.com/groups/landhomechiangmai/posts/4557059041188372/
landhomechiangmai,https://www.facebook.com/groups/landhomechiangmai/,https://www.facebook.com/groups/landhomechiangmai/posts/4557036751190601/
landhomechiangmai,https://www.facebook.com/groups/landhomechiangmai/,https://www.facebook.com/groups/landhomechiangmai/posts/4557052224522387/
landhomechiangmai,https://www.facebook.com/groups/landhomechiangmai/,https://www.facebook.com/groups/landhomechiangmai/posts/4557051441189132/
landhomechiangmai,https://www.facebook.com/groups/landhomechiangmai/,https://www.facebook.com/groups/landhomechiangmai/posts/4557045131189763/
landhomechiangmai,https://www.facebook.com/groups/landhomechiangmai/,https://www.facebook.com/groups/landhomechiangmai/posts/4557043287856614/
landhomechiangmai,https://www.facebook.com/groups/landhomechiangmai/,https://www.facebook.com/groups/landhomechiangmai/posts/4557040941190182/
landhomechiangmai,https://www.facebook.com/groups/landhomechiangmai/,https://www.facebook.com/groups/landhomechiangmai/posts/4557038327857110/
landhomechiangmai,https://www.facebook.com/groups/landhomechiangmai/,https://www.facebook.com/groups/landhomechiangmai/posts/4557035434524066/
landhomechiangmai,https://www.facebook.com/groups/landhomechiangmai/,https://www.facebook.com/groups/landhomechiangmai/posts/4557032694524340/
landhomechiangmai,https://www.facebook.com/groups/landhomechiangmai/,https://www.facebook.com/groups/landhomechiangmai/posts/4557031857857757/
landhomechiangmai,https://www.facebook.com/groups/landhomechiangmai/,https://www.facebook.com/groups/landhomechiangmai/posts/4557026497858293/
landhomechiangmai,https://www.facebook.com/groups/landhomechiangmai/,https://www.facebook.com/groups/landhomechiangmai/posts/4557019694525640/
landhomechiangmai,https://www.facebook.com/groups/landhomechiangmai/,https://www.facebook.com/groups/landhomechiangmai/posts/4557018904525719/
landhomechiangmai,https://www.facebook.com/groups/landhomechiangmai/,https://www.facebook.com/groups/landhomechiangmai/posts/4556991831195093/
landhomechiangmai,https://www.facebook.com/groups/landhomechiangmai/,https://www.facebook.com/groups/landhomechiangmai/posts/4557018354525774/
landhomechiangmai,https://www.facebook.com/groups/landhomechiangmai/,https://www.facebook.com/groups/landhomechiangmai/posts/4557007517860191/
landhomechiangmai,https://www.facebook.com/groups/landhomechiangmai/,https://www.facebook.com/groups/landhomechiangmai/posts/4557001321194144/
landhomechiangmai,https://www.facebook.com/groups/landhomechiangmai/,https://www.facebook.com/groups/landhomechiangmai/posts/4557000037860939/
landhomechiangmai,https://www.facebook.com/groups/landhomechiangmai/,https://www.facebook.com/groups/landhomechiangmai/posts/4556995731194703/
landhomechiangmai,https://www.facebook.com/groups/landhomechiangmai/,https://www.facebook.com/groups/landhomechiangmai/posts/4556975631196713/
landhomechiangmai,https://www.facebook.com/groups/landhomechiangmai/,https://www.facebook.com/groups/landhomechiangmai/posts/4556973397863603/
landhomechiangmai,https://www.facebook.com/groups/landhomechiangmai/,https://www.facebook.com/groups/landhomechiangmai/posts/4556967667864176/
landhomechiangmai,https://www.facebook.com/groups/landhomechiangmai/,https://www.facebook.com/groups/landhomechiangmai/posts/4556967541197522/
landhomechiangmai,https://www.facebook.com/groups/landhomechiangmai/,https://www.facebook.com/groups/landhomechiangmai/posts/4556963211197955/
landhomechiangmai,https://www.facebook.com/groups/landhomechiangmai/,https://www.facebook.com/groups/landhomechiangmai/posts/4556962107864732/
landhomechiangmai,https://www.facebook.com/groups/landhomechiangmai/,https://www.facebook.com/groups/landhomechiangmai/posts/4556961761198100/
landhomechiangmai,https://www.facebook.com/groups/landhomechiangmai/,https://www.facebook.com/groups/landhomechiangmai/posts/4556960281198248/
landhomechiangmai,https://www.facebook.com/groups/landhomechiangmai/,https://www.facebook.com/groups/landhomechiangmai/posts/4556955447865398/
landhomechiangmai,https://www.facebook.com/groups/landhomechiangmai/,https://www.facebook.com/groups/landhomechiangmai/posts/4556954984532111/
landhomechiangmai,https://www.facebook.com/groups/landhomechiangmai/,https://www.facebook.com/groups/landhomechiangmai/posts/4556953381198938/
landhomechiangmai,https://www.facebook.com/groups/landhomechiangmai/,https://www.facebook.com/groups/landhomechiangmai/posts/4556952531199023/
landhomechiangmai,https://www.facebook.com/groups/landhomechiangmai/,https://www.facebook.com/groups/landhomechiangmai/posts/4556951194532490/
landhomechiangmai,https://www.facebook.com/groups/landhomechiangmai/,https://www.facebook.com/groups/landhomechiangmai/posts/4556948881199388/
landhomechiangmai,https://www.facebook.com/groups/landhomechiangmai/,https://www.facebook.com/groups/landhomechiangmai/posts/4556947184532891/
landhomechiangmai,https://www.facebook.com/groups/landhomechiangmai/,https://www.facebook.com/groups/landhomechiangmai/posts/4556946781199598/
landhomechiangmai,https://www.facebook.com/groups/landhomechiangmai/,https://www.facebook.com/groups/landhomechiangmai/posts/4556944677866475/
landhomechiangmai,https://www.facebook.com/groups/landhomechiangmai/,https://www.facebook.com/groups/landhomechiangmai/posts/4556923191201957/
landhomechiangmai,https://www.facebook.com/groups/landhomechiangmai/,https://www.facebook.com/groups/landhomechiangmai/posts/4556940294533580/
landhomechiangmai,https://www.facebook.com/groups/landhomechiangmai/,https://www.facebook.com/groups/landhomechiangmai/posts/4556938494533760/
landhomechiangmai,https://www.facebook.com/groups/landhomechiangmai/,https://www.facebook.com/groups/landhomechiangmai/posts/4556932264534383/
landhomechiangmai,https://www.facebook.com/groups/landhomechiangmai/,https://www.facebook.com/groups/landhomechiangmai/posts/4556932154534394/
landhomechiangmai,https://www.facebook.com/groups/landhomechiangmai/,https://www.facebook.com/groups/landhomechiangmai/posts/4556929471201329/
landhomechiangmai,https://www.facebook.com/groups/landhomechiangmai/,https://www.facebook.com/groups/landhomechiangmai/posts/4556923357868607/
landhomechiangmai,https://www.facebook.com/groups/landhomechiangmai/,https://www.facebook.com/groups/landhomechiangmai/posts/4556920477868895/
landhomechiangmai,https://www.facebook.com/groups/landhomechiangmai/,https://www.facebook.com/groups/landhomechiangmai/posts/4556916104535999/
landhomechiangmai,https://www.facebook.com/groups/landhomechiangmai/,https://www.facebook.com/groups/landhomechiangmai/posts/4556911774536432/
landhomechiangmai,https://www.facebook.com/groups/landhomechiangmai/,https://www.facebook.com/groups/landhomechiangmai/posts/4556907844536825/
landhomechiangmai,https://www.facebook.com/groups/landhomechiangmai/,https://www.facebook.com/groups/landhomechiangmai/posts/4556901624537447/
landhomechiangmai,https://www.facebook.com/groups/landhomechiangmai/,https://www.facebook.com/groups/landhomechiangmai/posts/4556900574537552/
landhomechiangmai,https://www.facebook.com/groups/landhomechiangmai/,https://www.facebook.com/groups/landhomechiangmai/posts/4556898024537807/
landhomechiangmai,https://www.facebook.com/groups/landhomechiangmai/,https://www.facebook.com/groups/landhomechiangmai/posts/4556894174538192/
landhomechiangmai,https://www.facebook.com/groups/landhomechiangmai/,https://www.facebook.com/groups/landhomechiangmai/posts/4556894144538195/
landhomechiangmai,https://www.facebook.com/groups/landhomechiangmai/,https://www.facebook.com/groups/landhomechiangmai/posts/4556886814538928/
landhomechiangmai,https://www.facebook.com/groups/landhomechiangmai/,https://www.facebook.com/groups/landhomechiangmai/posts/4556885504539059/
landhomechiangmai,https://www.facebook.com/groups/landhomechiangmai/,https://www.facebook.com/groups/landhomechiangmai/posts/4556884604539149/
landhomechiangmai,https://www.facebook.com/groups/landhomechiangmai/,https://www.facebook.com/groups/landhomechiangmai/posts/4556880807872862/
landhomechiangmai,https://www.facebook.com/groups/landhomechiangmai/,https://www.facebook.com/groups/landhomechiangmai/posts/4556879137873029/
landhomechiangmai,https://www.facebook.com/groups/landhomechiangmai/,https://www.facebook.com/groups/landhomechiangmai/posts/4556875744540035/
landhomechiangmai,https://www.facebook.com/groups/landhomechiangmai/,https://www.facebook.com/groups/landhomechiangmai/posts/4556874814540128/
landhomechiangmai,https://www.facebook.com/groups/landhomechiangmai/,https://www.facebook.com/groups/landhomechiangmai/posts/4556870727873870/
landhomechiangmai,https://www.facebook.com/groups/landhomechiangmai/,https://www.facebook.com/groups/landhomechiangmai/posts/4556869157874027/
landhomechiangmai,https://www.facebook.com/groups/landhomechiangmai/,https://www.facebook.com/groups/landhomechiangmai/posts/4556862077874735/
landhomechiangmai,https://www.facebook.com/groups/landhomechiangmai/,https://www.facebook.com/groups/landhomechiangmai/posts/4556859794541630/
landhomechiangmai,https://www.facebook.com/groups/landhomechiangmai/,https://www.facebook.com/groups/landhomechiangmai/posts/4556858904541719/
landhomechiangmai,https://www.facebook.com/groups/landhomechiangmai/,https://www.facebook.com/groups/landhomechiangmai/posts/4556858534541756/
landhomechiangmai,https://www.facebook.com/groups/landhomechiangmai/,https://www.facebook.com/groups/landhomechiangmai/posts/4556857504541859/
landhomechiangmai,https://www.facebook.com/groups/landhomechiangmai/,https://www.facebook.com/groups/landhomechiangmai/posts/4556855444542065/
landhomechiangmai,https://www.facebook.com/groups/landhomechiangmai/,https://www.facebook.com/groups/landhomechiangmai/posts/4556853731208903/
landhomechiangmai,https://www.facebook.com/groups/landhomechiangmai/,https://www.facebook.com/groups/landhomechiangmai/posts/4556852291209047/
landhomechiangmai,https://www.facebook.com/groups/landhomechiangmai/,https://www.facebook.com/groups/landhomechiangmai/posts/4556850161209260/
landhomechiangmai,https://www.facebook.com/groups/landhomechiangmai/,https://www.facebook.com/groups/landhomechiangmai/posts/4556847554542854/
landhomechiangmai,https://www.facebook.com/groups/landhomechiangmai/,https://www.facebook.com/groups/landhomechiangmai/posts/4556847487876194/
landhomechiangmai,https://www.facebook.com/groups/landhomechiangmai/,https://www.facebook.com/groups/landhomechiangmai/posts/4556847174542892/
landhomechiangmai,https://www.facebook.com/groups/landhomechiangmai/,https://www.facebook.com/groups/landhomechiangmai/posts/4556846881209588/
landhomechiangmai,https://www.facebook.com/groups/landhomechiangmai/,https://www.facebook.com/groups/landhomechiangmai/posts/4556845237876419/
landhomechiangmai,https://www.facebook.com/groups/landhomechiangmai/,https://www.facebook.com/groups/landhomechiangmai/posts/4556843801209896/
landhomechiangmai,https://www.facebook.com/groups/landhomechiangmai/,https://www.facebook.com/groups/landhomechiangmai/posts/4556843294543280/
landhomechiangmai,https://www.facebook.com/groups/landhomechiangmai/,https://www.facebook.com/groups/landhomechiangmai/posts/4556843147876628/
landhomechiangmai,https://www.facebook.com/groups/landhomechiangmai/,https://www.facebook.com/groups/landhomechiangmai/posts/4556823571211919/
landhomechiangmai,https://www.facebook.com/groups/landhomechiangmai/,https://www.facebook.com/groups/landhomechiangmai/posts/4556841534543456/
landhomechiangmai,https://www.facebook.com/groups/landhomechiangmai/,https://www.facebook.com/groups/landhomechiangmai/posts/4556838324543777/
landhomechiangmai,https://www.facebook.com/groups/landhomechiangmai/,https://www.facebook.com/groups/landhomechiangmai/posts/4556832684544341/
landhomechiangmai,https://www.facebook.com/groups/landhomechiangmai/,https://www.facebook.com/groups/landhomechiangmai/posts/4556830637877879/
landhomechiangmai,https://www.facebook.com/groups/landhomechiangmai/,https://www.facebook.com/groups/landhomechiangmai/posts/4556829924544617/
landhomechiangmai,https://www.facebook.com/groups/landhomechiangmai/,https://www.facebook.com/groups/landhomechiangmai/posts/4556827331211543/
landhomechiangmai,https://www.facebook.com/groups/landhomechiangmai/,https://www.facebook.com/groups/landhomechiangmai/posts/4556814174546192/
landhomechiangmai,https://www.facebook.com/groups/landhomechiangmai/,https://www.facebook.com/groups/landhomechiangmai/posts/4556813601212916/
landhomechiangmai,https://www.facebook.com/groups/landhomechiangmai/,https://www.facebook.com/groups/landhomechiangmai/posts/4556812657879677/
landhomechiangmai,https://www.facebook.com/groups/landhomechiangmai/,https://www.facebook.com/groups/landhomechiangmai/posts/4556808584546751/
landhomechiangmai,https://www.facebook.com/groups/landhomechiangmai/,https://www.facebook.com/groups/landhomechiangmai/posts/4556807861213490/
landhomechiangmai,https://www.facebook.com/groups/landhomechiangmai/,https://www.facebook.com/groups/landhomechiangmai/posts/4556806487880294/
landhomechiangmai,https://www.facebook.com/groups/landhomechiangmai/,https://www.facebook.com/groups/landhomechiangmai/posts/4556800711214205/
landhomechiangmai,https://www.facebook.com/groups/landhomechiangmai/,https://www.facebook.com/groups/landhomechiangmai/posts/4556800371214239/
landhomechiangmai,https://www.facebook.com/groups/landhomechiangmai/,https://www.facebook.com/groups/landhomechiangmai/posts/4556786891215587/
landhomechiangmai,https://www.facebook.com/groups/landhomechiangmai/,https://www.facebook.com/groups/landhomechiangmai/posts/4556785994549010/
landhomechiangmai,https://www.facebook.com/groups/landhomechiangmai/,https://www.facebook.com/groups/landhomechiangmai/posts/4556784524549157/
landhomechiangmai,https://www.facebook.com/groups/landhomechiangmai/,https://www.facebook.com/groups/landhomechiangmai/posts/4556795091214767/
landhomechiangmai,https://www.facebook.com/groups/landhomechiangmai/,https://www.facebook.com/groups/landhomechiangmai/posts/4556790507881892/
landhomechiangmai,https://www.facebook.com/groups/landhomechiangmai/,https://www.facebook.com/groups/landhomechiangmai/posts/4556789817881961/
landhomechiangmai,https://www.facebook.com/groups/landhomechiangmai/,https://www.facebook.com/groups/landhomechiangmai/posts/4556788727882070/
landhomechiangmai,https://www.facebook.com/groups/landhomechiangmai/,https://www.facebook.com/groups/landhomechiangmai/posts/4556777897883153/
landhomechiangmai,https://www.facebook.com/groups/landhomechiangmai/,https://www.facebook.com/groups/landhomechiangmai/posts/4556776037883339/
landhomechiangmai,https://www.facebook.com/groups/landhomechiangmai/,https://www.facebook.com/groups/landhomechiangmai/posts/4556775401216736/
landhomechiangmai,https://www.facebook.com/groups/landhomechiangmai/,https://www.facebook.com/groups/landhomechiangmai/posts/4556782404549369/
landhomechiangmai,https://www.facebook.com/groups/landhomechiangmai/,https://www.facebook.com/groups/landhomechiangmai/posts/4556780931216183/
landhomechiangmai,https://www.facebook.com/groups/landhomechiangmai/,https://www.facebook.com/groups/landhomechiangmai/posts/4556779337883009/
landhomechiangmai,https://www.facebook.com/groups/landhomechiangmai/,https://www.facebook.com/groups/landhomechiangmai/posts/4556773574550252/
landhomechiangmai,https://www.facebook.com/groups/landhomechiangmai/,https://www.facebook.com/groups/landhomechiangmai/posts/4556772541217022/
landhomechiangmai,https://www.facebook.com/groups/landhomechiangmai/,https://www.facebook.com/groups/landhomechiangmai/posts/4556771981217078/
landhomechiangmai,https://www.facebook.com/groups/landhomechiangmai/,https://www.facebook.com/groups/landhomechiangmai/posts/4556761891218087/
landhomechiangmai,https://www.facebook.com/groups/landhomechiangmai/,https://www.facebook.com/groups/landhomechiangmai/posts/4556757827885160/
landhomechiangmai,https://www.facebook.com/groups/landhomechiangmai/,https://www.facebook.com/groups/landhomechiangmai/posts/4556755731218703/
landhomechiangmai,https://www.facebook.com/groups/landhomechiangmai/,https://www.facebook.com/groups/landhomechiangmai/posts/4556753787885564/
landhomechiangmai,https://www.facebook.com/groups/landhomechiangmai/,https://www.facebook.com/groups/landhomechiangmai/posts/4556747144552895/
landhomechiangmai,https://www.facebook.com/groups/landhomechiangmai/,https://www.facebook.com/groups/landhomechiangmai/posts/4556746607886282/
landhomechiangmai,https://www.facebook.com/groups/landhomechiangmai/,https://www.facebook.com/groups/landhomechiangmai/posts/4556746337886309/
landhomechiangmai,https://www.facebook.com/groups/landhomechiangmai/,https://www.facebook.com/groups/landhomechiangmai/posts/4556744194553190/
landhomechiangmai,https://www.facebook.com/groups/landhomechiangmai/,https://www.facebook.com/groups/landhomechiangmai/posts/4556737887887154/
landhomechiangmai,https://www.facebook.com/groups/landhomechiangmai/,https://www.facebook.com/groups/landhomechiangmai/posts/4556737157887227/
landhomechiangmai,https://www.facebook.com/groups/landhomechiangmai/,https://www.facebook.com/groups/landhomechiangmai/posts/4556733741220902/
landhomechiangmai,https://www.facebook.com/groups/landhomechiangmai/,https://www.facebook.com/groups/landhomechiangmai/posts/4556732834554326/
landhomechiangmai,https://www.facebook.com/groups/landhomechiangmai/,https://www.facebook.com/groups/landhomechiangmai/posts/4556731474554462/
landhomechiangmai,https://www.facebook.com/groups/landhomechiangmai/,https://www.facebook.com/groups/landhomechiangmai/posts/4556730541221222/
landhomechiangmai,https://www.facebook.com/groups/landhomechiangmai/,https://www.facebook.com/groups/landhomechiangmai/posts/4556725267888416/
landhomechiangmai,https://www.facebook.com/groups/landhomechiangmai/,https://www.facebook.com/groups/landhomechiangmai/posts/4556720947888848/
landhomechiangmai,https://www.facebook.com/groups/landhomechiangmai/,https://www.facebook.com/groups/landhomechiangmai/posts/4556719227889020/
landhomechiangmai,https://www.facebook.com/groups/landhomechiangmai/,https://www.facebook.com/groups/landhomechiangmai/posts/4556718751222401/
landhomechiangmai,https://www.facebook.com/groups/landhomechiangmai/,https://www.facebook.com/groups/landhomechiangmai/posts/4556716841222592/
landhomechiangmai,https://www.facebook.com/groups/landhomechiangmai/,https://www.facebook.com/groups/landhomechiangmai/posts/4556715864556023/
landhomechiangmai,https://www.facebook.com/groups/landhomechiangmai/,https://www.facebook.com/groups/landhomechiangmai/posts/4556715667889376/
landhomechiangmai,https://www.facebook.com/groups/landhomechiangmai/,https://www.facebook.com/groups/landhomechiangmai/posts/4556714227889520/
landhomechiangmai,https://www.facebook.com/groups/landhomechiangmai/,https://www.facebook.com/groups/landhomechiangmai/posts/4556713501222926/
landhomechiangmai,https://www.facebook.com/groups/landhomechiangmai/,https://www.facebook.com/groups/landhomechiangmai/posts/4556712084556401/
landhomechiangmai,https://www.facebook.com/groups/landhomechiangmai/,https://www.facebook.com/groups/landhomechiangmai/posts/4556711544556455/
landhomechiangmai,https://www.facebook.com/groups/landhomechiangmai/,https://www.facebook.com/groups/landhomechiangmai/posts/4556711247889818/
landhomechiangmai,https://www.facebook.com/groups/landhomechiangmai/,https://www.facebook.com/groups/landhomechiangmai/posts/4556710387889904/
landhomechiangmai,https://www.facebook.com/groups/landhomechiangmai/,https://www.facebook.com/groups/landhomechiangmai/posts/4556708304556779/
landhomechiangmai,https://www.facebook.com/groups/landhomechiangmai/,https://www.facebook.com/groups/landhomechiangmai/posts/4556700604557549/
landhomechiangmai,https://www.facebook.com/groups/landhomechiangmai/,https://www.facebook.com/groups/landhomechiangmai/posts/4556700257890917/
landhomechiangmai,https://www.facebook.com/groups/landhomechiangmai/,https://www.facebook.com/groups/landhomechiangmai/posts/4556695397891403/
landhomechiangmai,https://www.facebook.com/groups/landhomechiangmai/,https://www.facebook.com/groups/landhomechiangmai/posts/4556695024558107/
landhomechiangmai,https://www.facebook.com/groups/landhomechiangmai/,https://www.facebook.com/groups/landhomechiangmai/posts/4556692971224979/
landhomechiangmai,https://www.facebook.com/groups/landhomechiangmai/,https://www.facebook.com/groups/landhomechiangmai/posts/4556691711225105/
landhomechiangmai,https://www.facebook.com/groups/landhomechiangmai/,https://www.facebook.com/groups/landhomechiangmai/posts/4556690557891887/
landhomechiangmai,https://www.facebook.com/groups/landhomechiangmai/,https://www.facebook.com/groups/landhomechiangmai/posts/4556681921226084/
landhomechiangmai,https://www.facebook.com/groups/landhomechiangmai/,https://www.facebook.com/groups/landhomechiangmai/posts/4556679717892971/
landhomechiangmai,https://www.facebook.com/groups/landhomechiangmai/,https://www.facebook.com/groups/landhomechiangmai/posts/4556677077893235/
landhomechiangmai,https://www.facebook.com/groups/landhomechiangmai/,https://www.facebook.com/groups/landhomechiangmai/posts/4556675567893386/
landhomechiangmai,https://www.facebook.com/groups/landhomechiangmai/,https://www.facebook.com/groups/landhomechiangmai/posts/4556675151226761/
landhomechiangmai,https://www.facebook.com/groups/landhomechiangmai/,https://www.facebook.com/groups/landhomechiangmai/posts/4556672691227007/
landhomechiangmai,https://www.facebook.com/groups/landhomechiangmai/,https://www.facebook.com/groups/landhomechiangmai/posts/4556672607893682/
landhomechiangmai,https://www.facebook.com/groups/landhomechiangmai/,https://www.facebook.com/groups/landhomechiangmai/posts/4556668984560711/
landhomechiangmai,https://www.facebook.com/groups/landhomechiangmai/,https://www.facebook.com/groups/landhomechiangmai/posts/4556666914560918/
landhomechiangmai,https://www.facebook.com/groups/landhomechiangmai/,https://www.facebook.com/groups/landhomechiangmai/posts/4556666357894307/
landhomechiangmai,https://www.facebook.com/groups/landhomechiangmai/,https://www.facebook.com/groups/landhomechiangmai/posts/4556664327894510/
landhomechiangmai,https://www.facebook.com/groups/landhomechiangmai/,https://www.facebook.com/groups/landhomechiangmai/posts/4556664164561193/
landhomechiangmai,https://www.facebook.com/groups/landhomechiangmai/,https://www.facebook.com/groups/landhomechiangmai/posts/4556663951227881/
landhomechiangmai,https://www.facebook.com/groups/landhomechiangmai/,https://www.facebook.com/groups/landhomechiangmai/posts/4556663574561252/
landhomechiangmai,https://www.facebook.com/groups/landhomechiangmai/,https://www.facebook.com/groups/landhomechiangmai/posts/4556662411228035/
landhomechiangmai,https://www.facebook.com/groups/landhomechiangmai/,https://www.facebook.com/groups/landhomechiangmai/posts/4556661987894744/
landhomechiangmai,https://www.facebook.com/groups/landhomechiangmai/,https://www.facebook.com/groups/landhomechiangmai/posts/4556661224561487/
landhomechiangmai,https://www.facebook.com/groups/landhomechiangmai/,https://www.facebook.com/groups/landhomechiangmai/posts/4556660431228233/
landhomechiangmai,https://www.facebook.com/groups/landhomechiangmai/,https://www.facebook.com/groups/landhomechiangmai/posts/4556658791228397/
landhomechiangmai,https://www.facebook.com/groups/landhomechiangmai/,https://www.facebook.com/groups/landhomechiangmai/posts/4556652314562378/
landhomechiangmai,https://www.facebook.com/groups/landhomechiangmai/,https://www.facebook.com/groups/landhomechiangmai/posts/4556650351229241/
landhomechiangmai,https://www.facebook.com/groups/landhomechiangmai/,https://www.facebook.com/groups/landhomechiangmai/posts/4556648224562787/
landhomechiangmai,https://www.facebook.com/groups/landhomechiangmai/,https://www.facebook.com/groups/landhomechiangmai/posts/4556658284561781/
landhomechiangmai,https://www.facebook.com/groups/landhomechiangmai/,https://www.facebook.com/groups/landhomechiangmai/posts/4556656144561995/
landhomechiangmai,https://www.facebook.com/groups/landhomechiangmai/,https://www.facebook.com/groups/landhomechiangmai/posts/4556655361228740/
landhomechiangmai,https://www.facebook.com/groups/landhomechiangmai/,https://www.facebook.com/groups/landhomechiangmai/posts/4556641957896747/
landhomechiangmai,https://www.facebook.com/groups/landhomechiangmai/,https://www.facebook.com/groups/landhomechiangmai/posts/4556641914563418/
landhomechiangmai,https://www.facebook.com/groups/landhomechiangmai/,https://www.facebook.com/groups/landhomechiangmai/posts/4556635394564070/
landhomechiangmai,https://www.facebook.com/groups/landhomechiangmai/,https://www.facebook.com/groups/landhomechiangmai/posts/4556642511230025/
landhomechiangmai,https://www.facebook.com/groups/landhomechiangmai/,https://www.facebook.com/groups/landhomechiangmai/posts/4556642191230057/
landhomechiangmai,https://www.facebook.com/groups/landhomechiangmai/,https://www.facebook.com/groups/landhomechiangmai/posts/4556642071230069/
landhomechiangmai,https://www.facebook.com/groups/landhomechiangmai/,https://www.facebook.com/groups/landhomechiangmai/posts/4556634697897473/
landhomechiangmai,https://www.facebook.com/groups/landhomechiangmai/,https://www.facebook.com/groups/landhomechiangmai/posts/4556628567898086/
landhomechiangmai,https://www.facebook.com/groups/landhomechiangmai/,https://www.facebook.com/groups/landhomechiangmai/posts/4556627081231568/
landhomechiangmai,https://www.facebook.com/groups/landhomechiangmai/,https://www.facebook.com/groups/landhomechiangmai/posts/4556626641231612/
landhomechiangmai,https://www.facebook.com/groups/landhomechiangmai/,https://www.facebook.com/groups/landhomechiangmai/posts/4556625447898398/
landhomechiangmai,https://www.facebook.com/groups/landhomechiangmai/,https://www.facebook.com/groups/landhomechiangmai/posts/4556621231232153/
landhomechiangmai,https://www.facebook.com/groups/landhomechiangmai/,https://www.facebook.com/groups/landhomechiangmai/posts/4556615204566089/
landhomechiangmai,https://www.facebook.com/groups/landhomechiangmai/,https://www.facebook.com/groups/landhomechiangmai/posts/4556614391232837/
landhomechiangmai,https://www.facebook.com/groups/landhomechiangmai/,https://www.facebook.com/groups/landhomechiangmai/posts/4556612967899646/
landhomechiangmai,https://www.facebook.com/groups/landhomechiangmai/,https://www.facebook.com/groups/landhomechiangmai/posts/4556597501234526/
landhomechiangmai,https://www.facebook.com/groups/landhomechiangmai/,https://www.facebook.com/groups/landhomechiangmai/posts/4556597067901236/
landhomechiangmai,https://www.facebook.com/groups/landhomechiangmai/,https://www.facebook.com/groups/landhomechiangmai/posts/4556592927901650/
landhomechiangmai,https://www.facebook.com/groups/landhomechiangmai/,https://www.facebook.com/groups/landhomechiangmai/posts/4556609184566691/
landhomechiangmai,https://www.facebook.com/groups/landhomechiangmai/,https://www.facebook.com/groups/landhomechiangmai/posts/4556602027900740/
landhomechiangmai,https://www.facebook.com/groups/landhomechiangmai/,https://www.facebook.com/groups/landhomechiangmai/posts/4556601854567424/
landhomechiangmai,https://www.facebook.com/groups/landhomechiangmai/,https://www.facebook.com/groups/landhomechiangmai/posts/4556590984568511/
landhomechiangmai,https://www.facebook.com/groups/landhomechiangmai/,https://www.facebook.com/groups/landhomechiangmai/posts/4556590861235190/
landhomechiangmai,https://www.facebook.com/groups/landhomechiangmai/,https://www.facebook.com/groups/landhomechiangmai/posts/4556589487901994/
landhomechiangmai,https://www.facebook.com/groups/landhomechiangmai/,https://www.facebook.com/groups/landhomechiangmai/posts/4556585371235739/
landhomechiangmai,https://www.facebook.com/groups/landhomechiangmai/,https://www.facebook.com/groups/landhomechiangmai/posts/4556584821235794/
landhomechiangmai,https://www.facebook.com/groups/landhomechiangmai/,https://www.facebook.com/groups/landhomechiangmai/posts/4556581121236164/
landhomechiangmai,https://www.facebook.com/groups/landhomechiangmai/,https://www.facebook.com/groups/landhomechiangmai/posts/4556580927902850/
landhomechiangmai,https://www.facebook.com/groups/landhomechiangmai/,https://www.facebook.com/groups/landhomechiangmai/posts/4556578664569743/
landhomechiangmai,https://www.facebook.com/groups/landhomechiangmai/,https://www.facebook.com/groups/landhomechiangmai/posts/4556577327903210/
landhomechiangmai,https://www.facebook.com/groups/landhomechiangmai/,https://www.facebook.com/groups/landhomechiangmai/posts/4556575001236776/
landhomechiangmai,https://www.facebook.com/groups/landhomechiangmai/,https://www.facebook.com/groups/landhomechiangmai/posts/4556573877903555/
landhomechiangmai,https://www.facebook.com/groups/landhomechiangmai/,https://www.facebook.com/groups/landhomechiangmai/posts/4556572257903717/
landhomechiangmai,https://www.facebook.com/groups/landhomechiangmai/,https://www.facebook.com/groups/landhomechiangmai/posts/4556548441239432/
landhomechiangmai,https://www.facebook.com/groups/landhomechiangmai/,https://www.facebook.com/groups/landhomechiangmai/posts/4556569044570705/
landhomechiangmai,https://www.facebook.com/groups/landhomechiangmai/,https://www.facebook.com/groups/landhomechiangmai/posts/4556565004571109/
landhomechiangmai,https://www.facebook.com/groups/landhomechiangmai/,https://www.facebook.com/groups/landhomechiangmai/posts/4556560057904937/
landhomechiangmai,https://www.facebook.com/groups/landhomechiangmai/,https://www.facebook.com/groups/landhomechiangmai/posts/4556557507905192/
landhomechiangmai,https://www.facebook.com/groups/landhomechiangmai/,https://www.facebook.com/groups/landhomechiangmai/posts/4556552337905709/
landhomechiangmai,https://www.facebook.com/groups/landhomechiangmai/,https://www.facebook.com/groups/landhomechiangmai/posts/4556547907906152/
landhomechiangmai,https://www.facebook.com/groups/landhomechiangmai/,https://www.facebook.com/groups/landhomechiangmai/posts/4556547847906158/
landhomechiangmai,https://www.facebook.com/groups/landhomechiangmai/,https://www.facebook.com/groups/landhomechiangmai/posts/4556519407909002/
landhomechiangmai,https://www.facebook.com/groups/landhomechiangmai/,https://www.facebook.com/groups/landhomechiangmai/posts/4556540844573525/
landhomechiangmai,https://www.facebook.com/groups/landhomechiangmai/,https://www.facebook.com/groups/landhomechiangmai/posts/4556539724573637/
landhomechiangmai,https://www.facebook.com/groups/landhomechiangmai/,https://www.facebook.com/groups/landhomechiangmai/posts/4556537464573863/
landhomechiangmai,https://www.facebook.com/groups/landhomechiangmai/,https://www.facebook.com/groups/landhomechiangmai/posts/4556537221240554/
landhomechiangmai,https://www.facebook.com/groups/landhomechiangmai/,https://www.facebook.com/groups/landhomechiangmai/posts/4556517611242515/
landhomechiangmai,https://www.facebook.com/groups/landhomechiangmai/,https://www.facebook.com/groups/landhomechiangmai/posts/4556474814580128/
landhomechiangmai,https://www.facebook.com/groups/landhomechiangmai/,https://www.facebook.com/groups/landhomechiangmai/posts/4556464061247870/
landhomechiangmai,https://www.facebook.com/groups/landhomechiangmai/,https://www.facebook.com/groups/landhomechiangmai/posts/4556531147907828/
landhomechiangmai,https://www.facebook.com/groups/landhomechiangmai/,https://www.facebook.com/groups/landhomechiangmai/posts/4556530511241225/
landhomechiangmai,https://www.facebook.com/groups/landhomechiangmai/,https://www.facebook.com/groups/landhomechiangmai/posts/4556239107937032/
landhomechiangmai,https://www.facebook.com/groups/landhomechiangmai/,https://www.facebook.com/groups/landhomechiangmai/posts/4556353277925615/
landhomechiangmai,https://www.facebook.com/groups/landhomechiangmai/,https://www.facebook.com/groups/landhomechiangmai/posts/4556256244601985/
landhomechiangmai,https://www.facebook.com/groups/landhomechiangmai/,https://www.facebook.com/groups/landhomechiangmai/posts/4556234967937446/
landhomechiangmai,https://www.facebook.com/groups/landhomechiangmai/,https://www.facebook.com/groups/landhomechiangmai/posts/4556225841271692/
landhomechiangmai,https://www.facebook.com/groups/landhomechiangmai/,https://www.facebook.com/groups/landhomechiangmai/posts/4556225591271717/
landhomechiangmai,https://www.facebook.com/groups/landhomechiangmai/,https://www.facebook.com/groups/landhomechiangmai/posts/4556225234605086/
landhomechiangmai,https://www.facebook.com/groups/landhomechiangmai/,https://www.facebook.com/groups/landhomechiangmai/posts/4556216554605954/
landhomechiangmai,https://www.facebook.com/groups/landhomechiangmai/,https://www.facebook.com/groups/landhomechiangmai/posts/4556207814606828/
landhomechiangmai,https://www.facebook.com/groups/landhomechiangmai/,https://www.facebook.com/groups/landhomechiangmai/posts/4556195667941376/
landhomechiangmai,https://www.facebook.com/groups/landhomechiangmai/,https://www.facebook.com/groups/landhomechiangmai/posts/4556194981274778/
landhomechiangmai,https://www.facebook.com/groups/landhomechiangmai/,https://www.facebook.com/groups/landhomechiangmai/posts/4556181027942840/
landhomechiangmai,https://www.facebook.com/groups/landhomechiangmai/,https://www.facebook.com/groups/landhomechiangmai/posts/4556174704610139/
landhomechiangmai,https://www.facebook.com/groups/landhomechiangmai/,https://www.facebook.com/groups/landhomechiangmai/posts/4556152084612401/
landhomechiangmai,https://www.facebook.com/groups/landhomechiangmai/,https://www.facebook.com/groups/landhomechiangmai/posts/4556134407947502/
landhomechiangmai,https://www.facebook.com/groups/landhomechiangmai/,https://www.facebook.com/groups/landhomechiangmai/posts/4556125497948393/
landhomechiangmai,https://www.facebook.com/groups/landhomechiangmai/,https://www.facebook.com/groups/landhomechiangmai/posts/4556122124615397/
landhomechiangmai,https://www.facebook.com/groups/landhomechiangmai/,https://www.facebook.com/groups/landhomechiangmai/posts/4556121697948773/
landhomechiangmai,https://www.facebook.com/groups/landhomechiangmai/,https://www.facebook.com/groups/landhomechiangmai/posts/4556119831282293/
landhomechiangmai,https://www.facebook.com/groups/landhomechiangmai/,https://www.facebook.com/groups/landhomechiangmai/posts/4556113254616284/
landhomechiangmai,https://www.facebook.com/groups/landhomechiangmai/,https://www.facebook.com/groups/landhomechiangmai/posts/4556110794616530/
landhomechiangmai,https://www.facebook.com/groups/landhomechiangmai/,https://www.facebook.com/groups/landhomechiangmai/posts/4556106497950293/
landhomechiangmai,https://www.facebook.com/groups/landhomechiangmai/,https://www.facebook.com/groups/landhomechiangmai/posts/4556100554617554/
landhomechiangmai,https://www.facebook.com/groups/landhomechiangmai/,https://www.facebook.com/groups/landhomechiangmai/posts/4556099844617625/
landhomechiangmai,https://www.facebook.com/groups/landhomechiangmai/,https://www.facebook.com/groups/landhomechiangmai/posts/4556099044617705/
landhomechiangmai,https://www.facebook.com/groups/landhomechiangmai/,https://www.facebook.com/groups/landhomechiangmai/posts/4556097724617837/
landhomechiangmai,https://www.facebook.com/groups/landhomechiangmai/,https://www.facebook.com/groups/landhomechiangmai/posts/4556095527951390/
landhomechiangmai,https://www.facebook.com/groups/landhomechiangmai/,https://www.facebook.com/groups/landhomechiangmai/posts/4556089141285362/
landhomechiangmai,https://www.facebook.com/groups/landhomechiangmai/,https://www.facebook.com/groups/landhomechiangmai/posts/4556074931286783/
landhomechiangmai,https://www.facebook.com/groups/landhomechiangmai/,https://www.facebook.com/groups/landhomechiangmai/posts/4556070287953914/
landhomechiangmai,https://www.facebook.com/groups/landhomechiangmai/,https://www.facebook.com/groups/landhomechiangmai/posts/4556069854620624/
landhomechiangmai,https://www.facebook.com/groups/landhomechiangmai/,https://www.facebook.com/groups/landhomechiangmai/posts/4556066221287654/
landhomechiangmai,https://www.facebook.com/groups/landhomechiangmai/,https://www.facebook.com/groups/landhomechiangmai/posts/4556065981287678/
landhomechiangmai,https://www.facebook.com/groups/landhomechiangmai/,https://www.facebook.com/groups/landhomechiangmai/posts/4556059357955007/
landhomechiangmai,https://www.facebook.com/groups/landhomechiangmai/,https://www.facebook.com/groups/landhomechiangmai/posts/4556052171289059/
landhomechiangmai,https://www.facebook.com/groups/landhomechiangmai/,https://www.facebook.com/groups/landhomechiangmai/posts/4556041187956824/
landhomechiangmai,https://www.facebook.com/groups/landhomechiangmai/,https://www.facebook.com/groups/landhomechiangmai/posts/4556038707957072/
landhomechiangmai,https://www.facebook.com/groups/landhomechiangmai/,https://www.facebook.com/groups/landhomechiangmai/posts/4556035331290743/
landhomechiangmai,https://www.facebook.com/groups/landhomechiangmai/,https://www.facebook.com/groups/landhomechiangmai/posts/4556032657957677/
landhomechiangmai,https://www.facebook.com/groups/landhomechiangmai/,https://www.facebook.com/groups/landhomechiangmai/posts/4556031107957832/
landhomechiangmai,https://www.facebook.com/groups/landhomechiangmai/,https://www.facebook.com/groups/landhomechiangmai/posts/4556028764624733/
landhomechiangmai,https://www.facebook.com/groups/landhomechiangmai/,https://www.facebook.com/groups/landhomechiangmai/posts/4556027904624819/
landhomechiangmai,https://www.facebook.com/groups/landhomechiangmai/,https://www.facebook.com/groups/landhomechiangmai/posts/4556026871291589/
landhomechiangmai,https://www.facebook.com/groups/landhomechiangmai/,https://www.facebook.com/groups/landhomechiangmai/posts/4556026814624928/
landhomechiangmai,https://www.facebook.com/groups/landhomechiangmai/,https://www.facebook.com/groups/landhomechiangmai/posts/4556025717958371/
landhomechiangmai,https://www.facebook.com/groups/landhomechiangmai/,https://www.facebook.com/groups/landhomechiangmai/posts/4556024454625164/
landhomechiangmai,https://www.facebook.com/groups/landhomechiangmai/,https://www.facebook.com/groups/landhomechiangmai/posts/4556022281292048/
landhomechiangmai,https://www.facebook.com/groups/landhomechiangmai/,https://www.facebook.com/groups/landhomechiangmai/posts/4556021604625449/
landhomechiangmai,https://www.facebook.com/groups/landhomechiangmai/,https://www.facebook.com/groups/landhomechiangmai/posts/4556021347958808/
landhomechiangmai,https://www.facebook.com/groups/landhomechiangmai/,https://www.facebook.com/groups/landhomechiangmai/posts/4556021161292160/
landhomechiangmai,https://www.facebook.com/groups/landhomechiangmai/,https://www.facebook.com/groups/landhomechiangmai/posts/4556020984625511/
landhomechiangmai,https://www.facebook.com/groups/landhomechiangmai/,https://www.facebook.com/groups/landhomechiangmai/posts/4555998021294474/
landhomechiangmai,https://www.facebook.com/groups/landhomechiangmai/,https://www.facebook.com/groups/landhomechiangmai/posts/4555996474627962/
landhomechiangmai,https://www.facebook.com/groups/landhomechiangmai/,https://www.facebook.com/groups/landhomechiangmai/posts/4556016367959306/
landhomechiangmai,https://www.facebook.com/groups/landhomechiangmai/,https://www.facebook.com/groups/landhomechiangmai/posts/4556010751293201/
landhomechiangmai,https://www.facebook.com/groups/landhomechiangmai/,https://www.facebook.com/groups/landhomechiangmai/posts/4556004531293823/
landhomechiangmai,https://www.facebook.com/groups/landhomechiangmai/,https://www.facebook.com/groups/landhomechiangmai/posts/4555996044628005/
landhomechiangmai,https://www.facebook.com/groups/landhomechiangmai/,https://www.facebook.com/groups/landhomechiangmai/posts/4555993507961592/
landhomechiangmai,https://www.facebook.com/groups/landhomechiangmai/,https://www.facebook.com/groups/landhomechiangmai/posts/4555991441295132/
landhomechiangmai,https://www.facebook.com/groups/landhomechiangmai/,https://www.facebook.com/groups/landhomechiangmai/posts/4555990281295248/
landhomechiangmai,https://www.facebook.com/groups/landhomechiangmai/,https://www.facebook.com/groups/landhomechiangmai/posts/4555989321295344/
landhomechiangmai,https://www.facebook.com/groups/landhomechiangmai/,https://www.facebook.com/groups/landhomechiangmai/posts/4555985774629032/
landhomechiangmai,https://www.facebook.com/groups/landhomechiangmai/,https://www.facebook.com/groups/landhomechiangmai/posts/4555985351295741/
landhomechiangmai,https://www.facebook.com/groups/landhomechiangmai/,https://www.facebook.com/groups/landhomechiangmai/posts/4555983464629263/
landhomechiangmai,https://www.facebook.com/groups/landhomechiangmai/,https://www.facebook.com/groups/landhomechiangmai/posts/4555983424629267/
landhomechiangmai,https://www.facebook.com/groups/landhomechiangmai/,https://www.facebook.com/groups/landhomechiangmai/posts/4555982584629351/
landhomechiangmai,https://www.facebook.com/groups/landhomechiangmai/,https://www.facebook.com/groups/landhomechiangmai/posts/4555966351297641/
landhomechiangmai,https://www.facebook.com/groups/landhomechiangmai/,https://www.facebook.com/groups/landhomechiangmai/posts/4555981547962788/
landhomechiangmai,https://www.facebook.com/groups/landhomechiangmai/,https://www.facebook.com/groups/landhomechiangmai/posts/4555978244629785/
landhomechiangmai,https://www.facebook.com/groups/landhomechiangmai/,https://www.facebook.com/groups/landhomechiangmai/posts/4555975154630094/
landhomechiangmai,https://www.facebook.com/groups/landhomechiangmai/,https://www.facebook.com/groups/landhomechiangmai/posts/4555971661297110/
landhomechiangmai,https://www.facebook.com/groups/landhomechiangmai/,https://www.facebook.com/groups/landhomechiangmai/posts/4555967194630890/
landhomechiangmai,https://www.facebook.com/groups/landhomechiangmai/,https://www.facebook.com/groups/landhomechiangmai/posts/4555962677964675/
landhomechiangmai,https://www.facebook.com/groups/landhomechiangmai/,https://www.facebook.com/groups/landhomechiangmai/posts/4555960607964882/
landhomechiangmai,https://www.facebook.com/groups/landhomechiangmai/,https://www.facebook.com/groups/landhomechiangmai/posts/4555937687967174/
landhomechiangmai,https://www.facebook.com/groups/landhomechiangmai/,https://www.facebook.com/groups/landhomechiangmai/posts/4555925667968376/
landhomechiangmai,https://www.facebook.com/groups/landhomechiangmai/,https://www.facebook.com/groups/landhomechiangmai/posts/4555956027965340/
landhomechiangmai,https://www.facebook.com/groups/landhomechiangmai/,https://www.facebook.com/groups/landhomechiangmai/posts/4555951907965752/
landhomechiangmai,https://www.facebook.com/groups/landhomechiangmai/,https://www.facebook.com/groups/landhomechiangmai/posts/4555946761299600/
landhomechiangmai,https://www.facebook.com/groups/landhomechiangmai/,https://www.facebook.com/groups/landhomechiangmai/posts/4555944181299858/
landhomechiangmai,https://www.facebook.com/groups/landhomechiangmai/,https://www.facebook.com/groups/landhomechiangmai/posts/4555916571302619/
landhomechiangmai,https://www.facebook.com/groups/landhomechiangmai/,https://www.facebook.com/groups/landhomechiangmai/posts/4555907434636866/
landhomechiangmai,https://www.facebook.com/groups/landhomechiangmai/,https://www.facebook.com/groups/landhomechiangmai/posts/4555906557970287/
landhomechiangmai,https://www.facebook.com/groups/landhomechiangmai/,https://www.facebook.com/groups/landhomechiangmai/posts/4555905761303700/
landhomechiangmai,https://www.facebook.com/groups/landhomechiangmai/,https://www.facebook.com/groups/landhomechiangmai/posts/4555913567969586/
landhomechiangmai,https://www.facebook.com/groups/landhomechiangmai/,https://www.facebook.com/groups/landhomechiangmai/posts/4555910741303202/
landhomechiangmai,https://www.facebook.com/groups/landhomechiangmai/,https://www.facebook.com/groups/landhomechiangmai/posts/4555908504636759/
landhomechiangmai,https://www.facebook.com/groups/landhomechiangmai/,https://www.facebook.com/groups/landhomechiangmai/posts/4555897531304523/
landhomechiangmai,https://www.facebook.com/groups/landhomechiangmai/,https://www.facebook.com/groups/landhomechiangmai/posts/4555903444637265/
landhomechiangmai,https://www.facebook.com/groups/landhomechiangmai/,https://www.facebook.com/groups/landhomechiangmai/posts/4555902437970699/
landhomechiangmai,https://www.facebook.com/groups/landhomechiangmai/,https://www.facebook.com/groups/landhomechiangmai/posts/4555901394637470/
landhomechiangmai,https://www.facebook.com/groups/landhomechiangmai/,https://www.facebook.com/groups/landhomechiangmai/posts/4555898407971102/
landhomechiangmai,https://www.facebook.com/groups/landhomechiangmai/,https://www.facebook.com/groups/landhomechiangmai/posts/4555898374637772/
landhomechiangmai,https://www.facebook.com/groups/landhomechiangmai/,https://www.facebook.com/groups/landhomechiangmai/posts/4555891921305084/
landhomechiangmai,https://www.facebook.com/groups/landhomechiangmai/,https://www.facebook.com/groups/landhomechiangmai/posts/4555889884638621/
landhomechiangmai,https://www.facebook.com/groups/landhomechiangmai/,https://www.facebook.com/groups/landhomechiangmai/posts/4555886344638975/
landhomechiangmai,https://www.facebook.com/groups/landhomechiangmai/,https://www.facebook.com/groups/landhomechiangmai/posts/4555884257972517/
landhomechiangmai,https://www.facebook.com/groups/landhomechiangmai/,https://www.facebook.com/groups/landhomechiangmai/posts/4555883934639216/
landhomechiangmai,https://www.facebook.com/groups/landhomechiangmai/,https://www.facebook.com/groups/landhomechiangmai/posts/4555880801306196/
landhomechiangmai,https://www.facebook.com/groups/landhomechiangmai/,https://www.facebook.com/groups/landhomechiangmai/posts/4555877831306493/
landhomechiangmai,https://www.facebook.com/groups/landhomechiangmai/,https://www.facebook.com/groups/landhomechiangmai/posts/4555872851306991/
landhomechiangmai,https://www.facebook.com/groups/landhomechiangmai/,https://www.facebook.com/groups/landhomechiangmai/posts/4555867511307525/
landhomechiangmai,https://www.facebook.com/groups/landhomechiangmai/,https://www.facebook.com/groups/landhomechiangmai/posts/4555864664641143/
landhomechiangmai,https://www.facebook.com/groups/landhomechiangmai/,https://www.facebook.com/groups/landhomechiangmai/posts/4555856271308649/
landhomechiangmai,https://www.facebook.com/groups/landhomechiangmai/,https://www.facebook.com/groups/landhomechiangmai/posts/4555851327975810/
landhomechiangmai,https://www.facebook.com/groups/landhomechiangmai/,https://www.facebook.com/groups/landhomechiangmai/posts/4555848927976050/
landhomechiangmai,https://www.facebook.com/groups/landhomechiangmai/,https://www.facebook.com/groups/landhomechiangmai/posts/4555847097976233/
landhomechiangmai,https://www.facebook.com/groups/landhomechiangmai/,https://www.facebook.com/groups/landhomechiangmai/posts/4555843841309892/
landhomechiangmai,https://www.facebook.com/groups/landhomechiangmai/,https://www.facebook.com/groups/landhomechiangmai/posts/4555839401310336/
landhomechiangmai,https://www.facebook.com/groups/landhomechiangmai/,https://www.facebook.com/groups/landhomechiangmai/posts/4555838631310413/
landhomechiangmai,https://www.facebook.com/groups/landhomechiangmai/,https://www.facebook.com/groups/landhomechiangmai/posts/4555837797977163/
landhomechiangmai,https://www.facebook.com/groups/landhomechiangmai/,https://www.facebook.com/groups/landhomechiangmai/posts/4555835844644025/
landhomechiangmai,https://www.facebook.com/groups/landhomechiangmai/,https://www.facebook.com/groups/landhomechiangmai/posts/4555833604644249/
landhomechiangmai,https://www.facebook.com/groups/landhomechiangmai/,https://www.facebook.com/groups/landhomechiangmai/posts/4555831654644444/
landhomechiangmai,https://www.facebook.com/groups/landhomechiangmai/,https://www.facebook.com/groups/landhomechiangmai/posts/4555831337977809/
landhomechiangmai,https://www.facebook.com/groups/landhomechiangmai/,https://www.facebook.com/groups/landhomechiangmai/posts/4555828747978068/
landhomechiangmai,https://www.facebook.com/groups/landhomechiangmai/,https://www.facebook.com/groups/landhomechiangmai/posts/4555826087978334/
landhomechiangmai,https://www.facebook.com/groups/landhomechiangmai/,https://www.facebook.com/groups/landhomechiangmai/posts/4555816384645971/
landhomechiangmai,https://www.facebook.com/groups/landhomechiangmai/,https://www.facebook.com/groups/landhomechiangmai/posts/4555805041313772/
landhomechiangmai,https://www.facebook.com/groups/landhomechiangmai/,https://www.facebook.com/groups/landhomechiangmai/posts/4555799071314369/
landhomechiangmai,https://www.facebook.com/groups/landhomechiangmai/,https://www.facebook.com/groups/landhomechiangmai/posts/4555797451314531/
landhomechiangmai,https://www.facebook.com/groups/landhomechiangmai/,https://www.facebook.com/groups/landhomechiangmai/posts/4555789077982035/
landhomechiangmai,https://www.facebook.com/groups/landhomechiangmai/,https://www.facebook.com/groups/landhomechiangmai/posts/4555780491316227/
landhomechiangmai,https://www.facebook.com/groups/landhomechiangmai/,https://www.facebook.com/groups/landhomechiangmai/posts/4555775627983380/
landhomechiangmai,https://www.facebook.com/groups/landhomechiangmai/,https://www.facebook.com/groups/landhomechiangmai/posts/4555764021317874/
landhomechiangmai,https://www.facebook.com/groups/landhomechiangmai/,https://www.facebook.com/groups/landhomechiangmai/posts/4555761237984819/
landhomechiangmai,https://www.facebook.com/groups/landhomechiangmai/,https://www.facebook.com/groups/landhomechiangmai/posts/4555760251318251/
landhomechiangmai,https://www.facebook.com/groups/landhomechiangmai/,https://www.facebook.com/groups/landhomechiangmai/posts/4555757817985161/
landhomechiangmai,https://www.facebook.com/groups/landhomechiangmai/,https://www.facebook.com/groups/landhomechiangmai/posts/4555757331318543/
landhomechiangmai,https://www.facebook.com/groups/landhomechiangmai/,https://www.facebook.com/groups/landhomechiangmai/posts/4555755954652014/
landhomechiangmai,https://www.facebook.com/groups/landhomechiangmai/,https://www.facebook.com/groups/landhomechiangmai/posts/4555754687985474/
landhomechiangmai,https://www.facebook.com/groups/landhomechiangmai/,https://www.facebook.com/groups/landhomechiangmai/posts/4555752754652334/
landhomechiangmai,https://www.facebook.com/groups/landhomechiangmai/,https://www.facebook.com/groups/landhomechiangmai/posts/4555751014652508/
landhomechiangmai,https://www.facebook.com/groups/landhomechiangmai/,https://www.facebook.com/groups/landhomechiangmai/posts/4555748977986045/
landhomechiangmai,https://www.facebook.com/groups/landhomechiangmai/,https://www.facebook.com/groups/landhomechiangmai/posts/4555748777986065/
landhomechiangmai,https://www.facebook.com/groups/landhomechiangmai/,https://www.facebook.com/groups/landhomechiangmai/posts/4555747101319566/
landhomechiangmai,https://www.facebook.com/groups/landhomechiangmai/,https://www.facebook.com/groups/landhomechiangmai/posts/4555746914652918/
landhomechiangmai,https://www.facebook.com/groups/landhomechiangmai/,https://www.facebook.com/groups/landhomechiangmai/posts/4555742567986686/
landhomechiangmai,https://www.facebook.com/groups/landhomechiangmai/,https://www.facebook.com/groups/landhomechiangmai/posts/4555740847986858/
landhomechiangmai,https://www.facebook.com/groups/landhomechiangmai/,https://www.facebook.com/groups/landhomechiangmai/posts/4555740751320201/
landhomechiangmai,https://www.facebook.com/groups/landhomechiangmai/,https://www.facebook.com/groups/landhomechiangmai/posts/4555738194653790/
landhomechiangmai,https://www.facebook.com/groups/landhomechiangmai/,https://www.facebook.com/groups/landhomechiangmai/posts/4555738027987140/
landhomechiangmai,https://www.facebook.com/groups/landhomechiangmai/,https://www.facebook.com/groups/landhomechiangmai/posts/4555736587987284/
landhomechiangmai,https://www.facebook.com/groups/landhomechiangmai/,https://www.facebook.com/groups/landhomechiangmai/posts/4555734594654150/
landhomechiangmai,https://www.facebook.com/groups/landhomechiangmai/,https://www.facebook.com/groups/landhomechiangmai/posts/4555733714654238/
landhomechiangmai,https://www.facebook.com/groups/landhomechiangmai/,https://www.facebook.com/groups/landhomechiangmai/posts/4555733024654307/
landhomechiangmai,https://www.facebook.com/groups/landhomechiangmai/,https://www.facebook.com/groups/landhomechiangmai/posts/4555732764654333/
landhomechiangmai,https://www.facebook.com/groups/landhomechiangmai/,https://www.facebook.com/groups/landhomechiangmai/posts/4555732354654374/
landhomechiangmai,https://www.facebook.com/groups/landhomechiangmai/,https://www.facebook.com/groups/landhomechiangmai/posts/4555730974654512/
landhomechiangmai,https://www.facebook.com/groups/landhomechiangmai/,https://www.facebook.com/groups/landhomechiangmai/posts/4555730014654608/
landhomechiangmai,https://www.facebook.com/groups/landhomechiangmai/,https://www.facebook.com/groups/landhomechiangmai/posts/4555729824654627/
landhomechiangmai,https://www.facebook.com/groups/landhomechiangmai/,https://www.facebook.com/groups/landhomechiangmai/posts/4555728781321398/
landhomechiangmai,https://www.facebook.com/groups/landhomechiangmai/,https://www.facebook.com/groups/landhomechiangmai/posts/4555726547988288/
landhomechiangmai,https://www.facebook.com/groups/landhomechiangmai/,https://www.facebook.com/groups/landhomechiangmai/posts/4555725047988438/
landhomechiangmai,https://www.facebook.com/groups/landhomechiangmai/,https://www.facebook.com/groups/landhomechiangmai/posts/4555723894655220/
landhomechiangmai,https://www.facebook.com/groups/landhomechiangmai/,https://www.facebook.com/groups/landhomechiangmai/posts/4555723331321943/
landhomechiangmai,https://www.facebook.com/groups/landhomechiangmai/,https://www.facebook.com/groups/landhomechiangmai/posts/4555722917988651/
landhomechiangmai,https://www.facebook.com/groups/landhomechiangmai/,https://www.facebook.com/groups/landhomechiangmai/posts/4555720911322185/
landhomechiangmai,https://www.facebook.com/groups/landhomechiangmai/,https://www.facebook.com/groups/landhomechiangmai/posts/4555715831322693/
landhomechiangmai,https://www.facebook.com/groups/landhomechiangmai/,https://www.facebook.com/groups/landhomechiangmai/posts/4555713577989585/
landhomechiangmai,https://www.facebook.com/groups/landhomechiangmai/,https://www.facebook.com/groups/landhomechiangmai/posts/4555713217989621/
landhomechiangmai,https://www.facebook.com/groups/landhomechiangmai/,https://www.facebook.com/groups/landhomechiangmai/posts/4555711544656455/
landhomechiangmai,https://www.facebook.com/groups/landhomechiangmai/,https://www.facebook.com/groups/landhomechiangmai/posts/4555709984656611/
landhomechiangmai,https://www.facebook.com/groups/landhomechiangmai/,https://www.facebook.com/groups/landhomechiangmai/posts/4555709351323341/
landhomechiangmai,https://www.facebook.com/groups/landhomechiangmai/,https://www.facebook.com/groups/landhomechiangmai/posts/4555704914657118/
landhomechiangmai,https://www.facebook.com/groups/landhomechiangmai/,https://www.facebook.com/groups/landhomechiangmai/posts/4555704697990473/
landhomechiangmai,https://www.facebook.com/groups/landhomechiangmai/,https://www.facebook.com/groups/landhomechiangmai/posts/4555704161323860/
landhomechiangmai,https://www.facebook.com/groups/landhomechiangmai/,https://www.facebook.com/groups/landhomechiangmai/posts/4555703281323948/
landhomechiangmai,https://www.facebook.com/groups/landhomechiangmai/,https://www.facebook.com/groups/landhomechiangmai/posts/4555702217990721/
landhomechiangmai,https://www.facebook.com/groups/landhomechiangmai/,https://www.facebook.com/groups/landhomechiangmai/posts/4555697414657868/
landhomechiangmai,https://www.facebook.com/groups/landhomechiangmai/,https://www.facebook.com/groups/landhomechiangmai/posts/4555697377991205/
landhomechiangmai,https://www.facebook.com/groups/landhomechiangmai/,https://www.facebook.com/groups/landhomechiangmai/posts/4555697074657902/
landhomechiangmai,https://www.facebook.com/groups/landhomechiangmai/,https://www.facebook.com/groups/landhomechiangmai/posts/4555695437991399/
landhomechiangmai,https://www.facebook.com/groups/landhomechiangmai/,https://www.facebook.com/groups/landhomechiangmai/posts/4555694457991497/
landhomechiangmai,https://www.facebook.com/groups/landhomechiangmai/,https://www.facebook.com/groups/landhomechiangmai/posts/4555693441324932/
landhomechiangmai,https://www.facebook.com/groups/landhomechiangmai/,https://www.facebook.com/groups/landhomechiangmai/posts/4555693274658282/
landhomechiangmai,https://www.facebook.com/groups/landhomechiangmai/,https://www.facebook.com/groups/landhomechiangmai/posts/4555687177992225/
landhomechiangmai,https://www.facebook.com/groups/landhomechiangmai/,https://www.facebook.com/groups/landhomechiangmai/posts/4555692531325023/
landhomechiangmai,https://www.facebook.com/groups/landhomechiangmai/,https://www.facebook.com/groups/landhomechiangmai/posts/4555691461325130/
landhomechiangmai,https://www.facebook.com/groups/landhomechiangmai/,https://www.facebook.com/groups/landhomechiangmai/posts/4555690571325219/
landhomechiangmai,https://www.facebook.com/groups/landhomechiangmai/,https://www.facebook.com/groups/landhomechiangmai/posts/4555690121325264/
landhomechiangmai,https://www.facebook.com/groups/landhomechiangmai/,https://www.facebook.com/groups/landhomechiangmai/posts/4555688611325415/
landhomechiangmai,https://www.facebook.com/groups/landhomechiangmai/,https://www.facebook.com/groups/landhomechiangmai/posts/4555688594658750/
landhomechiangmai,https://www.facebook.com/groups/landhomechiangmai/,https://www.facebook.com/groups/landhomechiangmai/posts/4555686027992340/
landhomechiangmai,https://www.facebook.com/groups/landhomechiangmai/,https://www.facebook.com/groups/landhomechiangmai/posts/4555684757992467/
landhomechiangmai,https://www.facebook.com/groups/landhomechiangmai/,https://www.facebook.com/groups/landhomechiangmai/posts/4555684397992503/
landhomechiangmai,https://www.facebook.com/groups/landhomechiangmai/,https://www.facebook.com/groups/landhomechiangmai/posts/4555683761325900/
landhomechiangmai,https://www.facebook.com/groups/landhomechiangmai/,https://www.facebook.com/groups/landhomechiangmai/posts/4555679664659643/
landhomechiangmai,https://www.facebook.com/groups/landhomechiangmai/,https://www.facebook.com/groups/landhomechiangmai/posts/4555678354659774/
landhomechiangmai,https://www.facebook.com/groups/landhomechiangmai/,https://www.facebook.com/groups/landhomechiangmai/posts/4555675461326730/
landhomechiangmai,https://www.facebook.com/groups/landhomechiangmai/,https://www.facebook.com/groups/landhomechiangmai/posts/4555674871326789/
landhomechiangmai,https://www.facebook.com/groups/landhomechiangmai/,https://www.facebook.com/groups/landhomechiangmai/posts/4555673414660268/
landhomechiangmai,https://www.facebook.com/groups/landhomechiangmai/,https://www.facebook.com/groups/landhomechiangmai/posts/4555665741327702/
landhomechiangmai,https://www.facebook.com/groups/landhomechiangmai/,https://www.facebook.com/groups/landhomechiangmai/posts/4555657411328535/
landhomechiangmai,https://www.facebook.com/groups/landhomechiangmai/,https://www.facebook.com/groups/landhomechiangmai/posts/4555653477995595/
landhomechiangmai,https://www.facebook.com/groups/landhomechiangmai/,https://www.facebook.com/groups/landhomechiangmai/posts/4555652034662406/
landhomechiangmai,https://www.facebook.com/groups/landhomechiangmai/,https://www.facebook.com/groups/landhomechiangmai/posts/4555644861329790/
landhomechiangmai,https://www.facebook.com/groups/landhomechiangmai/,https://www.facebook.com/groups/landhomechiangmai/posts/4555643467996596/
landhomechiangmai,https://www.facebook.com/groups/landhomechiangmai/,https://www.facebook.com/groups/landhomechiangmai/posts/4555643061329970/
landhomechiangmai,https://www.facebook.com/groups/landhomechiangmai/,https://www.facebook.com/groups/landhomechiangmai/posts/4555640281330248/
landhomechiangmai,https://www.facebook.com/groups/landhomechiangmai/,https://www.facebook.com/groups/landhomechiangmai/posts/4555638631330413/
landhomechiangmai,https://www.facebook.com/groups/landhomechiangmai/,https://www.facebook.com/groups/landhomechiangmai/posts/4555632214664388/
landhomechiangmai,https://www.facebook.com/groups/landhomechiangmai/,https://www.facebook.com/groups/landhomechiangmai/posts/4555630447997898/
landhomechiangmai,https://www.facebook.com/groups/landhomechiangmai/,https://www.facebook.com/groups/landhomechiangmai/posts/4555625651331711/
landhomechiangmai,https://www.facebook.com/groups/landhomechiangmai/,https://www.facebook.com/groups/landhomechiangmai/posts/4555624667998476/
landhomechiangmai,https://www.facebook.com/groups/landhomechiangmai/,https://www.facebook.com/groups/landhomechiangmai/posts/4555623987998544/
landhomechiangmai,https://www.facebook.com/groups/landhomechiangmai/,https://www.facebook.com/groups/landhomechiangmai/posts/4555622961331980/
landhomechiangmai,https://www.facebook.com/groups/landhomechiangmai/,https://www.facebook.com/groups/landhomechiangmai/posts/4555618647999078/
landhomechiangmai,https://www.facebook.com/groups/landhomechiangmai/,https://www.facebook.com/groups/landhomechiangmai/posts/4555616231332653/
landhomechiangmai,https://www.facebook.com/groups/landhomechiangmai/,https://www.facebook.com/groups/landhomechiangmai/posts/4555615044666105/
landhomechiangmai,https://www.facebook.com/groups/landhomechiangmai/,https://www.facebook.com/groups/landhomechiangmai/posts/4555612531333023/
landhomechiangmai,https://www.facebook.com/groups/landhomechiangmai/,https://www.facebook.com/groups/landhomechiangmai/posts/4555611971333079/
landhomechiangmai,https://www.facebook.com/groups/landhomechiangmai/,https://www.facebook.com/groups/landhomechiangmai/posts/4555611197999823/
landhomechiangmai,https://www.facebook.com/groups/landhomechiangmai/,https://www.facebook.com/groups/landhomechiangmai/posts/4555594464668163/
landhomechiangmai,https://www.facebook.com/groups/landhomechiangmai/,https://www.facebook.com/groups/landhomechiangmai/posts/4555609511333325/
landhomechiangmai,https://www.facebook.com/groups/landhomechiangmai/,https://www.facebook.com/groups/landhomechiangmai/posts/4555609291333347/
landhomechiangmai,https://www.facebook.com/groups/landhomechiangmai/,https://www.facebook.com/groups/landhomechiangmai/posts/4555605494667060/
landhomechiangmai,https://www.facebook.com/groups/landhomechiangmai/,https://www.facebook.com/groups/landhomechiangmai/posts/4555598604667749/
landhomechiangmai,https://www.facebook.com/groups/landhomechiangmai/,https://www.facebook.com/groups/landhomechiangmai/posts/4555598214667788/
landhomechiangmai,https://www.facebook.com/groups/landhomechiangmai/,https://www.facebook.com/groups/landhomechiangmai/posts/4555579621336314/
landhomechiangmai,https://www.facebook.com/groups/landhomechiangmai/,https://www.facebook.com/groups/landhomechiangmai/posts/4555593461334930/
landhomechiangmai,https://www.facebook.com/groups/landhomechiangmai/,https://www.facebook.com/groups/landhomechiangmai/posts/4555588111335465/
landhomechiangmai,https://www.facebook.com/groups/landhomechiangmai/,https://www.facebook.com/groups/landhomechiangmai/posts/4555586624668947/
landhomechiangmai,https://www.facebook.com/groups/landhomechiangmai/,https://www.facebook.com/groups/landhomechiangmai/posts/4555585494669060/
landhomechiangmai,https://www.facebook.com/groups/landhomechiangmai/,https://www.facebook.com/groups/landhomechiangmai/posts/4555582561336020/
landhomechiangmai,https://www.facebook.com/groups/landhomechiangmai/,https://www.facebook.com/groups/landhomechiangmai/posts/4555579508002992/
landhomechiangmai,https://www.facebook.com/groups/landhomechiangmai/,https://www.facebook.com/groups/landhomechiangmai/posts/4555574214670188/
landhomechiangmai,https://www.facebook.com/groups/landhomechiangmai/,https://www.facebook.com/groups/landhomechiangmai/posts/4555574081336868/
landhomechiangmai,https://www.facebook.com/groups/landhomechiangmai/,https://www.facebook.com/groups/landhomechiangmai/posts/4555572171337059/
landhomechiangmai,https://www.facebook.com/groups/landhomechiangmai/,https://www.facebook.com/groups/landhomechiangmai/posts/4555571734670436/
landhomechiangmai,https://www.facebook.com/groups/landhomechiangmai/,https://www.facebook.com/groups/landhomechiangmai/posts/4555564911337785/
landhomechiangmai,https://www.facebook.com/groups/landhomechiangmai/,https://www.facebook.com/groups/landhomechiangmai/posts/4555564138004529/
landhomechiangmai,https://www.facebook.com/groups/landhomechiangmai/,https://www.facebook.com/groups/landhomechiangmai/posts/4555569528003990/
landhomechiangmai,https://www.facebook.com/groups/landhomechiangmai/,https://www.facebook.com/groups/landhomechiangmai/posts/4555567504670859/
landhomechiangmai,https://www.facebook.com/groups/landhomechiangmai/,https://www.facebook.com/groups/landhomechiangmai/posts/4555566528004290/
landhomechiangmai,https://www.facebook.com/groups/landhomechiangmai/,https://www.facebook.com/groups/landhomechiangmai/posts/4555565694671040/
landhomechiangmai,https://www.facebook.com/groups/landhomechiangmai/,https://www.facebook.com/groups/landhomechiangmai/posts/4555557924671817/
landhomechiangmai,https://www.facebook.com/groups/landhomechiangmai/,https://www.facebook.com/groups/landhomechiangmai/posts/4555548411339435/
landhomechiangmai,https://www.facebook.com/groups/landhomechiangmai/,https://www.facebook.com/groups/landhomechiangmai/posts/4555548151339461/
landhomechiangmai,https://www.facebook.com/groups/landhomechiangmai/,https://www.facebook.com/groups/landhomechiangmai/posts/4555547634672846/
landhomechiangmai,https://www.facebook.com/groups/landhomechiangmai/,https://www.facebook.com/groups/landhomechiangmai/posts/4555547514672858/
landhomechiangmai,https://www.facebook.com/groups/landhomechiangmai/,https://www.facebook.com/groups/landhomechiangmai/posts/4555543984673211/
landhomechiangmai,https://www.facebook.com/groups/landhomechiangmai/,https://www.facebook.com/groups/landhomechiangmai/posts/4555541698006773/
landhomechiangmai,https://www.facebook.com/groups/landhomechiangmai/,https://www.facebook.com/groups/landhomechiangmai/posts/4555539334673676/
landhomechiangmai,https://www.facebook.com/groups/landhomechiangmai/,https://www.facebook.com/groups/landhomechiangmai/posts/4555538644673745/
landhomechiangmai,https://www.facebook.com/groups/landhomechiangmai/,https://www.facebook.com/groups/landhomechiangmai/posts/4555537668007176/
landhomechiangmai,https://www.facebook.com/groups/landhomechiangmai/,https://www.facebook.com/groups/landhomechiangmai/posts/4555534861340790/
landhomechiangmai,https://www.facebook.com/groups/landhomechiangmai/,https://www.facebook.com/groups/landhomechiangmai/posts/4555533994674210/
landhomechiangmai,https://www.facebook.com/groups/landhomechiangmai/,https://www.facebook.com/groups/landhomechiangmai/posts/4555532968007646/
landhomechiangmai,https://www.facebook.com/groups/landhomechiangmai/,https://www.facebook.com/groups/landhomechiangmai/posts/4555532041341072/
landhomechiangmai,https://www.facebook.com/groups/landhomechiangmai/,https://www.facebook.com/groups/landhomechiangmai/posts/4555531104674499/
landhomechiangmai,https://www.facebook.com/groups/landhomechiangmai/,https://www.facebook.com/groups/landhomechiangmai/posts/4555529958007947/
landhomechiangmai,https://www.facebook.com/groups/landhomechiangmai/,https://www.facebook.com/groups/landhomechiangmai/posts/4555528858008057/
landhomechiangmai,https://www.facebook.com/groups/landhomechiangmai/,https://www.facebook.com/groups/landhomechiangmai/posts/4555526578008285/
landhomechiangmai,https://www.facebook.com/groups/landhomechiangmai/,https://www.facebook.com/groups/landhomechiangmai/posts/4555526388008304/
landhomechiangmai,https://www.facebook.com/groups/landhomechiangmai/,https://www.facebook.com/groups/landhomechiangmai/posts/4555525181341758/
landhomechiangmai,https://www.facebook.com/groups/landhomechiangmai/,https://www.facebook.com/groups/landhomechiangmai/posts/4555524351341841/
landhomechiangmai,https://www.facebook.com/groups/landhomechiangmai/,https://www.facebook.com/groups/landhomechiangmai/posts/4555523418008601/
landhomechiangmai,https://www.facebook.com/groups/landhomechiangmai/,https://www.facebook.com/groups/landhomechiangmai/posts/4555520794675530/
landhomechiangmai,https://www.facebook.com/groups/landhomechiangmai/,https://www.facebook.com/groups/landhomechiangmai/posts/4555520261342250/
landhomechiangmai,https://www.facebook.com/groups/landhomechiangmai/,https://www.facebook.com/groups/landhomechiangmai/posts/4555518454675764/
landhomechiangmai,https://www.facebook.com/groups/landhomechiangmai/,https://www.facebook.com/groups/landhomechiangmai/posts/4555517808009162/
landhomechiangmai,https://www.facebook.com/groups/landhomechiangmai/,https://www.facebook.com/groups/landhomechiangmai/posts/4555516174675992/
landhomechiangmai,https://www.facebook.com/groups/landhomechiangmai/,https://www.facebook.com/groups/landhomechiangmai/posts/4555514711342805/
landhomechiangmai,https://www.facebook.com/groups/landhomechiangmai/,https://www.facebook.com/groups/landhomechiangmai/posts/4555513848009558/
landhomechiangmai,https://www.facebook.com/groups/landhomechiangmai/,https://www.facebook.com/groups/landhomechiangmai/posts/4555512024676407/
landhomechiangmai,https://www.facebook.com/groups/landhomechiangmai/,https://www.facebook.com/groups/landhomechiangmai/posts/4555509838009959/
landhomechiangmai,https://www.facebook.com/groups/landhomechiangmai/,https://www.facebook.com/groups/landhomechiangmai/posts/4555509621343314/
landhomechiangmai,https://www.facebook.com/groups/landhomechiangmai/,https://www.facebook.com/groups/landhomechiangmai/posts/4555507568010186/
landhomechiangmai,https://www.facebook.com/groups/landhomechiangmai/,https://www.facebook.com/groups/landhomechiangmai/posts/4555507051343571/
landhomechiangmai,https://www.facebook.com/groups/landhomechiangmai/,https://www.facebook.com/groups/landhomechiangmai/posts/4555506644676945/
landhomechiangmai,https://www.facebook.com/groups/landhomechiangmai/,https://www.facebook.com/groups/landhomechiangmai/posts/4555503161343960/
landhomechiangmai,https://www.facebook.com/groups/landhomechiangmai/,https://www.facebook.com/groups/landhomechiangmai/posts/4555503024677307/
landhomechiangmai,https://www.facebook.com/groups/landhomechiangmai/,https://www.facebook.com/groups/landhomechiangmai/posts/4555499818010961/
landhomechiangmai,https://www.facebook.com/groups/landhomechiangmai/,https://www.facebook.com/groups/landhomechiangmai/posts/4555497608011182/
landhomechiangmai,https://www.facebook.com/groups/landhomechiangmai/,https://www.facebook.com/groups/landhomechiangmai/posts/4555492901344986/
landhomechiangmai,https://www.facebook.com/groups/landhomechiangmai/,https://www.facebook.com/groups/landhomechiangmai/posts/4555492581345018/
landhomechiangmai,https://www.facebook.com/groups/landhomechiangmai/,https://www.facebook.com/groups/landhomechiangmai/posts/4555489448011998/
landhomechiangmai,https://www.facebook.com/groups/landhomechiangmai/,https://www.facebook.com/groups/landhomechiangmai/posts/4555488424678767/
landhomechiangmai,https://www.facebook.com/groups/landhomechiangmai/,https://www.facebook.com/groups/landhomechiangmai/posts/4555488098012133/
landhomechiangmai,https://www.facebook.com/groups/landhomechiangmai/,https://www.facebook.com/groups/landhomechiangmai/posts/4555485138012429/
landhomechiangmai,https://www.facebook.com/groups/landhomechiangmai/,https://www.facebook.com/groups/landhomechiangmai/posts/4555478511346425/
landhomechiangmai,https://www.facebook.com/groups/landhomechiangmai/,https://www.facebook.com/groups/landhomechiangmai/posts/4555478231346453/
landhomechiangmai,https://www.facebook.com/groups/landhomechiangmai/,https://www.facebook.com/groups/landhomechiangmai/posts/4555477724679837/
landhomechiangmai,https://www.facebook.com/groups/landhomechiangmai/,https://www.facebook.com/groups/landhomechiangmai/posts/4555473268013616/
landhomechiangmai,https://www.facebook.com/groups/landhomechiangmai/,https://www.facebook.com/groups/landhomechiangmai/posts/4555472848013658/
landhomechiangmai,https://www.facebook.com/groups/landhomechiangmai/,https://www.facebook.com/groups/landhomechiangmai/posts/4555468331347443/
landhomechiangmai,https://www.facebook.com/groups/landhomechiangmai/,https://www.facebook.com/groups/landhomechiangmai/posts/4555457101348566/
landhomechiangmai,https://www.facebook.com/groups/landhomechiangmai/,https://www.facebook.com/groups/landhomechiangmai/posts/4555456714681938/
landhomechiangmai,https://www.facebook.com/groups/landhomechiangmai/,https://www.facebook.com/groups/landhomechiangmai/posts/4555455768015366/
landhomechiangmai,https://www.facebook.com/groups/landhomechiangmai/,https://www.facebook.com/groups/landhomechiangmai/posts/4555454328015510/
landhomechiangmai,https://www.facebook.com/groups/landhomechiangmai/,https://www.facebook.com/groups/landhomechiangmai/posts/4555452614682348/
landhomechiangmai,https://www.facebook.com/groups/landhomechiangmai/,https://www.facebook.com/groups/landhomechiangmai/posts/4555451538015789/
landhomechiangmai,https://www.facebook.com/groups/landhomechiangmai/,https://www.facebook.com/groups/landhomechiangmai/posts/4555446591349617/
landhomechiangmai,https://www.facebook.com/groups/landhomechiangmai/,https://www.facebook.com/groups/landhomechiangmai/posts/4555445091349767/
landhomechiangmai,https://www.facebook.com/groups/landhomechiangmai/,https://www.facebook.com/groups/landhomechiangmai/posts/4555444324683177/
landhomechiangmai,https://www.facebook.com/groups/landhomechiangmai/,https://www.facebook.com/groups/landhomechiangmai/posts/4555441681350108/
landhomechiangmai,https://www.facebook.com/groups/landhomechiangmai/,https://www.facebook.com/groups/landhomechiangmai/posts/4555438054683804/
landhomechiangmai,https://www.facebook.com/groups/landhomechiangmai/,https://www.facebook.com/groups/landhomechiangmai/posts/4555435451350731/
landhomechiangmai,https://www.facebook.com/groups/landhomechiangmai/,https://www.facebook.com/groups/landhomechiangmai/posts/4555434054684204/
landhomechiangmai,https://www.facebook.com/groups/landhomechiangmai/,https://www.facebook.com/groups/landhomechiangmai/posts/4555433174684292/
landhomechiangmai,https://www.facebook.com/groups/landhomechiangmai/,https://www.facebook.com/groups/landhomechiangmai/posts/4555430548017888/
landhomechiangmai,https://www.facebook.com/groups/landhomechiangmai/,https://www.facebook.com/groups/landhomechiangmai/posts/4555427578018185/
landhomechiangmai,https://www.facebook.com/groups/landhomechiangmai/,https://www.facebook.com/groups/landhomechiangmai/posts/4555427431351533/
landhomechiangmai,https://www.facebook.com/groups/landhomechiangmai/,https://www.facebook.com/groups/landhomechiangmai/posts/4555429684684641/
landhomechiangmai,https://www.facebook.com/groups/landhomechiangmai/,https://www.facebook.com/groups/landhomechiangmai/posts/4555429551351321/
landhomechiangmai,https://www.facebook.com/groups/landhomechiangmai/,https://www.facebook.com/groups/landhomechiangmai/posts/4555428968018046/
landhomechiangmai,https://www.facebook.com/groups/landhomechiangmai/,https://www.facebook.com/groups/landhomechiangmai/posts/4555428921351384/
landhomechiangmai,https://www.facebook.com/groups/landhomechiangmai/,https://www.facebook.com/groups/landhomechiangmai/posts/4555428434684766/
landhomechiangmai,https://www.facebook.com/groups/landhomechiangmai/,https://www.facebook.com/groups/landhomechiangmai/posts/4555420448018898/
landhomechiangmai,https://www.facebook.com/groups/landhomechiangmai/,https://www.facebook.com/groups/landhomechiangmai/posts/4555418054685804/
landhomechiangmai,https://www.facebook.com/groups/landhomechiangmai/,https://www.facebook.com/groups/landhomechiangmai/posts/4555412228019720/
landhomechiangmai,https://www.facebook.com/groups/landhomechiangmai/,https://www.facebook.com/groups/landhomechiangmai/posts/4555406938020249/
landhomechiangmai,https://www.facebook.com/groups/landhomechiangmai/,https://www.facebook.com/groups/landhomechiangmai/posts/4555401018020841/
landhomechiangmai,https://www.facebook.com/groups/landhomechiangmai/,https://www.facebook.com/groups/landhomechiangmai/posts/4555400204687589/
landhomechiangmai,https://www.facebook.com/groups/landhomechiangmai/,https://www.facebook.com/groups/landhomechiangmai/posts/4555398501354426/
landhomechiangmai,https://www.facebook.com/groups/landhomechiangmai/,https://www.facebook.com/groups/landhomechiangmai/posts/4555384098022533/
landhomechiangmai,https://www.facebook.com/groups/landhomechiangmai/,https://www.facebook.com/groups/landhomechiangmai/posts/4555384041355872/
landhomechiangmai,https://www.facebook.com/groups/landhomechiangmai/,https://www.facebook.com/groups/landhomechiangmai/posts/4555379151356361/
landhomechiangmai,https://www.facebook.com/groups/landhomechiangmai/,https://www.facebook.com/groups/landhomechiangmai/posts/4555378548023088/
landhomechiangmai,https://www.facebook.com/groups/landhomechiangmai/,https://www.facebook.com/groups/landhomechiangmai/posts/4555374844690125/
landhomechiangmai,https://www.facebook.com/groups/landhomechiangmai/,https://www.facebook.com/groups/landhomechiangmai/posts/4555358861358390/
landhomechiangmai,https://www.facebook.com/groups/landhomechiangmai/,https://www.facebook.com/groups/landhomechiangmai/posts/4555349688025974/
landhomechiangmai,https://www.facebook.com/groups/landhomechiangmai/,https://www.facebook.com/groups/landhomechiangmai/posts/4555345064693103/
landhomechiangmai,https://www.facebook.com/groups/landhomechiangmai/,https://www.facebook.com/groups/landhomechiangmai/posts/4555369638023979/
landhomechiangmai,https://www.facebook.com/groups/landhomechiangmai/,https://www.facebook.com/groups/landhomechiangmai/posts/4555363524691257/
landhomechiangmai,https://www.facebook.com/groups/landhomechiangmai/,https://www.facebook.com/groups/landhomechiangmai/posts/4555360621358214/
landhomechiangmai,https://www.facebook.com/groups/landhomechiangmai/,https://www.facebook.com/groups/landhomechiangmai/posts/4555327608028182/
landhomechiangmai,https://www.facebook.com/groups/landhomechiangmai/,https://www.facebook.com/groups/landhomechiangmai/posts/4555321474695462/
landhomechiangmai,https://www.facebook.com/groups/landhomechiangmai/,https://www.facebook.com/groups/landhomechiangmai/posts/4555341204693489/
landhomechiangmai,https://www.facebook.com/groups/landhomechiangmai/,https://www.facebook.com/groups/landhomechiangmai/posts/4555340234693586/
landhomechiangmai,https://www.facebook.com/groups/landhomechiangmai/,https://www.facebook.com/groups/landhomechiangmai/posts/4555334908027452/
landhomechiangmai,https://www.facebook.com/groups/landhomechiangmai/,https://www.facebook.com/groups/landhomechiangmai/posts/4555184671375809/
landhomechiangmai,https://www.facebook.com/groups/landhomechiangmai/,https://www.facebook.com/groups/landhomechiangmai/posts/4555164298044513/
landhomechiangmai,https://www.facebook.com/groups/landhomechiangmai/,https://www.facebook.com/groups/landhomechiangmai/posts/4555163148044628/
landhomechiangmai,https://www.facebook.com/groups/landhomechiangmai/,https://www.facebook.com/groups/landhomechiangmai/posts/4555113811382895/
landhomechiangmai,https://www.facebook.com/groups/landhomechiangmai/,https://www.facebook.com/groups/landhomechiangmai/posts/4555029118058031/
landhomechiangmai,https://www.facebook.com/groups/landhomechiangmai/,https://www.facebook.com/groups/landhomechiangmai/posts/4555017361392540/
landhomechiangmai,https://www.facebook.com/groups/landhomechiangmai/,https://www.facebook.com/groups/landhomechiangmai/posts/4555109584716651/
landhomechiangmai,https://www.facebook.com/groups/landhomechiangmai/,https://www.facebook.com/groups/landhomechiangmai/posts/4555101111384165/
landhomechiangmai,https://www.facebook.com/groups/landhomechiangmai/,https://www.facebook.com/groups/landhomechiangmai/posts/4555087274718882/
landhomechiangmai,https://www.facebook.com/groups/landhomechiangmai/,https://www.facebook.com/groups/landhomechiangmai/posts/4555061828054760/
landhomechiangmai,https://www.facebook.com/groups/landhomechiangmai/,https://www.facebook.com/groups/landhomechiangmai/posts/4554973374730272/
landhomechiangmai,https://www.facebook.com/groups/landhomechiangmai/,https://www.facebook.com/groups/landhomechiangmai/posts/4555009828059960/
landhomechiangmai,https://www.facebook.com/groups/landhomechiangmai/,https://www.facebook.com/groups/landhomechiangmai/posts/4554998514727758/
landhomechiangmai,https://www.facebook.com/groups/landhomechiangmai/,https://www.facebook.com/groups/landhomechiangmai/posts/4554993931394883/
landhomechiangmai,https://www.facebook.com/groups/landhomechiangmai/,https://www.facebook.com/groups/landhomechiangmai/posts/4554969458063997/
landhomechiangmai,https://www.facebook.com/groups/landhomechiangmai/,https://www.facebook.com/groups/landhomechiangmai/posts/4554969004730709/
landhomechiangmai,https://www.facebook.com/groups/landhomechiangmai/,https://www.facebook.com/groups/landhomechiangmai/posts/4554966758064267/
landhomechiangmai,https://www.facebook.com/groups/landhomechiangmai/,https://www.facebook.com/groups/landhomechiangmai/posts/4554954338065509/
landhomechiangmai,https://www.facebook.com/groups/landhomechiangmai/,https://www.facebook.com/groups/landhomechiangmai/posts/4554947098066233/
landhomechiangmai,https://www.facebook.com/groups/landhomechiangmai/,https://www.facebook.com/groups/landhomechiangmai/posts/4554943301399946/
landhomechiangmai,https://www.facebook.com/groups/landhomechiangmai/,https://www.facebook.com/groups/landhomechiangmai/posts/4554943001399976/
landhomechiangmai,https://www.facebook.com/groups/landhomechiangmai/,https://www.facebook.com/groups/landhomechiangmai/posts/4554930264734583/
landhomechiangmai,https://www.facebook.com/groups/landhomechiangmai/,https://www.facebook.com/groups/landhomechiangmai/posts/4554926124734997/
landhomechiangmai,https://www.facebook.com/groups/landhomechiangmai/,https://www.facebook.com/groups/landhomechiangmai/posts/4554922331402043/
landhomechiangmai,https://www.facebook.com/groups/landhomechiangmai/,https://www.facebook.com/groups/landhomechiangmai/posts/4554919294735680/
landhomechiangmai,https://www.facebook.com/groups/landhomechiangmai/,https://www.facebook.com/groups/landhomechiangmai/posts/4554908804736729/
landhomechiangmai,https://www.facebook.com/groups/landhomechiangmai/,https://www.facebook.com/groups/landhomechiangmai/posts/4554906308070312/
landhomechiangmai,https://www.facebook.com/groups/landhomechiangmai/,https://www.facebook.com/groups/landhomechiangmai/posts/4554904248070518/
landhomechiangmai,https://www.facebook.com/groups/landhomechiangmai/,https://www.facebook.com/groups/landhomechiangmai/posts/4554917118069231/
landhomechiangmai,https://www.facebook.com/groups/landhomechiangmai/,https://www.facebook.com/groups/landhomechiangmai/posts/4554911038069839/
landhomechiangmai,https://www.facebook.com/groups/landhomechiangmai/,https://www.facebook.com/groups/landhomechiangmai/posts/4554909848069958/
landhomechiangmai,https://www.facebook.com/groups/landhomechiangmai/,https://www.facebook.com/groups/landhomechiangmai/posts/4554903271403949/
landhomechiangmai,https://www.facebook.com/groups/landhomechiangmai/,https://www.facebook.com/groups/landhomechiangmai/posts/4554902351404041/
landhomechiangmai,https://www.facebook.com/groups/landhomechiangmai/,https://www.facebook.com/groups/landhomechiangmai/posts/4554899048071038/
landhomechiangmai,https://www.facebook.com/groups/landhomechiangmai/,https://www.facebook.com/groups/landhomechiangmai/posts/4554898518071091/
landhomechiangmai,https://www.facebook.com/groups/landhomechiangmai/,https://www.facebook.com/groups/landhomechiangmai/posts/4554897201404556/
landhomechiangmai,https://www.facebook.com/groups/landhomechiangmai/,https://www.facebook.com/groups/landhomechiangmai/posts/4554896694737940/
landhomechiangmai,https://www.facebook.com/groups/landhomechiangmai/,https://www.facebook.com/groups/landhomechiangmai/posts/4554896211404655/
landhomechiangmai,https://www.facebook.com/groups/landhomechiangmai/,https://www.facebook.com/groups/landhomechiangmai/posts/4554893594738250/
landhomechiangmai,https://www.facebook.com/groups/landhomechiangmai/,https://www.facebook.com/groups/landhomechiangmai/posts/4554892958071647/
landhomechiangmai,https://www.facebook.com/groups/landhomechiangmai/,https://www.facebook.com/groups/landhomechiangmai/posts/4554888248072118/
landhomechiangmai,https://www.facebook.com/groups/landhomechiangmai/,https://www.facebook.com/groups/landhomechiangmai/posts/4554886401405636/
landhomechiangmai,https://www.facebook.com/groups/landhomechiangmai/,https://www.facebook.com/groups/landhomechiangmai/posts/4554884588072484/
landhomechiangmai,https://www.facebook.com/groups/landhomechiangmai/,https://www.facebook.com/groups/landhomechiangmai/posts/4554884518072491/
landhomechiangmai,https://www.facebook.com/groups/landhomechiangmai/,https://www.facebook.com/groups/landhomechiangmai/posts/4554883331405943/
landhomechiangmai,https://www.facebook.com/groups/landhomechiangmai/,https://www.facebook.com/groups/landhomechiangmai/posts/4554882804739329/
landhomechiangmai,https://www.facebook.com/groups/landhomechiangmai/,https://www.facebook.com/groups/landhomechiangmai/posts/4554881618072781/
landhomechiangmai,https://www.facebook.com/groups/landhomechiangmai/,https://www.facebook.com/groups/landhomechiangmai/posts/4554880198072923/
landhomechiangmai,https://www.facebook.com/groups/landhomechiangmai/,https://www.facebook.com/groups/landhomechiangmai/posts/4554876681406608/
landhomechiangmai,https://www.facebook.com/groups/landhomechiangmai/,https://www.facebook.com/groups/landhomechiangmai/posts/4554875758073367/
landhomechiangmai,https://www.facebook.com/groups/landhomechiangmai/,https://www.facebook.com/groups/landhomechiangmai/posts/4554875578073385/
landhomechiangmai,https://www.facebook.com/groups/landhomechiangmai/,https://www.facebook.com/groups/landhomechiangmai/posts/4554875141406762/
landhomechiangmai,https://www.facebook.com/groups/landhomechiangmai/,https://www.facebook.com/groups/landhomechiangmai/posts/4554875064740103/
landhomechiangmai,https://www.facebook.com/groups/landhomechiangmai/,https://www.facebook.com/groups/landhomechiangmai/posts/4554871901407086/
landhomechiangmai,https://www.facebook.com/groups/landhomechiangmai/,https://www.facebook.com/groups/landhomechiangmai/posts/4554870494740560/
landhomechiangmai,https://www.facebook.com/groups/landhomechiangmai/,https://www.facebook.com/groups/landhomechiangmai/posts/4554869724740637/
landhomechiangmai,https://www.facebook.com/groups/landhomechiangmai/,https://www.facebook.com/groups/landhomechiangmai/posts/4554869178074025/
landhomechiangmai,https://www.facebook.com/groups/landhomechiangmai/,https://www.facebook.com/groups/landhomechiangmai/posts/4554868944740715/
landhomechiangmai,https://www.facebook.com/groups/landhomechiangmai/,https://www.facebook.com/groups/landhomechiangmai/posts/4554867794740830/
landhomechiangmai,https://www.facebook.com/groups/landhomechiangmai/,https://www.facebook.com/groups/landhomechiangmai/posts/4554865898074353/
landhomechiangmai,https://www.facebook.com/groups/landhomechiangmai/,https://www.facebook.com/groups/landhomechiangmai/posts/4554863854741224/
landhomechiangmai,https://www.facebook.com/groups/landhomechiangmai/,https://www.facebook.com/groups/landhomechiangmai/posts/4554859271408349/
landhomechiangmai,https://www.facebook.com/groups/landhomechiangmai/,https://www.facebook.com/groups/landhomechiangmai/posts/4554857671408509/
landhomechiangmai,https://www.facebook.com/groups/landhomechiangmai/,https://www.facebook.com/groups/landhomechiangmai/posts/4554855791408697/
landhomechiangmai,https://www.facebook.com/groups/landhomechiangmai/,https://www.facebook.com/groups/landhomechiangmai/posts/4554852601409016/
landhomechiangmai,https://www.facebook.com/groups/landhomechiangmai/,https://www.facebook.com/groups/landhomechiangmai/posts/4554849521409324/
landhomechiangmai,https://www.facebook.com/groups/landhomechiangmai/,https://www.facebook.com/groups/landhomechiangmai/posts/4554847548076188/
landhomechiangmai,https://www.facebook.com/groups/landhomechiangmai/,https://www.facebook.com/groups/landhomechiangmai/posts/4554842398076703/
landhomechiangmai,https://www.facebook.com/groups/landhomechiangmai/,https://www.facebook.com/groups/landhomechiangmai/posts/4554841974743412/
landhomechiangmai,https://www.facebook.com/groups/landhomechiangmai/,https://www.facebook.com/groups/landhomechiangmai/posts/4554846491409627/
landhomechiangmai,https://www.facebook.com/groups/landhomechiangmai/,https://www.facebook.com/groups/landhomechiangmai/posts/4554845074743102/
landhomechiangmai,https://www.facebook.com/groups/landhomechiangmai/,https://www.facebook.com/groups/landhomechiangmai/posts/4554843281409948/
landhomechiangmai,https://www.facebook.com/groups/landhomechiangmai/,https://www.facebook.com/groups/landhomechiangmai/posts/4554840581410218/
landhomechiangmai,https://www.facebook.com/groups/landhomechiangmai/,https://www.facebook.com/groups/landhomechiangmai/posts/4554840228076920/
landhomechiangmai,https://www.facebook.com/groups/landhomechiangmai/,https://www.facebook.com/groups/landhomechiangmai/posts/4554838518077091/
landhomechiangmai,https://www.facebook.com/groups/landhomechiangmai/,https://www.facebook.com/groups/landhomechiangmai/posts/4554837631410513/
landhomechiangmai,https://www.facebook.com/groups/landhomechiangmai/,https://www.facebook.com/groups/landhomechiangmai/posts/4554820364745573/
landhomechiangmai,https://www.facebook.com/groups/landhomechiangmai/,https://www.facebook.com/groups/landhomechiangmai/posts/4554819711412305/
landhomechiangmai,https://www.facebook.com/groups/landhomechiangmai/,https://www.facebook.com/groups/landhomechiangmai/posts/4554818618079081/
landhomechiangmai,https://www.facebook.com/groups/landhomechiangmai/,https://www.facebook.com/groups/landhomechiangmai/posts/4554816261412650/
landhomechiangmai,https://www.facebook.com/groups/landhomechiangmai/,https://www.facebook.com/groups/landhomechiangmai/posts/4554808368080106/
landhomechiangmai,https://www.facebook.com/groups/landhomechiangmai/,https://www.facebook.com/groups/landhomechiangmai/posts/4554805868080356/
landhomechiangmai,https://www.facebook.com/groups/landhomechiangmai/,https://www.facebook.com/groups/landhomechiangmai/posts/4554797681414508/
landhomechiangmai,https://www.facebook.com/groups/landhomechiangmai/,https://www.facebook.com/groups/landhomechiangmai/posts/4554787498082193/
landhomechiangmai,https://www.facebook.com/groups/landhomechiangmai/,https://www.facebook.com/groups/landhomechiangmai/posts/4554774121416864/
landhomechiangmai,https://www.facebook.com/groups/landhomechiangmai/,https://www.facebook.com/groups/landhomechiangmai/posts/4554804268080516/
landhomechiangmai,https://www.facebook.com/groups/landhomechiangmai/,https://www.facebook.com/groups/landhomechiangmai/posts/4554802164747393/
landhomechiangmai,https://www.facebook.com/groups/landhomechiangmai/,https://www.facebook.com/groups/landhomechiangmai/posts/4554799074747702/
landhomechiangmai,https://www.facebook.com/groups/landhomechiangmai/,https://www.facebook.com/groups/landhomechiangmai/posts/4554770514750558/
landhomechiangmai,https://www.facebook.com/groups/landhomechiangmai/,https://www.facebook.com/groups/landhomechiangmai/posts/4554768358084107/
landhomechiangmai,https://www.facebook.com/groups/landhomechiangmai/,https://www.facebook.com/groups/landhomechiangmai/posts/4554766628084280/
landhomechiangmai,https://www.facebook.com/groups/landhomechiangmai/,https://www.facebook.com/groups/landhomechiangmai/posts/4554761641418112/
landhomechiangmai,https://www.facebook.com/groups/landhomechiangmai/,https://www.facebook.com/groups/landhomechiangmai/posts/4554760588084884/
landhomechiangmai,https://www.facebook.com/groups/landhomechiangmai/,https://www.facebook.com/groups/landhomechiangmai/posts/4554757278085215/
landhomechiangmai,https://www.facebook.com/groups/landhomechiangmai/,https://www.facebook.com/groups/landhomechiangmai/posts/4554753148085628/
landhomechiangmai,https://www.facebook.com/groups/landhomechiangmai/,https://www.facebook.com/groups/landhomechiangmai/posts/4554751254752484/
landhomechiangmai,https://www.facebook.com/groups/landhomechiangmai/,https://www.facebook.com/groups/landhomechiangmai/posts/4554747638086179/
landhomechiangmai,https://www.facebook.com/groups/landhomechiangmai/,https://www.facebook.com/groups/landhomechiangmai/posts/4554745784753031/
landhomechiangmai,https://www.facebook.com/groups/landhomechiangmai/,https://www.facebook.com/groups/landhomechiangmai/posts/4554738718087071/
landhomechiangmai,https://www.facebook.com/groups/landhomechiangmai/,https://www.facebook.com/groups/landhomechiangmai/posts/4554706378090305/
landhomechiangmai,https://www.facebook.com/groups/landhomechiangmai/,https://www.facebook.com/groups/landhomechiangmai/posts/4554704568090486/
landhomechiangmai,https://www.facebook.com/groups/landhomechiangmai/,https://www.facebook.com/groups/landhomechiangmai/posts/4554696734757936/
landhomechiangmai,https://www.facebook.com/groups/landhomechiangmai/,https://www.facebook.com/groups/landhomechiangmai/posts/4554695724758037/
landhomechiangmai,https://www.facebook.com/groups/landhomechiangmai/,https://www.facebook.com/groups/landhomechiangmai/posts/4554695241424752/
landhomechiangmai,https://www.facebook.com/groups/landhomechiangmai/,https://www.facebook.com/groups/landhomechiangmai/posts/4554686601425616/
landhomechiangmai,https://www.facebook.com/groups/landhomechiangmai/,https://www.facebook.com/groups/landhomechiangmai/posts/4554686091425667/
landhomechiangmai,https://www.facebook.com/groups/landhomechiangmai/,https://www.facebook.com/groups/landhomechiangmai/posts/4554675528093390/
landhomechiangmai,https://www.facebook.com/groups/landhomechiangmai/,https://www.facebook.com/groups/landhomechiangmai/posts/4554674721426804/
landhomechiangmai,https://www.facebook.com/groups/landhomechiangmai/,https://www.facebook.com/groups/landhomechiangmai/posts/4554662291428047/
landhomechiangmai,https://www.facebook.com/groups/landhomechiangmai/,https://www.facebook.com/groups/landhomechiangmai/posts/4554673148093628/
landhomechiangmai,https://www.facebook.com/groups/landhomechiangmai/,https://www.facebook.com/groups/landhomechiangmai/posts/4554659521428324/
landhomechiangmai,https://www.facebook.com/groups/landhomechiangmai/,https://www.facebook.com/groups/landhomechiangmai/posts/4554652151429061/
landhomechiangmai,https://www.facebook.com/groups/landhomechiangmai/,https://www.facebook.com/groups/landhomechiangmai/posts/4554651454762464/
landhomechiangmai,https://www.facebook.com/groups/landhomechiangmai/,https://www.facebook.com/groups/landhomechiangmai/posts/4554668831427393/
landhomechiangmai,https://www.facebook.com/groups/landhomechiangmai/,https://www.facebook.com/groups/landhomechiangmai/posts/4554666408094302/
landhomechiangmai,https://www.facebook.com/groups/landhomechiangmai/,https://www.facebook.com/groups/landhomechiangmai/posts/4554649188096024/
landhomechiangmai,https://www.facebook.com/groups/landhomechiangmai/,https://www.facebook.com/groups/landhomechiangmai/posts/4554646328096310/
landhomechiangmai,https://www.facebook.com/groups/landhomechiangmai/,https://www.facebook.com/groups/landhomechiangmai/posts/4554642351430041/
landhomechiangmai,https://www.facebook.com/groups/landhomechiangmai/,https://www.facebook.com/groups/landhomechiangmai/posts/4554642228096720/
landhomechiangmai,https://www.facebook.com/groups/landhomechiangmai/,https://www.facebook.com/groups/landhomechiangmai/posts/4554639738096969/
landhomechiangmai,https://www.facebook.com/groups/landhomechiangmai/,https://www.facebook.com/groups/landhomechiangmai/posts/4554633091430967/
landhomechiangmai,https://www.facebook.com/groups/landhomechiangmai/,https://www.facebook.com/groups/landhomechiangmai/posts/4554630694764540/
landhomechiangmai,https://www.facebook.com/groups/landhomechiangmai/,https://www.facebook.com/groups/landhomechiangmai/posts/4554629811431295/
landhomechiangmai,https://www.facebook.com/groups/landhomechiangmai/,https://www.facebook.com/groups/landhomechiangmai/posts/4554627664764843/
landhomechiangmai,https://www.facebook.com/groups/landhomechiangmai/,https://www.facebook.com/groups/landhomechiangmai/posts/4554618001432476/
landhomechiangmai,https://www.facebook.com/groups/landhomechiangmai/,https://www.facebook.com/groups/landhomechiangmai/posts/4554610914766518/
landhomechiangmai,https://www.facebook.com/groups/landhomechiangmai/,https://www.facebook.com/groups/landhomechiangmai/posts/4554607144766895/
landhomechiangmai,https://www.facebook.com/groups/landhomechiangmai/,https://www.facebook.com/groups/landhomechiangmai/posts/4554605481433728/
landhomechiangmai,https://www.facebook.com/groups/landhomechiangmai/,https://www.facebook.com/groups/landhomechiangmai/posts/4554601758100767/
landhomechiangmai,https://www.facebook.com/groups/landhomechiangmai/,https://www.facebook.com/groups/landhomechiangmai/posts/4554599684767641/
landhomechiangmai,https://www.facebook.com/groups/landhomechiangmai/,https://www.facebook.com/groups/landhomechiangmai/posts/4554598851434391/
landhomechiangmai,https://www.facebook.com/groups/landhomechiangmai/,https://www.facebook.com/groups/landhomechiangmai/posts/4554598061434470/
landhomechiangmai,https://www.facebook.com/groups/landhomechiangmai/,https://www.facebook.com/groups/landhomechiangmai/posts/4554593351434941/
landhomechiangmai,https://www.facebook.com/groups/landhomechiangmai/,https://www.facebook.com/groups/landhomechiangmai/posts/4554579981436278/
landhomechiangmai,https://www.facebook.com/groups/landhomechiangmai/,https://www.facebook.com/groups/landhomechiangmai/posts/4554578954769714/
landhomechiangmai,https://www.facebook.com/groups/landhomechiangmai/,https://www.facebook.com/groups/landhomechiangmai/posts/4554592548101688/
landhomechiangmai,https://www.facebook.com/groups/landhomechiangmai/,https://www.facebook.com/groups/landhomechiangmai/posts/4554585634769046/
landhomechiangmai,https://www.facebook.com/groups/landhomechiangmai/,https://www.facebook.com/groups/landhomechiangmai/posts/4554584844769125/
landhomechiangmai,https://www.facebook.com/groups/landhomechiangmai/,https://www.facebook.com/groups/landhomechiangmai/posts/4554581221436154/
landhomechiangmai,https://www.facebook.com/groups/landhomechiangmai/,https://www.facebook.com/groups/landhomechiangmai/posts/4554577574769852/
landhomechiangmai,https://www.facebook.com/groups/landhomechiangmai/,https://www.facebook.com/groups/landhomechiangmai/posts/4554577011436575/
landhomechiangmai,https://www.facebook.com/groups/landhomechiangmai/,https://www.facebook.com/groups/landhomechiangmai/posts/4554576378103305/
landhomechiangmai,https://www.facebook.com/groups/landhomechiangmai/,https://www.facebook.com/groups/landhomechiangmai/posts/4554573418103601/
landhomechiangmai,https://www.facebook.com/groups/landhomechiangmai/,https://www.facebook.com/groups/landhomechiangmai/posts/4554573218103621/
landhomechiangmai,https://www.facebook.com/groups/landhomechiangmai/,https://www.facebook.com/groups/landhomechiangmai/posts/4554572521437024/
landhomechiangmai,https://www.facebook.com/groups/landhomechiangmai/,https://www.facebook.com/groups/landhomechiangmai/posts/4554571024770507/
landhomechiangmai,https://www.facebook.com/groups/landhomechiangmai/,https://www.facebook.com/groups/landhomechiangmai/posts/4554569431437333/
landhomechiangmai,https://www.facebook.com/groups/landhomechiangmai/,https://www.facebook.com/groups/landhomechiangmai/posts/4554565911437685/
landhomechiangmai,https://www.facebook.com/groups/landhomechiangmai/,https://www.facebook.com/groups/landhomechiangmai/posts/4554565821437694/
landhomechiangmai,https://www.facebook.com/groups/landhomechiangmai/,https://www.facebook.com/groups/landhomechiangmai/posts/4554565408104402/
landhomechiangmai,https://www.facebook.com/groups/landhomechiangmai/,https://www.facebook.com/groups/landhomechiangmai/posts/4554559468104996/
landhomechiangmai,https://www.facebook.com/groups/landhomechiangmai/,https://www.facebook.com/groups/landhomechiangmai/posts/4554558138105129/
landhomechiangmai,https://www.facebook.com/groups/landhomechiangmai/,https://www.facebook.com/groups/landhomechiangmai/posts/4554556278105315/
landhomechiangmai,https://www.facebook.com/groups/landhomechiangmai/,https://www.facebook.com/groups/landhomechiangmai/posts/4554555188105424/
landhomechiangmai,https://www.facebook.com/groups/landhomechiangmai/,https://www.facebook.com/groups/landhomechiangmai/posts/4554553781438898/
landhomechiangmai,https://www.facebook.com/groups/landhomechiangmai/,https://www.facebook.com/groups/landhomechiangmai/posts/4554547211439555/
landhomechiangmai,https://www.facebook.com/groups/landhomechiangmai/,https://www.facebook.com/groups/landhomechiangmai/posts/4554546748106268/
landhomechiangmai,https://www.facebook.com/groups/landhomechiangmai/,https://www.facebook.com/groups/landhomechiangmai/posts/4554544454773164/
landhomechiangmai,https://www.facebook.com/groups/landhomechiangmai/,https://www.facebook.com/groups/landhomechiangmai/posts/4554539448106998/
landhomechiangmai,https://www.facebook.com/groups/landhomechiangmai/,https://www.facebook.com/groups/landhomechiangmai/posts/4554536304773979/
landhomechiangmai,https://www.facebook.com/groups/landhomechiangmai/,https://www.facebook.com/groups/landhomechiangmai/posts/4554534528107490/
landhomechiangmai,https://www.facebook.com/groups/landhomechiangmai/,https://www.facebook.com/groups/landhomechiangmai/posts/4554534094774200/
landhomechiangmai,https://www.facebook.com/groups/landhomechiangmai/,https://www.facebook.com/groups/landhomechiangmai/posts/4554507644776845/
landhomechiangmai,https://www.facebook.com/groups/landhomechiangmai/,https://www.facebook.com/groups/landhomechiangmai/posts/4554507578110185/
landhomechiangmai,https://www.facebook.com/groups/landhomechiangmai/,https://www.facebook.com/groups/landhomechiangmai/posts/4554504614777148/
landhomechiangmai,https://www.facebook.com/groups/landhomechiangmai/,https://www.facebook.com/groups/landhomechiangmai/posts/4554533731440903/
landhomechiangmai,https://www.facebook.com/groups/landhomechiangmai/,https://www.facebook.com/groups/landhomechiangmai/posts/4554528058108137/
landhomechiangmai,https://www.facebook.com/groups/landhomechiangmai/,https://www.facebook.com/groups/landhomechiangmai/posts/4554526091441667/
landhomechiangmai,https://www.facebook.com/groups/landhomechiangmai/,https://www.facebook.com/groups/landhomechiangmai/posts/4554503048110638/
landhomechiangmai,https://www.facebook.com/groups/landhomechiangmai/,https://www.facebook.com/groups/landhomechiangmai/posts/4554502381444038/
landhomechiangmai,https://www.facebook.com/groups/landhomechiangmai/,https://www.facebook.com/groups/landhomechiangmai/posts/4554516961442580/
landhomechiangmai,https://www.facebook.com/groups/landhomechiangmai/,https://www.facebook.com/groups/landhomechiangmai/posts/4554501481444128/
landhomechiangmai,https://www.facebook.com/groups/landhomechiangmai/,https://www.facebook.com/groups/landhomechiangmai/posts/4554500994777510/
landhomechiangmai,https://www.facebook.com/groups/landhomechiangmai/,https://www.facebook.com/groups/landhomechiangmai/posts/4554499944777615/
landhomechiangmai,https://www.facebook.com/groups/landhomechiangmai/,https://www.facebook.com/groups/landhomechiangmai/posts/4554499554777654/
landhomechiangmai,https://www.facebook.com/groups/landhomechiangmai/,https://www.facebook.com/groups/landhomechiangmai/posts/4554498974777712/
landhomechiangmai,https://www.facebook.com/groups/landhomechiangmai/,https://www.facebook.com/groups/landhomechiangmai/posts/4554496758111267/
landhomechiangmai,https://www.facebook.com/groups/landhomechiangmai/,https://www.facebook.com/groups/landhomechiangmai/posts/4554496238111319/
landhomechiangmai,https://www.facebook.com/groups/landhomechiangmai/,https://www.facebook.com/groups/landhomechiangmai/posts/4554495814778028/
landhomechiangmai,https://www.facebook.com/groups/landhomechiangmai/,https://www.facebook.com/groups/landhomechiangmai/posts/4554493584778251/
landhomechiangmai,https://www.facebook.com/groups/landhomechiangmai/,https://www.facebook.com/groups/landhomechiangmai/posts/4554493394778270/
landhomechiangmai,https://www.facebook.com/groups/landhomechiangmai/,https://www.facebook.com/groups/landhomechiangmai/posts/4554486974778912/
landhomechiangmai,https://www.facebook.com/groups/landhomechiangmai/,https://www.facebook.com/groups/landhomechiangmai/posts/4554472058113737/
landhomechiangmai,https://www.facebook.com/groups/landhomechiangmai/,https://www.facebook.com/groups/landhomechiangmai/posts/4554486178112325/
landhomechiangmai,https://www.facebook.com/groups/landhomechiangmai/,https://www.facebook.com/groups/landhomechiangmai/posts/4554484668112476/
landhomechiangmai,https://www.facebook.com/groups/landhomechiangmai/,https://www.facebook.com/groups/landhomechiangmai/posts/4554477488113194/
landhomechiangmai,https://www.facebook.com/groups/landhomechiangmai/,https://www.facebook.com/groups/landhomechiangmai/posts/4554473148113628/
landhomechiangmai,https://www.facebook.com/groups/landhomechiangmai/,https://www.facebook.com/groups/landhomechiangmai/posts/4554470484780561/
landhomechiangmai,https://www.facebook.com/groups/landhomechiangmai/,https://www.facebook.com/groups/landhomechiangmai/posts/4554470268113916/
landhomechiangmai,https://www.facebook.com/groups/landhomechiangmai/,https://www.facebook.com/groups/landhomechiangmai/posts/4554466524780957/
landhomechiangmai,https://www.facebook.com/groups/landhomechiangmai/,https://www.facebook.com/groups/landhomechiangmai/posts/4554464394781170/
landhomechiangmai,https://www.facebook.com/groups/landhomechiangmai/,https://www.facebook.com/groups/landhomechiangmai/posts/4554462571448019/
landhomechiangmai,https://www.facebook.com/groups/landhomechiangmai/,https://www.facebook.com/groups/landhomechiangmai/posts/4554460791448197/
landhomechiangmai,https://www.facebook.com/groups/landhomechiangmai/,https://www.facebook.com/groups/landhomechiangmai/posts/4554460244781585/
landhomechiangmai,https://www.facebook.com/groups/landhomechiangmai/,https://www.facebook.com/groups/landhomechiangmai/posts/4554458271448449/
landhomechiangmai,https://www.facebook.com/groups/landhomechiangmai/,https://www.facebook.com/groups/landhomechiangmai/posts/4554454914782118/
landhomechiangmai,https://www.facebook.com/groups/landhomechiangmai/,https://www.facebook.com/groups/landhomechiangmai/posts/4554450721449204/
landhomechiangmai,https://www.facebook.com/groups/landhomechiangmai/,https://www.facebook.com/groups/landhomechiangmai/posts/4554450661449210/
landhomechiangmai,https://www.facebook.com/groups/landhomechiangmai/,https://www.facebook.com/groups/landhomechiangmai/posts/4554446164782993/
landhomechiangmai,https://www.facebook.com/groups/landhomechiangmai/,https://www.facebook.com/groups/landhomechiangmai/posts/4554445298116413/
landhomechiangmai,https://www.facebook.com/groups/landhomechiangmai/,https://www.facebook.com/groups/landhomechiangmai/posts/4554442088116734/
landhomechiangmai,https://www.facebook.com/groups/landhomechiangmai/,https://www.facebook.com/groups/landhomechiangmai/posts/4554440181450258/
landhomechiangmai,https://www.facebook.com/groups/landhomechiangmai/,https://www.facebook.com/groups/landhomechiangmai/posts/4554438868117056/
landhomechiangmai,https://www.facebook.com/groups/landhomechiangmai/,https://www.facebook.com/groups/landhomechiangmai/posts/4554437684783841/
landhomechiangmai,https://www.facebook.com/groups/landhomechiangmai/,https://www.facebook.com/groups/landhomechiangmai/posts/4554437001450576/
landhomechiangmai,https://www.facebook.com/groups/landhomechiangmai/,https://www.facebook.com/groups/landhomechiangmai/posts/4554431211451155/
landhomechiangmai,https://www.facebook.com/groups/landhomechiangmai/,https://www.facebook.com/groups/landhomechiangmai/posts/4554430674784542/
landhomechiangmai,https://www.facebook.com/groups/landhomechiangmai/,https://www.facebook.com/groups/landhomechiangmai/posts/4554429258118017/
landhomechiangmai,https://www.facebook.com/groups/landhomechiangmai/,https://www.facebook.com/groups/landhomechiangmai/posts/4554422604785349/
landhomechiangmai,https://www.facebook.com/groups/landhomechiangmai/,https://www.facebook.com/groups/landhomechiangmai/posts/4554428371451439/
landhomechiangmai,https://www.facebook.com/groups/landhomechiangmai/,https://www.facebook.com/groups/landhomechiangmai/posts/4554428211451455/
landhomechiangmai,https://www.facebook.com/groups/landhomechiangmai/,https://www.facebook.com/groups/landhomechiangmai/posts/4554424251451851/
landhomechiangmai,https://www.facebook.com/groups/landhomechiangmai/,https://www.facebook.com/groups/landhomechiangmai/posts/4554422431452033/
landhomechiangmai,https://www.facebook.com/groups/landhomechiangmai/,https://www.facebook.com/groups/landhomechiangmai/posts/4554421638118779/
landhomechiangmai,https://www.facebook.com/groups/landhomechiangmai/,https://www.facebook.com/groups/landhomechiangmai/posts/4554418431452433/
landhomechiangmai,https://www.facebook.com/groups/landhomechiangmai/,https://www.facebook.com/groups/landhomechiangmai/posts/4554420898118853/
landhomechiangmai,https://www.facebook.com/groups/landhomechiangmai/,https://www.facebook.com/groups/landhomechiangmai/posts/4554420258118917/
landhomechiangmai,https://www.facebook.com/groups/landhomechiangmai/,https://www.facebook.com/groups/landhomechiangmai/posts/4554416214785988/
landhomechiangmai,https://www.facebook.com/groups/landhomechiangmai/,https://www.facebook.com/groups/landhomechiangmai/posts/4554409254786684/
landhomechiangmai,https://www.facebook.com/groups/landhomechiangmai/,https://www.facebook.com/groups/landhomechiangmai/posts/4554408304786779/
landhomechiangmai,https://www.facebook.com/groups/landhomechiangmai/,https://www.facebook.com/groups/landhomechiangmai/posts/4554403478120595/
landhomechiangmai,https://www.facebook.com/groups/landhomechiangmai/,https://www.facebook.com/groups/landhomechiangmai/posts/4554397828121160/
landhomechiangmai,https://www.facebook.com/groups/landhomechiangmai/,https://www.facebook.com/groups/landhomechiangmai/posts/4554397714787838/
landhomechiangmai,https://www.facebook.com/groups/landhomechiangmai/,https://www.facebook.com/groups/landhomechiangmai/posts/4554393791454897/
landhomechiangmai,https://www.facebook.com/groups/landhomechiangmai/,https://www.facebook.com/groups/landhomechiangmai/posts/4554388014788808/
landhomechiangmai,https://www.facebook.com/groups/landhomechiangmai/,https://www.facebook.com/groups/landhomechiangmai/posts/4554384331455843/
landhomechiangmai,https://www.facebook.com/groups/landhomechiangmai/,https://www.facebook.com/groups/landhomechiangmai/posts/4554383024789307/
landhomechiangmai,https://www.facebook.com/groups/landhomechiangmai/,https://www.facebook.com/groups/landhomechiangmai/posts/4554381201456156/
landhomechiangmai,https://www.facebook.com/groups/landhomechiangmai/,https://www.facebook.com/groups/landhomechiangmai/posts/4554381188122824/
landhomechiangmai,https://www.facebook.com/groups/landhomechiangmai/,https://www.facebook.com/groups/landhomechiangmai/posts/4554380951456181/
landhomechiangmai,https://www.facebook.com/groups/landhomechiangmai/,https://www.facebook.com/groups/landhomechiangmai/posts/4554378328123110/
landhomechiangmai,https://www.facebook.com/groups/landhomechiangmai/,https://www.facebook.com/groups/landhomechiangmai/posts/4554374138123529/
landhomechiangmai,https://www.facebook.com/groups/landhomechiangmai/,https://www.facebook.com/groups/landhomechiangmai/posts/4554369644790645/
landhomechiangmai,https://www.facebook.com/groups/landhomechiangmai/,https://www.facebook.com/groups/landhomechiangmai/posts/4554366534790956/
landhomechiangmai,https://www.facebook.com/groups/landhomechiangmai/,https://www.facebook.com/groups/landhomechiangmai/posts/4554364728124470/
landhomechiangmai,https://www.facebook.com/groups/landhomechiangmai/,https://www.facebook.com/groups/landhomechiangmai/posts/4554361371458139/
landhomechiangmai,https://www.facebook.com/groups/landhomechiangmai/,https://www.facebook.com/groups/landhomechiangmai/posts/4554361231458153/
landhomechiangmai,https://www.facebook.com/groups/landhomechiangmai/,https://www.facebook.com/groups/landhomechiangmai/posts/4554360014791608/
landhomechiangmai,https://www.facebook.com/groups/landhomechiangmai/,https://www.facebook.com/groups/landhomechiangmai/posts/4554355314792078/
landhomechiangmai,https://www.facebook.com/groups/landhomechiangmai/,https://www.facebook.com/groups/landhomechiangmai/posts/4554352434792366/
landhomechiangmai,https://www.facebook.com/groups/landhomechiangmai/,https://www.facebook.com/groups/landhomechiangmai/posts/4554350528125890/
landhomechiangmai,https://www.facebook.com/groups/landhomechiangmai/,https://www.facebook.com/groups/landhomechiangmai/posts/4554344511459825/
landhomechiangmai,https://www.facebook.com/groups/landhomechiangmai/,https://www.facebook.com/groups/landhomechiangmai/posts/4554343944793215/
landhomechiangmai,https://www.facebook.com/groups/landhomechiangmai/,https://www.facebook.com/groups/landhomechiangmai/posts/4554343784793231/
landhomechiangmai,https://www.facebook.com/groups/landhomechiangmai/,https://www.facebook.com/groups/landhomechiangmai/posts/4554342814793328/
landhomechiangmai,https://www.facebook.com/groups/landhomechiangmai/,https://www.facebook.com/groups/landhomechiangmai/posts/4554342174793392/
landhomechiangmai,https://www.facebook.com/groups/landhomechiangmai/,https://www.facebook.com/groups/landhomechiangmai/posts/4554340418126901/
landhomechiangmai,https://www.facebook.com/groups/landhomechiangmai/,https://www.facebook.com/groups/landhomechiangmai/posts/4554337278127215/
landhomechiangmai,https://www.facebook.com/groups/landhomechiangmai/,https://www.facebook.com/groups/landhomechiangmai/posts/4554334554794154/
landhomechiangmai,https://www.facebook.com/groups/landhomechiangmai/,https://www.facebook.com/groups/landhomechiangmai/posts/4554333584794251/
landhomechiangmai,https://www.facebook.com/groups/landhomechiangmai/,https://www.facebook.com/groups/landhomechiangmai/posts/4554333171460959/
landhomechiangmai,https://www.facebook.com/groups/landhomechiangmai/,https://www.facebook.com/groups/landhomechiangmai/posts/4554331998127743/
landhomechiangmai,https://www.facebook.com/groups/landhomechiangmai/,https://www.facebook.com/groups/landhomechiangmai/posts/4554327648128178/
landhomechiangmai,https://www.facebook.com/groups/landhomechiangmai/,https://www.facebook.com/groups/landhomechiangmai/posts/4554324481461828/
landhomechiangmai,https://www.facebook.com/groups/landhomechiangmai/,https://www.facebook.com/groups/landhomechiangmai/posts/4554320918128851/
landhomechiangmai,https://www.facebook.com/groups/landhomechiangmai/,https://www.facebook.com/groups/landhomechiangmai/posts/4554319461462330/
landhomechiangmai,https://www.facebook.com/groups/landhomechiangmai/,https://www.facebook.com/groups/landhomechiangmai/posts/4554318101462466/
landhomechiangmai,https://www.facebook.com/groups/landhomechiangmai/,https://www.facebook.com/groups/landhomechiangmai/posts/4554315818129361/
landhomechiangmai,https://www.facebook.com/groups/landhomechiangmai/,https://www.facebook.com/groups/landhomechiangmai/posts/4554312551463021/
landhomechiangmai,https://www.facebook.com/groups/landhomechiangmai/,https://www.facebook.com/groups/landhomechiangmai/posts/4554310854796524/
landhomechiangmai,https://www.facebook.com/groups/landhomechiangmai/,https://www.facebook.com/groups/landhomechiangmai/posts/4554308351463441/
landhomechiangmai,https://www.facebook.com/groups/landhomechiangmai/,https://www.facebook.com/groups/landhomechiangmai/posts/4554304231463853/
landhomechiangmai,https://www.facebook.com/groups/landhomechiangmai/,https://www.facebook.com/groups/landhomechiangmai/posts/4554301604797449/
landhomechiangmai,https://www.facebook.com/groups/landhomechiangmai/,https://www.facebook.com/groups/landhomechiangmai/posts/4554299804797629/
landhomechiangmai,https://www.facebook.com/groups/landhomechiangmai/,https://www.facebook.com/groups/landhomechiangmai/posts/4554299194797690/
landhomechiangmai,https://www.facebook.com/groups/landhomechiangmai/,https://www.facebook.com/groups/landhomechiangmai/posts/4554297168131226/
landhomechiangmai,https://www.facebook.com/groups/landhomechiangmai/,https://www.facebook.com/groups/landhomechiangmai/posts/4554291138131829/
landhomechiangmai,https://www.facebook.com/groups/landhomechiangmai/,https://www.facebook.com/groups/landhomechiangmai/posts/4554290541465222/
landhomechiangmai,https://www.facebook.com/groups/landhomechiangmai/,https://www.facebook.com/groups/landhomechiangmai/posts/4554289314798678/
landhomechiangmai,https://www.facebook.com/groups/landhomechiangmai/,https://www.facebook.com/groups/landhomechiangmai/posts/4554288788132064/
landhomechiangmai,https://www.facebook.com/groups/landhomechiangmai/,https://www.facebook.com/groups/landhomechiangmai/posts/4554287664798843/
landhomechiangmai,https://www.facebook.com/groups/landhomechiangmai/,https://www.facebook.com/groups/landhomechiangmai/posts/4554286151465661/
landhomechiangmai,https://www.facebook.com/groups/landhomechiangmai/,https://www.facebook.com/groups/landhomechiangmai/posts/4554285478132395/
landhomechiangmai,https://www.facebook.com/groups/landhomechiangmai/,https://www.facebook.com/groups/landhomechiangmai/posts/4554285061465770/
landhomechiangmai,https://www.facebook.com/groups/landhomechiangmai/,https://www.facebook.com/groups/landhomechiangmai/posts/4554277371466539/
landhomechiangmai,https://www.facebook.com/groups/landhomechiangmai/,https://www.facebook.com/groups/landhomechiangmai/posts/4554274408133502/
landhomechiangmai,https://www.facebook.com/groups/landhomechiangmai/,https://www.facebook.com/groups/landhomechiangmai/posts/4554270021467274/
landhomechiangmai,https://www.facebook.com/groups/landhomechiangmai/,https://www.facebook.com/groups/landhomechiangmai/posts/4554268514800758/
landhomechiangmai,https://www.facebook.com/groups/landhomechiangmai/,https://www.facebook.com/groups/landhomechiangmai/posts/4554261784801431/
landhomechiangmai,https://www.facebook.com/groups/landhomechiangmai/,https://www.facebook.com/groups/landhomechiangmai/posts/4554254361468840/
landhomechiangmai,https://www.facebook.com/groups/landhomechiangmai/,https://www.facebook.com/groups/landhomechiangmai/posts/4554250774802532/
landhomechiangmai,https://www.facebook.com/groups/landhomechiangmai/,https://www.facebook.com/groups/landhomechiangmai/posts/4554241918136751/
landhomechiangmai,https://www.facebook.com/groups/landhomechiangmai/,https://www.facebook.com/groups/landhomechiangmai/posts/4554233001470976/
landhomechiangmai,https://www.facebook.com/groups/landhomechiangmai/,https://www.facebook.com/groups/landhomechiangmai/posts/4554222944805315/
landhomechiangmai,https://www.facebook.com/groups/landhomechiangmai/,https://www.facebook.com/groups/landhomechiangmai/posts/4554217364805873/
landhomechiangmai,https://www.facebook.com/groups/landhomechiangmai/,https://www.facebook.com/groups/landhomechiangmai/posts/4554216111472665/
landhomechiangmai,https://www.facebook.com/groups/landhomechiangmai/,https://www.facebook.com/groups/landhomechiangmai/posts/4554215374806072/
landhomechiangmai,https://www.facebook.com/groups/landhomechiangmai/,https://www.facebook.com/groups/landhomechiangmai/posts/4554193074808302/
landhomechiangmai,https://www.facebook.com/groups/landhomechiangmai/,https://www.facebook.com/groups/landhomechiangmai/posts/4554188608142082/
landhomechiangmai,https://www.facebook.com/groups/landhomechiangmai/,https://www.facebook.com/groups/landhomechiangmai/posts/4554161338144809/
landhomechiangmai,https://www.facebook.com/groups/landhomechiangmai/,https://www.facebook.com/groups/landhomechiangmai/posts/4554154974812112/
landhomechiangmai,https://www.facebook.com/groups/landhomechiangmai/,https://www.facebook.com/groups/landhomechiangmai/posts/4554153831478893/
landhomechiangmai,https://www.facebook.com/groups/landhomechiangmai/,https://www.facebook.com/groups/landhomechiangmai/posts/4554151661479110/
landhomechiangmai,https://www.facebook.com/groups/landhomechiangmai/,https://www.facebook.com/groups/landhomechiangmai/posts/4554130158147927/
landhomechiangmai,https://www.facebook.com/groups/landhomechiangmai/,https://www.facebook.com/groups/landhomechiangmai/posts/4554058314821778/
landhomechiangmai,https://www.facebook.com/groups/landhomechiangmai/,https://www.facebook.com/groups/landhomechiangmai/posts/4554042721490004/
landhomechiangmai,https://www.facebook.com/groups/landhomechiangmai/,https://www.facebook.com/groups/landhomechiangmai/posts/4554012771492999/
landhomechiangmai,https://www.facebook.com/groups/landhomechiangmai/,https://www.facebook.com/groups/landhomechiangmai/posts/4554010518159891/
landhomechiangmai,https://www.facebook.com/groups/landhomechiangmai/,https://www.facebook.com/groups/landhomechiangmai/posts/4553905851503691/
landhomechiangmai,https://www.facebook.com/groups/landhomechiangmai/,https://www.facebook.com/groups/landhomechiangmai/posts/4553838768177066/
landhomechiangmai,https://www.facebook.com/groups/landhomechiangmai/,https://www.facebook.com/groups/landhomechiangmai/posts/4553802914847318/
landhomechiangmai,https://www.facebook.com/groups/landhomechiangmai/,https://www.facebook.com/groups/landhomechiangmai/posts/4553802581514018/
landhomechiangmai,https://www.facebook.com/groups/landhomechiangmai/,https://www.facebook.com/groups/landhomechiangmai/posts/4553795224848087/
landhomechiangmai,https://www.facebook.com/groups/landhomechiangmai/,https://www.facebook.com/groups/landhomechiangmai/posts/4553793231514953/
landhomechiangmai,https://www.facebook.com/groups/landhomechiangmai/,https://www.facebook.com/groups/landhomechiangmai/posts/4553792504848359/
landhomechiangmai,https://www.facebook.com/groups/landhomechiangmai/,https://www.facebook.com/groups/landhomechiangmai/posts/4553791231515153/
landhomechiangmai,https://www.facebook.com/groups/landhomechiangmai/,https://www.facebook.com/groups/landhomechiangmai/posts/4553790338181909/
landhomechiangmai,https://www.facebook.com/groups/landhomechiangmai/,https://www.facebook.com/groups/landhomechiangmai/posts/4553788231515453/
landhomechiangmai,https://www.facebook.com/groups/landhomechiangmai/,https://www.facebook.com/groups/landhomechiangmai/posts/4553784804849129/
landhomechiangmai,https://www.facebook.com/groups/landhomechiangmai/,https://www.facebook.com/groups/landhomechiangmai/posts/4553758241518452/
landhomechiangmai,https://www.facebook.com/groups/landhomechiangmai/,https://www.facebook.com/groups/landhomechiangmai/posts/4553743734853236/
landhomechiangmai,https://www.facebook.com/groups/landhomechiangmai/,https://www.facebook.com/groups/landhomechiangmai/posts/4553743548186588/
landhomechiangmai,https://www.facebook.com/groups/landhomechiangmai/,https://www.facebook.com/groups/landhomechiangmai/posts/4553735884854021/
landhomechiangmai,https://www.facebook.com/groups/landhomechiangmai/,https://www.facebook.com/groups/landhomechiangmai/posts/4553728351521441/
landhomechiangmai,https://www.facebook.com/groups/landhomechiangmai/,https://www.facebook.com/groups/landhomechiangmai/posts/4553726724854937/
landhomechiangmai,https://www.facebook.com/groups/landhomechiangmai/,https://www.facebook.com/groups/landhomechiangmai/posts/4553723794855230/
landhomechiangmai,https://www.facebook.com/groups/landhomechiangmai/,https://www.facebook.com/groups/landhomechiangmai/posts/4553721104855499/
landhomechiangmai,https://www.facebook.com/groups/landhomechiangmai/,https://www.facebook.com/groups/landhomechiangmai/posts/4553717068189236/
landhomechiangmai,https://www.facebook.com/groups/landhomechiangmai/,https://www.facebook.com/groups/landhomechiangmai/posts/4553716674855942/
landhomechiangmai,https://www.facebook.com/groups/landhomechiangmai/,https://www.facebook.com/groups/landhomechiangmai/posts/4553714551522821/
landhomechiangmai,https://www.facebook.com/groups/landhomechiangmai/,https://www.facebook.com/groups/landhomechiangmai/posts/4553714351522841/
landhomechiangmai,https://www.facebook.com/groups/landhomechiangmai/,https://www.facebook.com/groups/landhomechiangmai/posts/4553714258189517/
landhomechiangmai,https://www.facebook.com/groups/landhomechiangmai/,https://www.facebook.com/groups/landhomechiangmai/posts/4553712271523049/
landhomechiangmai,https://www.facebook.com/groups/landhomechiangmai/,https://www.facebook.com/groups/landhomechiangmai/posts/4553709341523342/
landhomechiangmai,https://www.facebook.com/groups/landhomechiangmai/,https://www.facebook.com/groups/landhomechiangmai/posts/4553705731523703/
landhomechiangmai,https://www.facebook.com/groups/landhomechiangmai/,https://www.facebook.com/groups/landhomechiangmai/posts/4553705598190383/
landhomechiangmai,https://www.facebook.com/groups/landhomechiangmai/,https://www.facebook.com/groups/landhomechiangmai/posts/4553705418190401/
landhomechiangmai,https://www.facebook.com/groups/landhomechiangmai/,https://www.facebook.com/groups/landhomechiangmai/posts/4553702751524001/
landhomechiangmai,https://www.facebook.com/groups/landhomechiangmai/,https://www.facebook.com/groups/landhomechiangmai/posts/4553700931524183/
landhomechiangmai,https://www.facebook.com/groups/landhomechiangmai/,https://www.facebook.com/groups/landhomechiangmai/posts/4553700374857572/
landhomechiangmai,https://www.facebook.com/groups/landhomechiangmai/,https://www.facebook.com/groups/landhomechiangmai/posts/4553698674857742/
landhomechiangmai,https://www.facebook.com/groups/landhomechiangmai/,https://www.facebook.com/groups/landhomechiangmai/posts/4553698331524443/
landhomechiangmai,https://www.facebook.com/groups/landhomechiangmai/,https://www.facebook.com/groups/landhomechiangmai/posts/4553697108191232/
landhomechiangmai,https://www.facebook.com/groups/landhomechiangmai/,https://www.facebook.com/groups/landhomechiangmai/posts/4553683118192631/
landhomechiangmai,https://www.facebook.com/groups/landhomechiangmai/,https://www.facebook.com/groups/landhomechiangmai/posts/4553682808192662/
landhomechiangmai,https://www.facebook.com/groups/landhomechiangmai/,https://www.facebook.com/groups/landhomechiangmai/posts/4553682598192683/
landhomechiangmai,https://www.facebook.com/groups/landhomechiangmai/,https://www.facebook.com/groups/landhomechiangmai/posts/4553696631524613/
landhomechiangmai,https://www.facebook.com/groups/landhomechiangmai/,https://www.facebook.com/groups/landhomechiangmai/posts/4553695464858063/
landhomechiangmai,https://www.facebook.com/groups/landhomechiangmai/,https://www.facebook.com/groups/landhomechiangmai/posts/4553694291524847/
landhomechiangmai,https://www.facebook.com/groups/landhomechiangmai/,https://www.facebook.com/groups/landhomechiangmai/posts/4553686808192262/
landhomechiangmai,https://www.facebook.com/groups/landhomechiangmai/,https://www.facebook.com/groups/landhomechiangmai/posts/4553679618192981/
landhomechiangmai,https://www.facebook.com/groups/landhomechiangmai/,https://www.facebook.com/groups/landhomechiangmai/posts/4553676298193313/
landhomechiangmai,https://www.facebook.com/groups/landhomechiangmai/,https://www.facebook.com/groups/landhomechiangmai/posts/4553672121527064/
landhomechiangmai,https://www.facebook.com/groups/landhomechiangmai/,https://www.facebook.com/groups/landhomechiangmai/posts/4553671078193835/
landhomechiangmai,https://www.facebook.com/groups/landhomechiangmai/,https://www.facebook.com/groups/landhomechiangmai/posts/4553670071527269/
landhomechiangmai,https://www.facebook.com/groups/landhomechiangmai/,https://www.facebook.com/groups/landhomechiangmai/posts/4553665218194421/
landhomechiangmai,https://www.facebook.com/groups/landhomechiangmai/,https://www.facebook.com/groups/landhomechiangmai/posts/4553655118195431/
landhomechiangmai,https://www.facebook.com/groups/landhomechiangmai/,https://www.facebook.com/groups/landhomechiangmai/posts/4553646714862938/
landhomechiangmai,https://www.facebook.com/groups/landhomechiangmai/,https://www.facebook.com/groups/landhomechiangmai/posts/4553641981530078/
landhomechiangmai,https://www.facebook.com/groups/landhomechiangmai/,https://www.facebook.com/groups/landhomechiangmai/posts/4553664811527795/
landhomechiangmai,https://www.facebook.com/groups/landhomechiangmai/,https://www.facebook.com/groups/landhomechiangmai/posts/4553662678194675/
landhomechiangmai,https://www.facebook.com/groups/landhomechiangmai/,https://www.facebook.com/groups/landhomechiangmai/posts/4553657204861889/
landhomechiangmai,https://www.facebook.com/groups/landhomechiangmai/,https://www.facebook.com/groups/landhomechiangmai/posts/4553633931530883/
landhomechiangmai,https://www.facebook.com/groups/landhomechiangmai/,https://www.facebook.com/groups/landhomechiangmai/posts/4553633401530936/
landhomechiangmai,https://www.facebook.com/groups/landhomechiangmai/,https://www.facebook.com/groups/landhomechiangmai/posts/4553630098197933/
landhomechiangmai,https://www.facebook.com/groups/landhomechiangmai/,https://www.facebook.com/groups/landhomechiangmai/posts/4553623544865255/
landhomechiangmai,https://www.facebook.com/groups/landhomechiangmai/,https://www.facebook.com/groups/landhomechiangmai/posts/4553622828198660/
landhomechiangmai,https://www.facebook.com/groups/landhomechiangmai/,https://www.facebook.com/groups/landhomechiangmai/posts/4553621594865450/
landhomechiangmai,https://www.facebook.com/groups/landhomechiangmai/,https://www.facebook.com/groups/landhomechiangmai/posts/4553599438200999/
landhomechiangmai,https://www.facebook.com/groups/landhomechiangmai/,https://www.facebook.com/groups/landhomechiangmai/posts/4553598551534421/
landhomechiangmai,https://www.facebook.com/groups/landhomechiangmai/,https://www.facebook.com/groups/landhomechiangmai/posts/4553593091534967/
landhomechiangmai,https://www.facebook.com/groups/landhomechiangmai/,https://www.facebook.com/groups/landhomechiangmai/posts/4553619654865644/
landhomechiangmai,https://www.facebook.com/groups/landhomechiangmai/,https://www.facebook.com/groups/landhomechiangmai/posts/4553612088199734/
landhomechiangmai,https://www.facebook.com/groups/landhomechiangmai/,https://www.facebook.com/groups/landhomechiangmai/posts/4553603431533933/
landhomechiangmai,https://www.facebook.com/groups/landhomechiangmai/,https://www.facebook.com/groups/landhomechiangmai/posts/4553589374868672/
landhomechiangmai,https://www.facebook.com/groups/landhomechiangmai/,https://www.facebook.com/groups/landhomechiangmai/posts/4553587441535532/
landhomechiangmai,https://www.facebook.com/groups/landhomechiangmai/,https://www.facebook.com/groups/landhomechiangmai/posts/4553569991537277/
landhomechiangmai,https://www.facebook.com/groups/landhomechiangmai/,https://www.facebook.com/groups/landhomechiangmai/posts/4553567764870833/
landhomechiangmai,https://www.facebook.com/groups/landhomechiangmai/,https://www.facebook.com/groups/landhomechiangmai/posts/4553563054871304/
landhomechiangmai,https://www.facebook.com/groups/landhomechiangmai/,https://www.facebook.com/groups/landhomechiangmai/posts/4553563108204632/
landhomechiangmai,https://www.facebook.com/groups/landhomechiangmai/,https://www.facebook.com/groups/landhomechiangmai/posts/4553557248205218/
landhomechiangmai,https://www.facebook.com/groups/landhomechiangmai/,https://www.facebook.com/groups/landhomechiangmai/posts/4553552438205699/
landhomechiangmai,https://www.facebook.com/groups/landhomechiangmai/,https://www.facebook.com/groups/landhomechiangmai/posts/4553539184873691/
landhomechiangmai,https://www.facebook.com/groups/landhomechiangmai/,https://www.facebook.com/groups/landhomechiangmai/posts/4553537594873850/
landhomechiangmai,https://www.facebook.com/groups/landhomechiangmai/,https://www.facebook.com/groups/landhomechiangmai/posts/4553536808207262/
landhomechiangmai,https://www.facebook.com/groups/landhomechiangmai/,https://www.facebook.com/groups/landhomechiangmai/posts/4553528591541417/
landhomechiangmai,https://www.facebook.com/groups/landhomechiangmai/,https://www.facebook.com/groups/landhomechiangmai/posts/4553527068208236/
landhomechiangmai,https://www.facebook.com/groups/landhomechiangmai/,https://www.facebook.com/groups/landhomechiangmai/posts/4553523271541949/
landhomechiangmai,https://www.facebook.com/groups/landhomechiangmai/,https://www.facebook.com/groups/landhomechiangmai/posts/4553514664876143/
landhomechiangmai,https://www.facebook.com/groups/landhomechiangmai/,https://www.facebook.com/groups/landhomechiangmai/posts/4553512068209736/
landhomechiangmai,https://www.facebook.com/groups/landhomechiangmai/,https://www.facebook.com/groups/landhomechiangmai/posts/4553498758211067/
landhomechiangmai,https://www.facebook.com/groups/landhomechiangmai/,https://www.facebook.com/groups/landhomechiangmai/posts/4553490741545202/
landhomechiangmai,https://www.facebook.com/groups/landhomechiangmai/,https://www.facebook.com/groups/landhomechiangmai/posts/4553486428212300/
landhomechiangmai,https://www.facebook.com/groups/landhomechiangmai/,https://www.facebook.com/groups/landhomechiangmai/posts/4553481978212745/
landhomechiangmai,https://www.facebook.com/groups/landhomechiangmai/,https://www.facebook.com/groups/landhomechiangmai/posts/4553472381547038/
landhomechiangmai,https://www.facebook.com/groups/landhomechiangmai/,https://www.facebook.com/groups/landhomechiangmai/posts/4553471178213825/
landhomechiangmai,https://www.facebook.com/groups/landhomechiangmai/,https://www.facebook.com/groups/landhomechiangmai/posts/4553465338214409/
landhomechiangmai,https://www.facebook.com/groups/landhomechiangmai/,https://www.facebook.com/groups/landhomechiangmai/posts/4553461254881484/
landhomechiangmai,https://www.facebook.com/groups/landhomechiangmai/,https://www.facebook.com/groups/landhomechiangmai/posts/4553460621548214/
landhomechiangmai,https://www.facebook.com/groups/landhomechiangmai/,https://www.facebook.com/groups/landhomechiangmai/posts/4553467094880900/
landhomechiangmai,https://www.facebook.com/groups/landhomechiangmai/,https://www.facebook.com/groups/landhomechiangmai/posts/4553465771547699/
landhomechiangmai,https://www.facebook.com/groups/landhomechiangmai/,https://www.facebook.com/groups/landhomechiangmai/posts/4553460448214898/
landhomechiangmai,https://www.facebook.com/groups/landhomechiangmai/,https://www.facebook.com/groups/landhomechiangmai/posts/4553459914881618/
landhomechiangmai,https://www.facebook.com/groups/landhomechiangmai/,https://www.facebook.com/groups/landhomechiangmai/posts/4553452664882343/
landhomechiangmai,https://www.facebook.com/groups/landhomechiangmai/,https://www.facebook.com/groups/landhomechiangmai/posts/4553447014882908/
landhomechiangmai,https://www.facebook.com/groups/landhomechiangmai/,https://www.facebook.com/groups/landhomechiangmai/posts/4553442088216734/
landhomechiangmai,https://www.facebook.com/groups/landhomechiangmai/,https://www.facebook.com/groups/landhomechiangmai/posts/4553432151551061/
landhomechiangmai,https://www.facebook.com/groups/landhomechiangmai/,https://www.facebook.com/groups/landhomechiangmai/posts/4553431738217769/
landhomechiangmai,https://www.facebook.com/groups/landhomechiangmai/,https://www.facebook.com/groups/landhomechiangmai/posts/4553431088217834/
landhomechiangmai,https://www.facebook.com/groups/landhomechiangmai/,https://www.facebook.com/groups/landhomechiangmai/posts/4553424484885161/
landhomechiangmai,https://www.facebook.com/groups/landhomechiangmai/,https://www.facebook.com/groups/landhomechiangmai/posts/4553423964885213/
landhomechiangmai,https://www.facebook.com/groups/landhomechiangmai/,https://www.facebook.com/groups/landhomechiangmai/posts/4553421078218835/
landhomechiangmai,https://www.facebook.com/groups/landhomechiangmai/,https://www.facebook.com/groups/landhomechiangmai/posts/4553406681553608/
landhomechiangmai,https://www.facebook.com/groups/landhomechiangmai/,https://www.facebook.com/groups/landhomechiangmai/posts/4553402981553978/
landhomechiangmai,https://www.facebook.com/groups/landhomechiangmai/,https://www.facebook.com/groups/landhomechiangmai/posts/4553396974887912/
landhomechiangmai,https://www.facebook.com/groups/landhomechiangmai/,https://www.facebook.com/groups/landhomechiangmai/posts/4553387988222144/
landhomechiangmai,https://www.facebook.com/groups/landhomechiangmai/,https://www.facebook.com/groups/landhomechiangmai/posts/4553380408222902/
landhomechiangmai,https://www.facebook.com/groups/landhomechiangmai/,https://www.facebook.com/groups/landhomechiangmai/posts/4553376058223337/
landhomechiangmai,https://www.facebook.com/groups/landhomechiangmai/,https://www.facebook.com/groups/landhomechiangmai/posts/4553374638223479/
landhomechiangmai,https://www.facebook.com/groups/landhomechiangmai/,https://www.facebook.com/groups/landhomechiangmai/posts/4553374151556861/
landhomechiangmai,https://www.facebook.com/groups/landhomechiangmai/,https://www.facebook.com/groups/landhomechiangmai/posts/4553373998223543/
landhomechiangmai,https://www.facebook.com/groups/landhomechiangmai/,https://www.facebook.com/groups/landhomechiangmai/posts/4553369271557349/
landhomechiangmai,https://www.facebook.com/groups/landhomechiangmai/,https://www.facebook.com/groups/landhomechiangmai/posts/4553353601558916/
landhomechiangmai,https://www.facebook.com/groups/landhomechiangmai/,https://www.facebook.com/groups/landhomechiangmai/posts/4553350324892577/
landhomechiangmai,https://www.facebook.com/groups/landhomechiangmai/,https://www.facebook.com/groups/landhomechiangmai/posts/4553348771559399/
landhomechiangmai,https://www.facebook.com/groups/landhomechiangmai/,https://www.facebook.com/groups/landhomechiangmai/posts/4553367454890864/
landhomechiangmai,https://www.facebook.com/groups/landhomechiangmai/,https://www.facebook.com/groups/landhomechiangmai/posts/4553366268224316/
landhomechiangmai,https://www.facebook.com/groups/landhomechiangmai/,https://www.facebook.com/groups/landhomechiangmai/posts/4553362854891324/
landhomechiangmai,https://www.facebook.com/groups/landhomechiangmai/,https://www.facebook.com/groups/landhomechiangmai/posts/4553344888226454/
landhomechiangmai,https://www.facebook.com/groups/landhomechiangmai/,https://www.facebook.com/groups/landhomechiangmai/posts/4553338961560380/
landhomechiangmai,https://www.facebook.com/groups/landhomechiangmai/,https://www.facebook.com/groups/landhomechiangmai/posts/4553336454893964/
landhomechiangmai,https://www.facebook.com/groups/landhomechiangmai/,https://www.facebook.com/groups/landhomechiangmai/posts/4553336218227321/
landhomechiangmai,https://www.facebook.com/groups/landhomechiangmai/,https://www.facebook.com/groups/landhomechiangmai/posts/4553335251560751/
landhomechiangmai,https://www.facebook.com/groups/landhomechiangmai/,https://www.facebook.com/groups/landhomechiangmai/posts/4553333564894253/
landhomechiangmai,https://www.facebook.com/groups/landhomechiangmai/,https://www.facebook.com/groups/landhomechiangmai/posts/4553332481561028/
landhomechiangmai,https://www.facebook.com/groups/landhomechiangmai/,https://www.facebook.com/groups/landhomechiangmai/posts/4553328674894742/
landhomechiangmai,https://www.facebook.com/groups/landhomechiangmai/,https://www.facebook.com/groups/landhomechiangmai/posts/4553328314894778/
landhomechiangmai,https://www.facebook.com/groups/landhomechiangmai/,https://www.facebook.com/groups/landhomechiangmai/posts/4553325621561714/
landhomechiangmai,https://www.facebook.com/groups/landhomechiangmai/,https://www.facebook.com/groups/landhomechiangmai/posts/4553323954895214/
landhomechiangmai,https://www.facebook.com/groups/landhomechiangmai/,https://www.facebook.com/groups/landhomechiangmai/posts/4553321338228809/
landhomechiangmai,https://www.facebook.com/groups/landhomechiangmai/,https://www.facebook.com/groups/landhomechiangmai/posts/4553316344895975/
landhomechiangmai,https://www.facebook.com/groups/landhomechiangmai/,https://www.facebook.com/groups/landhomechiangmai/posts/4553315498229393/
landhomechiangmai,https://www.facebook.com/groups/landhomechiangmai/,https://www.facebook.com/groups/landhomechiangmai/posts/4553302981563978/
landhomechiangmai,https://www.facebook.com/groups/landhomechiangmai/,https://www.facebook.com/groups/landhomechiangmai/posts/4553301928230750/
landhomechiangmai,https://www.facebook.com/groups/landhomechiangmai/,https://www.facebook.com/groups/landhomechiangmai/posts/4553299714897638/
landhomechiangmai,https://www.facebook.com/groups/landhomechiangmai/,https://www.facebook.com/groups/landhomechiangmai/posts/4553314391562837/
landhomechiangmai,https://www.facebook.com/groups/landhomechiangmai/,https://www.facebook.com/groups/landhomechiangmai/posts/4553312488229694/
landhomechiangmai,https://www.facebook.com/groups/landhomechiangmai/,https://www.facebook.com/groups/landhomechiangmai/posts/4553310801563196/
landhomechiangmai,https://www.facebook.com/groups/landhomechiangmai/,https://www.facebook.com/groups/landhomechiangmai/posts/4553309501563326/
landhomechiangmai,https://www.facebook.com/groups/landhomechiangmai/,https://www.facebook.com/groups/landhomechiangmai/posts/4553298458231097/
landhomechiangmai,https://www.facebook.com/groups/landhomechiangmai/,https://www.facebook.com/groups/landhomechiangmai/posts/4553298298231113/
landhomechiangmai,https://www.facebook.com/groups/landhomechiangmai/,https://www.facebook.com/groups/landhomechiangmai/posts/4553296108231332/
landhomechiangmai,https://www.facebook.com/groups/landhomechiangmai/,https://www.facebook.com/groups/landhomechiangmai/posts/4553294701564806/
landhomechiangmai,https://www.facebook.com/groups/landhomechiangmai/,https://www.facebook.com/groups/landhomechiangmai/posts/4553292944898315/
landhomechiangmai,https://www.facebook.com/groups/landhomechiangmai/,https://www.facebook.com/groups/landhomechiangmai/posts/4553292208231722/
landhomechiangmai,https://www.facebook.com/groups/landhomechiangmai/,https://www.facebook.com/groups/landhomechiangmai/posts/4553291631565113/
landhomechiangmai,https://www.facebook.com/groups/landhomechiangmai/,https://www.facebook.com/groups/landhomechiangmai/posts/4553290588231884/
landhomechiangmai,https://www.facebook.com/groups/landhomechiangmai/,https://www.facebook.com/groups/landhomechiangmai/posts/4553289228232020/
landhomechiangmai,https://www.facebook.com/groups/landhomechiangmai/,https://www.facebook.com/groups/landhomechiangmai/posts/4553287491565527/
landhomechiangmai,https://www.facebook.com/groups/landhomechiangmai/,https://www.facebook.com/groups/landhomechiangmai/posts/4553284004899209/
landhomechiangmai,https://www.facebook.com/groups/landhomechiangmai/,https://www.facebook.com/groups/landhomechiangmai/posts/4553283231565953/
landhomechiangmai,https://www.facebook.com/groups/landhomechiangmai/,https://www.facebook.com/groups/landhomechiangmai/posts/4553281224899487/
landhomechiangmai,https://www.facebook.com/groups/landhomechiangmai/,https://www.facebook.com/groups/landhomechiangmai/posts/4553279054899704/
landhomechiangmai,https://www.facebook.com/groups/landhomechiangmai/,https://www.facebook.com/groups/landhomechiangmai/posts/4553276301566646/
landhomechiangmai,https://www.facebook.com/groups/landhomechiangmai/,https://www.facebook.com/groups/landhomechiangmai/posts/4553268271567449/
landhomechiangmai,https://www.facebook.com/groups/landhomechiangmai/,https://www.facebook.com/groups/landhomechiangmai/posts/4553266428234300/
landhomechiangmai,https://www.facebook.com/groups/landhomechiangmai/,https://www.facebook.com/groups/landhomechiangmai/posts/4553263984901211/
landhomechiangmai,https://www.facebook.com/groups/landhomechiangmai/,https://www.facebook.com/groups/landhomechiangmai/posts/4553272984900311/
landhomechiangmai,https://www.facebook.com/groups/landhomechiangmai/,https://www.facebook.com/groups/landhomechiangmai/posts/4553270981567178/
landhomechiangmai,https://www.facebook.com/groups/landhomechiangmai/,https://www.facebook.com/groups/landhomechiangmai/posts/4553268348234108/
landhomechiangmai,https://www.facebook.com/groups/landhomechiangmai/,https://www.facebook.com/groups/landhomechiangmai/posts/4553253624902247/
landhomechiangmai,https://www.facebook.com/groups/landhomechiangmai/,https://www.facebook.com/groups/landhomechiangmai/posts/4553253014902308/
landhomechiangmai,https://www.facebook.com/groups/landhomechiangmai/,https://www.facebook.com/groups/landhomechiangmai/posts/4553251121569164/
landhomechiangmai,https://www.facebook.com/groups/landhomechiangmai/,https://www.facebook.com/groups/landhomechiangmai/posts/4553262591568017/
landhomechiangmai,https://www.facebook.com/groups/landhomechiangmai/,https://www.facebook.com/groups/landhomechiangmai/posts/4553258084901801/
landhomechiangmai,https://www.facebook.com/groups/landhomechiangmai/,https://www.facebook.com/groups/landhomechiangmai/posts/4553254611568815/
landhomechiangmai,https://www.facebook.com/groups/landhomechiangmai/,https://www.facebook.com/groups/landhomechiangmai/posts/4553250471569229/
landhomechiangmai,https://www.facebook.com/groups/landhomechiangmai/,https://www.facebook.com/groups/landhomechiangmai/posts/4553250148235928/
landhomechiangmai,https://www.facebook.com/groups/landhomechiangmai/,https://www.facebook.com/groups/landhomechiangmai/posts/4553249908235952/
landhomechiangmai,https://www.facebook.com/groups/landhomechiangmai/,https://www.facebook.com/groups/landhomechiangmai/posts/4553248488236094/
landhomechiangmai,https://www.facebook.com/groups/landhomechiangmai/,https://www.facebook.com/groups/landhomechiangmai/posts/4553246568236286/
landhomechiangmai,https://www.facebook.com/groups/landhomechiangmai/,https://www.facebook.com/groups/landhomechiangmai/posts/4553245108236432/
landhomechiangmai,https://www.facebook.com/groups/landhomechiangmai/,https://www.facebook.com/groups/landhomechiangmai/posts/4553243024903307/
landhomechiangmai,https://www.facebook.com/groups/landhomechiangmai/,https://www.facebook.com/groups/landhomechiangmai/posts/4553242021570074/
landhomechiangmai,https://www.facebook.com/groups/landhomechiangmai/,https://www.facebook.com/groups/landhomechiangmai/posts/4553241551570121/
landhomechiangmai,https://www.facebook.com/groups/landhomechiangmai/,https://www.facebook.com/groups/landhomechiangmai/posts/4553238761570400/
landhomechiangmai,https://www.facebook.com/groups/landhomechiangmai/,https://www.facebook.com/groups/landhomechiangmai/posts/4553237374903872/
landhomechiangmai,https://www.facebook.com/groups/landhomechiangmai/,https://www.facebook.com/groups/landhomechiangmai/posts/4553215761572700/
landhomechiangmai,https://www.facebook.com/groups/landhomechiangmai/,https://www.facebook.com/groups/landhomechiangmai/posts/4553209834906626/
landhomechiangmai,https://www.facebook.com/groups/landhomechiangmai/,https://www.facebook.com/groups/landhomechiangmai/posts/4553235118237431/
landhomechiangmai,https://www.facebook.com/groups/landhomechiangmai/,https://www.facebook.com/groups/landhomechiangmai/posts/4553227391571537/
landhomechiangmai,https://www.facebook.com/groups/landhomechiangmai/,https://www.facebook.com/groups/landhomechiangmai/posts/4553223601571916/
landhomechiangmai,https://www.facebook.com/groups/landhomechiangmai/,https://www.facebook.com/groups/landhomechiangmai/posts/4553219504905659/
landhomechiangmai,https://www.facebook.com/groups/landhomechiangmai/,https://www.facebook.com/groups/landhomechiangmai/posts/4553216911572585/
landhomechiangmai,https://www.facebook.com/groups/landhomechiangmai/,https://www.facebook.com/groups/landhomechiangmai/posts/4553209668239976/
landhomechiangmai,https://www.facebook.com/groups/landhomechiangmai/,https://www.facebook.com/groups/landhomechiangmai/posts/4553209034906706/
landhomechiangmai,https://www.facebook.com/groups/landhomechiangmai/,https://www.facebook.com/groups/landhomechiangmai/posts/4553203004907309/
landhomechiangmai,https://www.facebook.com/groups/landhomechiangmai/,https://www.facebook.com/groups/landhomechiangmai/posts/4553202748240668/
landhomechiangmai,https://www.facebook.com/groups/landhomechiangmai/,https://www.facebook.com/groups/landhomechiangmai/posts/4553202314907378/
landhomechiangmai,https://www.facebook.com/groups/landhomechiangmai/,https://www.facebook.com/groups/landhomechiangmai/posts/4553202151574061/
landhomechiangmai,https://www.facebook.com/groups/landhomechiangmai/,https://www.facebook.com/groups/landhomechiangmai/posts/4553201901574086/
landhomechiangmai,https://www.facebook.com/groups/landhomechiangmai/,https://www.facebook.com/groups/landhomechiangmai/posts/4553200991574177/
landhomechiangmai,https://www.facebook.com/groups/landhomechiangmai/,https://www.facebook.com/groups/landhomechiangmai/posts/4553200908240852/
landhomechiangmai,https://www.facebook.com/groups/landhomechiangmai/,https://www.facebook.com/groups/landhomechiangmai/posts/4553200838240859/
landhomechiangmai,https://www.facebook.com/groups/landhomechiangmai/,https://www.facebook.com/groups/landhomechiangmai/posts/4553188261575450/
landhomechiangmai,https://www.facebook.com/groups/landhomechiangmai/,https://www.facebook.com/groups/landhomechiangmai/posts/4553186198242323/
landhomechiangmai,https://www.facebook.com/groups/landhomechiangmai/,https://www.facebook.com/groups/landhomechiangmai/posts/4553183361575940/
landhomechiangmai,https://www.facebook.com/groups/landhomechiangmai/,https://www.facebook.com/groups/landhomechiangmai/posts/4553180864909523/
landhomechiangmai,https://www.facebook.com/groups/landhomechiangmai/,https://www.facebook.com/groups/landhomechiangmai/posts/4553187228242220/
landhomechiangmai,https://www.facebook.com/groups/landhomechiangmai/,https://www.facebook.com/groups/landhomechiangmai/posts/4553173528243590/
landhomechiangmai,https://www.facebook.com/groups/landhomechiangmai/,https://www.facebook.com/groups/landhomechiangmai/posts/4553173324910277/
landhomechiangmai,https://www.facebook.com/groups/landhomechiangmai/,https://www.facebook.com/groups/landhomechiangmai/posts/4553169164910693/
landhomechiangmai,https://www.facebook.com/groups/landhomechiangmai/,https://www.facebook.com/groups/landhomechiangmai/posts/4553166791577597/
landhomechiangmai,https://www.facebook.com/groups/landhomechiangmai/,https://www.facebook.com/groups/landhomechiangmai/posts/4553164504911159/
landhomechiangmai,https://www.facebook.com/groups/landhomechiangmai/,https://www.facebook.com/groups/landhomechiangmai/posts/4553163521577924/
landhomechiangmai,https://www.facebook.com/groups/landhomechiangmai/,https://www.facebook.com/groups/landhomechiangmai/posts/4553154551578821/
landhomechiangmai,https://www.facebook.com/groups/landhomechiangmai/,https://www.facebook.com/groups/landhomechiangmai/posts/4553152394912370/
landhomechiangmai,https://www.facebook.com/groups/landhomechiangmai/,https://www.facebook.com/groups/landhomechiangmai/posts/4553149948245948/
landhomechiangmai,https://www.facebook.com/groups/landhomechiangmai/,https://www.facebook.com/groups/landhomechiangmai/posts/4553157951578481/
landhomechiangmai,https://www.facebook.com/groups/landhomechiangmai/,https://www.facebook.com/groups/landhomechiangmai/posts/4553156924911917/
landhomechiangmai,https://www.facebook.com/groups/landhomechiangmai/,https://www.facebook.com/groups/landhomechiangmai/posts/4553156731578603/
landhomechiangmai,https://www.facebook.com/groups/landhomechiangmai/,https://www.facebook.com/groups/landhomechiangmai/posts/4553136234913986/
landhomechiangmai,https://www.facebook.com/groups/landhomechiangmai/,https://www.facebook.com/groups/landhomechiangmai/posts/4553135058247437/
landhomechiangmai,https://www.facebook.com/groups/landhomechiangmai/,https://www.facebook.com/groups/landhomechiangmai/posts/4553148558246087/
landhomechiangmai,https://www.facebook.com/groups/landhomechiangmai/,https://www.facebook.com/groups/landhomechiangmai/posts/4553144551579821/
landhomechiangmai,https://www.facebook.com/groups/landhomechiangmai/,https://www.facebook.com/groups/landhomechiangmai/posts/4553140824913527/
landhomechiangmai,https://www.facebook.com/groups/landhomechiangmai/,https://www.facebook.com/groups/landhomechiangmai/posts/4553133348247608/
landhomechiangmai,https://www.facebook.com/groups/landhomechiangmai/,https://www.facebook.com/groups/landhomechiangmai/posts/4553127988248144/
landhomechiangmai,https://www.facebook.com/groups/landhomechiangmai/,https://www.facebook.com/groups/landhomechiangmai/posts/4553127471581529/
landhomechiangmai,https://www.facebook.com/groups/landhomechiangmai/,https://www.facebook.com/groups/landhomechiangmai/posts/4553133811580895/
landhomechiangmai,https://www.facebook.com/groups/landhomechiangmai/,https://www.facebook.com/groups/landhomechiangmai/posts/4553125234915086/
landhomechiangmai,https://www.facebook.com/groups/landhomechiangmai/,https://www.facebook.com/groups/landhomechiangmai/posts/4553123541581922/
landhomechiangmai,https://www.facebook.com/groups/landhomechiangmai/,https://www.facebook.com/groups/landhomechiangmai/posts/4553121328248810/
landhomechiangmai,https://www.facebook.com/groups/landhomechiangmai/,https://www.facebook.com/groups/landhomechiangmai/posts/4553120348248908/
landhomechiangmai,https://www.facebook.com/groups/landhomechiangmai/,https://www.facebook.com/groups/landhomechiangmai/posts/4553114461582830/
landhomechiangmai,https://www.facebook.com/groups/landhomechiangmai/,https://www.facebook.com/groups/landhomechiangmai/posts/4553113214916288/
landhomechiangmai,https://www.facebook.com/groups/landhomechiangmai/,https://www.facebook.com/groups/landhomechiangmai/posts/4553107221583554/
landhomechiangmai,https://www.facebook.com/groups/landhomechiangmai/,https://www.facebook.com/groups/landhomechiangmai/posts/4553099788250964/
landhomechiangmai,https://www.facebook.com/groups/landhomechiangmai/,https://www.facebook.com/groups/landhomechiangmai/posts/4553094734918136/
landhomechiangmai,https://www.facebook.com/groups/landhomechiangmai/,https://www.facebook.com/groups/landhomechiangmai/posts/4553094354918174/
landhomechiangmai,https://www.facebook.com/groups/landhomechiangmai/,https://www.facebook.com/groups/landhomechiangmai/posts/4553092518251691/
landhomechiangmai,https://www.facebook.com/groups/landhomechiangmai/,https://www.facebook.com/groups/landhomechiangmai/posts/4553087628252180/
landhomechiangmai,https://www.facebook.com/groups/landhomechiangmai/,https://www.facebook.com/groups/landhomechiangmai/posts/4553086448252298/
landhomechiangmai,https://www.facebook.com/groups/landhomechiangmai/,https://www.facebook.com/groups/landhomechiangmai/posts/4553082398252703/
landhomechiangmai,https://www.facebook.com/groups/landhomechiangmai/,https://www.facebook.com/groups/landhomechiangmai/posts/4553081861586090/
landhomechiangmai,https://www.facebook.com/groups/landhomechiangmai/,https://www.facebook.com/groups/landhomechiangmai/posts/4553081294919480/
landhomechiangmai,https://www.facebook.com/groups/landhomechiangmai/,https://www.facebook.com/groups/landhomechiangmai/posts/4553077801586496/
landhomechiangmai,https://www.facebook.com/groups/landhomechiangmai/,https://www.facebook.com/groups/landhomechiangmai/posts/4553072668253676/
landhomechiangmai,https://www.facebook.com/groups/landhomechiangmai/,https://www.facebook.com/groups/landhomechiangmai/posts/4553072388253704/
landhomechiangmai,https://www.facebook.com/groups/landhomechiangmai/,https://www.facebook.com/groups/landhomechiangmai/posts/4553071954920414/
landhomechiangmai,https://www.facebook.com/groups/landhomechiangmai/,https://www.facebook.com/groups/landhomechiangmai/posts/4553068314920778/
landhomechiangmai,https://www.facebook.com/groups/landhomechiangmai/,https://www.facebook.com/groups/landhomechiangmai/posts/4553067094920900/
landhomechiangmai,https://www.facebook.com/groups/landhomechiangmai/,https://www.facebook.com/groups/landhomechiangmai/posts/4553065204921089/
landhomechiangmai,https://www.facebook.com/groups/landhomechiangmai/,https://www.facebook.com/groups/landhomechiangmai/posts/4553064814921128/
landhomechiangmai,https://www.facebook.com/groups/landhomechiangmai/,https://www.facebook.com/groups/landhomechiangmai/posts/4553063874921222/
landhomechiangmai,https://www.facebook.com/groups/landhomechiangmai/,https://www.facebook.com/groups/landhomechiangmai/posts/4553063651587911/
landhomechiangmai,https://www.facebook.com/groups/landhomechiangmai/,https://www.facebook.com/groups/landhomechiangmai/posts/4553061808254762/
landhomechiangmai,https://www.facebook.com/groups/landhomechiangmai/,https://www.facebook.com/groups/landhomechiangmai/posts/4553060778254865/
landhomechiangmai,https://www.facebook.com/groups/landhomechiangmai/,https://www.facebook.com/groups/landhomechiangmai/posts/4553039164923693/
landhomechiangmai,https://www.facebook.com/groups/landhomechiangmai/,https://www.facebook.com/groups/landhomechiangmai/posts/4553031648257778/
landhomechiangmai,https://www.facebook.com/groups/landhomechiangmai/,https://www.facebook.com/groups/landhomechiangmai/posts/4553025754925034/
landhomechiangmai,https://www.facebook.com/groups/landhomechiangmai/,https://www.facebook.com/groups/landhomechiangmai/posts/4553016768259266/
landhomechiangmai,https://www.facebook.com/groups/landhomechiangmai/,https://www.facebook.com/groups/landhomechiangmai/posts/4553012151593061/
landhomechiangmai,https://www.facebook.com/groups/landhomechiangmai/,https://www.facebook.com/groups/landhomechiangmai/posts/4552991744928435/
landhomechiangmai,https://www.facebook.com/groups/landhomechiangmai/,https://www.facebook.com/groups/landhomechiangmai/posts/4552972171597059/
landhomechiangmai,https://www.facebook.com/groups/landhomechiangmai/,https://www.facebook.com/groups/landhomechiangmai/posts/4553007321593544/
landhomechiangmai,https://www.facebook.com/groups/landhomechiangmai/,https://www.facebook.com/groups/landhomechiangmai/posts/4553005218260421/
landhomechiangmai,https://www.facebook.com/groups/landhomechiangmai/,https://www.facebook.com/groups/landhomechiangmai/posts/4552994298261513/
landhomechiangmai,https://www.facebook.com/groups/landhomechiangmai/,https://www.facebook.com/groups/landhomechiangmai/posts/4552680468292896/
landhomechiangmai,https://www.facebook.com/groups/landhomechiangmai/,https://www.facebook.com/groups/landhomechiangmai/posts/4552959608264982/
landhomechiangmai,https://www.facebook.com/groups/landhomechiangmai/,https://www.facebook.com/groups/landhomechiangmai/posts/4552928481601428/
landhomechiangmai,https://www.facebook.com/groups/landhomechiangmai/,https://www.facebook.com/groups/landhomechiangmai/posts/4552880538272889/
landhomechiangmai,https://www.facebook.com/groups/landhomechiangmai/,https://www.facebook.com/groups/landhomechiangmai/posts/4552746554952954/
landhomechiangmai,https://www.facebook.com/groups/landhomechiangmai/,https://www.facebook.com/groups/landhomechiangmai/posts/4552740868286856/
landhomechiangmai,https://www.facebook.com/groups/landhomechiangmai/,https://www.facebook.com/groups/landhomechiangmai/posts/4552644821629794/
landhomechiangmai,https://www.facebook.com/groups/landhomechiangmai/,https://www.facebook.com/groups/landhomechiangmai/posts/4552609531633323/
landhomechiangmai,https://www.facebook.com/groups/landhomechiangmai/,https://www.facebook.com/groups/landhomechiangmai/posts/4552608261633450/
landhomechiangmai,https://www.facebook.com/groups/landhomechiangmai/,https://www.facebook.com/groups/landhomechiangmai/posts/4552599284967681/
landhomechiangmai,https://www.facebook.com/groups/landhomechiangmai/,https://www.facebook.com/groups/landhomechiangmai/posts/4552588781635398/
landhomechiangmai,https://www.facebook.com/groups/landhomechiangmai/,https://www.facebook.com/groups/landhomechiangmai/posts/4552543488306594/
landhomechiangmai,https://www.facebook.com/groups/landhomechiangmai/,https://www.facebook.com/groups/landhomechiangmai/posts/4552539471640329/
landhomechiangmai,https://www.facebook.com/groups/landhomechiangmai/,https://www.facebook.com/groups/landhomechiangmai/posts/4552537354973874/
landhomechiangmai,https://www.facebook.com/groups/landhomechiangmai/,https://www.facebook.com/groups/landhomechiangmai/posts/4552535304974079/
landhomechiangmai,https://www.facebook.com/groups/landhomechiangmai/,https://www.facebook.com/groups/landhomechiangmai/posts/4552533158307627/
landhomechiangmai,https://www.facebook.com/groups/landhomechiangmai/,https://www.facebook.com/groups/landhomechiangmai/posts/4552532084974401/
landhomechiangmai,https://www.facebook.com/groups/landhomechiangmai/,https://www.facebook.com/groups/landhomechiangmai/posts/4552531481641128/
landhomechiangmai,https://www.facebook.com/groups/landhomechiangmai/,https://www.facebook.com/groups/landhomechiangmai/posts/4552526538308289/
landhomechiangmai,https://www.facebook.com/groups/landhomechiangmai/,https://www.facebook.com/groups/landhomechiangmai/posts/4552525004975109/
landhomechiangmai,https://www.facebook.com/groups/landhomechiangmai/,https://www.facebook.com/groups/landhomechiangmai/posts/4552523431641933/
landhomechiangmai,https://www.facebook.com/groups/landhomechiangmai/,https://www.facebook.com/groups/landhomechiangmai/posts/4552519901642286/
landhomechiangmai,https://www.facebook.com/groups/landhomechiangmai/,https://www.facebook.com/groups/landhomechiangmai/posts/4552519431642333/
landhomechiangmai,https://www.facebook.com/groups/landhomechiangmai/,https://www.facebook.com/groups/landhomechiangmai/posts/4552517524975857/
landhomechiangmai,https://www.facebook.com/groups/landhomechiangmai/,https://www.facebook.com/groups/landhomechiangmai/posts/4552514098309533/
landhomechiangmai,https://www.facebook.com/groups/landhomechiangmai/,https://www.facebook.com/groups/landhomechiangmai/posts/4552512961642980/
landhomechiangmai,https://www.facebook.com/groups/landhomechiangmai/,https://www.facebook.com/groups/landhomechiangmai/posts/4552509948309948/
landhomechiangmai,https://www.facebook.com/groups/landhomechiangmai/,https://www.facebook.com/groups/landhomechiangmai/posts/4552507681643508/
landhomechiangmai,https://www.facebook.com/groups/landhomechiangmai/,https://www.facebook.com/groups/landhomechiangmai/posts/4552496751644601/
landhomechiangmai,https://www.facebook.com/groups/landhomechiangmai/,https://www.facebook.com/groups/landhomechiangmai/posts/4552494784978131/
landhomechiangmai,https://www.facebook.com/groups/landhomechiangmai/,https://www.facebook.com/groups/landhomechiangmai/posts/4552499468310996/
landhomechiangmai,https://www.facebook.com/groups/landhomechiangmai/,https://www.facebook.com/groups/landhomechiangmai/posts/4552498554977754/
landhomechiangmai,https://www.facebook.com/groups/landhomechiangmai/,https://www.facebook.com/groups/landhomechiangmai/posts/4552497638311179/
landhomechiangmai,https://www.facebook.com/groups/landhomechiangmai/,https://www.facebook.com/groups/landhomechiangmai/posts/4552489861645290/
landhomechiangmai,https://www.facebook.com/groups/landhomechiangmai/,https://www.facebook.com/groups/landhomechiangmai/posts/4552489668311976/
landhomechiangmai,https://www.facebook.com/groups/landhomechiangmai/,https://www.facebook.com/groups/landhomechiangmai/posts/4552483998312543/
landhomechiangmai,https://www.facebook.com/groups/landhomechiangmai/,https://www.facebook.com/groups/landhomechiangmai/posts/4552482401646036/
landhomechiangmai,https://www.facebook.com/groups/landhomechiangmai/,https://www.facebook.com/groups/landhomechiangmai/posts/4552482268312716/
landhomechiangmai,https://www.facebook.com/groups/landhomechiangmai/,https://www.facebook.com/groups/landhomechiangmai/posts/4552481441646132/
landhomechiangmai,https://www.facebook.com/groups/landhomechiangmai/,https://www.facebook.com/groups/landhomechiangmai/posts/4552474931646783/
landhomechiangmai,https://www.facebook.com/groups/landhomechiangmai/,https://www.facebook.com/groups/landhomechiangmai/posts/4552472271647049/
landhomechiangmai,https://www.facebook.com/groups/landhomechiangmai/,https://www.facebook.com/groups/landhomechiangmai/posts/4552470628313880/
landhomechiangmai,https://www.facebook.com/groups/landhomechiangmai/,https://www.facebook.com/groups/landhomechiangmai/posts/4552480774979532/
landhomechiangmai,https://www.facebook.com/groups/landhomechiangmai/,https://www.facebook.com/groups/landhomechiangmai/posts/4552479644979645/
landhomechiangmai,https://www.facebook.com/groups/landhomechiangmai/,https://www.facebook.com/groups/landhomechiangmai/posts/4552479564979653/
landhomechiangmai,https://www.facebook.com/groups/landhomechiangmai/,https://www.facebook.com/groups/landhomechiangmai/posts/4552478164979793/
landhomechiangmai,https://www.facebook.com/groups/landhomechiangmai/,https://www.facebook.com/groups/landhomechiangmai/posts/4552468944980715/
landhomechiangmai,https://www.facebook.com/groups/landhomechiangmai/,https://www.facebook.com/groups/landhomechiangmai/posts/4552468731647403/
landhomechiangmai,https://www.facebook.com/groups/landhomechiangmai/,https://www.facebook.com/groups/landhomechiangmai/posts/4552466891647587/
landhomechiangmai,https://www.facebook.com/groups/landhomechiangmai/,https://www.facebook.com/groups/landhomechiangmai/posts/4552452398315703/
landhomechiangmai,https://www.facebook.com/groups/landhomechiangmai/,https://www.facebook.com/groups/landhomechiangmai/posts/4552464518314491/
landhomechiangmai,https://www.facebook.com/groups/landhomechiangmai/,https://www.facebook.com/groups/landhomechiangmai/posts/4552463898314553/
landhomechiangmai,https://www.facebook.com/groups/landhomechiangmai/,https://www.facebook.com/groups/landhomechiangmai/posts/4552461858314757/
landhomechiangmai,https://www.facebook.com/groups/landhomechiangmai/,https://www.facebook.com/groups/landhomechiangmai/posts/4552461424981467/
landhomechiangmai,https://www.facebook.com/groups/landhomechiangmai/,https://www.facebook.com/groups/landhomechiangmai/posts/4552442174983392/
landhomechiangmai,https://www.facebook.com/groups/landhomechiangmai/,https://www.facebook.com/groups/landhomechiangmai/posts/4552427631651513/
landhomechiangmai,https://www.facebook.com/groups/landhomechiangmai/,https://www.facebook.com/groups/landhomechiangmai/posts/4552424878318455/
landhomechiangmai,https://www.facebook.com/groups/landhomechiangmai/,https://www.facebook.com/groups/landhomechiangmai/posts/4552418554985754/
landhomechiangmai,https://www.facebook.com/groups/landhomechiangmai/,https://www.facebook.com/groups/landhomechiangmai/posts/4552415294986080/
landhomechiangmai,https://www.facebook.com/groups/landhomechiangmai/,https://www.facebook.com/groups/landhomechiangmai/posts/4552413464986263/
landhomechiangmai,https://www.facebook.com/groups/landhomechiangmai/,https://www.facebook.com/groups/landhomechiangmai/posts/4552411141653162/
