Post_URL,Full_Post_Content
https://baan.kaidee.com/product-367612536,"ราคา: 36,000
เนื้อที่: 300 ตารางเมตร | เนื้อที่ 300 ตารางเมตร | เป็นทรัพย์รอการขาย ไม่ใช่
โกดังให้เช่า ติดถนนใหญ่ มีให้เลือกหลายขนาด ตั้งแต่ง 200,400,600 ไปจนถึง 1500 ตารางเมตร
โกดังให้เช่า ติดถนนใหญ่ ใกล้เมืองเข้า_ออกสะดวก มีให้เลือกหลายขนาด ตั้งแต่ง 200/400/600 ไปจนถึง 1500 ตารางเมตร รปภ 24 ชั่วโมง กล้องวงจรปิด 30 ตัว
ติดต่อ 081-6716251"
https://baan.kaidee.com/product-367612538,"ราคา: 850,000
เนื้อที่: 154 ตารางวา | เนื้อที่ 154 ตารางวา
ขายด่วน ที่ดินเชียงดาว โฉนด 1 งาน 54 วา มีที่ดินงอกริมน้ำอีก 20 วา ติดลำธาร ติดถนน ไฟฟ้า ประปา
ขายด่วน ราคาพิเศษ ที่ดินแปลงสวย 1 งาน 54 วา โฉนดครุทแดง ติดลำธารสวยมาก ถนนสองด้าน เส้นทางไปรีสอร์ทบุราภัฎ และบ้านต้นไม้ แหล่งท่องเที่ยว ไฟฟ้า ประปา พร้อม อยู่ในชุมชน บ้านจอมคีรี อำเภอเชียงดาว เชียงใหม่ แปลงนี้มีเนื้อที่งอกริมลำธารอีก 20 วา เหมาะทำร้านกาแฟ บ้านโฮมสเตย์ บ้านพักตากอากาศ

ห่างเมืองเชียงดาวแค่ 5-6 กม.
ห่างถนนเส้น 107 แค่ ุ600 เมตร
ห่าง โรงพยาบาลชุมชนแม่นะ , โรงเรียนแม่นะ , ตลาดสด และร้านสะดวกซื้อ 7-11 แค่ 1 กม.

ราคาขาย ตารางวาละ 5,500 บาท ต่อ ตารางวา ค่าโอนฟรี

เจ้าของขายเอง 085-228-8911 แอดไอดีไลน์ 085-228-8911
หรือ โทรอีกเบอร์ 090-2478791

ทำเลกูเกิลแมพ
https://goo.gl/maps/cpy8HuquPz93tkkP6

_______________________________
Beautiful plot of land @ Chiang Dao - Chiang Mai
-Land size 1 ngan 54 wah ( 616 sqm.)
- Title deed
-Great location between two street , cannel and villages .
- It's on the route to Buraphat Resort and another Tourist attractions, --- electricity, water supply, ready in the community, Ban Chom Khiri Village, Chiang Dao District, Chiang Mai
- This plot has an extra used area along a cannel its suitable for making coffee shops, homestay houses, and vacation homes.

Only 5-6 km. from Chiang Dao city.
Just 600 meters from Route 107
Just 1 km away from Mae Na Community Hospital, Mae Na School, Fresh Market and 7-11 convenience stores.

Selling price 850,000 thai baht !!! transfer fees included .

Google map;
https://goo.gl/maps/HHfXYRNc48CmkZUM8

Contact Owner 085-228-8911
LINE ID 085-228-8911 or WhatsApp’s 085-228-8911 please text me on WhatsApp’s for more information
email : thanyamai.t@gmail.com

Remark ; for be safety from a lot of scammers , please text me on WhatsApp’s 085-228-8911 or email me directly"
https://baan.kaidee.com/product-367803193,"ราคา: 2,990,000
เนื้อที่: 399 ตารางวา | เนื้อที่ 399 ตารางวา | ห้องนอน 3 ห้องนอน | ห้องน้ำ 3 ห้องน้ำ | เฟอร์นิเจอร์ มีบางส่วน | ปีที่สร้างเสร็จ 2020
คุ้มสุดๆ บ้าน 3 หลังพร้อมที่ดิน 1 ไร่ ตำบลยุหว่า อำเภอสันป่าตอง จังหวัดเชียงใหม่ ใกล้ รพ สันป่าตอง ใกล้หนองสะเรียม
ราคาสุดคุ้ม บ้าน 3 หลังพร้อมที่ดินเนื้อที่ 399 ตารางวา บ้านมีแบบ โครงสร้างแข็งแรงมาก สามารถตกแต่งต่อเติมได้เลย (เจ้าของชอบสไตล์ลอฟต์ดิบๆ ถ้าไม่ชอบสามารถทาสีได้) ใช้วัสดุอย่างดี ไม่ก๊องแก๊ง (โฮมโปร บุญถาวร หลังคาเอสซีจีฯลฯ) ด้านหน้าติดถนน ด้านข้างติดถนนส่วนบุคคลไม่ติดใครด้านหนึ่ง ไม่ต้องถม น้ำไม่ท่วม เดินทางสะดวก เข้าออกได้หลายทาง ห่างสนามบินเชียงใหม่เพียง 22 กม. ใกล้ห้างบิ๊กซี ใกล้ ม.นอร์ท เชียงใหม่ ใกล้วัดป่าพรหมปัญญาโญ (หลวงปู่ดู่ หลวงตาม้า) ใกล้วัดหนองปึ๋ง ใกล้เทวะสถานพระศิวะมหาเทพ ใกล้โรงพยาบาลสันป่าตอง ใกล้โรงเรียนสันป่าตอง ใกล้อำเภอ ใกล้กรมที่ดิน ใกล้สวนสาธารณะหนองสะเรียมฯลฯ ที่ดินมีต้นไม้ใหญ่ ร่มรื่น อากาศเย็นสบาย มีบ้านสามหลังพร้อมห้องน้ำในตัว แอร์ 3 ตัว เครื่องทำน้ำอุ่น 3 ตัว เครื่องปั้มน้ำ ถังน้ำสำรอง ครัวพร้อมใช้ มีฮูดดูดควัน ห้องน้ำสวยจ้างโฮมโปรทำ หิ้วกระเป๋าพร้อมอยู่"
https://baan.kaidee.com/product-367882394,"ราคา: 450,000,000
เป็นทรัพย์รอการขาย ไม่ใช่
ขายที่ดิน พร้อม โครงการคอนโด และ ตึกแถว ตรงข้าม มหาวิทยาลัยแม่โจ้ จ.เชียงใหม่ พื้นที่ 18 ไร่ ราคา 450 ลบ. ( เจ้าของขายเอง เจรจาได้ )
ขายที่ดิน พร้อมสิ่งปลูกสร้าง เป็นโครงการ เป็นตึกแถว รายละเอียดตามนี้

- ตึกแถว ขายไปแล้ว 28 ห้อง คงเหลือ 5 ห้อง มีจำนวน 4 ตึก

- คอนโด 2 หลัง หลังละ 77 ห้อง ตึก A และ ตึก B ส่วน C D E F และที่เหลือ
ตามแบบ สามารถสร้างตามแนวเดิม หรือ เปลี่ยนแปลงได้

- พื้นที่ทั้งหมด 18 ไร่ ตัดทางสาธารณะไป จำนวน 2 ไร่ สิ่งปลูกสร้างจำนวน 3 ไร่ จำนวนพื้นที่เปล่าคงเหลือ เท่ากับ 13 ไร่ ขาย 450 ลบ. ( หรือสามารถเข้าหุ้นได้ 200 ลบ. )

สนใจติดต่อ คุณปุ้ย 089-920-9893

ไอดีไลน์ dpawadee"
https://baan.kaidee.com/product-367937725,"ราคา: 2,790,000
เนื้อที่: 60 ตารางวา | เนื้อที่ 60 ตารางวา | ห้องนอน 3 ห้องนอน | ห้องน้ำ 3 ห้องน้ำ | เป็นทรัพย์รอการขาย ไม่ใช่
บ้านเดี่ยวสร้างใหม่ 2 ชั้น หนองผึ้ง สารภี ราคาถูก
บ้านเดี่ยวสร้างใหม่ 2 ชั้น สวยงามมาก น่าอยู่ ม.ลัดดามณี ม.7(บ้านโป่งแห้ง) หนองผึ้ง สารภี อยู่ในแหล่งชุมชน ใกล้แยกกองทราย วัดบวกครกเหนือ เดินทางสะดวก ขายถูกมากค่ะ ไม่ไกลจากสนามบิน, ม.เชียงใหม่, ห้างเซ็นทรัลแอร์พอร์ต(โรบินสัน), บิ๊กซี, โลตัส, แม็คโคร ขึ้นดอยสุเทพก็สะดวกจ้า เป็นหมู่บ้านเล็กๆเงียบสงบค่ะ ติดต่อป้าเล็ก 0811112726 , 0931369288"
https://baan.kaidee.com/product-368123336,"ราคา: 1,600,000
เนื้อที่: 16 ตารางวา | เนื้อที่ 16 ตารางวา | ห้องนอน 2 ห้องนอน | ห้องน้ำ 2 ห้องน้ำ
ขายทาวน์เฮ้าส์ 2 ชั้น หมู่บ้านวังตาลวิลล่า ป่าแดด
ขาย📍ทาวน์เฮ้าส์ 2 ชั้น ใกล้เซ็นทรัลแอร์พอร์ต เชียงใหม่ (หมู่บ้านวังตาลวิลล่า ป่าแดด)
ในตัวเมือง ทำเลดี เดินทางสะดวก
16 ตร.ว.
2 ห้องนอน 2 ห้องน้ำ 1 ห้องนั่งเล่น
1 ห้องครัวและโซนซักล้าง

สิ่งอำนวยความสะดวก
แทงค์น้ำ , ปั๊มน้ำ , เครื่องทำน้ำอุ่น , rain shower

สถานที่ใกล้เคียง
- เซ็นทรัลแอร์พอร์ตพลาซ่า 5 นาที
- สนามบินเชียงใหม่ 6 นาที
- สถานีตำรวจภาค 5 เชียงใหม่ 3 นาที
- โรงพยาบาลราชเวช 4 นาที
- ตลาดหนองหอย 6 นาที
- โรงเรียนวารีเชียงใหม่ 7 นาที
- โรงเรียนพิมานเด็ก 2 นาที

ราคาขาย 1.6 ล้านบาท ฟรีค่าโอนค่ะ
(ยินดีรับนายหน้าค่ะ)"
https://baan.kaidee.com/product-368553060,"ราคา: 1,600,000
เนื้อที่: 16 ตารางวา | เนื้อที่ 16 ตารางวา | ห้องนอน 2 ห้องนอน | ห้องน้ำ 2 ห้องน้ำ
ขาย📍ทาวน์เฮ้าส์ 2 ชั้น ใกล้เซ็นทรัลแอร์พอร์ต เชียงใหม่ (วังตาลวิลล่า ป่าแดด)
ขายทาวน์เฮ้าส์ 2 ชั้น หมู่บ้านวังตาลวิลล่า ป่าแดด
ในตัวเมือง ทำเลดี เดินทางสะดวก
16 ตร.ว.
2 ห้องนอน 2 ห้องน้ำ
1 ห้องนั่งเล่น
1 ห้องครัวและโซนซักล้าง

สิ่งอำนวยความสะดวก
แทงค์น้ำ , ปั๊มน้ำ , เครื่องทำน้ำอุ่น , rain shower

สถานที่ใกล้เคียง
- เซ็นทรัลแอร์พอร์ตพลาซ่า 5 นาที
- สนามบินเชียงใหม่ 6 นาที
- สถานีตำรวจภาค 5 เชียงใหม่ 3 นาที
- โรงพยาบาลราชเวช 4 นาที
- ตลาดหนองหอย 6 นาที
- โรงเรียนวารีเชียงใหม่ 7 นาที
- โรงเรียนพิมานเด็ก 2 นาที

ราคาขาย 1.6 ล้านบาท ฟรีค่าโอนค่ะ
(ยินดีรับนายหน้าค่ะ)"
https://baan.kaidee.com/product-368556614,"ราคา: 2,490,000
เนื้อที่: 25 ตารางวา | เนื้อที่ 25 ตารางวา | ห้องนอน 3 ห้องนอน | ห้องน้ำ 2 ห้องน้ำ | เป็นทรัพย์รอการขาย ไม่ใช่
ขาย ทาวน์โฮม2ชั้น พร้อมเข้าอยู่ เชียงใหม่
ทาวน์โฮม 2 ชั้น ห้องมาตราฐาน ขนาด 25 ตร.วา หน้ากว้าง 5 เมตร
ห้องน้ำ 2 ห้อง ห้องนอน 2-3 ห้อง จอดรถ 1 คัน / ยูนิต

(เหมารวม 4 ยูนิต มีราคาพิเศษ)

เดินทางเข้าออกได้หลายเส้นทาง
สะดวกทั้งพักอาศัย และทำร้านค้าหรือสำนักงาน
เลือกใช้วัสดุอย่างดี ตกแต่งแล้วบางส่วน

ทรัพย์ปลอดจำนองพร้อมโอน พร้อมแนะนำสินเชื่อธนาคารให้ตามเครดิตผู้ซื้อ
(รับนายหน้าและผู้แนะนำมีค่าตอบแทนตามตกลง)

สนใจติดต่อด่วน
089 5218885"
https://baan.kaidee.com/product-368569274,"ราคา: 4,900,000
เนื้อที่: 75 ตารางวา | เนื้อที่ 75 ตารางวา | ห้องนอน 4 ห้องนอน | ห้องน้ำ 3 ห้องน้ำ | เฟอร์นิเจอร์ มีบางส่วน
ขาย เช่า บ้านเดี่ยว2ชั้น ใกล้เทศบาลท่าศาลาเชียงใหม่ ทำเลสวย
ขาย-เช่า บ้านเดี่ยว2ชั้น แถวถนนสมโภชเชียงใหม่ 700 ปี ใกล้เทศบาลท่าศาลาเชียงใหม่ ทำเลสวย เนื้อที่ 75ตร.ว พื้นที่ใช้สอย 275ตร.ม 4ห้องนอน 3ห้องน้ำ บ้านสวย อยู่บนที่ตั้งทำเลที่ดีมาก ถนนหน้าบ้านกว้าง เข้าออกสะดวก ออกถนนใหญ่ได้ถึง3ทาง ไม่มีค่าส่วนกลางเทศบาลดูแลอย่างดี สวนสวยร่มรื่น เงียบสงบ
- ใกล้เทศบาลท่าศาลา
- ใกล้ 7-11
- ห่างจากเซ็นทรัลเฟสทิวัลเชียงใหม่ ไม่ถึง10นาที
หน้าบ้านหันไปทางทิศเหนือ
พิกัด https://goo.gl/maps/auKZqLhV6RYBCuJi9
ราคา 4.9 ล้านบาท (เจ้าของขายเอง)
เช่าเดือนละ 20,000บ.
สนใจติดต่อ 094-6395465
id Line kit108
Facebook : land639

2-story detached house near Somphot Chiang Mai 700 Years Road ThaSala ChiangMai, beautiful location, land area 300 sq m, usable area 275 sq m, 4 bedrooms, 3 bathrooms, beautiful house in a very good location. The road in front of the house is wide, easy to enter and exit, 3 ways to exit the main road. There is no village common fee, the municipality takes good care of it. Beautiful garden, shady, quiet
- Near Tha Sala Municipality
- Near 7-11
- Less than 10 minutes from Central Festival Chiang Mai.
The front of the house faces north.
Coordinates https://goo.gl/maps/auKZqLhV6RYBCuJi9
Price 4.9 million baht (owner selling)
Rent 20,000 baht per month.
If interested, contact 094-6395465
id Line kit108
Facebook : land639"
https://baan.kaidee.com/product-368569286,"ราคา: 7,900,000
เนื้อที่: 722 ตารางวา | เนื้อที่ 722 ตารางวา | ห้องนอน 5 ห้องนอน | ห้องน้ำ 3 ห้องน้ำ | เฟอร์นิเจอร์ ตกแต่งครบ
ขาย เช่า บ้านสวน2หลัง เนื้อที่1ไร่3งาน22ตร.ว อยู่สันกำแพง เชียงใหม่ น้ำไม่ท่วม ใกล้ถนนคนเดิน
ขาย เช่า บ้านพักสวน2หลัง บนเนื้อที่ 1ไร่ 3งาน 22ตร.ว. บ้านหลังใหญ่พื้นที่ 150ตร.ม. 4ห้องนอน 2ห้องน้ำ
หลังเล็ก พื้นที่82ตร.ม 1ห้องนอน 1ห้องน้ำ พร้อมตกแต่งเฟอร์นิเจอร์อย่างดี อยู่สันกำแพงเชียงใหม่ ต.ทรายมูล สันโค้งใหม่ซอย5 สวนสวยเงียบสงบ ด้านหลังติดน้ำเหมือง น้ำไหลตลอดปี อยู่ในเขตชุมชน น้ำไม่ท่วม อากาศเย็นสบาย มีไม้ผลหลายชนิด
- ใกล้วัดสันโค้ง(เก่า)
- ห่างจากสนามบิน 30นาที
- อยู่ใกล้ตลาด
- อยู่ใกล้ปั๊มน้ำมัน, 7-11
- ใกล้ถนนคนเดิน
- เลี้ยงสัตว์ได้
พิกัด https://maps.app.goo.gl/q6HYvd2coaSNW4Xz6
ราคา 7.9 ล้านบาท (ราคาคุยกันได้ รับนายหน้า)
เช่าพักรายวัน 2หลัง วันละ 2,900บ. (เฉพาะหลังใหญ่)
รายเดือน เดือนละ 29,000บ. (ทั้ง2หลัง)

สนใจติดต่อ 094-6395465
id Line kit108
https://www.facebook.com/land639

For sale or rent, 2 garden houses area 1 rai 3 ngan 22 sq m, large house, area 150 sq m, 4 bedrooms, 2 bathrooms.
Small house, area 82 sq m, 1 bedroom, 1 bathroom, decorated with furniture. Located in San Kamphaeng Chiang Mai, Sai Mun Subdistrict, San Khong Mai Soi 5. The garden is beautiful and quiet. The back is next to the mine water. Water flows all year round. It is in the community area. The water doesn't flood. The weather is cool. There are many types of fruit trees.
- Near San Khong Temple (old)
- 30 minutes from the airport
- Near the market
- Near a gas station, 7-11
- Near the walking street
- Can raise animals
Coordinates https://maps.app.goo.gl/q6HYvd2coaSNW4Xz6
Price 7.9 million baht
Daily rental , 2,900 baht per day. (Only big houses)
Monthly rental 29,000 baht per month. Both houses
If interested, contact 094-6395465
id Line kit108"
https://baan.kaidee.com/product-368569332,"ราคา: 5,390,000
เนื้อที่: 22 ตารางวา | เนื้อที่ 22 ตารางวา | ห้องนอน 2 ห้องนอน | ห้องน้ำ 3 ห้องน้ำ
ตึกพาณิชย์ 3ชั้น ถนนวงแหวนรอบกลาง ท่าศาลาเชียงใหม่ ขายพร้อมมีผู้เช่า ทำเลสวย รับนายหน้า
ตึกพาณิชย์ ถนนวงแหวนรอบกลาง ท่าศาลา เชียงใหม่ 1คูหา 3ชั้น ขาย พร้อมผู้เช่า(มีผู้เช่าอยู่เดือนละ 17,000) ตกแต่งมีเฟอร์นิเจอร์พร้อมอยู่ ทำเลสวย เหมาะทำธุรกิจ สำนักงาน บ้านพัก ติดถนนสมโภชเชียงใหม่700ปี ใกล้เทศบาลตำบลท่าศาลาเชียงใหม่
เนื้อที่22.1ตร.ว ขนาดพื้นที่ใช้สอย 211ตร.ม หน้ากว้างตึกเกือบ4ม. 2ห้องนอน(มีแอร์) 3ห้องน้ำ 1ห้องครัว มีที่จอดรถ (แอร์ เครื่องทำน้ำอุ่น ทีวี ตู้เย็น โซฟา ตู้ เตียง เครื่องซักผ้า พร้อม) อยู่ใกล้ๆเทศบาลตำบลท่าศาลา
- ห่างจาก 7eleven ไม่กี่เมตร
- ใกล้ๆ ทางเข้าเทศบาลตำบลท่าศาลาเชียงใหม่
- ใกล้หมู่บ้าน Granada Chiang Mai
- ใกล้ห้างพรอมเมมนาด้าเชียงใหม่
ขายที่ 5.39 ล้านบาท (ราคาคุยกันได้ รับนายหน้า)
https://goo.gl/maps/iimr1BDqQigGGwCf7
สนใจติดต่อ คุณกิต 094-6395465
id Line kit108
https://www.facebook.com/land639

Commercial building, Central Ring Road, Tha Sala, Chiang Mai, 1 unit, 3 floors, for sale with tenant (17,000 renters per month), decorated with furniture, ready to move in, beautiful location, suitable for doing business, office, house, next to Somphot Road, Chiang Mai 700 Years. Near Tha Sala Subdistrict Municipality.
Area 22.1 sq m. The usable area is 211 sq m. The building width is almost 4 m. 2 bedrooms (with air conditioner), 3 bathrooms, 1 kitchen, parking space (air conditioner, water heater, TV, refrigerator, sofa, cabinet, bed, washing machine ready) near Tha Sala Subdistrict Municipality.
- A few meters from 7eleven.
- Near the entrance to Tha Sala Chiang Mai Subdistrict Municipality.
- Near Granada Chiang Mai Village
- Near Promenada Chiang Mai mall
Selling at 5.39 million baht
Coordinates https://goo.gl/maps/iimr1BDqQigGGwCf7
Tel 094-6395465
id Line kit108
https://www.facebook.com/land639

#ตึก #ตึกแถว #ตึก3ชั้น #ตึกแถว3ชั้น #ตึกแถวท่าศาลา #อาคารพาณิชย์ #อาคารพาณิชย์3ชั้น #ถนนวงแหวนรอบกลาง #ท่าศาลา #ถนนสมโภชเชียงใหม่700ปี #เชียงใหม่ #เมืองเชียงใหม่"
https://baan.kaidee.com/product-368570990,"ราคา: 4,500,000
เนื้อที่: 74 ตารางวา | เนื้อที่ 74 ตารางวา | ห้องนอน 3 ห้องนอน | ห้องน้ำ 3 ห้องน้ำ | ผู้พัฒนา/เจ้าของโครงการ อื่นๆ | เฟอร์นิเจอร์ มีบางส่วน
ขายบ้านเดี่ยวอยู่ติดถนนวงแหวน ใกล้เมือง มีที่ดินเหลือสร้างพูลวิลล่า ทำเลดี ซื้ออยู่เองหรือเพื่อการลงทุนก็คุ้ม
#ขายด่วน บ้านใกล้เมือง ใกล้ตลาด ทำเลดี ซื้ออยู่เองหรือลงทุนก็โคตรจะคุ้ม

ข า ย บ้ า น เ ดี่ ย ว 2 ชั้ น 5.3 ล้ า นบาท ลดเหลือเพียง 4.5 ล้านบาท


ที่ดิน 74 ตรว.
✔️ 3 นอน
✔️ 3 น้ำ
✔️ ห้องครัว(พร้อมฮู้ดเคาท์เตอร์ครัว)
✔️ ห้องรับแขก
✔️ ระเบียงห้องนอน
✔️ จอดรถ 2 คัน
✔️ห้องเก็บของ
✔️ สนามหญ้าข้างบ้านกว้างขวาง
🌳🏡🏠🌳🏡🏠🌳🏡🏠🌳🏡🏠🌳
อยู่วงแหวนรอบสาม ติดถนนใหญ่การเดินทางสะดวกมาก
⚡️ใกล้ตลาดเจริญเจริญ
⚡️ปั้มน้ำมันปตท
⚡️บิ๊กซี
⚡️เซ็นทรัลแอร์พอร์ตเชียงใหม่
⚡️สนามบินเชียงใหม่
⚡️บ้านไม่แออัด ไม่พลุกพล่าน
⚡️ระบบรักษาความปลอดภัย มีรปภ. ตลอด24 ชม.และCCTVในหมู่บ้าน
⚡️สนามเด็กเล่น พื้นที่ออกกำลังกาย

สอบถามรายละเอียดติดต่อ 095-615-9424
#บ้านสองชั้นเชียงใหม่ #บ้านเดี่ยวเชียงใหม่ #บ้านใกล้เมือง"
https://baan.kaidee.com/product-368595949,"ราคา: 2,990,000
อาคารพาณิชย์
ขายอาคารพาณิชย์ 2 ชั้น เลขที่ 200/6 ติดถนน หน้าหมู่บ้านสมหวังท่าวังตาล อยู่ใกล้บิ๊กซีและแม็คโครแม่เหียะ เนื้อที่ 66 ตารางเมตร 2 ห้องนอน 2 ห้องน้ำ 1 ห้องโถง 1 ห้องครัว มีที่จอดรถยนต์ 2,990,000 B.
โทร... 062-694-9332 หรืือ In Box
(ไม่รับนายหน้านะครับ)"
https://baan.kaidee.com/product-368629553,"ราคา: 3,699,999
เนื้อที่: 82 ตารางวา | เนื้อที่ 82 ตารางวา | ห้องนอน 4 ห้องนอน | ห้องน้ำ 3 ห้องน้ำ
ขายบ้านเดี่ยว 82 ตรว. ในบ้านชาริน ต้นเปา สันกำแพง เชียงใหม่ ใกล้ตลาด โลตัส ไปรษณีย์ ติดถนนใหญ่ 4 เลน
ขายบ้านเดี่ยว 82 ตรว. ในหมู่บ้านชาริน ต้นเปา สันกำแพง เชียงใหม่

หมู่บ้านอยู่ติดถนนใหญ่ 4 เลน ไม่ต้องเข้าซอย ตรงข้ามเทศบาลต้นเปา ใกล้ตลาด โลตัส ไปรษณีย์ไทย/flash/kerry

ราคา 3,699,999 บาท รวมโอน (ลดจาก 3,899,999 ราคานี้ถึง 31 ธ.ค. 2568 เท่านั้น)
สนใจติดต่อ 0657407343 เจ้าของขายเอง

สามารถผ่อนตรงได้
ดาวน์200000 ย้ายเข้าอยู่ได้ทันที (หรือผ่อน 12 งวด งวดละ18200 ผ่อนครบย้ายเข้าได้ทันที)
หลังจากนั้น ผ่อนเดือนละ 24700 จำนวน 360 งวด (คิดอัตราดอกเบี้ยที่ 6%คงที่ตลอดสัญญา โปะได้แบบลดต้นลดดอก)


4ห้องนอน 3 ห้องน้ำ (ชั้นล่าง 1 ห้องนอน 1 ห้องน้ำ/ ชั้นบน 3 ห้องน้ำ 2 ห้องน้ำ)
มีต่อเติมทางลาดสำหรับวีลแชร์หรือรถเข็นเด็ก ทั้งหน้าบ้านและหลังบ้าน
จอดรถได้ 3คัน
เคาน์เตอร์ครัวปูนบิวอินท์บุญถาวรพร้อมเตาอบและไมโครเวฟแบบฝัง เตาแก๊สฝัง 5หัวเตาและเครื่องดูดควัน พร้อมซิงค์เซรามิกสีเทา 2 หลุม

บ้านสร้างมา 16 ปีแล้ว แต่เพิ่งรีโนเวทใหม่ได้ 3ปี

ไม่มีค่าส่วนกลาง จ่ายแค่ค่าเก็บขยะกับเทศบาลเดือนละ 40 บาท

ฟรีเฟอร์นิเจอร์และเครื่องใช้ไฟฟ้าทั้งหลัง หิ้วกระเป๋าพร้อมเข้าอยู่
1. โซฟาเดย์เบดไม้แท้จากIkea
2. ตู้วางทีวีจาก Koncept
3. โต๊ะอาหารพร้อมเก้าอี้ 4 ตัวไม้แท้ โต๊ะสามารถขยายเป็น 6 ที่นั่งได้ จาก Ikea
3. โต๊ะเตรียมอาหารไม้แท้พร้อมเก้าอี้สตูล 2 ตัว จากKoncept
4. ตู้ลิ้นชักเก็บของ 6 ตู้ จากKoncept
5. ตู้เก็บรองเท้าจากIkea
6. เตียงนอน 3 เตียง
7. ตู้เสื้อผ้า 3 หลัง
8. โต๊ะเครื่องแป้ง 3 ชุด
9. พัดลมติดผนังสีเทา Mitsubishi 3 ตัว
10. พัดลมตั้งพื้นสีเทา Mitsubishi 3 ตัว
11. พัดลมตั้งพื้นสีเทา Sharp 2 ตัว
12. ตู้เย็น Samsung Side by Side มูลค่า 4หมื่นบาท
13. ถังแก๊ส
14. ชุดผ้าม่านจากIkea
15. ปั๊มน้ำแท๊งค์น้ำ
16. แอร์ 3 เครื่อง (Hitachi 2/Daikin 1)
17. เครื่องทำน้ำอุ่น 3 เครื่อง (มี Rain Shower 1 อัน)
18. เตาอบ ไมโครเวฟ แบบฝัง
19. เตาแก๊ส 5 หัวเตา แบบฝัง


ถ้าไม่เอารายการฟรี (รายการที่1-13) ลดไปเลย 4หมื่น

พิกัด https://maps.app.goo.gl/tXSbHLY4bckTVJph6"
https://baan.kaidee.com/product-368719922,"ราคา: 15,500,000
เนื้อที่: 220 ตารางเมตร | เนื้อที่ 220 ตารางเมตร | ห้องนอน 3 ห้องนอน | ห้องน้ำ 3 ห้องน้ำ
ขายคอนโด The Resort ชั้น 4 อ.แม่ริม จ.เชียงใหม่
ขายคอนโด The Resort ต.ช้างเผือก อ.แม่ริม จ.เชียงใหม่ 3 ห้องนอน 3 ห้องน้ำ 3 ระเบียงส่วนตัว ครัวกลาง วิวสวย น่าอยู่มาก
The Condo area is Changphuak district, Mueang Chiangmai . The Condo is 220 sqmeter 182 seeter indor and 38 sqmeter terrace balcony 3 bedroom, 3 bathrooms Moderne western open kitchen.
出售公寓，220 平方米，3个卧室，3个洗手间，3个阳台，风景非常漂亮舒适在四楼。"
https://baan.kaidee.com/product-368722703,"ราคา: 450,000,000
เนื้อที่: 26 ไร่ | เนื้อที่ 26 ไร่ | เป็นทรัพย์รอการขาย ไม่ใช่
ขายที่ดิน เชียงใหม่ แปลงใหญ่ ติดถนนซุปเปอร์ไฮเวย์ 26 ไร่ ราคา 450 ลบ.
ขายที่ดินแปลงสวย เชียงใหม่ ติดถนนซุปเปอร์ไฮเวย์ลำปาง-เชียงใหม่ พื้นที่ 26-0-73.2 ไร่ หน้ากว้างติดถนน 205 เมตร ใกล้ รพ.กรุงเทพ เชียงใหม่ / สถานีรถไฟเชียงใหม่ / ห้างเซ็นทรัลเฟสติวัล เชียงใหม่ / ตัวเมืองเชียงใหม่ / ท่าอากาศยานนานาชาติเชียงใหม่ ราคา 450 ลบ. ( ค่าโอนคนละครึ่ง )

สนใจติดต่อ คุณปุ้ย 089-920-9893 ไอดีไลน์ dpawadee"
https://baan.kaidee.com/product-368737530,"ราคา: 5,200,000
เนื้อที่: 200 ตารางวา | เนื้อที่ 200 ตารางวา
ขายที่ดินใกล้เมืองเชียงใหม่ ต.สันกลาง อ.สันกำแพง จ.เชียงใหม่ 200 ตร.ว
ตร.ว ละ 26,000บาท
* ค่าโอนและอื่นๆผู้ขายรับผิดชอบ*
- ถ.สันกำแพงสายเก่า
เข้าซอยพีคอลเลคชั่น 300เมตร ที่ดินสวย สี่เหลี่ยมแปลงมุม อยู่ขวามือ"
https://baan.kaidee.com/product-368776105,"ราคา: 23,500,000
เนื้อที่: 19 | เนื้อที่ 19
ขายที่ดินสวนผลไม้พร้อมเก็บ วิวสวย 19 ไร่ 2 งาน 20 ตรว. อ.แม่แตง จ.เชียงใหม่
ขายที่ดิน ต.สบเปิง อ.แม่แตง เชียงใหม่ วิวสวย ปลูกผลไม้หลายชนิด บนเนินเขาล้อมรอบด้วยที่นา สวนปลูกมะขามหวาน กระท้อน ลำไย มะเฟือง มะม่วง กล้วย ไม้สักเนื้อที่ 19-2-60 ไร่ ห่างจากตัวเมืองเชียงใหม่ 40 กม.
ร่มรื่น อากาศเย็น มีศาลาพักผ่อน ห้องน้ำและบ้านพักคนงาน เหมาะสำหรับปิคนิค หรือสร้างบ้านพักตากอากาศ

สถานที่ใกล้เคียง
ตลาดแม่มาลัย, โลตัส โกเฟรช ซูเปอร์มาร์เก็ต
Air Diamond Cafe & Hotel, แดนเทวดา

สนใจติดต่อ 0815310827 , 094-8304575
เจ้าของขายเองครับ

ตำแหน่งแผนที่ https://www.google.com/maps/d/u/1/edit?mid=1IM3t4ZawGhuBgz0zs2ASu_7QodqeqF4&usp=sharing"
https://baan.kaidee.com/product-368829473,"ราคา: 429,000
เนื้อที่: 100 ตารางวา | เนื้อที่ 100 ตารางวา
ขายที่ดิน 100 ตารางวา
ขายที่ดิน 100 ตารางวา ตามโฉนด ตำบลสันทรายหลวง อำเภอสันทราย จังหวัดเชียงใหม่
ที่ดินอยู่ห่างจาก โรงเรียนบ้านเมืองขอน ประมาณ 1.2 กิโลเมตร
ที่ดินอยู่ห่างจาก มหาวิทยาลัยแม่โจ้ ประมาณ 7.1 กิโลเมตร
เจ้าของขายเอง ไม่ผ่านนายหน้า
นัดดูที่ได้ จันทร์ ถึงศุกร์ หลังเลิกงาน 5 โมงเย็น
นัดดูที่ได้ เสาร์ อาทิตย์ ตลอดวัน
กรุณาโทรมานัดก่อน เบอร์ ศูนย์ แปด เจ็ด สาม หนึ่ง เก้า สี่ สี่ สาม สี่"
https://baan.kaidee.com/product-368830630,"ราคา: 42,000,000
เนื้อที่: 2393 ตารางวา | เนื้อที่ 2393 ตารางวา | เป็นทรัพย์รอการขาย ไม่ใช่
ขายที่ดินพร้อมสิ่งปลูกสร้าง ย่านสันทราย-เเม่โจ้ ห่างถนนวงเเหวนรอบ 4 ราว 50 เมตร
🚩ขายที่ดินพร้อมสิ่งปลูกสร้าง เนื้อที่ 5 - 3 - 93 ไร่ ( 2,393 ตารางวา )
ย่านสันทราย - เเม่โจ้ น้ำไม่ท่วม ที่สำคัญห่างถนนวงเเหวนรอบ 4 ที่กำลังจะตัดใหม่ราว 50 เมตร

🚩ตั้งอยู่ที่ถนนเกษตรใหม่ 3 ตำบลหนองหาร อำเภอสันทราย จังหวัดเชียงใหม่

🌲ที่ดินเดิมเป็นบูทีครีสอร์ทเเละสนามเด็กเล่นอันทันสมัย เเวดล้อมไปด้วยสวนสักอันร่มรื่น

✅มีสิ่งปลูกสร้างประกอบด้วย
1 บ้านพักจำนวน 6 หลัง เเต่ละหลังมี 1 ห้องนอน 1 ห้องน้ำ
2 สำนักงาน
3 ห้องรับประทานอาหารส่วนกลาง
4 ห้องครัวส่วนกลาง
5 ห้องประชุม 1 ห้อง
6 ห้องสันทนาการ 1 ห้อง
7 ห้องเก็บของ 1 ห้อง
8 บ้านพักเจ้าหน้าที่
9 สระว่ายน้ำ 2 สระ
10 โรงจอดรถ
11 บ่อปลาคาร์ฟ น้ำตก
12 เครื่องเล่นหลายอย่างในสนามเด็กเล่น
13 สวนสักอันร่มรื่น

🏡เหมาะสำหรับ
1 สถานดูเเลผู้สูงอายุแวดล้อมไปด้วยสวนสัก
2 บูทีครีสอร์ทและสนามเด็กเล่น
3 โครงการบ้านจัดสรร
4 ซื้อเก็งกำไร

💵ราคา 42 ล้านบาท ( สี่สิบสองล้านบาทถ้วน )
ค่าธรรมเนียมโอนที่สำนักงานที่ดินฝ่ายละครึ่ง

📞ติดต่อ คุณหน่อย 081 4384000"
https://baan.kaidee.com/product-368830735,"ราคา: 210,000,000
เนื้อที่: 4 | เนื้อที่ 4
ขายที่ดินใจกลางเมืองเชียงใหม่ ถนนเจริญเมือง ใกล้สี่เเยกหนองประทีป
ขายที่ดินใจกลางเมืองเชียงใหม่ เนื้อที่ 3 - 3 - 56.2 ไร่ ( 1,556.2 ตารางวา )

ตั้งอยู่บนถนนเจริญเมือง อำเภอเมืองเชียงใหม่ จังหวัดเชียงใหม่

ห่างจากสี่แยกหนองประทีป ราวสามสิบสิบเมตร ที่ดินเป็นรูปสี่เหลี่ยมผืนผ้าสวยงาม หน้ากว้างติดถนนใหญ่ 50 เมตร ลึก 100 เมตร

มีสิ่งปลูกสร้างประกอบด้วย
1 อาคาร 2 หลัง
2 ลานพื้นคอนกรีต

เหมาะสำหรับ
1 อาคารสำนักงาน
2 มินิมอลล์
3 คอนโดมิเนียม
4 ศูนย์การค้า

ราคา 210 ล้านบาท ( สองร้อยสิบล้านบาท )
ค่าธรรมเนียมโอนที่สำนักงานที่ดินฝ่ายละครึ่ง

สนใจติดต่อ คุณหน่อย 0814384000

#ที่ดินใจกลางเมืองเชียงใหม่ #ที่ดินทำมินิมอลล์เชียงใหม่
#ที่ดินสวยถนนเจริญเมืองเชียงใหม่"
https://baan.kaidee.com/product-368897903,"ราคา: 70,330,000
เนื้อที่: 827 ตารางวา | เนื้อที่ 827 ตารางวา
ขายที่ดินสวยติดเเม่น้ำปิง ฟ้าฮ่าม เชียงใหม่ ( ด่วน ปรับราคาใหม่ )
ที่ดินสวยติดแม่น้ำปิง

เนื้อที่ 2 - 0 - 27.4 ไร่ ( 827.4 ตารางวา )

ตั้งอยู่ที่ หมู่ 1 ถนนสุขสัญจร ซอย 12 ตำบลฟ้าฮ่าม อำเภอเมือง จังหวัดเชียงใหม่ ( เขตเทศบาลตำบลฟ้าฮ่าม )

มี 4 โฉนดรวมกัน

หน้ากว้างติดริมน้ำปิงประมาณ 40 เมตร ลึก 100 เมตร

มีที่งอกริมเเม่น้ำ 2 งาน 31.7 ตารางวา

ที่ดินติดสวนสาธารณะของเทศบาลตำบลฟ้าฮ่าม ริมเเม่น้ำปิง ยาวประมาณ 500 เมตร

การคมนาคมสะดวกมาก เข้าออกได้หลายเส้นทาง

ราคารวมทั้งเเปลง 70,330,000 บาท ( เจ็ดสิบล้านสามแสนสามหมื่นบาทถ้วน ) ค่าธรรมเนียมโอนที่สำนักงานที่ดินฝ่ายละครึ่ง

( ปรับราคาลง จากราคาเดิมตารางวาละ 100,000 บาท )

ติดต่อคุณหน่อย 081 4384000"
https://baan.kaidee.com/product-368898573,"ราคา: 2,600,000
เนื้อที่: 70 ตารางวา | เนื้อที่ 70 ตารางวา | ห้องนอน 3 | ห้องน้ำ 2
ขายบ้านพร้อมที่ดินหมู่บ้านวังตาลวิลล่า ต.ป่าแดด
บ้านชั้นเดียว มีโรงรถจอดรถได้2คัน
ผู้ขายออกค่าใช้จ่ายการโอนทั้งหมด
แถมแอร์3ตัว เตาแก๊สพร้อมฮู๊ด"
https://baan.kaidee.com/product-368982942,"ราคา: 350,000
เนื้อที่: 14 ไร่ | เนื้อที่ 14 ไร่
ขายที่ดิน 14 ไร่ ฝาง เชียงใหม่
ที่ดินขนาด 14-1-79. ไร่ๆละ 350000. มีโฉนด. ที่ เป็นที่เนิน มองเห็นวิวสวยงาม ปลูกกระท้อน , ลำไย , มะม่วง อากาศเย็นสบายตลอดปี. ใกล้แหล่งท่องเที่ยว. วัด ศูนย์ราชการ โรงพยาบาล. โรงเรียน. สนใจติดต่อโทรสะดวกกว่า. เจ้าของขายเองครับ"
https://baan.kaidee.com/product-369030860,"ราคา: 82,000,000
เนื้อที่: 2054 | เนื้อที่ 2054
ขายที่ดินสวยน้ำไม่ท่วม ติดถนนราชพฤกษ์ เชียงใหม่
🚩ขายที่ดินเเปลงสวยน้ำไม่ท่วม ติดถนนราชพฤกษ์ เชียงใหม่

💠ตำบลหนองควาย อำเภอหางดง จังหวัดเชียงใหม่

🟩เนื้อที่ 5 - 0 - 54 ไร่ ( 2,054 ตารางวา )

🌲ที่ดินหน้ากว้างติดถนนราชพฤกษ์ยาว 69 เมตร ลึก 100 เมตร
ระดับที่ดินเสมอกับถนน บรรยากาศดีมากเห็นวิวภูเขา

🔴เอกสารสิทธิ์มี 3 โฉนดรวมกัน

🚍การคมนาคมสะดวกมาก ไม่ไกลจากอุทยานหลวงราชพฤกษ์ ไนท์ซาฟารี
เเละตลาดเเม่เหียะ

🏡เหมาะสำหรับที่พักอาศัย หมู่บ้านจัดสรร อาคารพาณิชย์หรือร้านอาหาร

💰ราคาทั้งเเปลง 82 ล้านบาท ( แปดสิบสองล้านบาทถ้วน )
ตารางวาละ 40,000 บาท
ค่าธรรมเนียมโอนที่สำนักงานที่ดินฝ่ายละครึ่ง

📞ติดต่อคุณหน่อย 0814384000"
https://baan.kaidee.com/product-369055175,"ราคา: 68,000,000
เนื้อที่: 6 ไร่ | เนื้อที่ 6 ไร่ | ห้องนอน 4 ห้องนอน | ห้องน้ำ 4 ห้องน้ำ
บ้านพร้อมที่ดิน 6 ไร่ 66 ตรว. ทรงสวย ทำเลดี ติดถนนซุปเปอร์ไฮเวย์ รอบเมืองเชียงใหม่ (วงแหวน3)
**********ไม่รับนายหน้านะครับๆๆ**********
--------------------
[ขาย] บ้านพร้อมที่ดิน 6 ไร่ 66 ตรว. ทรงสวย ทำเลดี ด้านหน้าติดถนน ซุปเปอร์ไฮเวย์ รอบเมืองเชียงใหม่ (วงแหวนรอบ3) เข้าถึงสะดวก พื้นที่กว้างขวาง มีบ้าน 2 หลัง บ้านใหญ่-4นอน/4น้ำ บ้านเล็ก-1นอน/1น้ำ เชียงใหม่-โซนหางดง ใกล้หมู่บ้านขวัญเวียง ตั้งอยู่ที่ ต.สันผักหวาน อ.หางดง จ.เชียงใหม่ มี 3แปลง/3โฉนด ขายรวมทั้งหมด ราคา 68 ล้าน฿(ต่อรองได้) สนใจติดต่อ Line ID ： tawan3000 โทร. 065-158-7878 (ราคาต่อรองได้)
--------------------
[Sale] Land & House 6 Rai 66 Sq.Wah, Good location on the road, Front of the Chiang Mai super highway road (Ring road 3), Chiang Mai - Hang Dong zone, near Baan Khwan Wiang, There are 2 houses (Big -4bedroom/ 4restroom/ kitchen) (Small -1bedroom/ 1restroom) garage and pavilion, Beautiful land, Spacious area, Convenient transportation, Not expensive, Sale ฿68 M , Can down a price. Contact Line ID ： tawan3000 Tel. 065-158-7878 (Thank you!!)
********************

>> สนใจติดต่อ
Line ID ： tawan3000
โทร. 065-158-7878
(ไม่รับนายหน้านะครับๆๆ)

********************
ข้อมูลเพิ่มเติม / more detail
FB : www.facebook.com/HangDongLandHouse
เว็บไซด์ tawan3000.weebly.com

-------------------
** เพิ่มช่องทางชำระเงินด้วย/can pay with : USDT (TRC20/ERC20) **
-------------------"
https://baan.kaidee.com/product-369083814,"ราคา: 590,000
เนื้อที่: 90 ตารางวา | เนื้อที่ 90 ตารางวา
ที่ดินไม่มีสิ่งปลูกสร้าง
หมายเหตุ แจ้งให้ทราบนะคะ ว่าที่ติดจะอยู่เยื้องคนละฝั่งถนน กับวัดร้างบ้านหนองมะจับ ถ้าลูกค้าท่านใดไม่โอเครกับวัด หรือ เมรุ จะได้ไม่ต้องเสียเวลากันทั้งสองฝ่ายคะ ถ้าสนใจสามารถเข้าไปดูที่ดินเองก่อนได้คะแล้วค่อยตัดสินใจโอนเงินจองและนัดทำ สัญญา เนื่องจากเจ้าของอยู่ปทุมธานี อาจไม่สะดวกพาชมที่ดินคะ ต้องขออภัยมาณ.ที่นี้ด้วยคะ ที่มีโฉนดครุฑแดง ติดทางสาธารณะ ที่ดินถมแล้วพร้อมสร้าง บ้าน อยู่กลางชุมชนบ้านหนองมะจับ น้ำไฟพร้อม เพื่อนบ้าน เยอะ ทางคมนาคมสะดวก ติดกับบายพาสเส้นใหม่ (เจ้าของขายเองนะคะถ้าสนใจจริงๆคุยกันได้คะ) สนใจขอดูรูปถ่ายเพิ่มเติม หรือแอดไลน์มาส่วนตัวได้เลยคะ

ID Sarah_ka
โทร 0915690961"
https://baan.kaidee.com/product-369094536,"ราคา: 8,000,000
เนื้อที่: 1005 ตารางวา | เนื้อที่ 1005 ตารางวา
ขายหรือเช่า ที่ดินเปล่า. 2ไร่ 2 งาน 5 ตรว.
ขายที่ดินเปล่า ต.หนองผึ้ง อ.สารภี จ.เชียงใหม่ ขนาด 2 ไร่ 2 งาน 5 ตรว. ห่างจากถนนต้นยางประมาณ 300 เมตร ติดถนน 2. ด้าน ด้านหน้าเป็นถนนคอนกรีต ด้านหลังซอยเป็นคอนกรีตแต่ทางเข้ามาถึงที่เป็นถนนลูกรังประมาณ 50 เมตร ตรงข้ามเป็น รร.วัดหนิงผึ้ง เป็นแหล่งชุมชน เดินทางจากสนามบินเชียงใหม่ 12 นาที

ขายต่ำกว่าราคาประเมิน ขายเพียง 7 ล้าน ค่าโอนคนละครึ่ง

ปล่อยเช่า เดือนละ 30,000 บาท สัญญาต่อครั้งไม่เกิน 3 ปี

สนใจโทร 0656528787
Line id : 7799660"
https://baan.kaidee.com/product-369128699,"ราคา: 35,000,000
เนื้อที่: 573 ตารางวา | เนื้อที่ 573 ตารางวา
ที่ดินสวยติดเเม่น้ำปิง วิวดอยสุเทพ สันผีเสื้อ เชียงใหม่
🚩ที่ดินสวยติดเเม่น้ำปิง วิวดอยสุเทพ เชียงใหม่

🌺เนื้อที่ 1 ไร่ 1 งาน 73 ตารางวา ( 573 ตารางวา )

🌳ตั้งอยู่ที่ตำบลสันผีเสื้อ อำเภอเมือง จังหวัดเชียงใหม่

🍀สันผีเสื้อเป็นพื้นที่อยู่อาศัยอันงดงามทางธรรมชาติ ทั้งลำน้ำปิงไหลผ่านและทัศนียภาพดอยสุเทพที่เด่นเป็นสง่า พื้นที่เเห่งนี้บุคคลสำคัญที่มีชื่อเสียงทังในอดีตเเละปัจจุบันได้เลือกสรรค์เป็นที่อยู่อาศัย

🌹ที่ดินผืนนี้ ตั้งอยู่ที่หมู่ 3 ตำบลสันผีเสื้อ มีที่ดินงอกริมน้ำประมาณ 250 ตารางวา หน้ากว้างริมแม่น้ำราว 70 เมตร ที่ดินถมเเล้วพร้อมที่จะปลูกสร้าง ล้อมรั้วเป็นที่เรียบร้อย

🍄เอกสารสิทธิ์เป็นโฉนดครุฑเเดง

🚘มาจากเเยกรวมโชค ให้กลับรถใต้สะพานข้ามเเม่น้ำปิงเลี้ยวซ้ายเข้าซอยมาประมาณ 1 กิโลเมตร เจอซอยเข้าร้านอาหารบ้านสวนให้เลี้ยวซ้ายตามทางเข้าไปประมาณ 300 เมตร ที่ดินจะอยู่สุดซอย มีความสงบเงียบเป็นส่วนตัว ได้ใกล้ชิดเเละสัมผัสธรรมชาติ อันร่มรื่นสวยงามติดริมเเม่น้ำปิงเเละวิวพาโนรามาดอยสุเทพอันงดงาม

🏡เหมาะสำหรับบ้านพักตากอากาศหรือพูลวิลล่า

💵ราคารวมทั้งเเปลง 35 ล้านบาท ( สามสิบห้าล้านบาทถ้วน )
ค่าธรรมเนียมโอนที่สำนักงานที่ดินฝ่ายละครึ่ง

✅ติดต่อคุณหน่อย 0814384000"
https://baan.kaidee.com/product-369143973,"ราคา: 2,500
เนื้อที่: 148.6 ตารางวา | เนื้อที่ 148.6 ตารางวา
ให้เช่าที่ดินถมแล้ว เดือนละ 2,500 บาท 148.6 ตารางวา ซอยบุญรักษา ถนนซุปเปอร์ไฮเวย์เชียงใหม่-ลำปาง ใกล้บิ๊กซีดอนจั่น, เมกาโฮมเชียงใหม่
ให้เช่าที่ดิน 148.6 ตารางวา ไม่คิดค่าหน้าดิน
ในซอยบุญรักษา ถนนซุปเปอร์ไฮเวย์เชียงใหม่-ลำปาง ขาออกเมืองเชียงใหม่ ตรงข้าม เมกาโฮม เข้าซอยบุญรักษา 600 เมตร
ขนาดที่ดิน 24x25 เมตร ผังเมืองสีส้ม (ที่อยู่อาศัยหนาแน่นปานกลาง)

สถานที่ใกล้เคียง
บิ๊กซีดอนจั่น 1.6 กิโลเมตร
แม็คโครเชียงใหม่ 2 กิโลเมตร
พรอมเมนาดาเดิม 2.2 กิโลเมตร
เมกาโฮม เชียงใหม่ 2.5 กิโลเมตร
เซ็นทรัลเชียงใหม่ 5 กิโลเมตร

สำนักงานเทศบาลตำบลท่าศาลา 1.6 กิโลเมตร
สถานีรถไฟเชียงใหม่ 4.1 กิโลเมตร
สถานีขนส่งผู้โดยสารแห่งที่ 3 (อาเขต) 5 กิโลเมตร

โรงเรียนมงฟอร์ดมัธยม 3.7 กิโลเมตร
โรงเรียนกาวิละวิทยาลัย 4.2 กิโลเมตร
มหาวิทยาลัยพายัพเชียงใหม่ 4 กิโลมเตร

โรงพยาบาลส่งเสริมสุขภาพตำบล (สถานีอนามัย) ท่าศาลา 3.5 กิโลเมตร
โรงพยาบาลแมคคอร์มิค 5 กิโลเมตร
โรงพยาบาลราชเวช 5.5 กิโลเมตร

ค่าเช่า 3,000 บาทต่อเดือน
ไม่คิดค่าหน้าดิน ยินดีให้เช่าระยะยาวได้ครับ
เงื่อนไขต่างๆ คุยกันอีกทีครับ
สนใจติดต่อ จักริน 0852615427
Google Maps:
https://goo.gl/maps/4yWrpmm8ET1F94Wu8"
https://baan.kaidee.com/product-369230476,"ราคา: 45,000
เนื้อที่: 18 ไร่ | เนื้อที่ 18 ไร่
ขายที่ดิน 18ไร่ 13.5วา กลางเมืองเชียงใหม่
ที่ดินโฉนดผืนใหญ่รวม8แปลง กลางเมืองเชียงใหม่

เนื้อที่รวม : 18ไร่ 13.5วา ตารางวาละ45,000บาท

สถานที่ตั้ง : ติดต่อกับสนามบินนานาชาติเชียงใหม่ปัจจุบัน

ใกล้ศูนย์กลางเมืองเชียงใหม่

ขายพร้อมสัญญาเช่าปั๊ม ปตท

ด้านหน้าติดถนนเชียงใหม่-หางดง หน้ากว้างประมาณ 70เมตร ลึกประมาณ 380เมตร ด้านหลังรั้วติดcargo สนามบินเชียงใหม่

ที่ดินปลอดภาระ กับธนาคารใดๆ พร้อมโอน

ผังเมืองทำได้หลากหลายธุรกิจ ไม่ค่อยมีข้อจำกัดใดๆ นอกเหนือไปจาก limit เรื่องความสูงอาคาร 12เมตร

สนใจสามารถ Inbox ผ่านทาง kaidee ก่อนค่อยโทรคุยและนัดดูสถานที่จริง

เจ้าของฝากมา ไม่รับนายหน้า

324,607,500.-บาท"
https://baan.kaidee.com/product-369316777,"ราคา: 6,900,000
เนื้อที่: 2.2 ไร่ | เนื้อที่ 2.2 ไร่
ขายที่ดินพร้อมบ้านสวนทำเลทองท่องเที่ยว เหมาะการทำคาเฟ่ชิลๆสวย 2 ไร่ 2 งาน ต.สันโป่ง อ.แม่ริม จ.เชียงใหม่
ขายที่ดินพร้อมบ้านสวน 2 ไร่ 2 งาน 99 ต.ร.ว ต.สันโป่ง อ.แม่ริม เชียงใหม่ ใกล้ถนน 800 เมตร
ใกล้แหล่งท่องเที่ยวชื่อดังมากมาย ห่างจากตัวเมืองเชียงใหม่ 15 ก.ม. ห่างจากอำเภอแม่ริมเพียง 5 ก.ม
มีคลองนํ้ากลางไหลผ่านหน้าไร่เพียง 5 เมตร มีบ่อพักนํ้าในไร่ 30x30เมตร ในไร่ปัจจุบันปลูก กล้วย
,มะพร้าว,ลำไย ฯลฯ หรือเหมาะแก่การทำรีสอรท์หรือ ร้านกาเฟ่ Cafe' สวยๆบรรยากาศดีๆ ใกล้ภูเขา ราคาขาย 6,900,000บาท
สนใจติดต่อ มือถือ 081-650-0977
Line ID: 081-650-0977
Mail:Canfender5152@gmail.com
ทางเข้าถนนป้ายเขียนว่าถนนเทศบาล ตำบลสันโป่ง56 เข้าไป 800 เมตร
(ตรงข้าม วัดสระฉัททันต์ )
Google map: https://maps.app.goo.gl/GaXqiXsVRvYPCKUWA"
https://baan.kaidee.com/product-369374356,"ราคา: 350,000
เนื้อที่: 14 ไร่ | เนื้อที่ 14 ไร่
ชายที่ดิน 14 ไร่. ฝาง เชียงใหม่
ขายที่ดินมีโฉนด 14-1-79 ไร่ๆละ. 350
000. อ ฝาง. เชียงใหม่. เจ้าของขายเองสนใจโทรคุยสะดวกกว่าครับ"
https://baan.kaidee.com/product-369485853,"ราคา: 3,000,000
เนื้อที่: 50 ตารางวา | เนื้อที่ 50 ตารางวา | ห้องนอน 3 ห้องนอน | ห้องน้ำ 3 ห้องน้ำ
บ้านเดี่ยว อรสิริน 11 อ.สันทราย จ. เชียงใหม่ (น้ำไม่ท่วม)
(emoji) เจ้าของขายเองค่ะ (emoji)

(emoji) ขายบ้านอรสิริน11 (emoji)Mountain&Lake ใกล้ ม.แม่โจ้ จ.เชียงใหม่ น้ำไม่เคยท่วม ราคาขาย 3,000,000 บาท บ้านเดี่ยว 2 ชั้น เนื้อที่ 50ตร.ว. พื้นที่ใช้สอย 155 ตร.ม. 3 ห้องนอน 3 ห้องน้ำ ครัวใหญ่ผนังสวย ทำเลดี ใกล้มหาวิทยาลัย ใกล้ตลาด ร้านค้า ร้านอาหาร สิ่งอำนวยความสะดวกกล้องวงจรปิด – ระบบรักษาความปลอดภัย 24 ชม จากมหาวิทยาลัยแม่โจ้ 3 นาที (2 กม.) จากตลาดสดแม่โจ้ 1 นาที (650 เมตร) จากโรงพยาบาลสันทราย 5 นาที (3.4 กม.) จากรวมโชคมอลล์ 15 นาที (9.5 กม.) จากสนามบินเชียงใหม่ 30 นาที (22 กม.) ตำบลหนองหาร อำเภอสันทราย จังหวัดเชียงใหม่

(emoji)ฟรีของแถมครบครัน
(emoji)ฟรีตู้เย็น+ตู้เย็น
(emoji)ฟรีแอร์ปรับอากาศ 3เครื่อง
(emoji)ฟรีโต๊ะกินข้าวครบชุด
(emoji)ฟรีโต๊ะรับแขกชุดใหญ่
(emoji)ฟรีทีวีพร้อมเฟอร์นิเจอร์
(emoji)ฟรีปั๊มน้ำ และ แทงค์น้ำ
(emoji)ฟรีโต๊ะเครื่องแป้ง 3 ตัว
(emoji)ติดตั้งผ้าม่านเหล็กดัด
สวยงามด้วยช่างฝีมือดี

บ้านสวย…พร้อมสิ่งอำนวย ความสะดวกครบครัน(emoji)
(emoji)ห้องออกกำลังกายครบครันด้วยเครื่องออกกำลังกายแบบมาตรฐาน
(emoji)สระว่ายน้ำ เพลิดเพลินกับสระว่ายน้ำขนาดใหญ่ พร้อมสระเด็ก
(emoji)พื้นที่ส่วนกลางสีเขียว พื้นที่ ที่คุณสามารถพักผ่อนหย่อนใจกับธรรมชาติที่ร่มรื่น พร้อมวิวดอยสุเทพ และ ทะเลสาบ
(emoji)รักษาความปลอดภัย 24 ชั่วโมง มั่นใจทุกการใช้ชีวิตด้วยระบบ CCTV และรักษาความปลอดภัย
(emoji)ทำเลที่ดีที่สุด ใกล้สถานที่สำคัญ และห้างสรรพสินค้า เพียง 10 นาที
(emoji)นิติบุคคล ดูแลและใส่ใจด้วยการดำเนินงานของนิติบุคคล
(emoji)อรสิรินแคร์ บริการแจ้งซ่อมที่คุณสามารถดำเนินการแจ้งผ่านระบบออนไลน์"
https://baan.kaidee.com/product-369589069,"ราคา: 385,000
เนื้อที่: 220 ตารางวา | เนื้อที่ 220 ตารางวา
ขายที่ดินสวนราคาถูก เชียงใหม่ ที่ดินแบ่งขาย ติดอ่างเก็บน้ำ ติดลำเหมืองทุกแปลง ดินดี น้ำดี วิวเขา
ที่ดินแบ่งขาย ติดอ่างเก็บน้ำ ติดลำเหมืองทุกแปลง ดินดี น้ำดี วิวเขา
ทำเล1ใน100 ไม่ได้มีบ่อย
เริ่มต้น220 ตร.ว. ราคา 385,000 บาท ที่ดินโฉนด
จองเพียง 10,000 บาทเท่านั้น
8แปลง ติดถนน ที่ดินหน้ากว้าง มีพื้นที่ 220 - 790 ตร.ว.
บ้านหนองหอยใหม่ ต.สันติสุข อ.ดอยหล่อ เชียงใหม่

ฟรี สาธารณูปโภค
+ไฟฟ้า
+น้ำประปาหมู่บ้าน
+ระบบระบายน้ำ
+ค่าโอนกรรมสิทธิ์
+ถนนเลียบลำเหมืองกว้าง 8 เมตร
+แถมไฟโซล่าเซลล์ ส่องสว่างทาง ทุกแปลง

ออกได้ 2 ทาง เดินทางสะดวกสบาย วิ่งถนนเลียบคลองชลฯเข้าเมือง 50 นาที.
ที่ดินสวน บรรยากาศดี มีความเป็นธรรมชาติ น้ำดีดินดี วิวเขา
ให้ความเป็นส่วนตัว สงบ ใกล้ธรรมชาติ ใกล้แหล่งท่องเที่ยวและวัดวาอาราม
เรามีบริการคนดูแลสวน แปลงเกษตร ดูแลหรือปลูกพืชผักผลไม้แทนท่าน

ใกล้ชุมชน ร้านค้า ตลาดชุมชน 900 เมตร.
ใกล้ผาช่อ อุทยานแห่งชาติแม่วาง 8 กม. ใกล้อ่างเก็บน้ำโป่งจ้อ 4.5 กม.
ใกล้ วัดป่าสันติสุข 800 ม.
ใกล้ ศูนย์ปฎิบัติธรรมดอยหล่อ(ธรรมกาย) 500 ม.
ใกล้ เทศบาลสันติสุข 4.5 กม.โรงพยาบาลส่งเสริมสุขภาพตำบล 1.9 กม. โรงพยาบาลดอยหล่อ 14 กม.
ใกล้เคียงมีร้านค่าขายของชำ ร้านอาหาร ร้านกาแฟ 7-11 โลตัส และตลาดสด
ห่างจากถนนหลัก 7 กม.
ห่างสนามบินเชียงใหม่ 45 กม. (50นาที)

สนใจสอบถาม/นัดชมที่ดิน
โทร : 0817167250 ID Line daaeoy
โทร : 0864317020 ID Line 0864317020"
https://baan.kaidee.com/product-369656374,"ราคา: 7,800,000
เนื้อที่: 1.6 ไร่ | เนื้อที่ 1.6 ไร่ | ห้องนอน 2 | ห้องน้ำ 2 | เป็นทรัพย์รอการขาย ไม่ใช่
FULLY FURNISHED HOUSE FOR SALE
➡️ Fully furnished house with 110 sqm of living space on a plot of land measuring 1 Rai 2 ngan 56.8 sqm.

🔸 2 bedrooms, 2 bathrooms, and 3 air conditioners.

🔸 Equipped with infrared heaters and solar panels.

🔸 Features a hot spring well and parking space for 2 cars.

🔸 Outdoor bath with mineral water.

📍 Location: Situated 700 meters from Sankamphaeng Hot Spring.

line: Lera.s"
https://baan.kaidee.com/product-369662973,"ราคา: 4,200,000
เนื้อที่: 24 | เนื้อที่ 24 | เป็นทรัพย์รอการขาย ไม่ใช่
ลดราคาขายด่วน ที่ดิน 24 ไร่ ต.แม่นาวาง อ.แม่อาย จ.เชียงใหม่ ติดถนน มีรถสองแถวผ่าน
(English below)

ติดถนนคอนกรีต มีคิวรถสองแถว(แม่สลัก-ฝาง)อยู่ด้านหน้าที่ดิน

ห่างจากชุมชนที่ใกล้ที่สุดเพียง 1.5 กิโลเมตร
ใกล้สถานที่ท่องเที่ยว สวนส้มธนาธรและวัดท่าตอน เพียง 5-10 นาที

มีไฟฟ้า และน้ำประปา พร้อมใช้งาน
ภายในที่ดินมีตาน้ำธรรมชาติ สำหรับทำการเกษตร

ขนาดที่ดิน 24 ไร่ 47 ตารางวา
ลดราคาจาก 7 ล้านบาท เหลือเพียง 4.2 ล้านบาท ค่าโอนคนละครึ่ง

Google map : http://bit.ly/2KeMvMY

เจ้าของขายเอง โฉนด(ครุฑแดง) ราคาสามารถต่อรองได้ โทร 064-7899599

....................................................................................................

Land for sale Mae Na Wang, Mae Ai, Chiang Mai

Concreate road with public transportation

Nearest community only 1.5 kilometer
Near tourist attraction Thanathorn Orchard, Tha Ton Temple only 5-10 minute drive

Electricity and water installed
Natural pond inside for agriculture

Size 24 Rai 47 Sq.wa
Special price from 7 million baht now only 4.2 million baht (transfer fee half responsible)

Google map : http://bit.ly/2KeMvMY

Sale by owner with legal title deed, price can be negotiated call 064-7899599 (English)"
https://baan.kaidee.com/product-369736781,"ราคา: 1,300,000
เนื้อที่: 200 ตารางวา | เนื้อที่ 200 ตารางวา
ขายที่ดิน สันป่าตอง (ต.ยุหว่า)เนื้อที่ 2งาน
ขายที่ดิน มีโฉนด เนื้อที่ 2 งาน ถนนบ้านกลาง ต.ยุหว่า อำเภอสันป่าตอง ใกล้แหล่งชุมชน เจ้าของขายเอง พร้อมโอน สนใจต่อรองได้ ติดต่อ 0646978298"
https://baan.kaidee.com/product-369826080,"ราคา: 6,825,000
เนื้อที่: 195 ตารางวา | เนื้อที่ 195 ตารางวา
ที่ดินเปล่า ในหมู่บ้านดิเออบาน่า 1 เชียงใหม่ น้ำไม่ท่วม
🚩ขายที่ดินเปล่า ทำเลสวย น้ำไม่ท่วม ในหมู่บ้านดิเออบาน่า 1 เชียงใหม่

💠เนื้อที่ 195 ตารางวา

🔷หมู่บ้านติดถนนซุปเปอร์ไฮเวย์ขาเข้า ใกล้เเยกดอนจั่น
ตำบลท่าศาลา อำเภอเมือง จังหวัดเชียงใหม่

🌳ภายในหมู่บ้านมีสวนสาธารณะขนาดใหญ่ 3 สวน สโมสร สระว่ายน้ำ
ฟิตเนส เเละระบบการรักษาความปลอดภัยที่เข้มเเข็ง

🚖การคมนาคมสะดวกมาก อยู่ใกล้โรงเรียนนานาชาติอเมริกาน่าไชนีส (ACIS), โรงเรียนวารีเชียงใหม่, โรงเรียนมงฟอร์ตเชียงใหม่, โรงเรียนช่องฟ้า
ซินเซิงวาณิชบำรุง

🏡เหมาะสำหรับที่อยู่อาศัย

💵ราคาตารางวาละ 35,000 บาท
รวมทั้งเเปลง 6,825,000 บาท ( หกล้านแปดแสนสองหมื่นห้าพันบาทถ้วน )
ค่าธรรมเนียมโอนที่สำนักงานที่ดินฝ่ายละครึ่ง

📱สนใจติดต่อ คุณหน่อย 0814384000"
https://baan.kaidee.com/product-369870159,"ราคา: 68,000,000
เนื้อที่: 6 ไร่ | เนื้อที่ 6 ไร่
บ้านพร้อมที่ดิน 6 ไร่ 66 ตรว. ทรงสวย ทำเลดี ติดถนนซุปเปอร์ไฮเวย์ รอบเมืองเชียงใหม่ (วงแหวน3)
**********ไม่รับนายหน้านะครับๆๆ**********
--------------------
[ขาย] บ้านพร้อมที่ดิน 6 ไร่ 66 ตรว. ทรงสวย ทำเลดี ด้านหน้าติดถนน ซุปเปอร์ไฮเวย์ รอบเมืองเชียงใหม่ (วงแหวนรอบ3) เข้าถึงสะดวก พื้นที่กว้างขวาง มีบ้าน 2 หลัง บ้านใหญ่-4นอน/4น้ำ บ้านเล็ก-1นอน/1น้ำ เชียงใหม่-โซนหางดง ใกล้หมู่บ้านขวัญเวียง ตั้งอยู่ที่ ต.สันผักหวาน อ.หางดง จ.เชียงใหม่ มี 3แปลง/3โฉนด ขายรวมทั้งหมด ราคา 68 ล้าน฿(ต่อรองได้) สนใจติดต่อ Line ID： tawan3000 โทร. 065-158-7878 (ราคาต่อรองได้)
--------------------
[Sale] Land & House 6 Rai 66 Sq.Wah, Good location on the road, Front of the Chiang Mai super highway road (Ring road 3), Chiang Mai - Hang Dong zone, near Baan Khwan Wiang, There are 2 houses (Big -4bedroom/ 4restroom/ kitchen) (Small -1bedroom/ 1restroom) garage and pavilion, Beautiful land, Spacious area, Convenient transportation, Not expensive, Sale ฿68 M Contact Line ID： tawan3000 Tel. 065-158-7878 (Thank you!!)
********************

>> สนใจติดต่อ
Line ID： tawan3000
โทร. 065-158-7878
(ไม่รับนายหน้านะครับๆๆ)

********************
ข้อมูลเพิ่มเติม / more detail
FB : www.facebook.com/HangDongLandHouse
เว็บไซด์ tawan3000.weebly.com

-------------------
** เพิ่มช่องทางชำระเงินด้วย/can pay with : USDT (TRC20/ERC20) **
-------------------"
https://baan.kaidee.com/product-369884110,"ราคา: 68,000,000
เนื้อที่: 6 ไร่ | เนื้อที่ 6 ไร่
บ้านพร้อมที่ดิน 6 ไร่ 66 ตรว. ทรงสวย ทำเลดี ติดถนนซุปเปอร์ไฮเวย์ รอบเมืองเชียงใหม่ (วงแหวน3)
**********ไม่รับนายหน้านะครับๆๆ**********
--------------------
[ขาย] บ้านพร้อมที่ดิน 6 ไร่ 66 ตรว. ทรงสวย ทำเลดี ด้านหน้าติดถนน ซุปเปอร์ไฮเวย์ รอบเมืองเชียงใหม่ (วงแหวนรอบ3) เข้าถึงสะดวก พื้นที่กว้างขวาง มีบ้าน 2 หลัง บ้านใหญ่-4นอน/4น้ำ บ้านเล็ก-1นอน/1น้ำ เชียงใหม่-โซนหางดง ใกล้หมู่บ้านขวัญเวียง ตั้งอยู่ที่ ต.สันผักหวาน อ.หางดง จ.เชียงใหม่ มี 3แปลง/3โฉนด ขายรวมทั้งหมด ราคา 68 ล้าน฿(ต่อรองได้) สนใจติดต่อ Line ID： tawan3000 โทร. 065-158-7878 (ราคาต่อรองได้)
--------------------
[Sale] Land & House 6 Rai 66 Sq.Wah, Good location on the road, Front of the Chiang Mai super highway road (Ring road 3), Chiang Mai - Hang Dong zone, near Baan Khwan Wiang, There are 2 houses (Big -4bedroom/ 4restroom/ kitchen) (Small -1bedroom/ 1restroom) garage and pavilion, Beautiful land, Spacious area, Convenient transportation, Not expensive, Sale ฿68 M Contact Line ID： tawan3000 Tel. 065-158-7878 (Thank you!!)
********************

>> สนใจติดต่อ
Line ID： tawan3000
โทร. 065-158-7878
(ไม่รับนายหน้านะครับๆๆ)

********************
ข้อมูลเพิ่มเติม / more detail
FB : www.facebook.com/HangDongLandHouse
เว็บไซด์ tawan3000.weebly.com

-------------------
** เพิ่มช่องทางชำระเงินด้วย/can pay with : USDT (TRC20/ERC20) **
-------------------"
https://baan.kaidee.com/product-369908097,"ราคา: 8,600,000
เนื้อที่: 92.5 ตารางวา | เนื้อที่ 92.5 ตารางวา | ห้องนอน 4 ห้องนอน | ห้องน้ำ 3 ห้องน้ำ | เป็นทรัพย์รอการขาย ไม่ใช่
บ้านเดี่ยวสองชั้น ในหมู่บ้านดิเออบาน่า 1 ใกล้เเยกดอนจั่น เชียงใหม่ น้ำไม่ท่วม
🚩ขายบ้านเดี่ยวสองชั้น ในหมู่บ้านดิเออบาน่า 1 ใกล้เเยกดอนจั่น
ติดถนนซุปเปอร์ไฮเวย์ ( เชียงใหม่ - ลำปาง ) ขาเข้า
ตำบลท่าศาลา อำเภอเมือง จังหวัดเชียงใหม่ น้ำไม่ท่วม

🟩เนื้อที่ 92.5 ตารางวา

✅รายละเอียด
🔹4 ห้องนอน 3 ห้องน้ำ ( ห้องน้ำ 1 ห้องติดเเอร์พร้อมอ่างจากุซชี่ )
🔹พื้นที่ใช้สอย 250 ตารางเมตร
🔹จอดรถ 3 คัน
🔹ครัวทันสมัยพร้อมตู้ Built In
🔹1 Livingroom พร้อมโซฟา day bed
🔹Full furnished ตกเเต่งครบ 4 ห้อง
🔹1 ห้องรับประทานอาหารตกเเต่งหรูหรา
🔹พร้อมโต๊ะทานข้าว 6 ที่นั่ง
🔹แอร์คอนดิชั่น 8 ตัว
🔹เป็นบ้านหลังที่หนึ่งในโครงการ หน้าบ้านเปิดโล่งเห็นวิวสวนเเละสระน้ำ

🌲ส่วนกลางนิติบุคคลหมู่บ้านดูเเลอย่างดี ภายในหมู่บ้านมีสวนสาธารณะขนาดใหญ่ 3 สวน สโมสร สระว่ายน้ำ ฟิตเนส และระบบรักษาความปลอดภัยที่เข้มเเข็ง

🚘การคมนาคมสะดวกมาก ไปสนามบินใช้เวลา 12 นาที เซ็นเฟส 10 นาที
อยู่ใกล้โรงเรียนนานาชาติอเมริกาน่าไชนีส ( ACIS ), โรงเรียนวารีเชียงใหม่,
โรงเรียนมงฟอร์ตวิทยาลัย, โรงเรียนช่องฟ้าซินเซิงวาณิชบำรุง

🔺เหมาะสำหรับที่พักอาศัย

💵ราคา 8.6 ล้านบาท ( แปดล้านหกแสนบาทถ้วน )
ค่าธรรมเนียมโอนที่สำนักงานที่ดินฝ่ายละครึ่ง

📱สนใจนัดชมบ้าน ติดต่อคุณหน่อย 0814384000"
https://baan.kaidee.com/product-369912339,"ราคา: 4,000,000
เนื้อที่: 86.40 ตารางวา | เนื้อที่ 86.40 ตารางวา
ขายที่ดิน เจ้าของขายเอง
อยู่ใกล้กับวัดดาวดึงษ์ เป็นที่ดินเปล่า จำนวน 4 แปลง (แปลงละ 21.60 ตารางวา)
เจ้าของขายเอง"
https://baan.kaidee.com/product-370128075,"ราคา: 4,900,000
เนื้อที่: 85 ตารางเมตร | เนื้อที่ 85 ตารางเมตร | ห้องนอน 1 ห้องนอน | ห้องน้ำ 1 ห้องน้ำ | ชั้น 15 | เฟอร์นิเจอร์ ตกแต่งครบ | ปีที่สร้างเสร็จ สร้างเสร็จก่อน 2010 | ผู้พัฒนา/เจ้าของโครงการ อื่นๆ
คอนโดใจกลางเมือง เชียงใหม่ เจ้าของต่างชาติบิ้วอินสวยมาก
คอนโดใจกลางเมือง เชียงใหม่ โซนเศรษฐกิจ นครพิงค์คอนโดมิเนียม (NKP) ใกล้ถนนนิมมานเหมินท์ ห้างเมญ่า แค่ 400 เมตร เจ้าของต่างชาติ ทำบิ้วอิน เสร็จปี 2022 งานไม้ใว้สวยมาก ช่างไม้จากอังกฤษ งาน สวยปราณีต ชั้น15 ห้องมุม วิวดอยสุเทพ
ข้อมูลเพิ่มเติม
081-8606505 (อิ๋ว)
สำหรับต่างชาติ contact เบอร์ 089-0453044 ค่ะ

CONDO FOR SALE✅
-HIGH QUALITY BEAUTIFUL TEAK CABINETS/WOODWORK
-85 SQM WITH NORTHWEST CORNER VIEW OF CITY/MOUNTAINS – ONE BEDROOM
-BALCONY WITH SEATING FOR MORNING COFFEE OR AFTERNOON TEA
-FULLY FURNISHED INCLUDING WASH/DRYER/REFRIGERATOR
-LOCATED ON 15TH FLOOR- NAKORNPING CONDOMINIUM
-4,900,000 BAHT
-50/50 SPLIT TRANSFER FEES AND TAXES
-CONTACT- 089-0453044"
https://baan.kaidee.com/product-370311762,"ราคา: 13,500,000
เนื้อที่: 409 ตารางวา | เนื้อที่ 409 ตารางวา | ห้องนอน 5 ห้องนอน | ห้องน้ำ 4 ห้องน้ำ | เฟอร์นิเจอร์ มีบางส่วน | ปีที่สร้างเสร็จ สร้างเสร็จก่อน 2010
ขายบ้านพร้อมที่ดิน
ขายที่ดินพร้อมสิ่งปลูกสร้าง บ้านอยู่ทุ่งปากเกร็ด หนองหาร สันทราย เชียงใหม่ ที่ดิน 409 ตรว บ้านสองชั้น 4 ห้องนอน 3 ห้องน้ำ 1 ห้องครัว 1 ห้องรับแขก และหลังเล็ก 1 ห้องนอน 1 ห้องน้ำ 1 ครัวไทย และโรงจอกรถ ได้หลายคัน มีบ่อเลี้ยงปลา 1 บ่อ พื้นที่กว้าง สนใจติดต่อสอบถามได้ ติดต่อ 095-3536451 หรือไลน์ kae_natcha"
https://baan.kaidee.com/product-370315421,"ราคา: 5,200,000
เนื้อที่: 1 ไร่ | เนื้อที่ 1 ไร่
ขายที่ดิน 1ไร่ 29ตรว. พร้อมบ้านพัก น้ำ-ไฟพร้อม พร้อมโอน
[ขายด่วน!!] ที่ดิน 1ไร่ 25ตรว. พร้อมบ้านพัก น้ำ-ไฟพร้อม พร้อมโอน

ราคา ตรว.ละ 12,000 บาท (ต่อรองได้จ้า)
ที่ตั้ง ม.12 ต.บ้านแหวน อ.หางดง จ.เชียงใหม่

- ที่ดิน เนื้อที่ 1 ไร่ 29 ตรว.
- มีบ้านพัก 2 ชั้น บน 1นอน/1น้ำ ล่าง 1โถง/1น้ำ
- ถนนคอนกรีต วางท่อระบายน้ำไว้แล้ว
- มีกำแพงล้อมรอบ 4 ด้าน ประตูเหล็ก
- น้ำประปาหมู่บ้าน และน้ำบาดาล
- ไฟฟ้าพร้อมใช้
- มีรถเก็บขยะของเทศบาลบริการ

โซนหางดง ติดกุลพันวิล9/ใกล้กาดฝรั่ง/สันผักหวาน/สันป่าสัก

>> สนใจติดต่อ
Line ID： tawan3000
โทร. 065-158-7878
(ไม่รับนายหน้านะครับๆๆ)

********************
ข้อมูลเพิ่มเติม / more detail
FB : www.facebook.com/HangDongLandHouse
เว็บไซด์ tawan3000.weebly.com
-------------------"
https://baan.kaidee.com/product-370316325,"ราคา: 5,200,000
เนื้อที่: 1 ไร่ | เนื้อที่ 1 ไร่
ขายที่ดิน 1ไร่ 25ตรว. พร้อมบ้านพัก น้ำ-ไฟพร้อม พร้อมโอน
[ขายด่วน!!] ที่ดิน 1ไร่ 25ตรว. พร้อมบ้านพัก น้ำ-ไฟพร้อม พร้อมโอน

ราคา ตรว.ละ 12,000 บาท (ต่อรองได้จ้า)
ที่ตั้ง ม.12 ต.บ้านแหวน อ.หางดง จ.เชียงใหม่

- ที่ดิน เนื้อที่ 1 ไร่ 29 ตรว.
- มีบ้านพัก 2 ชั้น บน 1นอน/1น้ำ ล่าง 1โถง/1น้ำ
- ถนนคอนกรีต วางท่อระบายน้ำไว้แล้ว
- มีกำแพงล้อมรอบ 4 ด้าน ประตูเหล็ก
- น้ำประปาหมู่บ้าน และน้ำบาดาล
- ไฟฟ้าพร้อมใช้
- มีรถเก็บขยะของเทศบาลบริการ

โซนหางดง ติดกุลพันวิล9/ใกล้กาดฝรั่ง/สันผักหวาน/สันป่าสัก

>> สนใจติดต่อ
Line ID： tawan3000
โทร. 065-158-7878
(ไม่รับนายหน้านะครับๆๆ)

********************
ข้อมูลเพิ่มเติม / more detail
FB : www.facebook.com/HangDongLandHouse
เว็บไซด์ tawan3000.weebly.com
-------------------"
https://baan.kaidee.com/product-370318303,"ราคา: 5,200,000
เนื้อที่: 1 ไร่ | เนื้อที่ 1 ไร่
ขายที่ดิน 1ไร่ 29ตรว. พร้อมบ้านพัก น้ำ-ไฟพร้อม พร้อมโอน
[ขาย] ที่ดิน 1ไร่ 25ตรว. พร้อมบ้านพัก น้ำ-ไฟพร้อม พร้อมโอน

ราคา ตรว.ละ 12,000 บาท (ต่อรองได้จ้า)
ที่ตั้ง ม.12 ต.บ้านแหวน อ.หางดง จ.เชียงใหม่

- ที่ดิน เนื้อที่ 1 ไร่ 29 ตรว.
- มีบ้านพัก 2 ชั้น บน 1นอน/1น้ำ ล่าง 1โถง/1น้ำ
- ถนนคอนกรีต วางท่อระบายน้ำไว้แล้ว
- มีกำแพงล้อมรอบ 4 ด้าน ประตูเหล็ก
- น้ำประปาหมู่บ้าน และน้ำบาดาล
- ไฟฟ้าพร้อมใช้
- มีรถเก็บขยะของเทศบาลบริการ

โซนหางดง ติดกุลพันวิล9/ใกล้กาดฝรั่ง/สันผักหวาน/สันป่าสัก

>> สนใจติดต่อ
Line ID： tawan3000
โทร. 065-158-7878
(ไม่รับนายหน้านะครับๆๆ)

********************
ข้อมูลเพิ่มเติม / more detail
FB : www.facebook.com/HangDongLandHouse
เว็บไซด์ tawan3000.weebly.com
-------------------"
https://baan.kaidee.com/product-370318461,"ราคา: 16,000,000
เนื้อที่: 4 ไร่ | ห้องนอน 1 ห้องนอน | ห้องน้ำ 2 ห้องน้ำ | เนื้อที่ 4 ไร่ | ผู้พัฒนา/เจ้าของโครงการ อื่นๆ
(ตรว.ละ 10,000) ที่ดิน 4 ไร่ 62 ตรว. ที่สวย มีบ้านพัก สวนลำไย หลังติดกุลพันวิล9 ใกล้กาดฝรั่ง
(ตรว.ละ 10,000) ที่ดิน 4 ไร่ 62 ตรว. ที่สวย มีบ้านพัก สวนลำไย หลังติดกุลพันวิล9 ใกล้กาดฝรั่ง
--------------------
[ขาย] ที่ดิน 4 ไร่ 62 ตรว. ที่สวย คล้ายถุงเงินถุงทอง มีบ้านพัก และสวนลำไย กระท้อนปุยฝ้าย น้ำ+ไฟฟ้าพร้อม เชียงใหม่ โซนหางดง ติดกุลพันวิล9/ใกล้กาดฝรั่ง ตั้งอยู่ ม.12 ต.บ้านแหวน อ.หางดง จ.เชียงใหม่ โฉนดพร้อมโอน **ลดสุดๆ ตรว.ละ 10,000 บ. ค่าโอนคนละครึ่งนะครับ** สนใจติดต่อ Line ID： tawan3000 โทร. 065-158-7878 (ราคาต่อรองได้)
--------------------
Chiang Mai, Hang Dong zone, near Kad Farang / Kulphanville 9, [Sale] Land(freeHouse) 4 Rai 62 Sq.Wah, With Longan Garden and Santol tree, Good location on the road, Convenient transportation, Beautiful land, With electricity and water supply ready, Fully equipped with utilities, Not expensive, **Discount ฿10,000/Sq.Wah** Contact Line ID： tawan3000 Tel. 065-158-7878 (Thank you!!)
********************

>> สนใจติดต่อ
Line ID： tawan3000
โทร. 065-158-7878
(ไม่รับนายหน้านะครับๆๆ)

********************
ข้อมูลเพิ่มเติม / more detail
FB : www.facebook.com/HangDongLandHouse
เว็บไซด์ tawan3000.weebly.com
-------------------"
https://baan.kaidee.com/product-370318475,"ราคา: 16,000,000
เนื้อที่: 4 ไร่ | เนื้อที่ 4 ไร่
(ตรว.ละ 10,000) ที่ดิน 4 ไร่ 62 ตรว. ที่สวย มีบ้านพัก สวนลำไย หลังติดกุลพันวิล9 ใกล้กาดฝรั่ง
(ตรว.ละ 10,000) ที่ดิน 4 ไร่ 62 ตรว. ที่สวย มีบ้านพัก สวนลำไย หลังติดกุลพันวิล9 ใกล้กาดฝรั่ง
--------------------
[ขาย] ที่ดิน 4 ไร่ 62 ตรว. ที่สวย คล้ายถุงเงินถุงทอง มีบ้านพัก และสวนลำไย กระท้อนปุยฝ้าย น้ำ+ไฟฟ้าพร้อม เชียงใหม่ โซนหางดง ติดกุลพันวิล9/ใกล้กาดฝรั่ง ตั้งอยู่ ม.12 ต.บ้านแหวน อ.หางดง จ.เชียงใหม่ โฉนดพร้อมโอน **ลดสุดๆ ตรว.ละ 10,000 บ. ค่าโอนคนละครึ่งนะครับ** สนใจติดต่อ Line ID： tawan3000 โทร. 065-158-7878 (ราคาต่อรองได้)
--------------------
Chiang Mai, Hang Dong zone, near Kad Farang / Kulphanville 9, [Sale] Land(freeHouse) 4 Rai 62 Sq.Wah, With Longan Garden and Santol tree, Good location on the road, Convenient transportation, Beautiful land, With electricity and water supply ready, Fully equipped with utilities, Not expensive, **Discount ฿10,000/Sq.Wah** Contact Line ID： tawan3000 Tel. 065-158-7878 (Thank you!!)
********************

>> สนใจติดต่อ
Line ID： tawan3000
โทร. 065-158-7878
(ไม่รับนายหน้านะครับๆๆ)

********************
ข้อมูลเพิ่มเติม / more detail
FB : www.facebook.com/HangDongLandHouse
เว็บไซด์ tawan3000.weebly.com
-------------------"
https://baan.kaidee.com/product-370319094,"ราคา: 10,000
เนื้อที่: 4 ไร่ | เนื้อที่ 4 ไร่
(ตรว.ละ 10,000) ที่ดิน 4 ไร่ 62 ตรว. ที่สวย มีบ้านพัก สวนลำไย หลังติดกุลพันวิล9 ใกล้กาดฝรั่ง
(ตรว.ละ 10,000) ที่ดิน 4 ไร่ 62 ตรว. ที่สวย มีบ้านพัก สวนลำไย หลังติดกุลพันวิล9 ใกล้กาดฝรั่ง
--------------------
[ขาย] ที่ดิน 4 ไร่ 62 ตรว. ที่สวย คล้ายถุงเงินถุงทอง มีบ้านพัก และสวนลำไย กระท้อนปุยฝ้าย น้ำ+ไฟฟ้าพร้อม เชียงใหม่ โซนหางดง ติดกุลพันวิล9/ใกล้กาดฝรั่ง ตั้งอยู่ ม.12 ต.บ้านแหวน อ.หางดง จ.เชียงใหม่ โฉนดพร้อมโอน **ลดสุดๆ ตรว.ละ 10,000 บ. ค่าโอนคนละครึ่งนะครับ** สนใจติดต่อ Line ID： tawan3000 โทร. 065-158-7878 (ราคาต่อรองได้)
--------------------
Chiang Mai, Hang Dong zone, near Kad Farang / Kulphanville 9, [Sale] Land(freeHouse) 4 Rai 62 Sq.Wah, With Longan Garden and Santol tree, Good location on the road, Convenient transportation, Beautiful land, With electricity and water supply ready, Fully equipped with utilities, Not expensive, **Discount ฿10,000/Sq.Wah** Contact Line ID： tawan3000 Tel. 065-158-7878 (Thank you!!)
********************

>> สนใจติดต่อ
Line ID： tawan3000
โทร. 065-158-7878
(ไม่รับนายหน้านะครับๆๆ)

********************
ข้อมูลเพิ่มเติม / more detail
FB : www.facebook.com/HangDongLandHouse
เว็บไซด์ tawan3000.weebly.com
-------------------"
https://baan.kaidee.com/product-370319506,"ราคา: 68,000,000
เนื้อที่: 6 ไร่ | เนื้อที่ 6 ไร่
ที่ดิน 6 ไร่ 66 ตรว. ทรงสวย ทำเลดี พร้อมบ้านพัก ติดถนนซุปเปอร์ไฮเวย์ รอบเมืองเชียงใหม่ (วงแหวน3)
**********ไม่รับนายหน้านะครับๆๆ**********
--------------------
[ขาย] บ้านพร้อมที่ดิน 6 ไร่ 66 ตรว. ทรงสวย ทำเลดี ด้านหน้าติดถนน ซุปเปอร์ไฮเวย์ รอบเมืองเชียงใหม่ (วงแหวนรอบ3) เข้าถึงสะดวก พื้นที่กว้างขวาง มีบ้าน 2 หลัง บ้านใหญ่-4นอน/4น้ำ บ้านเล็ก-1นอน/1น้ำ เชียงใหม่-โซนหางดง ใกล้หมู่บ้านขวัญเวียง ตั้งอยู่ที่ ต.สันผักหวาน อ.หางดง จ.เชียงใหม่ มี 3แปลง/3โฉนด ขายรวมทั้งหมด ราคา 68 ล้าน฿(ต่อรองได้) สนใจติดต่อ Line ID： tawan3000 โทร. 065-158-7878 (ราคาต่อรองได้)
--------------------
[Sale] Land & House 6 Rai 66 Sq.Wah, Good location on the road, Front of the Chiang Mai super highway road (Ring road 3), Chiang Mai - Hang Dong zone, near Baan Khwan Wiang, There are 2 houses (Big -4bedroom/ 4restroom/ kitchen) (Small -1bedroom/ 1restroom) garage and pavilion, Beautiful land, Spacious area, Convenient transportation, Not expensive, Sale ฿68 M Contact Line ID： tawan3000 Tel. 065-158-7878 (Thank you!!)
********************

>> สนใจติดต่อ
Line ID： tawan3000
โทร. 065-158-7878
(ไม่รับนายหน้านะครับๆๆ)

********************
ข้อมูลเพิ่มเติม / more detail
FB : www.facebook.com/HangDongLandHouse
เว็บไซด์ tawan3000.weebly.com

-------------------
** เพิ่มช่องทางชำระเงินด้วย/can pay with : USDT (TRC20/ERC20) **
-------------------"
https://baan.kaidee.com/product-370321479,"ราคา: 68,000,000
เนื้อที่: 6 ไร่ | เนื้อที่ 6 ไร่
ที่ดิน 6 ไร่ 66 ตรว. ทรงสวย ทำเลดี พร้อมบ้านพัก ติดถนนซุปเปอร์ไฮเวย์ รอบเมืองเชียงใหม่ (วงแหวน3)
**********ไม่รับนายหน้านะครับๆๆ**********
--------------------
[ขาย] บ้านพร้อมที่ดิน 6 ไร่ 66 ตรว. ทรงสวย ทำเลดี ด้านหน้าติดถนน ซุปเปอร์ไฮเวย์ รอบเมืองเชียงใหม่ (วงแหวนรอบ3) เข้าถึงสะดวก พื้นที่กว้างขวาง มีบ้าน 2 หลัง บ้านใหญ่-4นอน/4น้ำ บ้านเล็ก-1นอน/1น้ำ เชียงใหม่-โซนหางดง ใกล้หมู่บ้านขวัญเวียง ตั้งอยู่ที่ ต.สันผักหวาน อ.หางดง จ.เชียงใหม่ มี 3แปลง/3โฉนด ขายรวมทั้งหมด ราคา 68 ล้าน฿(ต่อรองได้) สนใจติดต่อ Line ID： tawan3000 โทร. 065-158-7878 (ราคาต่อรองได้)
--------------------
[Sale] Land & House 6 Rai 66 Sq.Wah, Good location on the road, Front of the Chiang Mai super highway road (Ring road 3), Chiang Mai - Hang Dong zone, near Baan Khwan Wiang, There are 2 houses (Big -4bedroom/ 4restroom/ kitchen) (Small -1bedroom/ 1restroom) garage and pavilion, Beautiful land, Spacious area, Convenient transportation, Not expensive, Sale ฿68 M Contact Line ID： tawan3000 Tel. 065-158-7878 (Thank you!!)
********************

>> สนใจติดต่อ
Line ID： tawan3000
โทร. 065-158-7878
(ไม่รับนายหน้านะครับๆๆ)

********************
ข้อมูลเพิ่มเติม / more detail
FB : www.facebook.com/HangDongLandHouse
เว็บไซด์ tawan3000.weebly.com

-------------------
** เพิ่มช่องทางชำระเงินด้วย/can pay with : USDT (TRC20/ERC20) **
-------------------"
https://baan.kaidee.com/product-370323244,"ราคา: 68,000,000
เนื้อที่: 6 ไร่ | ห้องนอน 4 ห้องนอน | ห้องน้ำ 4 ห้องน้ำ | เนื้อที่ 6 ไร่ | ผู้พัฒนา/เจ้าของโครงการ อื่นๆ
บ้านพร้อมที่ดิน 6 ไร่ 66 ตรว. ทรงสวย ทำเลดี ติดถนนซุปเปอร์ไฮเวย์ รอบเมืองเชียงใหม่ (วงแหวน3)
**********ไม่รับนายหน้านะครับๆๆ**********
--------------------
[ขาย] บ้านพร้อมที่ดิน 6 ไร่ 66 ตรว. ทรงสวย ทำเลดี ด้านหน้าติดถนน ซุปเปอร์ไฮเวย์ รอบเมืองเชียงใหม่ (วงแหวนรอบ3) เข้าถึงสะดวก พื้นที่กว้างขวาง มีบ้าน 2 หลัง บ้านใหญ่-4นอน/4น้ำ บ้านเล็ก-1นอน/1น้ำ เชียงใหม่-โซนหางดง ใกล้หมู่บ้านขวัญเวียง ตั้งอยู่ที่ ต.สันผักหวาน อ.หางดง จ.เชียงใหม่ มี 3แปลง/3โฉนด ขายรวมทั้งหมด ราคา 68 ล้าน฿(ต่อรองได้) สนใจติดต่อ Line ID： tawan3000 โทร. 065-158-7878 (ราคาต่อรองได้)
--------------------
[Sale] Land & House 6 Rai 66 Sq.Wah, Good location on the road, Front of the Chiang Mai super highway road (Ring road 3), Chiang Mai - Hang Dong zone, near Baan Khwan Wiang, There are 2 houses (Big -4bedroom/ 4restroom/ kitchen) (Small -1bedroom/ 1restroom) garage and pavilion, Beautiful land, Spacious area, Convenient transportation, Not expensive, Sale ฿68 M Contact Line ID： tawan3000 Tel. 065-158-7878 (Thank you!!)
********************

>> สนใจติดต่อ
Line ID： tawan3000
โทร. 065-158-7878
(ไม่รับนายหน้านะครับๆๆ)

********************
ข้อมูลเพิ่มเติม / more detail
FB : www.facebook.com/HangDongLandHouse
เว็บไซด์ tawan3000.weebly.com

-------------------
** เพิ่มช่องทางชำระเงินด้วย/can pay with : USDT (TRC20/ERC20) **
-------------------"
https://baan.kaidee.com/product-370359137,"ราคา: 25,000,000
เนื้อที่: 1840 ตารางวา | เนื้อที่ 1840 ตารางวา
ขายหรือเช่า ที่สวยติดลำธารน้ำตก วิวเขา น้ำไม่ท่วม สวยสุด น้ำประปาไฟฟ้าพร้อม
Land for sale with a resort-style house or long-term rental, next to a private waterfall stream, no flooding, only 4 kilometers from Mae Rim District Office, Chiang Mai Province. Interested, please contact, call, Line 0612865888 , Mr. Ek, the direct owner (accepting 3% brokerage fee). ขายที่ดินพร้อมบ้าน สไตล์รีสอร์ท หรือเช่าระยะยาว ติดลำธารน้ำตกส่วนตัว น้ำไม่ท่วม ห่างจากที่ว่าการอำเภอแม่ริมจังหวัดเชียงใหม่ เพียง 4 กิโลเมตร สนใจติดต่อ โทร ไลน์ 0612865888 คุณเอกเจ้าของตรง (รับนายหน้า 3%)"
https://baan.kaidee.com/product-370373488,"ราคา: 650,000
เนื้อที่: 20 ตารางวา | เนื้อที่ 20 ตารางวา | ห้องนอน 2 | ห้องน้ำ 1
บ้านเอื้ออาทรเคหะสันป่าตอง 20 ตารางวา
ขายบ้านเอื้ออาทร บ้านพร้อมที่ดินขนาด 20 ตารางวา เจ้าของขายเองมีโฉนด บ้านเลขที่ 54/125 หมู่ 4 ตำบลสันกลาง อยู่ในโครงการเอื้ออาทรสันป่าตอง
สนใจติดต่อ เชิ้ต 0971944758 0864298315"
https://baan.kaidee.com/product-370374856,"ราคา: 14,000,000
เนื้อที่: 19 | เนื้อที่ 19 | เป็นทรัพย์รอการขาย ไม่ใช่
ขายที่ดินสวย อ.แม่แตงเชียงใหม่ น้ำไม่ท่วม เนื้อที่ 19-3-36 ไร่ ราคา 14 ลบ.สนใจติดต่อ คุณปุ้ย 0899209893
ขายที่ดินสวย อ.แม่แตงเชียงใหม่ น้ำไม่ท่วม เนื้อที่ 19-3-36 ไร่ ราคา 14 ลบ.สนใจติดต่อ คุณปุ้ย 089-920-9893 ไอดีไลน์ dpawadee"
https://baan.kaidee.com/product-370376951,"ราคา: 2,800,000
เนื้อที่: 27 ตารางวา | เนื้อที่ 27 ตารางวา | ห้องนอน 3 ห้องนอน | ห้องน้ำ 3 ห้องน้ำ | เฟอร์นิเจอร์ มีบางส่วน
อาคารพาณิชย์"
https://baan.kaidee.com/product-370394436,"ราคา: 18,000,000
เนื้อที่: 20.2 ตารางวา | เนื้อที่ 20.2 ตารางวา | ห้องนอน 3 | ห้องน้ำ 2 | เฟอร์นิเจอร์ ไม่มี
ขายทาวน์โฮม 3 ชั้น ทำเลทองติดถนนคนเดินกลางเมืองเชียงใหม่ อยู่ในหมู่บ้านเชียงใหม่เทรดเซ็นเตอร์ ตรงข้ามวัดพระสิงห์
ขายทาวน์โฮม 3 ชั้น ทำเลทองติดถนนคนเดินกลางเมืองเชียงใหม่ อยู่ในหมู่บ้านเชียงใหม่เทรดเซ็นเตอร์ ตรงข้ามวัดพระสิงห์ เข้าซอย 20 เมตร หน้าบ้านหันหน้าไปทางทิศใต้ ฝั่งตรงข้ามเป็นเกสท์เฮ้าส์ ขนาด 20.2 ตรว. พื้นที่ใช้สอย 192 ตร.ม. มี
3 ห้องนอน 2 ห้องน้ำ + ที่จอดรถด้านหน้า 1 คัน
อยู่ห่างถนนคนเดิน 100 เมตร เหมาะสำหรับเปิดเป็นโฮสเทล เกสท์เฮาส์ แกลเลอรี่ หรือเปิดติวกวดวิชา
ติดต่อ นุ้ย 0884146929"
https://baan.kaidee.com/product-370395880,"ราคา: 3,000,000
เนื้อที่: 809.5 ตารางวา | เนื้อที่ 809.5 ตารางวา | เป็นทรัพย์รอการขาย ไม่ใช่
ที่ดินเปล่า 2 ไร่ 9.5 ตร.ว. ที่ดินเปล่า ซอยบ้านป่าขาม ซอย6 ถนนซุปเปอร์ ไฮเวย์ เชียงใหม่-ลำปาง แม่ริม เชียงใหม่
คุณ ชุติกาญจน์ กล่ำแสง (เชอรี่)
เบอร์ติดต่อ : 096-391-2263
Office : 02-946-6206
สอบถามทางไลน์ https://lin.ee/xTo07Pn
Line ID: @interhome

รหัสอสังหาริมทรัพย์ : 60813
ขนาด 2 ไร่9.5 ตร.ว.

ที่ตั้ง : ที่ดินเปล่า ซอยบ้านป่าขาม ซอย6 ถ.ซุปเปอร์ไฮเวย์เชียงใหม่-ลำปาง แม่ริม เชียงใหม่

รายละเอียด
ใกล้ฮิมนา วิวดอย ฟิชชิ่ง ปาร์ค Lursinsap Garden บ่อตกปลาหลิว นรเทพ
ขายที่ดินเปล่า ซอยบ้านป่าขาม ซอย6 ถนนซุปเปอร์ ไฮเวย์ เชียงใหม่-ลำปาง ตำบลเหมืองแก้ว
อำเภอแม่ริม จังหวัดเชียงใหม่

ที่ดินเปล่า แปลงสวยถมแล้ว กว้างประมาณ 40 เมตร ลึก 80 เมตร
ที่ดินเป็นรูปสี่เหลี่ยมผืนผ้า มีถนนเข้าที่ดิน

ทำเลดีสถานที่ใกล้เคียง
ใกล้ฮิมนา วิวดอย ฟิชชิ่ง ปาร์ค
Lursinsap Garden
บ่อตกปลาหลิว นรเทพ
โรงเรียนสอนขับรถ เคดับบลิว แม่โจ้
วัดห้วยเกี๋ยง
เค แอล อพาร์ทเมนต์

การเดินทางสะดวก
ถนนซุปเปอร์ ไฮเวย์ เชียงใหม่-ลำปาง ถนนทางหลวงหมายเลข 1001
ถนนทางหลวงแผ่นดินหมายเลข 1260

บริษัท อินเตอร์โฮม เรียลตี้ เอสเตท จำกัด
Interhome Realty Estate
www.interhome.co.th
โทร. 02-946-6206

https://www.interhome.co.th/propertydetail.php?propcode=60813"
https://baan.kaidee.com/product-370400595,"ราคา: 45,000,000
เนื้อที่: 211 | ห้องนอน 4 ห้องนอน | ห้องน้ำ 5 ห้องน้ำ | เนื้อที่ 211 | ชั้น 2 | ผู้พัฒนา/เจ้าของโครงการ อื่นๆ | เฟอร์นิเจอร์ มีบางส่วน | ปีที่สร้างเสร็จ สร้างเสร็จก่อน 2010
📌 บ้านในหมู่บ้านลัดดารมย์ สันผีเสื้อ
📌 บ้านในหมู่บ้านลัดดารมย์ สันผีเสื้อ

- เนื้อที่ 211 ตร.ว.
- 4 ห้องนอน
- 5 ห้องน้ำ
- ครัวไทย
- ครัวฝรั่ง
- ห้องแม่บ้าน
- สระว่ายน้ำสโมสร
- รปภ. 24 ชม.
- 5 นาทีจากศูนย์ราชการ
- ตรงข้ามโรงเรียนนานาชาตินครพายัพ
- 3 กิโลเมตร จากกาดรวมโชค
- 10 นาที จาก เซ็นทรัลเฟสติวัล"
https://baan.kaidee.com/product-370404942,"ราคา: 2,900,000
เนื้อที่: 49.35 ตารางเมตร | เนื้อที่ 49.35 ตารางเมตร | ห้องนอน 1 ห้องนอน | ห้องน้ำ 1 ห้องน้ำ | เป็นทรัพย์รอการขาย ใช่
💖 คอนโด เมืองเชียงใหม่ ราคาพิเศษ! 💖
รหัสทรัพย์ ： DICHMCU0108001

สอบถามข้อมูลเพิ่มเติม นัดดูทรัพย์ >> 😊ทิ้งชื่อ เบอร์ติดต่อ ในแชท ให้เจ้าหน้าที่ขายติดต่อกลับได้เลยค่ะ😊 (บริษัทเปิดให้บริการติดต่อ วันจันทร์-ศุกร์ เวลา 9.00-17.00 ยกเว้นวันหยุดนักขัตฤกษ์)

Himma Garden Condominium : พร้อมเฟอร์นิเจอร์ ห้องชุดพักอาศัย ประกอบด้วย 1 ห้องนอน, 1 ห้องน้ำ, 1 ห้องครัว, 1 ห้องนั่งเล่น ตกแต่งพร้อมอยู่ ภายในกว้างขวางด้วยพื้นที่ใช้สอยขนาด 49.35 ตร.ม. พร้อมสิ่งอำนวยความสะดวกครบครัน และพื้นที่ ส่วนกลาง อาทิ ฟิตเนส, สระว่ายน้ำ พร้อมระบบรักษาความปลอดภัย รปภ. 24 ชม. คีย์การ์ดเข้า-ออก โครงการ ห้องชุดเลขที่ 88/64 โครงการฮิมมา การ์เด้นท์ คอนโดมิเนียม อาคาร 2 ชั้น 1 ถนนโชตนา ตำบลช้างเผือก

บริษัทขอสงวนสิทธิ์ในการเปลี่ยนแปลงรายละเอียดทรัพย์สิน ราคาตั้งขาย รวมถึงเงื่อนไขอื่นใด หรือยกเลิกการ ขายทรัพย์สินได้โดยไม่ต้องแจ้งให้ผู้สนใจเสนอซื้อทราบล่วงหน้า

https://www.google.com/maps/search/?api=1&query=18.82 0993222603 4,98.9828035521"
https://baan.kaidee.com/product-370405003,"ราคา: 3,550,000
เนื้อที่: 84.9 ตารางวา | เนื้อที่ 84.9 ตารางวา | ห้องนอน 1 ห้องนอน | ห้องน้ำ 1 ห้องน้ำ | เป็นทรัพย์รอการขาย ใช่
💖 บ้าน สันทราย ราคาพิเศษ! 💖
รหัสทรัพย์ ： DCCHMSH0100001

สอบถามข้อมูลเพิ่มเติม นัดดูทรัพย์ >> 😊ทิ้งชื่อ เบอร์ติดต่อ ในแชท ให้เจ้าหน้าที่ขายติดต่อกลับได้เลยค่ะ😊 (บริษัทเปิดให้บริการติดต่อ วันจันทร์-ศุกร์ เวลา 9.00-17.00 ยกเว้นวันหยุดนักขัตฤกษ์)

ชลลดา : ปรับปรุงใหม่ บ้านเดี่ยว 2 ชั้น ตั้งอยู่ในโครงการชลลดา ขนาดที่ดินประมาณ 30x14 ม. ลักษณะเป็นรูปหลายเหลี่ยม ขนาดสิ่งปลูกสร้าง 8x8 ม., 128 ตรม. ถนนผ่านหน้าทรัพย์เป็นถนนคอนกรีต(ถนนจัดสรร) สาธารณูปโภคครบครัน การคมนาคมสะดวก ทรัพย์อยู่ห่างจากถนนสายเชียงใหม่-พร้าวประมาณ 2 กม. และอยู่ห่างจากตัวอำเภอเชียงใหม่ประมาณ 12 กม. สถานที่ใกล้เคียง เช่น ปั๊มน้ำมันซัสโก้, สภอ.แม่โจ้, มหาวิทยาลัยแม่โจ้ เป็นต้น บ้านเลขที่ 189/141 โครงการหมู่บ้านชลลดา ซอย 12 ถนนสายเชียงใหม่-พร้าว

บริษัทขอสงวนสิทธิ์ในการเปลี่ยนแปลงรายละเอียดทรัพย์สิน ราคาตั้งขาย รวมถึงเงื่อนไขอื่นใด หรือยกเลิกการ ขายทรัพย์สินได้โดยไม่ต้องแจ้งให้ผู้สนใจเสนอซื้อทราบล่วงหน้า

https://www.google.com/maps/search/?api=1&query=18.870281,99.006735"
https://baan.kaidee.com/product-370405005,"ราคา: 4,700,000
เนื้อที่: 61.6 ตารางวา | เนื้อที่ 61.6 ตารางวา | ห้องนอน 1 ห้องนอน | ห้องน้ำ 1 ห้องน้ำ | เป็นทรัพย์รอการขาย ใช่
💖 บ้าน เมืองเชียงใหม่ ราคาพิเศษ! 💖
รหัสทรัพย์ ： DCCHMSH0102001

สอบถามข้อมูลเพิ่มเติม นัดดูทรัพย์ >> 😊ทิ้งชื่อ เบอร์ติดต่อ ในแชท ให้เจ้าหน้าที่ขายติดต่อกลับได้เลยค่ะ😊 (บริษัทเปิดให้บริการติดต่อ วันจันทร์-ศุกร์ เวลา 9.00-17.00 ยกเว้นวันหยุดนักขัตฤกษ์)

บ้านเดี่ยวสองชั้น หมู่บ้านสีวลี-คลองชล ที่ดินพร้อมสิ่งปลูกสร้างตึก 2 ชั้น 1 หลัง สภาพพร้อมอยู่อาศัย การคมนาคมสะดวก ในโครงการหมู่บ้าน สีวลี คลองชลฯ-เชียงใหม่ เลียบถนนคลองชลฯ ทรัพย์ตั้งอยู่บ้านเลขที่ 211/190 หมู่บ้านสีวลีคลองชลฯ-เชียงใหม่ ซอย 27 ถนนเลียบคลองชลประทาน

บริษัทขอสงวนสิทธิ์ในการเปลี่ยนแปลงรายละเอียดทรัพย์สิน ราคาตั้งขาย รวมถึงเงื่อนไขอื่นใด หรือยกเลิกการ ขายทรัพย์สินได้โดยไม่ต้องแจ้งให้ผู้สนใจเสนอซื้อทราบล่วงหน้า

https://www.google.com/maps/search/?api=1&query=18.753646,98.946719"
https://baan.kaidee.com/product-370405027,"ราคา: 8,075,000
เนื้อที่: 124.3 ตารางวา | เนื้อที่ 124.3 ตารางวา | ห้องนอน 4 ห้องนอน | ห้องน้ำ 3 ห้องน้ำ | เป็นทรัพย์รอการขาย ใช่
💖 บ้าน เมืองเชียงใหม่ ราคาพิเศษ! 💖
รหัสทรัพย์ ： DECHMSH0304001

สอบถามข้อมูลเพิ่มเติม นัดดูทรัพย์ >> 😊ทิ้งชื่อ เบอร์ติดต่อ ในแชท ให้เจ้าหน้าที่ขายติดต่อกลับได้เลยค่ะ😊 (บริษัทเปิดให้บริการติดต่อ วันจันทร์-ศุกร์ เวลา 9.00-17.00 ยกเว้นวันหยุดนักขัตฤกษ์)

บ้านเดี่ยวสองชั้นหมู่บ้านสีวลี-ราชพฤกษ์:ปรับปรุงใหม่ บ้านตึก 2 ชั้น 4 ห้องนอน 3 ห้องน้ำ ห้องรับแขก และ ห้องครัว 297/10 หมู่บ้านสีวลี-ราชพฤกษ์ ฉ.109774 ต.แม่เหียะ

บริษัทขอสงวนสิทธิ์ในการเปลี่ยนแปลงรายละเอียดทรัพย์สิน ราคาตั้งขาย รวมถึงเงื่อนไขอื่นใด หรือยกเลิกการ ขายทรัพย์สินได้โดยไม่ต้องแจ้งให้ผู้สนใจเสนอซื้อทราบล่วงหน้า

https://www.google.com/maps/search/?api=1&query=18.74910311,98.95596006"
https://baan.kaidee.com/product-370405028,"ราคา: 6,615,000
เนื้อที่: 200 ตารางวา | เนื้อที่ 200 ตารางวา | ห้องนอน 1 ห้องนอน | ห้องน้ำ 1 ห้องน้ำ | เป็นทรัพย์รอการขาย ใช่
💖 บ้าน หางดง ราคาพิเศษ! 💖
รหัสทรัพย์ ： DECHMSH0332001

สอบถามข้อมูลเพิ่มเติม นัดดูทรัพย์ >> 😊ทิ้งชื่อ เบอร์ติดต่อ ในแชท ให้เจ้าหน้าที่ขายติดต่อกลับได้เลยค่ะ😊 (บริษัทเปิดให้บริการติดต่อ วันจันทร์-ศุกร์ เวลา 9.00-17.00 ยกเว้นวันหยุดนักขัตฤกษ์)

หมู่บ้านรุ่งอรุณ 3 ที่ดินพร้อมสิ่งปลูกสร้างบ้านเดี่ยว 2 ชั้น 1 หลัง ฉ.48950,48951,48952 จำนวน 3 ห้องนอน 3 ห้องน้ำ บ้านเลขที่ 147/249 ซอย 3 หมู่บ้านรุ่งอรุณ 3

บริษัทขอสงวนสิทธิ์ในการเปลี่ยนแปลงรายละเอียดทรัพย์สิน ราคาตั้งขาย รวมถึงเงื่อนไขอื่นใด หรือยกเลิกการ ขายทรัพย์สินได้โดยไม่ต้องแจ้งให้ผู้สนใจเสนอซื้อทราบล่วงหน้า

https://www.google.com/maps/search/?api=1&query=18.698454,98.918973"
https://baan.kaidee.com/product-370405672,"ราคา: 948,000
เนื้อที่: 22.55 ตารางเมตร | เนื้อที่ 22.55 ตารางเมตร | ห้องนอน 1 ห้องนอน | ห้องน้ำ 1 ห้องน้ำ | เป็นทรัพย์รอการขาย ใช่
💖 คอนโด สารภี ราคาพิเศษ! 💖
รหัสทรัพย์ ： DDCHMCU0103001

สอบถามข้อมูลเพิ่มเติม นัดดูทรัพย์ >> 😊ทิ้งชื่อ เบอร์ติดต่อ ในแชท ให้เจ้าหน้าที่ขายติดต่อกลับได้เลยค่ะ😊 (บริษัทเปิดให้บริการติดต่อ วันจันทร์-ศุกร์ เวลา 9.00-17.00 ยกเว้นวันหยุดนักขัตฤกษ์)

อาคารชุดเดอะพีเพิ้ล สมาร์ทคอนโด : พร้อมเฟอร์นิเจอร์ ทรัพย์ประเมินเป็นห้องชุดเลขที่ 222/4 ขนาดพื้นที่ 22.55 ตรม. พร้อมเฟอร์นิเจอร์ Built in ตั้งอยู่ชั้น 1 อาคารชุดเดอะพีเพิ้ล สมาร์ทคอนโด ติดถนนวงแหวนรอบนอก ต.ท่าวังตลา อ.สารภี จ.เชียงใหม่ มีสาธารณูปโภคครบ การคมนาคมสะดวก อยู่ห่างจากตัวเมืองเชียงใหม่ ประมาณ 14 กม. ใกล้กับสถานที่สำคัญเช่น วิทยาลัยเทคนิคสารภี โรงเรียนช่อฟ้าซินเซิง สถานีตำรวจภูธรแม่ปิง ตัวอาคารชุดมี 4 ชั้น พร้อมสิ่งอำนวยความสะดวก ลิฟท์ 1 ตัว อาคารชุดเดอะพีเพิ้ล สมาร์ทคอนโด

บริษัทขอสงวนสิทธิ์ในการเปลี่ยนแปลงรายละเอียดทรัพย์สิน ราคาตั้งขาย รวมถึงเงื่อนไขอื่นใด หรือยกเลิกการ ขายทรัพย์สินได้โดยไม่ต้องแจ้งให้ผู้สนใจเสนอซื้อทราบล่วงหน้า

https://www.google.com/maps/search/?api=1&query=18.724418,99.01186"
https://baan.kaidee.com/product-370405911,"ราคา: 2,000,000
เนื้อที่: 65.71 ตารางเมตร | เนื้อที่ 65.71 ตารางเมตร | ห้องนอน 2 ห้องนอน | ห้องน้ำ 1 ห้องน้ำ | เป็นทรัพย์รอการขาย ใช่
💖 คอนโด เมืองเชียงใหม่ ราคาพิเศษ! 💖
รหัสทรัพย์ ： DECHMCU0101001

สอบถามข้อมูลเพิ่มเติม นัดดูทรัพย์ >> 😊ทิ้งชื่อ เบอร์ติดต่อ ในแชท ให้เจ้าหน้าที่ขายติดต่อกลับได้เลยค่ะ😊 (บริษัทเปิดให้บริการติดต่อ วันจันทร์-ศุกร์ เวลา 9.00-17.00 ยกเว้นวันหยุดนักขัตฤกษ์)

ห้องชุดพักอาศัย ห้องพักอาศัย เลขที่ 604 ชั้น 6 ฮิลล์ไซด์พายัพ คอนโดมีเนียม 7 ตั้งอยู่ในโครงการเชียงใหม่ บิสซิเนสปาร์ค ตำบลหนองป่าครั่ง

บริษัทขอสงวนสิทธิ์ในการเปลี่ยนแปลงรายละเอียดทรัพย์สิน ราคาตั้งขาย รวมถึงเงื่อนไขอื่นใด หรือยกเลิกการ ขายทรัพย์สินได้โดยไม่ต้องแจ้งให้ผู้สนใจเสนอซื้อทราบล่วงหน้า

https://www.google.com/maps/search/?api=1&query=18.795105,99.025721"
https://baan.kaidee.com/product-370406421,"ราคา: 3,583,000
เนื้อที่: 58.83 ตารางเมตร | เนื้อที่ 58.83 ตารางเมตร | ห้องนอน 1 ห้องนอน | ห้องน้ำ 1 ห้องน้ำ | เป็นทรัพย์รอการขาย ใช่
💖 คอนโด เมืองเชียงใหม่ ราคาพิเศษ! 💖
รหัสทรัพย์ ： DRCHMCU0101001

สอบถามข้อมูลเพิ่มเติม นัดดูทรัพย์ >> 😊ทิ้งชื่อ เบอร์ติดต่อ ในแชท ให้เจ้าหน้าที่ขายติดต่อกลับได้เลยค่ะ😊 (บริษัทเปิดให้บริการติดต่อ วันจันทร์-ศุกร์ เวลา 9.00-17.00 ยกเว้นวันหยุดนักขัตฤกษ์)

หมู่บ้านศิริคอนโด ภายในประกอบด้วย 2 ห้องนอน 2 ห้องน้ำ 1 ห้องนั่งเล่น 1 ห้องครัว ภายในกว้างขวางด้วยพื้นที่ใช้สอยขนาด 58.83 ตารางเมตร พร้อมสิ่งอำนวยความสะดวกครบครัน และพื้นที่ส่วนกลาง อาทิ ฟิตเนส, สระว่ายน้ำ พร้อมระบบรักษาความปลอดภัย รปภ. 24 ชม. คีย์การ์ดเข้า-ออกอาคาร ห้องชุดเลขที่ 120/25 (401) ชั้น 4 อาคารชุดศิริคอนโด

บริษัทขอสงวนสิทธิ์ในการเปลี่ยนแปลงรายละเอียดทรัพย์สิน ราคาตั้งขาย รวมถึงเงื่อนไขอื่นใด หรือยกเลิกการ ขายทรัพย์สินได้โดยไม่ต้องแจ้งให้ผู้สนใจเสนอซื้อทราบล่วงหน้า

https://www.google.com/maps/search/?api=1&query=18.81302773,99.01244266"
https://baan.kaidee.com/product-370408955,"ราคา: 2,700,000
เนื้อที่: 43.8 ตารางวา | เนื้อที่ 43.8 ตารางวา | ห้องนอน 3 ห้องนอน | ห้องน้ำ 2 ห้องน้ำ | เป็นทรัพย์รอการขาย ใช่
💖 ทาวน์เฮ้าส์ เมืองเชียงใหม่ ราคาพิเศษ! 💖
รหัสทรัพย์ ： DDCHMTH0105001

สอบถามข้อมูลเพิ่มเติม นัดดูทรัพย์ >> 😊ทิ้งชื่อ เบอร์ติดต่อ ในแชท ให้เจ้าหน้าที่ขายติดต่อกลับได้เลยค่ะ😊 (บริษัทเปิดให้บริการติดต่อ วันจันทร์-ศุกร์ เวลา 9.00-17.00 ยกเว้นวันหยุดนักขัตฤกษ์)

ทาวน์เฮาส์ 2 ชั้น ในโครงการพฤษภาวิลล์ ทาวเฮาส์ 2 ชั้นสภาพปานกลางโครงสร้างคอนกรีตเสริมเหล็ก หลังคามุงกระเบื้องลอน พื้นที่ใช้สอยภายใน 111.42 ตรม.พร้อมส่วนต่อเติม ประกอบด้วย 3 ห้องนอน 2 ห้องน้ำ ในโครงการพฤกษาวิวล์ 477/101 หมู่ที่ 1 โครงการบ้านพฤกษาวิลล์ 75 ราชพฤกษ์-แม่เหียะ ต.แม่เหียะ

บริษัทขอสงวนสิทธิ์ในการเปลี่ยนแปลงรายละเอียดทรัพย์สิน ราคาตั้งขาย รวมถึงเงื่อนไขอื่นใด หรือยกเลิกการ ขายทรัพย์สินได้โดยไม่ต้องแจ้งให้ผู้สนใจเสนอซื้อทราบล่วงหน้า

https://www.google.com/maps/search/?api=1&query=18.748646,98.953571"
https://baan.kaidee.com/product-370409274,"ราคา: 2,888,000
เนื้อที่: 42 ตารางวา | เนื้อที่ 42 ตารางวา | ห้องนอน 1 ห้องนอน | ห้องน้ำ 1 ห้องน้ำ | เป็นทรัพย์รอการขาย ใช่
💖 ทาวน์เฮ้าส์ เมืองเชียงใหม่ ราคาพิเศษ! 💖
รหัสทรัพย์ ： DECHMTH0101001

สอบถามข้อมูลเพิ่มเติม นัดดูทรัพย์ >> 😊ทิ้งชื่อ เบอร์ติดต่อ ในแชท ให้เจ้าหน้าที่ขายติดต่อกลับได้เลยค่ะ😊 (บริษัทเปิดให้บริการติดต่อ วันจันทร์-ศุกร์ เวลา 9.00-17.00 ยกเว้นวันหยุดนักขัตฤกษ์)

บ้านใหม่สามัคคี ทาวน์เฮ้าส์ 4 ชั้น จำนวน 1 คูหา ประกอบด้วย ห้องนอน 6 ห้อง ,ห้องน้ำ 4 ห้อง พื้นที่ใช้สอยรวม 367.5 ตรม. ถ.เชียงใหม่-ฮอด เลขที่ 33/34 ซอย 14 บ้านใหม่สามัคคี ตำบลแม่เหียะ อำเภอเมืองเชียงใหม่ จังหวัดเชียงใหม่

บริษัทขอสงวนสิทธิ์ในการเปลี่ยนแปลงรายละเอียดทรัพย์สิน ราคาตั้งขาย รวมถึงเงื่อนไขอื่นใด หรือยกเลิกการ ขายทรัพย์สินได้โดยไม่ต้องแจ้งให้ผู้สนใจเสนอซื้อทราบล่วงหน้า

https://www.google.com/maps/search/?api=1&query=18.75585,98.96719"
https://baan.kaidee.com/product-370409276,"ราคา: 1,600,000
เนื้อที่: 25 ตารางวา | เนื้อที่ 25 ตารางวา | ห้องนอน 2 ห้องนอน | ห้องน้ำ 1 ห้องน้ำ | เป็นทรัพย์รอการขาย ใช่
💖 ทาวน์เฮ้าส์ สันทราย ราคาพิเศษ! 💖
รหัสทรัพย์ ： DECHMTH0106001

สอบถามข้อมูลเพิ่มเติม นัดดูทรัพย์ >> 😊ทิ้งชื่อ เบอร์ติดต่อ ในแชท ให้เจ้าหน้าที่ขายติดต่อกลับได้เลยค่ะ😊 (บริษัทเปิดให้บริการติดต่อ วันจันทร์-ศุกร์ เวลา 9.00-17.00 ยกเว้นวันหยุดนักขัตฤกษ์)

ทาวน์เฮ้าส์ ทาวน์โฮม 2 ชั้น 1 คูหา เลขที่ 121/37 กว้าง 5 เมตร ลึก 14 เมตร พื้นที่ใช้สอยรวม 147 ตร.ม. ตั้งอยู่ในโครงการจัดสรร อรสิริน ทาวน์โฮม 1 ตำบลหนองจ๊อม

บริษัทขอสงวนสิทธิ์ในการเปลี่ยนแปลงรายละเอียดทรัพย์สิน ราคาตั้งขาย รวมถึงเงื่อนไขอื่นใด หรือยกเลิกการ ขายทรัพย์สินได้โดยไม่ต้องแจ้งให้ผู้สนใจเสนอซื้อทราบล่วงหน้า

https://www.google.com/maps/search/?api=1&query=18.87342,99.016985"
https://baan.kaidee.com/product-370409277,"ราคา: 3,000,000
เนื้อที่: 22 ตารางวา | เนื้อที่ 22 ตารางวา | ห้องนอน 3 ห้องนอน | ห้องน้ำ 2 ห้องน้ำ | เป็นทรัพย์รอการขาย ใช่
💖 ทาวน์เฮ้าส์ เมืองเชียงใหม่ ราคาพิเศษ! 💖
รหัสทรัพย์ ： DECHMTH0109001

สอบถามข้อมูลเพิ่มเติม นัดดูทรัพย์ >> 😊ทิ้งชื่อ เบอร์ติดต่อ ในแชท ให้เจ้าหน้าที่ขายติดต่อกลับได้เลยค่ะ😊 (บริษัทเปิดให้บริการติดต่อ วันจันทร์-ศุกร์ เวลา 9.00-17.00 ยกเว้นวันหยุดนักขัตฤกษ์)

อาคารตึกแถว 3 ชั้น 1 คูหา ทาวน์เฮ้าส์ 3 ชั้น 1 คูหา พื้นที่ใช้สอย 190 ตารางเมตร เลขที่ 400 หมู่บ้านเชียงใหม่แลนด์ ถนนช้างคลาน ตำบล ช้างคลาน อำเภอ เมืองเชียงใหม่ จังหวัด เชียงใหม่

บริษัทขอสงวนสิทธิ์ในการเปลี่ยนแปลงรายละเอียดทรัพย์สิน ราคาตั้งขาย รวมถึงเงื่อนไขอื่นใด หรือยกเลิกการ ขายทรัพย์สินได้โดยไม่ต้องแจ้งให้ผู้สนใจเสนอซื้อทราบล่วงหน้า

https://www.google.com/maps/search/?api=1&query=18.767,98.99572"
https://baan.kaidee.com/product-370409278,"ราคา: 630,000
เนื้อที่: 28 ตารางวา | เนื้อที่ 28 ตารางวา | ห้องนอน 1 ห้องนอน | ห้องน้ำ 1 ห้องน้ำ | เป็นทรัพย์รอการขาย ใช่
💖 ทาวน์เฮ้าส์ ฝาง ราคาพิเศษ! 💖
รหัสทรัพย์ ： DECHMTH0114001

สอบถามข้อมูลเพิ่มเติม นัดดูทรัพย์ >> 😊ทิ้งชื่อ เบอร์ติดต่อ ในแชท ให้เจ้าหน้าที่ขายติดต่อกลับได้เลยค่ะ😊 (บริษัทเปิดให้บริการติดต่อ วันจันทร์-ศุกร์ เวลา 9.00-17.00 ยกเว้นวันหยุดนักขัตฤกษ์)

โครงการบุญสิตาวิลล์ ทาวน์เฮ้าส์ตึกชั้นเดียว ประกอบด้วย 3 ห้องนอน 1 ห้องน้ำ 1 ห้องครัว พื้นที่ใช้สอยภายในอาคาร 65 ตรม. พื้นที่ส่วนต่อเติมที่จอดรถด้านหน้า 36 ตรม. เลขที่ 83/1 ในโครงการบุญสิตาวิลล์ ถนนซอยแยกจากทางหลวงสายเชียงใหม่ - ฝาง กม.145 เข้าไป 200 ม.ทรัพย์อยู่ขวามือ ตำบลแม่สูน

บริษัทขอสงวนสิทธิ์ในการเปลี่ยนแปลงรายละเอียดทรัพย์สิน ราคาตั้งขาย รวมถึงเงื่อนไขอื่นใด หรือยกเลิกการ ขายทรัพย์สินได้โดยไม่ต้องแจ้งให้ผู้สนใจเสนอซื้อทราบล่วงหน้า

https://www.google.com/maps/search/?api=1&query=19.85885,99.180014"
https://baan.kaidee.com/product-370409279,"ราคา: 2,489,000
เนื้อที่: 43 ตารางวา | เนื้อที่ 43 ตารางวา | ห้องนอน 3 ห้องนอน | ห้องน้ำ 2 ห้องน้ำ | เป็นทรัพย์รอการขาย ใช่
💖 ทาวน์เฮ้าส์ เมืองเชียงใหม่ ราคาพิเศษ! 💖
รหัสทรัพย์ ： DECHMTH0116001

สอบถามข้อมูลเพิ่มเติม นัดดูทรัพย์ >> 😊ทิ้งชื่อ เบอร์ติดต่อ ในแชท ให้เจ้าหน้าที่ขายติดต่อกลับได้เลยค่ะ😊 (บริษัทเปิดให้บริการติดต่อ วันจันทร์-ศุกร์ เวลา 9.00-17.00 ยกเว้นวันหยุดนักขัตฤกษ์)

ทาวน์เฮ้าส์ 2 ชั้น หมู่บ้านทิพย์รัตน์วิลล่า ช้างคลาน อาคารทาวน์เฮ้าส์สองชั้น มี 3 ห้องนอน 2 ห้องน้ำ พื้นที่ใช้สอย 143 ตร.ม. เลขที่ 61/159 ซ.8 หมู่บ้านทิพย์วิลล่า ถนนเวียงพิงค์ ต.ช้างคลาน

บริษัทขอสงวนสิทธิ์ในการเปลี่ยนแปลงรายละเอียดทรัพย์สิน ราคาตั้งขาย รวมถึงเงื่อนไขอื่นใด หรือยกเลิกการ ขายทรัพย์สินได้โดยไม่ต้องแจ้งให้ผู้สนใจเสนอซื้อทราบล่วงหน้า

https://www.google.com/maps/search/?api=1&query=18.770333,98.991833"
https://baan.kaidee.com/product-370409281,"ราคา: 1,900,000
เนื้อที่: 40.6 ตารางวา | เนื้อที่ 40.6 ตารางวา | ห้องนอน 1 ห้องนอน | ห้องน้ำ 1 ห้องน้ำ | เป็นทรัพย์รอการขาย ใช่
💖 ทาวน์เฮ้าส์ สันทราย ราคาพิเศษ! 💖
รหัสทรัพย์ ： DECHMTH0118001

สอบถามข้อมูลเพิ่มเติม นัดดูทรัพย์ >> 😊ทิ้งชื่อ เบอร์ติดต่อ ในแชท ให้เจ้าหน้าที่ขายติดต่อกลับได้เลยค่ะ😊 (บริษัทเปิดให้บริการติดต่อ วันจันทร์-ศุกร์ เวลา 9.00-17.00 ยกเว้นวันหยุดนักขัตฤกษ์)

หมู่บ้านอรสิรินทาวน์โฮม 1 ทาวน์เฮ้าส์ 2 ชั้น, 2 ห้องนอน, 2 ห้องน้ำ, 1 ห้องครัว, 1 ห้องนั่งเล่น, 2 ที่จอดรถ คีย์การ์ดเข้า-ออก โครงการ เลขที่ 121/18 หมู่บ้านอรสิรินทาวน์โฮม 1 ห่างจากถนนเชียงใหม่-พร้าว(ทล.1001) ประมาณ 100 ม.

บริษัทขอสงวนสิทธิ์ในการเปลี่ยนแปลงรายละเอียดทรัพย์สิน ราคาตั้งขาย รวมถึงเงื่อนไขอื่นใด หรือยกเลิกการ ขายทรัพย์สินได้โดยไม่ต้องแจ้งให้ผู้สนใจเสนอซื้อทราบล่วงหน้า

https://www.google.com/maps/search/?api=1&query=18.87389233,99.01631907"
https://baan.kaidee.com/product-370409283,"ราคา: 2,058,000
เนื้อที่: 31.3 ตารางวา | เนื้อที่ 31.3 ตารางวา | ห้องนอน 1 ห้องนอน | ห้องน้ำ 1 ห้องน้ำ | เป็นทรัพย์รอการขาย ใช่
💖 ทาวน์เฮ้าส์ ดอยสะเก็ด ราคาพิเศษ! 💖
รหัสทรัพย์ ： DECHMTH0127001

สอบถามข้อมูลเพิ่มเติม นัดดูทรัพย์ >> 😊ทิ้งชื่อ เบอร์ติดต่อ ในแชท ให้เจ้าหน้าที่ขายติดต่อกลับได้เลยค่ะ😊 (บริษัทเปิดให้บริการติดต่อ วันจันทร์-ศุกร์ เวลา 9.00-17.00 ยกเว้นวันหยุดนักขัตฤกษ์)

อรสิริน 6 ทาวน์เฮ้าส์ 2 ชั้น, 2 ห้องนอน, 2 ห้องน้ำ, 1 ห้องนั่งเล่น, 1 ที่จอดรถ พื้นที่ใช้สอยขนาด 123 ตร.ม. พร้อมสิ่งอำนวยความสะดวกครบครัน และพื้นที่ ส่วนกลาง อาทิ ฟิตเนส, สระว่ายน้ำ พร้อมระบบรักษาความปลอดภัย รปภ. 24 ชม. คีย์การ์ดเข้า-ออก โครงการ เลขที่ 79/371 โครงการอรสิริน 6 ติดถนนวงแหวนรอบนอก (ทล.121) ต.สันปูเลย อ.ดอยสะเก็ด จ.เชียงใหม่

บริษัทขอสงวนสิทธิ์ในการเปลี่ยนแปลงรายละเอียดทรัพย์สิน ราคาตั้งขาย รวมถึงเงื่อนไขอื่นใด หรือยกเลิกการ ขายทรัพย์สินได้โดยไม่ต้องแจ้งให้ผู้สนใจเสนอซื้อทราบล่วงหน้า

https://www.google.com/maps/search/?api=1&query=18.793426,99.075853"
https://baan.kaidee.com/product-370409941,"ราคา: 2,328,000
เนื้อที่: 62.6 ตารางวา | เนื้อที่ 62.6 ตารางวา | ห้องนอน 3 ห้องนอน | ห้องน้ำ 2 ห้องน้ำ | เป็นทรัพย์รอการขาย ใช่
💖 ทาวน์เฮ้าส์ สันทราย ราคาพิเศษ! 💖
รหัสทรัพย์ ： DNCHMTH0100001

สอบถามข้อมูลเพิ่มเติม นัดดูทรัพย์ >> 😊ทิ้งชื่อ เบอร์ติดต่อ ในแชท ให้เจ้าหน้าที่ขายติดต่อกลับได้เลยค่ะ😊 (บริษัทเปิดให้บริการติดต่อ วันจันทร์-ศุกร์ เวลา 9.00-17.00 ยกเว้นวันหยุดนักขัตฤกษ์)

ปวริศา ทาวน์เฮ้าส์ 2 ชั้น ขนาด 6 x 10.90 เมตร พื้นที่ใช้สอย 113.3 ตร.ม. บ้านเลขที่ 438 หมู่ที่ 5 หมู่บ้านปวริศา บนถนนสายเชียงใหม่-สันทราย(ทล.1367) เข้าซอยข้างไปรษณีย์ 18 ประมาณ 250 เมตร ต.สันทรายหลวง

บริษัทขอสงวนสิทธิ์ในการเปลี่ยนแปลงรายละเอียดทรัพย์สิน ราคาตั้งขาย รวมถึงเงื่อนไขอื่นใด หรือยกเลิกการ ขายทรัพย์สินได้โดยไม่ต้องแจ้งให้ผู้สนใจเสนอซื้อทราบล่วงหน้า

https://www.google.com/maps/search/?api=1&query=18.843752,99.045856"
https://baan.kaidee.com/product-370410041,"ราคา: 1,785,000
เนื้อที่: 18.4 ตารางวา | เนื้อที่ 18.4 ตารางวา | ห้องนอน 1 ห้องนอน | ห้องน้ำ 1 ห้องน้ำ | เป็นทรัพย์รอการขาย ใช่
💖 ทาวน์เฮ้าส์ หางดง ราคาพิเศษ! 💖
รหัสทรัพย์ ： DUCHMTH0101001

สอบถามข้อมูลเพิ่มเติม นัดดูทรัพย์ >> 😊ทิ้งชื่อ เบอร์ติดต่อ ในแชท ให้เจ้าหน้าที่ขายติดต่อกลับได้เลยค่ะ😊 (บริษัทเปิดให้บริการติดต่อ วันจันทร์-ศุกร์ เวลา 9.00-17.00 ยกเว้นวันหยุดนักขัตฤกษ์)

เดอะ ปาล์มการ์เด้น 5 ทาวน์เฮ้าส์ 2 ชั้น ในโครงการ เดอะ ปาล์มการ์เด้น 5 2 ห้องนอน 3 ห้องน้ำ สาธารณูปโภคครบ พร้อมระบบรักษาความปลอดภัย รปภ. 24 ชม. เลขที่ 345/144 หมู่ 5 ทาวน์เฮ้าส์ 2 ชั้น ในโครงการ เดอะ ปาล์มการ์เด้น 5

บริษัทขอสงวนสิทธิ์ในการเปลี่ยนแปลงรายละเอียดทรัพย์สิน ราคาตั้งขาย รวมถึงเงื่อนไขอื่นใด หรือยกเลิกการ ขายทรัพย์สินได้โดยไม่ต้องแจ้งให้ผู้สนใจเสนอซื้อทราบล่วงหน้า

https://www.google.com/maps/search/?api=1&query=18.71708999,98.95197597"
https://baan.kaidee.com/product-370410220,"ราคา: 492,000
เนื้อที่: 18.5 ตารางวา | เนื้อที่ 18.5 ตารางวา | ห้องนอน 1 ห้องนอน | ห้องน้ำ 1 ห้องน้ำ | เป็นทรัพย์รอการขาย ใช่
💖 ทาวน์เฮ้าส์ สันกำแพง ราคาพิเศษ! 💖
รหัสทรัพย์ ： HCHMTH0103001

สอบถามข้อมูลเพิ่มเติม นัดดูทรัพย์ >> 😊ทิ้งชื่อ เบอร์ติดต่อ ในแชท ให้เจ้าหน้าที่ขายติดต่อกลับได้เลยค่ะ😊 (บริษัทเปิดให้บริการติดต่อ วันจันทร์-ศุกร์ เวลา 9.00-17.00 ยกเว้นวันหยุดนักขัตฤกษ์)

ทาวน์เฮ้าส์ เชียงใหม่ ทาวน์เฮ้าส์ ชั้นเดียว ขนาด 5 X 11 เมตร มี 2 ห้องนอน 1 ห้องน้ำ จากถนนเชียงใหม่-สันกำแพง ถึงบริเวณที่ กม.10+400 เมตร เลี้ยวซ้่ายเข้าสู่ถนนแม่ปูคาประมาณ 2.6 กมจะถึงวัดปูคาใต้และเลี้ยวขวาซอยตรงข้ามวัดประมาณ 70 เมตร ตำบลปูคา

บริษัทขอสงวนสิทธิ์ในการเปลี่ยนแปลงรายละเอียดทรัพย์สิน ราคาตั้งขาย รวมถึงเงื่อนไขอื่นใด หรือยกเลิกการ ขายทรัพย์สินได้โดยไม่ต้องแจ้งให้ผู้สนใจเสนอซื้อทราบล่วงหน้า

https://www.google.com/maps/search/?api=1&query=18.76642,99.11158"
https://baan.kaidee.com/product-370410221,"ราคา: 567,000
เนื้อที่: 18.8 ตารางวา | เนื้อที่ 18.8 ตารางวา | ห้องนอน 1 ห้องนอน | ห้องน้ำ 1 ห้องน้ำ | เป็นทรัพย์รอการขาย ใช่
💖 ทาวน์เฮ้าส์ สันกำแพง ราคาพิเศษ! 💖
รหัสทรัพย์ ： HCHMTH0104001

สอบถามข้อมูลเพิ่มเติม นัดดูทรัพย์ >> 😊ทิ้งชื่อ เบอร์ติดต่อ ในแชท ให้เจ้าหน้าที่ขายติดต่อกลับได้เลยค่ะ😊 (บริษัทเปิดให้บริการติดต่อ วันจันทร์-ศุกร์ เวลา 9.00-17.00 ยกเว้นวันหยุดนักขัตฤกษ์)

ทาวน์เฮ้าส์ เชียงใหม่ ทาวน์เฮ้าส์ ชั้นเดียว ขนาด 5 X 11 เมตร มี 2 ห้องนอน 1 ห้องน้ำ จากถนนเชียงใหม่-สันกำแพง ถึงบริเวณที่ กม.10+400 เมตร เลี้ยวซ้่ายเข้าสู่ถนนแม่ปูคาประมาณ 2.6 กมจะถึงวัดปูคาใต้และเลี้ยวขวาซอยตรงข้ามวัดประมาณ 100 เมตร

บริษัทขอสงวนสิทธิ์ในการเปลี่ยนแปลงรายละเอียดทรัพย์สิน ราคาตั้งขาย รวมถึงเงื่อนไขอื่นใด หรือยกเลิกการ ขายทรัพย์สินได้โดยไม่ต้องแจ้งให้ผู้สนใจเสนอซื้อทราบล่วงหน้า

https://www.google.com/maps/search/?api=1&query=18.7665,99.11148"
https://baan.kaidee.com/product-370411281,"ราคา: 7,667,000
เนื้อที่: 426.3 ตารางวา | เนื้อที่ 426.3 ตารางวา | ห้องนอน 1 ห้องนอน | ห้องน้ำ 1 ห้องน้ำ | เป็นทรัพย์รอการขาย ใช่
💖 บ้าน หางดง ราคาพิเศษ! 💖
รหัสทรัพย์ ： 1CHMSH0100001

สอบถามข้อมูลเพิ่มเติม นัดดูทรัพย์ >> 😊ทิ้งชื่อ เบอร์ติดต่อ ในแชท ให้เจ้าหน้าที่ขายติดต่อกลับได้เลยค่ะ😊 (บริษัทเปิดให้บริการติดต่อ วันจันทร์-ศุกร์ เวลา 9.00-17.00 ยกเว้นวันหยุดนักขัตฤกษ์)

บ้านเดี่ยว หมู่บ้านโรยัลวิว ที่ดินพร้อมบ้านอยู่อาศัย 1 หลัง โรงจอดรถ และ ห้องพักจำนวน 2 ห้อง โครงการจัดสรร โรยัลวิว ต.บ้านแหวน

บริษัทขอสงวนสิทธิ์ในการเปลี่ยนแปลงรายละเอียดทรัพย์สิน ราคาตั้งขาย รวมถึงเงื่อนไขอื่นใด หรือยกเลิกการ ขายทรัพย์สินได้โดยไม่ต้องแจ้งให้ผู้สนใจเสนอซื้อทราบล่วงหน้า

https://www.google.com/maps/search/?api=1&query=18.706739,98.92896"
https://baan.kaidee.com/product-370411310,"ราคา: 14,000,000
เนื้อที่: 3853 ตารางวา | เนื้อที่ 3853 ตารางวา | ห้องนอน 1 ห้องนอน | ห้องน้ำ 1 ห้องน้ำ | เป็นทรัพย์รอการขาย ใช่
💖 บ้าน ดอยสะเก็ด ราคาพิเศษ! 💖
รหัสทรัพย์ ： 20CHMSH0036001

สอบถามข้อมูลเพิ่มเติม นัดดูทรัพย์ >> 😊ทิ้งชื่อ เบอร์ติดต่อ ในแชท ให้เจ้าหน้าที่ขายติดต่อกลับได้เลยค่ะ😊 (บริษัทเปิดให้บริการติดต่อ วันจันทร์-ศุกร์ เวลา 9.00-17.00 ยกเว้นวันหยุดนักขัตฤกษ์)

บ้านเดี่ยว ทรัพย์สินเป็นสวนมะม่วง มีบ้านครึ่งตึกครึ่งไม้ชั้นเดียวยกพื้นสูง 1 หลัง พื้นที่ใช้สอย 104 ตรม.ที่ดินหน้ากว้างติดถนนแม่กวงอุดมธารา ประมาณ 168 เมตร ลึก 140 เมตร ติดวังธารรีสอร์ท ใกล้เขื่อนแม่กวง ไฟฟ้าเข้าถึง การคมนาคมสะดวก แยกจากถนนเชียงใหม่-เชียงราย กม.ที่ 17 แล้วเลี้ยวซ้ายไปตามถนนเลียบคลองชลประทาน ประมาณ 4.8 กม.ถึงที่ตั้งทรัพย์ แยกจากถนนเชียงใหม่-เชียงราย ( ทล.118 ) กม.17+150 ไปคามถนนเขื่อนแม่กวงอุดมธารา ประมาณ 4.8 กม.ถึงที่ตั้งทรัพย์

บริษัทขอสงวนสิทธิ์ในการเปลี่ยนแปลงรายละเอียดทรัพย์สิน ราคาตั้งขาย รวมถึงเงื่อนไขอื่นใด หรือยกเลิกการ ขายทรัพย์สินได้โดยไม่ต้องแจ้งให้ผู้สนใจเสนอซื้อทราบล่วงหน้า

https://www.google.com/maps/search/?api=1&query=18.928413,99.14223"
https://baan.kaidee.com/product-370411376,"ราคา: 1,827,000
เนื้อที่: 89 ตารางวา | เนื้อที่ 89 ตารางวา | ห้องนอน 1 ห้องนอน | ห้องน้ำ 1 ห้องน้ำ | เป็นทรัพย์รอการขาย ใช่
💖 บ้าน หางดง ราคาพิเศษ! 💖
รหัสทรัพย์ ： 26CHMSH0002000

สอบถามข้อมูลเพิ่มเติม นัดดูทรัพย์ >> 😊ทิ้งชื่อ เบอร์ติดต่อ ในแชท ให้เจ้าหน้าที่ขายติดต่อกลับได้เลยค่ะ😊 (บริษัทเปิดให้บริการติดต่อ วันจันทร์-ศุกร์ เวลา 9.00-17.00 ยกเว้นวันหยุดนักขัตฤกษ์)

บ้านเดี่ยว หมู่บ้านมยุรีริมน้ำ ทรัพย์เป็นบ้านแฝดชั้นเดียว 1 หลัง สภาพปานกลาง เชื่อมต่อกันบนโฉนดที่ดิน 3 แปลง เนื้อที่ดินรวม 89 ตรว. ตั้งอยู่ในโครงการมยุรีริมน้ำเป็นหมู่บ้านขนาดเล็ก แนวโน้มความเจริญปานกลาง สาธารณูปโภคผ่าน เริ่มต้นเดินทางถนนเลียบคลองชลประมาณแม่แตงสายใหญ่(ชม.3035) เป็นถนนสายหลัก ช่วง กม.ที่ 25 มุ่งหน้าไปอำเภอแม่วางประมาณ 200 เมตร เลี้ยวซ้ายเข้าซอยสาธารณะประโยชน์(ไม่มีชื่อ)ประมาณ 450 เมตร จากนั้นเลี้ยวขวาเข้าซอย 2 คุ้มน้ำหลง ประมาณ 200 เมตร จะพบทรัพย์สินตั้งอยู่ซ้ายมือ ตำบลน้ำแพร่ (หมู่บ้านมยุรีริมน้ำ ซอย2 เลขที่ 99/51)

บริษัทขอสงวนสิทธิ์ในการเปลี่ยนแปลงรายละเอียดทรัพย์สิน ราคาตั้งขาย รวมถึงเงื่อนไขอื่นใด หรือยกเลิกการ ขายทรัพย์สินได้โดยไม่ต้องแจ้งให้ผู้สนใจเสนอซื้อทราบล่วงหน้า

https://www.google.com/maps/search/?api=1&query=18.705013,98.914819"
https://baan.kaidee.com/product-370411432,"ราคา: 841,000
เนื้อที่: 191 ตารางวา | เนื้อที่ 191 ตารางวา | ห้องนอน 1 ห้องนอน | ห้องน้ำ 1 ห้องน้ำ | เป็นทรัพย์รอการขาย ใช่
💖 บ้าน สันป่าตอง ราคาพิเศษ! 💖
รหัสทรัพย์ ： 77CHMSH0105001

สอบถามข้อมูลเพิ่มเติม นัดดูทรัพย์ >> 😊ทิ้งชื่อ เบอร์ติดต่อ ในแชท ให้เจ้าหน้าที่ขายติดต่อกลับได้เลยค่ะ😊 (บริษัทเปิดให้บริการติดต่อ วันจันทร์-ศุกร์ เวลา 9.00-17.00 ยกเว้นวันหยุดนักขัตฤกษ์)

บ้านเดี่ยว เชียงใหม่ บ้านตึกเดี่ยวชั้นเดียว 3 ห้องนอน 2 ห้อนน้ำ 1 ห้องครัว ที่จอดรถสามารถจอดได้ 1-2 คัน ตั้งอยู่ภายในซอยหัวริน 7/4 หมู่ 12 ห่างจากถนนสันป่าตอง-แม่วาง ประมาณ 1.8 กม.

บริษัทขอสงวนสิทธิ์ในการเปลี่ยนแปลงรายละเอียดทรัพย์สิน ราคาตั้งขาย รวมถึงเงื่อนไขอื่นใด หรือยกเลิกการ ขายทรัพย์สินได้โดยไม่ต้องแจ้งให้ผู้สนใจเสนอซื้อทราบล่วงหน้า

https://www.google.com/maps/search/?api=1&query=18.594746,98.844743"
https://baan.kaidee.com/product-370411437,"ราคา: 2,100,000
เนื้อที่: 54 ตารางวา | เนื้อที่ 54 ตารางวา | ห้องนอน 3 ห้องนอน | ห้องน้ำ 2 ห้องน้ำ | เป็นทรัพย์รอการขาย ใช่
💖 บ้าน สันทราย ราคาพิเศษ! 💖
รหัสทรัพย์ ： ACHMSH0101001

สอบถามข้อมูลเพิ่มเติม นัดดูทรัพย์ >> 😊ทิ้งชื่อ เบอร์ติดต่อ ในแชท ให้เจ้าหน้าที่ขายติดต่อกลับได้เลยค่ะ😊 (บริษัทเปิดให้บริการติดต่อ วันจันทร์-ศุกร์ เวลา 9.00-17.00 ยกเว้นวันหยุดนักขัตฤกษ์)

* บ้านเดี่ยว บ้าน 2 ชั้น ในซอย 16 ปรับปรุงแล้ว พร้อมอยู่ ที่ดินในโครงการจัดสรร ชื่อออร์คิดเพลส ต.สันนาเม็ง อ.สันทราย จ.เชียงใหม่ ตั้งอยู่ประมาณ กม.ที่ 5 บนถนนเชียงใหม่-เชียงราย
ในโครงการประกอบด้วยคอนโดมิเนียม ที่ดินเปล่า บ้านเดี่ยว และ อาคารพาณิชย์ โครงการฯ ตั้งอยู่บนกม.5 ถนนเชียงใหม่-เชียงราย ตำบล สันนาเม็ง

บริษัทขอสงวนสิทธิ์ในการเปลี่ยนแปลงรายละเอียดทรัพย์สิน ราคาตั้งขาย รวมถึงเงื่อนไขอื่นใด หรือยกเลิกการ ขายทรัพย์สินได้โดยไม่ต้องแจ้งให้ผู้สนใจเสนอซื้อทราบล่วงหน้า

https://www.google.com/maps/search/?api=1&query=18.826842,99.054775"
https://baan.kaidee.com/product-370411445,"ราคา: 18,895,000
เนื้อที่: 11247 ตารางวา | เนื้อที่ 11247 ตารางวา | ห้องนอน 1 ห้องนอน | ห้องน้ำ 1 ห้องน้ำ | เป็นทรัพย์รอการขาย ใช่
💖 บ้าน สันทราย ราคาพิเศษ! 💖
รหัสทรัพย์ ： BCHMSH0203001

สอบถามข้อมูลเพิ่มเติม นัดดูทรัพย์ >> 😊ทิ้งชื่อ เบอร์ติดต่อ ในแชท ให้เจ้าหน้าที่ขายติดต่อกลับได้เลยค่ะ😊 (บริษัทเปิดให้บริการติดต่อ วันจันทร์-ศุกร์ เวลา 9.00-17.00 ยกเว้นวันหยุดนักขัตฤกษ์)

บ้านเดี่ยว ที่ดินเปล่า อ.สันทราย จ.เชียงใหม่

บริษัทขอสงวนสิทธิ์ในการเปลี่ยนแปลงรายละเอียดทรัพย์สิน ราคาตั้งขาย รวมถึงเงื่อนไขอื่นใด หรือยกเลิกการ ขายทรัพย์สินได้โดยไม่ต้องแจ้งให้ผู้สนใจเสนอซื้อทราบล่วงหน้า

https://www.google.com/maps/search/?api=1&query=18.911146,99.109358"
https://baan.kaidee.com/product-370411523,"ราคา: 1,100,000
เนื้อที่: 44 ตารางวา | เนื้อที่ 44 ตารางวา | ห้องนอน 1 ห้องนอน | ห้องน้ำ 1 ห้องน้ำ | เป็นทรัพย์รอการขาย ใช่
💖 บ้าน สันป่าตอง ราคาพิเศษ! 💖
รหัสทรัพย์ ： DACHMSH0103001

สอบถามข้อมูลเพิ่มเติม นัดดูทรัพย์ >> 😊ทิ้งชื่อ เบอร์ติดต่อ ในแชท ให้เจ้าหน้าที่ขายติดต่อกลับได้เลยค่ะ😊 (บริษัทเปิดให้บริการติดต่อ วันจันทร์-ศุกร์ เวลา 9.00-17.00 ยกเว้นวันหยุดนักขัตฤกษ์)

หมู่บ้านสิริเชียงใหม่ : ปรับปรุงใหม่ บ้านเดี่ยวชั้นเดียว ขนาด 10x 11 เมตร ตั้งอยู่ในโครงการ บ้านสิริเชียงใหม่ สภาพปรับปรุงใหม่ พร้อมอยู่ โครงการบ้านสิริเชียงใหม่ ถ.เชียงใหม่ - ฮอด

บริษัทขอสงวนสิทธิ์ในการเปลี่ยนแปลงรายละเอียดทรัพย์สิน ราคาตั้งขาย รวมถึงเงื่อนไขอื่นใด หรือยกเลิกการ ขายทรัพย์สินได้โดยไม่ต้องแจ้งให้ผู้สนใจเสนอซื้อทราบล่วงหน้า

https://www.google.com/maps/search/?api=1&query=18.632398,98.898987"
https://baan.kaidee.com/product-370411525,"ราคา: 6,889,000
เนื้อที่: 244 ตารางวา | เนื้อที่ 244 ตารางวา | ห้องนอน 1 ห้องนอน | ห้องน้ำ 1 ห้องน้ำ | เป็นทรัพย์รอการขาย ใช่
💖 บ้าน สันกำแพง ราคาพิเศษ! 💖
รหัสทรัพย์ ： DACHMSH0117001

สอบถามข้อมูลเพิ่มเติม นัดดูทรัพย์ >> 😊ทิ้งชื่อ เบอร์ติดต่อ ในแชท ให้เจ้าหน้าที่ขายติดต่อกลับได้เลยค่ะ😊 (บริษัทเปิดให้บริการติดต่อ วันจันทร์-ศุกร์ เวลา 9.00-17.00 ยกเว้นวันหยุดนักขัตฤกษ์)

บ้านเดี่ยว ที่ดินพร้อมสิ่งปลูกสร้างรวม 3 รายการ ตั้งอยู่บนที่ดินรวม 4 แปลง ติดต่อเป็นผืนเดียวกัน ประกอบด้วย 1.บ้านเดี่ยว 2 ชั้น พื้นที่ใช้สอย 380.75 ตร.ม., 2.อาคารตึกชั้นเดียว พื้นที่ใช้สอย 34.50 ตร.ม., 3.อาคารตึกชั้นเดียว พื้นที่ใช้สอย 67.20 ตร.ม. ตั้งอยู่ในโครงการจัดสรร หมู่บ้านกาญจน์กนก 1 ที่ตั้งโครงการอยู่บนถนนสันกำแพงสายใหม๋(ทางหลวง1317) ตำบลสันกำแพง

บริษัทขอสงวนสิทธิ์ในการเปลี่ยนแปลงรายละเอียดทรัพย์สิน ราคาตั้งขาย รวมถึงเงื่อนไขอื่นใด หรือยกเลิกการ ขายทรัพย์สินได้โดยไม่ต้องแจ้งให้ผู้สนใจเสนอซื้อทราบล่วงหน้า

https://www.google.com/maps/search/?api=1&query=18.73803309,99.07678933"
https://baan.kaidee.com/product-370411526,"ราคา: 2,500,000
เนื้อที่: 1000 ตารางวา | เนื้อที่ 1000 ตารางวา | ห้องนอน 3 ห้องนอน | ห้องน้ำ 2 ห้องน้ำ | เป็นทรัพย์รอการขาย ใช่
💖 บ้าน สันป่าตอง ราคาพิเศษ! 💖
รหัสทรัพย์ ： DACHMSH0130001

สอบถามข้อมูลเพิ่มเติม นัดดูทรัพย์ >> 😊ทิ้งชื่อ เบอร์ติดต่อ ในแชท ให้เจ้าหน้าที่ขายติดต่อกลับได้เลยค่ะ😊 (บริษัทเปิดให้บริการติดต่อ วันจันทร์-ศุกร์ เวลา 9.00-17.00 ยกเว้นวันหยุดนักขัตฤกษ์)

บ้านเดี่ยวตึก 2 ชั้น เชียงใหม่ บ้านเดี่ยวตึก 2 ชั้น 1 หลัง พื้นที่่ใช้สอย 244 ตรม. 156 ซอยทางเข้าวัดทุ่งอ้อ ถ.เชียงใหม่-ฮอด(ทล0108) ต.สันกลาง

บริษัทขอสงวนสิทธิ์ในการเปลี่ยนแปลงรายละเอียดทรัพย์สิน ราคาตั้งขาย รวมถึงเงื่อนไขอื่นใด หรือยกเลิกการ ขายทรัพย์สินได้โดยไม่ต้องแจ้งให้ผู้สนใจเสนอซื้อทราบล่วงหน้า

https://www.google.com/maps/search/?api=1&query=18.641066,98.89785"
https://baan.kaidee.com/product-370411531,"ราคา: 2,730,000
เนื้อที่: 57 ตารางวา | เนื้อที่ 57 ตารางวา | ห้องนอน 3 ห้องนอน | ห้องน้ำ 2 ห้องน้ำ | เป็นทรัพย์รอการขาย ใช่
💖 บ้าน สันทราย ราคาพิเศษ! 💖
รหัสทรัพย์ ： DACHMSH0133001

สอบถามข้อมูลเพิ่มเติม นัดดูทรัพย์ >> 😊ทิ้งชื่อ เบอร์ติดต่อ ในแชท ให้เจ้าหน้าที่ขายติดต่อกลับได้เลยค่ะ😊 (บริษัทเปิดให้บริการติดต่อ วันจันทร์-ศุกร์ เวลา 9.00-17.00 ยกเว้นวันหยุดนักขัตฤกษ์)

ศิริพรคันทรี่วิลล์ บ้านเดี่ยว 2 ชั้น ประกอบด้วย 3 ห้องนอน 2 ห้องน้ำ 1 ห้องครัว พื้นที่ใช้สอย 206 ตร.ม. เลขที่ 499/127 หมู่บ้านศิริพรคันทรี่วิลล์ ซอย 10 ถนนสายรอบเมืองเชียงใหม่ (ทล.121) ตำบลสันทรายน้อย

บริษัทขอสงวนสิทธิ์ในการเปลี่ยนแปลงรายละเอียดทรัพย์สิน ราคาตั้งขาย รวมถึงเงื่อนไขอื่นใด หรือยกเลิกการ ขายทรัพย์สินได้โดยไม่ต้องแจ้งให้ผู้สนใจเสนอซื้อทราบล่วงหน้า

https://www.google.com/maps/search/?api=1&query=18.838169,99.038496"
https://baan.kaidee.com/product-370411535,"ราคา: 1,532,000
เนื้อที่: 62.4 ตารางวา | เนื้อที่ 62.4 ตารางวา | ห้องนอน 4 ห้องนอน | ห้องน้ำ 3 ห้องน้ำ | เป็นทรัพย์รอการขาย ใช่
💖 บ้าน สันกำแพง ราคาพิเศษ! 💖
รหัสทรัพย์ ： DACHMSH0138001

สอบถามข้อมูลเพิ่มเติม นัดดูทรัพย์ >> 😊ทิ้งชื่อ เบอร์ติดต่อ ในแชท ให้เจ้าหน้าที่ขายติดต่อกลับได้เลยค่ะ😊 (บริษัทเปิดให้บริการติดต่อ วันจันทร์-ศุกร์ เวลา 9.00-17.00 ยกเว้นวันหยุดนักขัตฤกษ์)

ชุมชนแม่ปูคา บ้านเดี่ยวชั้นเดียว ขนาด 12x11.5 เมตร 4 ห้องนอน, 3 ห้องน้ำ, 1 ห้องนั่งเล่น
เลขที่ 118/7 ห่างจากถนนสายป่าเห็ว-แม่ปูคา ประมาณ 140 เมตร

บริษัทขอสงวนสิทธิ์ในการเปลี่ยนแปลงรายละเอียดทรัพย์สิน ราคาตั้งขาย รวมถึงเงื่อนไขอื่นใด หรือยกเลิกการ ขายทรัพย์สินได้โดยไม่ต้องแจ้งให้ผู้สนใจเสนอซื้อทราบล่วงหน้า

https://www.google.com/maps/search/?api=1&query=18.766706,99.111277"
https://baan.kaidee.com/product-370411538,"ราคา: 2,022,000
เนื้อที่: 206 ตารางวา | เนื้อที่ 206 ตารางวา | ห้องนอน 2 ห้องนอน | ห้องน้ำ 2 ห้องน้ำ | เป็นทรัพย์รอการขาย ใช่
💖 บ้าน สันกำแพง ราคาพิเศษ! 💖
รหัสทรัพย์ ： DACHMSH0143001

สอบถามข้อมูลเพิ่มเติม นัดดูทรัพย์ >> 😊ทิ้งชื่อ เบอร์ติดต่อ ในแชท ให้เจ้าหน้าที่ขายติดต่อกลับได้เลยค่ะ😊 (บริษัทเปิดให้บริการติดต่อ วันจันทร์-ศุกร์ เวลา 9.00-17.00 ยกเว้นวันหยุดนักขัตฤกษ์)

หมู่บ้านบ้านน้อย บ้านเดี่ยวชั้นเดียว ประกอบด้วย 3 ห้องนอน 3 ห้องนอน 1 ห้องครัว 2 ที่จอดรถ พื้นที่ใช้สอยขนาด 62.75 ตร.ม. ตัวบ้านขนาด 16.50 x 11 เมตร เลขที่ 120/1 ห่างจากถนนสายเีชยงใหม่-บ้านสหกรณ์(ทล.1317) กม.7+800 เมตร ประมาณ 1.5 กม. บริเวณแยกเข้าถนนบำรุงราษฎร์

บริษัทขอสงวนสิทธิ์ในการเปลี่ยนแปลงรายละเอียดทรัพย์สิน ราคาตั้งขาย รวมถึงเงื่อนไขอื่นใด หรือยกเลิกการ ขายทรัพย์สินได้โดยไม่ต้องแจ้งให้ผู้สนใจเสนอซื้อทราบล่วงหน้า

https://www.google.com/maps/search/?api=1&query=18.737558,99.102191"
https://baan.kaidee.com/product-370411539,"ราคา: 1,600,000
เนื้อที่: 50 ตารางวา | เนื้อที่ 50 ตารางวา | ห้องนอน 3 ห้องนอน | ห้องน้ำ 2 ห้องน้ำ | เป็นทรัพย์รอการขาย ใช่
💖 บ้าน สันกำแพง ราคาพิเศษ! 💖
รหัสทรัพย์ ： DACHMSH0147001

สอบถามข้อมูลเพิ่มเติม นัดดูทรัพย์ >> 😊ทิ้งชื่อ เบอร์ติดต่อ ในแชท ให้เจ้าหน้าที่ขายติดต่อกลับได้เลยค่ะ😊 (บริษัทเปิดให้บริการติดต่อ วันจันทร์-ศุกร์ เวลา 9.00-17.00 ยกเว้นวันหยุดนักขัตฤกษ์)

รุ่งธนา 6 บ้านตึกชั้นเดียว ประกอบด้วย 3 ห้องนอน 2 ห้องน้ำ 1 ห้องโถง 1 ห้องครัว ภายในกว้างขวางด้วยพื้นที่ใช้สอยขนาด 65 ตร.ม. พร้อมระบบรักษาความปลอดภัย รปภ. 24 ชม. เลขที่ 159/95 ติดซอย 3 ถนนภายในโครงการรุ่งธนา 6

บริษัทขอสงวนสิทธิ์ในการเปลี่ยนแปลงรายละเอียดทรัพย์สิน ราคาตั้งขาย รวมถึงเงื่อนไขอื่นใด หรือยกเลิกการ ขายทรัพย์สินได้โดยไม่ต้องแจ้งให้ผู้สนใจเสนอซื้อทราบล่วงหน้า

https://www.google.com/maps/search/?api=1&query=18.777586,99.084234"
https://baan.kaidee.com/product-370411540,"ราคา: 3,360,000
เนื้อที่: 98.6 ตารางวา | เนื้อที่ 98.6 ตารางวา | ห้องนอน 3 ห้องนอน | ห้องน้ำ 2 ห้องน้ำ | เป็นทรัพย์รอการขาย ใช่
💖 บ้าน ดอยสะเก็ด ราคาพิเศษ! 💖
รหัสทรัพย์ ： DACHMSH0149001

สอบถามข้อมูลเพิ่มเติม นัดดูทรัพย์ >> 😊ทิ้งชื่อ เบอร์ติดต่อ ในแชท ให้เจ้าหน้าที่ขายติดต่อกลับได้เลยค่ะ😊 (บริษัทเปิดให้บริการติดต่อ วันจันทร์-ศุกร์ เวลา 9.00-17.00 ยกเว้นวันหยุดนักขัตฤกษ์)

ธนกฤษณ์ ที่ดินพร้อมสิ่งปลูกสร้าง บ้านตึกพักอาศัย 2 ชั้น พื้นที่ใช้สอยประมาณ 167.8 ตรม. โฉนดเลขที่ 47053 เนื้อที่ 0-0-98.6 ไร่ หรือ 98.6 ตรว. เลขที่ 161/21 โครงการหมู่บ้าน ธนกฤษณ์ ติดถนนทางหลวงชนบท (ชม.3013) ต.สันปูเลย อ.ดอยสะเก็ด จ.เชียงใหม่ (ฉ.47053)

บริษัทขอสงวนสิทธิ์ในการเปลี่ยนแปลงรายละเอียดทรัพย์สิน ราคาตั้งขาย รวมถึงเงื่อนไขอื่นใด หรือยกเลิกการ ขายทรัพย์สินได้โดยไม่ต้องแจ้งให้ผู้สนใจเสนอซื้อทราบล่วงหน้า

https://www.google.com/maps/search/?api=1&query=18.823781,99.080496"
https://baan.kaidee.com/product-370411541,"ราคา: 7,878,000
เนื้อที่: 141.3 ตารางวา | เนื้อที่ 141.3 ตารางวา | ห้องนอน 3 ห้องนอน | ห้องน้ำ 2 ห้องน้ำ | เป็นทรัพย์รอการขาย ใช่
💖 บ้าน เมืองเชียงใหม่ ราคาพิเศษ! 💖
รหัสทรัพย์ ： DACHMSH0150001

สอบถามข้อมูลเพิ่มเติม นัดดูทรัพย์ >> 😊ทิ้งชื่อ เบอร์ติดต่อ ในแชท ให้เจ้าหน้าที่ขายติดต่อกลับได้เลยค่ะ😊 (บริษัทเปิดให้บริการติดต่อ วันจันทร์-ศุกร์ เวลา 9.00-17.00 ยกเว้นวันหยุดนักขัตฤกษ์)

หมู่บ้านเชียงใหม่วิลล่า 2 ที่ดินพร้อมสิ่งปลูกสร้าง 2 รายการ (บ้านเดี่ยว 2 ชั้น, บ้านตึกชั้นเดียว) ภายในกว้างขวางด้วยพื้นที่ใช้สอยขนาด 240 ตร.ม. พร้อมสิ่งอำนวยความสะดวกครบครัน และพื้นที่ ส่วนกลาง เลขที่ 126/226 หมู่บ้านเชียงใหม่วิลล่า2 ถนนมหิดล(ทล.1141)

บริษัทขอสงวนสิทธิ์ในการเปลี่ยนแปลงรายละเอียดทรัพย์สิน ราคาตั้งขาย รวมถึงเงื่อนไขอื่นใด หรือยกเลิกการ ขายทรัพย์สินได้โดยไม่ต้องแจ้งให้ผู้สนใจเสนอซื้อทราบล่วงหน้า

https://www.google.com/maps/search/?api=1&query=18.762641,98.991785"
https://baan.kaidee.com/product-370411542,"ราคา: 2,625,000
เนื้อที่: 77 ตารางวา | เนื้อที่ 77 ตารางวา | ห้องนอน 1 ห้องนอน | ห้องน้ำ 1 ห้องน้ำ | เป็นทรัพย์รอการขาย ใช่
💖 บ้าน สารภี ราคาพิเศษ! 💖
รหัสทรัพย์ ： DACHMSH0151001

สอบถามข้อมูลเพิ่มเติม นัดดูทรัพย์ >> 😊ทิ้งชื่อ เบอร์ติดต่อ ในแชท ให้เจ้าหน้าที่ขายติดต่อกลับได้เลยค่ะ😊 (บริษัทเปิดให้บริการติดต่อ วันจันทร์-ศุกร์ เวลา 9.00-17.00 ยกเว้นวันหยุดนักขัตฤกษ์)

บ้านตึก 2 ชั้น ในโครงการลลิษา บ้านเดี่ยว 2 ชั้น พื้นที่ใช้สอยภายใน 132 ตรม. ในโครงการลลิษา ทำเลดีโครงการติดถนนสาธารณะ เดินทางเข้า-ออกสะดวก อยู่ใกล้สถานที่สำคัญ โรงเรียนบัวครกเหนือ วัดบวกครกเหนือ ห่างจากถนนวงแหวนรอบ 3 ประมาณ 1.1 กม. พร้อมสิ่งอำนวยความสะดวกครบครัน และพื้นที่ส่วนกลาง อาทิ ฟิตเนส, สระว่ายน้ำ พร้อมระบบรักษาความปลอดภัย รปภ. 24 ชม. คีย์การ์ดเข้า-ออก โครงการ บ้านเลขที่ 1/142 หมู่ 9 โครงการลลิษาลานนา ต.ท่าวังตาล อ.สารภี จ.เชียงใหม่

บริษัทขอสงวนสิทธิ์ในการเปลี่ยนแปลงรายละเอียดทรัพย์สิน ราคาตั้งขาย รวมถึงเงื่อนไขอื่นใด หรือยกเลิกการ ขายทรัพย์สินได้โดยไม่ต้องแจ้งให้ผู้สนใจเสนอซื้อทราบล่วงหน้า

https://www.google.com/maps/search/?api=1&query=18.713626,99.007213"
https://baan.kaidee.com/product-370411891,"ราคา: 2,350,000
เนื้อที่: 112 ตารางวา | เนื้อที่ 112 ตารางวา | ห้องนอน 1 ห้องนอน | ห้องน้ำ 1 ห้องน้ำ | เป็นทรัพย์รอการขาย ใช่
💖 บ้าน สันกำแพง ราคาพิเศษ! 💖
รหัสทรัพย์ ： DDCHMSH0122001

สอบถามข้อมูลเพิ่มเติม นัดดูทรัพย์ >> 😊ทิ้งชื่อ เบอร์ติดต่อ ในแชท ให้เจ้าหน้าที่ขายติดต่อกลับได้เลยค่ะ😊 (บริษัทเปิดให้บริการติดต่อ วันจันทร์-ศุกร์ เวลา 9.00-17.00 ยกเว้นวันหยุดนักขัตฤกษ์)

บ้านเดี่ยว บ้านเดี่ยวชั้นเดียว เลขที่ 87/203 ขนาดอาคาร 10.80x13เมตร พื้นที่ใช้สอยรวม 131 ตร.ม. ตั้งอยู่ในโครงการจัดสรร หมู่บ้านกาญกนก1 ที่ตั้งโครงการอยู่ติดถนนเลียบแม่น้ำโฮม ห่างจากถนนเชียงใหม่-บ้านสหกรณ์(ทล.1317) 500 เมตร ตำบลสันกำแพง

บริษัทขอสงวนสิทธิ์ในการเปลี่ยนแปลงรายละเอียดทรัพย์สิน ราคาตั้งขาย รวมถึงเงื่อนไขอื่นใด หรือยกเลิกการ ขายทรัพย์สินได้โดยไม่ต้องแจ้งให้ผู้สนใจเสนอซื้อทราบล่วงหน้า

https://www.google.com/maps/search/?api=1&query=18.73712,99.075312"
https://baan.kaidee.com/product-370411892,"ราคา: 1,470,000
เนื้อที่: 32.6 ตารางวา | เนื้อที่ 32.6 ตารางวา | ห้องนอน 3 ห้องนอน | ห้องน้ำ 2 ห้องน้ำ | เป็นทรัพย์รอการขาย ใช่
💖 บ้าน หางดง ราคาพิเศษ! 💖
รหัสทรัพย์ ： DDCHMSH0125001

สอบถามข้อมูลเพิ่มเติม นัดดูทรัพย์ >> 😊ทิ้งชื่อ เบอร์ติดต่อ ในแชท ให้เจ้าหน้าที่ขายติดต่อกลับได้เลยค่ะ😊 (บริษัทเปิดให้บริการติดต่อ วันจันทร์-ศุกร์ เวลา 9.00-17.00 ยกเว้นวันหยุดนักขัตฤกษ์)

บ้านเดี่ยว สภาพคล้ายบ้านชั้นเดียว และ สามารถทำเป็นออฟฟิสได้ อยู่ในศูนย์การค้าไชโยพลาซ่า

บริษัทขอสงวนสิทธิ์ในการเปลี่ยนแปลงรายละเอียดทรัพย์สิน ราคาตั้งขาย รวมถึงเงื่อนไขอื่นใด หรือยกเลิกการ ขายทรัพย์สินได้โดยไม่ต้องแจ้งให้ผู้สนใจเสนอซื้อทราบล่วงหน้า

https://www.google.com/maps/search/?api=1&query=18.689032,99.928175"
https://baan.kaidee.com/product-370411895,"ราคา: 4,600,000
เนื้อที่: 345.4 ตารางวา | เนื้อที่ 345.4 ตารางวา | ห้องนอน 1 ห้องนอน | ห้องน้ำ 1 ห้องน้ำ | เป็นทรัพย์รอการขาย ใช่
💖 บ้าน ฝาง ราคาพิเศษ! 💖
รหัสทรัพย์ ： DDCHMSH0143001

สอบถามข้อมูลเพิ่มเติม นัดดูทรัพย์ >> 😊ทิ้งชื่อ เบอร์ติดต่อ ในแชท ให้เจ้าหน้าที่ขายติดต่อกลับได้เลยค่ะ😊 (บริษัทเปิดให้บริการติดต่อ วันจันทร์-ศุกร์ เวลา 9.00-17.00 ยกเว้นวันหยุดนักขัตฤกษ์)

บ้านเดี่ยว ที่ดินพร้อมบ้านตึกสองชั้น และอาคารเอนกประสงค์ชั้นเดียว, อาคารตึกชั้นเดียว และส่วนโล่งหลังคาคลุม สภาพปานกลาง ติดถนนซอยบ้านหนองยาว ใกล้โรงเรียนเอื้อวิทยา ตลาดสดบ้านหนองยาว ตำบลแม่สูน

บริษัทขอสงวนสิทธิ์ในการเปลี่ยนแปลงรายละเอียดทรัพย์สิน ราคาตั้งขาย รวมถึงเงื่อนไขอื่นใด หรือยกเลิกการ ขายทรัพย์สินได้โดยไม่ต้องแจ้งให้ผู้สนใจเสนอซื้อทราบล่วงหน้า

https://www.google.com/maps/search/?api=1&query=19.858891,99.175961"
https://baan.kaidee.com/product-370411896,"ราคา: 22,423,000
เนื้อที่: 1132 ตารางวา | เนื้อที่ 1132 ตารางวา | ห้องนอน 1 ห้องนอน | ห้องน้ำ 1 ห้องน้ำ | เป็นทรัพย์รอการขาย ใช่
💖 บ้าน แม่ริม ราคาพิเศษ! 💖
รหัสทรัพย์ ： DDCHMSH0145001

สอบถามข้อมูลเพิ่มเติม นัดดูทรัพย์ >> 😊ทิ้งชื่อ เบอร์ติดต่อ ในแชท ให้เจ้าหน้าที่ขายติดต่อกลับได้เลยค่ะ😊 (บริษัทเปิดให้บริการติดต่อ วันจันทร์-ศุกร์ เวลา 9.00-17.00 ยกเว้นวันหยุดนักขัตฤกษ์)

บ้าน อาคารบ้านตึกชั้นเดียว 2 หลัง สภาพปานกลาง บ้านไม้ชั้นเดียว 2 หลัง สภาพเก่า อาคารห้องน้ำ และส่วนโล่งหลังคาคลุม 2 หลัง เลขที่352 ติดทางหลวงสายเชียงใหม่ - ฝาง ช่วง กม.ที่ 21+400 ทรัพย์อยู่ทางขวามือ ตำบลสันโป่ง

บริษัทขอสงวนสิทธิ์ในการเปลี่ยนแปลงรายละเอียดทรัพย์สิน ราคาตั้งขาย รวมถึงเงื่อนไขอื่นใด หรือยกเลิกการ ขายทรัพย์สินได้โดยไม่ต้องแจ้งให้ผู้สนใจเสนอซื้อทราบล่วงหน้า

https://www.google.com/maps/search/?api=1&query=18.9574867,98.94507712"
https://baan.kaidee.com/product-370411899,"ราคา: 2,325,000
เนื้อที่: 41.5 ตารางวา | เนื้อที่ 41.5 ตารางวา | ห้องนอน 1 ห้องนอน | ห้องน้ำ 1 ห้องน้ำ | เป็นทรัพย์รอการขาย ใช่
💖 บ้าน สารภี ราคาพิเศษ! 💖
รหัสทรัพย์ ： DDCHMSH0150001

สอบถามข้อมูลเพิ่มเติม นัดดูทรัพย์ >> 😊ทิ้งชื่อ เบอร์ติดต่อ ในแชท ให้เจ้าหน้าที่ขายติดต่อกลับได้เลยค่ะ😊 (บริษัทเปิดให้บริการติดต่อ วันจันทร์-ศุกร์ เวลา 9.00-17.00 ยกเว้นวันหยุดนักขัตฤกษ์)

บ้านเดี่ยว2ชั้น ทรัพย์เป็นบ้านเดี่ยว 2 ชั้น สภาพทิ้งร้าง ปัจจุบันไม่มีผู้พักอาศัย ตั้งอยู่ในโครงการรินรดา 4 ขนาดที่ดินประมาณ 11x15 ม. พื้นที่ใช้สอยประมาณ 8x10 ม.,160 ตรม. ติดถนน คสล. มีไฟฟ้า/ประปาเข้าถึง สาธารณูปโภคครบครัน การคมนาคมสะดวก อยู่ห่างจากถนนสายวงแหวนรอบนอกประมาณ 330 ม. และอยู่ห่างจากตัวอำเภอสารภีประมาณ 4,800 ม. สถานที่ใกล้เคียง เช่น วัดศรีบุญเรือง, วัดนันทาราม, เทศบาลตำบลไชยสถาน เป็นต้น บ้านเลขที่ 88/12 โครงการรินรดา 4 ตำบลไชยสถาน

บริษัทขอสงวนสิทธิ์ในการเปลี่ยนแปลงรายละเอียดทรัพย์สิน ราคาตั้งขาย รวมถึงเงื่อนไขอื่นใด หรือยกเลิกการ ขายทรัพย์สินได้โดยไม่ต้องแจ้งให้ผู้สนใจเสนอซื้อทราบล่วงหน้า

https://www.google.com/maps/search/?api=1&query=18.73824,99.04633"
https://baan.kaidee.com/product-370411900,"ราคา: 2,205,000
เนื้อที่: 63.1 ตารางวา | เนื้อที่ 63.1 ตารางวา | ห้องนอน 2 ห้องนอน | ห้องน้ำ 2 ห้องน้ำ | เป็นทรัพย์รอการขาย ใช่
💖 บ้าน สันทราย ราคาพิเศษ! 💖
รหัสทรัพย์ ： DDCHMSH0151001

สอบถามข้อมูลเพิ่มเติม นัดดูทรัพย์ >> 😊ทิ้งชื่อ เบอร์ติดต่อ ในแชท ให้เจ้าหน้าที่ขายติดต่อกลับได้เลยค่ะ😊 (บริษัทเปิดให้บริการติดต่อ วันจันทร์-ศุกร์ เวลา 9.00-17.00 ยกเว้นวันหยุดนักขัตฤกษ์)

บ้านตึกชั้นเดียว โครงการโชควารีโฮม : ปรับปรุงใหม่ บ้านตึกพักอาศัยชั้นเดียว ตั้งอยู่ในโครงการหมู่บ้านโชควารีโฮม มี 2 ห้องนอน 2 ห้องน้ำ 1 ห้องครัว ขนาดที่ดินประมาณ 14x19 ม. รูปร่างสี่เหลี่ยมผืนผ้า ขนาดสิ่งปลูกสร้างประมาณ 8x10 ม.,102 ตรม. ถนนผ่านหน้าทรัพย์เป็นถนนคอนกรีต(ทางสาธารณประโยชน์) มีไฟฟ้า/ประปาเข้าถึง เข้า-ออกได้หลายเส้นทาง ทรัพย์อยู่ห่างจากถนนสายวงแหวนรอบนอกประมาณ 2,000 ม. และอยู่ห่างจากตัวอำเภอสันทรายประมาณ 4,500 ม. สถานที่ใกล้เคียง เช่น ม.คัทลียา, ม.สิรารมย์, วัดศรีทรายมูล เป็นต้น บ้านเลขที่ 127/80 หมู่ 3 หมู่บ้านโชควารีโฮม ซ.19 ถนนสายบ้านหนองไคร้-สันทรายหลวง แยกจากถนนวงแหวนรอบนอก ตำบลหนองจ๊อม

บริษัทขอสงวนสิทธิ์ในการเปลี่ยนแปลงรายละเอียดทรัพย์สิน ราคาตั้งขาย รวมถึงเงื่อนไขอื่นใด หรือยกเลิกการ ขายทรัพย์สินได้โดยไม่ต้องแจ้งให้ผู้สนใจเสนอซื้อทราบล่วงหน้า

https://www.google.com/maps/search/?api=1&query=18.85584,99.027303"
https://baan.kaidee.com/product-370411904,"ราคา: 470,000
เนื้อที่: 97.4 ตารางวา | เนื้อที่ 97.4 ตารางวา | ห้องนอน 1 ห้องนอน | ห้องน้ำ 1 ห้องน้ำ | เป็นทรัพย์รอการขาย ใช่
💖 บ้าน สารภี ราคาพิเศษ! 💖
รหัสทรัพย์ ： DDCHMSH0157001

สอบถามข้อมูลเพิ่มเติม นัดดูทรัพย์ >> 😊ทิ้งชื่อ เบอร์ติดต่อ ในแชท ให้เจ้าหน้าที่ขายติดต่อกลับได้เลยค่ะ😊 (บริษัทเปิดให้บริการติดต่อ วันจันทร์-ศุกร์ เวลา 9.00-17.00 ยกเว้นวันหยุดนักขัตฤกษ์)

ที่ดินพร้อทบ้านเดี่ยวชั้นเดียว 2 หลัง ที่ดินพร้อมสิ่งปลูกสร้าง บ้านชั้นเดียว 2 หลังสภาพเก่า ขนาดกว้าง 5 เมตร ยาว 67 เมตร ติดถนน 2 ด้าน เป็นถนนสาธารณะ บ้านกกดงซอย 1

บริษัทขอสงวนสิทธิ์ในการเปลี่ยนแปลงรายละเอียดทรัพย์สิน ราคาตั้งขาย รวมถึงเงื่อนไขอื่นใด หรือยกเลิกการ ขายทรัพย์สินได้โดยไม่ต้องแจ้งให้ผู้สนใจเสนอซื้อทราบล่วงหน้า

https://www.google.com/maps/search/?api=1&query=18.6610417,98.9868028"
https://baan.kaidee.com/product-370411905,"ราคา: 4,248,000
เนื้อที่: 277 ตารางวา | เนื้อที่ 277 ตารางวา | ห้องนอน 1 ห้องนอน | ห้องน้ำ 1 ห้องน้ำ | เป็นทรัพย์รอการขาย ใช่
💖 บ้าน สารภี ราคาพิเศษ! 💖
รหัสทรัพย์ ： DDCHMSH0158001

สอบถามข้อมูลเพิ่มเติม นัดดูทรัพย์ >> 😊ทิ้งชื่อ เบอร์ติดต่อ ในแชท ให้เจ้าหน้าที่ขายติดต่อกลับได้เลยค่ะ😊 (บริษัทเปิดให้บริการติดต่อ วันจันทร์-ศุกร์ เวลา 9.00-17.00 ยกเว้นวันหยุดนักขัตฤกษ์)

บ้านเดี่ยว ต.สารภี บ้านเดี่ยวชั้นเดียว พื้นที่ใช้สอย 150 ตร.ม. ขนาดที่ดินกว้างประมาณ 15x70 เมตร เลขที่ 125 ถนนป่าแดด-บ้านธิ (ทล.1189) ใกล้ถนนซุปเปอร์ไฮเวย์ เชียงใหม่-ลำปาง (ทล.11)

บริษัทขอสงวนสิทธิ์ในการเปลี่ยนแปลงรายละเอียดทรัพย์สิน ราคาตั้งขาย รวมถึงเงื่อนไขอื่นใด หรือยกเลิกการ ขายทรัพย์สินได้โดยไม่ต้องแจ้งให้ผู้สนใจเสนอซื้อทราบล่วงหน้า

https://www.google.com/maps/search/?api=1&query=18.691164,99.053867"
https://baan.kaidee.com/product-370411907,"ราคา: 2,700,000
เนื้อที่: 70 ตารางวา | เนื้อที่ 70 ตารางวา | ห้องนอน 1 ห้องนอน | ห้องน้ำ 1 ห้องน้ำ | เป็นทรัพย์รอการขาย ใช่
💖 บ้าน สันกำแพง ราคาพิเศษ! 💖
รหัสทรัพย์ ： DDCHMSH0161001

สอบถามข้อมูลเพิ่มเติม นัดดูทรัพย์ >> 😊ทิ้งชื่อ เบอร์ติดต่อ ในแชท ให้เจ้าหน้าที่ขายติดต่อกลับได้เลยค่ะ😊 (บริษัทเปิดให้บริการติดต่อ วันจันทร์-ศุกร์ เวลา 9.00-17.00 ยกเว้นวันหยุดนักขัตฤกษ์)

กาญจน์กนกวิลล์ 4 บ้านเดี่ยว 2 ชั้น พท.ใช้สอย 166 ตร.ม. เลขที่ 113/128 ซอย 17 ห่างจากถนนเลียบลำน้ำแม่โฮมประมาณ 690 เมตร

บริษัทขอสงวนสิทธิ์ในการเปลี่ยนแปลงรายละเอียดทรัพย์สิน ราคาตั้งขาย รวมถึงเงื่อนไขอื่นใด หรือยกเลิกการ ขายทรัพย์สินได้โดยไม่ต้องแจ้งให้ผู้สนใจเสนอซื้อทราบล่วงหน้า

https://www.google.com/maps/search/?api=1&query=18.732289,99.078596"
https://baan.kaidee.com/product-370411908,"ราคา: 1,264,000
เนื้อที่: 53 ตารางวา | เนื้อที่ 53 ตารางวา | ห้องนอน 3 ห้องนอน | ห้องน้ำ 2 ห้องน้ำ | เป็นทรัพย์รอการขาย ใช่
💖 บ้าน หางดง ราคาพิเศษ! 💖
รหัสทรัพย์ ： DDCHMSH0163001

สอบถามข้อมูลเพิ่มเติม นัดดูทรัพย์ >> 😊ทิ้งชื่อ เบอร์ติดต่อ ในแชท ให้เจ้าหน้าที่ขายติดต่อกลับได้เลยค่ะ😊 (บริษัทเปิดให้บริการติดต่อ วันจันทร์-ศุกร์ เวลา 9.00-17.00 ยกเว้นวันหยุดนักขัตฤกษ์)

หมู่บ้านขวัญเวียง บ้านเดี่ยวชั้นเดียว เป็นอาคารสำนักงาน 1 หลัง และ อาคารห้องเย็น 1 หลัง เลขที่ 224/497 ซอย 17D

บริษัทขอสงวนสิทธิ์ในการเปลี่ยนแปลงรายละเอียดทรัพย์สิน ราคาตั้งขาย รวมถึงเงื่อนไขอื่นใด หรือยกเลิกการ ขายทรัพย์สินได้โดยไม่ต้องแจ้งให้ผู้สนใจเสนอซื้อทราบล่วงหน้า

https://www.google.com/maps/search/?api=1&query=18.71785,98.96447"
https://baan.kaidee.com/product-370411909,"ราคา: 2,881,000
เนื้อที่: 62 ตารางวา | เนื้อที่ 62 ตารางวา | ห้องนอน 1 ห้องนอน | ห้องน้ำ 1 ห้องน้ำ | เป็นทรัพย์รอการขาย ใช่
💖 บ้าน หางดง ราคาพิเศษ! 💖
รหัสทรัพย์ ： DDCHMSH0164001

สอบถามข้อมูลเพิ่มเติม นัดดูทรัพย์ >> 😊ทิ้งชื่อ เบอร์ติดต่อ ในแชท ให้เจ้าหน้าที่ขายติดต่อกลับได้เลยค่ะ😊 (บริษัทเปิดให้บริการติดต่อ วันจันทร์-ศุกร์ เวลา 9.00-17.00 ยกเว้นวันหยุดนักขัตฤกษ์)

บ้านเดี่ยวสองชั้น หมู่บ้านมายโฮมวิลล่า ต.น้ำแพร่ บ้านเดี่ยวสองชั้น พื้นที่ใช้สอยภายในประมาณ122.50 ตร.ม. อยู่ห่างจากถนนสายเลี่ยงเมืองหางดง-สันป่าตอง ประมาณ 850 เมตร ฉ.78043 เลขที่ 296/3 ม.4 หมู่บ้านมายโฮมวิลล่า ห่างจากถนนสายเลี่ยงเมืองหางดง-สันป่าตอง ประมาณ 850 เมตร

บริษัทขอสงวนสิทธิ์ในการเปลี่ยนแปลงรายละเอียดทรัพย์สิน ราคาตั้งขาย รวมถึงเงื่อนไขอื่นใด หรือยกเลิกการ ขายทรัพย์สินได้โดยไม่ต้องแจ้งให้ผู้สนใจเสนอซื้อทราบล่วงหน้า

https://www.google.com/maps/search/?api=1&query=18.68744214,98.89097119"
https://baan.kaidee.com/product-370411911,"ราคา: 2,565,000
เนื้อที่: 75 ตารางวา | เนื้อที่ 75 ตารางวา | ห้องนอน 2 ห้องนอน | ห้องน้ำ 1 ห้องน้ำ | เป็นทรัพย์รอการขาย ใช่
💖 บ้าน หางดง ราคาพิเศษ! 💖
รหัสทรัพย์ ： DDCHMSH0165001

สอบถามข้อมูลเพิ่มเติม นัดดูทรัพย์ >> 😊ทิ้งชื่อ เบอร์ติดต่อ ในแชท ให้เจ้าหน้าที่ขายติดต่อกลับได้เลยค่ะ😊 (บริษัทเปิดให้บริการติดต่อ วันจันทร์-ศุกร์ เวลา 9.00-17.00 ยกเว้นวันหยุดนักขัตฤกษ์)

ดิ เอส บายสมหวัง บ้านเดี่ยว ชั้นเดียว 2 ห้องนอน 1ห้องน้ำ 1ห้องครัว 1ห้องนั่งเล่น โครงการ ดิ เอส บายสมหวัง โครงการอยู่ติดถนนเลี่ยงเมืองเชียงใหม่-หางดง
74649 ต.สันผักหวาน อ.หางดง จ.เชียงใหม่

บริษัทขอสงวนสิทธิ์ในการเปลี่ยนแปลงรายละเอียดทรัพย์สิน ราคาตั้งขาย รวมถึงเงื่อนไขอื่นใด หรือยกเลิกการ ขายทรัพย์สินได้โดยไม่ต้องแจ้งให้ผู้สนใจเสนอซื้อทราบล่วงหน้า

https://www.google.com/maps/search/?api=1&query=18.71541718,98.94505406"
https://baan.kaidee.com/product-370411912,"ราคา: 3,913,000
เนื้อที่: 1659 ตารางวา | เนื้อที่ 1659 ตารางวา | ห้องนอน 1 ห้องนอน | ห้องน้ำ 1 ห้องน้ำ | เป็นทรัพย์รอการขาย ใช่
💖 บ้าน ฝาง ราคาพิเศษ! 💖
รหัสทรัพย์ ： DDCHMSH0170001

สอบถามข้อมูลเพิ่มเติม นัดดูทรัพย์ >> 😊ทิ้งชื่อ เบอร์ติดต่อ ในแชท ให้เจ้าหน้าที่ขายติดต่อกลับได้เลยค่ะ😊 (บริษัทเปิดให้บริการติดต่อ วันจันทร์-ศุกร์ เวลา 9.00-17.00 ยกเว้นวันหยุดนักขัตฤกษ์)

บ้านห้วยโจ้ใต้ 9 บ้านตึกชั้นเดียว 2 หลัง ขนาด 6 x 8 เมตร พื้นที่ใช้สอย 48 ตร.ม. ซอยหมู่บ้านห้วยโจ้ใต้ 9 แยกมาจากถนนเชียงใหม่-ฝาง(ทล.107) ประมาณ 450 เมตร

บริษัทขอสงวนสิทธิ์ในการเปลี่ยนแปลงรายละเอียดทรัพย์สิน ราคาตั้งขาย รวมถึงเงื่อนไขอื่นใด หรือยกเลิกการ ขายทรัพย์สินได้โดยไม่ต้องแจ้งให้ผู้สนใจเสนอซื้อทราบล่วงหน้า

https://www.google.com/maps/search/?api=1&query=19.775664,99.1589"
https://baan.kaidee.com/product-370411916,"ราคา: 2,926,000
เนื้อที่: 94.3 ตารางวา | เนื้อที่ 94.3 ตารางวา | ห้องนอน 1 ห้องนอน | ห้องน้ำ 1 ห้องน้ำ | เป็นทรัพย์รอการขาย ใช่
💖 บ้าน สารภี ราคาพิเศษ! 💖
รหัสทรัพย์ ： DDCHMSH0173001

สอบถามข้อมูลเพิ่มเติม นัดดูทรัพย์ >> 😊ทิ้งชื่อ เบอร์ติดต่อ ในแชท ให้เจ้าหน้าที่ขายติดต่อกลับได้เลยค่ะ😊 (บริษัทเปิดให้บริการติดต่อ วันจันทร์-ศุกร์ เวลา 9.00-17.00 ยกเว้นวันหยุดนักขัตฤกษ์)

บ้าน 2 ชั้นในโครงการบ้านบุญส่ง บ้านตึก 2 ชั้น พื้นที่ใช้สอยรวม ประมาณ 141 ตารางเมตร แบ่งเป็น 3 ห้องนอน 2 ห้องน้ำ 1 ห้องครัว มีที่จอดรถกว้างขวาง สาธารณูปโภคครบครัน มีทางเข้าออกโครงการทางเดียว โครงการบ้านบุญส่ง 115/170 ต.ท่าวังตาล อ.สารภี จ.เชียงใหม่ ห่างจากถนนวงแหวนรอบ 2 ประมาณ 1 กม.

บริษัทขอสงวนสิทธิ์ในการเปลี่ยนแปลงรายละเอียดทรัพย์สิน ราคาตั้งขาย รวมถึงเงื่อนไขอื่นใด หรือยกเลิกการ ขายทรัพย์สินได้โดยไม่ต้องแจ้งให้ผู้สนใจเสนอซื้อทราบล่วงหน้า

https://www.google.com/maps/search/?api=1&query=18.736533,98.995021"
https://baan.kaidee.com/product-370411918,"ราคา: 1,890,000
เนื้อที่: 62 ตารางวา | เนื้อที่ 62 ตารางวา | ห้องนอน 1 ห้องนอน | ห้องน้ำ 1 ห้องน้ำ | เป็นทรัพย์รอการขาย ใช่
💖 บ้าน แม่ริม ราคาพิเศษ! 💖
รหัสทรัพย์ ： DDCHMSH0176001

สอบถามข้อมูลเพิ่มเติม นัดดูทรัพย์ >> 😊ทิ้งชื่อ เบอร์ติดต่อ ในแชท ให้เจ้าหน้าที่ขายติดต่อกลับได้เลยค่ะ😊 (บริษัทเปิดให้บริการติดต่อ วันจันทร์-ศุกร์ เวลา 9.00-17.00 ยกเว้นวันหยุดนักขัตฤกษ์)

หมู่บ้านธรินภรณ์วิลล่า บ้านเดี่ยว 1 ชั้น ภายในกว้างขวางด้วยพื้นที่ใช้สอยขนาด 90 ตร.ม. เลขที่ 115/275 ตำบลสันโป่ง อำเภอแม่ริม จังหวัดเชียงใหม่ ตั้งอยู่ในโครงการหมู่บ้านธรินภรณ์วิลล่า ห่างจากถนนเชียงใหม่ - ฝาง (โชตนา) 850 เมตร

บริษัทขอสงวนสิทธิ์ในการเปลี่ยนแปลงรายละเอียดทรัพย์สิน ราคาตั้งขาย รวมถึงเงื่อนไขอื่นใด หรือยกเลิกการ ขายทรัพย์สินได้โดยไม่ต้องแจ้งให้ผู้สนใจเสนอซื้อทราบล่วงหน้า

https://www.google.com/maps/search/?api=1&query=18.947747,98.950862"
https://baan.kaidee.com/product-370411919,"ราคา: 2,989,000
เนื้อที่: 553 ตารางวา | เนื้อที่ 553 ตารางวา | ห้องนอน 1 ห้องนอน | ห้องน้ำ 1 ห้องน้ำ | เป็นทรัพย์รอการขาย ใช่
💖 บ้าน สันป่าตอง ราคาพิเศษ! 💖
รหัสทรัพย์ ： DDCHMSH0180001

สอบถามข้อมูลเพิ่มเติม นัดดูทรัพย์ >> 😊ทิ้งชื่อ เบอร์ติดต่อ ในแชท ให้เจ้าหน้าที่ขายติดต่อกลับได้เลยค่ะ😊 (บริษัทเปิดให้บริการติดต่อ วันจันทร์-ศุกร์ เวลา 9.00-17.00 ยกเว้นวันหยุดนักขัตฤกษ์)

บ้านในชุมชนบ้านสันกอเก็ต ที่ดินพร้อมสิ่งปลูกสร้าง 4 รายการ ประกอบด้วยบ้านตึกชั้นเดียว 3 หลัง และส่วนโล่งหลังคาคลุม 1 หลัง สภาพเก่า ด้านหน้าอยู่ติดถนนสาธารณะภายในหมู่บ้านสันกอเก็ด อำเภอสันป่าตอง เป็นเขตชุมชนที่อยู่อาศัยไม่หนาแน่นสลับกับที่สวนเกษตร ไม่ติดเลขที่ ติดถนนบ้านทุ่งเสี้ยว-บ้านโรงวัว ชุมชนบ้านสันกอเก็ต

บริษัทขอสงวนสิทธิ์ในการเปลี่ยนแปลงรายละเอียดทรัพย์สิน ราคาตั้งขาย รวมถึงเงื่อนไขอื่นใด หรือยกเลิกการ ขายทรัพย์สินได้โดยไม่ต้องแจ้งให้ผู้สนใจเสนอซื้อทราบล่วงหน้า

https://www.google.com/maps/search/?api=1&query=18.53968253,98.90192214"
https://baan.kaidee.com/product-370412426,"ราคา: 3,328,000
เนื้อที่: 368 ตารางวา | เนื้อที่ 368 ตารางวา | ห้องนอน 1 ห้องนอน | ห้องน้ำ 1 ห้องน้ำ | เป็นทรัพย์รอการขาย ใช่
💖 บ้าน สันป่าตอง ราคาพิเศษ! 💖
รหัสทรัพย์ ： DECHMSH0116001

สอบถามข้อมูลเพิ่มเติม นัดดูทรัพย์ >> 😊ทิ้งชื่อ เบอร์ติดต่อ ในแชท ให้เจ้าหน้าที่ขายติดต่อกลับได้เลยค่ะ😊 (บริษัทเปิดให้บริการติดต่อ วันจันทร์-ศุกร์ เวลา 9.00-17.00 ยกเว้นวันหยุดนักขัตฤกษ์)

ไม่มี ทรัพย์เป็นที่อยู่อาศัยตึก 2 ชั้น 1 หลัง สภาพดี อยู่ห่างจากถนนบ้านดงก้ำประมาณ 12 เมตร ห่างจากถนนสายเชียงใหม่-ฮอดประมาณ 550 เมตร การคมนาคมสะดวก ทรัพย์ตั้งอยู่ในเขต ตำบลทุ่งเสี้ยว อำเภอสันปาตอง จังหวัดเชียงใหม่ ห่างจากวัดศรีนวรัฐ (วัดทุ่งเสี้ยว)
ห่างจากถนนสายเชียงใหม่-ฮอด ประมาณ 600 เมตร

บริษัทขอสงวนสิทธิ์ในการเปลี่ยนแปลงรายละเอียดทรัพย์สิน ราคาตั้งขาย รวมถึงเงื่อนไขอื่นใด หรือยกเลิกการ ขายทรัพย์สินได้โดยไม่ต้องแจ้งให้ผู้สนใจเสนอซื้อทราบล่วงหน้า

https://www.google.com/maps/search/?api=1&query=18.565722,98.867228"
https://baan.kaidee.com/product-370412427,"ราคา: 2,900,000
เนื้อที่: 70 ตารางวา | เนื้อที่ 70 ตารางวา | ห้องนอน 3 ห้องนอน | ห้องน้ำ 4 ห้องน้ำ | เป็นทรัพย์รอการขาย ใช่
💖 บ้าน สันกำแพง ราคาพิเศษ! 💖
รหัสทรัพย์ ： DECHMSH0121001

สอบถามข้อมูลเพิ่มเติม นัดดูทรัพย์ >> 😊ทิ้งชื่อ เบอร์ติดต่อ ในแชท ให้เจ้าหน้าที่ขายติดต่อกลับได้เลยค่ะ😊 (บริษัทเปิดให้บริการติดต่อ วันจันทร์-ศุกร์ เวลา 9.00-17.00 ยกเว้นวันหยุดนักขัตฤกษ์)

กาญจน์กนกวิลล์ 4 บ้านเดี่ยวสองชั้น 3 ห้องนอน 4 ห้องน้ำ พื้นที่ใช้สอย 220.5 ตรม. ติดถนนซอย 11 อยู่ในโครงการ กาญจน์กนกวิลล์ 4 เลขที่ 113/227 ซอย 11 ถนนเชียงใหม่-สันกำแพงสายใหม่ หมู่บ้านกาญจน์กนกวิลล์ 4 ต.สันกำแพง

บริษัทขอสงวนสิทธิ์ในการเปลี่ยนแปลงรายละเอียดทรัพย์สิน ราคาตั้งขาย รวมถึงเงื่อนไขอื่นใด หรือยกเลิกการ ขายทรัพย์สินได้โดยไม่ต้องแจ้งให้ผู้สนใจเสนอซื้อทราบล่วงหน้า

https://www.google.com/maps/search/?api=1&query=18.732064,99.076387"
https://baan.kaidee.com/product-370412431,"ราคา: 10,000,000
เนื้อที่: 84 ตารางวา | เนื้อที่ 84 ตารางวา | ห้องนอน 1 ห้องนอน | ห้องน้ำ 1 ห้องน้ำ | เป็นทรัพย์รอการขาย ใช่
💖 บ้าน เมืองเชียงใหม่ ราคาพิเศษ! 💖
รหัสทรัพย์ ： DECHMSH0139001

สอบถามข้อมูลเพิ่มเติม นัดดูทรัพย์ >> 😊ทิ้งชื่อ เบอร์ติดต่อ ในแชท ให้เจ้าหน้าที่ขายติดต่อกลับได้เลยค่ะ😊 (บริษัทเปิดให้บริการติดต่อ วันจันทร์-ศุกร์ เวลา 9.00-17.00 ยกเว้นวันหยุดนักขัตฤกษ์)

บ้านเดี่ยว อาคารตึก 3 ชั้น จำนวน 1 คูหา รูปทรงปราสาทสไตรโรมัน (เดิม ทำเป็นสวนสนุกบ้านผีสิง)อยู่ในย่านใจกลางเมืองเหมาะสำหรับทำธุรกิจ หรือเปิดร้านค้าต่าง อยู่เยื้องตรงข้ามกับร้านร่มไม้ริมปิง ถนนเจริญประเทศ(สายโรงเรียนมงฟอร์ต ระดับประถม) ตำบลช้างคลาน

บริษัทขอสงวนสิทธิ์ในการเปลี่ยนแปลงรายละเอียดทรัพย์สิน ราคาตั้งขาย รวมถึงเงื่อนไขอื่นใด หรือยกเลิกการ ขายทรัพย์สินได้โดยไม่ต้องแจ้งให้ผู้สนใจเสนอซื้อทราบล่วงหน้า

https://www.google.com/maps/search/?api=1&query=18.76795196,99.00105129"
https://baan.kaidee.com/product-370412433,"ราคา: 1,100,000
เนื้อที่: 145 ตารางวา | เนื้อที่ 145 ตารางวา | ห้องนอน 1 ห้องนอน | ห้องน้ำ 1 ห้องน้ำ | เป็นทรัพย์รอการขาย ใช่
💖 บ้าน ฝาง ราคาพิเศษ! 💖
รหัสทรัพย์ ： DECHMSH0151001

สอบถามข้อมูลเพิ่มเติม นัดดูทรัพย์ >> 😊ทิ้งชื่อ เบอร์ติดต่อ ในแชท ให้เจ้าหน้าที่ขายติดต่อกลับได้เลยค่ะ😊 (บริษัทเปิดให้บริการติดต่อ วันจันทร์-ศุกร์ เวลา 9.00-17.00 ยกเว้นวันหยุดนักขัตฤกษ์)

บ้านสองแคว บ้านเดี่ยวชั้นเดียว พื้นที่ใช้สอย 72 ตร.ม. 1 ห้องนอน ห้องโถงใหญ่ 1 ห้องน้ำ เลขที่ 40 บ้านสองแคว ซอย 9 ห่างจากทางหลวงเชียงใหม่-ฝาง กม.145 ระยะทาง 400 ม.

บริษัทขอสงวนสิทธิ์ในการเปลี่ยนแปลงรายละเอียดทรัพย์สิน ราคาตั้งขาย รวมถึงเงื่อนไขอื่นใด หรือยกเลิกการ ขายทรัพย์สินได้โดยไม่ต้องแจ้งให้ผู้สนใจเสนอซื้อทราบล่วงหน้า

https://www.google.com/maps/search/?api=1&query=19.869001,99.178901"
https://baan.kaidee.com/product-370412434,"ราคา: 4,305,000
เนื้อที่: 63.8 ตารางวา | เนื้อที่ 63.8 ตารางวา | ห้องนอน 1 ห้องนอน | ห้องน้ำ 1 ห้องน้ำ | เป็นทรัพย์รอการขาย ใช่
💖 บ้าน สารภี ราคาพิเศษ! 💖
รหัสทรัพย์ ： DECHMSH0156001

สอบถามข้อมูลเพิ่มเติม นัดดูทรัพย์ >> 😊ทิ้งชื่อ เบอร์ติดต่อ ในแชท ให้เจ้าหน้าที่ขายติดต่อกลับได้เลยค่ะ😊 (บริษัทเปิดให้บริการติดต่อ วันจันทร์-ศุกร์ เวลา 9.00-17.00 ยกเว้นวันหยุดนักขัตฤกษ์)

หมู่บ้านรินรดา ที่ดินพร้อมบ้านตึก 2 ชั้น เลขที่ 55/131 อยู่ในโครงการหมู่บ้านรินรดา ห่างจากห้างสรรพสินค้า พรอเมนาด้าฯ ประมาณ 1.5 กม.ไปตามเส้นทางสายเชียงใหม่ - บ้านสหกรณ์สันกำแพง การคมนาคมสะดวก สาธารณูปโภคครบ เหมาะสำหรับอยู่อาศัย เลขที่ 55/131 หมู่บ้านรินรดา

บริษัทขอสงวนสิทธิ์ในการเปลี่ยนแปลงรายละเอียดทรัพย์สิน ราคาตั้งขาย รวมถึงเงื่อนไขอื่นใด หรือยกเลิกการ ขายทรัพย์สินได้โดยไม่ต้องแจ้งให้ผู้สนใจเสนอซื้อทราบล่วงหน้า

https://www.google.com/maps/search/?api=1&query=18.760266,99.049784"
https://baan.kaidee.com/product-370412438,"ราคา: 8,386,000
เนื้อที่: 155 ตารางวา | เนื้อที่ 155 ตารางวา | ห้องนอน 3 ห้องนอน | ห้องน้ำ 2 ห้องน้ำ | เป็นทรัพย์รอการขาย ใช่
💖 บ้าน หางดง ราคาพิเศษ! 💖
รหัสทรัพย์ ： DECHMSH0183001

สอบถามข้อมูลเพิ่มเติม นัดดูทรัพย์ >> 😊ทิ้งชื่อ เบอร์ติดต่อ ในแชท ให้เจ้าหน้าที่ขายติดต่อกลับได้เลยค่ะ😊 (บริษัทเปิดให้บริการติดต่อ วันจันทร์-ศุกร์ เวลา 9.00-17.00 ยกเว้นวันหยุดนักขัตฤกษ์)

บ้านพักอาศัย 3 ชั้น บ้านพักอาศัย ตึก 3 ชั้น ในโครงการหมู่บ้านเวิลด์คลับแลนด์ บ้านเลขที่ 178/958 หมู่บ้านเวิลด์คลับแลนด์ ฉ.57361 ถนนสายเชียงใหม่-ฮอด ต.หนองควาย อ.หางดง จ.เชียงใหม่

บริษัทขอสงวนสิทธิ์ในการเปลี่ยนแปลงรายละเอียดทรัพย์สิน ราคาตั้งขาย รวมถึงเงื่อนไขอื่นใด หรือยกเลิกการ ขายทรัพย์สินได้โดยไม่ต้องแจ้งให้ผู้สนใจเสนอซื้อทราบล่วงหน้า

https://www.google.com/maps/search/?api=1&query=18.7331,98.930685"
https://baan.kaidee.com/product-370412439,"ราคา: 2,200,000
เนื้อที่: 61.6 ตารางวา | เนื้อที่ 61.6 ตารางวา | ห้องนอน 1 ห้องนอน | ห้องน้ำ 1 ห้องน้ำ | เป็นทรัพย์รอการขาย ใช่
💖 บ้าน เมืองเชียงใหม่ ราคาพิเศษ! 💖
รหัสทรัพย์ ： DECHMSH0184001

สอบถามข้อมูลเพิ่มเติม นัดดูทรัพย์ >> 😊ทิ้งชื่อ เบอร์ติดต่อ ในแชท ให้เจ้าหน้าที่ขายติดต่อกลับได้เลยค่ะ😊 (บริษัทเปิดให้บริการติดต่อ วันจันทร์-ศุกร์ เวลา 9.00-17.00 ยกเว้นวันหยุดนักขัตฤกษ์)

ที่ดินพร้อมบ้านเดี่ยวชั้นเดียว ที่ดิน 61.6 ตรว.พร้อมบ้านเดี่ยวชั้นเดียว 1 หลัง อยู่ติดถนนบ้านป่าเป้า ซอย 4 ใกล้กับหมู่บ้านเชียงใหม่แกรนด์วิว และอยู่ห่างจากถนนวงแหวนรองกลาง ประมาณ 800 เมตร สภาพแวดล้อมเป็นที่อยู่อาศัย สาธารณูปโภคเข้าถึง เหมาะสำรับการอยู่อาศัย ตำบลแม่เหียะ

บริษัทขอสงวนสิทธิ์ในการเปลี่ยนแปลงรายละเอียดทรัพย์สิน ราคาตั้งขาย รวมถึงเงื่อนไขอื่นใด หรือยกเลิกการ ขายทรัพย์สินได้โดยไม่ต้องแจ้งให้ผู้สนใจเสนอซื้อทราบล่วงหน้า

https://www.google.com/maps/search/?api=1&query=18.7515744,98.9567039"
https://baan.kaidee.com/product-370412440,"ราคา: 1,307,000
เนื้อที่: 60 ตารางวา | เนื้อที่ 60 ตารางวา | ห้องนอน 1 ห้องนอน | ห้องน้ำ 1 ห้องน้ำ | เป็นทรัพย์รอการขาย ใช่
💖 บ้าน สันทราย ราคาพิเศษ! 💖
รหัสทรัพย์ ： DECHMSH0189001

สอบถามข้อมูลเพิ่มเติม นัดดูทรัพย์ >> 😊ทิ้งชื่อ เบอร์ติดต่อ ในแชท ให้เจ้าหน้าที่ขายติดต่อกลับได้เลยค่ะ😊 (บริษัทเปิดให้บริการติดต่อ วันจันทร์-ศุกร์ เวลา 9.00-17.00 ยกเว้นวันหยุดนักขัตฤกษ์)

บ้านเดี่ยว อาคารตึกชั้นเดียว กั้นแบ่งเป็นห้องแถว 4 ห้องติดต่อกัน ตั้งอยู่ในโครงการจัดสรร ถนนผ่านหน้าที่ดินเป็นทางสาธารณประโยชน์ เหมาะสำหรับอยู่อาศัย การคมนาคมสะดวก สาธารณูปโภคครบ ตั้งอยู่ในโครงการจัดสรร หมู่บ้านจันทราทรัพย์ทวี แยกจากซอยวัดข้าวแท่น 31 ตำบลเมืองเล็น

บริษัทขอสงวนสิทธิ์ในการเปลี่ยนแปลงรายละเอียดทรัพย์สิน ราคาตั้งขาย รวมถึงเงื่อนไขอื่นใด หรือยกเลิกการ ขายทรัพย์สินได้โดยไม่ต้องแจ้งให้ผู้สนใจเสนอซื้อทราบล่วงหน้า

https://www.google.com/maps/search/?api=1&query=18.87182383,99.0657774"
https://baan.kaidee.com/product-370412443,"ราคา: 8,995,000
เนื้อที่: 548 ตารางวา | เนื้อที่ 548 ตารางวา | ห้องนอน 1 ห้องนอน | ห้องน้ำ 1 ห้องน้ำ | เป็นทรัพย์รอการขาย ใช่
💖 บ้าน ไชยปราการ ราคาพิเศษ! 💖
รหัสทรัพย์ ： DECHMSH0193001

สอบถามข้อมูลเพิ่มเติม นัดดูทรัพย์ >> 😊ทิ้งชื่อ เบอร์ติดต่อ ในแชท ให้เจ้าหน้าที่ขายติดต่อกลับได้เลยค่ะ😊 (บริษัทเปิดให้บริการติดต่อ วันจันทร์-ศุกร์ เวลา 9.00-17.00 ยกเว้นวันหยุดนักขัตฤกษ์)

บ้านเดี่ยว ที่ดินพร้อมอาคารตึกสองชั้นครึ่งสภาพปานกลาง และโกดังไม้ผนังโล่งสภาพเก่า ติดทางหลวงเชียงใหม่-ฝาง ใกล้วัดอัญญวาสี, วัดปงตำ ติดซอยบ้านห้วยม่วงหมู่ 6 ซอย 3 ตำบลปงตำ

บริษัทขอสงวนสิทธิ์ในการเปลี่ยนแปลงรายละเอียดทรัพย์สิน ราคาตั้งขาย รวมถึงเงื่อนไขอื่นใด หรือยกเลิกการ ขายทรัพย์สินได้โดยไม่ต้องแจ้งให้ผู้สนใจเสนอซื้อทราบล่วงหน้า

https://www.google.com/maps/search/?api=1&query=19.759457,99.151477"
https://baan.kaidee.com/product-370412444,"ราคา: 1,554,000
เนื้อที่: 118 ตารางวา | เนื้อที่ 118 ตารางวา | ห้องนอน 1 ห้องนอน | ห้องน้ำ 1 ห้องน้ำ | เป็นทรัพย์รอการขาย ใช่
💖 บ้าน สันทราย ราคาพิเศษ! 💖
รหัสทรัพย์ ： DECHMSH0195001

สอบถามข้อมูลเพิ่มเติม นัดดูทรัพย์ >> 😊ทิ้งชื่อ เบอร์ติดต่อ ในแชท ให้เจ้าหน้าที่ขายติดต่อกลับได้เลยค่ะ😊 (บริษัทเปิดให้บริการติดต่อ วันจันทร์-ศุกร์ เวลา 9.00-17.00 ยกเว้นวันหยุดนักขัตฤกษ์)

บ้านครึ่งตึกครึ่งไม้ 2 ชั้น บ้านครึ่งตึกครึ่งไม้ 2 ชั้น ถมแล้ว เสมอถนน ขนาดที่ดินประมาณ 9x32 ม. มีลักษณะเป็นรูปหลายเหลี่ยม สิ่งปลูกสร้าง ขนาดประมาณ 10x18 ม., 228 ตรม. ทรัพย์มีไฟฟ้า/ประปาเข้าถึง ถนนผ่านหน้าทรัพย์เป็นถนนคอนกรีต(ทางสาธารณประโยชน์) ด้านทิศตะวันออกและทิศเหนือของทรัพย์ติดลำเหมืองสาธาณประโยชน์ ทรัพย์อยู่ห่างจากถนนสายเชียงใหม่-ดอยสะเก็ดประมาณ 3,630 ม. และอยู่ห่างจากตัวอำเภอสันทรายประมาณ 11 กม. สถานที่ใกล้เคียง เช่น โรงพยาบาลส่งเสริมสุขภาพตำบลบ้านร้องเม็ง, วัดบวกเปา, โรงเรียนวัดบวกเปา เป็นต้น บ้านเลขที่ 31/1 ซอยช่างเหล็ก 3 แยกจาก ทล.ชม.3012 ถนนสายเชียงใหม่-ดอยสะเก็ด (กม.9) ตำบลหนองแหย่ง

บริษัทขอสงวนสิทธิ์ในการเปลี่ยนแปลงรายละเอียดทรัพย์สิน ราคาตั้งขาย รวมถึงเงื่อนไขอื่นใด หรือยกเลิกการ ขายทรัพย์สินได้โดยไม่ต้องแจ้งให้ผู้สนใจเสนอซื้อทราบล่วงหน้า

https://www.google.com/maps/search/?api=1&query=18.879305,99.099068"
https://baan.kaidee.com/product-370412445,"ราคา: 2,300,000
เนื้อที่: 293.4 ตารางวา | เนื้อที่ 293.4 ตารางวา | ห้องนอน 3 ห้องนอน | ห้องน้ำ 2 ห้องน้ำ | เป็นทรัพย์รอการขาย ใช่
💖 บ้าน ดอยสะเก็ด ราคาพิเศษ! 💖
รหัสทรัพย์ ： DECHMSH0201001

สอบถามข้อมูลเพิ่มเติม นัดดูทรัพย์ >> 😊ทิ้งชื่อ เบอร์ติดต่อ ในแชท ให้เจ้าหน้าที่ขายติดต่อกลับได้เลยค่ะ😊 (บริษัทเปิดให้บริการติดต่อ วันจันทร์-ศุกร์ เวลา 9.00-17.00 ยกเว้นวันหยุดนักขัตฤกษ์)

บ้านตึกชั้นเดียวใต้ถุนสูง บ้านตึกพักอาศัยชั้นเดียวใต้ถุนสูง(หลังมุม) ประกอบด้วย 3 ห้องนอน 2 ห้องน้ำ 2 ที่จอดรถ ที่ดินมีลักษณะเป็นรูปหลายเหลี่ยม ขนาด 14x12 ม. พื้นที่ใช้สอย 208 ตรม. บ้านเลขที่ 148 ติดถนนสายบ้านป่าตึงน้อย หมู่ 1-บ้านทุ่งยาว หมู่ 8 ตำบลป่าป้อง อำเภอดอยสะเก็ด

บริษัทขอสงวนสิทธิ์ในการเปลี่ยนแปลงรายละเอียดทรัพย์สิน ราคาตั้งขาย รวมถึงเงื่อนไขอื่นใด หรือยกเลิกการ ขายทรัพย์สินได้โดยไม่ต้องแจ้งให้ผู้สนใจเสนอซื้อทราบล่วงหน้า

https://www.google.com/maps/search/?api=1&query=18.853688,99.14377"
https://baan.kaidee.com/product-370412448,"ราคา: 2,250,000
เนื้อที่: 37.2 ตารางวา | เนื้อที่ 37.2 ตารางวา | ห้องนอน 1 ห้องนอน | ห้องน้ำ 1 ห้องน้ำ | เป็นทรัพย์รอการขาย ใช่
💖 บ้าน สันกำแพง ราคาพิเศษ! 💖
รหัสทรัพย์ ： DECHMSH0211001

สอบถามข้อมูลเพิ่มเติม นัดดูทรัพย์ >> 😊ทิ้งชื่อ เบอร์ติดต่อ ในแชท ให้เจ้าหน้าที่ขายติดต่อกลับได้เลยค่ะ😊 (บริษัทเปิดให้บริการติดต่อ วันจันทร์-ศุกร์ เวลา 9.00-17.00 ยกเว้นวันหยุดนักขัตฤกษ์)

บ้านแฝด 2 ชั้น โครงการเดอะพรีโก้ บ้านแฝด 2 ชั้น ตั้งอยู่ในโครงการเดอะพรีโก้ ทรัพย์ถมแล้ว เสมอถนน ขนาดที่ดินประมาณ 10x14.5 ม. รูปร่างสี่เหลี่ยมผืนผ้า ขนาดสิ่งปลูกสร้างประมาณ 6x11 ม., 137 ตรม. ถนนผ่านหน้าทรัพย์เป็นถนนคอนกรีต(ถนนจัดสรร) มีไฟฟ้า/ประปาเข้าถึง การคมนาคมสะดวก สาธารณูปโภคครบครัน ทรัพย์อยู่ห่างจากถนนสายเชียงใหม่-บ้านสหกรณ์ ประมาณ 410 ม. และอยู่ห่างจากตัวเมืองเชียงใหม่ประมาณ 10 กม. สถานที่ใกล้เคียง เช่น ปั๊ม ปตท., ตลาดเจริญเจริญ, โรงเรียนอนุบาลเปรมฤดี เป็นต้น บ้านเลขที่ 194/9 ซอย 1 โครงการหมู่บ้านเดอะพรีโก้ ถนนสายเชียงใหม่-บ้านสหกรณ์ ตำบลต้นเปา

บริษัทขอสงวนสิทธิ์ในการเปลี่ยนแปลงรายละเอียดทรัพย์สิน ราคาตั้งขาย รวมถึงเงื่อนไขอื่นใด หรือยกเลิกการ ขายทรัพย์สินได้โดยไม่ต้องแจ้งให้ผู้สนใจเสนอซื้อทราบล่วงหน้า

https://www.google.com/maps/search/?api=1&query=18.74299089,99.07471379"
https://baan.kaidee.com/product-370412450,"ราคา: 3,668,000
เนื้อที่: 250 ตารางวา | เนื้อที่ 250 ตารางวา | ห้องนอน 3 ห้องนอน | ห้องน้ำ 2 ห้องน้ำ | เป็นทรัพย์รอการขาย ใช่
💖 บ้าน สันทราย ราคาพิเศษ! 💖
รหัสทรัพย์ ： DECHMSH0216001

สอบถามข้อมูลเพิ่มเติม นัดดูทรัพย์ >> 😊ทิ้งชื่อ เบอร์ติดต่อ ในแชท ให้เจ้าหน้าที่ขายติดต่อกลับได้เลยค่ะ😊 (บริษัทเปิดให้บริการติดต่อ วันจันทร์-ศุกร์ เวลา 9.00-17.00 ยกเว้นวันหยุดนักขัตฤกษ์)

- สิ่งปลูกสร้าง 3 รายการ 1.อาคารพักอาศัย 2 ชั้น 2.โรงครัวชั้นเดียว 3.อาคารห้องน้ำ บ้านเลขที่ 17 หมู่ที่ 1 ซอย 2 บ้านไร่พัฒนา ถนนสายเชียงใหม่-พร้าว(ทล.1001) ตำบลแม่แฝกใหม่ อำเภอสันทราย จังหวัดเชียงใหม่

บริษัทขอสงวนสิทธิ์ในการเปลี่ยนแปลงรายละเอียดทรัพย์สิน ราคาตั้งขาย รวมถึงเงื่อนไขอื่นใด หรือยกเลิกการ ขายทรัพย์สินได้โดยไม่ต้องแจ้งให้ผู้สนใจเสนอซื้อทราบล่วงหน้า

https://www.google.com/maps/search/?api=1&query=15.869039,104.52537"
https://baan.kaidee.com/product-370412452,"ราคา: 3,696,000
เนื้อที่: 36.2 ตารางวา | เนื้อที่ 36.2 ตารางวา | ห้องนอน 4 ห้องนอน | ห้องน้ำ 3 ห้องน้ำ | เป็นทรัพย์รอการขาย ใช่
💖 บ้าน เมืองเชียงใหม่ ราคาพิเศษ! 💖
รหัสทรัพย์ ： DECHMSH0218001

สอบถามข้อมูลเพิ่มเติม นัดดูทรัพย์ >> 😊ทิ้งชื่อ เบอร์ติดต่อ ในแชท ให้เจ้าหน้าที่ขายติดต่อกลับได้เลยค่ะ😊 (บริษัทเปิดให้บริการติดต่อ วันจันทร์-ศุกร์ เวลา 9.00-17.00 ยกเว้นวันหยุดนักขัตฤกษ์)

บ้านเดี่ยว บ้านแฝด 2 ชั้น 4 ห้องนอน 3 ห้องน้ำ ขนาดพื้นที่ใช้สอย 249 ตรม. 347 ถนนวังสิงห์คำ ต.ป่าตัน อ.เมืองเชียงใหม่ ห่างจากนนนซุปเปอร์ไฮเวย์เชียงใหม่-ลำปาง 250 เมตร

บริษัทขอสงวนสิทธิ์ในการเปลี่ยนแปลงรายละเอียดทรัพย์สิน ราคาตั้งขาย รวมถึงเงื่อนไขอื่นใด หรือยกเลิกการ ขายทรัพย์สินได้โดยไม่ต้องแจ้งให้ผู้สนใจเสนอซื้อทราบล่วงหน้า

https://www.google.com/maps/search/?api=1&query=18.80884,99.001971"
https://baan.kaidee.com/product-370412453,"ราคา: 926,000
เนื้อที่: 77 ตารางวา | เนื้อที่ 77 ตารางวา | ห้องนอน 1 ห้องนอน | ห้องน้ำ 1 ห้องน้ำ | เป็นทรัพย์รอการขาย ใช่
💖 บ้าน สันป่าตอง ราคาพิเศษ! 💖
รหัสทรัพย์ ： DECHMSH0224001

สอบถามข้อมูลเพิ่มเติม นัดดูทรัพย์ >> 😊ทิ้งชื่อ เบอร์ติดต่อ ในแชท ให้เจ้าหน้าที่ขายติดต่อกลับได้เลยค่ะ😊 (บริษัทเปิดให้บริการติดต่อ วันจันทร์-ศุกร์ เวลา 9.00-17.00 ยกเว้นวันหยุดนักขัตฤกษ์)

บ้านเดี่ยว ที่ดินพร้อมสิ่งปลูกสร้าง บ้านครึ่งตึกครึ่งไม้ 1 หลัง และโรงเก็บของ พื้นที่ใช้สอย 212 ตร.ม. 32 ซ.ท้องฝาย 5 บ้านร้องตีมีด ถ.ทุ่งเสี้ยว-บ้านเปียง (ชม.3006) ถ.เชียงใหม่-ฮอด(ทล.108)

บริษัทขอสงวนสิทธิ์ในการเปลี่ยนแปลงรายละเอียดทรัพย์สิน ราคาตั้งขาย รวมถึงเงื่อนไขอื่นใด หรือยกเลิกการ ขายทรัพย์สินได้โดยไม่ต้องแจ้งให้ผู้สนใจเสนอซื้อทราบล่วงหน้า

https://www.google.com/maps/search/?api=1&query=18.575991,98.85515"
https://baan.kaidee.com/product-370412454,"ราคา: 1,600,000
เนื้อที่: 58 ตารางวา | เนื้อที่ 58 ตารางวา | ห้องนอน 1 ห้องนอน | ห้องน้ำ 1 ห้องน้ำ | เป็นทรัพย์รอการขาย ใช่
💖 บ้าน สันกำแพง ราคาพิเศษ! 💖
รหัสทรัพย์ ： DECHMSH0228001

สอบถามข้อมูลเพิ่มเติม นัดดูทรัพย์ >> 😊ทิ้งชื่อ เบอร์ติดต่อ ในแชท ให้เจ้าหน้าที่ขายติดต่อกลับได้เลยค่ะ😊 (บริษัทเปิดให้บริการติดต่อ วันจันทร์-ศุกร์ เวลา 9.00-17.00 ยกเว้นวันหยุดนักขัตฤกษ์)

บ้านตึกชั้นเดียว โครงการซิตี้โฮมเพลส 4 บ้านตึกชั้นเดียว ตั้งอยู่ในโครงการหมู่บ้านซิตี้โฮมเพลส 4 ถมแล้ว เสมอถนน ขนาดที่ดินประมาณ 14x18 ม. รูปร่างสี่เหลี่ยมผืนผ้า ขนาดสิ่งปลูกสร้างประมาณ 9x8 ม., 102.46 ตร.ม. สาธารณูปโภคครบครัน การคมนาคมสะดวก ถนนผ่านหน้าทรัพย์เป็นถนนคอนกรีต(ถนนจัดสรร) ทรัพย์อยู่ห่างจากถนนสายเชียงใหม่-บ้านสหกรณ์ประมาณ 730 ม. และอยู่ห่างจากตัวเมืองเชียงใหม่ประมาณ 13 กม. สถานที่ใกล้เคียง เช่น ปั๊ม ปตท., หมู่บ้านศิริพร, ตลาดเจริญเจริญ เป็นต้น บ้านเลขที่ 195/5 ตั้งอยู่ในโครงการหมู่บ้านซิตี้โฮมเพลส 4 ถนนสายเชียงใหม่-บ้านสหกรณ์ ตำบลต้นเปา

บริษัทขอสงวนสิทธิ์ในการเปลี่ยนแปลงรายละเอียดทรัพย์สิน ราคาตั้งขาย รวมถึงเงื่อนไขอื่นใด หรือยกเลิกการ ขายทรัพย์สินได้โดยไม่ต้องแจ้งให้ผู้สนใจเสนอซื้อทราบล่วงหน้า

https://www.google.com/maps/search/?api=1&query=18.746657,99.064858"
https://baan.kaidee.com/product-370412457,"ราคา: 1,042,000
เนื้อที่: 141.2 ตารางวา | เนื้อที่ 141.2 ตารางวา | ห้องนอน 3 ห้องนอน | ห้องน้ำ 2 ห้องน้ำ | เป็นทรัพย์รอการขาย ใช่
💖 บ้าน ไชยปราการ ราคาพิเศษ! 💖
รหัสทรัพย์ ： DECHMSH0240001

สอบถามข้อมูลเพิ่มเติม นัดดูทรัพย์ >> 😊ทิ้งชื่อ เบอร์ติดต่อ ในแชท ให้เจ้าหน้าที่ขายติดต่อกลับได้เลยค่ะ😊 (บริษัทเปิดให้บริการติดต่อ วันจันทร์-ศุกร์ เวลา 9.00-17.00 ยกเว้นวันหยุดนักขัตฤกษ์)

. บ้านตึกชั้นเดียว ขนาด 6 X 18 เมตร พื้นที่ใช้สอย 108 ตรม. และอาคารโรงจอดรถ ขนาด 6 X 20 เมตร เลขที่ 391 หมู่ที่ 2 ห่างจากทางหลวงสายเชียงใหม่ - ฝาง ประมาณ 800 เมตร ตำบลปงตำ

บริษัทขอสงวนสิทธิ์ในการเปลี่ยนแปลงรายละเอียดทรัพย์สิน ราคาตั้งขาย รวมถึงเงื่อนไขอื่นใด หรือยกเลิกการ ขายทรัพย์สินได้โดยไม่ต้องแจ้งให้ผู้สนใจเสนอซื้อทราบล่วงหน้า

https://www.google.com/maps/search/?api=1&query=19.745095,99.136511"
https://baan.kaidee.com/product-370412460,"ราคา: 32,000,000
เนื้อที่: 1409.5 ตารางวา | เนื้อที่ 1409.5 ตารางวา | ห้องนอน 1 ห้องนอน | ห้องน้ำ 1 ห้องน้ำ | เป็นทรัพย์รอการขาย ใช่
💖 บ้าน เมืองเชียงใหม่ ราคาพิเศษ! 💖
รหัสทรัพย์ ： DECHMSH0261001

สอบถามข้อมูลเพิ่มเติม นัดดูทรัพย์ >> 😊ทิ้งชื่อ เบอร์ติดต่อ ในแชท ให้เจ้าหน้าที่ขายติดต่อกลับได้เลยค่ะ😊 (บริษัทเปิดให้บริการติดต่อ วันจันทร์-ศุกร์ เวลา 9.00-17.00 ยกเว้นวันหยุดนักขัตฤกษ์)

บ้านเดี่ยวตึก 2 ชั้น จำนวน 3 หลัง ทรัพย์เป็นที่ดิน 8 โฉนดติดกัน เนื้อที่รวม 3-2-09.5 ไร่ พร้อมสิ่งปลูกสร้าง 4 รายการ ประกอบด้วย บ้านตึกพักอาศัย 2 ชั้น จำนวน 3 หลัง และ บ้านพักคนงานตึกชั้นเดียว 1 ชั้น ติดถนนดอนจั่นพัฒนา ต.ท่าศาลา อ.เมืองเชียงใหม่ จ.เชียงใหม่ สภาพแวดล้อมเป็นที่พักอาศัย ติดถนนดอนจั่นพัฒนา แยกจากถนนสายลำปาง-เชียงใหม่ (ทล.11) ต.ท่าศาลา อ.เมืองเชียงใหม่ จ.เชียงใหม่

บริษัทขอสงวนสิทธิ์ในการเปลี่ยนแปลงรายละเอียดทรัพย์สิน ราคาตั้งขาย รวมถึงเงื่อนไขอื่นใด หรือยกเลิกการ ขายทรัพย์สินได้โดยไม่ต้องแจ้งให้ผู้สนใจเสนอซื้อทราบล่วงหน้า

https://www.google.com/maps/search/?api=1&query=18.763733,99.031636"
https://baan.kaidee.com/product-370412461,"ราคา: 2,455,000
เนื้อที่: 118.5 ตารางวา | เนื้อที่ 118.5 ตารางวา | ห้องนอน 3 ห้องนอน | ห้องน้ำ 2 ห้องน้ำ | เป็นทรัพย์รอการขาย ใช่
💖 บ้าน สันทราย ราคาพิเศษ! 💖
รหัสทรัพย์ ： DECHMSH0263001

สอบถามข้อมูลเพิ่มเติม นัดดูทรัพย์ >> 😊ทิ้งชื่อ เบอร์ติดต่อ ในแชท ให้เจ้าหน้าที่ขายติดต่อกลับได้เลยค่ะ😊 (บริษัทเปิดให้บริการติดต่อ วันจันทร์-ศุกร์ เวลา 9.00-17.00 ยกเว้นวันหยุดนักขัตฤกษ์)

คุรุสภา บ้านพักอาศัยตึกชั้นเดียว ต่อเติมด้านข้างเป็นห้องโถง ด้านหลังเป็นโรงจอดรถและส่วนโล่งหลังคาคลุม พื้นที่ใช้สอยประมาณ 180.35 ตร.ม. เลขที่ 188/327 มุมซอยคุรุสภา 13 ห่างจากถนนสายเชียงใหม่-ดอยสะเก็ด(ทล.118) ประมาณ 600 ม.

บริษัทขอสงวนสิทธิ์ในการเปลี่ยนแปลงรายละเอียดทรัพย์สิน ราคาตั้งขาย รวมถึงเงื่อนไขอื่นใด หรือยกเลิกการ ขายทรัพย์สินได้โดยไม่ต้องแจ้งให้ผู้สนใจเสนอซื้อทราบล่วงหน้า

https://www.google.com/maps/search/?api=1&query=18.832885,99.064658"
https://baan.kaidee.com/product-370412462,"ราคา: 4,410,000
เนื้อที่: 67.4 ตารางวา | เนื้อที่ 67.4 ตารางวา | ห้องนอน 3 ห้องนอน | ห้องน้ำ 2 ห้องน้ำ | เป็นทรัพย์รอการขาย ใช่
💖 บ้าน ดอยสะเก็ด ราคาพิเศษ! 💖
รหัสทรัพย์ ： DECHMSH0265001

สอบถามข้อมูลเพิ่มเติม นัดดูทรัพย์ >> 😊ทิ้งชื่อ เบอร์ติดต่อ ในแชท ให้เจ้าหน้าที่ขายติดต่อกลับได้เลยค่ะ😊 (บริษัทเปิดให้บริการติดต่อ วันจันทร์-ศุกร์ เวลา 9.00-17.00 ยกเว้นวันหยุดนักขัตฤกษ์)

วรารมย์ แก้วนวรัฐ ที่ดินพร้อมสิ่งปลูกสร้าง ทรัพย์เป็นบ้านเดี่ยว 2 ชั้น ขนาด 8.10 x 8.30 ม. พื้นที่ใช้สอย 143 ตรม. พร้อมสิ่งอำนวยความสะดวกครบครัน และพื้นที่ ส่วนกลาง อาทิ ฟิตเนส, สระว่ายน้ำ พร้อมระบบรักษาความปลอดภัย รปภ. 24 ชม.
เลขที่ 333/243 ซอย 5/1 อยู่ในหมู่บ้านวรารมย์ แก้วนวรัฐ ติดถนนวงแหวนรอบนอก (ทล.121) ต.สันปูเลย อ.ดอยสะเก็ด จ.เชียงใหม่

บริษัทขอสงวนสิทธิ์ในการเปลี่ยนแปลงรายละเอียดทรัพย์สิน ราคาตั้งขาย รวมถึงเงื่อนไขอื่นใด หรือยกเลิกการ ขายทรัพย์สินได้โดยไม่ต้องแจ้งให้ผู้สนใจเสนอซื้อทราบล่วงหน้า

https://www.google.com/maps/search/?api=1&query=18.818072,99.055262"
https://baan.kaidee.com/product-370412463,"ราคา: 4,100,000
เนื้อที่: 67.5 ตารางวา | เนื้อที่ 67.5 ตารางวา | ห้องนอน 3 ห้องนอน | ห้องน้ำ 3 ห้องน้ำ | เป็นทรัพย์รอการขาย ใช่
💖 บ้าน สันกำแพง ราคาพิเศษ! 💖
รหัสทรัพย์ ： DECHMSH0266001

สอบถามข้อมูลเพิ่มเติม นัดดูทรัพย์ >> 😊ทิ้งชื่อ เบอร์ติดต่อ ในแชท ให้เจ้าหน้าที่ขายติดต่อกลับได้เลยค่ะ😊 (บริษัทเปิดให้บริการติดต่อ วันจันทร์-ศุกร์ เวลา 9.00-17.00 ยกเว้นวันหยุดนักขัตฤกษ์)

ดิ เอสตรีม เชียงใหม่ บ้านตึก 2 ชั้น พท.ใช้สอย 184 ตร.ม. ประกอบด้วย 3 ห้องนอน 3 ห้องน้ำ พร้อมสิ่งอำนวยความสะดวกครบครัน และพื้นที่ส่วนกลาง อาทิ ฟิตเนส , สระว่ายน้ำ พร้อมระบบรักษาความปลอดภัย ตั้งอยู่บนถนนสายบ่อสร้าง-ดอยสะเก็ด(ทล.1014) กม.15+550 เมตร เลี้ยวขวาเช้าโครงการ

บริษัทขอสงวนสิทธิ์ในการเปลี่ยนแปลงรายละเอียดทรัพย์สิน ราคาตั้งขาย รวมถึงเงื่อนไขอื่นใด หรือยกเลิกการ ขายทรัพย์สินได้โดยไม่ต้องแจ้งให้ผู้สนใจเสนอซื้อทราบล่วงหน้า

https://www.google.com/maps/search/?api=1&query=18.754979,99.068263"
https://baan.kaidee.com/product-370412465,"ราคา: 3,200,000
เนื้อที่: 61.7 ตารางวา | เนื้อที่ 61.7 ตารางวา | ห้องนอน 1 ห้องนอน | ห้องน้ำ 1 ห้องน้ำ | เป็นทรัพย์รอการขาย ใช่
💖 บ้าน สันทราย ราคาพิเศษ! 💖
รหัสทรัพย์ ： DECHMSH0272001

สอบถามข้อมูลเพิ่มเติม นัดดูทรัพย์ >> 😊ทิ้งชื่อ เบอร์ติดต่อ ในแชท ให้เจ้าหน้าที่ขายติดต่อกลับได้เลยค่ะ😊 (บริษัทเปิดให้บริการติดต่อ วันจันทร์-ศุกร์ เวลา 9.00-17.00 ยกเว้นวันหยุดนักขัตฤกษ์)

ชลลดา บ้านเดี้ยว 2 ชั้น, 3 ห้องนอน, 2 ห้องน้ำ, 1 ห้องครัว, 1 ห้องนั่งเล่น และพื้นที่ ส่วนกลาง อาทิ ฟิตเนส, สระว่ายน้ำ พร้อมระบบรักษาความปลอดภัย รปภ. 24 ชม., คีย์การ์ดเข้า-ออก โครงการ เลขที่ 189/206 ในโครงการแลนด์แอนด์เฮาส์ หมู่บ้านชลลดา หัวมุม ซอย 18

บริษัทขอสงวนสิทธิ์ในการเปลี่ยนแปลงรายละเอียดทรัพย์สิน ราคาตั้งขาย รวมถึงเงื่อนไขอื่นใด หรือยกเลิกการ ขายทรัพย์สินได้โดยไม่ต้องแจ้งให้ผู้สนใจเสนอซื้อทราบล่วงหน้า

https://www.google.com/maps/search/?api=1&query=18.8713825,99.00594025"
https://baan.kaidee.com/product-370412468,"ราคา: 2,000,000
เนื้อที่: 65 ตารางวา | เนื้อที่ 65 ตารางวา | ห้องนอน 2 ห้องนอน | ห้องน้ำ 2 ห้องน้ำ | เป็นทรัพย์รอการขาย ใช่
💖 บ้าน สารภี ราคาพิเศษ! 💖
รหัสทรัพย์ ： DECHMSH0282001

สอบถามข้อมูลเพิ่มเติม นัดดูทรัพย์ >> 😊ทิ้งชื่อ เบอร์ติดต่อ ในแชท ให้เจ้าหน้าที่ขายติดต่อกลับได้เลยค่ะ😊 (บริษัทเปิดให้บริการติดต่อ วันจันทร์-ศุกร์ เวลา 9.00-17.00 ยกเว้นวันหยุดนักขัตฤกษ์)

บ้านตึกชั้นเดียวในโครงการบ้านรื่นรมย์ บ้านตึกชั้นเดียวสภาพปานกลาง ขนาด 106 ตรม. อายุอาคาร 12 ปี ประกอบไปด้วย 2 ห้องนอน 2 ห้องน้ำ ด้านหน้าติดถนนในโครงการบ้านรื่นรมย์ 276/36 หมู่ที่ 1 บ้านรื่นรมย์ ต.หนองผึ้ง อ.สารภี จ.เชียงใหม่

บริษัทขอสงวนสิทธิ์ในการเปลี่ยนแปลงรายละเอียดทรัพย์สิน ราคาตั้งขาย รวมถึงเงื่อนไขอื่นใด หรือยกเลิกการ ขายทรัพย์สินได้โดยไม่ต้องแจ้งให้ผู้สนใจเสนอซื้อทราบล่วงหน้า

https://www.google.com/maps/search/?api=1&query=18.749584,99.005423"
https://baan.kaidee.com/product-370412469,"ราคา: 1,429,000
เนื้อที่: 130 ตารางวา | เนื้อที่ 130 ตารางวา | ห้องนอน 6 ห้องนอน | ห้องน้ำ 3 ห้องน้ำ | เป็นทรัพย์รอการขาย ใช่
💖 บ้าน พร้าว ราคาพิเศษ! 💖
รหัสทรัพย์ ： DECHMSH0285001

สอบถามข้อมูลเพิ่มเติม นัดดูทรัพย์ >> 😊ทิ้งชื่อ เบอร์ติดต่อ ในแชท ให้เจ้าหน้าที่ขายติดต่อกลับได้เลยค่ะ😊 (บริษัทเปิดให้บริการติดต่อ วันจันทร์-ศุกร์ เวลา 9.00-17.00 ยกเว้นวันหยุดนักขัตฤกษ์)

บ้านเดียว เชียงใหม่ บ้านเดี่ยว 2 ชั้น มีชั้นลอย ประกอบด้วย 6 ห้องนอน 3 ห้องน้ำ 1 ห้องครัว 1 ที่จอดรถ ขนาด 6*13 เมตร สภาพปานกลาง อยู่บนถนนสายบ้านทุ่งกู่-บ้านสันคะมอก ห่างจากถนนสายเปิงโค้ง-พร้าว(ทล.1150) กม.32+430 เมตร ประมาณ 1.8 กม.

บริษัทขอสงวนสิทธิ์ในการเปลี่ยนแปลงรายละเอียดทรัพย์สิน ราคาตั้งขาย รวมถึงเงื่อนไขอื่นใด หรือยกเลิกการ ขายทรัพย์สินได้โดยไม่ต้องแจ้งให้ผู้สนใจเสนอซื้อทราบล่วงหน้า

https://www.google.com/maps/search/?api=1&query=19.377885,99.233648"
https://baan.kaidee.com/product-370412471,"ราคา: 703,000
เนื้อที่: 125 ตารางวา | เนื้อที่ 125 ตารางวา | ห้องนอน 1 ห้องนอน | ห้องน้ำ 1 ห้องน้ำ | เป็นทรัพย์รอการขาย ใช่
💖 บ้าน สันทราย ราคาพิเศษ! 💖
รหัสทรัพย์ ： DECHMSH0286001

สอบถามข้อมูลเพิ่มเติม นัดดูทรัพย์ >> 😊ทิ้งชื่อ เบอร์ติดต่อ ในแชท ให้เจ้าหน้าที่ขายติดต่อกลับได้เลยค่ะ😊 (บริษัทเปิดให้บริการติดต่อ วันจันทร์-ศุกร์ เวลา 9.00-17.00 ยกเว้นวันหยุดนักขัตฤกษ์)

- บ้านตึกชั้นเดียว ขนด 7 x 15 เมตร ปลูกสร้างมาแล้ว 9 ปี เลขที่ 132(ไม่ติดเลขที่) หมู่ที่ 7 ถนนสายเชียงใหม่-สันทราย(ทล.1367) บริเวณ กม.ที่7+450 เข้าซอยบ้านต้นซาง 31 เข้าไป 1.5 กม. ถึงซอยไปบ้านป่าตอง ไปอีก 350 เมตร ถึงซอยไม่มีชื่อ เข้าไป 170 เมตร ถึงที่ตั้งทรัพย์ อยู่ขวามือ

บริษัทขอสงวนสิทธิ์ในการเปลี่ยนแปลงรายละเอียดทรัพย์สิน ราคาตั้งขาย รวมถึงเงื่อนไขอื่นใด หรือยกเลิกการ ขายทรัพย์สินได้โดยไม่ต้องแจ้งให้ผู้สนใจเสนอซื้อทราบล่วงหน้า

https://www.google.com/maps/search/?api=1&query=18.862402,99.043817"
https://baan.kaidee.com/product-370412473,"ราคา: 6,080,000
เนื้อที่: 100 ตารางวา | เนื้อที่ 100 ตารางวา | ห้องนอน 1 ห้องนอน | ห้องน้ำ 1 ห้องน้ำ | เป็นทรัพย์รอการขาย ใช่
💖 บ้าน สารภี ราคาพิเศษ! 💖
รหัสทรัพย์ ： DECHMSH0295001

สอบถามข้อมูลเพิ่มเติม นัดดูทรัพย์ >> 😊ทิ้งชื่อ เบอร์ติดต่อ ในแชท ให้เจ้าหน้าที่ขายติดต่อกลับได้เลยค่ะ😊 (บริษัทเปิดให้บริการติดต่อ วันจันทร์-ศุกร์ เวลา 9.00-17.00 ยกเว้นวันหยุดนักขัตฤกษ์)

บ้านตึก 2 ชั้น พร้อมชั้นดาดฟ้าโครงการกุลพันธ์วิลล์ 12 ที่ดินพร้อมบ้านตึก 2 ชั้นมีดาดฟ้า สภาพปานกลาง พื้นที่ใช้สอยภายใน 331.75 ตรม. ตั้งอยู่ในโครงการกุลพันธ์วิลล์ 12 เดิมเปิดเป็นธุรกิจสปานวดตัว โครงการกุลพันธ์ุวิลล์ 12 ถนนวงแหวนรอบนอก ต.ป่าบง

บริษัทขอสงวนสิทธิ์ในการเปลี่ยนแปลงรายละเอียดทรัพย์สิน ราคาตั้งขาย รวมถึงเงื่อนไขอื่นใด หรือยกเลิกการ ขายทรัพย์สินได้โดยไม่ต้องแจ้งให้ผู้สนใจเสนอซื้อทราบล่วงหน้า

https://www.google.com/maps/search/?api=1&query=18.738905,99.05095"
https://baan.kaidee.com/product-370412477,"ราคา: 2,325,000
เนื้อที่: 131 ตารางวา | เนื้อที่ 131 ตารางวา | ห้องนอน 1 ห้องนอน | ห้องน้ำ 1 ห้องน้ำ | เป็นทรัพย์รอการขาย ใช่
💖 บ้าน สันป่าตอง ราคาพิเศษ! 💖
รหัสทรัพย์ ： DECHMSH0301001

สอบถามข้อมูลเพิ่มเติม นัดดูทรัพย์ >> 😊ทิ้งชื่อ เบอร์ติดต่อ ในแชท ให้เจ้าหน้าที่ขายติดต่อกลับได้เลยค่ะ😊 (บริษัทเปิดให้บริการติดต่อ วันจันทร์-ศุกร์ เวลา 9.00-17.00 ยกเว้นวันหยุดนักขัตฤกษ์)

บ้านตึกครึ่งไม้ 2 ชั้น บ้านทุ้งเสี้ยว ที่ดินพร้อมสิ่งปลูกสร้าง 3 รายการ ได้แก่ บ้านตึก 2 ชั้น พื้นที่ใช้สอยภายใน 221 ตรม. อาคารห้องครัวชั้นเดียวพท. 18 ตรม. และอาคารโรงจอดรถ(ปลูกสร้างล้ำไปยังพื้นที่ดินผู้อื่น) ด้านหน้าติดถนนทุ้งเสี้ยวซอย 32 ห่างถนนบ้านทุ่งเสี้ยว 50 เมตร 306 หมู่ 3 ถนนทุ่งเสี้ยว ต.บ้างกลาง อ.สันป่าตอง จ.เชียงใหม่

บริษัทขอสงวนสิทธิ์ในการเปลี่ยนแปลงรายละเอียดทรัพย์สิน ราคาตั้งขาย รวมถึงเงื่อนไขอื่นใด หรือยกเลิกการ ขายทรัพย์สินได้โดยไม่ต้องแจ้งให้ผู้สนใจเสนอซื้อทราบล่วงหน้า

https://www.google.com/maps/search/?api=1&query=18.56767,98.87081"
https://baan.kaidee.com/product-370412478,"ราคา: 1,351,000
เนื้อที่: 220.6 ตารางวา | เนื้อที่ 220.6 ตารางวา | ห้องนอน 1 ห้องนอน | ห้องน้ำ 1 ห้องน้ำ | เป็นทรัพย์รอการขาย ใช่
💖 บ้าน สันป่าตอง ราคาพิเศษ! 💖
รหัสทรัพย์ ： DECHMSH0312001

สอบถามข้อมูลเพิ่มเติม นัดดูทรัพย์ >> 😊ทิ้งชื่อ เบอร์ติดต่อ ในแชท ให้เจ้าหน้าที่ขายติดต่อกลับได้เลยค่ะ😊 (บริษัทเปิดให้บริการติดต่อ วันจันทร์-ศุกร์ เวลา 9.00-17.00 ยกเว้นวันหยุดนักขัตฤกษ์)

บ้านตึกครึ่งไม้ 2 ชั้น ที่ดิน 2 แปลงติดกัน พร้อมสิ่งปลูกสร้างบ้านตึกครึ่งไม้ 2 ชั้น ติดถนนสาธารณะ 1 แปลงเป็นทางเข้า ทั้งสองแปลงคั่นด้วยลำเหมืองสาธารณะ โดยมีสะพานข้าม สิ่งปลูกสร้างบ้านตึกครึ่งไม้ 2 ชั้น พท.160 ตรม. ใกล้ตลาดทุ่งเสี้ยว 234/1 ต.บ้านกลาง อ.สันป่าตอง จ.เชียงใหม่

บริษัทขอสงวนสิทธิ์ในการเปลี่ยนแปลงรายละเอียดทรัพย์สิน ราคาตั้งขาย รวมถึงเงื่อนไขอื่นใด หรือยกเลิกการ ขายทรัพย์สินได้โดยไม่ต้องแจ้งให้ผู้สนใจเสนอซื้อทราบล่วงหน้า

https://www.google.com/maps/search/?api=1&query=18.5632,98.86947"
https://baan.kaidee.com/product-370412479,"ราคา: 4,515,000
เนื้อที่: 85.6 ตารางวา | เนื้อที่ 85.6 ตารางวา | ห้องนอน 1 ห้องนอน | ห้องน้ำ 1 ห้องน้ำ | เป็นทรัพย์รอการขาย ใช่
💖 บ้าน สารภี ราคาพิเศษ! 💖
รหัสทรัพย์ ： DECHMSH0313001

สอบถามข้อมูลเพิ่มเติม นัดดูทรัพย์ >> 😊ทิ้งชื่อ เบอร์ติดต่อ ในแชท ให้เจ้าหน้าที่ขายติดต่อกลับได้เลยค่ะ😊 (บริษัทเปิดให้บริการติดต่อ วันจันทร์-ศุกร์ เวลา 9.00-17.00 ยกเว้นวันหยุดนักขัตฤกษ์)

บ้านตึก 2 ชั้นในโครงการกุลพันธุ์วิลล์ 12 เป็นที่ดินพร้อมสิ่งปลูกสร้าง บ้านตึก 2 ชั้น พื้นที่ใช้สอยภายใน 292 ตรม. ตั้งอยู่ในโครงการกุลพันธุ์วิลล์ 12 บ้านเลขที่ 22/27 ติดถนนภายในโครงการกว้าง 18.50 เมตร ใกล้กับถนนวงแหวนรอบนอก 22/27 โครงการกุลพันธ์ุวิลล์ 12 ต.ป่าบง อ.สารภี จ.เชียงใหม่

บริษัทขอสงวนสิทธิ์ในการเปลี่ยนแปลงรายละเอียดทรัพย์สิน ราคาตั้งขาย รวมถึงเงื่อนไขอื่นใด หรือยกเลิกการ ขายทรัพย์สินได้โดยไม่ต้องแจ้งให้ผู้สนใจเสนอซื้อทราบล่วงหน้า

https://www.google.com/maps/search/?api=1&query=18.741862,99.049434"
https://baan.kaidee.com/product-370412480,"ราคา: 2,714,000
เนื้อที่: 181.8 ตารางวา | เนื้อที่ 181.8 ตารางวา | ห้องนอน 1 ห้องนอน | ห้องน้ำ 1 ห้องน้ำ | เป็นทรัพย์รอการขาย ใช่
💖 บ้าน ดอยสะเก็ด ราคาพิเศษ! 💖
รหัสทรัพย์ ： DECHMSH0314001

สอบถามข้อมูลเพิ่มเติม นัดดูทรัพย์ >> 😊ทิ้งชื่อ เบอร์ติดต่อ ในแชท ให้เจ้าหน้าที่ขายติดต่อกลับได้เลยค่ะ😊 (บริษัทเปิดให้บริการติดต่อ วันจันทร์-ศุกร์ เวลา 9.00-17.00 ยกเว้นวันหยุดนักขัตฤกษ์)

บ้านเดี่ยว บ้านตึกพักอาศัยชั้นเดียว ที่จอดรถ ขนาดอาคาร 10x15 ม. พื้นที่ใช้สอยประมาณ 150 ตรม.ที่ดินมีลักษณะเป็นรูปสี่เหลี่ยมผืนผ้า หน้ากว้าง 18 ม. ลึก 45 ม. เลขที่ 168/2 หมูที่ 2 บ้านป่าไม้แดง ติดถนนสายบ้านป่าไผ่ - บ้านป่าไม้แดง (ชม.12002) ตำบลป่าป้อง อำเภอดอยสะเก็ด จังหวัดเชียงใหม่

บริษัทขอสงวนสิทธิ์ในการเปลี่ยนแปลงรายละเอียดทรัพย์สิน ราคาตั้งขาย รวมถึงเงื่อนไขอื่นใด หรือยกเลิกการ ขายทรัพย์สินได้โดยไม่ต้องแจ้งให้ผู้สนใจเสนอซื้อทราบล่วงหน้า

https://www.google.com/maps/search/?api=1&query=18.837872,99.151048"
https://baan.kaidee.com/product-370412481,"ราคา: 5,047,000
เนื้อที่: 947 ตารางวา | เนื้อที่ 947 ตารางวา | ห้องนอน 1 ห้องนอน | ห้องน้ำ 1 ห้องน้ำ | เป็นทรัพย์รอการขาย ใช่
💖 บ้าน ฝาง ราคาพิเศษ! 💖
รหัสทรัพย์ ： DECHMSH0317001

สอบถามข้อมูลเพิ่มเติม นัดดูทรัพย์ >> 😊ทิ้งชื่อ เบอร์ติดต่อ ในแชท ให้เจ้าหน้าที่ขายติดต่อกลับได้เลยค่ะ😊 (บริษัทเปิดให้บริการติดต่อ วันจันทร์-ศุกร์ เวลา 9.00-17.00 ยกเว้นวันหยุดนักขัตฤกษ์)

บ้านเดี่ยว เชียงใหม่ บ้านตึกชั้นเดียว 1 หลัง ขนาด 21.83x24 เมตร , ส่วนโล่งหลังคาคลุม ขนาด 4x6 เมตร และอาคารปูน 2 หลัง ขนาด 3x6 และ 4x8 เมตร เลขที่ 148/*2 หมู่ 14 ถนนสายแม่งอน-ดอยอ่างข่าง(ทล.1249) ติด อบต.แม่งอน

บริษัทขอสงวนสิทธิ์ในการเปลี่ยนแปลงรายละเอียดทรัพย์สิน ราคาตั้งขาย รวมถึงเงื่อนไขอื่นใด หรือยกเลิกการ ขายทรัพย์สินได้โดยไม่ต้องแจ้งให้ผู้สนใจเสนอซื้อทราบล่วงหน้า

https://www.google.com/maps/search/?api=1&query=19.801714,99.160914"
https://baan.kaidee.com/product-370412486,"ราคา: 2,945,000
เนื้อที่: 63 ตารางวา | เนื้อที่ 63 ตารางวา | ห้องนอน 1 ห้องนอน | ห้องน้ำ 1 ห้องน้ำ | เป็นทรัพย์รอการขาย ใช่
💖 บ้าน สันทราย ราคาพิเศษ! 💖
รหัสทรัพย์ ： DECHMSH0320001

สอบถามข้อมูลเพิ่มเติม นัดดูทรัพย์ >> 😊ทิ้งชื่อ เบอร์ติดต่อ ในแชท ให้เจ้าหน้าที่ขายติดต่อกลับได้เลยค่ะ😊 (บริษัทเปิดให้บริการติดต่อ วันจันทร์-ศุกร์ เวลา 9.00-17.00 ยกเว้นวันหยุดนักขัตฤกษ์)

นันทนา 1 บ้านเดี่ยว 2 ชั้น, 3 ห้องนอน, 2 ห้องน้ำ, 1 ห้องครัว, 1 ห้องนั่งเล่น, 2 ที่จอดรถ พื้นที่ใช้สอยประมาณ 146 ตร.ม. มีพื้นที่ ส่วนกลาง อาทิ ฟิตเนส, สระว่ายน้ำ พร้อมระบบรักษาความปลอดภัย รปภ. 24 ชม. คีย์การ์ดเข้า-ออก โครงการ เลขที่ 322/128 หมู่บ้านนันทนา 1 ซอย 11 ในโครงการแลนด์ แอนด์ เฮ้าส์ แยกจากถนนสายเชียงใหม่-พร้าว(ทล.1001) เข้าไปประมาณ 840 เมตร

บริษัทขอสงวนสิทธิ์ในการเปลี่ยนแปลงรายละเอียดทรัพย์สิน ราคาตั้งขาย รวมถึงเงื่อนไขอื่นใด หรือยกเลิกการ ขายทรัพย์สินได้โดยไม่ต้องแจ้งให้ผู้สนใจเสนอซื้อทราบล่วงหน้า

https://www.google.com/maps/search/?api=1&query=18.86238172,99.00956909"
https://baan.kaidee.com/product-370412487,"ราคา: 2,200,000
เนื้อที่: 100 ตารางวา | เนื้อที่ 100 ตารางวา | ห้องนอน 3 ห้องนอน | ห้องน้ำ 2 ห้องน้ำ | เป็นทรัพย์รอการขาย ใช่
💖 บ้าน สารภี ราคาพิเศษ! 💖
รหัสทรัพย์ ： DECHMSH0323001

สอบถามข้อมูลเพิ่มเติม นัดดูทรัพย์ >> 😊ทิ้งชื่อ เบอร์ติดต่อ ในแชท ให้เจ้าหน้าที่ขายติดต่อกลับได้เลยค่ะ😊 (บริษัทเปิดให้บริการติดต่อ วันจันทร์-ศุกร์ เวลา 9.00-17.00 ยกเว้นวันหยุดนักขัตฤกษ์)

บ้านตึก 2 ชั้น ชุมชนบ้านปากกอง ที่ดินพร้อมสิ่งปลูกสร้างบ้านตึก 2 ชั้น สภาพปานกลาง พื้นที่ใช้สอยภายในอาคาร 160 ตรม.แบ่งเป็น 3 ห้องนอน 2 ห้องน้ำ 1 ครัว ต.ยางเนิ้ง อ.สารภี จ.เชียงใหม่ ห่างจากวัดปากกอง 500 เมตร

บริษัทขอสงวนสิทธิ์ในการเปลี่ยนแปลงรายละเอียดทรัพย์สิน ราคาตั้งขาย รวมถึงเงื่อนไขอื่นใด หรือยกเลิกการ ขายทรัพย์สินได้โดยไม่ต้องแจ้งให้ผู้สนใจเสนอซื้อทราบล่วงหน้า

https://www.google.com/maps/search/?api=1&query=18.69993,99.04106"
https://baan.kaidee.com/product-370412490,"ราคา: 1,527,000
เนื้อที่: 113 ตารางวา | เนื้อที่ 113 ตารางวา | ห้องนอน 6 ห้องนอน | ห้องน้ำ 3 ห้องน้ำ | เป็นทรัพย์รอการขาย ใช่
💖 บ้าน สันป่าตอง ราคาพิเศษ! 💖
รหัสทรัพย์ ： DECHMSH0328001

สอบถามข้อมูลเพิ่มเติม นัดดูทรัพย์ >> 😊ทิ้งชื่อ เบอร์ติดต่อ ในแชท ให้เจ้าหน้าที่ขายติดต่อกลับได้เลยค่ะ😊 (บริษัทเปิดให้บริการติดต่อ วันจันทร์-ศุกร์ เวลา 9.00-17.00 ยกเว้นวันหยุดนักขัตฤกษ์)

บ้านเดี่ยว 1 ชั้นครึ่ง (ใกล้ อบต.สันกลาง) บ้านเดี่ยว 1 ชั้นครึ่ง (6 ห้องนอน, 3 ห้องน้ำ, 1 ห้องครัว, 1 ห้องนั่งเล่น, 3 ที่จอดรถ ภายในกว้างขวางด้วยพื้นที่ใช้สอยขนาด 134 ตร.ม.
บ้านเลขที่ 7/3 หมู่ที่ 2 ถนนบ้านแม่กุ้งบก ซอย4/1

บริษัทขอสงวนสิทธิ์ในการเปลี่ยนแปลงรายละเอียดทรัพย์สิน ราคาตั้งขาย รวมถึงเงื่อนไขอื่นใด หรือยกเลิกการ ขายทรัพย์สินได้โดยไม่ต้องแจ้งให้ผู้สนใจเสนอซื้อทราบล่วงหน้า

https://www.google.com/maps/search/?api=1&query=18.648935,98.884791"
https://baan.kaidee.com/product-370412491,"ราคา: 3,570,000
เนื้อที่: 62.2 ตารางวา | เนื้อที่ 62.2 ตารางวา | ห้องนอน 1 ห้องนอน | ห้องน้ำ 1 ห้องน้ำ | เป็นทรัพย์รอการขาย ใช่
💖 บ้าน สันทราย ราคาพิเศษ! 💖
รหัสทรัพย์ ： DECHMSH0330001

สอบถามข้อมูลเพิ่มเติม นัดดูทรัพย์ >> 😊ทิ้งชื่อ เบอร์ติดต่อ ในแชท ให้เจ้าหน้าที่ขายติดต่อกลับได้เลยค่ะ😊 (บริษัทเปิดให้บริการติดต่อ วันจันทร์-ศุกร์ เวลา 9.00-17.00 ยกเว้นวันหยุดนักขัตฤกษ์)

ศิริพรคันทรีวิลล์ 8 บ้านเดี่ยว 2 ชั้น, 3 ห้องนอน, 3 ห้องน้ำ, 1 ห้องครัว, 1 ห้องนั่งเล่น, 2 ที่จอดรถ ภายในกว้างขวางด้วยพื้นที่ใช้สอยขนาด 127 ตร.ม. พร้อมสิ่งอำนวยความสะดวกครบครัน และพื้นที่ส่วนกลาง พร้อมระบบรักษาความปลอดภัย รปภ. 24 ชม. คีย์การ์ดเข้า-ออก โครงการ เลขที่ 499/79 มุมซอย 7 ในโครงการศิริพรคันทรีวิลล์ 8 เข้าไปประมาณ 400 ม.

บริษัทขอสงวนสิทธิ์ในการเปลี่ยนแปลงรายละเอียดทรัพย์สิน ราคาตั้งขาย รวมถึงเงื่อนไขอื่นใด หรือยกเลิกการ ขายทรัพย์สินได้โดยไม่ต้องแจ้งให้ผู้สนใจเสนอซื้อทราบล่วงหน้า

https://www.google.com/maps/search/?api=1&query=18.837577,99.037555"
https://baan.kaidee.com/product-370412493,"ราคา: 1,934,000
เนื้อที่: 80 ตารางวา | เนื้อที่ 80 ตารางวา | ห้องนอน 1 ห้องนอน | ห้องน้ำ 1 ห้องน้ำ | เป็นทรัพย์รอการขาย ใช่
💖 บ้าน แม่ริม ราคาพิเศษ! 💖
รหัสทรัพย์ ： DECHMSH0331001

สอบถามข้อมูลเพิ่มเติม นัดดูทรัพย์ >> 😊ทิ้งชื่อ เบอร์ติดต่อ ในแชท ให้เจ้าหน้าที่ขายติดต่อกลับได้เลยค่ะ😊 (บริษัทเปิดให้บริการติดต่อ วันจันทร์-ศุกร์ เวลา 9.00-17.00 ยกเว้นวันหยุดนักขัตฤกษ์)

บ้านดอนแก้ว โชตนา 28 บ้านตึกชั้นเดียว พท.ใช้สอย 157.50 ตร.ม. เลขที่ 225 โชตนาซอย 28 ห่างจากถนนเชียงใหม่-ฝาง(ทล.107) ประมาณ 1.0 กม.

บริษัทขอสงวนสิทธิ์ในการเปลี่ยนแปลงรายละเอียดทรัพย์สิน ราคาตั้งขาย รวมถึงเงื่อนไขอื่นใด หรือยกเลิกการ ขายทรัพย์สินได้โดยไม่ต้องแจ้งให้ผู้สนใจเสนอซื้อทราบล่วงหน้า

https://www.google.com/maps/search/?api=1&query=18.84667,98.979681"
https://baan.kaidee.com/product-370412494,"ราคา: 545,000
เนื้อที่: 59.2 ตารางวา | เนื้อที่ 59.2 ตารางวา | ห้องนอน 1 ห้องนอน | ห้องน้ำ 1 ห้องน้ำ | เป็นทรัพย์รอการขาย ใช่
💖 บ้าน สันป่าตอง ราคาพิเศษ! 💖
รหัสทรัพย์ ： DECHMSH0334001

สอบถามข้อมูลเพิ่มเติม นัดดูทรัพย์ >> 😊ทิ้งชื่อ เบอร์ติดต่อ ในแชท ให้เจ้าหน้าที่ขายติดต่อกลับได้เลยค่ะ😊 (บริษัทเปิดให้บริการติดต่อ วันจันทร์-ศุกร์ เวลา 9.00-17.00 ยกเว้นวันหยุดนักขัตฤกษ์)

บ้านตึกชั้นเดียว ในหมู่บ้านพระเจ้า 2 ตน ที่ดินพร้อมบ้านตึกชั้นเดียวสภาพเก่า และส่วนโล่งหลังคาคลุม ปลูกเกือบเต็มพื้นที่ ด้านหน้าติดถนนสาธารณะตั้งอยู่ในชุมชนบ้านพระเจ้า 2 พท.67 ตรม.และส่วนโล่งหลังคาคลุม ประกอบด้วย 2 ห้องนอน 1 ห้องน้ำ หมู่บ้านพระเจ้า 2 ตน 152 หฒู่ 8 ตำบลมะขุนหวาน อำเภอสันป่าตอง จังหวัดเชียงใหม่

บริษัทขอสงวนสิทธิ์ในการเปลี่ยนแปลงรายละเอียดทรัพย์สิน ราคาตั้งขาย รวมถึงเงื่อนไขอื่นใด หรือยกเลิกการ ขายทรัพย์สินได้โดยไม่ต้องแจ้งให้ผู้สนใจเสนอซื้อทราบล่วงหน้า

https://www.google.com/maps/search/?api=1&query=18.563909,98.896265"
https://baan.kaidee.com/product-370412495,"ราคา: 1,201,000
เนื้อที่: 62 ตารางวา | เนื้อที่ 62 ตารางวา | ห้องนอน 1 ห้องนอน | ห้องน้ำ 1 ห้องน้ำ | เป็นทรัพย์รอการขาย ใช่
💖 บ้าน สารภี ราคาพิเศษ! 💖
รหัสทรัพย์ ： DECHMSH0337001

สอบถามข้อมูลเพิ่มเติม นัดดูทรัพย์ >> 😊ทิ้งชื่อ เบอร์ติดต่อ ในแชท ให้เจ้าหน้าที่ขายติดต่อกลับได้เลยค่ะ😊 (บริษัทเปิดให้บริการติดต่อ วันจันทร์-ศุกร์ เวลา 9.00-17.00 ยกเว้นวันหยุดนักขัตฤกษ์)

บ้านตึกชั้นเดียวในโครงการบ้านมัทรินทร์ บ้านพักอาศัยตึกชั้นเดียว เลขที่ 185/7 กว้าง 7.9 ม. ยาว 17 ม. สภาพปานกลาง พื้นที่ใช้สอยภายใน 134 ตรม.แบ่งเป็น 2 ห้องนอน 2 ห้องน้ำ ตั้งอยู่ในโครงการบ้านมัทรินทร์ โครงการบ้านมัทรินทร์ ต.หนองแฝก อ.สารภี จ.เชียงใหม่

บริษัทขอสงวนสิทธิ์ในการเปลี่ยนแปลงรายละเอียดทรัพย์สิน ราคาตั้งขาย รวมถึงเงื่อนไขอื่นใด หรือยกเลิกการ ขายทรัพย์สินได้โดยไม่ต้องแจ้งให้ผู้สนใจเสนอซื้อทราบล่วงหน้า

https://www.google.com/maps/search/?api=1&query=18.69406522212,99. 0296050287"
https://baan.kaidee.com/product-370412497,"ราคา: 26,500,000
เนื้อที่: 603 ตารางวา | เนื้อที่ 603 ตารางวา | ห้องนอน 1 ห้องนอน | ห้องน้ำ 1 ห้องน้ำ | เป็นทรัพย์รอการขาย ใช่
💖 บ้าน หางดง ราคาพิเศษ! 💖
รหัสทรัพย์ ： DECHMSH0339001

สอบถามข้อมูลเพิ่มเติม นัดดูทรัพย์ >> 😊ทิ้งชื่อ เบอร์ติดต่อ ในแชท ให้เจ้าหน้าที่ขายติดต่อกลับได้เลยค่ะ😊 (บริษัทเปิดให้บริการติดต่อ วันจันทร์-ศุกร์ เวลา 9.00-17.00 ยกเว้นวันหยุดนักขัตฤกษ์)

มัณฑนา เชียงใหม่ บ้านเดี่ยว 2 ชั้น 2 หลัง บนเนื้อที่ดินขนาดใหญ่ โครงการติดถนนเชียงใหม่-ฮอด(108) เลขที่ 246 ในโครงการมัณฑนา ติดถนนเชียงใหม่-ฮอด(108) ต.หนองควาย อ.หางดง จ.เชียงใหม่

บริษัทขอสงวนสิทธิ์ในการเปลี่ยนแปลงรายละเอียดทรัพย์สิน ราคาตั้งขาย รวมถึงเงื่อนไขอื่นใด หรือยกเลิกการ ขายทรัพย์สินได้โดยไม่ต้องแจ้งให้ผู้สนใจเสนอซื้อทราบล่วงหน้า

https://www.google.com/maps/search/?api=1&query=18.709818,98.935108"
https://baan.kaidee.com/product-370412498,"ราคา: 2,209,000
เนื้อที่: 114 ตารางวา | เนื้อที่ 114 ตารางวา | ห้องนอน 1 ห้องนอน | ห้องน้ำ 1 ห้องน้ำ | เป็นทรัพย์รอการขาย ใช่
💖 บ้าน ดอยหล่อ ราคาพิเศษ! 💖
รหัสทรัพย์ ： DECHMSH0340001

สอบถามข้อมูลเพิ่มเติม นัดดูทรัพย์ >> 😊ทิ้งชื่อ เบอร์ติดต่อ ในแชท ให้เจ้าหน้าที่ขายติดต่อกลับได้เลยค่ะ😊 (บริษัทเปิดให้บริการติดต่อ วันจันทร์-ศุกร์ เวลา 9.00-17.00 ยกเว้นวันหยุดนักขัตฤกษ์)

บ้านเดี่ยว เชียงใหม่ บ้านเดี่ยว 2 ชั้น 3 ห้องนอน, 3 ห้องน้ำ, 1 ห้องครัว, 1 ห้องนั่งเล่น, 2 ที่จอดรถ ภายในกว้างขวางด้วยพื้นที่ใช้สอยขนาด 114 ตร.ม. ห่างจากถนนสายหลักเพียง 30 เมตร 239 หมู่ 8 ต.สันติสุข อ.ดอยหล่อ จ.เชียงใหม่

บริษัทขอสงวนสิทธิ์ในการเปลี่ยนแปลงรายละเอียดทรัพย์สิน ราคาตั้งขาย รวมถึงเงื่อนไขอื่นใด หรือยกเลิกการ ขายทรัพย์สินได้โดยไม่ต้องแจ้งให้ผู้สนใจเสนอซื้อทราบล่วงหน้า

https://www.google.com/maps/search/?api=1&query=18.5158465,98.84158274"
https://baan.kaidee.com/product-370412500,"ราคา: 1,889,000
เนื้อที่: 77 ตารางวา | เนื้อที่ 77 ตารางวา | ห้องนอน 1 ห้องนอน | ห้องน้ำ 1 ห้องน้ำ | เป็นทรัพย์รอการขาย ใช่
💖 บ้าน สันทราย ราคาพิเศษ! 💖
รหัสทรัพย์ ： DECHMSH0343001

สอบถามข้อมูลเพิ่มเติม นัดดูทรัพย์ >> 😊ทิ้งชื่อ เบอร์ติดต่อ ในแชท ให้เจ้าหน้าที่ขายติดต่อกลับได้เลยค่ะ😊 (บริษัทเปิดให้บริการติดต่อ วันจันทร์-ศุกร์ เวลา 9.00-17.00 ยกเว้นวันหยุดนักขัตฤกษ์)

บ้านเดี่ยวชั้นเดียว บ้านเดียวชั้นเดียว พื้นที่ใช้สอยขนาด 72 ตร.ม. บ้านเลขที่ 282 หมู่ที่ 5 บนถนนสายเชียงใหม่-สันทราย(ทล.1367) เข้าซอยข้างไปรษณีย์ 18 ประมาณ 220 เมตร

บริษัทขอสงวนสิทธิ์ในการเปลี่ยนแปลงรายละเอียดทรัพย์สิน ราคาตั้งขาย รวมถึงเงื่อนไขอื่นใด หรือยกเลิกการ ขายทรัพย์สินได้โดยไม่ต้องแจ้งให้ผู้สนใจเสนอซื้อทราบล่วงหน้า

https://www.google.com/maps/search/?api=1&query=18.84406,99.04573"
https://baan.kaidee.com/product-370414636,"ราคา: 42,000,000
เนื้อที่: 16429 ตารางวา | เนื้อที่ 16429 ตารางวา | เป็นทรัพย์รอการขาย ใช่
💖 ที่ดิน แม่ริม ราคาพิเศษ! 💖
รหัสทรัพย์ ： 20CHMVL0009000

สอบถามข้อมูลเพิ่มเติม นัดดูทรัพย์ >> 😊ทิ้งชื่อ เบอร์ติดต่อ ในแชท ให้เจ้าหน้าที่ขายติดต่อกลับได้เลยค่ะ😊 (บริษัทเปิดให้บริการติดต่อ วันจันทร์-ศุกร์ เวลา 9.00-17.00 ยกเว้นวันหยุดนักขัตฤกษ์)

ที่ดินเปล่า ที่ดินเปล่า 3 แปลงติดกัน หน้ากว้างติดถนนสายห้วยทราย-สะสวง 60 เมตร ด้านในกว้างลึกกว่า 330 เมตร ด้านข้างติดถนนซอยเขต 13 (บ้านหนองปลามัน) ระยะ 288 เมตร ระบบสาธารณูปโภคเข้าถึง การคมนาคมสะดวก ห่างจากทางหลวงสายเชียงใหม่ - ฝาง ช่วง กม.18 เข้าไป 2 กม. ติดถนนสายห้วยทราย- สะลวง ใกล้กับหมู่บ้านสมหวังเมาท์เท็นวิว

บริษัทขอสงวนสิทธิ์ในการเปลี่ยนแปลงรายละเอียดทรัพย์สิน ราคาตั้งขาย รวมถึงเงื่อนไขอื่นใด หรือยกเลิกการ ขายทรัพย์สินได้โดยไม่ต้องแจ้งให้ผู้สนใจเสนอซื้อทราบล่วงหน้า

https://www.google.com/maps/search/?api=1&query=18.951677,98.926631"
https://baan.kaidee.com/product-370414637,"ราคา: 670,000
เนื้อที่: 161 ตารางวา | เนื้อที่ 161 ตารางวา | เป็นทรัพย์รอการขาย ใช่
💖 ที่ดิน ดอยสะเก็ด ราคาพิเศษ! 💖
รหัสทรัพย์ ： 20CHMVL0015000

สอบถามข้อมูลเพิ่มเติม นัดดูทรัพย์ >> 😊ทิ้งชื่อ เบอร์ติดต่อ ในแชท ให้เจ้าหน้าที่ขายติดต่อกลับได้เลยค่ะ😊 (บริษัทเปิดให้บริการติดต่อ วันจันทร์-ศุกร์ เวลา 9.00-17.00 ยกเว้นวันหยุดนักขัตฤกษ์)

ที่ดินเปล่า ที่ดินเปล่า ถมแล้ว สูงระดับถนน 3 แปลงอยู่ติดกัน รูปสี่หลี่ยมผืนผ้า หน้ากว้างติดถนนโครงการประมาณ 16 เมตร ลึก 40 เมตร สภาพแวดล้อมเป็นที่อยู่อาศัย ที่สวนที่นา แยกจากถนนดอยสะเก็ด-บ่อสร้าง เข้าโครงการประมาน 710 เมตร ตำบลสำราญราษฏร์

บริษัทขอสงวนสิทธิ์ในการเปลี่ยนแปลงรายละเอียดทรัพย์สิน ราคาตั้งขาย รวมถึงเงื่อนไขอื่นใด หรือยกเลิกการ ขายทรัพย์สินได้โดยไม่ต้องแจ้งให้ผู้สนใจเสนอซื้อทราบล่วงหน้า

https://www.google.com/maps/search/?api=1&query=18.80843217,99.11124408"
https://baan.kaidee.com/product-370414688,"ราคา: 179,000
เนื้อที่: 159 ตารางวา | เนื้อที่ 159 ตารางวา | เป็นทรัพย์รอการขาย ใช่
💖 ที่ดิน ดอยหล่อ ราคาพิเศษ! 💖
รหัสทรัพย์ ： 21CHMVL0012000

สอบถามข้อมูลเพิ่มเติม นัดดูทรัพย์ >> 😊ทิ้งชื่อ เบอร์ติดต่อ ในแชท ให้เจ้าหน้าที่ขายติดต่อกลับได้เลยค่ะ😊 (บริษัทเปิดให้บริการติดต่อ วันจันทร์-ศุกร์ เวลา 9.00-17.00 ยกเว้นวันหยุดนักขัตฤกษ์)

ที่ดินเปล่า ที่ดินเปล่าแบ่งแยกเป็นแปลงย่อย โครงการบ้านสวนอินทนนท์ 2 ต.ดอยหล่อ

บริษัทขอสงวนสิทธิ์ในการเปลี่ยนแปลงรายละเอียดทรัพย์สิน ราคาตั้งขาย รวมถึงเงื่อนไขอื่นใด หรือยกเลิกการ ขายทรัพย์สินได้โดยไม่ต้องแจ้งให้ผู้สนใจเสนอซื้อทราบล่วงหน้า

https://www.google.com/maps/search/?api=1&query=18.45805,98.77905"
https://baan.kaidee.com/product-370414689,"ราคา: 144,000
เนื้อที่: 128 ตารางวา | เนื้อที่ 128 ตารางวา | เป็นทรัพย์รอการขาย ใช่
💖 ที่ดิน ดอยหล่อ ราคาพิเศษ! 💖
รหัสทรัพย์ ： 21CHMVL0014000

สอบถามข้อมูลเพิ่มเติม นัดดูทรัพย์ >> 😊ทิ้งชื่อ เบอร์ติดต่อ ในแชท ให้เจ้าหน้าที่ขายติดต่อกลับได้เลยค่ะ😊 (บริษัทเปิดให้บริการติดต่อ วันจันทร์-ศุกร์ เวลา 9.00-17.00 ยกเว้นวันหยุดนักขัตฤกษ์)

ที่ดินเปล่าโครงการบ้านสวนอิทนน์ ที่ดินว่างเปล่าแบ่งแยกเป็นแปลงย่อย โครงการบ้านสวนอินทนนท์ 2 ต.ดอยหล่อ

บริษัทขอสงวนสิทธิ์ในการเปลี่ยนแปลงรายละเอียดทรัพย์สิน ราคาตั้งขาย รวมถึงเงื่อนไขอื่นใด หรือยกเลิกการ ขายทรัพย์สินได้โดยไม่ต้องแจ้งให้ผู้สนใจเสนอซื้อทราบล่วงหน้า

https://www.google.com/maps/search/?api=1&query=18.45786,98.77888"
https://baan.kaidee.com/product-370414690,"ราคา: 111,000
เนื้อที่: 105 ตารางวา | เนื้อที่ 105 ตารางวา | เป็นทรัพย์รอการขาย ใช่
💖 ที่ดิน ดอยหล่อ ราคาพิเศษ! 💖
รหัสทรัพย์ ： 21CHMVL0015000

สอบถามข้อมูลเพิ่มเติม นัดดูทรัพย์ >> 😊ทิ้งชื่อ เบอร์ติดต่อ ในแชท ให้เจ้าหน้าที่ขายติดต่อกลับได้เลยค่ะ😊 (บริษัทเปิดให้บริการติดต่อ วันจันทร์-ศุกร์ เวลา 9.00-17.00 ยกเว้นวันหยุดนักขัตฤกษ์)

ที่ดินเปล่า ที่ดินว่างเปล่าแบ่งแยกเป็นแปลงย่อยขาย เข้าไปจากถนนเชียงใหม่ - ฮอด เข้าสู่ซอยหลังม่อน ซอย 3 ประมาณ 1 กม.

บริษัทขอสงวนสิทธิ์ในการเปลี่ยนแปลงรายละเอียดทรัพย์สิน ราคาตั้งขาย รวมถึงเงื่อนไขอื่นใด หรือยกเลิกการ ขายทรัพย์สินได้โดยไม่ต้องแจ้งให้ผู้สนใจเสนอซื้อทราบล่วงหน้า

https://www.google.com/maps/search/?api=1&query=18.464458,98.77529"
https://baan.kaidee.com/product-370414724,"ราคา: 1,209,000
เนื้อที่: 1060 ตารางวา | เนื้อที่ 1060 ตารางวา | เป็นทรัพย์รอการขาย ใช่
💖 ที่ดิน ดอยหล่อ ราคาพิเศษ! 💖
รหัสทรัพย์ ： 22CHMVL0031000

สอบถามข้อมูลเพิ่มเติม นัดดูทรัพย์ >> 😊ทิ้งชื่อ เบอร์ติดต่อ ในแชท ให้เจ้าหน้าที่ขายติดต่อกลับได้เลยค่ะ😊 (บริษัทเปิดให้บริการติดต่อ วันจันทร์-ศุกร์ เวลา 9.00-17.00 ยกเว้นวันหยุดนักขัตฤกษ์)

ที่ดินเปล่า ที่ดินเปล่า จำนวน 2 แปลงติดกัน ยังไม่ได้ถม ต่ำกว่าถนนประมาณ 1-3 ม. ขนาดที่ดินประมาณ 87x65 ม. ลักษณะเป็นรูปหลายเหลี่ยม ไม่มีไฟฟ้า/ประปาเข้าถึง ถนนผ่านหน้าทรัพย์เป็นถนนคอนกรีต(ทางสาธารณประโยชน์) มีลำเหมืองสาธารณประโยชน์คั่น การคมนาคมสะดวก อยู่ห่างจากถนนสายเชียงใหม่-ฮอด กม.37+850 ประมาณ 300 ม. และอยู่ห่างจากตัวอำเภอดอยหล่อประมาณ 8 กม. สถานที่ใกล้เคียง เช่น วัดฟ้าหลั่ง, โรงเรียนวัดฟ้าหลั่ง เป็นต้น ซอยสามหลัง 12 ถนนสายเชียงใหม่-ฮอด ตำบลดอยหล่อ

บริษัทขอสงวนสิทธิ์ในการเปลี่ยนแปลงรายละเอียดทรัพย์สิน ราคาตั้งขาย รวมถึงเงื่อนไขอื่นใด หรือยกเลิกการ ขายทรัพย์สินได้โดยไม่ต้องแจ้งให้ผู้สนใจเสนอซื้อทราบล่วงหน้า

https://www.google.com/maps/search/?api=1&query=18.5138,98.83388"
https://baan.kaidee.com/product-370415056,"ราคา: 432,000
เนื้อที่: 400 ตารางวา | เนื้อที่ 400 ตารางวา | เป็นทรัพย์รอการขาย ใช่
💖 ที่ดิน แม่แตง ราคาพิเศษ! 💖
รหัสทรัพย์ ： 23CHMVL0004000

สอบถามข้อมูลเพิ่มเติม นัดดูทรัพย์ >> 😊ทิ้งชื่อ เบอร์ติดต่อ ในแชท ให้เจ้าหน้าที่ขายติดต่อกลับได้เลยค่ะ😊 (บริษัทเปิดให้บริการติดต่อ วันจันทร์-ศุกร์ เวลา 9.00-17.00 ยกเว้นวันหยุดนักขัตฤกษ์)

ที่ดินเปล่า ที่ดินเปล่าในโครงการเล็ควู๊ดฮิลล์ ถนนดิน สาธารณูปโภคยังเข้าไม่ถึง ในโครงการเล็ควู๊ดฮิลล์ ใกล้วัดแม่ขะจาน ต.ขี้เหล็ก

บริษัทขอสงวนสิทธิ์ในการเปลี่ยนแปลงรายละเอียดทรัพย์สิน ราคาตั้งขาย รวมถึงเงื่อนไขอื่นใด หรือยกเลิกการ ขายทรัพย์สินได้โดยไม่ต้องแจ้งให้ผู้สนใจเสนอซื้อทราบล่วงหน้า

https://www.google.com/maps/search/?api=1&query=19.063114,98.918153"
https://baan.kaidee.com/product-370415099,"ราคา: 108,000
เนื้อที่: 100 ตารางวา | เนื้อที่ 100 ตารางวา | เป็นทรัพย์รอการขาย ใช่
💖 ที่ดิน แม่แตง ราคาพิเศษ! 💖
รหัสทรัพย์ ： 31CHMVL0001000

สอบถามข้อมูลเพิ่มเติม นัดดูทรัพย์ >> 😊ทิ้งชื่อ เบอร์ติดต่อ ในแชท ให้เจ้าหน้าที่ขายติดต่อกลับได้เลยค่ะ😊 (บริษัทเปิดให้บริการติดต่อ วันจันทร์-ศุกร์ เวลา 9.00-17.00 ยกเว้นวันหยุดนักขัตฤกษ์)

ที่ดินเปล่า ที่ดินเปล่า ในโครงการเลควู๊ดฮิลล์ ถนนดิน ไฟฟ้ายังเข้าไม่ถึง ในโครงการเลควู๊ดฮิลล์ ใกล้วัดแม่ขะจาน และโรงเรียนแม่ขะจาน ตำบลขี้เหล็ก

บริษัทขอสงวนสิทธิ์ในการเปลี่ยนแปลงรายละเอียดทรัพย์สิน ราคาตั้งขาย รวมถึงเงื่อนไขอื่นใด หรือยกเลิกการ ขายทรัพย์สินได้โดยไม่ต้องแจ้งให้ผู้สนใจเสนอซื้อทราบล่วงหน้า

https://www.google.com/maps/search/?api=1&query=19.062514,98.918823"
https://baan.kaidee.com/product-370415132,"ราคา: 518,000
เนื้อที่: 296 ตารางวา | เนื้อที่ 296 ตารางวา | เป็นทรัพย์รอการขาย ใช่
💖 ที่ดิน ดอยสะเก็ด ราคาพิเศษ! 💖
รหัสทรัพย์ ： 5CHMVL0128001

สอบถามข้อมูลเพิ่มเติม นัดดูทรัพย์ >> 😊ทิ้งชื่อ เบอร์ติดต่อ ในแชท ให้เจ้าหน้าที่ขายติดต่อกลับได้เลยค่ะ😊 (บริษัทเปิดให้บริการติดต่อ วันจันทร์-ศุกร์ เวลา 9.00-17.00 ยกเว้นวันหยุดนักขัตฤกษ์)

ที่ดินเปล่าโครงการริมเขื่อนรีสอร์ท ที่ดินเปล่า อยู่ในโครงการริมเขื่อนรีสอร์ท สภาพที่ดินถมแล้วระดับถนน ด้านหน้าติดถนนโครงการประมาณ 34 เมตร ลึก 35 เมตร รูปสี่เหลี่ยมจัตุรัส เหมาะแก่การอยู่อาศัย ทำการเกษตร สาธารณูปโภคขั้นพื้นฐานครบ แยกจากถนนเชียงใหม่-เชียงราย (ทล.118) กม.17 เข้าถนนเขื่อนแม่กวงอุดมธารา ประมาณ 5.6 กม ติดกับศูนย์ปฏิบัติการเครื่องจักรกลที่ 1 กรมชลประทานเขื่อนแม่กวง ตำบล ลวงเหนือ

บริษัทขอสงวนสิทธิ์ในการเปลี่ยนแปลงรายละเอียดทรัพย์สิน ราคาตั้งขาย รวมถึงเงื่อนไขอื่นใด หรือยกเลิกการ ขายทรัพย์สินได้โดยไม่ต้องแจ้งให้ผู้สนใจเสนอซื้อทราบล่วงหน้า

https://www.google.com/maps/search/?api=1&query=18.92230274,99.13496811"
https://baan.kaidee.com/product-370415133,"ราคา: 2,166,000
เนื้อที่: 759.7 ตารางวา | เนื้อที่ 759.7 ตารางวา | เป็นทรัพย์รอการขาย ใช่
💖 ที่ดิน สันทราย ราคาพิเศษ! 💖
รหัสทรัพย์ ： 5CHMVL0129001

สอบถามข้อมูลเพิ่มเติม นัดดูทรัพย์ >> 😊ทิ้งชื่อ เบอร์ติดต่อ ในแชท ให้เจ้าหน้าที่ขายติดต่อกลับได้เลยค่ะ😊 (บริษัทเปิดให้บริการติดต่อ วันจันทร์-ศุกร์ เวลา 9.00-17.00 ยกเว้นวันหยุดนักขัตฤกษ์)

ที่ดินเปล่า สวนเกษตรสันทราย ทรัพย์สินเป็นที่เปล่า ตั้งอยู่ในโครงการสวนเกษตรสันทราย ต.หนองแหย่ง อ.สันทราย จ.เชียงใหม่ สภาพแวดล้อมเป็นพื้นที่เกษตรกรรม สลับกับที่อยู่อาศัยกระจายอยู่ห่างๆ กัน สาธารณูปโภค ไฟฟ้าเข้าถึง อยู่ใกล้ที่ตั้งเทศบาลหนองแหย่งแห่งใหม่ ที่ดินเหมาะสำหรับเป็นที่อยู่อาศัยและทำการเกษตร จากถนนเชียงใหม่-ดอยสะเก็ด กม.9 เลี้ยวซ้ายไปตามถนน รพช.พยากน้อย-ป่าเหมือด ประมาณ 4.8 กม.ถึงที่ตั้งโครงการสวนเกษตรสันทราย เลี้ยวขวาเข้าไปอีก 1.3 กม. ถึงที่ตั้งทรัพย์

บริษัทขอสงวนสิทธิ์ในการเปลี่ยนแปลงรายละเอียดทรัพย์สิน ราคาตั้งขาย รวมถึงเงื่อนไขอื่นใด หรือยกเลิกการ ขายทรัพย์สินได้โดยไม่ต้องแจ้งให้ผู้สนใจเสนอซื้อทราบล่วงหน้า

https://www.google.com/maps/search/?api=1&query=18.89503,99.102092"
https://baan.kaidee.com/product-370415134,"ราคา: 1,148,000
เนื้อที่: 483 ตารางวา | เนื้อที่ 483 ตารางวา | เป็นทรัพย์รอการขาย ใช่
💖 ที่ดิน ดอยสะเก็ด ราคาพิเศษ! 💖
รหัสทรัพย์ ： 5CHMVL0130001

สอบถามข้อมูลเพิ่มเติม นัดดูทรัพย์ >> 😊ทิ้งชื่อ เบอร์ติดต่อ ในแชท ให้เจ้าหน้าที่ขายติดต่อกลับได้เลยค่ะ😊 (บริษัทเปิดให้บริการติดต่อ วันจันทร์-ศุกร์ เวลา 9.00-17.00 ยกเว้นวันหยุดนักขัตฤกษ์)

ที่ดินเปล่าโครงการริมเขื่อนรีสอร์ท เชียงใหม่ ที่ดินเปล่า อยู่ในโครงการริมเขื่อนรีสอร์ท สภาพที่ดินถมแล้วระดับถนน ด้านหน้าติดถนนโครงการประมาณ 39 เมตร ลึก 45 เมตร รูปสี่เหลี่ยมคางหมู เหมาะแก่การอยู่อาศัย ทำการเกษตร สาธารณูปโภคขั้นพื้นฐานครบ แยกจากถนนเชียงใหม่-เชียงราย (ทล.118) กม.17 เข้าถนนเขื่อนแม่กวงอุดมธารา ประมาณ 5.6 กม ติดกับศูนย์ปฏิบัติการเครื่องจักรกลที่ 1 กรมชลประทานเขื่อนแม่กวง ตำบล ลวงเหนือ

บริษัทขอสงวนสิทธิ์ในการเปลี่ยนแปลงรายละเอียดทรัพย์สิน ราคาตั้งขาย รวมถึงเงื่อนไขอื่นใด หรือยกเลิกการ ขายทรัพย์สินได้โดยไม่ต้องแจ้งให้ผู้สนใจเสนอซื้อทราบล่วงหน้า

https://www.google.com/maps/search/?api=1&query=18.92277944,99.13570977"
https://baan.kaidee.com/product-370415135,"ราคา: 499,000
เนื้อที่: 266 ตารางวา | เนื้อที่ 266 ตารางวา | เป็นทรัพย์รอการขาย ใช่
💖 ที่ดิน ดอยสะเก็ด ราคาพิเศษ! 💖
รหัสทรัพย์ ： 5CHMVL0132001

สอบถามข้อมูลเพิ่มเติม นัดดูทรัพย์ >> 😊ทิ้งชื่อ เบอร์ติดต่อ ในแชท ให้เจ้าหน้าที่ขายติดต่อกลับได้เลยค่ะ😊 (บริษัทเปิดให้บริการติดต่อ วันจันทร์-ศุกร์ เวลา 9.00-17.00 ยกเว้นวันหยุดนักขัตฤกษ์)

ที่ดินเปล่าโครงการริมเขื่อนรีสอร์ท เชียงใหม่ ที่ดินเปล่า อยู่ในโครงการริมเขื่อนรีสอร์ท สภาพที่ดินถมแล้วระดับถนน ด้านหน้าติดถนนโครงการประมาณ 45 เมตร ลึก27 เมตร รูปสี่เหลี่ยมคางหมู เหมาะแก่การอยู่อาศัย ทำการเกษตร สาธารณูปโภคขั้นพื้นฐานครบ แยกจากถนนเชียงใหม่-เชียงราย กม.17 เข้าถนนเขื่อนแม่กวงอุดมธารา ประมาณ 5.6 กม ติดกับศูนย์ปฏิบัติการเครื่องจักรกลที่ 1 กรมชลประทานเขื่อนแม่กวง ตำบล ลวงเหนือ

บริษัทขอสงวนสิทธิ์ในการเปลี่ยนแปลงรายละเอียดทรัพย์สิน ราคาตั้งขาย รวมถึงเงื่อนไขอื่นใด หรือยกเลิกการ ขายทรัพย์สินได้โดยไม่ต้องแจ้งให้ผู้สนใจเสนอซื้อทราบล่วงหน้า

https://www.google.com/maps/search/?api=1&query=18.92287885,99.13632161"
https://baan.kaidee.com/product-370415161,"ราคา: 1,035,000
เนื้อที่: 592 ตารางวา | เนื้อที่ 592 ตารางวา | เป็นทรัพย์รอการขาย ใช่
💖 ที่ดิน แม่แตง ราคาพิเศษ! 💖
รหัสทรัพย์ ： ACHMVL0478001

สอบถามข้อมูลเพิ่มเติม นัดดูทรัพย์ >> 😊ทิ้งชื่อ เบอร์ติดต่อ ในแชท ให้เจ้าหน้าที่ขายติดต่อกลับได้เลยค่ะ😊 (บริษัทเปิดให้บริการติดต่อ วันจันทร์-ศุกร์ เวลา 9.00-17.00 ยกเว้นวันหยุดนักขัตฤกษ์)

ที่ดินเปล่า ที่ดินเปล่า บริเวณโดยรอบเป็นพื้นที่ว่างเปล่า สลับกับพื้นที่ทำการเกษตร อยู่ในโครงการจัดสรร ""มิสตี้ฮิลล์"" ห่างจาก โรงเรียนแม่หอพระวิทยาคม 1 กม. ตำบล แม่หอพระ

บริษัทขอสงวนสิทธิ์ในการเปลี่ยนแปลงรายละเอียดทรัพย์สิน ราคาตั้งขาย รวมถึงเงื่อนไขอื่นใด หรือยกเลิกการ ขายทรัพย์สินได้โดยไม่ต้องแจ้งให้ผู้สนใจเสนอซื้อทราบล่วงหน้า

https://www.google.com/maps/search/?api=1&query=19.11340148,99.05180885"
https://baan.kaidee.com/product-370415163,"ราคา: 584,000
เนื้อที่: 1006 ตารางวา | เนื้อที่ 1006 ตารางวา | เป็นทรัพย์รอการขาย ใช่
💖 ที่ดิน แม่แตง ราคาพิเศษ! 💖
รหัสทรัพย์ ： ACHMVL0480001

สอบถามข้อมูลเพิ่มเติม นัดดูทรัพย์ >> 😊ทิ้งชื่อ เบอร์ติดต่อ ในแชท ให้เจ้าหน้าที่ขายติดต่อกลับได้เลยค่ะ😊 (บริษัทเปิดให้บริการติดต่อ วันจันทร์-ศุกร์ เวลา 9.00-17.00 ยกเว้นวันหยุดนักขัตฤกษ์)

ที่ดินเปล่า ที่ดินเปล่า บริเวณโดยรอบเป็นพื้นที่ว่างเปล่า สลับกับพื้นที่ทำการเกษตร อยู่ในโครงการจัดสรร ""มิสตี้ฮิลล์"" ต.แม่หอพระ ห่างจากโรงเรียนแม่หอพระวิทยาคม 1 กม.

บริษัทขอสงวนสิทธิ์ในการเปลี่ยนแปลงรายละเอียดทรัพย์สิน ราคาตั้งขาย รวมถึงเงื่อนไขอื่นใด หรือยกเลิกการ ขายทรัพย์สินได้โดยไม่ต้องแจ้งให้ผู้สนใจเสนอซื้อทราบล่วงหน้า

https://www.google.com/maps/search/?api=1&query=19.11213208,99.0515333"
https://baan.kaidee.com/product-370415164,"ราคา: 1,814,000
เนื้อที่: 3701 ตารางวา | เนื้อที่ 3701 ตารางวา | เป็นทรัพย์รอการขาย ใช่
💖 ที่ดิน แม่แตง ราคาพิเศษ! 💖
รหัสทรัพย์ ： ACHMVL0481001

สอบถามข้อมูลเพิ่มเติม นัดดูทรัพย์ >> 😊ทิ้งชื่อ เบอร์ติดต่อ ในแชท ให้เจ้าหน้าที่ขายติดต่อกลับได้เลยค่ะ😊 (บริษัทเปิดให้บริการติดต่อ วันจันทร์-ศุกร์ เวลา 9.00-17.00 ยกเว้นวันหยุดนักขัตฤกษ์)

ที่ดินเปล่า ที่ดินเปล่า บริเวณโดยรอบเป็นพื้นที่ว่างเปล่า สลับกับพื้นที่ทำการเกษตร อยู่ในโครงการจัดสรร ""มิสตี้ฮิลล์"" ต.แม่หอพระ ห่างโรงเรียนแม่หอพระวิทยาคม 1 กม.

บริษัทขอสงวนสิทธิ์ในการเปลี่ยนแปลงรายละเอียดทรัพย์สิน ราคาตั้งขาย รวมถึงเงื่อนไขอื่นใด หรือยกเลิกการ ขายทรัพย์สินได้โดยไม่ต้องแจ้งให้ผู้สนใจเสนอซื้อทราบล่วงหน้า

https://www.google.com/maps/search/?api=1&query=19.11139828,99.05104268"
https://baan.kaidee.com/product-370415165,"ราคา: 3,097,000
เนื้อที่: 6319 ตารางวา | เนื้อที่ 6319 ตารางวา | เป็นทรัพย์รอการขาย ใช่
💖 ที่ดิน แม่แตง ราคาพิเศษ! 💖
รหัสทรัพย์ ： ACHMVL0482001

สอบถามข้อมูลเพิ่มเติม นัดดูทรัพย์ >> 😊ทิ้งชื่อ เบอร์ติดต่อ ในแชท ให้เจ้าหน้าที่ขายติดต่อกลับได้เลยค่ะ😊 (บริษัทเปิดให้บริการติดต่อ วันจันทร์-ศุกร์ เวลา 9.00-17.00 ยกเว้นวันหยุดนักขัตฤกษ์)

ที่ดินเปล่า ที่ดินเปล่า บริเวณโดยรอบเป็นพื้นที่ว่างเปล่า สลับกับพื้นที่ทำการเกษตร อยู่ในโครงการจัดสรร ""มิสตี้ฮิลล์"" ต.แม่หอพระ ห่างจากโรงเรียนแม่หอพระวิทยาคม 1 กม.

บริษัทขอสงวนสิทธิ์ในการเปลี่ยนแปลงรายละเอียดทรัพย์สิน ราคาตั้งขาย รวมถึงเงื่อนไขอื่นใด หรือยกเลิกการ ขายทรัพย์สินได้โดยไม่ต้องแจ้งให้ผู้สนใจเสนอซื้อทราบล่วงหน้า

https://www.google.com/maps/search/?api=1&query=19.11244543,99.04946102"
https://baan.kaidee.com/product-370415166,"ราคา: 1,549,000
เนื้อที่: 2765 ตารางวา | เนื้อที่ 2765 ตารางวา | เป็นทรัพย์รอการขาย ใช่
💖 ที่ดิน แม่แตง ราคาพิเศษ! 💖
รหัสทรัพย์ ： ACHMVL0483001

สอบถามข้อมูลเพิ่มเติม นัดดูทรัพย์ >> 😊ทิ้งชื่อ เบอร์ติดต่อ ในแชท ให้เจ้าหน้าที่ขายติดต่อกลับได้เลยค่ะ😊 (บริษัทเปิดให้บริการติดต่อ วันจันทร์-ศุกร์ เวลา 9.00-17.00 ยกเว้นวันหยุดนักขัตฤกษ์)

ที่ดินเปล่า ที่ดินว่างเปล่า บริเวณโดยรอบเป็นพื้นที่ว่างเปล่า สลับกับพื้นที่ทำการเกษตร อยู่ในโครงการจัดสรร ""มิสตี้ฮิลล์"" ต.แม่หอพระ ห่างจากโรงเรียนแม่หอพระวิทยาคม 1 กม.

บริษัทขอสงวนสิทธิ์ในการเปลี่ยนแปลงรายละเอียดทรัพย์สิน ราคาตั้งขาย รวมถึงเงื่อนไขอื่นใด หรือยกเลิกการ ขายทรัพย์สินได้โดยไม่ต้องแจ้งให้ผู้สนใจเสนอซื้อทราบล่วงหน้า

https://www.google.com/maps/search/?api=1&query=19.11424043,99.04960923"
https://baan.kaidee.com/product-370415167,"ราคา: 1,048,000
เนื้อที่: 1662 ตารางวา | เนื้อที่ 1662 ตารางวา | เป็นทรัพย์รอการขาย ใช่
💖 ที่ดิน แม่แตง ราคาพิเศษ! 💖
รหัสทรัพย์ ： ACHMVL0485001

สอบถามข้อมูลเพิ่มเติม นัดดูทรัพย์ >> 😊ทิ้งชื่อ เบอร์ติดต่อ ในแชท ให้เจ้าหน้าที่ขายติดต่อกลับได้เลยค่ะ😊 (บริษัทเปิดให้บริการติดต่อ วันจันทร์-ศุกร์ เวลา 9.00-17.00 ยกเว้นวันหยุดนักขัตฤกษ์)

ที่ดินเปล่า ที่ดินเปล่า ในโครงการจัดสรรเพื่อที่อยู่อาศัยหรือสร้างบ้านพักตากอากาศ ในโครงการมิสตี้ฮิลล์ ตั้งอยู่ห่างจากตัวเมืองเชียงใหม่ ประมาณ 50 กม. ในโครงการมิสตี้ฮิลล์ ถนนสายเชียงใหม่ - พร้าว (ทล. 1001) กม. 43 ตำบล แม่หอพระ

บริษัทขอสงวนสิทธิ์ในการเปลี่ยนแปลงรายละเอียดทรัพย์สิน ราคาตั้งขาย รวมถึงเงื่อนไขอื่นใด หรือยกเลิกการ ขายทรัพย์สินได้โดยไม่ต้องแจ้งให้ผู้สนใจเสนอซื้อทราบล่วงหน้า

https://www.google.com/maps/search/?api=1&query=19.12005587,99.05084483"
https://baan.kaidee.com/product-370415981,"ราคา: 1,723,000
เนื้อที่: 138 ตารางวา | เนื้อที่ 138 ตารางวา | เป็นทรัพย์รอการขาย ใช่
💖 ที่ดิน หางดง ราคาพิเศษ! 💖
รหัสทรัพย์ ： CCHMVL0290001

สอบถามข้อมูลเพิ่มเติม นัดดูทรัพย์ >> 😊ทิ้งชื่อ เบอร์ติดต่อ ในแชท ให้เจ้าหน้าที่ขายติดต่อกลับได้เลยค่ะ😊 (บริษัทเปิดให้บริการติดต่อ วันจันทร์-ศุกร์ เวลา 9.00-17.00 ยกเว้นวันหยุดนักขัตฤกษ์)

ที่ดินเปล่า ที่ดินเปล่า ทำเลดี เดินทางเข้า-ออกสะดวก ถนนบ้านเบ้อ ซอย 3 ถนนบ้านเบ้อ ซอย 3 ต.สันผักหวาน อ.หางดง จ.เชียงใหม่ ห่างจากถนนสายเชียงใหม่-ออด(ทล.108) 1.2 กม.

บริษัทขอสงวนสิทธิ์ในการเปลี่ยนแปลงรายละเอียดทรัพย์สิน ราคาตั้งขาย รวมถึงเงื่อนไขอื่นใด หรือยกเลิกการ ขายทรัพย์สินได้โดยไม่ต้องแจ้งให้ผู้สนใจเสนอซื้อทราบล่วงหน้า

https://www.google.com/maps/search/?api=1&query=18.7186322,98.951586"
https://baan.kaidee.com/product-370416235,"ราคา: 11,290,000
เนื้อที่: 1792 ตารางวา | เนื้อที่ 1792 ตารางวา | เป็นทรัพย์รอการขาย ใช่
💖 ที่ดิน หางดง ราคาพิเศษ! 💖
รหัสทรัพย์ ： DACHMVL0166001

สอบถามข้อมูลเพิ่มเติม นัดดูทรัพย์ >> 😊ทิ้งชื่อ เบอร์ติดต่อ ในแชท ให้เจ้าหน้าที่ขายติดต่อกลับได้เลยค่ะ😊 (บริษัทเปิดให้บริการติดต่อ วันจันทร์-ศุกร์ เวลา 9.00-17.00 ยกเว้นวันหยุดนักขัตฤกษ์)

ที่ดินเปล่า ตำบลน้ำแพร่ ที่ดินเปล่า อยู่ในโครงการสวนเกษตรไม่มีชื่อ ห่างจากถนนเลียบคลองชลประทาน เพียง 400เมตร บริเวณกม.ที่ 22 (ห่าง 30เมตร) ถนนเลียบคลองชลประทาน เข้าไป 400เมตร ต.น้ำแพร่

บริษัทขอสงวนสิทธิ์ในการเปลี่ยนแปลงรายละเอียดทรัพย์สิน ราคาตั้งขาย รวมถึงเงื่อนไขอื่นใด หรือยกเลิกการ ขายทรัพย์สินได้โดยไม่ต้องแจ้งให้ผู้สนใจเสนอซื้อทราบล่วงหน้า

https://www.google.com/maps/search/?api=1&query=18.69474,98.89508"
https://baan.kaidee.com/product-370416236,"ราคา: 854,000
เนื้อที่: 299.5 ตารางวา | เนื้อที่ 299.5 ตารางวา | เป็นทรัพย์รอการขาย ใช่
💖 ที่ดิน สารภี ราคาพิเศษ! 💖
รหัสทรัพย์ ： DACHMVL0170001

สอบถามข้อมูลเพิ่มเติม นัดดูทรัพย์ >> 😊ทิ้งชื่อ เบอร์ติดต่อ ในแชท ให้เจ้าหน้าที่ขายติดต่อกลับได้เลยค่ะ😊 (บริษัทเปิดให้บริการติดต่อ วันจันทร์-ศุกร์ เวลา 9.00-17.00 ยกเว้นวันหยุดนักขัตฤกษ์)

ที่ดินเปล่า โครงการศรีเชียงใหม่ ที่ดินเปล่า จำนวน 3 แปลงติดกัน ตั้งอยู่ในโครงการศรีเชียงใหม่ ยังไม่ถม เสมอถนน ขนาดที่ดินประมาณ 25x48 ม. ลักษณะรูปสี่เหลี่ยมผืนผ้า ถนนผ่านหน้าทรัพย์เป็นถนนดิน(ถนนส่วนบุคคล) รถยนต์เข้าไม่ถึง ไม่มีไฟฟ้า ทรัพย์อยู่ห่างจากถนนสายขัวมุง-เทพารามประมาณ 650 ม. โครงการอยู่ห่างจากตัวเมืองเชียงใหม่ประมาณ 12 กม. สถานที่ใกล้เคียง เช่น วัดเทพาราม, เสน่ห์ชายน้ำ, ไทวัสดุ เป็นต้น โครงการศรีเชียงใหม่ ถนนสายขัวมุง-เทพาราม ตำบลชมภู

บริษัทขอสงวนสิทธิ์ในการเปลี่ยนแปลงรายละเอียดทรัพย์สิน ราคาตั้งขาย รวมถึงเงื่อนไขอื่นใด หรือยกเลิกการ ขายทรัพย์สินได้โดยไม่ต้องแจ้งให้ผู้สนใจเสนอซื้อทราบล่วงหน้า

https://www.google.com/maps/search/?api=1&query=18.7247,99.056948"
https://baan.kaidee.com/product-370416238,"ราคา: 219,000
เนื้อที่: 153 ตารางวา | เนื้อที่ 153 ตารางวา | เป็นทรัพย์รอการขาย ใช่
💖 ที่ดิน แม่วาง ราคาพิเศษ! 💖
รหัสทรัพย์ ： DACHMVL0183001

สอบถามข้อมูลเพิ่มเติม นัดดูทรัพย์ >> 😊ทิ้งชื่อ เบอร์ติดต่อ ในแชท ให้เจ้าหน้าที่ขายติดต่อกลับได้เลยค่ะ😊 (บริษัทเปิดให้บริการติดต่อ วันจันทร์-ศุกร์ เวลา 9.00-17.00 ยกเว้นวันหยุดนักขัตฤกษ์)

ที่ดินเปล่า โครงการสิริทิพย์ ทรัพย์เป็นที่ดินว่างเปล่า ตั้งอยู่ในโครงการจัดสรร สิรีทิพย์ เหมาะสำหรับทำสวนเกษตรและอยู่อาศัย อยู่ติดถนนในโครงการ/หินคลุก อยู่ใกล้หมู่บ้านป่าบง ต.บ้านกาด

บริษัทขอสงวนสิทธิ์ในการเปลี่ยนแปลงรายละเอียดทรัพย์สิน ราคาตั้งขาย รวมถึงเงื่อนไขอื่นใด หรือยกเลิกการ ขายทรัพย์สินได้โดยไม่ต้องแจ้งให้ผู้สนใจเสนอซื้อทราบล่วงหน้า

https://www.google.com/maps/search/?api=1&query=18.6079302,98.7865777"
https://baan.kaidee.com/product-370416239,"ราคา: 519,000
เนื้อที่: 674 ตารางวา | เนื้อที่ 674 ตารางวา | เป็นทรัพย์รอการขาย ใช่
💖 ที่ดิน ดอยหล่อ ราคาพิเศษ! 💖
รหัสทรัพย์ ： DACHMVL0189001

สอบถามข้อมูลเพิ่มเติม นัดดูทรัพย์ >> 😊ทิ้งชื่อ เบอร์ติดต่อ ในแชท ให้เจ้าหน้าที่ขายติดต่อกลับได้เลยค่ะ😊 (บริษัทเปิดให้บริการติดต่อ วันจันทร์-ศุกร์ เวลา 9.00-17.00 ยกเว้นวันหยุดนักขัตฤกษ์)

ที่ดินเปล่า ที่ดินแปลงย่อยแบ่งขายเป็นรายแปลง ต.ดอยหล่อ

บริษัทขอสงวนสิทธิ์ในการเปลี่ยนแปลงรายละเอียดทรัพย์สิน ราคาตั้งขาย รวมถึงเงื่อนไขอื่นใด หรือยกเลิกการ ขายทรัพย์สินได้โดยไม่ต้องแจ้งให้ผู้สนใจเสนอซื้อทราบล่วงหน้า

https://www.google.com/maps/search/?api=1&query=18.45583,98.78394"
https://baan.kaidee.com/product-370416240,"ราคา: 1,651,000
เนื้อที่: 579 ตารางวา | เนื้อที่ 579 ตารางวา | เป็นทรัพย์รอการขาย ใช่
💖 ที่ดิน สันป่าตอง ราคาพิเศษ! 💖
รหัสทรัพย์ ： DACHMVL0204001

สอบถามข้อมูลเพิ่มเติม นัดดูทรัพย์ >> 😊ทิ้งชื่อ เบอร์ติดต่อ ในแชท ให้เจ้าหน้าที่ขายติดต่อกลับได้เลยค่ะ😊 (บริษัทเปิดให้บริการติดต่อ วันจันทร์-ศุกร์ เวลา 9.00-17.00 ยกเว้นวันหยุดนักขัตฤกษ์)

ที่ดินเปล่า ที่ดินเปล่า จำนวน 6 แปลง ในโครงการจัดสรรไม่มีชื่อ อยู่ห่างจากตลาดทุ่งเสี้ยว 400 เมตร รวมรหัส DACHMVL0205-0209 ตำบล บ้านกลาง

บริษัทขอสงวนสิทธิ์ในการเปลี่ยนแปลงรายละเอียดทรัพย์สิน ราคาตั้งขาย รวมถึงเงื่อนไขอื่นใด หรือยกเลิกการ ขายทรัพย์สินได้โดยไม่ต้องแจ้งให้ผู้สนใจเสนอซื้อทราบล่วงหน้า

https://www.google.com/maps/search/?api=1&query=18.560726,98.873305"
https://baan.kaidee.com/product-370416241,"ราคา: 518,000
เนื้อที่: 627 ตารางวา | เนื้อที่ 627 ตารางวา | เป็นทรัพย์รอการขาย ใช่
💖 ที่ดิน ดอยหล่อ ราคาพิเศษ! 💖
รหัสทรัพย์ ： DACHMVL0218001

สอบถามข้อมูลเพิ่มเติม นัดดูทรัพย์ >> 😊ทิ้งชื่อ เบอร์ติดต่อ ในแชท ให้เจ้าหน้าที่ขายติดต่อกลับได้เลยค่ะ😊 (บริษัทเปิดให้บริการติดต่อ วันจันทร์-ศุกร์ เวลา 9.00-17.00 ยกเว้นวันหยุดนักขัตฤกษ์)

ที่ดินเปล่า ที่ดินแปลงย่อยแบ่งขายเป็นรายแปลง ต.ดอยหล่อ

บริษัทขอสงวนสิทธิ์ในการเปลี่ยนแปลงรายละเอียดทรัพย์สิน ราคาตั้งขาย รวมถึงเงื่อนไขอื่นใด หรือยกเลิกการ ขายทรัพย์สินได้โดยไม่ต้องแจ้งให้ผู้สนใจเสนอซื้อทราบล่วงหน้า

https://www.google.com/maps/search/?api=1&query=18.45541,98.7834"
https://baan.kaidee.com/product-370416242,"ราคา: 179,000
เนื้อที่: 149 ตารางวา | เนื้อที่ 149 ตารางวา | เป็นทรัพย์รอการขาย ใช่
💖 ที่ดิน แม่วาง ราคาพิเศษ! 💖
รหัสทรัพย์ ： DACHMVL0220001

สอบถามข้อมูลเพิ่มเติม นัดดูทรัพย์ >> 😊ทิ้งชื่อ เบอร์ติดต่อ ในแชท ให้เจ้าหน้าที่ขายติดต่อกลับได้เลยค่ะ😊 (บริษัทเปิดให้บริการติดต่อ วันจันทร์-ศุกร์ เวลา 9.00-17.00 ยกเว้นวันหยุดนักขัตฤกษ์)

ที่ดินว่างเปล่า ทรัพย์เป็นพื้นที่ว่างเปล่า ห่างจากถนนสาย สันป่าตอง-บ้านกาด 650 เมตร ห่างจากถนนสายเชียงใหม่-ฮอด 13 กม. ทรัพย์ตั้งอยู่ ต.บ้านกาด

บริษัทขอสงวนสิทธิ์ในการเปลี่ยนแปลงรายละเอียดทรัพย์สิน ราคาตั้งขาย รวมถึงเงื่อนไขอื่นใด หรือยกเลิกการ ขายทรัพย์สินได้โดยไม่ต้องแจ้งให้ผู้สนใจเสนอซื้อทราบล่วงหน้า

https://www.google.com/maps/search/?api=1&query=18.6079302,98.7865777"
https://baan.kaidee.com/product-370416243,"ราคา: 479,000
เนื้อที่: 425 ตารางวา | เนื้อที่ 425 ตารางวา | เป็นทรัพย์รอการขาย ใช่
💖 ที่ดิน ฮอด ราคาพิเศษ! 💖
รหัสทรัพย์ ： DACHMVL0221001

สอบถามข้อมูลเพิ่มเติม นัดดูทรัพย์ >> 😊ทิ้งชื่อ เบอร์ติดต่อ ในแชท ให้เจ้าหน้าที่ขายติดต่อกลับได้เลยค่ะ😊 (บริษัทเปิดให้บริการติดต่อ วันจันทร์-ศุกร์ เวลา 9.00-17.00 ยกเว้นวันหยุดนักขัตฤกษ์)

ที่ดินเปล่า ที่ดินเปล่า จำนวน 1 แปลง ห่างจากถนนสายฮอด-ดอยเต่าประมาณ 470 ม. ซอยบ้านกองหิน 14/3 ตำบลหางดง

บริษัทขอสงวนสิทธิ์ในการเปลี่ยนแปลงรายละเอียดทรัพย์สิน ราคาตั้งขาย รวมถึงเงื่อนไขอื่นใด หรือยกเลิกการ ขายทรัพย์สินได้โดยไม่ต้องแจ้งให้ผู้สนใจเสนอซื้อทราบล่วงหน้า

https://www.google.com/maps/search/?api=1&query=18.18126,98.61755"
https://baan.kaidee.com/product-370416244,"ราคา: 2,263,000
เนื้อที่: 2382 ตารางวา | เนื้อที่ 2382 ตารางวา | เป็นทรัพย์รอการขาย ใช่
💖 ที่ดิน สันป่าตอง ราคาพิเศษ! 💖
รหัสทรัพย์ ： DACHMVL0228001

สอบถามข้อมูลเพิ่มเติม นัดดูทรัพย์ >> 😊ทิ้งชื่อ เบอร์ติดต่อ ในแชท ให้เจ้าหน้าที่ขายติดต่อกลับได้เลยค่ะ😊 (บริษัทเปิดให้บริการติดต่อ วันจันทร์-ศุกร์ เวลา 9.00-17.00 ยกเว้นวันหยุดนักขัตฤกษ์)

ที่ดินว่างเปล่า สามารถพัฒนาเป็นที่อยู่อาศัย , ที่สวน และเป็นสถานที่พักผ่อนได้ ตำบลแม่ก๊า

บริษัทขอสงวนสิทธิ์ในการเปลี่ยนแปลงรายละเอียดทรัพย์สิน ราคาตั้งขาย รวมถึงเงื่อนไขอื่นใด หรือยกเลิกการ ขายทรัพย์สินได้โดยไม่ต้องแจ้งให้ผู้สนใจเสนอซื้อทราบล่วงหน้า

https://www.google.com/maps/search/?api=1&query=18.56577,98.94277"
https://baan.kaidee.com/product-370416246,"ราคา: 1,596,000
เนื้อที่: 190 ตารางวา | เนื้อที่ 190 ตารางวา | เป็นทรัพย์รอการขาย ใช่
💖 ที่ดิน หางดง ราคาพิเศษ! 💖
รหัสทรัพย์ ： DACHMVL0231001

สอบถามข้อมูลเพิ่มเติม นัดดูทรัพย์ >> 😊ทิ้งชื่อ เบอร์ติดต่อ ในแชท ให้เจ้าหน้าที่ขายติดต่อกลับได้เลยค่ะ😊 (บริษัทเปิดให้บริการติดต่อ วันจันทร์-ศุกร์ เวลา 9.00-17.00 ยกเว้นวันหยุดนักขัตฤกษ์)

ที่ดินเปล่า โครงการหมู่บ้านเนเจอร์โฮม ที่ดินแปลงย่อยจัดสรร แบ่งขายรายแปลง หมู่บ้านเนเจอร์โฮม ต.หารแก้ว

บริษัทขอสงวนสิทธิ์ในการเปลี่ยนแปลงรายละเอียดทรัพย์สิน ราคาตั้งขาย รวมถึงเงื่อนไขอื่นใด หรือยกเลิกการ ขายทรัพย์สินได้โดยไม่ต้องแจ้งให้ผู้สนใจเสนอซื้อทราบล่วงหน้า

https://www.google.com/maps/search/?api=1&query=18.6559372,98.9019598"
https://baan.kaidee.com/product-370416247,"ราคา: 1,596,000
เนื้อที่: 190 ตารางวา | เนื้อที่ 190 ตารางวา | เป็นทรัพย์รอการขาย ใช่
💖 ที่ดิน หางดง ราคาพิเศษ! 💖
รหัสทรัพย์ ： DACHMVL0232001

สอบถามข้อมูลเพิ่มเติม นัดดูทรัพย์ >> 😊ทิ้งชื่อ เบอร์ติดต่อ ในแชท ให้เจ้าหน้าที่ขายติดต่อกลับได้เลยค่ะ😊 (บริษัทเปิดให้บริการติดต่อ วันจันทร์-ศุกร์ เวลา 9.00-17.00 ยกเว้นวันหยุดนักขัตฤกษ์)

ที่ดินเปล่า โครงการหมู่บ้านเนเจอร์โฮม ที่ดินจัดสรรแบ่งขายรายแปลง ตั้งอยู่ในโครงการเนเจอร์โฮม เป็นโครงการจัดสรรใหญ่ อยู่ระหว่าง อ.หางดง กับ อ.สันป่าตอง ต.หารแก้ว

บริษัทขอสงวนสิทธิ์ในการเปลี่ยนแปลงรายละเอียดทรัพย์สิน ราคาตั้งขาย รวมถึงเงื่อนไขอื่นใด หรือยกเลิกการ ขายทรัพย์สินได้โดยไม่ต้องแจ้งให้ผู้สนใจเสนอซื้อทราบล่วงหน้า

https://www.google.com/maps/search/?api=1&query=18.6557088,98.9018953"
https://baan.kaidee.com/product-370416439,"ราคา: 8,516,000
เนื้อที่: 2988 ตารางวา | เนื้อที่ 2988 ตารางวา | เป็นทรัพย์รอการขาย ใช่
💖 ที่ดิน สันทราย ราคาพิเศษ! 💖
รหัสทรัพย์ ： DDCHMVL0110001

สอบถามข้อมูลเพิ่มเติม นัดดูทรัพย์ >> 😊ทิ้งชื่อ เบอร์ติดต่อ ในแชท ให้เจ้าหน้าที่ขายติดต่อกลับได้เลยค่ะ😊 (บริษัทเปิดให้บริการติดต่อ วันจันทร์-ศุกร์ เวลา 9.00-17.00 ยกเว้นวันหยุดนักขัตฤกษ์)

ที่ดินเปล่า สวนเกษตรสันทราย ทรัพย์สินเป็นที่นา 2 แปลง อยู่ใกล้กัน โดยมีลำเหมืองคั่นไว้ ตั้งอยู่ในโครงการสวนเกษตรสันทราย ลักษณะทรัพย์เป็นรูปหลายเหลี่ยม ติดถนน 3 ด้าน ไฟฟ้าผ่าน มีคลองส่งน้ำ เหมาะสำหรับเป็นที่อยู่อาศัยและทำการเกษตร อยู่ในโครงการสวนเกษตรสันทราย การเดินทางเริ่มจากถนนเชียงใหม่-เชียงราย กม.9 เลี้ยวซ้ายไปตามถนนพยากน้อย-ทุ่งข้าวตอก ประมาณ 4.8 กม.ถึงที่ตั้งโครงการ สภาพแวดล้อมทั่วไปโดยรอบทรัพย์เป็นที่ดินเกษตรกรรมสลับกับที่อยู่อาศัย ตำบลหนองแหย่ง

บริษัทขอสงวนสิทธิ์ในการเปลี่ยนแปลงรายละเอียดทรัพย์สิน ราคาตั้งขาย รวมถึงเงื่อนไขอื่นใด หรือยกเลิกการ ขายทรัพย์สินได้โดยไม่ต้องแจ้งให้ผู้สนใจเสนอซื้อทราบล่วงหน้า

https://www.google.com/maps/search/?api=1&query=18.895499,99.10115"
https://baan.kaidee.com/product-370416441,"ราคา: 244,000
เนื้อที่: 456 ตารางวา | เนื้อที่ 456 ตารางวา | เป็นทรัพย์รอการขาย ใช่
💖 ที่ดิน แม่แตง ราคาพิเศษ! 💖
รหัสทรัพย์ ： DDCHMVL0115001

สอบถามข้อมูลเพิ่มเติม นัดดูทรัพย์ >> 😊ทิ้งชื่อ เบอร์ติดต่อ ในแชท ให้เจ้าหน้าที่ขายติดต่อกลับได้เลยค่ะ😊 (บริษัทเปิดให้บริการติดต่อ วันจันทร์-ศุกร์ เวลา 9.00-17.00 ยกเว้นวันหยุดนักขัตฤกษ์)

มิสตี้ฮิลล์ ท่ี่ดินเปล่า ติดถนนดิน ในโครงการ ""มิสตี้ฮิลล์"" สาธารณูปโภคยังเข้าไม่ถึง ท่ี่ดินเปล่า ในโครงการ ""มิสตี้ฮิลล์"" ทางหลวงเชียงใหม่ - พร้าว กม.ที่ 43 ตำบลแม่หอพระ

บริษัทขอสงวนสิทธิ์ในการเปลี่ยนแปลงรายละเอียดทรัพย์สิน ราคาตั้งขาย รวมถึงเงื่อนไขอื่นใด หรือยกเลิกการ ขายทรัพย์สินได้โดยไม่ต้องแจ้งให้ผู้สนใจเสนอซื้อทราบล่วงหน้า

https://www.google.com/maps/search/?api=1&query=19.12434644,99.04066016"
https://baan.kaidee.com/product-370416443,"ราคา: 12,698,000
เนื้อที่: 3455 ตารางวา | เนื้อที่ 3455 ตารางวา | เป็นทรัพย์รอการขาย ใช่
💖 ที่ดิน สันป่าตอง ราคาพิเศษ! 💖
รหัสทรัพย์ ： DDCHMVL0118001

สอบถามข้อมูลเพิ่มเติม นัดดูทรัพย์ >> 😊ทิ้งชื่อ เบอร์ติดต่อ ในแชท ให้เจ้าหน้าที่ขายติดต่อกลับได้เลยค่ะ😊 (บริษัทเปิดให้บริการติดต่อ วันจันทร์-ศุกร์ เวลา 9.00-17.00 ยกเว้นวันหยุดนักขัตฤกษ์)

ที่ดินเปล่า (ใกล้ อบต.น้ำบ่อหลวง-ติดถนนเลียบคลองชลประทาน) ทรัพย์เป็นที่ดินเปล่า 4 แปลง (ติดกัน) ติดถนนเลียบคลองชลประทานซอย1 ถนนเลียบคลองชลประทานซอย 1 ต.น้ำบ่อหลวง อ.สันป่าตอง จ.เชียงใหม่ ห่างจากถนนเลี่ยงเมืองสันป่าตอง-หางดง (ชม.3035) ประมาณ 2.0 กม.

บริษัทขอสงวนสิทธิ์ในการเปลี่ยนแปลงรายละเอียดทรัพย์สิน ราคาตั้งขาย รวมถึงเงื่อนไขอื่นใด หรือยกเลิกการ ขายทรัพย์สินได้โดยไม่ต้องแจ้งให้ผู้สนใจเสนอซื้อทราบล่วงหน้า

https://www.google.com/maps/search/?api=1&query=18.647884,98.860387"
https://baan.kaidee.com/product-370416604,"ราคา: 108,000
เนื้อที่: 100 ตารางวา | เนื้อที่ 100 ตารางวา | เป็นทรัพย์รอการขาย ใช่
💖 ที่ดิน แม่แตง ราคาพิเศษ! 💖
รหัสทรัพย์ ： DHCHMVL0112001

สอบถามข้อมูลเพิ่มเติม นัดดูทรัพย์ >> 😊ทิ้งชื่อ เบอร์ติดต่อ ในแชท ให้เจ้าหน้าที่ขายติดต่อกลับได้เลยค่ะ😊 (บริษัทเปิดให้บริการติดต่อ วันจันทร์-ศุกร์ เวลา 9.00-17.00 ยกเว้นวันหยุดนักขัตฤกษ์)

เลควู๊ดฮิลล์ ที่ดินว่างเปล่า ในโครงการจัดสรร ""เลควู๊ดฮิลล์"" ถนนดิน ไฟฟ้ายังเข้าไม่ถึง ในโครงการจัดสรร""เลควู๊ดฮิลล์"" ห่างจากวัดแม่ขะจาน 1 กม. ตำบล ขี้เหล็ก

บริษัทขอสงวนสิทธิ์ในการเปลี่ยนแปลงรายละเอียดทรัพย์สิน ราคาตั้งขาย รวมถึงเงื่อนไขอื่นใด หรือยกเลิกการ ขายทรัพย์สินได้โดยไม่ต้องแจ้งให้ผู้สนใจเสนอซื้อทราบล่วงหน้า

https://www.google.com/maps/search/?api=1&query=19.063138,98.918741"
https://baan.kaidee.com/product-370416605,"ราคา: 194,000
เนื้อที่: 123 ตารางวา | เนื้อที่ 123 ตารางวา | เป็นทรัพย์รอการขาย ใช่
💖 ที่ดิน ดอยหล่อ ราคาพิเศษ! 💖
รหัสทรัพย์ ： DHCHMVL0123001

สอบถามข้อมูลเพิ่มเติม นัดดูทรัพย์ >> 😊ทิ้งชื่อ เบอร์ติดต่อ ในแชท ให้เจ้าหน้าที่ขายติดต่อกลับได้เลยค่ะ😊 (บริษัทเปิดให้บริการติดต่อ วันจันทร์-ศุกร์ เวลา 9.00-17.00 ยกเว้นวันหยุดนักขัตฤกษ์)

ที่ดินเปล่า ที่ดินว่างเปล่าแบ่งแยกเป็นแปลงย่อย โครงการบ้านสวนอินทนนท์ 2 ตำบลดอยหล่อ

บริษัทขอสงวนสิทธิ์ในการเปลี่ยนแปลงรายละเอียดทรัพย์สิน ราคาตั้งขาย รวมถึงเงื่อนไขอื่นใด หรือยกเลิกการ ขายทรัพย์สินได้โดยไม่ต้องแจ้งให้ผู้สนใจเสนอซื้อทราบล่วงหน้า

https://www.google.com/maps/search/?api=1&query=18.45789,98.77987"
https://baan.kaidee.com/product-370416606,"ราคา: 158,000
เนื้อที่: 100 ตารางวา | เนื้อที่ 100 ตารางวา | เป็นทรัพย์รอการขาย ใช่
💖 ที่ดิน ดอยหล่อ ราคาพิเศษ! 💖
รหัสทรัพย์ ： DHCHMVL0124001

สอบถามข้อมูลเพิ่มเติม นัดดูทรัพย์ >> 😊ทิ้งชื่อ เบอร์ติดต่อ ในแชท ให้เจ้าหน้าที่ขายติดต่อกลับได้เลยค่ะ😊 (บริษัทเปิดให้บริการติดต่อ วันจันทร์-ศุกร์ เวลา 9.00-17.00 ยกเว้นวันหยุดนักขัตฤกษ์)

ที่ดินเปล่า ที่ดินว่างเปล่าแบ่งแยกเป็นแปลงย่อย โครงการบ้านสวนอินทนนท์ 2 ต.ดอยหล่อ

บริษัทขอสงวนสิทธิ์ในการเปลี่ยนแปลงรายละเอียดทรัพย์สิน ราคาตั้งขาย รวมถึงเงื่อนไขอื่นใด หรือยกเลิกการ ขายทรัพย์สินได้โดยไม่ต้องแจ้งให้ผู้สนใจเสนอซื้อทราบล่วงหน้า

https://www.google.com/maps/search/?api=1&query=18.45707,98.77869"
https://baan.kaidee.com/product-370416607,"ราคา: 108,000
เนื้อที่: 100 ตารางวา | เนื้อที่ 100 ตารางวา | เป็นทรัพย์รอการขาย ใช่
💖 ที่ดิน แม่แตง ราคาพิเศษ! 💖
รหัสทรัพย์ ： DHCHMVL0125001

สอบถามข้อมูลเพิ่มเติม นัดดูทรัพย์ >> 😊ทิ้งชื่อ เบอร์ติดต่อ ในแชท ให้เจ้าหน้าที่ขายติดต่อกลับได้เลยค่ะ😊 (บริษัทเปิดให้บริการติดต่อ วันจันทร์-ศุกร์ เวลา 9.00-17.00 ยกเว้นวันหยุดนักขัตฤกษ์)

ที่ดินเปล่า ที่ดินว่างเปล่า ในโครงการจัดสรร ""เลควู๊ดฮิลล์"" ถนนดิน ไฟฟ้ายังเข้าไม่ถึง ในโครงการจัดสรร""เลควู๊ดฮิลล์"" ห่างจากวัดแม่ขะจาน 1 กม. ตำบล ขี้เหล็ก

บริษัทขอสงวนสิทธิ์ในการเปลี่ยนแปลงรายละเอียดทรัพย์สิน ราคาตั้งขาย รวมถึงเงื่อนไขอื่นใด หรือยกเลิกการ ขายทรัพย์สินได้โดยไม่ต้องแจ้งให้ผู้สนใจเสนอซื้อทราบล่วงหน้า

https://www.google.com/maps/search/?api=1&query=19.06268,98.918102"
https://baan.kaidee.com/product-370416608,"ราคา: 626,000
เนื้อที่: 298 ตารางวา | เนื้อที่ 298 ตารางวา | เป็นทรัพย์รอการขาย ใช่
💖 ที่ดิน ดอยหล่อ ราคาพิเศษ! 💖
รหัสทรัพย์ ： DHCHMVL0127001

สอบถามข้อมูลเพิ่มเติม นัดดูทรัพย์ >> 😊ทิ้งชื่อ เบอร์ติดต่อ ในแชท ให้เจ้าหน้าที่ขายติดต่อกลับได้เลยค่ะ😊 (บริษัทเปิดให้บริการติดต่อ วันจันทร์-ศุกร์ เวลา 9.00-17.00 ยกเว้นวันหยุดนักขัตฤกษ์)

ที่ดินเปล่า (หลัง รร.ดอยหล่อ) เชียงใหม่ ที่ดินแบ่งแยกเป็นแปลงย่อยขายในโครงการจัดสรรขนาดเล็ก ต.ดอยหล่อ อ.ดอยหล่อ จ.เชียงใหม่

บริษัทขอสงวนสิทธิ์ในการเปลี่ยนแปลงรายละเอียดทรัพย์สิน ราคาตั้งขาย รวมถึงเงื่อนไขอื่นใด หรือยกเลิกการ ขายทรัพย์สินได้โดยไม่ต้องแจ้งให้ผู้สนใจเสนอซื้อทราบล่วงหน้า

https://www.google.com/maps/search/?api=1&query=18.466116,98.780547"
https://baan.kaidee.com/product-370416609,"ราคา: 626,000
เนื้อที่: 298 ตารางวา | เนื้อที่ 298 ตารางวา | เป็นทรัพย์รอการขาย ใช่
💖 ที่ดิน ดอยหล่อ ราคาพิเศษ! 💖
รหัสทรัพย์ ： DHCHMVL0128001

สอบถามข้อมูลเพิ่มเติม นัดดูทรัพย์ >> 😊ทิ้งชื่อ เบอร์ติดต่อ ในแชท ให้เจ้าหน้าที่ขายติดต่อกลับได้เลยค่ะ😊 (บริษัทเปิดให้บริการติดต่อ วันจันทร์-ศุกร์ เวลา 9.00-17.00 ยกเว้นวันหยุดนักขัตฤกษ์)

ที่ดินเปล่า (หลังรร.ดอยหล่อ) ที่ดินแบ่งแยกเป็นแปลงย่อยขายในโครงการจัดสรรขนาดเล็ก ต.ดอยหล่อ อ.ดอยหล่อ จ.เชียงใหม่

บริษัทขอสงวนสิทธิ์ในการเปลี่ยนแปลงรายละเอียดทรัพย์สิน ราคาตั้งขาย รวมถึงเงื่อนไขอื่นใด หรือยกเลิกการ ขายทรัพย์สินได้โดยไม่ต้องแจ้งให้ผู้สนใจเสนอซื้อทราบล่วงหน้า

https://www.google.com/maps/search/?api=1&query=18.46597,98.7804"
https://baan.kaidee.com/product-370416660,"ราคา: 31,655,000
เนื้อที่: 9421 ตารางวา | เนื้อที่ 9421 ตารางวา | เป็นทรัพย์รอการขาย ใช่
💖 ที่ดิน หางดง ราคาพิเศษ! 💖
รหัสทรัพย์ ： DLCHMVL0101001

สอบถามข้อมูลเพิ่มเติม นัดดูทรัพย์ >> 😊ทิ้งชื่อ เบอร์ติดต่อ ในแชท ให้เจ้าหน้าที่ขายติดต่อกลับได้เลยค่ะ😊 (บริษัทเปิดให้บริการติดต่อ วันจันทร์-ศุกร์ เวลา 9.00-17.00 ยกเว้นวันหยุดนักขัตฤกษ์)

ที่ดินว่างเปล่า ทรัพย์เป็นที่ดินว่างเปล่า อยู่ตรงข้ามกับ โรงพยาบาลส่งเสริมสุขภาพบ้านต้นเฮือด ต.บ้านแหวน อ.หางดง จ.เชียงใหม่ สามารถพัฒนาได้ หรือใช้สำหรับการเกษตรได้ ทรัพย์ตั้งอยู่ติดกับทางสาธารณะในหมู่บ้าน อยู่ในย่านชุมชน

บริษัทขอสงวนสิทธิ์ในการเปลี่ยนแปลงรายละเอียดทรัพย์สิน ราคาตั้งขาย รวมถึงเงื่อนไขอื่นใด หรือยกเลิกการ ขายทรัพย์สินได้โดยไม่ต้องแจ้งให้ผู้สนใจเสนอซื้อทราบล่วงหน้า

https://www.google.com/maps/search/?api=1&query=18.690851,98.951148"
https://baan.kaidee.com/product-370416845,"ราคา: 112,000
เนื้อที่: 100 ตารางวา | เนื้อที่ 100 ตารางวา | เป็นทรัพย์รอการขาย ใช่
💖 ที่ดิน ดอยหล่อ ราคาพิเศษ! 💖
รหัสทรัพย์ ： HCHMVL0118001

สอบถามข้อมูลเพิ่มเติม นัดดูทรัพย์ >> 😊ทิ้งชื่อ เบอร์ติดต่อ ในแชท ให้เจ้าหน้าที่ขายติดต่อกลับได้เลยค่ะ😊 (บริษัทเปิดให้บริการติดต่อ วันจันทร์-ศุกร์ เวลา 9.00-17.00 ยกเว้นวันหยุดนักขัตฤกษ์)

โครงการทุ่งเศรษฐี ทรัพย์เป็นที่ดินว่างเปล่า อยู่ในโครงการทุ่งเศรษฐี ติดถนนในโครงการ/ลาดยาง เหมาะสำหรับสร้างบ้านอยู่อาศัย หรือทำการเกษตร ตำบล สันติสุข

บริษัทขอสงวนสิทธิ์ในการเปลี่ยนแปลงรายละเอียดทรัพย์สิน ราคาตั้งขาย รวมถึงเงื่อนไขอื่นใด หรือยกเลิกการ ขายทรัพย์สินได้โดยไม่ต้องแจ้งให้ผู้สนใจเสนอซื้อทราบล่วงหน้า

https://www.google.com/maps/search/?api=1&query=18.53101,98.84104"
https://baan.kaidee.com/product-370416846,"ราคา: 1,426,000
เนื้อที่: 411 ตารางวา | เนื้อที่ 411 ตารางวา | เป็นทรัพย์รอการขาย ใช่
💖 ที่ดิน สันทราย ราคาพิเศษ! 💖
รหัสทรัพย์ ： HCHMVL0122001

สอบถามข้อมูลเพิ่มเติม นัดดูทรัพย์ >> 😊ทิ้งชื่อ เบอร์ติดต่อ ในแชท ให้เจ้าหน้าที่ขายติดต่อกลับได้เลยค่ะ😊 (บริษัทเปิดให้บริการติดต่อ วันจันทร์-ศุกร์ เวลา 9.00-17.00 ยกเว้นวันหยุดนักขัตฤกษ์)

โครงการริมปิงการ์เด้นท์รีสอร์ท ที่ดินเปล่า สภาพถมแล้ว หน้ากว้างติดถนนโครงการ 25 เมตร ลึก 65 เมตร ตั้งอยู่ในโครงการริมปิงการ์เด้นท์รีสอร์ท ห่างถนนเชียงใหม่-พร้าว ระหว่าง กม.21-22 ประมาณ 2.5 กม.ภายในโครงการส่วนใหญ่เป็นที่ดินว่างเปล่า มีบ้านเรือนปลูกอาศัยเพียง 3 หลัง ตำบล แม่แฝกใหม่

บริษัทขอสงวนสิทธิ์ในการเปลี่ยนแปลงรายละเอียดทรัพย์สิน ราคาตั้งขาย รวมถึงเงื่อนไขอื่นใด หรือยกเลิกการ ขายทรัพย์สินได้โดยไม่ต้องแจ้งให้ผู้สนใจเสนอซื้อทราบล่วงหน้า

https://www.google.com/maps/search/?api=1&query=18.98594151,98.96391216"
https://baan.kaidee.com/product-370416847,"ราคา: 234,000
เนื้อที่: 117 ตารางวา | เนื้อที่ 117 ตารางวา | เป็นทรัพย์รอการขาย ใช่
💖 ที่ดิน สันทราย ราคาพิเศษ! 💖
รหัสทรัพย์ ： HCHMVL0123001

สอบถามข้อมูลเพิ่มเติม นัดดูทรัพย์ >> 😊ทิ้งชื่อ เบอร์ติดต่อ ในแชท ให้เจ้าหน้าที่ขายติดต่อกลับได้เลยค่ะ😊 (บริษัทเปิดให้บริการติดต่อ วันจันทร์-ศุกร์ เวลา 9.00-17.00 ยกเว้นวันหยุดนักขัตฤกษ์)

โครงการฟ้าใสดอยงาม ที่ดินเปล่า หน้ากว้างติดถนนโครงการ ประมาณ 16 เมตร ลึก 26 เมตร เหมาะสำหรับเป็นที่อยู่อาศัย ใกล้กับมหาวิทยาลัยแม่โจ้ ตั้งอยู่ในโครงการฟ้าใสดอยงาม 3 ห่างจากถนนเชียงใหม่-พร้าว ระหว่าง กม.9-10 ประมาณ 5 กม.ใกล้กับมหาวิทยาลัยแม่โจ้ ต.หนองหาร

บริษัทขอสงวนสิทธิ์ในการเปลี่ยนแปลงรายละเอียดทรัพย์สิน ราคาตั้งขาย รวมถึงเงื่อนไขอื่นใด หรือยกเลิกการ ขายทรัพย์สินได้โดยไม่ต้องแจ้งให้ผู้สนใจเสนอซื้อทราบล่วงหน้า

https://www.google.com/maps/search/?api=1&query=18.934701,99.032989"
https://baan.kaidee.com/product-370416849,"ราคา: 207,000
เนื้อที่: 138 ตารางวา | เนื้อที่ 138 ตารางวา | เป็นทรัพย์รอการขาย ใช่
💖 ที่ดิน ดอยหล่อ ราคาพิเศษ! 💖
รหัสทรัพย์ ： HCHMVL0138001

สอบถามข้อมูลเพิ่มเติม นัดดูทรัพย์ >> 😊ทิ้งชื่อ เบอร์ติดต่อ ในแชท ให้เจ้าหน้าที่ขายติดต่อกลับได้เลยค่ะ😊 (บริษัทเปิดให้บริการติดต่อ วันจันทร์-ศุกร์ เวลา 9.00-17.00 ยกเว้นวันหยุดนักขัตฤกษ์)

ที่ดินเปล่า โครงการบ้านสันติสุข ทรัพย์เป็นที่ดินเปล่า ตั้งอยู่ในโครงการบ้านสันติสุข สภาพยังไม่ถม ต่ำกว่าถนนประมาณ 0.3 ม. ขนาดที่ดินประมาณ 18x32 ม. เป็นรูปสี่เหลี่ยมผืนผ้า ไม่มีไฟฟ้า/ประปาเข้าถึง ติดถนนลูกรัง(ถนนส่วนบุคคล) ถนนกว้าง 4 ม. ทรัพย์อยู่ห่างจากถนนสายเชียงใหม่-ฮอด ช่วง กม.37-38 ประมาณ 800 ม. สถานที่ใกล้เคียง เช่น โรงเรียนบ้านสามหลัง เป็นต้น โครงการบ้านสันติสุข ถนนสายเชียงใหม่-ฮอด ช่วง กม.37-38 ตำบลสันติสุข

บริษัทขอสงวนสิทธิ์ในการเปลี่ยนแปลงรายละเอียดทรัพย์สิน ราคาตั้งขาย รวมถึงเงื่อนไขอื่นใด หรือยกเลิกการ ขายทรัพย์สินได้โดยไม่ต้องแจ้งให้ผู้สนใจเสนอซื้อทราบล่วงหน้า

https://www.google.com/maps/search/?api=1&query=18.519816,98.839778"
https://baan.kaidee.com/product-370416850,"ราคา: 1,254,000
เนื้อที่: 660 ตารางวา | เนื้อที่ 660 ตารางวา | เป็นทรัพย์รอการขาย ใช่
💖 ที่ดิน ดอยหล่อ ราคาพิเศษ! 💖
รหัสทรัพย์ ： HCHMVL0149001

สอบถามข้อมูลเพิ่มเติม นัดดูทรัพย์ >> 😊ทิ้งชื่อ เบอร์ติดต่อ ในแชท ให้เจ้าหน้าที่ขายติดต่อกลับได้เลยค่ะ😊 (บริษัทเปิดให้บริการติดต่อ วันจันทร์-ศุกร์ เวลา 9.00-17.00 ยกเว้นวันหยุดนักขัตฤกษ์)

ที่ดินว่างเปล่า ที่ดินว่างเปล่าในโครงการจัดสรรหมู่บ้านสันติสุข ทรัพย์อยู่ติดเป็นผืนเดียวกันจำนวน 4 แปลง เหมาะสำหรับเป็นที่อยู่อาศัย หรือเป็นพื้นที่สวนเพื่อการเกษตรได้ ทรัพย์ตั้งอยู่ ตำบลสันติสุข อำเภอดอยหล่อ จังหวัดเชียงใหม่ ห่างจากถนนสายเชียงใหม่-ฮอด บริเวณช่วง
กม.37 การคมนาคมสะดวก

บริษัทขอสงวนสิทธิ์ในการเปลี่ยนแปลงรายละเอียดทรัพย์สิน ราคาตั้งขาย รวมถึงเงื่อนไขอื่นใด หรือยกเลิกการ ขายทรัพย์สินได้โดยไม่ต้องแจ้งให้ผู้สนใจเสนอซื้อทราบล่วงหน้า

https://www.google.com/maps/search/?api=1&query=18.52005,98.841808"
https://baan.kaidee.com/product-370417100,"ราคา: 17,720,000
เนื้อที่: 4441 ตารางวา | เนื้อที่ 4441 ตารางวา | เป็นทรัพย์รอการขาย ใช่
💖 ที่ดิน หางดง ราคาพิเศษ! 💖
รหัสทรัพย์ ： LCHMVL0176001

สอบถามข้อมูลเพิ่มเติม นัดดูทรัพย์ >> 😊ทิ้งชื่อ เบอร์ติดต่อ ในแชท ให้เจ้าหน้าที่ขายติดต่อกลับได้เลยค่ะ😊 (บริษัทเปิดให้บริการติดต่อ วันจันทร์-ศุกร์ เวลา 9.00-17.00 ยกเว้นวันหยุดนักขัตฤกษ์)

ที่ดินเปล่า ตำบลน้ำแพร่ ที่ดินเปล่า 1 แปลง ก.165 ม. ย.130 ม. ซอย(ไม่ปรากฎชื่อ) ถ.เลี่ยงเมืองสันป่าตอง-หางดง(ชม.3035) ต.น้ำแพร่

บริษัทขอสงวนสิทธิ์ในการเปลี่ยนแปลงรายละเอียดทรัพย์สิน ราคาตั้งขาย รวมถึงเงื่อนไขอื่นใด หรือยกเลิกการ ขายทรัพย์สินได้โดยไม่ต้องแจ้งให้ผู้สนใจเสนอซื้อทราบล่วงหน้า

https://www.google.com/maps/search/?api=1&query=18.678095,98.879945"
https://baan.kaidee.com/product-370417159,"ราคา: 756,000
เนื้อที่: 1167 ตารางวา | เนื้อที่ 1167 ตารางวา | เป็นทรัพย์รอการขาย ใช่
💖 ที่ดิน แม่แตง ราคาพิเศษ! 💖
รหัสทรัพย์ ： OCHMVL0018000

สอบถามข้อมูลเพิ่มเติม นัดดูทรัพย์ >> 😊ทิ้งชื่อ เบอร์ติดต่อ ในแชท ให้เจ้าหน้าที่ขายติดต่อกลับได้เลยค่ะ😊 (บริษัทเปิดให้บริการติดต่อ วันจันทร์-ศุกร์ เวลา 9.00-17.00 ยกเว้นวันหยุดนักขัตฤกษ์)

ที่ดินเปล่า ที่ดินเปล่า 1 แปลง มีส่วนติดถนนในโครงการ 2 ด้าน กว้าง 80 เมตร และ 68 เมตร อยู่ในทำเลย่านเกษตรกรรม โครงการ มิสตี้ฮิลล์ ถนนเชียงใหม่-พร้าว (ทล.1001) บริเวณ กม.43+400 ตำบล แม่หอพระ

บริษัทขอสงวนสิทธิ์ในการเปลี่ยนแปลงรายละเอียดทรัพย์สิน ราคาตั้งขาย รวมถึงเงื่อนไขอื่นใด หรือยกเลิกการ ขายทรัพย์สินได้โดยไม่ต้องแจ้งให้ผู้สนใจเสนอซื้อทราบล่วงหน้า

https://www.google.com/maps/search/?api=1&query=19.12046633,99.04884249"
https://baan.kaidee.com/product-370417161,"ราคา: 1,277,000
เนื้อที่: 152 ตารางวา | เนื้อที่ 152 ตารางวา | เป็นทรัพย์รอการขาย ใช่
💖 ที่ดิน หางดง ราคาพิเศษ! 💖
รหัสทรัพย์ ： OCHMVL0033000

สอบถามข้อมูลเพิ่มเติม นัดดูทรัพย์ >> 😊ทิ้งชื่อ เบอร์ติดต่อ ในแชท ให้เจ้าหน้าที่ขายติดต่อกลับได้เลยค่ะ😊 (บริษัทเปิดให้บริการติดต่อ วันจันทร์-ศุกร์ เวลา 9.00-17.00 ยกเว้นวันหยุดนักขัตฤกษ์)

ที่ดินเปล่า โครงการเนเจอร์โฮม ที่ดินเปล่า ถมแล้ว เสมอถนน ขนาดที่ดินประมาณ 17x36 ม. รูปร่างที่ดินเป็นรูปสี่เหลี่ยมผืนผ้า ติดถนนส่วนบุคคล(ลาดยาง) โครงการเนเจอร์โฮม ถนนเชียงใหม่-ฮอด (ทล.108) กม.18+800 ตำบล หารแก้ว

บริษัทขอสงวนสิทธิ์ในการเปลี่ยนแปลงรายละเอียดทรัพย์สิน ราคาตั้งขาย รวมถึงเงื่อนไขอื่นใด หรือยกเลิกการ ขายทรัพย์สินได้โดยไม่ต้องแจ้งให้ผู้สนใจเสนอซื้อทราบล่วงหน้า

https://www.google.com/maps/search/?api=1&query=18.65578,98.90151"
https://baan.kaidee.com/product-370417226,"ราคา: 640,000
เนื้อที่: 582 ตารางวา | เนื้อที่ 582 ตารางวา | เป็นทรัพย์รอการขาย ใช่
💖 ที่ดิน ดอยหล่อ ราคาพิเศษ! 💖
รหัสทรัพย์ ： WCHMVL0004000

สอบถามข้อมูลเพิ่มเติม นัดดูทรัพย์ >> 😊ทิ้งชื่อ เบอร์ติดต่อ ในแชท ให้เจ้าหน้าที่ขายติดต่อกลับได้เลยค่ะ😊 (บริษัทเปิดให้บริการติดต่อ วันจันทร์-ศุกร์ เวลา 9.00-17.00 ยกเว้นวันหยุดนักขัตฤกษ์)

ที่ดินเปล่า โครงการบ้านสวนจงเจริญ ที่ดินเปล่า จำนวน 2 แปลง ถมแล้ว ต่ำกว่าถนนประมาณ 0.3 ม. ขนาดที่ดินประมาณ 48x46 ม. รูปร่างที่ดินเป็นรูปสี่เหลี่ยมผืนผ้า ติดทางสาธารณประโยชน์ คอนกรีตกว้าง 6 เมตร ไม่มีไฟฟ้าเข้าถึง อยู่ในทำเลย่านเกษตรกรรม เหมาะสำหรับทำการเกษตร หรือ อยู่อาศัย (บ้านสวน ) ในโครงการบ้านสวนจงเจริญ ซอยบ้านเหล่าป๋วย 10 ถนนสายเชียงใหม่-ฮอด ตำบลดอยหล่อ

บริษัทขอสงวนสิทธิ์ในการเปลี่ยนแปลงรายละเอียดทรัพย์สิน ราคาตั้งขาย รวมถึงเงื่อนไขอื่นใด หรือยกเลิกการ ขายทรัพย์สินได้โดยไม่ต้องแจ้งให้ผู้สนใจเสนอซื้อทราบล่วงหน้า

https://www.google.com/maps/search/?api=1&query=18.504222,98.811545"
https://baan.kaidee.com/product-370417227,"ราคา: 470,000
เนื้อที่: 414 ตารางวา | เนื้อที่ 414 ตารางวา | เป็นทรัพย์รอการขาย ใช่
💖 ที่ดิน ดอยหล่อ ราคาพิเศษ! 💖
รหัสทรัพย์ ： WCHMVL0008001

สอบถามข้อมูลเพิ่มเติม นัดดูทรัพย์ >> 😊ทิ้งชื่อ เบอร์ติดต่อ ในแชท ให้เจ้าหน้าที่ขายติดต่อกลับได้เลยค่ะ😊 (บริษัทเปิดให้บริการติดต่อ วันจันทร์-ศุกร์ เวลา 9.00-17.00 ยกเว้นวันหยุดนักขัตฤกษ์)

ที่ดินเปล่า โครงการบ้านสวนจงเจริญ ที่ดินเปล่า จำนวน 2 แปลง ถมแล้ว ต่ำกว่าถนนประมาณ 0.3 ม. ขนาดที่ดินประมาณ 42x40 ม. รูปร่างที่ดินเป็นรูปสี่เหลี่ยมผืนผ้า ติดทางสาธารณประโยชน์ คอนกรีตกว้าง 6 เมตร ไม่มีไฟฟ้าเข้าถึง อยู่ในทำเลย่านเกษตรกรรม เหมาะสำหรับทำการเกษตร หรือ อยู่อาศัย (บ้านสวน ) ในโครงการบ้านสวนจงเจริญ ซอยบ้านเหล่าป๋วย 10 ถนนสายเชียงใหม่-ฮอด ตำบลดอยหล่อ

บริษัทขอสงวนสิทธิ์ในการเปลี่ยนแปลงรายละเอียดทรัพย์สิน ราคาตั้งขาย รวมถึงเงื่อนไขอื่นใด หรือยกเลิกการ ขายทรัพย์สินได้โดยไม่ต้องแจ้งให้ผู้สนใจเสนอซื้อทราบล่วงหน้า

https://www.google.com/maps/search/?api=1&query=18.503685,98.811769"
https://baan.kaidee.com/product-370417228,"ราคา: 520,000
เนื้อที่: 469 ตารางวา | เนื้อที่ 469 ตารางวา | เป็นทรัพย์รอการขาย ใช่
💖 ที่ดิน ดอยหล่อ ราคาพิเศษ! 💖
รหัสทรัพย์ ： WCHMVL0009001

สอบถามข้อมูลเพิ่มเติม นัดดูทรัพย์ >> 😊ทิ้งชื่อ เบอร์ติดต่อ ในแชท ให้เจ้าหน้าที่ขายติดต่อกลับได้เลยค่ะ😊 (บริษัทเปิดให้บริการติดต่อ วันจันทร์-ศุกร์ เวลา 9.00-17.00 ยกเว้นวันหยุดนักขัตฤกษ์)

ที่ดินเปล่า โครงการบ้านสวนจงเจริญ ที่ดินเปล่า ถมแล้ว ต่ำกว่าถนนประมาณ 0.3 ม. ขนาดที่ดินประมาณ 44x42 ม. รูปร่างที่ดินเป็นรูปสี่เหลี่ยมผืนผ้า
ติดทางสาธารณประโยชน์ คอนกรีตกว้าง 6 เมตร ไม่มีไฟฟ้าเข้าถึง อยู่ในทำเลย่านเกษตรกรรม เหมาะสำหรับทำการเกษตร หรือ อยู่อาศัย (บ้านสวน ) ในโครงการบ้านสวนจงเจริญ ซอยบ้านเหล่าป๋วย 10 ถนนสายเชียงใหม่-ฮอด ตำบลดอยหล่อ

บริษัทขอสงวนสิทธิ์ในการเปลี่ยนแปลงรายละเอียดทรัพย์สิน ราคาตั้งขาย รวมถึงเงื่อนไขอื่นใด หรือยกเลิกการ ขายทรัพย์สินได้โดยไม่ต้องแจ้งให้ผู้สนใจเสนอซื้อทราบล่วงหน้า

https://www.google.com/maps/search/?api=1&query=18.503865,98.81054"
https://baan.kaidee.com/product-370417229,"ราคา: 500,000
เนื้อที่: 448 ตารางวา | เนื้อที่ 448 ตารางวา | เป็นทรัพย์รอการขาย ใช่
💖 ที่ดิน ดอยหล่อ ราคาพิเศษ! 💖
รหัสทรัพย์ ： WCHMVL0010001

สอบถามข้อมูลเพิ่มเติม นัดดูทรัพย์ >> 😊ทิ้งชื่อ เบอร์ติดต่อ ในแชท ให้เจ้าหน้าที่ขายติดต่อกลับได้เลยค่ะ😊 (บริษัทเปิดให้บริการติดต่อ วันจันทร์-ศุกร์ เวลา 9.00-17.00 ยกเว้นวันหยุดนักขัตฤกษ์)

ที่ดินเปล่า โครงการบ้านสวนจงเจริญ ที่ดินเปล่า แปลงมุม ถมแล้ว ต่ำกว่าถนนประมาณ 0.3 ม. ขนาดที่ดินประมาณ 40x42 ม. รูปร่างที่ดินเป็นรูปสี่เหลี่ยมผืนผ้า ติดทางสาธารณประโยชน์ คอนกรีตกว้าง 6 เมตร มีไฟฟ้าเข้าถึง อยู่ในทำเลย่านเกษตรกรรม เหมาะสำหรับทำการเกษตร หรือ อยู่อาศัย (บ้านสวน ) ในโครงการบ้านสวนจงเจริญ ซอยบ้านเหล่าป๋วย 10 ถนนสายเชียงใหม่-ฮอด ตำบลดอยหล่อ

บริษัทขอสงวนสิทธิ์ในการเปลี่ยนแปลงรายละเอียดทรัพย์สิน ราคาตั้งขาย รวมถึงเงื่อนไขอื่นใด หรือยกเลิกการ ขายทรัพย์สินได้โดยไม่ต้องแจ้งให้ผู้สนใจเสนอซื้อทราบล่วงหน้า

https://www.google.com/maps/search/?api=1&query=18.503865,98.81054"
https://baan.kaidee.com/product-370417230,"ราคา: 420,000
เนื้อที่: 374 ตารางวา | เนื้อที่ 374 ตารางวา | เป็นทรัพย์รอการขาย ใช่
💖 ที่ดิน ดอยหล่อ ราคาพิเศษ! 💖
รหัสทรัพย์ ： WCHMVL0011001

สอบถามข้อมูลเพิ่มเติม นัดดูทรัพย์ >> 😊ทิ้งชื่อ เบอร์ติดต่อ ในแชท ให้เจ้าหน้าที่ขายติดต่อกลับได้เลยค่ะ😊 (บริษัทเปิดให้บริการติดต่อ วันจันทร์-ศุกร์ เวลา 9.00-17.00 ยกเว้นวันหยุดนักขัตฤกษ์)

ที่ดินเปล่า โครงการบ้านสวนจงเจริญ ที่ดินเปล่า ถมแล้ว ต่ำกว่าถนนประมาณ 0.3 ม. ขนาดที่ดินประมาณ 46x34 ม. รูปร่างที่ดินเป็นรูปสี่เหลี่ยมผืนผ้า
ติดทางสาธารณประโยชน์ คอนกรีตกว้าง 6 เมตร ไม่มีไฟฟ้าเข้าถึง อยู่ในทำเลย่านเกษตรกรรม เหมาะสำหรับทำการเกษตร หรือ อยู่อาศัย (บ้านสวน ) ในโครงการบ้านสวนจงเจริญ ซอยบ้านเหล่าป๋วย 10 ถนนสายเชียงใหม่-ฮอด ตำบลดอยหล่อ

บริษัทขอสงวนสิทธิ์ในการเปลี่ยนแปลงรายละเอียดทรัพย์สิน ราคาตั้งขาย รวมถึงเงื่อนไขอื่นใด หรือยกเลิกการ ขายทรัพย์สินได้โดยไม่ต้องแจ้งให้ผู้สนใจเสนอซื้อทราบล่วงหน้า

https://www.google.com/maps/search/?api=1&query=18.503319,98.811598"
https://baan.kaidee.com/product-370417231,"ราคา: 390,000
เนื้อที่: 346 ตารางวา | เนื้อที่ 346 ตารางวา | เป็นทรัพย์รอการขาย ใช่
💖 ที่ดิน ดอยหล่อ ราคาพิเศษ! 💖
รหัสทรัพย์ ： WCHMVL0012001

สอบถามข้อมูลเพิ่มเติม นัดดูทรัพย์ >> 😊ทิ้งชื่อ เบอร์ติดต่อ ในแชท ให้เจ้าหน้าที่ขายติดต่อกลับได้เลยค่ะ😊 (บริษัทเปิดให้บริการติดต่อ วันจันทร์-ศุกร์ เวลา 9.00-17.00 ยกเว้นวันหยุดนักขัตฤกษ์)

ที่ดินเปล่า โครงการบ้านสวนจงเจริญ ที่ดินเปล่า ถมแล้ว ต่ำกว่าถนนประมาณ 0.3 ม. ขนาดที่ดินประมาณ 40x32 ม. รูปร่างที่ดินเป็นรูปสี่เหลี่ยมผืนผ้า ติดทางสาธารณประโยชน์ คอนกรีตกว้าง 6 เมตร มีไฟฟ้าเข้าถึง อยู่ในทำเลย่านเกษตรกรรม เหมาะสำหรับทำการเกษตร หรือ อยู่อาศัย (บ้านสวน ) ในโครงการบ้านสวนจงเจริญ ซอยบ้านเหล่าป๋วย 10 ถนนสายเชียงใหม่-ฮอด ตำบลดอยหล่อ

บริษัทขอสงวนสิทธิ์ในการเปลี่ยนแปลงรายละเอียดทรัพย์สิน ราคาตั้งขาย รวมถึงเงื่อนไขอื่นใด หรือยกเลิกการ ขายทรัพย์สินได้โดยไม่ต้องแจ้งให้ผู้สนใจเสนอซื้อทราบล่วงหน้า

https://www.google.com/maps/search/?api=1&query=18.503083,98.811094"
https://baan.kaidee.com/product-370417240,"ราคา: 1,000,000
เนื้อที่: 920 ตารางวา | เนื้อที่ 920 ตารางวา | เป็นทรัพย์รอการขาย ใช่
💖 ที่ดิน ดอยหล่อ ราคาพิเศษ! 💖
รหัสทรัพย์ ： YCHMVL0001000

สอบถามข้อมูลเพิ่มเติม นัดดูทรัพย์ >> 😊ทิ้งชื่อ เบอร์ติดต่อ ในแชท ให้เจ้าหน้าที่ขายติดต่อกลับได้เลยค่ะ😊 (บริษัทเปิดให้บริการติดต่อ วันจันทร์-ศุกร์ เวลา 9.00-17.00 ยกเว้นวันหยุดนักขัตฤกษ์)

ที่ดินเปล่า โครงการบ้านสวนจงเจริญ ที่ดินเปล่า ถมแล้ว ต่ำกว่าถนนประมาณ 0.3 ม. ขนาดที่ดินประมาณ 46x86 ม. รูปร่างที่ดินเป็นรูปคล้ายสี่เหลี่ยมผืนผ้า ติดทางสาธารณประโยชน์ คอนกรีตกว้าง 6 เมตร ไม่มีไฟฟ้าเข้าถึง อยู่ในทำเลย่านเกษตรกรรม เหมาะสำหรับทำการเกษตร หรือ อยู่อาศัย (บ้านสวน ) ในโครงการบ้านสวนจงเจริญ ซอยบ้านเหล่าป๋วย 10 ถนนสายเชียงใหม่-ฮอด ตำบลดอยหล่อ

บริษัทขอสงวนสิทธิ์ในการเปลี่ยนแปลงรายละเอียดทรัพย์สิน ราคาตั้งขาย รวมถึงเงื่อนไขอื่นใด หรือยกเลิกการ ขายทรัพย์สินได้โดยไม่ต้องแจ้งให้ผู้สนใจเสนอซื้อทราบล่วงหน้า

https://www.google.com/maps/search/?api=1&query=18.502183,98.813418"
https://baan.kaidee.com/product-370417516,"ราคา: 5,450,000
เนื้อที่: 122 ตารางวา | เนื้อที่ 122 ตารางวา | ห้องนอน 1 ห้องนอน | ห้องน้ำ 1 ห้องน้ำ | เป็นทรัพย์รอการขาย ใช่
💖 อพาร์ทเม้นท์ สันทราย ราคาพิเศษ! 💖
รหัสทรัพย์ ： DACHMAB0100001

สอบถามข้อมูลเพิ่มเติม นัดดูทรัพย์ >> 😊ทิ้งชื่อ เบอร์ติดต่อ ในแชท ให้เจ้าหน้าที่ขายติดต่อกลับได้เลยค่ะ😊 (บริษัทเปิดให้บริการติดต่อ วันจันทร์-ศุกร์ เวลา 9.00-17.00 ยกเว้นวันหยุดนักขัตฤกษ์)

- อาคารหอพักตึก 3 ชั้น(หอพัก) จำนวน 27 ห้อง และส่วนโล่งหลังคาคลุม ขายตามสภาพ เลขที่ 316 ถนนเลียบคลองชลประทาน ซอย 13 ถนนหลิ่งมื่น แยกจากถนนสายสันทราย-แม่โจ้(ทล.1367) บริเวณ กม.11

บริษัทขอสงวนสิทธิ์ในการเปลี่ยนแปลงรายละเอียดทรัพย์สิน ราคาตั้งขาย รวมถึงเงื่อนไขอื่นใด หรือยกเลิกการ ขายทรัพย์สินได้โดยไม่ต้องแจ้งให้ผู้สนใจเสนอซื้อทราบล่วงหน้า

https://www.google.com/maps/search/?api=1&query=18.89316424,99.03376176"
https://baan.kaidee.com/product-370417526,"ราคา: 14,183,000
เนื้อที่: 472 ตารางวา | เนื้อที่ 472 ตารางวา | ห้องนอน 1 ห้องนอน | ห้องน้ำ 1 ห้องน้ำ | เป็นทรัพย์รอการขาย ใช่
💖 อพาร์ทเม้นท์ สารภี ราคาพิเศษ! 💖
รหัสทรัพย์ ： DECHMAB0100001

สอบถามข้อมูลเพิ่มเติม นัดดูทรัพย์ >> 😊ทิ้งชื่อ เบอร์ติดต่อ ในแชท ให้เจ้าหน้าที่ขายติดต่อกลับได้เลยค่ะ😊 (บริษัทเปิดให้บริการติดต่อ วันจันทร์-ศุกร์ เวลา 9.00-17.00 ยกเว้นวันหยุดนักขัตฤกษ์)

หอพัก 2 ชั้น ขนาด 43 ห้อง พร้อมลานจอดรถ ที่ดินพร้อมสิ่งปลูกสร้าง 2 รายการ สภาพปานกลาง ได้แก่ 1.อาคารตึกชั้นเดียว พื้นที่ 36 ตรม. 2.อาคารหอพัก 2 ชั้น พื้นที่ 1,477 ตรม. พร้อมส่วนโล่งหลังคาคลุม ด้านหน้าทรัพย์ติดทางสาธารณะประโยชน์ 40/1 ซอย 4/2 บ้านบวกหัวช้าง ต.ท่าวังตาล อ.สารภี จ.เชียงใหม่

บริษัทขอสงวนสิทธิ์ในการเปลี่ยนแปลงรายละเอียดทรัพย์สิน ราคาตั้งขาย รวมถึงเงื่อนไขอื่นใด หรือยกเลิกการ ขายทรัพย์สินได้โดยไม่ต้องแจ้งให้ผู้สนใจเสนอซื้อทราบล่วงหน้า

https://www.google.com/maps/search/?api=1&query=18.72247589,99.00373422"
https://baan.kaidee.com/product-370417631,"ราคา: 5,149,000
เนื้อที่: 497.8 ตารางวา | เนื้อที่ 497.8 ตารางวา | ห้องนอน 3 ห้องนอน | ห้องน้ำ 2 ห้องน้ำ | เป็นทรัพย์รอการขาย ใช่
💖 บ้าน สารภี ราคาพิเศษ! 💖
รหัสทรัพย์ ： DICHMSH0110001

สอบถามข้อมูลเพิ่มเติม นัดดูทรัพย์ >> 😊ทิ้งชื่อ เบอร์ติดต่อ ในแชท ให้เจ้าหน้าที่ขายติดต่อกลับได้เลยค่ะ😊 (บริษัทเปิดให้บริการติดต่อ วันจันทร์-ศุกร์ เวลา 9.00-17.00 ยกเว้นวันหยุดนักขัตฤกษ์)

บ้านตึกชั้นเดียวยกพื้นสูง ที่ดินพร้อมสิ่งปลูกสร้าง 4 รายการ ประกอบด้วย สปส.1 บ้านตึกชั้นเดียวยกพื้นสูง /สปส.2 อาคารห้องครัวหลังที่ 1 / สปส.3 อาคารห้องครัวหลังที่ 2 /สปส.4 อาคารห้องครัวหลังที่ 3 73 ซอย 7 บ้านช้างค้ำ ต.ท่าวังตาล อ.สารภี จ.เชียงใหม่

บริษัทขอสงวนสิทธิ์ในการเปลี่ยนแปลงรายละเอียดทรัพย์สิน ราคาตั้งขาย รวมถึงเงื่อนไขอื่นใด หรือยกเลิกการ ขายทรัพย์สินได้โดยไม่ต้องแจ้งให้ผู้สนใจเสนอซื้อทราบล่วงหน้า

https://www.google.com/maps/search/?api=1&query=18.74662,99.001051"
https://baan.kaidee.com/product-370417632,"ราคา: 3,074,000
เนื้อที่: 247 ตารางวา | เนื้อที่ 247 ตารางวา | ห้องนอน 1 ห้องนอน | ห้องน้ำ 1 ห้องน้ำ | เป็นทรัพย์รอการขาย ใช่
💖 บ้าน ดอยสะเก็ด ราคาพิเศษ! 💖
รหัสทรัพย์ ： DICHMSH0115001

สอบถามข้อมูลเพิ่มเติม นัดดูทรัพย์ >> 😊ทิ้งชื่อ เบอร์ติดต่อ ในแชท ให้เจ้าหน้าที่ขายติดต่อกลับได้เลยค่ะ😊 (บริษัทเปิดให้บริการติดต่อ วันจันทร์-ศุกร์ เวลา 9.00-17.00 ยกเว้นวันหยุดนักขัตฤกษ์)

บ้านเดี่ยวชั้นเดียว บ้านตึกพักอาศัยชั้นเดียว ที่จอดรถ พื้นที่ใช้สอยประมาณ 200.90 ตรม. ที่ดินมีลักษณะเป็นรูปหลายเหลี่ยม หน้ากว้าง 34 ม. ลึก 28 ม. เลขที่ 3/1 บ้านสันต้นม่วงกลาง ติดถนนสายดอยสะเก็ด - สันป่าค่า ตำบลสำราญราษฎร์

บริษัทขอสงวนสิทธิ์ในการเปลี่ยนแปลงรายละเอียดทรัพย์สิน ราคาตั้งขาย รวมถึงเงื่อนไขอื่นใด หรือยกเลิกการ ขายทรัพย์สินได้โดยไม่ต้องแจ้งให้ผู้สนใจเสนอซื้อทราบล่วงหน้า

https://www.google.com/maps/search/?api=1&query=18.81085067,99.0973134"
https://baan.kaidee.com/product-370417633,"ราคา: 3,176,000
เนื้อที่: 175 ตารางวา | เนื้อที่ 175 ตารางวา | ห้องนอน 1 ห้องนอน | ห้องน้ำ 1 ห้องน้ำ | เป็นทรัพย์รอการขาย ใช่
💖 บ้าน สันทราย ราคาพิเศษ! 💖
รหัสทรัพย์ ： DICHMSH0116001

สอบถามข้อมูลเพิ่มเติม นัดดูทรัพย์ >> 😊ทิ้งชื่อ เบอร์ติดต่อ ในแชท ให้เจ้าหน้าที่ขายติดต่อกลับได้เลยค่ะ😊 (บริษัทเปิดให้บริการติดต่อ วันจันทร์-ศุกร์ เวลา 9.00-17.00 ยกเว้นวันหยุดนักขัตฤกษ์)

ชุมชนป่าปง 1. บ้านเดี่ยวชั้นเดียว, 2 ห้องนอน, 1 ห้องน้ำ, 1 ห้องครัว, 1 ห้องนั่งเล่น พร้อมส่วนโล่งหลังคาคลุม พื้นที่ใช้สอยภายในขนาด 102 ตร.ม.
2. บ้านเดี่ยวชั้นเดียว, 3 ห้องนอน, 3 ห้องน้ำ, 1 ห้องโถง พื้นที่ใช้สอยภายในขนาด 95.25 ตร.ม. เลขที่ 29 อยู่ติดถนนซอยชุมชนป่าบง ซอย 3 เป็นซอยตัน ถนนทางเข้าข้างแคบ รถไม่สามารถสวนได้ ห่างจากถนนเชียงใหม่-พร้าว(ทล.1001) ประมาณ 750 เมตร

บริษัทขอสงวนสิทธิ์ในการเปลี่ยนแปลงรายละเอียดทรัพย์สิน ราคาตั้งขาย รวมถึงเงื่อนไขอื่นใด หรือยกเลิกการ ขายทรัพย์สินได้โดยไม่ต้องแจ้งให้ผู้สนใจเสนอซื้อทราบล่วงหน้า

https://www.google.com/maps/search/?api=1&query=18.92907916,98.9835873"
https://baan.kaidee.com/product-370417836,"ราคา: 5,355,000
เนื้อที่: 72 ตารางวา | เนื้อที่ 72 ตารางวา | ห้องนอน 3 ห้องนอน | ห้องน้ำ 2 ห้องน้ำ | เป็นทรัพย์รอการขาย ใช่
💖 บ้าน เมืองเชียงใหม่ ราคาพิเศษ! 💖
รหัสทรัพย์ ： DKCHMSH0100001

สอบถามข้อมูลเพิ่มเติม นัดดูทรัพย์ >> 😊ทิ้งชื่อ เบอร์ติดต่อ ในแชท ให้เจ้าหน้าที่ขายติดต่อกลับได้เลยค่ะ😊 (บริษัทเปิดให้บริการติดต่อ วันจันทร์-ศุกร์ เวลา 9.00-17.00 ยกเว้นวันหยุดนักขัตฤกษ์)

มงฟอร์ตวิลล่า บ้านเดี่ยว 2 ชั้น ภายในกว้างขวางด้วยพื้นที่ใช้สอยขนาด 137 ตร.ม. บ้านเลขที่ 38/25 ติดถนนมงฟอร์ต แยกจากถนนมหิดล (ทล.1141) ประมาณ 1 กิโลเมตร ตำบลท่าศาลา

บริษัทขอสงวนสิทธิ์ในการเปลี่ยนแปลงรายละเอียดทรัพย์สิน ราคาตั้งขาย รวมถึงเงื่อนไขอื่นใด หรือยกเลิกการ ขายทรัพย์สินได้โดยไม่ต้องแจ้งให้ผู้สนใจเสนอซื้อทราบล่วงหน้า

https://www.google.com/maps/search/?api=1&query=18.77003725,99.02186366"
https://baan.kaidee.com/product-370417974,"ราคา: 1,965,000
เนื้อที่: 55.5 ตารางวา | เนื้อที่ 55.5 ตารางวา | ห้องนอน 2 ห้องนอน | ห้องน้ำ 1 ห้องน้ำ | เป็นทรัพย์รอการขาย ใช่
💖 บ้าน สารภี ราคาพิเศษ! 💖
รหัสทรัพย์ ： DNCHMSH0102001

สอบถามข้อมูลเพิ่มเติม นัดดูทรัพย์ >> 😊ทิ้งชื่อ เบอร์ติดต่อ ในแชท ให้เจ้าหน้าที่ขายติดต่อกลับได้เลยค่ะ😊 (บริษัทเปิดให้บริการติดต่อ วันจันทร์-ศุกร์ เวลา 9.00-17.00 ยกเว้นวันหยุดนักขัตฤกษ์)

บ้านเดี่ยว หมู่บ้านฉมาบดี บ้านตึกชั้นเดียว มี 2 ห้องนอน 1 ห้องน้ำ ขนาดที่ดินประมาณ 15x15 ม. รูปสี่เหลี่ยมจัตุรัส ขนาดสิ่งปลูกสร้างประมาณ 12x9 ม., 96 ตรม.ทรัพย์ได้ทำการรีโนเวทใหม่แล้วพร้อมเข้าอยู่ ติดถนน คสล.(ทางสาธารณประโยชน์) มีไฟฟ้า/ประปาเข้าถึง การคมนาคมสะดวก เข้า-ออกสู่ถนนสายหลักได้หลายเส้นทาง ทรัพย์อยู่ห่างจากถนนสายเชียงใหม่-ลำพูนประมาณ 1,600 ม. อยู่ห่างจากตัวอำเภอสารภี ประมาณ 5.5 กม. สถานที่ใกล้เคียง เช่น วัดบ้านกลาง, หมู่บ้านใจแก้วเอราวัณ, วัดพระนอนหนองผึ้ง เป็นต้น บ้านเลขที่ 99/26 หมู่ที่ 3 หมู่บ้านฉมาบดี

บริษัทขอสงวนสิทธิ์ในการเปลี่ยนแปลงรายละเอียดทรัพย์สิน ราคาตั้งขาย รวมถึงเงื่อนไขอื่นใด หรือยกเลิกการ ขายทรัพย์สินได้โดยไม่ต้องแจ้งให้ผู้สนใจเสนอซื้อทราบล่วงหน้า

https://www.google.com/maps/search/?api=1&query=18.73636,99.00233"
https://baan.kaidee.com/product-370417976,"ราคา: 2,423,000
เนื้อที่: 50 ตารางวา | เนื้อที่ 50 ตารางวา | ห้องนอน 3 ห้องนอน | ห้องน้ำ 3 ห้องน้ำ | เป็นทรัพย์รอการขาย ใช่
💖 บ้าน หางดง ราคาพิเศษ! 💖
รหัสทรัพย์ ： DNCHMSH0109001

สอบถามข้อมูลเพิ่มเติม นัดดูทรัพย์ >> 😊ทิ้งชื่อ เบอร์ติดต่อ ในแชท ให้เจ้าหน้าที่ขายติดต่อกลับได้เลยค่ะ😊 (บริษัทเปิดให้บริการติดต่อ วันจันทร์-ศุกร์ เวลา 9.00-17.00 ยกเว้นวันหยุดนักขัตฤกษ์)

หมู่บ้านประกันสังคม 1506 วังน้ำริน : ปรับปรุงใหม่ บ้านเดี่ยว 2 ชั้น (หลังมุม) เลขที่ 303/221 พื้นที่ใช้สอย 158 ตร.ม. 3 ห้องนอน 3 ห้องน้ำ เลขที่ 303/221 (หลังมุม) ซอย 3 ห่างจากถนนรอบเมืองเชียงใหม่ (ทล.1211) 2.15 กม.

บริษัทขอสงวนสิทธิ์ในการเปลี่ยนแปลงรายละเอียดทรัพย์สิน ราคาตั้งขาย รวมถึงเงื่อนไขอื่นใด หรือยกเลิกการ ขายทรัพย์สินได้โดยไม่ต้องแจ้งให้ผู้สนใจเสนอซื้อทราบล่วงหน้า

https://www.google.com/maps/search/?api=1&query=18.708156,98.973288"
https://baan.kaidee.com/product-370417977,"ราคา: 1,656,000
เนื้อที่: 70 ตารางวา | เนื้อที่ 70 ตารางวา | ห้องนอน 1 ห้องนอน | ห้องน้ำ 1 ห้องน้ำ | เป็นทรัพย์รอการขาย ใช่
💖 บ้าน หางดง ราคาพิเศษ! 💖
รหัสทรัพย์ ： DNCHMSH0110001

สอบถามข้อมูลเพิ่มเติม นัดดูทรัพย์ >> 😊ทิ้งชื่อ เบอร์ติดต่อ ในแชท ให้เจ้าหน้าที่ขายติดต่อกลับได้เลยค่ะ😊 (บริษัทเปิดให้บริการติดต่อ วันจันทร์-ศุกร์ เวลา 9.00-17.00 ยกเว้นวันหยุดนักขัตฤกษ์)

บ้านเดี่ยวชั้นเดียว เชียงใหม่ : ปรับปรุงใหม่ บ้านเดี่ยวชั้นเดียว เดินทางเข้า-ออกสะดวก 2 ห้องนอน 1 ห้องน้ำ 1 ห้องครัว และ ห้องโถง บ้านเดี่ยวชั้นเดียว 1 หลัง เลขที่ 261/40 บน โฉนดเลขที่ 70222
ถนนซอยเทศบาลหางดง 19 ต.หนองแก๋ว อ.หางดง จ.เชียงใหม่

บริษัทขอสงวนสิทธิ์ในการเปลี่ยนแปลงรายละเอียดทรัพย์สิน ราคาตั้งขาย รวมถึงเงื่อนไขอื่นใด หรือยกเลิกการ ขายทรัพย์สินได้โดยไม่ต้องแจ้งให้ผู้สนใจเสนอซื้อทราบล่วงหน้า

https://www.google.com/maps/search/?api=1&query=18.66906,98.92438"
https://baan.kaidee.com/product-370417978,"ราคา: 4,200,000
เนื้อที่: 52.5 ตารางวา | เนื้อที่ 52.5 ตารางวา | ห้องนอน 1 ห้องนอน | ห้องน้ำ 1 ห้องน้ำ | เป็นทรัพย์รอการขาย ใช่
💖 บ้าน สารภี ราคาพิเศษ! 💖
รหัสทรัพย์ ： DNCHMSH0114001

สอบถามข้อมูลเพิ่มเติม นัดดูทรัพย์ >> 😊ทิ้งชื่อ เบอร์ติดต่อ ในแชท ให้เจ้าหน้าที่ขายติดต่อกลับได้เลยค่ะ😊 (บริษัทเปิดให้บริการติดต่อ วันจันทร์-ศุกร์ เวลา 9.00-17.00 ยกเว้นวันหยุดนักขัตฤกษ์)

ภูฟ้า การ์เด้นท์โฮม 4 บ้านเดี่ยว 2 ชั้น ในโครงการภูฟ้า การ์เด้นท์โฮม 4 พร้อมระบบรักษาความปลอดภัย รปภ. 24 ชม. คีย์การ์ดเข้า-ออก โครงการ เลขที่ 174/34 หมู่ 8 ในโครงการภูฟ้า การ์เด้นท์โฮม 4 ติดถนนเลี่ยงเมืองเชียงใหม่รอบนอก ทล.121


บริษัทขอสงวนสิทธิ์ในการเปลี่ยนแปลงรายละเอียดทรัพย์สิน ราคาตั้งขาย รวมถึงเงื่อนไขอื่นใด หรือยกเลิกการ ขายทรัพย์สินได้โดยไม่ต้องแจ้งให้ผู้สนใจเสนอซื้อทราบล่วงหน้า

https://www.google.com/maps/search/?api=1&query=18.718201,99.000211"
https://baan.kaidee.com/product-370418135,"ราคา: 16,942,000
เนื้อที่: 430 ตารางวา | เนื้อที่ 430 ตารางวา | ห้องนอน 1 ห้องนอน | ห้องน้ำ 1 ห้องน้ำ | เป็นทรัพย์รอการขาย ใช่
💖 อพาร์ทเม้นท์ เมืองเชียงใหม่ ราคาพิเศษ! 💖
รหัสทรัพย์ ： DTCHMAB0100001

สอบถามข้อมูลเพิ่มเติม นัดดูทรัพย์ >> 😊ทิ้งชื่อ เบอร์ติดต่อ ในแชท ให้เจ้าหน้าที่ขายติดต่อกลับได้เลยค่ะ😊 (บริษัทเปิดให้บริการติดต่อ วันจันทร์-ศุกร์ เวลา 9.00-17.00 ยกเว้นวันหยุดนักขัตฤกษ์)

อพาร์ดเมนท์ อาคารหอพัก 2 ชั้น 2 หลัง อาคาร ชั้นเดียว 3 หลัง จากถนนเจริญเมือง เลี้ยวขวาเข้าสู่ถนนเจริญเมืองซอย 7 ประมาณ 330 เมตร จะถึงที่ตั้งทรัพย์ ตั้งอยู่บนถนนเจริญเมืองซอย 7

บริษัทขอสงวนสิทธิ์ในการเปลี่ยนแปลงรายละเอียดทรัพย์สิน ราคาตั้งขาย รวมถึงเงื่อนไขอื่นใด หรือยกเลิกการ ขายทรัพย์สินได้โดยไม่ต้องแจ้งให้ผู้สนใจเสนอซื้อทราบล่วงหน้า

https://www.google.com/maps/search/?api=1&query=18.78143485,99.02236476"
https://baan.kaidee.com/product-370418153,"ราคา: 5,500,000
เนื้อที่: 121 ตารางวา | เนื้อที่ 121 ตารางวา | ห้องนอน 1 ห้องนอน | ห้องน้ำ 1 ห้องน้ำ | เป็นทรัพย์รอการขาย ใช่
💖 บ้าน สันกำแพง ราคาพิเศษ! 💖
รหัสทรัพย์ ： DUCHMSH0100001

สอบถามข้อมูลเพิ่มเติม นัดดูทรัพย์ >> 😊ทิ้งชื่อ เบอร์ติดต่อ ในแชท ให้เจ้าหน้าที่ขายติดต่อกลับได้เลยค่ะ😊 (บริษัทเปิดให้บริการติดต่อ วันจันทร์-ศุกร์ เวลา 9.00-17.00 ยกเว้นวันหยุดนักขัตฤกษ์)

อาคารพักอาศัยตึก 2 ชั้น 1. อาคารตึกพักอาศัย 2 ชั้น รายการที่ 1 ขนาดสิ่งปลูกสร้างประมาณ 13x15 ม. พื้นที่ใช้สอยรวม 398 ตรม.
2. อาคารตึกพักอาศัย 2 ชั้น รายการที่ 2 ขนาดสิ่งปลูกสร้างประมาณ 5x9 ม. พื้นที่ใช้สอยรวม 130 ตรม. อาคารตึกพักอาศัย 2 ชั้น เลขที 55 ติดถนนสายเชียงใหม่-สันกำแพง (ทล.1006) ตรงข้ามกับการไฟฟ้าส่วนภูมิภาคอำเภอสันกำแพง

บริษัทขอสงวนสิทธิ์ในการเปลี่ยนแปลงรายละเอียดทรัพย์สิน ราคาตั้งขาย รวมถึงเงื่อนไขอื่นใด หรือยกเลิกการ ขายทรัพย์สินได้โดยไม่ต้องแจ้งให้ผู้สนใจเสนอซื้อทราบล่วงหน้า

https://www.google.com/maps/search/?api=1&query=18.75198354,99.1053542"
https://baan.kaidee.com/product-370418154,"ราคา: 1,598,000
เนื้อที่: 51.6 ตารางวา | เนื้อที่ 51.6 ตารางวา | ห้องนอน 3 ห้องนอน | ห้องน้ำ 2 ห้องน้ำ | เป็นทรัพย์รอการขาย ใช่
💖 บ้าน สารภี ราคาพิเศษ! 💖
รหัสทรัพย์ ： DUCHMSH0102001

สอบถามข้อมูลเพิ่มเติม นัดดูทรัพย์ >> 😊ทิ้งชื่อ เบอร์ติดต่อ ในแชท ให้เจ้าหน้าที่ขายติดต่อกลับได้เลยค่ะ😊 (บริษัทเปิดให้บริการติดต่อ วันจันทร์-ศุกร์ เวลา 9.00-17.00 ยกเว้นวันหยุดนักขัตฤกษ์)

บ้านกลางสวน บ้านเดี่ยว ชั้นเดียวในโครงการบ้านกลางสวน ขนาดอาคารประมาณ 100 ตร.ม. 2 ห้องนอน 2 ห้องน้ำ 1 ห้องโถง บ้านเลขที่ 222 ต.ดอนแก้ว ต.สารภี ห่างจากถนนขัวมุง-เทพาราม 300 ม.

บริษัทขอสงวนสิทธิ์ในการเปลี่ยนแปลงรายละเอียดทรัพย์สิน ราคาตั้งขาย รวมถึงเงื่อนไขอื่นใด หรือยกเลิกการ ขายทรัพย์สินได้โดยไม่ต้องแจ้งให้ผู้สนใจเสนอซื้อทราบล่วงหน้า

https://www.google.com/maps/search/?api=1&query=18.689082,99.003608"
https://baan.kaidee.com/product-370418155,"ราคา: 2,662,000
เนื้อที่: 135 ตารางวา | เนื้อที่ 135 ตารางวา | ห้องนอน 1 ห้องนอน | ห้องน้ำ 1 ห้องน้ำ | เป็นทรัพย์รอการขาย ใช่
💖 บ้าน หางดง ราคาพิเศษ! 💖
รหัสทรัพย์ ： DUCHMSH0104001

สอบถามข้อมูลเพิ่มเติม นัดดูทรัพย์ >> 😊ทิ้งชื่อ เบอร์ติดต่อ ในแชท ให้เจ้าหน้าที่ขายติดต่อกลับได้เลยค่ะ😊 (บริษัทเปิดให้บริการติดต่อ วันจันทร์-ศุกร์ เวลา 9.00-17.00 ยกเว้นวันหยุดนักขัตฤกษ์)

โครงการเชียงใหม่วิวดอย บ้านตึกชั้นเดียวพื้นที่ 72 ตรม.แบ่งเป็น 2 นอน 2 ห้องน้ำ พื้นที่ด้านนอกกว้างขวาง โครงการอยู่ติดถนนใหญ่สายเชียงใหม่-ฮอด 215/1 หมู่ 3 โครงการเชียงใหม่วิวดอย

บริษัทขอสงวนสิทธิ์ในการเปลี่ยนแปลงรายละเอียดทรัพย์สิน ราคาตั้งขาย รวมถึงเงื่อนไขอื่นใด หรือยกเลิกการ ขายทรัพย์สินได้โดยไม่ต้องแจ้งให้ผู้สนใจเสนอซื้อทราบล่วงหน้า

https://www.google.com/maps/search/?api=1&query=18.708898,98.930159"
https://baan.kaidee.com/product-370418384,"ราคา: 1,092,000
เนื้อที่: 657 ตารางวา | เนื้อที่ 657 ตารางวา | ห้องนอน 1 ห้องนอน | ห้องน้ำ 1 ห้องน้ำ | เป็นทรัพย์รอการขาย ใช่
💖 บ้าน แม่วาง ราคาพิเศษ! 💖
รหัสทรัพย์ ： HCHMSH0118001

สอบถามข้อมูลเพิ่มเติม นัดดูทรัพย์ >> 😊ทิ้งชื่อ เบอร์ติดต่อ ในแชท ให้เจ้าหน้าที่ขายติดต่อกลับได้เลยค่ะ😊 (บริษัทเปิดให้บริการติดต่อ วันจันทร์-ศุกร์ เวลา 9.00-17.00 ยกเว้นวันหยุดนักขัตฤกษ์)

บ้านตึกชั้นเดียว 1หลัง ทรัพย์เป็นที่ดินพร้อมสิ่งปลูกสร้างและภายในเป็นพื้นที่สวน อยู่ในย่านชุมชนบ้านพักอาศัย ทรัพย์ตั้งอยู่หมู่บ้านกลางดง ซอย 1 ต.ทุ่งปี้ อ.สันป่าตอง จ.เชียงใหม่ ห่างจากถนนสายเชียงใหม่-ฮอด
แยกไปทางถนนสายแม่วางประมาณ 13 กม. การคมนาคมสะดวก สาธารณูปโภคพร้อม

บริษัทขอสงวนสิทธิ์ในการเปลี่ยนแปลงรายละเอียดทรัพย์สิน ราคาตั้งขาย รวมถึงเงื่อนไขอื่นใด หรือยกเลิกการ ขายทรัพย์สินได้โดยไม่ต้องแจ้งให้ผู้สนใจเสนอซื้อทราบล่วงหน้า

https://www.google.com/maps/search/?api=1&query=18.578896,98.807782"
https://baan.kaidee.com/product-370418385,"ราคา: 421,000
เนื้อที่: 69 ตารางวา | เนื้อที่ 69 ตารางวา | ห้องนอน 3 ห้องนอน | ห้องน้ำ 2 ห้องน้ำ | เป็นทรัพย์รอการขาย ใช่
💖 บ้าน แม่แตง ราคาพิเศษ! 💖
รหัสทรัพย์ ： HCHMSH0124001

สอบถามข้อมูลเพิ่มเติม นัดดูทรัพย์ >> 😊ทิ้งชื่อ เบอร์ติดต่อ ในแชท ให้เจ้าหน้าที่ขายติดต่อกลับได้เลยค่ะ😊 (บริษัทเปิดให้บริการติดต่อ วันจันทร์-ศุกร์ เวลา 9.00-17.00 ยกเว้นวันหยุดนักขัตฤกษ์)

. บ้านครึ่งตึกครึ่งไม้ยกพื้นสูง 3 ห้องนอน 2 ห้องน้ำ ถนนคอนกรีต ไฟฟ้าเข้าถึง เลขที่ 19/1 บ้านห้วป่าห้าซอย 4 ห่างจากถนนเลียบคลองชลประทาน 450 เมตร

บริษัทขอสงวนสิทธิ์ในการเปลี่ยนแปลงรายละเอียดทรัพย์สิน ราคาตั้งขาย รวมถึงเงื่อนไขอื่นใด หรือยกเลิกการ ขายทรัพย์สินได้โดยไม่ต้องแจ้งให้ผู้สนใจเสนอซื้อทราบล่วงหน้า

https://www.google.com/maps/search/?api=1&query=19.146716,98.925109"
https://baan.kaidee.com/product-370418386,"ราคา: 1,600,000
เนื้อที่: 65 ตารางวา | เนื้อที่ 65 ตารางวา | ห้องนอน 3 ห้องนอน | ห้องน้ำ 2 ห้องน้ำ | เป็นทรัพย์รอการขาย ใช่
💖 บ้าน สันป่าตอง ราคาพิเศษ! 💖
รหัสทรัพย์ ： HCHMSH0126001

สอบถามข้อมูลเพิ่มเติม นัดดูทรัพย์ >> 😊ทิ้งชื่อ เบอร์ติดต่อ ในแชท ให้เจ้าหน้าที่ขายติดต่อกลับได้เลยค่ะ😊 (บริษัทเปิดให้บริการติดต่อ วันจันทร์-ศุกร์ เวลา 9.00-17.00 ยกเว้นวันหยุดนักขัตฤกษ์)

หมู่บ้านสิริเชียงใหม่ ที่ดินพร้อมสิ่งปลูกสร้างตึกชั้นเดียว 1 หลัง ขนาด 8x12 เมตร สภาพแวดล้อมโดยทั่วไปเป็นที่อยู่อาศัย มีรั้วล้มรอบทั้ง 4 ด้าน บริเวณภายในมี 3 ห้องนอน 2 ห้องน้ำ บริเวณด้านหลังต่อเติมเป็นห้องครัว เลขที่ 215/13 โครงการหมู่บ้านสิริเชียงใหม่

บริษัทขอสงวนสิทธิ์ในการเปลี่ยนแปลงรายละเอียดทรัพย์สิน ราคาตั้งขาย รวมถึงเงื่อนไขอื่นใด หรือยกเลิกการ ขายทรัพย์สินได้โดยไม่ต้องแจ้งให้ผู้สนใจเสนอซื้อทราบล่วงหน้า

https://www.google.com/maps/search/?api=1&query=18.631809,98.899542"
https://baan.kaidee.com/product-370418388,"ราคา: 900,000
เนื้อที่: 33 ตารางวา | เนื้อที่ 33 ตารางวา | ห้องนอน 1 ห้องนอน | ห้องน้ำ 1 ห้องน้ำ | เป็นทรัพย์รอการขาย ใช่
💖 บ้าน สันป่าตอง ราคาพิเศษ! 💖
รหัสทรัพย์ ： HCHMSH0137001

สอบถามข้อมูลเพิ่มเติม นัดดูทรัพย์ >> 😊ทิ้งชื่อ เบอร์ติดต่อ ในแชท ให้เจ้าหน้าที่ขายติดต่อกลับได้เลยค่ะ😊 (บริษัทเปิดให้บริการติดต่อ วันจันทร์-ศุกร์ เวลา 9.00-17.00 ยกเว้นวันหยุดนักขัตฤกษ์)

ที่ดินพร้อมสิ่งปลูกสร้างตึกชั้นเดียว : ปรับปรุงใหม่ ที่ดืนพร้อมสิ่งปลูกสร้างบ้านตึก ชั้นเดียว 1 หลัง มี 2 ห้องนอน 1 ห้องน้ำ ทรัพย์ตั้งอยู่ในโครงการหมู่บ้านสิริเชียงใหม่ ห่างจากตัวอำเภอเชียงใหม่ ประมาณ 22 กม.
การคมนาคมสะดวก อยู่ไม่ไกลจากสถานที่ราชการ

บริษัทขอสงวนสิทธิ์ในการเปลี่ยนแปลงรายละเอียดทรัพย์สิน ราคาตั้งขาย รวมถึงเงื่อนไขอื่นใด หรือยกเลิกการ ขายทรัพย์สินได้โดยไม่ต้องแจ้งให้ผู้สนใจเสนอซื้อทราบล่วงหน้า

https://www.google.com/maps/search/?api=1&query=18.6312259,98.899488"
https://baan.kaidee.com/product-370418390,"ราคา: 531,000
เนื้อที่: 80 ตารางวา | เนื้อที่ 80 ตารางวา | ห้องนอน 3 ห้องนอน | ห้องน้ำ 2 ห้องน้ำ | เป็นทรัพย์รอการขาย ใช่
💖 บ้าน สันป่าตอง ราคาพิเศษ! 💖
รหัสทรัพย์ ： HCHMSH0141001

สอบถามข้อมูลเพิ่มเติม นัดดูทรัพย์ >> 😊ทิ้งชื่อ เบอร์ติดต่อ ในแชท ให้เจ้าหน้าที่ขายติดต่อกลับได้เลยค่ะ😊 (บริษัทเปิดให้บริการติดต่อ วันจันทร์-ศุกร์ เวลา 9.00-17.00 ยกเว้นวันหยุดนักขัตฤกษ์)

ไม่มี บ้านครึ่งตึกครึ่งไม้ 2 ชั้น ขนาด 9x6 ม. พื้นที่ใช้สอย 108 ตร.ม. บ้านเลขที่ 44 หมู่บ้านเหมืองฟู ต.บ้านแม อ.สันป่าตอง จ.เชียงใหม่

บริษัทขอสงวนสิทธิ์ในการเปลี่ยนแปลงรายละเอียดทรัพย์สิน ราคาตั้งขาย รวมถึงเงื่อนไขอื่นใด หรือยกเลิกการ ขายทรัพย์สินได้โดยไม่ต้องแจ้งให้ผู้สนใจเสนอซื้อทราบล่วงหน้า

https://www.google.com/maps/search/?api=1&query=18.664567,98.828214"
https://baan.kaidee.com/product-370418391,"ราคา: 4,244,000
เนื้อที่: 238.4 ตารางวา | เนื้อที่ 238.4 ตารางวา | ห้องนอน 1 ห้องนอน | ห้องน้ำ 1 ห้องน้ำ | เป็นทรัพย์รอการขาย ใช่
💖 บ้าน เมืองเชียงใหม่ ราคาพิเศษ! 💖
รหัสทรัพย์ ： HCHMSH0143001

สอบถามข้อมูลเพิ่มเติม นัดดูทรัพย์ >> 😊ทิ้งชื่อ เบอร์ติดต่อ ในแชท ให้เจ้าหน้าที่ขายติดต่อกลับได้เลยค่ะ😊 (บริษัทเปิดให้บริการติดต่อ วันจันทร์-ศุกร์ เวลา 9.00-17.00 ยกเว้นวันหยุดนักขัตฤกษ์)

บ้านเดี่ยว 2 ชั้น (ตรงข้ามทางเข้าหมู่บ้านวังน้ำริน) บ้านเดี่ยว 2 ชั้น พื้นที่ใช้สอย 408 ตรม. บ้านน้ำบ่อเย็น หมู่ที่ 11 ตำบลป่าแดด อำเภอเมืองเชียงใหม่ จังหวัดเชียงใหม่

บริษัทขอสงวนสิทธิ์ในการเปลี่ยนแปลงรายละเอียดทรัพย์สิน ราคาตั้งขาย รวมถึงเงื่อนไขอื่นใด หรือยกเลิกการ ขายทรัพย์สินได้โดยไม่ต้องแจ้งให้ผู้สนใจเสนอซื้อทราบล่วงหน้า

https://www.google.com/maps/search/?api=1&query=18.708989,98.977208"
https://baan.kaidee.com/product-370418392,"ราคา: 1,939,000
เนื้อที่: 361 ตารางวา | เนื้อที่ 361 ตารางวา | ห้องนอน 2 ห้องนอน | ห้องน้ำ 2 ห้องน้ำ | เป็นทรัพย์รอการขาย ใช่
💖 บ้าน ฝาง ราคาพิเศษ! 💖
รหัสทรัพย์ ： HCHMSH0144001

สอบถามข้อมูลเพิ่มเติม นัดดูทรัพย์ >> 😊ทิ้งชื่อ เบอร์ติดต่อ ในแชท ให้เจ้าหน้าที่ขายติดต่อกลับได้เลยค่ะ😊 (บริษัทเปิดให้บริการติดต่อ วันจันทร์-ศุกร์ เวลา 9.00-17.00 ยกเว้นวันหยุดนักขัตฤกษ์)

สันป่าไหน่ บ้านเดี่ยว 2 ชั้น 2 ห้องนอน 2 ห้องน้ำ 2 ห้องโถง สาธารณูปโภคครบ การคมนาคมสะดวก เลขที่ 168/1 หมู่ 9 ซอยเทศบาบล 2/8 (ซอย 8) ห่างจากถนนเชียงใหม่ - ฝาง 600 ม.

บริษัทขอสงวนสิทธิ์ในการเปลี่ยนแปลงรายละเอียดทรัพย์สิน ราคาตั้งขาย รวมถึงเงื่อนไขอื่นใด หรือยกเลิกการ ขายทรัพย์สินได้โดยไม่ต้องแจ้งให้ผู้สนใจเสนอซื้อทราบล่วงหน้า

https://www.google.com/maps/search/?api=1&query=19.905555,99.203888"
https://baan.kaidee.com/product-370419131,"ราคา: 19,608,000
เนื้อที่: 1032.4 ตารางวา | เนื้อที่ 1032.4 ตารางวา | ห้องนอน 1 ห้องนอน | ห้องน้ำ 1 ห้องน้ำ | เป็นทรัพย์รอการขาย ใช่
💖 บ้าน เมืองเชียงใหม่ ราคาพิเศษ! 💖
รหัสทรัพย์ ： LCHMSH0118001

สอบถามข้อมูลเพิ่มเติม นัดดูทรัพย์ >> 😊ทิ้งชื่อ เบอร์ติดต่อ ในแชท ให้เจ้าหน้าที่ขายติดต่อกลับได้เลยค่ะ😊 (บริษัทเปิดให้บริการติดต่อ วันจันทร์-ศุกร์ เวลา 9.00-17.00 ยกเว้นวันหยุดนักขัตฤกษ์)

บ้านเดี่ยว ที่ดิน จำนวน 11 แปลง เป็นบ้านครึ่งตึกครึ่งไม้ 2 ชั้น 1 หลัง และทาวน์เฮ้าส์ 2 ชั้น จำนวน 5 ห้อง อยู่ในบริเวณพื้นที่เดียวกัน ใกล้กับสำนักงานขนส่งจังหวัด สาขาหนองหอย ห่างจากถนนเชียงใหม่ - ลำพูน เข้าไประยะ 150 เมตร ต.หนองหอย อ.เมือง จ.เชียงใหม่

บริษัทขอสงวนสิทธิ์ในการเปลี่ยนแปลงรายละเอียดทรัพย์สิน ราคาตั้งขาย รวมถึงเงื่อนไขอื่นใด หรือยกเลิกการ ขายทรัพย์สินได้โดยไม่ต้องแจ้งให้ผู้สนใจเสนอซื้อทราบล่วงหน้า

https://www.google.com/maps/search/?api=1&query=18.765646,99.008081"
https://baan.kaidee.com/product-370423667,"ราคา: 15,900,000
เนื้อที่: 3216 ตารางเมตร | ห้องนอน 4 ห้องนอน | ห้องน้ำ 4 ห้องน้ำ | เนื้อที่ 3216 ตารางเมตร | เฟอร์นิเจอร์ ตกแต่งครบ | ปีที่สร้างเสร็จ สร้างเสร็จก่อน 2010
บ้าน Tropical Villa เนื้อที่ 2 ไร่ 4 ห้องนอนใหญ่ 4 ห้องน้ำ 1 สระว่ายน้ำ พร้อมอยู่
ขาย บ้าน ที่เชียงใหม่ 2 ไร่ 4 วา โฉนด 4 ใบ 4 ห้องนอน 4 ห้องน้ำ 2 ห้องครัว 1 สระว่ายน้ำ ไม้สัก
ขาย 15,900,000 บาท

บ้านตั้งอยู่ที่อำเภอ สารภี จังหวัด เชียงใหม่
เป็นบ้านชั้นเดียว ครึ่งตึกครึ่งไม้แข็งแรง ร่มรื่น เนื้อที่ 2ไร่ 4ตรว.
เนื้อที่ใช้สรอยประมาณ 450 ตรม.

อยู่ห่างจากสนามบิน เชียงใหม่ ประมาณ 10 กม.
ใกล้กับ บิกซี โฮมโปร โกลบัลเฮาส์ สตาร์บักส์ ริมปิง supermarket, ใกล้ที่ว่าการอำเภอ, สถานที่ท่องเที่ยว Night Safari, สวนราชพฤกษ์, ล้านนาเทวาลัย
- ทางเข้าบ้านอยู่บนถนนสาย 121 ประมาณ 5 นาที
- อยู่ห่างจาก ล้านนาเทวาลัย 2 นาที ทางเท้า

รายละเอียด :-

- เฟอร์นิเจอร์ที่ติดกับตัวบ้าน, บานประตูหน้าต่าง, เป็นงานไม้สักจากบ้านไทยโบราณอยุธยาจำนวน 2 หลัง โดยใช้ช่างไม้ฝีมือยอดเยี่ยม
- หลังคาไม้สัก

- ลักษณะพิเศษ - ตัวตึกเป็นแบบกำแพง 2 ชั้น ช่วยเป็นฉนวนป้องกันความร้อน, ความชื้น ทำให้อากาศภายในรู้สึกสบาย ไม่ร้อนมาก

ประกอบด้วย 4 x ห้องนอน
4 x ห้องน้ำ
1 x ห้องอาหารกว้างใหญ่, พร้อมครัวภายใน
1 x ครัวไทยด้านนอก
1 x ห้องนั่งเล่น
4 x ที่จอดรถ
-เครื่องสุขภัณฑ์พร้อมเซรามิกส์ ของเชียงใหม่, เคาน์เตอร์หินแกรนิตอย่างดี
- สระว่ายน้ำแบบ overflow พร้อมศาลานั่งเล่นริมสระ
-มีต้นไม้ใหญ่ร่มรื่น
-กำแพงรั้วปกคลุมด้วยไม้เลื้อยตลอดแนว ดูสบายตา
-ทางเข้าเป็นสนามหน้าเสริมด้วยอิฐบล็อคแบบตัวหนอน
-มีพนักงานดูแลตลอดเวลา

ดูรุปเพิ่มเติม:
https://photos.app.goo.gl/VHTivqYUqWNLJH2d9"
https://baan.kaidee.com/product-370423834,"ราคา: 1,809,000
เนื้อที่: 120.5 ตารางวา | เนื้อที่ 120.5 ตารางวา | ห้องนอน 5 ห้องนอน | ห้องน้ำ 4 ห้องน้ำ | เป็นทรัพย์รอการขาย ใช่
💖 บ้าน สันกำแพง ราคาพิเศษ! 💖
รหัสทรัพย์ ： DACHMSH0142001

สอบถามข้อมูลเพิ่มเติม นัดดูทรัพย์ >> 😊ทิ้งชื่อ เบอร์ติดต่อ ในแชท ให้เจ้าหน้าที่ขายติดต่อกลับได้เลยค่ะ😊 (บริษัทเปิดให้บริการติดต่อ วันจันทร์-ศุกร์ เวลา 9.00-17.00 ยกเว้นวันหยุดนักขัตฤกษ์)

บ้านเดี่ยวชั้นเดียว บ้านแม่ปูคา บ้านเดี่ยวชั้นเดียว ขนาด 24x11 เมตร 5 ห้องนอน, 4 ห้องน้ำ, 1 ห้องนั่งเล่น พื้นที่ใช้สอย 264 ตรม. เลขที่ 118/19 ห่างจากถนนสายป่าเห็ว-แม่ปูคา ประมาณ 140 เมตร

บริษัทขอสงวนสิทธิ์ในการเปลี่ยนแปลงรายละเอียดทรัพย์สิน ราคาตั้งขาย รวมถึงเงื่อนไขอื่นใด หรือยกเลิกการ ขายทรัพย์สินได้โดยไม่ต้องแจ้งให้ผู้สนใจเสนอซื้อทราบล่วงหน้า

https://www.google.com/maps/search/?api=1&query=18.766797,99.111457"
https://baan.kaidee.com/product-370423850,"ราคา: 2,300,000
เนื้อที่: 54 ตารางวา | เนื้อที่ 54 ตารางวา | ห้องนอน 1 ห้องนอน | ห้องน้ำ 1 ห้องน้ำ | เป็นทรัพย์รอการขาย ใช่
💖 บ้าน สันกำแพง ราคาพิเศษ! 💖
รหัสทรัพย์ ： DDCHMSH0175001

สอบถามข้อมูลเพิ่มเติม นัดดูทรัพย์ >> 😊ทิ้งชื่อ เบอร์ติดต่อ ในแชท ให้เจ้าหน้าที่ขายติดต่อกลับได้เลยค่ะ😊 (บริษัทเปิดให้บริการติดต่อ วันจันทร์-ศุกร์ เวลา 9.00-17.00 ยกเว้นวันหยุดนักขัตฤกษ์)

ซิตี้โฮมเพลส 4 บ้านเดี่ยว 2 ชั้น, 3 ห้องนอน, 2 ห้องน้ำ ที่ดินเป็นรูปสี่เหลี่ยมผืนผ้า สิ่งปลูกสร้างพื้นที่ใช้สอยประมาณ 111 ตรม. ถนนผ่านหน้าทรัพย์เป็นถนนคอนกรีต(ทางจัดสรร) พร้อมรักษาความปลอดภัย รปภ. 24 ชม. เลขที่ 195/7 ซ.1 หลังมุม ทรัพย์อยู่ห่างจากถนนสันกำแพงสายใหม่ ประมาณ 1.5 กม. และอยู่ห่างจากตัวเมืองเชียงใหม่ประมาณ 9 กม.

บริษัทขอสงวนสิทธิ์ในการเปลี่ยนแปลงรายละเอียดทรัพย์สิน ราคาตั้งขาย รวมถึงเงื่อนไขอื่นใด หรือยกเลิกการ ขายทรัพย์สินได้โดยไม่ต้องแจ้งให้ผู้สนใจเสนอซื้อทราบล่วงหน้า

https://www.google.com/maps/search/?api=1&query=18.746597,99.064978"
https://baan.kaidee.com/product-370423867,"ราคา: 2,642,000
เนื้อที่: 157.5 ตารางวา | เนื้อที่ 157.5 ตารางวา | ห้องนอน 1 ห้องนอน | ห้องน้ำ 1 ห้องน้ำ | เป็นทรัพย์รอการขาย ใช่
💖 บ้าน สันกำแพง ราคาพิเศษ! 💖
รหัสทรัพย์ ： DECHMSH0234001

สอบถามข้อมูลเพิ่มเติม นัดดูทรัพย์ >> 😊ทิ้งชื่อ เบอร์ติดต่อ ในแชท ให้เจ้าหน้าที่ขายติดต่อกลับได้เลยค่ะ😊 (บริษัทเปิดให้บริการติดต่อ วันจันทร์-ศุกร์ เวลา 9.00-17.00 ยกเว้นวันหยุดนักขัตฤกษ์)

บ้านตึกพักอาศัยชั้นเดียว บ้านตึกพักอาศัยชั้นเดียว ถมแล้ว เสมอถนน ขนาดที่ดินประมาณ 22x28 ม. รูปร่างสี่เหลี่ยมผืนผ้า ขนาดสิ่งปลูกสร้างประมาณ 21x15 เมตร พื้นที่ใช้สอย 293 ม. บ้านเลขที่ 118/17 ซอยไม่มีชื่อ แแยกจากถนนสายเชียงใหม่-สันกำแพง เข้าถนนบ้านแม่ปูคา ประมาณ 2.5 กม.

บริษัทขอสงวนสิทธิ์ในการเปลี่ยนแปลงรายละเอียดทรัพย์สิน ราคาตั้งขาย รวมถึงเงื่อนไขอื่นใด หรือยกเลิกการ ขายทรัพย์สินได้โดยไม่ต้องแจ้งให้ผู้สนใจเสนอซื้อทราบล่วงหน้า

https://www.google.com/maps/search/?api=1&query=18.765991,99.111691"
https://baan.kaidee.com/product-370423868,"ราคา: 4,093,000
เนื้อที่: 144 ตารางวา | เนื้อที่ 144 ตารางวา | ห้องนอน 1 ห้องนอน | ห้องน้ำ 1 ห้องน้ำ | เป็นทรัพย์รอการขาย ใช่
💖 บ้าน แม่ริม ราคาพิเศษ! 💖
รหัสทรัพย์ ： DECHMSH0280001

สอบถามข้อมูลเพิ่มเติม นัดดูทรัพย์ >> 😊ทิ้งชื่อ เบอร์ติดต่อ ในแชท ให้เจ้าหน้าที่ขายติดต่อกลับได้เลยค่ะ😊 (บริษัทเปิดให้บริการติดต่อ วันจันทร์-ศุกร์ เวลา 9.00-17.00 ยกเว้นวันหยุดนักขัตฤกษ์)

บ้านครึ่งตึกครึ่งไม้ 2 ชั้น บ้านครึ่งตึกครึ่งไม้ 2 ชั้น พื้นที่ใช้สอยประมาณ 168 ตรม. และบ้านครึ่งตึกครึ่งไม้ 1 ชั้น (มีชั้นใต้ถุน) พื้นที่ใช้สอยประมาณ 24 ตรม.
ระบบสาธารณูปโภคครบ การคมนาคมสะดวก ติดถนนบ้านหนองเขียวซอย 3 ใกล้วัดศรีปิงชัย ห่างจากถนนวงแหวนรอบนอก (ทล.121) 2 กม.

บริษัทขอสงวนสิทธิ์ในการเปลี่ยนแปลงรายละเอียดทรัพย์สิน ราคาตั้งขาย รวมถึงเงื่อนไขอื่นใด หรือยกเลิกการ ขายทรัพย์สินได้โดยไม่ต้องแจ้งให้ผู้สนใจเสนอซื้อทราบล่วงหน้า

https://www.google.com/maps/search/?api=1&query=18.876026,98.980521"
https://baan.kaidee.com/product-370448987,"ราคา: 1,450,000
เนื้อที่: 19 ตารางวา | เนื้อที่ 19 ตารางวา | ห้องนอน 2 ห้องนอน | ห้องน้ำ 2 ห้องน้ำ | ผู้พัฒนา/เจ้าของโครงการ อื่นๆ | ปีที่สร้างเสร็จ สร้างเสร็จก่อน 2010 | เฟอร์นิเจอร์ มีบางส่วน
ทาวเฮ้าส์ 2 ชั้น
ทาวเฮ้าส์ 1.45 ล้าน ทำเลหายาก ใกล้มหาวิทยาลัย ธนาคาร 5 แห่ง แหล่งสาธารณูปโภค เช่น ตลาดสด ตลาดนัดไปรษณีย์ โรงเรียน สถานที่ราชการมากมาย เหมาะกับการอยู่อาศัยมาก มี 2 ชั้น 2 ห้องนอน 2 ห้องน้ำ พื้นกระเบื้อง อากาศเย็นสบายทั้งปีเพราะบ้านหันทางทิศเหนือ ไม่ร้อน ไม่ต้องเปิดแอร์ แต่พัดลมก็เย็นสบายแล้วครับ สนใจติดต่อเจ้าของขายโดยตรง ซื้อสดพร้อมจบคุยกันครับ"
https://baan.kaidee.com/product-370453264,"ราคา: 1,399,000
เนื้อที่: 38 ตารางวา | เนื้อที่ 38 ตารางวา | ห้องนอน 2 | ห้องน้ำ 1 | เฟอร์นิเจอร์ มีบางส่วน
ขายบ้านเชียงใหม่ หมู่บ้าน พีเควิลล์
ห่างจากตัวเมืองเชียงใหม่ประมาณ 10 กิโลเมตร
ไม่ไกลจากห้างสรรพสินค้าเซ็นทรัลเฟสติวัล
ริมปิง โฮมโปร ไทวัสดุ เทสโก้โลตัส
ใกล้สถานที่ราชการ โรงพยาบาล ตลาด เซเว่น โลตัสเอ็กซ์เพรส ร้านค้า ร้านอาหาร ร้านกาแฟ
มีรถโดยสารประจำทางเดินทางไปมาสะดวก"
https://baan.kaidee.com/product-370462822,"ราคา: 1,790,000
เนื้อที่: 258 | ห้องนอน 3 ห้องนอน | ห้องน้ำ 4 ห้องน้ำ | เนื้อที่ 258 | ผู้พัฒนา/เจ้าของโครงการ อื่นๆ | เฟอร์นิเจอร์ ตกแต่งครบ
Sunvalee - พูลวิลล่าหรู พร้อมเฟอร์นิเจอร์ น้ำแพร่ หางดง เชียงใหม่
Sunvalee - พูลวิลล่าหรู เฟอร์พร้อม ฟังก์ชั่นครบ ให้คุณสัมผัสกับวิวภูเขาและธรรมชาติที่สวยงาม

ยินดีรับ Agent

ราคาขาย 17.9 ล้านบาท พร้อมเข้าอยู่

- ระบบสมาร์ทโฮมสั่งการจากมือถือได้ รั้วหน้าบ้าน
- ระบบหลังคา Auto roof ในส่วนของเคาน์เตอร์บาร์ และ อ่างจากุชชี่กลางแจ้ง
- พร้อมเฟอร์นิเจอร์บิวท์อิน สวนส่วนตัว สิ่งอำนวยความสะดวกครบครัน และโซนบาร์บีคิวกลางแจ้งพร้อมเคาน์เตอร์บาร์ข้างสระว่ายน้ำ________________________________________
- บ้าน 2 ชั้น
- พื้นที่ใช้สอยภายใน 237 ตร.ม. พื้นที่ขนาดที่ดิน 2 งาน 58 ตร.ว.
- ห้องนอน 3 ห้อง
- ห้องน้ำ 4 ห้อง
- 1 ห้องรับแขก
- 1 ห้องครัวยุโรป
- 1 ห้องเอนกประสงค์ ขนาด 1.9 x 1.9 ตร.ม.
- 1 สระว่ายน้ำ ( ระบบเกลือ ) ขนาด 4 x 9 ม.
- 1 มุมนั่งเล่น ด้านนอกบ้าน ( พร้อมชุดโซฟาไม้แท้ พร้อมเบาะรองและหมอนอิงคุชชั่น )
- 1 มุมทานอาหาร ด้านนอกบ้าน ( พร้อมโต๊ะทานอาหารไม้แท้ ขนาดใหญ่ พร้อมเก้าอี้ 12 ที่นั่ง )
- 2 ที่จอดรถ
________________________________________
สิ่งอำนวยความสะดวก
- ประตูรั้วบ้านรีโมทคอนโทล
- 1 อ่างจากุชชี่
- 1 อ่างอาบน้ำ
- เครื่องปรับอากาศ ขนาดใหญ่ 1 ตัว + เครื่องปรับอากาศ ขนาดปกติ 3 ตัว
- 3 เตียง King size พร้อมฟูกที่นอน
- ทีวี 2 ตัว ( ห้องรับแขก 1 และห้องนอน 1 ตัว )
- เตาอินดักชั่น พร้อมที่ดูดอากาศ ยี่ห้อ TEKA
- ตู้เย็น 3 ประตู Hitachi 16.4 คิว
- 1 เตาอบ
- 1 โต๊ะทานอาหาร พร้อมเก้าอี้ 4 ตัว
- โซฟารูปตัวแอล 1 ตัว และ โต๊ะกาแฟไม้แท้
- 3 เตียงอาบแดด

นัดหมายเข้าชมบ้าน
ติดต่อ : 080-7924592 จีจี้
Line ID : @excelsior
Facebook : https://m.me/Excelsiorthinternational
แผนที่ : https://maps.app.goo.gl/1BuGRes7cATi8BPp9




Sunvalee - Luxury Pool Villa with Complete Furnishings and Features, Offering You a Stunning View of the Mountains and Beautiful Nature.
Selling Price: 19 Million Baht
Smart Home Features via your smartphone : front gate
conveniently. Designed for ultimate convenience and modern living. Fully Furnished with built-in furniture, a
private garden, complete amenities, and an outdoor barbecue zone with a bar counter by the saltwater pool.
Auto Roof System for the outdoor bar counter and jacuzzi.
2-Story Villa
Indoor usable area 237 sq.m. Land size 1,033 sq.m.
3 Bedrooms
4 Bathrooms
1 Living Room
1 Western kitchen
1 Multipurpose Room size 1.9 x 1.9 sq.m.
1 Saltwater Swimming Pool size 4 x 9 m.
1 Outdoor Lounge Area (Real wood sofa set with cushions and throw pillows)
1 Outdoor Dining Area (Large solid wood table with 12 chairs)
2 Covered Parking Spaces
Facilities and Appliances:
Remote-Controlled Front Gate
Jacuzzi Tub
Bathtub
Air Conditioning Units: 1 Large Unit + 3 Standard Units
3 King-Size Beds (Each with high-quality mattresses)
2 TVs (Living Room and Master Bedroom)
Induction Stove with Hood (Brand: TEKA)
3-Door Refrigerator (Hitachi, 16.4.)
Built-In Oven
Indoor Dining Table with 4 Chairs
L-Shaped Sofa and Real Wood Coffee Table
3 Sunbeds

Schedule a House Viewing
Contact: 080-7924592 , Gigi
Line ID : @excelsior
Facebook : https://m.me/Excelsiorthinternational
Map: https://maps.app.goo.gl/1BuGRes7cATi8BPp9"
https://baan.kaidee.com/product-370477419,"ราคา: 7,700,000
อาคารพานิชย์ 3 ชั้น,2คูหา,4 ห้องนอน,5 ห้องน้ำ ตั้งอยู่ทำเลใจกลางย่านธุรกิจค้าขายตลาดสดการเงินธนาคารการขนส่งของอำเภอแม่อาย (เจ้าของขายเอง)
กิจการสตูดิโอถ่ายรูปรวมแล็ปปริ้นท์ขยายภาพด่วนและสินค้าไอที"
https://baan.kaidee.com/product-370486462,"ราคา: 2,100
เนื้อที่: 100 ตารางวา | เนื้อที่ 100 ตารางวา
ให้เช่า ที่ดินว่างเปล่าเนื้อที่ 100 ตารางวา
ให้เช่า ที่ดินว่างเปล่าเนื้อที่ 100 ตารางวา
มีบ่อน้ำ ไม่มีน้ำและไฟต้องขอเองหรืออาจจะขอแค่ไฟแล้วก็สูบน้ำในบ่อมาใช้ได้ เดือนละ 2100 บาท ค่าประกัน 4200 บาท

ขายที่ดินว่างเปล่าเนื้อที่ 423 ตารางวา
มีบ่อน้ำ ราคาตารางวาละ 12900บาท

อยู่ใกล้วัดเชียงแสน ต.หนองผึ้ง อ.สารภี จ.เชียงใหม่

สนใจติดต่อ id line :nopnop007 โทร.089-491/0568"
https://baan.kaidee.com/product-370488950,"ราคา: 1,579,000
เนื้อที่: 31.99 ตารางเมตร | เนื้อที่ 31.99 ตารางเมตร | ห้องนอน 1 ห้องนอน | ห้องน้ำ 1 ห้องน้ำ | เป็นทรัพย์รอการขาย ใช่
💖 คอนโด เมืองเชียงใหม่ ราคาพิเศษ! 💖
รหัสทรัพย์ ： DECHMCU0104001

สอบถามข้อมูลเพิ่มเติม นัดดูทรัพย์ >> 😊ทิ้งชื่อ เบอร์ติดต่อ ในแชท ให้เจ้าหน้าที่ขายติดต่อกลับได้เลยค่ะ😊 (บริษัทเปิดให้บริการติดต่อ วันจันทร์-ศุกร์ เวลา 9.00-17.00 ยกเว้นวันหยุดนักขัตฤกษ์)

เอสวัน เอสเซ็ท คอนโดมิเนียม ห้องชุดพักอาศัยเลขที่ 126/58 ชั้น 8 อาคารที่ 1 อาคารชุด เอสวัน เอสเซ็ท คอนโดมิเนียม ขนาด 5.30*6.35 เมตร พื้นที่ใช้สอยประมาณ 31.99 ตรม. ห้องชุดเลขที่ 126/58 ชั้นที่ 8 อาคาที่ 1 อาคารชุด เอสวัน เอสเซ็ท คอนโดมิเนียม ซอยบ้านบวกครกน้อยริมคาว แยกจาถนนสมโภชเชียงใหม่ 700 ปี(ชม.3029)

บริษัทขอสงวนสิทธิ์ในการเปลี่ยนแปลงรายละเอียดทรัพย์สิน ราคาตั้งขาย รวมถึงเงื่อนไขอื่นใด หรือยกเลิกการ ขายทรัพย์สินได้โดยไม่ต้องแจ้งให้ผู้สนใจเสนอซื้อทราบล่วงหน้า

https://www.google.com/maps/search/?api=1&query=18.783465,99.039048"
https://baan.kaidee.com/product-370488987,"ราคา: 3,600,000
เนื้อที่: 434.72 ตารางเมตร | เนื้อที่ 434.72 ตารางเมตร | ห้องนอน 1 ห้องนอน | ห้องน้ำ 1 ห้องน้ำ | เป็นทรัพย์รอการขาย ใช่
💖 คอนโด เมืองเชียงใหม่ ราคาพิเศษ! 💖
รหัสทรัพย์ ： DHCHMCU0100001

สอบถามข้อมูลเพิ่มเติม นัดดูทรัพย์ >> 😊ทิ้งชื่อ เบอร์ติดต่อ ในแชท ให้เจ้าหน้าที่ขายติดต่อกลับได้เลยค่ะ😊 (บริษัทเปิดให้บริการติดต่อ วันจันทร์-ศุกร์ เวลา 9.00-17.00 ยกเว้นวันหยุดนักขัตฤกษ์)

ห้องชุดเลขที่ 101 ชั้นใต้ดิน ชื่อโครงการ 103 คอนโดมิเนียม 4 (สกายบรีซ) ห้องชุดพักอาศัย จำนวน 1 ห้อง ห้องชุดเลขที่ 1 อยู่ชั้นที่ 1 (ชั้นใต้ดิน) ทำเลห้องกลาง พื้นที่ใช้สอย 434.72 ตารางเมตร พื้นห้องขัดมัน ห้องชุดเลขที่ 101 ชั้นใต้ดิน ชื่อโครงการ 103 คอนโดมิเนียม 4 (สกายบรีซ) ถนนเลียบคลองชลประทาน ซอยวัดประทานพร ทำเลที่ตั้งติดกับมหาวิทยาลัยเชียงใหม่

บริษัทขอสงวนสิทธิ์ในการเปลี่ยนแปลงรายละเอียดทรัพย์สิน ราคาตั้งขาย รวมถึงเงื่อนไขอื่นใด หรือยกเลิกการ ขายทรัพย์สินได้โดยไม่ต้องแจ้งให้ผู้สนใจเสนอซื้อทราบล่วงหน้า

https://www.google.com/maps/search/?api=1&query=18.80025,98.95771"
https://baan.kaidee.com/product-370489869,"ราคา: 400,000
เนื้อที่: 18 ตารางวา | เนื้อที่ 18 ตารางวา | ห้องนอน 1 ห้องนอน | ห้องน้ำ 2 ห้องน้ำ | เป็นทรัพย์รอการขาย ใช่
💖 ทาวน์เฮ้าส์ สันกำแพง ราคาพิเศษ! 💖
รหัสทรัพย์ ： DACHMTH0101001

สอบถามข้อมูลเพิ่มเติม นัดดูทรัพย์ >> 😊ทิ้งชื่อ เบอร์ติดต่อ ในแชท ให้เจ้าหน้าที่ขายติดต่อกลับได้เลยค่ะ😊 (บริษัทเปิดให้บริการติดต่อ วันจันทร์-ศุกร์ เวลา 9.00-17.00 ยกเว้นวันหยุดนักขัตฤกษ์)

ทาวน์เฮ้าส์ 2 ชั้น โครงการร้องวัวแดง วิว ทาวน์เฮ้าส์ 2 ชั้น มี 2 ห้องโถง 2 ห้องน้ำ ตั้งอยู่ในโครงการร้องวัวแดง วิว ที่ดินถมแล้ว เสมอถนน ขนาดที่ดินประมาณ 4.0x18 ม. มีลักษณะเป็นรูปสี่เหลี่ยมผืนผ้า ขนาดสิ่งปลูกสร้างประมาณ 4x16 ม., 120 ตรม. ห่างจาก ทล.1006 ประมาณ 120 ม. และอยู่ห่างจากตัวอำเภอสันกำแพงประมาณ 9.8 กม.
ถนนผ่านหน้าทรัพย์เป็นถนนคอนกรีต(ทางส่วนบุคคล)

บริษัทขอสงวนสิทธิ์ในการเปลี่ยนแปลงรายละเอียดทรัพย์สิน ราคาตั้งขาย รวมถึงเงื่อนไขอื่นใด หรือยกเลิกการ ขายทรัพย์สินได้โดยไม่ต้องแจ้งให้ผู้สนใจเสนอซื้อทราบล่วงหน้า

https://www.google.com/maps/search/?api=1&query=18.74156,99.211164"
https://baan.kaidee.com/product-370489870,"ราคา: 400,000
เนื้อที่: 18 ตารางวา | เนื้อที่ 18 ตารางวา | ห้องนอน 1 ห้องนอน | ห้องน้ำ 2 ห้องน้ำ | เป็นทรัพย์รอการขาย ใช่
💖 ทาวน์เฮ้าส์ สันกำแพง ราคาพิเศษ! 💖
รหัสทรัพย์ ： DACHMTH0102001

สอบถามข้อมูลเพิ่มเติม นัดดูทรัพย์ >> 😊ทิ้งชื่อ เบอร์ติดต่อ ในแชท ให้เจ้าหน้าที่ขายติดต่อกลับได้เลยค่ะ😊 (บริษัทเปิดให้บริการติดต่อ วันจันทร์-ศุกร์ เวลา 9.00-17.00 ยกเว้นวันหยุดนักขัตฤกษ์)

ทาวน์เฮ้าส์ 2 ชั้น โครงการร้องวัวแดง วิว ทาวน์เฮ้าส์ 2 ชั้น มี 2 ห้องโถง 2 ห้องน้ำ ตั้งอยู่ในโครงการร้องวัวแดง วิว ที่ดินถมแล้ว เสมอถนน ขนาดที่ดินประมาณ 4.0x18 ม. มีลักษณะเป็นรูปสี่เหลี่ยมผืนผ้า ขนาดสิ่งปลูกสร้างประมาณ 4x16 ม., 120 ตรม. ห่างจาก ทล.1006 ประมาณ 120 ม. และอยู่ห่างจากตัวอำเภอสันกำแพงประมาณ 9.8 กม.
ถนนผ่านหน้าทรัพย์เป็นถนนคอนกรีต(ทางส่วนบุคคล)

บริษัทขอสงวนสิทธิ์ในการเปลี่ยนแปลงรายละเอียดทรัพย์สิน ราคาตั้งขาย รวมถึงเงื่อนไขอื่นใด หรือยกเลิกการ ขายทรัพย์สินได้โดยไม่ต้องแจ้งให้ผู้สนใจเสนอซื้อทราบล่วงหน้า

https://www.google.com/maps/search/?api=1&query=18.74156,99.211164"
https://baan.kaidee.com/product-370489871,"ราคา: 400,000
เนื้อที่: 18 ตารางวา | เนื้อที่ 18 ตารางวา | ห้องนอน 1 ห้องนอน | ห้องน้ำ 2 ห้องน้ำ | เป็นทรัพย์รอการขาย ใช่
💖 ทาวน์เฮ้าส์ สันกำแพง ราคาพิเศษ! 💖
รหัสทรัพย์ ： DACHMTH0103001

สอบถามข้อมูลเพิ่มเติม นัดดูทรัพย์ >> 😊ทิ้งชื่อ เบอร์ติดต่อ ในแชท ให้เจ้าหน้าที่ขายติดต่อกลับได้เลยค่ะ😊 (บริษัทเปิดให้บริการติดต่อ วันจันทร์-ศุกร์ เวลา 9.00-17.00 ยกเว้นวันหยุดนักขัตฤกษ์)

ทาวน์เฮ้าส์ 2 ชั้น โครงการร้องวัวแดง วิว ทาวน์เฮ้าส์ 2 ชั้น มี 1 ห้องนอน 2 ห้องน้ำ ตั้งอยู่ในโครงการร้องวัวแดง วิว ที่ดินถมแล้ว เสมอถนน ขนาดที่ดินประมาณ 4.0x18 ม. มีลักษณะเป็นรูปสี่เหลี่ยมผืนผ้า ขนาดสิ่งปลูกสร้างประมาณ 4x16 ม., 120 ตรม. ห่างจาก ทล.1006 ประมาณ 120 ม. และอยู่ห่างจากตัวอำเภอสันกำแพงประมาณ 9.8 กม.
ถนนผ่านหน้าทรัพย์เป็นถนนคอนกรีต(ทางส่วนบุคคล)

บริษัทขอสงวนสิทธิ์ในการเปลี่ยนแปลงรายละเอียดทรัพย์สิน ราคาตั้งขาย รวมถึงเงื่อนไขอื่นใด หรือยกเลิกการ ขายทรัพย์สินได้โดยไม่ต้องแจ้งให้ผู้สนใจเสนอซื้อทราบล่วงหน้า

https://www.google.com/maps/search/?api=1&query=18.74156,99.211164"
https://baan.kaidee.com/product-370489872,"ราคา: 400,000
เนื้อที่: 18 ตารางวา | เนื้อที่ 18 ตารางวา | ห้องนอน 1 ห้องนอน | ห้องน้ำ 2 ห้องน้ำ | เป็นทรัพย์รอการขาย ใช่
💖 ทาวน์เฮ้าส์ สันกำแพง ราคาพิเศษ! 💖
รหัสทรัพย์ ： DACHMTH0104001

สอบถามข้อมูลเพิ่มเติม นัดดูทรัพย์ >> 😊ทิ้งชื่อ เบอร์ติดต่อ ในแชท ให้เจ้าหน้าที่ขายติดต่อกลับได้เลยค่ะ😊 (บริษัทเปิดให้บริการติดต่อ วันจันทร์-ศุกร์ เวลา 9.00-17.00 ยกเว้นวันหยุดนักขัตฤกษ์)

ทาวน์เฮ้าส์ 2 ชั้น โครงการร้องวัวแดง วิว ทาวน์เฮ้าส์ 2 ชั้น มี 1 ห้องนอน 2 ห้องน้ำ ตั้งอยู่ในโครงการร้องวัวแดง วิว ที่ดินถมแล้ว เสมอถนน ขนาดที่ดินประมาณ 4.0x18 ม. มีลักษณะเป็นรูปสี่เหลี่ยมผืนผ้า ขนาดสิ่งปลูกสร้างประมาณ 4x16 ม., 120 ตรม. ห่างจาก ทล.1006 ประมาณ 120 ม. และอยู่ห่างจากตัวอำเภอสันกำแพงประมาณ 9.8 กม.
ถนนผ่านหน้าทรัพย์เป็นถนนคอนกรีต(ทางส่วนบุคคล)

บริษัทขอสงวนสิทธิ์ในการเปลี่ยนแปลงรายละเอียดทรัพย์สิน ราคาตั้งขาย รวมถึงเงื่อนไขอื่นใด หรือยกเลิกการ ขายทรัพย์สินได้โดยไม่ต้องแจ้งให้ผู้สนใจเสนอซื้อทราบล่วงหน้า

https://www.google.com/maps/search/?api=1&query=18.74156,99.211164"
https://baan.kaidee.com/product-370489874,"ราคา: 400,000
เนื้อที่: 17 ตารางวา | เนื้อที่ 17 ตารางวา | ห้องนอน 1 ห้องนอน | ห้องน้ำ 2 ห้องน้ำ | เป็นทรัพย์รอการขาย ใช่
💖 ทาวน์เฮ้าส์ สันกำแพง ราคาพิเศษ! 💖
รหัสทรัพย์ ： DACHMTH0105001

สอบถามข้อมูลเพิ่มเติม นัดดูทรัพย์ >> 😊ทิ้งชื่อ เบอร์ติดต่อ ในแชท ให้เจ้าหน้าที่ขายติดต่อกลับได้เลยค่ะ😊 (บริษัทเปิดให้บริการติดต่อ วันจันทร์-ศุกร์ เวลา 9.00-17.00 ยกเว้นวันหยุดนักขัตฤกษ์)

ทาวน์เฮ้าส์ 2 ชั้น โครงการร้องวัวแดง วิว ทาวน์เฮ้าส์ 2 ชั้น มี 1 ห้องนอน 2 ห้องน้ำ ตั้งอยู่ในโครงการร้องวัวแดง วิว ที่ดินถมแล้ว เสมอถนน ขนาดที่ดินประมาณ 4.0x18 ม. มีลักษณะเป็นรูปสี่เหลี่ยมผืนผ้า ขนาดสิ่งปลูกสร้างประมาณ 4x16 ม., 120 ตรม. ห่างจาก ทล.1006 ประมาณ 120 ม. และอยู่ห่างจากตัวอำเภอสันกำแพงประมาณ 9.8 กม.
ถนนผ่านหน้าทรัพย์เป็นถนนคอนกรีต(ทางส่วนบุคคล)

บริษัทขอสงวนสิทธิ์ในการเปลี่ยนแปลงรายละเอียดทรัพย์สิน ราคาตั้งขาย รวมถึงเงื่อนไขอื่นใด หรือยกเลิกการ ขายทรัพย์สินได้โดยไม่ต้องแจ้งให้ผู้สนใจเสนอซื้อทราบล่วงหน้า

https://www.google.com/maps/search/?api=1&query=18.74156,99.211164"
https://baan.kaidee.com/product-370489875,"ราคา: 400,000
เนื้อที่: 18 ตารางวา | เนื้อที่ 18 ตารางวา | ห้องนอน 1 ห้องนอน | ห้องน้ำ 2 ห้องน้ำ | เป็นทรัพย์รอการขาย ใช่
💖 ทาวน์เฮ้าส์ สันกำแพง ราคาพิเศษ! 💖
รหัสทรัพย์ ： DACHMTH0106001

สอบถามข้อมูลเพิ่มเติม นัดดูทรัพย์ >> 😊ทิ้งชื่อ เบอร์ติดต่อ ในแชท ให้เจ้าหน้าที่ขายติดต่อกลับได้เลยค่ะ😊 (บริษัทเปิดให้บริการติดต่อ วันจันทร์-ศุกร์ เวลา 9.00-17.00 ยกเว้นวันหยุดนักขัตฤกษ์)

ทาวน์เฮ้าส์ 2 ชั้น โครงการร้องวัวแดง วิว ทาวน์เฮ้าส์ 2 ชั้น มี 1 ห้องนอน 2 ห้องน้ำ ขนาดสิ่งปลูกสร้างประมาณ 4x16 ม., 120 ตรม. ห่างจาก ทล.1006 ประมาณ 120 ม. และอยู่ห่างจากตัวอำเภอสันกำแพงประมาณ 9.8 กม.
ถนนผ่านหน้าทรัพย์เป็นถนนคอนกรีต(ทางส่วนบุคคล)

บริษัทขอสงวนสิทธิ์ในการเปลี่ยนแปลงรายละเอียดทรัพย์สิน ราคาตั้งขาย รวมถึงเงื่อนไขอื่นใด หรือยกเลิกการ ขายทรัพย์สินได้โดยไม่ต้องแจ้งให้ผู้สนใจเสนอซื้อทราบล่วงหน้า

https://www.google.com/maps/search/?api=1&query=18.74156,99.211164"
https://baan.kaidee.com/product-370489876,"ราคา: 420,000
เนื้อที่: 27 ตารางวา | เนื้อที่ 27 ตารางวา | ห้องนอน 1 ห้องนอน | ห้องน้ำ 2 ห้องน้ำ | เป็นทรัพย์รอการขาย ใช่
💖 ทาวน์เฮ้าส์ สันกำแพง ราคาพิเศษ! 💖
รหัสทรัพย์ ： DACHMTH0107001

สอบถามข้อมูลเพิ่มเติม นัดดูทรัพย์ >> 😊ทิ้งชื่อ เบอร์ติดต่อ ในแชท ให้เจ้าหน้าที่ขายติดต่อกลับได้เลยค่ะ😊 (บริษัทเปิดให้บริการติดต่อ วันจันทร์-ศุกร์ เวลา 9.00-17.00 ยกเว้นวันหยุดนักขัตฤกษ์)

ทาวน์เฮ้าส์ 2 ชั้น โครงการร้องวัวแดง วิว ทาวน์เฮ้าส์ 2 ชั้น(คูหาริม) มี 1 ห้องนอน 2 ห้องน้ำ ตั้งอยู่ในโครงการร้องวัวแดง วิว ที่ดินถมแล้ว เสมอถนน ขนาดที่ดินประมาณ 5.0x18 ม. มีลักษณะเป็นรูปสี่เหลี่ยมผืนผ้า ขนาดสิ่งปลูกสร้างประมาณ 4x16 ม., 120 ตรม. ห่างจาก ทล.1006 ประมาณ 120 ม. และอยู่ห่างจากตัวอำเภอสันกำแพงประมาณ 9.8 กม.
ถนนผ่านหน้าทรัพย์เป็นถนนคอนกรีต(ทางส่วนบุคคล)

บริษัทขอสงวนสิทธิ์ในการเปลี่ยนแปลงรายละเอียดทรัพย์สิน ราคาตั้งขาย รวมถึงเงื่อนไขอื่นใด หรือยกเลิกการ ขายทรัพย์สินได้โดยไม่ต้องแจ้งให้ผู้สนใจเสนอซื้อทราบล่วงหน้า

https://www.google.com/maps/search/?api=1&query=18.74156,99.211164"
https://baan.kaidee.com/product-370489877,"ราคา: 400,000
เนื้อที่: 18 ตารางวา | เนื้อที่ 18 ตารางวา | ห้องนอน 1 ห้องนอน | ห้องน้ำ 2 ห้องน้ำ | เป็นทรัพย์รอการขาย ใช่
💖 ทาวน์เฮ้าส์ สันกำแพง ราคาพิเศษ! 💖
รหัสทรัพย์ ： DACHMTH0108001

สอบถามข้อมูลเพิ่มเติม นัดดูทรัพย์ >> 😊ทิ้งชื่อ เบอร์ติดต่อ ในแชท ให้เจ้าหน้าที่ขายติดต่อกลับได้เลยค่ะ😊 (บริษัทเปิดให้บริการติดต่อ วันจันทร์-ศุกร์ เวลา 9.00-17.00 ยกเว้นวันหยุดนักขัตฤกษ์)

ทาวน์เฮ้าส์ 2 ชั้น โครงการร้องวัวแดง วิว ทาวน์เฮ้าส์ 2 ชั้น มี 1 ห้องนอน 2 ห้องน้ำ ตั้งอยู่ในโครงการร้องวัวแดง วิว ที่ดินถมแล้ว เสมอถนน ขนาดที่ดินประมาณ 4.0x18 ม. มีลักษณะเป็นรูปสี่เหลี่ยมผืนผ้า ขนาดสิ่งปลูกสร้างประมาณ 4x16 ม., 120 ตรม. ห่างจาก ทล.1006 ประมาณ 120 ม. และอยู่ห่างจากตัวอำเภอสันกำแพงประมาณ 9.8 กม.
ถนนผ่านหน้าทรัพย์เป็นถนนคอนกรีต(ทางส่วนบุคคล)

บริษัทขอสงวนสิทธิ์ในการเปลี่ยนแปลงรายละเอียดทรัพย์สิน ราคาตั้งขาย รวมถึงเงื่อนไขอื่นใด หรือยกเลิกการ ขายทรัพย์สินได้โดยไม่ต้องแจ้งให้ผู้สนใจเสนอซื้อทราบล่วงหน้า

https://www.google.com/maps/search/?api=1&query=18.74156,99.211164"
https://baan.kaidee.com/product-370489878,"ราคา: 400,000
เนื้อที่: 18 ตารางวา | เนื้อที่ 18 ตารางวา | ห้องนอน 1 ห้องนอน | ห้องน้ำ 2 ห้องน้ำ | เป็นทรัพย์รอการขาย ใช่
💖 ทาวน์เฮ้าส์ สันกำแพง ราคาพิเศษ! 💖
รหัสทรัพย์ ： DACHMTH0109001

สอบถามข้อมูลเพิ่มเติม นัดดูทรัพย์ >> 😊ทิ้งชื่อ เบอร์ติดต่อ ในแชท ให้เจ้าหน้าที่ขายติดต่อกลับได้เลยค่ะ😊 (บริษัทเปิดให้บริการติดต่อ วันจันทร์-ศุกร์ เวลา 9.00-17.00 ยกเว้นวันหยุดนักขัตฤกษ์)

ทาวน์เฮ้าส์ 2 ชั้น โครงการร้องวัวแดง วิว ทาวน์เฮ้าส์ 2 ชั้น มี 2 ห้องโถง 2 ห้องน้ำ ตั้งอยู่ในโครงการร้องวัวแดง วิว ที่ดินถมแล้ว เสมอถนน ขนาดที่ดินประมาณ 4.0x18 ม. มีลักษณะเป็นรูปสี่เหลี่ยมผืนผ้า ขนาดสิ่งปลูกสร้างประมาณ 4x16 ม., 120 ตรม. ห่างจาก ทล.1006 ประมาณ 120 ม. และอยู่ห่างจากตัวอำเภอสันกำแพงประมาณ 9.8 กม.
ถนนผ่านหน้าทรัพย์เป็นถนนคอนกรีต(ทางส่วนบุคคล)

บริษัทขอสงวนสิทธิ์ในการเปลี่ยนแปลงรายละเอียดทรัพย์สิน ราคาตั้งขาย รวมถึงเงื่อนไขอื่นใด หรือยกเลิกการ ขายทรัพย์สินได้โดยไม่ต้องแจ้งให้ผู้สนใจเสนอซื้อทราบล่วงหน้า

https://www.google.com/maps/search/?api=1&query=18.74156,99.211164"
https://baan.kaidee.com/product-370489955,"ราคา: 1,995,000
เนื้อที่: 19.4 ตารางวา | เนื้อที่ 19.4 ตารางวา | ห้องนอน 2 ห้องนอน | ห้องน้ำ 1 ห้องน้ำ | เป็นทรัพย์รอการขาย ใช่
💖 ทาวน์เฮ้าส์ เมืองเชียงใหม่ ราคาพิเศษ! 💖
รหัสทรัพย์ ： DDCHMTH0102001

สอบถามข้อมูลเพิ่มเติม นัดดูทรัพย์ >> 😊ทิ้งชื่อ เบอร์ติดต่อ ในแชท ให้เจ้าหน้าที่ขายติดต่อกลับได้เลยค่ะ😊 (บริษัทเปิดให้บริการติดต่อ วันจันทร์-ศุกร์ เวลา 9.00-17.00 ยกเว้นวันหยุดนักขัตฤกษ์)

หมู่บ้านเวียงพิงค์ (หลัง รพ.เชียงใหม่ใกล้หมอ) ทาวน์เฮ้าส์ 2 ชั้น ปรับปรุงใหม่ ประกอบ ห้องนอน 2 ห้อง , ห้องน้ำ 2 ห้อง ถนนเชียงใหม่-ฮอด(ทล.106)

บริษัทขอสงวนสิทธิ์ในการเปลี่ยนแปลงรายละเอียดทรัพย์สิน ราคาตั้งขาย รวมถึงเงื่อนไขอื่นใด หรือยกเลิกการ ขายทรัพย์สินได้โดยไม่ต้องแจ้งให้ผู้สนใจเสนอซื้อทราบล่วงหน้า

https://www.google.com/maps/search/?api=1&query=18.76056378,98.97307373"
https://baan.kaidee.com/product-370490038,"ราคา: 1,450,000
เนื้อที่: 24 ตารางวา | เนื้อที่ 24 ตารางวา | ห้องนอน 3 ห้องนอน | ห้องน้ำ 2 ห้องน้ำ | เป็นทรัพย์รอการขาย ใช่
💖 ทาวน์เฮ้าส์ เมืองเชียงใหม่ ราคาพิเศษ! 💖
รหัสทรัพย์ ： DECHMTH0105001

สอบถามข้อมูลเพิ่มเติม นัดดูทรัพย์ >> 😊ทิ้งชื่อ เบอร์ติดต่อ ในแชท ให้เจ้าหน้าที่ขายติดต่อกลับได้เลยค่ะ😊 (บริษัทเปิดให้บริการติดต่อ วันจันทร์-ศุกร์ เวลา 9.00-17.00 ยกเว้นวันหยุดนักขัตฤกษ์)

ทาวน์เฮ้าส์ ทาวน์เฮ้าส์ 2 ชั้น 1 คูหา เลขที่ 26/2 ขนาด 4x20.5เมตร พื้นที่ใช้สอย 140 ตารางเมตร ประกอบด้วย 3 ห้องนอน 2 ห้องน้ำ 1 ห้องนั่งเล่น 1 ห้องครัว ตัั้งอยู่ในซอยโตไพบูลย์ ห่างจากถนนมหิดลประมาณ 350 เมตร อยู่บริเวณซอยทางเข้าโรงเรียนกาวิละ วิทยาลัย

บริษัทขอสงวนสิทธิ์ในการเปลี่ยนแปลงรายละเอียดทรัพย์สิน ราคาตั้งขาย รวมถึงเงื่อนไขอื่นใด หรือยกเลิกการ ขายทรัพย์สินได้โดยไม่ต้องแจ้งให้ผู้สนใจเสนอซื้อทราบล่วงหน้า

https://www.google.com/maps/search/?api=1&query=18.76592,99.024493"
https://baan.kaidee.com/product-370490041,"ราคา: 1,425,000
เนื้อที่: 22.4 ตารางวา | เนื้อที่ 22.4 ตารางวา | ห้องนอน 2 ห้องนอน | ห้องน้ำ 1 ห้องน้ำ | เป็นทรัพย์รอการขาย ใช่
💖 ทาวน์เฮ้าส์ สารภี ราคาพิเศษ! 💖
รหัสทรัพย์ ： DECHMTH0125001

สอบถามข้อมูลเพิ่มเติม นัดดูทรัพย์ >> 😊ทิ้งชื่อ เบอร์ติดต่อ ในแชท ให้เจ้าหน้าที่ขายติดต่อกลับได้เลยค่ะ😊 (บริษัทเปิดให้บริการติดต่อ วันจันทร์-ศุกร์ เวลา 9.00-17.00 ยกเว้นวันหยุดนักขัตฤกษ์)

โครงการลานนาธานี : ปรับปรุงใหม่ ทรัพย์เป็นทาวน์เฮาส์ 2 ชั้น 1 คูหา เลขที่ 263/35 พื้นที่ใช้สอยภายใน 110 ตรม. สามารถจอดรถภายในได้ 1 คัน 2 ห้องนอน 1 ห้องน้ำ เลขที่ 263/35 โครงการลานนาธานี

บริษัทขอสงวนสิทธิ์ในการเปลี่ยนแปลงรายละเอียดทรัพย์สิน ราคาตั้งขาย รวมถึงเงื่อนไขอื่นใด หรือยกเลิกการ ขายทรัพย์สินได้โดยไม่ต้องแจ้งให้ผู้สนใจเสนอซื้อทราบล่วงหน้า

https://www.google.com/maps/search/?api=1&query=18.737705,99.030897"
https://baan.kaidee.com/product-370490786,"ราคา: 347,000
เนื้อที่: 18 ตารางวา | เนื้อที่ 18 ตารางวา | ห้องนอน 2 ห้องนอน | ห้องน้ำ 1 ห้องน้ำ | เป็นทรัพย์รอการขาย ใช่
💖 ทาวน์เฮ้าส์ สันป่าตอง ราคาพิเศษ! 💖
รหัสทรัพย์ ： LCHMTH0110001

สอบถามข้อมูลเพิ่มเติม นัดดูทรัพย์ >> 😊ทิ้งชื่อ เบอร์ติดต่อ ในแชท ให้เจ้าหน้าที่ขายติดต่อกลับได้เลยค่ะ😊 (บริษัทเปิดให้บริการติดต่อ วันจันทร์-ศุกร์ เวลา 9.00-17.00 ยกเว้นวันหยุดนักขัตฤกษ์)

ทาวน์เฮ้าส์ 2 ชั้น ทาวน์เฮ้าส์ 1 หลัง มี 2 ห้องนอน 1 ห้องน้ำ ปัจจุบันก่อสร้างยังไม่แล้วเสร็จ ทรัพย์ตั้งอยู่ห่างจากถนนสายเชียงใหม่-ฮอด ช่วง กม.25-26 ก่อนถึงสี่แยกทางเข้าที่ดินสันป่าตอง,โรงพยาบาล และโรงเรียน ประมาณ 300 เมตร

บริษัทขอสงวนสิทธิ์ในการเปลี่ยนแปลงรายละเอียดทรัพย์สิน ราคาตั้งขาย รวมถึงเงื่อนไขอื่นใด หรือยกเลิกการ ขายทรัพย์สินได้โดยไม่ต้องแจ้งให้ผู้สนใจเสนอซื้อทราบล่วงหน้า

https://www.google.com/maps/search/?api=1&query=18.599152,98.887945"
https://baan.kaidee.com/product-370490902,"ราคา: 670,000
เนื้อที่: 910 ตารางวา | เนื้อที่ 910 ตารางวา | เป็นทรัพย์รอการขาย ใช่
💖 ที่ดิน สันป่าตอง ราคาพิเศษ! 💖
รหัสทรัพย์ ： 22CHMVL0003000

สอบถามข้อมูลเพิ่มเติม นัดดูทรัพย์ >> 😊ทิ้งชื่อ เบอร์ติดต่อ ในแชท ให้เจ้าหน้าที่ขายติดต่อกลับได้เลยค่ะ😊 (บริษัทเปิดให้บริการติดต่อ วันจันทร์-ศุกร์ เวลา 9.00-17.00 ยกเว้นวันหยุดนักขัตฤกษ์)

ที่ดินว่างเปล่า ทรัพย์เป็นพื้นที่สวน สภาพแวดล้อมโดยทั่วไปเป็นที่สวน ไม่ไกลจากหมู่บ้าน การคมนาคมสะดวก ทรัพย์ตั้งอยู่ ตำบลทุ่งสะโตก อยู่ไม่ไกลจกชุมชนมากนัก

บริษัทขอสงวนสิทธิ์ในการเปลี่ยนแปลงรายละเอียดทรัพย์สิน ราคาตั้งขาย รวมถึงเงื่อนไขอื่นใด หรือยกเลิกการ ขายทรัพย์สินได้โดยไม่ต้องแจ้งให้ผู้สนใจเสนอซื้อทราบล่วงหน้า

https://www.google.com/maps/search/?api=1&query=18.5591933,98.8555646"
https://baan.kaidee.com/product-370490903,"ราคา: 468,000
เนื้อที่: 623 ตารางวา | เนื้อที่ 623 ตารางวา | เป็นทรัพย์รอการขาย ใช่
💖 ที่ดิน แม่แตง ราคาพิเศษ! 💖
รหัสทรัพย์ ： 22CHMVL0005000

สอบถามข้อมูลเพิ่มเติม นัดดูทรัพย์ >> 😊ทิ้งชื่อ เบอร์ติดต่อ ในแชท ให้เจ้าหน้าที่ขายติดต่อกลับได้เลยค่ะ😊 (บริษัทเปิดให้บริการติดต่อ วันจันทร์-ศุกร์ เวลา 9.00-17.00 ยกเว้นวันหยุดนักขัตฤกษ์)

ที่ดินเปล่า ที่ดินสภาพเป็นสวนมะม่วง ตั้งอยู่ด้านในของโครงการฯ ถนนคอนกรีต ไฟฟ้ายังเข้าไม่ถึง โครงการริมปิง อิงดอย ในหมู่บ้านม่วงคำ เทศบาลเมืองเมืองแกนพัฒนา ต.อินทขิล

บริษัทขอสงวนสิทธิ์ในการเปลี่ยนแปลงรายละเอียดทรัพย์สิน ราคาตั้งขาย รวมถึงเงื่อนไขอื่นใด หรือยกเลิกการ ขายทรัพย์สินได้โดยไม่ต้องแจ้งให้ผู้สนใจเสนอซื้อทราบล่วงหน้า

https://www.google.com/maps/search/?api=1&query=19.160097,99.01069"
https://baan.kaidee.com/product-370490904,"ราคา: 450,000
เนื้อที่: 600 ตารางวา | เนื้อที่ 600 ตารางวา | เป็นทรัพย์รอการขาย ใช่
💖 ที่ดิน แม่แตง ราคาพิเศษ! 💖
รหัสทรัพย์ ： 22CHMVL0006000

สอบถามข้อมูลเพิ่มเติม นัดดูทรัพย์ >> 😊ทิ้งชื่อ เบอร์ติดต่อ ในแชท ให้เจ้าหน้าที่ขายติดต่อกลับได้เลยค่ะ😊 (บริษัทเปิดให้บริการติดต่อ วันจันทร์-ศุกร์ เวลา 9.00-17.00 ยกเว้นวันหยุดนักขัตฤกษ์)

ที่ดินเปล่า ที่ดินสภาพเป็นสวนมะม่วง ตั้งอยู่ด้านในของโครงการฯ ถนนคอนกรีต ไฟฟ้ายังเข้าไม่ถึง โครงการริมปิง อิงดอย ในหมู่บ้านม่วงคำ เทศบาลเมืองเมืองแกนพัฒนา ต.อินทขิล

บริษัทขอสงวนสิทธิ์ในการเปลี่ยนแปลงรายละเอียดทรัพย์สิน ราคาตั้งขาย รวมถึงเงื่อนไขอื่นใด หรือยกเลิกการ ขายทรัพย์สินได้โดยไม่ต้องแจ้งให้ผู้สนใจเสนอซื้อทราบล่วงหน้า

https://www.google.com/maps/search/?api=1&query=19.161147,99.009514"
https://baan.kaidee.com/product-370490905,"ราคา: 414,000
เนื้อที่: 551 ตารางวา | เนื้อที่ 551 ตารางวา | เป็นทรัพย์รอการขาย ใช่
💖 ที่ดิน แม่แตง ราคาพิเศษ! 💖
รหัสทรัพย์ ： 22CHMVL0007000

สอบถามข้อมูลเพิ่มเติม นัดดูทรัพย์ >> 😊ทิ้งชื่อ เบอร์ติดต่อ ในแชท ให้เจ้าหน้าที่ขายติดต่อกลับได้เลยค่ะ😊 (บริษัทเปิดให้บริการติดต่อ วันจันทร์-ศุกร์ เวลา 9.00-17.00 ยกเว้นวันหยุดนักขัตฤกษ์)

ที่ดินเปล่า ที่ดินสภาพเป็นสวนมะม่วง ตั้งอยู่ด้านในของโครงการฯ ถนนคอนกรีต ไฟฟ้ายังเข้าไม่ถึง โครงการริมปิง อิงดอย ในหมู่บ้านม่วงคำ เทศบาลเมืองเมืองแกนพัฒนา ต.อินทขิล

บริษัทขอสงวนสิทธิ์ในการเปลี่ยนแปลงรายละเอียดทรัพย์สิน ราคาตั้งขาย รวมถึงเงื่อนไขอื่นใด หรือยกเลิกการ ขายทรัพย์สินได้โดยไม่ต้องแจ้งให้ผู้สนใจเสนอซื้อทราบล่วงหน้า

https://www.google.com/maps/search/?api=1&query=19.160819,99.010674"
https://baan.kaidee.com/product-370490906,"ราคา: 323,000
เนื้อที่: 430 ตารางวา | เนื้อที่ 430 ตารางวา | เป็นทรัพย์รอการขาย ใช่
💖 ที่ดิน แม่แตง ราคาพิเศษ! 💖
รหัสทรัพย์ ： 22CHMVL0008000

สอบถามข้อมูลเพิ่มเติม นัดดูทรัพย์ >> 😊ทิ้งชื่อ เบอร์ติดต่อ ในแชท ให้เจ้าหน้าที่ขายติดต่อกลับได้เลยค่ะ😊 (บริษัทเปิดให้บริการติดต่อ วันจันทร์-ศุกร์ เวลา 9.00-17.00 ยกเว้นวันหยุดนักขัตฤกษ์)

ที่ดินเปล่า ที่ดินสภาพเป็นสวนมะม่วง ตั้งอยู่ด้านในของโครงการฯ ถนนคอนกรีต ไฟฟ้ายังเข้าไม่ถึง โครงการริมปิง อิงดอย ในหมู่บ้านม่วงคำ เทศบาลเมืองเมืองแกนพัฒนา ต.อินทขิล

บริษัทขอสงวนสิทธิ์ในการเปลี่ยนแปลงรายละเอียดทรัพย์สิน ราคาตั้งขาย รวมถึงเงื่อนไขอื่นใด หรือยกเลิกการ ขายทรัพย์สินได้โดยไม่ต้องแจ้งให้ผู้สนใจเสนอซื้อทราบล่วงหน้า

https://www.google.com/maps/search/?api=1&query=19.160097,99.01069"
https://baan.kaidee.com/product-370490908,"ราคา: 603,000
เนื้อที่: 2010 ตารางวา | เนื้อที่ 2010 ตารางวา | เป็นทรัพย์รอการขาย ใช่
💖 ที่ดิน แม่แตง ราคาพิเศษ! 💖
รหัสทรัพย์ ： 22CHMVL0010000

สอบถามข้อมูลเพิ่มเติม นัดดูทรัพย์ >> 😊ทิ้งชื่อ เบอร์ติดต่อ ในแชท ให้เจ้าหน้าที่ขายติดต่อกลับได้เลยค่ะ😊 (บริษัทเปิดให้บริการติดต่อ วันจันทร์-ศุกร์ เวลา 9.00-17.00 ยกเว้นวันหยุดนักขัตฤกษ์)

ที่ดินเปล่า ที่ดินว่างเปล่า เข้าถนนซอย 2 บ้านมืดกา 600 เมตร ไม่ติดทางสาธารณะฯ จากทางหลวงสายเชียงใหม่-ฝาง ช่วง กม.ที่ 48 เข้าซอยมืดกาซอย 2 อีก 400 เมตร เดินผ่านที่ดินบุคคลอื่นอีก 170 เมตร ตำบลอินทขิล

บริษัทขอสงวนสิทธิ์ในการเปลี่ยนแปลงรายละเอียดทรัพย์สิน ราคาตั้งขาย รวมถึงเงื่อนไขอื่นใด หรือยกเลิกการ ขายทรัพย์สินได้โดยไม่ต้องแจ้งให้ผู้สนใจเสนอซื้อทราบล่วงหน้า

https://www.google.com/maps/search/?api=1&query=19.187559,98.96128"
https://baan.kaidee.com/product-370490922,"ราคา: 108,000
เนื้อที่: 100 ตารางวา | เนื้อที่ 100 ตารางวา | เป็นทรัพย์รอการขาย ใช่
💖 ที่ดิน แม่แตง ราคาพิเศษ! 💖
รหัสทรัพย์ ： 23CHMVL0011000

สอบถามข้อมูลเพิ่มเติม นัดดูทรัพย์ >> 😊ทิ้งชื่อ เบอร์ติดต่อ ในแชท ให้เจ้าหน้าที่ขายติดต่อกลับได้เลยค่ะ😊 (บริษัทเปิดให้บริการติดต่อ วันจันทร์-ศุกร์ เวลา 9.00-17.00 ยกเว้นวันหยุดนักขัตฤกษ์)

เลควู๊ดฮิลล์ ที่ดินว่างเปล่า ในโครงการจัดสรร ""เลควู๊ดฮิลล์"" ถนนดิน ไฟฟ้ายังเข้าไม่ถึง ในโครงการจัดสรร""เลควู๊ดฮิลล์"" ห่างจากวัดแม่ขะจาน 1 กม. ตำบล ขี้เหล็ก

บริษัทขอสงวนสิทธิ์ในการเปลี่ยนแปลงรายละเอียดทรัพย์สิน ราคาตั้งขาย รวมถึงเงื่อนไขอื่นใด หรือยกเลิกการ ขายทรัพย์สินได้โดยไม่ต้องแจ้งให้ผู้สนใจเสนอซื้อทราบล่วงหน้า

https://www.google.com/maps/search/?api=1&query=19.063583,98.918588"
https://baan.kaidee.com/product-370490970,"ราคา: 11,358,000
เนื้อที่: 3605.7 ตารางวา | เนื้อที่ 3605.7 ตารางวา | เป็นทรัพย์รอการขาย ใช่
💖 ที่ดิน สันทราย ราคาพิเศษ! 💖
รหัสทรัพย์ ： 5CHMVL0126001

สอบถามข้อมูลเพิ่มเติม นัดดูทรัพย์ >> 😊ทิ้งชื่อ เบอร์ติดต่อ ในแชท ให้เจ้าหน้าที่ขายติดต่อกลับได้เลยค่ะ😊 (บริษัทเปิดให้บริการติดต่อ วันจันทร์-ศุกร์ เวลา 9.00-17.00 ยกเว้นวันหยุดนักขัตฤกษ์)

ที่ดินเปล่า สวนเกษตรสันทราย ทรัพย์สินเป็นที่ดินเปล่า จำนวน 7 แปลง อยู่ติดกัน หน้ากว้าง 120 เมตร ลึก 120 เมตร ตั้งอยู่ในโครงการสวนเกษตรสันทราย ต.หนองแหย่ง อ.สันทราย จ.เชียงใหม่ สภาพแวดล้อมเป็นพื้นที่เกษตรกรรม สลับกับที่อยู่อาศัยกระจายอยู่ห่างๆ กัน จากถนนเชียงใหม่-ดอยสะเก็ด กม.9 เลี้ยวซ้ายไปตามถนน รพช.พยากน้อย-ป่าเหมือด ประมาณ 4.8 กม.ถึงที่ตั้งโครงการสวนเกษตรสันทราย เลี้ยวขวาเข้าไปอีก 1.3 กม. ถึงที่ตั้งทรัพย์

บริษัทขอสงวนสิทธิ์ในการเปลี่ยนแปลงรายละเอียดทรัพย์สิน ราคาตั้งขาย รวมถึงเงื่อนไขอื่นใด หรือยกเลิกการ ขายทรัพย์สินได้โดยไม่ต้องแจ้งให้ผู้สนใจเสนอซื้อทราบล่วงหน้า

https://www.google.com/maps/search/?api=1&query=18.891241,99.105703"
https://baan.kaidee.com/product-370490978,"ราคา: 732,000
เนื้อที่: 508 ตารางวา | เนื้อที่ 508 ตารางวา | เป็นทรัพย์รอการขาย ใช่
💖 ที่ดิน แม่แตง ราคาพิเศษ! 💖
รหัสทรัพย์ ： ACHMVL0002000

สอบถามข้อมูลเพิ่มเติม นัดดูทรัพย์ >> 😊ทิ้งชื่อ เบอร์ติดต่อ ในแชท ให้เจ้าหน้าที่ขายติดต่อกลับได้เลยค่ะ😊 (บริษัทเปิดให้บริการติดต่อ วันจันทร์-ศุกร์ เวลา 9.00-17.00 ยกเว้นวันหยุดนักขัตฤกษ์)

ที่ดินเปล่า ที่ดินเปล่า 1 แปลง ห่างจากถนนเชียงใหม่-ฝาง ประมาณ 300 เมตร โครงการ ""โรยัลปิง"" ถนน เชียงใหม่-ฝาง ตำบล บ้านเป้า

บริษัทขอสงวนสิทธิ์ในการเปลี่ยนแปลงรายละเอียดทรัพย์สิน ราคาตั้งขาย รวมถึงเงื่อนไขอื่นใด หรือยกเลิกการ ขายทรัพย์สินได้โดยไม่ต้องแจ้งให้ผู้สนใจเสนอซื้อทราบล่วงหน้า

https://www.google.com/maps/search/?api=1&query=19.214796,98.973817"
https://baan.kaidee.com/product-370490999,"ราคา: 2,821,000
เนื้อที่: 632 ตารางวา | เนื้อที่ 632 ตารางวา | เป็นทรัพย์รอการขาย ใช่
💖 ที่ดิน แม่ริม ราคาพิเศษ! 💖
รหัสทรัพย์ ： BCHMVL0133000

สอบถามข้อมูลเพิ่มเติม นัดดูทรัพย์ >> 😊ทิ้งชื่อ เบอร์ติดต่อ ในแชท ให้เจ้าหน้าที่ขายติดต่อกลับได้เลยค่ะ😊 (บริษัทเปิดให้บริการติดต่อ วันจันทร์-ศุกร์ เวลา 9.00-17.00 ยกเว้นวันหยุดนักขัตฤกษ์)

ที่ดินเปล่า ขนาด 30x85ม. ที่ดินเปล่า ขนาด 30x85ม. โครงการหมู่บ้านริมปิงการ์เดนรีสอร์ท เข้าจากถนนสายเชียงใหม่-ฝาง ประมาณ 4.6 กม. ตำบลสันโป่ง

บริษัทขอสงวนสิทธิ์ในการเปลี่ยนแปลงรายละเอียดทรัพย์สิน ราคาตั้งขาย รวมถึงเงื่อนไขอื่นใด หรือยกเลิกการ ขายทรัพย์สินได้โดยไม่ต้องแจ้งให้ผู้สนใจเสนอซื้อทราบล่วงหน้า

https://www.google.com/maps/search/?api=1&query=18.939923,98.971007"
https://baan.kaidee.com/product-370491161,"ราคา: 240,000
เนื้อที่: 152 ตารางวา | เนื้อที่ 152 ตารางวา | เป็นทรัพย์รอการขาย ใช่
💖 ที่ดิน แม่วาง ราคาพิเศษ! 💖
รหัสทรัพย์ ： DACHMVL0210001

สอบถามข้อมูลเพิ่มเติม นัดดูทรัพย์ >> 😊ทิ้งชื่อ เบอร์ติดต่อ ในแชท ให้เจ้าหน้าที่ขายติดต่อกลับได้เลยค่ะ😊 (บริษัทเปิดให้บริการติดต่อ วันจันทร์-ศุกร์ เวลา 9.00-17.00 ยกเว้นวันหยุดนักขัตฤกษ์)

ที่ดินว่างเปล่า ที่ดินว่างเปล่า เหมาะสำหรับทำการเกษตร ห่างจากถนนสายสันป่าตอง-บ้านกาด 650 เมตร ห่างจากถนนสายเชียงใหม่-ฮอด 13 กม. สภาพแวดล้อมโดยทั่วไปเป็นที่ว่างเปล่า และที่สวน ทรัพย์ตั้งอยู่ ตำบลบ้านกาด

บริษัทขอสงวนสิทธิ์ในการเปลี่ยนแปลงรายละเอียดทรัพย์สิน ราคาตั้งขาย รวมถึงเงื่อนไขอื่นใด หรือยกเลิกการ ขายทรัพย์สินได้โดยไม่ต้องแจ้งให้ผู้สนใจเสนอซื้อทราบล่วงหน้า

https://www.google.com/maps/search/?api=1&query=18.6079302,98.7865777"
https://baan.kaidee.com/product-370491162,"ราคา: 238,000
เนื้อที่: 151 ตารางวา | เนื้อที่ 151 ตารางวา | เป็นทรัพย์รอการขาย ใช่
💖 ที่ดิน แม่วาง ราคาพิเศษ! 💖
รหัสทรัพย์ ： DACHMVL0211001

สอบถามข้อมูลเพิ่มเติม นัดดูทรัพย์ >> 😊ทิ้งชื่อ เบอร์ติดต่อ ในแชท ให้เจ้าหน้าที่ขายติดต่อกลับได้เลยค่ะ😊 (บริษัทเปิดให้บริการติดต่อ วันจันทร์-ศุกร์ เวลา 9.00-17.00 ยกเว้นวันหยุดนักขัตฤกษ์)

ที่ดินว่างเปล่า ทรัพย์เป็นที่ดินว่างเปล่าในโครงการ สิริทิพย์ ห่างจากถนนสายบ้านกาด-บ้านสันป่าตอง 350 เมตร ตำบลบ้านกาด อำเภอแม่วาง จังหวัดเชียงใหม่

บริษัทขอสงวนสิทธิ์ในการเปลี่ยนแปลงรายละเอียดทรัพย์สิน ราคาตั้งขาย รวมถึงเงื่อนไขอื่นใด หรือยกเลิกการ ขายทรัพย์สินได้โดยไม่ต้องแจ้งให้ผู้สนใจเสนอซื้อทราบล่วงหน้า

https://www.google.com/maps/search/?api=1&query=18.6079302,98.7865777"
https://baan.kaidee.com/product-370491163,"ราคา: 336,000
เนื้อที่: 106.4 ตารางวา | เนื้อที่ 106.4 ตารางวา | เป็นทรัพย์รอการขาย ใช่
💖 ที่ดิน สารภี ราคาพิเศษ! 💖
รหัสทรัพย์ ： DACHMVL0224001

สอบถามข้อมูลเพิ่มเติม นัดดูทรัพย์ >> 😊ทิ้งชื่อ เบอร์ติดต่อ ในแชท ให้เจ้าหน้าที่ขายติดต่อกลับได้เลยค่ะ😊 (บริษัทเปิดให้บริการติดต่อ วันจันทร์-ศุกร์ เวลา 9.00-17.00 ยกเว้นวันหยุดนักขัตฤกษ์)

ที่ดินเปล่า โครงการศรีเชียงใหม่ ที่ดินเปล่า ตั้งอยู่ในโครงการศรีเชียงใหม่ ยังไม่ถม ต่ำกว่าถนนประมาณ 0.3 ม. ขนาดที่ดินประมาณ 16x27 ม. ลักษณะรูปสี่เหลี่ยมผืนผ้า ถนนผ่านหน้าทรัพย์เป็นถนนดิน(ถนนส่วนบุคคล) รถยนต์เข้าไม่ถึง ไม่มีไฟฟ้า ทรัพย์อยู่ห่างจากถนนสายขัวมุง-เทพารามประมาณ 700 ม. โครงการอยู่ห่างจากตัวเมืองเชียงใหม่ประมาณ 12 กม. สถานที่ใกล้เคียง เช่น วัดเทพาราม, เสน่ห์ชายน้ำ, ไทวัสดุ เป็นต้น โครงการศรีเชียงใหม่ ถนนสายขัวมุง-เทพาราม ตำบลป่าบง

บริษัทขอสงวนสิทธิ์ในการเปลี่ยนแปลงรายละเอียดทรัพย์สิน ราคาตั้งขาย รวมถึงเงื่อนไขอื่นใด หรือยกเลิกการ ขายทรัพย์สินได้โดยไม่ต้องแจ้งให้ผู้สนใจเสนอซื้อทราบล่วงหน้า

https://www.google.com/maps/search/?api=1&query=18.72858,99.05662"
https://baan.kaidee.com/product-370491164,"ราคา: 224,000
เนื้อที่: 142 ตารางวา | เนื้อที่ 142 ตารางวา | เป็นทรัพย์รอการขาย ใช่
💖 ที่ดิน แม่วาง ราคาพิเศษ! 💖
รหัสทรัพย์ ： DACHMVL0226001

สอบถามข้อมูลเพิ่มเติม นัดดูทรัพย์ >> 😊ทิ้งชื่อ เบอร์ติดต่อ ในแชท ให้เจ้าหน้าที่ขายติดต่อกลับได้เลยค่ะ😊 (บริษัทเปิดให้บริการติดต่อ วันจันทร์-ศุกร์ เวลา 9.00-17.00 ยกเว้นวันหยุดนักขัตฤกษ์)

ที่ดินว่างเปล่า ทรัพย์เป็นที่ดินว่างเปล่าในโครงการ สิรีทิพย์ ห่างจากถนนสยบ้านกาด-สันป่าตอง ประมาณ 350 เมตร ยังไม่มีสาธารณูปโภค ทรัพย์ตั้งอยู่ในโครงการ สิรีทิพย์ ตำบล บ้านกาด

บริษัทขอสงวนสิทธิ์ในการเปลี่ยนแปลงรายละเอียดทรัพย์สิน ราคาตั้งขาย รวมถึงเงื่อนไขอื่นใด หรือยกเลิกการ ขายทรัพย์สินได้โดยไม่ต้องแจ้งให้ผู้สนใจเสนอซื้อทราบล่วงหน้า

https://www.google.com/maps/search/?api=1&query=18.6079302,98.7865777"
https://baan.kaidee.com/product-370491166,"ราคา: 338,000
เนื้อที่: 107.3 ตารางวา | เนื้อที่ 107.3 ตารางวา | เป็นทรัพย์รอการขาย ใช่
💖 ที่ดิน สารภี ราคาพิเศษ! 💖
รหัสทรัพย์ ： DACHMVL0244001

สอบถามข้อมูลเพิ่มเติม นัดดูทรัพย์ >> 😊ทิ้งชื่อ เบอร์ติดต่อ ในแชท ให้เจ้าหน้าที่ขายติดต่อกลับได้เลยค่ะ😊 (บริษัทเปิดให้บริการติดต่อ วันจันทร์-ศุกร์ เวลา 9.00-17.00 ยกเว้นวันหยุดนักขัตฤกษ์)

ที่ดินเปล่า โครงการศรีเชียงใหม่ ที่ดินเปล่า ตั้งอยู่ในโครงการศรีเชียงใหม่ ยังไม่ถม ต่ำกว่าถนนประมาณ 0.3 ม. ขนาดที่ดินประมาณ 16x27 ม.
ลักษณะรูปสี่เหลี่ยมผืนผ้า ถนนผ่านหน้าทรัพย์เป็นถนนดิน(ถนนส่วนบุคคล) รถยนต์เข้าไม่ถึง ไม่มีไฟฟ้า โครงการศรีเชียงใหม่ ถนนสายขัวมุง-เทพาราม ตำบลป่าบง

บริษัทขอสงวนสิทธิ์ในการเปลี่ยนแปลงรายละเอียดทรัพย์สิน ราคาตั้งขาย รวมถึงเงื่อนไขอื่นใด หรือยกเลิกการ ขายทรัพย์สินได้โดยไม่ต้องแจ้งให้ผู้สนใจเสนอซื้อทราบล่วงหน้า

https://www.google.com/maps/search/?api=1&query=18.72665,99.054761"
https://baan.kaidee.com/product-370491167,"ราคา: 1,500,000
เนื้อที่: 427 ตารางวา | เนื้อที่ 427 ตารางวา | เป็นทรัพย์รอการขาย ใช่
💖 ที่ดิน สันป่าตอง ราคาพิเศษ! 💖
รหัสทรัพย์ ： DACHMVL0245001

สอบถามข้อมูลเพิ่มเติม นัดดูทรัพย์ >> 😊ทิ้งชื่อ เบอร์ติดต่อ ในแชท ให้เจ้าหน้าที่ขายติดต่อกลับได้เลยค่ะ😊 (บริษัทเปิดให้บริการติดต่อ วันจันทร์-ศุกร์ เวลา 9.00-17.00 ยกเว้นวันหยุดนักขัตฤกษ์)

โครงการหมู่บ้านเบญจรงค์ โครงการ หมู่บ้านเบญจรงค์ อยู่ติดกันจำนวน 2 แปลง ห่างจากถนนเชียงใหม่-ฮอด 3 กม.) ซอย2 บ้านป่าเหียง ,ห่างจากถนนเชียงใหม่-ฮอด(ทล.108) ประมาณ 2.5 กม.

บริษัทขอสงวนสิทธิ์ในการเปลี่ยนแปลงรายละเอียดทรัพย์สิน ราคาตั้งขาย รวมถึงเงื่อนไขอื่นใด หรือยกเลิกการ ขายทรัพย์สินได้โดยไม่ต้องแจ้งให้ผู้สนใจเสนอซื้อทราบล่วงหน้า

https://www.google.com/maps/search/?api=1&query=18.6337447,98.91637992"
https://baan.kaidee.com/product-370491168,"ราคา: 1,500,000
เนื้อที่: 426 ตารางวา | เนื้อที่ 426 ตารางวา | เป็นทรัพย์รอการขาย ใช่
💖 ที่ดิน สันป่าตอง ราคาพิเศษ! 💖
รหัสทรัพย์ ： DACHMVL0246001

สอบถามข้อมูลเพิ่มเติม นัดดูทรัพย์ >> 😊ทิ้งชื่อ เบอร์ติดต่อ ในแชท ให้เจ้าหน้าที่ขายติดต่อกลับได้เลยค่ะ😊 (บริษัทเปิดให้บริการติดต่อ วันจันทร์-ศุกร์ เวลา 9.00-17.00 ยกเว้นวันหยุดนักขัตฤกษ์)

โครงการหมู่บ้านเบญจรงค์ โครงการ หมู่บ้านเบญจรงค์ อยู่ติดกันจำนวน 2 แปลง ซอย2 บ้านป่าเหียง ,ห่างจากถนนเชียงใหม่-ฮอด(ทล.108) ประมาณ 2.5 กม.

บริษัทขอสงวนสิทธิ์ในการเปลี่ยนแปลงรายละเอียดทรัพย์สิน ราคาตั้งขาย รวมถึงเงื่อนไขอื่นใด หรือยกเลิกการ ขายทรัพย์สินได้โดยไม่ต้องแจ้งให้ผู้สนใจเสนอซื้อทราบล่วงหน้า

https://www.google.com/maps/search/?api=1&query=18.6337447,98.91637992"
https://baan.kaidee.com/product-370491169,"ราคา: 11,503,000
เนื้อที่: 18258 ตารางวา | เนื้อที่ 18258 ตารางวา | เป็นทรัพย์รอการขาย ใช่
💖 ที่ดิน ฮอด ราคาพิเศษ! 💖
รหัสทรัพย์ ： DACHMVL0251001

สอบถามข้อมูลเพิ่มเติม นัดดูทรัพย์ >> 😊ทิ้งชื่อ เบอร์ติดต่อ ในแชท ให้เจ้าหน้าที่ขายติดต่อกลับได้เลยค่ะ😊 (บริษัทเปิดให้บริการติดต่อ วันจันทร์-ศุกร์ เวลา 9.00-17.00 ยกเว้นวันหยุดนักขัตฤกษ์)

ที่ดินเปล่า 21 แปลง ที่ดินเปล่า นส.3ก. จำนวน 21 แปลง อยู่ในทำเลเดียวกัน ทั้งหมด ระดับดินต่ำกว่าถนน สภาพเป็นที่ว่างเปล่าสลับกับสวนลำไย เหมาะแก่การทำการเกษตร ซอยไม่ทราบชื่อแยกจากซอยวัดบ้านโป่ง ต.หางดง อ.ฮอด จ.เชียงใหม่

บริษัทขอสงวนสิทธิ์ในการเปลี่ยนแปลงรายละเอียดทรัพย์สิน ราคาตั้งขาย รวมถึงเงื่อนไขอื่นใด หรือยกเลิกการ ขายทรัพย์สินได้โดยไม่ต้องแจ้งให้ผู้สนใจเสนอซื้อทราบล่วงหน้า

https://www.google.com/maps/search/?api=1&query=18.192717,98.595764"
https://baan.kaidee.com/product-370491353,"ราคา: 155,000
เนื้อที่: 147 ตารางวา | เนื้อที่ 147 ตารางวา | เป็นทรัพย์รอการขาย ใช่
💖 ที่ดิน สันกำแพง ราคาพิเศษ! 💖
รหัสทรัพย์ ： DECHMVL0100001

สอบถามข้อมูลเพิ่มเติม นัดดูทรัพย์ >> 😊ทิ้งชื่อ เบอร์ติดต่อ ในแชท ให้เจ้าหน้าที่ขายติดต่อกลับได้เลยค่ะ😊 (บริษัทเปิดให้บริการติดต่อ วันจันทร์-ศุกร์ เวลา 9.00-17.00 ยกเว้นวันหยุดนักขัตฤกษ์)

ที่ดินเปล่า เชียงใหม่ ที่ดินเปล่า รูปสี่เหลี่ยมผืนผ้า ระดับต่ำกว่าถนนประมาณ 0.5 เมตร กว้าง 22 เมตร ลึก 27 เมตร ซอยข้างถนนเลียบคลองชลประทาน ห่างจากจากถนนสายบ้านร้องก่องข้าว-บ้านโป่ง ประมาณ 2.4 กม.

บริษัทขอสงวนสิทธิ์ในการเปลี่ยนแปลงรายละเอียดทรัพย์สิน ราคาตั้งขาย รวมถึงเงื่อนไขอื่นใด หรือยกเลิกการ ขายทรัพย์สินได้โดยไม่ต้องแจ้งให้ผู้สนใจเสนอซื้อทราบล่วงหน้า

https://www.google.com/maps/search/?api=1&query=18.684426,99.093299"
https://baan.kaidee.com/product-370491401,"ราคา: 3,797,000
เนื้อที่: 6026 ตารางวา | เนื้อที่ 6026 ตารางวา | เป็นทรัพย์รอการขาย ใช่
💖 ที่ดิน ฝาง ราคาพิเศษ! 💖
รหัสทรัพย์ ： DHCHMVL0108001

สอบถามข้อมูลเพิ่มเติม นัดดูทรัพย์ >> 😊ทิ้งชื่อ เบอร์ติดต่อ ในแชท ให้เจ้าหน้าที่ขายติดต่อกลับได้เลยค่ะ😊 (บริษัทเปิดให้บริการติดต่อ วันจันทร์-ศุกร์ เวลา 9.00-17.00 ยกเว้นวันหยุดนักขัตฤกษ์)

ที่ดินเปล่า ที่ดินเปล่า เหมาะสำหรับอยู่อาศัย และทำการเกษตร ไฟฟ้าเข้าถึง ติดถนนซอยหมู่บ้าน(คอนกรีต) การคมนาคมสะดวก ห่างจากทางหลวงสายฝาง - แม่สรวย ประมาณ 800 ม. และห่างจาก อบต.แม่คะ 1 กม.

บริษัทขอสงวนสิทธิ์ในการเปลี่ยนแปลงรายละเอียดทรัพย์สิน ราคาตั้งขาย รวมถึงเงื่อนไขอื่นใด หรือยกเลิกการ ขายทรัพย์สินได้โดยไม่ต้องแจ้งให้ผู้สนใจเสนอซื้อทราบล่วงหน้า

https://www.google.com/maps/search/?api=1&query=19.83394662,99.2239956"
https://baan.kaidee.com/product-370491402,"ราคา: 22,225,000
เนื้อที่: 28221 ตารางวา | เนื้อที่ 28221 ตารางวา | เป็นทรัพย์รอการขาย ใช่
💖 ที่ดิน ฝาง ราคาพิเศษ! 💖
รหัสทรัพย์ ： DHCHMVL0110001

สอบถามข้อมูลเพิ่มเติม นัดดูทรัพย์ >> 😊ทิ้งชื่อ เบอร์ติดต่อ ในแชท ให้เจ้าหน้าที่ขายติดต่อกลับได้เลยค่ะ😊 (บริษัทเปิดให้บริการติดต่อ วันจันทร์-ศุกร์ เวลา 9.00-17.00 ยกเว้นวันหยุดนักขัตฤกษ์)

ที่ดินเปล่า ที่ดินว่างเปล่า เหมาะสำหรับทำการเกษตร ห่างจากทางหลวง 500 ม. ห่างจากทางหลวงสายฝาง - แม่สรวย ประมาณ 500 ม. และห่างจาก อบต.แม่คะ 1 กม.

บริษัทขอสงวนสิทธิ์ในการเปลี่ยนแปลงรายละเอียดทรัพย์สิน ราคาตั้งขาย รวมถึงเงื่อนไขอื่นใด หรือยกเลิกการ ขายทรัพย์สินได้โดยไม่ต้องแจ้งให้ผู้สนใจเสนอซื้อทราบล่วงหน้า

https://www.google.com/maps/search/?api=1&query=19.8296463,99.21962876"
https://baan.kaidee.com/product-370491403,"ราคา: 263,000
เนื้อที่: 147 ตารางวา | เนื้อที่ 147 ตารางวา | เป็นทรัพย์รอการขาย ใช่
💖 ที่ดิน ดอยหล่อ ราคาพิเศษ! 💖
รหัสทรัพย์ ： DHCHMVL0130001

สอบถามข้อมูลเพิ่มเติม นัดดูทรัพย์ >> 😊ทิ้งชื่อ เบอร์ติดต่อ ในแชท ให้เจ้าหน้าที่ขายติดต่อกลับได้เลยค่ะ😊 (บริษัทเปิดให้บริการติดต่อ วันจันทร์-ศุกร์ เวลา 9.00-17.00 ยกเว้นวันหยุดนักขัตฤกษ์)

ที่ดินเปล่า ที่ดินแปลงย่อย 2 แปลงอยู่ติดกัน ต.สันติสุข

บริษัทขอสงวนสิทธิ์ในการเปลี่ยนแปลงรายละเอียดทรัพย์สิน ราคาตั้งขาย รวมถึงเงื่อนไขอื่นใด หรือยกเลิกการ ขายทรัพย์สินได้โดยไม่ต้องแจ้งให้ผู้สนใจเสนอซื้อทราบล่วงหน้า

https://www.google.com/maps/search/?api=1&query=18.5281547,98.8390228"
https://baan.kaidee.com/product-370491441,"ราคา: 7,167,000
เนื้อที่: 7143.9 ตารางวา | เนื้อที่ 7143.9 ตารางวา | เป็นทรัพย์รอการขาย ใช่
💖 ที่ดิน แม่แตง ราคาพิเศษ! 💖
รหัสทรัพย์ ： DLCHMVL0103001

สอบถามข้อมูลเพิ่มเติม นัดดูทรัพย์ >> 😊ทิ้งชื่อ เบอร์ติดต่อ ในแชท ให้เจ้าหน้าที่ขายติดต่อกลับได้เลยค่ะ😊 (บริษัทเปิดให้บริการติดต่อ วันจันทร์-ศุกร์ เวลา 9.00-17.00 ยกเว้นวันหยุดนักขัตฤกษ์)

ที่ดินเปล่า ที่ดินเปล่า ติดถนนลาดยาง ภายในมีบ่อน้ำ ไฟฟ้าเข้าถึง ใกล้ตลาดสดแม่มาลัย ห่างจากทางหลวงสายเชียงใหม่ - ฝาง 3 กม. ต.สันมหาพน

บริษัทขอสงวนสิทธิ์ในการเปลี่ยนแปลงรายละเอียดทรัพย์สิน ราคาตั้งขาย รวมถึงเงื่อนไขอื่นใด หรือยกเลิกการ ขายทรัพย์สินได้โดยไม่ต้องแจ้งให้ผู้สนใจเสนอซื้อทราบล่วงหน้า

https://www.google.com/maps/search/?api=1&query=19.10222469,98.91783706"
https://baan.kaidee.com/product-370491660,"ราคา: 1,329,000
เนื้อที่: 1054 ตารางวา | เนื้อที่ 1054 ตารางวา | เป็นทรัพย์รอการขาย ใช่
💖 ที่ดิน สันกำแพง ราคาพิเศษ! 💖
รหัสทรัพย์ ： HCHMVL0112001

สอบถามข้อมูลเพิ่มเติม นัดดูทรัพย์ >> 😊ทิ้งชื่อ เบอร์ติดต่อ ในแชท ให้เจ้าหน้าที่ขายติดต่อกลับได้เลยค่ะ😊 (บริษัทเปิดให้บริการติดต่อ วันจันทร์-ศุกร์ เวลา 9.00-17.00 ยกเว้นวันหยุดนักขัตฤกษ์)

ที่ดินเปล่า ที่ดินเปล่า ขนาดที่ดินประมาณ 28x124 ม. มีลักษณะเป็นรูปสี่เหลี่ยมด้านไม่เท่า ทรัพย์อยู่ห่างจากถนนเชียงใหม่-บ้านสหกรณ์ระหว่าง กมที่ 12-13 ประมาณ500 เมตร อยู่ด้านหลังโครงการเอกบุรี ไม่ติดทางสาธารณะ ไฟฟ้าไม่ถึง ต.บวกค้าง

บริษัทขอสงวนสิทธิ์ในการเปลี่ยนแปลงรายละเอียดทรัพย์สิน ราคาตั้งขาย รวมถึงเงื่อนไขอื่นใด หรือยกเลิกการ ขายทรัพย์สินได้โดยไม่ต้องแจ้งให้ผู้สนใจเสนอซื้อทราบล่วงหน้า

https://www.google.com/maps/search/?api=1&query=18.70724,99.13448"
https://baan.kaidee.com/product-370491661,"ราคา: 259,000
เนื้อที่: 123 ตารางวา | เนื้อที่ 123 ตารางวา | เป็นทรัพย์รอการขาย ใช่
💖 ที่ดิน ดอยหล่อ ราคาพิเศษ! 💖
รหัสทรัพย์ ： HCHMVL0136001

สอบถามข้อมูลเพิ่มเติม นัดดูทรัพย์ >> 😊ทิ้งชื่อ เบอร์ติดต่อ ในแชท ให้เจ้าหน้าที่ขายติดต่อกลับได้เลยค่ะ😊 (บริษัทเปิดให้บริการติดต่อ วันจันทร์-ศุกร์ เวลา 9.00-17.00 ยกเว้นวันหยุดนักขัตฤกษ์)

ที่ดินเปล่า โครงการบ้านสันติสุข ทรัพย์เป็นที่ดินเปล่า ตั้งอยู่ในโครงการบ้านสันติสุข สภาพยังไม่ถม ต่ำกว่าถนนประมาณ 0.3 ม. ขนาดที่ดินประมาณ 28x17 ม. เป็นรูปสี่เหลี่ยมผืนผ้า ไม่มีไฟฟ้า/ประปาเข้าถึง ติดถนนลูกรัง(ถนนส่วนบุคคล) ถนนกว้าง 4 ม. ทรัพย์อยู่ห่างจากถนนสายเชียงใหม่-ฮอด ช่วง กม.37-38 ประมาณ 900 ม. สถานที่ใกล้เคียง เช่น โรงเรียนบ้านสามหลัง เป็นต้น โครงการบ้านสันติสุข ถนนสายเชียงใหม่-ฮอด ช่วง กม.37-38 ตำบลสันติสุข

บริษัทขอสงวนสิทธิ์ในการเปลี่ยนแปลงรายละเอียดทรัพย์สิน ราคาตั้งขาย รวมถึงเงื่อนไขอื่นใด หรือยกเลิกการ ขายทรัพย์สินได้โดยไม่ต้องแจ้งให้ผู้สนใจเสนอซื้อทราบล่วงหน้า

https://www.google.com/maps/search/?api=1&query=18.519818,98.839772"
https://baan.kaidee.com/product-370491662,"ราคา: 259,000
เนื้อที่: 123 ตารางวา | เนื้อที่ 123 ตารางวา | เป็นทรัพย์รอการขาย ใช่
💖 ที่ดิน ดอยหล่อ ราคาพิเศษ! 💖
รหัสทรัพย์ ： HCHMVL0137001

สอบถามข้อมูลเพิ่มเติม นัดดูทรัพย์ >> 😊ทิ้งชื่อ เบอร์ติดต่อ ในแชท ให้เจ้าหน้าที่ขายติดต่อกลับได้เลยค่ะ😊 (บริษัทเปิดให้บริการติดต่อ วันจันทร์-ศุกร์ เวลา 9.00-17.00 ยกเว้นวันหยุดนักขัตฤกษ์)

ที่ดินเปล่า โครงการบ้านสันติสุข ทรัพย์เป็นที่ดินเปล่า ตั้งอยู่ในโครงการบ้านสันติสุข สภาพยังไม่ถม ต่ำกว่าถนนประมาณ 0.3 ม. ขนาดที่ดินประมาณ 28x17 ม. เป็นรูปสี่เหลี่ยมผืนผ้า ไม่มีไฟฟ้า/ประปาเข้าถึง ติดถนนลูกรัง(ถนนส่วนบุคคล) ถนนกว้าง 4 ม. ด้านทิศตะวันตกติดลำเหมืองสาธารณประโยชน์ ทรัพย์อยู่ห่างจากถนนสายเชียงใหม่-ฮอด ช่วง กม.37-38 ประมาณ 950 ม. สถานที่ใกล้เคียง เช่น โรงเรียนบ้านสามหลัง เป็นต้น โครงการบ้านสันติสุข ถนนสายเชียงใหม่-ฮอด ช่วง กม.37-38 ตำบลสันติสุข

บริษัทขอสงวนสิทธิ์ในการเปลี่ยนแปลงรายละเอียดทรัพย์สิน ราคาตั้งขาย รวมถึงเงื่อนไขอื่นใด หรือยกเลิกการ ขายทรัพย์สินได้โดยไม่ต้องแจ้งให้ผู้สนใจเสนอซื้อทราบล่วงหน้า

https://www.google.com/maps/search/?api=1&query=18.520105,98.838571"
https://baan.kaidee.com/product-370491742,"ราคา: 640,000
เนื้อที่: 442 ตารางวา | เนื้อที่ 442 ตารางวา | เป็นทรัพย์รอการขาย ใช่
💖 ที่ดิน แม่แตง ราคาพิเศษ! 💖
รหัสทรัพย์ ： ICHMVL0101001

สอบถามข้อมูลเพิ่มเติม นัดดูทรัพย์ >> 😊ทิ้งชื่อ เบอร์ติดต่อ ในแชท ให้เจ้าหน้าที่ขายติดต่อกลับได้เลยค่ะ😊 (บริษัทเปิดให้บริการติดต่อ วันจันทร์-ศุกร์ เวลา 9.00-17.00 ยกเว้นวันหยุดนักขัตฤกษ์)

ที่ดินเปล่า ที่ดินเปล่า 1 แปลง ที่ดินปรับถมสูงระดับถนน เหมาะทำเป็นที่อยู่อาศัยหรือบ้านพักตากอากาศ อยู่ในโครงการจัดสรร รอยัลปิง ถนนเชียงใหม่ - ฝาง กม.ที่ 52 โครงการจัดสรร รอยัลปิง ตำบล บ้านเป้า

บริษัทขอสงวนสิทธิ์ในการเปลี่ยนแปลงรายละเอียดทรัพย์สิน ราคาตั้งขาย รวมถึงเงื่อนไขอื่นใด หรือยกเลิกการ ขายทรัพย์สินได้โดยไม่ต้องแจ้งให้ผู้สนใจเสนอซื้อทราบล่วงหน้า

https://www.google.com/maps/search/?api=1&query=19.212527,98.972861"
https://baan.kaidee.com/product-370491833,"ราคา: 3,708,000
เนื้อที่: 1301 ตารางวา | เนื้อที่ 1301 ตารางวา | เป็นทรัพย์รอการขาย ใช่
💖 ที่ดิน แม่ริม ราคาพิเศษ! 💖
รหัสทรัพย์ ： UCHMVL0012000

สอบถามข้อมูลเพิ่มเติม นัดดูทรัพย์ >> 😊ทิ้งชื่อ เบอร์ติดต่อ ในแชท ให้เจ้าหน้าที่ขายติดต่อกลับได้เลยค่ะ😊 (บริษัทเปิดให้บริการติดต่อ วันจันทร์-ศุกร์ เวลา 9.00-17.00 ยกเว้นวันหยุดนักขัตฤกษ์)

ที่ดินเปล่า ที่ดินเปล่า ติดถนนคอนกรีต ไฟฟ้าเข้าถึง ใกล้แม่ริมลอดจ์รีสอร์ท เข้าซอยเทศบาลตำบลสันโป่ง แยกจากถนนเชียงใหม่-ฝาง ประมาณ 4 ก.ม. ใกล้แม่ริมลอดจ์รีสอร์ท

บริษัทขอสงวนสิทธิ์ในการเปลี่ยนแปลงรายละเอียดทรัพย์สิน ราคาตั้งขาย รวมถึงเงื่อนไขอื่นใด หรือยกเลิกการ ขายทรัพย์สินได้โดยไม่ต้องแจ้งให้ผู้สนใจเสนอซื้อทราบล่วงหน้า

https://www.google.com/maps/search/?api=1&query=18.939783,98.970184"
https://baan.kaidee.com/product-370492335,"ราคา: 1,163,000
เนื้อที่: 680 ตารางวา | เนื้อที่ 680 ตารางวา | ห้องนอน 2 ห้องนอน | ห้องน้ำ 1 ห้องน้ำ | เป็นทรัพย์รอการขาย ใช่
💖 บ้าน แม่แตง ราคาพิเศษ! 💖
รหัสทรัพย์ ： 22CHMSH0005001

สอบถามข้อมูลเพิ่มเติม นัดดูทรัพย์ >> 😊ทิ้งชื่อ เบอร์ติดต่อ ในแชท ให้เจ้าหน้าที่ขายติดต่อกลับได้เลยค่ะ😊 (บริษัทเปิดให้บริการติดต่อ วันจันทร์-ศุกร์ เวลา 9.00-17.00 ยกเว้นวันหยุดนักขัตฤกษ์)

ริมปิงอิงดอย บ้านครึ่งตึกครึ่งไม้ชั้นเดียว สภาพเก่าทรุดโทรม 1 ห้องโถงใหญ่ 2 ห้องนอน 1 ห้องน้ำ เข้าถนนบ้านม่วงคำซอย 3 เข้าไป 100 ม. ห่างจาก ธกส. สาขาเมืองแกนพัฒนา และตลาดสดเมืองแกน 2 กม.

บริษัทขอสงวนสิทธิ์ในการเปลี่ยนแปลงรายละเอียดทรัพย์สิน ราคาตั้งขาย รวมถึงเงื่อนไขอื่นใด หรือยกเลิกการ ขายทรัพย์สินได้โดยไม่ต้องแจ้งให้ผู้สนใจเสนอซื้อทราบล่วงหน้า

https://www.google.com/maps/search/?api=1&query=19.159978,99.00987"
https://baan.kaidee.com/product-370492429,"ราคา: 3,438,000
เนื้อที่: 232 ตารางวา | เนื้อที่ 232 ตารางวา | ห้องนอน 1 ห้องนอน | ห้องน้ำ 1 ห้องน้ำ | เป็นทรัพย์รอการขาย ใช่
💖 บ้าน สันกำแพง ราคาพิเศษ! 💖
รหัสทรัพย์ ： DACHMSH0113001

สอบถามข้อมูลเพิ่มเติม นัดดูทรัพย์ >> 😊ทิ้งชื่อ เบอร์ติดต่อ ในแชท ให้เจ้าหน้าที่ขายติดต่อกลับได้เลยค่ะ😊 (บริษัทเปิดให้บริการติดต่อ วันจันทร์-ศุกร์ เวลา 9.00-17.00 ยกเว้นวันหยุดนักขัตฤกษ์)

ที่ดินพร้อมสิ่งปลูกสร้าง 3 รายการ โครงการบ้านสวนสน ที่ดินจำนวน 2 แปลงติดกันพร้อมสิ่งปลูกสร้าง 3 รายการ ทรัพย์ถมแล้ว เสมอถนน ขนาดที่ดินประมาณ 42x22 ม. ลักษณะที่ดินเป็นรูปสี่เหลี่ยมผืนผ้า สิ่งปลูกสร้าง จำนวน 3 รายการ ได้แก่ 1.บ้านตึกพักอาศัยชั้นเดียว ขนาดประมาณ 17x15 ม., 158 ตรม., 2.อาคารโรงงานชั้นเดียว ขนาดประมาณ 14x20 ม., 280 ตรม., 3.อาคารโชว์รูมชั้นเดียว ขนาดประมาณ 6x19 ม., 114 ตรม. บ้านเลขที่ 48 โครงการบ้านสวนสน ถนนสายเชียงใหม่-บ้านสหกรณ์ (ช่วง กม.18-19) ทรัพย์อยู่ห่างจากถนนสายเชียงใหม่-บ้านสหกรณ์ประมาณ 350 ม. และอยู่ห่างจากตัวอำเภอสันกำแพงประมาณ 7.6 กม.

บริษัทขอสงวนสิทธิ์ในการเปลี่ยนแปลงรายละเอียดทรัพย์สิน ราคาตั้งขาย รวมถึงเงื่อนไขอื่นใด หรือยกเลิกการ ขายทรัพย์สินได้โดยไม่ต้องแจ้งให้ผู้สนใจเสนอซื้อทราบล่วงหน้า

https://www.google.com/maps/search/?api=1&query=18.725854,99.180484"
https://baan.kaidee.com/product-370492430,"ราคา: 5,200,000
เนื้อที่: 599 ตารางวา | เนื้อที่ 599 ตารางวา | ห้องนอน 1 ห้องนอน | ห้องน้ำ 1 ห้องน้ำ | เป็นทรัพย์รอการขาย ใช่
💖 บ้าน หางดง ราคาพิเศษ! 💖
รหัสทรัพย์ ： DACHMSH0116001

สอบถามข้อมูลเพิ่มเติม นัดดูทรัพย์ >> 😊ทิ้งชื่อ เบอร์ติดต่อ ในแชท ให้เจ้าหน้าที่ขายติดต่อกลับได้เลยค่ะ😊 (บริษัทเปิดให้บริการติดต่อ วันจันทร์-ศุกร์ เวลา 9.00-17.00 ยกเว้นวันหยุดนักขัตฤกษ์)

บ้านเดี่ยว หมู่บ้านรัตนภิรมย์วิลล์ บ้านตึกเดี่ยว 2 ชั้น ในโครงการหมู่บ้านรัตนภิรมย์วิลล์ เลขที่ 69 หมู่ 3 หมู่บ้านรัตนภิรมย์วิลล์

บริษัทขอสงวนสิทธิ์ในการเปลี่ยนแปลงรายละเอียดทรัพย์สิน ราคาตั้งขาย รวมถึงเงื่อนไขอื่นใด หรือยกเลิกการ ขายทรัพย์สินได้โดยไม่ต้องแจ้งให้ผู้สนใจเสนอซื้อทราบล่วงหน้า

https://www.google.com/maps/search/?api=1&query=18.684076,98.945236"
https://baan.kaidee.com/product-370492431,"ราคา: 4,163,000
เนื้อที่: 317 ตารางวา | เนื้อที่ 317 ตารางวา | ห้องนอน 4 ห้องนอน | ห้องน้ำ 4 ห้องน้ำ | เป็นทรัพย์รอการขาย ใช่
💖 บ้าน สันกำแพง ราคาพิเศษ! 💖
รหัสทรัพย์ ： DACHMSH0122001

สอบถามข้อมูลเพิ่มเติม นัดดูทรัพย์ >> 😊ทิ้งชื่อ เบอร์ติดต่อ ในแชท ให้เจ้าหน้าที่ขายติดต่อกลับได้เลยค่ะ😊 (บริษัทเปิดให้บริการติดต่อ วันจันทร์-ศุกร์ เวลา 9.00-17.00 ยกเว้นวันหยุดนักขัตฤกษ์)

บ้านเดี่ยว ทรัพย์เป็นที่ดินจำนวน 2 แปลงติดกัน เนื้อที่รวม 0-3-17 ไร่ ที่ดินถมแล้ว เสมอถนน ขนาดที่ดินประมาณ 38x30 ม. มีลักษณะเป็นรูปหลายเหลี่ยม สิ่งปลูกสร้าง 2 รายการ
1.บ้านพักอาศัย 2 ชั้น ขนาด 8x24 เมตร พื้นที่ใช้สอยรวม 206 ตร.ม. 4 ห้องนอน 4 ห้องน้ำ 3 ห้องโถง
2.บ้านพักอาศัยชั้นเดียว ขนาด 8x6 เมตร พื้นที่ใช้สอยรวม 48 ตร.ม. 1 ห้องนอน 1 ห้องน้ำ 1 ห้องโถง
อยู่ติดถนนซอยบ้านป่าไผ่กลาง ซอย7 ตั้งอยู่ในหมู่ที่ 7 บ้านแช่ช้าง ห่างจากถนนสันกำแพง-เชียงใหม่ 100 เมตร ตำบลแช่ช้าง

บริษัทขอสงวนสิทธิ์ในการเปลี่ยนแปลงรายละเอียดทรัพย์สิน ราคาตั้งขาย รวมถึงเงื่อนไขอื่นใด หรือยกเลิกการ ขายทรัพย์สินได้โดยไม่ต้องแจ้งให้ผู้สนใจเสนอซื้อทราบล่วงหน้า

https://www.google.com/maps/search/?api=1&query=18.73394,99.12521"
https://baan.kaidee.com/product-370492434,"ราคา: 6,930,000
เนื้อที่: 53 ตารางวา | เนื้อที่ 53 ตารางวา | ห้องนอน 1 ห้องนอน | ห้องน้ำ 1 ห้องน้ำ | เป็นทรัพย์รอการขาย ใช่
💖 บ้าน หางดง ราคาพิเศษ! 💖
รหัสทรัพย์ ： DACHMSH0137001

สอบถามข้อมูลเพิ่มเติม นัดดูทรัพย์ >> 😊ทิ้งชื่อ เบอร์ติดต่อ ในแชท ให้เจ้าหน้าที่ขายติดต่อกลับได้เลยค่ะ😊 (บริษัทเปิดให้บริการติดต่อ วันจันทร์-ศุกร์ เวลา 9.00-17.00 ยกเว้นวันหยุดนักขัตฤกษ์)

บ้านแฝด 2 หลัง (ทะลุถึงกัน) เป็นบ้านแฝด 2 ชั้น 2 หลัง ติดกันติดถนนสาธารณะภายในโครงการ พท.ใช้สอยภายใน 258 ตรม. สภาพปานกลาง ตั้งอยู่ห่างจากถนนวงแวนรอบนอก 30 เมตร โครงการเดอะพิเพิ้ล เฟส 3 เลขที่ 276/1

บริษัทขอสงวนสิทธิ์ในการเปลี่ยนแปลงรายละเอียดทรัพย์สิน ราคาตั้งขาย รวมถึงเงื่อนไขอื่นใด หรือยกเลิกการ ขายทรัพย์สินได้โดยไม่ต้องแจ้งให้ผู้สนใจเสนอซื้อทราบล่วงหน้า

https://www.google.com/maps/search/?api=1&query=18.72094,98.96322"
https://baan.kaidee.com/product-370492435,"ราคา: 6,457,000
เนื้อที่: 2123 ตารางวา | เนื้อที่ 2123 ตารางวา | ห้องนอน 1 ห้องนอน | ห้องน้ำ 1 ห้องน้ำ | เป็นทรัพย์รอการขาย ใช่
💖 บ้าน ฮอด ราคาพิเศษ! 💖
รหัสทรัพย์ ： DACHMSH0144001

สอบถามข้อมูลเพิ่มเติม นัดดูทรัพย์ >> 😊ทิ้งชื่อ เบอร์ติดต่อ ในแชท ให้เจ้าหน้าที่ขายติดต่อกลับได้เลยค่ะ😊 (บริษัทเปิดให้บริการติดต่อ วันจันทร์-ศุกร์ เวลา 9.00-17.00 ยกเว้นวันหยุดนักขัตฤกษ์)

ที่ดินพร้อมสิ่งปลูกสร้าง 5 รายการ ที่ดินพร้อมสิ่งปลูกสร้าง 5 รายการ ประกอบด้วย 1. บ้านตึกชั้นเดียว โครงสร้างคอนกรีตเสริมเหล็ก ขนาดพท.200 ตรม./ 2.บ้านตึกชั้นเดียว โครงสร้างคอนกรีตเสริมเหล็ก ขนาดพท.300 ตรม. / 3.โรงจอดรถ โครงสร้างเหล็ก ขนาดพท. 77 ตรม./ 4.บ้านไม้ 2 ชั้น พท.96 ตรม. / 5.โรงจอดรถโครงสร้างเหล็ก พท.160 ด้านหน้าติดถนนสาธารณะ ทางหลวงชนบทสาย4011 231 หมู่ 5 ถนนทางหลวงชนบทสายเชียงใหม่ 4011 -บ้านแพะดินแดง ตำบลฮอด อำเภอฮอด จังหวัดเชียงใหม่

บริษัทขอสงวนสิทธิ์ในการเปลี่ยนแปลงรายละเอียดทรัพย์สิน ราคาตั้งขาย รวมถึงเงื่อนไขอื่นใด หรือยกเลิกการ ขายทรัพย์สินได้โดยไม่ต้องแจ้งให้ผู้สนใจเสนอซื้อทราบล่วงหน้า

https://www.google.com/maps/search/?api=1&query=18.09178,98.59808"
https://baan.kaidee.com/product-370492606,"ราคา: 4,200,000
เนื้อที่: 63 ตารางวา | เนื้อที่ 63 ตารางวา | ห้องนอน 1 ห้องนอน | ห้องน้ำ 1 ห้องน้ำ | เป็นทรัพย์รอการขาย ใช่
💖 บ้าน สันกำแพง ราคาพิเศษ! 💖
รหัสทรัพย์ ： DDCHMSH0104001

สอบถามข้อมูลเพิ่มเติม นัดดูทรัพย์ >> 😊ทิ้งชื่อ เบอร์ติดต่อ ในแชท ให้เจ้าหน้าที่ขายติดต่อกลับได้เลยค่ะ😊 (บริษัทเปิดให้บริการติดต่อ วันจันทร์-ศุกร์ เวลา 9.00-17.00 ยกเว้นวันหยุดนักขัตฤกษ์)

เฮ้าส์แอนด์วิว 1 : ปรับปรุงใหม่ บ้านตึก 2 ชั้น มี 3 ห้องนอน 4 ห้องน้ำ พื้นที่ใช้สอย 165 ตรม. ปรับปรุงแล้ว อยู่ในโครงการเฮ้าส์แอนด์วิว อยู่ติดถนนสายวงแหวนรอบนอก ห่างจากแยกหลุยส์ ประมาณ 600 เมตร พร้อม รปภ. ตรวจตราการเขาออก 24 ชม. จากถนนเชียงใหม่-สันกำแพง(ทล.1006) ถึงบริเวณ กม.7+200เมตร เลี้ยวขวาไปประมาณ 600เมตรจะถึงโครงการเฮ้าส์แอนด์วิว เลี้ยวซ้ายเข้าโครงการและเลี้ยวขวาเข้าซอย 4จนสุดซอย จะพบทรัพย์สินตั้งอยู่ทางด้านซ้ายมือ

บริษัทขอสงวนสิทธิ์ในการเปลี่ยนแปลงรายละเอียดทรัพย์สิน ราคาตั้งขาย รวมถึงเงื่อนไขอื่นใด หรือยกเลิกการ ขายทรัพย์สินได้โดยไม่ต้องแจ้งให้ผู้สนใจเสนอซื้อทราบล่วงหน้า

https://www.google.com/maps/search/?api=1&query=18.764335,99.066678"
https://baan.kaidee.com/product-370492608,"ราคา: 2,100,000
เนื้อที่: 71 ตารางวา | เนื้อที่ 71 ตารางวา | ห้องนอน 2 ห้องนอน | ห้องน้ำ 2 ห้องน้ำ | เป็นทรัพย์รอการขาย ใช่
💖 บ้าน หางดง ราคาพิเศษ! 💖
รหัสทรัพย์ ： DDCHMSH0126001

สอบถามข้อมูลเพิ่มเติม นัดดูทรัพย์ >> 😊ทิ้งชื่อ เบอร์ติดต่อ ในแชท ให้เจ้าหน้าที่ขายติดต่อกลับได้เลยค่ะ😊 (บริษัทเปิดให้บริการติดต่อ วันจันทร์-ศุกร์ เวลา 9.00-17.00 ยกเว้นวันหยุดนักขัตฤกษ์)

บ้านเดี่ยวพร้อมเข้าอยู่ หมู่บ้านเชียงใหม่วิวดอย บ้านเดี่ยวชั้นเดียว 2 ห้องนอน 2 ห้องน้ำ 1 ห้องครัว 1 ห้องรับแขก พร้อมที่จอดรถ รีโนเวทแล้วพร้อมเข้าอยู่ ในหมู่บ้านเชียงใหม่วิวดอย ต.หนองควาย

บริษัทขอสงวนสิทธิ์ในการเปลี่ยนแปลงรายละเอียดทรัพย์สิน ราคาตั้งขาย รวมถึงเงื่อนไขอื่นใด หรือยกเลิกการ ขายทรัพย์สินได้โดยไม่ต้องแจ้งให้ผู้สนใจเสนอซื้อทราบล่วงหน้า

https://www.google.com/maps/search/?api=1&query=18.7131333953105,98.9313794748688"
https://baan.kaidee.com/product-370492609,"ราคา: 2,062,000
เนื้อที่: 88 ตารางวา | เนื้อที่ 88 ตารางวา | ห้องนอน 3 ห้องนอน | ห้องน้ำ 3 ห้องน้ำ | เป็นทรัพย์รอการขาย ใช่
💖 บ้าน แม่ออน ราคาพิเศษ! 💖
รหัสทรัพย์ ： DDCHMSH0131001

สอบถามข้อมูลเพิ่มเติม นัดดูทรัพย์ >> 😊ทิ้งชื่อ เบอร์ติดต่อ ในแชท ให้เจ้าหน้าที่ขายติดต่อกลับได้เลยค่ะ😊 (บริษัทเปิดให้บริการติดต่อ วันจันทร์-ศุกร์ เวลา 9.00-17.00 ยกเว้นวันหยุดนักขัตฤกษ์)

บ้านเดี่ยวออนกลาง บ้านเดี่ยว 2 ชั้น ขนาดประมาณ 9x11 เมตร ประกอบด้วย 3 ห้องนอน 3 ห้องน้ำ 1 ห้องครัว 1 ห้องโถง พื้นที่ใช้สอยรวม 150 ตารางเมตร ทรัพย์อยู่ห่างจากถนนสายสันกำแพง-ออนหลวยประมาณ 50 ม. และอยู่ห่างจากตัวอำเภอแม่ออนประมาณ 2.8 กม.

บริษัทขอสงวนสิทธิ์ในการเปลี่ยนแปลงรายละเอียดทรัพย์สิน ราคาตั้งขาย รวมถึงเงื่อนไขอื่นใด หรือยกเลิกการ ขายทรัพย์สินได้โดยไม่ต้องแจ้งให้ผู้สนใจเสนอซื้อทราบล่วงหน้า

https://www.google.com/maps/search/?api=1&query=18.75924,99.24573"
https://baan.kaidee.com/product-370492610,"ราคา: 4,198,000
เนื้อที่: 197 ตารางวา | เนื้อที่ 197 ตารางวา | ห้องนอน 1 ห้องนอน | ห้องน้ำ 1 ห้องน้ำ | เป็นทรัพย์รอการขาย ใช่
💖 บ้าน สันทราย ราคาพิเศษ! 💖
รหัสทรัพย์ ： DDCHMSH0132001

สอบถามข้อมูลเพิ่มเติม นัดดูทรัพย์ >> 😊ทิ้งชื่อ เบอร์ติดต่อ ในแชท ให้เจ้าหน้าที่ขายติดต่อกลับได้เลยค่ะ😊 (บริษัทเปิดให้บริการติดต่อ วันจันทร์-ศุกร์ เวลา 9.00-17.00 ยกเว้นวันหยุดนักขัตฤกษ์)

บ้านเดี่ยว 2 ชั้น ที่ดินพร้อมสิ่งปลูกสร้างรวม 3 รายการ 1.บ้านพักอาศัยตึก 2 ชั้น ขนาด 10x23.30เมตร พื้นที่ใช้สอย 300 ตร.ม. , 2.บ้านพักอาศัยตึกชั้นเดียว ขนาด 4x10เมตร พื้นที่ใช้สอย 40 ตร.ม. , 3.โรงจอดรถ ขนาด 6x10เมตร พื้นที่ใช้สอย 60 ตร.ม. ตั้งอยู่ในโครงการจัดสรร หมู่บ้านการ์เดนซิตี้วิลล์ ตำบลสันป่าเปา

บริษัทขอสงวนสิทธิ์ในการเปลี่ยนแปลงรายละเอียดทรัพย์สิน ราคาตั้งขาย รวมถึงเงื่อนไขอื่นใด หรือยกเลิกการ ขายทรัพย์สินได้โดยไม่ต้องแจ้งให้ผู้สนใจเสนอซื้อทราบล่วงหน้า

https://www.google.com/maps/search/?api=1&query=18.858866,99.090947"
https://baan.kaidee.com/product-370492613,"ราคา: 2,533,000
เนื้อที่: 53 ตารางวา | เนื้อที่ 53 ตารางวา | ห้องนอน 3 ห้องนอน | ห้องน้ำ 1 ห้องน้ำ | เป็นทรัพย์รอการขาย ใช่
💖 บ้าน หางดง ราคาพิเศษ! 💖
รหัสทรัพย์ ： DDCHMSH0147001

สอบถามข้อมูลเพิ่มเติม นัดดูทรัพย์ >> 😊ทิ้งชื่อ เบอร์ติดต่อ ในแชท ให้เจ้าหน้าที่ขายติดต่อกลับได้เลยค่ะ😊 (บริษัทเปิดให้บริการติดต่อ วันจันทร์-ศุกร์ เวลา 9.00-17.00 ยกเว้นวันหยุดนักขัตฤกษ์)

หมู่บ้านขวัญเวียง : ปรับปรุงใหม่ บ้านตึก 2 ชั้น 1 หลัง ชั้นล่างมี 1 ห้องครัว 1 ห้องน้ำ ชั้นบน มี 3 ห้องนอน 1 ห้องน้ำ ทรัพย์ตั้งอยู่ในหมู่บ้านขวัญเวียง 1

บริษัทขอสงวนสิทธิ์ในการเปลี่ยนแปลงรายละเอียดทรัพย์สิน ราคาตั้งขาย รวมถึงเงื่อนไขอื่นใด หรือยกเลิกการ ขายทรัพย์สินได้โดยไม่ต้องแจ้งให้ผู้สนใจเสนอซื้อทราบล่วงหน้า

https://www.google.com/maps/search/?api=1&query=18.71785,98.96447"
https://baan.kaidee.com/product-370492614,"ราคา: 3,400,000
เนื้อที่: 91 ตารางวา | เนื้อที่ 91 ตารางวา | ห้องนอน 1 ห้องนอน | ห้องน้ำ 1 ห้องน้ำ | เป็นทรัพย์รอการขาย ใช่
💖 บ้าน สันทราย ราคาพิเศษ! 💖
รหัสทรัพย์ ： DDCHMSH0162001

สอบถามข้อมูลเพิ่มเติม นัดดูทรัพย์ >> 😊ทิ้งชื่อ เบอร์ติดต่อ ในแชท ให้เจ้าหน้าที่ขายติดต่อกลับได้เลยค่ะ😊 (บริษัทเปิดให้บริการติดต่อ วันจันทร์-ศุกร์ เวลา 9.00-17.00 ยกเว้นวันหยุดนักขัตฤกษ์)

นนนิภา เฟส 3 บ้านเดี้ยว 2 ชั้น, 3 ห้องนอน, 1 ห้องน้ำ, 1 ห้องครัว, 1 ห้องนั่งเล่น, 1 ที่จอดรถ พื้นที่ ส่วนกลาง อาทิ ฟิตเนส พร้อมระบบรักษาความปลอดภัย รปภ. 24 ชม., คีย์การ์ดเข้า-ออก โครงการ เลขที่ 180/25 หมู่บ้านนนนิภา เฟส 3 ซอย 9 ถนนทุ่งหมื่นน้อย แยกจากถนนเชียงใหม่-พร้าว(ทล.1001)เข้าไป 1,060 ม.

บริษัทขอสงวนสิทธิ์ในการเปลี่ยนแปลงรายละเอียดทรัพย์สิน ราคาตั้งขาย รวมถึงเงื่อนไขอื่นใด หรือยกเลิกการ ขายทรัพย์สินได้โดยไม่ต้องแจ้งให้ผู้สนใจเสนอซื้อทราบล่วงหน้า

https://www.google.com/maps/search/?api=1&query=18.89000128,98.99771904"
https://baan.kaidee.com/product-370492615,"ราคา: 6,149,000
เนื้อที่: 727 ตารางวา | เนื้อที่ 727 ตารางวา | ห้องนอน 1 ห้องนอน | ห้องน้ำ 1 ห้องน้ำ | เป็นทรัพย์รอการขาย ใช่
💖 บ้าน สันป่าตอง ราคาพิเศษ! 💖
รหัสทรัพย์ ： DDCHMSH0166001

สอบถามข้อมูลเพิ่มเติม นัดดูทรัพย์ >> 😊ทิ้งชื่อ เบอร์ติดต่อ ในแชท ให้เจ้าหน้าที่ขายติดต่อกลับได้เลยค่ะ😊 (บริษัทเปิดให้บริการติดต่อ วันจันทร์-ศุกร์ เวลา 9.00-17.00 ยกเว้นวันหยุดนักขัตฤกษ์)

บ้านตึก 2 ชั้นพร้อมบ้านพักคนงาน ที่ดิน 4 แปลงติดกันเป็นที่ดิน โฉนด 2 แปลง และ นส.3.ก. 2 แปลง พร้อมสิ่งปลูกสร้าง 2 รายการ ได้กชแก่ 1.บ้านตึก 2 ชั้นสภาพเก่า พท.ใช้สอยภายใน 363 ตรม.2.บ้านพักคนงานชั้นเดียว พท.ใช้สอย 67 ตรม. ต.มะขามหลวง

บริษัทขอสงวนสิทธิ์ในการเปลี่ยนแปลงรายละเอียดทรัพย์สิน ราคาตั้งขาย รวมถึงเงื่อนไขอื่นใด หรือยกเลิกการ ขายทรัพย์สินได้โดยไม่ต้องแจ้งให้ผู้สนใจเสนอซื้อทราบล่วงหน้า

https://www.google.com/maps/search/?api=1&query=18.42291,98.67555"
https://baan.kaidee.com/product-370492617,"ราคา: 2,000,000
เนื้อที่: 69.9 ตารางวา | เนื้อที่ 69.9 ตารางวา | ห้องนอน 2 ห้องนอน | ห้องน้ำ 2 ห้องน้ำ | เป็นทรัพย์รอการขาย ใช่
💖 บ้าน สารภี ราคาพิเศษ! 💖
รหัสทรัพย์ ： DDCHMSH0171001

สอบถามข้อมูลเพิ่มเติม นัดดูทรัพย์ >> 😊ทิ้งชื่อ เบอร์ติดต่อ ในแชท ให้เจ้าหน้าที่ขายติดต่อกลับได้เลยค่ะ😊 (บริษัทเปิดให้บริการติดต่อ วันจันทร์-ศุกร์ เวลา 9.00-17.00 ยกเว้นวันหยุดนักขัตฤกษ์)

บ้านชั้นเดียวโครงการบ้านเพ็ญมณี 1 ที่ดินพร้อมสิ่งปลูกสร้างบ้านตึกชั้นเดียว เลขที่ 99/55 ตั้งอยู่ในโครงการบ้านเพ็ญมณี 1 ต.หนองผึ้ง อ.สารภี จ.เชียงใหม่ พื้นที่ใช้สอยภายใน 85 ตรม.แบ่งเป็น 2 ห้องนอน 2 ห้องน้ำ 1 ครัว โครงการเพ็ญมณี 1 ต.หนองผึ้ง อ.สารภี จ.เชียงใหม่

บริษัทขอสงวนสิทธิ์ในการเปลี่ยนแปลงรายละเอียดทรัพย์สิน ราคาตั้งขาย รวมถึงเงื่อนไขอื่นใด หรือยกเลิกการ ขายทรัพย์สินได้โดยไม่ต้องแจ้งให้ผู้สนใจเสนอซื้อทราบล่วงหน้า

https://www.google.com/maps/search/?api=1&query=18.736738,99.005585"
https://baan.kaidee.com/product-370492872,"ราคา: 451,000
เนื้อที่: 158.1 ตารางวา | เนื้อที่ 158.1 ตารางวา | ห้องนอน 1 ห้องนอน | ห้องน้ำ 1 ห้องน้ำ | เป็นทรัพย์รอการขาย ใช่
💖 บ้าน แม่อาย ราคาพิเศษ! 💖
รหัสทรัพย์ ： DECHMSH0125001

สอบถามข้อมูลเพิ่มเติม นัดดูทรัพย์ >> 😊ทิ้งชื่อ เบอร์ติดต่อ ในแชท ให้เจ้าหน้าที่ขายติดต่อกลับได้เลยค่ะ😊 (บริษัทเปิดให้บริการติดต่อ วันจันทร์-ศุกร์ เวลา 9.00-17.00 ยกเว้นวันหยุดนักขัตฤกษ์)

บ้านเดี่ยว ที่ดินพร้อมบ้านครึ่งตึกครึ่งไม้ ชั้นเดียว ติดถนนซอยหมู่บ้านหนองเต็ง ท้ายหมู่บ้าน ถนนคอนกรีต ไฟฟ้าเข้าถึง ใกล้วัดรัตนาวาส(หนองเต็ง)

บริษัทขอสงวนสิทธิ์ในการเปลี่ยนแปลงรายละเอียดทรัพย์สิน ราคาตั้งขาย รวมถึงเงื่อนไขอื่นใด หรือยกเลิกการ ขายทรัพย์สินได้โดยไม่ต้องแจ้งให้ผู้สนใจเสนอซื้อทราบล่วงหน้า

https://www.google.com/maps/search/?api=1&query=19.998073,99.275877"
https://baan.kaidee.com/product-370492875,"ราคา: 3,238,000
เนื้อที่: 105 ตารางวา | เนื้อที่ 105 ตารางวา | ห้องนอน 3 ห้องนอน | ห้องน้ำ 2 ห้องน้ำ | เป็นทรัพย์รอการขาย ใช่
💖 บ้าน สันทราย ราคาพิเศษ! 💖
รหัสทรัพย์ ： DECHMSH0131001

สอบถามข้อมูลเพิ่มเติม นัดดูทรัพย์ >> 😊ทิ้งชื่อ เบอร์ติดต่อ ในแชท ให้เจ้าหน้าที่ขายติดต่อกลับได้เลยค่ะ😊 (บริษัทเปิดให้บริการติดต่อ วันจันทร์-ศุกร์ เวลา 9.00-17.00 ยกเว้นวันหยุดนักขัตฤกษ์)

โชควารีโฮม บ้านเดี่ยว 2 ชั้น ประกอบด้วย 3 ห้องนอน 2 ห้องน้ำ 1 ห้องครัว พื้นที่ใช้สอย 170 ตร.ม. เลขที่ 127/94 ติดซอย 18 หมู่บ้านโชควารีโฮม ถนนสายหนองไคร้-ศรีทรายมูล-ฟ้ามุ่ย ตำบลหนองจ๊อม

บริษัทขอสงวนสิทธิ์ในการเปลี่ยนแปลงรายละเอียดทรัพย์สิน ราคาตั้งขาย รวมถึงเงื่อนไขอื่นใด หรือยกเลิกการ ขายทรัพย์สินได้โดยไม่ต้องแจ้งให้ผู้สนใจเสนอซื้อทราบล่วงหน้า

https://www.google.com/maps/search/?api=1&query=18.855015,99.027118"
https://baan.kaidee.com/product-370492876,"ราคา: 1,478,000
เนื้อที่: 74 ตารางวา | เนื้อที่ 74 ตารางวา | ห้องนอน 3 ห้องนอน | ห้องน้ำ 2 ห้องน้ำ | เป็นทรัพย์รอการขาย ใช่
💖 บ้าน สันทราย ราคาพิเศษ! 💖
รหัสทรัพย์ ： DECHMSH0135001

สอบถามข้อมูลเพิ่มเติม นัดดูทรัพย์ >> 😊ทิ้งชื่อ เบอร์ติดต่อ ในแชท ให้เจ้าหน้าที่ขายติดต่อกลับได้เลยค่ะ😊 (บริษัทเปิดให้บริการติดต่อ วันจันทร์-ศุกร์ เวลา 9.00-17.00 ยกเว้นวันหยุดนักขัตฤกษ์)

บ้านเดี่ยวชั้นเดียว หมู่บ้านวรรณชัย บ้านเดี่ยวขั้นเดียว สภาพปรับปรุงแล้ว มี 3 ห้องนอน 2 ห้องน้ำ ตั้งอยู่ในโครงการหมู่บ้านวรรณชัย ขนาดที่ดินประมาณ 23x13 ม. รูปร่างสี่เหลี่ยมผืนผ้า ขนาดสิ่งปลูกสร้างประมาณ 7.5x9.6 ม., 114.85 ตรม. ถนนผ่านหน้าทรัพย์เป็นถนนคอนกรีต(ทางภาระจำยอม) มีไฟฟ้า/ประปาเข้าถึง รถยนต์เข้าถึง ทรัพย์อยู่ห่างจากถนนสายเชียงใหม่-ดอยสะเก็ด(กม.9) ประมาณ 4,700 ม. และอยู่ห่างจากตัวเมืองเชียงใหม่ประมาณ 18 กม. สถานที่ใกล้เคียง เช่น โรงพยาบาลส่งเสริมสุขภาพตำบลบ้านร้องเม็ง, เทศบาลตำบลหนองแหย่ง, วัดบวกเปา เป็นต้น บ้านเลขที่ 59/84 ติดถนนโครงการบ้านวรรณชัย ถนนบ้านทุ่งข้าวตอก-บ้านพยากน้อย(ทล.ชม.3012) แยกจากถนนสายเชียงใหม่-ดอยสะเก็ด(กม.9) ตำบลหนองแหย่ง

บริษัทขอสงวนสิทธิ์ในการเปลี่ยนแปลงรายละเอียดทรัพย์สิน ราคาตั้งขาย รวมถึงเงื่อนไขอื่นใด หรือยกเลิกการ ขายทรัพย์สินได้โดยไม่ต้องแจ้งให้ผู้สนใจเสนอซื้อทราบล่วงหน้า

https://www.google.com/maps/search/?api=1&query=18.886041,99.104295"
https://baan.kaidee.com/product-370492877,"ราคา: 1,575,000
เนื้อที่: 48 ตารางวา | เนื้อที่ 48 ตารางวา | ห้องนอน 3 ห้องนอน | ห้องน้ำ 1 ห้องน้ำ | เป็นทรัพย์รอการขาย ใช่
💖 บ้าน ดอยสะเก็ด ราคาพิเศษ! 💖
รหัสทรัพย์ ： DECHMSH0140001

สอบถามข้อมูลเพิ่มเติม นัดดูทรัพย์ >> 😊ทิ้งชื่อ เบอร์ติดต่อ ในแชท ให้เจ้าหน้าที่ขายติดต่อกลับได้เลยค่ะ😊 (บริษัทเปิดให้บริการติดต่อ วันจันทร์-ศุกร์ เวลา 9.00-17.00 ยกเว้นวันหยุดนักขัตฤกษ์)

บ้านเดี่ยวชั้นเดียว บ้านเดี่ยวชั้นเดียว มี 3 ห้องนอน 1 ห้องน้ำ 1 โถง และที่จอดร ขนาด 7x10.5 ม. พื้นที่ใช้สอย 77 ขนาดที่ดินประมาณ 13x15 ม. รูปร่างสี่เหลี่ยมผืนผ้า ตรม. ถนนผ่านหน้าทรัพย์เป็นถนนคอนกรีต(ทางส่วนบุคคล) บ้านเลขที่ 259/9 ถนนสายน้ำแพร่-ป่าลาน แยกจากถนนสายเชียงใหม่-ดอยสะเก็ด(ช่วง กม.10-11) ตำบลป่าลาน

บริษัทขอสงวนสิทธิ์ในการเปลี่ยนแปลงรายละเอียดทรัพย์สิน ราคาตั้งขาย รวมถึงเงื่อนไขอื่นใด หรือยกเลิกการ ขายทรัพย์สินได้โดยไม่ต้องแจ้งให้ผู้สนใจเสนอซื้อทราบล่วงหน้า

https://www.google.com/maps/search/?api=1&query=18.848139,99.100256"
https://baan.kaidee.com/product-370492878,"ราคา: 1,532,000
เนื้อที่: 326 ตารางวา | เนื้อที่ 326 ตารางวา | ห้องนอน 3 ห้องนอน | ห้องน้ำ 1 ห้องน้ำ | เป็นทรัพย์รอการขาย ใช่
💖 บ้าน สันทราย ราคาพิเศษ! 💖
รหัสทรัพย์ ： DECHMSH0143001

สอบถามข้อมูลเพิ่มเติม นัดดูทรัพย์ >> 😊ทิ้งชื่อ เบอร์ติดต่อ ในแชท ให้เจ้าหน้าที่ขายติดต่อกลับได้เลยค่ะ😊 (บริษัทเปิดให้บริการติดต่อ วันจันทร์-ศุกร์ เวลา 9.00-17.00 ยกเว้นวันหยุดนักขัตฤกษ์)

บ้านเดี่ยวชั่นดียว บ้านเดี่ยวชั้นเดียว ประกอบด้วย 3 ห้องนอน 1 ห้องน้ำ 1 ห้องครัว พื้นที่ใช้สอย 114.50 ตร.ม. ซอยแพะตลาด 1 แยกจากถนนสายเชียงใหม่-พร้าว(ทล.1001) ตำบลแม่แฝกใหม่

บริษัทขอสงวนสิทธิ์ในการเปลี่ยนแปลงรายละเอียดทรัพย์สิน ราคาตั้งขาย รวมถึงเงื่อนไขอื่นใด หรือยกเลิกการ ขายทรัพย์สินได้โดยไม่ต้องแจ้งให้ผู้สนใจเสนอซื้อทราบล่วงหน้า

https://www.google.com/maps/search/?api=1&query=18.996495,98.979593"
https://baan.kaidee.com/product-370492879,"ราคา: 788,000
เนื้อที่: 20 ตารางวา | เนื้อที่ 20 ตารางวา | ห้องนอน 2 ห้องนอน | ห้องน้ำ 1 ห้องน้ำ | เป็นทรัพย์รอการขาย ใช่
💖 บ้าน หางดง ราคาพิเศษ! 💖
รหัสทรัพย์ ： DECHMSH0144001

สอบถามข้อมูลเพิ่มเติม นัดดูทรัพย์ >> 😊ทิ้งชื่อ เบอร์ติดต่อ ในแชท ให้เจ้าหน้าที่ขายติดต่อกลับได้เลยค่ะ😊 (บริษัทเปิดให้บริการติดต่อ วันจันทร์-ศุกร์ เวลา 9.00-17.00 ยกเว้นวันหยุดนักขัตฤกษ์)

ทาวน์เฮ้าส์ชั้นเดียว หารแก้ว : ปรับปรุงใหม่ ทรัพย์เป็นบ้านแฝดชั้นเดียว 1 คูหา มี 2 ห้องนอน 1 ห้องน้ำ 1 ห้องครัว ที่ดินถมแล้ว เสมอถนน ขนาดที่ดินประมาณ 10x16 ม. รูปสี่เหลี่ยมผืนผ้า ขนาดสิ่งปลูกสร้าง 77 ตรม. ทรัพย์มีไฟฟ้า/ประปาเข้าถึง ถนนผ่านหน้าทรัพย์เป็นถนนลาดยาง(ที่ของชลประทาน)มีการคมนาคมสะดวก ทรัพย์อยู่ห่างจากถนนสายเชียงใหม่-ฮอด ประมาณ 450 ม. และอยู่ห่างจากตัวอำเภอหางดงประมาณ 4,400 ม. สถานที่ใกล้เคียง เช่น วัดศรีล้อม, กาดหารแก้ว เป็นต้น บ้านเลขที่ 306/37 ถนนเลียบคลองชลประทาน แยกจากถนนสายเชียงใหม่-ฮอด ตำบลหารแก้ว เนื้อที่ 20 ตร.ว. สิ่งปลูกสร้าง 77 ตร.ม.

บริษัทขอสงวนสิทธิ์ในการเปลี่ยนแปลงรายละเอียดทรัพย์สิน ราคาตั้งขาย รวมถึงเงื่อนไขอื่นใด หรือยกเลิกการ ขายทรัพย์สินได้โดยไม่ต้องแจ้งให้ผู้สนใจเสนอซื้อทราบล่วงหน้า

https://www.google.com/maps/search/?api=1&query=18.6553188,98.901371"
https://baan.kaidee.com/product-370492880,"ราคา: 948,000
เนื้อที่: 147.7 ตารางวา | เนื้อที่ 147.7 ตารางวา | ห้องนอน 1 ห้องนอน | ห้องน้ำ 1 ห้องน้ำ | เป็นทรัพย์รอการขาย ใช่
💖 บ้าน ดอยสะเก็ด ราคาพิเศษ! 💖
รหัสทรัพย์ ： DECHMSH0146001

สอบถามข้อมูลเพิ่มเติม นัดดูทรัพย์ >> 😊ทิ้งชื่อ เบอร์ติดต่อ ในแชท ให้เจ้าหน้าที่ขายติดต่อกลับได้เลยค่ะ😊 (บริษัทเปิดให้บริการติดต่อ วันจันทร์-ศุกร์ เวลา 9.00-17.00 ยกเว้นวันหยุดนักขัตฤกษ์)

บ้านพร้อมสิ่งปลูกสร้าง ที่ดินพร้อมสิ่งปลูกสร้าง จำนวน 3 รายการ ประกอบด้วย 1.บ้านตึกพักอาศัยชั้นเดียว พื้นที่ใช้สอย 90 ตรม. 2.โรงเก็บของชั้นเดียว 3.โรงเรือนขายอาหาร โฉนดเลขที่ 11494 เนื้อที่ 0-1-47.7 ไร่ หรือ 147.7 ตรว. เลขที่ 97 ติดถนนแม่ก๊ะ-แม่ฮ่องไคร้ แยกจากถนนบ่อสร้างดอยสะเก็ดประมาณ 3.9 กิโลเมตร ต.แม่ฮ้อยเงิน อ.ดอยสะเก็ด จ.เชียงใหม่ (ฉ.11494)

บริษัทขอสงวนสิทธิ์ในการเปลี่ยนแปลงรายละเอียดทรัพย์สิน ราคาตั้งขาย รวมถึงเงื่อนไขอื่นใด หรือยกเลิกการ ขายทรัพย์สินได้โดยไม่ต้องแจ้งให้ผู้สนใจเสนอซื้อทราบล่วงหน้า

https://www.google.com/maps/search/?api=1&query=18.810607,99.152786"
https://baan.kaidee.com/product-370492883,"ราคา: 2,600,000
เนื้อที่: 94 ตารางวา | เนื้อที่ 94 ตารางวา | ห้องนอน 3 ห้องนอน | ห้องน้ำ 2 ห้องน้ำ | เป็นทรัพย์รอการขาย ใช่
💖 บ้าน สันทราย ราคาพิเศษ! 💖
รหัสทรัพย์ ： DECHMSH0152001

สอบถามข้อมูลเพิ่มเติม นัดดูทรัพย์ >> 😊ทิ้งชื่อ เบอร์ติดต่อ ในแชท ให้เจ้าหน้าที่ขายติดต่อกลับได้เลยค่ะ😊 (บริษัทเปิดให้บริการติดต่อ วันจันทร์-ศุกร์ เวลา 9.00-17.00 ยกเว้นวันหยุดนักขัตฤกษ์)

บ้านเดี่ยว บ้านตึกชั้นเดียว เลขที่ 18/80 ขนาด 9.5x9.5เมตร พื้นที่ใช้สอย 96.20 ตารางเมตร มี 3 ห้องนอน 2 ห้องน้ำ ตั้งอยู่ในโครงการจัดสรร หมู่บ้านสันทรายสิริ 1 ตำบลสันทรายน้อย

บริษัทขอสงวนสิทธิ์ในการเปลี่ยนแปลงรายละเอียดทรัพย์สิน ราคาตั้งขาย รวมถึงเงื่อนไขอื่นใด หรือยกเลิกการ ขายทรัพย์สินได้โดยไม่ต้องแจ้งให้ผู้สนใจเสนอซื้อทราบล่วงหน้า

https://www.google.com/maps/search/?api=1&query=18.833408,99.031862"
https://baan.kaidee.com/product-370492884,"ราคา: 8,300,000
เนื้อที่: 229 ตารางวา | เนื้อที่ 229 ตารางวา | ห้องนอน 4 ห้องนอน | ห้องน้ำ 5 ห้องน้ำ | เป็นทรัพย์รอการขาย ใช่
💖 บ้าน สันทราย ราคาพิเศษ! 💖
รหัสทรัพย์ ： DECHMSH0153001

สอบถามข้อมูลเพิ่มเติม นัดดูทรัพย์ >> 😊ทิ้งชื่อ เบอร์ติดต่อ ในแชท ให้เจ้าหน้าที่ขายติดต่อกลับได้เลยค่ะ😊 (บริษัทเปิดให้บริการติดต่อ วันจันทร์-ศุกร์ เวลา 9.00-17.00 ยกเว้นวันหยุดนักขัตฤกษ์)

ริชซี่ริช แลนด์ บ้านเดี่ยว 2 ชั้น ประกอบด้วย 4 ห้องนอน 5 ห้องน้ำ 1 ห้องครัว พื้นที่ใช้สอย 382 ตรม. เลขที่ 333/5 โครงการ ริชซี่ริช แลนด์ ถนนรอบเมืองเชียงใหม่(ทล.121) ตำบลหนองจ๊อม

บริษัทขอสงวนสิทธิ์ในการเปลี่ยนแปลงรายละเอียดทรัพย์สิน ราคาตั้งขาย รวมถึงเงื่อนไขอื่นใด หรือยกเลิกการ ขายทรัพย์สินได้โดยไม่ต้องแจ้งให้ผู้สนใจเสนอซื้อทราบล่วงหน้า

https://www.google.com/maps/search/?api=1&query=18.85321595,99.00706131"
https://baan.kaidee.com/product-370492886,"ราคา: 4,000,000
เนื้อที่: 71 ตารางวา | เนื้อที่ 71 ตารางวา | ห้องนอน 3 ห้องนอน | ห้องน้ำ 1 ห้องน้ำ | เป็นทรัพย์รอการขาย ใช่
💖 บ้าน สันทราย ราคาพิเศษ! 💖
รหัสทรัพย์ ： DECHMSH0169001

สอบถามข้อมูลเพิ่มเติม นัดดูทรัพย์ >> 😊ทิ้งชื่อ เบอร์ติดต่อ ในแชท ให้เจ้าหน้าที่ขายติดต่อกลับได้เลยค่ะ😊 (บริษัทเปิดให้บริการติดต่อ วันจันทร์-ศุกร์ เวลา 9.00-17.00 ยกเว้นวันหยุดนักขัตฤกษ์)

บ้านเดี่ยว บ้านเดี่ยว 2 ชั้น เลขที่ 333/206 ขนาดอาคาร 9x11เมตร พื้นที่ใช้สอยรวม 198 ตร.ม. ภายใน ชั้นล่างมี ห้องโถง ห้องครัว ห้องน้ำ ชั้นบน มี 3 ห้องนอน 2 ห้องน้ำ ทรัพย์สินอยู่ในโครงการจัดสรร หมู่บ้านพิมุกต์ 4 ที่ตั้งโครงการอยู่ติดถนนวงแหวนรอบกลางของเมืองเชียงใหม่(ชม.3029) ใกล้กับมหาวิทยาลัยพายัพ ตำบลสันพระเนตร

บริษัทขอสงวนสิทธิ์ในการเปลี่ยนแปลงรายละเอียดทรัพย์สิน ราคาตั้งขาย รวมถึงเงื่อนไขอื่นใด หรือยกเลิกการ ขายทรัพย์สินได้โดยไม่ต้องแจ้งให้ผู้สนใจเสนอซื้อทราบล่วงหน้า

https://www.google.com/maps/search/?api=1&query=18.805602,99.036675"
https://baan.kaidee.com/product-370492888,"ราคา: 726,000
เนื้อที่: 65 ตารางวา | เนื้อที่ 65 ตารางวา | ห้องนอน 1 ห้องนอน | ห้องน้ำ 1 ห้องน้ำ | เป็นทรัพย์รอการขาย ใช่
💖 บ้าน สันทราย ราคาพิเศษ! 💖
รหัสทรัพย์ ： DECHMSH0172001

สอบถามข้อมูลเพิ่มเติม นัดดูทรัพย์ >> 😊ทิ้งชื่อ เบอร์ติดต่อ ในแชท ให้เจ้าหน้าที่ขายติดต่อกลับได้เลยค่ะ😊 (บริษัทเปิดให้บริการติดต่อ วันจันทร์-ศุกร์ เวลา 9.00-17.00 ยกเว้นวันหยุดนักขัตฤกษ์)

บ้านเดี่ยว 1. บ้านครึ่งตึกครึ่งไม้ 2 ชั้น สภาพเก่า ชำรุดทรุดโทรม ขนาดประมาณ 6x12 ตรม., 72 ตรม. โครงหลังคาเป็นไม้ หลังคามุงกระเบื้อง ชันล่างโครงสร้างคอนกรีตเสริมเหล็ก ผนังก่ออิฐฉาบปูนเรียบทาสี พื้นปูกระเบื้อง ประตู/หน้าต่างเป็นไม้ ส่วนชั้นบนโครงสร้างเป็นไม้ ผนังไม้เนื้อแข็ง
2. โรงจอดรถ สภาพเก่า ขนาดประมาณ 6x12 ม., 72 ตรม. โครงหลังคาเหล็ก หลังคามุงกระเบื้อง
3. ส่วนต่อเติม สภาพเก่า ขนาดประมาณ 4x4.5 ม., 18 ตรม. โครงสร้างคอนกรีตเสริมเหล็ก ประตูกระจกกรอบอะลูมิเนียม เลขที่ 108 ทรัพย์อยู่ห่างจาก ทล.1367 ประมาณ 600 ม. ตำบลป่าไผ่

บริษัทขอสงวนสิทธิ์ในการเปลี่ยนแปลงรายละเอียดทรัพย์สิน ราคาตั้งขาย รวมถึงเงื่อนไขอื่นใด หรือยกเลิกการ ขายทรัพย์สินได้โดยไม่ต้องแจ้งให้ผู้สนใจเสนอซื้อทราบล่วงหน้า

https://www.google.com/maps/search/?api=1&query=18.879072,99.053322"
https://baan.kaidee.com/product-370492889,"ราคา: 2,430,000
เนื้อที่: 72.4 ตารางวา | เนื้อที่ 72.4 ตารางวา | ห้องนอน 1 ห้องนอน | ห้องน้ำ 1 ห้องน้ำ | เป็นทรัพย์รอการขาย ใช่
💖 บ้าน สันทราย ราคาพิเศษ! 💖
รหัสทรัพย์ ： DECHMSH0175001

สอบถามข้อมูลเพิ่มเติม นัดดูทรัพย์ >> 😊ทิ้งชื่อ เบอร์ติดต่อ ในแชท ให้เจ้าหน้าที่ขายติดต่อกลับได้เลยค่ะ😊 (บริษัทเปิดให้บริการติดต่อ วันจันทร์-ศุกร์ เวลา 9.00-17.00 ยกเว้นวันหยุดนักขัตฤกษ์)

บ้านเดี่ยว2ชั้น บ้านเดี่ยวตึก 2 ชั้น เลขที่ 399/233 ขนาดอาคาร 8x10 เมตร พื้นที่ใช้สอยรวม 279 ตร.ม. ตั้งอยู่ในโครงการจัดสรร หมู่บ้านศิริพรการ์เดนโฮม 9 ที่ตั้งโครงการ ติดถนนสายสันนาเม็ง - บ้านป่ากล้วย ตำบลสันนาเม็ง

บริษัทขอสงวนสิทธิ์ในการเปลี่ยนแปลงรายละเอียดทรัพย์สิน ราคาตั้งขาย รวมถึงเงื่อนไขอื่นใด หรือยกเลิกการ ขายทรัพย์สินได้โดยไม่ต้องแจ้งให้ผู้สนใจเสนอซื้อทราบล่วงหน้า

https://www.google.com/maps/search/?api=1&query=18.842875,99.057143"
https://baan.kaidee.com/product-370492890,"ราคา: 2,467,000
เนื้อที่: 100 ตารางวา | เนื้อที่ 100 ตารางวา | ห้องนอน 4 ห้องนอน | ห้องน้ำ 4 ห้องน้ำ | เป็นทรัพย์รอการขาย ใช่
💖 บ้าน สันกำแพง ราคาพิเศษ! 💖
รหัสทรัพย์ ： DECHMSH0177001

สอบถามข้อมูลเพิ่มเติม นัดดูทรัพย์ >> 😊ทิ้งชื่อ เบอร์ติดต่อ ในแชท ให้เจ้าหน้าที่ขายติดต่อกลับได้เลยค่ะ😊 (บริษัทเปิดให้บริการติดต่อ วันจันทร์-ศุกร์ เวลา 9.00-17.00 ยกเว้นวันหยุดนักขัตฤกษ์)

หมู่บ้านสิวลีวิลเลจ 1 บ้านตึกพักอาศัยชั้นเดียว ประกอบด้วย 4 ห้องนอน 4 ห้องน้ำ 1 ห้องโถง 1 ห้องครัว หมู่บ้านสิวลีวิลเลจ ถมแล้ว เสมอถนน ขนาดที่ดินประมาณ 27x16 ม. รูปร่างคล้ายสี่เหลี่ยมผืนผ้า สิ่งปลูกสร้างขนาดประมาณ 20x10 ม. พื้นที่ใช้สอย 200 ตรม. บ้านเลขที่ 83(ไม่ติดเลขที่บ้าน) หมู่บ้านสิวลีวิลเลจ แยกจากถนนสายเชียงใหม่-บ้านสหกรณ์(ทล.1317) ช่วง กม.8-9 ประมาณ 610 ม. ต.บวกค้าง อ.สันกำแพง จ.เชียงใหม่

บริษัทขอสงวนสิทธิ์ในการเปลี่ยนแปลงรายละเอียดทรัพย์สิน ราคาตั้งขาย รวมถึงเงื่อนไขอื่นใด หรือยกเลิกการ ขายทรัพย์สินได้โดยไม่ต้องแจ้งให้ผู้สนใจเสนอซื้อทราบล่วงหน้า

https://www.google.com/maps/search/?api=1&query=18.724255,99.100082"
https://baan.kaidee.com/product-370492891,"ราคา: 2,400,000
เนื้อที่: 96 ตารางวา | เนื้อที่ 96 ตารางวา | ห้องนอน 1 ห้องนอน | ห้องน้ำ 1 ห้องน้ำ | เป็นทรัพย์รอการขาย ใช่
💖 บ้าน หางดง ราคาพิเศษ! 💖
รหัสทรัพย์ ： DECHMSH0185001

สอบถามข้อมูลเพิ่มเติม นัดดูทรัพย์ >> 😊ทิ้งชื่อ เบอร์ติดต่อ ในแชท ให้เจ้าหน้าที่ขายติดต่อกลับได้เลยค่ะ😊 (บริษัทเปิดให้บริการติดต่อ วันจันทร์-ศุกร์ เวลา 9.00-17.00 ยกเว้นวันหยุดนักขัตฤกษ์)

หมู่บ้านเบญจรงค์ ที่ดินพร้อม สปส.บ้านเดี่ยว 2 ชั้น คสล. 3 ห้องนอน 2 ห้องน้ำ 1 ห้องครัว พื้นที่ใช้สอย 227.80 ตร.ม. 53/76 หมู่บ้านเบญจรงค์ ซอยบ้านป่าเหียง 2 ถ.เชียงใหม่-ฮอด(ทล.108) ต.หารแก้ว

บริษัทขอสงวนสิทธิ์ในการเปลี่ยนแปลงรายละเอียดทรัพย์สิน ราคาตั้งขาย รวมถึงเงื่อนไขอื่นใด หรือยกเลิกการ ขายทรัพย์สินได้โดยไม่ต้องแจ้งให้ผู้สนใจเสนอซื้อทราบล่วงหน้า

https://www.google.com/maps/search/?api=1&query=18.639221,98.918669"
https://baan.kaidee.com/product-370492894,"ราคา: 2,400,000
เนื้อที่: 60.8 ตารางวา | เนื้อที่ 60.8 ตารางวา | ห้องนอน 2 ห้องนอน | ห้องน้ำ 2 ห้องน้ำ | เป็นทรัพย์รอการขาย ใช่
💖 บ้าน สันกำแพง ราคาพิเศษ! 💖
รหัสทรัพย์ ： DECHMSH0219001

สอบถามข้อมูลเพิ่มเติม นัดดูทรัพย์ >> 😊ทิ้งชื่อ เบอร์ติดต่อ ในแชท ให้เจ้าหน้าที่ขายติดต่อกลับได้เลยค่ะ😊 (บริษัทเปิดให้บริการติดต่อ วันจันทร์-ศุกร์ เวลา 9.00-17.00 ยกเว้นวันหยุดนักขัตฤกษ์)

บ้านเดี่ยว 2 ชั้น โครงการศิวาลัย วิลเลจ 3 บ้านเดี่ยว 2 ชั้น มี 2 ห้องนอน 2 ห้องน้ำ 1 ห้องนั่งเล่น 1 ครัว ทรัพย์ถมแล้ว เสมอถนน ตั้งอยู่ในโครงการหมู่บ้านศิวาลัย วิลเลจ 3 ขนาดที่ดินประมาณ 15x16 ม., รูปร่างสี่เหลี่ยมผืนผ้า ขนาดสิ่งปลูกสร้างประมาณ 8x12 ม.,192 ตรม. ถนนผ่านหน้าทรัพย์เป็นถนนคอนกรีต(ทางจัดสรร) มีไฟฟ้า/ประปาเข้าถึง ทรัพย์อยู่ห่างจาก ทล.1317 ประมาณ 970 ม. และอยู่ห่างจากตัวอำเภอสันกำแพงประมาณ 7.8 กม. สถานที่ใกล้เคียง เช่น กฟภ.สันกำแพง, ม.กาญจน์กนก 1 เป็นต้น บ้านเลขที่ 104/120 โครงการหมู่บ้านศิวาลัย วิลเลจ 3 ซอย 26/1 ทล.1317 ตำบลสันกำแพง

บริษัทขอสงวนสิทธิ์ในการเปลี่ยนแปลงรายละเอียดทรัพย์สิน ราคาตั้งขาย รวมถึงเงื่อนไขอื่นใด หรือยกเลิกการ ขายทรัพย์สินได้โดยไม่ต้องแจ้งให้ผู้สนใจเสนอซื้อทราบล่วงหน้า

https://www.google.com/maps/search/?api=1&query=18.731852,99.080533"
https://baan.kaidee.com/product-370492895,"ราคา: 2,300,000
เนื้อที่: 87.9 ตารางวา | เนื้อที่ 87.9 ตารางวา | ห้องนอน 3 ห้องนอน | ห้องน้ำ 3 ห้องน้ำ | เป็นทรัพย์รอการขาย ใช่
💖 บ้าน สันกำแพง ราคาพิเศษ! 💖
รหัสทรัพย์ ： DECHMSH0220001

สอบถามข้อมูลเพิ่มเติม นัดดูทรัพย์ >> 😊ทิ้งชื่อ เบอร์ติดต่อ ในแชท ให้เจ้าหน้าที่ขายติดต่อกลับได้เลยค่ะ😊 (บริษัทเปิดให้บริการติดต่อ วันจันทร์-ศุกร์ เวลา 9.00-17.00 ยกเว้นวันหยุดนักขัตฤกษ์)

บ้านเดี่ยวชั้นเดียว หมู่บ้านสันกำแพงปาร์ควิลล์ บ้านตึกพักอาศัยชั้นเดียว หลังมุม ตั้งอยู่ในโครงการหมู่บ้านสันกำแพง ปาร์ควิลล์ มี 3 ห้องนอน 3 ห้องน้ำ ที่ดินถมแล้ว เสมอถนนขนาดที่ดินประมาณ 16x20 ม. รูปร่างสี่เหลี่ยมผืนผ้า(สองแปลงติดกัน) ขนาดสิ่งปลูกสร้างประมาณ 15x18.3 ม., 217.8 ตรม. ทรัพย์อยู่ติดถนนคอนกรีต(ทางส่วนบุคคล) ทรัพย์อยู่ห่างจาก ทล.1317 ประมาณ 540 ม. และอยู่ห่างจากตัวอำเภอสันกำแพงประมาณ 2,400 ม. สถานที่ใกล้เคียง เช่น โรงเรียนสันกำแพง, วัดโรงธรรมสามัคคี เป็นต้น บ้านเลขที่ 204/53 ซอย 2 โครงการหมู่บ้านสันกำแพงปาร์ควิลล์ แยกจาก ทล.1317

บริษัทขอสงวนสิทธิ์ในการเปลี่ยนแปลงรายละเอียดทรัพย์สิน ราคาตั้งขาย รวมถึงเงื่อนไขอื่นใด หรือยกเลิกการ ขายทรัพย์สินได้โดยไม่ต้องแจ้งให้ผู้สนใจเสนอซื้อทราบล่วงหน้า

https://www.google.com/maps/search/?api=1&query=18.739492,99.1123"
https://baan.kaidee.com/product-370492900,"ราคา: 4,550,000
เนื้อที่: 77 ตารางวา | เนื้อที่ 77 ตารางวา | ห้องนอน 3 ห้องนอน | ห้องน้ำ 4 ห้องน้ำ | เป็นทรัพย์รอการขาย ใช่
💖 บ้าน หางดง ราคาพิเศษ! 💖
รหัสทรัพย์ ： DECHMSH0239001

สอบถามข้อมูลเพิ่มเติม นัดดูทรัพย์ >> 😊ทิ้งชื่อ เบอร์ติดต่อ ในแชท ให้เจ้าหน้าที่ขายติดต่อกลับได้เลยค่ะ😊 (บริษัทเปิดให้บริการติดต่อ วันจันทร์-ศุกร์ เวลา 9.00-17.00 ยกเว้นวันหยุดนักขัตฤกษ์)

บ้านเดี่ยว 2 ชั้น หมู่บ้านตำหนักนคร : ปรับปรุงใหม่ บ้านเดี่ยว 2 ชั้น และชั้นใต้ดิน ประกอบด้วย 3 ห้องนอน 4 ห้องน้ำ พื้นที่ใช้สอย 298 ตร.ม. ห่างจากถนนเชียงใหม่-ฮอด (ทล.108) ประมาณ 500 เมตร โครงการหมู่บ้านตำหนักนคร ต.หนองควาย

บริษัทขอสงวนสิทธิ์ในการเปลี่ยนแปลงรายละเอียดทรัพย์สิน ราคาตั้งขาย รวมถึงเงื่อนไขอื่นใด หรือยกเลิกการ ขายทรัพย์สินได้โดยไม่ต้องแจ้งให้ผู้สนใจเสนอซื้อทราบล่วงหน้า

https://www.google.com/maps/search/?api=1&query=18.72904,98.948233"
https://baan.kaidee.com/product-370492901,"ราคา: 1,357,000
เนื้อที่: 1114.9 ตารางวา | เนื้อที่ 1114.9 ตารางวา | ห้องนอน 1 ห้องนอน | ห้องน้ำ 1 ห้องน้ำ | เป็นทรัพย์รอการขาย ใช่
💖 บ้าน แม่แตง ราคาพิเศษ! 💖
รหัสทรัพย์ ： DECHMSH0241001

สอบถามข้อมูลเพิ่มเติม นัดดูทรัพย์ >> 😊ทิ้งชื่อ เบอร์ติดต่อ ในแชท ให้เจ้าหน้าที่ขายติดต่อกลับได้เลยค่ะ😊 (บริษัทเปิดให้บริการติดต่อ วันจันทร์-ศุกร์ เวลา 9.00-17.00 ยกเว้นวันหยุดนักขัตฤกษ์)

บ้านเดี่ยว เชียงใหม่ บ้านครึ่งตึกครึ่งไม้ชั้นเดียว สภาพเก่า ประกอบด้วย 1 ห้องนอน 1 ห้องน้ำ ห้องโถง และห้องครัว พื้นที่ใช้สอย 105 ตรม. ติดถนนบ้านสันป่าตอง - บ้านปง หลังวัดอินทขิล ตำบลอินทขิล

บริษัทขอสงวนสิทธิ์ในการเปลี่ยนแปลงรายละเอียดทรัพย์สิน ราคาตั้งขาย รวมถึงเงื่อนไขอื่นใด หรือยกเลิกการ ขายทรัพย์สินได้โดยไม่ต้องแจ้งให้ผู้สนใจเสนอซื้อทราบล่วงหน้า

https://www.google.com/maps/search/?api=1&query=19.186536,98.978854"
https://baan.kaidee.com/product-370492902,"ราคา: 4,296,000
เนื้อที่: 389 ตารางวา | เนื้อที่ 389 ตารางวา | ห้องนอน 1 ห้องนอน | ห้องน้ำ 1 ห้องน้ำ | เป็นทรัพย์รอการขาย ใช่
💖 บ้าน สันป่าตอง ราคาพิเศษ! 💖
รหัสทรัพย์ ： DECHMSH0244001

สอบถามข้อมูลเพิ่มเติม นัดดูทรัพย์ >> 😊ทิ้งชื่อ เบอร์ติดต่อ ในแชท ให้เจ้าหน้าที่ขายติดต่อกลับได้เลยค่ะ😊 (บริษัทเปิดให้บริการติดต่อ วันจันทร์-ศุกร์ เวลา 9.00-17.00 ยกเว้นวันหยุดนักขัตฤกษ์)

ที่ดินพร้อมบ้านเดี่ยวชั้นเดียว บ้านชั้นเดียวยกพื้นสูง สภาพปานกลาง ประกอบด้วย 4 ห้องนอน 2 ห้องน้ำ 1 ห้องครัว พื้นที่ใช้สอยภายใน 135 ตรม. 125/1 ซอยเข้าวัดกิ่วแลน้อย ถนนเลียบคลองชล

บริษัทขอสงวนสิทธิ์ในการเปลี่ยนแปลงรายละเอียดทรัพย์สิน ราคาตั้งขาย รวมถึงเงื่อนไขอื่นใด หรือยกเลิกการ ขายทรัพย์สินได้โดยไม่ต้องแจ้งให้ผู้สนใจเสนอซื้อทราบล่วงหน้า

https://www.google.com/maps/search/?api=1&query=18.63494,98.85191"
https://baan.kaidee.com/product-370492904,"ราคา: 812,000
เนื้อที่: 57 ตารางวา | เนื้อที่ 57 ตารางวา | ห้องนอน 1 ห้องนอน | ห้องน้ำ 1 ห้องน้ำ | เป็นทรัพย์รอการขาย ใช่
💖 บ้าน แม่แจ่ม ราคาพิเศษ! 💖
รหัสทรัพย์ ： DECHMSH0259001

สอบถามข้อมูลเพิ่มเติม นัดดูทรัพย์ >> 😊ทิ้งชื่อ เบอร์ติดต่อ ในแชท ให้เจ้าหน้าที่ขายติดต่อกลับได้เลยค่ะ😊 (บริษัทเปิดให้บริการติดต่อ วันจันทร์-ศุกร์ เวลา 9.00-17.00 ยกเว้นวันหยุดนักขัตฤกษ์)

ที่ดินพร้อมบ้านตึกครึ่งไม้ 2 ชั้น ที่ดินพร้อมบ้านตึกครึ่งไม้ 2 ชั้น ที่ดินมีลักษณะเป็นทางลาดลงไปจากถนนประมาณ 1.5 เมตร ชั้น 2 ของตัวบ้านอยู่สูงกว่าระดับถนนเล็กน้อย ส่วนชั้นล่างสร้างตามแนวลาดของที่ดิน สภาพปานกลาง พื้นที่ใช้สอยรวม 192 ตรม. บ้านแม่ศึก ต.แม่ศึก อ.แม่แจ่ม

บริษัทขอสงวนสิทธิ์ในการเปลี่ยนแปลงรายละเอียดทรัพย์สิน ราคาตั้งขาย รวมถึงเงื่อนไขอื่นใด หรือยกเลิกการ ขายทรัพย์สินได้โดยไม่ต้องแจ้งให้ผู้สนใจเสนอซื้อทราบล่วงหน้า

https://www.google.com/maps/search/?api=1&query=18.549645,98.354651"
https://baan.kaidee.com/product-370492905,"ราคา: 1,800,000
เนื้อที่: 53 ตารางวา | เนื้อที่ 53 ตารางวา | ห้องนอน 3 ห้องนอน | ห้องน้ำ 2 ห้องน้ำ | เป็นทรัพย์รอการขาย ใช่
💖 บ้าน สันกำแพง ราคาพิเศษ! 💖
รหัสทรัพย์ ： DECHMSH0262001

สอบถามข้อมูลเพิ่มเติม นัดดูทรัพย์ >> 😊ทิ้งชื่อ เบอร์ติดต่อ ในแชท ให้เจ้าหน้าที่ขายติดต่อกลับได้เลยค่ะ😊 (บริษัทเปิดให้บริการติดต่อ วันจันทร์-ศุกร์ เวลา 9.00-17.00 ยกเว้นวันหยุดนักขัตฤกษ์)

หมู่บ้านบุรีทาน่า : ปรับปรุงใหม่ บ้านตึกชั้นเดียว เลขที่157/41 ประกอบด้วย 1 ห้องโถง 3 ห้องนอน 2 ห้องน้ำ 1 ห้องครัว 1 ที่จอดรถ ขนาด 9.5*10 เมตร เลขที่ 157/41 โครงการบุรีทาน่า ตั้งอยู่บนถนนสายดอยสะเก็ด-บ่อสร้าง(ทล.1014) กม.12+400 เมตร

บริษัทขอสงวนสิทธิ์ในการเปลี่ยนแปลงรายละเอียดทรัพย์สิน ราคาตั้งขาย รวมถึงเงื่อนไขอื่นใด หรือยกเลิกการ ขายทรัพย์สินได้โดยไม่ต้องแจ้งให้ผู้สนใจเสนอซื้อทราบล่วงหน้า

https://www.google.com/maps/search/?api=1&query=18.782244,99.091394"
https://baan.kaidee.com/product-370492907,"ราคา: 788,000
เนื้อที่: 20 ตารางวา | เนื้อที่ 20 ตารางวา | ห้องนอน 2 ห้องนอน | ห้องน้ำ 1 ห้องน้ำ | เป็นทรัพย์รอการขาย ใช่
💖 บ้าน หางดง ราคาพิเศษ! 💖
รหัสทรัพย์ ： DECHMSH0274001

สอบถามข้อมูลเพิ่มเติม นัดดูทรัพย์ >> 😊ทิ้งชื่อ เบอร์ติดต่อ ในแชท ให้เจ้าหน้าที่ขายติดต่อกลับได้เลยค่ะ😊 (บริษัทเปิดให้บริการติดต่อ วันจันทร์-ศุกร์ เวลา 9.00-17.00 ยกเว้นวันหยุดนักขัตฤกษ์)

ทาวน์เฮ้าส์ชั้นเดียว หารแก้ว : ปรับปรุงใหม่ ทรัพย์เป็นบ้านแฝดชั้นเดียว 1 คูหา มี 2 ห้องนอน 1 ห้องน้ำ 1 ห้องครัว ที่ดินถมแล้ว เสมอถนน ขนาดที่ดินประมาณ 10x16 ม. รูปสี่เหลี่ยมผืนผ้า ขนาดสิ่งปลูกสร้าง 77 ตรม. ทรัพย์มีไฟฟ้า/ประปาเข้าถึง ถนนผ่านหน้าทรัพย์เป็นถนนลาดยาง(ที่ของชลประทาน)มีการคมนาคมสะดวก ทรัพย์อยู่ห่างจากถนนสายเชียงใหม่-ฮอด ประมาณ 450 ม. และอยู่ห่างจากตัวอำเภอหางดงประมาณ 4,400 ม. สถานที่ใกล้เคียง เช่น วัดศรีล้อม, กาดหารแก้ว เป็นต้น บ้านเลขที่ 306/36 ถนนเลียบคลองชลประทาน แยกจากถนนสายเชียงใหม่-ฮอด ตำบลหารแก้ว
เนื้อที่ 20 ตร.ว. สิ่งปลูกสร้าง 77 ตร.ม.

บริษัทขอสงวนสิทธิ์ในการเปลี่ยนแปลงรายละเอียดทรัพย์สิน ราคาตั้งขาย รวมถึงเงื่อนไขอื่นใด หรือยกเลิกการ ขายทรัพย์สินได้โดยไม่ต้องแจ้งให้ผู้สนใจเสนอซื้อทราบล่วงหน้า

https://www.google.com/maps/search/?api=1&query=18.6552985,98.9014132"
https://baan.kaidee.com/product-370492908,"ราคา: 5,900,000
เนื้อที่: 141.2 ตารางวา | เนื้อที่ 141.2 ตารางวา | ห้องนอน 4 ห้องนอน | ห้องน้ำ 3 ห้องน้ำ | เป็นทรัพย์รอการขาย ใช่
💖 บ้าน สารภี ราคาพิเศษ! 💖
รหัสทรัพย์ ： DECHMSH0284001

สอบถามข้อมูลเพิ่มเติม นัดดูทรัพย์ >> 😊ทิ้งชื่อ เบอร์ติดต่อ ในแชท ให้เจ้าหน้าที่ขายติดต่อกลับได้เลยค่ะ😊 (บริษัทเปิดให้บริการติดต่อ วันจันทร์-ศุกร์ เวลา 9.00-17.00 ยกเว้นวันหยุดนักขัตฤกษ์)

ที่ดินพร้อมบ้านเดี่ยว 2 ชั้น : ปรับปรุงใหม่ ที่ดินพร้อมบ้านตึก 2 ชั้น พื้นที่ใช้สอยภายใน 214 ตรม.แบ่งเป็น 4 ห้องนอน 3 ห้องน้ำ และสระว่ายน้ำ สภาพปานกลาง 99/23 โครงการศุภาลัยวิลล์ ถนนวงแหวนรอบกลาง ต.ไชยสถาน

บริษัทขอสงวนสิทธิ์ในการเปลี่ยนแปลงรายละเอียดทรัพย์สิน ราคาตั้งขาย รวมถึงเงื่อนไขอื่นใด หรือยกเลิกการ ขายทรัพย์สินได้โดยไม่ต้องแจ้งให้ผู้สนใจเสนอซื้อทราบล่วงหน้า

https://www.google.com/maps/search/?api=1&query=18.75779408,99.03601679"
https://baan.kaidee.com/product-370492909,"ราคา: 3,100,000
เนื้อที่: 86 ตารางวา | เนื้อที่ 86 ตารางวา | ห้องนอน 1 ห้องนอน | ห้องน้ำ 1 ห้องน้ำ | เป็นทรัพย์รอการขาย ใช่
💖 บ้าน สันกำแพง ราคาพิเศษ! 💖
รหัสทรัพย์ ： DECHMSH0292001

สอบถามข้อมูลเพิ่มเติม นัดดูทรัพย์ >> 😊ทิ้งชื่อ เบอร์ติดต่อ ในแชท ให้เจ้าหน้าที่ขายติดต่อกลับได้เลยค่ะ😊 (บริษัทเปิดให้บริการติดต่อ วันจันทร์-ศุกร์ เวลา 9.00-17.00 ยกเว้นวันหยุดนักขัตฤกษ์)

ซิตี้โฮมเพลส 4 บ้านตึก 2 ชั้น ปรับปรุงแล้ว ประกอบด้วย 3 ห้องนอน, 3 ห้องน้ำ, 1 ห้องนั่งเล่น, 1 ห้องครัว พท.ใช้สอย 184 ตร.ม. พร้อม รปภ. รักษาความปลอดภัย 24 ชม. โครงการซิตี้โฮม เพลส 4 เลขที่ 195/72 ท้ายซอย 6/2 ห่างจากถนนเชียงใหม่-บ้านสหกรณ์(ทล.1317) กม.4+400 เมตร

บริษัทขอสงวนสิทธิ์ในการเปลี่ยนแปลงรายละเอียดทรัพย์สิน ราคาตั้งขาย รวมถึงเงื่อนไขอื่นใด หรือยกเลิกการ ขายทรัพย์สินได้โดยไม่ต้องแจ้งให้ผู้สนใจเสนอซื้อทราบล่วงหน้า

https://www.google.com/maps/search/?api=1&query=18.74496418,99.06285507"
https://baan.kaidee.com/product-370492910,"ราคา: 1,100,000
เนื้อที่: 184 ตารางวา | เนื้อที่ 184 ตารางวา | ห้องนอน 2 ห้องนอน | ห้องน้ำ 2 ห้องน้ำ | เป็นทรัพย์รอการขาย ใช่
💖 บ้าน สารภี ราคาพิเศษ! 💖
รหัสทรัพย์ ： DECHMSH0306001

สอบถามข้อมูลเพิ่มเติม นัดดูทรัพย์ >> 😊ทิ้งชื่อ เบอร์ติดต่อ ในแชท ให้เจ้าหน้าที่ขายติดต่อกลับได้เลยค่ะ😊 (บริษัทเปิดให้บริการติดต่อ วันจันทร์-ศุกร์ เวลา 9.00-17.00 ยกเว้นวันหยุดนักขัตฤกษ์)

บ้านตึกชั้นเดียว และโรงจอดรถ บ้านตึกชั้นเดียวขนาด 2 ห้องนอน 2 ห้องน้ำ พื้นที่ ติดถนนสาธารณะ เดินทางเข้า-ออกสะดวก 51 หมู่ 7 ต.สันทรายมหาวงค์ อ.สารภี จ.เชียงใหม่

บริษัทขอสงวนสิทธิ์ในการเปลี่ยนแปลงรายละเอียดทรัพย์สิน ราคาตั้งขาย รวมถึงเงื่อนไขอื่นใด หรือยกเลิกการ ขายทรัพย์สินได้โดยไม่ต้องแจ้งให้ผู้สนใจเสนอซื้อทราบล่วงหน้า

https://www.google.com/maps/search/?api=1&query=18.636187,98.9789"
https://baan.kaidee.com/product-370492911,"ราคา: 11,083,000
เนื้อที่: 711 ตารางวา | เนื้อที่ 711 ตารางวา | ห้องนอน 1 ห้องนอน | ห้องน้ำ 1 ห้องน้ำ | เป็นทรัพย์รอการขาย ใช่
💖 บ้าน สารภี ราคาพิเศษ! 💖
รหัสทรัพย์ ： DECHMSH0307001

สอบถามข้อมูลเพิ่มเติม นัดดูทรัพย์ >> 😊ทิ้งชื่อ เบอร์ติดต่อ ในแชท ให้เจ้าหน้าที่ขายติดต่อกลับได้เลยค่ะ😊 (บริษัทเปิดให้บริการติดต่อ วันจันทร์-ศุกร์ เวลา 9.00-17.00 ยกเว้นวันหยุดนักขัตฤกษ์)

บ้านตึกชั้นเดียวขัวมุง บ้านเดี่ยวชั้นเดี่ยวขนาดพื้นที่ใช้สอย 423 ตรม. สภาพปานกลาง ที่จอดรถกว้างขวาง ถนนขัวมุง - เทพาราม ตรงข้ามเทศบาลตำบลขัวมุง ต.ขัวมุง อ.สารภี จ.เชียงใหม่

บริษัทขอสงวนสิทธิ์ในการเปลี่ยนแปลงรายละเอียดทรัพย์สิน ราคาตั้งขาย รวมถึงเงื่อนไขอื่นใด หรือยกเลิกการ ขายทรัพย์สินได้โดยไม่ต้องแจ้งให้ผู้สนใจเสนอซื้อทราบล่วงหน้า

https://www.google.com/maps/search/?api=1&query=18.67217,98.978504"
https://baan.kaidee.com/product-370492913,"ราคา: 5,460,000
เนื้อที่: 63.8 ตารางวา | เนื้อที่ 63.8 ตารางวา | ห้องนอน 1 ห้องนอน | ห้องน้ำ 1 ห้องน้ำ | เป็นทรัพย์รอการขาย ใช่
💖 บ้าน สารภี ราคาพิเศษ! 💖
รหัสทรัพย์ ： DECHMSH0322001

สอบถามข้อมูลเพิ่มเติม นัดดูทรัพย์ >> 😊ทิ้งชื่อ เบอร์ติดต่อ ในแชท ให้เจ้าหน้าที่ขายติดต่อกลับได้เลยค่ะ😊 (บริษัทเปิดให้บริการติดต่อ วันจันทร์-ศุกร์ เวลา 9.00-17.00 ยกเว้นวันหยุดนักขัตฤกษ์)

บ้านตึก 2 ชั้นในโครงการดิโอเรียลทอล
บ้านตึก 2 ชั้นสภาพปานกลาง ปลูกสร้างมา 17 ปี พื้นที่ใช้สอยภายในประมาณ 240 ตรม.ตั้งอยู่ในโครงการดิโอเรียนทอล ติดกับสี่แยกศรีบัวเงิน ห่างตัวเมือเชียงใหม่ 3 กม.
โครงการดิโอเรียนทอล ติดกับสี่แยกศรีบัวเงิน ห่างตัวเมือเชียงใหม่ 3 กม.

บริษัทขอสงวนสิทธิ์ในการเปลี่ยนแปลงรายละเอียดทรัพย์สิน ราคาตั้งขาย รวมถึงเงื่อนไขอื่นใด หรือยกเลิกการ ขายทรัพย์สินได้โดยไม่ต้องแจ้งให้ผู้สนใจเสนอซื้อทราบล่วงหน้า

https://www.google.com/maps/search/?api=1&query=18.756154,99.041931"
https://baan.kaidee.com/product-370492915,"ราคา: 8,925,000
เนื้อที่: 182 ตารางวา | เนื้อที่ 182 ตารางวา | ห้องนอน 1 ห้องนอน | ห้องน้ำ 1 ห้องน้ำ | เป็นทรัพย์รอการขาย ใช่
💖 บ้าน สันทราย ราคาพิเศษ! 💖
รหัสทรัพย์ ： DECHMSH0341001

สอบถามข้อมูลเพิ่มเติม นัดดูทรัพย์ >> 😊ทิ้งชื่อ เบอร์ติดต่อ ในแชท ให้เจ้าหน้าที่ขายติดต่อกลับได้เลยค่ะ😊 (บริษัทเปิดให้บริการติดต่อ วันจันทร์-ศุกร์ เวลา 9.00-17.00 ยกเว้นวันหยุดนักขัตฤกษ์)

หมู่บ้านสันทรายเชียงใหม่ บ้านเดี่ยว 2 ชั้น, 5 ห้องนอน, 4 ห้องน้ำ, 1 ห้องครัว, 1 ห้องนั่งเล่น, 2 ที่จอดรถ ภายในกว้างขวางด้วยพื้นที่ใช้สอยขนาด 312 ตร.ม หมู่บ้านสันทรายเชียงใหม่ เลขที่ 246/29 ห่างจากถนนสายเชียงใหม่-สันทราย(ทล.1367) ประมาณ 250 ม.

บริษัทขอสงวนสิทธิ์ในการเปลี่ยนแปลงรายละเอียดทรัพย์สิน ราคาตั้งขาย รวมถึงเงื่อนไขอื่นใด หรือยกเลิกการ ขายทรัพย์สินได้โดยไม่ต้องแจ้งให้ผู้สนใจเสนอซื้อทราบล่วงหน้า

https://www.google.com/maps/search/?api=1&query=18.820711,99.030976"
https://baan.kaidee.com/product-370493717,"ราคา: 3,932,000
เนื้อที่: 127 ตารางวา | เนื้อที่ 127 ตารางวา | ห้องนอน 1 ห้องนอน | ห้องน้ำ 1 ห้องน้ำ | เป็นทรัพย์รอการขาย ใช่
💖 บ้าน เมืองเชียงใหม่ ราคาพิเศษ! 💖
รหัสทรัพย์ ： DHCHMSH0100001

สอบถามข้อมูลเพิ่มเติม นัดดูทรัพย์ >> 😊ทิ้งชื่อ เบอร์ติดต่อ ในแชท ให้เจ้าหน้าที่ขายติดต่อกลับได้เลยค่ะ😊 (บริษัทเปิดให้บริการติดต่อ วันจันทร์-ศุกร์ เวลา 9.00-17.00 ยกเว้นวันหยุดนักขัตฤกษ์)

บ้านเดี่ยว บ้านตึกชั้นเดียว ประกอบด้วย 1 ห้องนอน 1 ห้องน้ำ 1 ห้องครัว พื้นที่ใช้สอยประมาณ 48.30 ตรม. จากถนนเจริญเมื่องเลี้ยวขวาเข้าซอย เจริญเมืองซอย 8 ประมาณ 220 เมตร และเลี้ยวขวาเข้าซอยอีกประมาณ 90 เมตร จะถึงที่ตั้งทรัพย์ บ้านเลขที่ 55/6 อยู่ทางด้านขวามือ ตั้งอยู่บนถนนเจริญเมือง ซอย 8

บริษัทขอสงวนสิทธิ์ในการเปลี่ยนแปลงรายละเอียดทรัพย์สิน ราคาตั้งขาย รวมถึงเงื่อนไขอื่นใด หรือยกเลิกการ ขายทรัพย์สินได้โดยไม่ต้องแจ้งให้ผู้สนใจเสนอซื้อทราบล่วงหน้า

https://www.google.com/maps/search/?api=1&query=18.781496,99.023684"
https://baan.kaidee.com/product-370493728,"ราคา: 3,780,000
เนื้อที่: 93 ตารางวา | เนื้อที่ 93 ตารางวา | ห้องนอน 4 ห้องนอน | ห้องน้ำ 3 ห้องน้ำ | เป็นทรัพย์รอการขาย ใช่
💖 บ้าน ดอยสะเก็ด ราคาพิเศษ! 💖
รหัสทรัพย์ ： DICHMSH0105001

สอบถามข้อมูลเพิ่มเติม นัดดูทรัพย์ >> 😊ทิ้งชื่อ เบอร์ติดต่อ ในแชท ให้เจ้าหน้าที่ขายติดต่อกลับได้เลยค่ะ😊 (บริษัทเปิดให้บริการติดต่อ วันจันทร์-ศุกร์ เวลา 9.00-17.00 ยกเว้นวันหยุดนักขัตฤกษ์)

บ้านเดี่ยว หมู่บ้านอินทรชิดชัย บ้านเดี่ยว 2 ชั้น 1 หลัง ขนาดประมาณ 8 x 17 เมตร ประกอบด้วย 4 ห้องนอน 3 ห้องน้ำ 1 ห้องครัว 1 ห้องโถง 1 ที่จอดรถ พื้นที่ใช้สอยรวม 237 ตร.ม. ภายในทรัพย์สิน มีที่ดิน 2 แปลง ติดต่อเป็นผืนเดียวกัน อยู่ภายในรั้วเดียวกัน สปส.อยู่บน ฉ.41867 ส่วน ฉ.41872 เป็นที่ดินเปล่า สภาพรีโนเวทแล้ว เลขที่ 79/155 หมู่บ้านอินทรชิดชัย ติดถนนเชียงใหม่-ดอยสะเก็ด(ทล.118) บริเวณ กม.ที่ 10+200 เมตร ตำบลตลาดขวัญ

บริษัทขอสงวนสิทธิ์ในการเปลี่ยนแปลงรายละเอียดทรัพย์สิน ราคาตั้งขาย รวมถึงเงื่อนไขอื่นใด หรือยกเลิกการ ขายทรัพย์สินได้โดยไม่ต้องแจ้งให้ผู้สนใจเสนอซื้อทราบล่วงหน้า

https://www.google.com/maps/search/?api=1&query=18.855085,99.099404"
https://baan.kaidee.com/product-370493729,"ราคา: 2,000,000
เนื้อที่: 43.6 ตารางวา | เนื้อที่ 43.6 ตารางวา | ห้องนอน 2 ห้องนอน | ห้องน้ำ 2 ห้องน้ำ | เป็นทรัพย์รอการขาย ใช่
💖 บ้าน เมืองเชียงใหม่ ราคาพิเศษ! 💖
รหัสทรัพย์ ： DICHMSH0114001

สอบถามข้อมูลเพิ่มเติม นัดดูทรัพย์ >> 😊ทิ้งชื่อ เบอร์ติดต่อ ในแชท ให้เจ้าหน้าที่ขายติดต่อกลับได้เลยค่ะ😊 (บริษัทเปิดให้บริการติดต่อ วันจันทร์-ศุกร์ เวลา 9.00-17.00 ยกเว้นวันหยุดนักขัตฤกษ์)

โครงการหมู่บ้านแสงเพชร บ้านเดี่ยวตึกชั้นเดียว 2 ห้องนอน, 2 ห้องน้ำ, 1 ห้องนั่งเล่น พื้นที่ใช้สอบย 70.68 ตรม. พร้อมระบบรักษาความปลอดภัย รปภ. 24 ชม. เลขที่ 499/243 ซอย7 โครงการหมู่บ้านแสงเพชร ถนนวรุณนิเวศ ห่างจากถนนสมโภชเชียงใหม่ 700 ปี (ชม.3029) 600 ม.

บริษัทขอสงวนสิทธิ์ในการเปลี่ยนแปลงรายละเอียดทรัพย์สิน ราคาตั้งขาย รวมถึงเงื่อนไขอื่นใด หรือยกเลิกการ ขายทรัพย์สินได้โดยไม่ต้องแจ้งให้ผู้สนใจเสนอซื้อทราบล่วงหน้า

https://www.google.com/maps/search/?api=1&query=18.747415,98.975854"
https://baan.kaidee.com/product-370493848,"ราคา: 1,759,000
เนื้อที่: 53 ตารางวา | เนื้อที่ 53 ตารางวา | ห้องนอน 1 ห้องนอน | ห้องน้ำ 1 ห้องน้ำ | เป็นทรัพย์รอการขาย ใช่
💖 บ้าน สารภี ราคาพิเศษ! 💖
รหัสทรัพย์ ： DNCHMSH0108001

สอบถามข้อมูลเพิ่มเติม นัดดูทรัพย์ >> 😊ทิ้งชื่อ เบอร์ติดต่อ ในแชท ให้เจ้าหน้าที่ขายติดต่อกลับได้เลยค่ะ😊 (บริษัทเปิดให้บริการติดต่อ วันจันทร์-ศุกร์ เวลา 9.00-17.00 ยกเว้นวันหยุดนักขัตฤกษ์)

โครงการฉมาบดี : ปรับปรุงใหม่ บ้านตึกชั้นเดียว พื้นที่ 96 ตรม. อายุอาคารประมาณ 10 ปี แบ่งเป็น 2 ห้องนอน 2 ห้องน้ำ สาธารณูปโภคครบ 99/5 หมู่ 3 โครงการฉมาบดี

บริษัทขอสงวนสิทธิ์ในการเปลี่ยนแปลงรายละเอียดทรัพย์สิน ราคาตั้งขาย รวมถึงเงื่อนไขอื่นใด หรือยกเลิกการ ขายทรัพย์สินได้โดยไม่ต้องแจ้งให้ผู้สนใจเสนอซื้อทราบล่วงหน้า

https://www.google.com/maps/search/?api=1&query=18.7369001,99.0028735"
https://baan.kaidee.com/product-370493849,"ราคา: 2,300,000
เนื้อที่: 112 ตารางวา | เนื้อที่ 112 ตารางวา | ห้องนอน 3 ห้องนอน | ห้องน้ำ 2 ห้องน้ำ | เป็นทรัพย์รอการขาย ใช่
💖 บ้าน สันป่าตอง ราคาพิเศษ! 💖
รหัสทรัพย์ ： DNCHMSH0111001

สอบถามข้อมูลเพิ่มเติม นัดดูทรัพย์ >> 😊ทิ้งชื่อ เบอร์ติดต่อ ในแชท ให้เจ้าหน้าที่ขายติดต่อกลับได้เลยค่ะ😊 (บริษัทเปิดให้บริการติดต่อ วันจันทร์-ศุกร์ เวลา 9.00-17.00 ยกเว้นวันหยุดนักขัตฤกษ์)

บ้านตึก 2 ชั้นติดถนนเชียงใหม่-ฮอด ที่ดินพร้อมสิ่งปลูกสร้างบ้านตึก 2 ชั้น เลขที่ 147 สภาพเก่าอายุอาคารประมาณ 30 ปี พื้นที่ใช้สอยภายใน 175 ตรม. ประกอบด้วย 3 ห้องนอน 2 ห้องน้ำ ด้านหน้าติดถนนเชียงใหม่-ฮอด กว้าง 8 เมตร ด้านข้างติดถนนซอยไม่ทราบชื่อกว้าง 26 เมตร ติดถนนเชียงใหม่-ฮอด ต.มะขามหลวง อ.สันป่าตอง จ.เชียงใหม่

บริษัทขอสงวนสิทธิ์ในการเปลี่ยนแปลงรายละเอียดทรัพย์สิน ราคาตั้งขาย รวมถึงเงื่อนไขอื่นใด หรือยกเลิกการ ขายทรัพย์สินได้โดยไม่ต้องแจ้งให้ผู้สนใจเสนอซื้อทราบล่วงหน้า

https://www.google.com/maps/search/?api=1&query=18.582742,98.994545"
https://baan.kaidee.com/product-370493920,"ราคา: 2,100,000
เนื้อที่: 57 ตารางวา | เนื้อที่ 57 ตารางวา | ห้องนอน 1 ห้องนอน | ห้องน้ำ 1 ห้องน้ำ | เป็นทรัพย์รอการขาย ใช่
💖 บ้าน สันกำแพง ราคาพิเศษ! 💖
รหัสทรัพย์ ： DUCHMSH0105001

สอบถามข้อมูลเพิ่มเติม นัดดูทรัพย์ >> 😊ทิ้งชื่อ เบอร์ติดต่อ ในแชท ให้เจ้าหน้าที่ขายติดต่อกลับได้เลยค่ะ😊 (บริษัทเปิดให้บริการติดต่อ วันจันทร์-ศุกร์ เวลา 9.00-17.00 ยกเว้นวันหยุดนักขัตฤกษ์)

หมู่บ้านมิตรมุข บ้านเดี่ยวชั้นเดียว 3 ห้องนอน, 2 ห้องน้ำ, 1 ห้องครัว, 1 ห้องนั่งเล่น พร้อมที่จอดรถ พื้นที่ใช้สอยขนาด 120 ตร.ม. เลขที่ 110/24 หมู่ที่ 8 ซอยเทพบุตร ห่างจากเชียงใหม่-สันกำแพง(สายเก่า)(ทล.1006) ประมาณ 700 ม.

บริษัทขอสงวนสิทธิ์ในการเปลี่ยนแปลงรายละเอียดทรัพย์สิน ราคาตั้งขาย รวมถึงเงื่อนไขอื่นใด หรือยกเลิกการ ขายทรัพย์สินได้โดยไม่ต้องแจ้งให้ผู้สนใจเสนอซื้อทราบล่วงหน้า

https://www.google.com/maps/search/?api=1&query=18.741565,99.115005"
https://baan.kaidee.com/product-370493993,"ราคา: 310,000
เนื้อที่: 105.3 ตารางวา | เนื้อที่ 105.3 ตารางวา | ห้องนอน 3 ห้องนอน | ห้องน้ำ 2 ห้องน้ำ | เป็นทรัพย์รอการขาย ใช่
💖 บ้าน แม่ริม ราคาพิเศษ! 💖
รหัสทรัพย์ ： HCHMSH0114001

สอบถามข้อมูลเพิ่มเติม นัดดูทรัพย์ >> 😊ทิ้งชื่อ เบอร์ติดต่อ ในแชท ให้เจ้าหน้าที่ขายติดต่อกลับได้เลยค่ะ😊 (บริษัทเปิดให้บริการติดต่อ วันจันทร์-ศุกร์ เวลา 9.00-17.00 ยกเว้นวันหยุดนักขัตฤกษ์)

ที่ดินพร้อมสิ่งปลูกสร้าง บ้านครึ่งตึกครึ่งไม้สองชั้น ที่ดินพร้อมบ้านครึ่งตึกครึ่งไม้สองชั้น ขนาด 6 X 7 ม. และยุ้งข้าวไม้ ขนาด 2 X 4 ม. สภาพเก่า ใกล้วัดสุวรรณาวาส (บ้านดง) อยู่ในหมู่บ้านดงใต้ ต.สันโป่ง

บริษัทขอสงวนสิทธิ์ในการเปลี่ยนแปลงรายละเอียดทรัพย์สิน ราคาตั้งขาย รวมถึงเงื่อนไขอื่นใด หรือยกเลิกการ ขายทรัพย์สินได้โดยไม่ต้องแจ้งให้ผู้สนใจเสนอซื้อทราบล่วงหน้า

https://www.google.com/maps/search/?api=1&query=18.96465,98.9678909"
https://baan.kaidee.com/product-370493994,"ราคา: 1,483,000
เนื้อที่: 65 ตารางวา | เนื้อที่ 65 ตารางวา | ห้องนอน 3 ห้องนอน | ห้องน้ำ 2 ห้องน้ำ | เป็นทรัพย์รอการขาย ใช่
💖 บ้าน สันทราย ราคาพิเศษ! 💖
รหัสทรัพย์ ： HCHMSH0145001

สอบถามข้อมูลเพิ่มเติม นัดดูทรัพย์ >> 😊ทิ้งชื่อ เบอร์ติดต่อ ในแชท ให้เจ้าหน้าที่ขายติดต่อกลับได้เลยค่ะ😊 (บริษัทเปิดให้บริการติดต่อ วันจันทร์-ศุกร์ เวลา 9.00-17.00 ยกเว้นวันหยุดนักขัตฤกษ์)

นพเก้า บ้านเดี่ยวชั้นเดียว , 3 ห้องนอน, 2 ห้องน้ำ, 1 ห้องครัว, 1 ห้องนั่งเล่น, 1 ที่จอดรถ พื้นที่ใช้สอยประมาณ 93.5 ตร.ม. สภาพทรุดโทรม ขายตามสภาพ เลขที่ 170/1 หมู่บ้านนพเก้า ห่างจากถนนเชีนงใหม่-ดอยสะเก็ด(ทล.118) ประมาณ 2.4 กม.

บริษัทขอสงวนสิทธิ์ในการเปลี่ยนแปลงรายละเอียดทรัพย์สิน ราคาตั้งขาย รวมถึงเงื่อนไขอื่นใด หรือยกเลิกการ ขายทรัพย์สินได้โดยไม่ต้องแจ้งให้ผู้สนใจเสนอซื้อทราบล่วงหน้า

https://www.google.com/maps/search/?api=1&query=18.86971,99.09395"
https://baan.kaidee.com/product-370494393,"ราคา: 4,189,000
เนื้อที่: 151 ตารางวา | เนื้อที่ 151 ตารางวา | ห้องนอน 1 ห้องนอน | ห้องน้ำ 1 ห้องน้ำ | เป็นทรัพย์รอการขาย ใช่
💖 อพาร์ทเม้นท์ สันป่าตอง ราคาพิเศษ! 💖
รหัสทรัพย์ ： DOCHMAB0100001

สอบถามข้อมูลเพิ่มเติม นัดดูทรัพย์ >> 😊ทิ้งชื่อ เบอร์ติดต่อ ในแชท ให้เจ้าหน้าที่ขายติดต่อกลับได้เลยค่ะ😊 (บริษัทเปิดให้บริการติดต่อ วันจันทร์-ศุกร์ เวลา 9.00-17.00 ยกเว้นวันหยุดนักขัตฤกษ์)

อพาร์ทเม้นท์ 2 ชั้น (หอพักสิงคราช) อาคารอพาร์ทเม้นท์ (หอพักสิงคราช) จำนวน 20 ห้อง (ขนาด 3.8*6 ตรม.) พร้อมโซนซักล้างและห้องน้ำในตัวทุกห้อง พื้นที่ใช้สอยรวม เลขที่ 111/2 หมู่ที่ 1 ซอย2ทุ้งอ้อสายนอก ตำบลสันกลาง อำเภอสันป่าตอง จังหวัดเชียงใหม่

บริษัทขอสงวนสิทธิ์ในการเปลี่ยนแปลงรายละเอียดทรัพย์สิน ราคาตั้งขาย รวมถึงเงื่อนไขอื่นใด หรือยกเลิกการ ขายทรัพย์สินได้โดยไม่ต้องแจ้งให้ผู้สนใจเสนอซื้อทราบล่วงหน้า

https://www.google.com/maps/search/?api=1&query=18.63999499,98.90097879"
https://baan.kaidee.com/product-370498770,"ราคา: 4,800,000
เนื้อที่: 351 ตารางวา | เนื้อที่ 351 ตารางวา
ที่ดิน พร้อมโรงงานผลิตเครื่องดื่ม มี อย.
ขายที่ดินพร้อม โรงงานผลิตเครื่องดื่มในภาชนะบรรจุที่ปิดสนิท ได้รับ อย.

****โรงงานสามารถดัดแปลงเป็นผลิตเครื่องดื่มได้หลากหลาย ตามความต้องการ เช่น เบียร์ กาแฟ ชา น้ำผลไม้ เป็นต้น****

ที่ดิน 3งาน 51.7ตรว. พื้นที่ส่วนอาคารโรงงานผลิตเครื่องดื่ม ปลอดฝุ่น เก็บความร้อนและความเย็นได้ดี ตัวอาคารสร้างจากวัสดุฉนวน 3นิ้ว ขนาด 60ตรม. (แบ่งสัดส่วน 3โซนชัดเจน ห้องแต่งกาย, ห้องผลิต และห้องบรรจุ) พื้นที่โรงงาน150 ตรม. ผลิตในระบบปิด ผ่านระบบท่อ stainless 304 ทั้งระบบ ปัจจุบันสามารถควบคุมอุณหภูมิทั้งโรงงานได้ที่ 19องศา ในอนาคตสามารถอัพเกรดเป็นห้องเย็นได้ทั้งอาคาร (60ตรม.)

ไฟฟ้า 3เฟส เต็มระบบ

เสนอขายที่ตั้งโรงงานอุปกรณ์ พร้อมสิ่งปลูกสร้างทั้งหมดตามภาพเครื่องกรองน้ำ RO ขนาด 6000ลิตร

ปัจจุบันกำลังผลิตเครื่องดื่มวันละ 1500ลิตร สามารถอัพเกรดได้ถึง 3000ลิตรต่อวัน

ถัง stainless 304 mixer ผ่านระบบท่อในระบบปิด ขนาด 150ลิตร

ถังแสตนเลส 304 หนา 3-5มม. เพื่อผลิตเครื่องดื่มจำนวน 3ถัง ขนาด 1200ลิตร จำนวน 2ถัง และ ถังขนาด 2300ลิตร จำนวน 1ถัง

สามารถผลิตเครื่องดื่มได้ทั้งระบบร้อน และระบบเย็น สามารถติดตั้ง heater ควบคุมความร้อนที่ใช้ในการผลิตแบบ pasteurized ได้

หัวบรรจุ 4หัว + ระบบราง slide บรรจุต่อเนื่อง 4หัว + 4หัว สามารถบรรจุได้ 12ชิ้นต่อนาที (ที่ขนาดบรรจุ 500มล.)

ถังบรรจุไนโตรเจนเหลวขนาด 10ลิตร และ ไนโตรเจนดรอปเปอร์ สำหรับแทนที่อากาศก่อนปิดผนึก

เครื่องปิดฝากระป๋องอลูมิเนียม 3ขนาด 220มม 375มม และ 500มม

ตู้แช่พักสินค้า ขนาด 700ชิ้น (500มล.)

ห้องน้ำด้านนอก 1ห้อง

ส่วนซักล้างทำความสะอาดด้านนอก 3.5*3เมตร

โครงสร้าง knockdown เพื่ออยู่อาศัย หรือ เก็บของ ด้านนอก (ไม่เสร็จ)

ด้านหลัง เป็นสวนโกโก้เก็บผลผลิตแล้วประมาณ 50ต้น และทุเรียนหมอนทองประมาณ 8ต้น (ยังไม่เก็บผลผลิต) รดน้ำอัตโนมัติ ผ่านท่อโดยระบบน้ำหยด วันละ 3ครั้ง

เสนอขายทั้งหมดในราคา 4,800,000บาท

พิกัด 18.67552250,99.00395434

เจ้าของขายเอง 089-8507870 คุณประทิน"
https://baan.kaidee.com/product-370518300,"ราคา: 2,700
เนื้อที่: 24 ตารางเมตร | ห้องนอน 1 ห้องนอน | ห้องน้ำ 1 ห้องน้ำ | เนื้อที่ 24 ตารางเมตร | เฟอร์นิเจอร์ มีบางส่วน
Vacant room for rent size 24 sq.m., next to Yupracha School
Vacant room for rent, size 24 sq.m., next to Yupracha School and Wat Lam Chang, Chiang Mai. There is a TV + refrigerator + microwave + fan + air cooler (furniture as seen in the picture). Electricity is 8 baht per unit. Free water + internet (free wifi, unlimited devices). Rent 2700 baht, deposit 3500 baht. Security system has 5 CCTV cameras, open 24 hours a day. Interested, contact 089-4910568 , line id: nopnop007

This room is suitable for those who want to sell online because there is a lot of space to put things."
https://baan.kaidee.com/product-370528579,"ราคา: 400,000
เนื้อที่: 173 ตารางวา | เนื้อที่ 173 ตารางวา
ขายที่ดินเปล่า อยู่ในหมู่บ้านแม่คะ ตรงข้ามบ่อน้ำมัน อ. ฝาง
ขายด่วน !! ราคาลดพิเศษ ที่ดินเปล่า อยู่ในหมู่บ้านแม่คะ เข้าซอยโรงเรียนบ้านแม่คะไปประมาณ 700 เมตร ที่ดินเป็นรูปสี่เหลี่ยม มีถนนเข้าถึงที่ดินรถยนต์เข้าได้ ไฟฟ้าและน้ำประปาผ่านที่ดิน เอกสารเป็นโฉนดรวมโอนแล้ว

++ เจ้าของขายเองไม่ผ่านนายหน้า ++

https://www.google.com/maps/@19.84741,99.2023542,3a,75y,140.17h,81.38t/data=!3m7!1e1!3m5!1sdoBe6QoY8aix5rBngyHjMQ!2e0!6shttps:%2F%2Fstreetviewpixels-pa.googleapis.com%2Fv1%2Fthumbnail%3Fcb_client%3Dmaps_sv.tactile%26w%3D900%26h%3D600%26pitch%3D8.621569537271697%26panoid%3DdoBe6QoY8aix5rBngyHjMQ%26yaw%3D140.16714381731498!7i16384!8i8192?entry=ttu&g_ep=EgoyMDI1MDMyNS4xIKXMDSoJLDEwMjExNDUzSAFQAw%3D%3D"
https://baan.kaidee.com/product-370528694,"ราคา: 3,800,000
เนื้อที่: 834 ตารางวา | เนื้อที่ 834 ตารางวา
ที่ดินเปล่า เชียงดาว เชียงใหม่ ติดแม่น้ำปิง
ปรับปรุงข้อมูลล่าสุด วันที่ 21 กุมภาพันธ์ 2568

ขายที่ดินเปล่า โครงการสวนงามปานนั้น
อ.เชียงดาว จ.เชียงใหม่
เนื้อที่ 2-0-34 ไร่ / 834 ตารางวา
เอกสารสิทธิ์ เป็น โฉนดที่ดิน 1 ฉบับ
ทางเข้าที่ดิน ติดทางหลวงหมายเลข 107 (เชียงใหม่-ฝาง)
ใช้เวลาเดินทางจากตัวเมืองเชียงใหม่ ทางรถยนต์ประมาณ
1 ชั่วโมง_ถนน 4 เลน อย่างดี
ทางเข้าที่ดิน อยู่บริเวณแยกบายพาส เชียงดาว
ตัวอำเภอ เชียงดาว จ.เชียงใหม่

ที่ดินแปลงนี้อยู่ติดลำน้ำปิง บริเวณโค้งน้ำ
ระดับที่ดินสูงเสมอกับถนนของโครงการ
การไฟฟ้าฯ ปัดเสาพาดสายถึงที่ดินทุกแปลงใน
โครงการแล้ว

ขายยกแปลง ราคา 3,800,000.- บาท
ติดต่อ โทร. 089-2302853 โต (เจ้าของขายเอง ครับ)"
https://baan.kaidee.com/product-370536948,"ราคา: 14,000,000
เนื้อที่: 101 ตารางวา | เนื้อที่ 101 ตารางวา | ห้องนอน 9 ห้องนอน | ห้องน้ำ 9 ห้องน้ำ | ชั้น 2 | เฟอร์นิเจอร์ ตกแต่งครบ
ขายหอพัก พื้นที่ 101 ตรว แถววัดอุโมงค์ เชียงใหม่
หอพักพร้อมบ้าน แถววัดอุโมงค์ใกล้ม. เชียงใหม่
ราคาขาย 14 ล้านบาท ค่าโอนคนละครึ่ง

ขายด่วน หอพัก ในเมืองเชียงใหม่ แถววัดอุโมงค์ หลัง ม.เชียงใหม่ มี9ห้อง กับบ้านเช่า1หลัง รายได้ต่อเดือน 3-4 หมื่น เป็น ห้องพัดลม=6 /ห้องแอร์=3/ บ้านเช่า=1 มีคนเช่าเต็มทุกห้อง/ส่วนมากนักศึกษา มีที่จอดรถมอเตอร์ไซด์ และพอจอดรถยนต์ได้ 1 คัน"
https://baan.kaidee.com/product-370538458,"ราคา: 773,000
เนื้อที่: 515 ตารางวา | เนื้อที่ 515 ตารางวา | เป็นทรัพย์รอการขาย ไม่ใช่
ที่ดินเปล่า 515 ตร.ว. ที่ดินเปล่า ใกล้เขื่อนแม่งัดสมบูรณ์ชล กรมชลประธาน ถนนซุปเปอร์ไฮเวย์ เชียงใหม่-ลำปาง ถนนสาย ชม.4046 แม่แตง เชียงใหม่
คุณ ณัฐกานต์ ผดุงมาตรวรกุล (แก้ม)
เบอร์ติดต่อ : 081-566-9229
Office : 02-946-6206
สอบถามทางไลน์ https://lin.ee/xTo07Pn
Line ID: @interhome

รหัสอสังหาริมทรัพย์ : 61498
ขนาด 515 ตร.ว.

ที่ตั้ง : ที่ดินเปล่า ใกล้เขื่อนแม่งัดสมบูรณ์ชล กรมชลประธาน ถ.ซุปเปอร์ไฮเวย์เชียงใหม่-ลำปาง แม่แตง เชียงใหม่

รายละเอียด
ใกล้แหล่งธรรมชาติ แหล่งท่องเที่ยว ใกล้วัดหัวฝาย สถานีอนามัยตำบลแม่หอพระ
ขายที่ดินเปล่า ใกล้เขื่อนแม่งัดสมบูรณ์ชล กรมชลประธาน ถนนซุปเปอร์ไฮเวย์ เชียงใหม่-ลำปาง
ถนนสาย ชม.4046 ตำบลแม่หอพระ อำเภอแม่แตง จังหวัดเชียงใหม่

เป็นที่ดินจัดสรร อำเภอแม่แตง กว้างประมาณ 35 เมตร ลึกประมาณ 56 เมตร
เป็นรูปสี่เหลี่ยมผืนผ้า ห่างจากอำเภอเชียงดาว 53 กม. ห่างจากอำเภอเมืองเชียงใหม่ 56 กม.ห่างจากเขื่อนแแม่งัด11 กม.

ทำเลดีสถานที่ใกล้เคียง
ใกล้แหล่งธรรมชาติ แหล่งท่องเที่ยว ใกล้วัดหัวฝาย สถานีอนามัยตำบลแม่หอพระ
โรงเรียนแม่หอพระวิทยาคม ใกล้เขื่อนแม่งัดสมบูรณ์ชล กรมชลประธาน

การเดินทางสะดวก
ถนนซุปเปอร์ไฮเวย์ เชียงใหม่-ลำปาง ถนนทางหลวงแผ่นดินหมายเลข 1001
ถนนสาย ชม.4046

บริษัท อินเตอร์โฮม เรียลตี้ เอสเตท จำกัด
Interhome Realty Estate
www.interhome.co.th
โทร. 02-946-6206

https://www.interhome.co.th/propertydetail.php?propcode=61498"
https://baan.kaidee.com/product-370539684,"ราคา: 4,200,000
เนื้อที่: 52.5 ตารางวา | ห้องนอน 3 ห้องนอน | ห้องน้ำ 3 ห้องน้ำ | เนื้อที่ 52.5 ตารางวา | เป็นทรัพย์รอการขาย ไม่ใช่
บ้านเดี่ยว 2 ชั้น 52.5 ตร.ว. หมู่บ้านเดอะ กรีนเนอรี่ เซ็นทรัล (The Greenery Central) แยกเชียงใหม่-ดอยสะเก็ด ถนนเชียงใหม่-ดอยสะเก็ด ถนนสมโภชเ
คุณ รัชนีกร จันทร์มา (อิม)
เบอร์ติดต่อ : 081-530-3744
Office : 02-946-6206
สอบถามทางไลน์ https://lin.ee/xTo07Pn
Line ID: @interhome

รหัสอสังหาริมทรัพย์ : 61512
ขนาด 52.5 ตร.ว.

ที่ตั้ง : หมู่บ้านเดอะ กรีนเนอรี่ เซ็นทรัล (The Greenery Central) ถ.เชียงใหม่-ดอยสะเก็ด สันทราย เชียงใหม่

รายละเอียด
ใกล้โลตัสสันทราย เซ็นทรัล เฟสติวัล เชียงใหม่ ตลาดสามแยก โรงพยาบาลเทพปัญญา
หมู่บ้านเดอะ กรีนเนอรี่ เซ็นทรัล (The Greenery Central) ขายบ้านเดี่ยว 2 ชั้น
ขายบ้านเดี่ยว 2 ชั้น แยกเชียงใหม่-ดอยสะเก็ด ถนนเชียงใหม่-ดอยสะเก็ด
ถนนสมโภชเชียงใหม่ 700 ปี ตำบลสันทรายน้อย อำเภอสันทราย จังหวัดเชียงใหม่

สูง 2 ชั้น 3 นอน 3 น้ำ 1 ครัว 1 ห้องนั่งเล่น
มีแอร์ 4 ตัว

การตกแต่ง
พื้นชั้นล่างปูกระเบื้อง พื้นชั้นบนปูลามิเนต
บ้านสวยตกแต่งบิวท์อินทั้งหลัง ขายพร้อมเฟอร์นิเจอร์บางส่วน
ครัวบิวท์อิน ต่อเติมหลังคาหน้าบ้านสำหรับจอดรถ ปูกระเบื้องรอบบ้าน
ค่าส่วนกลาง 6,000 กว่าบาท / ปี

ทำเลดี สถานที่ใกล้เคียง
โลตัสสันทราย เซ็นทรัล เฟสติวัล เชียงใหม่ ตลาดสามแยก โรงพยาบาลเทพปัญญา
เทสโก้โลตัส เชียงใหม่-รวมโชค โรงเรียนสวนองุ่นเชียงใหม่ โรงเรียนวัดสันคะยอม โรงเรียนอนุบาลวัยดรุณ เมต้า มอลล์ เชียงใหม่ โลตัสโกเฟรช ซูเปอร์มาร์เก็ต สันทราย

การเดินทางสะดวก
ถนนเชียงใหม่-ดอยสะเก็ด ถนนสมโภชเชียงใหม่ 700 ปี
ใกล้ถนนวงแหวนรอบ 2 , 3 ใกล้สนามบินเชียงใหม่

บริษัท อินเตอร์โฮม เรียลตี้ เอสเตท จำกัด
Interhome Realty Estate
www.interhome.co.th
โทร. 02-946-6206

https://www.interhome.co.th/propertydetail.php?propcode=61512"
https://baan.kaidee.com/product-370547711,"ราคา: 4,421,000
เนื้อที่: 84.2 ตารางเมตร | เนื้อที่ 84.2 ตารางเมตร | ห้องนอน 1 ห้องนอน | ห้องน้ำ 2 ห้องน้ำ | เป็นทรัพย์รอการขาย ใช่
💖 คอนโด เมืองเชียงใหม่ ราคาพิเศษ! 💖
รหัสทรัพย์ ： DECHMCU0105001

สอบถามข้อมูลเพิ่มเติม นัดดูทรัพย์ >> 😊ทิ้งชื่อ เบอร์ติดต่อ ในแชท ให้เจ้าหน้าที่ขายติดต่อกลับได้เลยค่ะ😊 (บริษัทเปิดให้บริการติดต่อ วันจันทร์-ศุกร์ เวลา 9.00-17.00 ยกเว้นวันหยุดนักขัตฤกษ์)

ทัชฮิลเพลส ห้องชุดชั้นเดียวขนาดพื้นที่ใช้สอย 84.2 ตรม. ตั้งอยู่ชั้น 5 หมายเลขห้อง 504 โดยภายในแบ่งเป็นสัดส่วน ประกอบไปด้วย 1 ห้องครัว 1 ห้องโถงใหญ่ 1 ห้องนอน 2 ห้องน้ำ พร้อมระเบียงด้านนอกสามารถมองเห็นวิวดอยสุเทพได้อย่างชัดเจน อาคารชุดทัชฮิลเพลส ติดถนนหนองฮ้อ ตรงข้ามศูนย์แสดงสินค้านานาชาติเชียงใหม่

บริษัทขอสงวนสิทธิ์ในการเปลี่ยนแปลงรายละเอียดทรัพย์สิน ราคาตั้งขาย รวมถึงเงื่อนไขอื่นใด หรือยกเลิกการ ขายทรัพย์สินได้โดยไม่ต้องแจ้งให้ผู้สนใจเสนอซื้อทราบล่วงหน้า

https://www.google.com/maps/search/?api=1&query=18.8234967,98.9602096"
https://baan.kaidee.com/product-370547712,"ราคา: 1,587,000
เนื้อที่: 30.21 ตารางเมตร | เนื้อที่ 30.21 ตารางเมตร | ห้องนอน 2 ห้องนอน | ห้องน้ำ 1 ห้องน้ำ | เป็นทรัพย์รอการขาย ใช่
💖 คอนโด เมืองเชียงใหม่ ราคาพิเศษ! 💖
รหัสทรัพย์ ： DECHMCU0111001

สอบถามข้อมูลเพิ่มเติม นัดดูทรัพย์ >> 😊ทิ้งชื่อ เบอร์ติดต่อ ในแชท ให้เจ้าหน้าที่ขายติดต่อกลับได้เลยค่ะ😊 (บริษัทเปิดให้บริการติดต่อ วันจันทร์-ศุกร์ เวลา 9.00-17.00 ยกเว้นวันหยุดนักขัตฤกษ์)

พาราโน่ คอนโดแอทเชียงใหม่ ห้องเลขที่ 156/17 ชั้นที่ 2 อาคารสูง 8 ชั้น พื้นที่ใช้สอย 30.21 ตรม. ห้องเลขที่ 156/17 ชั้นที่ 2 อาคารสูง 8 ชั้น โครงการ พาราโน่ คอนโดแอทเชียงใหม่ ติดถนนสายเชียงใหม่-บ้านสหกรณ์ (ทล.1317) ต.ท่าศาลา อ.เมืองเชียงใหม่ จ.เชียงใหม่

บริษัทขอสงวนสิทธิ์ในการเปลี่ยนแปลงรายละเอียดทรัพย์สิน ราคาตั้งขาย รวมถึงเงื่อนไขอื่นใด หรือยกเลิกการ ขายทรัพย์สินได้โดยไม่ต้องแจ้งให้ผู้สนใจเสนอซื้อทราบล่วงหน้า

https://www.google.com/maps/search/?api=1&query=18.764587,99.035152"
https://baan.kaidee.com/product-370548077,"ราคา: 1,500,000
เนื้อที่: 17.4 ตารางวา | เนื้อที่ 17.4 ตารางวา | ห้องนอน 2 ห้องนอน | ห้องน้ำ 2 ห้องน้ำ | เป็นทรัพย์รอการขาย ใช่
💖 ทาวน์เฮ้าส์ เมืองเชียงใหม่ ราคาพิเศษ! 💖
รหัสทรัพย์ ： DDCHMTH0103001

สอบถามข้อมูลเพิ่มเติม นัดดูทรัพย์ >> 😊ทิ้งชื่อ เบอร์ติดต่อ ในแชท ให้เจ้าหน้าที่ขายติดต่อกลับได้เลยค่ะ😊 (บริษัทเปิดให้บริการติดต่อ วันจันทร์-ศุกร์ เวลา 9.00-17.00 ยกเว้นวันหยุดนักขัตฤกษ์)

ทาวน์เฮ้าส์ ทาวน์เฮ้าส์ 2 ชั้น เลขที่ 108/24 จำนวน 1 คูหา ขนาดอาคาร 4x12เมตร พื้นที่ใช้สอยรวม 144 ตารางเมตร ประกอบด้วย 2 ห้องนอน 2ห้องน้ำ 1 ห้องโถง 1 ที่จอดรถ เลขที่ 108/24 อยู่ติดถนนซอย 4 มหิดล ห่างจากถนนมหิดลเพียง 200 เมตร อยู่ใกล้สี่แยกหนองหอย

บริษัทขอสงวนสิทธิ์ในการเปลี่ยนแปลงรายละเอียดทรัพย์สิน ราคาตั้งขาย รวมถึงเงื่อนไขอื่นใด หรือยกเลิกการ ขายทรัพย์สินได้โดยไม่ต้องแจ้งให้ผู้สนใจเสนอซื้อทราบล่วงหน้า

https://www.google.com/maps/search/?api=1&query=18.755135,99.003152"
https://baan.kaidee.com/product-370548310,"ราคา: 1,208,000
เนื้อที่: 223 ตารางวา | เนื้อที่ 223 ตารางวา | เป็นทรัพย์รอการขาย ใช่
💖 ที่ดิน หางดง ราคาพิเศษ! 💖
รหัสทรัพย์ ： DACHMVL0141001

สอบถามข้อมูลเพิ่มเติม นัดดูทรัพย์ >> 😊ทิ้งชื่อ เบอร์ติดต่อ ในแชท ให้เจ้าหน้าที่ขายติดต่อกลับได้เลยค่ะ😊 (บริษัทเปิดให้บริการติดต่อ วันจันทร์-ศุกร์ เวลา 9.00-17.00 ยกเว้นวันหยุดนักขัตฤกษ์)

ที่ดินเปล่า โครงการพรพรหมพาราไดซ์ ที่ดินเปล่า ถมแล้ว เสมอถนน ขนาดที่ดินประมาณ 42x22 รูปร่างที่ดินเป็นรูปสี่เหลี่ยมผืนผ้า ไม่มีไฟฟ้าเข้าถึง
ถนนผ่านหน้าทรัพย์เป็นถนนคอนกรีต กว้าง 6 ม. ตั้งอยู่ในโครงการพรพรหมพาราไดซ์ บริเวณกม.ที่ 18 ถนนเชียงใหม่-ฮอด ตำบลหารแก้ว

บริษัทขอสงวนสิทธิ์ในการเปลี่ยนแปลงรายละเอียดทรัพย์สิน ราคาตั้งขาย รวมถึงเงื่อนไขอื่นใด หรือยกเลิกการ ขายทรัพย์สินได้โดยไม่ต้องแจ้งให้ผู้สนใจเสนอซื้อทราบล่วงหน้า

https://www.google.com/maps/search/?api=1&query=18.647226,98.904404"
https://baan.kaidee.com/product-370548312,"ราคา: 523,000
เนื้อที่: 131 ตารางวา | เนื้อที่ 131 ตารางวา | เป็นทรัพย์รอการขาย ใช่
💖 ที่ดิน หางดง ราคาพิเศษ! 💖
รหัสทรัพย์ ： DACHMVL0164001

สอบถามข้อมูลเพิ่มเติม นัดดูทรัพย์ >> 😊ทิ้งชื่อ เบอร์ติดต่อ ในแชท ให้เจ้าหน้าที่ขายติดต่อกลับได้เลยค่ะ😊 (บริษัทเปิดให้บริการติดต่อ วันจันทร์-ศุกร์ เวลา 9.00-17.00 ยกเว้นวันหยุดนักขัตฤกษ์)

ที่ดินเปล่า โครงการพรพรหมพาราไดซ์ ที่ดินเปล่า ถมแล้ว เสมอถนน ขนาดที่ดินประมาณ 24x20 รูปร่างที่ดินเป็นรูปสี่เหลี่ยมผืนผ้า ไม่มีไฟฟ้าเข้าถึง
ถนนผ่านหน้าทรัพย์เป็นถนนคอนกรีต กว้าง 6 ม. ตั้งอยู่ในโครงการพรพรหมพาราไดซ์ บริเวณกม.ที่ 18 ถนนเชียงใหม่-ฮอด ตำบลหารแก้ว

บริษัทขอสงวนสิทธิ์ในการเปลี่ยนแปลงรายละเอียดทรัพย์สิน ราคาตั้งขาย รวมถึงเงื่อนไขอื่นใด หรือยกเลิกการ ขายทรัพย์สินได้โดยไม่ต้องแจ้งให้ผู้สนใจเสนอซื้อทราบล่วงหน้า

https://www.google.com/maps/search/?api=1&query=18.642183,98.903965"
https://baan.kaidee.com/product-370548313,"ราคา: 503,000
เนื้อที่: 84 ตารางวา | เนื้อที่ 84 ตารางวา | เป็นทรัพย์รอการขาย ใช่
💖 ที่ดิน หางดง ราคาพิเศษ! 💖
รหัสทรัพย์ ： DACHMVL0171001

สอบถามข้อมูลเพิ่มเติม นัดดูทรัพย์ >> 😊ทิ้งชื่อ เบอร์ติดต่อ ในแชท ให้เจ้าหน้าที่ขายติดต่อกลับได้เลยค่ะ😊 (บริษัทเปิดให้บริการติดต่อ วันจันทร์-ศุกร์ เวลา 9.00-17.00 ยกเว้นวันหยุดนักขัตฤกษ์)

ที่ดินเปล่า โครงการพรพรหมพาราไดซ์ ที่ดินเปล่า ถมแล้ว เสมอถนน ขนาดที่ดินประมาณ 17x20 รูปร่างที่ดินเป็นรูปสี่เหลี่ยมผืนผ้า ไม่มีไฟฟ้าเข้าถึง ถนนผ่านหน้าทรัพย์เป็นถนนคอนกรีต กว้าง 6 ม. ตั้งอยู่ในโครงการพรพรหมพาราไดซ์ บริเวณกม.ที่ 18 ถนนเชียงใหม่-ฮอด ตำบลหารแก้ว

บริษัทขอสงวนสิทธิ์ในการเปลี่ยนแปลงรายละเอียดทรัพย์สิน ราคาตั้งขาย รวมถึงเงื่อนไขอื่นใด หรือยกเลิกการ ขายทรัพย์สินได้โดยไม่ต้องแจ้งให้ผู้สนใจเสนอซื้อทราบล่วงหน้า

https://www.google.com/maps/search/?api=1&query=18.642183,98.903965"
https://baan.kaidee.com/product-370548314,"ราคา: 629,000
เนื้อที่: 105 ตารางวา | เนื้อที่ 105 ตารางวา | เป็นทรัพย์รอการขาย ใช่
💖 ที่ดิน หางดง ราคาพิเศษ! 💖
รหัสทรัพย์ ： DACHMVL0178001

สอบถามข้อมูลเพิ่มเติม นัดดูทรัพย์ >> 😊ทิ้งชื่อ เบอร์ติดต่อ ในแชท ให้เจ้าหน้าที่ขายติดต่อกลับได้เลยค่ะ😊 (บริษัทเปิดให้บริการติดต่อ วันจันทร์-ศุกร์ เวลา 9.00-17.00 ยกเว้นวันหยุดนักขัตฤกษ์)

ที่ดินเปล่า โครงการพรพรหมพาราไดซ์ ที่ดินเปล่า ถมแล้ว เสมอถนน ขนาดที่ดินประมาณ 20x20 รูปร่างที่ดินเป็นรูปสี่เหลี่ยมจัตุรัส ไม่มีไฟฟ้าเข้าถึง
ถนนผ่านหน้าทรัพย์เป็นถนนคอนกรีต กว้าง 6 ม. ตั้งอยู่ในโครงการพรพรหมพาราไดซ์ บริเวณกม.ที่ 18 ถนนเชียงใหม่-ฮอด ตำบลหารแก้ว

บริษัทขอสงวนสิทธิ์ในการเปลี่ยนแปลงรายละเอียดทรัพย์สิน ราคาตั้งขาย รวมถึงเงื่อนไขอื่นใด หรือยกเลิกการ ขายทรัพย์สินได้โดยไม่ต้องแจ้งให้ผู้สนใจเสนอซื้อทราบล่วงหน้า

https://www.google.com/maps/search/?api=1&query=18.653817,98.913753"
https://baan.kaidee.com/product-370548316,"ราคา: 719,000
เนื้อที่: 168 ตารางวา | เนื้อที่ 168 ตารางวา | เป็นทรัพย์รอการขาย ใช่
💖 ที่ดิน หางดง ราคาพิเศษ! 💖
รหัสทรัพย์ ： DACHMVL0242001

สอบถามข้อมูลเพิ่มเติม นัดดูทรัพย์ >> 😊ทิ้งชื่อ เบอร์ติดต่อ ในแชท ให้เจ้าหน้าที่ขายติดต่อกลับได้เลยค่ะ😊 (บริษัทเปิดให้บริการติดต่อ วันจันทร์-ศุกร์ เวลา 9.00-17.00 ยกเว้นวันหยุดนักขัตฤกษ์)

ที่ดินเปล่า โครงการพรพรหมพาราไดซ์ ที่ดินแปลงย่อย จัดสรรแบ่งขาย ในโครงการพรพรหมพาราไดซ์ ตำบลหารแก้ว

บริษัทขอสงวนสิทธิ์ในการเปลี่ยนแปลงรายละเอียดทรัพย์สิน ราคาตั้งขาย รวมถึงเงื่อนไขอื่นใด หรือยกเลิกการ ขายทรัพย์สินได้โดยไม่ต้องแจ้งให้ผู้สนใจเสนอซื้อทราบล่วงหน้า

https://www.google.com/maps/search/?api=1&query=18.6544107,98.9123192"
https://baan.kaidee.com/product-370548368,"ราคา: 707,000
เนื้อที่: 118 ตารางวา | เนื้อที่ 118 ตารางวา | เป็นทรัพย์รอการขาย ใช่
💖 ที่ดิน หางดง ราคาพิเศษ! 💖
รหัสทรัพย์ ： DRCHMVL0100001

สอบถามข้อมูลเพิ่มเติม นัดดูทรัพย์ >> 😊ทิ้งชื่อ เบอร์ติดต่อ ในแชท ให้เจ้าหน้าที่ขายติดต่อกลับได้เลยค่ะ😊 (บริษัทเปิดให้บริการติดต่อ วันจันทร์-ศุกร์ เวลา 9.00-17.00 ยกเว้นวันหยุดนักขัตฤกษ์)

ที่ดินเปล่า โครงการพรพรหมพาราไดซ์ ที่ดินเปล่า ขนาดหน้ากว้าง 20 ม. ,ยาว 25 ม. โครงการพรพรหม พาราไดซ์ ถนนเชียงใหม่-ฮอด(ทล.108) ตำบลหารแก้ว อำเภอหางดง จังหวัดเชียงใหม่

บริษัทขอสงวนสิทธิ์ในการเปลี่ยนแปลงรายละเอียดทรัพย์สิน ราคาตั้งขาย รวมถึงเงื่อนไขอื่นใด หรือยกเลิกการ ขายทรัพย์สินได้โดยไม่ต้องแจ้งให้ผู้สนใจเสนอซื้อทราบล่วงหน้า

https://www.google.com/maps/search/?api=1&query=18.65458,98.91269"
https://baan.kaidee.com/product-370548371,"ราคา: 432,000
เนื้อที่: 96 ตารางวา | เนื้อที่ 96 ตารางวา | เป็นทรัพย์รอการขาย ใช่
💖 ที่ดิน สันป่าตอง ราคาพิเศษ! 💖
รหัสทรัพย์ ： HCHMVL0154001

สอบถามข้อมูลเพิ่มเติม นัดดูทรัพย์ >> 😊ทิ้งชื่อ เบอร์ติดต่อ ในแชท ให้เจ้าหน้าที่ขายติดต่อกลับได้เลยค่ะ😊 (บริษัทเปิดให้บริการติดต่อ วันจันทร์-ศุกร์ เวลา 9.00-17.00 ยกเว้นวันหยุดนักขัตฤกษ์)

ที่ดินเปล่าน้ำบ่อหลวง ที่ดินเปล่าสภาพยังไม่ได้ถม ติดทางสาธารณะเป็นถนนคสล.กว้าง 3 เมตร ละแวกใกล้เคียงเป็นที่ดินเปล่า สลับกับบ้านเดียว และที่ดินเกษตรกรรม ห่างถนนเลียบคลองชลประทานประมาณ 300 เมตร ติดถนนสาธารณะ

บริษัทขอสงวนสิทธิ์ในการเปลี่ยนแปลงรายละเอียดทรัพย์สิน ราคาตั้งขาย รวมถึงเงื่อนไขอื่นใด หรือยกเลิกการ ขายทรัพย์สินได้โดยไม่ต้องแจ้งให้ผู้สนใจเสนอซื้อทราบล่วงหน้า

https://www.google.com/maps/search/?api=1&query=18.6481554891,98.858782311"
https://baan.kaidee.com/product-370548402,"ราคา: 3,410,000
เนื้อที่: 232 ตารางวา | เนื้อที่ 232 ตารางวา | ห้องนอน 1 ห้องนอน | ห้องน้ำ 1 ห้องน้ำ | เป็นทรัพย์รอการขาย ใช่
💖 บ้าน หางดง ราคาพิเศษ! 💖
รหัสทรัพย์ ： 29CHMSH0002000

สอบถามข้อมูลเพิ่มเติม นัดดูทรัพย์ >> 😊ทิ้งชื่อ เบอร์ติดต่อ ในแชท ให้เจ้าหน้าที่ขายติดต่อกลับได้เลยค่ะ😊 (บริษัทเปิดให้บริการติดต่อ วันจันทร์-ศุกร์ เวลา 9.00-17.00 ยกเว้นวันหยุดนักขัตฤกษ์)

บ้านเดี่ยว ทรัพย์เป็นที่ดินพร้อมสิ่งปลุกสร้าง จำนวน 3 หลัง อยุ่ในเขตชุมชนบ้านโขงขาว ทรัพย์ตั้งอยู่ตำบลขุนคง อำเภอหางดง จังหวัดเชียงใหม่

บริษัทขอสงวนสิทธิ์ในการเปลี่ยนแปลงรายละเอียดทรัพย์สิน ราคาตั้งขาย รวมถึงเงื่อนไขอื่นใด หรือยกเลิกการ ขายทรัพย์สินได้โดยไม่ต้องแจ้งให้ผู้สนใจเสนอซื้อทราบล่วงหน้า

https://www.google.com/maps/search/?api=1&query=18.681341,98.944576"
https://baan.kaidee.com/product-370548443,"ราคา: 1,500,000
เนื้อที่: 30 ตารางวา | เนื้อที่ 30 ตารางวา | ห้องนอน 3 ห้องนอน | ห้องน้ำ 2 ห้องน้ำ | เป็นทรัพย์รอการขาย ใช่
💖 บ้าน ดอยสะเก็ด ราคาพิเศษ! 💖
รหัสทรัพย์ ： DDCHMSH0152001

สอบถามข้อมูลเพิ่มเติม นัดดูทรัพย์ >> 😊ทิ้งชื่อ เบอร์ติดต่อ ในแชท ให้เจ้าหน้าที่ขายติดต่อกลับได้เลยค่ะ😊 (บริษัทเปิดให้บริการติดต่อ วันจันทร์-ศุกร์ เวลา 9.00-17.00 ยกเว้นวันหยุดนักขัตฤกษ์)

พฤกษ์พนา บ้านตึก 2 ชั้น เนื้อที่ 30 ตารางวา พื้นที่ใช้สอยรวม 106 ตางรางเมตร 3 ห้องนอน 2 ห้องน้ำ 1 ห้องรับแขก 1 ห้องครัว 1 ที่จอดรถ สภาพปรับปรุงแล้ว ฉ.35616 ต.สันปูเลย อ.ดอยสะเก็ด จ.เชียงใหม่ เลขที่ 301/63 หมู่ 3 โครงการบ้านพฤกษ์พนา (ซอย1/2) ถนนสายเชียงใหม่-ดอยสะเก็ด (ทล.118)

บริษัทขอสงวนสิทธิ์ในการเปลี่ยนแปลงรายละเอียดทรัพย์สิน ราคาตั้งขาย รวมถึงเงื่อนไขอื่นใด หรือยกเลิกการ ขายทรัพย์สินได้โดยไม่ต้องแจ้งให้ผู้สนใจเสนอซื้อทราบล่วงหน้า

https://www.google.com/maps/search/?api=1&query=18.821438,99.055426"
https://baan.kaidee.com/product-370548445,"ราคา: 16,263,000
เนื้อที่: 7533 ตารางวา | เนื้อที่ 7533 ตารางวา | ห้องนอน 1 ห้องนอน | ห้องน้ำ 1 ห้องน้ำ | เป็นทรัพย์รอการขาย ใช่
💖 บ้าน แม่แตง ราคาพิเศษ! 💖
รหัสทรัพย์ ： DDCHMSH0153001

สอบถามข้อมูลเพิ่มเติม นัดดูทรัพย์ >> 😊ทิ้งชื่อ เบอร์ติดต่อ ในแชท ให้เจ้าหน้าที่ขายติดต่อกลับได้เลยค่ะ😊 (บริษัทเปิดให้บริการติดต่อ วันจันทร์-ศุกร์ เวลา 9.00-17.00 ยกเว้นวันหยุดนักขัตฤกษ์)

บ้านเดี่ยว ที่ดินแปลงใหญ่ พร้อมอาคารสำนักงานชั้นเดียว 1 หลัง และอาคารพักอาศัยชั้นเดียว 1 หลัง ติดถนน 3 ด้าน ไฟฟ้าเข้าถึง ตั้งอยู่หมู่บ้านปงแสงทอง ติดถนนนิคมสหกรณ์แม่แตง ใกล้ตลาดสดแม่มาลัย ต.สันมหาพน

บริษัทขอสงวนสิทธิ์ในการเปลี่ยนแปลงรายละเอียดทรัพย์สิน ราคาตั้งขาย รวมถึงเงื่อนไขอื่นใด หรือยกเลิกการ ขายทรัพย์สินได้โดยไม่ต้องแจ้งให้ผู้สนใจเสนอซื้อทราบล่วงหน้า

https://www.google.com/maps/search/?api=1&query=19.092911,98.919058"
https://baan.kaidee.com/product-370548446,"ราคา: 4,807,000
เนื้อที่: 678.3 ตารางวา | เนื้อที่ 678.3 ตารางวา | ห้องนอน 3 ห้องนอน | ห้องน้ำ 4 ห้องน้ำ | เป็นทรัพย์รอการขาย ใช่
💖 บ้าน ดอยสะเก็ด ราคาพิเศษ! 💖
รหัสทรัพย์ ： DDCHMSH0172001

สอบถามข้อมูลเพิ่มเติม นัดดูทรัพย์ >> 😊ทิ้งชื่อ เบอร์ติดต่อ ในแชท ให้เจ้าหน้าที่ขายติดต่อกลับได้เลยค่ะ😊 (บริษัทเปิดให้บริการติดต่อ วันจันทร์-ศุกร์ เวลา 9.00-17.00 ยกเว้นวันหยุดนักขัตฤกษ์)

บ้านเดี่ยวชั้นเดียว บ้านตึกพักอาศัยชั้นเดียว ประกอบด้วย 3 ห้องนอน 4 ห้องน้ำ 1 โถง 1 ครัว พื้นที่ใช้สอย 205 ตรม. ฉ.30710 , 61174 ไม่ติดบ้านเลขที่ หมู่ 1 บ้านสันต้นแหน ถนนสายดอยสะเก็ด-บ่อสร้าง (ทล.1014) ต.แม่คือ อ.ดอยสะเก็ด จ.เชียงใหม่

บริษัทขอสงวนสิทธิ์ในการเปลี่ยนแปลงรายละเอียดทรัพย์สิน ราคาตั้งขาย รวมถึงเงื่อนไขอื่นใด หรือยกเลิกการ ขายทรัพย์สินได้โดยไม่ต้องแจ้งให้ผู้สนใจเสนอซื้อทราบล่วงหน้า

https://www.google.com/maps/search/?api=1&query=18.789516,99.104046"
https://baan.kaidee.com/product-370548480,"ราคา: 2,200,000
เนื้อที่: 107.3 ตารางวา | เนื้อที่ 107.3 ตารางวา | ห้องนอน 3 ห้องนอน | ห้องน้ำ 2 ห้องน้ำ | เป็นทรัพย์รอการขาย ใช่
💖 บ้าน สารภี ราคาพิเศษ! 💖
รหัสทรัพย์ ： DECHMSH0181001

สอบถามข้อมูลเพิ่มเติม นัดดูทรัพย์ >> 😊ทิ้งชื่อ เบอร์ติดต่อ ในแชท ให้เจ้าหน้าที่ขายติดต่อกลับได้เลยค่ะ😊 (บริษัทเปิดให้บริการติดต่อ วันจันทร์-ศุกร์ เวลา 9.00-17.00 ยกเว้นวันหยุดนักขัตฤกษ์)

บ้านพรสววรค์ ที่ดินพร้อมสิ่งปลูกสร้างบ้านตึกชั้นเดียวขนาด 103.6 ตร.ม. 3 ห้องนอน 2 ห้องน้ำ 1 ห้องนั่งเล่น ด้านหน้าติดถนนสาธารณะภายในโครงการพรสวรรค์ สาธารณูปโภคครบเหมาะแก่การอยู่อาศัย 118/8 ถนนสายป่าแดด-บ้านธิ

บริษัทขอสงวนสิทธิ์ในการเปลี่ยนแปลงรายละเอียดทรัพย์สิน ราคาตั้งขาย รวมถึงเงื่อนไขอื่นใด หรือยกเลิกการ ขายทรัพย์สินได้โดยไม่ต้องแจ้งให้ผู้สนใจเสนอซื้อทราบล่วงหน้า

https://www.google.com/maps/search/?api=1&query=18.69249,99.05535"
https://baan.kaidee.com/product-370548481,"ราคา: 1,980,000
เนื้อที่: 306 ตารางวา | เนื้อที่ 306 ตารางวา | ห้องนอน 2 ห้องนอน | ห้องน้ำ 2 ห้องน้ำ | เป็นทรัพย์รอการขาย ใช่
💖 บ้าน ฝาง ราคาพิเศษ! 💖
รหัสทรัพย์ ： DECHMSH0206001

สอบถามข้อมูลเพิ่มเติม นัดดูทรัพย์ >> 😊ทิ้งชื่อ เบอร์ติดต่อ ในแชท ให้เจ้าหน้าที่ขายติดต่อกลับได้เลยค่ะ😊 (บริษัทเปิดให้บริการติดต่อ วันจันทร์-ศุกร์ เวลา 9.00-17.00 ยกเว้นวันหยุดนักขัตฤกษ์)

บ้านเดี่ยว บ้านตึกชั้นเดียว 2 ห้องนอน 2 ห้องน้ำ ห้องครัว 1 หลัง และอาคารส่วนโล่งหลังคาคลุม 1 หลัง ห่างจากทางหลวงสายเชียงใหม่ - ฝาง ช่วง กม.146 เข้าถนนชุมชนบ้านสันหนองเขียว ต.สันทราย

บริษัทขอสงวนสิทธิ์ในการเปลี่ยนแปลงรายละเอียดทรัพย์สิน ราคาตั้งขาย รวมถึงเงื่อนไขอื่นใด หรือยกเลิกการ ขายทรัพย์สินได้โดยไม่ต้องแจ้งให้ผู้สนใจเสนอซื้อทราบล่วงหน้า

https://www.google.com/maps/search/?api=1&query=19.86854,99.173729"
https://baan.kaidee.com/product-370548482,"ราคา: 2,660,000
เนื้อที่: 52.5 ตารางวา | เนื้อที่ 52.5 ตารางวา | ห้องนอน 4 ห้องนอน | ห้องน้ำ 2 ห้องน้ำ | เป็นทรัพย์รอการขาย ใช่
💖 บ้าน สารภี ราคาพิเศษ! 💖
รหัสทรัพย์ ： DECHMSH0232001

สอบถามข้อมูลเพิ่มเติม นัดดูทรัพย์ >> 😊ทิ้งชื่อ เบอร์ติดต่อ ในแชท ให้เจ้าหน้าที่ขายติดต่อกลับได้เลยค่ะ😊 (บริษัทเปิดให้บริการติดต่อ วันจันทร์-ศุกร์ เวลา 9.00-17.00 ยกเว้นวันหยุดนักขัตฤกษ์)

บ้านตึก 2 ชั้น ในโครงการบุญฟ้าแกรนด์โฮม บ้านตึก 2 ชั้น สภาพปานกลาง ขนาดพื้นที่ใช้สอย 121.5 ตรม. ภายในแบ่งเป็น 4 ห้องนอน 2 ห้องน้ำ 1 ห้องโถงใหญ่ สาธารณูปโภคครบ เหมาะสำหรับเป็นที่อยู่อาศัย เลขที่ 222/44 หมู่ที่ 4 ภายในโครงการบุญฟ้าแกรนโฮม

บริษัทขอสงวนสิทธิ์ในการเปลี่ยนแปลงรายละเอียดทรัพย์สิน ราคาตั้งขาย รวมถึงเงื่อนไขอื่นใด หรือยกเลิกการ ขายทรัพย์สินได้โดยไม่ต้องแจ้งให้ผู้สนใจเสนอซื้อทราบล่วงหน้า

https://www.google.com/maps/search/?api=1&query=18.7525897,99.0703448"
https://baan.kaidee.com/product-370548487,"ราคา: 2,406,000
เนื้อที่: 43 ตารางวา | เนื้อที่ 43 ตารางวา | ห้องนอน 1 ห้องนอน | ห้องน้ำ 1 ห้องน้ำ | เป็นทรัพย์รอการขาย ใช่
💖 บ้าน เมืองเชียงใหม่ ราคาพิเศษ! 💖
รหัสทรัพย์ ： DECHMSH0324001

สอบถามข้อมูลเพิ่มเติม นัดดูทรัพย์ >> 😊ทิ้งชื่อ เบอร์ติดต่อ ในแชท ให้เจ้าหน้าที่ขายติดต่อกลับได้เลยค่ะ😊 (บริษัทเปิดให้บริการติดต่อ วันจันทร์-ศุกร์ เวลา 9.00-17.00 ยกเว้นวันหยุดนักขัตฤกษ์)

บ้านเดี่ยว เชียงใหม่ ที่ดินพร้อมบ้านตึกชั้นเดียวสภาพเก่า พื้นที่ใช้สอยภายใน 107 ตรม.ด้านข้างติดถนนซอยไม่ทราบชื่อเป็นทางส่วนบุคคล ด้านหน้าติดถนนซอยอนุบาล(ทางสาธารณะ) ด้านที่ติดถนนซอยอนุบาล มีการปลูกสร้างสิ่งปลูกสร้างบ้านตึก 2 ชั้น รุกล้ำเข้ามาในเขตบางส่วน ซอยอนุบาล ต.ป่าตัน อ.เมืองเชียงใหม่ จ.เชียงใหม่

บริษัทขอสงวนสิทธิ์ในการเปลี่ยนแปลงรายละเอียดทรัพย์สิน ราคาตั้งขาย รวมถึงเงื่อนไขอื่นใด หรือยกเลิกการ ขายทรัพย์สินได้โดยไม่ต้องแจ้งให้ผู้สนใจเสนอซื้อทราบล่วงหน้า

https://www.google.com/maps/search/?api=1&query=18.807525,98.993407"
https://baan.kaidee.com/product-370548629,"ราคา: 1,300,000
เนื้อที่: 57.2 ตารางวา | เนื้อที่ 57.2 ตารางวา | ห้องนอน 2 ห้องนอน | ห้องน้ำ 3 ห้องน้ำ | เป็นทรัพย์รอการขาย ใช่
💖 บ้าน ดอยสะเก็ด ราคาพิเศษ! 💖
รหัสทรัพย์ ： DICHMSH0100001

สอบถามข้อมูลเพิ่มเติม นัดดูทรัพย์ >> 😊ทิ้งชื่อ เบอร์ติดต่อ ในแชท ให้เจ้าหน้าที่ขายติดต่อกลับได้เลยค่ะ😊 (บริษัทเปิดให้บริการติดต่อ วันจันทร์-ศุกร์ เวลา 9.00-17.00 ยกเว้นวันหยุดนักขัตฤกษ์)

หมู่บ้านแสงทิพย์ บ้านเดียวชั้นเดียว สภาพปรับปรุงแล้ว พร้อมอยู่ ประกอบด้วย 2 ห้องนอน 3 ห้องน้ำ 1ห้องครัว 1 ห้องโถง 1 โรงจอดรถ พื้นที่ใช้สอย 120.50 ตรม. โฉนดเลขที่ 47972 ต.แม่คือ อ.ดอยสะเก็ด จ.เชียงใหม่ เนื้อที่ 0-0-57.2 ไร่ หรือ 57.2 ตรว. เลขที่110/13 หมูบ้านแสงทิพย์ ถนนสายบ่อสร้าง-ดอยสะเก็ด(ทล.1014) ประมาณ 1 กิโลเมตร ต.แม่คือ

บริษัทขอสงวนสิทธิ์ในการเปลี่ยนแปลงรายละเอียดทรัพย์สิน ราคาตั้งขาย รวมถึงเงื่อนไขอื่นใด หรือยกเลิกการ ขายทรัพย์สินได้โดยไม่ต้องแจ้งให้ผู้สนใจเสนอซื้อทราบล่วงหน้า

https://www.google.com/maps/search/?api=1&query=18.787437,99.109957"
https://baan.kaidee.com/product-370548642,"ราคา: 2,185,000
เนื้อที่: 52.6 ตารางวา | เนื้อที่ 52.6 ตารางวา | ห้องนอน 3 ห้องนอน | ห้องน้ำ 2 ห้องน้ำ | เป็นทรัพย์รอการขาย ใช่
💖 บ้าน สารภี ราคาพิเศษ! 💖
รหัสทรัพย์ ： DNCHMSH0104001

สอบถามข้อมูลเพิ่มเติม นัดดูทรัพย์ >> 😊ทิ้งชื่อ เบอร์ติดต่อ ในแชท ให้เจ้าหน้าที่ขายติดต่อกลับได้เลยค่ะ😊 (บริษัทเปิดให้บริการติดต่อ วันจันทร์-ศุกร์ เวลา 9.00-17.00 ยกเว้นวันหยุดนักขัตฤกษ์)

บ้านตึกชั้นเดียวโครงการบุญฟ้าแกรนด์โฮม บ้านตึกชั้นเดียวสภาพปานกลาง ขนาดพื้นที่ใช้สอย 81 ตรม. ภายในแบ่งเป็น 3 ห้องนอน 2 ห้องน้ำ 1 ห้องโถงใหญ่ สาธารณูปโภคครบ เหมาะสำหรับเป็นที่อยู่อาศัย เลขที่ 222/4 หมู่ที่ 4 ภายในโครงการบุญฟ้าแกรนโฮม

บริษัทขอสงวนสิทธิ์ในการเปลี่ยนแปลงรายละเอียดทรัพย์สิน ราคาตั้งขาย รวมถึงเงื่อนไขอื่นใด หรือยกเลิกการ ขายทรัพย์สินได้โดยไม่ต้องแจ้งให้ผู้สนใจเสนอซื้อทราบล่วงหน้า

https://www.google.com/maps/search/?api=1&query=18.742548,99.06114"
https://baan.kaidee.com/product-370560113,"ราคา: 12,345,000
เนื้อที่: 2469 ตารางวา | เนื้อที่ 2469 ตารางวา | เป็นทรัพย์รอการขาย ไม่ใช่
ที่ดินเปล่า 6 ไร่ 69 ตร.ว. ที่ดินเปล่า ใกล้เทศบาลตำบลสองแคว ถนนหมายเลข108 ถนนเลี่ยงเมืองสันป่าตองหางดง (หมายเลข116,119 ) ดอยหล่อ เชียงใหม่
คุณ ปิยะพงษ์ อินทโต (ต๊าฟ)
เบอร์ติดต่อ : 089-983-8666
Office : 02-946-6206
สอบถามทางไลน์ https://lin.ee/xTo07Pn
Line ID: @interhome

รหัสอสังหาริมทรัพย์ : 61631
ขนาด 6 ไร่69 ตร.ว.

ที่ตั้ง : ที่ดินเปล่า ใกล้เทศบาลตำบลสองแคว ถ.ทางหลวง108 ดอยหล่อ เชียงใหม่

รายละเอียด
ใกล้เทศบาลตำบลสองแคว
ขายที่ดินเปล่า ถนนหมายเลข108 ถนนเลี่ยงเมืองสันป่าตองหางดง (หมายเลข116,119 )
ตำบลสองแคว อำเภอดอยหล่อ จังหวัดเชียงใหม่

ที่ดินหน้ากว้างประมาณ 77 เมตร อยู่ริมถนน 108

ทำเลดี สถานที่ใกล้เคียง
ที่ดินติดริมถนนใหญ่
ใกล้เทศบาลตำบลสองแคว

การเดินทางสะดวก
ถนนเลี่ยงเมืองสันป่าตองหางดง (หมายเลข116,119 )
ถนนหมายเลข108

บริษัท อินเตอร์โฮม เรียลตี้ เอสเตท จำกัด
Interhome Realty Estate
www.interhome.co.th
โทร. 02-946-6206

https://www.interhome.co.th/propertydetail.php?propcode=61631"
https://baan.kaidee.com/product-370583966,"ราคา: 5,400,000
ที่ดิน 3 งาน 6 ตารางวา ใกล้ตลาดสด ติดทางหลวงสาย 1089 ฝาง-ท่าตอน ด้านหลังมีถนนออกซอยหลังตลาดสด มีสิ่งปลูกสร้างห้องแถวชั้นเดียว,2คูหา,2 ห้องนอน,2 ห้องน้ำ บ้านเดี่ยวชั้นครึ่ง, 3 ห้องนอน,3 ห้องน้ำ,2 ห้องครัว ติดต่อ. 0818831469,0910424012
ตึกแถวพร้อมบ้านและที่ดิน"
https://baan.kaidee.com/product-370584025,"ราคา: 5,400,000
เนื้อที่: 306 ตารางวา | เนื้อที่ 306 ตารางวา | ห้องนอน 3 | ห้องน้ำ 3 | เฟอร์นิเจอร์ มีบางส่วน | ปีที่สร้างเสร็จ 2022 | ผู้พัฒนา/เจ้าของโครงการ อื่นๆ
ที่ดิน 3 งาน 6 ตารางวา ใกล้ตลาดสด ติดทางหลวงสาย 1089 ฝาง-ท่าตอน ด้านหลังมีถนนออกซอยหลังตลาดสด มีสิ่งปลูกสร้างห้องแถวชั้นเดียว,2คูหา,2 ห้องนอน,2 ห้องน้ำ บ้านเดี่ยวชั้นครึ่ง, 3 ห้องนอน,3 ห้องน้ำ,2 ห้องครัว ติดต่อ. 0818831469,0910424012
ตึกแถวติดถนนหลวงด้านหน้า"
https://baan.kaidee.com/product-370589459,"ราคา: 1,909,000
เนื้อที่: 35 ตารางวา | เนื้อที่ 35 ตารางวา | ห้องนอน 1 | ห้องน้ำ 1 | ชั้น 7 | เฟอร์นิเจอร์ ตกแต่งครบ | ผู้พัฒนา/เจ้าของโครงการ อื่นๆ | ปีที่สร้างเสร็จ 2014 | อนุญาตให้เลี้ยงสัตว์ ไม่อนุญาต
ขาย One Plus วันพลัส บิสสิเนส พาร์ค 2
ขาย One Plus วันพลัส บิสสิเนส พาร์ค 2
ขนาด 34 ตร.ม ราคา 1,859,000 บาท พอน้อมคนเช่า เดือน 8,000 บาท
ชั้น 7 มี 1 ห้องนอน 1
สถานที่ใกล้เคียง
มหาวิทยาลัยพายัพ
บิ๊กซีเอ๊กตร้า
เซ็นต์ทรัลเฟสติวัล
แม็คโคร
สถานีขนส่งอาเขตเชียงใหม่
ในห้องเฟอร์นิเจอร์ครบ
เค้าเตอร์ครัวบิวท์อิน
ทีวี 32 นิ้ว 1 เครื่อง
แอร์ 2
เครื่องทำน้ำอุ่น 1
ตู้เย็น 1
เครื่องซักผ้า 1
ไมโคเวฟ 1
ผ้าม่าน สองชั้น
ติดฟิล์มกันร้อนทั้งห้อง
สิ่งอำนวยความสะดวก
อินเตอร์เน็ตไร้สาย
ฟิตเนส
ซาวน่า
สระว่ายน้ำ
กล้องวงจรปิด
เจ้าหน้าที่รักษาความปลอดภัย 24 ชั่วโมง

ติดต่อ 0629659998 บอย"
https://baan.kaidee.com/product-370595690,"ราคา: 13,900,000
เนื้อที่: 196.7 ตารางวา | เนื้อที่ 196.7 ตารางวา | ห้องนอน 5 | ห้องน้ำ 5 | ผู้พัฒนา/เจ้าของโครงการ อื่นๆ | เฟอร์นิเจอร์ ตกแต่งครบ | ปีที่สร้างเสร็จ 2015 | เป็นทรัพย์รอการขาย ไม่ใช่
ขายพลูวิลล่า 196 ตรว. อำเภอเมืองเชียงใหม่, ใกล้ รร.นานาชาติ โซนรวมโชคพลาซ่า
#บ้านพูลวิลล่าเชียงใหม่ ทำเลดีมาก เดินทางสะดวก บนถนนรอบ2 รวมโชคพลาซ่า-ศูนย์ราชการ ~ 400 เมตร
สำหรับอยู่อาศัยหรือต่อยอดธุรกิจเช่า/ร้านอาหาร/คาเฟ่/ฟิตเนส
🔸 เนื้อที่ดิน 196.7 ตรว
🔸 พื้นที่ใช้สอย ~320ตรม.
🔸 5 ห้องนอน 5 ห้องน้ำ
🔸 1ห้องเก็บของ
🔸 ครัวบิวท์อินใหม่ครบชุด
🔸 สระว่ายน้ำใหม่ ระบบเกลือ 3.5×7.5 ม.
⚠️จอดรถได้ถึง 4 คัน ( 2 ที่ร่ม 2 ที่โล่ง)
ประตูรีโมท พร้อมกล้องวงจรปิด
✅ แอร์ 4 เครื่อง
✅ ตู้อบ ไมโครเวฟ HAFELE
✅ เตาแก๊ส และเครื่องดูดควัน HAFELE
✅ เครื่องทำน้ำอุ่นทุกห้อง
✅ บิวท์อินตู้ เตียงพร้อมที่นอนใหม่คุณภาพสูง
✅ 3 นาที ร้านอาหารครัวคำหวาน
✅ 3 นาที The Dukes สาขารวมโชค
✅ 4 นาที ตลาดมีโชคพลาซ่า/โลตัส/โฮมโปร ศูนย์อาหารรวมโชคมอลล์
✅ 4 นาที โรงเรียนนานาชาติ NIS

❌ราคาพิเศษ 13,900,000 บาท
(ปกติราคา 14,900,000บาท)
TEL/ Line 089 778 5355

#POOLVILLA for Sale in Chiang Mai #NoFlooding 3 minutes Walk to restaurants.
🔸 Land space 776 sq.m
🔸 House space ~300 sq.m
✅ 5 bedrooms, 5 bathrooms,
✅ 1 Multipurpose room
✅ 1 Storage room.
✅ New built-in kitchen.
🅿️ 4 Parking (2 inshade)
✅ Remote gate.
✅ New swimming pool, salt system 3.5m x 7.5 m.
✅ CCTV around the house.
🔸 New electric equipments.
✅ 4 air conditioners
✅ Microwave oven
✅ Gas stove and hood
✅ Water heater in every room
✅ Built-in closest and beds with high-quality new mattresses
♦️No village fee - taking care by the Government 30฿/month.
🚗 3 mins to The Dukes, Ruamchok
🚗 4 mins from NIS International School
🚗 4 mins to Meechok Plaza
💥Off Price 13,900,000 baht
✅ Transfer fee 50/50

#หมู่บ้านลานนาวิลล์
#บ้านพูลวิลล่าเชียงใหม่
#โรงเรียนนานาชาติ
#ศูนย์การค้ามอลล์
#ริมปิงช้อปปิ้งเมต้ามอลล์
#ที่พักอาศัยรวมโชค
#แหล่งรวมธุรกิจมีโชคพลาซ่า
#บ้านดีดี #บ้านมือสอง #บ้านเช่า
#poolvillachiangmai #Internationalshool
#houseforsale
#TheDukesrestaurant
#MeeChokPlaza
#NISinternational"
https://baan.kaidee.com/product-370608732,"ราคา: 4,000
เนื้อที่: 274 ตารางวา | เนื้อที่ 274 ตารางวา
ขายที่ดิน นาข้าว 2 งาน 74 ตรว.
ขายที่ดินนาข้าวจำนวน 1 แปลง พิกัด หมู่บ้านบวกห้า ต.น้ำแพร่ อ.หางดง จ.เชียงใหม่ เป็นที่นาข้าวล็อคกลาง แถวกลาง ของที่นาข้าวหมู่บ้าน ที่ดินเป็นรูปสี่เหลี่ยมผืนผ้า ขนาดพื้นที่ 2 งาน 74 ตรว. ขายราคา ตรว.ละ 4,000 บาท สนใจติดต่อตามเบอร์ที่ลงไว้ หรือนัดดูชมที่ดินก่อนได้ ยินดีรับนายหน้า ให้ 3%"
https://baan.kaidee.com/product-370622011,"ราคา: 1,520,000
เนื้อที่: 25 ตารางวา | เนื้อที่ 25 ตารางวา | ห้องนอน 2 ห้องนอน | ห้องน้ำ 2 ห้องน้ำ | เป็นทรัพย์รอการขาย ใช่
💖 ทาวน์เฮ้าส์ สันทราย ราคาพิเศษ! 💖
รหัสทรัพย์ ： DECHMTH0120001

สอบถามข้อมูลเพิ่มเติม นัดดูทรัพย์ >> 😊ทิ้งชื่อ เบอร์ติดต่อ ในแชท ให้เจ้าหน้าที่ขายติดต่อกลับได้เลยค่ะ😊 (บริษัทเปิดให้บริการติดต่อ วันจันทร์-ศุกร์ เวลา 9.00-17.00 ยกเว้นวันหยุดนักขัตฤกษ์)

อรสิริน 4 ทาวน์เฮ้าส์ 2 ชั้น 2 ห้องนอน, 2 ห้องน้ำ, 1 ห้องครัว, 1 ห้องนั่งเล่น, 1 ที่จอดรถ พร้อมระบบรักษาความปลอดภัย รปภ. 24 ชม., คีย์การ์ดเข้า-ออก โครงการ เลขที่ 399/28 หมู่ 10 หมู่บ้านอรสิริน 4 ติดถนนสายหลักของโครงการ

บริษัทขอสงวนสิทธิ์ในการเปลี่ยนแปลงรายละเอียดทรัพย์สิน ราคาตั้งขาย รวมถึงเงื่อนไขอื่นใด หรือยกเลิกการ ขายทรัพย์สินได้โดยไม่ต้องแจ้งให้ผู้สนใจเสนอซื้อทราบล่วงหน้า

https://www.google.com/maps/search/?api=1&query=18.918889,98.997909"
https://baan.kaidee.com/product-370622144,"ราคา: 6,300,000
เนื้อที่: 62.8 ตารางวา | เนื้อที่ 62.8 ตารางวา | ห้องนอน 1 ห้องนอน | ห้องน้ำ 1 ห้องน้ำ | เป็นทรัพย์รอการขาย ใช่
💖 บ้าน สารภี ราคาพิเศษ! 💖
รหัสทรัพย์ ： DDCHMSH0177001

สอบถามข้อมูลเพิ่มเติม นัดดูทรัพย์ >> 😊ทิ้งชื่อ เบอร์ติดต่อ ในแชท ให้เจ้าหน้าที่ขายติดต่อกลับได้เลยค่ะ😊 (บริษัทเปิดให้บริการติดต่อ วันจันทร์-ศุกร์ เวลา 9.00-17.00 ยกเว้นวันหยุดนักขัตฤกษ์)

โครงการดิโอเรียลทอล รีเจนท์ 3 ที่ดินพร้อมบ้านตึก 2 ชั้นในโครงการ ดิโอเรียลทอล เชียงใหม่ พื้นที่ใช้สอย 174 ตรม. แบ่งเป็น 3 นอน 3 น้ำ สภาพปานกลาง บ้านเลขที่ 99/166 ใกล้สนามบินและสถานที่สำคัญมากมาย เช่นมหาวิทยาลัยพายัพ เซ็นทรัลเฟสติวัล ห้างบิ๊กซีดอนจั่น 99/166 โครงการ ดิโอเรียลทอล รีเจนท์ 3

บริษัทขอสงวนสิทธิ์ในการเปลี่ยนแปลงรายละเอียดทรัพย์สิน ราคาตั้งขาย รวมถึงเงื่อนไขอื่นใด หรือยกเลิกการ ขายทรัพย์สินได้โดยไม่ต้องแจ้งให้ผู้สนใจเสนอซื้อทราบล่วงหน้า

https://www.google.com/maps/search/?api=1&query=18.755232,99.04181"
https://baan.kaidee.com/product-370622145,"ราคา: 2,940,000
เนื้อที่: 53.3 ตารางวา | เนื้อที่ 53.3 ตารางวา | ห้องนอน 1 ห้องนอน | ห้องน้ำ 1 ห้องน้ำ | เป็นทรัพย์รอการขาย ใช่
💖 บ้าน หางดง ราคาพิเศษ! 💖
รหัสทรัพย์ ： DDCHMSH0178001

สอบถามข้อมูลเพิ่มเติม นัดดูทรัพย์ >> 😊ทิ้งชื่อ เบอร์ติดต่อ ในแชท ให้เจ้าหน้าที่ขายติดต่อกลับได้เลยค่ะ😊 (บริษัทเปิดให้บริการติดต่อ วันจันทร์-ศุกร์ เวลา 9.00-17.00 ยกเว้นวันหยุดนักขัตฤกษ์)

ดิ อลีญา บ้านเดี่ยว 2 ชั้น, 3 ห้องนอน, 3 ห้องน้ำ 1 ห้องครัว บ้านเดี่ยว 2 ชั้น ในโครงการ ดิ อลีญา เดินทางเข้าออกสะดวก ห่างจากถนนสาบเชียงใหม่-ฮอด ทล.108 ประมาณ 1 กม.

บริษัทขอสงวนสิทธิ์ในการเปลี่ยนแปลงรายละเอียดทรัพย์สิน ราคาตั้งขาย รวมถึงเงื่อนไขอื่นใด หรือยกเลิกการ ขายทรัพย์สินได้โดยไม่ต้องแจ้งให้ผู้สนใจเสนอซื้อทราบล่วงหน้า

https://www.google.com/maps/search/?api=1&query=18.685918,98.931241"
https://baan.kaidee.com/product-370622146,"ราคา: 1,566,000
เนื้อที่: 584 ตารางวา | เนื้อที่ 584 ตารางวา | ห้องนอน 1 ห้องนอน | ห้องน้ำ 1 ห้องน้ำ | เป็นทรัพย์รอการขาย ใช่
💖 บ้าน แม่วาง ราคาพิเศษ! 💖
รหัสทรัพย์ ： DDCHMSH0179001

สอบถามข้อมูลเพิ่มเติม นัดดูทรัพย์ >> 😊ทิ้งชื่อ เบอร์ติดต่อ ในแชท ให้เจ้าหน้าที่ขายติดต่อกลับได้เลยค่ะ😊 (บริษัทเปิดให้บริการติดต่อ วันจันทร์-ศุกร์ เวลา 9.00-17.00 ยกเว้นวันหยุดนักขัตฤกษ์)

บ้านเดี่ยว เชียงใหม่ บ้านเดี่ยวชั้นเดียว ภายในกว้างขวางด้วยพื้นที่ใช้สอยขนาด 99.75 ตรม. ไม่มีรั้วรอบขอบชิด เลขที่ 41 หมู่ที่ 8 ถนนสายบ้านแสนคำ-บ้านทุ่งป่าคาใต้ ห่างจากแยกจากถนนสายบ้านกิ่วแลป่าเป้า-ดอยหล่อ (ชม.3018) ห่างจากเทศบาลตำบลทุ่งปี้ประมาณ 2.62 กม.

บริษัทขอสงวนสิทธิ์ในการเปลี่ยนแปลงรายละเอียดทรัพย์สิน ราคาตั้งขาย รวมถึงเงื่อนไขอื่นใด หรือยกเลิกการ ขายทรัพย์สินได้โดยไม่ต้องแจ้งให้ผู้สนใจเสนอซื้อทราบล่วงหน้า

https://www.google.com/maps/search/?api=1&query=18.572417,98.818596"
https://baan.kaidee.com/product-370622165,"ราคา: 4,296,000
เนื้อที่: 219.6 ตารางวา | เนื้อที่ 219.6 ตารางวา | ห้องนอน 1 ห้องนอน | ห้องน้ำ 1 ห้องน้ำ | เป็นทรัพย์รอการขาย ใช่
💖 บ้าน สันทราย ราคาพิเศษ! 💖
รหัสทรัพย์ ： DECHMSH0345001

สอบถามข้อมูลเพิ่มเติม นัดดูทรัพย์ >> 😊ทิ้งชื่อ เบอร์ติดต่อ ในแชท ให้เจ้าหน้าที่ขายติดต่อกลับได้เลยค่ะ😊 (บริษัทเปิดให้บริการติดต่อ วันจันทร์-ศุกร์ เวลา 9.00-17.00 ยกเว้นวันหยุดนักขัตฤกษ์)

ชุมชนสหกรณ์นิคม 2 บ้านเดี่ยวชั้นเดียว พื้นที่ใช้สอยขนาด 177 ตร.ม. เดินทางเข้า-ออกสะดวก เลขที่ 386 หมู่ที่ 5 ซอย 13(ซอยตัน) ชุมชนสหกรณ์นิคม 2 แยกจากถนนสายเชียงใหม่-พร้าว(ทล.1001) เข้าไปประมาณ 300 ม.

บริษัทขอสงวนสิทธิ์ในการเปลี่ยนแปลงรายละเอียดทรัพย์สิน ราคาตั้งขาย รวมถึงเงื่อนไขอื่นใด หรือยกเลิกการ ขายทรัพย์สินได้โดยไม่ต้องแจ้งให้ผู้สนใจเสนอซื้อทราบล่วงหน้า

https://www.google.com/maps/search/?api=1&query=18.886729,99.016166"
https://baan.kaidee.com/product-370622270,"ราคา: 1,550,000
เนื้อที่: 320 ตารางวา | เนื้อที่ 320 ตารางวา | ห้องนอน 1 ห้องนอน | ห้องน้ำ 1 ห้องน้ำ | เป็นทรัพย์รอการขาย ใช่
💖 บ้าน สันป่าตอง ราคาพิเศษ! 💖
รหัสทรัพย์ ： HCHMSH0149001

สอบถามข้อมูลเพิ่มเติม นัดดูทรัพย์ >> 😊ทิ้งชื่อ เบอร์ติดต่อ ในแชท ให้เจ้าหน้าที่ขายติดต่อกลับได้เลยค่ะ😊 (บริษัทเปิดให้บริการติดต่อ วันจันทร์-ศุกร์ เวลา 9.00-17.00 ยกเว้นวันหยุดนักขัตฤกษ์)

บ้านเดี่ยว เชียงใหม่ บ้านเดี่ยวชั้นเดียว และอาคารจอดรถ ภายในบ้านเดี่ยวชั้นเดียวพื้นที่ใช้สอยขนาด 114.50 ตร.ม. เลขที่ 199 หมู่ 11 ทุ่งป่าคาเหนือซอย 3 ห่างจากถนนสันป่าตอง-แม่วาง (ทล.1013) ประมาณ 4.1 กม.

บริษัทขอสงวนสิทธิ์ในการเปลี่ยนแปลงรายละเอียดทรัพย์สิน ราคาตั้งขาย รวมถึงเงื่อนไขอื่นใด หรือยกเลิกการ ขายทรัพย์สินได้โดยไม่ต้องแจ้งให้ผู้สนใจเสนอซื้อทราบล่วงหน้า

https://www.google.com/maps/search/?api=1&query=18.576342,98.814261"
https://baan.kaidee.com/product-370622849,"ราคา: 19,800,000
เนื้อที่: 22.15 ไร่ | เนื้อที่ 22.15 ไร่ | เป็นทรัพย์รอการขาย ไม่ใช่
ที่ดินเปล่า 22 ไร่ 15 ตร.ว. ที่ดินเปล่า ใกล้วัดสันกำแพง ถนนเชียงใหม่-สันกำแพง สันกำแพง เชียงใหม่
คุณ สุภัตรา พลอยแดง (แพร)
เบอร์ติดต่อ : 086-028-2215
Office : 02-946-6206
สอบถามทางไลน์ https://lin.ee/xTo07Pn
Line ID: @interhome

รหัสอสังหาริมทรัพย์ : 62019
ขนาด 22 ไร่15 ตร.ว.

ที่ตั้ง : ที่ดินเปล่า ใกล้วัดสันกำแพง ถ.เชียงใหม่สันกำแพง สันกำแพง เชียงใหม่

รายละเอียด
ใกล้ตลาดสันกำแพง ตลาดบ่อสร้าง น้ำพุร้อนสันกำแพง

ขายที่ดินเปล่า ใกล้วัดสันกำแพง ถนนเชียงใหม่-สันกำแพง ตำบลสันกำแพง อำเภอสันกำแพง จังหวัดเชียงใหม่

ที่ดินเปล่า เป็นสวน และทุ่งนา

ทำเลดีสถานที่ใกล้เคียง
ใกล้ตลาดสันกำแพง ตลาดบ่อสร้าง
น้ำพุร้อนสันกำแพง
เซ็นทรัลเฟสติวัลเชียงใหม่ ศูนย์ทำร่มบ่อสร้าง
มหาวิทยาลัยพายัพ
วิทยาลัยเทคนิคสันกำแพง
โรงเรียนบ้านสันกำแพง
โรงพยาบาลสันกำแพง

การเดินทางสะดวก
ถนนเชียงใหม่-สันกำแพง ถนนรอบเมืองเชียงใหม่ ถนนซุปเปอร์ไฮเวย์ เชียงใหม่-ลำปาง

บริษัท อินเตอร์โฮม เรียลตี้ เอสเตท จำกัด
Interhome Realty Estate
www.interhome.co.th
โทร. 02-946-6206

https://www.interhome.co.th/propertydetail.php?propcode=62019"
https://baan.kaidee.com/product-370680514,"ราคา: 5,000,000
เนื้อที่: 11 ไร่ | เนื้อที่ 11 ไร่ | เป็นทรัพย์รอการขาย ไม่ใช่
ขายที่ดินพร้อมบ้านแม่แจ่ม เขียงใหม่
ขาย ที่ดิน พร้อมบ้าน 11 ไร่ ติดแม่น้ำ แม่แจ่ม เชียงใหม่

ขาย ที่ดิน พร้อมบ้าน
เนื้อที่ 11 ไร่ 2 งาน 26 ตร.วา
รายละเอียดเพิ่มเติม...
- ติดแม่น้ำแม่แจ่ม
- ติดป่าสงวนแห่งชาติ แม่แจ่ม
- ใกล้ดอยอินทนนท์

ราคาขาย 5,000,000 บาท
(ค่าโอนคนละครึ่ง)
ที่อยู่ : ตำบล ท่าผา อำเภอ แม่แจ่ม จังหวัด เชียงใหม่ 50270

สนใจติดต่อ
คุณอาย (ไม่รับนายหน้า)
โทร : 0816151551

ที่อยู่ : ตำบลท่าผา อำเภอแม่แจ่ม เชียงใหม่ 50270
https://maps.app.goo.gl/Eb7jkMpSPhytF5n4A?g_st=il"
https://baan.kaidee.com/product-370687270,"ราคา: 560,000
เนื้อที่: 108 ตารางวา | เนื้อที่ 108 ตารางวา
ที่ดินเปล่า แม่แตง
ที่ดินมีโฉนด ติดกับทางสาธารณะประโยชน์ ใกล้เทศบาลเมืองแกน เขตชุมชน เพียงลงจากสะพานช่อแล 30 เมตร เลี้ยวเข้าซอยแรกขวามือ ที่ดินอยู่ทางด้านซ้ายมือ ผู้ใดสนใจต่อรองราคาได้"
https://baan.kaidee.com/product-370694895,"ราคา: 2,000,000
เนื้อที่: 89 | ห้องนอน 2 ห้องนอน | ห้องน้ำ 2 ห้องน้ำ | เนื้อที่ 89 | ชั้น บ้านปูนชั้ | อนุญาตให้เลี้ยงสัตว์ เลี้ยงสัตว์ได้ | เฟอร์นิเจอร์ มีบางส่วน | ปีที่สร้างเสร็จ 2028
บ้านเดี่ยวชั้นเดียว
บ้านสวนชั้นเดียว น้ำไฟพร้อมถนนคอนกรีต"
https://baan.kaidee.com/product-370700563,"ราคา: 31,370,500
เนื้อที่: 15.274 ไร่ | เนื้อที่ 15.274 ไร่ | เป็นทรัพย์รอการขาย ไม่ใช่
ที่ดินเปล่า 15 ไร่ 274.1 ตร.ว. ที่ดินเปล่า ใกล้เซ็นทรัล เฟสติวัล เชียงใหม่ ถนนเชียงใหม่-สันทราย ถนนสันทราย สันทราย เชียงใหม่
คุณ สุภัตรา พลอยแดง (แพร)
เบอร์ติดต่อ : 086-028-2215
Office : 02-946-6206
สอบถามทางไลน์ https://lin.ee/xTo07Pn
Line ID: @interhome

รหัสอสังหาริมทรัพย์ : 62396
ขนาด 15 ไร่274.1 ตร.ว.

ที่ตั้ง : ที่ดินเปล่า ใกล้เซ็นทรัล เฟสติวัล เชียงใหม่ ถ.เชียงใหม่-สันทราย สันทราย เชียงใหม่

รายละเอียด
ใกล้ห้างสรรพสินค้าเซ็นทรัล เฟสติวัล เชียงใหม่ โรงพยาบาลแมคคอร์มิค โรงเรียนวิทยาคม

ขายที่ดินเปล่า ใกล้เซ็นทรัล เฟสติวัล เชียงใหม่ ถนนเชียงใหม่-สันทราย ถนนสันทราย ตำบลสันนาเม็ง อำเภอสันทราย จังหวัดเชียงใหม่

ที่ดินเปล่า ถมแล้วบางส่วน
เหมาะสำหรับสร้างที่อยู่อาศัย ทำโครงการบ้านจัดสรร ทำเลดีมาก

ทำเลดี สถานที่ใกล้เคียง
ใกล้ห้างสรรพสินค้าเซ็นทรัล เฟสติวัล เชียงใหม่ โรงพยาบาลแมคคอร์มิค โรงเรียนวิทยาคม โรงเรียนดาราวิทยาลัย มหาวิทยาลัยพายัพ เขตแม่คาว โรงพยาบาลเทพปัญญา โรงพยาบาลลานนา โรงพยาบาลสันทราย โรงเรียนปรินส์รอยแยลส์วิทยาลัย โรงพยาบาลกรุงเทพ เชียงใหม่ ตลาดสันทราย

การเดินทางสะดวก
เข้า-ออกสะดวกสบาย
ถนนเชียงใหม่-ดอยสะเก็ต ถนนเชียงใหม่-สันทราย ถนนสันทราย

บริษัท อินเตอร์โฮม เรียลตี้ เอสเตท จำกัด
Interhome Realty Estate
www.interhome.co.th
โทร. 02-946-6206

https://www.interhome.co.th/propertydetail.php?propcode=62396"
https://baan.kaidee.com/product-370703367,"ราคา: 14,900,000
เนื้อที่: 210 ตารางวา | ห้องนอน 3 ห้องนอน | ห้องน้ำ 4 ห้องน้ำ | เนื้อที่ 210 ตารางวา | เฟอร์นิเจอร์ ไม่มี | ปีที่สร้างเสร็จ 2025
Pool villa Chiangmai
🏡 Sun Sirine House – Pool Villa
💰 ราคา 14.9 ล้านบาท
สัมผัสความหรูหรากับพูลวิลล่าชั้นเดียว ที่ออกแบบภายใต้แนวคิด Open Living Space เชื่อมต่อห้องนั่งเล่น พื้นที่รับประทานอาหาร และครัวในสไตล์ LDK ให้ความโปร่งโล่ง พร้อมเชื่อมทุกมุมของบ้านอย่างลงตัว
ออกแบบเพื่อความสะดวกสบายของทุกคน
Ramp Way Design รองรับการใช้งานวีลแชร์ ด้วยทางเข้าไร้ระดับ ประตูกว้าง และพื้นที่ภายในที่เดินทางได้สะดวก
แปลนบ้านเน้นความเป็นส่วนตัว แต่ยังมองเห็นวิวสระว่ายน้ำจากทุกห้องนอน
หน้าต่างบานเสี้ยมเปิดได้ 180 องศา รับลมธรรมชาติและช่วยระบายอากาศได้ดี
ระบบสมาร์ทโฮม ควบคุมการเปิดปิดรั้วบ้านผ่านมือถือ
Set up timer ตั้งเวลาเปิด-ปิดสปริงเกอร์อัตโนมัติ
ครัวสไตล์ Western Modern Kitchen ฟังก์ชันครบครัน ตอบโจทย์การใช้งาน
Double Wall System ช่วยลดความร้อนและเสียงรบกวนจากภายนอก
ห้องน้ำส่วนตัวทุกห้องนอน เพิ่มความสะดวกและเป็นส่วนตัว
พื้นทรายล้างคุณภาพดีรอบบ้าน ทำความสะอาดง่าย และลดอุบัติเหตุจากการลื่น

รายละเอียดบ้าน
พื้นที่ใช้สอย 220.1 ตร.ม. บนที่ดินขนาด 215 ตร.ว. (860 ตร.ม.)
บ้านชั้นเดียว ออกแบบให้พื้นที่ดูกว้าง โปร่งสบาย
3 ห้องนอน
3 ห้องแต่งตัว
4 ห้องน้ำ
1 LDK (ห้องนั่งเล่น + ครัว + พื้นที่รับประทานอาหาร)
1 ห้องนั่งเล่นเพิ่มเติม สำหรับการพักผ่อนอย่างเต็มที่
1 ห้องซักรีด
1 ครัวไทย ( ครัวด้านนอกบ้าน )
1 สวนส่วนตัว พร้อมออกแบบโดย Landscape มืออาชีพ
สระว่ายน้ำระบบ Over Flow ขนาด 4 x 12 เมตร
2 ที่จอดรถ
📍 ดูทำเลที่ตั้ง: Google Maps
ติดต่อ : 080-7924592 จีจี้




🏡 Sun Sirine House – Pool Villa
💰 Price: 14.9 million THB
Experience luxury in this single-story pool villa, designed under the Open Living Space concept. The LDK-style layout seamlessly connects the living room, dining area, and kitchen, creating an open and airy ambiance.
Ramp Way Design – Wheelchair-friendly with a step-free entrance, wide doorways, and easy navigation throughout the home.
Enjoy complete privacy in every bedroom while still having a pool view from each one.
180-degree folding door – Enhance natural airflow and ventilation.
Smart home system – Control the front gate via a mobile app.
Set up timer – Automated sprinkler system with scheduled activation.
Western Modern Kitchen – Fully functional and well-equipped.
Double Wall System – Enhances insulation, reducing heat and noise from outside.
En-suite bathrooms in all bedrooms for added privacy and convenience.
High-quality sandwash flooring – Easy to clean and slip-resistant.

House Detail
Usable area: 220.1 sq.m. on a 215 sq.wa. plot (860 sq.m.)
Single-story design with spacious and airy interiors
3 Bedrooms
3 Walk-in closets
4 Bathrooms
1 LDK (Living + Dining + Kitchen area)
1 Additional living room for extra relaxation
1 Laundry room
1 Outdoor Thai kitchen
1 Private garden designed by professional landscapers
Over Flow swimming pool (4 x 12 meters)
2 Parking spaces

📍 Location: Google Maps

นัดหมายเข้าชมบ้าน
ติดต่อ : 080-7924592 Gigi
Line ID : @excelsior"
https://baan.kaidee.com/product-370704856,"ราคา: 16,000,000
เนื้อที่: 139 ตารางวา | เนื้อที่ 139 ตารางวา | เป็นทรัพย์รอการขาย ไม่ใช่
ขายที่ดินเชียงใหม่ ใกล้ประตูเชียงใหม่ ที่ดิน 139 ตารางวา ราคา 16,000000.- บาท ตรงข้ามวิทยาลัยนาฎศิลป์ เชียงใหม่
ขายที่ดินเชียงใหม่ ที่ดิน 139 ตารางวา หน้ากว้างประมาณ 30 เมตรลึก 18 เมตร ตั้งอยู่บนถนนสุริยวงศ์ ซอย 5 ตรงข้ามวิทยาลัยนาฎศิลป์ เชียงใหม่ ใกล้ตลาดประตูเชียงใหม่ ถนนคนเดินวัวลาย ขายราคาตารางวาละ 120,000.- บาท สนใจติดต่อนพรัตน์ 0819188866"
https://baan.kaidee.com/product-370708921,"ราคา: 5,000,000
เนื้อที่: 16.5 ไร่ | เนื้อที่ 16.5 ไร่
ที่ดินเชียงใหม่ พร้าว
ที่ดิน เชียงใหม่พร้าว ทางไปฟาร์มไก่ นายกกมล"
https://baan.kaidee.com/product-370713242,"ราคา: 1,250,000
เนื้อที่: 228 ตารางวา | เนื้อที่ 228 ตารางวา
ที่ดินเปล่า
ที่ดินเปล่าเหมาะสำหรับสร้างบ้าน อยู่ในชุมชน สงบร่มรื่น
ผ่อนคลาย ใกล้เทศกาลบวกค้าง1.2กม สนใจติดต่อ 0639193714 โทนี่"
https://baan.kaidee.com/product-370713997,"ราคา: 4,900,000
เนื้อที่: 256.7 ตารางวา | ห้องนอน 3 ห้องนอน | ห้องน้ำ 1 ห้องน้ำ | เนื้อที่ 256.7 ตารางวา | เป็นทรัพย์รอการขาย ไม่ใช่
บ้านเดี่ยว 1 ชั้น 256.7 ตร.ว. หมู่บ้านเชียงใหม่ฟลอร่าวิลล์ ใกล้โฮมโปรสันทราย ถนนเชียงใหม่-ดอยสะเก็ต ถนนรอบเมืองเชียงใหม่ ดอยสะเก็ด เชียงใหม่
คุณ ปทิตตา รักษ์เจริญ (เจี๊ยบ)
เบอร์ติดต่อ : 080-898-2914
Office : 02-946-6206
สอบถามทางไลน์ https://lin.ee/xTo07Pn
Line ID: @interhome

รหัสอสังหาริมทรัพย์ : 62532
ขนาด 256.7 ตร.ว.

ที่ตั้ง : หมู่บ้านเชียงใหม่ฟลอร่าวิลล์ ถ.เชียงใหม่-ดอยสะเก็ด ดอยสะเก็ด เชียงใหม่

รายละเอียด
ใกล้โฮมโปรสันทราย ใกล้ดอยสะเก็ด ใกล้ตลาด โรงเรียนชลประทานผาแตก

หมู่บ้านเชียงใหม่ฟลอร่าวิลล์ (Chiangmai Floraville Village) ขายบ้านเดี่ยว 1 ชั้น

ขายบ้านเดี่ยว 1 ชั้น ใกล้โฮมโปรสันทราย ถนนเชียงใหม่-ดอยสะเก็ต ถนนรอบเมืองเชียงใหม่ ตำบลตลาดขวัญ อำเภอดอยสะเก็ด จังหวัดเชียงใหม่

สูง 1 ชั้น 4 ห้องนอน 4 ห้องน้ำ 1 ห้องโถง 1 ห้องครัว 1 ห้องพระ
ที่จอดรถ 6 คัน แอร์ 3 ตัว มุ้งลวด เหล็กดัด ม่าน สนาม

การตกแต่ง
ครัวไทย
ห้องพระ
ห้องโถง
เครื่องทำน้ำอุ่น
เฟอร์นิเจอร์หวาย
พื้นปูด้วยหินอ่อน
โคมไฟระย้า

ทำเลดีสถานที่ใกล้เคียง
ใกล้โฮมโปรสันทราย ใกล้ดอยสะเก็ด ใกล้ตลาด โรงเรียนชลประทานผาแตก โรงพยาบาลดอยสะเก็ด และอื่น ๆ อีกมากมาย

การเดินทางสะดวก
ถนนเชียงใหม่-ดอยสะเก็ต ถนนรอบเมืองเชียงใหม่

บริษัท อินเตอร์โฮม เรียลตี้ เอสเตท จำกัด
Interhome Realty Estate
www.interhome.co.th
โทร. 02-946-6206

https://www.interhome.co.th/propertydetail.php?propcode=62532"
https://baan.kaidee.com/product-370714045,"ราคา: 19,000,000
เนื้อที่: 3.326 ไร่ | เนื้อที่ 3.326 ไร่ | เป็นทรัพย์รอการขาย ไม่ใช่
ที่ดิน พร้อมสิ่งปลูกสร้าง 3 ไร่ 326 ตร.ว. ที่ดิน พร้อมสิ่งปลูกสร้าง ซอยน้ำริน16 ถนนโชตนา แม่ริม เชียงใหม่
คุณ สุดาวรรณ พลอยแดง (แอน)
เบอร์ติดต่อ : 093-479-4514
Office : 02-946-6206
สอบถามทางไลน์ https://lin.ee/xTo07Pn
Line ID: @interhome

รหัสอสังหาริมทรัพย์ : 62548
ขนาด 3 ไร่326 ตร.ว.

ที่ตั้ง : ที่ดิน พร้อมสิ่งปลูกสร้าง ซอยน้ำริน16 ถ.โชตนา แม่ริม เชียงใหม่

รายละเอียด
ใกล้เทศบาลตำบลขี้เหล็ก คุ้มเสือ แม่ริม ปางช้างแม่ริม

ขายที่ดินพร้อมสิ่งปลูกสร้าง ซอยน้ำริน16 ถนนโชตนา ตำบลขี้เหล็ก อำเภอแม่ริม จังหวัดเชียงใหม่

การตกแต่ง
* ที่ดินพร้อมสิ่งปลูกสร้าง ตึกคาเฟ่แต่งสวยพร้อมอุปกรณ์เครื่องชงกาแฟครบพร้อมเปิดกิจการ
* บ้านพักวิลล่า 3 หลังเล็ก 1 หลังใหญ่ วิวทุ่งนา บรรยากาศดีเหมาะแก่การพักผ่อน (อยู่ระหว่างการตกแต่ง)
* เปิดบริการสระว่ายน้ำระบบน้ำเกลือ สระเด็กลึก 70 ซม. สระผู้ใหญ่ 120 ซม. มีห้องอาบน้ำ และห้องน้ำ แยกชายหญิง
* มีพื้นที่จอดรถกว้างขวาง เดินทางสะดวก ห่างจากถนนโชตนา เพียง 900 เมตร
* ห่างจากสนามบินเชียงใหม่ 30 กิโลเมตร

ทำเลดี สถานที่ใกล้เคียง
* เทศบาลตำบลขี้เหล็ก
* คุ้มเสือ แม่ริม
* ปางช้างแม่ริม
* สวนพฤกษศาสตร์สมเด็จพระนางเจ้าสิริกิติ์
* ม่อนแจ่ม
* อ่างเก็บน้ำห้วยตึงเฒ่า
* เดอะรอยัลเชียงใหม่ กอล์ฟ รีสอร์ท
* อุทยานแห่งชาติน้ำตกบัวตอง-น้ำพุเจ็ดสี

การเดินทางสะดวก
* ถนนโชตนา (ถนนช้างเผือก)
* ถนนเชียงใหม่-แม่ริม
* ถนนเชียงใหม่-แม่แตง
* ถนนเชียงใหม่-แม่จัน (ทางหลวงแผ่นดินหมายเลข 107)

บริษัท อินเตอร์โฮม เรียลตี้ เอสเตท จำกัด
Interhome Realty Estate
www.interhome.co.th
โทร. 02-946-6206

https://www.interhome.co.th/propertydetail.php?propcode=62548"
https://baan.kaidee.com/product-370716088,"ราคา: 4,500,000
เนื้อที่: 2228 ตารางวา | เนื้อที่ 2228 ตารางวา
ขาย ที่ดินเปล่า แม่ริม วิวภูเขา มีน้ำล้อมรอบ ขนาด 5 ไร่ 2 งาน 28 ตารางวา , ใกล้โรงเรียนนานาชาติเปรม
🌿 ขายที่ดินวิวภูเขา แม่ริม เชียงใหม่ ใกล้โรงเรียนนานาชาติเปรม เหมาะสร้างรีสอร์ท/โฮมสเตย์ 🌿 #S1235
📍 ทำเลทอง อ.แม่ริม จ.เชียงใหม่ — ขายที่ดินเปล่าพร้อมวิวภูเขาโอบล้อม บรรยากาศธรรมชาติร่มรื่น มีน้ำล้อมรอบบางส่วน ใกล้โรงเรียนนานาชาติเปรม (Prem Tinsulanonda International School) เพียงไม่กี่นาที เหมาะสำหรับผู้ที่มองหาพื้นที่เพื่อพัฒนาเป็นรีสอร์ท โฮมสเตย์ หรือบ้านพักตากอากาศส่วนตัว

✅ รายละเอียดที่ดิน:
ขนาด: 5 ไร่ 2 งาน 28 ตารางวา

ลักษณะ: ที่ดินเปล่า วิวภูเขา มีแหล่งน้ำล้อมรอบบางด้าน

สีผังเมือง: พื้นที่สีขาวคาดเขียว (เหมาะแก่การพัฒนาอสังหาริมทรัพย์เพื่ออยู่อาศัยและบริการนักท่องเที่ยว)

ถนนทางเข้าเดินทางสะดวก บรรยากาศสงบ ใกล้แหล่งชุมชนและธรรมชาติ

💰 ราคาขาย:
4,500,000 บาท
📌 ค่าโอนกรรมสิทธิ์: ผู้ซื้อและผู้ขายชำระคนละครึ่ง

📍 ที่ตั้ง:
ตำบลสะลวง อำเภอแม่ริม จังหวัดเชียงใหม่
ใกล้สถานที่สำคัญ เช่น

โรงเรียนนานาชาติเปรม

น้ำตกแม่สา

สวนพฤกษศาสตร์สมเด็จพระนางเจ้าสิริกิติ์

ใช้เวลาเพียง 30 นาทีจากตัวเมืองเชียงใหม่

------------------------------
🌿 Land for Sale with Mountain View – Mae Rim, Chiang Mai | Ideal for Resort or Homestay 🌿
📍 Prime Location – Mae Rim District, Chiang Mai
Beautiful vacant land with stunning mountain views and natural surroundings. Partially bordered by water, this peaceful plot is located just minutes from Prem Tinsulanonda International School. Perfect for building a resort, homestay, or private retreat.

✅ Property Details:
Size: 5 Rai 2 Ngan 28 Square Wah (approx. 8,512 square meters)

Type: Vacant land with scenic mountain views and partial water frontage

Zoning: White with green stripes (suitable for residential and tourism development)

Accessible by road, quiet atmosphere, and surrounded by nature

💰 Selling Price:
4,500,000 THB
📌 Transfer fee shared 50/50 between buyer and seller

📍 Location:
Sa Luang Subdistrict, Mae Rim District, Chiang Mai Province
Nearby attractions and landmarks:

Prem Tinsulanonda International School

Mae Sa Waterfall

Queen Sirikit Botanical Garden

Only 30 minutes to Chiang Mai city center"
https://baan.kaidee.com/product-370716263,"ราคา: 29,000,000
เนื้อที่: 444 ตารางวา | ห้องนอน 3 ห้องนอน | ห้องน้ำ 4 ห้องน้ำ | เนื้อที่ 444 ตารางวา | ผู้พัฒนา/เจ้าของโครงการ อื่นๆ | เฟอร์นิเจอร์ มีบางส่วน | ปีที่สร้างเสร็จ สร้างเสร็จก่อน 2010
🌟 ขายบ้านไม้สักทอง 2 ชั้น พร้อมสระว่ายน้ำ ในโครงการ Green Valley Golf Club วิวทะเลสาบ บรรยากาศธรรมชาติสุดพิเศษ 🌿
🌟 ขายบ้านไม้สักทอง 2 ชั้น พร้อมสระว่ายน้ำ ในโครงการ Green Valley Golf Club | วิวทะเลสาบ บรรยากาศธรรมชาติสุดพิเศษ 🌿 #S1044

📍 ตั้งอยู่ในโครงการกอล์ฟหรู Green Valley Golf Club อ.แม่ริม จ.เชียงใหม่
บ้านพักอาศัยหรูหราสไตล์ล้านนา ประณีตด้วยไม้สักทองทั้งหลัง พร้อมสระว่ายน้ำระบบเกลือ และพื้นที่สวนส่วนตัว เหมาะสำหรับอยู่อาศัยหรือบ้านพักตากอากาศ โดดเด่นด้วยการออกแบบโปร่ง โล่งสบาย พร้อมวิวทะเลสาบและภูเขา
________________________________________
✅ รายละเอียดบ้าน:
บ้านไม้สักทอง 2 ชั้น พื้นที่ใช้สอย 350 ตารางเมตร
ขนาดที่ดิน: 1 ไร่ 44 ตารางวา
3 ห้องนอน | 4 ห้องน้ำ (พร้อมอ่างอาบน้ำขนาดใหญ่ 2 ห้อง)
1 ห้องทำงาน | 1 ห้องเก็บของ
ห้องครัวใหญ่สไตล์ตะวันตก + ครัวไทยแยกต่างหาก
โถงนั่งเล่น Double Volume เพดานสูง 2 ชั้น
ระเบียงดาดฟ้า พร้อมวิวทะเลสาบแบบ Panorama
ห้องซักรีด + ศาลาพักผ่อนในสวน
รั้วบ้านระบบรีโมทคอนโทรล
สระว่ายน้ำระบบเกลือ ขนาด 3 x 11 เมตร
________________________________________
💰 ราคาขาย:
29,000,000 บาท (คุ้มค่าด้วยวัสดุและทำเลระดับพรีเมียม)
________________________________________
📍 สถานที่ตั้ง:
ตำบลแม่สา อำเภอแม่ริม จังหวัดเชียงใหม่
ใกล้สนามกอล์ฟ
ขับรถเพียง 25 นาทีถึงตัวเมืองเชียงใหม่
รายล้อมด้วยธรรมชาติ ภูเขา ทะเลสาบ และอากาศเย็นสบายตลอดปี

พิกัด : https://maps.app.goo.gl/qssogD6ka7hAtDY18

……………………………………….

🌟 Luxury 2-Storey Golden Teak House with Saltwater Pool for Sale – Green Valley Golf Club, Mae Rim, Chiang Mai 🌿

📍 Located in the prestigious Green Valley Golf Club project, Mae Rim, Chiang Mai

This exquisite two-story residence is crafted entirely from premium golden teak wood, blending traditional Lanna charm with modern comforts. Featuring a private saltwater pool, large garden, and panoramic lake views, it is perfect as a private residence or vacation home.
________________________________________

✅ Property Features:
2-storey golden teak house with a total usable area of 350 sq.m.
Land size: 1 Rai 44 Sq. Wah (approx. 1,776 sq.m.)
3 Bedrooms | 4 Bathrooms, including 2 large bathrooms with bathtubs
1 Home Office | 1 Storage Room
Spacious Western-style kitchen + Separate Thai kitchen
Double-height living hall with open, airy layout
Rooftop terrace with panoramic lake view
Laundry room + Garden pavilion
Remote-controlled automatic gate
Saltwater swimming pool (3 x 11 meters)
________________________________________
💰 Asking Price:
THB 29,000,000 (Excellent value for premium location and construction)
________________________________________
📍 Location:
Mae Sa Subdistrict, Mae Rim District, Chiang Mai Province
Within Green Valley Golf Club
Approx. 25 minutes to Chiang Mai city
Surrounded by natural beauty – lake, mountains, and cool weather year-round
________________________________________"
https://baan.kaidee.com/product-370716322,"ราคา: 105,650,000
เนื้อที่: 2013 ตารางวา | เนื้อที่ 2013 ตารางวา
🔶 ขายที่ดิน พื้นที่สีส้ม 5 ไร่ 1 งาน 13 ตร.วา ใจกลางเมืองเชียงใหม่ เหมาะสำหรับทำโครงการจัดสรร-คอนโด-โรงแรม 📍 ที่ดินแปลงสวย ทำเลศักยภาพสู
ที่ดินทำเลทอง! หลังโรงแรมดาราเทวีเชียงใหม่ ใจกลางเมืองเชียงใหม่ – พื้นที่สีส้ม เหมาะลงทุนพัฒนาอสังหา💥

รหัสทรัพย์: S2205

📌 ที่ดินแปลงสวย ขนาด 5 ไร่ 1 งาน 13 ตารางวา
ตั้งอยู่ในโซน ที่อยู่อาศัยหนาแน่นปานกลาง (พื้นที่สีส้ม) – รองรับการพัฒนาอสังหาริมทรัพย์ได้หลากหลายรูปแบบ
เช่น:
🏘️ โครงการบ้านจัดสรร
🏢 อาคารพาณิชย์
🏨 โรงแรม
🏙️ คอนโดมิเนียม

✅ รายละเอียดทรัพย์
• เนื้อที่รวม: 5 ไร่ 1 งาน 13 ตร.วา (รวม 2,113 ตร.วา)
• ราคาขาย: 105,650,000 บาท
• ราคาต่อ ตร.วา: 50,000 บาท

📍ที่ตั้งทรัพย์: ตำบลท่าศาลา อำเภอเมือง จังหวัดเชียงใหม่
ศักยภาพทำเล – รายล้อมด้วยความสะดวกสบาย ใจกลางเมือง:
• ห่างจาก แม็คโคร เชียงใหม่ เพียง 1.7 กม.
• ใกล้ บิ๊กซี ดอนจั่น 3.7 กม.
• ใกล้ โรงเรียนมงฟอร์ตวิทยาลัย เพียง 4.6 กม.
• ใกล้ โรงเรียนกาวิละวิทยาลัย 4.1 กม.
• เดินทางสะดวก ใกล้ถนนซุปเปอร์ไฮเวย์ และเส้นวงแหวนรอบกลาง

🌟 จุดเด่น
• ทำเลทองในเขตเมือง เหมาะอย่างยิ่งสำหรับนักลงทุนและนักพัฒนาอสังหา
• พื้นที่หน้ากว้าง เดินระบบสาธารณูปโภคได้สะดวก
• โซนสีส้ม – พัฒนาโครงการขนาดกลาง-ใหญ่ได้โดยไม่ติดข้อจำกัดสีเขียวหรือเหลือง
• ราคาต่อรองได้กับผู้ซื้อที่พร้อมจริง

📞 สนใจนัดชมที่ดินหรือต้องการข้อมูลเพิ่มเติม:

________________________________________

💥Prime Land for Sale in Chiang Mai – Orange Zone, Ideal for Development💥

Property Code: S2205

📌 Beautiful Land Plot – 5 Rai 1 Ngan 13 Sq. Wah
Located in a Medium-Density Residential Zone (Orange Zone) — Perfect for real estate development such as:
🏘️ Housing Projects
🏢 Commercial Buildings
🏨 Hotels
🏙️ Condominiums

✅ Property Details
• Total Land Area: 5 Rai 1 Ngan 13 Sq. Wah (2,113 sq. wah or approx. 8,452 sqm)
• Selling Price: 105,650,000 THB
• Price per Sq. Wah: 50,000 THB

📍Location: Tha Sala Subdistrict, Mueang District, Chiang Mai Province
High-potential area surrounded by convenience and urban development:
• Only 1.7 km from Makro Chiang Mai
• 3.7 km to Big C Donchan
• 4.6 km to Montfort College
• 4.1 km to Kawila Wittayalai School
• Easy access to Superhighway and Middle Ring Road

🌟 Highlights
• Prime urban location – Excellent opportunity for investors and developers
• Wide frontage, ideal for utility planning and construction access
• Orange zoning – suitable for mid- to large-scale real estate projects
• Negotiable price for serious buyers

📞 Interested in a viewing or need more details?
________________________________________"
https://baan.kaidee.com/product-370716400,"ราคา: 15,000,000
เนื้อที่: 80.1 ตารางวา | เนื้อที่ 80.1 ตารางวา
ขายที่ดินเปล่าในเมือง เชียงใหม่ ทำเลทอง ใกล้ตลาดประตูเชียงใหม่ เพียง 900 ม. เดินไปท่าแพ-ไนท์บาซาร์ได้
🏙 ขายที่ดินเปล่าในเมือง เชียงใหม่ | ทำเลทอง ใกล้ตลาดประตูเชียงใหม่ เพียง 900 ม. | เดินไปท่าแพ-ไนท์บาซาร์ได้! #S2258

📍 ที่ดินเปล่าทำเลกลางเมือง ตั้งอยู่ในซอยมูลเมือง 2 ตำบลพระสิงห์ อำเภอเมืองเชียงใหม่

ใกล้แหล่งท่องเที่ยวชื่อดัง ใช้ชีวิตสะดวกทั้งกลางวันและกลางคืน เหมาะสำหรับทำโฮสเทล คาเฟ่ บ้านพัก หรือเพื่อการลงทุนระยะยาว
________________________________________
✅ รายละเอียดทรัพย์:
ขนาดที่ดิน: 80.1 ตารางวา (ประมาณ 320.4 ตารางเมตร)
รูปแปลงสวย ถมแล้ว พร้อมพัฒนา
ที่ดินหายากใจกลางเมือง ใกล้ถนนหลัก เข้า-ออกสะดวก
เหมาะสำหรับ:
▪️ บ้านพักอาศัยในเมือง
▪️ โฮสเทล / เกสต์เฮาส์
▪️ ร้านอาหาร / คาเฟ่
▪️ ลงทุนเก็งกำไรในอนาคต
________________________________________
💰 ราคาขาย:
15,000,000 บาท (ราคานี้หาไม่ได้ง่าย ๆ ในทำเลนี้แล้ว!)
________________________________________
📍 สถานที่ตั้ง:
ซอยมูลเมือง 2, ตำบลพระสิงห์, อำเภอเมือง, จังหวัดเชียงใหม่
เพียง 900 เมตรจากตลาดประตูเชียงใหม่
ใกล้ ประตูท่าแพ, ไนท์บาซาร์, ถนนคนเดิน
รายล้อมด้วยร้านอาหาร คาเฟ่ และสิ่งอำนวยความสะดวกครบครัน

พิกัด : https://maps.app.goo.gl/Tt5vspcZy2PKfgaS9

……………………………………….


🏙 Prime Land for Sale in Chiang Mai Old City | Only 900m from Chiang Mai Gate Market | Ideal for Boutique Project or Investment

📍 Rare land plot in the heart of Chiang Mai, located in Soi Moon Muang 2, Phra Singh Subdistrict, just a short walk from Chiang Mai Gate, Tha Pae Gate, and the famous Night Bazaar.

Perfect for developing a private residence, guesthouse, café, or as a long-term investment in a high-demand area.
________________________________________
✅ Property Details:
Land size: 80.1 Sq.wah (approx. 320.4 Sq.m.)
Regular-shaped plot, filled and ready for development
Located in a highly desirable inner-city neighborhood
Ideal for:
▪️ Private city home
▪️ Boutique hotel / hostel / guesthouse
▪️ Café or restaurant
▪️ Land banking & capital gain investment
________________________________________
💰 Asking Price:
THB 15,000,000
(Excellent value for inner-city land in a high-demand tourist zone)
________________________________________
📍 Location Highlights:
Soi Moon Muang 2, Phra Singh Subdistrict, Mueang District, Chiang Mai
Just 900 meters from Chiang Mai Gate Market
Close to Tha Pae Gate, Sunday Walking Street, Night Bazaar
Surrounded by local eateries, cafes, tourist attractions, and amenities
Easily accessible by car or foot

……………………………………….

สนใจติดต่อชมบ้าน
โทร : 053-449-145 / 097-994-7154
Line : @cmrealestate https://lin.ee/DYKsfHe
TikTok : www.tiktok.com/@cmrealestate65

เว็บไซต์บริษัท
www.chiangmairealestate.co.th
www.qmfc168.com.cn
E-mail : info@chiangmairealestate.co.th
……………………………………….
✅One Stop Property Service
✅Free Service to all buyer and tenant
✅ยินดีให้คำปรึกษาเกี่ยวกับกฎหมายด้านอสังหาริมทรัพย์ฟรี โดยทนายความที่มีประการณ์ด้านอสังหาริมทรัพย์มากว่า 10 ปี
✅ลูกค้าไทยดำเนินการยื่นกู้กับธนาคารให้

🏙บริษัท เชียงใหม่ เรียล เอสเตท จำกัด
🏙Chiangmai Real Estate Co., Ltd.
.…………………………………….
#บ้านเชียงใหม่ #ที่ดินเชียงใหม่ #คอนโดเชียงใหม่ #ซื้อบ้านเชียงใหม่ #เช่าบ้านเชียงใหม่ #เช่าคอนโดเชียงใหม่ #บ้านมือสองเชียงใหม่ #คอนโดมือสองเชียงใหม่ #ทำสัญญาซื้อบ้าน #ทำสัญญาขายบ้าน #ChaingmaiRealestate #CondoChiangmai #PropertyChiangmai #SaleProperty #RentHome #RentCondo #ที่ดินในเมือง #ประตูเชียงใหม่ #ประตูท่าแพ #คูเมือง #ไนท์บาซาร์เชียงใหม่"
https://baan.kaidee.com/product-370721268,"ราคา: 4,000,000
เนื้อที่: 200 ตารางวา | เนื้อที่ 200 ตารางวา | เป็นทรัพย์รอการขาย ไม่ใช่
ขายบ้านพร้อมที่ดิน 200 ตรว. บ้านป่าข่อยเหนือ ต.สันผีเสื้อ อ.เมืองเชียงใหม่
ลดราคา!!!!!ขายที่ดิน พื้นที่ 200 ตรว. พร้อมบ้านชั้นเดียว 1 หลัง ราคา 4,000,000 บาท
บ้านหัวมุม ติดถนน 2 ด้าน มีพื้นที่ใช้สอยประมาณ 256 ตรม. ภายในมี 1 ห้องนอน 1 ห้องโถง และ 2 ห้องน้ำ พร้อมติดตั้งเครื่องปรับอากาศ 2 เครื่อง มีระบบน้ำประปาและไฟฟ้า เดินทางสะดวก เดินทางไปตลาดรวมโชคใช้เวลาประมาณ 7 นาที เดินทางไปรพ. นครพิงค์และสถานที่ราชการจังหวัดเชียงใหม่ ประมาณ 10-15 นาที (รถยนต์) ค่ะ"
https://baan.kaidee.com/product-370721316,"ราคา: 9,958,000
เนื้อที่: 766 ตารางวา | เนื้อที่ 766 ตารางวา | เป็นทรัพย์รอการขาย ไม่ใช่
ขายที่ดินพร้อมสวนเกษตรพื้นที่ 1-3-66 ไร่ ราคา 13,000 บาทต่อตรว. เขตป่าข่อยเหนือ ต.สันผีเสื้อ อ.เมืองเชียงใหม่
ขายที่ดินสวนเกษตรพร้อมบ้าน 2 ชั้น แบบพอเพียง ติดถนนในหมู่บ้านป่าข่อยเหนือ คมนาคมสะดวก มีระบบน้ำประปา ไฟฟ้าและอินเตอร์เน็ตเข้าถึง ห่างจากถนนวงแหวนรอบ 3 สันผีเสื้อและตลาดป่าข่อยใต้ประมาณ 2.5 กม. วิว มีไม้ผลหลายชนิดในสวนที่พร้อมให้ผลผลิต บรรยากาศร่มรื่น มีไม้ใหญ่ช่วยกรองฝุ่น Pm 2.5 ได้เป็นอย่างดี"
https://baan.kaidee.com/product-370729101,"ราคา: 3,200,000
เนื้อที่: 16.4 | เนื้อที่ 16.4
ขายอาคารพาณิชย์ ในแม่ริมพลาซ่า เชียงใหม่ ใกล้ ตลาดแม่ริม
ขายอาคารพาณิชย์ ในแม่ริมพลาซ่า เชียงใหม่
ใกล้ ตลาดแม่ริม
เหลือแค่ 2 ห้อง 399/38-39
----------------------------------
ขนาด 16.4 และ 16.2 ตร.วา
4 x 12 ตร.เมตร (ประมาณ)
3 ชั้น 3 ห้องน้ำ
-------------------------------
ขายราคาพิเศษ ห้องละ 3.2 ล้านบาท
=======================
สนใจ ติดต่อ
นุช ; 0944924228
Line ID ; theeranuch_thee
==================="
https://baan.kaidee.com/product-370730447,"ราคา: 18,500,000
เนื้อที่: 101 | ห้องนอน 5 ห้องนอน | ห้องน้ำ 6 ห้องน้ำ | เนื้อที่ 101 | เฟอร์นิเจอร์ ตกแต่งครบ | ปีที่สร้างเสร็จ 2025
วิลล่าหรูสไตล์ยุโรปสมัยใหม่ ใกล้กาดฝรั่งเชียงใหม่ เพียง 700 ม. S2434
S2434 | วิลล่าหรูสไตล์ยุโรปสมัยใหม่ ใกล้กาดฝรั่งเพียง 700 ม.

 บ้านเดี่ยว 2 หลังในรั้วเดียว พื้นที่ใช้สอยรวม 440 ตร.ม. บนที่ดิน 101 ตร.วา
 พร้อมสระว่ายน้ำระบบเกลือน้ำล้น ตั้งเวลาอัตโนมัติ ดูแลฟรี 1 ปี
 ราคาเพียง 18.5 ล้านบาท (พร้อมเฟอร์นิเจอร์ครบ)

บ้านหลัก:
• 4 ห้องนอน (ห้องน้ำในตัวทุกห้อง / อ่างอาบน้ำ)
• 2 ห้องรับแขก | 1 ห้องทำงาน
• ครัวไทย-ครัวฝรั่ง | ห้องเก็บของ
บ้านหลังเล็ก:
• ขนาด 3.5 x 12 ม. | 1 ห้องน้ำ | เคาน์เตอร์บาร์
• เหมาะปรับเป็นยิม ห้องทำงาน หรือห้องนันทนาการ
จุดเด่น:
• สมาร์ทโฮมทั้งหลัง
• กล้อง CCTV 7 ตัว ดูผ่านมือถือ
• ประตูรีโมทควบคุมผ่านแอป
• แอร์ 7 เครื่อง | เครื่องใช้ไฟฟ้าครบชุด
• ชุดครัว Häfele
• สุขภัณฑ์ American Standard
ทำเลพรีเมียม:
• กาดฝรั่ง 2 นาที | ใกล้ ริมปิง, Starbucks, Big C, Makro
• ร.ร.นานาชาติ SBS เพียง 1 กม.
• สนามบินเชียงใหม่ 12 กม.

______________________________


S2434 | Luxury Modern European Villa, Only 700m from Kad Farang.

 2 private houses on a 101 sq.wah plot with 440 sq.m usable area
 Saltwater overflow pool with auto timer, free maintenance for 1 year
 Only 18.5 million THB (Fully furnished)

Main House:
• 4 bedrooms (all en-suite with bathtubs)
• 2 living rooms | 1 office
• Thai & Western kitchens | Storage room
Guest House:
• 3.5 x 12 m | 1 bathroom | Built-in bar
• Perfect as a gym, quiet office, or recreation room
Highlights:
• Full smart home system
• 7 CCTV cameras with mobile access
• Remote gate control via app
• 7 air-conditioners | Full electrical appliances
• Häfele kitchen set
• American Standard bathroom fittings
Prime Location:
• 2 mins to Kad Farang | Close to Rimping, Starbucks, Big C, Makro
• 1 km to SBS International School
• 12 km to Chiang Mai International Airport"
https://baan.kaidee.com/product-370733316,"ราคา: 4,700,000
เนื้อที่: 50 ตารางวา | ห้องนอน 3 ห้องนอน | ห้องน้ำ 3 ห้องน้ำ | เนื้อที่ 50 ตารางวา | เฟอร์นิเจอร์ มีบางส่วน | เป็นทรัพย์รอการขาย ไม่ใช่
บ้านเดี่ยว 2 ชั้น 50 ตร.ว. หมู่บ้านพิมพ์พิชฎา เชียงใหม่ ใกล้สี่แยกหลุยส์ ถนนเชียงใหม่-สันกำแพง ถนนรอบเมืองเชียงใหม่ สันกำแพง เชียงใหม่
คุณ ณัฐกานต์ ผดุงมาตรวรกุล (แก้ม)
เบอร์ติดต่อ : 081-566-9229
Office : 02-946-6206
สอบถามทางไลน์ https://lin.ee/xTo07Pn
Line ID: @interhome

รหัสอสังหาริมทรัพย์ : 62664
ขนาด 50 ตร.ว.

ที่ตั้ง : หมู่บ้านพิมพ์พิชฎา เชียงใหม่ ถ.เชียงใหม่สันกำแพง สันกำแพง เชียงใหม่

รายละเอียด
ใกล้บิ๊กซี แม็คโคร มหาวิทยาลัยพายัพ ใกล้เซ็นทรัล ใกล้หัตถกรรมร่มบ่อสร้างสันกำแพง

หมู่บ้านพิมพ์พิชฎา เชียงใหม่ (Pimpichada Chiangmai) ขายบ้านเดี่ยว 2 ชั้น

ขายบ้านเดี่ยว 2 ชั้น ใกล้สี่แยกหลุยส์ ถนนเชียงใหม่-สันกำแพง ถนนรอบเมืองเชียงใหม่ ตำบลสันกลาง อำเภอสันกำแพง จังหวัดเชียงใหม่

สูง 2 ชั้น 3 นอน 3 น้ำ 1 ครัว
มีที่จอดรถ 2 คัน แอร์ 3 ตัว

การตกแต่ง
หน้าบ้านหันทิศใต้
ชั้นล่างปูพื้นกระเบื้องแกรนิตโต้ ชั้นบนปูพื้นลามิเนต
มีบิวท์อินเฟอร์นิเจอร์บางส่วน

ทำเลดีสถานที่ใกล้เคียง
ใกล้บิ๊กซี แม็คโคร มหาวิทยาลัยพายัพ ใกล้เซ็นทรัล ใกล้หัตถกรรมร่มบ่อสร้างสันกำแพง

การเดินทางสะดวก
ถนนเชียงใหม่-สันกำแพงสายวัฒนธรรม ใกล้สี่แยกหลุยส์ ถนนวงแหวนรอบกลาง ถนนรอบเมืองเชียงใหม่

บริษัท อินเตอร์โฮม เรียลตี้ เอสเตท จำกัด
Interhome Realty Estate
www.interhome.co.th
โทร. 02-946-6206

https://www.interhome.co.th/propertydetail.php?propcode=62664"
https://baan.kaidee.com/product-370734284,"ราคา: 23,000,000
เนื้อที่: 23 ไร่ | เนื้อที่ 23 ไร่
ที่ดินสวย เหมาะทำรีสอร์ทเชิงเกษตรเท่อวเที่ยว
🎈ไม่รีบขาย แต่ขายแน่นอน 🎈
ขายที่ดินสวย 23 ล้านบาทอยู่ในเขตพื้นที่สีเขียว เนื้อที่ 14ไร่ 1 งาน 56ตารางวา กว่า 12ไร่เป็นที่นาข้าวและไร่กระเทียม (ตามฤดูกาล) พื้นที่ส่วนที่เหลือเป็น สวนผสม กล้วย ลำใย มะม่วง ต้นสักทองกว่า300 ต้น มะนาว อะโวคาโด มะพร้าว จามจุรีกว่า 10ต้น และพืชผักสวนครัว มีบ่อปลา ทิศตะวันออกเป็นภูเขาและฝายน้ำล้น ทิศตะวันตกและทิศใต้ติดแม่น้ำและฝายน้ำล้น ทิศเหนือติดที่นาเจ้าอื่น จากถนนหลัก 50 เมตร มีสะพานไม้ข้ามลำน้ำจากฝายน้ำล้นไปยังที่ดิน ห่างจากว่าที่สนามบินเชียงใหม่ที่กำลังจะสร้างเป็นฮับภาคเหนือ 23 กม. ห่างจากศูนย์พัฒนาห้วยฮ่องไคร้จังหวัดเชียงใหม่ 3กม.. ห่างจากรุ่งอรุณน้ำพุร้อนและน้ำพุร้อนสันกำแพง 7กม. สถานีตำรวจตำบลแม่โป่ง 3.5กม. ห่างตลาด ชุมชน และโรงเรียนตลาดขี้เหล็ก 500 เมตร ห่างจากที่ว่าการอำเภอดอยสะเก็ด 7กม. มีทางเข้าออก 2 ทาง ไฟฟ้าเข้าถึง หน้าเป็นน้ำ หลังเป็นภูเขา ฮวงจุ้ยดีมาก. เจ้าของขายเอง ☎ 0819984161
Land for sale 23 million baht in a green area of 14 rai 156 square wah is rice and garlic fields (seasonal) , fish pond , some areas are mixed banana, longan, mango, avocado, teak, lemon coconut chamchuree and vegetable garden. East next to the mountain, west and south next to the dams. North next to another field. Away from the Huai Hong Krai government land Development Center Chiangmai 3 km. Sunkamphaeng hot springs 5km. The police station 3 km. Away from new hub airport in the nort of Thailand 12 km. (In government project) Away from the community market and the Khi Lek market 500 meters. There are two access roads. Electricity and far from doisaket district 7km. Front is water and back is mountain Feng Shui is very good. No broker ☎ 0819984161"
https://baan.kaidee.com/product-370736864,"ราคา: 1,450,000
เนื้อที่: 17 ตารางวา | เนื้อที่ 17 ตารางวา | ห้องนอน 2 ห้องนอน | ห้องน้ำ 2 ห้องน้ำ | ปีที่สร้างเสร็จ สร้างเสร็จก่อน 2010 | เฟอร์นิเจอร์ ตกแต่งครบ
บ้าน ทาวเฮ้าส์ 2 ชั้น หางดง เชียงใหม่
214/293 หมู่บ้านกุลพันธ์วิว 4 อ.หางดง จ.เชียงใหม่ ให้เฟอร์นิเจอร์ มีที่จอดรถในบ้าน และนอกหน้าบ้าน/ทำเลหน้าบ้านว่างไม่ตรงกับใคร เป็นส่วนตัว ใกล้สนามบินเชียงใหม่ 7 กิโล เซนทรัลแอร์พอร์ต บิ๊กซี โลตัส แมคโคร น้ำไม่เคยท่วม"
https://baan.kaidee.com/product-370743851,"ราคา: 3,330,000
เนื้อที่: 16.5 ไร่ | เนื้อที่ 16.5 ไร่
ขายถูก ที่ดินสวนลำไย อ.พร้าว จ.เชียงใหม่ 16 ไร่ 264 วา 3.3 ลบ
ที่ดิน ต.เขื่อนผาก อ.พร้าว จ.เชียงใหม่ ซอยวัดป่าแขม ใกล้หนองกลางแพะ เป็นสวนลำไย มีลำใย ประมาณ 300 ต้น เนื้อที่ดิน 16 ไร่ 264 วา ขายวาละ 500 บาท หรือไร่ละ 200,000 บาท หน้ากว้าง 40 เมตร ด้านหน้าติดถนนซีเมนต์ ด้านหลังติดลำเหมือง ต่อระบบน้ำหยดพร้อม เพิ่มเติม 091-0781531 อยู่หลัก กม.86 เลยพีรพัฒน์ดีเซน เข้า ซอย วัดป่าแขม 1.5 กม. เอกสารเป็นโฉนด พร้อมโอนขายที่ดินขายที่ดิน"
https://baan.kaidee.com/product-370749273,"ราคา: 1,400,000
เนื้อที่: 382 ตารางวา | เนื้อที่ 382 ตารางวา
ที่ดินเปล่าจังหวัดเชียงใหม่"
https://baan.kaidee.com/product-370771406,"ราคา: 2,000,000
เนื้อที่: 3.3 ไร่ | เนื้อที่ 3.3 ไร่
ที่ดิน สะเมิง วิวดี มีโฉนด
ที่ดินหายาก มีโฉนด บนเขาวิวดี มีน้ำ ต่อไฟเข้าได้ เงียบสงบ เย็นสบาย บรรยากาศสะเมิงแบบสวิตเซอร์แลนด์
อยู่ใกล้สนามลานกว้าง ซ้ายมือข้างล่างเป็นสนามโรงเรียน 3ไร่ 3 งาน
ติตต่อไลน์ 0979358945"
https://baan.kaidee.com/product-370773452,"ราคา: 150,000,000
เนื้อที่: 15 ไร่ | เนื้อที่ 15 ไร่
ขายที่ดินจัดสรร 15 ไร่ บนทำเลศักยภาพ ใกล้ถนนเชียงใหม่-หางดง
S2277 - โอกาสทองสำหรับนักลงทุน!
ขายที่ดินจัดสรร 15 ไร่ บนทำเลศักยภาพ ใกล้ถนนเชียงใหม่-หางดง
📍 ทำเลโดดเด่น ใจกลางชุมชนศักยภาพสูง
ที่ดินขนาดใหญ่ 15 ไร่ 1 งาน 80.9 ตารางวา (รวม 6,180.9 ตร.วา) แบ่งเป็น 50 แปลง เหมาะสำหรับโครงการจัดสรรหรือพัฒนาอสังหาริมทรัพย์ทุกรูปแบบ
พื้นที่สีเหลือง (รองรับการอยู่อาศัยและพาณิชยกรรม)
💸 ราคาเสนอขาย: 150 ล้านบาท
ราคานี้พร้อมสำหรับนักลงทุนที่มองเห็นอนาคต
🗺️ ที่ตั้ง: ต.บ้านแหวน อ.หางดง จ.เชียงใหม่
• เพียง 1 กม. จากถนนหลักเชียงใหม่-หางดง
• 1.3 กม. จากกาดฝรั่งวิลเลจ แหล่งช้อปปิ้งและไลฟ์สไตล์
• 1.5 กม. จากโครงการกุลพันธ์วิลล์ 9
• 4.3 กม. จากโรงเรียนหางดงรัฐราษฎร์อุปถัมภ์
• 1.7 กม. จากโรงเรียนนานาชาติปัญญาเด่น
• ใกล้สนามกีฬาเทศบาล เพียง 69 เมตร
📌 จุดเด่น:
• ใกล้สิ่งอำนวยความสะดวกครบครัน
• การเดินทางสะดวก เชื่อมต่อถนนสายหลัก
• บรรยากาศสงบ เหมาะสำหรับโครงการที่พักอาศัย
พร้อมโอน และดำเนินการพัฒนาได้ทันที!
……………………………………….
👩‍💻 ปรึกษาฟรี !! ครบจบที่นี่ที่เดียว
✅ดูแลและดำเนินการด้านสินเชื่อให้ครบ
✅ยื่นเช็คเอกสารทราบผลวงเงินภายใน 1-2 วัน
** ยินดีให้คำปรึกษาและบริการด้านสินเชื่อ**
⭐⭐⭐⭐⭐⭐⭐⭐⭐⭐⭐⭐⭐⭐⭐⭐

นัดหมายวันเวลา ได้ทุกวัน
☎️ 053 449 145
097 994 7157 (คุณติ๊ก)
081 242 9452 (คุณมุก)

หรือพูดคุยสอบถามเพิ่มเติม
Line : @cmrealestate https://lin.ee/DYKsfHe
TikTok : www.tiktok.com/@cmrealestate65

ชมรายการอื่นๆเพิ่มเติม คลิกเลย
www.chiangmairealestate.co.th
.…………………………………….
#ที่ดินเชียงใหม่ #ChaingmaiRealestate #CondoChiangmai #PropertyChiangmai #Landchiangmai #hangdong #ที่ดินโครงการจัดสรร #ดิน15ไร่ #หางดง"
https://baan.kaidee.com/product-370782292,"ราคา: 6,500,000
เนื้อที่: 3 ไร่ | เนื้อที่ 3 ไร่
ขายที่ดินอำเภอสันกำแพง สายใหม่1317 ใกล้สนามบินแห่งใหม่
‼️อยากมีบ้านสวน..อยากทำรีสอร์ท คาเฟ่ เชิญทางนี้‼️
✳️ขายที่ดินแปลงสวย อยู่ถนนสันกำแพงสายใหม่ 1317 กม.20 ต.ออนใต้ อ.สันกำแพง จ.เชียงใหม่ ใกล้สนามบินแห่งใหม่ รร.นานาชาติ ทางไปแม่กำปอง บรรยากาศดี ติดแม่น้ำ วิวภูเขา เหมาะแก่การปลูกบ้าน หรือทำรีสอร์ท ร้านอาหาร
✳️แบ่งขายตารางวาละ5000บาท ตั้งแต่200-400ตรว.
ยกแปลง3-1-77ไร่ ราคา 6.5ล้าน

▶️สนใจสอบถาม 0918586514 , lineid:noksathian"
https://baan.kaidee.com/product-370785533,"ราคา: 50,000,000
เนื้อที่: 152 ไร่ | เนื้อที่ 152 ไร่
ขายที่ดินเชียงใหม่ ทะเลสาป 152ไร่ ที่ดินโฉนด
ขายที่ดินเชียงใหม่ ทะเลสาป 152ไร่ เอกสารสิทธิ์เป็นโฉนดที่ดิน ราคาขายเหมา 70 ล้าน

ID Line : thawat3232"
https://baan.kaidee.com/product-370791137,"ราคา: 8,900,000
เนื้อที่: 81 ตารางวา | เนื้อที่ 81 ตารางวา
ขายอาคารพาณิชย์ 2 ชั้น 6 คูหา ตัวเมืองพร้าว
ขายตึกแถว 2 ชั้น 6 คูหา ทำเลดี ในตัวเมืองพร้าว
ราคา 8.9 ล้านบาท
สนใจติดต่อคุณหนึ่ง
มือถือ 081-3200294"
https://baan.kaidee.com/product-370792683,"ราคา: 1,290,000
เนื้อที่: 1.9 ไร่ | เนื้อที่ 1.9 ไร่
ขายที่ดิน ต.ออนใต้ อ.สันกำแพง จ.เชียงใหม่
ขายที่ดิน ต.ออนใต้ อ.สันกำแพง จ.เชียงใหม่ ที่สวยมาก บรรยากาศสงบร่มรื่น ติดเชิงเขา วิวเขาล้อมรอบ ด้านหน้าติดถนนคอนกรีต น้ำ ไฟ ,, น้ำไม่ท่วม โฉนดครุฑแดง เนื้อที่ 1 ไร่ 90 ตารางวา สนใจติดต่อ คุณ นัฐ อิสรา 091-391-9191"
https://baan.kaidee.com/product-370801978,"ราคา: 2,500,000
เนื้อที่: 121 ตารางวา | เนื้อที่ 121 ตารางวา | ห้องนอน 3 | ห้องน้ำ 2
บ้านสวย บรรยากาศดีมาก วิวทุ่งนา วิวภูเขา
ขายด่วน‼️ บ้านสวย บรรยากาศดี วิวดอย วิวทุ่งนา ย่านชุมชน ติดถนนสองด้าน บ้าน 3 ห้องนอน 2 ห้องน้ำ 1 โถงรับแขก 1 ห้องครัว ลานหน้าบ้านกว้าง จอดรถได้หลายคัน
————————————
✅บนเนื้อที่(โฉนด) 121 ตรว.
✅ราคา 2,500,000 บาท
————————————
📌ต.หนองแหย่ง อ.สันทราย จ.เชียงใหม่
————————————
การเดินทางสะดวกสบาย
จาก โรงพยาบาลดอยสะเก็ด 4 กม.
จาก เซ็นทรับเฟส 14 กม.
————————————
สนใจติดต่อ…
โทร: 092-669-7862
Line ID: btr789"
https://baan.kaidee.com/product-370802003,"ราคา: 1,500,000
เนื้อที่: 445 ตารางวา | เนื้อที่ 445 ตารางวา
ที่ดินโฉนดเนินเขาวิวสวย 1ไร่ 45ตร.ว.
Vายที่ดิน(บน)เนินเขา วิวสวย ย่านชุมชนหมู่บ้าน
✅เนื้อที่ (โฉนด) 1ไร่ 45 ตรว.
💥Vายถูก เพียง‼️ 1,500,000 บาท
---------------------------------------
🌳ลักษณะที่ดิน เป็นเนินเขาสโลป ด้านบนเป็นที่ราบ แปลงสวย เหมาะปลูกบ้านพักอาศัย บ้านพักตากอากาศ โฮมสเตย์ รีสอร์ท ฯลฯ พื้นที่ด้านบน บรรยากาศดี วิวสวย ภาพมุมสูง มองเห็น วิวสวย ระยะไกล (เพราะอยู่พื้นที่สูง) บรรยากาศดี ได้ธรรมชาติ สุดๆ ที่ดิน ทำเลดี อยู่ในแหล่งชุมชน หมู่บ้านดั่งเดิม
---------------------------------------
✅ด้านหน้าติดถนนลาดยาวดำ ถนนเส้นหลัก ทางผ่านชุมชน
✅ด้านบนติดถนนคอนกรีตกว้าง 8 เมตร
✅น้ำประปา ไฟฟ้า อินเตอร์เน็ต มีครบ.

🚗การเดินทางสะดวกสบาย
• จาก ที่ทำการ เทศบาล ต.หนองแหย่ง 3.5กม
• จาก ที่ว่าการ อ.สันทราย 10 กม.
• จาก เซ็นทรัลเฟสติวัลเชียงใหม่ 18 กม.

📌เขต ต.หนองแหน่ง อ.สันทราย จ.เชียงใหม่.
(ใกล้เขื่อนแม่กวงอุดมธารา เขตติดต่อ อ.ดอยสะเก็ด)
---------------------------------------
สนใจติดต่อ....
☎ 092-669-7862
📱 ID:btr789"
https://baan.kaidee.com/product-370802558,"ราคา: 650,000
เนื้อที่: 81 ตารางวา | เนื้อที่ 81 ตารางวา
ที่ดิน81ตร.ว.650,000 มี2แปลงติดกัน ต.แม่ปูคา สันกำแพง
🌳ที่ดินถมแล้ว ย่านชุมชน น้ำไม่ท่วม
✅เนื้อที่(โฉนด) 81 ตร.ว. (มี2แปลงติดกัน)
✅ขายถูก เพียง‼️แปลงละ 650,000 บาท
ใกล้เทศบาลตำบลแม่ปูคา 800 เมตร
----------------------------------------
📌เขต ต.แม่ปูคา อ.สันกำแพง จ.เชียงใหม่.
----------------------------------------
🌳ที่ดินแปลงสวย วิวทุ่งนา ถมดินแล้ว อยู่แหล่งชุมชน ใกล้ตลาด ร้านค้า เหมาะทำบ้านพักอาศัย บ้านตากอากาศ หรือ เก็งกำไร ไว้ในอนาคตได้ น้ำประปา-ไฟฟ้า-อินเตอร์เน็ต-ถนน มีครบ.
🚗กาเดินทางสะดวกสบาย
ห่าง เทศบาลตำบลแม่ปูคา 800 เมตร
จาก ถนนสันกำแพงสายเก่า(1006) 4 กม.
จาก โลตัสบ่อสร้าง 6 กม.
จาก ใจกลางตัวเมืองเชียงใหม่ 17 กม.
จาก สนามบินเชียงใหม่ 20 กม.
----------------------------------------
สนใจติดต่อ..
☎ 092-669-7862
📱 ID: btr789"
https://baan.kaidee.com/product-370802569,"ราคา: 1,890,000
เนื้อที่: 70 ตารางวา | เนื้อที่ 70 ตารางวา | ห้องนอน 3 | ห้องน้ำ 2
บ้าน 3นอน 2น้ำ 70ตร.ว. ใกล้เมืองเชียงใหม่
ขายด่วน‼️ บ้านเดี่ยวพร้อมที่ดิน ย่านชุมชน
ไม่มีค่าส่วนกลาง – หมู่บ้านนอกโครงการ
————————————
📌 ต.แม่คือ อ.ดอยสะเก็ด จ.เชียงใหม่
————————————
✅ราคาพิเศษเพียง‼️ 1.89 ล้านบาท
————————————
✅รายละเอียดบ้าน:
• ขนาดที่ดิน (โฉนด) 70 ตร.ว.
• 3ห้องนอน 2ห้องน้ำ 1ครัว 2ที่จอดรถ
• พื้นที่ใช้สอย 114 ตร.ม.
• พื้นที่กว้างขวาง พร้อมสนามหญ้ารอบบ้าน
• หลังคาแข็งแรง พร้อมฉนวนกันความร้อน

🚗 เดินทางสะดวกสบาย…
• ตลาดแม่คือ 1.8 กม.
• แยกบ่อสร้าง 3 กม.
• เซ็นทรัลเฟสติวัล 13 กม.
• สนามบินเชียงใหม่ 18 กม

🆓 ของแถมจัดเต็ม พร้อมเข้าอยู่ทันที
• ฟรี! มิเตอร์น้ำ & มิเตอร์ไฟ
• เคาน์เตอร์ครัว + เตาแก๊สฝัง + เครื่องดูดควัน
• เครื่องทำน้ำอุ่น 2 เครื่อง
• ระบบเดินท่อกำจัดปลวก
• ปั๊มน้ำ 150 วัตต์ + ถังเก็บน้ำ 1,000 ลิตร
• โรงจอดรถจอดได้ 2 คัน
————————————
สนใจติดต่อ…
โทร: 092-669-7862 / Line ID: btr789"
https://baan.kaidee.com/product-370802602,"ราคา: 3,000,000
เนื้อที่: 321 ตารางวา | เนื้อที่ 321 ตารางวา | ห้องนอน 1 | ห้องน้ำ 1
บ้านสวนบรรยากาศดี ย่านชุมชน ใกล้เมืองเชียงใหม่ วิวทุ่งนา วิวภูเขา
🌳ที่ดินแปลงสวย ย่านชุมชน พร้อมบ้านสวน วิวสวย บรรยากาศดี
✅เนื้อที่(โฉนด) 321 ตรว.
✅ราคา 3,000,000 บาท
----------------------------------------
📌เขต ต.หนองแหย่ง อ.สันทราย จ.เชียงใหม่.
----------------------------------------
🌳ที่ดินแปลงสวย พร้อมบ้านสวน ย่านชุมชน ใกล้ตลาด ร้านค้า เซเว่น การเดินทางสะดวก ทางเข้าติดถนนทางหลวงชนบท(3012) ห่าง 80 เมตร เงียบ สงบ บรรยากาศดี วิวทุ่งนาด้านหลัง ได้ความเป็นส่วนตัว เหมาะทำบ้านสวน บ้านพักอาศัย บ้านตากอากาศ หรือ เก็งกำไร ไว้ในอนาคตได้ น้ำประปา ไฟฟ้า อินเตอร์เน็ต ถนนครอนกรีต มีครบ.

🚗กาเดินทางสะดวกสบาย
จาก ตลาด ร้านค้า เซเว่นในชุมชน 600 ม.
จาก ถนนสันทรายสายเก่า ตลาดป่าเหมือด 4.5 กม
จาก ถนนซุปเปอร์ เชียงใหม่-ดอยสะเก็ด 6กม.
จาก มหาวิทยาลัย แม่โจ้ 9 กม.
จาก เซ็นทรัลเฟสติวัล 15 กม.
จาก ใจกลางตัวเมืองเชียงใหม่ 20 กม.
จาก สนามบินเชียงใหม่ 24 กม.
🌳🌳🌳
สนใจติดต่อ…
☎ 092-669-7862
📱 ID: btr789"
https://baan.kaidee.com/product-370814637,"ราคา: 12,000
เนื้อที่: 890.20 ตารางวา | เนื้อที่ 890.20 ตารางวา | เป็นทรัพย์รอการขาย ไม่ใช่
🎯 ขายที่ดินแปลงสวย “ปันเจียง” ยางเนิ้ง สารภี เชียงใหม่
🎯 ขายที่ดินแปลงสวย “ปันเจียง” ยางเนิ้ง สารภี เชียงใหม่
📌 เหมาะสำหรับปลูกบ้านจัดสรร หรือซื้อเก็บลงทุน
📍 แค่ 3 แปลงเท่านั้น! หมดแล้วหมดเลย!

💥 ราคาพิเศษ เพียง 12,000 บาท/ตร.ว.
📐 ขนาดจัดแบ่งเหมาะลงทุน
📑 ค่าโอนคนละครึ่ง

✨ จุดเด่นทำเลทอง:
🚗 เข้าเมืองเชียงใหม่เพียง 16 นาที ถึงบิ๊กซีดอนจั่น
🏫 ใกล้ รร.นานาชาติ Unity & รร.ช่องฟ้าซินเซิงฯ
🛣️ ติดถนนวงแหวนรอบ 3 – เส้นทางกำลังพัฒนาเป็น “ทางด่วน”
🔝 อนาคตเป็นย่านธุรกิจสำคัญ น่าจับตา!

🔌 มีสาธารณูปโภคครบ พร้อมปลูก-พร้อมพัฒนา

📞 สนใจรีบติดต่อ คุณเอ๋
📲 064-893-6198
💬 Line ID: aunjai54

🎯 Land for Sale – Beautiful Plots in Pun Chiang, Yang Noeng, Saraphi, Chiang Mai

Looking for the perfect investment or development land near Chiang Mai city?
🌟 Only 3 plots available – grab yours before they’re gone!

📌 Perfect for residential projects, housing developments, or long-term investment
💥 Special Price: Only 12,000 THB per sq.wah
📐 Well-divided plots – ideal for investors
📑 Transfer fee: 50/50 split

✨ Golden Location Highlights:
🚗 Just 16 minutes to Chiang Mai city / Big C Donchan
🏫 Close to international schools – Unity Concord & Chongfah Xinsheng
🛣️ Located right on Chiang Mai’s 3rd Ring Road, future expressway zone
🔝 Highly potential area – fast-growing and future business hotspot

🔌 Full utilities ready – build or develop immediately!

📞 Contact Khun Aeh today
📲 064-893-6198
💬 Line ID: aunjai54"
https://baan.kaidee.com/product-370814905,"ราคา: 5,280
เนื้อที่: 2511 ตารางวา | เนื้อที่ 2511 ตารางวา | เป็นทรัพย์รอการขาย ไม่ใช่
ขายทึ่ดิน 💸💸‼️6 ไร่ วิวภูเขา ติดสนามกอล์ฟแม่โจ้ ‼️💸💸
ขายที่ดิน 🏞️ “6 ไร่ วิวภูเขา ติดสนามกอล์ฟแม่โจ้‼️

🌳 เชียงใหม่ ทำเลทอง! ใกล้ม.แม่โจ้
💰 ตรว.ละ 5,280 เท่านั้น
📍 ใกล้ชุมชน เดินทางสะดวก
📞 064-893-6198 (คุณเอ๋)
💬 Line: aunjai54
📌 ราคาต่อรองได้

➡️ คลิกดูแปลงที่ดินก่อนใคร!
https://maps.app.goo.gl/pvMZ8amFHu7UGbor6


🏞️ 6+ Rai Land for Sale – Mountain View | Golf Course Front!

Looking for your perfect land in Chiang Mai?

✅ 6 Rai 111 Sq.wah (10,444 sqm)
✅ Right next to Maejo Golf Course
✅ Surrounded by mountain views
💰 Only THB 5,280 per sq.wah

📍 Close to Maejo University
📍 All utilities ready (water/electricity)
📍 Ideal for: Villa, Resort, Retirement Home, Investment

📞 Contact: Khun Aeh (+66 64 893 6198)
💬 Line: aunjai54

👉 Schedule a viewing today!"
https://baan.kaidee.com/product-370818928,"ราคา: 3,800,000
เนื้อที่: 346 ตารางวา | เนื้อที่ 346 ตารางวา
ที่ดินติดแม่น้ำ ทำเลดีเหมาะทำคาเฟ บ้านสวนริมน้ำ ฯลฯ
#ที่ดินติดแม่น้ำ วิวสวย บรรยากาศดี ได้ธรรมชาติ (ทำเลหายาก) เหมาะทำคาเฟ่ บ้านสวน บ้านริมน้ำ บ้านตากอากาศ บ้านพักอาศัย ฯลฯ ที่ดินอยู่ย่านชุมชน ใกล้เมืองเชียงใหม่ เดินไป-มาสะดวก มีน้ำประปา ไฟฟ้า ถนนสาธารณะ ครบ.
——————————————————
✅เนื้อที่(โฉนด) 346 ตร.ว.
✅Vายเพียง‼️ 3.8 ล้านบาท
——————————————————
📌ต.สันกำแพง อ.สันกำแพง จ.เชียงใหม่
——————————————————
🚗การเดินทางสะดวกสบาย
จาก ถนนสันกำแพงสายใหม่ 2.5 กม.
จาก โลตัสบ่อสร้าง 4 กม.
จาก ห้างบิ๊กซีดอนจั่น 10 กม.
จากใจกลาง ตัวเมืองเชียงใหม่ 14 กม.
จาก สนามบินเชียงใหม่ 16 กม.
——————————————————
สนใจติดต่อ...
โทร: 092-669-7862
Line ID: btr789"
https://baan.kaidee.com/product-370821887,"ราคา: 1,600,000
เนื้อที่: 49.23 ตารางเมตร | เนื้อที่ 49.23 ตารางเมตร | ห้องนอน 1 | ห้องน้ำ 1 | ชั้น 7 | เฟอร์นิเจอร์ ตกแต่งครบ | ผู้พัฒนา/เจ้าของโครงการ อื่นๆ | ปีที่สร้างเสร็จ 2016 | อนุญาตให้เลี้ยงสัตว์ ไม่อนุญาต | เป็นทรัพย์รอการขาย ไม่ใช่
ขายคอนโดเชียงใหม่วิวเพลส 2 ตึก B วิวดอย สวยมาก 🌟
🌟 ขายคอนโดเชียงใหม่วิวเพลส 2 ตึก B วิวดอย สวยมาก! 🌟
📍 ทำเลดีเยี่ยม ใกล้ห้าง-สนามบิน-รพ. เข้าอยู่ได้ทันที!

💥 ขนาด 45 ตร.ม ชั้น 7 ห้องมุม แบ่งพื้นที่เป็นสัดส่วน
🛏️ 1 ห้องนอน 🛋️ 1 ห้องรับแขก
🎁 ฟรี! เฟอร์นิเจอร์ + แอร์ + เครื่องทำน้ำอุ่น + ตู้เย็น
📦 หิ้วกระเป๋าเข้าอยู่ได้เลย

🏡 เจ้าของขายเอง มีบ้านอยู่แล้ว ขายเพราะไม่ได้ใช้

🔥 ราคาพิเศษ 1.69 ล้าน (จาก 1.8 ล้าน) 🔥
📍ทำเลทอง เดินทางสะดวก: ✅ 3 นาที → โรบินสันเชียงใหม่
✅ 4 นาที → รพ.ใกล้หมอ
✅ 4 นาที → สนามบิน
✅ 6 นาที → ถนนคนเดินวัวลาย
✅ ใกล้ 7-11 ร้านสะดวกซื้อ

🏊‍♀️ สิ่งอำนวยความสะดวก:
– สระว่ายน้ำ
– ระบบคีย์การ์ด
– กล้องวงจรปิด
– รปภ. 24 ชั่วโมง

📲 สนใจติดต่อด่วน:
โทร: 064-8936198
Line ID: aunjai54

📌 รีบตัดสินใจก่อนหลุดมือ ห้องดี วิวสวย ราคาดีแบบนี้หายาก!"
https://baan.kaidee.com/product-370823450,"ราคา: 6,500,000
เนื้อที่: 270 ตารางเมตร | เนื้อที่ 270 ตารางเมตร
ขายตึก 3 สามชั้น สี่แยกสันกำแพง
ขายตึกแถวสร้างใหม่ 3 ชั้น แยกบ่อสร้าง สันกำแพง
🏦 ราคา 6.5 ล้านบาท
อาคารกว้าง 6 เมตร ลึก 15 เมตร
ห้องนอนอยู่ชั้น 3 จำนวน 2 ห้องนอน
3 ห้องน้ำ
ทำเลดีมาก ทำเลทอง เหมาะสำหรับทุกๆกิจการ
✅คลินิกทำฟัน ✅คลินิกความงาม ✅ร้านทอง
✅ร้านขายยา ✅ร้านขายอาหารสัตว์
✅ร้านมินิมาร์ท ✅ร้านอาหาร
✅ร้านขายของ ✅โฮมออฟฟิศ
✅ขายสังฆทาน ✅ร้านขายปุ๋ยขายยาเพื่อการเกษตร
✅ขายของออนไลน์
👍ทุกๆกิจการ เจริญรุ่งเรือง ร่ำรวยเงินทอง👍
สนใจติดต่อ : 098-1614656"
https://baan.kaidee.com/product-370830193,"ราคา: 17,900,000
เนื้อที่: 100 ตารางวา | ห้องนอน 4 ห้องนอน | ห้องน้ำ 6 ห้องน้ำ | เนื้อที่ 100 ตารางวา | ชั้น 2 | อนุญาตให้เลี้ยงสัตว์ ไม่อนุญาต | เฟอร์นิเจอร์ ตกแต่งครบ
S2602 ขาย ให้เช่า พูลวิลล่า 2 ชั้น สไตล์โมเดิร์น พร้อมอยู่
S2602 | ขาย/ให้เช่า พูลวิลล่า 2 ชั้น สไตล์โมเดิร์น พร้อมอยู่
ทำเลศักยภาพ: สันกลาง–สันกำแพง เชียงใหม่
เดินทางสะดวก ใกล้ถนนวงแหวนรอบสอง เพียง 15 นาทีถึงเซ็นทรัลเฟสติวัล

รายละเอียดบ้าน:
• 4 ห้องนอน | 6 ห้องน้ำ พร้อมอ่างอาบน้ำ
• ห้องนั่งเล่น | ครัวไทย | พื้นที่เตรียมอาหาร
• 2 โซนรับประทานอาหาร
• ห้องแม่บ้าน | ห้องเก็บของ
• ที่จอดรถ 2 คัน
• พื้นที่ใช้สอย 462 ตร.ม. I ที่ดิน 100 ตร.วา

สิ่งอำนวยความสะดวก:
• สระว่ายน้ำระบบเกลือ
• เฟอร์นิเจอร์และเครื่องใช้ไฟฟ้าครบ
• กล้องวงจรปิดรอบบ้าน 7 จุด
• ประตูรั้วระบบรีโมท
• ระบบอินเทอร์เน็ตพร้อม Access Points

ราคาขาย: 17,900,000 บาท
ราคาเช่า: 120,000 บาท/เดือน (สัญญารายปี)
ทำเล : บิ๊กซีดอนจั่น แม็คโครเชียงใหม่ 10 นาที , 7-ELEVEN 2 นาที เป็นต้น
พูลวิลล่าหลังนี้เหมาะทั้งสำหรับอยู่อาศัย และการลงทุนปล่อยเช่าระยะยาวในย่านที่เติบโตเร็วของเชียงใหม่
______________________________
S2602 | For Sale / Rent – Fully Furnished 2-Storey Modern Pool Villa
Prime location: San Klang – San Kamphaeng, Chiang Mai
Convenient access, just 15 minutes to Central Festival and near the Second Ring Road.

Property Details:
• 4 bedrooms | 6 bathrooms with bathtub
• Living room | Thai kitchen | Pantry
• 2 dining areas
• Maid’s room | Storage room
• 2-car parking
• Usable area: 462 sq.m. | Land size: 100 sq.wah

Features:
– Saltwater swimming pool
– Fully furnished with appliances
– 7 security CCTV cameras around the house
– Remote-controlled gate
– Internet with access points throughout

Price for Sale: 17,900,000 THB
Price for Rent: 120,000 THB/month (1-year contract)
Nearby: Big C Donchan, Makro Chiang Mai (10 mins), 7-Eleven (2 mins)
Perfect for families or long-term investment in one of Chiang Mai’s fastest growing residential areas.
______________________________
สอบถามเพิ่มเติม/ นัดหมาย 👉 https://lin.ee/DYKsfHe
.
📍 𝐓𝐄𝐋 : 097- 9947154 (Tik )
080-0544562 (Ning)
081-2429452 (Mook)
📍 𝐋𝐈𝐍𝐄 𝐎𝐀 : @cmrealestate
📍 𝐖𝐞𝐛𝐬𝐢𝐭𝐞 : www.chiangmairealestate.co.th
📍 𝐓𝐢𝐤𝐓𝐨𝐤 : www.tiktok.com/@cmrealestate65
📍 𝐘𝐨𝐮𝐓𝐮𝐛𝐞 : https://youtube.com/@chiangmai_realestate?si=Pl0Sta_e5LfWuxbI
📍 𝐈𝐧𝐬𝐭𝐚𝐠𝐫𝐚𝐦 : https://www.instagram.com/chiangmairealestate_company?igsh=djg5OXVwYXdnanZy
.
📌บริการพิเศษสำหรับลูกค้า 𝐒𝐞𝐫𝐯𝐢𝐜𝐞
✅ ให้คำปรึกษาด้านสินเชื่อ ตรวจสอบวงเงินกู้และแนะนำธนาคารที่เหมาะสม
✅ ช่วยดำเนินเอกสารการยื่นกู้ อำนวยความสะดวกตั้งแต่ต้นจนจบ
✅ ดูแลทุกขั้นตอนจนถึงวันโอน เพื่อให้คุณเป็นเจ้าของบ้านได้อย่างราบรื่น
.

*เงื่อนไขเป็นไปตามที่บริษัทฯ กำหนด
𝐂𝐡𝐢𝐚𝐧𝐠 𝐌𝐚𝐢 𝐑𝐞𝐚𝐥 𝐄𝐬𝐭𝐚𝐭𝐞
𝐂𝐨𝐦𝐩𝐚𝐧𝐲 𝐋𝐢𝐦𝐢𝐭𝐞𝐝
𝐋𝐨𝐜𝐚𝐭𝐢𝐨𝐧 : https://maps.app.goo.gl/Fkokc9qD1koYQSUT8

.
#พูลวิลล่าเชียงใหม่ #ขายบ้านเชียงใหม่ #บ้านหรูให้เช่า #อสังหาฯเชียงใหม่ #บ้านพร้อมอยู่ #ChiangMaiPoolVilla
#LuxuryHomeThailand #ModernVillaForSale #ChiangMaiProperty #FullyFurnishedHome"
https://baan.kaidee.com/product-370834514,"ราคา: 2,390,000
เนื้อที่: 94 ตารางเมตร | ห้องนอน 2 ห้องนอน | ห้องน้ำ 1 ห้องน้ำ | เนื้อที่ 94 ตารางเมตร | ชั้น 1 | ปีที่สร้างเสร็จ 2025
บ้านแฝดชั้นเดียว บ้านสไตล์ Classic Country โครงการอรสิริน วิลล์ สันทราย
ORNSIRIN VILLE (SANSAI)
โครงการใหม่ สไตล์ Classic Country บนทำเลสันทราย - รวมโชค เดินทางง่าย 5 นาที* จากแยกรวมโชค

ราคา Promotion 2.39 MB
ASCOTT (S) 2 ห้องนอน 1 ห้องน้ำ 2 ที่จอดรถ
พื้นที่ใช้สอย ขนาด 94 ตร.ม. ด้วยที่ดินเริ่มต้น 38.40 ตร.วา

✔️ฟรีค่าโอนกรรมสิทธิ์
✔️ฟรีถังสำรองน้ำพร้อมปั๊มน้ำ
✔️ฟรีค่าธรรมเนียมติดตั้งมิเตอร์ประปา
✔️ฟรีค่าธรรมเนียมติดตั้งมิเตอร์ไฟฟ้า
✔️จัดสวนฟรี

ที่ตั้ง : https://maps.app.goo.gl/Sk8TH85QdaMFtVX5A
สอบถามข้อมูลเพิ่มเติม
Tel : 095-4490494
Line ID : ville-sansai
*เงื่อนไขเป็นไปตามที่บริษัทฯ กำหนด"
https://baan.kaidee.com/product-370837984,"ราคา: 893,000
เนื้อที่: 19.5 ตารางวา | เนื้อที่ 19.5 ตารางวา | ห้องนอน 1 ห้องนอน | ห้องน้ำ 1 ห้องน้ำ | เป็นทรัพย์รอการขาย ใช่
💖 ทาวน์เฮ้าส์ หางดง ราคาพิเศษ! 💖
รหัสทรัพย์ ： DUCHMTH0103001

สอบถามข้อมูลเพิ่มเติม นัดดูทรัพย์ >> 😊ทิ้งชื่อ เบอร์ติดต่อ ในแชท ให้เจ้าหน้าที่ขายติดต่อกลับได้เลยค่ะ😊 (บริษัทเปิดให้บริการติดต่อ วันจันทร์-ศุกร์ เวลา 9.00-17.00 ยกเว้นวันหยุดนักขัตฤกษ์)

ทาวน์เฮ้าส์ (ใกล้ที่ว่าการอำเภอหางดง) ทาวน์เฮ้าส์ชั้นเดียว 2 ห้องนอน 1 ห้องน้ำ 1 ห้องนั่งเล่น 1 ที่จอดรถ 1 ห้องครัว ภายในกว้างขวางด้วยพื้นที่ใช้สอยขนาด 64.5 ตร.ม. เลขที่ 280/1 ห่างจากถนนสายเชียงใหม่-ฮอด(ทล.108) ประมาณ 500 ม.

บริษัทขอสงวนสิทธิ์ในการเปลี่ยนแปลงรายละเอียดทรัพย์สิน ราคาตั้งขาย รวมถึงเงื่อนไขอื่นใด หรือยกเลิกการ ขายทรัพย์สินได้โดยไม่ต้องแจ้งให้ผู้สนใจเสนอซื้อทราบล่วงหน้า

https://www.google.com/maps/search/?api=1&query=18.680671,98.922143"
https://baan.kaidee.com/product-370838004,"ราคา: 3,000,000
เนื้อที่: 153.3 ตารางวา | เนื้อที่ 153.3 ตารางวา | ห้องนอน 1 ห้องนอน | ห้องน้ำ 1 ห้องน้ำ | เป็นทรัพย์รอการขาย ใช่
💖 บ้าน แม่ริม ราคาพิเศษ! 💖
รหัสทรัพย์ ： DECHMSH0209001

สอบถามข้อมูลเพิ่มเติม นัดดูทรัพย์ >> 😊ทิ้งชื่อ เบอร์ติดต่อ ในแชท ให้เจ้าหน้าที่ขายติดต่อกลับได้เลยค่ะ😊 (บริษัทเปิดให้บริการติดต่อ วันจันทร์-ศุกร์ เวลา 9.00-17.00 ยกเว้นวันหยุดนักขัตฤกษ์)

พลอยมณีแดง บ้านเดี่ยว 2 ชั้น, 4 ห้องนอน, 3 ห้องน้ำ, 1 ห้องครัว, 2 ที่จอดรถ พื้นที่ใช้สอยขนาด 387 ตร.ม. ในโครงการหมู่บ้านพลอยมณีแดง ตั้งอยู่ในโครงการพลอยมณีแดง ห่างจากถนนเชียงใหม่ - ฝาง ประมาณ 1.2 กม.

บริษัทขอสงวนสิทธิ์ในการเปลี่ยนแปลงรายละเอียดทรัพย์สิน ราคาตั้งขาย รวมถึงเงื่อนไขอื่นใด หรือยกเลิกการ ขายทรัพย์สินได้โดยไม่ต้องแจ้งให้ผู้สนใจเสนอซื้อทราบล่วงหน้า

https://www.google.com/maps/search/?api=1&query=18.910608,98.936019"
https://baan.kaidee.com/product-370838005,"ราคา: 693,000
เนื้อที่: 164 ตารางวา | เนื้อที่ 164 ตารางวา | ห้องนอน 1 ห้องนอน | ห้องน้ำ 1 ห้องน้ำ | เป็นทรัพย์รอการขาย ใช่
💖 บ้าน สันป่าตอง ราคาพิเศษ! 💖
รหัสทรัพย์ ： DECHMSH0350001

สอบถามข้อมูลเพิ่มเติม นัดดูทรัพย์ >> 😊ทิ้งชื่อ เบอร์ติดต่อ ในแชท ให้เจ้าหน้าที่ขายติดต่อกลับได้เลยค่ะ😊 (บริษัทเปิดให้บริการติดต่อ วันจันทร์-ศุกร์ เวลา 9.00-17.00 ยกเว้นวันหยุดนักขัตฤกษ์)

บ้านในชุมชนบ้านป่าจู้ ที่ดินพร้อม บ้านเดี่ยวชั้นเดียว 1 หลัง และสิ่งปลูกสร้าง 2 รายการ ทำเลดีอยู่ภายในชุมชนบ้านป่าจู้ติดถนนภายในชุมชน เดินทางเข้า-ออกสะดวก 18 หมู่ที่ 4 บ้านป่าจู้ ต.มะขามหลวง อ.สันป่าตอง จ.เชียงใหม่

บริษัทขอสงวนสิทธิ์ในการเปลี่ยนแปลงรายละเอียดทรัพย์สิน ราคาตั้งขาย รวมถึงเงื่อนไขอื่นใด หรือยกเลิกการ ขายทรัพย์สินได้โดยไม่ต้องแจ้งให้ผู้สนใจเสนอซื้อทราบล่วงหน้า

https://www.google.com/maps/search/?api=1&query=18.603694,98.901232"
https://baan.kaidee.com/product-370840514,"ราคา: 3,500,000
เนื้อที่: 113 ตารางวา | ห้องนอน 0 ห้องนอน | ห้องน้ำ 0 ห้องน้ำ | เนื้อที่ 113 ตารางวา
ขายที่ดินเปล่า 113 ตร.ว ทำเลดี ซอยป่าตัน 7 อ.เมือง เชียงใหม่
ขายที่ดินเปล่า 113 ตร.ว. ทำเลดี
ต.ป่าตัน อ.เมือง จ.เชียงใหม่
หน้ากว้าง 18 ม. ลึก 25 ม.
สถานที่ใกล้เคียง ห่างจาก
รพ.ลานนา 1.2 กม
โลตัสสาขาคำเที่ยง 3.5 กม.
ตลาดศิริวัฒนา 2.9 กม.
เมญ่า ชอปปิง เซ็นเตอร์ 4.2 กม.
โรงพยาบาลมหาราชนครเชียงใหม่ 5.7 กม.
โรงพยาบาลเทพปัญญา 5.1 กม.
เซ็นทรัลเฟส เชียงใหม่ 6.7 กม.
เจ้าของขายเอง สนใจติดต่อ 0892615831
ที่ดินไม่ติดธนาคาร พร้อมโอน"
https://baan.kaidee.com/product-370841868,"ราคา: 6,990,000
เนื้อที่: 89 ตารางวา | เนื้อที่ 89 ตารางวา | ห้องนอน 3 | ห้องน้ำ 2 | ผู้พัฒนา/เจ้าของโครงการ อื่นๆ | เฟอร์นิเจอร์ ตกแต่งครบ | ปีที่สร้างเสร็จ 2025 | เป็นทรัพย์รอการขาย ไม่ใช่
ขายบ้านเดี่ยว 1 ชั้นสไตล์อังกฤษ พร้อมอยู่"
https://baan.kaidee.com/product-370851316,"ราคา: 7,000,000
เนื้อที่: 832 ตารางวา | ห้องนอน 3 ห้องนอน | ห้องน้ำ 4 ห้องน้ำ | เนื้อที่ 832 ตารางวา | เป็นทรัพย์รอการขาย ไม่ใช่
บ้านเดี่ยว 1 ชั้น 832 ตร.ว. บ้านเดี๋ยว ใกล้ ม.แม่โจ้ ถนนทางหลวง1001 เชียงใหม่-บ้านโป่ง สันทราย เชียงใหม่
คุณ วันประภา จุสมใจ (กุ้ง)
เบอร์ติดต่อ : 081-342-9090
Office : 02-946-6206
สอบถามทางไลน์ https://lin.ee/xTo07Pn
Line ID: @interhome

รหัสอสังหาริมทรัพย์ : 63559
ขนาด 832 ตร.ว.

ที่ตั้ง : บ้านเดี๋ยว ใกล้ ม.แม่โจ้ ถ.ทางหลวง1001 สันทราย เชียงใหม่

รายละเอียด
ใกล้มหาวิทยาลัยแม่โจ้ โรงเรียนบ้านโปง บ้านสวนจินตนาโฮมสเตย์เชียงใหม่

ขายบ้านเดี่ยว 1 ชั้น ใกล้ ม.แม่โจ้ ถนนทางหลวง1001 เชียงใหม่-บ้านโป่ง ถนนทางหลวงชนบทเชียงใหม่4085 ตำบลป่าไผ่ อำเภอสันทราย จังหวัดเชียงใหม่

สูง 1 ชั้น มี 3 ห้องนอน 4 ห้องน้ำ 1 ห้องครัว 1 ห้องพระ 1 ห้องรับแขก 1 ห้องเอนกประสงค์
แอร์ 6 ตัว จอดรถ 10 คัน

การตกแต่ง
พื้นปูปาเก้+ฝ้าหลุม เคาเตอร์บาร์ มีห้องซักล้าง

ทำเลดีการเดินทางสะดวก
ใกล้มหาวิทยาลัยแม่โจ้ โรงเรียนบ้านโปง บ้านสวนจินตนาโฮมสเตย์เชียงใหม่
วิทยาลัยพลังงานทดแทน แม่โจ้กอล์ฟรีสอร์ท แอนด์ สปา เทศบาลเมืองแม่โจ้
ร้านอาหารเดอะก็อตฟาเธอร์ สามารถทำธุรกิจได้

บริษัท อินเตอร์โฮม เรียลตี้ เอสเตท จำกัด
Interhome Realty Estate
www.interhome.co.th
โทร. 02-946-6206

https://www.interhome.co.th/propertydetail.php?propcode=63559"
https://baan.kaidee.com/product-370861186,"ราคา: 8,500,000
เนื้อที่: 182 | เนื้อที่ 182 | เป็นทรัพย์รอการขาย ไม่ใช่
ที่ดิน+บ้านเดี่ยว 182 ตร.ว. ที่ดิน+บ้านเดี่ยว ใกล้BigCซุปเปอร์เซ็นเตอร์ เชียงใหม่ ถนนรอบเมืองเชียงใหม่ ถนนสมโภชเชียงใหม่ 700 ปี
คุณ ชาณินภัสส์ สิชาพันธุ์ (ปัฐ)
เบอร์ติดต่อ : 091-935-5499
Office : 02-946-6206
สอบถามทางไลน์ https://lin.ee/xTo07Pn
Line ID: @interhome

รหัสอสังหาริมทรัพย์ : 63181
ขนาด 182 ตร.ว.

ที่ตั้ง : ที่ดิน+บ้านเดี่ยว ใกล้BigCซุปเปอร์เซ็นเตอร์ เชียงใหม่ ถ.รอบเมืองเชียงใหม่ เมืองเชียงใหม่ เชียงใหม่

รายละเอียด
ใกล้Big C ซุปเปอร์เซ็นเตอร์ หางดง , อีเกีย เชียงใหม่ , วัดป่าแดด , โฮมโปร เชียงใหม่ หางดง

ขายที่ดิน+บ้านเดี่ยว 2 ชั้น ถนนรอบเมืองเชียงใหม่ ถนนสมโภชเชียงใหม่ 700 ปี ตำบลป่าแดด อำเภอเมืองเชียงใหม่ จังหวัดเชียงใหม่

สูง 2 ชั้น 3 ห้องนอน 4 ห้องน้ำ 1 ห้องครัว

รายละเอียด
-ที่ดินถมแล้ว พร้อมสิ่งปลูกสร้าง บ้านเดี่ยว 2 ชั้น
-ขนาด 3 ห้องนอน 3 ห้องน้ำ 1 ห้องแม่บ้าน พร้อมห้องน้ำในตัว
-หน้าแปลง กว้าง 15 เมตร ลึก 50 เมตร
-ถนนหน้าแปลงคอนกรีต ทางสาธารณะ ขนาด 6 เมตร

ทำเลดี สถานที่ใกล้เคียง
Big C ซุปเปอร์เซ็นเตอร์ หางดง , อีเกีย เชียงใหม่ , วัดป่าแดด , โฮมโปร เชียงใหม่ หางดง , โรงเรียนกสิณธร เซนต์เจมส์ เชียงใหม่ , สำนักงานขนส่งเชียงใหม่ , ท่าอากาศยานนานาชาติเชียงใหม่ , วัดพระธาตุดอยคำ , วัดพระธาตุดอยสุเทพ

การเดินทางสะดวก
ถนนรอบเมืองเชียงใหม่ ถนนสมโภชเชียงใหม่ 700 ปี

บริษัท อินเตอร์โฮม เรียลตี้ เอสเตท จำกัด
Interhome Realty Estate
www.interhome.co.th
โทร. 02-946-6206

https://www.interhome.co.th/propertydetail.php?propcode=63181"
https://baan.kaidee.com/product-370861355,"ราคา: 7,500,000
เนื้อที่: 254 ตารางเมตร | เนื้อที่ 254 ตารางเมตร
ขายและให้เช่า อาคารพาณิชย์ 2 คูหาติดกัน 3 ชั้น
✨ ขาย/ให้เช่า อาคารพาณิชย์ 2 คูหาติดกัน 3 ชั้น ✨

✨ ขายเพียง 7.5 ล้านบาท (คูหาละ 3.75 ล้านบาท) ✨
🔍 ต่ำกว่าราคาประเมิน 🔍
📋 ค่าดำเนินการแล้วแต่ตกลงกัน 📋
✨ ค่าเช่าเดือนละ 15,000 บาท (สัญญขั้นต่ำ 1 ปี) ✨
🧾 ชำระค่าประกันล่วงหน้า 2 เดือน (30,000 บาท) 🧾

📍 พิกัด : ก่อนถึงโกลบอลต์เฮ้าส์เชียงใหม่ วงแหวนรอบ 2

📌 สถานที่ใกล้เคียง 📌
-สนามบินเชียงใหม่ 11 กม.
-เซ็นทรัลแอร์พอร์ตเชียงใหม่ 9 กม.
-เซ็นทรัลเฟสติวัลเชียงใหม่ 12 กม.
-โรงพยาบาลกรุงเทพเชียงใหม่ 9.5 กม.

✅ เหมาะสำหรับ ✅
-ออฟฟิตสำนักงาน
-ร้านขายอุปกรณ์ตกแต่งบ้าน
-ร้านขายอุปกรณ์ไฟฟ้า
-ร้านกาแฟ
-ร้านนวด

🏡📜 เนื้อที่ 71 ตร.ว. 📜🏡
💧 ระบบน้ำประปา 💧
🚗 พร้อมที่จอดรถยนต์หน้าอาคาร 2 คัน 🚙

🏢⬅️ ตึกที่ 1 (เลขที่ 99/4) ⬅️🏢
พื้นที่ใช้สอย 254 ตร.ม.
-ชั้นที่ 1 ห้องโถงรับแขกกั้นกระจก,1 ห้องน้ำ,ห้องครัว,ลานซักล้างด้านหลังนอกอาคาร
-ชั้นที่ 2 ห้องโถงพร้อมระเบียง (ส่วนหน้าอาคาร),1 ห้องน้ำ (บริเวณโถง),ห้องนอน (ส่วนหลังอาคาร)
-ชั้นที่ 3 ห้องนอน 2 ห้อง ห้องน้ำในตัวทั้ง 2 ห้อง,ระเบียงหน้า

🏢➡️ ตึกที่ 2 (เลขที่ 99/5) ➡️🏢
พื้นที่ใช้สอย 254 ตร.ม.
-ชั้นที่ 1 ห้องโถงรับแขก,1 ห้องน้ำ,ห้องครัว,ลานซักล้างด้านหลังนอกอาคาร
-ชั้นที่ 2 ห้องโถงพร้อมระเบียง (ส่วนหน้าอาคาร),1 ห้องน้ำ (บริเวณโถง),ห้องนอน (ส่วนหลังอาคาร)
-ชั้นที่ 3 ห้องนอน 2 ห้อง ห้องน้ำในตัวทั้ง 2 ห้อง,ระเบียงหน้า

📆 นัดชมอาคารได้ทุกวัน นัดล่วงหน้าอย่างน้อย 1 วัน 📆
📩 ID Line : opal_lapo.
📞 โทร. 084-6113738 (โอปอ), 084-6121817 (สีฟ้า)"
https://baan.kaidee.com/product-370862986,"ราคา: 12,900
เนื้อที่: 1 ไร่ | เนื้อที่ 1 ไร่ | ห้องนอน 6 ห้องนอน | ห้องน้ำ 4 ห้องน้ำ | ผู้พัฒนา/เจ้าของโครงการ อื่นๆ | เฟอร์นิเจอร์ ตกแต่งครบ | ปีที่สร้างเสร็จ 2025
พูลวิลล่าเปิดใหม่ริมน้ำ ใกล้เมืองเชียงใหม่ สันกลาง Poolvilla
Cactus Pool Villa Chiangmai ที่พักเชียงใหม่
- พูลวิลล่าเปิดใหม่ ริมน้ำ ใกล้เมืองเชียงใหม่ ต.สันกลาง
บ้านพัก 1 ไร่ ริมแม่น้ำกวง พร้อมสระเกลือขนาดใหญ่!
- 6 ห้องนอน 7เตียงคิงส์ไซส์ พักได้14 ท่าน 12,900บาท/วัน
กรุ๊ปเล็กไม่เกิน 8 ท่าน 8,900บ./คืน
- โซนปาร์ตี้ครบ: โต๊ะพูล ห้องคาราโอเกะ 24 ชม.
- เตาบาร์บีคิว + อุปกรณ์ครัว
- ของเล่นสระน้ำ เสื้อชูชีพ แอร์ทั้งหลัง
- ใกล้เมืองโซนสันกลาง-สันกำแพง เดินทางสะดวก เหมาะสำหรับกลุ่มเพื่อนหรือครอบครัว จอดรถได้มากกว่า 10 คัน
- ห่างจากเซ็นทรัลเฟสติวัลเพียง18นาที
พิกัด https://maps.app.goo.gl/ykgojto5wxE9ueTZ8

สนใจติดต่อ TEL/id Line : 0811666989
www.facebook.com/cactuspoolvillachiangmai"
https://baan.kaidee.com/product-370864849,"ราคา: 1,300,000
เนื้อที่: 1 ไร่ | เนื้อที่ 1 ไร่
ขายที่สวนมะม่วงและลำไย ที่แม่ริม
ขายที่สวนมะม่วง และลำไย
เส้นแถวบ้านอ้อย ต.ห้วยทราย อ.แม่ริม เชียงใหม่
- เนื้อที่ 1 ไร่ 1 งาน 99 ตรว.
-สวนปลูกมะม่วง ลำไย กล้วย
- มีน้ำประปา และไฟฟ้า ถึงที่

*สนใจสอบถาม รายละเอียด
ขอดูคลิปเพิ่มเติม ทักข้อความ หรือ
081-9523110 หรือ
line id : siriphat10 ได้ค่ะ

* หมายเหตุ เจ้าของที่ขายเอง"
https://baan.kaidee.com/product-370873946,"ราคา: 6,000,000
เนื้อที่: 11.387 ไร่ | เนื้อที่ 11.387 ไร่ | เป็นทรัพย์รอการขาย ไม่ใช่
ที่ดินเปล่า 11 ไร่ 387 ตร.ว. ที่ดินเปล่า ซอยบ้านปางกว้าง ซอย5 ถนนโชตนา ถนนแม่แตง แม่แตง เชียงใหม่
คุณ วัสสารัตน์ อ่อนเกลี้ยง (ข้าว)
เบอร์ติดต่อ : 089-730-0583
Office : 02-946-6206
สอบถามทางไลน์ https://lin.ee/xTo07Pn
Line ID: @interhome

รหัสอสังหาริมทรัพย์ : 63709
ขนาด 11 ไร่387 ตร.ว.

ที่ตั้ง : ที่ดินเปล่า ซอยบ้านปางกว้าง ซอย5 ถ.โชตนา แม่แตง เชียงใหม่

รายละเอียด
ใกล้โรงเรียนบ้านปางกว้าง ใกล้สำนักสงฆ์ท่าสุด

ขายที่ดินเปล่า ซอยบ้านปางกว้าง ซอย5 ถนนโชตนา ถนนแม่แตง ตำบลอินทขิล อำเภอแม่แตง จังหวัดเชียงใหม่

ที่ดิน+บ้านเดี่ยว 2 ชั้น หลังใหญ่สร้างด้วยไม้ ข้างล่างเป็นใต้ถุนบ้าน
ที่ดินอุดมสมบูรณ์ เหมาะแก่การทำการเกษตรหรือสร้างที่อยู่อาศัย เหมาะแก่การลงทุนที่สนใจทำรีสอร์ท เป็นแหล่งท่องเที่ยวได้ มีลำห้วยไหลผ่านที่ดิน ในพื้นที่ปลูกต้นสักทองหลายต้น

ทำเลดี สถานที่ใกล้เคียง
ใกล้โรงเรียนบ้านปางกว้าง ใกล้สำนักสงฆ์ท่าสุด

การเดินทางสะดวก
ถนนทางหลวงแผ่นดินหมายเลข 107 ถนนโชตนา ถนนแม่แตง

บริษัท อินเตอร์โฮม เรียลตี้ เอสเตท จำกัด
Interhome Realty Estate
www.interhome.co.th
โทร. 02-946-6206

https://www.interhome.co.th/propertydetail.php?propcode=63709"
https://baan.kaidee.com/product-370876819,"ราคา: 6,900,000
เนื้อที่: 77.2 ตารางวา | ห้องนอน 4 ห้องนอน | ห้องน้ำ 3 ห้องน้ำ | เนื้อที่ 77.2 ตารางวา | เฟอร์นิเจอร์ ตกแต่งครบ | ปีที่สร้างเสร็จ 2014
ขายบ้านเดี่ยว 2 ชั้น 77.2 ตารางวา หมู่บ้านสีวลีมีโชค, เชียงใหม่
ขายบ้านเดี่ยว 2 ชั้น 77.2 ตารางวา หมู่บ้านสีวลีมีโชค, เชียงใหม่

ที่ตั้งโครงการ : ถนนสมโภชเชียงใหม่ 700 ปี ตำบลสันผีเสื้อ อำเภอเมือง เชียงใหม่

โครงสร้าง 2 ชั้น เนื้อที่ 77.2 ตารางวา พื้นที่ใช้สอย 200 ตารางเมตร

ขนาด 4 ห้องนอน 3 ห้องน้ำ 1 ห้องรับแขก 1 ห้องครัว ที่จอดรถ 2 คัน แอร์ 3 เครื่อง

พร้อมเฟอร์นิเจอร์ มี เตียง ที่นอน ขนาด 5 ฟุต,ตู้เสิ้อผ้า,โซฟา,ตู้เย็น, ชุดครัวบิวด์อิน,

ที่ดูดควัน, ม่านกันแสง, มุ้งลวด, แท้งค์น้ำ, โต๊ะรับประทานอาหาร,

โคมไฟติดเพดาน, โต๊ะแป้ง, เครื่องทำน้ำอุ่น 2 เครื่อง,

ห้องนอนใหญ่ ( Master bedroom ) มีห้องน้ำในตัว บ้านหันหน้าไปทางทิศเหนือ อายุทรัพย์ 11 ปี

วัสดุปูพื้นชั้นล่าง แกรนิโต้ วัสดุปูพื้นชั้นบนลามิเนต

สิ่งอำนวยความสะดวก

– สระว่ายน้ำ

-คลับเฮ้าส์

– ฟิตเนส

-สนามเด็กเล่น

-สวนสาธารณะ

-กล้องCCTV

-ระบบรักษาความปลอดภัย 24 ชั่วโมง

สถานที่ใกล้เคียง

-โรงแรมฟุลมุนรีสอร์ท

-ชีวาแคร์ ศูนย์เวชศาสตร์ฟื้นฟูผู้สูงอายุ

-โรงแรมสิบแสน ลักชัวรี ริมปิง

-Central เชียงใหม่

-Lotus

-Big c

-Homepro

-สนามกีฬาสมโภชน์เชียงใหม่ 700 ปี

-โรงพยาบาลนตรพิงค์

-ท่าอากาศยานเชียงใหม่

-โรงเรียนนานาชาติเชียงใหม่

บริษัท สุวรรณภูมิ เอสเตท เอเจนซี่ จำกัด

ศูนย์บริการรับฝาก ซื้อ ขาย เช่า เซ้ง อสังหาริมทรัพย์ทุกประเภท

โดยตัวแทนผู้ทรงคุณวุฒิและเชี่ยวชาญสาขานายหน้าอสังหาริมทรัพย์

Line Official: @suvarnabhumiestate

https://lin.ee/teuwOPt

มือถือ 085-066-3489"
https://baan.kaidee.com/product-370878452,"ราคา: 1,000,000
เนื้อที่: 79 ตารางวา | เนื้อที่ 79 ตารางวา | เป็นทรัพย์รอการขาย ไม่ใช่
ที่ดินเปล่า 79 ตร.ว. ที่ดินเปล่า ใกล้โรงพยาบาลหางดง ถนนเชียงใหม่-หางดง ถนนซอยสุขาภิบาล24 หางดง เชียงใหม่
คุณ อัชรียา สังวาลรัมย์ (ปูน)
เบอร์ติดต่อ : 082-287-5264
Office : 02-946-6206
สอบถามทางไลน์ https://lin.ee/xTo07Pn
Line ID: @interhome

รหัสอสังหาริมทรัพย์ : 63784
ขนาด 79 ตร.ว.

ที่ตั้ง : ที่ดินเปล่า ใกล้โรงพยาบาลหางดง ถ.เชียงใหม่-หางตง หางดง เชียงใหม่

รายละเอียด
ใกล้โรงพยาบาลหางดง ใกล้สนามบินนานาชาติ เชียงใหม่ ใกล้เซ็นทรัล เชียงใหม่ แอร์พอร์ต

ขายที่ดินเปล่า ถนนเชียงใหม่-หางดง ถนนซอยสุขาภิบาล24 ตำบลน้ำแพร่ อำเภอหางดง จังหวัดเชียงใหม่

ที่ดินอ.หางดง จ.เชียงใหม่
ที่ดินเปล่า

ทำเลดีสถานที่ใกล้เคียง
ใกล้โรงพยาบาลหางดง 1 กม
ใกล้สนามบินนานาชาติ เชียงใหม่ 11 กม
ใกล้เซ็นทรัล เชียงใหม่ แอร์พอร์ต 12 กม
ใกล้โลตัสหางดง 11 กม
ใกล้แม็คโคร หางดง เชียงใหม่ 8.5 กม
ใกล้บิ๊กซี หางดง 8.9 กม
ใกล้สำนักงานขนส่ง 9 กม

การเดินทางสะดวก
ถนนหลัก เชียงใหม่-หางดง
ถนนรอง ซอยสุขาภิบาล 24

บริษัท อินเตอร์โฮม เรียลตี้ เอสเตท จำกัด
Interhome Realty Estate
www.interhome.co.th
โทร. 02-946-6206

https://www.interhome.co.th/propertydetail.php?propcode=63784"
https://baan.kaidee.com/product-370888718,"ราคา: 5,000,000
เนื้อที่: 222 ตารางวา | เนื้อที่ 222 ตารางวา
ที่ดินอำเภอสันทราย จังหวัดเชียงใหม่
ขายที่ดินเปล่าถมแล้ว

ต.สันพระเนตร
อ.สันทราย

ใกล้เมต้ามอล์ 2.9 กม.
ตลาดสันศรี (ตลาดแม่ย่อย) 650 ม.
ตลาดสามแยก 3.1 กม.
เซ็นทรัล festival 5.4 กม.
โรงพยาบาลกรุงเทพ 7.4 กม.

เนื้อที่ 222 ตารางวา
ขาย 5 ล้านบาท
พร้อมโอนให้

สนใจติดต่อ 065-916-5597


สนใจติดต่อ 065-916-5597"
https://baan.kaidee.com/product-370888731,"ราคา: 18,000,000
เนื้อที่: 225 ตารางวา | เนื้อที่ 225 ตารางวา | ห้องนอน 21 | ห้องน้ำ 21 | ชั้น 3 | เฟอร์นิเจอร์ ตกแต่งครบ | ปีที่สร้างเสร็จ 2020
ขายหอพัก สันพระเนตร สันทรายเชียงใหม่"
https://baan.kaidee.com/product-370888751,"ราคา: 1,490,000
เนื้อที่: 149 ตารางวา | เนื้อที่ 149 ตารางวา
ที่ดินเปล่า ตำบลสันป่าเปา สันทรายเชียงใหม่
📌ที่ดินอำเภอสันทราย เชียงใหม่
ห่างเทศบาลสันป่าเปา 500 เมตร

พื้นที่ 149 ตรว.
ขาย ตรว.ละ 10,000
รวมราคา 1,490,000 .-
ฟรีโอน

ที่ดินเปล่าแปลงสวย สี่เหลี่ยม
ติดถนน ติดลำเหมือง ร่มรื่น บรรยากาศดี
เหมาะสำหรับสร้างบ้าน หรือ คาเฟ่

📌เทศบาลสันป่าเปา 500 เมตร
📌ตลาดค้าเจริญ 2.5 กม.
📌ตลาดบ่อหิน 3. กม.
📌สวนทวีชล 2.8 กม.
📌เมต้ามอลล์ 7 กม.
📌โรงพยาบาลดอยสะเก็ด 9 กม.
📌ห้างเซนเฟส 10 กม
📌รพ.ดอยสะเก็ด 6 กม.

นัดชม โทร 091-9542619"
https://baan.kaidee.com/product-370889163,"ราคา: 900,000
เนื้อที่: 22 ตารางวา | ห้องนอน 2 ห้องนอน | ห้องน้ำ 1 ห้องน้ำ | เนื้อที่ 22 ตารางวา | เฟอร์นิเจอร์ ไม่มี
ขายบ้านเอื้ออาทร หนองหาร สันทรายเชียงใหม่
ขายบ้านแฝดเอื้ออาทรหนองหาร สันทราย
เส้นหลักทำเลดี สามารถค้าขายได้
2 ห้องนอน 1 ห้องน้ำ ขายตามสภาพ(เก็บของออกทั้งหมดและทำความสะอาดให้) ห่างจาก ม.แม่โจ้ประมาณ 5 กิโล
900,000 บาท สนใจติดต่อหรือต่อรองราคาได้"
https://baan.kaidee.com/product-370891740,"ราคา: 1,350,000
เนื้อที่: 1600 ตารางวา | เนื้อที่ 1600 ตารางวา
ที่ดินวิวดอยหลวง เชียงดาว
ที่ดินเชียงดาว
วิวดอยหลวง
หนีความวุ่นวาย
มาสโลว์ไลฟ์กันที่เชียงดาว บรรยากาศฟินๆ
ที่ดินตรงนี้ สวยงาม
ดูวิว 360 องศา กินหมูกระทะ
ดูเขาหลวงเชียงดาวฟินๆ
ทำเป็นลานกางเต็นท์
วิวดอยหลวงน้ำใสไหลตลอดปี

มีทั้งหมด 4ไร่
ขายยกแปลงหรือแบ่งแยกได้
ตั้งแต่1ไร่ขึ้นไป

จากไร่ละ1,590,000
ลดเหลือ1,390,000

เห็นวิวดอยหลวงเชียงดาว
ทำบ้านพักอาศัย
หรือทำรีสอร์ทสวยมาก
ใกล้ที่ว่าอำเภอเชียงดาว3กิโล
ใกล้ขาหมูเชียงดาว
เหมาะแก่การลงทุน
เดินทางสะดวก
น้ำ ไฟฟ้า พร้อม
สนใจ สอบถามโทร. 0919542619"
https://baan.kaidee.com/product-370897676,"ราคา: 3,290,000
เนื้อที่: 128 ตารางเมตร | ห้องนอน 3 ห้องนอน | ห้องน้ำ 2 ห้องน้ำ | เนื้อที่ 128 ตารางเมตร | เฟอร์นิเจอร์ ไม่มี | ปีที่สร้างเสร็จ 2025
บ้านแฝดสองชั้น บ้านสไตล์ Classic Country โครงการอรสิริน วิลล์ สันทราย
ราคาเริ่มต้น 3.29 MB
แบบบ้าน CLIFTON HILL (M)
พื้นที่ใช้สอย 128 ตร.ม.
ที่ดินเริ่มต้น 36.10 ตร.วา
3 ห้องนอน 2 ห้องน้ำ 2 ที่จอดรถ

🌲 อรสิริน วิลล์ (สันทราย) 🌲
ORNSIRIN VILLE SANSAI
โครงการ บนทำเลสันทราย – รวมโชค
เดินทางง่าย 5 นาที จากแยกรวมโชค
""บ้านสไตล์ Classic Country ""

ที่ตั้ง : https://maps.app.goo.gl/Sk8TH85QdaMFtVX5A
Tel : 095-4490494
Line ID : ville-sansai

*เงื่อนไขเป็นไปตามที่บริษัทฯ กำหนด"
https://baan.kaidee.com/product-370902093,"ราคา: 2,500,000
เนื้อที่: 277 ตารางวา | เนื้อที่ 277 ตารางวา | ห้องนอน 3 ห้องนอน | ห้องน้ำ 2 ห้องน้ำ | ผู้พัฒนา/เจ้าของโครงการ อื่นๆ | เฟอร์นิเจอร์ ไม่มี | ปีที่สร้างเสร็จ 2020
บ้านและที่ดิน
บ้าน 2 หลัง โรงรถ 1 หลัง เนื้อที่ 2งาน 77 ตรว.รีโนเวทพร้อมเข้าอยู่ มีที่ดินเหลือๆเหมาะกับปลูกพืชสวนครัวหรือเพิ่มที่อยู่อาศัย บรรยากาศร่มรื่นน้ำไม่เคยท่วม เดินทางเข้าออกทั้งทางดอยสะเก็ดและสันทราย สนใจติดต่อ 081 7160568 k.ปลา ขอบคุณค่ะ"
https://baan.kaidee.com/product-370915412,"ราคา: 12,800
เนื้อที่: 423 | เนื้อที่ 423
ขายที่ดินว่างเปล่าเนื้อที่ 423 ตารางวา
ขายที่ดินว่างเปล่าเนื้อที่ 423 ตารางวา
มีบ่อน้ำ ราคาตารางวาละ 12800บาท

อยู่ใกล้วัดเชียงแสน ต.หนองผึ้ง อ.สารภี จ.เชียงใหม่

สนใจติดต่อ id กดเพื่อดู Line:nopnop007 โทร.089-491/0568"
https://baan.kaidee.com/product-370917597,"ราคา: 1,409,000
เนื้อที่: 32.26 ตารางวา | เนื้อที่ 32.26 ตารางวา | ห้องนอน 1 ห้องนอน | ห้องน้ำ 1 ห้องน้ำ | เป็นทรัพย์รอการขาย ใช่
💖 คอนโด เมืองเชียงใหม่ ราคาพิเศษ! 💖
รหัสทรัพย์ ： DDCHMCU0107001

สอบถามข้อมูลเพิ่มเติม นัดดูทรัพย์ >> 😊ทิ้งชื่อ เบอร์ติดต่อ ในแชท ให้เจ้าหน้าที่ขายติดต่อกลับได้เลยค่ะ😊 (บริษัทเปิดให้บริการติดต่อ วันจันทร์-ศุกร์ เวลา 9.00-17.00 ยกเว้นวันหยุดนักขัตฤกษ์)

ปันนา เรสซิเดนซ์ โอเอซิส 2 ห้องชุดพักอาศัยเลขที่ 420/213(เลขห้อง 319) ชั้น 3 ประกอบด้วย 1 ห้องนอน 1 ห้องน้ำ 1 ห้องครัว 1 ห้องนั่งเล่น พท.ใช้สอย 32.26 ตร.ม. พร้อมพื้นที่ส่วนกลางที่ได้รับการออกแบบมาอย่างหรูหรา เพื่อให้สอดรับกับความต้องการของการใช้ชีวิตของคนในสังคมเมืองอย่างดีเยี่ยม ไม่ว่าจะเป็น สระว่ายน้ำขนาดใหญ่ ห้องออกกำลังกายพร้อมอุปกรณ์ ซาวน่า พื้นที่สีเขียว และอื่น ๆ อีกมากมาย พร้อมระบบรักษาความปลอดภัย รปภ. 24 ชม. คีย์การ์ดเข้า-ออก โครงการ ห้องชุดพักอาศัยเลขที่ 420/213(เลขห้อง 319) ชั้น 3 โครงการปันนา เรสซิเดนซ์ โอเอซิส 2 ติดถนนเชียงใหม่-ลำปาง(ทล.11)

บริษัทขอสงวนสิทธิ์ในการเปลี่ยนแปลงรายละเอียดทรัพย์สิน ราคาตั้งขาย รวมถึงเงื่อนไขอื่นใด หรือยกเลิกการ ขายทรัพย์สินได้โดยไม่ต้องแจ้งให้ผู้สนใจเสนอซื้อทราบล่วงหน้า

https://www.google.com/maps/search/?api=1&query=18.7957,99.01927"
https://baan.kaidee.com/product-370917598,"ราคา: 1,360,000
เนื้อที่: 44.82 ตารางวา | เนื้อที่ 44.82 ตารางวา | ห้องนอน 1 ห้องนอน | ห้องน้ำ 1 ห้องน้ำ | เป็นทรัพย์รอการขาย ใช่
💖 คอนโด เมืองเชียงใหม่ ราคาพิเศษ! 💖
รหัสทรัพย์ ： DDCHMCU0110001

สอบถามข้อมูลเพิ่มเติม นัดดูทรัพย์ >> 😊ทิ้งชื่อ เบอร์ติดต่อ ในแชท ให้เจ้าหน้าที่ขายติดต่อกลับได้เลยค่ะ😊 (บริษัทเปิดให้บริการติดต่อ วันจันทร์-ศุกร์ เวลา 9.00-17.00 ยกเว้นวันหยุดนักขัตฤกษ์)

เชียงใหม่วิวเพลส 2 คอนโดมิเนียม ห้องชุด เนื้อที่ 44.82 ตร.ม. ห้องชุดเลขที่ 92/36 อาคารชุดเชียงใหม่วิวเพลส 2 คอนโดมิเนียม อาคาร ดี ตำบลป่าแดด อำเภอเมืองเชียงใหม่ จังหวัดเชียงใหม่

บริษัทขอสงวนสิทธิ์ในการเปลี่ยนแปลงรายละเอียดทรัพย์สิน ราคาตั้งขาย รวมถึงเงื่อนไขอื่นใด หรือยกเลิกการ ขายทรัพย์สินได้โดยไม่ต้องแจ้งให้ผู้สนใจเสนอซื้อทราบล่วงหน้า

https://www.google.com/maps/search/?api=1&query=18.7668941,98.98374314"
https://baan.kaidee.com/product-370917725,"ราคา: 1,350,000
เนื้อที่: 46 ตารางวา | เนื้อที่ 46 ตารางวา | ห้องนอน 2 ห้องนอน | ห้องน้ำ 1 ห้องน้ำ | เป็นทรัพย์รอการขาย ใช่
💖 คอนโด เมืองเชียงใหม่ ราคาพิเศษ! 💖
รหัสทรัพย์ ： DECHMCU0100001

สอบถามข้อมูลเพิ่มเติม นัดดูทรัพย์ >> 😊ทิ้งชื่อ เบอร์ติดต่อ ในแชท ให้เจ้าหน้าที่ขายติดต่อกลับได้เลยค่ะ😊 (บริษัทเปิดให้บริการติดต่อ วันจันทร์-ศุกร์ เวลา 9.00-17.00 ยกเว้นวันหยุดนักขัตฤกษ์)

ห้องชุดพักอาศัย ห้องชุดพักอาศัย ห้องเลขที่ 203 ชั้น 2 อาคารชุด ฮิลล์ไซด์พายัพคอนโดมีเนียม 7 ตั้งอยู่ในโครงการเชียงใหม่ บิสซิเนสปาร์ค ตำบลหนองป่าครั่ง

บริษัทขอสงวนสิทธิ์ในการเปลี่ยนแปลงรายละเอียดทรัพย์สิน ราคาตั้งขาย รวมถึงเงื่อนไขอื่นใด หรือยกเลิกการ ขายทรัพย์สินได้โดยไม่ต้องแจ้งให้ผู้สนใจเสนอซื้อทราบล่วงหน้า

https://www.google.com/maps/search/?api=1&query=18.795105,99.025721"
https://baan.kaidee.com/product-370917726,"ราคา: 1,340,000
เนื้อที่: 47.74 ตารางวา | เนื้อที่ 47.74 ตารางวา | ห้องนอน 1 ห้องนอน | ห้องน้ำ 1 ห้องน้ำ | เป็นทรัพย์รอการขาย ใช่
💖 คอนโด เมืองเชียงใหม่ ราคาพิเศษ! 💖
รหัสทรัพย์ ： DECHMCU0114001

สอบถามข้อมูลเพิ่มเติม นัดดูทรัพย์ >> 😊ทิ้งชื่อ เบอร์ติดต่อ ในแชท ให้เจ้าหน้าที่ขายติดต่อกลับได้เลยค่ะ😊 (บริษัทเปิดให้บริการติดต่อ วันจันทร์-ศุกร์ เวลา 9.00-17.00 ยกเว้นวันหยุดนักขัตฤกษ์)

อาคารชุด เชียงใหม่วิวเพลส 2 803B ห้องชุดชั้น 8 ห้อง 803 ขนาด 47.74 ตร.ม. อาคารชุด เชียงใหม่วิวเพลส 2 คอนโดมิเนียมอาคาร B ต.ป่าแดด ห่างจากถนนมหิดล ประมาณ 200 ม.


บริษัทขอสงวนสิทธิ์ในการเปลี่ยนแปลงรายละเอียดทรัพย์สิน ราคาตั้งขาย รวมถึงเงื่อนไขอื่นใด หรือยกเลิกการ ขายทรัพย์สินได้โดยไม่ต้องแจ้งให้ผู้สนใจเสนอซื้อทราบล่วงหน้า

https://www.google.com/maps/search/?api=1&query=18.765506,98.983945"
https://baan.kaidee.com/product-370917727,"ราคา: 1,380,000
เนื้อที่: 49.01 ตารางวา | เนื้อที่ 49.01 ตารางวา | ห้องนอน 1 ห้องนอน | ห้องน้ำ 1 ห้องน้ำ | เป็นทรัพย์รอการขาย ใช่
💖 คอนโด เมืองเชียงใหม่ ราคาพิเศษ! 💖
รหัสทรัพย์ ： DECHMCU0115001

สอบถามข้อมูลเพิ่มเติม นัดดูทรัพย์ >> 😊ทิ้งชื่อ เบอร์ติดต่อ ในแชท ให้เจ้าหน้าที่ขายติดต่อกลับได้เลยค่ะ😊 (บริษัทเปิดให้บริการติดต่อ วันจันทร์-ศุกร์ เวลา 9.00-17.00 ยกเว้นวันหยุดนักขัตฤกษ์)

อาคารชุด เชียงใหม่วิวเพลส 2 ห้อง 801ฺ อาคาร B ห้องชุดชั้น 8 ห้อง 801 ขนาด 49.01ตร.ม. อาคารชุด เชียงใหม่วิวเพลส 2 คอนโดมิเนียมอาคาร B ต.ป่าแดด ห่างจากถนนมหิดล ประมาณ 200 ม.


บริษัทขอสงวนสิทธิ์ในการเปลี่ยนแปลงรายละเอียดทรัพย์สิน ราคาตั้งขาย รวมถึงเงื่อนไขอื่นใด หรือยกเลิกการ ขายทรัพย์สินได้โดยไม่ต้องแจ้งให้ผู้สนใจเสนอซื้อทราบล่วงหน้า

https://www.google.com/maps/search/?api=1&query=18.765506,98.983945"
https://baan.kaidee.com/product-370917728,"ราคา: 1,300,000
เนื้อที่: 49.23 ตารางวา | เนื้อที่ 49.23 ตารางวา | ห้องนอน 1 ห้องนอน | ห้องน้ำ 1 ห้องน้ำ | เป็นทรัพย์รอการขาย ใช่
💖 คอนโด เมืองเชียงใหม่ ราคาพิเศษ! 💖
รหัสทรัพย์ ： DECHMCU0116001

สอบถามข้อมูลเพิ่มเติม นัดดูทรัพย์ >> 😊ทิ้งชื่อ เบอร์ติดต่อ ในแชท ให้เจ้าหน้าที่ขายติดต่อกลับได้เลยค่ะ😊 (บริษัทเปิดให้บริการติดต่อ วันจันทร์-ศุกร์ เวลา 9.00-17.00 ยกเว้นวันหยุดนักขัตฤกษ์)

อาคารชุด เชียงใหม่วิวเพลส 2 ห้อง 407 อาคาร B ห้องชุดชั้น 4 ห้อง 407B ขนาด 49.23 ตร.ม. อาคารชุด เชียงใหม่วิวเพลส 2 คอนโดมิเนียมอาคาร B ต.ป่าแดด ห่างจากถนนมหิดล ประมาณ 200 ม.


บริษัทขอสงวนสิทธิ์ในการเปลี่ยนแปลงรายละเอียดทรัพย์สิน ราคาตั้งขาย รวมถึงเงื่อนไขอื่นใด หรือยกเลิกการ ขายทรัพย์สินได้โดยไม่ต้องแจ้งให้ผู้สนใจเสนอซื้อทราบล่วงหน้า

https://www.google.com/maps/search/?api=1&query=18.765506,98.983945"
https://baan.kaidee.com/product-370917731,"ราคา: 1,260,000
เนื้อที่: 47.74 ตารางวา | เนื้อที่ 47.74 ตารางวา | ห้องนอน 1 ห้องนอน | ห้องน้ำ 1 ห้องน้ำ | เป็นทรัพย์รอการขาย ใช่
💖 คอนโด เมืองเชียงใหม่ ราคาพิเศษ! 💖
รหัสทรัพย์ ： DECHMCU0117001

สอบถามข้อมูลเพิ่มเติม นัดดูทรัพย์ >> 😊ทิ้งชื่อ เบอร์ติดต่อ ในแชท ให้เจ้าหน้าที่ขายติดต่อกลับได้เลยค่ะ😊 (บริษัทเปิดให้บริการติดต่อ วันจันทร์-ศุกร์ เวลา 9.00-17.00 ยกเว้นวันหยุดนักขัตฤกษ์)

อาคารชุด เชียงใหม่วิวเพลส 2 ห้อง 405 อาคาร B ห้องชุดชั้น 4 ห้อง 405B ขนาด 47.74 ตร.ม. เลขที่ 405 อาคารชุด เชียงใหม่วิวเพลส 2 คอนโดมิเนียมอาคาร B ต.ป่าแดด ห่างจากถนนมหิดล ประมาณ 200 ม.


บริษัทขอสงวนสิทธิ์ในการเปลี่ยนแปลงรายละเอียดทรัพย์สิน ราคาตั้งขาย รวมถึงเงื่อนไขอื่นใด หรือยกเลิกการ ขายทรัพย์สินได้โดยไม่ต้องแจ้งให้ผู้สนใจเสนอซื้อทราบล่วงหน้า

https://www.google.com/maps/search/?api=1&query=18.765506,98.983945"
https://baan.kaidee.com/product-370917733,"ราคา: 1,260,000
เนื้อที่: 47.74 ตารางวา | เนื้อที่ 47.74 ตารางวา | ห้องนอน 1 ห้องนอน | ห้องน้ำ 1 ห้องน้ำ | เป็นทรัพย์รอการขาย ใช่
💖 คอนโด เมืองเชียงใหม่ ราคาพิเศษ! 💖
รหัสทรัพย์ ： DECHMCU0118001

สอบถามข้อมูลเพิ่มเติม นัดดูทรัพย์ >> 😊ทิ้งชื่อ เบอร์ติดต่อ ในแชท ให้เจ้าหน้าที่ขายติดต่อกลับได้เลยค่ะ😊 (บริษัทเปิดให้บริการติดต่อ วันจันทร์-ศุกร์ เวลา 9.00-17.00 ยกเว้นวันหยุดนักขัตฤกษ์)

อาคารชุด เชียงใหม่วิวเพลส 2 ห้อง 403 อาคาร B ห้องชุดชั้น 4 ห้อง 403B ขนาด 47. 74ตร.ม. เลขที่ 403 อาคารชุด เชียงใหม่วิวเพลส 2 คอนโดมิเนียมอาคาร B ต.ป่าแดด ห่างจากถนนมหิดล ประมาณ 200 ม.


บริษัทขอสงวนสิทธิ์ในการเปลี่ยนแปลงรายละเอียดทรัพย์สิน ราคาตั้งขาย รวมถึงเงื่อนไขอื่นใด หรือยกเลิกการ ขายทรัพย์สินได้โดยไม่ต้องแจ้งให้ผู้สนใจเสนอซื้อทราบล่วงหน้า

https://www.google.com/maps/search/?api=1&query=18.765506,98.983945"
https://baan.kaidee.com/product-370917734,"ราคา: 1,270,000
เนื้อที่: 49.01 ตารางวา | เนื้อที่ 49.01 ตารางวา | ห้องนอน 1 ห้องนอน | ห้องน้ำ 1 ห้องน้ำ | เป็นทรัพย์รอการขาย ใช่
💖 คอนโด เมืองเชียงใหม่ ราคาพิเศษ! 💖
รหัสทรัพย์ ： DECHMCU0119001

สอบถามข้อมูลเพิ่มเติม นัดดูทรัพย์ >> 😊ทิ้งชื่อ เบอร์ติดต่อ ในแชท ให้เจ้าหน้าที่ขายติดต่อกลับได้เลยค่ะ😊 (บริษัทเปิดให้บริการติดต่อ วันจันทร์-ศุกร์ เวลา 9.00-17.00 ยกเว้นวันหยุดนักขัตฤกษ์)

อาคารชุด เชียงใหม่วิวเพลส 2 ห้อง 301 อาคาร B ห้องชุดชั้น 3 ห้อง 301B ขนาด 49.01 ตร.ม. เลขที่ 301ชั้น 3 อาคารชุด เชียงใหม่วิวเพลส 2 คอนโดมิเนียมอาคาร B ต.ป่าแดด ห่างจากถนนมหิดล ประมาณ 200 ม.


บริษัทขอสงวนสิทธิ์ในการเปลี่ยนแปลงรายละเอียดทรัพย์สิน ราคาตั้งขาย รวมถึงเงื่อนไขอื่นใด หรือยกเลิกการ ขายทรัพย์สินได้โดยไม่ต้องแจ้งให้ผู้สนใจเสนอซื้อทราบล่วงหน้า

https://www.google.com/maps/search/?api=1&query=18.765506,98.983945"
https://baan.kaidee.com/product-370917735,"ราคา: 1,230,000
เนื้อที่: 47.74 ตารางวา | เนื้อที่ 47.74 ตารางวา | ห้องนอน 1 ห้องนอน | ห้องน้ำ 1 ห้องน้ำ | เป็นทรัพย์รอการขาย ใช่
💖 คอนโด เมืองเชียงใหม่ ราคาพิเศษ! 💖
รหัสทรัพย์ ： DECHMCU0120001

สอบถามข้อมูลเพิ่มเติม นัดดูทรัพย์ >> 😊ทิ้งชื่อ เบอร์ติดต่อ ในแชท ให้เจ้าหน้าที่ขายติดต่อกลับได้เลยค่ะ😊 (บริษัทเปิดให้บริการติดต่อ วันจันทร์-ศุกร์ เวลา 9.00-17.00 ยกเว้นวันหยุดนักขัตฤกษ์)

อาคารชุด เชียงใหม่วิวเพลส 2 ห้อง 205 อาคาร B ห้องชุดชั้น 2 ห้อง 205B ขนาด 47.74 ตร.ม. เลขที่ 205 ชั้น 2 อาคารชุด เชียงใหม่วิวเพลส 2 คอนโดมิเนียมอาคาร B ต.ป่าแดด ห่างจากถนนมหิดล ประมาณ 200 ม.


บริษัทขอสงวนสิทธิ์ในการเปลี่ยนแปลงรายละเอียดทรัพย์สิน ราคาตั้งขาย รวมถึงเงื่อนไขอื่นใด หรือยกเลิกการ ขายทรัพย์สินได้โดยไม่ต้องแจ้งให้ผู้สนใจเสนอซื้อทราบล่วงหน้า

https://www.google.com/maps/search/?api=1&query=18.765506,98.983945"
https://baan.kaidee.com/product-370917736,"ราคา: 730,000
เนื้อที่: 25.38 ตารางวา | เนื้อที่ 25.38 ตารางวา | ห้องนอน 1 ห้องนอน | ห้องน้ำ 1 ห้องน้ำ | เป็นทรัพย์รอการขาย ใช่
💖 คอนโด เมืองเชียงใหม่ ราคาพิเศษ! 💖
รหัสทรัพย์ ： DECHMCU0121001

สอบถามข้อมูลเพิ่มเติม นัดดูทรัพย์ >> 😊ทิ้งชื่อ เบอร์ติดต่อ ในแชท ให้เจ้าหน้าที่ขายติดต่อกลับได้เลยค่ะ😊 (บริษัทเปิดให้บริการติดต่อ วันจันทร์-ศุกร์ เวลา 9.00-17.00 ยกเว้นวันหยุดนักขัตฤกษ์)

อาคารชุด เชียงใหม่วิวเพลส 2 101B ห้องชุดชั้น 1 ห้อง 101B ขนาด 25.38 ตร.ม. อาคารชุด เชียงใหม่วิวเพลส 2 คอนโดมิเนียมอาคาร B ต.ป่าแดด อ.เมืองเชียงใหม่ จ.เชียงใหม่
ห่างจากถนนมหิดล ประมาณ 200 ม.

บริษัทขอสงวนสิทธิ์ในการเปลี่ยนแปลงรายละเอียดทรัพย์สิน ราคาตั้งขาย รวมถึงเงื่อนไขอื่นใด หรือยกเลิกการ ขายทรัพย์สินได้โดยไม่ต้องแจ้งให้ผู้สนใจเสนอซื้อทราบล่วงหน้า

https://www.google.com/maps/search/?api=1&query=18.765506,98.983945"
https://baan.kaidee.com/product-370920398,"ราคา: 1,273,050
เนื้อที่: 94.3 ตารางวา | เนื้อที่ 94.3 ตารางวา | เป็นทรัพย์รอการขาย ไม่ใช่
ที่ดินสันนาเม็ง สันทราย เชียงใหม่
ที่ดินถมแล้ว ถมนานมากกว่า 5 ปี เจ้าของขายเอง น้ำ ไฟ เข้าถึง สภาพแวดล้อมดี ที่แปลงนี้เข้าออกได้ 2 ทาง คือ ทางหมู่บ้านพัชรภรณ์ และทางวัดสันนาเม็ง (ตลาดค้าเจริญ) ขออนุญาตไม่รับการติดต่อเพื่อ ขาย package หน้าเพจ นะคะ"
https://baan.kaidee.com/product-370920916,"ราคา: 900,000
เนื้อที่: 129 ตารางวา | เนื้อที่ 129 ตารางวา
ที่ดิน
ขายทึ่ดินเปล่า โฉนดครุฑแดง (พร้อมโอน)เหมาะสำหรับปลูกบ้าน น้ำไฟถึงที่ดินใกลสถานีตำรวจ ใกล้ที่ดินใกล้โรงเรียนใกล้ตลาดและใกล้แหล่งชุมชน(เยื้องโรงเรียนแม่ดอกแดง)อากาศดีเพื่อนบ้านเป็นมิตร สนใจติดต่อ k.ปลา (เจ้าของขายเอง)"
https://baan.kaidee.com/product-370921975,"ราคา: 2,150,000
เนื้อที่: 100 ตารางวา | ห้องนอน 3 ห้องนอน | ห้องน้ำ 2 ห้องน้ำ | เนื้อที่ 100 ตารางวา | เฟอร์นิเจอร์ มีบางส่วน
ขายบ้านสันทราย 100 ตรว. ราคาถูก
🏠ขายบ้านเดี่ยว (แม่โจ้-สันทราย)ที่ดิน 100 ตรว. ราคาโคตรถูก (2,250,000 บาท)

🛀3 ห้องน้ำ
🛌2 ห้องน้ำ
🥗1 ห้องครัว
🛋️1 ห้องรับแขก
🚗จอดรถได้10 คัน

🏠เหมือนซื้อบ้านมือใหม่ เจ้าของไม่ได้อยู่ ไม่เคยปล่อยเช่า

🏠รวมเทพื้น+แถมม่านทั้งหลัง+แอร์+ตู้เสื้อผ้า+ตู้เย็น+ที่นอนยางพารา+โทรทัศน์+อุ่นแก๊ส 2 เครื่อง หิ้วกระเป๋าเข้าอยู่ได้เลย

🏠ค่าโอนคนละครึ่ง (เจ้าของขายเอง) โทร. 086-660-8835
-ห่างจาก ม.แม่โจ้ 10 นาที
-ห่างจากเซ็นทรัลเฟส 15 นาที
-ใกล้วัด ใกล้โรงเรียนประถม ใกล้ตลาด เดินทางสะดวก"
https://baan.kaidee.com/product-370924764,"ราคา: 1,000,000
เนื้อที่: 415 ตารางวา | เนื้อที่ 415 ตารางวา
ขายที่สันป่าตอง"
https://baan.kaidee.com/product-370926401,"ราคา: 3,500,000
เนื้อที่: 75 ตารางวา | เนื้อที่ 75 ตารางวา | ห้องนอน 4 | ห้องน้ำ 4 | ปีที่สร้างเสร็จ 2025
บ้านสวย 4นอน 4น้ำ ต.เชิงดอย อ.ดอยสะเก็ด ชม.
🏡ขายบ้านเดี่ยวสไตล์โมเดิร์น 2 ชั้น สวยงาม
บ้านสร้างใหม่ ดีไซน์ทันสมัย ตอบโจทย์การใช้ชีวิตอย่างลงตัว สวยงาม ฟังก์ชันครบครัน ตอบสนองความต้องการของครอบครัวใหญ่ได้อย่างสบาย
🌳ด้านหลังบ้านเปิดรับวิวทุ่งนา และวิวดอยธรรมชาติ บรรยากาศดี เงียบสงบ พร้อมให้คุณเป็นเจ้าของได้แล้ววันนี้

ตัวบ้านขนาด..
✅ขนาด: 4 ห้องนอน 4 ห้องน้ำ 1 ห้องโถง 1 ห้องครัว
✅พื้นที่ใช้สอย: 157 ตารางเมตร
✅ที่ดินเนื้อที่(โฉนด) 75 ตารางวา
————————————
💥ราคา 3.5 ล้านบาท
————————————
📌ทำเลดีเยี่ยม: ตั้งอยู่ในเขต ต.เชิงดอย อ.ดอยสะเก็ด จ.เชียงใหม่
🚗การเดินทางสะดวก ไม่ไกลจากตัวเมืองเชียงใหม่
เหมาะสำหรับผู้ที่ต้องการบ้านพักอาศัยที่มีความสงบ เป็นส่วนตัว แต่ยังคงสะดวกสบายในการเดินทาง
————————————
สนใจนัดชมบ้าน หรือ สอบถามข้อมูลเพิ่มเติม
ติดต่อได้…โทร: 092-669-7862 Line ID: btr789"
https://baan.kaidee.com/product-370929813,"ราคา: 600,000
เนื้อที่: 200 ตารางวา | ห้องนอน 5 ห้องนอน | ห้องน้ำ 3 ห้องน้ำ | เนื้อที่ 200 ตารางวา | ผู้พัฒนา/เจ้าของโครงการ อื่นๆ | เฟอร์นิเจอร์ ไม่มี | ปีที่สร้างเสร็จ 2011
บ้าน 5 นอน 3 น้ำ ใกล้โรงเรียนนานาชาติ น้ำไม่ท่วม เงียบสงบ
บ้าน ราคา 600,000 บาท รวมรีโนเวทพร้อมอยู่ ฟรีโอน
ขายพร้อมที่ดิน 200 ตารางวา รูป 4 เหลี่ยม แปลงมุม ติดถนน 2 ด้าน
ที่ดิน ตารางวาละ 20,000 บาท รวมบ้านพร้อมที่ดิน 4.6 ล้านรวมค่าใช้จ่ายวันโอน
เข้า ธนาคารได้ โฉนดลอย ราคาประเมิน 5 ล้าน+
สนใจนัดดูบ้านได้ ล่วงหน้า 3 ช.ม ราคาต่อรองได้ครับ รายละเอียดเพิ่มเติม
สอบถามได้ครับ id line 0897571661"
https://baan.kaidee.com/product-370931862,"ราคา: 6,500,000
เนื้อที่: 1.83 ตารางวา | เนื้อที่ 1.83 ตารางวา
ขายที่ดินกว่า 1ไร่แถมบ้าน หางแดงเชียงใหม่
ขายที่ดิน 1 ไร่ 83 ตร.วา มี🤩บ้านชั้นเดียว 1 หลังคะ อยู่ที่เชียงใหม่คะ น้ำไม่ท่วมไม่เคยท่วมอยู่ที่สูงคะบ้าน ค.ส.ล. 1 ชั้น โครงสร้างแน่นหนาแข็งแรง เจ้าของบ้านย้ายออกแล้วคะแต่ยังมีของอยู่บ้าง ขายตามสภาพนะคะ ที่ดิน 1 ไร่ 83 ตร.ว.ในโครงการเดอะเนเจอร์โฮมหางดงเชียงใหม่ ใกล้ บิ๊กซีสันป่าตอง
เนื้อที่บ้าน 1 ไร่ 83 ตารางวาคะ
พื้นที่ในบ้านมี
- ห้องพระ 1 ห้องปรับเป็นห้องนอนได้คะ
- ห้องนอนใหญ่ 1 +ห้องน้ำ ในตัวมีอ่างอาบน้ำ
- ห้องนอนเล็ก 2 ห้องน้ำในตัว
- ห้องทำงาน 1 ห้อง
- ห้องน้ำนอก 1 ห้อง
- ห้องโถง 2 แบบดร็อบพื้นลงไปหน้าบ้าน 1โถง
- ห้องแม่บ้าน 1 (ห้องน้ำข้างนอก)
- ห้องเก็บของ 1 ห้อง
- ห้องครัว 2 (ครัวเก่า,ครัวขยายใหม่)
- โรงจอดรถจอดได้ 2 คัน ตรงถนนเข้าโรงจอดรถได้อีกหลายคัน"
https://baan.kaidee.com/product-370932588,"ราคา: 12,000,000
เนื้อที่: 81 ตารางวา | เนื้อที่ 81 ตารางวา
ที่ดิน ในบริเวณคูเมือง เชียงใหม่ 81 ตร.ว. ถนนสิงหราช ซ.2
ขายที่ดิน 81 ตรว. หน้ากว้าง 9 ม. ลึก 33-35 ม. ด้านหลังกว้าง 10 ม.
มีบ้านชั้นเดียว มีเลขที่ รายละเอียดตามรูป
โอนคนละครึ่ง
เจ้าของขาย สนใจ สอบถาม หมู 0858192603"
https://baan.kaidee.com/product-370935884,"ราคา: 2,000
เนื้อที่: 62 ตารางวา | เนื้อที่ 62 ตารางวา
ให้เช่าที่ดินเปล่าเชียงใหม่ เนื้อที่ 62 ตร.วา (พื้นที่ใช้สอย 100 ตรว.)
🌳ให้เช่าที่ดินเปล่าเชียงใหม่ เนื้อที่ 62 ตร.วา
(พื้นที่ใช้สอย 100 ตรว.)

⛳️ ด้านหน้าแปลงที่ยาว ติดถนน 31 ม. × กว้าง 8 ม.
...


⛳️ พิกัดตำแหน่ง :ให้เช่าที่ดิน 62 ตรว.
📍 https://goo.gl/maps/zfZgTksZ2RqLVELaA?g_st=al
    (ต.บวกค้าง อ.สันกำแพง จ.เชียงใหม่)
🚙🚗💨 สันกำแพงใหม่ วงแหวนเชียงใหม่รอบ3

💰 ค่าเช่าเบาๆ 2,000 บาท/เดือน
   *เหมาจ่ายรายปี:
ราคาพิเศษ! เพียง 1,000 บาท/เดือน

ถามได้เลยนะฮับ^^
☎️ 092-6059228 , 092-6865361

#วัยรุ่นพันล้าน #genz #ลงทุนที่ดิน #เชียงใหม่ #chiengmai #ให้เช่าที่ดิน #วัยรุ่นเชียงใหม่ #สันกำแพง #ที่ดินแปลงสวยเชียงใหม่
#ที่ดินแปลงเล็กๆ"
https://baan.kaidee.com/product-370936129,"ราคา: 25,000
เนื้อที่: 75 ตารางเมตร | เนื้อที่ 75 ตารางเมตร | ห้องนอน 2 | ห้องน้ำ 2 | ชั้น 5
ให้เช่าคอนโด Himma ตึก 1 Duplex Floor5th จังหวัดเชียงใหม่"
https://baan.kaidee.com/product-370936142,"ราคา: 20,000
เนื้อที่: 70 ตารางเมตร | เนื้อที่ 70 ตารางเมตร | ห้องนอน 2 | ห้องน้ำ 2 | ชั้น 3
ให้เช่าคอนโด Himma ตึก 2 Floor 3rd 70 sqm"
https://baan.kaidee.com/product-370943145,"ราคา: 1,050,000
เนื้อที่: 100 ตารางวา | เนื้อที่ 100 ตารางวา | เป็นทรัพย์รอการขาย ไม่ใช่
ขายด่วน ที่ดินเปล่าถมแล้วสารภี ใกล้ถนนซุปเปอร์เชียงใหม่-ลำพูน (น้ำไม่ท่วม)
✨ หากคุณกำลังมองหาที่ดินในทำเลดี น้ำไม่ท่วม
เดินทางสะดวก ใกล้ถนนซุปเปอร์เชียงใหม่-ลำพูน ต้องที่นี่เลย ✨

"" ในโครงการธนากุลพรอพเพอร์ตี้ สารภี เชียงใหม่ ""

📍เดินทางง่าย ใกล้ร้านสะดวกซื้อ ,ตลาด เข้าตัวเมืองเพียง 15 นาทีเท่านั้น🚗

✨เรามีที่ดินให้เลือกทั้งหมด 3 ขนาด✨

💛 เนื้อที่ 50 ตร.ว ราคา 525,000 บาท (A13,A14)

❤️ เนื้อที่ 95 ตร.ว ราคา 997,500 บาท (A9)

💚 เนื้อที่ 100 ตร.ว ราคา 1,050,000 บาท (,A11,A12)


🎉 โปรโมชั่นพิเศษจองวันนี้ - 30 ตุลาคม 2568‼️

⭐️ แถมฟรี ⭐️
✅ การติดตั้งมิเตอร์ไฟฟ้า
✅ การติดตั้งมิเตอร์น้ำประปา

🚗 ถนนในโครงการกว้าง 6 เมตร

LINE ID : @thanakul.group"
https://baan.kaidee.com/product-370945509,"ราคา: 200,000
เนื้อที่: 70 ตารางวา | เนื้อที่ 70 ตารางวา
ที่ดินเปล่า ราคาถูก 200,000❗️เจ้าของขายเอง
‼️ด่วน‼️
เจ้าของขายเอง
ที่ดินเปล่า 70 ตารางวา
‼️ลดราคาพิเศษ‼️
200,000 บาทเท่านั้น
(ราคานี้มีเวลาจำกัดครับ)
✅️ โฉนดครุฑแดง
✅️ บ้านห้วยโจ้ ต.ดอยหล่อ
อ.ดอยหล่อ จ.เชียงใหม่
✅️ ติดกับเพื่อนบ้าน
✅️ อยู่หลังโรงเรียนดอยหล่อวิทยา
✅️ ติดถนนเส้นหลังโรงเรียนดอยหล่อ
วิทยา
✅️ น้ำ ไฟ เข้าถึง สะดวก
✅️ ไกล้กับสถานีตรวจสอบน้ำหนัก.
ดอยหล่อ
✅ ️ไกล้ถนนสายหลัก เชียงใหม่-ฮอด
ประมาณ200เมตรเท่านั้น
☎️ 080-6415663"
https://baan.kaidee.com/product-370947173,"ราคา: 748,000
เนื้อที่: 374 ตารางวา | เนื้อที่ 374 ตารางวา | เป็นทรัพย์รอการขาย ไม่ใช่
ที่ดินเปล่า 374 ตร.ว. ที่ดินเปล่า ใกล้โรงพยาบาลส่งเสริมตำบลบ้านนา เชียงใหม่ ถนนหมายเลข108 จอมทอง เชียงใหม่
คุณ ชนะพันธุ์ แก้วศรีพจน์ (ต่อ)
เบอร์ติดต่อ : 097-029-5042
Office : 02-946-6206
สอบถามทางไลน์ https://lin.ee/xTo07Pn
Line ID: @interhome

รหัสอสังหาริมทรัพย์ : 64286
ขนาด 374 ตร.ว.

ที่ตั้ง : ที่ดินเปล่า ใกล้โรงพยาบาลส่งเสริมตำบลบ้านนา เชียงใหม่ ถ.ทางหลวง108 จอมทอง เชียงใหม่

รายละเอียด
ใกล้โรงพยาบาลส่งเสริมตำบลบ้านนา โรงเรียนบ้านโรงวัว

ขายที่ดินเปล่า ใกล้โรงพยาบาลส่งเสริมตำบลบ้านนา ถนนหมายเลข 108 ตำบลแม่สอย อำเภอจอมทอง จังหวัดเชียงใหม่

ขายที่ดินเปล่า ขนาด 374 ตร.ว.
ที่ดินเปล่า แปลงสวย ติดถนนสองด้าน หน้ากว้างประมาณ 31.0 เมตร ลึกประมาณ 44.0 เมตร

ทำเลดีสถานที่ใกล้เคียง
-โรงพยาบาลส่งเสริมตำบลบ้านนา
-โรงเรียนบ้านโรงวัว
-สำนักสงฆ์ห้วยม่วงใหม่
-วัดหนองคัน
-โรงเรียนบ้านหนองคัน
-วัดป่ารัตนปัญญาราม

การเดินทางสะดวก:
ใช้เส้นทางหลักถนนหมายเลข 108 แม่สอย

บริษัท อินเตอร์โฮม เรียลตี้ เอสเตท จำกัด
Interhome Realty Estate
www.interhome.co.th
โทร. 02-946-6206

https://www.interhome.co.th/propertydetail.php?propcode=64286"
https://baan.kaidee.com/product-370947194,"ราคา: 748,000
เนื้อที่: 374 ตารางวา | เนื้อที่ 374 ตารางวา | เป็นทรัพย์รอการขาย ไม่ใช่
ที่ดินเปล่า 374 ตร.ว. ที่ดินเปล่า ใกล้โรงพยาบาลส่งเสริมตำบลบ้านนา ถนนหมายเลข 108 จอมทอง เชียงใหม่
คุณ ชนะพันธุ์ แก้วศรีพจน์ (ต่อ)
เบอร์ติดต่อ : 097-029-5042
Office : 02-946-6206
สอบถามทางไลน์ https://lin.ee/xTo07Pn
Line ID: @interhome

รหัสอสังหาริมทรัพย์ : 64287
ขนาด 374 ตร.ว.

ที่ตั้ง : ที่ดินเปล่า ใกล้โรงพยาบาลส่งเสริมตำบลบ้านนา ถ.ทางหลวง108 จอมทอง เชียงใหม่

รายละเอียด
ใกล้โรงพยาบาลส่งเสริมตำบลบ้านนา โรงเรียนบ้านโรงวัว สำนักสงฆ์ห้วยม่วงใหม่

ขายที่ดินเปล่า ใกล้โรงพยาบาลส่งเสริมตำบลบ้านนา ถนนหมายเลข 108 ตำบลแม่สอย อำเภอจอมทอง จังหวัดเชียงใหม่

ขายที่ดินเปล่า ขนาด 374 ตร.ว.
ที่ดินเปล่า แปลงสวย ติดถนนสองด้าน หน้ากว้างประมาณ 35.0 เมตร ลึกประมาณ 40.0 เมตร

ทำเลดีสถานที่ใกล้เคียง
-โรงพยาบาลส่งเสริมตำบลบ้านนา
-โรงเรียนบ้านโรงวัว
-สำนักสงฆ์ห้วยม่วงใหม่
-วัดหนองคัน
-โรงเรียนบ้านหนองคัน
-วัดป่ารัตนปัญญาราม

การเดินทางสะดวก:
ใช้เส้นทางหลักถนนหมายเลข 108 แม่สอย

บริษัท อินเตอร์โฮม เรียลตี้ เอสเตท จำกัด
Interhome Realty Estate
www.interhome.co.th
โทร. 02-946-6206

https://www.interhome.co.th/propertydetail.php?propcode=64287"
https://baan.kaidee.com/product-370947207,"ราคา: 830,000
เนื้อที่: 415 ตารางวา | เนื้อที่ 415 ตารางวา | เป็นทรัพย์รอการขาย ไม่ใช่
ที่ดินเปล่า 415 ตร.ว. ที่ดินเปล่า ใกล้โรงพยาบาลส่งเสริมตำบลบ้านนา ถนนหมายเลข 108 จอมทอง เชียงใหม่
คุณ ชนะพันธุ์ แก้วศรีพจน์ (ต่อ)
เบอร์ติดต่อ : 097-029-5042
Office : 02-946-6206
สอบถามทางไลน์ https://lin.ee/xTo07Pn
Line ID: @interhome

รหัสอสังหาริมทรัพย์ : 64288
ขนาด 415 ตร.ว.

ที่ตั้ง : ที่ดินเปล่า ใกล้โรงพยาบาลส่งเสริมตำบลบ้านนา ถ.ทางหลวง108 จอมทอง เชียงใหม่

รายละเอียด
ใกล้โรงพยาบาลส่งเสริมตำบลบ้านนา โรงเรียนบ้านโรงวัว สำนักสงฆ์ห้วยม่วงใหม่

ขายที่ดินเปล่า ใกล้โรงพยาบาลส่งเสริมตำบลบ้านนา ถนนหมายเลข 108 ตำบลแม่สอย อำเภอจอมทอง จังหวัดเชียงใหม่

ขายที่ดินเปล่า ขนาด 415 ตร.ว.
ที่ดินเปล่า แปลงสวย ติดถนนสองด้าน หน้ากว้างประมาณ 52.0 เมตร ลึกประมาณ 35.0 เมตร

ทำเลดีสถานที่ใกล้เคียง
-โรงพยาบาลส่งเสริมตำบลบ้านนา
-โรงเรียนบ้านโรงวัว
-สำนักสงฆ์ห้วยม่วงใหม่
-วัดหนองคัน
-โรงเรียนบ้านหนองคัน
-วัดป่ารัตนปัญญาราม

การเดินทางสะดวก:
ใช้เส้นทางหลักถนนหมายเลข 108 แม่สอย

บริษัท อินเตอร์โฮม เรียลตี้ เอสเตท จำกัด
Interhome Realty Estate
www.interhome.co.th
โทร. 02-946-6206

https://www.interhome.co.th/propertydetail.php?propcode=64288"
https://baan.kaidee.com/product-370947269,"ราคา: 1,200,000
เนื้อที่: 42 ตารางวา | ห้องนอน 1 ห้องนอน | ห้องน้ำ 1 ห้องน้ำ | เนื้อที่ 42 ตารางวา
ขายบ้านพร้อมอยู่ เนื้อที่ 42ตรว. ที่จอดรถยนต์ 2คัน มีห้องเช่า 2ห้อง พร้อมโอน
**ถ้าสนใจ ทักแชทดูรูปเพิ่มได้ครับ หรือเข้าดูในเว็บไซด์ด้านล่าง ราคาลดได้อีกหน่อย ไม่รับนายหน้านะครับๆๆ**
--------------------
[ขาย] บ้านพร้อมอยู่ เนื้อที่ 42ตรว. ที่จอดรถยนต์ 2คัน มีห้องให้เช่า 2ห้อง พร้อมโอน

ราคา 1,200,000 บาท (ต่อรองได้จ้า)
ที่ตั้ง ม.12 ต.บ้านแหวน อ.หางดง จ.เชียงใหม่

- บ้านพร้อมอยู่ บนที่ดินเนื้อที่ 42 ตรว.
- มี 1ห้องนอน/1ห้องน้ำ/1ห้องครัว/1ห้องนั่งเล่น
- มีห้องให้เช่า 2 ห้อง (รายรับ 1600+/เดือน)
- มีที่จอดรถยนต์ 2 คัน
- ถนนคอนกรีต บนท่อระบายน้ำ
- น้ำประปาหมู่บ้าน และน้ำบาดาล
- ไฟฟ้าพร้อมใช้
- มีรถเก็บขยะของเทศบาลบริการ (อังคาร,ศุกร์)

โซนหางดง ใกล้กุลพันวิล9/ใกล้กาดฝรั่ง/สันผักหวาน/สันป่าสัก

>> สนใจติดต่อ
Line ID： tawan3000
โทร. 065-158-7878
(ไม่รับนายหน้านะครับๆๆ)

********************
ข้อมูลเพิ่มเติม / more detail

FB : www.facebook.com/HangDongLandHouse

เว็บไซด์ tawan3000.weebly.com

-------------------"
https://baan.kaidee.com/product-370947292,"ราคา: 1,200,000
เนื้อที่: 42 ตารางวา | ห้องนอน 1 ห้องนอน | ห้องน้ำ 1 ห้องน้ำ | เนื้อที่ 42 ตารางวา
ขายบ้านพร้อมอยู่ เนื้อที่ 42ตรว. ที่จอดรถยนต์ 2คัน มีห้องเช่า 2ห้อง พร้อมโอน
**ถ้าสนใจ ทักแชทดูรูปเพิ่มได้ครับ หรือเข้าดูในเว็บไซด์ด้านล่าง ราคาลดได้อีกหน่อย ไม่รับนายหน้านะครับๆๆ**
--------------------
[ขาย] บ้านพร้อมอยู่ เนื้อที่ 42ตรว. ที่จอดรถยนต์ 2คัน มีห้องให้เช่า 2ห้อง พร้อมโอน

ราคา 1,200,000 บาท (ต่อรองได้จ้า)
ที่ตั้ง ม.12 ต.บ้านแหวน อ.หางดง จ.เชียงใหม่

- บ้านพร้อมอยู่ บนที่ดินเนื้อที่ 42 ตรว.
- มี 1ห้องนอน/1ห้องน้ำ/1ห้องครัว/1ห้องนั่งเล่น
- มีห้องให้เช่า 2 ห้อง (รายรับ 1600+/เดือน)
- มีที่จอดรถยนต์ 2 คัน
- ถนนคอนกรีต บนท่อระบายน้ำ
- น้ำประปาหมู่บ้าน และน้ำบาดาล
- ไฟฟ้าพร้อมใช้
- มีรถเก็บขยะของเทศบาลบริการ (อังคาร,ศุกร์)

โซนหางดง ใกล้กุลพันวิล9/ใกล้กาดฝรั่ง/สันผักหวาน/สันป่าสัก

>> สนใจติดต่อ
Line ID： tawan3000
โทร. 065-158-7878
(ไม่รับนายหน้านะครับๆๆ)

********************
ข้อมูลเพิ่มเติม / more detail

FB : www.facebook.com/HangDongLandHouse

เว็บไซด์ tawan3000.weebly.com

-------------------"
https://baan.kaidee.com/product-370948544,"ราคา: 1,200,000
เนื้อที่: 42 ตารางวา | ห้องนอน 1 ห้องนอน | ห้องน้ำ 1 ห้องน้ำ | เนื้อที่ 42 ตารางวา
ขายบ้านพร้อมอยู่ เนื้อที่ 42ตรว. ที่จอดรถยนต์ 2คัน มีห้องเช่า 2ห้อง พร้อมโอน
**ถ้าสนใจ ทักแชทดูรูปเพิ่มได้ครับ หรือเข้าดูในเว็บไซด์ด้านล่าง ราคาลดได้อีกหน่อย ไม่รับนายหน้านะครับๆๆ**
--------------------
[ขาย] บ้านพร้อมอยู่ เนื้อที่ 42ตรว. ที่จอดรถยนต์ 2คัน มีห้องเช่า 2ห้อง พร้อมโอน

ราคา 1,200,000 บาท (ต่อรองได้จ้า)
ที่ตั้ง ม.12 ต.บ้านแหวน อ.หางดง จ.เชียงใหม่

- บ้านพร้อมอยู่ บนที่ดินเนื้อที่ 42 ตรว.
- มี 1ห้องนอน/1ห้องน้ำ/1ห้องครัว/1ห้องนั่งเล่น
- มีห้องให้เช่า 2 ห้อง (รายรับ 1600+/เดือน)
- มีที่จอดรถยนต์ 2 คัน
- ถนนคอนกรีต บนท่อระบายน้ำ
- น้ำประปาหมู่บ้าน และน้ำบาดาล
- ไฟฟ้าพร้อมใช้
- มีรถเก็บขยะของเทศบาลบริการ (อังคาร,ศุกร์)

โซนหางดง ใกล้กุลพันวิล9/ใกล้กาดฝรั่ง/สันผักหวาน/สันป่าสัก

>> สนใจติดต่อ
Line ID： tawan3000
โทร. 065-158-7878
(ไม่รับนายหน้านะครับๆๆ)

********************
ข้อมูลเพิ่มเติม / more detail

FB : www.facebook.com/HangDongLandHouse

เว็บไซด์ tawan3000.weebly.com

-------------------"
https://baan.kaidee.com/product-370952758,"ราคา: 1,250,000
เนื้อที่: 93 ตารางวา | เนื้อที่ 93 ตารางวา
ขายที่ดิน พร้อมสิ่งปลูกสร้าง
สิ่งปลูกสร้าง สร้างไม่เสร็จ บ้าน 1 ห้องนอน 1 ห้องน้ำ"
https://baan.kaidee.com/product-370953125,"ราคา: 1,890,000
เนื้อที่: 100 ตารางวา | เนื้อที่ 100 ตารางวา | ห้องนอน 3 | ห้องน้ำ 2 | เฟอร์นิเจอร์ มีบางส่วน
ขายบ้านมือสองพร้อมอยู่ น้ำไม่ท่วม (เซฟเฮ้าส์) เนื้อที่ 100 ตรว. 3ห้องนอน 2 ห้อง เน้นพื้นที่ใช้สอยเต็มเนื้อที่
ราคาต่อรองได้นะคะ
ค่าหักโอนกรรมสิทธิ์ คนละครึ่ง

สนใจ นัดหมายล่วงหน้า 1-2 วัน
ยินดีรับนายหน้า

- ห่างจาก ศูนย์ราชการสันกำแพง ประมาณ 4 กม.
- ห่างจาก ตลาดสันกำแพง ประมาณ 7 กม.

*** 3 ห้องนอน
1. ขนาด 5*7 ประมาณ 35 ตร.ม.
2. ขนาด 3*6.5 ประมาณ 20 ตร.ม.
3. ขนาด 3*5 ประมาณ 15 ตร.ม.

*** 1 โถงรับแขก
ขนาด 6*6 ประมาณ 36 ตร.ม.

*** 2 ห้องอเนกประสงค์
1. ขนาด 3*3.5 ประมาณ 10 ตร.ม.
2. ขนาด 3*3 ประมาณ 9 ตร.ม.

*** 1 ห้องครัว
ขนาด 1.7*6 ประมาณ 10 ตร.ม.
*** 1 ห้องอาหาร
ขนาด 3*6 ประมาณ 18 ตร.ม.

*** 2 ห้องน้ำ

*** จอดรถได้ 2 คัน

*** ลานซักล้าง

*** ระเบียงดาดฟ้า
ขนาด 3*6 ประมาณ 18 ตร.ม.

พร้อม
- แอร์ 1 เครื่อง (โถงรับแขก)
- เครื่องทำน้ำอุ่น 2 เครื่อง
- เครื่องกรองน้ำ 1 เครื่อง
- เครื่องดูดควัน+เตาแก๊ส 1 ชุด"
https://baan.kaidee.com/product-370954193,"ราคา: 3,490,000
เนื้อที่: 140 ตารางเมตร | ห้องนอน 3 ห้องนอน | ห้องน้ำ 3 ห้องน้ำ | เนื้อที่ 140 ตารางเมตร | ปีที่สร้างเสร็จ 2025
บ้านแฝด 2 ชั้นสไตล์ Classic Country บนทำเลสันทราย – รวมโชค เดินทางง่าย 10 นาที จากแยกรวมโชค
🌲 อรสิริน วิลล์ (สันทราย) 🌲 ORNSIRIN VILLE SANSAI
บ้านแฝด 2 ชั้น สไตล์ Classic Country

ราคาเริ่มต้น 3.49 MB
แบบบ้าน HARLINGTON ฮาร์ลิงตัน (L)
พื้นที่ใช้สอย 140 ตร.ม.
ที่ดินเริ่มต้น 36.10 ตร.วา
3 ห้องนอน 3 ห้องน้ำ 2 ที่จอดรถ

โครงการ บนทำเลสันทราย – รวมโชค
เดินทางง่าย 10 นาที* จากแยกรวมโชค

ที่ตั้ง : https://maps.app.goo.gl/Sk8TH85QdaMFtVX5A
Tel : 095-4490494
Line ID : ville-sansai

*เงื่อนไขเป็นไปตามที่บริษัทฯ กำหนด"
https://baan.kaidee.com/product-370955204,"ราคา: 23,900,000
เนื้อที่: 201 ตารางวา | เนื้อที่ 201 ตารางวา
ขายโรงแรมเชียงใหม่ มีใบอนุญาตถูกต้อง
IM Residence Chiangmai ราคานี้หาที่ไหนไม่ได้แล้วครับ 23.9 ล้าน รวมค่าโอนกรรมสิทธิ์
👍เป็นโรงแรมขนาดเล็ก 22 ห้องพัก 1 ออฟฟิศ 7 ห้องน้ำ และห้องครัว จอดรถได้เกือบ 20 คัน
👍มีใบอนุญาต ประกอบกิจการโรงแรม ประเภท รร.1
👍 ที่ดินขนาด 201 ตรว หน้ากว้าง 32 ม x ลึก 24 ม
👍รองรับกลุ่มลูกค้า ทั้งชาวไทย และต่างชาติ และกลุ่มบริษัทต่างๆ
📍ทำเลไม่ไกลจากตัวเมือง ห่างเซนทรัลเฟสติวัล เพียง 2.5 KM ม.พายัพ 2 KM รพ.กรุงเทพ 4 KM Big C Extra 3 KM สถานีขนส่งอาเขต 3.5 KM และที่อื่นๆ
📣ห้องพักมี2 แบบ
📣ห้อง Studio King Bed
📣ห้อง Studio Twin Bed
👍โรงแรมรีวิวดีมาก ไม่ต่ำกว่า 9 ทุก OTA เช่น Agoda Booking .com Traveloka Trip . Com
📌จุดขาย และความแตกต่างจากโรงแรมอื่น
👍บรรยากาศรีสอร์ท แต่ไม่ไกลจากตัวเมือง
👍เงียบสงบ เหมาะแก่การพักผ่อน บรรยากาศดี ไม่แออัด
👍การเดินทางเข้า-ออกได้หลายทาง เช่นมาจากอำเภอสันกำแพง และดอยสะเก็ด และอำเภอเมือง
👍ทำเลบริเวณนี้ ไม่มีคู่แข่งเยอะ
สอบถามข้อมูลเพิ่มเติม ID Line: tu747 โทร 0804916555

รายละเอียดเพิ่มเติม

ถ้าสำหรับคนที่ยังไม่เคยทำโรงแรมอาจจะมีสิ่งที่กังวลอยู่ครับ
1. เรื่องการตลาด = ไม่ต้องกังวลครับ ผมมีฐานลูกค้าให้อยู่แล้ว รับช่วงต่อได้เลยครับ และสร้างรีวิวไว้ค่อนข้างดีครับทำการตลาดต่อง่าย และผมก็ยังช่วยดูแลให้ได้อยู่ครับไม่คิดค่าใช้จ่าย
2. เรื่องการบริหารจัดการภายใน = ถ้าซื้อขายกันจริง คนซื้อหักเงินผมไว้ก่อน 240,000 บาท แล้วค่อยคืนผมเป็นเดือนๆเดือนละ 20,000 บาท เป็นเวลา1 ปี ที่ผมจะช่วย เป็นที่ปรึกษาการบริหาร เพื่อเป็นการการันตีว่าผมไม่ได้ทิ้งไปไหนครับ จะช่วยสอนงาน พนักงาน ให้ครับ ทีมแม่บ้านก็ใช้คนเดิมก่อนก็ได้ครับลูกค้าก็หาพนักงานเพิ่มมาอีกคน ที่ไว้ใจไว้คอยเก็บเงิน
3. เรื่องตัวอาคาร = ทางเราจะปรับปรุงให้ก่อนส่งมอบ และหลังจากนั้น ก็ทำประกันไว้ให้ ตัวประกันก็จะค่อนข้างครอบคลุมหมดเลยครับสามารถเคลมได้
4. กิจการ สามารถเลี้ยงตัวมันเองได้ และมีเหลือกำไร ก็เหมือนลูกค้าลงทุนสร้างเครื่องจักรผลิตเงินไว้ครับ แล้วอสังหาราคามีแต่ขึ้นทุกปีครับ ในอนาคตยังไงก็กำไรครับ"
https://baan.kaidee.com/product-370958123,"ราคา: 4,900,000
เนื้อที่: 290 ตารางวา | เนื้อที่ 290 ตารางวา | เป็นทรัพย์รอการขาย ไม่ใช่
ขายบ้านสวนพร้อมที่ดิน ใกล้กาดฝรั่ง ขนาด 290 ตร.ว. บ้านน้ำต้น ซอย 5 แม่ริม เชียงใหม่
รหัสทรัพย์ : PA2025090022

ขายบ้านสวนพร้อมที่ดิน ใกล้กาดฝรั่ง ขนาด 290 ตร.ว. บ้านน้ำต้น ซอย 5 แม่ริม เชียงใหม่

ที่ตั้ง : บ้านน้ำต้น ซอย 5 ตำบลเหมืองแก้ว อำเภอแม่ริม จังหวัดเชียงใหม่ 50180
https://maps.app.goo.gl/wGH7t8AX4AhzYiTdA

ขนาดเนื้อที่ : 290 ตร.ว.

รายละอียด :
- บ้านสวน ชั้นเดียว
- 3 ห้องนอน
- 3 ห้องน้ำ
- 1 ห้องครัว
- 1 โรงจอดรถ

สถานที่ใกล้เคียง :
- ใกล้ตลาดสด
- ใกล้ 7 eleven / โลตัสเล็ก
- แม็คโคร แม่ริม
- เดอะ กาดฝรั่ง แม่ริม
- โรงพยาบาลสันทราย
- มหาวิทยาลัยแม่โจ้
- โรงเรียนนานาชาติเปรมติณสูลานนท์

ราคาขาย : 4.9 ล้านบาท ( ค่าโอน 50 / 50 คนละครึ่ง )

สนใจติดต่อ :
061-796-4031
ID : Dong042"
https://baan.kaidee.com/product-370958239,"ราคา: 4,800,000
เนื้อที่: 63 ตารางวา | เนื้อที่ 63 ตารางวา | ห้องนอน 4 ห้องนอน | ห้องน้ำ 3 ห้องน้ำ | เฟอร์นิเจอร์ ตกแต่งครบ | ปีที่สร้างเสร็จ 2014
ขาย บ้านเดี่ยว อรสิริน 5 ต.ยางเนิ้ง อ.สารภี จ.เชียงใหม่
ขายบ้าน อรสิริน 5 ถ.ลำปางเชียงใหม่ซุปเปอร์ไฮเวย์

4 นอน 3 น้ำ มีแอร์และเฟอร์นิเจอร์ พร้อมเข้าอยู่

ขายเนื่องจากเป็นคน กทม ไม่ค่อยได้ไปอยู่ครับ"
https://baan.kaidee.com/product-370959389,"ราคา: 3,600,000
เนื้อที่: 50 | ห้องนอน 3 ห้องนอน | ห้องน้ำ 3 ห้องน้ำ | เนื้อที่ 50 | ผู้พัฒนา/เจ้าของโครงการ อื่นๆ | เฟอร์นิเจอร์ มีบางส่วน | ปีที่สร้างเสร็จ 2021
ขายบ้านพร้อมที่ดิน
ขออนุญาตแอดมินขายบ้าน2ชั้น บน2ห้องนอน2ห้องน้ำ 1ห้องพระ1ห้องทำงาน ชั้นล่าง1ห้องนอน1ห้องน้ำ
1ห้องครัว
พื้นที่50ตรว. พร้อมโอน"
https://baan.kaidee.com/product-370959418,"ราคา: 2,590,000
เนื้อที่: 71 ตารางวา | เนื้อที่ 71 ตารางวา
ขายที่ดินเปล่า
ขายที่ดินเปล่าพื้นที่71ตารางวา ใกล้สถานที่ สะดวกสบาย ติดแมคโคร บิ้กชีเอ็กตร้า เช็นทรัลเฟส ติดตลาดหนองป่าครั่ง ราคานี้พร้อมโอน"
https://baan.kaidee.com/product-370959430,"ราคา: 21,900,000
เนื้อที่: 20 ไร่ | เนื้อที่ 20 ไร่
ขายที่ดินเปล่า ทำเลดี
ขายที่ดินเปล่าพร้อมบ้าน1หลัง พื้นที่ 20ไร่ ปัจจุบันเป็นสวนลำไยกับสวนไม้สัก เข้าเข้าสะดวกติดถนน ระหว่างแม่แตง-เชียงดาว ฝาง ทำเลดี มีน้ำ มีไฟ"
https://baan.kaidee.com/product-370962421,"ราคา: 2,500,000
เนื้อที่: 56 ตารางวา | ห้องนอน 3 ห้องนอน | ห้องน้ำ 2 ห้องน้ำ | เนื้อที่ 56 ตารางวา | เป็นทรัพย์รอการขาย ไม่ใช่
บ้านเดี่ยว 1 ชั้น 56 ตร.ว. หมู่บ้านฟ้าฮ่ามวิลเลจ ถนนสุขสัญจร ถนนซุปเปอร์ไฮเวย์ เชียงใหม่-ลำปาง เมืองเชียงใหม่ เชียงใหม่
คุณ สุดาวรรณ พลอยแดง (แอน)
เบอร์ติดต่อ : 093-479-4514
Office : 02-946-6206
สอบถามทางไลน์ https://lin.ee/xTo07Pn
Line ID: @interhome

รหัสอสังหาริมทรัพย์ : 64423
ขนาด 56 ตร.ว.

ที่ตั้ง : หมู่บ้านฟ้าฮ่ามวิลเลจ ถ.ซุปเปอร์ไฮเวย์เชียงใหม่-ลำปาง เมืองเชียงใหม่ เชียงใหม่

รายละเอียด
ใกล้ศาลากลางเมืองเชียงใหม่ ใกล้เซ็นทรัลเชียงใหม่ รวมโชคมอลล์ เชียงใหม่ โลตัส เชียงใหม่ - รวมโชค

หมู่บ้านฟ้าฮ่ามวิลเลจ ( Baan Faham Village ) ขายบ้านเดี่ยว 1 ชั้น

ขายบ้านเดี่ยว 1 ชั้น ถนนสุขสัญจร ถนนซุปเปอร์ไฮเวย์ เชียงใหม่-ลำปาง ตำบลฟ้าฮ่าม อำเภอเมืองเชียงใหม่ จังหวัดเชียงใหม่

สูง 1 ชั้น 3 นอน 2 น้ำ 1 ครัว 1 ห้องโถง 1 ห้องพระ 1 ห้องแต่งตัว 1 ห้องเก็บของ
มีที่จอดรถ 1 คัน

การตกแต่ง
บ้านเดี่ยวชั้นเดียวในเมือง ทำเลดีมาก ใกล้ห้างสรรพสินค้า เดินทางสะดวก พื้นที่ใช้สอย
166.3 ตารางเมตร พื้นที่ใช้สอยในบ้านขนาดใหญ่ มีหลายห้อง พื้นในบ้านปูกระเบื้องเคลือบ
ต่อเติมหลังคาหลังบ้านและหน้าบ้านแล้วเรียบร้อย ขายถูกกู้ได้เต็ม

ทำเลดีสถานที่ใกล้เคียง
ใกล้ศาลากลางเมืองเชียงใหม่ ใกล้เซ็นทรัลเชียงใหม่ รวมโชคมอลล์ เชียงใหม่ โลตัส เชียงใหม่ - รวมโชค หมู่บ้านลึกลับเมืองไดโนเสาร์เชียงใหม่ สนามกีฬาสมโภชเชียงใหม่ 700 ปีพิพิธภัณฑสถานแห่งชาติ เชียงใหม่ จริงใจมาร์เก็ต เชียงใหม่ กาดบะป๊าวเชียงใหม่ มีโรงแรมต่างๆอีกมากมายรายล้อม ทำเลดีมาก

การเดินทางสะดวก
ถนนสุขสัญจร ถนนซุปเปอร์ไฮเวย์ เชียงใหม่-ลำปาง

บริษัท อินเตอร์โฮม เรียลตี้ เอสเตท จำกัด
Interhome Realty Estate
www.interhome.co.th
โทร. 02-946-6206

https://www.interhome.co.th/propertydetail.php?propcode=64423"
https://baan.kaidee.com/product-370962455,"ราคา: 3,200,000
เนื้อที่: 1.212 ไร่ | เนื้อที่ 1.212 ไร่ | เป็นทรัพย์รอการขาย ไม่ใช่
ที่ดิน +สิ่งปลูกสร้าง 1 ไร่ 212.2 ตร.ว. ที่ดิน +สิ่งปลูกสร้าง ถนนบ้านเชียงดาว-บ้านโรงวัว ถนนโชตนา เชียงดาว เชียงใหม่
คุณ สุดาวรรณ พลอยแดง (แอน)
เบอร์ติดต่อ : 093-479-4514
Office : 02-946-6206
สอบถามทางไลน์ https://lin.ee/xTo07Pn
Line ID: @interhome

รหัสอสังหาริมทรัพย์ : 64424
ขนาด 1 ไร่212.2 ตร.ว.

ที่ตั้ง : ที่ดิน +สิ่งปลูกสร้าง ถ.เชียงใหม่-ดอยสะเก็ด เชียงดาว เชียงใหม่

รายละเอียด
ใกล้ศาลแขวงเชียงดาว เชียงใหม่ ร้าน เสน่ห์ดอยหลวง เชียงดาว เชียงดาวผ่อน Pronto Coffee

ขายที่ดิน+สิ่งปลูกสร้าง ถนนบ้านเชียงดาว-บ้านโรงวัว ถนนโชตนา ตำบลเชียงดาว อำเภอเชียงดาว จังหวัดเชียงใหม่

ที่ดินเปล่ามีสิ่งปลูกสร้าง ร้านค้าชั้นเดียวอยู่ด้านหน้าแปลง ที่ดิน 85.08 ตารางเมตร (สิ่งปลูกสร้างของผู้เช่า) ที่ดินทำเลดีมาก ติดถนนหลวงชนบทสายบ้านเชียงดาว-บ้านโรงวัว
ใกล้ศาลแขวงเชียงดาว เดินทางสะดวก ห่างจากถนนโชตนาเพียง 100 เมตร ใกล้ร้านอาหารและคาเฟ่มากมาย ที่ดินติดถนนหลวง เหมาะแก่การลงทุน

ทำเลดีสถานที่ใกล้เคียง
ใกล้สถานที่ราชการ ห้างสรรพสินค้า ร้านอาหาร คาเฟ่ต่างๆ รายล้อมรอบๆ ใกล้ศาลแขวงเชียงดาว เชียงใหม่ ร้าน เสน่ห์ดอยหลวง เชียงดาว เชียงดาวผ่อน Pronto Coffee
Café by The Lake Cafe – Coffee Microkosmos Craft Beer & Burger Bar

การเดินทางสะดวก
ถนนบ้านเชียงดาว-บ้านโรงวัว ถนนโชตนา

บริษัท อินเตอร์โฮม เรียลตี้ เอสเตท จำกัด
Interhome Realty Estate
www.interhome.co.th
โทร. 02-946-6206

https://www.interhome.co.th/propertydetail.php?propcode=64424"
https://baan.kaidee.com/product-370965438,"ราคา: 4,800,000
เนื้อที่: 30 ตารางวา | เนื้อที่ 30 ตารางวา
ตึกแถว
ขายตึกแถว 3 ชั้น 4 ห้องนอน 3 ห้องน้ำ เนี้อที่30 ตรว อยู่ถ. ช้างเผือก ซ.โชตนา"
https://baan.kaidee.com/product-370969409,"ราคา: 45,000,000
เนื้อที่: 8.12 ไร่ | เนื้อที่ 8.12 ไร่ | เป็นทรัพย์รอการขาย ไม่ใช่
ที่ดิน + บ้านเดี่ยว 2 ชั้น 8 ไร่ 12 ตร.ว. บ้านเดี่ยว + ที่ดิน ซอยเทศลาลซอย8 ใกล้สำนักงานเทศบาลตำบลเมืองงาย ถนนทางหลวงแผ่นดินหมายเลข 107
คุณ เอมิกา เทพบุรี (เดียร์)
เบอร์ติดต่อ : 099-125-5880
Office : 02-946-6206
สอบถามทางไลน์ https://lin.ee/xTo07Pn
Line ID: @interhome

รหัสอสังหาริมทรัพย์ : 64463
ขนาด 8 ไร่12 ตร.ว.

ที่ตั้ง : บ้านเดี่ยว + ที่ดิน ซอยเทศลาลซอย8 ถ.โชตนา เชียงดาว เชียงใหม่

รายละเอียด
ใกล้สำนักงานเทศบาลตำบลเมืองงาย อยู่ติดกับมูลนิธิสากลเพื่อคนพิการ

ขายบ้านเดี่ยว+ที่ดิน ใกล้สำนักงานเทศบาลตำบลเมืองงาย ซอยเทศลาลซอย8 ถนนทางหลวงแผ่นดินหมายเลข 107 (ถนนโชตนา) ถนนหมายเลข1178 ตำบลเมืองงาย อำเภอเชียงดาว จังหวัดเชียงใหม่

8 นอน 9 น้ำ

การตกแต่ง
ขายบ้านพร้อมที่ดิน
บ้าน 4 หลัง 8 ห้องนอน 9 ห้องน้ำ
3 ศาลาจอดรถ 1 ศาลาริมสระ
บ้านพร้อมที่ดิน สามารถทำเป็นีสอร์ทได้
บรรยากาศดี มีไม้ดอก ไม้ยืนต้น สวนครัว บ่อน้ำ ฯลฯ

ทำเลดีสถานที่ใกล้เคียง
อยู่ติดกับมูลนิธิสากลเพื่อคนพิการ ใกล้สำนักงานเทศบาลตำบลเมืองงาย

การเดินทางสะดวก
ถนนทางหลวงแผ่นดินหมายเลข 107 (ถนนโชตนา) ถนนหมายเลข1178

บริษัท อินเตอร์โฮม เรียลตี้ เอสเตท จำกัด
Interhome Realty Estate
www.interhome.co.th
โทร. 02-946-6206

https://www.interhome.co.th/propertydetail.php?propcode=64463"
https://baan.kaidee.com/product-370971095,"ราคา: 2,500,000
เนื้อที่: 535 ตารางวา | เนื้อที่ 535 ตารางวา | เป็นทรัพย์รอการขาย ไม่ใช่
ขายที่ดินเปล่าขนาด 1 ไร่ 1 งาน 35 ตารางวา อ.เชียงดาว จ.เชียงใหม่ บรรยากาศร่มรื่น เห็นวิวดอยหลวง ใกล้โรงเรียนยูเมะมิกิ
รหัสทรัพย์ : PA2025090036

ขายที่ดินเปล่าขนาด 1 ไร่ 1 งาน 35 ตารางวา อ.เชียงดาว จ.เชียงใหม่ บรรยากาศร่มรื่น เห็นวิวดอยหลวง ใกล้โรงเรียนยูเมะมิกิ

ที่ตั้ง : หมู่บ้านโรงวัว หมู่ 12 ตำบลเชียงดาว อำเภอเชียงดาว จังหวัดเชียงใหม่ 50170
แผนที่ : https://maps.app.goo.gl/exja4dJWsQac1hgW7

ขนาดพื้นที่ : 1 ไร่ 1 งาน 35 ตารางวา

รายละเอียด :
- ขายที่ดิน 1 ไร่ 1 งาน 35 ตารางวา
- พื้นที่ทรงสี่เหลี่ยมผืนผ้าหน้ากว้างยาว ติดคลองและถนน พื้นที่น้ำไม่ท่วม สามารถเดินทางเข้าออกได้สะดวก
- มองเห็นดอยหลวง ทุ่งนา โล่ง สวยงาม บรรยากาศธรรมชาติ มีแม่น้ำลำคลองไหลผ่านตลอดปี
- อยู่ห่างจากตัวเมืองเชียงดาวเพียง 600 เมตร หรือประมาณ 1 นาที
- เหมาะสำหรับทำที่อยู่อาศัย บ้านพักตากอากาศ โฮมสเตย์ รีสอร์ท ร้านอาหาร คาเฟ่ เป็นต้น

สิ่งอำนวยความสะดวก
- มีระบบสาธารณูปโภค

สถานที่ใกล้เคียง :
- โรงเรียนยูเมะมิกิ
- โรงแรมเชียงดาวอินน์ CHIANGDAO INN HOTEL
- ตลาดสดเทศบาลตำบลเชียงดาว
- ที่ว่าการอำเภอเชียงดาว
- สนามกีฬาเชียงดาว
- วัดแม่อีด

ราคาขาย : 2,500,000 บาท
- โฉนดที่ดินพร้อมโอน ค่าโอนคนละครึ่ง 50/50

สนใจติดต่อ
คุณนัทธวัฒน์ (เติ้ล) : 0611596318 , 0834832807"
https://baan.kaidee.com/product-370977599,"ราคา: 4,000,000
เนื้อที่: 128 ตารางวา | ห้องนอน 4 ห้องนอน | ห้องน้ำ 4 ห้องน้ำ | เนื้อที่ 128 ตารางวา | เฟอร์นิเจอร์ ตกแต่งครบ
ขาย ม.เชียงใหม่ฟลอร่าวิลล์ ถนนเชียงใหม่-ดอยสะเก็ต เชียงใหม่ บ้านเดียว 2 ชั้น พื้นที่ 128 ตารางวา
ขาย ม.เชียงใหม่ฟลอร่าวิลล์ ถนนเชียงใหม่-ดอยสะเก็ต เชียงใหม่ บ้านเดียว 2 ชั้น พื้นที่ 128 ตารางวา
ม.เชียงใหม่ฟลอร่าวิลล์ Chiang Mai Floraville ถนนเชียงใหม่-ดอยสะเก็ต ต.ตลาดขวัญ อ.ดอยสะเก็ต จ.เชียงใหม่

ข้อมูลทรัพย์สิน
ชั้นล่างมี
1 ห้องนอน ห้องน้ำในตัว
1 ห้องน้ำ + อาบน้ำ
1 ห้องโถง
1 ห้องครัว
ชั้นบนมี
4 ห้องนอน ห้องใหญ่มีห้องน้ำในตัว
1 ห้องน้ำ + อาบน้ำ
จอดรถได้ 2 คัน ในบ้าน หน้าบ้าน 1 คัน

ข้อมูลการเดินทาง
เดินทางโดยรถยนต์ส่วนตัว สามารถเริ่มต้นการเดินทางจากบริเวณสวนพฤกษศาสตร์ทวีชลโดยให้ขับรถมุ่งหน้าไปทางทิศตะวันตกเฉียงใต้ แล้วเลี้ยวซ้าย ขับตรงไปด้วยระยะทางประมาณ 200 เมตร เมื่อถึงวงเวียนใช้ทางออกที่ 2 แล้วขับตรงไปด้วยระยะทางประมาณ 88 เมตร จากนั้นเลี้ยวซ้ายเข้าสู่ถนนหมายเลข 118 ด้วยระยะทางประมาณ 800 เมตร แล้วกลับรถ ระยะทางประมาณ 3.8 กิโลเมตร คุณจะพบกับตัวโครงการตั้งอยู่ทางด้านซ้ายมือของคุณ
ความสะดวก รปภ. 24 ชม.

สถานที่ใกล้เครียง- ตลาดแม่กวง 5 นาที
- ฝั่งตรงข้ามหมู่บ้านมีโลตัส โก เฟรช มินิ
- Meta Mall 5 นาที
- แยกแม่กวง 8 นาที
- เซ็นทรัลเฟส เชียงใหม่ 15 นาที
- รวมโชคมอลล์ 15 นาที
- โฮมโปร สันทราย 20 นาที
- สวนพฤกษศาสตร์ทวีชล

เบอร์ติดต่อ เอ๋ โทร 082-565-4164
ดูรายละเอียดเพิ่ม...https://1th.me/Wuols"
https://baan.kaidee.com/product-370977899,"ราคา: 860,000
เนื้อที่: 107 ตารางวา | เนื้อที่ 107 ตารางวา | เป็นทรัพย์รอการขาย ไม่ใช่
ที่ดินเปล่า
#ที่ดินแปลงสวย
ติดเนินเขา สันกำแพง เชียงใหม่ 🎉

😍มองเห็นภูเขาระยะใกล้มากๆ บรรยากาศดี
เป็นที่ดินจัดสรร น้ำ ไฟ พร้อม + ถมให้แล้ว
พร้อมสร้างบ้าน ตัดหญ้าเรียบร้อย

✅โฉนดครุตแดง พร้อมโอน (เจ้าของขายเอง)

✅แปลงหัวมุมติดถนนทั้งสองด้าน 107 ตรว.

📍ติดถนนสายบ้านปง-ออนใต้
📍ติดถนนบ้านปง-ป่าแงะ

📍พิกัด ต.ออนใต้ สันกำแพง

🚘เดินทางมาได้3เส้นทาง

🏫ศูนย์ราชการสันกำแพง 5 น.

⛲️น้ำพุร้อนสันกำแพง 20 น.

✈️ สนามบินเชียงใหม่เข้าเมือง 20 นาที

📍⬇️
https://maps.app.goo.gl/TfJQTvqfJmapYAu2A?g_st=ipc

📞สนใจโทร 089-0551388 (หน่อย)
เจ้าของที่ขายเอง
💥🔥ขา-ย 💰860,000 ฿ฟรีโอน 💥
#อสังหาเชียงใหม่ #ที่ดินเชียงใหม่ #เชียงใหม่ #สันกำแพง
#ขายที่ดินเปล่า #ขายที่เชียงใหม่ #ที่ดินราคาถูก #ที่ดินปลูกบ้าน #ที่ดินโฉนดครุฑแดง"
https://baan.kaidee.com/product-370979056,"ราคา: 16,900,000
เนื้อที่: 34 ตารางวา | เนื้อที่ 34 ตารางวา | ห้องนอน 4 | ห้องน้ำ 3 | ปีที่สร้างเสร็จ 2025
ทาวน์โฮม 3ชั้น สร้างใหม่ ใจกลางเมืองเชียงใหม่ บนทำเลทอง ติดถนนวิชยานนท์(เส้นแจ่งศรีภูมิ-ตลาดเมืองใหม่) 4นอน 3น้ำ 1โถงใหญ่ 1ครัว 34ตรว.
ด่วน‼️ทาวน์โฮม 3 ชั้นสร้างใหม่ ใจกลางเมืองเชียงใหม่
บนทำเลทอง ติดถนนวิชยานนท์ (เส้นแจ่งศรีภูมิ-ตลาดเมืองใหม่) ต.ช้างม่อย อ.เมือง จ.เชียงใหม่

✅เนื้อที่: 34 ตารางวา

✅พื้นที่ใช้สอย: 210 ตารางเมตร

✅ราคาขาย: 16.9 ล้านบาท

ทาวน์โฮม 3 ชั้นนี้ถูกออกแบบมาเพื่อรองรับทั้งการอยู่อาศัยและเชิงพาณิชย์ ด้วยโครงสร้างคุณภาพและวัสดุเกรดดี

• ชั้น 1: ประกอบด้วยห้องโถงขนาดใหญ่, 1ห้องน้ำ และ1ห้องครัวด้านหลัง เหมาะสำหรับใช้เป็นพื้นที่ค้าขายหรือสำนักงาน

• ชั้น 2 และ 3: มี 1 ห้องโถงสำหรับเป็นพื้นที่รับรองลูกค้าหรือแขก, และ 1 ห้องนอน ที่มีระเบียง สามารถมองเห็นวิวทิวทัศน์ด้านหน้าได้ และมี 1 ห้องน้ำในแต่ละชั้น

• จำนวนห้อง: มีทั้งหมด 4 ห้องนอน, 3 ห้องน้ำ, 1 ห้องโถงใหญ่ และ 1 ห้องครัว
• ที่จอดรถ: มีพื้นที่สำหรับจอดรถด้านหน้าอาคาร

✅พร้อมของแถม อุปกรณ์และสิ่งอำนวยความสะดวก
• กล้องวงจรปิด 8 ตัว
• เครื่องปรับอากาศ 5 ตัว
• เครื่องทำน้ำอุ่น 3 ตัว
• ประตูม้วน เปิด-ปิด ด้วยระบบไฟฟ้า

ทาวน์โฮมหลังนี้ตั้งอยู่ในทำเลทองของเมืองเชียงใหม่ ทำให้มีศักยภาพสูงทั้งในด้านการอยู่อาศัยและการลงทุน
————————————
ท่านใดสนใจ ติดต่อ…
โทร: 0 9 2 - 6 6 9 - 7 8 6 2
Line ID: btr789"
https://baan.kaidee.com/product-370980672,"ราคา: 1,890,000
เนื้อที่: 54.1 ตารางวา | เนื้อที่ 54.1 ตารางวา | ห้องนอน 2 ห้องนอน | ห้องน้ำ 2 ห้องน้ำ | เฟอร์นิเจอร์ ตกแต่งครบ | ปีที่สร้างเสร็จ 2020
บ้านเดี่ยวสารภี น้ำไม่ท่วม
🌼ทำเลดี ดอนแก้ว-สารภี-บ้านถวาย
ถูกสุดๆๆ

❌ราคา 1,950,000 บาท ❌
✅ลดเหลือ 1,850,000 ✅

🏠หมู่บ้านร่มฤดี เฟส 2🏠
🫱เนื้อที่ 51.4 ตร.ว.
🌸2 ห้องนอน 2 ห้องน้ำ
🌸1 ห้องครัว 1 ที่จอดรถ

🔸ฟรี! ไม่มีค่าส่วนกลาง

📌ข้อมูลเพิ่มเติมที่ตั้งโครงการ
✅ใกล้สนามบิน 20 นาที
✅ใกล้สถานศึกษา ร.ร.วชิราลัย
ร.ร.สารภีพิทยาคมเพียง 20นาที
ใกล้ ร.ร.ช่อฟ้าซินเซิง 20 นาที
✅ใกล้สถานที่ราชการ ที่ว่าการอำเภอสารภี สถานีตำรวจสารภี เทศบาลยาง เนิ้ง 15 นาที ร.พ.สารภี
✅ใกล้ร้านสะดวกซื้อ 7-11 ร้านค้าอื่นๆ ร้านอาหาร ร้านกาแฟ ถนนคนเดิน ย่านธุรกิจ ตลาดสด
✅ใกล้สถานบันการเงิน ธนาคาร อื่นๆ
🚕การเดินทาง ได้หลายเส้นทาง🚕
🚗เส้นต้นยาง สารภี - ลำพูน
🚗เส้นทางเรียบรถไฟคู่ขนาน ทะลุวงแหวนทุกรอบ 1,2,3 เข้าเมืองสะดวกรวดเร็ว
🚗เส้นซุปเปอร์ไฮเวย์ เชียงใหม่ - ลำปาง แยกไทยวัสดุ
🚗เส้นทางหางดง - บ้านถวาย"
https://baan.kaidee.com/product-370981388,"ราคา: 4,800,000
เนื้อที่: 25 ตารางวา | เนื้อที่ 25 ตารางวา | ห้องนอน 5 ห้องนอน | ห้องน้ำ 3 ห้องน้ำ | ผู้พัฒนา/เจ้าของโครงการ อื่นๆ | เฟอร์นิเจอร์ ไม่มี | ปีที่สร้างเสร็จ สร้างเสร็จก่อน 2010 | เป็นทรัพย์รอการขาย ไม่ใช่
ขายตึก 2 ชั้นครึ่ง มีดาดฟ้าชั้นสามเต็มพื้นที่ ถนนทุ่งโฮเต็ล ซอย 2 ทำเลน่าลงทุน
ขายตึก 2 ชั้นครึ่ง มีดาดฟ้าชั้นสามเต็มพื้นที่ หน้ากว้าง 18 เมตร (ซอย 2 ถ.ทุ่งโฮเต็ล ต.วัดเกตุ จ.เชียงใหม่)
5 ห้องนอน 3 ห้องน้ำ 2 ห้องรับแขก ดาดฟ้าชั้นสามเต็มพื้นที่ใช้เป็นพื้นที่อเนกประสงค์ได้
+จอดรถยนต์ และมอเตอร์ไซค์ได้ ตรงข้ามเป็นหอพักสองที่
จะรีโนเวทต่อเติมชั้นสามไว้อยู่เอง หรือทำเป็นหอพัก หรือโฮสเทลสร้างรายได้
เดินทางสะดวก ซื้อของกินของใช้สะดวกใกล้ 7-11
• ใกล้โรงเรียนดาราวิทยาลัย, โรงเรียนปรินส์รอยแยลวิทยาลัย
• ใกล้ศูนย์อุตสาหกรรมเชียงใหม่, (NT) โทรคมนาคมแห่งชาติ
• ใกล้สถานีรถไฟเชียงใหม่ และสตาร์อเวนิวส์
• ใกล้ศูนย์การค้าเซ็นทรัล เฟสติวัล เชียงใหม่
• ใกล้โรงพยาบาลแมคคอร์มิค เชียงใหม่
________________________________________
出售两层半带三楼全层露台的楼房，位于清迈 Thung Hotel 路 2 巷，地段极佳。

两层半楼房，三楼整层露台，临街面宽 18 米。
5 间卧室，3 间浴室，2 个客厅，三楼露台可作为多功能空间使用。
可停汽车和摩托车，对面有两栋宿舍。
三楼可翻新自住，也可改造成宿舍或青年旅舍 (Hostel)以获取收入。
交通便利，生活方便，靠近 7-11。
• 靠近 Dara 学校、Princes Royal 学校
• 靠近清迈工业中心，国家电信 (NT)
• 靠近清迈火车站和 Star Avenue 商场
• 靠近清迈 Central Festival 百货公司
• 靠近清迈 McCormick医院
________________________________________
For sale: a 2.5-story building with a full rooftop terrace on the third floor, located on Thung Hotel Road. Alley no. 2, prime location.

2.5-story building with a full third-floor rooftop, frontage width 18 meters.
5 bedrooms, 3 bathrooms, 2 living rooms, full rooftop terrace on the third floor usable as a multipurpose space.
Parking available for cars and motorcycles, opposite two dormitories.
The third floor can be renovated for personal use, or converted into dormitories or a hostel for income.
Convenient transportation, easy access to food and daily needs, near 7-11.
• Near Dara Academy and Prince Royal’s College
• Near Chiang Mai Industrial Center and National Telecom (NT)
• Near Chiang Mai Railway Station and Star Avenue
• Near Central Festival Chiang Mai shopping mall
• Near McCormick Hospital Chiang Mai

You may contact us by Line application
ช่องทางติดต่อทาง Line id: yiyang4347"
https://baan.kaidee.com/product-370986718,"ราคา: 1,880,000
เนื้อที่: 188 ตารางวา | เนื้อที่ 188 ตารางวา
ที่ดิน อ.สันกำแพง จ.เชียงใหม่
ขออนุญาตแอดมิน ประกาศขายที่ดิน (ที่ดินถมแล้วพร้อมสร้าบ้าน) ต.สันกลาง อ.สันกำแพง จ.เชียงใหม่
ที่ดินว่างเปล่าเนื้อที่ 0-1-88.0 ไร่ หรือ 188.0 ตารางวา มูลค่าประมาณจาก บ.ประเมินได้ราคา ตารางวาละ 10000 บาท รวม 1,880,000.-บาท ค่าโอนที่ดินคนละครึ่ง ที่ดินติดทางลูกรังไม่อยู่ในเขตป่าไม้ใดๆ หากท่านใดสนใจติดต่อ เจษฎา 0945249498"
https://baan.kaidee.com/product-370987369,"ราคา: 55,000,000
เนื้อที่: 291 ตารางวา | เนื้อที่ 291 ตารางวา
ขายที่ดินในคูเมืองเชียงใหม่ 291 วา ราคาถูกที่สุด
ขายที่ดินเปล่าในคูเมืองเชียงใหม่ (กว้าง 25 ม.xยาว 46 ม.)ใกล้แจ่งหัวลิน สร้างโรงแรมได้สูง 12 ม. ติดถนนกว้าง 12 ม. เตรียมรับกับเมกะโปรเจกต์มากมายของเชียงใหม่ในอนาคต จะห่างจากสถานีรถไฟฟ้า (สถานีมณีนพรัตน์) เพียง 50 ม. ลดราคาถูกที่สุด"
https://baan.kaidee.com/product-370988114,"ราคา: 5,500
เนื้อที่: 1 ไร่ | เนื้อที่ 1 ไร่ | ห้องนอน 3 ห้องนอน | ห้องน้ำ 3 ห้องน้ำ | ชั้น 1 | เฟอร์นิเจอร์ ตกแต่งครบ | ปีที่สร้างเสร็จ 2024 | เป็นทรัพย์รอการขาย ไม่ใช่
บ้านพักดอบหลวงเชียงดาว วิวสวยๆ
ด่วนๆๆๆ โปแรง โปรเดือดๆ 😲😲😲👇

สนใจ￼ บ้านพักสไตล์บ้านสวน ￼ชมวิวดอยหลวงเชียงดาว ￼🏘️🏡🛁🛁🛖

สำหรับลูกค้าที่ต้องการความเป็นส่วนตัวสูงหรือมาเป็นกรุ๊ปใหญ่หรือจะเป็นกรุ๊ปเล็กก็ยินดีให้บริการ ￼ครับ🙏🏻🙏🏻🙏🏻

จำนวนห้อง🛌🛌🛌
￼ ￼
￼3ห้องนอน ￼✅
3ห้องน้ำ ✅
1ห้องครัว✅
1ที่รับประทานอาหาร✅
1 ห้องคาราโอเกะVIP✅

จอดรถให้4-5คัน🚗🚗🚗🚗✅

ระบบความปลอดภัยรอบด้านด้วยกล้องวงจรปิด📹✅

￼ สิ่งอำนวยความสะดวกมีดังนี้👇👇👇

￼ อุปกรณ์ถ้วยจานเครื่องครัว หม้อหุงข้าวไมโครเวฟ มีให้ครบ✅

￼ ฟรี Wi-Fi ✅

￼ ฟรีอาหารเช้า โปร ถึงเดือนธันวาคมนี้ ฟรีหมูกระทะหนึ่งชุดตอนเย็น 🥗✅

￼ ฟรีกาแฟเช้า✅

￼ เวลคัมดิงช่วง เย็น✅

￼ ห้องคาราโอเกะสุดหรูฟรีๆๆ🎶🎵🎤✅

บริการเด็กซื้อของ อำนวยความสะดวก ฟรี✅

￼ และมีบริการรถเช่า ￼ โดยรถสุดหรูวีไอพี Toyota Alphard ขอบคุณครับ ￼ ￼ หรือสามารถขับเองได้เลยครับ✅
￼

สถานที่ใกล้เคียง👇👇👇

￼ ใกล้7-11
￼ ￼ ไกล้￼ ตัวอำเภอเชียงดาว
￼￼￼ไกล้สถานที่เที่ยว เช่น ถ้ำหลวงเชียงดาว
น้ำออกรู วัดถ้ำเชียงดาว อุโมงต้น ถนน ชมวิวดอยหลวง 107
น้ำพุร้อนเชียงดาว ดอยกิ่วลม อ่างเก็บน้ำแม่ข้อน จุดชมวิวหลวงเชียงดาว อ่างเก็บน้ำห้วยแม่ลุ ￼ และอีกมากมาย ￼￼

￼ สนใจติดต่อสอบถามได้ที่ 0641408468 คุณเบิร์ด"
https://baan.kaidee.com/product-370990978,"ราคา: 76,500,000
เนื้อที่: 900 ตารางวา | เนื้อที่ 900 ตารางวา | เป็นทรัพย์รอการขาย ไม่ใช่
ขายที่ดินเปล่าขนาด 900 ตารางวา ถนนสมโภชเชียงใหม่ 700 ปี ใจกลางเมืองเชียงใหม่ ทำเลทอง ตรงข้ามหมู่บ้านเศรษฐสิริ รวมโชค
รหัสทรัพย์ : PA2025090068

ขายที่ดินเปล่าขนาด 900 ตารางวา ถนนสมโภชเชียงใหม่ 700 ปี ใจกลางเมืองเชียงใหม่ ทำเลทอง ตรงข้ามหมู่บ้านเศรษฐสิริ รวมโชค

ที่ตั้ง : 3029 ถนนสมโภชเชียงใหม่ 700 ปี ตำบลสันผีเสื้อ อำเภอเมืองเชียงใหม่ จังหวัดเชียงใหม่ 50300
แผนที่ : https://maps.app.goo.gl/6dJQmMT3BF76W2jD7

ขนาดพื้นที่ : 900 ตารางวา

รายละเอียด :
- ขายที่ดิน 900 ตารางวา
- โอกาสดีสำหรับนักลงทุน และผู้ที่มองหาทำเลศักยภาพในเชียงใหม่ เหมาะสำหรับทำโครงการพัฒนาอสังหาริมทรัพย์ อาคารพาณิชย์ หรือเพื่อการลงทุนในอนาคต

สถานที่ใกล้เคียง :
- โรงเรียนนานาชาตินครพายัพ
- มีโชคพลาซ่า
- รวมโชคมอลล์
- โลตัส เชียงใหม่-รวมโชค
- เซ็นทรัล เชียงใหม่

ราคาขาย : 76,500,000 บาท (ตารางวาละ 85,000 บาท)

สนใจติดต่อ
คุณมนูญ : 081-9605855"
https://baan.kaidee.com/product-370992091,"ราคา: 24,000,000
เนื้อที่: 185 ตารางวา | เนื้อที่ 185 ตารางวา
ที่ดินติดเซ็นทรัลเฟสติวัล
ที่ดินติดเซ็นทรัล เฟสติวัล เชียงใหม่ ทำเลทองใจกลางเมือง

รายละเอียดทรัพย์สิน
ทำเล : ติดศูนย์การค้าเซ็นทรัล เฟสติวัล เชียงใหม่ ถนนซุปเปอร์ไฮเวย์ (เชียงใหม่–ลำปาง)

ขนาดที่ดินยกแปลง รวม 185 ตารางวา

หน้ากว้าง : 28 เมตร ติดถนน 2 ฝั่ง (ด้านหน้าและด้านข้าง) เดินทางสะดวก

ศักยภาพ : เหมาะสำหรับพัฒนาโครงการคอนโดมิเนียม โรงแรม ห้องพัก อาคารพาณิชย์ หรือศูนย์การค้า

ใกล้สิ่งอำนวยความสะดวกครบครัน : ห้างสรรพสินค้า โรงพยาบาล มหาวิทยาลัย สนามบิน ตลาด ชุมชน ย่านธุรกิจและ ที่พักอาศัย

* ภาพประกอบเบื้องต้น สนใจนัดชมจริงหรือผ่านซูมได้"
https://baan.kaidee.com/product-370995187,"ราคา: 6,500,000
เนื้อที่: 100 ตารางวา | เนื้อที่ 100 ตารางวา | ห้องนอน 3 ห้องนอน | ห้องน้ำ 3 ห้องน้ำ | เฟอร์นิเจอร์ ตกแต่งครบ | ปีที่สร้างเสร็จ 2021
บ้านสร้างเอง สไตร์พลูวิลล่า สันพระเนตร
บ้านสร้างเอง สไตร์พลูวิลล่า 3 ห้องนอน 3 ห้องน้ำ 100 ตรว. 2 ชั้น พื้นที่ใช้สอย 156 ตรม. 1 สระว่ายน้ำเกลือ แปลงหลังมุม ถนน 2 ด้าน แต่งพร้อมเฟอร์นิเจอร์ครบ พร้อมเข้าอยู่ หรือปล่อยเช่าได้เลย

ม.4 ซอย6 ต.สันพระเนตร อ.สันทราย จ.เชียงใหม่
ใกล้โรงเรียน และเทศบาล
เข้าออกเมืองได้ 3 เส้นทาง
ห่างเซนเฟสเพียง 6.8 กม

(เจ้าของขายเอง)"
https://baan.kaidee.com/product-370995307,"ราคา: 2,100,000
เนื้อที่: 253 ตารางวา | เนื้อที่ 253 ตารางวา
ที่ดิน แม่วาง เชียงใหม่
เจ้าของขายเอง"
https://baan.kaidee.com/product-370996643,"ราคา: 4,200,000
เนื้อที่: 125 ตารางวา | ห้องนอน 3 ห้องนอน | ห้องน้ำ 2 ห้องน้ำ | เนื้อที่ 125 ตารางวา | เฟอร์นิเจอร์ ตกแต่งครบ | เป็นทรัพย์รอการขาย ไม่ใช่
ขายบ้านเดี่ยว หมู่บ้านโรยัลวิว อ.หางดง เชียงใหม่ ทำเลดี เหมาะกับการอยู่แบบยั่งยืน ระบบโซลาร์ + น้ำฟรี มีที่ปลูกผัก ผลไม้
รหัสทรัพย์ : PA2025090073

ขายบ้านเดี่ยว หมู่บ้านโรยัลวิว อ.หางดง เชียงใหม่ ทำเลดี เหมาะกับการอยู่แบบยั่งยืน ระบบโซลาร์ + น้ำฟรี มีที่ปลูกผัก ผลไม้

ที่ตั้ง : ตำบลหางดง อำเภอหางดง เชียงใหม่ 50230
แผนที่ : https://maps.app.goo.gl/sY31wUT3xbN2nncS9?g_st=ipc

ขนาดพื้นที่ : 125 ตร.ว.
ขนาดพื้นที่ใช้สอย : 300 ตร.ม.

รายละเอียด :
- 1 ชั้น
- 3 ห้องนอน
- 2 ห้องน้ำ
- ห้องครัวแยก และห้องเก็บของ 3x2 เมตร
- อายุบ้าน 5 ปี สภาพดีมาก
- ติดตั้งแผงโซลาร์พร้อมระบบ off-grid มูลค่าติดตั้งกว่า 1 แสนบาท
- ใช้น้ำบาดาล ฟรีค่าน้ำ พร้อมถังเก็บ + ปั๊มน้ำขนาดใหญ่
- สนามกว้างรอบบ้าน มีต้นไม้ใหญ่ ให้ร่มรื่นตลอดวัน พื้นที่ 125 ตารางวา
- พื้นที่ด้านข้างทั้ง 2 ฝั่ง สามารถปลูกผักหรือจัดสวนได้
- พื้นที่ด้านหน้าและข้างบ้านกว้างพอสำหรับต่อเติมบ้านเล็กหรือสระว่ายน้ำ
- เฟอร์นิเจอร์ครบ : โต๊ะอาหาร, ห้องรับแขก, เตียง, ตู้เสื้อผ้า, เครื่องซักผ้าฝาหน้า, แอร์ใหม่ 4 ตัว
- หมู่บ้านเงียบสงบ เพื่อนบ้านดี เหมาะอยู่อาศัยหรือปล่อยเช่าให้คนต่างชาติได้ทันที

สิ่งอำนวยความสะดวก :
- เจ้าหน้าที่รักษาความปลอดภัย

สถานที่ใกล้เคียง :
- กาดฝรั่ง
- โรงเรียนนานาชาติปัญญาเด่น
- โรงพยาบาลหางดง

ราคาขาย : 4.2 ล้านบาท (ลดจาก 4.4 ล้านบาท)

สนใจติดต่อ
คุณหนึ่ง : 094-770-5454

For Sale: Single-Storey Home in Prime Location near Kad Farang, Chiang Mai

- Ideal for residence or investment — fully furnished and rental-ready!

- Located in Royal View Village, peaceful and secure community
- Just 3 mins from Kad Farang, 5 mins from Panyaden International School
- 25 mins to Chiang Mai International Airport

Sale price!!
(wrong)4,400,000
(Affirmative) 4,200,000
⸻
Property Details:
- 3 Bedrooms / 2 Bathrooms
- Separate kitchen and a 3x2m storage room with door
- Solar panel system with off-grid backup (installation cost ~100,000 THB)
- Free water! Private well system with large water tank & pump
- Spacious green yard on both sides perfect for gardening or outdoor seating
- Large trees providing natural shade all day
- Fully furnished: dining table, living room furniture, beds, wardrobes, front-load washing machine, 4 new air conditioners
- Total land size: 125 sq.wah (480 sqm)
- Enough space to build a guest house or swimming pool

Friendly neighbors, quiet environment, and 24/7 security
Excellent for families or for renting to international teachers or long-term tenants

⸻ This home carries peaceful energy, ready to support your next chapter.
A space that feels like home — or becomes a beautiful passive income source."
https://baan.kaidee.com/product-370996701,"ราคา: 3,500,000
เนื้อที่: 58 ตารางวา | เนื้อที่ 58 ตารางวา | ห้องนอน 3 ห้องนอน | ห้องน้ำ 2 ห้องน้ำ | เฟอร์นิเจอร์ ตกแต่งครบ | ปีที่สร้างเสร็จ 2022 | เป็นทรัพย์รอการขาย ไม่ใช่
บ้านพร้อมอยู่
บ้านพร้อมอยู่ บรรยากาศดี ติดถนนใหญ่ มีพื้นที่เหลือ สามารถสร้างเพิ่มได้ รอบรอบด้วยวิวเขา เดินทางสะดวก น้ำไม่ท่วม
เหมาะสำหรับผู้ที่ต้องการหลีกหนีความวุ่นวายในเมือง"
https://baan.kaidee.com/product-370997329,"ราคา: 61,416,000
เนื้อที่: 5 ไร่ | เนื้อที่ 5 ไร่ | เป็นทรัพย์รอการขาย ไม่ใช่
ขายที่ดิน 5 ไร่ ถนนวงแหวนรอบกลาง แม่เหียะ อำเภอเมือง จังหวัดเชียงใหม่
ที่ดินถมแล้ว ทำเลทองในตัวเมืองเชียงใหม่ พร้อมสิ่งปลูกสร้างบางส่วน
- ขนาด 5 ไร่ 81.9 ตร.ว. (2,081.9 ตร.ว.)
-เข้าทางถนนวงแหวนรอบกลาง ถนนสมโภชเชียงใหม่ 700 ปี เพียง 260 ม. ซอยดอยเปิน ไชยเรืองศรี 1
-ติดถนนคอนกรีต กว้าง 8 เมตร-สาธารณูประโภคครบ น้ำ ไฟฟ้า รางระบายน้ำ
-ผังที่ดินสีเหลือง

สถานที่ใกล้เคียง
• สนามบินเชียงใหม่ 6.5 กม.
• ห้างโรบินสัน เซ็นทรัลเชียงใหม่แอร์พอร์ต 4.6 กม."
https://baan.kaidee.com/product-370997352,"ราคา: 29,500,000
เนื้อที่: 6 ไร่ | เนื้อที่ 6 ไร่ | เป็นทรัพย์รอการขาย ไม่ใช่
ขายที่ดิน 6 ไร่ ตำบลมะขามหลวง อำเภอสันปาตอง จังหวัดเชียงใหม่
ที่ดินถมแล้ว พร้อมสิ่งปลูกสร้าง ติดถนนทางหลวงหมายเลข 108 เชียงใหม่-จอมทอง-ฮอด หลักกิโลเมตรที่ 24

• เนื้อที่ 6 ไร่ 69.5 ตร.ว. (2,469.5 ตร.ว.)
• ที่ดินรวม 6 โฉนด
• ติดถนนทางหลวง น้ำ ไฟฟ้าพร้อม"
https://baan.kaidee.com/product-370999394,"ราคา: 10,000,000
เนื้อที่: 2.212 ไร่ | เนื้อที่ 2.212 ไร่ | เป็นทรัพย์รอการขาย ไม่ใช่
ที่ดินเปล่า 1012 ตร.ว. ที่ดินเปล่า ใกล้สำนักสงฆ์ตรัยศรีรัตนญาณ ถนนทางหลวงแผ่นดินหมายเลข 1014 (ดอยสะเก็ด-สันกำแพง) ดอยสะเก็ด เชียงใหม่
คุณ ภควัต อุณหรัตน์ (อ้น)
เบอร์ติดต่อ : 064-664-1120
Office : 02-946-6206
สอบถามทางไลน์ https://lin.ee/xTo07Pn
Line ID: @interhome

รหัสอสังหาริมทรัพย์ : 64665
ขนาด 1012 ตร.ว.

ที่ตั้ง : ที่ดินเปล่า ใกล้สำนักสงฆ์ตรัยศรีรัตนญาณ ถ.ทางหลวงแผ่นดินหมายเลข 1014 ดอยสะเก็ด เชียงใหม่

รายละเอียด
ใกล้สำนักสงฆ์ตรัยศรีรัตนญาณ ใกล้ปั้มน้ำมัน PT ดอยสะเก็ด3

ขายที่ดินเปล่า ใกล้สำนักสงฆ์ตรัยศรีรัตนญาณ ถนนทางหลวงแผ่นดินหมายเลข 1014 (ดอยสะเก็ด-สันกำแพง) ตำบลป่าป้อง อำเภอดอยสะเก็ด จังหวัดเชียงใหม่

ขายที่ดินเปล่า ทำเลดี วิวภูเขา ด้านหลังเป็นลำธารสาธารณะ

ทำเลดีสถานที่ใกล้เคียง
ใกล้สำนักสงฆ์ตรัยศรีรัตนญาณ ใกล้ปั้มน้ำมัน PT ดอยสะเก็ด3
ใกล้เทศบาลตำบลดอยสะเก็ด ใกล้สนามกีฬาเทศบาลดอยสะเก็ด
ใกล้วัดพระธาตุดอยสะเก็ด

การเดินทางสะดวก
ถนนทางหลวงแผ่นดินหมายเลข 1014
ถนนทางหลวงแผ่นดินหมายเลข 118 (เชียงใหม่-ดอยสะเก็ด)

บริษัท อินเตอร์โฮม เรียลตี้ เอสเตท จำกัด
Interhome Realty Estate
www.interhome.co.th
โทร. 02-946-6206

https://www.interhome.co.th/propertydetail.php?propcode=64665"
https://baan.kaidee.com/product-370999637,"ราคา: 3,900,000
❤️ขายอาคารพาณิชย์ 3,900,000 บาท ติดถนนใหญ่ ทำเลดี
❤️ขายอาคารพาณิชย์ 3,900,000 บาท

ติดถนนใหญ่ ทำเลดี

นายหน้า 3%=117,000

ค่าโอนคนละครึ่ง

สนใจโทร 08 0891 2699 คุณเชน"
https://baan.kaidee.com/product-370999941,"ราคา: 12,000
เนื้อที่: 1 ไร่ | ห้องนอน 2 ห้องนอน | ห้องน้ำ 3 ห้องน้ำ | เนื้อที่ 1 ไร่ | เฟอร์นิเจอร์ ตกแต่งครบ | ปีที่สร้างเสร็จ 2024 | เป็นทรัพย์รอการขาย ไม่ใช่
บ้านพร้อมที่ดินในสวน
บ้านพักในสวน พื้นที่ทั้งหมด 3 ไร่ ในสวน พร้อมสระน้ำหลังบ้าน บรรยากาศติดทุ่งนา วิวภูเขา เงียบสงบกลางหมู่บ้านต้นผึ้งดอยสะเก็ด
มองเห็นภูเขาล้อมรอบ ณ หมู่บ้านต้นผึ้ง บ้านอยู่กลางสวนลำไย หลังบ้านเป็นบ่อเลี้ยงปลา
กลางคืนอากาศเย็นสบาย สูดอากาศยามเช้าพร้อม สระว่ายน้ำเด็ก บ้านติดถนนสายหลัก

ปล่อยเช่าบ้านเดี่ยว 2 ชั้น 12,000 บาท 086-4482347 กัน
บ้าน อยู่ในชุมชนใน หมู่บ้าน วัดต้นผึ้ง ร้านขายของชำ 20 เมตร ติดถนนไม่ต้องเข้าซอย


รายละเอียดบ้าน:
• บ้านชั้นเดียว 2 ชั้น
• 2 ห้องนอน / 3 ห้องน้ำ พร้อมแอร์ทุกห้อง
• 1 ห้องครัว ขนาดใหญ่ พร้อมตู้แช่ใหญ่
• 1 ห้องโถงขนาดใหญ่
• โต๊ะรับประทานอาหาร
• ทีวี 3 เครื่อง ตู้เย็น หน้าห้อง
086-4482347 กัน
ค่าเช่าเพียง 12,000 บาท/เดือน
ประกัน 10,000 ล่วงหน้า 1 เดือน
สัญญาเช่า 1 ปี
ตัวบ้านติดถนนในซอยหมู่บ้านเพื่อนบ้านดี มีรั้วบ้านล้อมรอบ สะดวกปลอดภัย พร้อมกล้องวงจรปิด 3 ตัว รอบบ้าน
(ต้องการคนพัก สะอาด ไม่เสียงดัง คนทำงาน) เจ้าของไม่มีเวลาดูแล อยู่ต่างจังหวัด
พร้อมที่จอดรถยนต์"
https://baan.kaidee.com/product-371000111,"ราคา: 490,000
เนื้อที่: 125 ตารางวา | เนื้อที่ 125 ตารางวา | เป็นทรัพย์รอการขาย ไม่ใช่
ที่ดินเปล่า 125 ตร.ว. ที่ดิน ใกล้วัดคันธาวาส(ทุ่งปุย) ถนนทางหลวงแผ่นดินหมายเลข108 ถนนทางหลวงชนบท3018 ดอยหล่อ เชียงใหม่
คุณ ณิชารดา ทับทิม (เคท)
เบอร์ติดต่อ : 063-475-4888
Office : 02-946-6206
สอบถามทางไลน์ https://lin.ee/xTo07Pn
Line ID: @interhome

รหัสอสังหาริมทรัพย์ : 64691
ขนาด 125 ตร.ว.

ที่ตั้ง : ที่ดิน ใกล้วัดคันธาวาส(ทุ่งปุย) ถ.ทางหลวง108 ดอยหล่อ เชียงใหม่

รายละเอียด
ใกล้วัดพระธาตุดอยน้อย ใกล้อุทยานแห่งชาติป่าแม่จาง ใกล้พิพิธภัณฑ์พระพิฆเนศ จังหวัดเชียงใหม่

ขายที่ดินเปล่า ใกล้วัดคันธาวาส(ทุ่งปุย) ถนนทางหลวงแผ่นดินหมายเลข 108 ถนนทางหลวงชนบท 3018 ตำบลสันติสุข อำเภอดอยหล่อ จังหวัดเชียงใหม่

ที่ดินเปล่า
หน้ากว้างประมาณ 20 เมตร ลึก 36 เมตร และ 40 เมตร
มีถนนสาธารณะผ่านหน้าแปลง

ทำเลดีสถานที่ใกล้เคียง
ใกล้วัดพระธาตุดอยน้อย
ใกล้อุทยานแห่งชาติป่าแม่จาง
ใกล้พิพิธภัณฑ์พระพิฆเนศ จังหวัดเชียงใหม่
ใกล้โรงพยาบาลสันป่าตอง
ใกล้วัดใหม่เชตวัน
ใกล้วัดป่าลาน สันติสุข จังหวัดเชียงใหม่
ใกล้หมู่บ้านบ้านสันมะค่า เชียงใหม่
ใกล้องค์การบริหารส่วนตำบลท่าวังพร้าว

การเดินทางสะดวก
ถนนทางหลวงแผ่นดินหมายเลข 108
ถนนทางหลวงชนบท 3018

บริษัท อินเตอร์โฮม เรียลตี้ เอสเตท จำกัด
Interhome Realty Estate
www.interhome.co.th
โทร. 02-946-6206

https://www.interhome.co.th/propertydetail.php?propcode=64691"
https://baan.kaidee.com/product-371001640,"ราคา: 16,200,000
เนื้อที่: 135 ตารางวา | เนื้อที่ 135 ตารางวา
ขายที่ดินเท่าราคาประเมินราชการ กลางเมืองเชียงใหม่ ติดถนนใหญ่ ผังเมืองสีแดง
**รับนายหน้าร่วม**

✨️ที่ดินเท่าราคาประเมินราชการ ติดถนนเจริญประเทศ ต.ช้างคลาน กลางเมืองเชียงใหม่ ✨️

✅ทำเลใจกลางเมือง
ที่ตั้ง: ติดถนนเจริญประเทศ ต.ช้างคลาน อ.เมือง จ.เชียงใหม่
ขนาด: 135 ตารางวา
พื้นที่ราบ : ถมแล้วพร้อมใช้
ขายในราคาประเมินราชการ:120,000 บาท/ตร.ว.(รวม16.2 ล้าน)

✅ศักยภาพในการพัฒนา ผังเมืองสีแดง เหมาะกับการพัฒนาเชิงพาณิชย์ เช่น อพาร์เมนต์ ออฟฟิต ร้านค้า รองรับคนในพื้นที่ทั้งชาวไทยและต่างชาติ และผู้ปกครองนักเรียน

✅ จุดเด่นที่ดิน
1.ผังเมืองสีแดง – เหมาะสำหรับสร้างอาคารพาณิชย์ คอนโด ที่พักอาศัย หรือธุรกิจขนาดใหญ่
2.ใกล้สถานศึกษา – โรงเรียนมงฟอร์ต พระหฤทัย เรยีนาเชลี
3.ใกล้โรงพยาบาล – เซนทรัล เมโมเรียล & ราชเวช
4.ห้างและคอมมูนิตี้มอลล์ – 7/11, ไนท์บาซาร์, พันธุ์ทิพย์, ลานนาทีค
5.ใกล้โรงแรมระดับ 4-5 ดาว & คอนโดหรู
6.เดินทางสะดวก – ใกล้สนามบิน สถานีรถไฟ ห้างเซ็นทรัล บิ๊กซี โลตัส แมคโคร อิเกีย
7. ใกล้สถานที่ท่องเที่ยวชื่อดัง เดินทาง 5-10 นาที เช่น ไนท์บาซาร์ เชียงใหม่ –ประตูท่าแพ ริมแม่น้ำปิง ถนนคนเดินวันเสาร์-อาทิตย์

✅ติดต่อและพาชมที่ดิน : 081 934 1718
(รับนายหน้าร่วม งดบวกราคา)"
https://baan.kaidee.com/product-371004166,"ราคา: 17,501,000
เนื้อที่: 185 ตารางวา | ห้องนอน 4 ห้องนอน | ห้องน้ำ 5 ห้องน้ำ | เนื้อที่ 185 ตารางวา | ผู้พัฒนา/เจ้าของโครงการ อื่นๆ | เฟอร์นิเจอร์ ไม่มี | ปีที่สร้างเสร็จ 2024 | เป็นทรัพย์รอการขาย ไม่ใช่
ขายPremium luxury pool villas 2 ชั้น 4 ห้องนอน 5 ห้องน้ำ 1 ห้องครัว
C8MG100578
ขายPremium luxury pool villas 2 ชั้น 4 ห้องนอน 5 ห้องน้ำ 1 ห้องครัว
พื้นที่ 185 ตรว. พื้นที่ใช้สอย 409 ตรม.
ขายราคา 17.501 ล้านบาท !!!! ฟรีโอน

บ้านพร้อมสระว่ายน้ำส่วนตัว มีระบบการรักษาความปลอดภัยที่ดี ใกล้ตลาด ห้างสรรพสินค้า

พร้อมดำเนินการซื้อขาย สินเชื่อฟรี ทุกขั้นตอน


สถานที่สำคัญที่ใกล้เคียง
-Big C แม่เหี๊ยะ 3 กม.
-เซนทรัลแอรฺ์พอร์ต 4.5 กม.
-สนามบิน 5.5 กม.
-โรงเรียนกสิณธร เซนต์เจมส์ 2 กม.

แอด ไลน์: https ://lin.ee/N1qIyoP
Line ID : 0956834198
สนใจติดต่อ: คุณอาย 0956834198 , คุณซินดี้ 090-3198948 , คุณแพรว 088-0878362
https://www.i-rentthai.com


C8MG100578
Pool Villa for Sale 4 bedroom and 5 bathroom.
Area 185 sq.wha.area 409 sq m.
The price is at THB 17.501 million.


Close To
-Big C Mae Hia 3 km.
-Central Airport 4.5 km.
-Airport 5.5 km.
-Kasinthorn St. James School 2 km.


Add ไลน์: https ://lin.ee/N1qIyoP
Line ID : 0956834198
Please contact: EYE 0956834198 , ZINDY 090-3198948 ,PHREAW 088-0878362
https://www.i-rentthai.com"
https://baan.kaidee.com/product-371006747,"ราคา: 3,990,000
เนื้อที่: 139 ตารางเมตร | ห้องนอน 3 ห้องนอน | ห้องน้ำ 3 ห้องน้ำ | เนื้อที่ 139 ตารางเมตร | ปีที่สร้างเสร็จ 2025
บ้านสวยสไตล์ญี่ปุ่น โซนรวมโชค อ.เมือง จ.เชียงใหม่
** ราคาโปรโมชั่น 3.99 ล้านบาท **
แบบบ้าน อะคาเบะโกะ (S)
3 ห้องนอน 3 ห้องน้ำ 2 ที่จอดรถ
พื้นที่ใช้สอย ขนาด 139 ตร.ม. ที่ดินเริ่มต้น 36 ตร.วา

เงื่อนไข
จอง 5,000 บาท ทำสัญญา 10,000 บาท
ค่าส่วนกลางตารางวาละ 28 บาท

📱ติดต่อฝ่ายขายโดยตรง โทร. 093-1971919 ,
📱Line ID: 093-1971919 ยินดีให้คำแนะนำค่ะ
📍 ที่ตั้งโครงการ : https://goo.gl/maps/auGjBtYifumZqbtv9

***สงวนสิทธิ์ในการเปลี่ยนแปลง ราคาขาย ส่วนลด สินค้าโปรโมชั่น และเงื่อนไขนี้โดยมิต้องแจ้งให้ทราบล่วงหน้า"
https://baan.kaidee.com/product-371006939,"ราคา: 2,590,000
เนื้อที่: 60 ตารางวา | เนื้อที่ 60 ตารางวา | ห้องนอน 3 | ห้องน้ำ 3 | ผู้พัฒนา/เจ้าของโครงการ อื่นๆ | เฟอร์นิเจอร์ มีบางส่วน | ปีที่สร้างเสร็จ 2022 | เป็นทรัพย์รอการขาย ไม่ใช่
บ้านเดี่ยว 2ชั้น ม.ลัดดามณี ขายขาดทุน
บ้านสร้างใหม่ ไม่มีคนอยู่ ตกแต่งพร้อม ติดต่อสมพร 0811112726 , 0931369288 บ้านน่าอยู่. น้ำไม่ท่วม อยู่ตำบลหนองผึ้ง สารภี ใกล้ความเจริญ ไม่ไกลจากสนามบิน, ห้างฯ, โรงเรียน ไปม.เชียงใหม่, เซนทรัล, บิ๊กซี สะดวกสบายมากค่ะ"
https://baan.kaidee.com/product-371009712,"ราคา: 4,900,000
เนื้อที่: 1400 ตารางวา | เนื้อที่ 1400 ตารางวา
ขายที่ดินสวยอ. สันป่าตองน้ำไม่ท่วม
ขายที่ดินสวน 3 ไร่ 2 งาน อยู่ใกล้ถนนสายสันป่าตอง-ลำพูน ตั้งอยู่บ้านสบหาร ม. 3 ต. ทุ่งต้อม อ. สันป่าตอง เข้าออกง่าย ไม่ไกลถนนใหญ่
ด้านข้างติดทุ่งนา อีกสองด้านติดสวน
ที่ดินติดถนนคลองชลประทาน บรรยากาสดี
เหมาทำบ้านสวน รีสอร์ท
มีบ่อน้ำใช้ในการเกษตร น้ำไม่ท่วม
เข้าเมืองเพียง 24 กิโล
ใกล้อำเภอสันป่าตอง 3.5 กิโล
ใกล้อนามัยสบหาร 700 เมตร
ใกล้วัดสบหาร
ตลาดสดหนองตอง
บิ๊กซีหางดง2 เพียง 10 นาที
ราคาประเมินสามพันกว่าต่อตร.ม
สนใจสอบถามเพิ่มได้ ราคาคุยกันได้
รับนายหน้า
สนใจ 081-0237007
083-9299787
เจ้าของขายเอง มาดูที่ดินก่อนได้"
https://baan.kaidee.com/product-371011072,"ราคา: 5,950,000
เนื้อที่: 65 ตารางวา | ห้องนอน 3 ห้องนอน | ห้องน้ำ 4 ห้องน้ำ | เนื้อที่ 65 ตารางวา | เฟอร์นิเจอร์ มีบางส่วน | เป็นทรัพย์รอการขาย ไม่ใช่
ขายบ้านเดี่ยว 2 ชั้น โครงการ The Urbana1 เชียงใหม่ พร้อมเข้าอยู่ ทำเลดี เดินทางสะดวก ใกล้บิ๊กซี ดอนจั่น
รหัสทรัพย์ : PA2025100013

ขายบ้านเดี่ยว 2 ชั้น โครงการ The Urbana1 เชียงใหม่ พร้อมเข้าอยู่ ทำเลดี เดินทางสะดวก ใกล้บิ๊กซี ดอนจั่น

ที่ตั้ง : 99/79 โครงการ The Urbana1 (ดิ เออบาน่า1) ถนนซุปเปอร์ไฮเวย์ เชียงใหม่-ลำปาง ตำบลท่าศาลา อำเภอเมืองเชียงใหม่ จังหวัดเชียงใหม่ 50000
แผนที่ : https://maps.app.goo.gl/9qdNdA8USLyhjonL7?g_st=al

ขนาดพื้นที่ : 65 ตารางวา / พื้นที่ใช้สอย 342 ตารางเมตร

รายละเอียด
- 3 ห้องนอน (Master bedroom +walk-in Closet)
- 4 ห้องน้ำ (สุขภัณท์เปลี่ยนใหม่ทั้งหมด)
- 1 ห้องรับแขก
- 1 ห้องนั่งเล่น
- 1 ห้องครัวฝรั่ง / 1 ห้องครัวไทย
- 1 ห้องเก็บของ
- 3 ที่จอดรถ
- ติดแอร์ทุกห้อง
- 2 สวนหย่อมภายในบ้าน

สิ่งอำนวยความสะดวก
- ระบบกล้องวงจรปิด cctv
- wifi

สถานที่ใกล้เคียง :
- หอการค้าจังหวัดเชียงใหม่
- วัดเชียงแสน อ.สารภี
- เลอวองจินตคณิต สาขาถนนมหิดล
- Americana Chinese International School (ACIS)

ราคาขาย : 5,950,000 บาท

สนใจติดต่อ
คุณธนิต : 081-885-7543"
https://baan.kaidee.com/product-371012307,"ราคา: 9,440,000
เนื้อที่: 236 ตารางวา | เนื้อที่ 236 ตารางวา | เป็นทรัพย์รอการขาย ไม่ใช่
ที่ดินเปล่า 236 ตร.ว. ที่ดินเปล่า ซอยอำนวยสุข ใกล้สี่แยกราชพฤกษ์ ถนนชลประทาน ถนนทางหลวงชนบท ชม.3028 หางดง เชียงใหม่
คุณ ชนกานต์ สำราญดี (กาน)
เบอร์ติดต่อ : 087-964-4322
Office : 02-946-6206
สอบถามทางไลน์ https://lin.ee/xTo07Pn
Line ID: @interhome

รหัสอสังหาริมทรัพย์ : 64809
ขนาด 236 ตร.ว.

ที่ตั้ง : ที่ดินเปล่า ซอยอำนวยสุข ถ.ชลประทาน หางดง เชียงใหม่

รายละเอียด
ใกล้ท่าอากาศยานนานาชาติเชียงใหม่ อุทยานหลวงราชพฤกษ์ เซ็นทรัลเชียงใหม่

ขายที่ดินเปล่า ใกล้สี่แยกราชพฤกษ์ ซอยอำนวยสุข ถนนชลประทาน ถนนทางหลวงชนบท ชม.3028 ตำบลคลองควาย อำเภอหางดง จังหวัดเชียงใหม่

- ที่ดินเปล่า เนื้อที่ 236 ตร.ว.
- ที่ดินเปล่าติดถนน ถมแล้ว ถนนกว้างประมาณ 6 เมตร
- มีไฟฟ้า น้ำประปา
- ที่ดินอยู่ในแหล่งชุมชน
- เข้าซอยประมาณ 50 เมตร
- ที่ดินหน้ากว้างประมาณ 38 เมตร ลึกประมาณ 30 เมตร

ทำเลดีสถานที่ใกล้เคียง
* ท่าอากาศยานนานาชาติเชียงใหม่
* อุทยานหลวงราชพฤกษ์
* เซ็นทรัลเชียงใหม่
* บิ๊กซีซุปเปอร์เซ็นเตอร์หางดง
* แมคโครหางดง
* วัดพระธาตุดอยคำ
* โรงเรียนนานาชาติแมริทตัน บริทิช

การเดินทางสะดวก
* เข้า-ออกได้ 2 ทาง ถนนเชียงใหม่-หางดง และถนนชลประทาน

บริษัท อินเตอร์โฮม เรียลตี้ เอสเตท จำกัด
Interhome Realty Estate
www.interhome.co.th
โทร. 02-946-6206

https://www.interhome.co.th/propertydetail.php?propcode=64809"
https://baan.kaidee.com/product-371012338,"ราคา: 700,000
เนื้อที่: 100 ตารางวา | เนื้อที่ 100 ตารางวา
ที่ดินเปล่า 100 ตร.ว. ที่ดิน ใกล้แกรนด์แคนยอนเชียงใหม่ ถนนเลี่ยงเมืองสันป่าตอง-หางดง หางดง เชียงใหม่
คุณ ชนกานต์ สำราญดี (กาน)
เบอร์ติดต่อ : 087-964-4322
Office : 02-946-6206
สอบถามทางไลน์ https://lin.ee/xTo07Pn
Line ID: @interhome

รหัสอสังหาริมทรัพย์ : 64810
ขนาด 100 ตร.ว.

ที่ตั้ง : ที่ดิน ใกล้แกรนด์แคนยอนเชียงใหม่ ถ.เลี่ยงเมืองสันป่าตอง-หางดง หางดง เชียงใหม่

รายละเอียด
ใกล้แกรนด์แคนยอนเชียงใหม่ ท่าอากาศยานนานาชาติเชียงใหม่ อุทยานหลวงราชพฤกษ์

ขายที่ดินเปล่า ใกล้แกรนด์แคนยอนเชียงใหม่ ถนนเลี่ยงเมืองสันป่าตอง-หางดง ตำบลน้ำแพร่ อำเภอหางดง จังหวัดเชียงใหม่

- ที่ดินเปล่า เนื้อที่ 100 ตร.ว.
- ที่ดินเปล่าติดถนน
- มีไฟฟ้า น้ำประปา
- ที่ดินอยู่ในแหล่งชุมชน

ทำเลดีสถานที่ใกล้เคียง
* แกรนด์แคนยอนเชียงใหม่
* ท่าอากาศยานนานาชาติเชียงใหม่
* อุทยานหลวงราชพฤกษ์
* เซ็นทรัลเชียงใหม่
* บิ๊กซีซุปเปอร์เซ็นเตอร์หางดง
* แมคโครหางดง
* วัดพระธาตุดอยคำ

การเดินทางสะดวก
* ถนนเลี่ยงเมืองสันป่าตอง-หางดง

บริษัท อินเตอร์โฮม เรียลตี้ เอสเตท จำกัด
Interhome Realty Estate
www.interhome.co.th
โทร. 02-946-6206

https://www.interhome.co.th/propertydetail.php?propcode=64810"
https://baan.kaidee.com/product-371013291,"ราคา: 2,200,000
เนื้อที่: 248 | เนื้อที่ 248 | เป็นทรัพย์รอการขาย ไม่ใช่
ที่ดิน ราคาดีที่สุด น้ำแพร่ หางดง เชียงใหม่
ที่ดินแบ่งขาย ราคาดีที่สุดในน้ำแพร่ เริ่มต้นเพียง 8,871 บาท/ตรว. เท่านั้น!
ที่ดินรอบข้างขายกัน 10,000 – 15,000 บาท/ตรว.
คุ้มที่สุดในโซนนี้ !!!

ราคา 2,200,000 บาท
ทำเลดี ใกล้เมือง ใกล้โรงเรียนนานาชาติหลายแห่ง ใกล้ตลาด โรงเรียนนานาชาติ แต่ยังเงียบสงบใกล้ชิดธรรมชาติ

พิกัด: ต.น้ำแพร่ อ.หางดง จ.เชียงใหม่
✅ ที่ดินถมแล้ว พร้อมสร้าง
✅ น้ำ-ไฟ เข้าถึง
✅ ถนนกว้าง 8 เมตร
✅ เข้า-ออกได้หลายทาง
✅ ไม่มีค่าส่วนกลาง

มีรั่วแล้ว 2 ด้าน น้ำไม่ท่วม วิวภูเขา รอบๆเพื่อนบ้านสังคมคุณภาพ pool villa ทั้งหมด

???? ขนาด 248 ตรว.

???? ใกล้ที่สำคัญ:
• กาดฝรั่ง 15 นาที
• รร.นานาชาติปัญญาเด่น 8 นาที
• สวนน้ำแกรนแคนย่อน 5 นาที
• สนามกอล์ฟหางดง 5 นาที
• ปั๊ม ปตท. น้ำแพร่ 5 นาที
???? เหมาะสำหรับ สร้างที่อยู่อาศัย ลงทุน เช่น:
• สร้างที่อยู่อาศัย
• คาเฟ่ในสวน
???? สนใจติดต่อ 080 792 4592 จีจี้รับสายค่ะ

???? Land for Sale – Best Price in Nam Phrae! Starting at only 8,871 THB/sq.wah! ????
Nearby land is selling for 10,000–15,000 THB/sq.wah.
The best value in this area!!!
???? Price: 2,200,000 THB ????
???? Great location – close to the city, markets, and international schools,quiet and close to nature
Location: Nam Phrae Subdistrict, Hang Dong District, Chiang Mai
✅ Land already filled, ready to build
✅ Water and electricity connected
✅ 8-meter wide road
✅ Multiple entrances and exits
✅ No common fees
Fenced on 2 sides, no flooding, mountain views, The neighbors are nice and quiet, surrounded by pool villas.
???? Size: 248 sq.wah
???? Nearby places:
• Kad Farang Market – 15 minutes
• Panya Den International School – 8 minutes
• Grand Canyon Water Park – 5 minutes
• Hang Dong Golf Course – 5 minutes
• PTT Nam Phrae Gas Station – 5 minutes
???? Suitable for:
• Residential home
• Garden café or investment
???? Interested? Contact 080 792 4592 – Gigi will answer your call."
https://baan.kaidee.com/product-371014061,"ราคา: 1,890,000
เนื้อที่: 30 | ห้องนอน 1 ห้องนอน | ห้องน้ำ 1 ห้องน้ำ | เนื้อที่ 30 | ชั้น 10 | ผู้พัฒนา/เจ้าของโครงการ อื่นๆ | เฟอร์นิเจอร์ ตกแต่งครบ
คอนโด เจซีฮิลเพลส
🔹 คอนโด เจ.ซี ฮิลเพลส
ชั้น 10 ห้องมุม 1010
ขนาดห้อง 30 ตรม.
✨️✨️ราคา 1.89 ลบ.
พร้อมเฟอร์นิเจอร์บิ้วอิน

☑️ 1 นอน
☑️ 1 นั่งเล่น
☑️ 1 น้ำ

อุปกรณ์ไฟฟ้า
✅ เครื่องซักผ้าฝาหน้า
✅ แอร์ 12,000 btu
✅ เครื่องทำน้ำอุ่น
✅ ตู้เย็น
✅ ไมโครเวฟ
✅️ ทีวี 55"""
https://baan.kaidee.com/product-371014062,"ราคา: 1,790,000
เนื้อที่: 26 | ห้องนอน 1 ห้องนอน | ห้องน้ำ 1 ห้องน้ำ | เนื้อที่ 26 | ชั้น 3 | ผู้พัฒนา/เจ้าของโครงการ อื่นๆ | เฟอร์นิเจอร์ ตกแต่งครบ
คอนโดศรีธนา 1
ขายศรีธนา 1 คอนโด เชียงใหม่
ใกล้ห้างเมญ่าเชียงใหม่ และวันนิมมาน ห้องล้อมไปด้วยสิ่งอำนวยความสะดวกครบครัน ร้านค้า ร้านอาหารเยอะ (ทำรายวัน AIR BNB ได้)

ราคาพิเศษวันนี้ 1.79 ล้านบาท
- 1 ห้องนอน กั้นส่วนห้องครัว 1ห้อง
- ชั้น 3 ขนาด 26.29 ตร.ม.
- เข้าออกได้ทั้ง ถ.ห้วยแก้ว (ซอยสมุดลานนา) และ ถ.ศิริมังคลาจารย์ 1 เดินได้
- เฟอร์นิเจอร์และเครื่องใช้ไฟฟ้าครบชุด เตาไฟฟ้า Smart TV ตู้เย็น เครื่องซักผ้า ไมโครเวฟ
- ส่วนกลาง : รปภ. ที่จอดรถ ลิฟท์ นิติบุคคล กล้องวงจรปิด
☎️สนใจติดต่อ 0959793564"
https://baan.kaidee.com/product-371014364,"ราคา: 9,000
เนื้อที่: 283 ตารางวา | เนื้อที่ 283 ตารางวา
ขายที่สันกำแพง ขายที่ดินเปล่า 283ตรว. ใจกลางสันกำแพงปาร์ควิว ตรว ละ 9,000 บ.
ที่ดินเปลงงามกลางหมู่บ้านถมแล้ว ขายถูก ถนนน้ำไฟพร้อม ที่ดินอยู่ในหมู่บ้าน ปลอดภัย ตั้ังอยู่ใจกลางหมู่บ้านสันกำแพงปาร์ควิว 283 ตรว หน้ากว้าง 40ม ลึก 30ม โดยประมาณ. เดินทางสะดวก พร้อมสร้างที่อยู่อาศัยได้ทันที พื้นที่สีเหลือง สะดวกเข้าออกได้ทั้งหน้าหลัง 1006 และ 1317 ขาย 2,547,000 หรือ ตรว. ละ 9,000 เท่านั้น แบ่งครึ่งได้ครับ
ซื้อตอนนี้เป็นจังหวะดีได้ราคาถูกครับ
ติดต่อสอบถาม 086+761+6669

สนใจติดต่อ ่เล็ก 097-248-5645 . 096-761-6669

Line Id:Lek55ov"
https://baan.kaidee.com/product-371016999,"ราคา: 30,000
เนื้อที่: 160 ตารางวา | เนื้อที่ 160 ตารางวา | ห้องนอน 4 ห้องนอน | ห้องน้ำ 3 ห้องน้ำ | เฟอร์นิเจอร์ ตกแต่งครบ
บ้านเดี่ยว2ชั้น
🏡 For rent 🏡
30,000 / month, 4 bedrooms, 3 bathrooms,
1 kitchen, 1 hall, spacious area, pets allowed, furniture + air conditioner, all new, gardening is available.
❤️ปล่อยเช่า 30,000 / เดือน ❤️
4 ห้องนอน 3 ห้องน้ำ 1 ห้องครัว 1 ห้องโถง พื้นที่กว้างขวาง เลี้ยงสัตว์ได้ เฟอร์นิเจอร์ + แอร์ ครบใหม่ทุกอย่างทำสวนได้
❤️租金30,000/月❤️
4間臥室，3間浴室，1個廚房，1個大廳，寬敞的區域，允許攜帶寵物，傢俱+冷氣機，全新，園藝

📍: Kankanok Ville 18 Hang Dong
https://maps.app.goo.gl/F5K38g3ijxdrRK6c9?g_st=iic
📱: 0652850702 ( Benz )
https://line.me/ti/p/b3HJfYWv82"
https://baan.kaidee.com/product-371021678,"ราคา: 2,390,000
เนื้อที่: 126 ตารางเมตร | เนื้อที่ 126 ตารางเมตร | ห้องนอน 2 | ห้องน้ำ 2 | ผู้พัฒนา/เจ้าของโครงการ อื่นๆ | เฟอร์นิเจอร์ ไม่มี | ปีที่สร้างเสร็จ 2025
ขายบ้านเดี่ยวชั้นเดียว สร้างใหม่ พร้อมอยู่
ฟรีโอน"
https://baan.kaidee.com/product-371023890,"ราคา: 2,499,000
เนื้อที่: 32.21 ตารางเมตร | ห้องนอน 1 ห้องนอน | ห้องน้ำ 1 ห้องน้ำ | เนื้อที่ 32.21 ตารางเมตร | ชั้น 16 | เป็นทรัพย์รอการขาย ไม่ใช่
คอนโดมิเนียม 32.21 ตร.ม. เอสเซ็นท์ เชียงใหม่ ถนนซุปเปอร์ไฮเวย์ เชียงใหม่-ลำปาง ถนนเชียงใหม่-ดอยสะเก็ต เมืองเชียงใหม่ เชียงใหม่
คุณ เขมจิรา ภูวภาณุภรณ์ (เป้)
เบอร์ติดต่อ : 090-532-4429
Office : 02-946-6206
สอบถามทางไลน์ https://lin.ee/xTo07Pn
Line ID: @interhome

รหัสอสังหาริมทรัพย์ : 64890
ขนาด 32.21 ตร.ม.

ที่ตั้ง : เอสเซ็นท์ เชียงใหม่ ถ.เชียงใหม่-ดอยสะเก็ด เมืองเชียงใหม่ เชียงใหม่

รายละเอียด
ใกล้ห้างสรรพสินค้าเซ็นทรัลเชียงใหม่, บิ๊กซี เอ็กซ์ตร้า เชียงใหม่ 2, ตลาดวโรรส

เอสเซ็นท์ เชียงใหม่ ( Escent Chiangmai ) ขายคอนโดมิเนียม

ขายคอนโดมิเนียม ถนนซุปเปอร์ไฮเวย์ เชียงใหม่-ลำปาง ถนนเชียงใหม่-ดอยสะเก็ต ตำบลฟ้าฮ่าม อำเภอเมืองเชียงใหม่ จังหวัดเชียงใหม่

สูง 26 ชั้น 1 นอน 1 น้ำ 1 ครัว 1 ห้องนั่งเล่น อยู่ชั้น 16
มีที่จอดรถ 1 คัน แอร์ 2 ตัว ม่าน

การตกแต่ง
บิวท์อินทั้งห้อง เฟอร์นิเจอร์ครบ พร้อมเข้าอยู่ ครัวบิวท์อิน ทีวี ตู้เย็น
คอนโดตึกสูง วิวดี ใจกลางเมืองเชียงใหม่

ทำเลดีสถานที่ใกล้เคียง
ใกล้ห้างสรรพสินค้าเซ็นทรัลเชียงใหม่, บิ๊กซี เอ็กซ์ตร้า เชียงใหม่ 2, ตลาดวโรรส, โรงพยาบาลกรุงเทพฯ เชียงใหม่ โรงพยาบาลแมคคอร์มิค เชียงใหม่, โรงพยาบาลเทพปัญญา, โรงเรียนดาราวิทยาลัย, โรงเรียนปรินส์รอยแยลส์วิทยาลัย, และมหาวิทยาลัยพายัพ

การเดินทางสะดวก
ทางคู่ขนานถนนสายอำเภอแม่ริม เชียงใหม่-ลำปาง
ถนนเชียงใหม่-ดอยสะเก็ด (ถนนหมายเลข 118)
ถนนซุปเปอร์ไฮเวย์ เชียงใหม่-ลำปาง

บริษัท อินเตอร์โฮม เรียลตี้ เอสเตท จำกัด
Interhome Realty Estate
www.interhome.co.th
โทร. 02-946-6206

https://www.interhome.co.th/propertydetail.php?propcode=64890"
https://baan.kaidee.com/product-371026086,"ราคา: 3,900,000
เนื้อที่: 125 ตารางเมตร | เนื้อที่ 125 ตารางเมตร | ห้องนอน 3 ห้องนอน | ห้องน้ำ 3 ห้องน้ำ | ผู้พัฒนา/เจ้าของโครงการ อื่นๆ | เฟอร์นิเจอร์ ไม่มี | ปีที่สร้างเสร็จ 2022
บ้านเดี่ยว 2 ชั้น พร้อมเข้าอยู่ ใกล้ ม. แม่โจ้
บ้านเดี่ยว 2 ชั้น พื้นที่ใช้สอย 125 ตร.ม บนที่ดิน 69 ตร.ว

3 นอน 3 น้ำ 1 ครัว 1+3 ที่จอดรถ"
https://baan.kaidee.com/product-371028578,"ราคา: 3,500,000
เนื้อที่: 129 ตารางวา | เนื้อที่ 129 ตารางวา
บ้านและร้าน
เป็นร้านอาหารและที่อยู่อาศัย ทำเลดีอยู่ในย่านชุมชน
(ทุ่งข้าวตอก ม.4)ติดถนนหลัก เจ้าของเคยทำร้านอาหารมาก่อน ตอนนี้มีกิจการอย่างอื่นหลายอย่าง จึงได้ปล่อยต่อ ท่านใดสนใจนัดชมสถานที่จริงได้ค่ะ แจ้งล่วงหน้านะคะ
(เจ้าของขายเอง)"
https://baan.kaidee.com/product-371029641,"ราคา: 2,799,999
เนื้อที่: 33 ตารางเมตร | เนื้อที่ 33 ตารางเมตร | ห้องนอน 1 ห้องนอน | ห้องน้ำ 1 ห้องน้ำ | ชั้น 3 | เฟอร์นิเจอร์ ตกแต่งครบ | ปีที่สร้างเสร็จ 2021
Condo Escent Park ville Chiang mai
ขายคอนโด Escent Park ville Chiang mai

ราคาขาย 2,999,999บ.
พร้อมสัญญาเช่า 12,000 บ./เดือน

🏢 ขนาด 33 ตารางเมตร
🔹 1 ห้องนอน 1 ห้องน้ำ
🔹 1 ห้องรับแขก 1 ห้องครัว 1 ห้องเก็บของ
🔹 ชั้น 3 ตึก B วิวสวยบรรยากาศร่มรื่น
🔹 ค่าโอนกรรมสิทธิ์ 50/50"
https://baan.kaidee.com/product-371032560,"ราคา: 1,956,000
เนื้อที่: 163 ตารางวา | เนื้อที่ 163 ตารางวา
ที่ดิน อ หางดงติดถนน หน้า หลัง เชียงใหม่
ที่ดินเนื้อที่ 163 ตารางวา ติดถนน หน้า หลัง น้ำ ไฟฟ้าพร้อม เขตชุมชน ใกล้ โรงเรียน นานาชาติ สร้างใหม่ ราคา 1,956,000,บาท ติดต่อ โทร 0991268499 ,,นายไม้,,"
https://baan.kaidee.com/product-371032584,"ราคา: 1,580,000
เนื้อที่: 150 ตารางวา | เนื้อที่ 150 ตารางวา
ที่ดิน อ ไชยปราการเขตเทศบาล เชียงใหม่
ขายบ้านพร้อม ที่ดิน เขต เทศบาล อ ไชยปราการ จ เชียงใหม่ ติดถนน ดำสายหลักค้าขายได้ มีชุมชนหนาแน่น ติดถนน 2 ด้าน เนื้อที่ดิน 150 ตารางวา ราคา 1,580,000 บาท โทร 0991268499 ,,"
https://baan.kaidee.com/product-371032950,"ราคา: 3,590,000
เนื้อที่: 21 | ห้องนอน 1 ห้องนอน | ห้องน้ำ 3 ห้องน้ำ | เนื้อที่ 21 | ผู้พัฒนา/เจ้าของโครงการ อื่นๆ | เฟอร์นิเจอร์ ไม่มี | ปีที่สร้างเสร็จ 2025 | เป็นทรัพย์รอการขาย ไม่ใช่
บ้าน ทาวน์โฮม 3 ชั้น
บ้าน Multi

Title:
บ้านโซนหางดงเชียงใหม่ โครงการ Monotown 4 ทาวน์โฮม 3 ชั้น ที่จอดรถ 2 คัน สิ่งอำนวยความสะดวกครบ ใกล้กาดฝรั่ง 5 นาที

รายละเอียด:
บ้านเชียงใหม่พร้อมอยู่ โซนหางดง โครงการ Monotown 4 ทาวน์โฮม 3 ชั้นกับดีไซน์ที่ฉีกสุดในโซน สไตล์ Mid-Century Modern สัมผัสประสบการณ์การอยู่อาศัยที่สมบูรณ์แบบทั้งฟังก์ชันและดีไซน์ลงตัวกับไลฟ์สไตล์คุณที่สุด บนทำเลศักยภาพใจกลางหางดง ติดถนนใหญ่ ใกล้กาดฝรั่ง, อิเกีย, แม็คโคร, บิ๊กซี และเซ็นทรัลแอร์พอร์ต

แบบบ้าน Multi ทาวน์โฮม 3 ชั้น ภายในมีพื้นที่ใช้สอยกว้าง 165 ตร.ม. ดีไซน์ฟังก์ชันทุกชั้นให้สามารถปรับเปลี่ยนได้ตามรูปแบบการใช้ชีวิตของคนยุคใหม่ ที่ต้องการพื้นที่สำหรับอยู่อาศัยและเติมเต็มแพสชันชีวิต ไม่ว่าจะทำงานที่บ้าน, มีสตูดิโอเป็นของตัวเอง, หรือมีพื้นที่สำหรับงานอดิเรก ก็เพิ่มฟังก์ชันได้อิสระ

ฟังก์ชันเริ่มต้น 1 Master Bedroom 2 ห้องนั่งเล่น 1 โซนครัว และที่จอดรถยนต์ 2 คัน โดดเด่นด้วยดีไซน์พื้นที่สีเขียวทั้งสวนส่วนตัวในพื้นที่ชั้น 1 และคอร์ตยาร์ดในพื้นที่ชั้น 2 สร้างบรรยากาศบ้านให้ดูร่มรื่น ใกล้ชิดกับธรรมชาติแม้อาศัยอยู่ใจกลางเมือง
.
สิ่งอำนวยความสะดวกภายในโครงการ Monotown 4
• คลับเฮาส์สุดชิค กลิ่นอาย Mid-Century Modern
• สระว่ายน้ำ, ฟิตเนส, ห้องประชุม และ Co-Kitchen & Living
• สวนสาธารณะ พร้อมโซน Jogging, มุมนั่งพักผ่อน และโซนเด็กเล่น
• ระบบรักษาความปลอดภัยตลอด 24 ชั่วโมง

บ้านเชียงใหม่พร้อมอยู่ โซนหางดง
แบบบ้าน Multi โครงการ Monotown 4
ราคาพิเศษเริ่มต้นเพียง 3.59 ล้านบาท*
นัดชมโครงการได้ทุกวัน / สอบถามเพิ่มเติม
✹ ID Line : @spaceandco
✹ โทร: 093 134 4681"
https://baan.kaidee.com/product-371032954,"ราคา: 3,590,000
เนื้อที่: 21 | ห้องนอน 3 ห้องนอน | ห้องน้ำ 3 ห้องน้ำ | เนื้อที่ 21 | ผู้พัฒนา/เจ้าของโครงการ อื่นๆ | เฟอร์นิเจอร์ ไม่มี | ปีที่สร้างเสร็จ 2025 | เป็นทรัพย์รอการขาย ไม่ใช่
บ้านทาวน์โฮม 3 ชั้น 3 ห้องนอน
บ้าน Normal

Title:
บ้านโซนหางดงเชียงใหม่ โครงการ Monotown 4 ทาวน์โฮม 3 นอน ฟังก์ชันครบ มีคอร์ตยาร์ดและสวนส่วนตัว ใกล้กาดฝรั่ง 5 นาที

รายละเอียด:
บ้านเชียงใหม่พร้อมอยู่ โซนหางดง โครงการ Monotown 4 ทาวน์โฮม 3 ชั้นกับดีไซน์ที่ฉีกสุดในโซน สไตล์ Mid-Century Modern สัมผัสประสบการณ์การอยู่อาศัยที่สมบูรณ์แบบทั้งฟังก์ชันและดีไซน์ลงตัวกับไลฟ์สไตล์คุณที่สุด บนทำเลศักยภาพใจกลางหางดง ติดถนนใหญ่ ใกล้กาดฝรั่ง, อิเกีย, แม็คโคร, บิ๊กซี และเซ็นทรัลแอร์พอร์ต

แบบบ้าน Normal ทาวน์โฮม 3 ชั้น ภายในมีพื้นที่ใช้สอยกว้าง 160 ตร.ม. จัดสรรฟังก์ชันสำหรับใช้ชีวิตมาให้อย่างครบครัน 3 ห้องนอน 3 ห้องน้ำ 1 โซนครัว 1 โซนนั่งเล่น และที่จอดรถยนต์ 2 คัน โดดเด่นด้วยดีไซน์พื้นที่สีเขียวทั้งสวนส่วนตัวในพื้นที่ชั้น 1 และคอร์ตยาร์ดในพื้นที่ชั้น 2 สร้างบรรยากาศบ้านให้ดูร่มรื่น ใกล้ชิดกับธรรมชาติแม้อาศัยอยู่ใจกลางเมือง
.
สิ่งอำนวยความสะดวกภายในโครงการ Monotown 4
• คลับเฮาส์สุดชิค กลิ่นอาย Mid-Century Modern
• สระว่ายน้ำ, ฟิตเนส, ห้องประชุม และ Co-Kitchen & Living
• สวนสาธารณะ พร้อมโซน Jogging, มุมนั่งพักผ่อน และโซนเด็กเล่น
• ระบบรักษาความปลอดภัยตลอด 24 ชั่วโมง

บ้านเชียงใหม่พร้อมอยู่ โซนหางดง
แบบบ้าน Normal โครงการ Monotown 4
ราคาพิเศษเริ่มต้นเพียง 3.59 ล้านบาท*
นัดชมโครงการได้ทุกวัน / สอบถามเพิ่มเติม
✹ ID Line : @spaceandco
✹ โทร: 093 134 4681"
https://baan.kaidee.com/product-371032965,"ราคา: 9,900,000
เนื้อที่: 28.9 | ห้องนอน 1 ห้องนอน | ห้องน้ำ 5 ห้องน้ำ | เนื้อที่ 28.9 | ผู้พัฒนา/เจ้าของโครงการ อื่นๆ | เฟอร์นิเจอร์ ไม่มี | ปีที่สร้างเสร็จ 2025 | เป็นทรัพย์รอการขาย ไม่ใช่
โครงการบ้าน Monotown Studio ตรงข้ามเซนทรัลเฟสติวัล
โครงการ Monotown Studio บ้านหรู 3.5 ชั้น ใจกลางเมืองเชียงใหม่ สเปซที่ตอบรับทุกความสำเร็จของคุณ เติมเต็มแพสชันผ่านดีไซน์ พร้อมสร้างแรงบันดาลใจทั้งการใช้ชีวิตและการทำงานอย่าง Productive บนทำเลศักยภาพ ติดถ.ซุปเปอร์ไฮเวย์เพียง 200 ม. ตรงข้ามเซ็นทรัลเฟสติวัล

บ้านสามชั้นครึ่งที่หน้าตาโดดเด่นท่ามกลางเมืองเชียงใหม่ ด้วยวัสดุเอกลักษณ์เฉพาะอย่างกระเบื้องดินเผาสีดำ รับกับรูปทรงสถาปัตยกรรมกลิ่นอายบ้านเมืองในยุโรป สร้างบรรยากาศการอยู่อาศัยที่สงบและเป็นส่วนตัว แต่ยังได้รับความสะดวกสบายทั้งการใช้ชีวิตและเดินทางไปทำงาน หรือกิน เที่ยว ชอป แหล่งไลฟ์สไตล์ต่าง ๆ
.
โครงการ Monotown Studio
• 300 sq.m. for Work & Life
• 1 Penthouse Floor
• 2 Multi-purpose Living Areas
• 2 Kitchens
• 5 Bathrooms
• 1 Service Room
• 5 Parking Spaces

บ้านใจกลางเมืองเชียงใหม่ พร้อมอยู่
เพียง 2 ยูนิตสุดท้าย ราคาพิเศษ 8.9 ล้านบาท*
นัดหมายเยี่ยมชมโครงการล่วงหน้า / สอบถามเพิ่มเติม
✹ ID Line : @spaceandco
✹ โทร: 093 134 4681"
https://baan.kaidee.com/product-371033986,"ราคา: 29,380,000
เนื้อที่: 1469 ตารางวา | เนื้อที่ 1469 ตารางวา | เป็นทรัพย์รอการขาย ไม่ใช่
ที่ดิน อ.หางดง จ.เชียงใหม่ ใกล้พืชสวนโลก
🏡🌳 ขายที่ดิน หนองควาย ม.1 ใกล้พืชสวนโลก เพียง 500 เมตร!

📍 ที่ดินแปลงสวย ทำเลทองในย่านหางดง เข้าออกสะดวก ถนนลาดยางถึงที่
เนื้อที่รวม 3 ไร่ 2 งาน 69 ตารางวา (1,469 ตร.ว.)
💰 ราคาเพียง 20,000 บาท/ตารางวา
(รวมทั้งหมดประมาณ 29.38 ล้านบาท)

✨ จุดเด่นของแปลงนี้
• รูปทรงสวย สี่เหลี่ยมเกือบจัตุรัส ใช้พื้นที่ได้เต็ม
• ถนนกว้าง เข้าออกสะดวก รถยนต์สวนกันได้
• วิวโล่ง บรรยากาศเงียบสงบ รายล้อมด้วยธรรมชาติ
• มีไฟฟ้า ประปาเข้าถึง
• เอกสารสิทธิ์ โฉนดครอบครองถูกต้อง พร้อมโอนทันที

🌿 เหมาะสำหรับ
• สร้างบ้านพักอาศัย หรือบ้านตากอากาศ
• ทำพูลวิลล่า / รีสอร์ต / โฮมสเตย์
• ทำคาเฟ่ / ร้านอาหารแนวธรรมชาติ
• ลงทุนทำโครงการบ้านจัดสรรขนาดเล็ก
• ซื้อเก็บไว้เก็งกำไร เพราะพื้นที่นี้ราคาขึ้นต่อเนื่องทุกปี

📍 สถานที่ใกล้เคียง
• 🌺 พืชสวนโลก (Royal Park Rajapruek) เพียง 500 เมตร
• 🏯 วัดพระธาตุดอยคำ ประมาณ 5 นาที
• 🛍️ กาดฝรั่ง วิลเลจ / แม็คโคร หางดง / บิ๊กซี หางดง ประมาณ 10 นาที
• ✈️ สนามบินเชียงใหม่ ประมาณ 15 นาที
• 🚗 เดินทางสะดวก เข้าออกได้ทั้งถนนคันคลองชลประทาน และถนนเชียงใหม่–หางดง"
https://baan.kaidee.com/product-371034137,"ราคา: 4,290,000
เนื้อที่: 36 ตารางวา | ห้องนอน 3 ห้องนอน | ห้องน้ำ 3 ห้องน้ำ | เนื้อที่ 36 ตารางวา | ผู้พัฒนา/เจ้าของโครงการ อื่นๆ | เฟอร์นิเจอร์ ไม่มี | ปีที่สร้างเสร็จ 2025 | เป็นทรัพย์รอการขาย ไม่ใช่
บ้านเชียงใหม่สไตล์โมเดิร์น โครงการ HOLM 2 ใกล้เซ็นทรัลเฟสติวัล
บ้านเชียงใหม่พร้อมอยู่ โครงการ HOLM 2 - สันพระเนตร แนวคิดการออกแบบที่เข้าใจทุกครอบครัว ดีไซน์สไตล์โมเดิร์นที่เชื่อมโยงธรรมชาติเข้ามาใกล้ชิดกับการอยู่อาศัย พร้อมให้คุณใช้ชีวิตที่สะดวกสบายใกล้ Meta Mall 5 นาที และ เซ็นทรัลเฟสติวัล 10 นาที

แบบบ้านแฝด 2 ชั้น ( Duplex Type ) เพียง 34 ยูนิต ในโครงการสังคมคุณภาพที่มีความเป็นส่วนตัว ภายในมีพื้นที่ใช้สอยกว้าง 154 ตร.ม. ไฮไลต์โดดเด่นที่ดีไซน์พื้นที่ Living ช่องแสง Skylight เปิดวิวท้องฟ้าสวยให้มุมพักผ่อน ภายนอกมีพื้นที่สวนกว้างรองรับหลากหลายกิจกรรมนอกบ้าน ฟังก์ชัน 3 ห้องนอน, 3 ห้องน้ำ, 1 ห้องครัวปิด และที่จอดรถยนต์ 3 คัน

สิ่งอำนวยความสะดวกภายในโครงการโฮล์ม 2
• คลับเฮาส์สไตล์โมเดิร์นสุดโดดเด่น
• สระว่ายน้ำ ระบบน้ำเกลือ
• ฟิตเนส อุปกรณ์ออกกำลังกายครบครัน
• เลานจ์, ห้องดูหนัง, มินิบาร์ รองรับการพบปะสังสรรค์
• สวนสาธารณะพร้อมเส้นทางเดินเล่นเลียบธารน้ำ
• สนามบาสเกตบอล ล้อมรอบวิวธรรมชาติ
• ระบบรักษาความปลอดภัยตลอด 24 ชั่วโมง

บ้านเชียงใหม่ พร้อมอยู่
แบบบ้าน Duplex Type โครงการ HOLM 2
ราคาเริ่ม 4.39 ล้านบาท*
นัดชมโครงการได้ทุกวัน / สอบถามเพิ่มเติม
✹ ID Line : @spaceandco
✹ โทร: 088 259 1798"
https://baan.kaidee.com/product-371034456,"ราคา: 18,900,000
เนื้อที่: 149 ตารางวา | เนื้อที่ 149 ตารางวา
ตึกแถว 3 ห้อง ขอ 3 ห้องติดถนนใหญ่ใกล้แยกสะเมิง เนื้อที่ 149 ตารางวา
ขายตึกแถว 3 คูหาพร้อมเนื้อที่ด้านหลังรวม 149 ตารางวา ใกล้แยกสะเมิงติดถนนใหญ่เชียงหางดง ด้านหลังติดคลองชลประทานมีถนนผ่าน ใกล้วัดพระธาตุดอยคำห่าง จาก สนามบินไม่ ไกล ห่าง ห่างจาก พืชสวนโลกไม่นาน ขายราคา 18,900,000 บาท สนใจติดต่อ คุณศิริโชค ที่ 090 929 9159

พิกัด 18.7207800, 98.9445180"
https://baan.kaidee.com/product-371034474,"ราคา: 590,000
เนื้อที่: 11.3 ไร่ | เนื้อที่ 11.3 ไร่
ขายที่ดิน
📍โฉนดแรก ขายพร้อมบ้านปูนชั้นเดียว 3 ห้องนอน 3 ห้องน้ำ มีห้องพระ 1 ห้อง ห้องโถงกว้าง เฟอร์บางส่วนพร้อมอยู่ และสวนลำไย 10 ไร่ ประมาณ 170 ต้น เนื้อที่ 11 ไร่ 3 งาน 71 ตรว. (4,771 ตารางวา ) ติดถนนลาดยาง
ขายไร่ละ 590,000 บาท ตร.วาละ 1,450-
รวมราคา 6,917,950.-บาท

📍โฉนดที่ 2
เป็นที่ดินเปล่าด้านหลัง เนื้อที่ 4 ไร่ 51 ตรว.
( 1,251 ตารางวา ) ติดถนนลาดยาง
ขายไร่ละ 480,000 บาท
ตารางวาละ 1,200.-
รวมราคา 1,501.200.-บาท

ราคารวมแปลงที่ 1 และแปลงที่ 2
🔖 8,419,150 .-บาท
เดินทางสะดวก น้ำไฟฟ้าพร้อมใช้

📌เจ้าของขายเอง ติดต่อ 0932244619 , 0917421168"
https://baan.kaidee.com/product-371034585,"ราคา: 14,000,000
เนื้อที่: 370 | ห้องนอน 4 ห้องนอน | ห้องน้ำ 6 ห้องน้ำ | เนื้อที่ 370 | ผู้พัฒนา/เจ้าของโครงการ อื่นๆ | เฟอร์นิเจอร์ ตกแต่งครบ | ปีที่สร้างเสร็จ 2013 | เป็นทรัพย์รอการขาย ไม่ใช่
ขายบ้านเดี่ยวสไตล์ล้านนา พร้อมเข้าอยู่อาศัย ใกล้สนามบินเชียงใหม่
@ขายบ้านเดี่ยวสไตล์ล้านนา ใกล้สนามบินเชียงใหม่@

บ้านเดี่ยวสไตล์ล้านนา พร้อมเฟอร์นิเจอร์ สวยงาม อบอุ่น มีเสน่ห์เฉพาะตัว ตั้งอยู่ในทำเลเงียบสงบ เดินทางสะดวก เพียงไม่ไกลจาก สนามบินเชียงใหม่

เหมาะสำหรับ อยู่อาศัยแบบครอบครัว หรือใช้เป็น บ้านพักตากอากาศ เพื่อการพักผ่อนอย่างมีระดับ

รายละเอียดทรัพย์สิน:

ขนาดที่ดิน: 164 ตารางวา (ประมาณ 656 ตารางเมตร)

พื้นที่ใช้สอย: 370 ตารางเมตร

4 ห้องนอน (ติดเครื่องปรับอากาศทุกห้อง)

6 ห้องน้ำ

1 ห้องครัว 1 ห้องทำงาน(ติดเครื่องปรับอากาศ)

ที่จอดรถ 2 คัน

บ้านออกแบบผสมผสานกลิ่นอายล้านนาเข้ากับความทันสมัยอย่างลงตัว ภายในกว้างขวาง โปร่งสบาย เหมาะกับผู้ที่ชื่นชอบความเป็นไทยและต้องการบ้านที่มีเอกลักษณ์เฉพาะตัว"
https://baan.kaidee.com/product-371035851,"ราคา: 490,000
เนื้อที่: 45 ตารางวา | เนื้อที่ 45 ตารางวา
ขายที่ดินเปล่า 45 ตจว
ประกาศขายที่ดิน ‼️

ที่ดินเนื้อที่ 45 ตารางวา
ราคา 490,000 บาท 💸
มีโฉนด (ราคาต่อรองได้)
ค่าโอนผู้ซื้อรับผิดชอบ

Tel : 099-4146169 คิว
Line : Nooeicq

เงียบสงบ สภาพแวดล้อมดีมาก ใกล้ตลาด
เดินทางสะดวก เหมาะแก่การปลูกที่อยู่อาศัย
ระบบสาธารณูปโภคเข้าถึง

ขายเนื่องจากเจ้าของไม่ค่อยมีเวลาดูแล

ห่างจากถนนเชียงใหม่-ฮอด 400 เมตร
ห่างจากสถานีตำรวจสันป่าตอง 650 เมตร
ห่างจากที่ว่าการอำเภอสันป่าตอง 800 เมตร
ห่างจากตลาดสันป่าตอง 1.1 กิโลเมตร
ห่างจากการไฟฟ้าสันป่าตอง 1.3 กิโลเมตร
ห่างจากบิ๊กซีหางดง 2 เพียง 5.1 กิโลเมตร
ห่างจากตลาดหางดง 7.4 กิโลเมตร
ห่างจากแม็คโครเชียงใหม่ 2 เพียง 14 กิโลเมตร
ห่างจากโลตัสหางดง 17 กิโลเมตร
ห่างจากเซ็นทรัลแอร์พอร์ต 18 กิโลเมตร
ห่างจากสนามบินเชียงใหม่ 19 กิโลเมตร
ห่างจากนิมมานเหมินทร์ 23 กิโลเมตร"
https://baan.kaidee.com/product-371035891,"ราคา: 1,600,000
เนื้อที่: 50 ตารางวา | เนื้อที่ 50 ตารางวา | ห้องนอน 2 | ห้องน้ำ 1
ขายบ้าน จังหวัดเชียงใหม่"
https://baan.kaidee.com/product-371035904,"ราคา: 20,000
เนื้อที่: 4 | เนื้อที่ 4
ให้เช่าที่ดินหางดง (ติดบิ๊กซี หางดง ) พื้นที่ 4 ไร่ ใกล้แหล่งความเจริญมากมาย และเหมาะสำหรับทำกิจการหลายๆ ประเภท เจ้าของประกาศเอง
ให้เช่าที่ดิน 4 ไร่ ติดกับ Big C หางดง ต.หางดง อ.หางดง จ.เชียงใหม่

อยู่ในพื้นที่เจริญ และเหมาะสำหรับทำกิจการหลายๆ ประเภท เจ้าของประกาศเอง ราคาต่อรองได้ ติดกับ Big C หางดง ติดถนนใหญ่ ติดถนนใหญ่ ติดสถานที่สำคัญมากมาย

ราคา 20,000 บาทต่อไร่ แบ่งเช่าได้ ,ถ้าเช่าทั้งหมดลดได้ค่ะ.

สถานที่สำคัญใกล้เคียง

ติดถนนหลักเชียงใหม่-หางดง.

บิ๊กซี หางดง.

โรงพยาบาลหางดง



ติดต่อ คุณวงเดือน 0944805526"
https://baan.kaidee.com/product-371036008,"ราคา: 590,000
เนื้อที่: 16 ไร่ | เนื้อที่ 16 ไร่
ขายที่ดิน
ขายที่ดิน 2 โฉนด แปลงเดียวกัน รูแสี่เหลี่ยมผืนผ้าสวยๆ เหมาะทำไร่สวนผสม โอมสเตย์ บ้านพักคนชรา ปลูกดอกไม้ ฯลฯ เนื้อที่ 16 ไร่ ขายถูกๆ สนใจทักมาค่ะ พิกัด ดอยหล่อ เชียงใหม่"
https://baan.kaidee.com/product-371036222,"ราคา: 4,900,000
เนื้อที่: 2 ไร่ | เนื้อที่ 2 ไร่ | เป็นทรัพย์รอการขาย ไม่ใช่
ขายที่ดินกลางหุบเขา วิวธรรมชาติแท้ ๆ ใกล้เขื่อนแม่กวง อากาศบริสุทธิ์ มีลำธารหลังแปลง ที่ดินตั้งอยู่ที่ บ้านป่าสักงาม อ.ดอยสะเก็ด เชียงใหม่
ขายที่ดินกลางหุบเขา วิวธรรมชาติแท้ ๆ ใกล้เขื่อนแม่กวง อากาศบริสุทธิ์ มีลำธารหลังแปลง! 🌿
ที่ดินตั้งอยู่ที่ บ้านป่าสักงาม ต.ลวงเหนือ อ.ดอยสะเก็ด จ.เชียงใหม่
เอกสารสิทธิ์ถูกต้อง (น.ส.4) พร้อมโอนทันที
📏 เนื้อที่ 2 ไร่ 1 งาน 44 ตารางวา
ขายยกแปลงในราคาเพียง 4.9 ล้านบาทเท่านั้น!
🚗 ทำเลดี เดินทางสะดวก
ห่างจากสะพานเชื่องใจ เขื่อนแม่กวงอุดมธารา เพียง 4.7 กม.
ห่างจากถนนหลวงหมายเลข 118 ดอยสะเก็ด เพียง 14 กม.
เหมาะสำหรับพัฒนาเป็น
🏡 บ้านพักส่วนตัวติดธรรมชาติ
🌳 โฮมสเตย์ / รีสอร์ทขนาดเล็ก
📈 หรือทำเป็นบ้านเช่ารายเดือน รายปี
ภาพวิวสวยจริง บรรยากาศสงบ เหมาะกับการพักผ่อนและลงทุนระยะยาว
ใครได้เห็น รับรองว่าหลงรักตั้งแต่ครั้งแรก ❤️
📞 สนใจติดต่อ: คุณอ้วน 062-0282889
📍 ที่ดินจริง วิวจริง สัมผัสได้ด้วยตาและหัวใจ
#ขายที่ดินเชียงใหม่ #ที่ดินดอยสะเก็ด #ที่ดินวิวเขา #ที่ดินติดลำธาร #บ้านในฝัน #รีสอร์ทเชียงใหม่ #เชียงใหม่ #ลงทุนอสังหา #ที่ดินแม่กวง #ChiangMaiLand #LandForSaleThailand #RealEstateChiangMai"
https://baan.kaidee.com/product-371036454,"ราคา: 5,700,000
เนื้อที่: 17.1 ตารางวา | เนื้อที่ 17.1 ตารางวา | เป็นทรัพย์รอการขาย ไม่ใช่
เจ้าของขายเอง ขายด่วน 5.7 ล้านตึกแถวโซนช้างคลาน-เจริญประเทศ
พิกัดที่ดิน : ตึกแถว 5 ชั้น ใกล้โรงเรียนมงฟอร์ตประถม ถ.เจริญประเทศ ต.ช้างคลาน อ.เมือง จ.เชียงใหม่
-เจ้าของขายเอง ขายด่วน!!!ตึกแถว 5 ชั้น บนเนื้อที่ 17.1 ตรว.พื้นที่ใช้สอย 320 ตรม.
-ด้านหน้าตึกกว้าง 4 เมตร ติดถนนเจริญประเทศ
-ตัวตึกยาว(ลึก) 18 เมตร
-1 ห้องโถงใหญ่,3 ห้องนอน,4 ห้องน้ำ,1 ห้องครัว,1 ที่จอดรถยนต์หน้าตึก,ดาดฟ้าบนชั้น 5 มองเห็นวิวดอยสุเทพ
-ทำเลดี ใกล้โรงเรียนมงฟอร์ตประถมเพียง 50 เมตร เดินไปโรงเรียนได้ ,ใกล้ รพ.ราชเวช,รพ.เซ็นทรัลเชียงใหม่ เมมโมเรียล,แอดเคิร์ฟ ,KFC ,เซเว่น
-ต่อยอดทำธุรกิจได้หลายประเภท เช่น สถาบันกวดวิชา คลีนิค ร้านขายยา คาเฟ่ ร้านอาหาร โฮสเทล ช้อปเฮ้าส์ ร้านค้า ร้านขายของฝาก ของที่ระลึก
“ราคาขาย 5.7 ล้านบาท”(ค่าโอน ค่าภาษี ค่าธรรมเนียม = คนละครึ่ง )
**ต่อรองราคาได้เจ้าของขายเอง
**ยินดีรับนายหน้าให้ 3%
โทร. 080-551-9368 (Line)"
https://baan.kaidee.com/product-371036484,"ราคา: 1,290,000
เนื้อที่: 253 ตารางวา | เนื้อที่ 253 ตารางวา
ขายที่นาติดถนนคอนกรีต เหมาะทำบ้านสวน ไร่นาสวนผสม
พิกัดที่ดิน : บ้านกลาง ต.ยุหว่า อ.สันป่าตอง จ.เชียงใหม่
-ขายที่นา วิวสวยมาก เหมาะทำบ้านพักตากอากาศ บ้านสวนพอเพียง
-มีโฉนดเนื้อที่ 253 ตรว./รูปแปลงสี่เหลี่ยม
-หน้ากว้างติดถนนคอนกรีต 38เมตร
-ที่ดินลึก 30 เมตร
-ปัจจุบันทำนาปีละ 2 รอบ
-ห่างทางหลวง 5036 เลียบคลองชล เพียง700เมตร(เชื่อมถนน108แยกธกส.สันป่าตอง กับ ถนนเลี่ยงเมืองสันป่าตอง-หางดง แยกน้ำบ่อหลวง)
-ห่างสนามบินเชียงใหม่เพียง 20กม.
-เดินทางสะดวกมากๆ
-บรรยากาศอบอุ่น เพื่อนบ้านเป็นมิตร
""ขายยกแปลง1.29ล้านพร้อมโอน""
โทร 080-551-9368 (Line)"
https://baan.kaidee.com/product-371036501,"ราคา: 4,150,000
เนื้อที่: 65 ตารางวา | เนื้อที่ 65 ตารางวา | ห้องนอน 3 | ห้องน้ำ 4 | ผู้พัฒนา/เจ้าของโครงการ อื่นๆ | เฟอร์นิเจอร์ ไม่มี | ปีที่สร้างเสร็จ 2023
พิเศษ4.15 ล้านฟรีโอน พูลวิลล่าสร้างใหม่ หลังที่ว่าการ อ. หางดงจ. เชียงใหม่
พิกัดที่ดิน : Pool Villa Hangdong บ้านป่าแป๋ ต.หางดง อ.หางดง จ.เชียงใหม่
-ขายบ้านพูลวิลล่าชั้นเดียว โซนน้ำแพร่-หลังที่ว่าการอำเภอหางดง
พร้อมที่ดินบนเนื้อที่ 65 ตรว./พื้นที่ใช้สอย 200 ตรม.
-บ้านสร้างใหม่นอกโครงการ ออกแบบและควบคุมการก่อสร้างโดยวิศวกรมืออาชีพ
-3ห้องนอน/4ห้องน้ำ/1ห้องครัว/1ห้องโถงรับแขก/2ที่จอดรถ
-สระว่ายน้ำระบบ Overflow
-รั้วคอนกรีตสูง 2.8 เมตร เพื่อความปลอดภัยและเป็นส่วนตัว
-เข้าออกได้สองทาง
เส้นทางที่ 1 เส้นคลองชลประทาน(แยกน้ำแพร่-ออบขาน) ห่างถนน 4 เลนส์เพียง 1.2 กม.
เส้นทางที่ 2 เส้น108 เชียงใหม่-ฮอด ข้างที่ว่าการอำเภอหางดง ห่างเพียง 1.4 กม.
"" ราคาขาย 4.15 ล้านบาท / ฟรีโอน ""
โทร. 080-551-9368 (Line)"
https://baan.kaidee.com/product-371036773,"ราคา: 2,700,000
เนื้อที่: 2.5 ไร่ | เนื้อที่ 2.5 ไร่
ขายด่วนขายถูก สวนลำไยบ้านเด่น ต.บ้านแม ห่างถนนเลี่ยงเมืองสันป่าตอง-หางดงเพียง 5 นาที
พิกัดที่ดิน : บ้านเด่น ต.บ้านแม อ.สันป่าตอง จ.เชียงใหม่
-ขายด่วน ขายถูก ต่อรองได้ ใกล้ถนนบายพาส เลี่ยงเมืองสันป่าตอง-หางดง เพียง 5 นาที
-มีโฉนด เนื้อที่ 2 ไร่ 1 งาน 20 ตรว. รูปแปลงคล้ายตัวแอล
-ด้านหน้า ติดถนนลาดยางเส้นหลักในหมู่บ้าน ยาว 68 เมตร
-ด้านข้าง / ด้านหลัง มีลำเหมืองโอบล้อมรอบแปลง ดินดีน้ำดี
-เป็นสวนลำไยเต็มพื้นที่ เหมาะทำบ้านสวน ทำบ้านพักตากอากาศ
-ชุมชนแบบล้านนาดั้งเดิม อบอุ่นเป็นกันเอง
“ขายยกทั้งแปลง/ไม่แบ่งขาย 2.7 ล้านบาทรวมโอน”
โทร. 093-629-7897 (Line)"
https://baan.kaidee.com/product-371037903,"ราคา: 1,800,000
เนื้อที่: 71 ตารางวา | เนื้อที่ 71 ตารางวา | ห้องนอน 2 | ห้องน้ำ 2 | ผู้พัฒนา/เจ้าของโครงการ อื่นๆ | เฟอร์นิเจอร์ มีบางส่วน | ปีที่สร้างเสร็จ สร้างเสร็จก่อน 2010 | เป็นทรัพย์รอการขาย ไม่ใช่
บ้านพร้อมที่ดิน เนื้อที่ 71 ตรว. อำเภอดอยสะเก็ด จังหวัดเชียงใหม่
บ้านพร้อมที่ดินสองห้องนอน สองห้องน้ำ สองห้องครัว หนึ่งห้องโถงใหญ่ หนึ่งโรงจอดรถได้สองคัน เนื้อที่ตัวบ้าน126ตรม. ที่ดิน71ตรว. มีแอร์สามตัว เครื่องทำน้ำอุ่น1ตัว กล้องวงจรปิดสามตัว
**โอนคนละครึ่ง สามารถติดต่อเข้าดูได้
พื้นที่:บ้านกิ่วแล ตำบลเชิงดอย อำเภอดอยสะเก็ด จังหวัดเชียงใหม่"
https://baan.kaidee.com/product-371038475,"ราคา: 2,390,000
เนื้อที่: 112 | ห้องนอน 2 ห้องนอน | ห้องน้ำ 2 ห้องน้ำ | เนื้อที่ 112 | เฟอร์นิเจอร์ มีบางส่วน
ขายทาวน์โฮมใจกลางเมืองเชียงใหม่ ใกล้สนามบิน ปรับราคาใหม่ เหลือเพียง 2.39 ล้านบาท
ทาวน์โฮม 2 ชั้น ทำเลทอง ใกล้สนามบินและห้างดัง พร้อมเฟอร์นิเจอร์ครบ Fully Furnished เข้าอยู่ได้ทันที!

รายละเอียดบ้าน
• พื้นที่ดิน: 14 ตร.ว. | พื้นที่ใช้สอย: 112 ตร.ม.
• 2 ห้องนอน | 2 ห้องน้ำ | โซนครัวพร้อมเคาน์เตอร์
• มีระเบียงกว้าง และที่จอดรถส่วนตัว
• เฟอร์นิเจอร์ครบชุด: เตียงนอน, ตู้เสื้อผ้า, ชุดโซฟา, โต๊ะอาหาร ฯลฯ

จุดเด่นทำเล
• สนามบินเชียงใหม่ และ เซ็นทรัลแอร์พอร์ต เพียง 5 นาที
• ใกล้ ขนส่งเชียงใหม่ แค่ 2 นาที
• แหล่งช้อปปิ้งและตลาด เช่น กาดวรุณ และ บิ๊กซีหางดง 3 นาที

📌ที่ตั้ง : ตำบลแม่เหี๊ยะ อำเภอเมืองเชียงใหม่ เชียงใหม่

📲 ติดต่อสอบถาม/นัดชมบ้าน
L I N E : @864pdamh
โทร: 061-449-4297 คุณไมค์

#บ้านเชียงใหม่ #chiangmaihouse #บ้านโมเดิร์นเชียงใหม่"
https://baan.kaidee.com/product-371039104,"ราคา: 150,000
เนื้อที่: 316 | ห้องนอน 5 ห้องนอน | ห้องน้ำ 7 ห้องน้ำ | เนื้อที่ 316 | ผู้พัฒนา/เจ้าของโครงการ อื่นๆ | เฟอร์นิเจอร์ ตกแต่งครบ | เป็นทรัพย์รอการขาย ไม่ใช่
ให้เช่าบ้านพิมุกข์โครงการ 4 เชียงใหม่
เป็นบ้านแฝดหลังใหญ่ พื้นที่316 ตร.ม ติดกับมหาวิทยาลัยพายัพเพียง 5 นาที และใกล้เซ็นทรัลและใกล้ตลาดสามแยกเพียง10 นาที มีสระว่ายน้ำภายในตัว มีบ่อปลาต่างหาก ที่ห้องคาราโอเกะ และมี2 ห้องโถง ห้องรับประทานอาหาร และห้องครัว มีห้องเก็บของและห้องซักรีด บ้านบิ้วอินทั้งหลัง พร้อมผ้าม่านหลุยและแอร์ทั่วบ้าน เฟอร์นิเจอร์ครบครัน สามารถหิ้วกระเป๋าเข้าอยู่ได้เลย
This spacious 316 sq.m. semi-detached house is located just 5 minutes from Payap University, 10 minutes from CentralPlaza and Sam Yaek Market. It features an indoor swimming pool, a separate fish pond, a karaoke room, two halls, a dining room, and a kitchen. There's also a storage room and laundry room. The entire house is fully furnished, with Louis curtains and air conditioning throughout. Fully furnished, you can move in right away.
这栋宽敞的半独立式住宅面积为316平方米，距离帕雅普大学（Payap University）仅5分钟路程，距离中央广场（CentralPlaza）和三叶草市场（Sam Yaek Market）10分钟路程。住宅设有室内游泳池、独立鱼塘、卡拉OK室、两个大厅、餐厅和厨房。此外，还设有储藏室和洗衣房。房屋配套齐全，配有路易窗帘和空调。家具齐全，可立即入住。"
https://baan.kaidee.com/product-371039146,"ราคา: 2,490,000
เนื้อที่: 50 | ห้องนอน 3 ห้องนอน | ห้องน้ำ 2 ห้องน้ำ | เนื้อที่ 50 | เฟอร์นิเจอร์ มีบางส่วน | เป็นทรัพย์รอการขาย ไม่ใช่
บ้านชั้นเดียวดีไซน์มินิมอล Minimal Muji Home — เรียบง่าย แต่มีรายละเอียดในทุกมุม
บ้านชั้นเดียวดีไซน์มินิมอล กลิ่นอายญี่ปุ่น บนพื้นที่ 50 ตร.วา
ออกแบบพื้นที่ใช้สอยอย่างลงตัวถึง 128 ตร.ม.
3 ห้องนอน | 2 ห้องน้ำ | ห้องนั่งเล่นโปร่งสบาย | ที่จอดรถ 2 คัน

ทำเลสงบ เดินทางสะดวก ใกล้เมือง
• 10 นาที ถึง รพ.นครพิงค์
• 15 นาที ถึงเซ็นทรัลเฟสติวัล
• 20 นาที ถึงเมญ่า
• 15 นาที ถึงสนามกีฬา 700 ปี และศูนย์ราชการ

ราคาเพียง 2.49 ล้านบาท
ที่ตั้ง: ตำบลดอนแก้ว อำเภอแม่ริม จังหวัดเชียงใหม่

สอบถามรายละเอียดหรือนัดชมบ้าน
โทร 061-4494297 (k’Mike)
LINE: @864pdamh"
https://baan.kaidee.com/product-371039214,"ราคา: 6,300,000
เนื้อที่: 252 ตารางวา | เนื้อที่ 252 ตารางวา | เป็นทรัพย์รอการขาย ไม่ใช่
ที่ดินเปล่าทำเลดี ใกล้น้ำปิง ป่าแดด อำเภอเมืองเชียงใหม่ — 252 ตร.ว. แปลงสวย
📍 ทำเล: ตำบลป่าแดด อำเภอเมืองเชียงใหม่
ติดถนนหลัก ทางเข้า–ออกสะดวก ไม่ต้องเข้าซอย ใกล้สิ่งอำนวยความสะดวกครบ
📏 ขนาด: 252 ตารางวา
💰 ราคา: 6,300,000 บาท (ค่าโอนคนละครึ่ง)

🌟 ที่ดินสี่เหลี่ยมสวย ที่ดินถมแล้ว มีรั้วและประตูเรียบร้อย เจ้าของขายเอง

โฉนดมีพร้อมโอน (ที่ดินพร้อมสร้างอยู่ได้เลย)

พื้นที่เขตชุมชนที่อยู่อาศัย บรรยากาศเงียบสงบ ใกล้แม่น้ำปิง

💡 มองหาทำเลดีเพื่อปลูกบ้านในเมืองแต่ยังคงความสงบ นักลงทุนที่ต้องการถือครองที่ดินคุณภาพ มีศักยภาพพัฒนาในอนาคต

📍 ตำแหน่งที่ดิน https://maps.app.goo.gl/41o9vPj7Xzf3J7pEA

📞 ติดต่อเจ้าของโดยตรง
ไลน์ : 0957838911"
https://baan.kaidee.com/product-371039490,"ราคา: 1,800,000
เนื้อที่: 49 | ห้องนอน 2 ห้องนอน | ห้องน้ำ 3 ห้องน้ำ | เนื้อที่ 49 | เฟอร์นิเจอร์ มีบางส่วน
ขายมือสองชั้นเดียวพร้อมอยู่สไตล์ลอฟท์มินิมอล เหมาะสำหรับอยู่อาศัยหรือทำเป็นออฟฟิศ
ขายมือสองชั้นเดียว พร้อมอยู่ สไตล์ลอฟท์มินิมอล.. เหมาะสำหรับอยู่อาศัยหรือทำเป็นออฟฟิศ

ตั้งอยู่ในทำเลเขต ต.แม่เหียะ หน้าหมู่บ้านวังตาล ซึ่งเป็นโซนที่สัญจรไปมาสะดวกสบาย.. แวดล้อมไปด้วยสิ่งสะดวกสบายครบครัน ไม่ว่าจะเป็นห้างแมคโคร, อิเกีย, บิ๊กซี รวมทั้งโรงเรียนมีคุณภาพอย่างโรงเรียนสารสารท และยังใกล้กับโรงเรียนนานาชาติชื่อดังอีกหลายแห่งด้วย..

มีเนื้อที่ 49 ตรว.
มีพื้นที่ใช้สอย 140 ตร.ม.

เข้ามาในตัวบ้าน.. จะเจอห้องแรกที่เป็นห้องอเนกประสงค์ที่แต่เดิมจัดไว้เป็นห้องทำงานเล็กๆ ซึ่งอาจจะปรับทำเป็นห้องต่างๆ ตามต้องการได้เลย..

ห้องถัดไป.. จะเป็น “ห้องรับแขก” ใช้สำหรับเป็น ห้องส่วนกลาง ไว้นั่งกินข้าว-ดูทีวีกัน..

ส่วนอีก “ห้องนอน 2 ห้อง” จะอยู่ห้องถัดๆ ไป โดยห้องนอนแต่ละห้องจะมีห้องน้ำในตัวด้วย..

และห้องสุดท้ายจะเป็น “ห้องครัว” โดยจะมีการแยกห้องครัวในและครัวนอก ออกจากกัน เพื่อกันไม่ให้กลิ่นควันและกลิ่นอาหารเข้าบ้าน โดยจะมีอีก 1 ห้องน้ำสำหรับแขก แยกออกมาอยู่ตรงห้องครัวนอกด้วย..

ประตูหน้าต่างออกแบบให้เป็นแบบกระจกบานสไลด์ ทำให้บ้านสว่าง ดูโล่ง.. ภายในบริเวณบ้านสามารถจอดรถยนต์ได้ 1 คัน.. อีกทัังบริเวณหน้าบ้านยังมีสนามหญ้าเล็กๆ เอาไว้เป็นที่พักผ่อน สามารถจะปลูกดอกไม้ หาอ่างเลี้ยงปลามาวาง หรือเป็นที่สำหรับบ้านสัตว์เลี้ยง ให้น้องหมาน้องแมวมาเดินเล่นได้.. หรือสามารถทำหลังคาเพื่อทำเป็นที่จอดรถเพิ่มได้..

ราคาขาย = 1.89 ล้านบาท (พร้อมโอน)
**หมายเหตุ: ราคานี้พร้อมเฟอร์ฯ หลายรายการ!!

1. แอร์ 3 เครื่อง
2. ตู้เย็น 2 หลัง
3. เตียง 2 หลัง
4. เครื่องซักผ้าซัมซุง ขนาด 13 กก. 1 เครื่อง
5. โต๊ะ 3 ตัว พร้อม เก้าอี้ 3 ตัว
6. เครื่องทำน้ำอุ่น 2 เครื่อง


**ยินดีรับข้อเสนอ!!**

สนใจขอข้อมูลเพิ่ม หรือนัดดูบ้าน..
ติดต่อ: คุณแหม่ม
มือถือ: 087 305 8850"
https://baan.kaidee.com/product-371039909,"ราคา: 6,900,000
เนื้อที่: 47.3 | ห้องนอน 3 ห้องนอน | ห้องน้ำ 3 ห้องน้ำ | เนื้อที่ 47.3 | ผู้พัฒนา/เจ้าของโครงการ อื่นๆ | เฟอร์นิเจอร์ มีบางส่วน | ปีที่สร้างเสร็จ 2021 | เป็นทรัพย์รอการขาย ไม่ใช่
ขายบ้านจัดสรรในโครงการยูพรอมท์เชียงใหม่ ใกล้มหาวิทยาลัยพายัพ
📣 ประกาศขายบ้านเดี่ยวหรูพร้อมเข้าอยู่ ทำเลทองใกล้ ม.พายัพ! 🏡✨6,900,000 บาท
โครงการยูพรอมท์ วงแหวนรอบสอง (เชียงใหม่) | บ้านสวย Fully Furnished ครบครันทุกฟังก์ชัน
📍 ทำเลดีที่สุด: โครงการยูพรอมท์ วงแหวนรอบสอง ใกล้มหาวิทยาลัยพายัพ จังหวัดเชียงใหม่ เดินทางสะดวกสบาย เชื่อมต่อทุกเส้นทางสำคัญ
รายละเอียดบ้านสุดพิเศษ:

เนื้อที่: 43.1 ตารางวา | พื้นที่ใช้สอยกว้างขวาง: 180 ตารางเมตร
ขนาด: 3 ห้องนอน | 3 ห้องน้ำ | จอดรถ 2 คัน
🔥 คุ้มค่ากว่านี้ไม่มีอีกแล้ว! บ้านตกแต่งครบ จัดเต็มทุกพื้นที่ เพียงหิ้วกระเป๋าเข้าอยู่:
🛋 ห้องนั่งเล่น:

ตกแต่งบิ้วอินสวยงาม พร้อมโซฟาและพรมปูพื้นอย่างดี
พร้อม Smart TV ให้คุณเพลิดเพลินกับความบันเทิงได้อย่างเต็มที่
🍽 ห้องทานอาหารสุดหรู:

โดดเด่นด้วย ชุดโต๊ะรับประทานอาหารนำเข้าจากอิตาลี ขนาด 6 ที่นั่ง
มี Smart TV เชื่อมต่ออินเตอร์เน็ต สั่งการด้วยระบบเสียง – ยกระดับมื้ออาหารของคุณให้ไม่เหมือนใคร!
🛏 3 ห้องนอนส่วนตัว:

ตกแต่ง บิ้วอินพร้อมเฟอร์นิเจอร์ครบทุกห้อง
พร้อมเครื่องปรับอากาศขนาด 9,000 BTU ทุกห้อง เย็นสบายตลอดปี
🍳 ห้องครัวและอุปกรณ์ครบ:

ห้องครัวพร้อมอุปกรณ์ใช้งานได้ทันที
แถมฟรี! ตู้เย็น
🧺 ส่วนซักล้าง:

พร้อม เครื่องซักผ้าแบบฝาหน้า ให้ชีวิตง่ายขึ้น
🌳 บรรยากาศร่มรื่น:

มี สวนสวยรอบบ้าน ให้คุณได้พักผ่อนและทำกิจกรรมกลางแจ้ง
🔑 ที่ตั้ง: บ้านเลขที่ 365/18 ต.สันพระเนตร อ.สันทราย จ.เชียงใหม่

ห้ามพลาด! บ้านสวย ฟังก์ชันครบ ทำเลทอง ใกล้แหล่งการศึกษาและสิ่งอำนวยความสะดวก
สนใจนัดชมบ้านหรือสอบถามเพิ่มเติม ติดต่อ: 📞 0932892295

แปลงเป็นอังกฤษและจีน
📣 Luxury Fully Furnished Detached House for Sale – Prime Location near Payap University!
🏡✨Price: 6,900,000 THB

U-Prompt Project, Second Ring Road (Chiang Mai) | Ready-to-Move-In & Fully Equipped Home

📍 Prime Location: U-Prompt Project, Second Ring Road, near Payap University, Chiang Mai Province. Convenient travel access and connectivity to all major routes.

Exceptional Property Details:

Land Area: 43.1 sq. wah (approx. 172.4 sq.m.) | Usable Area: 180 sq.m.

Configuration: 3 Bedrooms | 3 Bathrooms | 2 Car Parking Spaces

Address: House No. 365/18, T. San Phranet, A. San Sai, Chiang Mai.

🔥 Unbeatable Value! Fully Decorated and Equipped – Just Bring Your Suitcase:

🛋 Elegant Living Room:

Beautiful built-in decoration with a sofa set and quality carpet.

Includes a Smart TV for all your entertainment needs.

🍽 Premium Dining Experience:

Features a magnificent imported 6-seater dining table from Italy!

Equipped with a voice-controlled, internet-connected Smart TV – elevate your meals and hosting.

🛏 3 Private Bedrooms:

Fully built-in furniture and complete furnishings in every room.

9,000 BTU air conditioner in each room for year-round coolness.

🍳 Complete Kitchen & Laundry:

Kitchen fully equipped with appliances.

Free! Refrigerator included.

Dedicated laundry area with a front-load washing machine.

🌳 Lush Ambiance:

Features a beautiful garden surrounding the house for relaxation and outdoor activities.

Don't miss out! A beautiful home, complete functions, and a golden location near educational and amenity hubs.

Interested in viewing the house or need more information, contact: 📞 ‪ 0932892295 ‬

-----------------
📣 清迈黄金地段豪华独立别墅出售！近帕尧大学 (Payap University) 🏡✨
售价：6,900,000 泰铢

U-Prompt 项目，清迈二环路 | 精装修全套家具，拎包入住！

📍 绝佳地理位置: U-Prompt 项目，位于清迈二环路，靠近帕尧大学。交通便利，四通八达。

房产特别信息:

土地面积: 43.1 平方哇 (约 172.4 平方米) | 使用面积: 180 平方米

格局: 3 卧室 | 3 浴室 | 2 停车位

地址: 清迈府珊沙区 San Phranet 街道 365/18 号。

🔥 超值优惠！全屋精美装修，功能齐全，只需带上您的行李:

🛋 典雅客厅:

精美定制的入墙式 (Built-in) 装饰，配有沙发和优质地毯。

配备 Smart TV，享受高品质娱乐。

🍽 豪华餐厅:

亮点：一套从意大利进口的 6 人位餐桌。

配有语音控制、可连接互联网的 Smart TV – 提升您的用餐体验！

🛏 3 间私人卧室:

每间卧室均配有入墙式家具和全套家具。

每间卧室均配备 9,000 BTU 空调，全年凉爽舒适。

🍳 齐全厨房与洗衣区:

厨房配有全套电器。

免费赠送！冰箱一台。

洗衣区配有前置式洗衣机。

🌳 环境宜人:

房屋周围设有漂亮花园，供您放松和户外活动。

绝不能错过！美观、功能齐全、位于黄金地段，靠近教育机构和生活设施的优质别墅。

有意预约看房或了解更多详情，请联系: 📞 ‪ 0932892295 ‬"
https://baan.kaidee.com/product-371040539,"ราคา: 7,900,000
เนื้อที่: 282 ตารางเมตร | ห้องนอน 4 ห้องนอน | ห้องน้ำ 3 ห้องน้ำ | เนื้อที่ 282 ตารางเมตร | เฟอร์นิเจอร์ ไม่มี
ขายบ้านพูลวิลล่า Lux Modern ใจกลางเมืองเชียงใหม่
ายบ้านพูลวิลล่า Lux Modern ใจกลางเมืองเชียงใหม่
𝙂𝙡𝙖𝙖𝙢 𝙎𝙥𝙝𝙚𝙧𝙚 - 𝙇𝙪𝙭 𝙈𝙤𝙙𝙚𝙧𝙣 𝙋𝙤𝙤𝙡𝙫𝙞𝙡𝙡𝙖 𝘾𝙝𝙞𝙖𝙣𝙜𝙢𝙖𝙞

🏡 บ้าน 2 ชั้น ออกแบบสวยงาม เรียบหรูทันสมัย
📍 ทำเลศักยภาพ ต.สุเทพ อ.เมืองเชียงใหม่
• ใกล้สนามบินเชียงใหม่ เดินทางเพียง 5 นาที
• ใกล้มหาวิทยาลัยเชียงใหม่
• ใกล้โรบินสันและสิ่งอำนวยความสะดวกอื่นๆ

รายละเอียดบ้าน
• พื้นที่ดินเริ่มต้น 52 ตร.วา
• พื้นที่ใช้สอย 282 ตร.ม.
• 4 ห้องนอน
• 3 ห้องน้ำ พร้อมเครื่องทำน้ำอุ่นครบทุกห้อง
• 3 ที่จอดรถ
• ห้องครัวสไตล์โมเดิร์น มาพร้อมเคาน์เตอร์ครัว เตา และที่ดูดควัน
• ห้องนั่งเล่น Double Space เพดานสูง 7 เมตรโปร่งโล่งสบาย
• สระว่ายน้ำส่วนตัวขนาด 4.5 x 3 เมตร

✨ ราคาเริ่มต้นเพียง 7.9 ล้านบาท ✨

ฟรีของแถมสิทธิพิเศษสำหรับลูกค้า
• ฟรี! ค่าโอนกรรมสิทธิ์
• ฟรี! แอร์ 5 เครื่อง
• ฟรี! ปั้มน้ำ และแท้งน้ำ
• ฟรี! ปูหญ้า เพิ่มพื้นที่สีเขียวรอบบ้าน
• ฟรี! ระบบกำจัดปลวก
• ฟรี! ประตูรีโมท และดิจิตอล Door Lock

พิกัด
ตำบลสุเทพ อำเภอเมืองเชียงใหม่ เชียงใหม่

สนใจสอบถามข้อมูลเพิ่มเติม หรือเข้าชมบ้านตัวอย่าง
📞 ติดต่อที่: 061-449-4297
LINE : @864pdamh"
https://baan.kaidee.com/product-371041916,"ราคา: 39,000,000
เนื้อที่: 1 ไร่ | เนื้อที่ 1 ไร่ | ห้องนอน 6 ห้องนอน | ห้องน้ำ 6 ห้องน้ำ | เฟอร์นิเจอร์ ตกแต่งครบ | ปีที่สร้างเสร็จ 2024 | เป็นทรัพย์รอการขาย ไม่ใช่
บ้านหรูพลูวิลล่า โซนแม่ริม
🎈ให้เช่า 500,000 บาท/เดือน 🔶ขาย 39 ล้าน #โซนแม่ริม 🔶บนที่ดิน 1 ไร่ครึ่ง บ้านหรูพูลวิลล่า บ้านออกแบบในสไตล์ Palm Beach หรูหรามีเอกลักษณ์ #ติดน้ำ #วิวภูเขา #ซื้ออยู่เองหรือปล่อยเช่าได้

🏡 รายละเอียดตัวบ้าน:
* พื้นที่ใช้สอยกว่า 1,200 ตารางเมตร บนที่ดินขนาด 1 ไร่ครึ่ง
* 6 ห้องนอน กว้างขวาง พร้อมห้องน้ำในตัว และอ่างอาบน้ำ
* ครัวยุโรป 3 ชุด และครัวไทย 2 ชุด
* ห้องซาวน่า ส่วนตัว
* สระว่ายน้ำระบบเกลือ พร้อมจากุชชี่
* โรงภาพยนตร์ภายในบ้าน
* ศาลาริมน้ำ เหมาะสำหรับจัดอีเวนต์หรือดินเนอร์กลางธรรมชาติ
* สนามบาสเกตบอลครึ่งสนาม
* น้ำตกและลำธารธรรมชาติไหลผ่านสวน
* ลานกิจกรรม สำหรับก่อกองไฟ หรือปาร์ตี้กลางแจ้ง
* ลานจอดรถ รองรับได้สูงสุด 10 คัน
* จุดชมวิวเห็นเทือกเขาแม่ริมแบบพาโนรามา
* บาร์บนดาดฟ้า และสระว่ายน้ำขนาดเล็กบนชั้นดาดฟ้า

🏕️รองรับผู้เข้าพักได้ 15–20 คน

💰เหมาะสำหรับ:
* สำหรับอยู่อาศัย
* หรือปล่อยเช่าในราคา 500,000 บาทต่อคืน

📌ตำบลแม่แรม อำเภอแม่ริม จังหวัดเชียงใหม่

📍 ทำเลเยี่ยม:
* ด้านหน้าติดแหล่งน้ำธรรมชาติ, ด้านหลังติดภูเขา วิวสวยและเป็นส่วนตัว
* ห่างจากปั๊ม ปตท. แม่ริมเพียง 7 กิโลเมตร
* เดินทางสะดวกเพียง 35 นาที จากสนามบินนานาชาติเชียงใหม่
* ใกล้แหล่งอำนวยความสะดวก เช่น โลตัส, บิ๊กซี, กาดฝรั่งแม่ริม ฯลฯ

✨Luxury ""Pool Villa"" for Sale at 39 Million Baht
✨For rent 500,000 baht/month
📌Located in Mae Ram, Mae Rim District, Chiang Mai

📍 Prime Location:
* Front of the property faces natural water sources, back of the property is surrounded by mountains with beautiful and private views
* Only 7 km away from the PTT Mae Rim gas station
* 35-minute drive to Chiang Mai International Airport
* Close to amenities like Lotus, Big C, Kad Farang Mae Rim, and more

🏡 Property Details:
* Over 1,200 sqm of living space on a 1.5 Rai (2,400 sqm) plot
* Designed in luxurious Palm Beach style with unique character
* 6 spacious bedrooms, each with en-suite bathrooms and bathtubs
* 3 European kitchens and 2 Thai kitchens
* Private Sauna Room
* Saltwater swimming pool with Jacuzzi
* Home theater inside the house
* Riverside Sala, perfect for events or outdoor dining in nature
* Half-size Basketball Court
* Waterfalls and natural streams running through the garden
* Activity area for bonfires or outdoor parties
* Parking space for up to 10 cars
* Panoramic views of the Mae Rim mountain range
* Rooftop bar and small swimming pool on the rooftop

🏕️ Can accommodate 15–20 people

💰 Perfect for:
* Personal residence
* Or available for rent at 500,000 Baht per night

อยากได้อสังหาโซนไหน สอบถามเข้ามาได้เลย

ต้องการอสังหาแบบไหนที่ Northern Land Chiangmai เรามีครบ ครอบคลุม #ทั่วเชียงใหม่ ไม่ว่าจะเป็น
#พูลวิลล่า #บ้านใหม่ #บ้านมือสอง #บ้านเช่า #คอนโด #อสังหาพร้อมผู้เช่า #หอพัก #อพาร์ทเม้นท์ #ที่ดิน

✅รับจัดหาบ้าน, ที่ดิน, คอนโด, อสังหาริมทรัพย์ทั่วเชียงใหม่
✅บริการยื่นสินเชื่อทุกธนาคารฟรี ไม่มีค่าใช้จ่าย
✅ยื่นสินเชื่อที่อื่นไม่ผ่านรับดูแลต่อ พร้อมให้คำแนะนำ
✅ทำการตลาด สื่อ โฆษณา
✅เช็คเครดิตบูโร ฟรี

👍นัดชมได้ทุกวันไม่มีวันหยุด
📲 Line ID : @habanchiangmai หรือ https://lin.ee/netCDYF
หรือสอบถามเพิ่มเติมโทร 📞 086-9238951 / 065-5306944 / 085-9646661
✨ยินดีพาชม และให้คำปรึกษาด้านสินเชื่อ ฟรี

🌐เว็บไซต์บริษัท : https://northernlandandhousechiangmai.com/en

🌐หาบ้าน เชียงใหม่ : https://www.habanchiangmai.com/

🔅เพจหาบ้าน เชียงใหม่ : https://www.facebook.com/HabanHabanchiangmai?mibextid=ZbWKwL

🎯YouTube : https://youtube.com/@northernlandhousechiangmai6664

🎯Instagram : https://instagram.com/northernland.cm?igshid=YmMyMTA2M2Y=

🎯TIKTOK : https://www.tiktok.com/@northerland_cnx?_t=8bwxggLIxlv&_r=1

📣สนใจอสังหาริมทรัพย์อื่นๆ คลิ๊ก
🔶For Sale
https://www.facebook.com/NorthenlandHouse-Chiangmai-1774295549481349/
🔶️For Rent
https://www.facebook.com/Northernland-House-For-Rent-In-Chiangmai-228643327897310/

พูลวิลล่าเชียงใหม่
https://www.facebook.com/profile.php?id=1 0008190772 0597&mibextid=LQQJ4d

ที่ดิน
https://www.facebook.com/profile.php?id=1 0007578119 4500&mibextid=LQQJ4d

ขายคอนโด เชียงใหม่
https://www.facebook.com/profile.php?id=1 0007605377 7727&mibextid=LQQJ4d

หอพัก
https://www.facebook.com/profile.php?id=1 0008662050 9112&mibextid=LQQJ4d

อสังหาริมทรัพย์พร้อมผู้เช่า
https://www.facebook.com/profile.php?id=1 0007585654 6688&mibextid=LQQJ4d

#บ้านเชียงใหม่
#บ้านราคาถูกเชียงใหม่
#บ้านมือสองเชียงใหม่
#บ้านสร้างใหม่เชียงใหม่
#บ้านทำเลดีเชียงใหม่
#บ้านพร้อมอยู่เชียงใหม่
#พูลวิลล่าเชียงใหม่
#NorthernlandChiangmai
#อสังหาพร้อมผู้เช่าเชียงใหม่
#บ้านสวยเชียงใหม่
#บ้านพร้อมเฟอร์นิเจอร์เชียงใหม่
#บ้านสวนเชียงใหม่
#NorthernlandandHousechiangmai #Northernland"
https://baan.kaidee.com/product-371041978,"ราคา: 8,790,000
เนื้อที่: 70 ตารางวา | เนื้อที่ 70 ตารางวา | ห้องนอน 4 ห้องนอน | ห้องน้ำ 4 ห้องน้ำ | ผู้พัฒนา/เจ้าของโครงการ อื่นๆ | เฟอร์นิเจอร์ มีบางส่วน | ปีที่สร้างเสร็จ 2024 | เป็นทรัพย์รอการขาย ไม่ใช่
พูลวิลล่าสร้างใหม่โซนกาดฝรั่ง 8.79 ลบ
🎈 #โซนกาดฝรั่ง #หางดง บ้านพูลวิลล่าสร้างใหม่ 8.79 ล้าน (ไม่รวมเฟอร์ฯ) บ้าน 2 ชั้น #สไตล์โมเดิร์น ทำเลศักยภาพ สัมผัสชีวิตทันสมัยอย่างมีระดับ ดีไซน์หรู ใช้วัสดุคุณภาพสูง และสะดวกสบายทุกการใช้ชีวิต — ใกล้ร้านค้า คาเฟ่ และโรงเรียนนานาชาติ

🔹 รายละเอียดทรัพย์
ขนาดที่ดิน 70 ตร.วา (280 ตร.ม.)
พื้นที่ใช้สอยกว่า 200 ตร.ม.
4 ห้องนอน / 4 ห้องน้ำ
สระว่ายน้ำระบบเกลือ ขนาด 8 x 4 เมตร พร้อมสวนตกแต่งสวย ดูแลง่าย
ห้องนั่งเล่นและห้องรับประทานอาหารแบบเปิดโล่ง พร้อมครัวตะวันตกและไอส์แลนด์
ครัวไทยแยกส่วน
เฟอร์นิเจอร์บิวท์อินและเครื่องใช้ไฟฟ้าครบ
ห้องนอนชั้นล่าง เหมาะสำหรับผู้สูงอายุหรือแขก
ห้องนอนชั้นบนทุกห้องมีห้องน้ำในตัว
ที่จอดรถ 2 คัน
มีทั้งแบบ พร้อมเฟอร์นิเจอร์ / ไม่พร้อมเฟอร์นิเจอร์

⚙️ ตัวเลือกอัปเกรดเสริม บ้านทุกหลังสามารถติดตั้งระบบเพิ่มเติมได้ง่าย เช่น
ระบบสมาร์ทโฮม (Smart Home)
แผงโซลาร์เซลล์ (Solar Roof)
ประตูรั้วไฟฟ้า (Electric Gate)
ที่ชาร์จรถยนต์ไฟฟ้า (EV Charger)

📍 ทำเลที่ตั้ง
ตั้งอยู่ใจกลางโครงการ กาดฝรั่ง วิลเลจ หางดง — ทำเลที่สะดวกครบครันที่สุดแห่งหนึ่งของเชียงใหม่
ใกล้โรงเรียนนานาชาติหลายแห่ง
อยู่ใกล้โรงเรียน SBS International School เพียงไม่กี่นาที
ห่างจาก กาดฝรั่ง วิลเลจ และ Rimping Supermarket เพียง 200 เมตร
ใกล้ The Outlet Mall เพียง 50 เมตร
รายล้อมด้วยร้านอาหาร คาเฟ่ และเบเกอรี่ชื่อดัง
ใกล้ร้านอาหารฟาสต์ฟู้ด เช่น KFC, McDonald’s, Swensen’s
ใกล้ตลาดสดและแหล่งของกิน
เดินทางเข้าเมืองและสนามบินเชียงใหม่ได้สะดวก ผ่านถนนหางดง

💰 ราคา 8.79 ล้านบาท (ไม่รวมเฟอร์นิเจอร์)
ค่าธรรมเนียมการโอน: ผู้ซื้อ–ผู้ขายออกคนละครึ่ง

✨ บ้านพูลวิลล่าหรูสร้างใหม่ ที่ผสมผสานความสะดวกของเมืองกับความเป็นส่วนตัวอย่างลงตัว เหมาะทั้งอยู่อาศัยและลงทุน!

🎈New Build #Modern Pool Villa 8,790,000 Baht @ #KadFarang, #HangDong — Chiang Mai

In a prime location near Kad Farang Village, Hang Dong.
Experience elegant modern living in this newly built two-storey private pool villa, combining high-quality design, comfort, and convenience — just steps from shops, cafés, and international schools.

🔹 Property Features
2-storey villa
Land size: 70 sq.wah (280 sqm)
200 sqm of internal space
4 bedrooms / 4 bathrooms
8m x 4m saltwater swimming pool with landscaped, low-maintenance gardens
Open-plan living & dining area with modern Western kitchen and island
Separate Thai kitchen
Built-in appliances and built-in furniture
1 ground-floor bedroom (ideal for guests or elderly family members)
All 2nd floor bedrooms with ensuite bathrooms
Parking for 2 cars
Furnished or unfurnished options available

⚙️ Optional Upgrades
All villas are option-ready, allowing easy installation of:
Smart home system
Solar roof panels
Electric gate
EV car charger

📍 Prime Location
Located in the heart of Kad Farang Village, Hang Dong, one of Chiang Mai’s most convenient lifestyle areas:
Close to top international schools
Very near SBS International School
200m to Kad Farang Village & Rimping Supermarket
50m to The Outlet Mall
Surrounded by restaurants, cafés, and bakeries
Fast food nearby: KFC, McDonald’s, Swensen’s
Close to fresh local markets
Easy access to Chiang Mai Airport and city via Hang Dong Road

💰 Price 8.79 Million Baht (Unfurnished)
🏠 Transfer taxes: Split equally between buyer and seller

✨ A perfect choice for families or investors seeking a brand-new, modern luxury pool villa in a top Chiang Mai location!

อยากได้อสังหาโซนไหน สอบถามเข้ามาได้เลย

ต้องการอสังหาแบบไหนที่ Northern Land Chiangmai เรามีครบ ครอบคลุม #ทั่วเชียงใหม่ ไม่ว่าจะเป็น
#พูลวิลล่า #บ้านใหม่ #บ้านมือสอง #บ้านเช่า #คอนโด #อสังหาพร้อมผู้เช่า #หอพัก #อพาร์ทเม้นท์ #ที่ดิน

✅รับจัดหาบ้าน, ที่ดิน, คอนโด, อสังหาริมทรัพย์ทั่วเชียงใหม่
✅บริการยื่นสินเชื่อทุกธนาคารฟรี ไม่มีค่าใช้จ่าย
✅ยื่นสินเชื่อที่อื่นไม่ผ่านรับดูแลต่อ พร้อมให้คำแนะนำ
✅ทำการตลาด สื่อ โฆษณา
✅เช็คเครดิตบูโร ฟรี

👍นัดชมได้ทุกวันไม่มีวันหยุด
📲 Line ID : @habanchiangmai หรือ https://lin.ee/netCDYF
หรือสอบถามเพิ่มเติมโทร 📞 086-9238951 / 065-5306944 / 085-9646661
✨ยินดีพาชม และให้คำปรึกษาด้านสินเชื่อ ฟรี

🌐เว็บไซต์บริษัท : https://northernlandandhousechiangmai.com/en

🌐หาบ้าน เชียงใหม่ : https://www.habanchiangmai.com/

🔅เพจหาบ้าน เชียงใหม่ : https://www.facebook.com/HabanHabanchiangmai?mibextid=ZbWKwL

🎯YouTube : https://youtube.com/@northernlandhousechiangmai6664

🎯Instagram : https://instagram.com/northernland.cm?igshid=YmMyMTA2M2Y=

🎯TIKTOK : https://www.tiktok.com/@northerland_cnx?_t=8bwxggLIxlv&_r=1

📣สนใจอสังหาริมทรัพย์อื่นๆ คลิ๊ก
🔶For Sale
https://www.facebook.com/NorthenlandHouse-Chiangmai-1774295549481349/
🔶️For Rent
https://www.facebook.com/Northernland-House-For-Rent-In-Chiangmai-228643327897310/

พูลวิลล่าเชียงใหม่
https://www.facebook.com/profile.php?id=1 0008190772 0597&mibextid=LQQJ4d

ที่ดิน
https://www.facebook.com/profile.php?id=1 0007578119 4500&mibextid=LQQJ4d

ขายคอนโด เชียงใหม่
https://www.facebook.com/profile.php?id=1 0007605377 7727&mibextid=LQQJ4d

หอพัก
https://www.facebook.com/profile.php?id=1 0008662050 9112&mibextid=LQQJ4d

อสังหาริมทรัพย์พร้อมผู้เช่า
https://www.facebook.com/profile.php?id=1 0007585654 6688&mibextid=LQQJ4d

#บ้านเชียงใหม่
#บ้านราคาถูกเชียงใหม่
#บ้านมือสองเชียงใหม่
#บ้านสร้างใหม่เชียงใหม่
#บ้านทำเลดีเชียงใหม่
#บ้านพร้อมอยู่เชียงใหม่
#พูลวิลล่าเชียงใหม่
#NorthernlandChiangmai
#อสังหาพร้อมผู้เช่าเชียงใหม่
#บ้านสวยเชียงใหม่
#บ้านพร้อมเฟอร์นิเจอร์เชียงใหม่
#บ้านสวนเชียงใหม่
#NorthernlandandHousechiangmai #Northernland"
https://baan.kaidee.com/product-371042000,"ราคา: 7,900,000
เนื้อที่: 100 ตารางวา | เนื้อที่ 100 ตารางวา | ห้องนอน 3 ห้องนอน | ห้องน้ำ 3 ห้องน้ำ | เฟอร์นิเจอร์ ตกแต่งครบ | ปีที่สร้างเสร็จ 2024 | เป็นทรัพย์รอการขาย ไม่ใช่
พูลวิลล่าโซนแม่ริม ขายพร้อมผู้เช่าเพียง 7.9 ลบ
🎈Pool villa 7.9 ล้าน 🔶100 ตรว. #ดอนแก้ว #แม่ริม #ขายพร้อมผู้เช่ารับค่าเช่า58,000 บาท (สัญญา 1 ปี) บ้านสวย #ติดถนนวงแหวนรอบ3 Built-in เต็มรูปแบบ พร้อมเฟอร์นิเจอร์ครบครัน #ใกล้โรงพยาบาลนครพิงค์ #หิ้วกระเป๋าพร้อมเข้าอยู่ได้เลย

พื้นที่ดิน 100 ตารางวา
พื้นที่ใช้สอย 260 ตารางเมตร
3 ห้องนอน 3 ห้องน้ำ
สระว่ายน้ำ ขนาด 8x4 เมตร ลึก 1.5 เมตร
ห้องครัวแยกไทย-ฝรั่ง สะดวกสบายในการทำอาหาร

📍ทำเลที่ตั้งดีเยี่ยม:
ถนนวงแหวนรอบ 3 300 เมตร
แยกดอนแก้ว 750 เมตร
โรงพยาบาลนครพิงค์ 6 นาที
ศูนย์ราชการ ศาลากลางเชียงใหม่ 11 นาที
รวมโชค 11 นาที
โรงเรียนนวมินทราชูทิศ พายัพ 10 นาที
สนามกีฬา 700 ปี 11 นาที
ศูนย์ประชุมและแสดงสินค้านานาชาติ เชียงใหม่ 13 นาที
รายล้อมด้วยสถานที่ท่องเที่ยวและคาเฟ่ชั้นนำมากมาย

✨บ้านหลังนี้เหมาะสำหรับคุณที่ต้องการความสะดวกสบาย พร้อมทั้งบรรยากาศที่เงียบสงบ และความหรูหราทันสมัยในพื้นที่แม่ริม!

💰ราคาพิเศษเพียง 7.9 ล้านบาท ฟรีค่าโอน

🎈Pool Villa for sale 7.9 Mb. Only 1 Unit! #DonKaew, #MaeRim Conveniently located off the 3rd Ring Road

Land Area 100 sq. wah
Living Space 260 sq. meters
3 Bedrooms | 3 Bathrooms
Swimming Pool 8x4 meters, 1.5 meters deep
Separate Thai and Western Kitchens – Perfect for all your culinary needs
Fully Built-In with Luxurious Furniture

📍Prime Location
3rd Ring Road 300 meters
Don Kaew Intersection 750 meters
Nakornping Hospital 6 minutes
Chiang Mai Provincial Government Center: 11 minutes
Ruamchok 11 minutes
Nawaminthrachinuthit Payap School 10 minutes
700 Years Stadium 11 minutes
Chiang Mai International Exhibition and Convention Centre 13 minutes
Surrounded by top attractions and charming cafes

✨This home is perfect for those seeking convenience, tranquility, and modern luxury in the Mae Rim area!

💰Special Price: Only 7.9 Million THB – Transfer Fee Included!

อยากได้อสังหาโซนไหน สอบถามเข้ามาได้เลย
m.me/northernlandchiangmai
-----------------------------------------------------
ต้องการอสังหาแบบไหนที่ Northern Land Chiangmai
เรามีครบ ครอบคลุม #ทั่วเชียงใหม่ ไม่ว่าจะเป็น
#พูลวิลล่า #บ้านใหม่ #บ้านมือสอง #บ้านเช่า #คอนโด
#อสังหาพร้อมผู้เช่า #หอพัก #อพาร์ทเม้นท์ #ที่ดิน

💖บริการยื่นสินเชื่อทุกธนาคารฟรี ไม่มีค่าใช้จ่าย💖

🔶ยินดีให้คำปรึกษา กู้ได้ทุกอาชีพ พ่อค้าแม่ค้า พนักงานประจำ เจ้าของธุรกิจ

Northern Land Chiangmai ยินดีให้คำปรึกษาทุกกรณี ติดต่อได้ที่ :
🌐 Website : www.habanchiangmai.com
🌐 Website : www.northernlandchiangmai.com
📱 Line : @habanchiangmai หรือ https://lin.ee/netCDYF
💌 YouTube : Northernland&house Chiangmai
💌TIKTOK : @northerland_cnx
❤️Whatsapp : https://wa.me/66859646661
📞 Call : 0869238951 / 0655306944 / 0859646661

#บ้านเชียงใหม่
#บ้านราคาถูกเชียงใหม่
#บ้านมือสองเชียงใหม่
#บ้านสร้างใหม่เชียงใหม่
#บ้านทำเลดีเชียงใหม่
#บ้านพร้อมอยู่เชียงใหม่
#พูลวิลล่าเชียงใหม่
#NorthernlandChiangmai
#อสังหาพร้อมผู้เช่าเชียงใหม่
#บ้านสวยเชียงใหม่
#บ้านพร้อมเฟอร์นิเจอร์เชียงใหม่
#บ้านสวนเชียงใหม่
#NorthernlandandHousechiangmai #Northernland"
https://baan.kaidee.com/product-371042032,"ราคา: 13,850,000
เนื้อที่: 150 ตารางวา | เนื้อที่ 150 ตารางวา | ห้องนอน 4 ห้องนอน | ห้องน้ำ 4 ห้องน้ำ | เฟอร์นิเจอร์ ตกแต่งครบ | ปีที่สร้างเสร็จ 2024 | เป็นทรัพย์รอการขาย ไม่ใช่
พูลวิลล่า ให้เช่าโซนสันกำแพง
https://www.youtube.com/watch?v=MsiDhF0FQHY
🎈ให้เช่า 110,000 บาท/เดือน ขายราคาพิเศษเพียง 13.85 ล้าน บ้าน Pool Villa 🔶150 ตรว. #โซนสันกำแพง #แม่ออน ทำเลดีมาก #เฟอร์นิเจอร์ครบ #พร้อมเข้าอยู่ บิ้วอินทั้งหลัง #เหมาะสำหรับครอบครัว ที่มีเด็ก หรือผู้สูงอายุ เดินทางสะดวก #ซื้ออยู่เองหรือปล่อยเช่าได้

ขนาดที่ดิน 150 ตรว.
พื้นที่ใช้สอย 306 ตรม.
4 ห้องนอน 4 ห้องน้ำ
2 ห้องนั่งเล่นโถงสูง
ห้องครัว
โซนซักล้าง
สระว่ายน้ำใหญ่ ขนาด 3 x 7 เมตร
3 ที่จอดรถ

🆓ของแถมให้แบบจัดเต็ม
แถม เฟอร์นิเจอร์บิ้วอิน
แถม ตู้เย็นใหญ่ 3 ประตู
แถม เครื่องซักผ้าฝาหน้า
แถม เครื่องอบผ้าฝาหน้า
แถม เคาน์เตอร์ครัว ซิ้งค์ เตาแก๊ส ฮู้ด ดูดควัน
แถม โซฟาชุดรับแขกทั้งชุด
แถม ชุดโต๊ะกินข้าว ชุดใหญ่
แถม แอร์ใหญ่ 4 ทิศทาง ขนาด 24,000 btu 2 ตัว
แถม เครื่องทำน้ำร้อน 3 เครื่อง
แถม เครื่องทำน้ำอุ่น 1 เครื่อง
แถม เตาอบ
แถม ไมโครเวฟ
แถม ชุดที่นอนและเตียงขนาดใหญ่ ทั้ง 4 ห้องนอน

🎈Pool Villa house for rent 110,000 baht/month for sale 13.85 Mb. Very good location, #SanKamphaeng zone, #MaeOn. #Fully furnished, ready to move in Built-in throughout

Land size 150 sqw.
usable area 306 sqm.
4 bedrooms 4 bathrooms
2 living rooms, high hall
Kitchen and washing zone
Large swimming pool, size 3 x 7 meters
3 parking spaces

🆓Full set of free gifts.
Free built-in furniture
Free large 3 door refrigerator
Free front loading washing machine
Free front-loading dryer
Free kitchen counter, sink, gas stove, hood, exhaust hood
Free sofa, complete living room set.
Free a large dining table set.
Free 2 large 4-way air conditioners, size 24,000 btu
Free 3 water heaters
Free 1 water heater
Free oven
Free microwave
Free mattress sets and large beds in all 4 bedrooms.

✅ Suitable for families with children or the elderly.
✅ Very good location, convenient to travel.
✅ Do you want to live in it yourself or rent it out?

💵Special price only 13.85 million

泳池别墅出售🏡
土地面积1385平方米，使用面积306平方米，4间卧室，4间浴室，3个停车位。
位置非常好，位于湄安山甘烹区。

特价仅需1385万
家具齐全，可入住整体内置

大型游泳池，尺寸 3 x 7 米
4间卧室
4间浴室
3个停车位
2间客厅，高厅
厨房和洗涤区

🆓 全套免费礼品。
免费内置家具
免费大三门冰箱
免费前置式洗衣机
免费前置式烘干机
免费厨房柜台、水槽、煤气灶、抽油烟机、抽油烟机
免费沙发，客厅全套。
免费赠送大餐桌一套。
免费2台大型四向空调，尺寸24,000 btu
免费3个热水器
免费1个热水器
免费烤箱
免费微波炉
所有4间卧室均提供免费床垫套件和大床。

✅ 适合有小孩或老人的家庭。
✅ 位置非常好，出行方便。
✅ 你想自己住还是出租？

如果有兴趣，您可以询问更多信息。

请联系我们了解更多信息或查看。
欲了解更多信息或安排观看。

💖บริการยื่นสินเชื่อทุกธนาคารฟรี ไม่มีค่าใช้จ่าย💖

🔶เอกสารที่ใช้ยื่นแบงค์สำหรับพนักงานทำงานประจำ
1. สำเนาบัตรประชาชน
2. สำเนาทะเบียนบ้าน
3. สลิปเงินเดือน 3 เดือนล่าสุด (ถ้าเงินเดือนไม่เท่ากันเป๊ะทุกเดือน ขอ 6 เดือนล่าสุด)
4. สเตทเม้นท์ 6 เดือนล่าสุด
5. หนังสือรับรองเงินเดือน (ขอไม่ทันค่อยส่งตามมาทีหลังได้)
**ทุกใบเป็นสำเนา และเซ็นรับรองสำเนาถูกต้อง**

🔶️สำหรับเจ้าของกิจการ
1. สำเนาบัตรประชาชน
2. สำเนาทะเบียนบ้าน
3. บัญชีรายรับรายจ่าย 6 เดือนล่าสุด
4. สเตทเม้นท์ 12 เดือนล่าสุด
5. รูปร้าน ตัวอย่างสินค้า ราคา และตัวอย่างบิลที่ซื้อของ กับใบเสร็จที่ให้ลูกค้า
6. ใบจดทะเบียนพาณิชย์ (ถ้ามีจะกู้ง่ายขึ้น)
7. ภพ.20 ใบเสียภาษี (ถ้าจดบริษัท)

📣สนใจนัดชมสอบถามโทร. 086-9238951 / 065-5306944 Kim

Kim มีบัญชีทางการ LINE แล้ว!
เป็นเพื่อนกับบัญชีนี้กันเถอะ คุณจะได้รับข้อมูลข่าวสารที่เป็นประโยชน์มากมาย แตะลิงก์ด้านล่างเลย https://lin.ee/netCDYF หรือแอดไลน์ @habanchiangmai (มี @ ด้วยนะคะ)

📲ส่งข้อความ + โทรฟรีด้วย WhatsApp
http://api.whatsapp.com/send?phone= 065-5306944
http://api.whatsapp.com/send?phone= 086-9238951

📲ส่งข้อความ + โทรฟรีด้วย WeChat 065-5306944 / 086-9238951

🌐เว็บไซต์บริษัท : https://northernlandandhousechiangmai.com/en

🌐หาบ้าน เชียงใหม่ : https://www.habanchiangmai.com/

🔅เพจหาบ้าน เชียงใหม่ : https://www.facebook.com/HabanHabanchiangmai?mibextid=ZbWKwL

🎯YouTube : https://youtube.com/@northernlandhousechiangmai6664

🎯Instagram : https://instagram.com/northernland.cm?igshid=YmMyMTA2M2Y=

🎯TIKTOK : https://www.tiktok.com/@northerland_cnx?_t=8bwxggLIxlv&_r=1

📣สนใจอสังหาริมทรัพย์อื่นๆ คลิ๊ก
🔶For Sale
https://www.facebook.com/NorthenlandHouse-Chiangmai-1774295549481349/
🔶️For Rent
https://www.facebook.com/Northernland-House-For-Rent-In-Chiangmai-228643327897310/

พูลวิลล่าเชียงใหม่
https://www.facebook.com/profile.php?id=1 0008190772 0597&mibextid=LQQJ4d

ที่ดิน
https://www.facebook.com/profile.php?id=1 0007578119 4500&mibextid=LQQJ4d

ขายคอนโด เชียงใหม่
https://www.facebook.com/profile.php?id=1 0007605377 7727&mibextid=LQQJ4d

หอพัก
https://www.facebook.com/profile.php?id=1 0008662050 9112&mibextid=LQQJ4d

อสังหาริมทรัพย์พร้อมผู้เช่า
https://www.facebook.com/profile.php?id=1 0007585654 6688&mibextid=LQQJ4d

#บ้านเชียงใหม่
#บ้านราคาถูกเชียงใหม่
#บ้านมือสองเชียงใหม่
#บ้านสร้างใหม่เชียงใหม่
#บ้านทำเลดีเชียงใหม่
#บ้านพร้อมอยู่เชียงใหม่
#พูลวิลล่าเชียงใหม่
#NorthernlandChiangmai
#อสังหาพร้อมผู้เช่าเชียงใหม่
#บ้านสวยเชียงใหม่
#บ้านพร้อมเฟอร์นิเจอร์เชียงใหม่
#บ้านสวนเชียงใหม่
#NorthernlandandHousechiangmai #Northernland"
https://baan.kaidee.com/product-371042169,"ราคา: 7,900,000
เนื้อที่: 52 ตารางวา | เนื้อที่ 52 ตารางวา | ห้องนอน 4 ห้องนอน | ห้องน้ำ 3 ห้องน้ำ | ผู้พัฒนา/เจ้าของโครงการ อื่นๆ | เฟอร์นิเจอร์ ไม่มี | ปีที่สร้างเสร็จ 2025 | เป็นทรัพย์รอการขาย ไม่ใช่
ขายบ้านพูลวิลล่า Lux Modern ใจกลางเมืองเชียงใหม่
บ้าน 2 ชั้น ออกแบบสวยงาม เรียบหรูทันสมัย
📍 ทำเลศักยภาพ ต.สุเทพ อ.เมืองเชียงใหม่
• ใกล้สนามบินเชียงใหม่ เดินทางเพียง 5 นาที
• ใกล้มหาวิทยาลัยเชียงใหม่
• ใกล้โรบินสันและสิ่งอำนวยความสะดวกอื่นๆ

รายละเอียดบ้าน
• พื้นที่ดินเริ่มต้น 52 ตร.วา
• พื้นที่ใช้สอย 282 ตร.ม.
• 4 ห้องนอน
• 3 ห้องน้ำ พร้อมเครื่องทำน้ำอุ่นครบทุกห้อง
• 3 ที่จอดรถ
• ห้องครัวสไตล์โมเดิร์น มาพร้อมเคาน์เตอร์ครัว เตา และที่ดูดควัน
• ห้องนั่งเล่น Double Space เพดานสูง 7 เมตรโปร่งโล่งสบาย
• สระว่ายน้ำส่วนตัวขนาด 4.5 x 3 เมตร

✨ ราคาเริ่มต้นเพียง 7.9 ล้านบาท ✨

ฟรีของแถมสิทธิพิเศษสำหรับลูกค้า
• ฟรี! ค่าโอนกรรมสิทธิ์
• ฟรี! แอร์ 5 เครื่อง
• ฟรี! ปั้มน้ำ และแท้งน้ำ
• ฟรี! ปูหญ้า เพิ่มพื้นที่สีเขียวรอบบ้าน
• ฟรี! ระบบกำจัดปลวก
• ฟรี! ประตูรีโมท และดิจิตอล Door Lock

สนใจสอบถามข้อมูลเพิ่มเติม หรือเข้าชมบ้านตัวอย่าง พิกัด ตำบล สุเทพ เมือง เชียงใหม่"
https://baan.kaidee.com/product-371045130,"ราคา: 5,000,000
เนื้อที่: 3.5 ไร่ | เนื้อที่ 3.5 ไร่
ที่ดินถมแล้ว
ที่ดินถมแล้ว น้ำ ไฟ พร้อม สร้างบ้าน ติดถนนหมู่บ้านเข้า ออก ได้หลายทาง"
https://baan.kaidee.com/product-371045287,"ราคา: 2,990,000
เนื้อที่: 24.8 | ห้องนอน 3 ห้องนอน | ห้องน้ำ 3 ห้องน้ำ | เนื้อที่ 24.8 | ผู้พัฒนา/เจ้าของโครงการ อื่นๆ | เฟอร์นิเจอร์ ไม่มี | ปีที่สร้างเสร็จ 2025 | เป็นทรัพย์รอการขาย ไม่ใช่
ทาวน์โฮมมินิมอล
Title:
ทาวน์โฮมเชียงใหม่ 2 ชั้น Monotown Mini ฟังก์ชัน 3 นอน 3 น้ำ พร้อมคลับเฮาส์สิ่งอำนวยความสะดวกครบ

รายละเอียด:

โครงการ Monotown Mini ทาวน์โฮมเชียงใหม่ ที่ออกแบบให้ทุกพื้นที่เป็นสเปซสำหรับครอบครัวคนรุ่นใหม่ พอดีกับการเริ่มต้นชีวิต บนทำเลที่ใกล้ Meta Mall เพียง 5 นาที และยังเชื่อมทะลุได้หลายเส้นทาง ทั้งโซนเซ็นทรัลเฟสติวัล, โซนมหาวิทยาลัยพายัพ, โซนท่ารั้ว และสันกำแพงสายเก่า

ฟังก์ชันลงตัวกับทุกไลฟ์สไตล์ พื้นที่ใช้สอย 150 ตารางเมตร 3 ห้องนอน 3 ห้องน้ำ 1 พื้นที่นั่งเล่น และ 1 พื้นที่ครัว พร้อมดีไซน์คอร์ตยาร์ดไว้ใจกลางบ้าน ช่วยสร้างบรรยากาศบ้านให้ดูโปร่งโล่ง รับลมและแสงธรรมชาติได้ตลอดทั้งวัน

สิ่งอำนวยความสะดวกภายในโครงการ Monotown Mini
• คลับเฮาส์สไตล์โมเดิร์นสุดโดดเด่น
• สระว่ายน้ำ ระบบน้ำเกลือ
• ฟิตเนส อุปกรณ์ออกกำลังกายครบครัน
• เลานจ์, ห้องดูหนัง, มินิบาร์ รองรับการพบปะสังสรรค์
• สวนสาธารณะพร้อมเส้นทางเดินเล่นเลียบธารน้ำ
• สนามบาสเกตบอล ล้อมรอบด้วยวิวธรรมชาติ
• ระบบรักษาความปลอดภัยตลอด 24 ชั่วโมง

ทาวน์โฮมเชียงใหม่ Monotown Mini
นัดชมโครงการได้ทุกวัน / สอบถามเพิ่มเติม
✹ ID Line : @spaceandco
✹ โทร: 088 259 1798"
https://baan.kaidee.com/product-371045296,"ราคา: 4,990,000
เนื้อที่: 50 | ห้องนอน 4 ห้องนอน | ห้องน้ำ 3 ห้องน้ำ | เนื้อที่ 50 | ผู้พัฒนา/เจ้าของโครงการ อื่นๆ | เฟอร์นิเจอร์ ไม่มี | ปีที่สร้างเสร็จ 2025 | เป็นทรัพย์รอการขาย ไม่ใช่
บ้านเดี่ยว สไตทมินิมอล
บ้านเดี่ยว HOLM2

Title:
บ้านเดี่ยวเชียงใหม่ โครงการ HOLM 2 ใกล้เซ็นทรัลเฟสติวัล 4 ห้องนอน พร้อมคอร์ตยาร์ดใจกลางบ้าน

รายละเอียด:
บ้านเดี่ยวเชียงใหม่พร้อมอยู่ โครงการ HOLM 2 - สันพระเนตร แนวคิดการออกแบบที่เข้าใจทุกครอบครัว ดีไซน์สไตล์โมเดิร์นที่เชื่อมโยงธรรมชาติเข้ามาใกล้ชิดกับการอยู่อาศัย พร้อมให้คุณใช้ชีวิตที่สะดวกสบายใกล้ Meta Mall 5 นาที และ เซ็นทรัลเฟสติวัล 10 นาที

แบบบ้านเดี่ยว 2 ชั้น เพียง 31 ยูนิต ในโครงการสังคมคุณภาพที่มีความเป็นส่วนตัว ภายในมีพื้นที่ใช้สอยกว้าง 200 ตร.ม. พร้อมคอร์ตยาร์ดใจกลางบ้าน แชร์ความร่มรื่น เปิดรับลมและแสงธรรมชาติเข้าสู่พื้นที่ Living ตลอดวัน ภายนอกมีพื้นที่สวนรอบบ้านรองรับหลากหลายกิจกรรมนอกบ้าน ฟังก์ชัน 4 ห้องนอน, 3 ห้องน้ำ, 1 ห้องครัวปิด และที่จอดรถยนต์ 3 คัน

สิ่งอำนวยความสะดวกภายในโครงการโฮล์ม 2
• คลับเฮาส์สไตล์โมเดิร์นสุดโดดเด่น
• สระว่ายน้ำ ระบบน้ำเกลือ
• ฟิตเนส อุปกรณ์ออกกำลังกายครบครัน
• เลานจ์, ห้องดูหนัง, มินิบาร์ รองรับการพบปะสังสรรค์
• สวนสาธารณะพร้อมเส้นทางเดินเล่นเลียบธารน้ำ
• สนามบาสเกตบอล ล้อมรอบด้วยวิวธรรมชาติ
• ระบบรักษาความปลอดภัยตลอด 24 ชั่วโมง

บ้านเดี่ยวเชียงใหม่พร้อมอยู่ HOLM 2
โซนถนนเมน-หน้าโครงการ ยูนิตพิเศษ ราคา 4.99 ล้านบาท*
นัดชมโครงการได้ทุกวัน / สอบถามเพิ่มเติม
✹ ID Line : @spaceandco
✹ โทร: 088 259 1798"
https://baan.kaidee.com/product-371046481,"ราคา: 32,000
เนื้อที่: 60 ตารางวา | ห้องนอน 3 ห้องนอน | ห้องน้ำ 3 ห้องน้ำ | เนื้อที่ 60 ตารางวา | เฟอร์นิเจอร์ ตกแต่งครบ
บ้านให้เช่าพร้อมอยู่ — บ้านใหม่ย่านวัดท่าหลุก–ฟ้าฮ่าม
านนอกโครงการในเมืองเชียงใหม่ เงียบสงบ ส่วนตัว วิวดอยสุเทพ
เหมาะกับคนที่อยากได้บ้านพักบรรยากาศดี อยู่ใกล้เมืองแต่ไม่วุ่นวาย

✨ บ้านรีโนเวทใหม่ทั้งหลัง ไม่เคยปล่อยเช่ามาก่อน
พื้นที่ใช้สอย 150 ตร.ม. | ที่ดิน 60 ตร.วา
3 ห้องนอน 3 ห้องน้ำ
มีสวนญี่ปุ่น ระบบรดน้ำอัตโนมัติ และรั้วสูง 3 เมตร

✅ เฟอร์นิเจอร์ครบ หิ้วกระเป๋าเข้าอยู่ได้เลย
ทีวี 55 นิ้ว / แอร์ 4 / เครื่องซักผ้า / เตาไฟฟ้า / ตู้เย็น / ไมโครเวฟ ฯลฯ

💰 ค่าเช่า 32,000 บาท/เดือน
รวมแม่บ้าน ดูแลสวน อินเทอร์เน็ต
🚫 ไม่รับสัตว์เลี้ยง / ไม่สูบบุหรี่

📍 ใกล้ตลาดบ้านท่อ, เซ็นทรัลเฟส, รพ.ลานนา, ม.พายัพ

สนใจนัดดูติดต่อ
Tel: 061-4494297 (Mike)
LINE: @864pdamh

#บ้านเช่าเชียงใหม่ #BCM0015"
https://baan.kaidee.com/product-371046516,"ราคา: 4,800,000
เนื้อที่: 121 ตารางวา | เนื้อที่ 121 ตารางวา | ห้องนอน 3 ห้องนอน | ห้องน้ำ 3 ห้องน้ำ | เฟอร์นิเจอร์ ไม่มี | ปีที่สร้างเสร็จ 2024 | เป็นทรัพย์รอการขาย ไม่ใช่
บ้านสไตล์ญี่ปุ่น 4.8 ลบ.
🎈 #บ้านสไตล์ญี่ปุ่น #โซนดอยสะเก็ด ราคาพิเศษ 4.8 ลบ.✨บ้าน Standard #ไม่มีเฟอร์นิเจอร์ ระบบ Smart Home ทั้งหลัง

เนื้อที่ 121 ตร.ว.
พื้นที่ใช้สอย 170 ตร.ม.
3 ห้องนอน | 3 ห้องน้ำ
1 ห้องครัว | 1 ห้องรับแขก | 1 ห้องเก็บของ
ที่จอดรถ 2–4 คัน

📌 สถานที่ใกล้เคียง
ตลาดท่ารั้ว – 5 นาที
Ruamchok Mall – 15 นาที
Rimping Supermarket – 15 นาที
Central Festival – 18 นาที
Bangkok Hospital – 18 นาที

#Japanese Style House – #DoiSaket Zone
✨ Special Promotion: 4.8 MB

Land size: 121 sq.wah
Living area: 170 sq.m.
3 Bedrooms | 3 Bathrooms
1 Kitchen | 1 Living room | 1 Storage room
Parking for 2–4 cars

Standard unit (#unfurnished)
#Full Smart Home system included

📌 Nearby places:
Tha Rua Market – 5 mins
Ruamchok Mall – 15 mins
Rimping Supermarket – 15 mins
Central Festival – 18 mins
Bangkok Hospital – 18 mins

อยากได้อสังหาโซนไหน สอบถามเข้ามาได้เลย

ต้องการอสังหาแบบไหนที่ Northern Land Chiangmai เรามีครบ ครอบคลุม #ทั่วเชียงใหม่ ไม่ว่าจะเป็น
#พูลวิลล่า #บ้านใหม่ #บ้านมือสอง #บ้านเช่า #คอนโด #อสังหาพร้อมผู้เช่า #หอพัก #อพาร์ทเม้นท์ #ที่ดิน

✅รับจัดหาบ้าน, ที่ดิน, คอนโด, อสังหาริมทรัพย์ทั่วเชียงใหม่
✅บริการยื่นสินเชื่อทุกธนาคารฟรี ไม่มีค่าใช้จ่าย
✅ยื่นสินเชื่อที่อื่นไม่ผ่านรับดูแลต่อ พร้อมให้คำแนะนำ
✅ทำการตลาด สื่อ โฆษณา
✅เช็คเครดิตบูโร ฟรี

👍นัดชมได้ทุกวันไม่มีวันหยุด
📲 Line ID : @habanchiangmai หรือ https://lin.ee/netCDYF
หรือสอบถามเพิ่มเติมโทร 📞 086-9238951 / 065-5306944 / 085-9646661
✨ยินดีพาชม และให้คำปรึกษาด้านสินเชื่อ ฟรี

🌐เว็บไซต์บริษัท : https://northernlandandhousechiangmai.com/en

🌐หาบ้าน เชียงใหม่ : https://www.habanchiangmai.com/

🔅เพจหาบ้าน เชียงใหม่ : https://www.facebook.com/HabanHabanchiangmai?mibextid=ZbWKwL

🎯YouTube : https://youtube.com/@northernlandhousechiangmai6664

🎯Instagram : https://instagram.com/northernland.cm?igshid=YmMyMTA2M2Y=

🎯TIKTOK : https://www.tiktok.com/@northerland_cnx?_t=8bwxggLIxlv&_r=1

📣สนใจอสังหาริมทรัพย์อื่นๆ คลิ๊ก
🔶For Sale
https://www.facebook.com/NorthenlandHouse-Chiangmai-1774295549481349/
🔶️For Rent
https://www.facebook.com/Northernland-House-For-Rent-In-Chiangmai-228643327897310/

พูลวิลล่าเชียงใหม่
https://www.facebook.com/profile.php?id=1 0008190772 0597&mibextid=LQQJ4d

ที่ดิน
https://www.facebook.com/profile.php?id=1 0007578119 4500&mibextid=LQQJ4d

ขายคอนโด เชียงใหม่
https://www.facebook.com/profile.php?id=1 0007605377 7727&mibextid=LQQJ4d

หอพัก
https://www.facebook.com/profile.php?id=1 0008662050 9112&mibextid=LQQJ4d

อสังหาริมทรัพย์พร้อมผู้เช่า
https://www.facebook.com/profile.php?id=1 0007585654 6688&mibextid=LQQJ4d

#บ้านเชียงใหม่
#บ้านราคาถูกเชียงใหม่
#บ้านมือสองเชียงใหม่
#บ้านสร้างใหม่เชียงใหม่
#บ้านทำเลดีเชียงใหม่
#บ้านพร้อมอยู่เชียงใหม่
#พูลวิลล่าเชียงใหม่
#NorthernlandChiangmai
#อสังหาพร้อมผู้เช่าเชียงใหม่
#บ้านสวยเชียงใหม่
#บ้านพร้อมเฟอร์นิเจอร์เชียงใหม่
#บ้านสวนเชียงใหม่
#NorthernlandandHousechiangmai #Northernland"
https://baan.kaidee.com/product-371046528,"ราคา: 45,000
เนื้อที่: 126 ตารางวา | เนื้อที่ 126 ตารางวา | ห้องนอน 3 ห้องนอน | ห้องน้ำ 3 ห้องน้ำ | เฟอร์นิเจอร์ ตกแต่งครบ | ปีที่สร้างเสร็จ 2024 | เป็นทรัพย์รอการขาย ไม่ใช่
บ้านสไตล์ญี่ปุ่นให้เช่า เดือนละ 45,000 บาท (บ้านว่าง 1 พ.ย.68)
🎈ให้เช่า 45,000 บาท/เดือน (บ้านว่าง 1 พ.ย. 68) #บ้านสไตล์ญี่ปุ่น #โซนดอยสะเก็ด พร้อมสวนส่วนตัวและระบบ Smart Home ที่คุณจะหลงรัก✨ ใกล้เมือง #น้ำไม่ท่วม ออกแบบเพื่อความสงบ เรียบง่าย และลงตัวในทุกวัน

บนที่ดิน 126 ตร.ว.
พื้นที่ใช้สอยเริ่มต้น 170 ตร.ม.
3 ห้องนอน | 3 ห้องน้ำ
ที่จอดรถ 2–4 คัน

📍ที่ตั้ง: ต.สันปูเลย อ.ดอยสะเก็ด จ.เชียงใหม่

📌สถานที่ใกล้เคียง
ตลาดท่ารั้ว – 5 นาที
รวมโชคมอลล์ – 15 นาที
ริมปิงซุปเปอร์มาร์เก็ต – 15 นาที
เซ็นทรัลเฟสติวัล – 18 นาที
รพ.กรุงเทพ – 18 นาที

💸ให้เช่า 45,000 บาท/เดือน

🎈For rent: 45,000 baht/month (House available Nov 1, 2025) #Japanese-style house in #DoiSaket area with a private garden and Smart Home system you'll love✨ Close to the city, #floodproof, designed for peace, simplicity, and perfection every day.

Land area: 126 sq.wah
Living space starting at 170 sq.m.
3 bedrooms | 3 bathrooms
Parking for 2-4 cars

📍Location: San Pu Loei Subdistrict, Doi Saket District, Chiang Mai Province

📌Nearby places:
Tha Ruea Market - 5 minutes
Ruamchok Mall - 15 minutes
Rimping Supermarket - 15 minutes
Central Festival - 18 minutes
Bangkok Hospital - 18 minutes

💸For rent: 45,000 baht/month

อยากได้อสังหาโซนไหน สอบถามเข้ามาได้เลย

ต้องการอสังหาแบบไหนที่ Northern Land Chiangmai เรามีครบ ครอบคลุม #ทั่วเชียงใหม่ ไม่ว่าจะเป็น
#พูลวิลล่า #บ้านใหม่ #บ้านมือสอง #บ้านเช่า #คอนโด #อสังหาพร้อมผู้เช่า #หอพัก #อพาร์ทเม้นท์ #ที่ดิน

✅รับจัดหาบ้าน, ที่ดิน, คอนโด, อสังหาริมทรัพย์ทั่วเชียงใหม่
✅บริการยื่นสินเชื่อทุกธนาคารฟรี ไม่มีค่าใช้จ่าย
✅ยื่นสินเชื่อที่อื่นไม่ผ่านรับดูแลต่อ พร้อมให้คำแนะนำ
✅ทำการตลาด สื่อ โฆษณา
✅เช็คเครดิตบูโร ฟรี

👍นัดชมได้ทุกวันไม่มีวันหยุด
📲 Line ID : @habanchiangmai หรือ https://lin.ee/netCDYF
หรือสอบถามเพิ่มเติมโทร 📞 086-9238951 / 065-5306944 / 085-9646661
✨ยินดีพาชม และให้คำปรึกษาด้านสินเชื่อ ฟรี

🌐เว็บไซต์บริษัท : https://northernlandandhousechiangmai.com/en

🌐หาบ้าน เชียงใหม่ : https://www.habanchiangmai.com/

🔅เพจหาบ้าน เชียงใหม่ : https://www.facebook.com/HabanHabanchiangmai?mibextid=ZbWKwL

🎯YouTube : https://youtube.com/@northernlandhousechiangmai6664

🎯Instagram : https://instagram.com/northernland.cm?igshid=YmMyMTA2M2Y=

🎯TIKTOK : https://www.tiktok.com/@northerland_cnx?_t=8bwxggLIxlv&_r=1

📣สนใจอสังหาริมทรัพย์อื่นๆ คลิ๊ก
🔶For Sale
https://www.facebook.com/NorthenlandHouse-Chiangmai-1774295549481349/
🔶️For Rent
https://www.facebook.com/Northernland-House-For-Rent-In-Chiangmai-228643327897310/

พูลวิลล่าเชียงใหม่
https://www.facebook.com/profile.php?id=1 0008190772 0597&mibextid=LQQJ4d

ที่ดิน
https://www.facebook.com/profile.php?id=1 0007578119 4500&mibextid=LQQJ4d

ขายคอนโด เชียงใหม่
https://www.facebook.com/profile.php?id=1 0007605377 7727&mibextid=LQQJ4d

หอพัก
https://www.facebook.com/profile.php?id=1 0008662050 9112&mibextid=LQQJ4d

อสังหาริมทรัพย์พร้อมผู้เช่า
https://www.facebook.com/profile.php?id=1 0007585654 6688&mibextid=LQQJ4d

#บ้านเชียงใหม่
#บ้านราคาถูกเชียงใหม่
#บ้านมือสองเชียงใหม่
#บ้านสร้างใหม่เชียงใหม่
#บ้านทำเลดีเชียงใหม่
#บ้านพร้อมอยู่เชียงใหม่
#พูลวิลล่าเชียงใหม่
#NorthernlandChiangmai
#อสังหาพร้อมผู้เช่าเชียงใหม่
#บ้านสวยเชียงใหม่
#บ้านพร้อมเฟอร์นิเจอร์เชียงใหม่
#บ้านสวนเชียงใหม่
#NorthernlandandHousechiangmai #Northernland"
https://baan.kaidee.com/product-371046536,"ราคา: 2,520,000
เนื้อที่: 52 ตารางวา | เนื้อที่ 52 ตารางวา | ห้องนอน 3 ห้องนอน | ห้องน้ำ 2 ห้องน้ำ | เฟอร์นิเจอร์ มีบางส่วน | ปีที่สร้างเสร็จ 2024 | เป็นทรัพย์รอการขาย ไม่ใช่
บ้านขายต่ำกว่าราคาประเมินเพียง 2.52 ลบ. หรือเช่าราคาเพียงเดือนละ 12,500 บาท
🎈 #ขายต่ำกว่าราคาประเมิน เจ้าของขายเอง เพียง 2.52 ล้าน ให้เช่า 12,500 บาท/เดือน #โซนสันทราย #ม.รุ่งเรือง บ้านชั้นเดียวสวย ทำเลดี #ใกล้มีโชคพลาซ่า #รับสัตว์เลี้ยง #รับปรึกษาฟรีบริการยื่นสินเชื่อธนาคาร

ที่ดิน 52 ตรวา
3 ห้องนอน 2 ห้องน้ำ
1 ห้องครัว
1 ที่จอดรถ

💸ขายเพียง 2.52 ล.เท่านั้น
💸ค่าเช่า: เดือนละ 12,500 บาท

🔐เงื่อนไขประกัน:
มัดจำ 2 เดือน + ล่วงหน้า 1 เดือน
หากเลี้ยงสัตว์ มัดจำ 3 เดือน

🎈Second house for rent 12,500 baht/month 🔶️For sale 2.52 Mb. #RungRuang Village located #Nongjom #SanSai District Near #MeeChoakPlaza

Area 52 sqw.
3 bedrooms 2 bathrooms
1 Kitchen room
2 air conditioners
1 car parking space

💸For sale: only 2.52 million baht
💸Rental: 12,500 baht per month

🔐Security:
2 months' deposit + 1 month's advance payment
If you have pets, a 3-month deposit is required.

🔶️Information more please contact 086-9238951 / 065-5306944 Kim
🔶️Email:kim27sumsik@gmail.com

💖บริการยื่นสินเชื่อทุกธนาคารฟรี ไม่มีค่าใช้จ่าย💖

🔶เอกสารที่ใช้ยื่นแบงค์สำหรับพนักงานทำงานประจำ
1. สำเนาบัตรประชาชน
2. สำเนาทะเบียนบ้าน
3. สลิปเงินเดือน 3 เดือนล่าสุด (ถ้าเงินเดือนไม่เท่ากันเป๊ะทุกเดือน ขอ 6 เดือนล่าสุด)
4. สเตทเม้นท์ 6 เดือนล่าสุด
5. หนังสือรับรองเงินเดือน (ขอไม่ทันค่อยส่งตามมาทีหลังได้)
**ทุกใบเป็นสำเนา และเซ็นรับรองสำเนาถูกต้อง**

🔶️สำหรับเจ้าของกิจการ
1. สำเนาบัตรประชาชน
2. สำเนาทะเบียนบ้าน
3. บัญชีรายรับรายจ่าย 6 เดือนล่าสุด
4. สเตทเม้นท์ 12 เดือนล่าสุด
5. รูปร้าน ตัวอย่างสินค้า ราคา และตัวอย่างบิลที่ซื้อของ กับใบเสร็จที่ให้ลูกค้า
6. ใบจดทะเบียนพาณิชย์ (ถ้ามีจะกู้ง่ายขึ้น)
7. ภพ.20 ใบเสียภาษี (ถ้าจดบริษัท)

📣สนใจนัดชมสอบถามโทร. 086-9238951 / 065-5306944 Kim

Kim มีบัญชีทางการ LINE แล้ว!
เป็นเพื่อนกับบัญชีนี้กันเถอะ คุณจะได้รับข้อมูลข่าวสารที่เป็นประโยชน์มากมาย แตะลิงก์ด้านล่างเลย https://lin.ee/netCDYF หรือแอดไลน์ @habanchiangmai (มี @ ด้วยนะคะ)

📲ส่งข้อความ + โทรฟรีด้วย WhatsApp
https://wa.me/66859646661

📲ส่งข้อความ + โทรฟรีด้วย WeChat 065-5306944 / 086-9238951

🎯YouTube : https://youtube.com/@northernlandhousechiangmai6664

🎯Instagram : https://instagram.com/northernland.cm?igshid=YmMyMTA2M2Y=

🎯TIKTOK : https://www.tiktok.com/@northerland_cnx?_t=8bwxggLIxlv&_r=1

📣สนใจอสังหาริมทรัพย์อื่นๆ คลิ๊ก
🔶For Sale
https://www.facebook.com/NorthenlandHouse-Chiangmai-1774295549481349/
🔶️For Rent
https://www.facebook.com/Northernland-House-For-Rent-In-Chiangmai-228643327897310/

#บ้านเชียงใหม่
#บ้านราคาถูกเชียงใหม่
#บ้านมือสองเชียงใหม่
#บ้านสร้างใหม่เชียงใหม่
#บ้านทำเลดีเชียงใหม่
#บ้านพร้อมอยู่เชียงใหม่
#พูลวิลล่าเชียงใหม่
#NorthernlandChiangmai
#อสังหาพร้อมผู้เช่าเชียงใหม่
#บ้านสวยเชียงใหม่
#บ้านพร้อมเฟอร์นิเจอร์เชียงใหม่
#บ้านสวนเชียงใหม่
#NorthernlandandHousechiangmai #Northernland"
https://baan.kaidee.com/product-371046550,"ราคา: 2,590,000
เนื้อที่: 25 ตารางวา | เนื้อที่ 25 ตารางวา | ห้องนอน 2 ห้องนอน | ห้องน้ำ 2 ห้องน้ำ | เฟอร์นิเจอร์ ตกแต่งครบ | ปีที่สร้างเสร็จ 2024 | เป็นทรัพย์รอการขาย ไม่ใช่
บ้านญี่ปุ่นสไตล์มินิมอล ชั้นเดียวเพียง 2.59 ล้านบาท ใกล้สนามบิน
🎈 #โซนแม่เหียะ #รับนายหน้า ให้เช่า 20,000 บาท 🔶ขาย 2.59 ล้าน #บ้านญี่ปุ่น #สไตล์มินิมอล #หลังตลาดแม่เหียะ บ้านชั้นเดียว #อำเภอเมือง #ใกล้สารสาสน์วิเทศล้านนา #ใกล้บิ๊กซีแม่เหียะ ไป #สนามบิน 14 นาทีเท่านั้น

เนื้อที่ 25 ตรว.
2 ห้องนอน 2 ห้องน้ำ
โถงกว้าง
1 ห้องครัว
1 ที่จอดรถ
3 แอร์ 2 เครื่องทำน้ำอุ่น
2 เตียง 2 ตู้เสื้อผ้า 2 โต๊ะเครื่องแป้ง
1 โต๊ะทานข้าว
1 ตู้เย็น
1 เครื่องซักผ้า

💵ให้เช่า 20,000 บาท/เดือน
💵ขาย 2.59 ล้านบาท (พร้อมเฟอร์นิเจอร์ครบ)

📍พิกัด : https://maps.app.goo.gl/PBw1X1WnVPsKaNLM9

For rent 20,000 baht/month 🔶For sale 2.59 Mb. 🔶25 sqw. One-story house #Muang District #Japanese house #Minimalist style #fully furnished Near #Sarasas Witaed Lanna Near #BigC Maehia to #Airport only 14 minutes.

Area 25 sqw.
2 bedrooms, 2 bathrooms
wide hall
kitchen
Parking
3 Airs 2 hot shower
2 beds set full in bedrooms
1 dining table
1 sofa
1 refrigerator
1 washing machine

💵For rent 20,000 baht/month
💵Selling for 2.59 million baht (fully furnished)

อยากได้อสังหาโซนไหน สอบถามเข้ามาได้เลย

ต้องการอสังหาแบบไหนที่ Northern Land Chiangmai เรามีครบ ครอบคลุม #ทั่วเชียงใหม่ ไม่ว่าจะเป็น
#พูลวิลล่า #บ้านใหม่ #บ้านมือสอง #บ้านเช่า #คอนโด #อสังหาพร้อมผู้เช่า #หอพัก #อพาร์ทเม้นท์ #ที่ดิน

✅รับจัดหาบ้าน, ที่ดิน, คอนโด, อสังหาริมทรัพย์ทั่วเชียงใหม่
✅บริการยื่นสินเชื่อทุกธนาคารฟรี ไม่มีค่าใช้จ่าย
✅ยื่นสินเชื่อที่อื่นไม่ผ่านรับดูแลต่อ พร้อมให้คำแนะนำ
✅ทำการตลาด สื่อ โฆษณา
✅เช็คเครดิตบูโร ฟรี

👍นัดชมได้ทุกวันไม่มีวันหยุด
📲 Line ID : @habanchiangmai หรือ https://lin.ee/netCDYF
หรือสอบถามเพิ่มเติมโทร 📞 086-9238951 / 065-5306944 / 085-9646661
✨ยินดีพาชม และให้คำปรึกษาด้านสินเชื่อ ฟรี

🌐เว็บไซต์บริษัท : https://northernlandandhousechiangmai.com/en

🌐หาบ้าน เชียงใหม่ : https://www.habanchiangmai.com/

🔅เพจหาบ้าน เชียงใหม่ : https://www.facebook.com/HabanHabanchiangmai?mibextid=ZbWKwL

🎯YouTube : https://youtube.com/@northernlandhousechiangmai6664

🎯Instagram : https://instagram.com/northernland.cm?igshid=YmMyMTA2M2Y=

🎯TIKTOK : https://www.tiktok.com/@northerland_cnx?_t=8bwxggLIxlv&_r=1

📣สนใจอสังหาริมทรัพย์อื่นๆ คลิ๊ก
🔶For Sale
https://www.facebook.com/NorthenlandHouse-Chiangmai-1774295549481349/
🔶️For Rent
https://www.facebook.com/Northernland-House-For-Rent-In-Chiangmai-228643327897310/

พูลวิลล่าเชียงใหม่
https://www.facebook.com/profile.php?id=1 0008190772 0597&mibextid=LQQJ4d

ที่ดิน
https://www.facebook.com/profile.php?id=1 0007578119 4500&mibextid=LQQJ4d

ขายคอนโด เชียงใหม่
https://www.facebook.com/profile.php?id=1 0007605377 7727&mibextid=LQQJ4d

หอพัก
https://www.facebook.com/profile.php?id=1 0008662050 9112&mibextid=LQQJ4d

อสังหาริมทรัพย์พร้อมผู้เช่า
https://www.facebook.com/profile.php?id=1 0007585654 6688&mibextid=LQQJ4d"
https://baan.kaidee.com/product-371046585,"ราคา: 4,800,000
เนื้อที่: 58 ตารางวา | เนื้อที่ 58 ตารางวา | ห้องนอน 3 ห้องนอน | ห้องน้ำ 3 ห้องน้ำ | เฟอร์นิเจอร์ ตกแต่งครบ | ปีที่สร้างเสร็จ 2024 | เป็นทรัพย์รอการขาย ไม่ใช่
บ้านโซนแม่โจ้ขายหรือให้เช่า ราคาเพียง 4.8 ลบ. ราคาเช่าเดือนละ 30,000 บาท
🎈 #โซนแม่โจ้ – #สันทราย ให้เช่า 30,000 บาท/เดือน 🔶ขาย 4.8 ล้าน บ้านเดี่ยวหลังใหญ่ 2 ชั้น #สไตล์นอร์ดิก ตกแต่งสวย บิ้วอินทั้งหลัง บรรยากาศอบอุ่น เรียบหรู พร้อม #เฟอร์นิเจอร์ครบ เข้าอยู่ได้ทันที

บนพื้นที่ 58 ตรว.
พื้นที่ใช้สอย 200 ตร.ม.
3 ห้องนอน 3 ห้องน้ำ
1 ห้องทำงาน
ที่จอดรถ 2 คัน

แอร์ 5 เครื่อง
ทีวี 2 เครื่อง
ตู้เย็น 14.5 คิว
ไมโครเวฟ / เตาไฟฟ้า

🏘 สิ่งอำนวยความสะดวกในโครงการ
สระว่ายน้ำ
ฟิตเนส
รปภ. 24 ชม.
สวนสาธารณะ

💰 ให้เช่า 30,000 บาท/เดือน
🔸 ประกันเฟอร์นิเจอร์ 2 เดือน
🔸 ค่าเช่าล่วงหน้า 1 เดือน
💵 รวม 90,000 บาท เข้าอยู่ได้เลย

🎈For rent 30,000 baht/month 🔶For sale 4.8 Mb. in #Maejo – #Sansai. A large 2-story detached house in #Nordic style, beautifully decorated with built-ins throughout. A warm and elegant atmosphere. #Fully furnished and #ready to move in.

Located on a 58 sqw.
Usable area: 200 sqm.
3 bedrooms, 3 bathrooms
1 office
Parking for 2 cars

5 air conditioners
2 TVs
14.5 cu. ft. refrigerator
Microwave/electric stove

🏘 Project amenities:
Swimming pool
Fitness center
24-hour security
Parking

💰 For rent: 30,000 baht/month
🔸 2 months' furniture deposit
🔸 1 month's rent in advance
💵 Total: 90,000 baht. Ready to move in.

อยากได้อสังหาโซนไหน สอบถามเข้ามาได้เลย
m.me/northernlandchiangmai
-----------------------------------------------------
ต้องการอสังหาแบบไหนที่ Northern Land Chiangmai
เรามีครบ ครอบคลุม #ทั่วเชียงใหม่ ไม่ว่าจะเป็น
#พูลวิลล่า #บ้านใหม่ #บ้านมือสอง #บ้านเช่า #คอนโด
#อสังหาพร้อมผู้เช่า #หอพัก #อพาร์ทเม้นท์ #ที่ดิน

💖บริการยื่นสินเชื่อทุกธนาคารฟรี ไม่มีค่าใช้จ่าย💖

🔶ยินดีให้คำปรึกษา กู้ได้ทุกอาชีพ พ่อค้าแม่ค้า พนักงานประจำ เจ้าของธุรกิจ

Northern Land Chiangmai ยินดีให้คำปรึกษาทุกกรณี ติดต่อได้ที่ :
🌐 Website : www.habanchiangmai.com
🌐 Website : www.northernlandchiangmai.com
📱 Line : @habanchiangmai หรือ https://lin.ee/netCDYF
💌 YouTube : Northernland&house Chiangmai
💌TIKTOK : @northerland_cnx
❤️Whatsapp : https://wa.me/66859646661
📞 Call : 0869238951 / 0655306944 / 0859646661

#บ้านเชียงใหม่
#บ้านราคาถูกเชียงใหม่
#บ้านมือสองเชียงใหม่
#บ้านสร้างใหม่เชียงใหม่
#บ้านทำเลดีเชียงใหม่
#บ้านพร้อมอยู่เชียงใหม่
#พูลวิลล่าเชียงใหม่
#NorthernlandChiangmai
#อสังหาพร้อมผู้เช่าเชียงใหม่
#บ้านสวยเชียงใหม่
#บ้านพร้อมเฟอร์นิเจอร์เชียงใหม่
#บ้านสวนเชียงใหม่
#NorthernlandandHousechiangmai #Northernland"
https://baan.kaidee.com/product-371046613,"ราคา: 6,900,000
เนื้อที่: 56 ตารางวา | เนื้อที่ 56 ตารางวา | ห้องนอน 3 ห้องนอน | ห้องน้ำ 3 ห้องน้ำ | เฟอร์นิเจอร์ มีบางส่วน | ปีที่สร้างเสร็จ 2024 | เป็นทรัพย์รอการขาย ไม่ใช่
พุลวิลล่าโซนหางดง ใกล้กาดฝรั่ง 6.9 ลบ
🎈พูลวิลล่าสุดหรู #ใกล้กาดฝรั่งวิลเลจ ราคาเพียง 6.9 ล้าน ทำเลทอง #หางดง – เดินทางสะดวก ใกล้เมืองเชียงใหม่ บ้าน 2 ชั้น #สไตล์โมเดิร์น ดีไซน์หรู วัสดุพรีเมียม พร้อมสระว่ายน้ำส่วนตัว เดินทางเข้าเมืองเพียงไม่กี่นาที

เนื้อที่ 56 ตรว.
พื้นที่ใช้สอย 151 ตรม.
3 ห้องนอน 3 ห้องน้ำ
ห้องซักรีด
ห้องครัว/ห้องทานอาหาร/ห้องนั่งเล่น แบบเปิดโล่งขนาดใหญ่
สระว่ายน้ำระบบเกลือคลอรีน ขนาด 8x4 เมตร
ห้องครัวสไตล์ตะวันตกในตัว
เครื่องล้างจาน
ประตูไฟฟ้า (ตัวเลือก)
ตู้เสื้อผ้าและเฟอร์นิเจอร์ (ตัวเลือก)
ระบบบ้านอัจฉริยะเต็มรูปแบบ (ตัวเลือก)
กล้องวงจรปิด
เซ็นเซอร์ตรวจจับความเคลื่อนไหว
กริ่งประตูกล้องอัจฉริยะ
ล็อคประตูแบบดิจิทัล
เครื่องตรวจจับควัน
สวิตช์และปลั๊กไฟอัจฉริยะ
ระบบควบคุมเครื่องปรับอากาศอัจฉริยะ

บ้านตั้งอยู่ในทำเลที่ยอดเยี่ยมด้านหลังศูนย์การค้าชุมชนกาดฝรั่งวิลเลจ (ริมปิง, สตาร์บัคส์ ฯลฯ) แต่ยังคงได้รับประโยชน์จากสภาพแวดล้อมที่เงียบสงบมาก บ้านอยู่ใจกลางโรงเรียนนานาชาติหลายแห่ง โดยโรงเรียนนานาชาติลานนาและสถิตอยู่ใกล้มาก

บ้านที่ออกแบบมาอย่างดีเหล่านี้มีสระว่ายน้ำเกลือคลอรีนขนาด 8x4 เมตร ที่กว้างขวางมาก การออกแบบการพัฒนาได้รับการพิจารณาอย่างรอบคอบเพื่อให้มั่นใจถึงความเป็นส่วนตัวสูงสุดสำหรับบริเวณสระว่ายน้ำ

คุณจะพบพื้นที่ระเบียงกว้างขวางเพื่อเพลิดเพลินกับพื้นที่กลางแจ้ง ภายในคุณจะพบกับพื้นที่นั่งเล่นแบบเปิดโล่งที่ออกแบบมาอย่างดีพร้อมห้องครัวแบบตะวันตกขนาดใหญ่ที่ติดตั้งเครื่องล้างจาน เตาอบในตัว และไมโครเวฟ ที่ด้านหลังของพื้นที่ครัว คุณจะพบห้องน้ำแยกต่างหาก/พื้นที่ครัวไทย

สำหรับผู้ที่ต้องการพื้นที่ชั้นล่างเพิ่มเติม มีห้องอเนกประสงค์ที่สามารถใช้เป็นสำนักงานหรือพื้นที่พิเศษสำหรับห้องเล่นสำหรับเด็ก ขึ้นไปที่ชั้นบนซึ่งมีห้องนอนขนาดใหญ่สามห้องรออยู่ ห้องนอนใหญ่มีห้องน้ำในตัวพร้อมอ่างอาบน้ำ และห้องนอนอีก 2 ห้องสามารถมองเห็นวิวสระว่ายน้ำได้ นอกจากนี้ยังมีระเบียงกลางแจ้งส่วนตัวที่คุณสามารถชมวิวสระว่ายน้ำได้

Brand new luxury pool villas at #KadFarang Village only 6.9 million Baht!

An exclusive development of five 3 bedroom pool villas. The homes enjoy an exceptional location behind the Kad Farang Village community mall (Rimping, starbucks etc) but still benefiting from a very peaceful setting. The homes are at the center of many international school options with Lanna International school and Sathit being very close. These well designed homes offer a very generous 8x4 meter salt chlorinated swimming pool. Careful consideration has been given to the development design to ensure maximum privacy for the pool area, you will also find ample decking area to enjoy the outdoor space. Inside you will discover a very well designed open plan living area with a generously large western fitted kitchen fully equipped with dishwasher, built-in oven and microwave. At the rear of the kitchen area you will find a separate washroom/Thai kitchen area. For those who need extra ground floor space there is a multipurpose room which can function as an office or extra space for a playroom for the children. Ascend to the upper floor, where three generous bedrooms await. The master bedroom offers its own bathroom with bathtub and the further 2 bedrooms both enjoy the pool views. There is also a secluded outdoor balcony to enjoy your pool views.

Features:
3 bedrooms
3 bathrooms
Laundry room
Large open plan kitchen/Dining/Living room
Salt chlorinated swimming pool
Built in western Kitchen
Dishwasher
Electric gate (option)
Wardrobes and furniture (option)
Full smart home system (option)
Security cameras
Motion sensors
Smart camera doorbell
Digital door lock
Smoke detectors
Smarty switches + sockets
Smart air conditioner control

อยากได้อสังหาโซนไหน สอบถามเข้ามาได้เลย

ต้องการอสังหาแบบไหนที่ Northern Land Chiangmai เรามีครบ ครอบคลุม #ทั่วเชียงใหม่ ไม่ว่าจะเป็น
#พูลวิลล่า #บ้านใหม่ #บ้านมือสอง #บ้านเช่า #คอนโด #อสังหาพร้อมผู้เช่า #หอพัก #อพาร์ทเม้นท์ #ที่ดิน

✅รับจัดหาบ้าน, ที่ดิน, คอนโด, อสังหาริมทรัพย์ทั่วเชียงใหม่
✅บริการยื่นสินเชื่อทุกธนาคารฟรี ไม่มีค่าใช้จ่าย
✅ยื่นสินเชื่อที่อื่นไม่ผ่านรับดูแลต่อ พร้อมให้คำแนะนำ
✅ทำการตลาด สื่อ โฆษณา
✅เช็คเครดิตบูโร ฟรี

👍นัดชมได้ทุกวันไม่มีวันหยุด
📲 Line ID : @habanchiangmai หรือ https://lin.ee/netCDYF
หรือสอบถามเพิ่มเติมโทร 📞 086-9238951 / 065-5306944 / 085-9646661
✨ยินดีพาชม และให้คำปรึกษาด้านสินเชื่อ ฟรี

🌐เว็บไซต์บริษัท : https://northernlandandhousechiangmai.com/en

🌐หาบ้าน เชียงใหม่ : https://www.habanchiangmai.com/

🔅เพจหาบ้าน เชียงใหม่ : https://www.facebook.com/HabanHabanchiangmai?mibextid=ZbWKwL

🎯YouTube : https://youtube.com/@northernlandhousechiangmai6664

🎯Instagram : https://instagram.com/northernland.cm?igshid=YmMyMTA2M2Y=

🎯TIKTOK : https://www.tiktok.com/@northerland_cnx?_t=8bwxggLIxlv&_r=1

📣สนใจอสังหาริมทรัพย์อื่นๆ คลิ๊ก
🔶For Sale
https://www.facebook.com/NorthenlandHouse-Chiangmai-1774295549481349/
🔶️For Rent
https://www.facebook.com/Northernland-House-For-Rent-In-Chiangmai-228643327897310/

พูลวิลล่าเชียงใหม่
https://www.facebook.com/profile.php?id=1 0008190772 0597&mibextid=LQQJ4d

ที่ดิน
https://www.facebook.com/profile.php?id=1 0007578119 4500&mibextid=LQQJ4d

ขายคอนโด เชียงใหม่
https://www.facebook.com/profile.php?id=1 0007605377 7727&mibextid=LQQJ4d

หอพัก
https://www.facebook.com/profile.php?id=1 0008662050 9112&mibextid=LQQJ4d

อสังหาริมทรัพย์พร้อมผู้เช่า
https://www.facebook.com/profile.php?id=1 0007585654 6688&mibextid=LQQJ4d"
https://baan.kaidee.com/product-371046622,"ราคา: 8,500,000
เนื้อที่: 285 ตารางเมตร | เนื้อที่ 285 ตารางเมตร | ห้องนอน 5 ห้องนอน | ห้องน้ำ 5 ห้องน้ำ | เฟอร์นิเจอร์ ตกแต่งครบ | ปีที่สร้างเสร็จ 2025 | เป็นทรัพย์รอการขาย ไม่ใช่
พูลวิลล่าสุดหรู โซนหางดง ราคาเริ่มต้นเพียง 8.5 ลบ
🎈Luxury Pool Villa ราคาเริ่มต้นเพียง 8.5 ล้าน – #สันผักหวาน #หางดง 🔶มี 9 หลัง บ้านสวยหรู ใกล้เมือง #เฟอร์นิเจอร์ครบ พร้อมเข้าอยู่⚡ทุกหลังติดตั้ง #โซล่าเซลล์ ประหยัดค่าไฟ

รายละเอียด
พื้นที่ใช้สอย 285 ตร.ม.
ที่ดิน 67–81 ตร.วา
4 ห้องนอน | 5 ห้องน้ำ
สระว่ายน้ำส่วนตัว

💰 ราคาเริ่มต้นเพียง 8.50 ล้านบาท*

📍 ทำเลศักยภาพ – หางดง ใกล้ตัวเมืองเชียงใหม่
3 นาที Meritton British International School & Sunshine Kindergarten
10 นาที Lanna International School
15 นาที สนามบินเชียงใหม่
ใกล้ Central Airport, Big C Mae Hia, Makro, Ikea, Star Avenue 5, ราชพฤกษ์

🎈Pool Villa for Sale – 9 Luxury Houses, #SanPhakWan, #HangDong, Chiang Mai #Fully furnished, #ready to move in.
⚡Each house equipped with solar power system.

Property Details
Usable area: 285 sq.m.
Land size: 67–81 sq.wah
4 Bedrooms | 5 Bathrooms
Private swimming pool

💰 Starting Price: 8.50 MB*

📍 Prime Location – Hang Dong, near Chiang Mai City
3 mins to Meritton British International School & Sunshine Kindergarten
10 mins to Lanna International School
15 mins to Chiang Mai International Airport
Close to Central Airport Plaza, Big C Mae Hia, Makro, Ikea, Star Avenue 5, Royal Flora Ratchaphruek

อยากได้อสังหาโซนไหน สอบถามเข้ามาได้เลย

ต้องการอสังหาแบบไหนที่ Northern Land Chiangmai เรามีครบ ครอบคลุม #ทั่วเชียงใหม่ ไม่ว่าจะเป็น
#พูลวิลล่า #บ้านใหม่ #บ้านมือสอง #บ้านเช่า #คอนโด #อสังหาพร้อมผู้เช่า #หอพัก #อพาร์ทเม้นท์ #ที่ดิน

✅รับจัดหาบ้าน, ที่ดิน, คอนโด, อสังหาริมทรัพย์ทั่วเชียงใหม่
✅บริการยื่นสินเชื่อทุกธนาคารฟรี ไม่มีค่าใช้จ่าย
✅ยื่นสินเชื่อที่อื่นไม่ผ่านรับดูแลต่อ พร้อมให้คำแนะนำ
✅ทำการตลาด สื่อ โฆษณา
✅เช็คเครดิตบูโร ฟรี

👍นัดชมได้ทุกวันไม่มีวันหยุด
📲 Line ID : @habanchiangmai หรือ https://lin.ee/netCDYF
หรือสอบถามเพิ่มเติมโทร 📞 086-9238951 / 065-5306944 / 085-9646661
✨ยินดีพาชม และให้คำปรึกษาด้านสินเชื่อ ฟรี

🌐เว็บไซต์บริษัท : https://northernlandandhousechiangmai.com/en

🌐หาบ้าน เชียงใหม่ : https://www.habanchiangmai.com/

🔅เพจหาบ้าน เชียงใหม่ : https://www.facebook.com/HabanHabanchiangmai?mibextid=ZbWKwL

🎯YouTube : https://youtube.com/@northernlandhousechiangmai6664

🎯Instagram : https://instagram.com/northernland.cm?igshid=YmMyMTA2M2Y=

🎯TIKTOK : https://www.tiktok.com/@northerland_cnx?_t=8bwxggLIxlv&_r=1

📣สนใจอสังหาริมทรัพย์อื่นๆ คลิ๊ก
🔶For Sale
https://www.facebook.com/NorthenlandHouse-Chiangmai-1774295549481349/
🔶️For Rent
https://www.facebook.com/Northernland-House-For-Rent-In-Chiangmai-228643327897310/

พูลวิลล่าเชียงใหม่
https://www.facebook.com/profile.php?id=1 0008190772 0597&mibextid=LQQJ4d

ที่ดิน
https://www.facebook.com/profile.php?id=1 0007578119 4500&mibextid=LQQJ4d

ขายคอนโด เชียงใหม่
https://www.facebook.com/profile.php?id=1 0007605377 7727&mibextid=LQQJ4d

หอพัก
https://www.facebook.com/profile.php?id=1 0008662050 9112&mibextid=LQQJ4d

อสังหาริมทรัพย์พร้อมผู้เช่า
https://www.facebook.com/profile.php?id=1 0007585654 6688&mibextid=LQQJ4d

#บ้านเชียงใหม่
#บ้านราคาถูกเชียงใหม่
#บ้านมือสองเชียงใหม่
#บ้านสร้างใหม่เชียงใหม่
#บ้านทำเลดีเชียงใหม่
#บ้านพร้อมอยู่เชียงใหม่
#พูลวิลล่าเชียงใหม่
#NorthernlandChiangmai
#อสังหาพร้อมผู้เช่าเชียงใหม่
#บ้านสวยเชียงใหม่
#บ้านพร้อมเฟอร์นิเจอร์เชียงใหม่
#บ้านสวนเชียงใหม่
#NorthernlandandHousechiangmai #Northernland"
https://baan.kaidee.com/product-371046627,"ราคา: 2,490,000
เนื้อที่: 60 ตารางวา | ห้องนอน 2 ห้องนอน | ห้องน้ำ 2 ห้องน้ำ | เนื้อที่ 60 ตารางวา | ผู้พัฒนา/เจ้าของโครงการ อื่นๆ | เฟอร์นิเจอร์ ตกแต่งครบ | ปีที่สร้างเสร็จ สร้างเสร็จก่อน 2010
ขายบ้านชั้นเดียวหร้อมที่ดิน 60 ตารางวา พร้อมเฟอร์นิเจอร์ แม่่ริม เชียงใหม่
ขายบ้านเดี่ยวชั้นเดียวพร้อมเฟอร์นิเจอร์ อำเภอแม่ริม จังหวัดเชียงใหม่
- บ้านเดี่ยวชั้นเดี่บวพร้อมเฟอร์นิเจอร์ สะอาด ต้นไม้ล้อมรอบ, 2 ห้องนอน, 2 ห้องน้ำ (มีห้องน้ำพร้อมอ่างอาบน้ำในห้องนอน)
- ห้องรับแขกพร้อมพื้นต่างระดับ, ชานระเบียงหน้าบ้าน, ห้องครัว1 ห้องโถง 1 ห้อง ตู้เสื้อผ้า Buil-in ในห้องนอน พร้อมที่จอดรถ 1 คัน
- เนื้อที่ 60 ตารางเมตร พื้นที่ใช้สอยในบ้านขนาดใหญ่ พื้นในบ้านปูปาเก้, แอร์ 2 ต้ว พร้อมเข้าอยูได้ทันที
- พร้อม TV Andrid 55"" 2 ตัว, TV Andriod 50"" 1 ตัว, ตู้เย็น, เครื่องซักผ้า
- อยู่ในเขตชุมชน ไม่แออัด เดินทางเข้า-ออกเมืองสะดวกสบาย สาธารณูปโภคครบครัน, เดินทางสะดวกแหล่งท่องเที่ยว, ใกล้ตลาดชุมชน, วัด, มหาวิทยาสัยราชภ้ฏ วืทยาเขตแม่หลวง, โรงพยาบาลนครพิงต์, ศาลากลางเมืองเชียงใหม่, แม็คโคร แม่ริม, กาดฝร่ง แม่ริม และใกล้จุดท่องเที่ยว


โทร. 084-271-6159"
https://baan.kaidee.com/product-371046726,"ราคา: 8,990,000
เนื้อที่: 118.9 ตารางวา | เนื้อที่ 118.9 ตารางวา | ห้องนอน 3 ห้องนอน | ห้องน้ำ 4 ห้องน้ำ | เฟอร์นิเจอร์ ตกแต่งครบ | ปีที่สร้างเสร็จ 2024
พูลวิลล่าโซนสันกำแพง 8.99 ลบ ทำเลทองน้ำไม่ท่วม
🎈Pool Villa 8.99 ล้าน – #สันกลาง #สันกำแพง บ้าน 2 ชั้น พร้อมสระว่ายน้ำส่วนตัว ทำเลทอง #น้ำไม่ท่วม อยู่สบายทุกฤดู เหมาะทั้งอยู่อาศัยและลงทุนปล่อยเช่า

รายละเอียดบ้าน
ที่ดิน 118.9 ตร.วา | พื้นที่ใช้สอย 347.8 ตร.ม.
3 ห้องนอน | 4 ห้องน้ำ | ห้องรับแขกกว้าง
จอดรถได้ 4 คัน
สระว่ายน้ำระบบเกลือ Overflow ขนาด 9x4 ม.
คอร์ทยาร์ดพร้อมสวนสวย

❌ ไม่มีค่าส่วนกลาง

🎁 ฟรีของแถมสุดคุ้ม มูลค่าหลักแสน
ถังเก็บน้ำ DOS 1,000 ลิตร + ปั๊มน้ำ Hitachi 150W
ฉนวนกันความร้อนใต้หลังคา
มุ้งลวด + ผ้าม่านทั้งหลัง
อ่างอาบน้ำ 2 ห้อง
ประตูรีโมทอัตโนมัติ
กล้องวงจรปิด 8 ตัว
จัดสวนภายนอก + ออกแบบตกแต่งภายในฟรี
ฟรีค่าโอนกรรมสิทธิ์ทั้งหมด

🛠 รับประกันคุณภาพ
งานระบบ / สถาปัตย์ 1 ปี
โครงสร้าง 5 ปี

📍 ทำเลศักยภาพ – โซนสันกำแพง-สันกลางเหนือ (ซอยบ้านมอญ)
เรือนแพ 170 ม.
บ้านศิลาดล 350 ม.
ตลาดฉำฉา 1 กม.
แยกบวกครกศิวิไล (วงแหวน 2) 1 กม.
แยกหลุยส์ (วงแหวน 3) 2 กม.
รพ.กรุงเทพ 4 กม.
เซ็นทรัลเฟส 7 กม.

💰 ราคาเพียง 8.99 ล้านบาท (ฟรีค่าโอน!)

🎈Pool Villa For Sale – 2-Storey House with Private Swimming Pool, #SanKlang – #SanKamphaeng
✨ Prime location, flood-free area, perfect for living or investment.

💰 Only 8.99 MB (Free transfer fee!)

Property Details
Land size: 118.9 sq.wah | Usable area: 347.8 sq.m.
3 Bedrooms | 4 Bathrooms | Spacious living room
Parking for 4 cars
Saltwater overflow pool 9x4 m.
Courtyard with beautiful garden

❌ No common fee

🎁 Free bonus package (worth over 100,000 THB):
DOS water tank 1,000 L + Hitachi water pump 150W
Roof insulation
Mosquito screens & curtains throughout
2 Bathtubs
Automatic remote gate
8 CCTV cameras
Garden decoration & Free interior design
Free transfer ownership fee

🛠 Warranty
M&E & architectural work: 1 year
Structural work: 5 years

📍 Great Location – San Kamphaeng, San Klang Nuea (Soi Ban Mon)
170 m to Ruean Pae Restaurant
350 m to Baan Celadon
1 km to Chamcha Market
1 km to Buakrok Sivila Intersection (2nd Ring Road)
2 km to Louis Intersection (3rd Ring Road)
4 km to Bangkok Hospital Chiang Mai
7 km to Central Festival

อยากได้อสังหาโซนไหน สอบถามเข้ามาได้เลย

ต้องการอสังหาแบบไหนที่ Northern Land Chiangmai เรามีครบ ครอบคลุม #ทั่วเชียงใหม่ ไม่ว่าจะเป็น
#พูลวิลล่า #บ้านใหม่ #บ้านมือสอง #บ้านเช่า #คอนโด #อสังหาพร้อมผู้เช่า #หอพัก #อพาร์ทเม้นท์ #ที่ดิน

✅รับจัดหาบ้าน, ที่ดิน, คอนโด, อสังหาริมทรัพย์ทั่วเชียงใหม่
✅บริการยื่นสินเชื่อทุกธนาคารฟรี ไม่มีค่าใช้จ่าย
✅ยื่นสินเชื่อที่อื่นไม่ผ่านรับดูแลต่อ พร้อมให้คำแนะนำ
✅ทำการตลาด สื่อ โฆษณา
✅เช็คเครดิตบูโร ฟรี

👍นัดชมได้ทุกวันไม่มีวันหยุด
📲 Line ID : @habanchiangmai หรือ https://lin.ee/netCDYF
หรือสอบถามเพิ่มเติมโทร 📞 086-9238951 / 065-5306944 / 085-9646661
✨ยินดีพาชม และให้คำปรึกษาด้านสินเชื่อ ฟรี

🌐เว็บไซต์บริษัท : https://northernlandandhousechiangmai.com/en

🌐หาบ้าน เชียงใหม่ : https://www.habanchiangmai.com/

🔅เพจหาบ้าน เชียงใหม่ : https://www.facebook.com/HabanHabanchiangmai?mibextid=ZbWKwL

🎯YouTube : https://youtube.com/@northernlandhousechiangmai6664

🎯Instagram : https://instagram.com/northernland.cm?igshid=YmMyMTA2M2Y=

🎯TIKTOK : https://www.tiktok.com/@northerland_cnx?_t=8bwxggLIxlv&_r=1

📣สนใจอสังหาริมทรัพย์อื่นๆ คลิ๊ก
🔶For Sale
https://www.facebook.com/NorthenlandHouse-Chiangmai-1774295549481349/
🔶️For Rent
https://www.facebook.com/Northernland-House-For-Rent-In-Chiangmai-228643327897310/

พูลวิลล่าเชียงใหม่
https://www.facebook.com/profile.php?id=1 0008190772 0597&mibextid=LQQJ4d

ที่ดิน
https://www.facebook.com/profile.php?id=1 0007578119 4500&mibextid=LQQJ4d

ขายคอนโด เชียงใหม่
https://www.facebook.com/profile.php?id=1 0007605377 7727&mibextid=LQQJ4d

หอพัก
https://www.facebook.com/profile.php?id=1 0008662050 9112&mibextid=LQQJ4d

อสังหาริมทรัพย์พร้อมผู้เช่า
https://www.facebook.com/profile.php?id=1 0007585654 6688&mibextid=LQQJ4d

#บ้านเชียงใหม่
#บ้านราคาถูกเชียงใหม่
#บ้านมือสองเชียงใหม่
#บ้านสร้างใหม่เชียงใหม่
#บ้านทำเลดีเชียงใหม่
#บ้านพร้อมอยู่เชียงใหม่
#พูลวิลล่าเชียงใหม่
#NorthernlandChiangmai
#อสังหาพร้อมผู้เช่าเชียงใหม่
#บ้านสวยเชียงใหม่
#บ้านพร้อมเฟอร์นิเจอร์เชียงใหม่
#บ้านสวนเชียงใหม่
#NorthernlandandHousechiangmai #Northernland"
https://baan.kaidee.com/product-371046742,"ราคา: 5,390,000
เนื้อที่: 91 ตารางวา | เนื้อที่ 91 ตารางวา | ห้องนอน 3 ห้องนอน | ห้องน้ำ 3 ห้องน้ำ | เฟอร์นิเจอร์ ไม่มี | ปีที่สร้างเสร็จ 2024
พูลวิลล่าสุดหรู โซนสันทราย ขายเพียง 5.39 ลบ
🎈 #พูลวิลล่าหรู #โซนสันทราย ขายเพียง 5.39 ล้าน บ้านพูลวิลล่า ขนาดใหญ่ #เฟอร์นิเจอร์บิ้วอินทั้งหลัง พร้อมเข้าอยู่ รีบติดต่อก่อนหลุดมือ!

เนื้อที่ดิน: 91 ตารางวา
3 ห้องนอน 3 ห้องน้ำ
1 ห้องครัว
1 ห้องรับแขก
2 ที่จอดรถ
ขนาดสระว่ายน้ำ: 3 x 6 เมตร

📍สถานที่ใกล้เคียง:
โรงพยาบาลสันทราย 5 กม.
มหาวิทยาลัยแม่โจ้ 7 กม.
รวมโชคพลาซ่า 14 กม.

💵ราคาพิเศษเพียง 5.39 ล้านบาท

🔥Urgent! Pool Villa in #SanSai – Back on Market Only 5.39 MB.
#Modern Pool Villa – #Fully Built-In & #Ready to Move In

Land Size: 91 sq.wah
3 Bedrooms 3 Bathrooms
1 Kitchen
1 Living Room
Private Pool Size: 3 x 6 meters

Fully Built-in Furniture Throughout the House

📍Nearby Landmarks:
San Sai Hospital – 5 km
Maejo University – 7 km
Ruamchok Plaza – 14 km

💵Special Price: Only 5.39 Million THB

อยากได้อสังหาโซนไหน สอบถามเข้ามาได้เลย

ต้องการอสังหาแบบไหนที่ Northern Land Chiangmai เรามีครบ ครอบคลุม #ทั่วเชียงใหม่ ไม่ว่าจะเป็น
#พูลวิลล่า #บ้านใหม่ #บ้านมือสอง #บ้านเช่า #คอนโด #อสังหาพร้อมผู้เช่า #หอพัก #อพาร์ทเม้นท์ #ที่ดิน

✅รับจัดหาบ้าน, ที่ดิน, คอนโด, อสังหาริมทรัพย์ทั่วเชียงใหม่
✅บริการยื่นสินเชื่อทุกธนาคารฟรี ไม่มีค่าใช้จ่าย
✅ยื่นสินเชื่อที่อื่นไม่ผ่านรับดูแลต่อ พร้อมให้คำแนะนำ
✅ทำการตลาด สื่อ โฆษณา
✅เช็คเครดิตบูโร ฟรี

👍นัดชมได้ทุกวันไม่มีวันหยุด
📲 Line ID : @habanchiangmai หรือ https://lin.ee/netCDYF
หรือสอบถามเพิ่มเติมโทร 📞 086-9238951 / 065-5306944 / 085-9646661
✨ยินดีพาชม และให้คำปรึกษาด้านสินเชื่อ ฟรี

🌐เว็บไซต์บริษัท : https://northernlandandhousechiangmai.com/en

🌐หาบ้าน เชียงใหม่ : https://www.habanchiangmai.com/

🔅เพจหาบ้าน เชียงใหม่ : https://www.facebook.com/HabanHabanchiangmai?mibextid=ZbWKwL

🎯YouTube : https://youtube.com/@northernlandhousechiangmai6664

🎯Instagram : https://instagram.com/northernland.cm?igshid=YmMyMTA2M2Y=

🎯TIKTOK : https://www.tiktok.com/@northerland_cnx?_t=8bwxggLIxlv&_r=1

📣สนใจอสังหาริมทรัพย์อื่นๆ คลิ๊ก
🔶For Sale
https://www.facebook.com/NorthenlandHouse-Chiangmai-1774295549481349/
🔶️For Rent
https://www.facebook.com/Northernland-House-For-Rent-In-Chiangmai-228643327897310/

พูลวิลล่าเชียงใหม่
https://www.facebook.com/profile.php?id=1 0008190772 0597&mibextid=LQQJ4d

ที่ดิน
https://www.facebook.com/profile.php?id=1 0007578119 4500&mibextid=LQQJ4d

ขายคอนโด เชียงใหม่
https://www.facebook.com/profile.php?id=1 0007605377 7727&mibextid=LQQJ4d

หอพัก
https://www.facebook.com/profile.php?id=1 0008662050 9112&mibextid=LQQJ4d

อสังหาริมทรัพย์พร้อมผู้เช่า
https://www.facebook.com/profile.php?id=1 0007585654 6688&mibextid=LQQJ4d

#บ้านเชียงใหม่
#บ้านราคาถูกเชียงใหม่
#บ้านมือสองเชียงใหม่
#บ้านสร้างใหม่เชียงใหม่
#บ้านทำเลดีเชียงใหม่
#บ้านพร้อมอยู่เชียงใหม่
#พูลวิลล่าเชียงใหม่
#NorthernlandChiangmai
#อสังหาพร้อมผู้เช่าเชียงใหม่
#บ้านสวยเชียงใหม่
#บ้านพร้อมเฟอร์นิเจอร์เชียงใหม่
#บ้านสวนเชียงใหม่
#NorthernlandandHousechiangmai #Northernland"
https://baan.kaidee.com/product-371046757,"ราคา: 38,000
เนื้อที่: 144 | ห้องนอน 4 ห้องนอน | ห้องน้ำ 4 ห้องน้ำ | เนื้อที่ 144 | เฟอร์นิเจอร์ ตกแต่งครบ
บ้านใหม่ให้เช่า โครงการใจแก้วเอราวัณ ติดปตท วัดสันคือ
#บ้านใหม่ให้เช่า — โครงการใจแก้วเอราวัณ 31 เฟส 8

บ้านใหม่ในโครงการเล็ก เงียบสงบ เดินทางสะดวกสุด ๆ 📍ติดปตท.ใหญ่ วัดสันคือ เพียง 200 เมตร รอบข้างมี 7-Eleven, KFC, ร้านอาหาร, ซักอบรีด, ร้านตัดผม — ชีวิตสะดวกครบ

✨ บ้านตกแต่งครบ หิ้วกระเป๋าเข้าอยู่ได้เลย มีบานเหล็กกันขโมยและมุ้งลวดรอบบ้าน

🏠 พื้นที่ใช้สอย 144 ตร.ม. | ที่ดิน 50 ตร.วา 4 ห้องนอน 4 ห้องน้ำ + ห้องอเนกประสงค์ ห้องครัว / ห้องนั่งเล่น / ที่จอดรถ 2 คัน ไม่มีค่าส่วนกลาง

🛋️ เฟอร์นิเจอร์ + เครื่องใช้ไฟฟ้าครบ แอร์ 5 เครื่อง / Smart TV / เตียงนอน / เครื่องทำน้ำอุ่น / โซฟา / โต๊ะกินข้าว / เตาแก๊ส+Hood / ตู้เย็น / ไมโครเวฟ / เครื่องซักผ้า

📍 ใกล้ รร.วารี / Montfort / Ambassador / รพ.กรุงเทพ / Central Airport / สนามบิน

🚫 ยังไม่รับสัตว์เลี้ยง
สนใจนัดดูติดต่อ
Tel: 061-4494297 (Mike)
LINE: @864pdamh

#บ้านเช่าเชียงใหม่ #BCM0017


#NewHouseForRent — Kaikaew Erawan 31, Phase 8

Brand-new house in a small, quiet community with great convenience. 📍 Only 200 meters from PTT gas station, Wat San Khuea. Surrounded by 7-Eleven, KFC, restaurants, laundries, and barbershops — everything you need is nearby.

✨ Fully furnished and ready to move in. Equipped with steel security bars and mosquito screens around the house.

🏠 Living area 144 sq.m. | Land 50 sq.wah 4 bedrooms, 4 bathrooms + multipurpose room Kitchen / Living area / 2 parking spaces No common area fee.

🛋️ Fully furnished with electrical appliances 5 air-conditioners / Smart TV / Beds / Water heaters / Sofa / Dining set / Gas stove + Hood / Refrigerator / Microwave / Washing machine

📍 Close to Varee School, Montfort College, Ambassador Bilingual School, Bangkok Hospital, Central Airport, and Chiang Mai International Airport.

🚫 No pets allowed. 📞 Tel: 061-4494297 (Mike) 💬 LINE: @864pdamh
#HouseForRentChiangMai #BCM0017"
https://baan.kaidee.com/product-371046888,"ราคา: 8,900,000
เนื้อที่: 295 ตารางเมตร | เนื้อที่ 295 ตารางเมตร | ห้องนอน 4 ห้องนอน | ห้องน้ำ 5 ห้องน้ำ | เฟอร์นิเจอร์ ตกแต่งครบ | ปีที่สร้างเสร็จ 2024
บ้านพลูวิล่าผ่อนตรง เริ่มต้น 8.9 ลบ โซนแม่เหียะ
https://www.youtube.com/watch?v=71uFLdkSEOY
#รับผ่อนตรงบริษัท ไม่เช็คเครดิต ติดบูโร อยู่ต่างประเทศซื้อได้!!
🎉 #โซนแม่เหียะ ราคาเริ่มที่ 8.9 ล้าน🔶ที่ดิน 81 ตรว. #อำเภอเมือง #สไตล์โมเดิร์น #หลังสุดท้าย #วิวภูเขา ท่ามกลางธรรมชาติ #ใกล้พระธาตุดอยคำ ทำเลดีเยี่ยม ติดถนนคลองชลประทาน ห่างสนามบิน 7 กม.

แบบที่ 1 (ไม่มีสระว่ายน้ำ) *ราคาบ้านเปล่า ไม่รวมตกแต่ง
เนื้อที่ 81 ตรว.
พื้นที่ใช้สอย 295 ตรม.
4 ห้องนอน 5 ห้องน้ำ
ห้องนั่งเล่น
ห้องครัว
2 ที่จอดรถ
ราคาเริ่มที่ 8,900,000 บาท

👮🏻‍♂️พร้อมระบบรักษาความปลอดภัย และสวนสาธารณะ สนามกีฬา

🎉 #MaeHia zone Starting price 8.9 Mb. 🔶Area 81 sqw. #Mueang District #Modern style #Last house #Mountain view Amidst nature Near #DoiKham Temple #great location next to the irrigation canal road, 7 km from the #airport.

Type 1 (no swimming pool) *Price of empty house, excluding decoration
Area 81 sqw.
Usable area 295 sqm.
4 bedrooms, 5 bathrooms
Living room
Kitchen
2 parking spaces
Starting price 8,900,000 baht

👮🏻‍♂️Security systems, park, and sports fields

🎉 #湄南區，起價890萬🔶土地面積81平方米。 #靠近Phra That Doi Kham，地理位置優越，緊鄰灌溉渠路，距離機場7公里。

類型 1 (無泳池) *空房價格，不含裝潢
面積81平方米
使用面積295平方公尺。
4 間臥室, 5 間浴室
客廳
廚房
2個停車位
起價為 8,900,000 泰銖。

👮🏻‍♂️配備安全系統以及公園、運動場

อยากได้อสังหาโซนไหน สอบถามเข้ามาได้เลย
m.me/northernlandchiangmai
-----------------------------------------------------
ต้องการอสังหาแบบไหนที่ Northern Land Chiangmai
เรามีครบ ครอบคลุม #ทั่วเชียงใหม่ ไม่ว่าจะเป็น
#พูลวิลล่า #บ้านใหม่ #บ้านมือสอง #บ้านเช่า #คอนโด
#อสังหาพร้อมผู้เช่า #หอพัก #อพาร์ทเม้นท์ #ที่ดิน

💖บริการยื่นสินเชื่อทุกธนาคารฟรี ไม่มีค่าใช้จ่าย💖

🔶ยินดีให้คำปรึกษา กู้ได้ทุกอาชีพ พ่อค้าแม่ค้า พนักงานประจำ เจ้าของธุรกิจ

Northern Land Chiangmai ยินดีให้คำปรึกษาทุกกรณี ติดต่อได้ที่ :
🌐 Website : www.habanchiangmai.com
🌐 Website : www.northernlandchiangmai.com
📱 Line : @habanchiangmai หรือ https://lin.ee/netCDYF
💌 YouTube : Northernland&house Chiangmai
💌TIKTOK : @northerland_cnx
❤️Whatsapp : https://wa.me/66859646661
📞 Call : 0869238951 / 0655306944 / 0859646661

#บ้านเชียงใหม่
#บ้านราคาถูกเชียงใหม่
#บ้านมือสองเชียงใหม่
#บ้านสร้างใหม่เชียงใหม่
#บ้านทำเลดีเชียงใหม่
#บ้านพร้อมอยู่เชียงใหม่
#พูลวิลล่าเชียงใหม่
#NorthernlandChiangmai
#อสังหาพร้อมผู้เช่าเชียงใหม่
#บ้านสวยเชียงใหม่
#บ้านพร้อมเฟอร์นิเจอร์เชียงใหม่
#บ้านสวนเชียงใหม่
#NorthernlandandHousechiangmai #Northernland"
https://baan.kaidee.com/product-371046893,"ราคา: 13,500
เนื้อที่: 45 ตารางเมตร | ห้องนอน 1 ห้องนอน | ห้องน้ำ 1 ห้องน้ำ | เนื้อที่ 45 ตารางเมตร | ชั้น 8
ให้เช่าคอนโด ฮิลล์ไซด์ 4 นิมมาน วิวดอยสุเทพ
ให้เช่าคอนโด ฮิลล์ไซด์ 4 นิมมาน วิวดอยสุเทพ

ห้องสวย วิวดอยสุเทพ เห็นวิวเต็มตาจากชั้น 8 เดินแค่ 1 นาทีถึงนิมมานฯ และศิริมังคลาจารย์ ใกล้ มช., เมญ่า, รพ.เชียงใหม่ราม, รพ.สวนดอก, กาดสวนแก้ว และคาเฟ่ดังเพียบ

📍 ฮิลล์ไซด์ 4 (Hillside 4 Condo) ขนาด 45 ตร.ม. | ชั้น 8 | วิวดอยสุเทพ ค่าเช่า 13,500 บาท/เดือน
ฟรีอินเทอร์เน็ตความเร็วสูง
พร้อมเฟอร์นิเจอร์ครบ + เครื่องใช้ไฟฟ้าจัดเต็ม เตียง / ที่นอน / ตู้เสื้อผ้า / โต๊ะเครื่องแป้ง / โต๊ะทำงาน / โซฟา / โต๊ะกินข้าว / เคาน์เตอร์ครัว / ตู้เย็น / ไมโครเวฟ / แอร์ / ทีวี / เตาไฟฟ้า / Hood / เครื่องทำน้ำอุ่น / เครื่องซักผ้า / อ่างอาบน้ำ

🏊‍♂️ มีฟิตเนส / สระว่ายน้ำ / ที่จอดรถส่วนกลาง
พร้อมเข้าอยู่ 1 พ.ย. 68

สนใจนัดดูติดต่อ
Tel: 061-4494297 (Mike)
LINE: @864pdamh

#คอนโดเชียงใหม่ #คอนโดให้เช่าเชียงใหม่ #คอนโดนิมมาน #BCM0018

#CondoForRent Hillside 4 Nimman Doi Suthep View

Beautiful room with a full mountain view from the 8th floor. Only 1 minute walk to Nimman and Sirimangkalajarn Road. Close to Chiang Mai University, Maya, Chiang Mai Ram Hospital, Suan Dok Hospital, Kad Suan Kaew, and many popular cafés.

📍 Hillside 4 Condo 45 sq.m. | 8th floor | Doi Suthep view Rent 13,500 THB/month
Free high-speed internet
Fully furnished and equipped with all electrical appliances: Bed, mattress, wardrobe, dressing table, work desk, sofa, dining table, kitchen counter, refrigerator, microwave, air conditioner, TV, electric stove, hood, water heater, washing machine, and bathtub.

🏊‍♂️ Facilities include fitness room, swimming pool, and ample parking.

Ready to move in on November 1, 2025.

Contact: Mike 061-4494297 LINE: @864pdamh

#ChiangMaiCondo #NimmanCondo #Hillside4 #CondoForRentChiangMai #BCM0018"
https://baan.kaidee.com/product-371046928,"ราคา: 30,000
เนื้อที่: 50 ตารางวา | ห้องนอน 3 ห้องนอน | ห้องน้ำ 3 ห้องน้ำ | เนื้อที่ 50 ตารางวา
ให้เช่าบ้านใหม่เชียงใหม่ กาญจน์กนกวิลล์ 12
ห้เช่าบ้านใหม่เชียงใหม่ กาญจน์กนกวิลล์ 12
บ้านใหม่พร้อมอยู่ เฟอร์ครบ เครื่องใช้ไฟฟ้าครบ
ค่าเช่า 30,000 บาท/เดือน

3 ห้องนอน 3 ห้องน้ำ
แอร์ 4 เครื่อง / เครื่องทำน้ำอุ่น / ตู้เย็น / ไมโครเวฟ / เครื่องซักผ้า
เตาไฟฟ้า + เตาแก๊ส / เครื่องดูดควัน / ครัวบิลต์อิน
ส่วนกลางครบ ฟิตเนส สระว่ายน้ำ รปภ. 24 ชม.

ใกล้ รร. Unity, ACIS, ABS, Varee / Big C / Makro / Central Festival / รพ.กรุงเทพ

🚫 ไม่รับสัตว์เลี้ยง

สนใจนัดดูติดต่อ
Tel: 061-4494297 (Mike)
LINE: @864pdamh
#บ้านเช่าเชียงใหม่ #BCM0019

New house for rent in Chiang Mai, Kanchanok Ville 12

New house, ready to move in, fully furnished, with all appliances. Rent 30,000 baht/month.

3 bedrooms, 3 bathrooms,
4 air conditioners, water heater, refrigerator, microwave, washing machine, electric stove and gas stove, range hood, built-in kitchen.

Fully furnished common area, fitness center, swimming pool, 24-hour security.

Near Unity School, ACIS, ABS, Varee, Big C, Makro, Central Festival, Bangkok Hospital.

🚫 No pets allowed. Contact for viewing appointments.

Tel: 061-4494297 (Mike)
LINE: @864pdamh
#HouseForRentChiangMai #BCM0019"
https://baan.kaidee.com/product-371046960,"ราคา: 21,000
เนื้อที่: 60 ตารางวา | ห้องนอน 3 ห้องนอน | ห้องน้ำ 3 ห้องน้ำ | เนื้อที่ 60 ตารางวา
ให้เช่าบ้าน ฮาบิแทท วงแหวน-สันกำแพง
ให้เช่าบ้าน ฮาบิแทท วงแหวน-สันกำแพง
บ้านเดี่ยว 2 ชั้น พื้นที่ 60 ตร.วา 3 ห้องนอน 3 ห้องน้ำ 1 ห้องรับแขก 1 ห้องครัว จอดรถในบ้านได้ 2 คัน

📍 ใกล้แยกบ่อสร้างสันกำแพงเพียง 1 กม. เดินทางเข้าเมือง–สนามบิน 15–20 นาที
ใกล้ รร.วารี / มงฟอร์ต / กาวิละ / Unity / ABS และ รพ.กรุงเทพ / แมคคอร์มิค / สวนดอก

ค่าเช่า 21,000 บาท/เดือน สัญญาขั้นต่ำ 1 ปี มัดจำ 2 เดือน + ล่วงหน้า 1 เดือน รวมเข้าอยู่ 63,000 บาท

สนใจนัดดูติดต่อ
Tel: 061-4494297 (Mike)
LINE: @864pdamh

#บ้านเช่าเชียงใหม่ #BCM0021

House for rent at Habitat San Kamphaeng.
2-story detached house, 60 sq. wah, 3 bedrooms, 3 bathrooms, 1 living room, 1 kitchen, and parking for 2 cars.

📍 Just 1 km from Bo Sang San Kamphaeng Intersection. 15-20 minute drive to the city and airport.
Near Varee School, Montfort, Kawila, Unity, ABS, and Bangkok Hospital, McCormick, and Suan Dok.

Rent: 21,000 baht/month. Minimum 1-year contract. 2-month deposit + 1 month advance payment. Total rent: 63,000 baht.

Interested in making an appointment to view?
Tel: 061-4494297 (Mike)
LINE: @864pdamh

#HouseForRentChiangMai #BCM0021"
https://baan.kaidee.com/product-371046974,"ราคา: 9,000,000
เนื้อที่: 7 ไร่ | เนื้อที่ 7 ไร่ | เป็นทรัพย์รอการขาย ไม่ใช่
ที่ดินสันป่าตอง ทำโรงงานบางชนิดได้
ที่ดินสันป่าตอง เชียงใหม่

ห่างถนนเส้น 108 ประมาณ 900 เมตร

เป็นพื้นที่ สีชมพูทำโรงงานบางชนิดได้

มีทางสาธารณะล้อมรอบ 3 ด้าน ทะลุถนนหลักได้หลายทาง

พื้นที่ทั้งหมด 7 ไร่ 139 ตรว

มีสระบัวในพื้นที่ 1 สระ

085-9296264
081-8061476"
https://baan.kaidee.com/product-371046989,"ราคา: 795,000
เนื้อที่: 145 ตารางวา | เนื้อที่ 145 ตารางวา | เป็นทรัพย์รอการขาย ไม่ใช่
ที่ดิน 145 ตรว. บรรยากาศสไตล์บ้านสวน อ.ดอยสะเก็ด
ขายที่ดิน 145 ตรว. พร้อมบ้าน 1นอน, 1น้ำ
- สไตล์บ้านสวน ต้นไม้ใหญ่ ร่มรื่น
- บรรยากาศธรรมชาติ มองเห็นวิวภูเขาสวยงาม
- การเดินทางสะดวก ถนนเชียงใหม่-ดอยสะเก็ด 3กม.
- เซ็นทรัลเฟสเชียงใหม่ 25 นาที
- ติดถนนสาธารณะ 2ด้าน
- ไฟฟ้า+ประปาครบครัน
#ขายขาดทุนเพียงแปลงเดียวเท่านั้น
#เอกสารสิทธิ์เป็นโฉนด น.ส.4"
https://baan.kaidee.com/product-371047931,"ราคา: 150,000
เนื้อที่: 316 ตารางวา | ห้องนอน 5 ห้องนอน | ห้องน้ำ 7 ห้องน้ำ | เนื้อที่ 316 ตารางวา | ผู้พัฒนา/เจ้าของโครงการ อื่นๆ | เฟอร์นิเจอร์ ตกแต่งครบ | ปีที่สร้างเสร็จ 2019 | เป็นทรัพย์รอการขาย ไม่ใช่
ปล่อยเช่าบ้านแฝดหรู โครงการบ้านพิมุกต์4(พร้อมเข้าอยู่)
ปล่อยเช่าบ้านแฝดหรู โครงการบ้านพิมุกต์4 (พร้อมเข้าอยู่)

ให้เช่าบ้านเดี่ยวหรู สระว่ายน้ำส่วนตัว – โครงการพิมุกต์ 4, เชียงใหม่
ค่าเช่า 150,000 บาท/เดือน (สัญญา 1 ปี) – มัดจำ 2 เดือน ล่วงหน้า 1 เดือน

รายละเอียด
• พื้นที่ใช้สอยใหญ่ โปร่งโล่ง เหมาะครอบครัวใหญ่/ผู้บริหาร
• สระว่ายน้ำส่วนตัวระบบมาตรฐาน + บ่อปลาน้ำตก สวนเขียวส่วนตัว
• 5 ห้องนอน / 7 ห้องน้ำ (ชั้นบน 4, ชั้นล่าง 1)
• ห้องรับแขก, ห้องคาราโอเกะ/ห้องมัลติมีเดีย, ห้องทานอาหาร, ห้องครัวไทย, โถงใหญ่
• ห้องแม่บ้าน พร้อมห้องน้ำแยก
• แอร์ 11 เครื่อง, ผ้าม่านหลุยส์ + วอลเปเปอร์ทั้งหลัง
• จอดรถในบ้าน 3 คัน (ประตูรั้วรีโมต)
• เฟอร์นิเจอร์ครบพร้อมเข้าอยู่

ทำเล: ในโครงการคุณภาพ ถนนกว้าง เงียบเป็นส่วนตัว เดินทางสะดวก
ห่างจาก เซ็นทรัลเฟสติวัลเชียงใหม่ 10 นาที
โรงพยาบาลกรุงเทพ 8 นาที
ห่างมหาลัยพายพ 5 นาที
โรงเรียนวารี 25 นาที
ตลาดสามแยก(สามารถเดินทางไปได้สองทาง ) 10 นาที

เงื่อนไข
• สัญญาขั้นต่ำ 12 เดือน / ไม่อนุญาตเช่าช่วง / ไม่จัดปาร์ตี้เสียงดัง
• ดูแลสระ/สวน มีบริการเพิ่มได้ (คิดตามจริง)
• เลี้ยงสัตว์: แจ้งล่วงหน้า + เงื่อนไขความเสียหาย
• ชำระค่าส่วนกลาง (ถ้ามี), ค่าน้ำ-ไฟตามมิเตอร์

ติดต่อดูบ้าน / นัดวิดีโอคอล
Line:nalisakwan
โทร: 084-1063042
WeChat: nalisakwan

เป็นบ้านแฝดหลังใหญ่ พื้นที่316 ตร.ม ติดกับมหาวิทยาลัยพายัพเพียง 5 นาที และใกล้เซ็นทรัลและใกล้ตลาดสามแยกเพียง10 นาที มีสระว่ายน้ำภายในตัว มีบ่อปลาต่างหาก ที่ห้องคาราโอเกะ และมี2 ห้องโถง ห้องรับประทานอาหาร และห้องครัว มีห้องเก็บของและห้องซักรีด บ้านบิ้วอินทั้งหลัง พร้อมผ้าม่านหลุยและแอร์ทั่วบ้าน เฟอร์นิเจอร์ครบครัน สามารถหิ้วกระเป๋าเข้าอยู่ได้เลย

This spacious 316 sq.m. semi-detached house is located just 5 minutes from Payap University, 10 minutes from CentralPlaza and Sam Yaek Market. It features an indoor swimming pool, a separate fish pond, a karaoke room, two halls, a dining room, and a kitchen. There's also a storage room and laundry room. The entire house is fully furnished, with Louis curtains and air conditioning throughout. Fully furnished, you can move in right away.

这栋宽敞的半独立式住宅面积为316平方米，距离帕雅普大学（Payap University）仅5分钟路程，距离中央广场（CentralPlaza）和三叶草市场（Sam Yaek Market）10分钟路程。住宅设有室内游泳池、独立鱼塘、卡拉OK室、两个大厅、餐厅和厨房。此外，还设有储藏室和洗衣房。房屋配套齐全，配有路易窗帘和空调。家具齐全，可立即入住。"
https://baan.kaidee.com/product-371048021,"ราคา: 11,900,000
เนื้อที่: 230 ตารางวา | เนื้อที่ 230 ตารางวา | ห้องนอน 5 | ห้องน้ำ 5 | ผู้พัฒนา/เจ้าของโครงการ อื่นๆ | เฟอร์นิเจอร์ มีบางส่วน | ปีที่สร้างเสร็จ 2025 | เป็นทรัพย์รอการขาย ไม่ใช่
ขายบ้านพูลวิลล่า สไตล์เจ้าขุนมูลนาย บ้านพักตากอากาศ วิวธรรมชาติทุ่งนา ดอยภูเขา อากาศดีรมรื่น ขนาดที่ดิน 230 ตร.ว. ตัวบ้าน 2 ชั้นครึ่ง
ขายบ้านพูลวิลล่า สไตล์เจ้าขุนมูลนาย บ้านพักตากอากาศ วิวธรรมชาติทุ่งนา ดอยภูเขา อากาศดีรมรื่น อากาศถ่ายเทสะดวก
ขนาดที่ดิน 230 ตร.ว.
ตัวบ้าน 2 ชั้นครึ่ง
-1ชั้นลอย
-6 ห้องนอน
-5 ห้องน้ำ
-🏊ขนาดสระน้ำ 4*8 ลึก 1.3 เมตร
-สระน้ำระบบเกลือ

👉ขายเพียง 11.9 ล้าน ฟรีโอน👈

สนใจ/สอบถามเพิ่มเติม
Tel. 098-8097099 , 061-2562966
ID Line: 098-8097099

📌พิกัด ตั้งอยู่บริเวณ แม่โป่ง ดอยสะเก็ด
ตัวบ้านติดถนนใหญ่

-ห่างจากตลาดสดดอยสะเก็ด เพียง 10 นาที
ติดบ้านคนหลายหลัง ไม่เปลี่ยว

Pool villa for sale
Aristocratic style vacation home with natural views of rice fields and mountains, fresh air, and good ventilation.
Land area: 230 sq m. 2.5-story house
- 1 mezzanine
- 6 bedrooms
- 5 bathrooms
-🏊Pool size: 4 x 8 m, depth: 1.3 m
- Saltwater pool

👉For sale at only 11.9 million baht, transfer fee free👈

📌Located in Mae Pong, Doi Saket.
The house is on the main road.
- Only 10 minutes from Doi Saket Fresh Market. Near several houses, not isolated."
https://baan.kaidee.com/product-371048608,"ราคา: 33,000
เนื้อที่: 148 ตารางเมตร | ห้องนอน 3 ห้องนอน | ห้องน้ำ 3 ห้องน้ำ | เนื้อที่ 148 ตารางเมตร
บ้านเดี่ยวให้เช่า หมู่บ้านสีวลี สันกำแพง Land and House
BCM0024
#บ้านเดี่ยวให้เช่า หมู่บ้านสีวลี สันกำแพง (Land & House)
บ้านสวย เงียบสงบ เฟอร์ครบ Index ทั้งหลัง พร้อมเข้าอยู่ทันที

🔹 3 ห้องนอน | 3 ห้องน้ำ
🔹 พื้นที่ดิน 59.5 ตร.วา | พื้นที่ใช้สอย 148 ตร.ม.
🔹 แอร์ทุกห้อง / เครื่องทำน้ำอุ่น 2 เครื่อง
🔹 ผ้าม่านกันยูวี 2 ชั้นทั้งหลัง
🔹 ไม่อนุญาตสัตว์เลี้ยง / สูบบุหรี่ / ทำเป็นบริษัท

💰 ค่าเช่าพิเศษ 33,000 บาท/เดือน (จาก 35,000) สัญญา 1 ปี | ประกัน 2 เดือน + ล่วงหน้า 1 เดือน

🛋️ เฟอร์ครบ: ทีวี 55” / โซฟาหนังแท้ / โต๊ะกินข้าว / ตู้เย็น / เครื่องซักผ้า / เตาแก๊ส / ไมโครเวฟ / เตียง / โต๊ะทำงาน / ตู้เสื้อผ้า

📍 ใกล้ Central Festival / Promenada / สนามบินเชียงใหม่

สนใจนัดดูติดต่อ
Tel: 061-4494297 (Mike)
LINE: @864pdamh

#บ้านเช่าเชียงใหม่ #สีวลีสันกำแพง #LandAndHouse #BCM0024

#HouseForRent in Siwalee Village, San Kamphaeng (Land & House)
Beautiful, quiet house, fully furnished with Index furniture throughout, ready to move in immediately.

🔹 3 bedrooms | 3 bathrooms
🔹 Land area: 59.5 sq wah | Usable area: 148 sq m
🔹 Air conditioning in every room / 2 water heaters
🔹 Double-layered UV-blocking curtains throughout the house
🔹 No pets allowed / Smoking allowed / Company-owned

💰 Special rent: 33,000 baht/month (from 35,000 baht) 1-year contract | 2-month security deposit + 1 month advance payment

🛋️ Fully furnished: 55” TV / genuine leather sofa / dining table / refrigerator / washing machine / gas stove / microwave / bed / work desk / wardrobe

📍 Near Central Festival / Promenada / Chiang Mai Airport

Interested in making an appointment to view? Contact:
Tel: 061-4494297 (Mike)
LINE: @864pdamh

#HouseForRentChiangMai #SiwaliSanKamphaeng #LandAndHouse #ReadyToMoveInHouse #BCM0024"
https://baan.kaidee.com/product-371048740,"ราคา: 20,000
เนื้อที่: 110 ตารางเมตร | ห้องนอน 3 ห้องนอน | ห้องน้ำ 2 ห้องน้ำ | เนื้อที่ 110 ตารางเมตร
ให้เช่า บ้านพฤกษาวิลล์ 95 (บิ๊กซี ดอนจั่น) อำเภอเมือง เชียงใหม่
#ให้เช่า บ้านพฤกษาวิลล์ 95 (บิ๊กซี ดอนจั่น) อำเภอเมือง เชียงใหม่

ทาวน์โฮม 2 ชั้น พื้นที่ใช้สอย 110 ตร.ม. บนที่ดิน 22 ตร.วา ทำเลดี เดินทางสะดวก น้ำไม่ท่วม พร้อมเฟอร์นิเจอร์ครบ

🔹 3 ห้องนอน | 2 ห้องน้ำ | 1 ห้องนั่งเล่น
🔹 แอร์ 4 เครื่อง / เครื่องทำน้ำอุ่น / ทีวี / ตู้เย็น / เตาไฟฟ้า + ฮูด
🔹 โต๊ะอาหาร / โซฟาเบด / เตียง 6 ฟุต, 5 ฟุต, 3.5 ฟุต
🔹 จอดรถในบ้านได้ 2 คัน
🔹 ระบบรักษาความปลอดภัย 24 ชม.

💰 ค่าเช่า 20,000 บาท/เดือน
📦 ขาย 3.59 ล้านบาท

📍 โครงการพฤกษาวิลล์ 95 (บิ๊กซี ดอนจั่น) ต.ท่าศาลา อ.เมือง เชียงใหม่

สนใจนัดดูติดต่อ
Tel: 061-4494297 (Mike)
LINE: @864pdamh

#บ้านเช่าเชียงใหม่ #พฤกษาวิลล์95 #บ้านให้เช่าดอนจั่น #ทาวน์โฮมเชียงใหม่ #BCM0026

#ForRent: Pruksa Ville 95 (Big C Don Chan), Mueang District, Chiang Mai

2-story townhome, 110 sq m of usable space on a 22 sq wah plot of land. Prime location, convenient access, flood-free, fully furnished.

🔹 3 bedrooms | 2 bathrooms | 1 living room
🔹 4 air conditioners / water heater / TV / refrigerator / electric stove + hood
🔹 Dining table / sofa bed / 6-foot, 5-foot, and 3.5-foot beds
🔹 Parking for 2 cars
🔹 24-hour security

💰 Rent: 20,000 baht/month
📦 Sale price: 3.59 million baht

📍 Pruksa Ville 95 (Big C Don Chan), Tha Sala Subdistrict, Mueang District, Chiang Mai

Interested in making an appointment to view?
Tel: 061-4494297 (Mike)
LINE: @864pdamh

#HouseForRentChiangMai #PruksaVille95 #HouseForRentDonChan #TownhomeChiangMai #BCM0026"
https://baan.kaidee.com/product-371048750,"ราคา: 30,000
เนื้อที่: 200 ตารางเมตร | ห้องนอน 3 ห้องนอน | ห้องน้ำ 3 ห้องน้ำ | เนื้อที่ 200 ตารางเมตร
ให้เช่าบ้านเดี่ยว หมู่บ้านอรสิริน 6 สันปู่เลย เชียงใหม่
#ให้เช่าบ้านเดี่ยว หมู่บ้านอรสิริน 6 – สันปู่เลย เชียงใหม่

บ้านหลังใหญ่ 2 ชั้น 3 ห้องนอน 3 ห้องน้ำ
2 ห้องครัว / 1 ห้องนั่งเล่น / ที่จอดรถ 2 คัน
ทำเลเงียบสงบ บรรยากาศดี มีสวน ทะเลสาบ ฟิตเนส และสระว่ายน้ำ
ภายในโครงการมี 7-Eleven และโรงเรียนนานาชาติ Mill Hill International

🛋️ เฟอร์นิเจอร์และเครื่องใช้ไฟฟ้าครบ
แอร์ทุกห้อง / เตียงและที่นอนครบ / โซฟา / โต๊ะทานข้าว / ทีวี / อินเทอร์เน็ต / เตาแก๊ส / ไมโครเวฟ / เครื่องซักผ้า / เครื่องอบผ้า / ตู้เย็น

💰 ค่าเช่า
– สัญญา 1 ปี: 30,000 บาท/เดือน
– สัญญา 6 เดือน: 33,000 บาท/เดือน
– สัญญา 3 เดือน: 36,000 บาท/เดือน ประกัน 2 เดือน + ล่วงหน้า 1 เดือน

📍 ใกล้
– Central Festival / รพ.กรุงเทพ / รวมโชคมอลล์ 10 นาที
– Lotus 5 นาที / 7-Eleven 3 นาที
*หมู่บ้านน้ำไม่ท่วม มี Grab และ Lineman ส่งถึงหน้าบ้าน

สนใจนัดดูติดต่อ
Tel: 061-4494297 (Mike)
LINE: @864pdamh

#บ้านเช่าเชียงใหม่ #อรสิริน6 #บ้านพร้อมอยู่ #บ้านใกล้เซ็นทรัลเฟส #BCM0027


#HouseForRent in Ornsirin Village 6 – San Pu Loei, Chiang Mai

Large 2-story house with 3 bedrooms, 3 bathrooms
2 kitchens, 1 living room, and 2-car parking spaces
Quiet location with a nice atmosphere, garden, lake, fitness center, and swimming pool
The project also features a 7-Eleven and Mill Hill International School

🛋️ Fully furnished and equipped with appliances: air conditioning in every room, complete with beds and mattresses, sofa, dining table, TV, internet, gas stove, microwave, washing machine, dryer, and refrigerator

💰 Rent:
– 1-year contract: 30,000 baht/month
– 6-month contract: 33,000 baht/month
– 3-month contract: 36,000 baht/month, 2-month security deposit + 1 month advance payment

📍 Nearby:
– Central Festival / Bangkok Hospital / Ruamchok Mall (10 minutes)
– Lotus (5 minutes) / 7-Eleven (3 minutes)
*Flood-free village with Grab and Lineman delivery available

Interested in making an appointment to view? Contact:
Tel: 061-4494297 (Mike)
LINE: @864pdamh

#HouseForRentChiangMai #Ornsirin6 #ReadyToMoveInHouse #HouseNearCentralFestival #BCM0027"
https://baan.kaidee.com/product-371049998,"ราคา: 25,000
เนื้อที่: 57 ตารางวา | เนื้อที่ 57 ตารางวา | ห้องนอน 3 ห้องนอน | ห้องน้ำ 2 ห้องน้ำ | เฟอร์นิเจอร์ ตกแต่งครบ
บ้านเช่า
🏡✨ บ้านเดี่ยวให้เช่า 25,000 บาท/เดือน | House for Rent: 25,000 THB/month
📍หมู่บ้านนันทนา 2 (แลนด์แอนด์เฮ้าส์พาร์ค สันทราย) | Nantana 2 Village (Land & Houses Park Sansai, Chiang Mai)

บ้านสวยบรรยากาศดี เงียบสงบ ร่มรื่น เป็นส่วนตัว พร้อมเข้าอยู่ได้ทันที 🌳
เหมาะกับครอบครัว คนทำงาน หรือผู้ที่มองหาความสงบใกล้เมืองเชียงใหม่

Beautiful 2-storey detached house in a peaceful and secure neighborhood 🌿
Ready to move in — ideal for families, professionals, or anyone who values privacy and tranquility near the city.

⸻

💖 รายละเอียดบ้าน | Property Details
▫️ เนื้อที่ 52.7 ตร.ว. (≈ 211 sq.m.)
▫️ บ้านเดี่ยว 2 ชั้น | 2-storey detached house
▫️ 3 ห้องนอน | 2 ห้องน้ำ | 3 Bedrooms | 2 Bathrooms
▫️ ห้องรับแขกกว้าง | ครัวพร้อมใช้งาน | Spacious living room | Fully equipped kitchen
▫️ แอร์ 4 เครื่อง | เครื่องทำน้ำอุ่น 2 เครื่อง | 4 Air-conditioners | 2 Water heaters
▫️ เฟอร์นิเจอร์ครบ พร้อมอยู่ | Fully furnished
▫️ เครื่องใช้ไฟฟ้าครบ: ทีวี 📺 ตู้เย็น 🧊 เครื่องซักผ้า 🧺 | Electrical appliances included: TV, fridge, washing machine

⸻

🏘️ สิ่งอำนวยความสะดวกในโครงการ | Facilities
• ระบบรักษาความปลอดภัย 24 ชม. 👮‍♂️ | 24-hour security
• สโมสร / ฟิตเนส / สระว่ายน้ำ / สนามแบดมินตัน / สนามเทนนิส / ซาวน่า / อ่างจากุซซี่ / สนามเด็กเล่น
Clubhouse / Fitness / Swimming pool / Badminton & Tennis courts / Sauna / Jacuzzi / Playground
• ถนนในโครงการกว้าง สะอาด และเงียบสงบ 🚶‍♀️ | Clean and quiet roads throughout the village

⸻

💰 ค่าเช่าและเงื่อนไข | Rental Terms
• ค่าเช่า 25,000 บาท/เดือน (รวมค่าส่วนกลางแล้ว)
Rent: 25,000 THB/month (including common area fee)
• มัดจำ 50,000 บาท + ค่าเช่าล่วงหน้า 1 เดือน
Security deposit: 50,000 THB + 1 month advance rent
• ค่าน้ำ 💧 ค่าไฟ ⚡ อินเทอร์เน็ต 🌐 จ่ายตามจริง
Utilities (water, electricity, internet) paid by tenant
• เลี้ยงสัตว์เล็กได้ (ที่ไม่ส่งเสียงดังรบกวนเพื่อนบ้าน)
Small pets allowed (as long as they don’t disturb neighbors) 🐶🐱

⸻

📍 สถานที่ใกล้เคียง | Nearby Places
• เซ็นทรัลเฟสติวัลเชียงใหม่ | Central Festival Chiang Mai
• ตลาดรวมโชค / มีโชคพลาซ่า | Ruamchok Market / Meechok Plaza
• มหาวิทยาลัยแม่โจ้ | Maejo University
• เดินทางเข้าเมืองสะดวก 🚗 | Only a few minutes’ drive to the city center"
https://baan.kaidee.com/product-371050121,"ราคา: 3,900,000
เนื้อที่: 55.7 ตารางวา | ห้องนอน 4 ห้องนอน | ห้องน้ำ 4 ห้องน้ำ | เนื้อที่ 55.7 ตารางวา | เฟอร์นิเจอร์ ไม่มี
ขายบ้านเดี่ยวไม่เคยเข้าอยู่ สบายโฮม 7 พร้อมสระว่ายน้ำส่วนตัว สันทราย-สันนาเม็ง เชียงใหม่ น้ำไม่ท่วม พิเศษเพียง 3.9 ลบ.
รหัสทรัพย์ : PA2025100052

ขายบ้านเดี่ยวไม่เคยเข้าอยู่ สบายโฮม 7 พร้อมสระว่ายน้ำส่วนตัว สันทราย-สันนาเม็ง เชียงใหม่ น้ำไม่ท่วม พิเศษเพียง 3.9 ลบ.

ที่ตั้ง : 168 Chiangmai - Doi sa-ket, 9 ซ. 2 ตำบลสันนาเม็ง อำเภอสันทราย เชียงใหม่ 50210
พิกัด : https://maps.app.goo.gl/4CNh8Jy8nzL2wqB37

ขนาดพื้นที่ : 55.7 ตร.ว. / พื้นที่ใช้สอย : 153 ตร.ม

รายละเอียด
- บ้านใหม่ไม่เคยเข้าอยู่ ทำเลดี เดินทางสะดวก น้ำไม่ท่วม100%
- 2 ชั้น
- 4 ห้องนอน
- 4 ห้องน้ำ
- 1 ห้องโถง
- 1 ห้องครัว
- 2 ที่จอดรถ

ทำเลดี เดินทางสะดวก
- ใกล้สถานศึกษา
- โรงพยาบาล
- ห้างสรรพสินค้า
- ตลาด
- ถนนสายหลัก เชียงใหม่ – ดอยสะเก็ด

ราคาขาย : 3.9 ลบ. (จากราคา 4.2 ลบ.)
- ค่าโอนและภาษี คนละครึ่ง (50/50)

สนใจติดต่อ | นัดดูบ้านได้ทุกวัน
คุณน้ำผึ้ง : 083-8043868
ID : arsueme_09"
https://baan.kaidee.com/product-371050329,"ราคา: 20,000
เนื้อที่: 150 ตารางเมตร | ห้องนอน 3 ห้องนอน | ห้องน้ำ 3 ห้องน้ำ | เนื้อที่ 150 ตารางเมตร
บ้านให้เช่า หมู่บ้านอรสิริน 6 สันปู่เลย
#บ้านให้เช่า หมู่บ้านอรสิริน 6 สันปู่เลย
บ้านเดี่ยวบรรยากาศเงียบสงบ มีรั้วรอบเป็นส่วนตัว เฟอร์นิเจอร์ครบ พร้อมเข้าอยู่ทันที

🔹 3 ห้องนอน | 3 ห้องน้ำ
🔹 ห้องครัว / ห้องรับแขก
🔹 ที่จอดรถ 2 คัน

💰 ค่าเช่า 20,000 บาท/เดือน (สัญญา 1 ปี)
🐾 เลี้ยงสัตว์ได้ (เพิ่ม 3,000 บาท/เดือน)
ประกัน 2 เดือน + ล่วงหน้า 1 เดือน

🛋️ เฟอร์นิเจอร์และเครื่องใช้ไฟฟ้าครบ แอร์ 2 เครื่อง / เครื่องซักผ้า / ตู้เย็น / โต๊ะทานข้าว / เครื่องทำน้ำอุ่น 2 เครื่อง / เตียง 5 ฟุต / ตู้เสื้อผ้า 2 ตู้ / ชั้นวางทีวี / มุ้งลวด

📍 ใกล้ตลาดท่ารั้ว 2.9 กม.

สนใจนัดดูติดต่อ
Tel: 061-4494297 (Mike)
LINE: @864pdamh

#บ้านเช่าเชียงใหม่ #BCM0022

#House for Rent: Ornsirin Village 6 – San Pu Loei
Quiet, private, fenced-in single-family home. Fully furnished and ready to move in.

🔹 3 bedrooms | 3 bathrooms
🔹 Kitchen / living room
🔹 Parking for 2 cars

💰 Rent: 20,000 baht/month (1-year contract)
🐾 Pets allowed (additional 3,000 baht/month)
2-month security deposit + 1 month advance payment

🛋️ Fully furnished and equipped with appliances:
2 air conditioners / washing machine / refrigerator / dining table /
2 water heaters / 5-foot bed / 2 wardrobes / TV stand / mosquito net

📍 Near Tha Ruea Market, 2.9 km

For viewing inquiries, please contact:
Tel: 061-4494297 (Mike)
LINE: @864pdamh

#HouseForRentChiangMai #BCM0022"
https://baan.kaidee.com/product-371050514,"ราคา: 8,600,000
เนื้อที่: 201 | ห้องนอน 4 ห้องนอน | ห้องน้ำ 6 ห้องน้ำ | เนื้อที่ 201 | ผู้พัฒนา/เจ้าของโครงการ อื่นๆ | เฟอร์นิเจอร์ มีบางส่วน | ปีที่สร้างเสร็จ สร้างเสร็จก่อน 2010 | เป็นทรัพย์รอการขาย ไม่ใช่
ขายบ้านเดี่ยว 2 ชั้น หมู่บ้านอินทรชิตชัย ดอยสะเก็ด ทำเลดีที่สุดของโครงการ
🏡💎 ขายบ้านเดี่ยว 2 ชั้น หมู่บ้านอินทรชิตชัย ดอยสะเก็ด — ทำเลดีที่สุดของโครงการ!
เดินทางเข้าเมืองสะดวก ใกล้ทางออกหมู่บ้าน ไป เซ็นเฟสเพียง 12.9 กม.
บ้านเดี่ยว 2 ชั้น หมู่บ้านอินทรชิตชัย ดอยสะเก็ด
พื้นที่กว้าง 201 ตร.วา (0-2-1 ไร่) พร้อมฟังก์ชันครบทุกห้อง 🛏️
📌 ทำเลดี ใกล้ทางออกหมู่บ้าน เดินทางเข้าเมืองง่าย
🌿 บรรยากาศเงียบสงบ เหมาะกับครอบครัวที่ต้องการความเป็นส่วนตัว
พร้อมสนามหญ้าหน้าบ้านกว้าง เหมาะสำหรับพักผ่อนหรือทำกิจกรรมครอบครัว
ภายในมีครบทุกฟังก์ชัน
บ้านหันหน้าทางทิศเหนือ
จอดรถได้ถึง 4 คัน
ภายในประกอบด้วย
🛏️ 4 ห้องนอน
🚿 6 ห้องน้ำ
🍽️ 1 ห้องครัว
🛋️ 1 ห้องรับแขก
💼 1 ห้องทำงาน
📦 1 ห้องเก็บของ
🙏 1 ห้องพระ
🎮 1 ห้องสันทนาการ
💰 ราคาเพียง 8,600,000 บาท
📍 ใกล้สวนพฤกษศาสตร์ทวีชน / รพ.ดอยสะเก็ด / เซ็นทรัลเฟสติวัลเชียงใหม่
☎️ สนใจนัดชมบ้าน โทร: 085-863-1411"
https://baan.kaidee.com/product-371050573,"ราคา: 20,000
เนื้อที่: 150 | ห้องนอน 3 ห้องนอน | ห้องน้ำ 3 ห้องน้ำ | เนื้อที่ 150
ให้เช่าบ้านตึกแฝด 2 ชั้น ทำเล ท่าวังตาล–สารภี เชียงใหม่
#ให้เช่าบ้านตึกแฝด 2 ชั้น ทำเล ท่าวังตาล–สารภี เชียงใหม่

บ้านสวยบรรยากาศอบอุ่น พร้อมเข้าอยู่
ทำเลทอง เดินทางสะดวก เข้า–ออกได้ทั้งถนนวงแหวนรอบ 2 และรอบ 3
เพียงไม่กี่นาทีถึงตัวเมือง รายล้อมด้วยสิ่งอำนวยความสะดวกครบ
น้ำไม่ท่วม 100%

💰 ค่าเช่า 20,000 บาท/เดือน
📅 สัญญา 1 ปี | ประกัน 2 เดือน + ล่วงหน้า 1 เดือน
🚫 ไม่รับสัตว์เลี้ยง

🏠 รายละเอียดบ้าน
– บ้านแฝด 2 ชั้น พื้นที่ใช้สอยลงตัว 3 ห้องนอน 3 ห้องน้ำ
– ห้องน้ำแยกโซนเปียก–แห้ง พร้อมเครื่องทำน้ำอุ่นทุกห้อง
– ครัว 2 โซน พร้อมเคาน์เตอร์และเตาแก๊ส + ฮูดดูดควัน Hafele
– เฟอร์นิเจอร์ครบทุกห้อง / เครื่องใช้ไฟฟ้าครบ:
ทีวี / ตู้เย็น / เครื่องซัก–อบผ้า / เครื่องกรองน้ำ / แอร์ 3 เครื่อง / ปั๊มน้ำ + แทงค์น้ำ
– ห้องนั่งเล่นกว้างโปร่ง ที่จอดรถ 2 คัน
– บ้านสภาพใหม่ เจ้าของดูแลเอง

📍 ทำเลใกล้:
– รร.เยอรมัน (GIS) 7 นาที
– ABS / ACIS 8 นาที
– แม็คโคร หางดง / โกลบอลเฮ้าส์ / 89 พลาซ่า 10 นาที
– รร.วารี 12 นาที
– Central Airport 15 นาที
– Central Festival 17 นาที
– สนามบินเชียงใหม่ 20 นาที

ทำเลนี้เงียบสงบแต่ไม่ไกลเมือง เหมาะสำหรับครอบครัวหรือครูต่างชาติที่ต้องการบ้านพร้อมอยู่

สนใจนัดดูติดต่อ
Tel: 061-4494297 (Mike)
LINE: @864pdamh

#บ้านเช่าเชียงใหม่ #บ้านสารภี #บ้านใกล้เมือง #บ้านท่าวังตาล #BCM0028

#HouseForRent Two-story twin , Tha Wang Tan-Saraphi, Chiang Mai

Beautiful, warm atmosphere, ready to move in.
Prime location with convenient access via both Ring Road 2 and 3.
Just minutes to the city center, surrounded by amenities.
100% flood-free.

💰 Rent: 20,000 baht/month
📅 1-year contract | 2-month security deposit + 1 month advance payment
🚫 No pets allowed

🏠 House details:
– Two-story twin house with generous living space, 3 bedrooms, 3 bathrooms
– Separate wet and dry areas in the bathroom All rooms come with water heaters.
– Two-zone kitchen with countertops, gas stoves, and Hafele range hoods.
– Fully furnished with appliances: TV, refrigerator, washer/dryer, water filter, 3 air conditioners, water pump, and water tank.
– Spacious living room with 2-car parking.
– New house, managed by the owner.

📍 Nearby Locations:
– German School (GIS) 7 minutes
– ABS/ACIS 8 minutes
– Makro Hang Dong / Global House / 89 Plaza 10 minutes
– Varee School 12 minutes
– Central Airport 15 minutes
– Central Festival 17 minutes
– Chiang Mai Airport 20 minutes

This quiet location, yet not far from the city, is ideal for families or expatriate teachers looking for a move-in-ready home.

For viewing inquiries, please contact:
Tel: 061-4494297 (Mike)
LINE: @864pdamh

#HouseForRentChiangMai #BanSaraphi #HouseNearCity #Ban Thao Wang Tan #BCM0028"
https://baan.kaidee.com/product-371051543,"ราคา: 22,000
เนื้อที่: 150 ตารางเมตร | ห้องนอน 3 ห้องนอน | ห้องน้ำ 3 ห้องน้ำ | เนื้อที่ 150 ตารางเมตร | ผู้พัฒนา/เจ้าของโครงการ อื่นๆ | เฟอร์นิเจอร์ ตกแต่งครบ | ปีที่สร้างเสร็จ 2017 | เป็นทรัพย์รอการขาย ไม่ใช่
ให้เช่า ทาวน์โฮม สไตล์โมเดิร์น ย่านหางดง
ทาวน์โฮม 2 ชั้น สไตล์โมเดิร์น

พื้นที่ใช้สอย 150 ตารางเมตร
จอดรถได้ 2 คัน

2 ห้องนอน 1 ห้องอเนกประสงค์
3 ห้องน้ำ (ห้องนอนใหญ่มีห้องน้ำในตัว)

พร้อมอยู่ ประกอบด้วย ครัวบิวท์อิน, ครัวนอก,
ตู้เย็น, ไมโครเวฟ, เตาแก๊ส, เครื่องดูดควัน, เครื่องซักผ้า,
โทรทัศน์ 50 นิ้ว และ 55 นิ้ว, โซฟา, โต๊ะทานข้าว,
เตียง 6 ฟุต และ 5 ฟุต, เครื่องปรับอากาศจำนวน 4 เครื่อง
และ Digital Door Lock



สถานที่ใกล้เคียง
5 นาที จากกาดฝรั่ง
5 นาที จากริมปิง
5 นาที จาก Premium Outlet

7 นาที จากทางเข้าหมู่บ้านถวาย
10 นาที จาก Big C และ Home Pro
15-20 นาที จากสนามบินเชียงใหม่
(อยู่ใกล้โรงเรียนนานาชาติมากมาย)"
https://baan.kaidee.com/product-371051756,"ราคา: 799,999
เนื้อที่: 100 ตารางวา | เนื้อที่ 100 ตารางวา
ขายที่ดิน 100 ตรว. หลังมหาวิทยาลัยแม่โจ้ จ.เชียงใหม่
📌 Vายที่ดิน
หลังมหาวิทยาลัยแม่โจ้ จ.เชียงใหม่
ที่ดินหันหน้าไปทาง ทิศเหนือ

❤️50 ตรว. 499,999.- ฿

❤️100 ตรว. 799,999.- ฿

💎มีน้ำ-มีไฟ-มีโฉนดพร้อมโอu
📍พิกัด แถวๆ วัดเมืองขอน
ต.ป่าไผ่ อ.สันทราย จ.เชียงใหม่

📍ห่างจาก มหาวิทยาลัยแม่โจ้ 7 กิโล
📍ห่างจาก อำเภอเมือง 10 กิโล
📍ห่างจาก ตลาดรวมโชค 10 กิโล
📍ห่างจาก เซนทรัลเฟสติวัล 15 กิโล
📍ห่างจากสนามบิน 26 กิโล
📍ใกล้ตลาดป่าเหมือด 1.5 กิโล

💎ซื้อไว้ทำบ้านอยู่อาศัย ก็สะดวก หรือ ซื้อไว้เกร็งกำไรก็ดีค่ะ
💎ใครสuใจทัnมาค่ะ
(เจ้าของขายเอง)

📍น้ำไม่ท่วมจ้า
นัดดูที่ดินล่วงหน้า1 วันค่ะ
ขอคนสนใจจริงๆ

📌*แอดไลน์เบอร์โทร
มาขอพิกัดที่ดินได้นะคะ*

#ขาย #ขายที่ดิน #ที่ดินสวย #ที่ดินราคาถูก #ที่ดินแบ่งขาย #ที่ดินเปล่า #ที่ดิน #เชียงใหม่ #ที่ดินเชียงใหม่

📌(* มิจฉาชีพไม่ต้องทักมา เสียเวลา*** )
❤️❤️❤️"
https://baan.kaidee.com/product-371052218,"ราคา: 4,900,000
เนื้อที่: 290 ตารางเมตร | ห้องนอน 3 ห้องนอน | ห้องน้ำ 4 ห้องน้ำ | เนื้อที่ 290 ตารางเมตร | เฟอร์นิเจอร์ ตกแต่งครบ
ขายที่ดินแถมบ้านสวนใกล้ร.พ.สันทราย กาดฝรั่ง ม.แม่โจ้ เข้าเมืองไม่เกิน 20 นาที น้ำไม่ท่วม
🏡ขายที่ดินแถมบ้านสวนใกล้ร.พ.สันทราย/กาดฝรั่ง/ม.แม่โจ้ เข้าเมืองไม่เกิน 20 นาที น้ำไม่ท่วม
🏡 Garden House For Sale Mae Rim near Kadfarang Maerim /Sansai Hospital /Maejo University No Flood.
📍บ้านน้ำต้นซอย 5 อ.แม่ริม ต.เหมืองแก้ว
เข้าซอยไม่ลึก น้ำไม่ท่วม
👉ที่ดิน 290 ตารางวา 290 sqm
👉ขาย 5 ล้านบาท บ้านพร้อมเฟอร์ For sale 5 MB.
👉3ห้องนอน 3 ห้องน้า 1ครัว 1โรงจอดรถ
👉ใกล้ 7 eleven โลตัสเล็ก หากินง่ายแหล่งชุมชนใกล้ตลาดสด
👉พื้นที่กว้างสร้างสระว่ายน้ำสิ่งปลูกสร้างอื่นได้
ค่าโอน 50/50 คนละครึ่ง
-สถานที่ใกล้เคียง
📍Sansai Hospital 2 k.m.
📍Kadfarang maerim 5 k.m.
📍Maejo university 6 k.m.
📍Marco Maerim 6 k.m.
📍Preme International School 13 k.m.
📍สนใจโทร 061-7964031
📍 Line:Dong042"
https://baan.kaidee.com/product-371054261,"ราคา: 38,000
เนื้อที่: 70 ตารางวา | ห้องนอน 3 ห้องนอน | ห้องน้ำ 3 ห้องน้ำ | เนื้อที่ 70 ตารางวา
ให้เช่าบ้านเดี่ยว Inizio Land House สันกำแพงสายใหม่
#ให้เช่าบ้านเดี่ยว Inizio Land & House สันกำแพงสายใหม่
บ้านแปลงมุม เฟอร์ครบ บิ้วอินทั้งหลัง ตรงข้ามคลับเฮ้าส์ บรรยากาศเงียบ ระบบรักษาความปลอดภัย 24 ชม.

📐 พื้นที่ 70.9 ตร.วา | พื้นที่ใช้สอย 130 ตร.ม.
3 ห้องนอน | 3 ห้องน้ำ | ห้องครัว | ห้องนั่งเล่น | จอดรถ 2 คัน

💰 ค่าเช่า 38,000 บาท/เดือน สัญญา 1 ปี
ประกัน 2 เดือน + ล่วงหน้า 1 เดือน รวมค่าส่วนกลาง
🚫 ไม่รับสัตว์เลี้ยง

🛋️ เฟอร์นิเจอร์ + เครื่องใช้ไฟฟ้าครบ แอร์ 4 / ทีวี 2 /
ตู้เย็น / เครื่องซักผ้า / เครื่องทำน้ำอุ่น /
เตาไฟฟ้า+ฮูด / ระบบกันขโมย

🏊‍♀️ ส่วนกลางครบ สโมสร / ฟิตเนส / สระว่ายน้ำ / สนามเด็กเล่น

📍 ใกล้ตลาดศรีอรุณ, รร.มงฟอร์ต, วารี, Unity, ABS, Central Festival, สนามบิน

สนใจนัดดูติดต่อ
Tel: 061-4494297 (Mike)
LINE: @864pdamh

#บ้านเช่าเชียงใหม่ #บ้านเดี่ยวให้เช่า #Inizioเชียงใหม่ #BCM0029

#Single-family home for rent at Inizio Land & House, San Kamphaeng Sai Mai.
Corner plot, fully furnished, with built-ins throughout, located opposite the clubhouse in a quiet atmosphere. 24-hour security.

📐 Land area: 70.9 sq wah | Usable area: 130 sq m
3 bedrooms | 3 bathrooms | Kitchen | Living room | Parking for 2 cars

💰 Rent: 38,000 baht/month, 1-year contract
2-month security deposit + 1 month advance payment, including common area fees
🚫 No pets allowed

🛋️ Fully furnished and equipped with appliances: 4 air conditioners, 2 TVs,

Refrigerator, washing machine, water heater,

Electric stove + hood, and alarm system.

🏊‍♀️ Fully equipped clubhouse, fitness center, swimming pool, and playground.

📍 Near Sri Arun Market, Montfort School, Varee, Unity, ABS, Central Festival, and the airport.

Interested in making an appointment to view? Contact:
Tel: 061-4494297 (Mike)
LINE: @864pdamh

#HouseForRentChiangMai #HouseForRent #InizioChiangMai #BCM0029"
https://baan.kaidee.com/product-371054597,"ราคา: 779,000
เนื้อที่: 308 ตารางวา | ห้องนอน 3 ห้องนอน | ห้องน้ำ 4 ห้องน้ำ | เนื้อที่ 308 ตารางวา | ผู้พัฒนา/เจ้าของโครงการ อื่นๆ | เฟอร์นิเจอร์ ตกแต่งครบ | ปีที่สร้างเสร็จ 2025 | เป็นทรัพย์รอการขาย ไม่ใช่
FOR SALE - Brand New 3 Bed Pool Villas at Kad Farang Village.
บ้านวิลล่าสระว่ายน้ำขนาด 3 ห้องนอน ตั้งอยู่ในทำเลพิเศษ ด้านหลังกาดฝรั่ง วิลเลจ (ใกล้ริมปิง, Starbucks ฯลฯ) แต่ยังคงความเงียบสงบและเป็นส่วนตัว รายล้อมด้วยโรงเรียนนานาชาติ เช่น Lanna International School และ Sathit SBS

*รายละเอียดบ้าน:
🏡 สระว่ายน้ำเกลือขนาด 8x4 เมตร พร้อมพื้นที่พักผ่อนกลางแจ้ง
🏡 ออกแบบเพื่อความเป็นส่วนตัวสูงสุด
🏡 พื้นที่ใช้สอยกว้างขวาง ห้องนั่งเล่นแบบ Open Plan
🏡 ครัวฝรั่งขนาดใหญ่ พร้อมอุปกรณ์บิวท์อินครบครัน (เตาอบ, ไมโครเวฟ, เครื่องล้างจาน ฯลฯ)
🏡 มีห้องครัวไทย/ห้องซักล้างแยกต่างหาก
🏡 ชั้นบนมี 3 ห้องนอน
🏡 ห้องนอนมาสเตอร์ มีห้องน้ำในตัวพร้อมอ่างอาบน้ำ
🏡 ห้องนอนอีก 2 ห้องสามารถมองเห็นวิวสระว่ายน้ำ
🏡 ระเบียงส่วนตัวสำหรับพักผ่อนชมวิว

🌟 ทำเลดีที่สุด! ใกล้เมืองแต่เงียบสงบ
📍 ที่ตั้ง: ด้านหลังกาดฝรั่ง วิลเลจ / Outlet Mall (เพียง 100 เมตร)
📌 Google Map: https://maps.app.goo.gl/TiAZGiV6p71MDhha6"
https://baan.kaidee.com/product-371054607,"ราคา: 7,990,000
เนื้อที่: 308 ตารางวา | ห้องนอน 3 ห้องนอน | ห้องน้ำ 4 ห้องน้ำ | เนื้อที่ 308 ตารางวา | ผู้พัฒนา/เจ้าของโครงการ อื่นๆ | เฟอร์นิเจอร์ ตกแต่งครบ | ปีที่สร้างเสร็จ 2025 | เป็นทรัพย์รอการขาย ไม่ใช่
FOR SALE - Brand New 3 Bed Pool Villas at Kad Farang Village.
บ้านวิลล่าสระว่ายน้ำขนาด 3 ห้องนอน ตั้งอยู่ในทำเลพิเศษ ด้านหลังกาดฝรั่ง วิลเลจ (ใกล้ริมปิง, Starbucks ฯลฯ) แต่ยังคงความเงียบสงบและเป็นส่วนตัว รายล้อมด้วยโรงเรียนนานาชาติ เช่น Lanna International School และ Sathit SBS

*รายละเอียดบ้าน:
🏡 สระว่ายน้ำเกลือขนาด 8x4 เมตร พร้อมพื้นที่พักผ่อนกลางแจ้ง
🏡 ออกแบบเพื่อความเป็นส่วนตัวสูงสุด
🏡 พื้นที่ใช้สอยกว้างขวาง ห้องนั่งเล่นแบบ Open Plan
🏡 ครัวฝรั่งขนาดใหญ่ พร้อมอุปกรณ์บิวท์อินครบครัน (เตาอบ, ไมโครเวฟ, เครื่องล้างจาน ฯลฯ)
🏡 มีห้องครัวไทย/ห้องซักล้างแยกต่างหาก
🏡 ชั้นบนมี 3 ห้องนอน
🏡 ห้องนอนมาสเตอร์ มีห้องน้ำในตัวพร้อมอ่างอาบน้ำ
🏡 ห้องนอนอีก 2 ห้องสามารถมองเห็นวิวสระว่ายน้ำ
🏡 ระเบียงส่วนตัวสำหรับพักผ่อนชมวิว

🌟 ทำเลดีที่สุด! ใกล้เมืองแต่เงียบสงบ
📍 ที่ตั้ง: ด้านหลังกาดฝรั่ง วิลเลจ / Outlet Mall (เพียง 100 เมตร)
📌 Google Map: https://maps.app.goo.gl/TiAZGiV6p71MDhha6

🔥 โปรโมชั่นพิเศษ! ราคานี้รวมสิ่งอำนวยความสะดวกครบครัน 🔥

✅ ระบบโซลาร์เซลล์ ขนาด 5kw ( Option )
✅ ประตูรั้วไฟฟ้า ( Option )
✅ ระบบบ้านอัจฉริยะ (Smart Home Option)
✅ ที่ชาร์จรถยนต์ไฟฟ้า ( Option )
✅ ประตูระบบดิจิตอล
✅ เฟอร์นิเจอร์บิวท์อิน
✅ เครื่องใช้ไฟฟ้าครบชุด
✅ เครื่องล้างจานบิวท์อิน
✅ ตู้เสื้อผ้าบิวท์อิน
✅ เฟอร์นิเจอร์ครบชุด ( Option )

เนื้อที่ดิน 77 ตรว
พื้นที่ใช็สอย 160 ตรม

ราคาขาย 7,790,000 บาท ( ราคานี้พร้อมหิ้วกระเป๋าเข้าอยู่ได้เลย
ค่าโอนและภาษีทุกอย่าง 50/50 ณ กรมที่ดิน
LlNE mai-118"
https://baan.kaidee.com/product-371054623,"ราคา: 7,790,000
เนื้อที่: 308 ตารางวา | ห้องนอน 3 ห้องนอน | ห้องน้ำ 4 ห้องน้ำ | เนื้อที่ 308 ตารางวา | ผู้พัฒนา/เจ้าของโครงการ อื่นๆ | เฟอร์นิเจอร์ ตกแต่งครบ | ปีที่สร้างเสร็จ 2025 | เป็นทรัพย์รอการขาย ไม่ใช่
FOR SALE - Brand New 3 Bed Pool Villas at Kad Farang Village.
บ้านวิลล่าสระว่ายน้ำขนาด 3 ห้องนอน ตั้งอยู่ในทำเลพิเศษ ด้านหลังกาดฝรั่ง วิลเลจ (ใกล้ริมปิง, Starbucks ฯลฯ) แต่ยังคงความเงียบสงบและเป็นส่วนตัว รายล้อมด้วยโรงเรียนนานาชาติ เช่น Lanna International School และ Sathit SBS
*รายละเอียดบ้าน:
🏡 สระว่ายน้ำเกลือขนาด 8x4 เมตร พร้อมพื้นที่
พักผ่อนกลางแจ้ง
🏡 ออกแบบเพื่อความเป็นส่วนตัวสูงสุด
🏡 พื้นที่ใช้สอยกว้างขวาง ห้องนั่งเล่นแบบ Open Plan
🏡 ครัวฝรั่งขนาดใหญ่ พร้อมอุปกรณ์บิวท์อินครบครัน (เตาอบ, ไมโครเวฟ, เครื่องล้างจาน ฯลฯ)
🏡 มีห้องครัวไทย/ห้องซักล้างแยกต่างหาก
🏡 ชั้นบนมี 3 ห้องนอน
🏡 ห้องนอนมาสเตอร์ มีห้องน้ำในตัวพร้อมอ่างอาบน้ำ
🏡 ห้องนอนอีก 2 ห้องสามารถมองเห็นวิวสระว่ายน้ำ
🏡 ระเบียงส่วนตัวสำหรับพักผ่อนชมวิว

🌟 ทำเลดีที่สุด! ใกล้เมืองแต่เงียบสงบ
📍 ที่ตั้ง: ด้านหลังกาดฝรั่ง วิลเลจ / Outlet Mall (เพียง 100 เมตร)
📌 Google Map: https://maps.app.goo.gl/TiAZGiV6p71MDhha6

🔥 โปรโมชั่นพิเศษ! ราคานี้รวมสิ่งอำนวยความสะดวกครบครัน 🔥

✅ ระบบโซลาร์เซลล์ ขนาด 5kw ( Option )
✅ ประตูรั้วไฟฟ้า ( Option )
✅ ระบบบ้านอัจฉริยะ (Smart Home Option)
✅ ที่ชาร์จรถยนต์ไฟฟ้า ( Option )
✅ ประตูระบบดิจิตอล
✅ เฟอร์นิเจอร์บิวท์อิน
✅ เครื่องใช้ไฟฟ้าครบชุด
✅ เครื่องล้างจานบิวท์อิน
✅ ตู้เสื้อผ้าบิวท์อิน
✅ เฟอร์นิเจอร์ครบชุด ( Option )

เนื้อที่ดิน 77 ตรว
พื้นที่ใช็สอย 160 ตรม

ราคาขาย 7,790,000 บาท ( ราคานี้พร้อมหิ้วกระเป๋าเข้าอยู่ได้เลย
ค่าโอนและภาษีทุกอย่าง 50/50 ณ กรมที่ดิน
LlNE mai-118
เบอร์ 0937270568"
https://baan.kaidee.com/product-371054628,"ราคา: 5,999,000
เนื้อที่: 90 ตารางวา | ห้องนอน 4 ห้องนอน | ห้องน้ำ 3 ห้องน้ำ | เนื้อที่ 90 ตารางวา | ผู้พัฒนา/เจ้าของโครงการ อื่นๆ | เฟอร์นิเจอร์ ตกแต่งครบ | ปีที่สร้างเสร็จ 2021 | เป็นทรัพย์รอการขาย ไม่ใช่
ขายบ้านสไตล์โมเดิร์นลอฟท์สุดฮิป อำเภอหางดง เชียงใหม่
ขายบ้านสไตล์โมเดิร์นลอฟท์สุดฮิป อำเภอหางดง เชียงใหม่ | A super hip Modern Loft style house in Hang Dong District, Chiang Mai.
ที่ตั้ง : ตำบลหารแก้ว อำเภอหางดง จังหวัดเชียงใหม่ 50230
พิกัด : https://goo.gl/maps/tujjf62SV2BUSpNN7
ราคาขาย : 5,999,000.- บาท
ประเภท : บ้าน
จำนวนชั้น : 2 ชั้น
พื้นที่ : 90 ตร.วา พื้นที่ใช้สอย : 300 ตร.ม.
ห้องนอน : 4 ห้อง, ห้องน้ำ : 3 ห้อง
ห้องอื่นๆ : 4 ห้อง
ที่จอดรถ : 1คัน
ทิศ : เหนือ
รายละเอียดเพิ่มเติม
บนที่ดินประกอบด้วยบ้าน 2 หลัง
1.บ้านหลังใหญ่ มี 2 ห้องนอนขนาดใหญ่ทั้ง 2 ห้อง,ห้องน้ำ 2 ห้อง, ห้องครัวขนาดใหญ่ 1 ห้อง, ห้องเก็บของ ภายในบ้าน 1 ห้องเล็ก, ห้องเก็บของใต้บันไดขนาดใหญ่ภายนอกบ้าน 1 ห้อง
2.บ้านหลังเล็ก 2 ชั้น 2 ห้องนอน 1ห้องน้ำ
3.ตัวบ้านด้านหลังติดทุ่งนาและบนดาดฟ้าเห็นวิวภูเขาอยู่ด้านหลังทุ่งนา และทางทิศตะวันตก เห็นแสงพระอาทิตย์สวยมาก
4.เหมาะสำหรับพักอาศัยหรือเป็นบ้านพักตากอากาศ หรือเปิดเป็นร้านคาเฟ่สุดเก๋
เฟอร์นิเจอร์
-เฟอร์นิเจอร์ครบ
สิ่งอำนวยความสะดวก
1.โต๊ะประชุม ขนาดใหญ่ทำจากไม้สัก พร้อมเก้าอี้ทำมาจากไม้สัก 8 ตัว
2.ชุดบิ้วอินตู้ห้องครัว ในห้องครัวขนาดใหญ่, ตู้เย็นขนาดใหญ่ 1ตัว,ไมโครเวฟ
พร้อมอุปกรณ์เครื่องครัว
3.กล้องวงจรปิดรอบบ้าน 4 ตัว
4.ชุดเครื่องกรองน้ำอย่างดี พร้อมเครื่องปั๊มน้ำ 1 ตัว
5.แอร์เครื่องทำความเย็น แบรนด์ดี ครบทุกห้อง
6. เครื่องซักผ้าฝาหน้าขนาดใหญ่ 1 ตัว, เครื่องอบผ้า ขนาดใหญ่ 1 ตัว
7.โต๊ะอาหารทรงกลม ขนาดกลางทำจากต้นสัก 1ชุดพร้อมเก้าอี้ 4 ตัว
8.ตู้เย็นขนาดกลาง 1ตัว และไมโครเวฟ
9.เครื่องซักผ้าฝาบน 1ตัว
ทำเลดี สถานที่ใกล้เคียง
ใกล้โรงเรียนนานาชาติเกรซ
ใกล้กาดฝรั่ง 10 นาที
ใกล้สนามบินเชียงใหม่ 15 นาที
หมายเหตุ ค่าโอนคนละครึ่ง

*บริการปรึกษาสินเชื่อฟรี! ดอกเบี้ยพิเศษ และ วงเงินกู้สูงสุด 90-100% ของราคาประเมิน*
สอบถามข้อมูลเพิ่มเติม
สนใจซื้อ-ขายบ้าน ปรึกษาฟรี! ทีมงานมืออาชีพ
Call: 086 526 4669
Facebook: Korn Property
หมายเหตุ : ค่าโอนคนละครึ่ง"
https://baan.kaidee.com/product-371055045,"ราคา: 10,500,000
เนื้อที่: 78.20 ตารางวา | เนื้อที่ 78.20 ตารางวา | ห้องนอน 4 ห้องนอน | ห้องน้ำ 3 ห้องน้ำ | ผู้พัฒนา/เจ้าของโครงการ Supalai | เฟอร์นิเจอร์ มีบางส่วน | เป็นทรัพย์รอการขาย ไม่ใช่
บ้านเดี่ยว ทำเลดี ในเมืองเชียงใหม่
🏡 ขายบ้านเดี่ยว 2 ชั้นในเชียงใหม่ เป็นบ้านโครงการคุณภาพ ของ บริษัทศุภาลัย จำกัด( มหาชน)
หากคุณต้องการทำเล ทำเล และทำเลที่ดีที่สุด นี้เลย ….

-เป็นหมู่บ้านที่ทำเลดีที่สุดในตัวเมืองเชียงใหม่ ใกล้ห้างเซ็นทรัลแอร์พอร์ต เพียง 400 เมตร

-ขับรถเข้าเมือง ไม่ถึง 10 นาที

-เป็นหลังที่ทำเลดีที่สุดในหมู่บ้านและเป็นหลังเดียวที่ติดสวนสีเขียวขนาดใหญ่ , เดิมหลังนี้เป็นบ้านตัวอย่าง

-มองเห็นวิวสนามหญ้า ต้นไม้ใหญ่ จากทุกห้องนอน สวยทั้งกลางวันและกลางคืน

-เป็นทำเลทอง อยู่ถนนวงแหวนรอบ 1 , เดินทาง สะดวก อยู่ติดถนนใหญ่ สามารถนั่งรถโดยสารได้ง่าย

-สามารถเดินทางไป สนามบิน นานาชาติ ดชัยงใหม่ ภายใน 5 นาที

-ใกล้สิ่งอำนวยความสะดวก โรงพยาบาล,ห้างเซ็นทรัลแอร์พอร์ต ,ร้าน 7-11,โลตัส,บิ๊กซี,โกโฮลเซลล์,ปั๊มน้ำมัน,มหาวิทยาลัย เป็นต้น

-ใกล้มากๆ ร้านอาหารและคาเฟ่ เช่น Kfc, Mcdonald’s, Pizza company,Pizza hut, Burger king,Cafe amazon,ร้านกาแฟ รสนิยม เป็นต้น

-บรรยากาศเงียบสงบ รายล้อมด้วยธรรมชาติ และอยู่ติดสวนสาธารณะหมู่บ้านพื้นที่กว่า 1 ไร่

-ระบบรักษาความปลอดภัย ตลอด 24 ชั่วโมง

-รองรับทุกไลฟ์สไตล์ ทั้งวัยเรียน วัยทำงานและวัยเกษียณ

-ปล่อยเช่าได้ ราคาดี

-พื้นที่ปลอดน้ำท่วม

💎💎 ขอแนะนำบ้านหลังนี้ ที่ออกแบบมาเพื่อตอบโจทย์การอยู่อาศัยอย่างแท้จริง

📍 หมู่บ้านศุภาลัย การ์เด้น วิลล์ แอร์พอร์ตทำเล ถนนเชียงใหม่-ฮอด จากสี่แยกสนามบินประมาณ 400 เมตร และเดินทางเข้า-ออกเมืองสะดวก
🛏 4 ห้องนอน | 🚿 3ห้องน้ำ | 🚗 2 ที่จอดรถ
บนที่ดิน 78.20 ตรว. 260 ตารางเมตร
พื้นที่ใช้สอยลงตัว เหมาะสำหรับทั้งครอบครัวเล็กและครอบครัวขยาย

🌴🍀 สงบ ไม่พลุกพล่าน แต่ไม่ห่างไกลจากสิ่งอำนวยความสะดวก


📌💵 ราคา 11,500,000 บาท

📌สนใจติดต่อได้ที่ คุณ ปุ้ม

📞 โทร. 065-5150935 หรือทักแชทเพื่อสอบถามรายละเอียดเพิ่มเติมได้ค่ะ

🏡 Two-story detached house for sale in Chiang Mai. This quality housing project is owned by Supalai Public Company Limited.
If you're looking for the best location, this is the place for you...

- The best location in Chiang Mai city, just 400 meters from Central Airport Plaza.

- Less than a 10-minute drive to the city.

- The best location in the village and the only one with a large green garden. This house was originally a model home.

- Enjoy views of the lawn and large trees from every bedroom, beautiful both day and night.

- Prime location on Ring Road 1, convenient transportation, located on the main road with easy access to public transportation.

- Chiang Mai International Airport can be reached in 5 minutes.

- Close to amenities such as hospitals, Central Airport Plaza, 7-Eleven, Lotus, Big C, Go Wholesale, gas stations, universities, etc.

- Very close to restaurants and cafes such as KFC, McDonald's, Pizza Company, Pizza Hut, Burger King, Cafe Amazon, and Rasniyom Coffee.

- Quiet atmosphere. Surrounded by nature and adjacent to a village park on over 1 rai of land.

- 24-hour security system.

- Accommodates all lifestyles, from students, working professionals, and retirees.

- Rentable at a good price.

- Flood-free area.

💎💎 We recommend this house, designed to truly meet your living needs.

📍 Supalai Garden Ville Airport Village, located on Chiang Mai-Hot Road, approximately 400 meters from the Airport Intersection, offers convenient access to and from the city.
🛏 4 bedrooms | 🚿 3 bathrooms | 🚗 2 parking spaces
On a 78.20 sq wah plot, 260 sq m of living space.
Perfect living space. Ideal for both small and extended families.

🌴🍀 Peaceful, quiet, and yet close to amenities.

📌Price: 11,500,000 baht ( Negotiable )

📌For more information, please contact Khun Pum.

📞 Call 065-5150935 or chat for more details."
https://baan.kaidee.com/product-371056280,"ราคา: 820,000
เนื้อที่: 120 ตารางวา | เนื้อที่ 120 ตารางวา | เป็นทรัพย์รอการขาย ไม่ใช่
ที่ดิน 120 ตรว ถมแล้ว
🙏🏻ขายที่ดินเปล่าถมแล้ว 120 ตารางวา อยากขายสร้างบ้านให้แม่ครับ 🙏🏻 ต่อรองได้

✅โฉนดครุฑแดงพร้อมโอน
✅น้ำไม่ท่วม และไม่เคยท่วม
✅บ้านหนองก้นครุ อ.สันทราย จ.เชียงใหม่ ห่างจากตลาดป่าเหมือด 5 นาที
✅ห่างจากเซ็นทรัลเฟส 15 นาที ม.แม่โจ้ 15 นาที รอบข้างมีบ้านเรือนสร้างแล้ว สงบ ไม่พลุกพล่าน ไม่ไกลเมืองเชียงใหม่
✅เจ้าของขายเองครับ
✅เหมาะกับการซื้อสร้างบ้านหรือลงทุน
✅ขอคนสนใจจริงไม่มิจ


ราคา 820,000 บาท
เนื้อที่ 120 ตารางวา"
https://baan.kaidee.com/product-371056586,"ราคา: 5,400,000
เนื้อที่: 4 ไร่ | เนื้อที่ 4 ไร่ | เป็นทรัพย์รอการขาย ไม่ใช่
ที่ดิน อ.เชียงดาว จ.เชียงใหม่ วิวดอยหลวง 4 ไร่ 🔥 5.4 ล้าน 🔥
ที่ดิน อ.เชียงดาว #เชียงใหม่ วิวดอยหลวง ⛰✨
เนื้อที่ 4 ไร่ 🔥 ราคาดี เจ้าของอยากขาย 🔥

📌 โฉนดครุฑแดง พร้อมโอน
📌 ราคา 5.4 ล้าน (ไร่ละ 1.35 ล้าน) 🔥 #ต่อรองได้ 🔥
📌 เจ้าของรับผิดชอบค่าโอนค่ะ

📣 #รับนายหน้า 3% (ถ้าปิดการขายได้เร็ว มีเพิ่มให้ค่ะ)

✅ ห่างจากตัวเมืองเชียงใหม่แค่ 1 ชั่วโมงครึ่ง
✅ จากถนน หน้าสกร.อำเภอเชียงดาว เข้าซอยมา 800 ม. / 2 นาที
✅ ใกล้ตลาด โลตัส ร้านอาหาร ร้านแฟมากมาย 1-1.5 กม.
✅ ห่างจากที่ว่าการอำเภอเชียงดาว แค่ 1.1 กม.
✅ เห็นวิวดอยหลวง และ ดอยนาง เต็มๆ 😍

ที่ดินแปลงสวย เหมาะจะปลูกบ้านพัก บ้านสวน ทำรีสอร์ท หรือจะทำการเกษตรก็ได้ค่ะ 💙

📞 สอบถามข้อมูลเพิ่มเติมกับเจ้าของโดยตรง
ทักแชท Facebook : Pitchaya Phoomsawat (คุณปิง)
หรือแอดไลน์ด้วย QR Code ในรูปที่แนบมา 💚
หรือนัดชมที่ดินกับคุณขจร 084-366-9987"
https://baan.kaidee.com/product-371056702,"ราคา: 990,000
เนื้อที่: 50 ตารางวา | เนื้อที่ 50 ตารางวา | ห้องนอน 2 ห้องนอน | ห้องน้ำ 2 ห้องน้ำ | เฟอร์นิเจอร์ ไม่มี
บ้านมือสองเชียงใหม่
🏘️ติดทรัพย์รับโค
ขายบ้านพร้อมผู้เช่า 5000/เดือน
📣📣ที่ดิน 50 ตรว 💰ราคาขาย 990,000 บาท คนซื้อจ่ายค่าโอนเอง
ราคาประเมิน 1.35 ล้าน

📍บ้านป่าเห็ว ซอย 7 ต.สันกำแพง
ใกล้เทศบาลสันกำแพง
💚ใกล้ 7-11 และตลาดสด เพียง 700 เมตร
💚ข่วงสันกำแพง 2 กิโล
💚ไปรษณีย์สันกำแพง 2 กิโล
💚โรงพยาบาลสันกำแพง 6 กิโล
สนใจสอบถามทักแชทหรือ☎️ 084-8771930
#ทําเลดีน้ําไม่ท่วม
#เชียงใหม่
#สันกำแพง"
https://baan.kaidee.com/product-371057409,"ราคา: 1,500,000
เนื้อที่: 2 ไร่ | เนื้อที่ 2 ไร่ | เป็นทรัพย์รอการขาย ไม่ใช่
ต้องการขายที่ดิน อยู่ในวังธาร รีสอร์ท ถมแล้วใกล้เขื่อนแม่กวงเชียงใหม่
ต้องการขายที่ดิน ด่วน ราคาถูกจังหวัด เชียงใหม่ อำเภอ ดอยสะเก็ด 2 ไร่2 งาน อยู่ในวังธารรีสอร์ท ใกล้เขื่อนแม่กวง สถานที่ท่องเที่ยว ที่ดินถมแล้ว ล้อมรั้ว มีคนดูแล
ต้องการขาย
1,500,000 บ

สนใจติดต่อ
วัฒน์ 094-442-8747"
https://baan.kaidee.com/product-371057966,"ราคา: 2,450,000
เนื้อที่: 63 ตารางวา | เนื้อที่ 63 ตารางวา | ห้องนอน 2 | ห้องน้ำ 2 | เฟอร์นิเจอร์ มีบางส่วน | ปีที่สร้างเสร็จ 2025
บ้านเดี่ยวชั้นเดียว ทำเลทองหางดง
✨ บ้านเดี่ยวชั้นเดียว ดีไซน์สวยทันสมัย ทำเลทอง หางดง!
ไม่ต้องฝัน! บ้านสวยฟังก์ชันครบ ตอบโจทย์ทุกการใช้ชีวิตของคุณและครอบครัว!

🏡 รายละเอียดบ้าน:
• 3 ห้องนอน 🛌 | 2 ห้องน้ำ 🛁
• พื้นที่ 63 ตารางวา
• โรงจอดรถกว้างขวาง 🚗 จอดได้ถึง 2 คัน

จุดเด่นที่คุณจะหลงรัก:
• ดีไซน์ลงตัว ทั้งภายนอกที่สวยงามทันสมัย และภายในที่ออกแบบให้ใช้สอยได้อย่างคุ้มค่า
• พื้นที่รอบบ้านกว้างขวาง ทั้งหน้าบ้าน ข้างบ้าน และหลังบ้าน มีพื้นที่จัดสวนหรือทำกิจกรรมได้อย่างสบาย
• ทำเลทอง หางดง! ตั้งอยู่โซนหางดง หลังสนามกีฬาเทศบาลหางดง เดินทางสะดวกสบาย ใกล้แหล่งชุมชน

🔥 ราคาพิเศษ! เพียง 2.45 ล้านบาท เท่านั้น! 🔥

โอกาสเป็นเจ้าของบ้านทำเลดีในราคาสุดคุ้มมาถึงแล้ว! อย่ารอช้า!

📞 สนใจนัดชมบ้านหรือสอบถามเพิ่มเติม
ติดต่อ: Tel. 098-8097099 / 061-2562966
💬 Line ID: 098-8097099

#บ้านเดี่ยว #บ้านสวยหางดง #บ้านเชียงใหม่ #ขายบ้าน #บ้านพร้อมอยู่ #หางดง #อสังหาฯเชียงใหม่"
https://baan.kaidee.com/product-371058137,"ราคา: 27,000,000
เนื้อที่: 4434 ตารางเมตร | เนื้อที่ 4434 ตารางเมตร | เป็นทรัพย์รอการขาย ไม่ใช่
ขายบ้าน 2 หลัง สระว่ายน้ำ พร้อมที่ดินสวยที่สุดในโครงการ เนื้อที่ 2 ไร่ 3 งาน 34 ตร.วาใจกลาง อ.สันกำแพง จ.เชียงใหม่
🔥 ให้เช่าบ้าน 2 หลัง พร้อมที่ดินสวยที่สุดในโครงการ! 🏡✨
เนื้อที่ 2 ไร่ 3 งาน 34 ตร.วา – ใจกลาง อ.สันกำแพง จ.เชียงใหม่

👉 เงียบสงบ มีความเป็นส่วนตัว ใกล้ชิดธรรมชาติ เหมาะในการอยู่อาศัย-ทำธุรกิจ!!

📍 ตั้งอยู่ในโครงการ “วิวดอยอาร์ทแอนด์รีสอร์ท”
บ้านเลขที่ 129 ต.แม่ปูคา อ.สันกำแพง จ.เชียงใหม่

** เพียง 30 นาทีถึงสนามบินเชียงใหม่ และเซ็นทรัลเฟส

✅ รายละเอียดบ้าน
🌟 บ้าน 2 หลัง พร้อมศาลานั่งเล่น 2 หลัง / สระว่ายน้ำ /
สวนหย่อมรอบพื้นที่

🏡 บ้านไม้ทรงไทย 2 ชั้น
• ขนาด 8 x 12 เมตร / หันหน้าทางทิศเหนือ
• 2 ห้องนอน | 2 ห้องน้ำ | 1 ห้องครัว | 1 ห้องนั่งเล่น
• ระเบียงกว้าง พร้อมศาลานั่งเล่นหน้าบ้าน
🏡 บ้านปูนชั้นเดียว
• ขนาด 8 x 18 เมตร / หันหน้าทางทิศตะวันออก
• 2 ห้องนอน | 1 ห้องน้ำ | ศาลาทรงไทยหน้าบ้าน
💦 สระว่ายน้ำขนาดใหญ่
• ขนาด 12 x 22 เมตร
🌳 สวนหย่อมรอบพื้นที่ – ดูแลอย่างดี บรรยากาศร่มรื่น
🚗 ที่จอดรถรองรับได้ 8–10 คัน
🛣️ ถนนโอบล้อมที่ดิน 4 ด้าน เข้าออกสะดวก

💡 จุดเด่นที่หาไม่ได้ง่ายๆ:
✅ ที่ดินแปลงสวยที่สุดในโครงการ – ใจกลางหมู่บ้าน
✅ เหมาะทำบ้านพักตากอากาศ, โฮมออฟฟิศ, Private Business หรือ Wellness Center
✅ เงียบสงบ ปลอดภัย อากาศดี
✅ เดินทางสะดวก – ใกล้ตลาด, โรงเรียน, รพ.สันกำแพง, สถานีตำรวจ และที่ว่าการอำเภอแม่ปูคา

💰 ให้เช่าทั้งหมดเพียง 45,000 บาท/เดือน เท่านั้น‼️
(ราคานี้รวมบ้าน 2 หลัง + สระว่ายน้ำ + พื้นที่สวน + ที่จอดรถ)

เหมาะมากสำหรับครอบครัวใหญ่ หรือทำธุรกิจสุขภาพ /
บ้านพักตากอากาศส่วนตัว

📞 เจ้าของลงประกาศเองค่ะ คุยตรง-ต่อรองได้เลย!
โทรด่วน: 088-965-1515 (Add Line ได้ค่ะ)

📆 นัดเข้าชมสถานที่ได้ทุกวันที่สะดวก (มีคนสวนคอยดูแลบ้านตลอดค่ะ)

❤️ ยินดีรับนายหน้า

★★★★★★★★★★★★

🌿🔥 For Rent: 2 Houses with Land – The Most Beautiful Plot in the Project! 🏡✨

Land Size: 2 Rai 3 Ngan 34 Sq. Wah (Approx. 4,336 sq.m.) – Located in the Heart of San Kamphaeng, Chiang Mai
👉 Peaceful, Private, and Elegant – Ideal for Living or Business!
📍 Located in ""Viw Doi Art & Resort"" community
📌 House No. 129, Mae Puka Subdistrict, San Kamphaeng, Chiang Mai
🚗 Only 30 minutes to Chiang Mai International Airport & Central

✅ Property Details:
🌟 Includes 2 Houses + 2 Traditional Thai Pavilions + Large Swimming Pool + Lush Garden

🏡 2-Storey Traditional Thai Teak House
• Size: 8 x 12 meters | North-facing
• 2 Bedrooms | 2 Bathrooms | Kitchen | Living Room
• Wide Balcony with Relaxing Pavilion in Front
🏡 Single-Storey Concrete House
• Size: 8 x 18 meters | East-facing
• 2 Bedrooms | 1 Spacious Bathroom
• Thai-style Pavilion in Front
💦 Large Swimming Pool
• Size: 12 x 22 meters – Well-maintained
🌳 Beautiful Garden Surrounding the Property
• Carefully landscaped with greenery and shade
🚗 Parking for 8–10 Cars
🛣️ Surrounded by roads on all 4 sides – Easy access from every direction

💡 Outstanding Features:
✅ The most beautiful land plot in the entire project – Prime central location
✅ Perfect for private residence, vacation home, home office, wellness center, or boutique business
✅ Quiet, secure, and surrounded by fresh air and nature
✅ Convenient location – Near markets, schools, San Kamphaeng Hospital, police station, and district office

💰 All this for only 45,000 THB/month‼️
Includes: 2 houses + swimming pool + garden + parking

✅ Ideal for large families, wellness businesses, or as a peaceful private retreat

📞 Direct from the owner – No agent fee! Talk directly and negotiate easily

📲 Call Now: 088-965-1515

📆 Available for viewing every day (with full-time gardener on-site)

❤️ Agents welcome!

✨ Don’t miss this rare opportunity – a truly beautiful property in Chiang Mai! Contact us before it’s gone!"
https://baan.kaidee.com/product-371058502,"ราคา: 2,000,000
เนื้อที่: 4 | เนื้อที่ 4
ขาย ที่ดินสวนลำไย 4ไร่ 99ตรว. อ.ดอยหลวง จ.เชียงใหม่
ขาย ที่ดินสวนลำไย 4ไร่ 99ตร.ว. อ.ดอยหลวง จ.เชียงใหม่

พิกัด : https://maps.app.goo.gl/xTug9ACd6DsmEbnQ7

รหัสทรัพย์สิน 68204

**รายละเอียดทรัพย์สิน**
ที่ดินพร้อมสวนลำไย 120 ต้น ขนาด 4 ไร่ 99 ตารางวา
มีน้ำ-ไฟ
มีบ่อน้ำหลังสวน เป็นน้ำที่ไหลมาจากแม่น้ำปิง
ติดตั้งเครื่องปั๊มน้ำเรียบร้อยแล้ว พร้อมวางท่อน้ำรอบสวน


**สถานที่ใกล้เคียง**
ที่ว่าการอำเภอดอยหล่อ 4.8 กม.
โรงพยาบาลดอยหล่อ 5 กม.
อุทยานแห่งชาติแม่วาง 17 กม.
ดอยอินทนนท์ 40 กม.


SALE
2,000,000 THB


Contract Us
Call / Whatsapp : 094-333-1545
LINE ID : @acehome
https://lin.ee/Tvkq7Jg"
https://baan.kaidee.com/product-371058637,"ราคา: 5,900,000
เนื้อที่: 180 ตารางวา | เนื้อที่ 180 ตารางวา | ห้องนอน 5 ห้องนอน | ห้องน้ำ 5 ห้องน้ำ | เฟอร์นิเจอร์ ตกแต่งครบ
🏡 ขายบ้านหรูพร้อมเรือนรับรอง – สันป่าตอง เชียงใหม่
พื้นที่กว้าง 180 ตรว. ใช้สอยกว่า 700 ตร.ม.
5 ห้องนอน | 5 ห้องน้ำ | เรือนรับรองแยก 2 ห้องนอน 2 ห้องน้ำ

✨ บ้านสไตล์คลาสสิคลักซ์ชัวรี พร้อมเฟอร์ครบชุด
🚗 จอดรถได้กว่า 10 คัน
🛋 มีห้องรับแขกใหญ่ 2 โซน
📺 แอร์ใหม่ 6 ตัว / ทีวี / เครื่องครัวครบ
🔒 ประตูรั้วไฟฟ้า + กล้อง CCTV รอบบ้าน

🌿 สนามหญ้ากว้าง ด้านหลังต่อเติมได้
💧 น้ำไม่ท่วมแน่นอน
📍 ใกล้ตลาด โลตัส เซเว่น โรงพยาบาล / ขับถึงสนามบินเพียง 25 นาที

💰 ราคาเพียง 5.9 ล้าน (ต่อรองได้)
☎️ สนใจติดต่อ 0619795001 น้ำทิพย์
📩 Line: thip30052544"
https://baan.kaidee.com/product-371058796,"ราคา: 5,200,000
เนื้อที่: 26 ไร่ | เนื้อที่ 26 ไร่ | เป็นทรัพย์รอการขาย ไม่ใช่
ที่ดิน ที่นา ที่สวน ทำเลดี
🌾🌾 ขายที่นา พร้อมบ่อน้ำส่วนตัว ทำนาได้ทุกฤดู 🌾🌾
📍 พิกัด : บ้านฮ่องถ่อนพัฒนาตำบลแม่นาวาง อำเภอแม่อาย จังหวัดเชียงใหม่
✅ เนื้อที่ 26 ไร่ 2 งาน
🔹 ที่ดินสวย รูปสี่เหลี่ยม ผืนเดียว ไม่แบ่ง
🔹 มี บ่อน้ำในที่ดิน ใช้น้ำได้ตลอดทั้งปี
🔹 ดินอุดมสมบูรณ์ เหมาะสำหรับทำนา ทำการเกษตร หรือปรับทำสวนผลไม้/สวนผสม
🔹 บรรยากาศเงียบสงบ ไม่พลุกพล่าน เหมาะแก่การลงทุนระยะยาว
🚗 การเดินทางสะดวก
ติดถนนคอนกรีต รถยนต์เข้าถึงได้สบาย
ห่างจากถนนใหญ่/ตลาด/แหล่งชุมชนเพียง 1 กม.
✨ จุดเด่นพิเศษ
มีบ่อน้ำของตัวเอง ไม่ต้องกังวลน้ำฝน
🌾ทำนาได้ทุกฤดู เก็บเกี่ยวได้ต่อเนื่อง
✨ที่ดินพร้อมใช้ เหมาะสำหรับผู้ที่ต้องการทำเกษตรจริงจัง หรือซื้อเก็บเป็นทรัพย์สินในอนาคต
💰 ราคาขาย : ไร่ละ 200,000 บาท (ต่อรองได้)
💥ทักแชทหรือโทรรายละเอียดเพิ่มเติมได้
📞 สนใจติดต่อ :
☎️ 085-5309888
📱 092-8595614"
https://baan.kaidee.com/product-371058829,"ราคา: 5,700,000
เนื้อที่: 86 ตารางวา | เนื้อที่ 86 ตารางวา | ห้องนอน 3 ห้องนอน | ห้องน้ำ 4 ห้องน้ำ | เฟอร์นิเจอร์ ตกแต่งครบ
ขายถูกปรับราคาจากเดิม
ขาย!! บ้านวรารมย์เจริญเมือง โซนสันกำแพง-แยกตลาดเจริญเจริญ
✅ ขายบ้าน พร้อมผู้เช่า( สามารถคุยได้ถ้าต้องการอยู่อาศัย) บ้าน สวยๆ พร้อมต่อเติมครัวหลังบ้าน และโรงจอดรถเรียบร้อยแล้ว
🔹 ที่ดิน 86 ตารางวา
🔹 พื้อนที่ใช้สอย 250 ตารางเมตร
🔹 จอดรถได้ 2 คันในบ้าน(หน้าบ้านสามารถจอดได้อีก)
🔹 3 นอน 4 น้ำ
🔹 1 ห้องทำงาน (สามารถทำเป็นห้องนอนได้)
🔹 มีรปภ 24 ชั่วโมง
🔹 คลับเฮาส์ สระว่ายน้ำ ยิม สวนสาธารณะ
🔹 แยกหลุยส์เครื่องเงิน
🔹 ใกล้ตลาดเจริญเจริญ
🔹 ใกล้มหาวิทยาลัยพายัพ, Central festival
🔹 เดินทางไปสนามบินเพียง10-15นาที
🔹ใกล้โรงเรียนนานาชาติ Unity Concord / ABS school /วารี

ราคาขาย 5.7ล้านบาท

House for sale Q-House (Vararom Charoenmuang)
Near Charoen Charoen Market, Payap University >> 6.6MB ‼️ Transfer 100

Land size 86 sq.wah
Living area 250 sq.m.
3 bedrooms 4 bathrooms 1 office room
2 car park
Living room, kitchen, dining area
Maid’s room and bathroom
Laundry zone and big yard

Facility
Clubhouse, Fitness, swimming pool, garden, security 24 hr., CCTV

Call/ Line 082-5919365 น้ำมนต์"
https://baan.kaidee.com/product-371059592,"ราคา: 1,000
เนื้อที่: 423 | เนื้อที่ 423
ขายหรือให้เช่า ที่ดินว่างเปล่าเนื้อที่ 100 ตารางวา
ขายหรือให้เช่า ที่ดินว่างเปล่าเนื้อที่ 100 ตารางวา
มีบ่อน้ำ ต้องขอไฟฟ้าเอง ถ้ามีไฟฟ้าแล้วสามารถสูบน้ำจากบ่อน้ำขึ้นมาใช้ได้

โปรโมชั่นเฉพาะเดือนแรก 1000 บาท

ค่าเช่าเดือนละ ฿2,000บาท
ค่าประกัน 4000 บาท

ขายที่ดินว่างเปล่าเนื้อที่ 423 ตารางวา
มีบ่อน้ำ ราคาตารางวาละ 12600บาท

อยู่ใกล้วัดเชียงแสน ต.หนองผึ้ง อ.สารภี จ.เชียงใหม่

สนใจติดต่อ 089-4910/568
id line : nopnop007"
https://baan.kaidee.com/product-371059816,"ราคา: 25,000,000
เนื้อที่: 20 ไร่ | เนื้อที่ 20 ไร่ | เป็นทรัพย์รอการขาย ไม่ใช่
ขายที่ดินบ้านสวนติดลำน้ำ เชียงใหม่ ใกล้บ่อน้ำพุร้อน ดอยสะเก็ด
ขายที่ดินวิวธรรมชาติ ติดลำน้ำ
พร้อมสิ่งปลูกสร้าง บ้านไม้กึ่งปูน 1 หลัง

ขนาดพื้นที่รวม 20 ไร่ 39.9 ตร.ว.
(แยกเป็นโฉนด จำนวน 14 ไร่ 1 งาน 59 ตร.ว. / น.ส.3 ก จำนวน 5 ไร่ 3 งาน)

ราคาเพียง 25 ล้านบาท
โฉนดพร้อมโอน เจ้าของขายเอง‼️
พิกัด 📍 ตำบลป่าเมี่ยง อำเภอดอยสะเก็ต จังหวัดเชียงใหม่
(หากจากตัวเมืองเชียงใหม่ 30 กม.)
ที่อยู่: https://maps.app.goo.gl/SaBUptwLtYdyGZydA

✅ เหมาะกับการทำรีสอร์ท
✅ เหมาะกับทำบ้านพักตากอากาศ
✅ ชอบความเป็นธรรมชาติส่วนตัว
✅ ทำสวนหรือซื้อเก็บไว้เก็งกำไร
✅ มีผลไม้ออกผลกินได้ตลอดปี

สถานที่และแหล่งท่องเที่ยวใกล้เคียง
🏞️ น้ำพุร้อนดอยสะเก็ด
🏞️ หมู่บ้านแม่กำปอง
🏞️ ม่อนกุเวร อุทยานมหาราชท้าวเวสสุวรรณ

สอบถามเพิ่มเติม: คุณนุ่น : 065-6195987 หรือ
คุณต่อ : 086-5630410"
https://baan.kaidee.com/product-371060299,"ราคา: 1,890,000
เนื้อที่: 28 ตารางเมตร | ห้องนอน 1 ห้องนอน | ห้องน้ำ 1 ห้องน้ำ | เนื้อที่ 28 ตารางเมตร | ชั้น 3 | ผู้พัฒนา/เจ้าของโครงการ อื่นๆ | อนุญาตให้เลี้ยงสัตว์ ไม่อนุญาต | เฟอร์นิเจอร์ มีบางส่วน | ปีที่สร้างเสร็จ 2024 | เป็นทรัพย์รอการขาย ไม่ใช่
𝐓𝐡𝐞 𝐍𝐞𝐱𝐭 ( 𝐑𝐮𝐚𝐦𝐜𝐡𝐨𝐤-𝐂𝐢𝐭𝐲 𝐇𝐚𝐥𝐥 1 )
โครงการ 𝐓𝐡𝐞 𝐍𝐞𝐱𝐭 ( 𝐑𝐮𝐚𝐦𝐜𝐡𝐨𝐤-𝐂𝐢𝐭𝐲 𝐇𝐚𝐥𝐥 1 )
เดอะเน็กซ์ (รวมโชค - ซิตี้ ฮอลล์ 1 )

𝗖𝗿𝗲𝗮𝘁𝗲 𝗬𝗼𝘂𝗿 𝗕𝗮𝗹𝗮𝗻𝗰𝗲 𝗟𝗶𝗳𝗲 -บาลานซ์ชีวิตให้ชิดธรรมชาติ คอนโดใหม่สไตล์ 𝐌𝐢𝐧𝐢𝐦𝐚𝐥 ทำเลโซนรวมโชค

รายละเอียดเบื้องต้น
คอนโด แบบห้อง 1 Bedroom
พื้นที่ใช้สอยเริ่มต้น 27 ตร.ม.

ส่วนกลางครบครันทั้งฟิตเนส สระว่ายน้ำ และสวนสีเขียว

เริ่ม 1.99 ล้าน*

Promotion One Price For 5 Unit

📍 ที่ตั้งโครงการ 𝐓𝐡𝐞 𝐍𝐞𝐱𝐭 𝐑𝐮𝐚𝐦𝐜𝐡𝐨𝐤-𝐂𝐢𝐭𝐲 𝐇𝐚𝐥𝐥 : https://maps.app.goo.gl/drhNz4QfCLb6qpLcA?

สอบถามรายละเอียดเพิ่มเติม : 098-7500920
*เงื่อนไขเป็นไปตามที่บริษัทฯ และยูนิตที่กำหนด"
https://baan.kaidee.com/product-371060318,"ราคา: 2,990,000
เนื้อที่: 24.8 ตารางวา | ห้องนอน 3 ห้องนอน | ห้องน้ำ 3 ห้องน้ำ | เนื้อที่ 24.8 ตารางวา | ผู้พัฒนา/เจ้าของโครงการ อื่นๆ | เฟอร์นิเจอร์ ไม่มี | ปีที่สร้างเสร็จ 2025
ทาวน์โฮมมินิ 2 ชั้น
ทาวน์โฮมเชียงใหม่ 2 ชั้น Monotown Mini ฟังก์ชัน 3 นอน 3 น้ำ พร้อมคลับเฮาส์สิ่งอำนวยความสะดวกครบ

รายละเอียด:

โครงการ Monotown Mini ทาวน์โฮมเชียงใหม่ ที่ออกแบบให้ทุกพื้นที่เป็นสเปซสำหรับครอบครัวคนรุ่นใหม่ พอดีกับการเริ่มต้นชีวิต บนทำเลที่ใกล้ Meta Mall เพียง 5 นาที และยังเชื่อมทะลุได้หลายเส้นทาง ทั้งโซนเซ็นทรัลเฟสติวัล, โซนมหาวิทยาลัยพายัพ, โซนท่ารั้ว และสันกำแพงสายเก่า

ฟังก์ชันลงตัวกับทุกไลฟ์สไตล์ พื้นที่ใช้สอย 150 ตารางเมตร 3 ห้องนอน 3 ห้องน้ำ 1 พื้นที่นั่งเล่น และ 1 พื้นที่ครัว พร้อมดีไซน์คอร์ตยาร์ดไว้ใจกลางบ้าน ช่วยสร้างบรรยากาศบ้านให้ดูโปร่งโล่ง รับลมและแสงธรรมชาติได้ตลอดทั้งวัน

สิ่งอำนวยความสะดวกภายในโครงการ Monotown Mini
• คลับเฮาส์สไตล์โมเดิร์นสุดโดดเด่น
• สระว่ายน้ำ ระบบน้ำเกลือ
• ฟิตเนส อุปกรณ์ออกกำลังกายครบครัน
• เลานจ์, ห้องดูหนัง, มินิบาร์ รองรับการพบปะสังสรรค์
• สวนสาธารณะพร้อมเส้นทางเดินเล่นเลียบธารน้ำ
• สนามบาสเกตบอล ล้อมรอบด้วยวิวธรรมชาติ
• ระบบรักษาความปลอดภัยตลอด 24 ชั่วโมง

ทาวน์โฮมเชียงใหม่ Monotown Mini
นัดชมโครงการได้ทุกวัน / สอบถามเพิ่มเติม
✹ ID Line : @spaceandco
✹ โทร: 088 259 1798"
https://baan.kaidee.com/product-371060323,"ราคา: 4,990,000
เนื้อที่: 50 | ห้องนอน 4 ห้องนอน | ห้องน้ำ 3 ห้องน้ำ | เนื้อที่ 50 | ผู้พัฒนา/เจ้าของโครงการ อื่นๆ | เฟอร์นิเจอร์ ไม่มี | ปีที่สร้างเสร็จ 2025 | เป็นทรัพย์รอการขาย ไม่ใช่
บ้านเดี่ยว 4 ห้องนอน 3 ห้องน้ำ
บ้านแฝด HOLM2

Title:
บ้านเชียงใหม่สไตล์โมเดิร์น โครงการ HOLM 2 ฟังก์ชัน 3 ห้องนอน 3 ที่จอดรถ ใกล้เซ็นทรัลเฟสติวัล

รายละเอียด:
บ้านเชียงใหม่พร้อมอยู่ โครงการ HOLM 2 - สันพระเนตร แนวคิดการออกแบบที่เข้าใจทุกครอบครัว ดีไซน์สไตล์โมเดิร์นที่เชื่อมโยงธรรมชาติเข้ามาใกล้ชิดกับการอยู่อาศัย พร้อมให้คุณใช้ชีวิตที่สะดวกสบายใกล้ Meta Mall 5 นาที และ เซ็นทรัลเฟสติวัล 10 นาที

แบบบ้านแฝด 2 ชั้น ( Duplex Type ) เพียง 34 ยูนิต ในโครงการสังคมคุณภาพที่มีความเป็นส่วนตัว ภายในมีพื้นที่ใช้สอยกว้าง 154 ตร.ม. ไฮไลต์โดดเด่นที่ดีไซน์พื้นที่ Living ช่องแสง Skylight เปิดวิวท้องฟ้าสวยให้มุมพักผ่อน ภายนอกมีพื้นที่สวนกว้างรองรับหลากหลายกิจกรรมนอกบ้าน ฟังก์ชัน 3 ห้องนอน, 3 ห้องน้ำ, 1 ห้องครัวปิด และที่จอดรถยนต์ 3 คัน

สิ่งอำนวยความสะดวกภายในโครงการโฮล์ม 2
• คลับเฮาส์สไตล์โมเดิร์นสุดโดดเด่น
• สระว่ายน้ำ ระบบน้ำเกลือ
• ฟิตเนส อุปกรณ์ออกกำลังกายครบครัน
• เลานจ์, ห้องดูหนัง, มินิบาร์ รองรับการพบปะสังสรรค์
• สวนสาธารณะพร้อมเส้นทางเดินเล่นเลียบธารน้ำ
• สนามบาสเกตบอล ล้อมรอบวิวธรรมชาติ
• ระบบรักษาความปลอดภัยตลอด 24 ชั่วโมง

บ้านเชียงใหม่ พร้อมอยู่
แบบบ้าน Duplex Type โครงการ HOLM 2
ราคาเริ่ม 4.39 ล้านบาท*
นัดชมโครงการได้ทุกวัน / สอบถามเพิ่มเติม
✹ ID Line : @spaceandco
✹ โทร: 088 259 1798"
https://baan.kaidee.com/product-371060331,"ราคา: 4,290,000
เนื้อที่: 36 | ห้องนอน 3 ห้องนอน | ห้องน้ำ 3 ห้องน้ำ | เนื้อที่ 36 | ผู้พัฒนา/เจ้าของโครงการ อื่นๆ | เฟอร์นิเจอร์ ไม่มี | ปีที่สร้างเสร็จ 2025 | เป็นทรัพย์รอการขาย ไม่ใช่
บ้านแฝด 3 ห้องนอน 3 ห้องน้ำ
บ้านแฝด HOLM2

Title:
บ้านเชียงใหม่สไตล์โมเดิร์น โครงการ HOLM 2 ฟังก์ชัน 3 ห้องนอน 3 ที่จอดรถ ใกล้เซ็นทรัลเฟสติวัล

รายละเอียด:
บ้านเชียงใหม่พร้อมอยู่ โครงการ HOLM 2 - สันพระเนตร แนวคิดการออกแบบที่เข้าใจทุกครอบครัว ดีไซน์สไตล์โมเดิร์นที่เชื่อมโยงธรรมชาติเข้ามาใกล้ชิดกับการอยู่อาศัย พร้อมให้คุณใช้ชีวิตที่สะดวกสบายใกล้ Meta Mall 5 นาที และ เซ็นทรัลเฟสติวัล 10 นาที

แบบบ้านแฝด 2 ชั้น ( Duplex Type ) เพียง 34 ยูนิต ในโครงการสังคมคุณภาพที่มีความเป็นส่วนตัว ภายในมีพื้นที่ใช้สอยกว้าง 154 ตร.ม. ไฮไลต์โดดเด่นที่ดีไซน์พื้นที่ Living ช่องแสง Skylight เปิดวิวท้องฟ้าสวยให้มุมพักผ่อน ภายนอกมีพื้นที่สวนกว้างรองรับหลากหลายกิจกรรมนอกบ้าน ฟังก์ชัน 3 ห้องนอน, 3 ห้องน้ำ, 1 ห้องครัวปิด และที่จอดรถยนต์ 3 คัน

สิ่งอำนวยความสะดวกภายในโครงการโฮล์ม 2
• คลับเฮาส์สไตล์โมเดิร์นสุดโดดเด่น
• สระว่ายน้ำ ระบบน้ำเกลือ
• ฟิตเนส อุปกรณ์ออกกำลังกายครบครัน
• เลานจ์, ห้องดูหนัง, มินิบาร์ รองรับการพบปะสังสรรค์
• สวนสาธารณะพร้อมเส้นทางเดินเล่นเลียบธารน้ำ
• สนามบาสเกตบอล ล้อมรอบวิวธรรมชาติ
• ระบบรักษาความปลอดภัยตลอด 24 ชั่วโมง

บ้านเชียงใหม่ พร้อมอยู่
แบบบ้าน Duplex Type โครงการ HOLM 2
ราคาเริ่ม 4.39 ล้านบาท*
นัดชมโครงการได้ทุกวัน / สอบถามเพิ่มเติม
✹ ID Line : @spaceandco
✹ โทร: 088 259 1798"
https://baan.kaidee.com/product-371060366,"ราคา: 2,690,000
เนื้อที่: 149 ตารางเมตร | เนื้อที่ 149 ตารางเมตร | ห้องนอน 3 ห้องนอน | ห้องน้ำ 3 ห้องน้ำ
🏡 บ้านแฝดดีไซน์อบอุ่น ใจกลางแม่ริม
🏡 บ้านแฝดดีไซน์อบอุ่น #ใจกลางแม่ริม

อยู่เองก็สบาย ลงทุนก็เหมาะสุด ๆ 💬
เพราะออกแบบฟังก์ชันให้ลงตัวทั้งครอบครัวขนาดเล็ก–กลาง
3 ห้องนอน 3 ห้องน้ำ พื้นที่ใช้สอย 149 ตร.ม. พร้อมที่จอดรถ 2 คัน
วัสดุใช้ของดีเกรดพรีเมียม — SCG, Colto, พื้น SPC กันน้ำ แถมระบบไฟ–น้ำครบ เดินท่อ เดินสายพร้อมเข้าอยู่ได้เลย
📍 ทำเลดีใน อ.แม่ริม เข้าออกได้หลายทาง
ใกล้เมือง ใกล้ตลาด และธรรมชาติ
บรรยากาศเงียบสงบ แต่เดินทางสะดวกสุด ๆ
ลองมาชมบ้านจริงก่อนตัดสินใจก็ได้ค่ะ
บางที “บ้านที่ใช่” มันให้ความรู้สึกตั้งแต่ก้าวแรกที่เข้าไป 🫶🏻"
https://baan.kaidee.com/product-371060395,"ราคา: 1,620,000
เนื้อที่: 80 ตารางเมตร | เนื้อที่ 80 ตารางเมตร | ห้องนอน 2 ห้องนอน | ห้องน้ำ 1 ห้องน้ำ | เฟอร์นิเจอร์ ตกแต่งครบ
ขายบ้านเชียงใหม่ Minimal Muji
✨ บ้านรีโนเวทใหม่ทั้งหลัง พร้อมอยู่ สไตล์อบอุ่น Minimal Muji
โซนสันทรายน้อย ~ ใกล้ Central Festival แค่ 4 กม.
***โซนนี้น้ำไม่ท่วม*** ทำเลทองมากๆ

รีโนเวทใหม่ทั้งระบบ ใช้วัสดุดีทั้งหลัง เดินระบบไฟใหม่ / ฝ้าใหม่ / เฟอร์นิเจอร์ใหม่ครบ / งานจบแบบละเอียด
ห้องน้ำใช้ American Standard ทั้งเซ็ต ใช้ได้ยาว คุ้มค่า ไม่ใช่งานรีโนประหยัด ๆ

พื้นที่ภายใน แสงและเฟอร์สวยมาก เหมาะกับอยู่เอง / คู่รักเริ่มต้นชีวิต / อยู่คนเดียวแบบสบาย ๆ / หรือซื้อไว้ปล่อยเช่าก็ปล่อยง่าย (โซนนี้ทำเลดีมาก คนทำงานและนักศึกษาเยอะ รวมถึงฝรั่งชาวต่างชาติ)

LOCATION
• สันทรายน้อย
• ติดเมือง เดินทางเข้าเมืองไว
• ใกล้วงแหวนรอบ 2
• 4 กม. ถึง Central Festival
• รอบบ้านโรงเรียน โรงพยาบาล ตลาด วัด ร้านอาหาร คาเฟ่ครบ ใช้ชีวิตง่ายมาก 😍

ราคา 1.62 ล้านบาท เท่านั้น ต่อรองได้! เงินสดลดได้อีก
โปรเฉพาะเดือน พฤศจิกายน นี้ 🌟
• ฟรีโอน
• ฟรีเฟอร์นิเจอร์ครบ
• ฟรีเครื่องใช้ไฟฟ้า

พร้อมเข้าอยู่ได้ทันที!

สนใจนัดดูบ้าน / วิดีโอพาชมจริง
ทัก inbox หรือ โทร 090-985-5431 (คุณรุ่ง)
Location : https://maps.app.goo.gl/HZhAUw5dS9qLpQRR9?g_st=ipc

#บ้านเชียงใหม่ #บ้านรีโนเวทใหม่ #บ้านมูจิ #บ้านสันทรายน้อย #ขายบ้านเชียงใหม่ #2Heartshome"
https://baan.kaidee.com/product-371060476,"ราคา: 50,000
เนื้อที่: 221 ตารางเมตร | ห้องนอน 3 ห้องนอน | ห้องน้ำ 3 ห้องน้ำ | เนื้อที่ 221 ตารางเมตร
ให้เช่าบ้านเดี่ยว โครงการสีวลี ราชพฤกษ์ แม่เหี๊ยะ เชียงใหม่
#ให้เช่าบ้านเดี่ยว โครงการสีวลี ราชพฤกษ์ (Land & House) – แม่เหี๊ยะ เชียงใหม่

บ้านแปลงหัวมุม ถนนเมน ด้านข้างติดสวนสาธารณะขนาดใหญ่
บรรยากาศดี ลมเย็น เป็นส่วนตัว พร้อมระบบรักษาความปลอดภัย 24 ชม.

พื้นที่ดิน 116.5 ตร.วา | พื้นที่ใช้สอย 221 ตร.ม.
หันหน้าทิศใต้
3 ห้องนอน | 3 ห้องน้ำ | ห้องแม่บ้านพร้อมห้องน้ำ | ที่จอดรถ
มีพื้นที่สีเขียวรอบบ้าน ร่มรื่นทั้งวัน

ส่วนกลางครบ ฟิตเนส สระว่ายน้ำ ซาวน่า และสวนส่วนกลางขนาดใหญ่

ทำเลดี ใกล้สนามบินและสิ่งอำนวยความสะดวกครบ
– Big C แม่เหี๊ยะ / Makro / Lotus 2–3 นาที
– ตลาดแม่เหี๊ยะ / Rimping / Central Airport 4–6 นาที
– โรงเรียน ABS / American Pacific / สารสาสน์วิเทศล้านนา 5 นาที
– รพ.เชียงใหม่ใกล้หมอ / เชียงใหม่ราม 4–10 นาที
– ม.เชียงใหม่ / ม.ฟาร์อีสเทิร์น 6–10 นาที

ค่าเช่า 50,000 บาท/เดือน
ที่ตั้ง: โครงการสีวลี ราชพฤกษ์ ต.แม่เหี๊ยะ อ.เมือง เชียงใหม่

สนใจนัดดูติดต่อ
Tel: 061-4494297 (Mike)
LINE: @864pdamh

#บ้านเช่าเชียงใหม่ #บ้านเดี่ยวเชียงใหม่ #สีวลีราชพฤกษ์ #บ้านแม่เหี๊ยะ #BCM0030

–––––––––––––––––––––––––––––––––––––––––––

#HouseforRent – Siwalee Ratchaphruek (Land & House), Mae Hia, Chiang Mai

Corner plot on the main road, next to a large public park.
Quiet atmosphere, good ventilation, high privacy, with 24-hour security.

Land area: 116.5 sq.wah | Usable area: 221 sq.m.
South-facing direction
3 bedrooms | 3 bathrooms | Maid’s room with bathroom | Parking spaces
Spacious green area surrounding the house.

Facilities: Fitness, swimming pool, sauna, and large central park.

Excellent location, close to the airport and key amenities
– Big C Mae Hia / Makro / Lotus: 2–3 min
– Mae Hia Market / Rimping / Central Airport: 4–6 min
– ABS / American Pacific / Sarasas Witaed Lanna School: 5 min
– Chiang Mai Klaimor / Chiang Mai Ram Hospital: 4–10 min
– Chiang Mai University / Far Eastern University: 6–10 min

Rent: 50,000 THB/month
Location: Siwalee Ratchaphruek, Mae Hia, Mueang Chiang Mai

Contact for viewing
Tel: 061-4494297 (Mike)
LINE: @864pdamh

#HouseForRentChiangMai #SiwaleeRatchaphruek #MaeHiaHouse #ChiangMaiHome #BCM0030"
https://baan.kaidee.com/product-371060556,"ราคา: 25,000
เนื้อที่: 150 ตารางเมตร | ห้องนอน 3 ห้องนอน | ห้องน้ำ 3 ห้องน้ำ | เนื้อที่ 150 ตารางเมตร
ให้เช่าบ้านเดี่ยว ศุภาลัยวิลล์ โชตนา–รวมโชค เชียงใหม่
#ให้เช่าบ้านเดี่ยว ศุภาลัยวิลล์ โชตนา–รวมโชค เชียงใหม่

บ้านเดี่ยว 2 ชั้น บนทำเลสะดวก ใกล้ศูนย์ราชการและ NIS Nakornpayap International School
ภายในโครงการมีระบบรักษาความปลอดภัยตลอด 24 ชั่วโมง

3 ห้องนอน | 3 ห้องน้ำ | ที่จอดรถ 2 คัน
เฟอร์นิเจอร์ครบพร้อมอยู่
เตียง 3 | ตู้เสื้อผ้า 3 | แอร์ 4 | เครื่องทำน้ำอุ่น 2
โต๊ะอาหาร | โซฟา | ตู้เย็น | ไมโครเวฟ | เครื่องซักผ้า

ค่าเช่า 25,000 บาท/เดือน
ประกัน 2 เดือน | ไม่รับสัตว์เลี้ยง

ที่ตั้ง: โครงการศุภาลัยวิลล์ โชตนา–รวมโชค อ.เมือง จ.เชียงใหม่

สนใจนัดดูติดต่อ
Tel: 061-4494297 (Mike)
LINE: @864pdamh

#บ้านเช่าเชียงใหม่ #ศุภาลัยวิลล์เชียงใหม่ #บ้านเดี่ยวให้เช่า #บ้านใกล้ศูนย์ราชการ #BCM0031

–––––––––––––––––––––––––––––––––––––––––––

BCM0031
#HouseforRent – Supalai Ville Chotana–Ruamchok, Chiang Mai

Two-story detached house in a convenient location near the Chiang Mai Government Center and NIS Nakornpayap International School.
Gated community with 24-hour security.

3 bedrooms | 3 bathrooms | Parking for 2 cars
Fully furnished and ready to move in.
Includes 3 beds, 3 wardrobes, 4 air conditioners, 2 water heaters, dining table, sofa, refrigerator, microwave, and washing machine.

Rent: 25,000 THB/month
Deposit: 2 months | No pets allowed

Location: Supalai Ville Chotana–Ruamchok, Mueang District, Chiang Mai

Contact for viewing
Tel: 061-4494297 (Mike)
LINE: @864pdamh

#HouseForRentChiangMai #SupalaiVille #ChiangMaiHome #HouseForRentNearGovernmentCenter #BCM0031"
https://baan.kaidee.com/product-371060610,"ราคา: 30,000
เนื้อที่: 150 ตารางเมตร | ห้องนอน 3 ห้องนอน | ห้องน้ำ 2 ห้องน้ำ | เนื้อที่ 150 ตารางเมตร
ให้เช่าบ้านเดี่ยว โครงการสีวลี มีโชค เชียงใหม่
#ให้เช่าบ้านเดี่ยว โครงการสีวลี มีโชค – เชียงใหม่

บ้านเพิ่งรีโนเวทใหม่ทั้งหลัง เฟอร์นิเจอร์และเครื่องใช้ไฟฟ้าใหม่ทั้งหมด
พร้อมเข้าอยู่ได้ทันที บ้านสวย อบอุ่น สภาพเหมือนบ้านใหม่
ค่าเช่าถูกที่สุดในโครงการและย่านนี้

3 ห้องนอน | 2 ห้องน้ำ | 1 ห้องครัว
พื้นที่ 52 ตร.วา ใกล้คลับเฮ้าส์ ฟิตเนส สระว่ายน้ำ และสนามเด็กเล่น
เฟอร์นิเจอร์ครบ แอร์ทุกห้อง / ทีวี 43 นิ้ว / ตู้เย็น / เครื่องซักผ้า / ไมโครเวฟ / เตาแก๊ส
รปภ. 24 ชม.

สัตว์เลี้ยงพิจารณาเป็นรายกรณี (หากเลี้ยงหลายตัวขอไม่รับ)

ค่าเช่า 30,000 บาท/เดือน (รวมค่าส่วนกลางแล้ว)
มัดจำ 2 เดือน (กรณีมีสัตว์เลี้ยง มัดจำ 3 เดือน)
สัญญาขั้นต่ำ 1 ปี

ที่ตั้ง: โครงการสีวลี มีโชค (ใกล้ตลาดรวมโชค, Central Festival, รพ.กรุงเทพเชียงใหม่, รร. NIS)

สนใจนัดดูติดต่อ
Tel: 061-4494297 (Mike)
LINE: @864pdamh

#บ้านเช่าเชียงใหม่ #บ้านสีวลีมีโชค #บ้านรีโนเวทใหม่ #บ้านเดี่ยวเชียงใหม่ #BCM0032

–––––––––––––––––––––––––––––––––––––––––––

BCM0032
#HouseforRent – Siwalee Meechok, Chiang Mai

Newly renovated detached house with all new furniture and appliances.
Cozy, bright, and ready to move in immediately.
The most affordable rental rate in this neighborhood.

3 bedrooms | 2 bathrooms | 1 kitchen
Land area: 52 sq.wah
Close to clubhouse, fitness, swimming pool, and playground.
Fully furnished: Air-conditioners in every room, 43"" TV, refrigerator, washing machine, microwave, and gas stove.
24-hour security.

Pet-friendly (small trained pets considered, large numbers not allowed).

Rent: 30,000 THB/month (including common fee)
Deposit: 2 months (3 months if with pets)
Minimum contract: 1 year

Location: Siwalee Meechok Village (near Meechok Plaza, Central Festival, Bangkok Hospital Chiang Mai, and NIS International School).

Contact for viewing
Tel: 061-4494297 (Mike)
LINE: @864pdamh

#HouseForRentChiangMai #SiwaleeMeechok #NewlyRenovatedHouse #ChiangMaiHome #BCM0032"
https://baan.kaidee.com/product-371060860,"ราคา: 350,000
เนื้อที่: 4 ไร่ | เนื้อที่ 4 ไร่
ที่ดินสวน บ้านสวน
ขายที่สวนลำไย 4ไร่ 12ตารางวา ไร่ละ3.5แสน มีบ้านในสวน ไฟฟ้า ประปาพร้อม โฉนดครุฑแดง พิกัดบ้านห้วยโจ้ ม.2 ต.สบเตี๊ยะ อ.จอมทอง จ.เชียงใหม่ สนใจสอบถามได้คับ"
https://baan.kaidee.com/product-371061046,"ราคา: 5,700,000
เนื้อที่: 17.1 | เนื้อที่ 17.1 | เป็นทรัพย์รอการขาย ไม่ใช่
ขายต่ำกว่าราคาตลาด เจ้าของขายเอง ตึกแถวย่านช้างคลาน-เจริญประเทศ
พิกัด : ตึกแถว 5 ชั้นติดโรงเรียนมงฟอร์ตประถม ต.ช้างคลาน อ.เมืองเชียงใหม่ จ.เชียงใหม่
-ขายต่ำกว่าราคาตลาด ขายด่วนเจ้าของขายเอง
-ตึกแถว 5 ชั้น มีโฉนดสร้างบนเนื้อที่ 17.1 ตารางวา หน้าตึกกว้าง 4 เมตร,ยาว(ลึก) 18 เมตร
-1ห้องโถงชั้นล่างค้าขาย ทำธุรกิจได้,3 ห้องนอน ,4 ห้องน้ำ ,1 ห้องครัว,1 ที่จอดรถหน้าตึก,ชั้นบนสุดมีดาดฟ้า มองเห็นวิวดอยสุเทพ
-เหมาะทำโรงเรียนกวดวิชา คาเฟ่ ร้านอาหาร คลีนิค โฮสเทล ต่อยอดธุรกิจได้หลายรูปแบบ
""ขายด่วนต่ำกว่าราคาตลาด 5.7 ล้านบาท/ค่าโอน ค่าภาษี ค่าธรรมเนียม = คนละครึ่ง""
สอบถามเพิ่มเติมโทร. 094-624-7879 (Line)"
https://baan.kaidee.com/product-371061056,"ราคา: 4,800,000
เนื้อที่: 24 ไร่ | เนื้อที่ 24 ไร่
ขายที่สวน
พื้นที่ครอบครอง
ขอคนรับได้ ราคานี้ต่อรองได้
มีบ่อปลากลางสวน มีไฟฟ้า ถนนคอนกรีต มีน้ำ"
https://baan.kaidee.com/product-371061200,"ราคา: 13,000
เนื้อที่: 50 ตารางวา | เนื้อที่ 50 ตารางวา | ห้องนอน 2 | ห้องน้ำ 2 | ผู้พัฒนา/เจ้าของโครงการ อื่นๆ | เฟอร์นิเจอร์ ตกแต่งครบ
ปล่อยเช่า รายวัน รายเดือน"
https://baan.kaidee.com/product-371061262,"ราคา: 13,800,000
เนื้อที่: 83.20 ตารางวา | เนื้อที่ 83.20 ตารางวา | ห้องนอน 4 ห้องนอน | ห้องน้ำ 3 ห้องน้ำ | เฟอร์นิเจอร์ มีบางส่วน | ปีที่สร้างเสร็จ 2024
บ้านใหม่สวยมาก ในโครงการ มัณฑนา ซีรีน เลค เชียงใหม่
🌿บ้านใหม่สวยมาก! ในโครงการ “มัณฑนา ซีรีน เลค เชียงใหม่”

✨ หน้าบ้านหัน “ทิศเหนือ” ลมดี ไม่ร้อน
✨ บ้านสร้างปี 2565 ใหม่กริ๊บ! เจ้าของยังไม่เคยเข้าอยู่
✨ พลาสติกเฟอร์นิเจอร์ยังไม่แกะเลยค่ะ

📍 โครงการมัณฑนา ซีรีน เลค เชียงใหม่
ทำเลคุณภาพย่านโครงการในเครือแลนด์แอนด์เฮ้าส์ เดินทางสะดวกทั้งเข้าเมืองและออกนอกเมือง

🏠 รายละเอียดทรัพย์
• ขนาดที่ดิน : 83.20 ตารางวา
• พื้นที่ใช้สอย : 170 ตารางเมตร
• บ้านเดี่ยว 2 ชั้น
• บ้านใหม่ ปี 2565
• เฟอร์นิเจอร์ลอยตัวครบ 2 ห้องนอน

#แถมเครื่องใช้ไฟฟ้า
• เครื่องทำน้ำอุ่น 3 เครื่อง
• แอร์ 4 เครื่อง
• ตู้เย็น
• เครื่องซักผ้า+อบ
• ไมโครเวฟ

💰 ราคาขาย 13.8 ล้านบาท
(ค่าโอนกรรมสิทธิ์คนละครึ่ง)
🧾 ค่าบริการสาธารณะ 45 บาท/ตรว./ปี

⸻
🏡 สิ่งอำนวยความสะดวกภายในโครงการ
• ทะเลสาบขนาดใหญ่
• คลับเฮาส์หรูริมทะเลสาบ
• สระว่ายน้ำ / ฟิตเนส / สวนส่วนกลาง
• ระบบรักษาความปลอดภัย 24 ชม.
⸻
🚗 สถานที่ใกล้เคียง
• สนามบินเชียงใหม่
• เซ็นทรัล แอร์พอร์ต
• ม.เชียงใหม่ / ม.พายัพ
• รพ.มหาราชนครเชียงใหม่
• ถนนมหิดล / ถ.ห้วยแก้ว / ถ.วงแหวนรอบกลาง
⸻
🎯 จุดขายเด่น
• บ้านใหม่ไม่เคยเข้าอยู่เลย
• ทำเลติดเมืองแต่บรรยากาศสงบ มีทะเลสาบสวย
• เหมาะทั้งอยู่อาศัยเองหรือปล่อยเช่าระยะยาว
• บ้านทิศเหนือ รับลมดี ไม่ร้อน

⸻
#บ้านเดี่ยวเชียงใหม่ #บ้านมัณฑนาเชียงใหม่ #บ้านใหม่มือหนึ่ง #บ้านซีรีนเลค #SerenelakeChiangMai #บ้านหรูใกล้เมือง #บ้านวิวทะเลสาบ #บ้านแลนด์แอนด์เฮ้าส์ #บ้านติดทะเลสาบ #บ้านเชียงใหม่ #บ้านพร้อมอยู่"
https://baan.kaidee.com/product-371061282,"ราคา: 1,500,000
เนื้อที่: 52 ตารางวา | เนื้อที่ 52 ตารางวา | ห้องนอน 0 | ห้องน้ำ 1 | ผู้พัฒนา/เจ้าของโครงการ อื่นๆ
บ้านพร้อมที่ดิน"
https://baan.kaidee.com/product-371061842,"ราคา: 1,300,000
เนื้อที่: 152 ตารางวา | เนื้อที่ 152 ตารางวา | ห้องนอน 2 | ห้องน้ำ 1 | เฟอร์นิเจอร์ ไม่มี
บ้านเดี่ยว พร้อมที่ดินติดถนนคอนกรีต
#บ้านพร้อมที่ดิน #ติดถนนคอนกรีตสาธารณะ
เนื้อที่ 152 ตรว.เอกสารโฉนดครุฑแดง
#ราคาเสนอขาย 1,300,000 บาท
#บ้านอายุประมาณ3ปี
บ้านมี 2 ห้องนอน 1 ห้องน้ำห้องครัวห้องโถง
บ้านสวยสภาพใหม่ สะอาด บรรยากาศดีมองเห็นวิวโดยรอบ
การเดินทางเข้าออกสะดวก
ที่ดินตั้งห่างถนนสายหลัก 107 ประมาณ 1 กิโลเมตร
ตั้งอยู่ในตำบลสันมหาพน อำเภอแม่แตง
สนใจสอบถามรายละเอียดเพิ่มเติมทางแชทได้เลยครับ
(บริการสินเชื่อธนาคารให้ฟรี ครับ)"
https://baan.kaidee.com/product-371061901,"ราคา: 26,000,000
เนื้อที่: 31 ตารางวา | เนื้อที่ 31 ตารางวา | เป็นทรัพย์รอการขาย ไม่ใช่
ขายอาคารพาณิชย์ 2 ห้องติด 4 ชั้นครึ่ง ทำเล “คูเมืองเชียงใหม่” (ขายต่ำกว่าราคาประเมิน) ถนนมณีนพรัตน์ ตั้งอยู่ใจกลางเมืองเชียงใหม่
ขายอาคารพาณิชย์ 2 ห้องติด (4 ชั้นครึ่ง) ทำเล “คูเมืองเชียงใหม่” (ขายต่ำกว่าราคาประเมิน) ถนนมณีนพรัตน์

ตั้งอยู่ใจกลางเมืองเชียงใหม่ หน้าตึกติดคูเมืองฝั่งเหนือ

พื้นที่รวมประมาณ 31 ตารางวาเศษ หน้ากว้างประมาณ 8 เมตร

จุดเด่นทรัพย์

อาคาร 4 ชั้นครึ่ง โครงสร้างแข็งแรง
หน้ากว้าง 8 เมตร / ลึกประมาณ 16 เมตร
พท.ใช้สอย 2064 ตรม.
5 ห้องนอน 3 ห้องน้ำ
มี ที่จอดรถส่วนตัว 2 คัน หน้าอาคาร
อยู่ ติดคูเมืองเชียงใหม่ วิวสวย บรรยากาศเมืองเก่า
เหมาะทำ ธุรกิจเชิงพาณิชย์ทุกประเภท
เช่น คาเฟ่, โฮสเทล, คลินิก, ร้านอาหาร, โฮมออฟฟิศ, หรือปล่อยเช่า

ราคาขาย 26,000,000บาท

ติดต่อ id line:jajaohohowoh

เบอร 0898119065

ที่อยู่:https://maps.app.goo.gl/6Tbv9bHfFLviTVYq9

128/1 ถนน มณีนพรัตน์ ตำบลศรีภูมิ อำเภอเมืองเชียงใหม่ เชียงใหม่ 50200



ค่าโอน+ภาษี เจ้าของรับผิดชอบ

#อาคารพาณิชย์เขียงใหม่ #ตึกแถวเชียงใหม่ #ต่ำกว่าราคาประเมิน #ตึกแถวคูเมืองเชียงใหม่ #บ้านเชียงใหม่"
https://baan.kaidee.com/product-371062103,"ราคา: 2,590,000
เนื้อที่: 35 ตารางเมตร | เนื้อที่ 35 ตารางเมตร | ห้องนอน 1 ห้องนอน | ห้องน้ำ 1 ห้องน้ำ | ชั้น 3 | เฟอร์นิเจอร์ ตกแต่งครบ
คอนโดฮิลล์ไซด์ 3 นิมมาน เชียงใหม่
🎉คอนโดฮิลล์ไซด์ 3 นิมมาน มาแล้วจ้าาา🎉
🔥 ราคาใหม่! 2.59 ล้านบาทเท่านั้น! (จากเดิม 2.79 ล้าน) 🔥
นี่คือ ราคาที่คุ้มค่าที่สุด สำหรับคอนโดรีโนเวทใหม่เอี่ยมใจกลางนิมมาน! เป็นเจ้าของห้องที่ครบครันทั้งสไตล์ ความสะดวกสบาย และการลงทุนที่หาที่ไหนไม่ได้อีกแล้ว!
💖 สัมผัสความสุขในทุกรายละเอียด
ห้อง 35 ตร.ม. ชั้น 3 นี้ ถูกออกแบบและตกแต่งด้วยความตั้งใจ เพื่อให้คุณรู้สึกผ่อนคลายและมีสไตล์:
ดีไซน์ที่ลงตัว: ชุดโต๊ะทานข้าวที่ไม่ซ้ำใคร ตู้เสื้อผ้า ขนาดใหญ่พิเศษ และห้องน้ำสุดเก๋พร้อม กระจกบานใหญ่มีไฟ
เข้าถึงได้ทุกคน: ตัวอาคารมี ทางลาด (Ramp) สำหรับรถเข็น อำนวยความสะดวกในการเข้าถึงห้องพักได้อย่างราบรื่น
พักผ่อนส่วนตัว: มี ระเบียง สำหรับนั่งจิบกาแฟสบายๆ ชมบรรยากาศเมือง
📍 ทำเลทองที่การันตีผลตอบแทน
คุณไม่จำเป็นต้องเดินทางไกล เพราะความสุขและความสะดวกสบายอยู่แค่หน้าประตู:
ที่สุดของความสะดวก: 7-Eleven อยู่ปากซอย เดินถึงคาเฟ่สุดชิค และแหล่งร้านอาหารชื่อดังมากมาย
ความสุขวันศุกร์: ทุกวันศุกร์มี ตลาดนัด ของอร่อยอยู่หน้าคอนโด!
พร้อมสร้างรายได้ทันที: ด้วยทำเลที่ นักท่องเที่ยวต่างชาติชื่นชอบมากที่สุด ทำให้ห้องนี้ปล่อยเช่าได้ง่ายและมีผลตอบแทนสูง
✨ ห้องพร้อมอยู่ 100%!
รีโนเวทใหม่หมด: พร้อมเฟอร์นิเจอร์ เครื่องใช้ไฟฟ้าครบชุด (รวมถึง เครื่องซักผ้า และ ครัวบิวท์อิน)
ดูแลสุขภาพ: มี ฟิตเนส สะอาด ที่ชั้นล่างของอาคาร"
https://baan.kaidee.com/product-371062104,"ราคา: 3,000,000
เนื้อที่: 57 ตารางเมตร | เนื้อที่ 57 ตารางเมตร | ห้องนอน 3 ห้องนอน | ห้องน้ำ 3 ห้องน้ำ | ผู้พัฒนา/เจ้าของโครงการ อื่นๆ | เฟอร์นิเจอร์ มีบางส่วน | ปีที่สร้างเสร็จ 2015 | เป็นทรัพย์รอการขาย ไม่ใช่
บ้านเดี่ยว บ่อสร้าง เชียงใหม่
บ้านเดี่ยว โครงการหมู่บ้านศิวาลัย 4 ซื้อมาเพื่อให้ลูกอยู่เรียน มช เรียนจบแล้ว ต้องการขาย หากสนใจซื้อใช้อยู่เอง ต่อรองราคาได้"
https://baan.kaidee.com/product-371062111,"ราคา: 2,590,000
เนื้อที่: 35 ตารางเมตร | เนื้อที่ 35 ตารางเมตร | ห้องนอน 1 ห้องนอน | ห้องน้ำ 1 ห้องน้ำ | ชั้น 3 | เฟอร์นิเจอร์ ตกแต่งครบ
คอนโดฮิลล์ไซด์ 3 นิมมาน
🎉คอนโดฮิลล์ไซด์ 3 นิมมาน มาแล้วจ้าาา🎉
🔥 ราคาใหม่! 2.59 ล้านบาทเท่านั้น! (จากเดิม 2.79 ล้าน) 🔥
นี่คือ ราคาที่คุ้มค่าที่สุด สำหรับคอนโดรีโนเวทใหม่เอี่ยมใจกลางนิมมาน! เป็นเจ้าของห้องที่ครบครันทั้งสไตล์ ความสะดวกสบาย และการลงทุนที่หาที่ไหนไม่ได้อีกแล้ว!
💖 สัมผัสความสุขในทุกรายละเอียด
ห้อง 35 ตร.ม. ชั้น 3 นี้ ถูกออกแบบและตกแต่งด้วยความตั้งใจ เพื่อให้คุณรู้สึกผ่อนคลายและมีสไตล์:
ดีไซน์ที่ลงตัว: ชุดโต๊ะทานข้าวที่ไม่ซ้ำใคร ตู้เสื้อผ้า ขนาดใหญ่พิเศษ และห้องน้ำสุดเก๋พร้อม กระจกบานใหญ่มีไฟ
เข้าถึงได้ทุกคน: ตัวอาคารมี ทางลาด (Ramp) สำหรับรถเข็น อำนวยความสะดวกในการเข้าถึงห้องพักได้อย่างราบรื่น
พักผ่อนส่วนตัว: มี ระเบียง สำหรับนั่งจิบกาแฟสบายๆ ชมบรรยากาศเมือง
📍 ทำเลทองที่การันตีผลตอบแทน
คุณไม่จำเป็นต้องเดินทางไกล เพราะความสุขและความสะดวกสบายอยู่แค่หน้าประตู:
ที่สุดของความสะดวก: 7-Eleven อยู่ปากซอย เดินถึงคาเฟ่สุดชิค และแหล่งร้านอาหารชื่อดังมากมาย
ความสุขวันศุกร์: ทุกวันศุกร์มี ตลาดนัด ของอร่อยอยู่หน้าคอนโด!
พร้อมสร้างรายได้ทันที: ด้วยทำเลที่ นักท่องเที่ยวต่างชาติชื่นชอบมากที่สุด ทำให้ห้องนี้ปล่อยเช่าได้ง่ายและมีผลตอบแทนสูง
✨ ห้องพร้อมอยู่ 100%!
รีโนเวทใหม่หมด: พร้อมเฟอร์นิเจอร์ เครื่องใช้ไฟฟ้าครบชุด (รวมถึง เครื่องซักผ้า และ ครัวบิวท์อิน)
ดูแลสุขภาพ: มี ฟิตเนส สะอาด ที่ชั้นล่างของอาคาร"
https://baan.kaidee.com/product-371062233,"ราคา: 4,590,000
เนื้อที่: 88 ตารางเมตร | เนื้อที่ 88 ตารางเมตร | ห้องนอน 2 ห้องนอน | ห้องน้ำ 2 ห้องน้ำ | เฟอร์นิเจอร์ ตกแต่งครบ
🌟 สุพนิชคอนโดมิเนียม เชียงใหม่
🌟 สุพนิชคอนโดมิเนียม: วิวหลักล้าน พื้นที่หลักแสน!
ราคาพิเศษเพียง 4.59 ล้านบาท (มีโควต้าต่างชาติ)
คอนโดที่ไม่ได้มีดีแค่วิว แต่มีพร้อมทั้ง ความสุขในการอยู่อาศัย, ผลตอบแทนสูง, และความสะดวกสบายไร้ขีดจำกัด!
💚 วิวที่จะเยียวยาหัวใจและเติมพลังให้คุณทุกวัน
นี่คือห้องที่มอบ ""ของขวัญจากธรรมชาติ"" ให้คุณทุกเช้าเย็น:
* ความมหัศจรรย์ยามเช้า: หลังฝนตก คุณจะได้เห็น หมอกอ่อนๆ คลอเคลียภูเขา พร้อมชม เฉดสีเข้ม-อ่อน ของดอยสุเทพแบบพาโนรามา 180 องศา—เป็นภาพวาดที่สวยงามจนแทบหยุดหายใจ!
* แสงสุดท้ายที่แสนอบอุ่น: ยามเย็น ท้องฟ้าจะวาดภาพสี ม่วง ชมพู และทองคำ มอบความสงบและความอิ่มเอมใจอย่างแท้จริง
✨ คุณภาพชีวิตที่ ""ทุกคน"" คู่ควร
คอนโด 2 ห้องนอน 2 ห้องน้ำ ขนาด 88 ตร.ม. ที่กว้างขวางเหมือนบ้าน ตกแต่งครบชุด:
* เข้าถึงได้สมบูรณ์แบบ: มี ทางลาด (Ramp) สำหรับรถเข็น อำนวยความสะดวกตั้งแต่ทางเข้าจนถึงห้องพัก ทำให้ทุกคนในครอบครัวใช้ชีวิตได้อย่างปลอดภัยและไร้กังวล
* หรูหราพร้อมพักผ่อน: มี สระว่ายน้ำขนาดใหญ่และสะอาด พร้อมให้คุณได้ผ่อนคลายอย่างมีระดับ
* ทำเลที่สมบูรณ์แบบ: ตรงข้าม สวนสาธารณะ สำหรับออกกำลังกาย มี 7-Eleven อยู่หน้าคอนโด เดินทางสะดวกสบาย ใกล้สถานีรถไฟ
💰 สุดยอดการลงทุนที่ให้ผลตอบแทนคุ้มค่า
ด้วยองค์ประกอบที่ลงตัวทั้งวิวที่สวยงาม การเข้าถึงที่โดดเด่น และทำเลที่เป็นที่ต้องการ ทำให้ห้องนี้เป็น ทรัพย์สินที่สร้างกระแสเงินสดได้อย่างยอดเยี่ยม:
* ผลตอบแทนสูง: การันตีรายได้จากการปล่อยเช่า 8-15% ต่อปี
* รายได้มั่นคง: ค่าเช่ารายเดือนสูงถึง 35,000–40,000 บาท"
https://baan.kaidee.com/product-371063963,"ราคา: 4,200,000
เนื้อที่: 21 ตารางวา | เนื้อที่ 21 ตารางวา | เป็นทรัพย์รอการขาย ไม่ใช่
ขายตึกในกาดสามแยก ใกล้เซ็นทรัลเฟส
ขายตึก 3 ชั้นเต็ม ในกาดสามแยก เหมาะสำหรับค้าขายและอยู่อาศัย ขนาด 21 ตารางวา กว้าง 4 เมตรลึก 18 เมตร ราคาพิเศษ 4.2 ล้านบาท
เจ้าของขายเอง สนใจติดต่อได้ตลอด"
https://baan.kaidee.com/product-371063984,"ราคา: 20,000
เนื้อที่: 50 ตารางวา | เนื้อที่ 50 ตารางวา | ห้องนอน 3 ห้องนอน | ห้องน้ำ 2 ห้องน้ำ | ผู้พัฒนา/เจ้าของโครงการ Supalai | เฟอร์นิเจอร์ ตกแต่งครบ | ปีที่สร้างเสร็จ 2018
บ้านในโครงการ ใกล้ NIS, ตลาดรวมโชค
บ้านในโครงการ เจ้าของปล่อยเช่า
3 นอน 2 น้ำ 4 แอร์
ใกล้ NIS International School, Rimping Supermarket, ตลาดรวมโชค, ศูนย์ราชการ
ไม่รับสัตว์เลี้ยง
ในหมู่บ้านมีสวนเงียบสงบ
ค่าเช่า 20,000 บาท/เดือน
ขั้นต่ำ 1 ปีขึ้นไป
ติดต่อ 094-2691549 , 081-5948678

House for Rent - near NIS School, Rimping Supermarket"
https://baan.kaidee.com/product-371064098,"ราคา: 250,000
เนื้อที่: 111 ตารางวา | เนื้อที่ 111 ตารางวา | เป็นทรัพย์รอการขาย ไม่ใช่
ที่ดิน111ตรว.ใน
ขายที่ดินพร้อมสร้างบ้านเนื้อที่1งาน11ตารางวา หมู่บ้านสันต้นม่วง ต.บ้านโป่ง อ.พร้าว จ.เชียงใหม่ ราคา 250,000 ที่ดินสวยมาก สามารถสร้างบ้านได้เลย เทพื้นเรียบร้อยพร้อมเสา เดินทางสะดวกสบายอากาศดี บรรยากาศเงียบสงบ เพื่อนบ้านดี เป็นมิตรช่วยเหลือเกื้อกูลต่อกัน ปลอดภัย ชื่อไว้ไม่ผิดหวังแน่นอน"
https://baan.kaidee.com/product-371065051,"ราคา: 1,550,000
เนื้อที่: 5 ไร่ | เนื้อที่ 5 ไร่ | เป็นทรัพย์รอการขาย ไม่ใช่
ร้อนเงินขายใช้หนี้มีโฉนด 5 ไร่กว่าขายยกแปลงเพียง 1.55 ล้านรวมโอน สวนลำไยเชิงเขา อ.จอมทอง จ.เชียงใหม่
ลดราคาด่วน!!! ขายใช้หนี้ขายยกแปลงเพียง 1.55 ล้านบาทรวมโอน (มีโฉนด 5ไร่94ตรว.)

พิกัดที่ดิน : Hillside Chomtong Fishing Farm บ้านพุทธนิมิตร(แท่นดอกไม้) ซอย 2 ต.สบเตี๊ยะ อ.จอมทอง จ.เชียงใหม่
-ขายสวนลำไย บ่อปลา พืชผักสวนครัว ดินดี น้ำดี น้ำห้วยล้อมรอบทิศ
-เป็นที่ราบเชิงเขา เชิงดอยโมคคัลลาน วิวภูเขาสวยๆ อากาศดีเย็นสบายทั้งปี
-มีโฉนด เนื้อที่ 5 ไร่ 94 ตรว. รูปแปลงสี่เหลี่ยมผืนผ้า
-ห่างถนนสี่เลนส์ ทล. 108 เชียงใหม่-ฮอด เพียง 900 เมตร
-น้ำไฟพร้อม มีเพื่อนบ้าน
-ห่างจากตัวอำเภอจอมทองเพียง 2 กม.
-เหมาะทำบ้านสวน สวนเกษตร ทำไร่ทำสวน บ้านพักตากอากาศเชิงเขา ลานกางเต็นท์
โทร.📞 094-624-7879 (Line)"
https://baan.kaidee.com/product-371065058,"ราคา: 6,508,000
เนื้อที่: 160 ตารางวา | ห้องนอน 3 ห้องนอน | ห้องน้ำ 4 ห้องน้ำ | เนื้อที่ 160 ตารางวา
บ้านแฝดสไตล์ญี่ปุ่น โซนรวมโชค อ.เมือง จ.เชียงใหม่
โครงการ BELIVE (รวมโชค)
วิถีความสุข ที่เรียบง่าย Modern Japanese Home
บ้านแฝดสไตล์โมเดิร์นญี่ปุ่น พร้อมทั้งฟังก์ชั่นการใช้งาน ที่ออกแบบมาเพื่อรองรับกับรูปแบบชีวิตหลากหลาย
ที่ยังคงกลิ่นอายความเรียบง่าย ไม่ซับซ้อนในทรงบ้านแบบญี่ปุ่นร่วมสมัยที่สัมผัสได้ ตั้งแต่ก้าวแรกที่สัมผัส

โคโบชิ (L) 3 ห้องนอน 4 ห้องน้ำ 1 ห้องรับแขก 2 ที่จอดรถ
พื้นที่ใช้สอยขนาด 160 ตร.ม. ที่ดินเริ่มต้น 45.5 ตร.วา ราคา 6.5 ล้านบาท

รายการของแถมมาตรฐานโครงการ
✔️ฟรีค่าโอนกรรมสิทธิ์
✔️ฟรีถังสำรองน้ำพร้อมปั๊มน้ำ
✔️ฟรีค่าธรรมเนียมติดตั้งมิเตอร์ประปา
✔️ฟรีค่าธรรมเนียมติดตั้งมิเตอร์ไฟฟ้า
✔️จัดสวนฟรี
✔️ระบบ Comfort Air


เงื่อนไข
จอง 5,000 บาท ทำสัญญา 10,000 บาท
ค่าส่วนกลางตารางวาละ 28 บาท

📱ติดต่อฝ่ายขายโดยตรง โทร. 093-1971919 ,
Line ID: 093-1971919 ยินดีให้คำแนะนำค่ะ

📍 ที่ตั้งโครงการ : https://goo.gl/maps/auGjBtYifumZqbtv9

***สงวนสิทธิ์ในการเปลี่ยนแปลง ราคาขาย ส่วนลด สินค้าโปรโมชั่น และเงื่อนไขนี้โดยมิต้องแจ้งให้ทราบล่วงหน้า"
https://baan.kaidee.com/product-371065188,"ราคา: 1,290,000
เนื้อที่: 253 ตารางวา | เนื้อที่ 253 ตารางวา | เป็นทรัพย์รอการขาย ไม่ใช่
ขายที่นาติดถนนคอนกรีตกลางชุมชน เหมาะทำบ้านพักตากอากาศ พูลวิลล่า
พิกัดที่ดิน : บ้านกลาง ต.ยุหว่า อ.สันป่าตอง จ.เชียงใหม่
-ขายที่นา วิวสวยมาก เหมาะทำบ้านพักตากอากาศ บ้านสวนพอเพียง
-มีโฉนดเนื้อที่ 253 ตรว./รูปแปลงสี่เหลี่ยม
-หน้ากว้างติดถนนคอนกรีต 38เมตร
-ที่ดินลึก 30 เมตร
-ปัจจุบันยังทำนา ปีละ 2 รอบ
-ห่างทางหลวง 5036 เลียบคลองชล เพียง700เมตร(เชื่อมถนน108แยกธกส.สันป่าตอง กับ ถนนเลี่ยงเมืองสันป่าตอง-หางดง แยกน้ำบ่อหลวง)
-ห่างสนามบินเชียงใหม่เพียง 20กม.
-เดินทางสะดวกมากๆ
-บรรยากาศอบอุ่น เพื่อนบ้านเป็นมิตร
""ขายยกแปลง1.29ล้านพร้อมโอน""
โทร . 094-624-7879 (Line)"
https://baan.kaidee.com/product-371065281,"ราคา: 7,990,000
เนื้อที่: 70 ตารางวา | ห้องนอน 4 ห้องนอน | ห้องน้ำ 5 ห้องน้ำ | เนื้อที่ 70 ตารางวา | ผู้พัฒนา/เจ้าของโครงการ อื่นๆ | เฟอร์นิเจอร์ ไม่มี | ปีที่สร้างเสร็จ 2025 | เป็นทรัพย์รอการขาย ไม่ใช่
ขายราคาพิเศษ 7.99 ล้านบาทพูลวิลล่าสร้างใหม่ใกล้เมือง ต.ป่าแดด อ.เมืองเชียงใหม่
พิกัดที่ดิน : Pool Villa ป่าแดด บ้านดอนชัย ซอย 8 ต.ป่าแดด อ.เมืองเชียงใหม่ จ.เชียงใหม่
-ขายด่วน ขายถูก ที่สุดแห่งความคุ้มค่า
-พูลวิลล่า 2 ชั้นสร้างใหม่ บนเนื้อที่ 71 ตรว. พื้นที่ใช้สอย 275 ตรม.
-4 ห้องนอน(มีห้องน้ำในตัวทุกห้อง)
-5 ห้องน้ำ
-1 ห้องครัว
-1 โรงรถ (จอดรถได้ 3 คัน)
-สระว่ายน้ำระบบสกิมเมอร์ ขนาด 3 เมตร x 7 เมตร ลึก 1.2 เมตร
-วิวสวย อากาศดี ร่มรื่นด้วยต้นไม้ใหญ่รอบบ้าน
“ขายด่วน 7.99 ล้านบาท / ค่าโอน ค่าภาษี ค่าธรรมเนียม = คนละครึ่ง”
*ราคานี้ไม่รวมเฟอร์นิเจอร์บิ้วท์อิน
โทร. 094-624-7879 (Line)"
https://baan.kaidee.com/product-371065456,"ราคา: 2,900,000
เนื้อที่: 65 ตารางวา | เนื้อที่ 65 ตารางวา | ห้องนอน 3 | ห้องน้ำ 2 | เฟอร์นิเจอร์ ไม่มี | เป็นทรัพย์รอการขาย ไม่ใช่
บ้านเดี่ยว 3 ห้องนอน 2 ห้องน้ำ หมู่บ้านสักทอง หมู่ 5 ตำบลน้ำแพร่อำเภอหางดงจังหวัดเชียงใหม่
หมู่ บ้าน สัก ทอง เป็น หมู่ บ้าน นอก โครง การ ไม่ มี ค่า ส่วน กลาง เทศบาล ดู แล หมู่ 5 ตำบล น้ำ แพร่ อำเภอ หางดง จังหวัด เชียงใหม่ เจ้า ของ ขาย เอง ต่อ รอง ได้ เข้า ออก ได้ 2 ทาง เส้น คัน คลอง เชียงใหม่ฮอดเส้นเชียงใหม่ สันป่าตอง ใกล้ โรง พยาบาล หางดง ใกล้บิ๊กซี 2 ใกล้ตลาดเทศบาลกาดฝรั่ง เข้าเมืองใกล้นิดเดียวเซ็นทรัลแอร์พอร์ต โทรคุยต่อรองกับเจ้าของได้ โทร 098-030-7690 คุณนัท ราคา 2.9 ล้านต่อรองได้ เจ้าของขายเอง"
https://baan.kaidee.com/product-371065535,"ราคา: 22,000,000
เนื้อที่: 86 ตารางวา | ห้องนอน 3 ห้องนอน | ห้องน้ำ 2 ห้องน้ำ | เนื้อที่ 86 ตารางวา | เฟอร์นิเจอร์ มีบางส่วน | ปีที่สร้างเสร็จ 2016
ขายบ้านเดี่ยวพร้อมที่ดินในคูเมือง ทำเลทองตัวเมืองเชียงใหม่ย่านการค้าและแหล่งท่องเที่ยว
ขายบ้านเดี่ยวพร้อมที่ดินในคูเมือง ทำเลทองตัวเมืองเชียงใหม่ย่านการค้าและแหล่งท่องเที่ยว
ใกล้สนามบิน ใกล้โรงพยาบาล ใกล้แหล่งการค้าและแหล่งท่องเที่ยว ใกล้โรงเรียน เป็นทำเลทองที่หาได้ยาก
3 ห้องนอน
2 ห้องน้ำ
1 ห้องครัว
1 ห้องนั่งเล่น
มีห้องแยกจากตัวบ้าน 2 ห้อง มีห้องน้ำในตัว
ที่จอดรถจอดได้ถึง 4 คัน
เจ้าของขายเอง"
https://baan.kaidee.com/product-371066303,"ราคา: 29,000,000
เนื้อที่: 560 ตารางวา | เนื้อที่ 560 ตารางวา | ห้องนอน 4 ห้องนอน | ห้องน้ำ 5 ห้องน้ำ | เฟอร์นิเจอร์ ตกแต่งครบ | ปีที่สร้างเสร็จ สร้างเสร็จก่อน 2010
ขายบ้านสไตล์รีสอร์ท หลังมุม สร้างน้ำล้อม อ.สารภี น้ำไม่ท่วม
ขายบ้านสไตล์ Tropical Resort แบบเรือนไทยหมู่ 5หลัง มี Courtyard กลางบ้าน สร้างน้ำล้อมรอบ น้ำไม่ท่วม!!
ออกถนนวงแหวน121 เพียง 900 เมตร

*พิกัด ตําบลท่าวังตาล อําเภอสารภี เชียงใหม่

เนื้อที่ดิน 1 ไร่ 1 งาน 68 ตารางวา
พื้นที่ใช้สอย 550 ตารางเมตร
4 ห้องนอน | 5 ห้องน้ำ
เรือนรับแขก
ห้องครัว
เรือนรับประทานอาหาร
ห้องแม่บ้าน 2 ห้อง พร้อม 1 ห้องน้ำ
เรือนรับประทานอาหาร
เรืองรับรองแขกแขก
ห้องเก็บของ
สวนหลากหลายสไตล์
บ่อปลาเพิ่มสีสันความสงบร่มเย็น
เป็นส่วนตัวและบรรยากาศผ่อนคลาย

ราคาขาย: 29,000,000 บาท

การเดินทางสะดวกสบาย
ออกถนน 121 วงแหวนรอบ3 แค่ 900 เมตร
เข้าเมืองหรือไปสนามบิน 13.7 กม.(25นาที)
ห้างแมคโคร บิ๊กซี 8กม.(15นาที)
สนามกอล์ฟนอร์ธฮิลล์ 6.5 กม.(15นาที)
รร.นานาชาติคริสเตียนเยอรมัน 3 กม.(7นาที)
รร.นานาชาติลานนา 6 กม.(13นาที)
รพ.เชียงใหม่ใกล้หมอ 9.5 กม.(20นาที)

สนใจนัดเข้าชมหรือสอบถามรายละเอียดเพิ่มเติม
โทร. 082-493-2496
What app : 082-493-2496
Line official : https://lin.ee/D0GWMZJ
Website : www.allpropertychiangmai.com
Email : sales@allpropertychiangmai.com
Facebook: https://www.facebook.com/allpropertychiangmai
Youtube: https://youtube.com/@allpropertychiangmai
TikTok: https://www.tiktok.com/@allpropertychiangmai?_t=ZS-8uvIc6Uz80w&_r=1

#ขายบ้านสไตล์รีสอร์ท #ขายรีสอร์ท #wellness #ลงทุนเชียงใหม่ #ลงทุนอสังหาริมทรัพย์ #บ้านพักตากอากาศเชียงใหม่ #บ้านริมน้ำ #resort #allpropertychaingmai

For sale: Tropical Resort-style house with 5 traditional Thai homes featuring a central courtyard surrounded by water—flood-free! Just 900 meters from the 121 ring road.
*Location: Tawangtal Subdistrict, Saraphi District, Chiang Mai
Land area: 1 rai, 1 ngan, 68 square wah
Living area: 550 square meters
4 bedrooms | 5 bathrooms
Guesthouse
Kitchen
Dining house
2 maid rooms with 1 bathroom
Dining room
Guest living room
Storage room
Diverse gardens
Fish pond adding a touch of tranquility
Private and relaxing atmosphere
Selling Price: 29,000,000 THB
Convenient transportation
Only 900 meters from the 121 ring road
City center or airport 13.7 km (25 minutes)
Macro, Big C 8 km (15 minutes)
North Hill Golf Course 6.5 km (15 minutes)
German International School 3 km (7 minutes)
Lanna International School 6 km (13 minutes)
Chiang Mai Near Doctor Hospital 9.5 km (20 minutes)
Interested in viewing or want more information?
Call: 082-493-2496
WhatsApp: 082-493-2496
Official Line: https ://lin.ee/D0GWMZJ
Website: www.allpropertychiangmai.com
Email: sales@allpropertychiangmai.com
Facebook: https://www.facebook.com/allpropertychiangmai
YouTube: https://youtube.com/@allpropertychiangmai
TikTok: https://www.tiktok.com/@allpropertychiangmai?_t=ZS-8uvIc6Uz80w&_r=1
#resorthomeforsale #resortforsale #wellness #investinchiangmai #realestateinvestment #vacationhomechiangmai #riversidehome #resort #allpropertychiangmai

出售风格热带度假村的泰式房屋，五座建筑，有中央庭院，四周环水，绝对不会淹水！
距离121号环形公路仅900米
*位置：清迈市萨帕区陶旺丹小镇
土地面积：1莱1良68平方瓦
使用面积：550平方米
4间卧室 | 5间卫生间
客人接待房
厨房
餐厅
2间女仆房带1间卫生间
餐厅
客人接待室
储藏室
多样化风格的花园
鱼塘增添宁静之美
私密性强，氛围放松
售价：29,000,000泰铢
交通便利
距121号环道3仅900米
进入市区或前往机场13.7公里（25分钟）
宏茂超市和大创8公里（15分钟）
北山高尔夫球场6.5公里（15分钟）
德语基督国际学校3公里（7分钟）
兰纳国际学校6公里（13分钟）
清迈近医医院9.5公里（20分钟）
如有兴趣预约参观或咨询更多信息
电话： 082-493-2496
WhatsApp： 082-493-2496
官方Line：https://lin.ee/D0GWMZJ
网站：www.allpropertychiangmai.com
电子邮件：sales@allpropertychiangmai.com
Facebook：https://www.facebook.com/allpropertychiangmai
YouTube：https://youtube.com/@allpropertychiangmai
TikTok：https://www.tiktok.com/@allpropertychiangmai?_t=ZS-8uvIc6Uz80w&_r=1
#出售度假村风格房屋 #出售度假村 #健康 #投资清迈 #房地产投资 #清迈度假屋 #滨水别墅 #度假村 #allpropertychiangmai"
https://baan.kaidee.com/product-371066312,"ราคา: 7,900,000
เนื้อที่: 159.8 ตารางวา | เนื้อที่ 159.8 ตารางวา | ห้องนอน 3 ห้องนอน | ห้องน้ำ 4 ห้องน้ำ | เฟอร์นิเจอร์ ตกแต่งครบ | ปีที่สร้างเสร็จ 2024
พูลวิลล่าสร้างใหม่ สไตล์บ้านพักตากอากาศชิลล์ ริมน้ำ ชมวิวพาโนรามา 180 องศา โซนสารภี จ.เชียงใหม่
พูลวิลล่าสร้างใหม่ สไตล์บ้านพักตากอากาศชิลล์ ริมน้ำ ชมวิวพาโนรามา 180 องศา โซนสารภี จ.เชียงใหม่
*สไตล์ที่โดดเด่น:**
บ้านพูลวิลล่าริมน้ำของเรามีการออกแบบที่เหมาะสมสำหรับการพักผ่อนในบรรยากาศที่เงียบสงบและเป็นส่วนตัว ตั้งอยู่ในโซนสารภี จ.เชียงใหม่ รายล้อมด้วยธรรมชาติที่สวยงาม เหมาะสำหรับผู้ที่ต้องการหลีกหนีจากความวุ่นวายของเมืองใหญ่

3 ห้องนอน 3 ห้องน้ำ** ที่ออกแบบให้กว้างขวางและให้ความเป็นส่วนตัว

**สถานที่ตั้ง:**
บ้านหลังนี้ตั้งอยู่ห่างจากตลาดในชุมชนเพียง 10 นาที และอยู่ห่างจากศูนย์การค้า โรงพยาบาล และโรงเรียนนานาชาติประมาณ 20 นาที
**โอกาสการลงทุน:**
สามารถปล่อยเช่าได้ โดยมีโอกาสได้รับผลตอบแทนจากการเช่าประมาณ **7.5-8%** ทำให้เป็นการลงทุนที่คุ้มค่าในระยะยาว
-3 ห้องนอน / 3 ห้องน้ำ
-ขนาดที่ดิน: 159.8 ตร.ว. (639.2 ตร.ม.)
-พื้นที่ใช้สอย: 300 ตร.ม.
-สระว่ายน้ำระบบเกลือส่วนตัว (4x8 ม.)
ที่จอดรถรองรับได้มากกว่า 5 คัน

ราคาขาย 8,900,000 บาท

การออกแบบ - แบบชั้นเดียวที่ทันสมัย โมเดิร์นตกแต่งสวนรอบบ้าน เหมาะสำหรับผู้เกษียณอายุและครอบครัว
สระว่ายน้ำ - สระว่ายน้ำระบบเกลือ (4x8 ม.) ปาร์ตี้สังสรรค์ได้
พื้นที่ใช้สอย - พื้นที่นั่งเล่นกว้างขวางพร้อมหน้าต่างบานใหญ่ที่ให้แสงธรรมชาติส่องเข้ามาได้อย่างเต็มที่ และยังมองเห็นสระว่ายน้ำ และ พื้นที่สีเขียวได้อีกด้วย
ห้องครัว - ห้องครัวสไตล์ตะวันตกที่ทันสมัยพร้อมเตาอบ และที่เก็บของมากมาย

คุณสมบัติอื่นๆ:
- ตกแต่งครบชุดด้วยเฟอร์นิเจอร์คุณภาพและตู้และตู้เสื้อผ้าแบบบิวท์อิน
- อ่างอาบน้ำ
- เพดานสูงและโครงสร้างอิฐสองชั้นเพื่อให้บ้านเย็นสบาย
- เครื่องปรับอากาศและระบบกรองอากาศ
- หม้อน้ำร้อน Stiebel 2 เครื่อง (30L) ที่จ่ายน้ำร้อนไปยังห้องน้ำ
- ประตูรีโมท
- ระบบสมาร์ทโฮมพร้อมใช้งาน - ติดตั้งสายไฟสำหรับระบบสมาร์ทโฮมเรียบร้อยแล้ว
- พร้อมเครื่องชาร์จรถยนต์ไฟฟ้า

ทําเลที่ตั้งดีเยี่ยม - เงียบสงบ แต่ยังอยู่ใกล้กับโรงเรียนนานาชาติและศูนย์การค้า
ออกถนนหลักเส้นการไฟฟ้าสารภี 800 เมตร
แยกไทวัสดุ 12 นาที (5 กม.)
รพ.กรุงเทพเชียงใหม่ 17 นาที
สนามกอล์ฟนอร์ธฮิล 15 นาที
- ขับรถ 18 นาที (14.8 กม.) ถึง เซ็นทรัลเฟสติวัล & เซ็นทรัล แอร์พอร์ต พลาซ่า
- ขับรถ 13 นาที (8.4 กม.) ถึง โรงเรียนนานาชาติ ACIS
- ขับรถ 16 นาที (11.4 กม.) ถึง โรงเรียนนานาชาติยูนิตี้ คอนคอร์ด
- ขับรถ 15 นาที (8.6 กม.) ไปยังโรงเรียนนานาชาติลานนา
- ขับรถ 24 นาที (16.5 กม.) ไปยังสนามบินนานาชาติเชียงใหม่

#น้ำไม่ท่วม #สระว่ายน้ำส่วนตัว #พลูวิลล่าเชียงใหม่ #poolvillaresort #พลูวิลล่ารีสอร์ท #สารภี #เชียงใหม่ #allpropertychaingmai #บ้านพักตากอากาศ #พักผ่อน #ครอบครัว

สนใจนัดเข้าชมหรือสอบถามรายละเอียดเพิ่มเติม
โทร. 082-493-2496
What app : 082-493-2496
Line official : https://lin.ee/D0GWMZJ
Website : www.allpropertychiangmai.com
Email : sales@allpropertychiangmai.com
Facebook: https://www.facebook.com/allpropertychiangmai
Youtube: https://youtube.com/@allpropertychiangmai
TikTok: https://www.tiktok.com/@allpropertychiangmai?_t=ZS-8uvIc6Uz80w&_r=1"
https://baan.kaidee.com/product-371066342,"ราคา: 970,000
เนื้อที่: 215.16 ตารางวา | เนื้อที่ 215.16 ตารางวา
ขายที่ดิน 2 งาน 15 ตารางวากว่า ต้นโชค อำเภอไชยปราการ จังหวัดเชียงใหม่
ใกล้เซเว่นสี่แยกเทศบาลหนองบัว เดินทางสะดวก
เบอร์โทรศัพท์ 096 896 7706"
https://baan.kaidee.com/product-371066349,"ราคา: 1,290,000
เนื้อที่: 200 ตารางวา | เนื้อที่ 200 ตารางวา | เป็นทรัพย์รอการขาย ไม่ใช่
ขายที่ดิน ติดถนนใกล้เทศบาลหนองบัว 2 งาน ถมดินเรียบร้อยเทคานพร้อมสร้างบ้าน1,290,000 อำเภอ ไชยปราการ จ.เชียงใหม่ เบอร์โทรศัพท์ 096 896 7706
เทศบาลหนองบัว อำเภอ ไชยปราการ จังหวัด เชียงใหม่"
https://baan.kaidee.com/product-371066368,"ราคา: 13,000,000
เนื้อที่: 68 | เนื้อที่ 68
ขายบ้านพร้อมที่ดิน ทำเลดี ย่านธุรกิจ จ.เชียงใหม่
ขายบ้านพร้อมที่ดิน ทำเลดี ย่าน ธุรกิจ

ตำบล ศรีภูมิ อำเภอ เมือง
จังหวัดเชียงใหม่

อยู่ใกล้ตลาดช้างเผือกและตลาดสมเพชร

บ้านพร้อมที่ดินเนื้อที่ 68 ตารางวา

สนใจติดต่อ คุณเต้ 099 364 8882"
https://baan.kaidee.com/product-371067055,"ราคา: 48,000
เนื้อที่: 340 ตารางเมตร | ห้องนอน 4 ห้องนอน | ห้องน้ำ 3 ห้องน้ำ | เนื้อที่ 340 ตารางเมตร
ให้เช่าบ้านเดี่ยว หมู่บ้านสีวลี เชิงดอย (Serene Lake)
#ให้เช่าบ้านเดี่ยว หมู่บ้านสีวลี เชิงดอย (Serene Lake)
ตำบลแม่เหียะ อำเภอเมือง เชียงใหม่

บ้านสวยหลังใหญ่ เฟอร์นิเจอร์และเครื่องใช้ไฟฟ้าใหม่ทั้งหลัง
– 4 ห้องนอน 3 ห้องน้ำ 4 ที่จอดรถ
– พื้นที่ 85 ตร.วา | ใช้สอย 340 ตร.ม.
– ค่าเช่า 48,000 บาท/เดือน (สัญญา 1 ปี)
– ประกัน 2 เดือน + ล่วงหน้า 1 เดือน

เฟอร์ครบ เครื่องใช้ไฟฟ้าครบ
– เตียง ตู้ โซฟา โต๊ะอาหาร
– ทีวี ตู้เย็น เครื่องซักผ้า
– เตาแก๊ส + ฮูดดูดควัน
– ไมโครเวฟ เครื่องทำน้ำอุ่น แอร์ 5 เครื่อง
– มุ้งลวด ผ้าม่านรอบบ้าน

ส่วนกลางครบ
– สนามเด็กเล่น / สวน / สระว่ายน้ำ / ฟิตเนส / รปภ. 24 ชม.

สนใจนัดดูติดต่อ
Tel: 061-4494297 (Mike)
LINE: @864pdamh

#บ้านเช่าเชียงใหม่ #สีวลีเชียงใหม่ #BCM0036

–––––––––––––––––––––––––––––––––––––––––––

#HouseForRent – Siwalee Village (Serene Lake), Mae Hia, Chiang Mai

Spacious detached house, newly furnished and fully equipped.
– 4 bedrooms, 3 bathrooms, 4 parking spaces
– Land 85 sq.wah | Living area 340 sq.m.
– Rent 48,000 THB/month (1-year contract)
– Deposit 2 months + 1-month advance

Fully furnished: bed, wardrobe, sofa, dining set, TV, fridge, washer, gas stove + hood, microwave, 2 heaters, 5 air-cons.

Facilities: park, playground, pool, fitness, 24-hr security.

Contact for viewing
Tel: 061-4494297 (Mike)
LINE: @864pdamh

#HouseForRentChiangMai #SiwaleeChiangMai #SereneLakeChiangMai #BCM0036"
https://baan.kaidee.com/product-371067113,"ราคา: 38,000
เนื้อที่: 210 ตารางเมตร | ห้องนอน 3 ห้องนอน | ห้องน้ำ 3 ห้องน้ำ | เนื้อที่ 210 ตารางเมตร
ให้เช่าบ้านเดี่ยว เชียงใหม่ หมู่บ้านพิมุกต์ 4 ติดถนนวงแหวนรอบ 2 พายัพ
#ให้เช่าบ้านเดี่ยว เชียงใหม่ หมู่บ้านพิมุกต์ 4 ติดถนนวงแหวนรอบ 2 พายัพ

บ้านเดี่ยวสวย แต่งใหม่ พร้อมเฟอร์นิเจอร์และเครื่องใช้ไฟฟ้าครบ เข้าอยู่ได้ทันที
– ที่ดิน 72 ตร.วา | พื้นที่ใช้สอย 210 ตร.ม.
– 3 ห้องนอน 3 ห้องน้ำ 1 ห้องนั่งเล่น
– แอร์ทุกห้อง รวม 4 เครื่อง
– เครื่องใช้ไฟฟ้าครบ: ทีวี ตู้เย็น ไมโครเวฟ เครื่องซักผ้า
– จอดรถได้ 2 คัน

ทำเลดี เดินทางสะดวก ใกล้เซ็นทรัลเฟสติวัล เพียง 5 นาที และมหาวิทยาลัยพายัพ

ค่าเช่า 38,000 บาท/เดือน
ประกัน 2 เดือน + ล่วงหน้า 1 เดือน

สนใจนัดดูติดต่อ
Tel: 061-4494297 (Mike)
LINE: @864pdamh

#บ้านเช่าเชียงใหม่ #พิมุกต์4 #บ้านใกล้เซ็นทรัลเฟส #BCM0037

–––––––––––––––––––––––––––––––––––––––––––

BCM0037
#HouseforRent – Pimuk 4 Village, Ring Road 2 (Payap Area), Chiang Mai

Beautiful detached house, newly renovated and fully furnished. Ready to move in.
– Land area 72 sq.wah | Living space 210 sq.m.
– 3 bedrooms, 3 bathrooms, 1 living room
– 4 air-conditioners (in every room)
– Fully equipped: TV, refrigerator, microwave, washing machine
– Parking for 2 cars

Prime location – only 5 minutes to Central Festival and near Payap University.

Rent: 38,000 THB/month
Deposit 2 months + 1-month advance

Contact for viewing
Tel: 061-4494297 (Mike)
LINE: @864pdamh

#HouseForRentChiangMai #Pimuk4 #NearCentralFestival #BCM0037"
https://baan.kaidee.com/product-371067173,"ราคา: 25,000
เนื้อที่: 200 ตารางเมตร | ห้องนอน 4 ห้องนอน | ห้องน้ำ 3 ห้องน้ำ | เนื้อที่ 200 ตารางเมตร
ให้เช่าทาวน์โฮม – ศุภาลัย พรีโม่ มหิดล เชียงใหม่
#ให้เช่าทาวน์โฮม – ศุภาลัย พรีโม่ มหิดล เชียงใหม่

ทาวน์โฮมหรู 3 ชั้น แปลงมุม หน้ากว้าง 5 เมตร พื้นที่ 30 ตร.วา พร้อมเฟอร์นิเจอร์ครบ หิ้วกระเป๋าเข้าอยู่ได้เลย
– 4 ห้องนอน 3 ห้องน้ำ 1 ห้องเก็บของ
– ที่จอดรถ 2 คัน พร้อมหลังคาโรงรถ
– ระบบรักษาความปลอดภัย กล้องวงจรปิด + รปภ. 24 ชม.
– มีมุ้งลวดและผ้าม่านทั้งหลัง

เฟอร์นิเจอร์ครบ
– ห้องนอนใหญ่: เตียง ที่นอน ตู้เสื้อผ้า โต๊ะเครื่องแป้ง ทีวี แอร์
– ห้องนอนกลาง: เตียง ที่นอน แอร์
– ห้องรับแขก: โซฟา ทีวี แอร์
– ห้องครัว: ครัวฝรั่ง โต๊ะทานอาหาร ตู้เย็น เครื่องทำน้ำอุ่น

ทำเลดี เดินทางสะดวก
– ใกล้เซ็นทรัลแอร์พอร์ต 5 นาที
– ใกล้สนามบินเชียงใหม่ 7 นาที

ค่าเช่า 25,000 บาท/เดือน (รวมค่าส่วนกลางแล้ว)
สัญญาเช่า 1 ปีขึ้นไป
มัดจำ 2 เดือน + ล่วงหน้า 1 เดือน

สนใจนัดดูติดต่อ
Tel: 061-4494297 (Mike)
LINE: @864pdamh

#บ้านเช่าเชียงใหม่ #ศุภาลัยพรีโม่ #ทาวน์โฮมเชียงใหม่ #BCM0038

–––––––––––––––––––––––––––––––––––––––––––

BCM0038
#TownhomeForRent – Supalai Primo Mahidol, Chiang Mai

Luxury 3-storey corner townhome, 5-meter width, 30 sq.wah land, fully furnished and ready to move in.
– 4 bedrooms, 3 bathrooms, 1 storage room
– 2 parking spaces with carport
– 24-hour security with CCTV
– Mosquito screens and curtains throughout

Fully furnished
– Master bedroom: bed, mattress, wardrobe, dressing table, TV, air-con
– Middle bedroom: bed, mattress, air-con
– Living room: sofa, TV, air-con
– Kitchen: Western-style kitchen, dining table, refrigerator, water heater

Great location
– 5 minutes to Central Airport Plaza
– 7 minutes to Chiang Mai Airport

Rent: 25,000 THB/month (includes common fee)
Minimum 1-year contract
Deposit 2 months + 1-month advance

Contact for viewing
Tel: 061-4494297 (Mike)
LINE: @864pdamh

#HouseForRentChiangMai #SupalaiPrimo #TownhomeChiangMai #BCM0038"
https://baan.kaidee.com/product-371067491,"ราคา: 4,500,000
เนื้อที่: 150 ตารางเมตร | เนื้อที่ 150 ตารางเมตร | ห้องนอน 3 ห้องนอน | ห้องน้ำ 3 ห้องน้ำ | เฟอร์นิเจอร์ ตกแต่งครบ | ปีที่สร้างเสร็จ 2022
โครงการ U Prompt ยูพรอม
โครงการU prompt ( ยู พรอม) บ้านพร้อมที่ดิน
#ตำบลสันพระเนตร #อำเภอสันทราย #จังหวัดเชียงใหม่ เนื้อที่ที่ดิน30ตรว.
3 ห้องนอน 3 ห้องน้ำ 1ครัว 1โถง เนื้อที่บ้าน150ตรม.
👉บ้านติดชิดริม
👉บ้านเกือบ4ปี
✅️เจ้าของเสนอขาย 4,500,000บาท. โอน 50/ 50"
https://baan.kaidee.com/product-371067649,"ราคา: 2,190,000
เนื้อที่: 50 ตารางวา | เนื้อที่ 50 ตารางวา | ห้องนอน 3 ห้องนอน | ห้องน้ำ 2 ห้องน้ำ | ผู้พัฒนา/เจ้าของโครงการ อื่นๆ | เฟอร์นิเจอร์ ไม่มี | ปีที่สร้างเสร็จ 2025
บ้านใหม่ใกล้เมือง เชียงใหม่
เงินเดือนเพียง 15,000/เดือน ใช้เพียงสลิปเงินเดือน 6 เดือนเท่านั้น
บ้านใหม่ 3 นอน 2 น้ำ 50 ตรว. จอดรถ 2 คัน 2,190,000 บาท ทำเลสันกำแพง ใกล้เมืองเดินทางสะดวกหลายเส้นทาง
ฟรี!!!!
มิเตอร์น้ำมิเตอร์ไฟ
โรงจอดรถเต็มพื้นที่ 2-3 คัน
สนามหญ้ารอบตัวบ้าน
ประกันตัวอาคารฟรีหนึ่งปี
ปั๊มน้ำ + แท็งก์น้ำ

สนใจสอบถามรายละเอียดเพิ่มเติมหรือนัดดูบ้านได้นะคะ
ก้อย ☎️ 090-8931529
ไลน์ไอดี : 090-8931529"
https://baan.kaidee.com/product-371067766,"ราคา: 3,150,000
เนื้อที่: 33 ตารางเมตร | ห้องนอน 1 ห้องนอน | ห้องน้ำ 1 ห้องน้ำ | เนื้อที่ 33 ตารางเมตร | ชั้น 5 | ผู้พัฒนา/เจ้าของโครงการ อื่นๆ | อนุญาตให้เลี้ยงสัตว์ ไม่อนุญาต | เฟอร์นิเจอร์ ตกแต่งครบ | ปีที่สร้างเสร็จ 2018 | เป็นทรัพย์รอการขาย ไม่ใช่
ขายคอนโดโซนนิมมาน เชียงใหม่ Palm Spring The Palor
ขายคอนโด Palm Springs The Parlor #คอนโดนิมมาน (English version below)
ทำเลทอง ใจกลางนิมมานเหมาะสำหรับอยู่อาศัยหรือปล่อยเช่า
ขายเพียง 3.15 ล้านบาท โควต้าต่างชาติ
ค่าโอนคนละครึ่ง

พิกัด: ถนนนิมมานเหมินท์ ตำบลสุเทพ อำเภอเมืองเชียงใหม่ จังหวัดเชียงใหม่ เดินถึงห้าง MAYA, One Nimman, ร้านอาหาร-คาเฟ่ชื่อดังมากมาย

รายละเอียดห้อง:
• ขนาด 32.30 ตร.ม.
• ชั้น 5 ระเบียงวิวสวน
• ห้องแบบ 1 Bedroom (ห้องนอนแยกเป็นสัดส่วน)
• 1 ห้องนอน / 1 ห้องน้ำ
• เฟอร์นิเจอร์ เคาน์เตอร์ครัว เครื่องใช้ไฟฟ้า ครบพร้อมเข้าอยู่ได้เลย

เครื่องใช้ไฟฟ้า:
• แอร์
• ตู้เย็น

สิ่งอำนวยความสะดวก:
• ระบบรักษาความปลอดภัย 24 ชม.
• เข้า-ออกด้วยคีย์การ์ด
• กล้องวงจรปิด CCTV
• ที่จอดรถ
• สระว่ายน้ำ
• ค่าน้ำ-ค่าไฟตามจริง (ไฟฟ้าตามการไฟฟ้า)
- ค่าส่วนกลาง 23,278 บาท/ปี (1,940/ด)
- ห้องซื้อมา 7 ปี

สนใจนัดเข้าชมหรือสอบถามรายละเอียดเพิ่มเติม
โทร. 082-493-2496
What app : 082-493-2496
Line official : https://lin.ee/D0GWMZJ
Website : www.allpropertychiangmai.com
Email : sales@allpropertychiangmai.com
Facebook: https://www.facebook.com/allpropertychiangmai
Youtube: https://youtube.com/@allpropertychiangmai
TikTok: https://www.tiktok.com/@allpropertychiangmai?_t=ZS-8uvIc6Uz80w&_r=1

#condochiangmai #ลงทุนเชียงใหม่ #condoplamspring #condoforsale #allpropertychiangmai

Condo for Sale – Palm Springs The Palor, Nimman Soi 5
Prime location in the heart of Nimman – perfect for living or investment

Sale Price: 3.15 Million THB
Transfer fee: 50/50 (buyer and seller share)

Location: Nimmanhaemin Road, Suthep Subdistrict, Mueang Chiang Mai District, Chiang Mai
Just a short walk to MAYA Mall, One Nimman, cafés, restaurants, and lifestyle spots
Unit Details:
Size: 32.30 sq.m.
5th Floor
1 Bedroom (separate sleeping area)
1 Bathroom
Fully furnished, move-in ready

Appliances Included:
Air conditioner
Refrigerator

Facilities:
24-hour security
Keycard access
CCTV
Swimming Pool
Parking
Utilities charged at government rates (electricity via PEA)"
https://baan.kaidee.com/product-371067848,"ราคา: 7,500,000
เนื้อที่: 16 ตารางวา | เนื้อที่ 16 ตารางวา
ตึกทำเลดีในเมืองเชียงใหม่
#ตึกเงินเหลือหลักล้าน
♦️ลดราคา♦️ถูกสุดในย่านเดียวกัน“
♦️ทำเลดี ติดถนน.
♦️มีที่จอดรถสะดวกสบาย**
♦️มีเงินเหลือ 1.5 ล้าน
♦️อยู่ตรงข้ามโลตัสรวมโชคติดวิวบาร์
♦️ติดถนนใหญ่
♦️เป็นตึก มี 4 ชั้น
♦️หน้ากว้าง 4 เมตร ลึก 12 เมตร
♦️มี 4 ห้องนอน
♦️3 ห้องน้ำ ♦️แอร์ 5 ตัว
💥ขาย 7.5 ล้าน บาท
💥(เข้าแบงค์ได้ 9 ล้าน)
💥สนใจนัดชมตึกที่ 0629425563 ติงลี่ (เจ้าของตึกขาย)
🏆รับนายหน้าช่วยขาย 3%)
#ที่ดินเชียงใหม่
#ทำเลค้าขาย
#หาตึก
#บ้านเชียงใหม่
#อาคารพานีชย์
#บ้านเช่า
#อสังหาเชียงใหม่
#หาทำเลดีดี
#ทรัพย์สวย"
https://baan.kaidee.com/product-371067941,"ราคา: 8,900,000
เนื้อที่: 112.7 ตารางวา | เนื้อที่ 112.7 ตารางวา | ห้องนอน 4 ห้องนอน | ห้องน้ำ 5 ห้องน้ำ | เฟอร์นิเจอร์ ตกแต่งครบ | ปีที่สร้างเสร็จ 2017 | เป็นทรัพย์รอการขาย ไม่ใช่
ขายพลูวิลล่าในโครงการกุลพันธ์วิลล์16 สันกำแพง
!!ลดเหลือ 8.9 ล้าน!! ขายพลูวิลล่าในโครงการกุลพันธ์วิลล์16 สระว่ายน้ำส่วนตัวทำขึ้นใหม่ ถนนสันกำแพงสายใหม่ ติดตลาดศรีอรุณ
ขนาดที่ดิน 112.7 ตารางวา
พื้นที่ใช้สอยมากกว่า 330 ตารางเมตร (ต่อเติมเอง)

**ขายราคา 8.9 ล้านบาท**
ค่าใช้จ่ายวันโอน 50/50

**รายละเอียดบ้าน**
4 ห้องนอน
5 ห้องน้ำ(อ่างอาบน้ำ1)
2 ห้องรับแขก
1 ห้องแม่บ้าน (ด้านนอก)
2 ที่จอดรถ
ครัวฝรั่ง ครัวไทย
โซนซักล้าง
ห้องเก็บของใต้บันได

พร้อมเฟอร์นิเจอร์ทั้งหมด
บิวท์อินทั้งหลัง
สระว่ายน้ำระบบน้ำแร่(เกลือสีชมพู)ขนาด 3.5x10.5เมตร
น้ำตกสระว่ายน้ำ, จัดสวน
โซล่าเซลล์ 10 แอมป์
กล้องวงจรปิดรอบบ้าน 7 ตัว
แอร์ 7 เครื่อง
ทำน้ำอุ่น 3 เครื่อง
เครื่องน้ำร้อน 1 เครื่อง(ห้องนอนใหญ่)
ปั้มน้ำ
ถังสำรองน้ำ

บ้านอยู่ในหมู่บ้านจัดสรร มีระบบความปลอดภัย24 ชม
มีคลับเฮ้าส์ สระว่ายน้ำโครงการ ฟิตเนส สวนสาธารณะ
ถนนสันกำแพง สายใหม่-แม่ออน
ใกล้สิ่งอำนวย ความสะดวก เช่น เซเว่น/ตลาด/โลตัส
5 นาที ไปตลาดเจริญเจริญ
12 นาที ไป รร. Unity Concord
13 นาที ไป รร. ACIS
15 นาที เข้าตัวเมือง
14 นาที ไป รพ.กรุงเทพเชียงใหม่
15-20 นาที ไปสนามบิน
10 นาที ไปสนามกอล์ฟ M Sport คอมเพล็กซ์
19 นาที ไปสนามกอล์ฟอัลไพน์
20 นาที ไปห้างเซ็นทรัลเฟสติวัล

**อายุบ้าน 8 ปี

ชมคลิปเต็ม
https://youtu.be/IeKEnF2u_Tg?si=PaBNn3I9HoY1bAMH

#poolvilla #housewithpool #บ้านพร้อมสระ #สระส่วนตัว #บ้านเชียงใหม่ #พลูวิลล่าเชียงใหม่ #พลูวิลล่าสันกำแพง #พลูวิลล่าใกล้เมือง #สันกำแพง #allpropertychiangmai

สนใจนัดเข้าชมหรือสอบถามรายละเอียดเพิ่มเติม
โทร. 082-493-2496
What app : 082-493-2496
Line official : https://lin.ee/D0GWMZJ
Website : www.allpropertychiangmai.com
Email : sales@allpropertychiangmai.com
Facebook: https://www.facebook.com/allpropertychiangmai
Youtube: https://youtube.com/@allpropertychiangmai
TikTok: https://www.tiktok.com/@allpropertychiangmai?_t=ZS-8uvIc6Uz80w&_r=1

For sale: a 2-story detached house with a private swimming pool in the Kulphan Ville 16 project on Sankampang New Road, just 800 meters from Sri Arun Market.
Land area: 112.5 square wah
Usable area: more than 330 square meters (self-extended)
House age: 8 years
4 bedrooms
5 bathrooms (1 with bathtub)
1 maid's room (outside)
2 parking spaces
Western kitchen, Thai kitchen
Laundry area
Storage room under the stairs
Fully furnished
Built-in furnishings throughout
Saltwater pool (pink salt) measuring 3.5x10.5 meters
Pool waterfall, landscaped garden
10 Amp solar cells
7 CCTV cameras around the house
7 air conditioners
3 water heaters
1 hot water machine (in the master bedroom)
SECOM security system
Water pump
Water reserve tank

**Special price: 9.5 million baht**
Transfer fees: 50/50

The house is in a housing estate with 24-hour security.
Facilities include a clubhouse, project swimming pool, fitness center, and public park.
Near Sankampang New Road - Mae On
Close to amenities like 7-11, markets, and Lotus.
5 minutes to Jaroen Jaroen Market
12 minutes to Unity Concord School
13 minutes to ACIS School
15 minutes to the city center
14 minutes to Bangkok Chiang Mai Hospital
15-20 minutes to the airport
10 minutes to M Sport Golf Complex
19 minutes to Alpine Golf Course
20 minutes to Central Festival Mall"
https://baan.kaidee.com/product-371068141,"ราคา: 8,000,000
เนื้อที่: 30 ตารางวา | เนื้อที่ 30 ตารางวา | ห้องนอน 4 ห้องนอน | ห้องน้ำ 3 ห้องน้ำ | ผู้พัฒนา/เจ้าของโครงการ อื่นๆ | เฟอร์นิเจอร์ มีบางส่วน | ปีที่สร้างเสร็จ สร้างเสร็จก่อน 2010
ขายทาวน์โฮม 3 ชั้น อ.เมืองเชียงใหม่ 3-storey townhouse for sale
🏠 出售三层联排别墅
ขายทาวน์โฮม 3 ชั้น ถ.ลำพูน ต.วัดเกตุ อ.เมืองเชียงใหม่
3-storey townhouse for sale (Lunphun rd. T.Wadket A.Muang Chiang Mai

🛏️ 4间卧室，3间浴室，1间厨房，1间客厅，2个汽车停车位。
4 ห้องนอน 3 ห้องน้ำ 1 ห้องครัว 1 ห้องรับแขก และ 2 ที่จอดรถยนต์
4 bedrooms, 3 bathrooms, 1 kitchen, 1 living room, and 2 parking spaces.

📍 地理位置优越，位于庞威曼酒店（Pangviman Place Hotel）前方。
ทำเลดี ตั้งอยู่หน้าโรงแรมปางวิมานเพลส
Excellent location — situated in front of Pangviman Place Hotel.

💼 无论是投资、开公司、经商，或自住都非常合适。
จะซื้อไว้ลงทุน เปิดบริษัท ทำธุรกิจ หรือซื้อไว้อยู่เองก็ได้
Perfect for investment, starting a company, doing business, or living in.

🏙️ 属于经济活跃地段，周边生活便利。
เป็นย่านเศรษฐกิจ ใกล้ 7-11 และร้านอาหาร
Located in a thriving commercial area, close to 7-Eleven and restaurants.

🚗 附近设施包括：
ใกล้แขวงกาวิละ, ขนส่งหนองหอย, ตลาดหนองหอย, 89 พลาซ่า, โรงเรียนเชียงใหม่คริสเตียน, โรงเรียนวารี, โรงเรียนจิตราวิทยา, แดงเบเกอรี, โรงพยาบาลราชเวช
Nearby facilities: Kawila Subdistrict Office, Nong Hoi Transport Station, Nong Hoi Market, 89 Plaza, Chiang Mai Christian School, Varee School, Chitrawitthaya School, Daeng Bakery, and Rajavej Hospital.

📞 如有兴趣，欢迎随时致电或添加 Line 联系：ID: yiyang4347
สนใจโทรสอบถามได้ตลอด หรือ แอดไลน์ ไอดี : yiyang4347
If interested, please call anytime or add Line ID: yiyang4347"
https://baan.kaidee.com/product-371068308,"ราคา: 170,000,000
เนื้อที่: 655 ตารางวา | เนื้อที่ 655 ตารางวา
โรงแรมหรูสไตล์เรเนสซองค์ใจกลางเมืองเชียงใหม่มูลค่า 300 ล้าน ขาย 170ล้าน เท่านั้น
รหัสทรัพย์ : INV2025110003

พิงค์ดอย หัวลิน บูทีคโฮเทล
โรงแรมหรูสไตล์เรเนสซองค์ใจกลางเมืองเชียงใหม่มูลค่า 300 ล้าน ขาย 170ล้าน เท่านั้น

ที่ตั้ง : 225 ถนนศรีภูมิ ต.ศรีภูมิ อ.เมืองเชียงใหม่ จ.เชียงใหม่ 50200
แผนที่ : https://maps.app.goo.gl/ogbqPQciavzgQQPY9

ขนาดพื้นที่ : 655 ตารางวา / พื้นที่ใช้สอย 4,500 ตารางเมตร

รายละเอียด :
- 3 ชั้น
- 31 ห้อง
- ห้องโถง
- 2 ห้องรับประทานอาหาร พร้อม ร้านกาแฟ
- โรงแรมสไตล์เรเนสซองค์

สิ่งอำนวยความสะดวก :
- ลิฟต์
- สระว่ายน้ำ
- ที่จอดรถ
- บริการซักรีด
- รูมเซอร์วิส
- บริการทำความสะอาด
- เครื่องปรับอากาศ
- ร้านอาหาร
- wi-fi ฟรี
- ตู้นิรภัยที่ฝ่ายต้อนรับ
- ที่ฝากกระเป๋าเดินทาง

สถานที่ใกล้เคียง :
- ถนนนิมมานเหมินทร์แหล่งรวมช้อปปิ้ง 5 นาที
- สนามบินนานาชาติเชียงใหม่ 10 นาที
- ห้างสรรพสินค้าเมญ่า 10 นาที
- โรงพยาบาลเชียงใหม่ ราม

ราคาขาย : 170,000,000 บาท (ฟรีค่าโอน)

สนใจติดต่อ :
คุณหนึ่งวดี ขุนทอง : 085-6209162 (เจ้าของ)

รับเฉพาะนายหน้าที่ขายในราคาที่ตั้งไว้ ไม่อนุญาตให้บวกเพิ่มและนำไปโพสต์ในโซเชียลมีเดียทุกช่องทาง ( หากฝ่าฝืนแจ้งลบและไม่ให้ค่านายหน้า )"
https://baan.kaidee.com/product-371068733,"ราคา: 2,600,000
เนื้อที่: 152 ตารางเมตร | ห้องนอน 3 ห้องนอน | ห้องน้ำ 3 ห้องน้ำ | เนื้อที่ 152 ตารางเมตร | ผู้พัฒนา/เจ้าของโครงการ อื่นๆ
𝙆𝙖𝙧𝙣𝙠𝙖𝙣𝙤𝙠 𝙑𝙞𝙡𝙡𝙚 𝟮𝟬 บ่อสร้าง-สันกำแพง
𝙆𝙖𝙧𝙣𝙠𝙖𝙣𝙤𝙠 𝙑𝙞𝙡𝙡𝙚 𝟮𝟬 บ่อสร้าง-สันกำแพง

บ้านเดี่ยวขนาด 3-4 ห้องนอน
3 ห้องน้ำ
2 ที่จอดรถ พื้นที่ใช้สอย 152 ตร.ม
ลดสูงสุด 𝟭𝟬𝟬,𝟬𝟬𝟬.-* | เริ่ม 𝟮.𝟲 ล้าน* บาท

ผ่อนคลายกับสวนส่วนกลางขนาดใหญ่ พร้อมระบบรักษาความปลอดภัย 24 ชม. แบ่งทางเข้าโครงการ 2 ช่องทางเพื่อความสะดวก 🚗เข้าสู่ใจกลางเมืองง่าย เพียง 15 นาที รายล้อมด้วยสิ่งอำนวยความสะดวก ครบจบทุกการเดินทาง ทั้งทางหลักและทางลัด

“ถล่มทุกโปร ให้หนักกว่าทุกปี” วันนี้-16 พ.ย.นี้!
✨ ผ่อนให้! 2 ปี*
✨ ลดเพิ่ม! สูงสุด 𝟭𝟬𝟬,𝟬𝟬𝟬.-*
✨ ฟรี! เครื่องใช้ไฟฟ้าครบชุด*
✨ ฟรี! แอร์ทุกห้องนอน*
✨ ฟรี! ค่าส่วนกลาง*
✨ ฟรี! ทุกค่าใช้จ่ายวันโอน*

เป็นเจ้าของได้ง่ายๆ จองเพียง 5,000.-*
พิเศษ! จองพร้อมทำสัญญาภายในงาน รับเพิ่ม! iPad*

📍โครงการตั้งอยู่ ถ.สันกำแพงสายเก่า ซ.วัดพระนอนแม่ปูคา
🛡 𝙎𝙖𝙡𝙚𝙨 𝙊𝙛𝙛𝙞𝙘𝙚 เปิดบริการทุกวัน 9.00-18.00 น.
📲 Line: @karnkanok
☎️ 063-302-2200
🌐www.kkn.co.th

*เงื่อนไขและรูปแบบของของแถมเป็นไปตามที่บริษัทฯกำหนด, ราคาเริ่มต้นเป็นราคาสุทธิกรณีลูกค้าเลือกรับโปรโมชั่นเป็นส่วนลด"
https://baan.kaidee.com/product-371069286,"ราคา: 2,950,000
เนื้อที่: 45 ตารางเมตร | เนื้อที่ 45 ตารางเมตร | ห้องนอน 1 ห้องนอน | ห้องน้ำ 1 ห้องน้ำ | ชั้น 6 | เฟอร์นิเจอร์ ตกแต่งครบ | อนุญาตให้เลี้ยงสัตว์ ไม่อนุญาต | เป็นทรัพย์รอการขาย ไม่ใช่
ขายคอนโด Hillside4 ตรงข้าม One นิมมาน วิวสระว่ายน้ำ
✨ ขายคอนโด Hillside 4 ห้องมุม วิวสระว่ายน้ำ ตรงข้าม One Nimman ✨
💸 ราคา 2.95 ล้านบาท
📅 รีโนเวทใหม่

📏 ขนาด 45 ตร.ม. | ชั้น 6
🛏 1 ห้องนอน | 1 ห้องน้ำ
คอนโดห้องมุม รีโนเวทใหม่ทั้งห้อง ดีไซน์เรียบหรูสไตล์โมเดิร์นอบอุ่น ใช้วัสดุคุณภาพ พื้นไม้ SPC ครัวบิ้วอินพร้อมเตาไฟฟ้าและเครื่องดูดควัน เฟอร์นิเจอร์และเครื่องใช้ไฟฟ้าครบชุด พร้อมเข้าอยู่ได้ทันที

🌿 จุดเด่นของห้อง:
✅ ห้องมุม วิวเปิดโล่ง เห็นสระว่ายน้ำใหญ่และวิวดอยสุเทพ
✅ แสงธรรมชาติตลอดวัน บรรยากาศเงียบสงบ
✅ ระบบไฟฟ้าและสุขภัณฑ์ใหม่ทั้งหมด
✅ เหมาะทั้งอยู่อาศัยเองหรือเก็บเป็นทรัพย์สินระยะยาว

🏙 ทำเลดีเยี่ยม – ใจกลางนิมมาน
ตรงข้าม One Nimman / ใกล้เมญ่า / ถนนนิมมาน เดินทางสะดวกถึงทุกจุดในตัวเมือง

🔌 เครื่องใช้ไฟฟ้าครบชุด:
– แอร์
– เครื่องซักผ้าฝาหน้า
– เครื่องอบผ้า
– เตาไฟฟ้า + เครื่องดูดควัน
– ตู้เย็น 2 ประตู
– ไมโครเวฟ
– Android TV
– เครื่องทำน้ำอุ่น
– ผ้าม่านทุกจุด

📍 สถานที่ใกล้เคียง:
– One Nimman – 1 นาที
– ถนนนิมมาน – 2 นาที
– Maya Mall – 3 นาที
– ประตูท่าแพ / มช. / สนามบินเชียงใหม่ – 10 นาที

🏡 คอนโดพร้อมบรรยากาศเงียบสงบใจกลางเมือง วิวสระน้ำและดอยในมุมที่สวยที่สุดของตึก
เหมาะสำหรับผู้ที่มองหาความสะดวกสบายในย่านศักยภาพสูง พร้อมผลตอบแทนการลงทุนที่มั่นคง

#hillside #condochiangmai #condoforsale #nimman #ขายคอนโด #คอนโดเชียงใหม่ #นิมมาน #คอนโดนิมมาน

✨ Condominium for Sale – Hillside 4 (Corner Unit, Pool View, Opposite One Nimman) ✨
💸 Price: 2.95 Million THB
📅 Fully Renovated

📏 Size: 45 sq.m. | 6th Floor
🛏 1 Bedroom | 1 Bathroom
Corner unit fully renovated with modern warm design, premium materials, SPC flooring, custom built-in kitchen with electric stove and hood, fully furnished with complete electrical appliances – ready to move in.

🌿 Highlights:
✅ Corner unit with open view of swimming pool and Doi Suthep Mountain
✅ Bright natural light all day, quiet atmosphere
✅ All new electrical and sanitary systems
✅ Ideal for both living and long-term investment

🏙 Prime Location – Heart of Nimman Area
Opposite One Nimman / Close to MAYA / Nimman Road – convenient access to all city spots


🔌 Included Appliances:
– Air conditioner
– Front-load washing machine
– Clothes dryer
– Electric stove + hood
– Two-door refrigerator
– Microwave
– Android TV
– Water heater
– Curtains throughout


📍 Nearby Landmarks:
– One Nimman – 1 min
– Nimman Road – 2 mins
– MAYA Mall – 3 mins
– Tha Phae Gate / Chiang Mai University / Chiang Mai Airport – 10 mins


🏡 Peaceful corner condo in the heart of the city with a panoramic pool and mountain view.
Perfect for those seeking comfort, convenience, and solid investment potential.


✨ 出售 Hillside 4 公寓 – 转角户型，泳池景观，正对 One Nimman ✨
💸 售价：295 万泰铢
📅 全新翻修，预计八月底完工

📏 面积：45 平方米 | 第 6 层
🛏 1 卧室 | 1 卫浴
转角户型，整体全新翻修，现代温馨风格，采用优质材料，SPC 木地板，内建厨房配电磁炉与抽油烟机，配备全套家具与电器，可立即入住。

🌿 房间亮点：
✅ 转角房型，无遮挡视野，可欣赏泳池与素贴山景
✅ 采光充足，环境安静
✅ 电力与卫浴系统全部更新
✅ 适合自住或长期投资

🏙 黄金地段 – 宁曼核心区
正对 One Nimman / 靠近 Maya 商场 / 宁曼路，出行便利


🔌 配套电器：
– 空调
– 滚筒洗衣机
– 烘干机
– 电磁炉 + 抽油烟机
– 双门冰箱
– 微波炉
– 安卓电视
– 热水器
– 全套窗帘

📍 周边设施：
– One Nimman – 1 分钟
– 宁曼路 – 2 分钟
– Maya 商场 – 3 分钟
– 塔佩门 / 清迈大学 / 清迈机场 – 10 分钟

🏡 位于清迈市中心的静谧转角公寓，拥有泳池与山景，是追求便利生活与稳健投资的理想选择。"
https://baan.kaidee.com/product-371069801,"ราคา: 8,900,000
เนื้อที่: 50 | ห้องนอน 5 ห้องนอน | ห้องน้ำ 5 ห้องน้ำ | เนื้อที่ 50 | ผู้พัฒนา/เจ้าของโครงการ อื่นๆ | เฟอร์นิเจอร์ ตกแต่งครบ
บ้านพูลวิลล่า 8.9 ล้านเท่านั้น
บ้านานในโครงการ กุลพันธ์วิล9 หางดง
ที่ดิน 50 ตารางวา
พื้นที่บ้าน250ตารางเมตร
5ห้องนอน5ห้องน้ำ และมีการแบ่งโซนต่างๆเพื่อเป็นสัดส่วน
มีส่วนเตรียมอาหาร
ส่วนทานอาหาร
ส่วนดูทีวี
ส่วนรับแขก
ห้องครัวไทยหรือซักรีด
ที่จอดรถ2คัน
สระว่ายน้ำ2.50×5.50เมตรระบบเกลือ
พร้อมเฟอร์นิเจอร์ และแอร์"
https://baan.kaidee.com/product-371069815,"ราคา: 1,690,000
เนื้อที่: 30 | ห้องนอน 1 ห้องนอน | ห้องน้ำ 1 ห้องน้ำ | เนื้อที่ 30 | ชั้น 2 | ผู้พัฒนา/เจ้าของโครงการ อื่นๆ | อนุญาตให้เลี้ยงสัตว์ ไม่อนุญาต | เฟอร์นิเจอร์ ตกแต่งครบ
คอนโดอิมเพลสทาวน์ ย่านนิมมาน
📍Impress Town Condo (คอนโดอิมเพลสทาวน์) ศิริมังคลาจารย์ ซอย 3 เส้น นิมมานเลย
✅ 1.69 ฟรีโอน!!! ราคานี้ได้ทุกชิ้นอย่างที่อยู่ในห้อง
- บิ้วอินสวย
- ชั้น 2 พื้นที่ 30 ตรม.
- ใจกลางเมืองเชียงใหม่ location ห้องคือดีมากๆๆๆ
- รีโนเวทใหม่ทั้งห้อง
- ห้องแยกเป็นสัดส่วนชัดเจน มีมุมทานอาหาร โซนนั่งเล่น โซนห้องนอน มีมุมโต๊ะทำงาน
- เป็นห้องหน้าตึก วิวดอยสุเทพ เส้นนิมมาน
- เป็นระบบคีย์การ์ด มีลิฟท์ สามารถจอดรถใต้ตึก และหน้าตึกได้

🍪 เครื่องใช้ไฟฟ้า
- Smart TV ดู Netflix และ Youtube ได้ เชื่อมต่อ wifi อัตโนมัติ
- ตู้เย็น
- ไมโครเวฟ
- เครื่องทำน้ำอุ่น
- แอร์
- ฯลฯ พวกโคมไฟต่างๆ ให้หมดเลยค่ะ

🍯 เฟอร์นิเจอร์
- ตู้เสื้อผ้า
- เตียง 5 ฟุต
- เซตโต๊ะทานข้าว
- ชุดโต๊ะเครื่องแป้ง
- โซฟา หมอน
- ฯลฯ ของตกแต่งได้หมดทุกชิ้น

🤎 การเดินทาง
- 3 นาทีถึงนิมมาน
- 5 นาทีถึงมช. เมญ่า
- 7 นาทีถึงสนามบิน"
https://baan.kaidee.com/product-371070698,"ราคา: 590,000
เนื้อที่: 205 ตารางวา | เนื้อที่ 205 ตารางวา | เป็นทรัพย์รอการขาย ใช่
ที่ดินเปล่า ที่นาถมแล้วบางส่วน
ประกาศขายด่วน ที่ดินเปล่า (นา) ติดถนนสาธารณะ ติดน้ำคลองชลประทาน
ถนนกว้างสิบล้อสวนกันได้
มีเนื้อที่ในโฉนด 205 ตารางวา ราคาขายยกแปลง 600,000 บาท
ที่ดินสวย วิวหลักล้าน มองรอบ 360 องศา
ที่ดินตั้งใกล้ชุมชน เดินทางเข้า-ออกได้ 2 เส้น ครับ
เส้นที่ 1 เข้า ออก ทางถนนสาธารณะเส้นคลองชลประทาน (มีโครงการทำถนนคอนกรีต)
เส้นที่ 2 เข้า ออก ทางถนนสาธารณะ เส้นในหมู่บ้านป่าไผ่ เป็นถนนคอนกรีตกว้างรถยนต์สวนกันได้
พิกัดที่ตั้งของที่ดิน บ้านป่าไผ่ ตำบลช่อแล อำเภอแม่แตง
สนใจนัดดูได้ล่วงหน้าครับ🙏"
https://baan.kaidee.com/product-371070866,"ราคา: 1,700,000
เนื้อที่: 2.5 | ห้องนอน 2 ห้องนอน | ห้องน้ำ 1 ห้องน้ำ | เนื้อที่ 2.5 | ผู้พัฒนา/เจ้าของโครงการ อื่นๆ | เฟอร์นิเจอร์ มีบางส่วน | ปีที่สร้างเสร็จ สร้างเสร็จก่อน 2010
ที่ดินสวนลำใย พร้อมบ้าน
🌿🏡 ขายบ้านพร้อมสวน 2 ไร่ 2 งาน
📍 ตำบลดอนเปา อำเภอแม่วาง จังหวัดเชียงใหม่
บ้านบรรยากาศธรรมชาติ เงียบสงบ เหมาะสำหรับพักอาศัยหรือทำโฮมสเตย์
เดินทางสะดวก ห่างจากตัวเมืองเชียงใหม่ประมาณ 1 ชั่วโมง
🛏️ รายละเอียดบ้าน
2 ห้องนอน
1 ห้องน้ำ
1 ห้องครัว
1 ห้องนั่งเล่น

📐 ขนาดที่ดิน: 2 ไร่ 2 งาน มีสวนลำใย ต้นโตแล้ว สวนผลไม้ ฝรั่ง มะละกอ อื่นๆ ต้นโต พร้อมเก็บเกี่ยว สำหรับ รับประทาน
💰 ราคาขาย: 1.7 ล้านบาท"
https://baan.kaidee.com/product-371070868,"ราคา: 2,390,000
เนื้อที่: 40 ตารางวา | เนื้อที่ 40 ตารางวา | ห้องนอน 3 ห้องนอน | ห้องน้ำ 2 ห้องน้ำ | เฟอร์นิเจอร์ ตกแต่งครบ
✨🏡 บ้านทำเลทองโซนแม่เหียะ ใกล้สนามบินเชียงใหม่ ✨
✨🏡 บ้านทำเลทองโซนแม่เหียะ ใกล้สนามบินเชียงใหม่ ✨
📍 ตรงข้ามแม็คโครหางดง เดินเพียง 300 ม. น้ำไม่ท่วม

บ้านรีโนเวททั้งหลัง สภาพใหม่ พร้อมสวนสวย บรรยากาศอบอุ่น เหมาะสำหรับครอบครัว 💖

รายละเอียดบ้าน
📐 ที่ดิน 40 ตร.วา | พื้นที่ใช้สอย 120 ตร.ม.
มีพื้นที่รอบบ้าน พร้อมจัดสวนหรือมุมพักผ่อนกลางแจ้ง

🛏️ 3 ห้องนอน – รองรับครอบครัวเล็ก–ใหญ่ ได้อย่างลงตัว
🚿 2 ห้องน้ำ – ใช้งานสะดวก แยกเป็นสัดส่วน
🛋️ ห้องโถงกว้าง – พื้นที่รวมตัว ทำกิจกรรมกับครอบครัว
🍳 ห้องครัวแยก – รองรับการทำอาหาร ไม่รบกวนพื้นที่อื่นในบ้าน
🚗 ที่จอดรถ 2 คัน – รองรับรถยนต์ส่วนตัวและแขกผู้มาเยือน
🌳 สวนหน้าบ้าน – เพิ่มพื้นที่สีเขียว ให้บรรยากาศสดชื่น นั่งพักผ่อนหรือจัดเป็นมุมจิบกาแฟก็ได้

💰 มีทั้งหมด 2 หลัง
💰 ราคา Presale เพียง 2.39 ล้านบาท (จากราคาปกติ 2.49)
💰 แปลงมุม ราคา presale 2.45 จากราคาปกติ 2.49 ลบ

บ้านพร้อมอยู่ที่ให้คุณเป็นเจ้าของง่าย ๆ ✨

📍 เดินทางสะดวก ใกล้ทุกจุดสำคัญ:
🚗 300 เมตร แม็คโครหางดง 🛒
🚗 700 เมตร ถึงบิ๊กซี แม่เหียะ 🛒
🚗 2.6 กม ถึงโรงเรียนสารสาสน์วิเทศลานนา 📚
🚗 3.3 กม. ถึงโรงพยาบาลเชียงใหม่ใกล้หมอ 🏥
🚗 3.6 กม. ถึงเซ็นทรัลแอร์พอร์ต 🛍️
🚗 8.0 กม ถึงมหาลัยเชียงใหม่ 📚

💖 บ้านพร้อมอยู่ ดีไซน์สวย ฟังก์ชันครบ ในทำเลที่หาไม่ได้ง่าย 🌟"
https://baan.kaidee.com/product-371070892,"ราคา: 1,700,000
เนื้อที่: 2.5 ไร่ | ห้องนอน 2 ห้องนอน | ห้องน้ำ 1 ห้องน้ำ | เนื้อที่ 2.5 ไร่ | ผู้พัฒนา/เจ้าของโครงการ อื่นๆ | เฟอร์นิเจอร์ มีบางส่วน | ปีที่สร้างเสร็จ สร้างเสร็จก่อน 2010
สวนลำใย และ บ้านพร้อมอยู่ เป็น ธรรมชาติ
🌿🏡 ขายบ้านพร้อมสวน 2 ไร่ 2 งาน
📍 ตำบลดอนเปา อำเภอแม่วาง จังหวัดเชียงใหม่
บ้านบรรยากาศธรรมชาติ เงียบสงบ เหมาะสำหรับพักอาศัยหรือทำโฮมสเตย์
เดินทางสะดวก ห่างจากตัวเมืองเชียงใหม่ประมาณ 1 ชั่วโมง
🛏️ รายละเอียดบ้าน
2 ห้องนอน
1 ห้องน้ำ
1 ห้องครัว
1 ห้องนั่งเล่น

📐 ขนาดที่ดิน: 2 ไร่ 2 งาน มีสวนลำใย ต้นโตแล้ว สวนผลไม้ ฝรั่ง มะละกอ อื่นๆ ต้นโต พร้อมเก็บเกี่ยว สำหรับ รับประทาน
💰 ราคาขาย: 1.7 ล้านบาท"
https://baan.kaidee.com/product-371071332,"ราคา: 6,000
เนื้อที่: 47 ตารางวา | เนื้อที่ 47 ตารางวา | ห้องนอน 3 | ห้องน้ำ 2 | เฟอร์นิเจอร์ ตกแต่งครบ
บ้านว่างให้เช่า3ห้องนอน2ห้องน้ำอำเภอเมือง"
https://baan.kaidee.com/product-371071623,"ราคา: 7,900,000
เนื้อที่: 4.34 ไร่ | เนื้อที่ 4.34 ไร่ | เป็นทรัพย์รอการขาย ใช่
บ้านพร้อมที่ดิน4ไร่35ตารางวา
🙏🏻 เจ้าของขายเอง
ขายที่ดินพร้อมบ้าน🏠 แถวตลาดเจดีย์แม่ครัว
บ.พระธาตุ ม.11 ต.แม่แฝก อ.สันทราย เชียงใหม่

-ห่างจากตลาดเจดี แม่ครัว 7 กิโล 5 นาที
-ห่างจาก ถนนเชียงใหม่- พร้าว 1 กิโล 1 นาที
-ห่างจาก ม.แม่โจ้ 16 กิโล 15 นาที

เนื้อที่รวม 4ไร่ 16 ตารางวา
ตารางวาละ 5,000.-

ราคาเหมาๆ7,900,000
บริเวณใกล้เคียง : เดอะ รอยัล เชียงใหม่ กอล์ฟ รีสอร์ท

📌ที่ดินติดถนนสองด้าน อยู่ในเขตชุมชน มีทางเข้าออกหลายทาง ไฟฟ้า มีให้เรียบร้อย
สามารถนัดเวลาดูสถานที่จริงได้
☎️สนใจติดต่อ : 0941495147"
https://baan.kaidee.com/product-371071723,"ราคา: 5,900,000
เนื้อที่: 3 ไร่ | เนื้อที่ 3 ไร่
ทำเลทองที่สันกำแพง เชียงใหม่ – ขาย 3 ไร่ 1 งาน 17 ตร.วา
ที่ดินขนาดพื้นที่ 3 ไร่ 1 งาน 17 ตร.วา (ประมาณ 1,317.0 ตร.ม.) — กว้างประมาณ 25 เมตร ยาวประมาณ 180 เมตร — รูปทรงแปลงยาวเหมาะทั้งตั้งบ้านพักอาศัย หรือแบ่งเป็นโซนเป็นหมู่บ้านจัดสรร/โฮมออฟฟิศได้

อยู่ใกล้โครงการ ประตูระบายน้ำบ้านแม่ปูคา ช่วยเพิ่มแหล่งน้ำอุปโภค-เกษตร ซึ่งส่งผลด้านความอุดมสมบูรณ์ของที่ดินโดยรอบและลดความเสี่ยงน้ำท่วมได้อย่างมีประสิทธิภาพ

อยู่ระหว่างพัฒนาโครงข่ายถนน และโครงการหลักในภาคเหนือ เช่น โครงการขยายถนน/มอเตอร์เวย์สายเหนือ ซึ่งช่วยเพิ่มศักยภาพในการเข้าถึง  

มีไฟฟ้าพร้อมใช้ เดินทางสะดวด
* ไปสนามบินเชียงใหม่ 30 นาที
* ไปเซ็นทรัลเชียงใหม่ 30 นาที

เจ้าของขายเอง สนใจสามารถต่อรองได้
โทร 086-192-4946 หรือ 095-995-8713"
https://baan.kaidee.com/product-371072395,"ราคา: 4,990,000
เนื้อที่: 50 | ห้องนอน 4 ห้องนอน | ห้องน้ำ 3 ห้องน้ำ | เนื้อที่ 50 | ผู้พัฒนา/เจ้าของโครงการ อื่นๆ | เฟอร์นิเจอร์ ไม่มี | ปีที่สร้างเสร็จ 2025
บ้านเดี่ยว สันพระเนตร
บ้านเดี่ยว HOLM2

Title:
บ้านเดี่ยวเชียงใหม่ โครงการ HOLM 2 ใกล้เซ็นทรัลเฟสติวัล 4 ห้องนอน พร้อมคอร์ตยาร์ดใจกลางบ้าน

รายละเอียด:
บ้านเดี่ยวเชียงใหม่พร้อมอยู่ โครงการ HOLM 2 - สันพระเนตร แนวคิดการออกแบบที่เข้าใจทุกครอบครัว ดีไซน์สไตล์โมเดิร์นที่เชื่อมโยงธรรมชาติเข้ามาใกล้ชิดกับการอยู่อาศัย พร้อมให้คุณใช้ชีวิตที่สะดวกสบายใกล้ Meta Mall 5 นาที และ เซ็นทรัลเฟสติวัล 10 นาที

แบบบ้านเดี่ยว 2 ชั้น เพียง 31 ยูนิต ในโครงการสังคมคุณภาพที่มีความเป็นส่วนตัว ภายในมีพื้นที่ใช้สอยกว้าง 200 ตร.ม. พร้อมคอร์ตยาร์ดใจกลางบ้าน แชร์ความร่มรื่น เปิดรับลมและแสงธรรมชาติเข้าสู่พื้นที่ Living ตลอดวัน ภายนอกมีพื้นที่สวนรอบบ้านรองรับหลากหลายกิจกรรมนอกบ้าน ฟังก์ชัน 4 ห้องนอน, 3 ห้องน้ำ, 1 ห้องครัวปิด และที่จอดรถยนต์ 3 คัน

สิ่งอำนวยความสะดวกภายในโครงการโฮล์ม 2
• คลับเฮาส์สไตล์โมเดิร์นสุดโดดเด่น
• สระว่ายน้ำ ระบบน้ำเกลือ
• ฟิตเนส อุปกรณ์ออกกำลังกายครบครัน
• เลานจ์, ห้องดูหนัง, มินิบาร์ รองรับการพบปะสังสรรค์
• สวนสาธารณะพร้อมเส้นทางเดินเล่นเลียบธารน้ำ
• สนามบาสเกตบอล ล้อมรอบด้วยวิวธรรมชาติ
• ระบบรักษาความปลอดภัยตลอด 24 ชั่วโมง

บ้านเดี่ยวเชียงใหม่พร้อมอยู่ HOLM 2
โซนถนนเมน-หน้าโครงการ ยูนิตพิเศษ ราคา 4.99 ล้านบาท*
นัดชมโครงการได้ทุกวัน / สอบถามเพิ่มเติม
✹ ID Line : @spaceandco
✹ โทร: 088 259 1798"
https://baan.kaidee.com/product-371072401,"ราคา: 4,290,000
เนื้อที่: 36 | ห้องนอน 3 ห้องนอน | ห้องน้ำ 3 ห้องน้ำ | เนื้อที่ 36 | ผู้พัฒนา/เจ้าของโครงการ อื่นๆ | เฟอร์นิเจอร์ ไม่มี | ปีที่สร้างเสร็จ 2025
บ้านแฝด สันพระเนตร
บ้านแฝด HOLM2

Title:
บ้านเชียงใหม่สไตล์โมเดิร์น โครงการ HOLM 2 ฟังก์ชัน 3 ห้องนอน 3 ที่จอดรถ ใกล้เซ็นทรัลเฟสติวัล

รายละเอียด:
บ้านเชียงใหม่พร้อมอยู่ โครงการ HOLM 2 - สันพระเนตร แนวคิดการออกแบบที่เข้าใจทุกครอบครัว ดีไซน์สไตล์โมเดิร์นที่เชื่อมโยงธรรมชาติเข้ามาใกล้ชิดกับการอยู่อาศัย พร้อมให้คุณใช้ชีวิตที่สะดวกสบายใกล้ Meta Mall 5 นาที และ เซ็นทรัลเฟสติวัล 10 นาที

แบบบ้านแฝด 2 ชั้น ( Duplex Type ) เพียง 34 ยูนิต ในโครงการสังคมคุณภาพที่มีความเป็นส่วนตัว ภายในมีพื้นที่ใช้สอยกว้าง 154 ตร.ม. ไฮไลต์โดดเด่นที่ดีไซน์พื้นที่ Living ช่องแสง Skylight เปิดวิวท้องฟ้าสวยให้มุมพักผ่อน ภายนอกมีพื้นที่สวนกว้างรองรับหลากหลายกิจกรรมนอกบ้าน ฟังก์ชัน 3 ห้องนอน, 3 ห้องน้ำ, 1 ห้องครัวปิด และที่จอดรถยนต์ 3 คัน

สิ่งอำนวยความสะดวกภายในโครงการโฮล์ม 2
• คลับเฮาส์สไตล์โมเดิร์นสุดโดดเด่น
• สระว่ายน้ำ ระบบน้ำเกลือ
• ฟิตเนส อุปกรณ์ออกกำลังกายครบครัน
• เลานจ์, ห้องดูหนัง, มินิบาร์ รองรับการพบปะสังสรรค์
• สวนสาธารณะพร้อมเส้นทางเดินเล่นเลียบธารน้ำ
• สนามบาสเกตบอล ล้อมรอบวิวธรรมชาติ
• ระบบรักษาความปลอดภัยตลอด 24 ชั่วโมง

บ้านเชียงใหม่ พร้อมอยู่
แบบบ้าน Duplex Type โครงการ HOLM 2
ราคาเริ่ม 4.39 ล้านบาท*
นัดชมโครงการได้ทุกวัน / สอบถามเพิ่มเติม
✹ ID Line : @spaceandco
✹ โทร: 088 259 1798"
https://baan.kaidee.com/product-371072404,"ราคา: 2,990,000
เนื้อที่: 24 | ห้องนอน 3 ห้องนอน | ห้องน้ำ 3 ห้องน้ำ | เนื้อที่ 24 | ผู้พัฒนา/เจ้าของโครงการ อื่นๆ | เฟอร์นิเจอร์ ไม่มี | ปีที่สร้างเสร็จ 2025
บ้านทาวน์โฮมมินิ 2 ชั้น
Title:
ทาวน์โฮมเชียงใหม่ 2 ชั้น Monotown Mini ฟังก์ชัน 3 นอน 3 น้ำ พร้อมคลับเฮาส์สิ่งอำนวยความสะดวกครบ

รายละเอียด:

โครงการ Monotown Mini ทาวน์โฮมเชียงใหม่ ที่ออกแบบให้ทุกพื้นที่เป็นสเปซสำหรับครอบครัวคนรุ่นใหม่ พอดีกับการเริ่มต้นชีวิต บนทำเลที่ใกล้ Meta Mall เพียง 5 นาที และยังเชื่อมทะลุได้หลายเส้นทาง ทั้งโซนเซ็นทรัลเฟสติวัล, โซนมหาวิทยาลัยพายัพ, โซนท่ารั้ว และสันกำแพงสายเก่า

ฟังก์ชันลงตัวกับทุกไลฟ์สไตล์ พื้นที่ใช้สอย 150 ตารางเมตร 3 ห้องนอน 3 ห้องน้ำ 1 พื้นที่นั่งเล่น และ 1 พื้นที่ครัว พร้อมดีไซน์คอร์ตยาร์ดไว้ใจกลางบ้าน ช่วยสร้างบรรยากาศบ้านให้ดูโปร่งโล่ง รับลมและแสงธรรมชาติได้ตลอดทั้งวัน

สิ่งอำนวยความสะดวกภายในโครงการ Monotown Mini
• คลับเฮาส์สไตล์โมเดิร์นสุดโดดเด่น
• สระว่ายน้ำ ระบบน้ำเกลือ
• ฟิตเนส อุปกรณ์ออกกำลังกายครบครัน
• เลานจ์, ห้องดูหนัง, มินิบาร์ รองรับการพบปะสังสรรค์
• สวนสาธารณะพร้อมเส้นทางเดินเล่นเลียบธารน้ำ
• สนามบาสเกตบอล ล้อมรอบด้วยวิวธรรมชาติ
• ระบบรักษาความปลอดภัยตลอด 24 ชั่วโมง

ทาวน์โฮมเชียงใหม่ Monotown Mini
นัดชมโครงการได้ทุกวัน / สอบถามเพิ่มเติม
✹ ID Line : @spaceandco
✹ โทร: 088 259 1798"
https://baan.kaidee.com/product-371072508,"ราคา: 2,800
เนื้อที่: 24 | ห้องนอน 1 ห้องนอน | ห้องน้ำ 1 ห้องน้ำ | เนื้อที่ 24 | ชั้น 5 | ผู้พัฒนา/เจ้าของโครงการ อื่นๆ | อนุญาตให้เลี้ยงสัตว์ ไม่อนุญาต | เฟอร์นิเจอร์ มีบางส่วน | ปีที่สร้างเสร็จ สร้างเสร็จก่อน 2010
ห้องว่างให้เช่าขนาด 24 ตร.ม.อยู่ข้างรร.ยุพราชและวัดล่ามช้าง เชียงใหม่
ห้องว่างให้เช่าขนาด 24 ตร.ม.อยู่ข้างรร.ยุพราชและวัดล่ามช้าง เชียงใหม่ มีทีวี+ตู้เย็น+ไมโครเวฟ+พัดลม+พัดลมไอเย็น (เฟอร์นิเจอร์ตามที่เห็นในรูป)ค่าไฟยูนิตละ8บาทกว่า ฟรีค่าน้ำ+ค่าเน็ต (ฟรีwifiใช้ได้ไม่จำกัดเครื่อง )ค่าเช่า 2800บาท ประกัน3300บาท ระบบรักษาความปลอดภัยมีกล้องวงจรปิด5ตัวเปิดตลอด24ชม. สนใจติดต่อ089-491/0568, line id :nopnop007

ห้องนี้เหมาะกับคนที่ต้องการขายของออนไลน์เพราะมีพื้นที่วางของได้เยอะ


เน้นโทรหรือ line มานะครับเพราะไม่ค่อยได้เข้ามาดูครับ"
https://baan.kaidee.com/product-371072611,"ราคา: 2,500
เนื้อที่: 16 | ห้องนอน 1 ห้องนอน | ห้องน้ำ 1 ห้องน้ำ | เนื้อที่ 16 | ชั้น 3 | เฟอร์นิเจอร์ มีบางส่วน | ปีที่สร้างเสร็จ สร้างเสร็จก่อน 2010
ห้องว่างให้เช่าขนาด 16 ตร.ม. อยู่ข้างรร.ยุพราช เชียงใหม่
ห้องว่างให้เช่าขนาด 16 ตร.ม. อยู่ข้างรร.ยุพราช เชียงใหม่
มีตู้เย็น+พัดลม+ไมโครเวฟและเฟอร์นิเจอร์ต่างๆ(ตามที่เห็นในรูป) เปิดหน้าต่างออกตากผ้าตรงกันสาดได้ ฟรีค่าน้ำและค่าเน็ต(เน็ตใช้ได้ไม่จำจัดจำนวนเครื่องมีทั้งสาย landและwifi) จ่ายแต่ค่าไฟเพิ่ม ค่าไฟเท่าค่าไฟบ้าน+ค่าไฟส่วนกลางยูนิตละ 2.70 บาท มีกล้องวงจรปิด ค่าเช่า 2500บาทต่อเดือน ค่าประกัน 2900บาท เปิดหน้าต่างออกไปต่างผ้าตรกันสาดได้ สนใจติดต่อคุณนพid line : nopnop007 โทร 089/4910/568"
https://baan.kaidee.com/product-371072726,"ราคา: 25,900,000
เนื้อที่: 200 ตารางวา | เนื้อที่ 200 ตารางวา | ห้องนอน 46 ห้องนอน | ห้องน้ำ 46 ห้องน้ำ | ชั้น 4 | เฟอร์นิเจอร์ ตกแต่งครบ | ปีที่สร้างเสร็จ 2020
ขายอาพาร์ทเมนท์ 46 ห้องใกล้ มหาลัยแม่โจ้
‼️ขายอาพาร์ทเมนท์ 46 ห้องใกล้ มหาลัยแม่โจ้‼️
ราคา 25.9 ล้านบาท 🔥ผู้เช่าเต็ม
หอพัก 46 ห้องพัก
1 ออฟฟิศ
1 ร้านค้า
เนื้อที่ 200 ตรว
ห้องกว้า 4x5.5 m รวมระเบียงและห้องน้ำ
เฟอร์นิเจอร์เครื่องใช้ไฟฟ้าครบ
ห้องแอร์ 43 ห้อง
รายได้รวมเครื่องซักผ้า ตู้น้ำ
ประมาณ 200,000 บาทต่อเดือน
Code : C0017
🚨บริษัท ที่ดีดี จำกัด | รับซื้อ | ขาย | เช่า
🚨จัดหาหอพัก,โรงแรม ตามงบประมาณ
🚨ดูแลตั้งแต่ต้นจนจบ และบริการหลังขาย
🚨จัดการเอกสารทั้งหมด ดำเนินกิจการต่อได้ทันที
📌สอบถาม | นัดชมได้ทุกวัน
Line : @teedd (มี@)
Tel : 052-005-009
#ขายหอพัก #หอพัก #หอพักเชียงใหม่
#โรงแรม #ขายโรงแรม"
https://baan.kaidee.com/product-371072886,"ราคา: 109,000
เนื้อที่: 406 | ห้องนอน 4 ห้องนอน | ห้องน้ำ 5 ห้องน้ำ | เนื้อที่ 406
ห้เช่าบ้านพูลวิลล่า – The Cassia (9 มรกต) แม่เหียะ เชียงใหม่
#ให้เช่าบ้านพูลวิลล่า – The Cassia (9 มรกต) แม่เหียะ เชียงใหม่
บ้านใหม่เอี่ยม เพิ่งสร้างเสร็จ ยังไม่เคยมีผู้เข้าอยู่ พร้อมสระว่ายน้ำส่วนตัว และระบบโซลาร์เซลล์ 5kw ประหยัดไฟทั้งหลัง

– ที่ดิน 163 ตร.วา | พื้นที่ใช้สอย 409 ตร.ม.
– 4 ห้องนอน (ห้องน้ำในตัวทุกห้อง)
– 5 ห้องน้ำ พร้อมระบบน้ำร้อนแบบ Boiler และอ่างอาบน้ำในห้องนอนใหญ่
– ห้องนั่งเล่น 2 โซน
– ห้องครัวฝรั่งพร้อมเตาอบ เตา และฮูดดูดควัน
– เฟอร์นิเจอร์ครบ พร้อมเครื่องใช้ไฟฟ้าใหม่ทั้งหมด
– ทีวี Samsung 55 นิ้ว / ตู้เย็น / ไมโครเวฟ / เครื่องซักผ้า 12 กก.
– แอร์ Daikin รวม 6 เครื่อง (ฝังเพดาน 3 / ผนัง 3)
– กล้องวงจรปิด 4 ตัวรอบบ้าน
– ประตูรีโมท + ดิจิตอลล็อกทุกห้องนอน
– สระว่ายน้ำส่วนตัวระบบเกลือ ขนาด 4 x 6 ม. ลึก 1.3–1.5 ม.
– จอดรถได้ 3 คัน

ทำเล: ซอยข้างปั๊ม ปตท. แม่เหียะ (ซอย 3) ใกล้สนามบิน, ม.เชียงใหม่, รร.นานาชาติหลายแห่ง, และร้านอาหาร The View Village

ค่าเช่า 109,000 บาท/เดือน (รวมค่าดูแลสระแล้ว)
สัญญาเช่าขั้นต่ำ 1 ปี
มัดจำ 250,000 บาท + ล่วงหน้า 1 เดือน

สนใจนัดดูติดต่อ
Tel: 061-4494297 (Mike)
LINE: @864pdamh
#บ้านเช่าเชียงใหม่ #พูลวิลล่าเชียงใหม่ #แม่เหียะ #TheCassia #BCM0040

–––––––––––––––––––––––––––––––––––––––––––


Private Pool Villa for Rent – The Cassia (9 Morakot), Mae Hia, Chiang Mai
Brand-new modern luxury pool villa – never lived in. Featuring a private saltwater pool and 5kw solar roof system that covers all daytime power usage.

– Land area 163 sq.wah | Living area 409 sq.m.
– 4 bedrooms, all with en-suite bathrooms
– 5 bathrooms (boiler hot water system) + bathtub in master bedroom
– 2 living areas
– Fully equipped Western kitchen with oven, stove, and hood
– Fully furnished with all new high-quality furniture
– Samsung 55” TV, refrigerator, microwave, washing machine (12 kg)
– 6 Daikin air conditioners (3 ceiling / 3 wall type)
– 4 CCTV cameras around the house
– Remote gate and Hafele digital door locks
– Private saltwater swimming pool (4 x 6 m, 1.3–1.5 m deep)
– Parking for 3 cars

Location: Soi 3, next to PTT Mae Hia. Close to the airport, Chiang Mai University, international schools, and The View Village restaurant.

Rent: 109,000 THB/month (includes pool maintenance)
1-year minimum contract
Deposit: 250,000 THB + 1-month advance

Contact for viewing
Tel: 061-4494297 (Mike)
LINE: @864pdamh

#ChiangMaiPoolVilla #HouseForRentChiangMai #MaeHia #TheCassia #BCM0040"
https://baan.kaidee.com/product-371073113,"ราคา: 25,000
เนื้อที่: 220 ตารางเมตร | ห้องนอน 3 ห้องนอน | ห้องน้ำ 3 ห้องน้ำ | เนื้อที่ 220 ตารางเมตร
ให้เช่าบ้านเดี่ยว – หมู่บ้านวรารมย์ แก้วนวรัฐ เชียงใหม่
#ให้เช่าบ้านเดี่ยว – หมู่บ้านวรารมย์ แก้วนวรัฐ เชียงใหม่

บ้าน 2 ชั้น พื้นที่ดิน 67.5 ตร.วา พื้นที่ใช้สอย 220 ตร.ม.
– 3 ห้องนอน 3 ห้องน้ำ 1 ห้องทำงาน (ปรับเป็นห้องนอนได้)
– ห้องรับแขก ห้องอาหาร ห้องครัว
– จอดรถ 2 คัน มีสวนรอบบ้าน

เฟอร์นิเจอร์และเครื่องใช้ไฟฟ้า
– แอร์ 5 เครื่อง / เครื่องกรองน้ำ / ประตูรีโมท
– ค่าเช่า 25,000 บาท รวมค่าส่วนกลาง
– หรือ 27,000 บาท รวมทีวี ตู้เย็น เครื่องซักผ้า เตียง

สิ่งอำนวยความสะดวก
– รปภ. 24 ชม. / คลับเฮ้าส์ / สระว่ายน้ำ / สวนส่วนกลาง
– น้ำไม่ท่วม / ไม่รับสัตว์เลี้ยง / ห้ามสูบบุหรี่ในบ้าน

ทำเล
– ใกล้ Metamall / Central Festival / HomePro / ตลาดท่ารั้ว

ขาย 4.8 ล้านบาท (โอน 50/50)
เช่าเริ่มต้น 25,000 บาท/เดือน

สนใจนัดดูติดต่อ
Tel: 061-4494297 (Mike)
LINE: @864pdamh

#บ้านเชียงใหม่ #บ้านเช่าเชียงใหม่ #วรารมย์แก้วนวรัฐ #BCM0041

–––––––––––––––––––––––––––––––––––––––––––

BCM0041
#HouseForRent – Vararom Kaewnawarat Village, Chiang Mai

2-storey house on 67.5 sq.wah (220 sq.m. living area)
– 3 bedrooms, 3 bathrooms, 1 office room
– Living, dining, kitchen areas
– Parking for 2 cars, private garden

– 5 air conditioners / water filter / remote gate
– Rent 25,000 THB (incl. common fee)
– Or 27,000 THB incl. TV, fridge, washing machine, bed

Facilities: 24-hr security, clubhouse, pool, park
No pets / No smoking / Flood-free zone

Near Metamall, Central Festival, HomePro, Tha Ruea Market

For Sale 4.8 MB (Transfer 50/50)
For Rent from 25,000 THB/month

Contact
Tel: 061-4494297 (Mike)
LINE: @864pdamh

#ChiangMaiHouse #HouseForRentChiangMai #VararomVillage #BCM0041"
https://baan.kaidee.com/product-371073166,"ราคา: 35,000
เนื้อที่: 200 ตารางเมตร | ห้องนอน 3 ห้องนอน | ห้องน้ำ 3 ห้องน้ำ | เนื้อที่ 200 ตารางเมตร
ให้เช่าบ้านเดี่ยว – หมู่บ้านวรารมย์ พรีเมียม ศาลากลาง เชียงใหม่
BCM0042
#ให้เช่าบ้านเดี่ยว – หมู่บ้านวรารมย์ พรีเมียม ศาลากลาง เชียงใหม่

บ้านสวยตกแต่งครบ พร้อมอยู่ ทำเลดีใกล้เซ็นทรัลเฟสติวัลเพียง 10 กม. และมีโชคพลาซ่า
– ที่ดิน 65 ตร.วา
– 3 ห้องนอน 3 ห้องน้ำ
– 1 ห้องแม่บ้าน
– เฟอร์นิเจอร์ครบ: Smart TV / ตู้เย็น / เครื่องซักผ้า / ไมโครเวฟ / เครื่องทำน้ำอุ่น / แอร์ 4 เครื่อง

เงื่อนไข
– ค่าเช่า 35,000 บาท/เดือน
– มัดจำ 2 เดือน + ล่วงหน้า 1 เดือน
– สัญญาขั้นต่ำ 1 ปี
– ไม่รับสัตว์เลี้ยง

สนใจนัดดูติดต่อ
Tel: 061-4494297 (Mike)
LINE: @864pdamh

#บ้านเช่าเชียงใหม่ #วรารมย์ศาลากลาง #บ้านเดี่ยวเชียงใหม่ #BCM0042

–––––––––––––––––––––––––––––––––––––––––––

BCM0042
#HouseForRent – Vararom Premium City Hall, Chiang Mai

Fully furnished single house in a quiet community, only 10 km from Central Festival and near Meechok Plaza.
– Land area: 65 sq.wah
– 3 bedrooms, 3 bathrooms
– 1 maid room
– Fully furnished: Smart TV, refrigerator, washing machine, microwave, water heater, 4 air conditioners

Rent: 35,000 THB/month
Deposit: 2 months + 1 month advance
Minimum contract: 1 year
No pets allowed

Contact for viewing
Tel: 061-4494297 (Mike)
LINE: @864pdamh

#ChiangMaiHouse #HouseForRentChiangMai #VararomPremium #BCM0042"
https://baan.kaidee.com/product-371073401,"ราคา: 1,000
เนื้อที่: 100 | เนื้อที่ 100
ให้เช่า ที่ดินว่างเปล่าเนื้อที่ 100 ตารางวา
ให้เช่า ที่ดินว่างเปล่าเนื้อที่ 100 ตารางวา
มีบ่อน้ำ ต้องขอไฟฟ้าเอง ถ้ามีไฟฟ้าแล้วสามารถสูบน้ำจากบ่อน้ำขึ้นมาใช้ได้
(โปรโมชั่นเฉพาะเดือนแรก 1000บาท)
ค่าเช่าเดือนละ ฿2,000บาท
ค่าประกัน 3500 บาท

ขายที่ดินว่างเปล่าเนื้อที่ 423 ตารางวา
มีบ่อน้ำ ราคาตารางวาละ 12900บาท

อยู่ใกล้วัดเชียงแสน ต.หนองผึ้ง อ.สารภี จ.เชียงใหม่

สนใจติดต่อ id line :nopnop007 โทร.089-491/0568

เน้นโทรหรือline มานะครับเพราะไม่ค่อยได้เข้ามาดูครับ"
https://baan.kaidee.com/product-371073503,"ราคา: 45,000
เนื้อที่: 250 ตารางเมตร | ห้องนอน 4 ห้องนอน | ห้องน้ำ 3 ห้องน้ำ | เนื้อที่ 250 ตารางเมตร
บ้านเดี่ยวให้เช่า – หมู่บ้านวรารมย์ พรีเมียม ศาลากลาง เชียงใหม่
#บ้านเดี่ยวให้เช่า – หมู่บ้านวรารมย์ พรีเมียม ศาลากลาง เชียงใหม่

บ้านเดี่ยว 2 ชั้น พื้นที่ 80 ตร.วา
– 4 ห้องนอน 3 ห้องน้ำ 1 ห้องครัว
– เฟอร์นิเจอร์ครบพร้อมเข้าอยู่ทันที
– ภายในโครงการมีฟิตเนส สระว่ายน้ำ สวนสาธารณะ และสนามเด็กเล่น

ค่าเช่า 45,000 บาท/เดือน
สัญญาขั้นต่ำ 1 ปี (มัดจำ 2 เดือน + ล่วงหน้า 1 เดือน)
เดินทางสะดวก ใกล้โรงเรียนนานาชาติ ห้างสรรพสินค้า และตลาด

สถานที่ใกล้เคียง
– โรงเรียนนานาชาติ NIS 2.8 กม.
– ศูนย์ราชการเชียงใหม่ 4.9 กม.
– รวมโชคมอลล์ / Meechok Plaza 6.3 กม.

สนใจนัดชมบ้าน
Tel: 061-4494297 (Mike)
LINE: @864pdamh

#บ้านเช่าเชียงใหม่ #วรารมย์ศาลากลาง #บ้านเดี่ยวเชียงใหม่ #BCM0043

–––––––––––––––––––––––––––––––––––––––––––

BCM0043
#HouseForRent – Vararom Premium City Hall, Chiang Mai

2-storey detached house on 80 sq.wah land
– 4 bedrooms, 3 bathrooms, 1 kitchen
– Fully furnished, ready to move in
– Fitness center, swimming pool, public park, and playground in the project

Rent: 45,000 THB/month
Minimum contract: 1 year (2-month deposit + 1-month advance)
Convenient location near international schools, malls, and markets

Nearby landmarks
– Nakornpayap International School (NIS): 2.8 km
– Chiang Mai Provincial Government Center: 4.9 km
– Meechok Plaza / Ruamchok Mall: 6.3 km

Contact for viewing
Tel: 061-4494297 (Mike)
LINE: @864pdamh

#HouseForRentChiangMai #VararomPremium #ChiangMaiProperty #BCM0043"
https://baan.kaidee.com/product-371073593,"ราคา: 13,000
เนื้อที่: 52 ตารางวา | เนื้อที่ 52 ตารางวา | ห้องนอน 2 | ห้องน้ำ 2 | เฟอร์นิเจอร์ ตกแต่งครบ
เช่าบ้าน เชียงใหม่ สันป่าตอง"
https://baan.kaidee.com/product-371074095,"ราคา: 7,990,000
เนื้อที่: 65 ตารางวา | ห้องนอน 4 ห้องนอน | ห้องน้ำ 5 ห้องน้ำ | เนื้อที่ 65 ตารางวา | ผู้พัฒนา/เจ้าของโครงการ อื่นๆ | เฟอร์นิเจอร์ ไม่มี | ปีที่สร้างเสร็จ 2025
ขายพูลวิลล่าหางดงโซนน้ำแพร่ เข้าออกได้ทั้งทล.108 และ ถนนคลองชลเลี่ยงเมืองสันป่าตอง-หางดง
พิกัดที่ดิน : พูลวิลล่าหางดง บ้านป่าแป๋ ต.หางดง อ.หางดง จ.เชียงใหม่
-ขายพูลวิลล่าสร้างใหม่ อยู่ระหว่างการก่อสร้าง ดำเนินงานไปแล้วประมาณ 70 %
-บ้าน 2 ชั้น มีโฉนดเนื้อที่ 65 ตารางวา, รูปแปลงสี่เหลี่ยมจัตุรัส ,พื้นที่ใช้สอย 275 ตารางเมตร
-4 ห้องนอนพร้อมห้องน้ำในตัวทุกห้อง(ชั้นล่าง 1 ห้องนอน/ชั้นบน 3 ห้องนอน)
-5 ห้องน้ำ,1 ห้องรับแขก,1 ห้องครัว, 1 โรงรถ(จอดรถได้ 2 คัน)
-สระว่ายน้ำระบบ Over flow ขนาด 3 เมตร × 7 เมตร ลึก 1.3 เมตร
-เหมาะสำหรับครอบครัวใหญ่ เพื่อนบ้านดี
ชุมชนน่าอยู่
-เดินทางสะดวกเข้าออกได้หลายเส้นทาง ห่างสนามบินเพียง 10 นาที
""ราคาขาย 7,990,000 บาท / โอนคนละครึ่ง""
โทร. 094-624-7879 (Line)"
https://baan.kaidee.com/product-371074115,"ราคา: 1,490,000
เนื้อที่: 31.71 ตารางเมตร | เนื้อที่ 31.71 ตารางเมตร | ห้องนอน 1 ห้องนอน | ห้องน้ำ 1 ห้องน้ำ | เฟอร์นิเจอร์ ตกแต่งครบ
✨ ขายด่วนคอนโดเชียงใหม่วิวเพลส 2 ตึกB
✨ ขายด่วนคอนโดเชียงใหม่วิวเพลส 2 ตึกB

คอนโดชั้น 4 ขนาด 31.71 ตร.ม.
1 ห้องนอน 1 ห้องน้ำ 1 ห้องนั่งเล่น พร้อมโซนครัวและระเบียง

เฟอร์นิเจอร์บิวท์อินครบชุด (เตียง โต๊ะเครื่องแป้ง ตู้เสื้อผ้า ทีวี เครื่องซักผ้า ไมโครเวฟ เตาไฟฟ้าพร้อมฮูด แอร์ 2 ตัว ตู้เย็น ฯลฯ)

ราคาพิเศษ 1,490,000 ฟรีค่าโอน

อยู่ในย่าน
- ใกล้เซ็นทรัลแอร์พอร์ตเพียง 3 นาที
- สนามบิน 5 นาที
- โลตัส 5 นาที
- แม็คโครเชียงใหม่ 7 นาที และมหาวิทยาลัยเชียงใหม่ 10 นาที

สนใจติดต่อทาง Inbox หรือ โทร 0619795001 น้ำทิพย์📱"
https://baan.kaidee.com/product-371074131,"ราคา: 2,700,000
เนื้อที่: 2 ไร่ | เนื้อที่ 2 ไร่
ห่างถนนเลี่ยงเมืองสันป่าตอง-หางดงเพียง 5 นาที ขายด่วนสวนลำไยบ้านเด่น ต.บ้านแม อ.สันป่าตอง จ.เชียงใหม่
พิกัดที่ดิน : บ้านเด่น ต.บ้านแม อ.สันป่าตอง จ.เชียงใหม่
-ขายด่วน ขายถูก ต่อรองได้ ใกล้ถนนบายพาส เลี่ยงเมืองสันป่าตอง-หางดง เพียง 5 นาที
-มีโฉนด เนื้อที่ 2 ไร่ 1 งาน 20 ตรว. รูปแปลงคล้ายตัวแอล
-ด้านหน้า ติดถนนลาดยางเส้นหลักในหมู่บ้าน ยาว 68 เมตร
-ด้านข้าง / ด้านหลัง มีลำเหมืองโอบล้อมรอบแปลง ดินดีน้ำดี
-เป็นสวนลำไยเต็มพื้นที่ เหมาะทำบ้านสวน ทำบ้านพักตากอากาศ
-ชุมชนแบบล้านนาดั้งเดิม อบอุ่นเป็นกันเอง
“ขายยกทั้งแปลง/ไม่แบ่งขาย 2.7 ล้านบาทรวมโอน”
โทร. 094-624-7879 (Line)"
https://baan.kaidee.com/product-371074748,"ราคา: 850,000
เนื้อที่: 26.80 ตารางเมตร | เนื้อที่ 26.80 ตารางเมตร | ห้องนอน 1 | ห้องน้ำ 1 | ชั้น 5 | เฟอร์นิเจอร์ ตกแต่งครบ | ผู้พัฒนา/เจ้าของโครงการ อื่นๆ
ขายคอนโดเอสอาร์เชียงใหม่
ขาย*คอนโดเอสอาร์ ถ.เจริญเมือง ต.หนองป่าครั่ง อ.เมือง จ.เชียงใหม่ ใกล้แยกหนองประทีป
ห้องอยู่ชั้น 5 พื้นที่ 26.80 ตรม.
✨️ห้องรีโนเวทใหม่ทั้งหมด
✨️เฟอร์นิเจอร์&เครื่องใช้ไฟฟ้าใหม่ทั้งหมด
📍 850,000฿ รวมโอน"
https://baan.kaidee.com/product-371074757,"ราคา: 12,000
เนื้อที่: 100 ตารางเมตร | เนื้อที่ 100 ตารางเมตร | ห้องนอน 1 ห้องนอน | ห้องน้ำ 2 ห้องน้ำ | ชั้น 2 | เฟอร์นิเจอร์ ตกแต่งครบ | ผู้พัฒนา/เจ้าของโครงการ อื่นๆ | ปีที่สร้างเสร็จ 2015 | อนุญาตให้เลี้ยงสัตว์ เลี้ยงสัตว์ได้
ปล่อยตึกแถวหน้ามหาลัยแม่ฟ้าหลวง เลี้ยงสัตว์ได้
ให้เช่าตึกหน้าแม่ฟ้าหลวง ตึกสองชั้น เลี้ยงสัตว์ได้ สามารถทำกิจการได้
ยินดีต้อนรับนักศึกษาหรือบุคลกรของมหาลัย มีราคาพิเศษ"
https://baan.kaidee.com/product-371075079,"ราคา: 600,000
เนื้อที่: 276 ตารางวา | เนื้อที่ 276 ตารางวา | เป็นทรัพย์รอการขาย ใช่
ขายที่ดินชียงใหม่
ขายที่ดิน 2 แปลงติดกัน
➡️แปลง 1 เนืัอที่ 139 ตารางวา
➡️แปลง 2 เนื้อที่ 137 ตารางวา
ต.ดอยหล่อ อ.ดอยหล่อ จ.เชียงใหม่
ราคาขาย 650,000.-"
https://baan.kaidee.com/product-371075181,"ราคา: 28,000
เนื้อที่: 120 ตารางเมตร | ห้องนอน 3 ห้องนอน | ห้องน้ำ 3 ห้องน้ำ | เนื้อที่ 120 ตารางเมตร
ให้เช่าบ้านเดี่ยว – หมู่บ้านอรสิริน 3 เชียงใหม่
BCM0044
#ให้เช่าบ้านเดี่ยว – หมู่บ้านอรสิริน 3 เชียงใหม่

บ้านสวยแต่งครบพร้อมอยู่ พื้นที่ 85.5 ตร.วา พื้นที่ใช้สอย 120 ตร.ม.
– 3 ห้องนอน 3 ห้องน้ำ
– ฟรีค่าส่วนกลาง / ฟรีอินเทอร์เน็ต / ฟรีตัดหญ้าทุก 2 เดือน / ฟรีฉีดปลวกทุกเดือน
– เฟอร์นิเจอร์และเครื่องใช้ไฟฟ้าใหม่ทั้งหมด

เฟอร์นิเจอร์และเครื่องใช้ไฟฟ้าครบ
– ทีวี 55 นิ้ว / แอร์ 4 เครื่อง / ตู้เย็น 4 ประตู / เครื่องซักผ้า
– โซฟา / โต๊ะกลาง / โต๊ะกินข้าว / ชุดครัว / ไมโครเวฟ / เตา + เครื่องดูดควัน
– ชุดห้องนอนครบ 3 ห้อง / เครื่องทำน้ำอุ่น 2 เครื่อง / Digital Door Lock

ค่าเช่า 28,000 บาท/เดือน
มัดจำ 2 เดือน + ล่วงหน้า 1 เดือน
สัญญาขั้นต่ำ 1 ปี
ไม่รับสัตว์เลี้ยง

สิ่งอำนวยความสะดวก
– รปภ. 24 ชม. / สระว่ายน้ำ / ฟิตเนส

ทำเลใกล้
– ตลาดเจริญเจริญ / ตลาดอุ้ยทา / ตลาดท่ารั้ว
– เซ็นทรัลเฟสติวัล / โรงเรียน Mill Hill International School

สนใจนัดชมบ้าน
Tel: 061-4494297 (Mike)
LINE: @864pdamh

#บ้านเช่าเชียงใหม่ #อรสิริน3 #บ้านเดี่ยวเชียงใหม่ #BCM0044

–––––––––––––––––––––––––––––––––––––––––––

BCM0044
#HouseForRent – Ornsirin 3 Village, Chiang Mai

Fully furnished single house, ready to move in.
– Land area: 85.5 sq.wah | Usable area: 120 sq.m.
– 3 bedrooms, 3 bathrooms
– Free internet, lawn cutting (every 2 months), pest control (monthly), and common fee
– Brand new furniture and electrical appliances

Includes
– 55” TV / 4 air conditioners / 4-door refrigerator / washing machine
– Sofa, coffee table, dining table, kitchen set, microwave, stove + hood
– 3 full bedroom sets / 2 water heaters / Digital Door Lock

Rent: 28,000 THB/month
Deposit: 2 months + 1 month advance
Minimum 1-year contract
No pets allowed

Facilities: 24-hour security, swimming pool, fitness center

Nearby
– Charoen Charoen Market / Ui Tha Market / Tha Ruea Market
– Central Festival / Mill Hill International School

Contact for viewing
Tel: 061-4494297 (Mike)
LINE: @864pdamh

#HouseForRentChiangMai #Ornsirin3 #ChiangMaiProperty #BCM0044"
https://baan.kaidee.com/product-371075246,"ราคา: 100,000
เนื้อที่: 440 ตารางเมตร | ห้องนอน 3 ห้องนอน | ห้องน้ำ 2 ห้องน้ำ | เนื้อที่ 440 ตารางเมตร
ให้เช่าบ้านวิลล่า ติดทะเลสาบส่วนตัว โซนหางดง
BCM0045
#ให้เช่าบ้านวิลล่า ติดทะเลสาบส่วนตัว โซนหางดง

บ้านสไตล์ Modern Contemporary วิวทะเลสาบสวย เคยลงนิตยสาร บ้านและสวน และ ROOMS
ที่ดิน 261 ตร.วา หน้ากว้างติดทะเลสาบกว่า 40 เมตร (Rare Item)
ทำเลวงแหวนรอบ 3 ฝั่งตรงข้ามหมู่บ้านวังตาล ใกล้ Bella Goose Café on the Pond

รายละเอียด
– พื้นที่ใช้สอยรวม 440 ตร.ม. (โฉนดอำเภอเมือง)
– บ้าน 2 หลังในพื้นที่เดียวกัน
– หลังหลัก 2 ชั้น: 3 ห้องนอน 2 ห้องน้ำ 2 ห้องนั่งเล่น 1 ครัว
– บ้านรอง 1 ชั้น: 1 ห้องนอน 1 ห้องน้ำ ระเบียงติดทะเลสาบ
– จอดรถได้ 4 คัน

จุดเด่น
– Facade ไม้สักแท้ทั้งหลัง
– ระบบรักษาความปลอดภัยครบ
– ทะเลสาบส่วนตัวพร้อมปลากว่าหมื่นตัว
– บรรยากาศสงบ ร่มรื่น ใกล้เมือง

ค่าเช่า 100,000 บาท/เดือน

สนใจนัดชมบ้าน
Tel: 061-4494297 (Mike)
LINE: @864pdamh
WhatsApp: +66859765176
WeChat ID: ynyn_mike
FB: Mike BCM Property

#บ้านเช่าเชียงใหม่ #พูลวิลล่าเชียงใหม่ #บ้านติดทะเลสาบ #บ้านหางดง #บ้านหรูเชียงใหม่ #BCM0045

–––––––––––––––––––––––––––––––––––––––––––

BCM0045
#VillaForRent Lakefront Modern Contemporary – Hang Dong, Chiang Mai

Featured in Baan Lae Suan & ROOMS magazines.
Land 261 sq.wah (1,044 sq.m.) with over 40 meters of private lake frontage.
Located near Wang Tan Village and Bella Goose Café on the Pond.

Property Details
– Usable area 440 sq.m. (Mueang District title deed)
– 2 houses on the same plot
– Main house: 3 beds, 2 baths, 2 living rooms, 1 kitchen
– Guest house: 1 bed, 1 bath, lakefront terrace
– 4 parking spaces

Highlights
– Teakwood facade
– Full security system
– Private lake with over 10,000 fish
– Peaceful natural setting close to town

Rent: 100,000 THB/month

Contact for viewing
Tel: 061-4494297 (Mike)
LINE: @864pdamh
WhatsApp: +66859765176
WeChat ID: ynyn_mike
FB: Mike BCM Property

#ChiangMaiHouseForRent #LuxuryVillaChiangMai #LakefrontVilla #HangDongChiangMai #ModernHomeChiangMai #BCM0045"
https://baan.kaidee.com/product-371075288,"ราคา: 20,000
เนื้อที่: 168 ตารางเมตร | ห้องนอน 3 ห้องนอน | ห้องน้ำ 2 ห้องน้ำ | เนื้อที่ 168 ตารางเมตร
บ้านให้เช่า พร้อมเข้าอยู่ – สันผักหวาน หางดง
BCM0046
#บ้านให้เช่า พร้อมเข้าอยู่ – สันผักหวาน หางดง

บ้านเดี่ยวบรรยากาศสงบ นอกโครงการ น้ำไม่ท่วม วิวภูเขา ใกล้โรงเรียนนานาชาติ

รายละเอียด
– 3 ห้องนอน | 2 ห้องน้ำ | ครัวไทยแยกหลังบ้าน
– เฟอร์นิเจอร์ครบ Wi-Fi พร้อมใช้
– แอร์ 4 เครื่อง | จอดรถ 1 คัน

เงื่อนไข
– ไม่รับสัตว์เลี้ยง | งดสูบบุหรี่
– พื้นที่ใช้สอย 168 ตร.ม. | ที่ดิน 43 ตร.วา
– หลังเทศบาลสันผักหวาน ใกล้ 7-Eleven / กาดฝรั่ง / รร.นานาชาติ Lanna, CDSC, Panyaden

ค่าเช่า
– สัญญา 1 ปี 21,000 บาท/เดือน
– โปรโมชั่นเข้าอยู่ทันที 20,000 บาท/เดือน
– ประกัน 2 เดือน + ล่วงหน้า 1 เดือน

สนใจนัดชมบ้าน
Tel: 061-4494297 (Mike)
LINE: @864pdamh
WhatsApp: +66859765176
WeChat ID: ynyn_mike
FB: Mike BCM Property

#บ้านเช่าเชียงใหม่ #บ้านเช่าหางดง #บ้านใกล้โรงเรียนนานาชาติ #บ้านวิวภูเขา #BCM0046

–––––––––––––––––––––––––––––––––––––––––––

BCM0046
#HouseForRent – San Phak Wan, Hang Dong

Peaceful single house, off-project, flood-free, mountain view, near international schools.

Details
– 3 beds | 2 baths | Separate Thai kitchen
– Fully furnished, Wi-Fi ready
– 4 air conditioners | 1 parking space

Terms
– No pets | No smoking
– Usable area 168 sq.m. | Land 43 sq.wah
– Near San Phak Wan Municipality, Kad Farang, and Lanna/CDSC/Panyaden Schools

Rent
– 1-year contract: 21,000 THB/month
– Move-in promo: 20,000 THB/month
– 2-month deposit + 1-month advance

Contact
Tel: 061-4494297 (Mike)
LINE: @864pdamh
WhatsApp: +66859765176
WeChat ID: ynyn_mike
FB: Mike BCM Property

#HouseForRentChiangMai #HangDongHouse #InternationalSchoolArea #MountainViewHouse #BCM0046"
https://baan.kaidee.com/product-371075325,"ราคา: 30,000
เนื้อที่: 182 ตารางเมตร | ห้องนอน 3 ห้องนอน | ห้องน้ำ 03 ห้องน้ำ | เนื้อที่ 182 ตารางเมตร
ให้เช่าบ้าน โครงการ Eresma Villa – บ้านแหวน หางดง เชียงใหม่
BCM0047
#ให้เช่าบ้าน โครงการ Eresma Villa – บ้านแหวน หางดง เชียงใหม่

บ้านเดี่ยว 2 ชั้น ในโครงการคุณภาพ ทำเลดี ใกล้กาดฝรั่ง สนามบิน และโรงเรียนนานาชาติ SBS / Panyaden
น้ำไม่ท่วม เดินทางสะดวก เหมาะสำหรับครอบครัว

รายละเอียดบ้าน
– ที่ดิน 60 ตร.วา | พื้นที่ใช้สอย 182 ตร.ม.
– 3 ห้องนอน | 3 ห้องน้ำ | ห้องนั่งเล่นกว้าง | ห้องครัว
– สนามหญ้ารอบบ้าน | จอดรถ 2 คัน
– แอร์ทั้งหลัง / ตู้เย็น / เครื่องซักผ้า / ไมโครเวฟ / เครื่องทำน้ำอุ่น
– เฟอร์นิเจอร์ครบ พร้อมเข้าอยู่ | มีอินเทอร์เน็ต

สิ่งอำนวยความสะดวกในโครงการ
– สวนส่วนกลาง
– รปภ. 24 ชม.
– กล้อง CCTV

ค่าเช่า
– 30,000 บาท/เดือน
– เข้าอยู่จ่าย 90,000 บาท (ประกัน 2 เดือน + ล่วงหน้า 1 เดือน)
– สัญญาขั้นต่ำ 1 ปี | ไม่รับสัตว์เลี้ยง

สถานที่ใกล้เคียง
– กาดฝรั่ง
– โรงเรียนนานาชาติ SBS (1.2 กม.)
– โรงเรียนนานาชาติ Panyaden (2 กม.)
– สนามบินเชียงใหม่ / Makro / Big C / Lotus หางดง

สนใจนัดชมบ้าน
Tel: 061-4494297 (Mike)
LINE: @864pdamh
WhatsApp: +66859765176
WeChat ID: ynyn_mike
FB: Mike BCM Property

#บ้านเช่าเชียงใหม่ #บ้านเช่าหางดง #บ้านเช่าใกล้สนามบิน #บ้านเช่าใกล้โรงเรียนนานาชาติ #EresmaVilla #BCM0047

–––––––––––––––––––––––––––––––––––––––––––

BCM0047
#HouseForRent at Eresma Villa – Ban Waen, Hang Dong, Chiang Mai

2-storey detached house in a quality project near Kad Farang, Airport, and SBS / Panyaden International Schools.
Flood-free and peaceful — ideal for families.

Property Details
– Land size 60 sq.wah | Living area 182 sq.m.
– 3 bedrooms | 3 bathrooms | Spacious living room | Kitchen
– Private lawn | Parking for 2 cars
– Fully air-conditioned | Refrigerator | Washing machine | Microwave | Water heater
– Fully furnished with internet included

Facilities
– Communal garden
– 24-hour security
– CCTV system

Rental Terms
– 30,000 THB/month
– Move-in payment: 90,000 THB (2-month deposit + 1-month advance)
– Minimum 1-year contract | No pets allowed

Nearby Places
– Kad Farang
– SBS International School (1.2 km)
– Panyaden International School (2 km)
– Chiang Mai Airport / Makro / Big C / Lotus Hang Dong

Contact for viewing
Tel: 061-4494297 (Mike)
LINE: @864pdamh
WhatsApp: +66859765176
WeChat ID: ynyn_mike
FB: Mike BCM Property

#HouseForRentChiangMai #HangDongHouse #NearSBS #EresmaVilla #ChiangMaiProperty #BCM0047"
https://baan.kaidee.com/product-371075346,"ราคา: 1,900,000
เนื้อที่: 45 ตารางวา | เนื้อที่ 45 ตารางวา | ห้องนอน 2 ห้องนอน | ห้องน้ำ 2 ห้องน้ำ | ปีที่สร้างเสร็จ 2013 | เฟอร์นิเจอร์ ตกแต่งครบ | เป็นทรัพย์รอการขาย ใช่
ขายทาวน์เฮ้าใกล้ห้างเซนทรัลเเอร์พอร์ตเชียงใหม่
ขายทาวน์เฮ้าใกล้ เซนทรัลเเอร์พอร์ต ใกล้ห้างสรรพสินค้า 7-11 ตลาดวรุณนิเวศน์ เเละ ใกล้ บิ๊กซีเเม่เหียะ
ใกล้ รร.นานาชาติ ในซอยหมู่บ้านวิมานอินทร์ อ.เมือง ต.ป่าเเดด ขนาด 45 ตรว.พื้นที่กว้าง เหมาะสำหรับพักอาศัยหรือปล่อยเช่า ขนาด 2 ห้องนอน 2 ห้องน้ำ 1 ครัว
ขายราคา 1.9 ล้านพร้อมโอน
เเถมเฟอร์นิเจอร์ เเอร์ ภายในบ้านให้ครบครัน
ติดสัญญา ผู้เช่าอยู่เดือนละ 9000 สัญญา 1 ปี

สนใจติดต่อสอบถาม
0614507710
Line dddhomebenz"
https://baan.kaidee.com/product-371075347,"ราคา: 12,000
เนื้อที่: 19 ตารางวา | เนื้อที่ 19 ตารางวา | ห้องนอน 3 ห้องนอน | ห้องน้ำ 2 ห้องน้ำ | ปีที่สร้างเสร็จ 2016 | เฟอร์นิเจอร์ ตกแต่งครบ | เป็นทรัพย์รอการขาย ไม่ใช่
townhouse for rent near aba school
🇹🇭 ให้เช่าบ้านเดี่ยว ใกล้แม่เหียะ เชียงใหม่

บ้านสวยบรรยากาศดี เดินทางสะดวก
📍ห่างจากโรงเรียนสารสาสน์เพียง 10 นาที และ ABA เพียง 8 นาที
ใกล้ตลาดสด แหล่งชุมชน ร้านสะดวกซื้อ

🛏 รายละเอียดบ้าน
• 3 ห้องนอน 2 ห้องน้ำ
• พร้อมเฟอร์นิเจอร์ครบ
• แอร์ 3 เครื่อง
• เครื่องทำน้ำอุ่น
• โซฟา
• โต๊ะทานข้าว
• เครื่องซักผ้า

🚫 ไม่รับสัตว์เลี้ยง
📅 สัญญาขั้นต่ำ 1 ปี

💰 ราคา 12,000 บาท/เดือน
📞 โทร. 061-450-7710

⸻

🇬🇧 House for Rent – Near Mae Hia, Chiang Mai

Beautiful single house in a convenient location.
📍 Only 10 minutes from Sarasas School and 8 minutes from ABA School.
Close to fresh market, local community, and convenience stores.

🛏 Property Details
• 3 bedrooms, 2 bathrooms
• Fully furnished
• 3 air conditioners
• Water heaters
• Sofa set
• Dining table
• Washing machine

🚫 No pets allowed
📅 Minimum 1-year contract

💰 Rent: 12,000 THB/month
📞 Tel: 061-450-7710

⸻

🇨🇳 出租独栋别墅 – 清迈 Mae Hia 附近

漂亮舒适的独栋别墅，交通方便。
📍 距离 Sarasas 学校仅 10 分钟，距离 ABA 学校 8 分钟。
靠近菜市场、社区和便利店。

🛏 房屋详情
• 3 间卧室，2 间浴室
• 家具齐全
• 3 台空调
• 热水器
• 沙发
• 餐桌
• 洗衣机

🚫 不可养宠物
📅 最短租期 1 年

💰 租金：12,000 泰铢/月
📞 电话： 061-450-7710"
https://baan.kaidee.com/product-371075348,"ราคา: 29,000
เนื้อที่: 71 ตารางวา | เนื้อที่ 71 ตารางวา | ห้องนอน 4 ห้องนอน | ห้องน้ำ 3 ห้องน้ำ | ผู้พัฒนา/เจ้าของโครงการ Land and Houses | เฟอร์นิเจอร์ ตกแต่งครบ | ปีที่สร้างเสร็จ 2019 | เป็นทรัพย์รอการขาย ไม่ใช่
For rent the esteem สันกำเเพง
🇹🇭 ให้เช่า บ้านเดี่ยว 2 ชั้น หมู่บ้านดิ เอสตีม โซนสันกำแพง เชียงใหม่

💰 ค่าเช่า: 29,000 บาท/เดือน
(ประกัน 2 เดือน + ล่วงหน้า 1 เดือน)

📐 เนื้อที่ 71 ตร.วา
🛏 4 ห้องนอน | 🛁 3 ห้องน้ำ
พร้อม เฟอร์นิเจอร์และเครื่องใช้ไฟฟ้าครบชุด ตกแต่งสวย พร้อมเข้าอยู่

🌿 บ้านสวย บรรยากาศดี มีสนามหญ้าด้านข้าง เหมาะสำหรับครอบครัว
🏊‍♂️ สิ่งอำนวยความสะดวกของโครงการ: สระว่ายน้ำ, ฟิตเนส, รปภ. 24 ชม.

🎁 ของแถม / รายการภายในบ้าน
• ห้องนั่งเล่น / ครัว: ทีวี, ตู้เย็น, ชุดครัว, โซฟา, โต๊ะทานข้าว
• ห้องนอน: ผ้าปูที่นอน, หมอน, ตู้เสื้อผ้า
• เครื่องทำน้ำอุ่น 2 เครื่อง
• ผ้าม่านทั้งหลัง
• กล้องวงจรปิด
• มุ้งลวดจีบบางส่วน
• ประตูรีโมทอัตโนมัติ

📍 ใกล้บ่อสร้าง เดินทางสะดวก
🐈 ไม่รับสัตว์เลี้ยง

📞 สนใจติดต่อ:
061-4507710 | Line: dddhomebenz

⸻

🇬🇧 For Rent – 2-Storey Detached House, The Esteem Village, Sankampaeng, Chiang Mai

💰 Rent: 29,000 THB/month
(2 months deposit + 1 month in advance)

📐 Land size: 71 sq. wah
🛏 4 Bedrooms | 🛁 3 Bathrooms
Fully furnished and fully equipped with appliances, beautifully decorated, ready to move in!

🌿 Nice house with a side lawn, perfect for families
🏊‍♂️ Community facilities: Swimming pool, fitness, 24-hour security

🎁 Included items:
• Living room / Kitchen: TV, refrigerator, kitchen set, sofa, dining table
• Bedrooms: Bed sheets, pillows, wardrobes
• 2 Water heaters
• Curtains throughout
• CCTV cameras
• Partial folding mosquito screens
• Remote control gate

📍 Near Bo Sang area
🐈 No pets allowed

📞 Contact:
061-4507710 | Line: dddhomebenz"
https://baan.kaidee.com/product-371075554,"ราคา: 5,900,000
เนื้อที่: 58 ตารางเมตร | เนื้อที่ 58 ตารางเมตร | ห้องนอน 8 | ห้องน้ำ 8 | ชั้น 1 | เฟอร์นิเจอร์ ตกแต่งครบ | ปีที่สร้างเสร็จ 2024 | เป็นทรัพย์รอการขาย ใช่
ขายหอพัก โซนสารภี เชียงใหม่
🏬🚩 ขายหอพัก โซนสารภี เชียงใหม่ 📮
🪟 พื้นที่ใช้สอยต่อห้อง: 58 ตร.ม.
🔥 ราคาขาย: 🔥
✅ ลงทุนเป็นล็อต (8 ห้อง) – 5.9 ล้านบาท
📈 การันตีผลตอบแทน 413,000 บาท/ปี (Yield 7%)
(ราคานี้เป็นขั้นต่ำที่การันตี ยังไม่รวมกำไรจากค่าน้ำ-ไฟ)
✅ ลงทุนรายหลัง (1 ห้อง) – 950,000 บาท
📈 การันตีผลตอบแทน 60,000 บาท/ปี (Yield 6.3%)
(ราคานี้เป็นขั้นต่ำที่การันตี ยังไม่รวมกำไรจากค่าน้ำ-ไฟ)
✨ จุดเด่นของโครงการ:
👉🏻 มีความต้องการเช่าตลอดเวลา
👉🏻 พื้นที่รอบข้างพัฒนาอย่างต่อเนื่อง
🎉 ค่าเช่าเริ่มต้น 3,900 บาท/เดือน ❗
⚡ ค่าห้องล่วงหน้า 1 เดือน + ค่าประกันห้อง 1 เดือน
💡 ค่าไฟ หน่วยละ 8 บาท
💧 ค่าน้ำ หน่วยละ 30 บาท
✅ สิ่งอำนวยความสะดวก:
✔ ติดแอร์ทุกห้อง
✔ มุมนั่งเล่นริมหน้าต่าง
✔ ฟรี WiFi
✔ เครื่องทำน้ำอุ่น
✔ โต๊ะเครื่องแป้ง
✔ ตู้เสื้อผ้า
✔ เตียงนอนขนาด 5 ฟุต
✔ ซิงค์ล้างจาน
✔ ที่จอดรถส่วนตัวหน้าห้อง
✔ ร้านอาหารหน้าโครงการ
⚡ โปรโมชั่นเปิดตัว: ทำสัญญา 1 ปี รับ ตู้เย็นฟรี (ปกติคิดเพิ่ม 200 บาท/เดือน)

🏬🚩 Apartment for Sale in Saraphi, Chiang Mai 📮
🪟 Usable area per unit: 58 sq.m.
🔥 Selling Price: 🔥
✅ Investment in a lot (8 units) – 5.9 million THB
📈 Guaranteed return: 413,000 THB/year (Yield 7%)
(This is the minimum guaranteed return, excluding profits from utilities.)
✅ Investment in a single unit (1 unit) – 950,000 THB
📈 Guaranteed return: 60,000 THB/year (Yield 6.3%)
(This is the minimum guaranteed return, excluding profits from utilities.)
✨ Project Highlights:
👉🏻 High rental demand year-round
👉🏻 Continued development in the surrounding area
🎉 Rental starts at 3,900 THB/month ❗
⚡ Advance payment: 1-month rent + 1-month security deposit
💡 Electricity: 8 THB/unit
💧 Water: 30 THB/unit
✅ Facilities & Amenities:
✔ Air conditioning in all rooms
✔ Window-side sitting area
✔ Free WiFi
✔ Water heater
✔ Dressing table
✔ Wardrobe
✔ 5-foot bed
✔ Kitchen sink
✔ Private parking in front of the unit
✔ Restaurants in front of the project
⚡ Special Launch Promotion: 1-year contract includes a free refrigerator (normally an additional 200 THB/month)

🏬🚩 出售宿舍，在清迈，沙拉披区域。 📮

🪟 房间的建筑面积：58平方米

🔥 售价: 🔥
✅ 整批投资（8间房）– 590万泰铢
📈 保证年收益 413,000 泰铢（年化收益率 7%）

✅ 单间投资（1间房）– 950,000 泰铢
📈 保证年收益 60,000 泰铢（年化收益率 6.3%）
（此价格为最低保证收益，未包含水电等额外利润）

✨ 项目亮点:
👉🏻随时可租
👉🏻 周边地区持续发展
🎉 租金起价每月 3,900 泰铢❗
⚡ 预付 1 个月房租 + 1 个月押金
💡 电费：8 泰铢/度
💧 水费：30 泰铢/单位
✅ 设施齐全:
✔ 每间房配备空调
✔ 窗边休闲角落
✔ 免费 WiFi
✔ 热水器
✔ 化妆台
✔ 衣柜
✔ 5 英尺床
✔ 洗碗槽
✔ 房前私人停车位
✔ 项目前方设有餐厅
⚡ 开业优惠：签约 1 年送冰箱（原本每月需加 200 泰铢）



📍สถานที่ใกล้เคียง ( Nearby places )
โรงเรียนเทศบาลอุโมงค์ 1 (Umong Municipal School 1)
โรงพยาบาลสารภี
ตลาดสดปากกอง
คริสตจักรเบธเลเฮ็ม เชียงใหม่
IC JAPAN โกดังสินค้าญี่ปุ่น

📍 Nearby Places:
Umong Municipal School 1
Saraphi Hospital
Pak Kong Fresh Market
Bethlehem Church Chiang Mai
IC JAPAN - Japanese Goods Warehouse

📍附近地点
乌蒙市立第一学校
沙拉披医院
巴功生鲜市场
清迈伯利恒基督教会
IC JAPAN 日本商品仓库

Code : C0548
🚨บริษัท ที่ดีดี จำกัด | รับซื้อ | ขาย | เช่า TeeDD 有限公司 | 收购 | 出售 | 租赁
🚨จัดหาหอพัก,โรงแรม ตามงบประมาณ 按预算提供宿舍，酒店
🚨ดูแลตั้งแต่ต้นจนจบ และบริการหลังขาย 全程服务，并售后服务
🚨จัดการเอกสารทั้งหมด ดำเนินกิจการต่อได้ทันที 办理全部资料，即可正常运营

📌สอบถาม | นัดชมได้ทุกวัน 询问 | 每日可观看
Line : @teedd (มี@) Line : @teedd （有@）
Tel : 052-005-009 号码 : 052-005-009

#ขายหอพัก #หอพัก #หอพักเชียงใหม่ #出售宿舍 #宿舍 #清迈宿舍
#โรงแรม #ขายโรงแรม #酒店 #出售酒店"
https://baan.kaidee.com/product-371075576,"ราคา: 3,900,000
เนื้อที่: 160 ตารางเมตร | เนื้อที่ 160 ตารางเมตร | เป็นทรัพย์รอการขาย ใช่
ขายตัว 3 ชั้น โซนสันกำแพง
Code : C0547
✨🏢 ขายตึกแถว 3 ชั้น โซนสันกำแพง 🏢✨

🌟 ✨ โอกาสทองในการลงทุนอสังหาริมทรัพย์ในเชียงใหม่! ✨🌟
🏨ขายอาคารพาณิชย์ 3 ชั้น ทำเลทอง ย่านเศรษฐกิจ 🛏️💖
📏พื้นที่ใช้สอย 160 ตร.ม.🍒
💰ราคาเพียง 3.9 ล้านบาท 💰

🔥เหมาะสำหรับทำออฟฟิศ, Air bnb, คาเฟ่🔥

📍สถานที่ใกล้เคียง ( Nearby places )
โรงเรียนบ้านสันกำแพง
ปั๊มน้ำมันบางจาก - สหกรณ์การเกษตร สันกำแพง จำกัด
ปั๊มน้ำมันบางจาก สันกำแพง (บริษัท ศรีทองเชียงใหม่ออยล์ จำกัด)
สำนักงานเทศบาลตำบลสันกำแพง
สำนักงาน กศน. อำเภอสันกำแพง
ข่วงสันกำแพง



✨🏢 3-Story Commercial Building for Sale in San Kamphaeng 🏢✨
🌟 Golden Investment Opportunity in Chiang Mai! 🌟
🏨 Prime Location in a Thriving Business District 🛏️💖
📏 Usable Area: 160 sq.m. 🍒
💰 Price: Only 3.9 million THB 💰
🔥 Perfect for: Office, Airbnb, Café 🔥
📍 Nearby Places:
Ban San Kamphaeng School
Bangchak Gas Station - San Kamphaeng Agricultural Cooperative
Bangchak Gas Station San Kamphaeng (Sritong Chiang Mai Oil Co., Ltd.)
San Kamphaeng Subdistrict Municipality Office
Non-Formal and Informal Education Office, San Kamphaeng District
San Kamphaeng Market Square

✨🏢 出售三层楼房， 在三甘烹区域。 🏢✨

🌟 ✨ 清迈房地产投资的黄金机会! ✨🌟
🏨出售三层商业楼，黄金地段，经济区 🛏️💖
📏面积为 160 平方米🍒
💰售价仅 390 万泰铢 💰

🔥适合用于办公, Air bnb, 咖啡店🔥

📍附近地点
三甘烹乡村学校
邦乍加油站－三甘烹农业合作社有限公司
三甘烹邦乍加油站（清迈斯通石油有限公司）
三甘烹镇公所
三甘烹县非正规教育办公室
三甘烹广场"
https://baan.kaidee.com/product-371075601,"ราคา: 180,000,000
เนื้อที่: 500 ตารางวา | เนื้อที่ 500 ตารางวา | ห้องนอน 145 | ห้องน้ำ 145 | ชั้น 5 | เฟอร์นิเจอร์ มีบางส่วน | ปีที่สร้างเสร็จ 2022 | เป็นทรัพย์รอการขาย ใช่
ขายอสังหา โซนศรีภูมิ
Code : C0545
✨🏢 ขายหอพัก โซนศรีภูมิ 🏢✨

🌟 ✨ โอกาสทองในการลงทุนอสังหาริมทรัพย์ในเชียงใหม่! ✨🌟
🏨ขายหอพัก ทำเลทอง ย่านเศรษฐกิจ ใกล้มหาวิทยาลัย🛏️💖
✨เนื้อที่ทั้งหมด 500 ตร.ว. 🧺
💰ราคาเพียง 180 ล้านบาท 💰


✨รายละเอียดหอพัก :
มี2ตึกตึกละ 8ชั้น

ตึก1มี 97ห้องเล็ก
ห้องพัดลมทั้งหมด
เนื้อที่ห้อง 30 ตร.ม.

ตึก2มี 48ห้องชุด
ห้องแอร์ทั้งหมด
เนื้อที่ห้อง 40 - 60ตร.ม.

2ตึก=145 ห้อง
มีที่ว่างโค้งหัวมุมชั้น2

มีสระว่ายน้ำไซค์ใหญ่
บนดาดฟ้า ตึก2

มีลานจอดรถชั้น1
ลานจอดรถชั้นใต้ดินตึก2
ที่จอดรถยนต์ได้60คัน




📍สถานที่ใกล้เคียง ( Nearby places )
โรงเรียนเทพบดินทร์วิทยาเชียงใหม่ - Thep Bodin Witthaya Chiang Mai School
โรงพยาบาลเทพปัญญา 2 - Thep Panya 2 Hospital
ตลาดศิริวัฒนา - Siriwattana Market
Icon IT Chiangmai : The Modern Loft IT Center
มหาวิทยาลัยราชภัฏเชียงใหม่ - Chiang Mai Rajabhat University
ท่าอากาศยานนานาชาติเชียงใหม่ - Chiang Mai International Airport


✨🏢 For Sale: Dormitory in Sri Phum Area 🏢✨
🌟✨ A golden investment opportunity in Chiang Mai real estate! ✨🌟
🏨 For Sale: Dormitory in a prime economic area, close to the university 🛏️💖
✨ Total land area: 500 square wah 🧺
💰 Price: Only 180 million THB 💰
✨ Dormitory Details:
There are 2 buildings, each 8 floors.
Building 1: 97 small rooms
All fan rooms Room size: 30 sqm
Building 2: 48 suite rooms
All air-conditioned Room size: 40-60 sqm
2 buildings = 145 rooms
There’s an available space on the 2nd floor corner.
Large swimming pool on the rooftop of Building 2


Parking spaces:


1st floor parking lot
Basement parking lot in Building 2
Total parking for 60 cars

✨🏢 出售宿舍， Sriphum区域 🏢✨

🌟 ✨ 清迈房地产投资的黄金机会! ✨🌟
🏨出售宿舍，黄金地段，经济区，靠近大学🛏️💖
✨面积为 500 平方哇 🧺
💰售价仅 1.8亿泰铢 💰


✨宿舍详情 :
有两栋楼，每栋楼8层

第一栋楼有97间小房间
全部是风扇房
房间面积为30平方米

第二栋楼有48套房
全部是空调房
房间面积约40-60平方米

两楼=145房间
第二层有拐角空地

有大型游泳池
在二层屋顶

一层楼有停车场
第二楼地下有停车场
可停60辆车




📍附近地点
โรงเรียนเทพบดินทร์วิทยาเชียงใหม่ - Thep Bodin Witthaya Chiang Mai School - 清迈天博丁学校
โรงพยาบาลเทพปัญญา 2 - Thep Panya 2 Hospital - 天般雅第二医院
ตลาดศิริวัฒนา - Siriwattana Market - 西里瓦塔那市场
Icon IT Chiangmai : The Modern Loft IT Center - 清迈Icon IT现代阁楼信息科技中心
มหาวิทยาลัยราชภัฏเชียงใหม่ - Chiang Mai Rajabhat University - 清迈皇家师范大学
ท่าอากาศยานนานาชาติเชียงใหม่ - Chiang Mai International Airport - 清迈国际机场



🔹รับจัดหาอสังหาริมทรัพย์ตามงบประมาณ
根据预算提供房地产
รวมหอพักในเชียงใหม่ 清迈宿舍合集
➡️ https://teedd.co/หอพัก/
รวมอพาร์ทเม้นท์ในเชียงใหม่ 清迈公寓合集
➡️ https://teedd.co/อพาร์ทเม้นท์/
รวมโรงแรมในเชียงใหม่ 清迈酒店合集
➡️ https://teedd.co/โรงแรม/
รวมอาคารพาณิชย์ในเชียงใหม่ 清迈商业楼合集
➡️https://teedd.co/อาคารพาณิชย์/
นัดชมได้ทุกวันไม่มีวันหยุด 每日预约观看，无休息日。
Line:@teedd (มี@)
https://lin.ee/6c10cxd"
https://baan.kaidee.com/product-371075615,"ราคา: 18,000,000
เนื้อที่: 34 ตารางวา | เนื้อที่ 34 ตารางวา | เป็นทรัพย์รอการขาย ใช่
ขายอาคารพาณิชย์ โซนสุเทพ
Code : C0541
✨🏢 ขายอาคารพาณิชย์ โซนสุเทพ 🏢✨

🌟 ✨ โอกาสทองในการลงทุนอสังหาริมทรัพย์ในเชียงใหม่! ✨🌟
🏨อาคารพาณิชย์ ทำเลทอง ย่านเศรษฐกิจ ใกล้มหาวิทยาลัย 🛏️💖
✨เนื้อที่ทั้งหมด 34 ตร.ว.🧺
💰ราคาเพียง 18 ล้านบาท 💰


✨รายละเอียดอพาร์ทเม้นท์ :
5 ชั้น
3 ห้องนอน
3 ห้องน้ำ
ดาดฟ้า

✨พร้อมคนเช่าร้านอาหาร✨
✨สามารถดัดแปลง เป็นที่พัก, ร้านอาหาร,โฮลเทลได้✨



📍สถานที่ใกล้เคียง ( Nearby places )
Bright Seeds International Kindergarten
โรงพยาบาลเชียงใหม่ ราม - Chiang Mai Ram Hospital
เจ็ดยอดพลาซ่า - Jed Yod Plaza
เมญ่า ไลฟ์สไตล์ ช้อปปิ้ง เซ็นเตอร์ - Maya Lifestyle Shopping Center
มหาวิทยาลัยรามคำแหง สาขาวิทยบริการเฉลิมพระเกียรติ - Ramkhamhaeng University, Chaloem Phra Kiat Branch
สนามบินนานาชาติเชียงใหม่ - Chiang Mai International Airport

✨🏢 Commercial Building for Sale in Suthep Zone 🏢✨
🌟✨ A golden opportunity to invest in real estate in Chiang Mai! ✨🌟
🏨 Commercial building in a prime location, close to the university and in the heart of the economic district 🛏️💖
✨ Total land size: 34 sq.wah 🧺
💰 Price: Only 18 million Baht 💰
✨ Apartment details:
5 stories
3 bedrooms
3 bathrooms
Rooftop
✨ With a tenant running a restaurant ✨
✨ Can be converted into accommodation, restaurant, or hostel ✨

✨🏢 出售商业楼，素贴区域 🏢✨

🌟 ✨ 清迈房地产投资的黄金机会! ✨🌟
🏨商业楼，黄金地段，经济区，靠近大学🛏️💖
✨面积为 34 平方哇🧺
💰售价仅 1,800 万泰铢 💰


✨公寓详情 :
5 层
3 间卧室
3 间卫生间
屋顶平台

✨附带餐饮租户✨
✨可改造成住宿，餐饮或青年旅舍✨



📍附近地点
Bright Seeds International Kindergarten
โรงพยาบาลเชียงใหม่ ราม - Chiang Mai Ram Hospital - 清迈拉姆医院
เจ็ดยอดพลาซ่า - Jed Yod Plaza - 七塔广场
เมญ่า ไลฟ์สไตล์ ช้อปปิ้ง เซ็นเตอร์ - Maya Lifestyle Shopping CenterMAYA生活购物中心
มหาวิทยาลัยรามคำแหง สาขาวิทยบริการเฉลิมพระเกียรติ - Ramkhamhaeng University, Chaloem Phra Kiat Branch - 拉姆甘亨大学 朱拉隆功分校
สนามบินนานาชาติเชียงใหม่ - Chiang Mai International Airport - 清迈国际机场



🔹รับจัดหาอสังหาริมทรัพย์ตามงบประมาณ
根据预算提供房地产
รวมหอพักในเชียงใหม่ 清迈宿舍合集
➡️ https://teedd.co/หอพัก/
รวมอพาร์ทเม้นท์ในเชียงใหม่ 清迈公寓合集
➡️ https://teedd.co/อพาร์ทเม้นท์/
รวมโรงแรมในเชียงใหม่ 清迈酒店合集
➡️ https://teedd.co/โรงแรม/
รวมอาคารพาณิชย์ในเชียงใหม่ 清迈商业楼合集
➡️https://teedd.co/อาคารพาณิชย์/
นัดชมได้ทุกวันไม่มีวันหยุด 每日预约观看，无休息日
Line:@teedd (มี@)
https://lin.ee/6c10cxd"
https://baan.kaidee.com/product-371075616,"ราคา: 18,000,000
เนื้อที่: 34 ตารางวา | เนื้อที่ 34 ตารางวา | เป็นทรัพย์รอการขาย ใช่
ขายอาคารพาณิชย์ โซนสุเทพ"
https://baan.kaidee.com/product-371075623,"ราคา: 18,000,000
เนื้อที่: 34 ตารางวา | เนื้อที่ 34 ตารางวา | เป็นทรัพย์รอการขาย ใช่
ขายอาคารพาณิชย์ โซนสุเทพ
Code : C0541
✨🏢 ขายอาคารพาณิชย์ โซนสุเทพ 🏢✨

🌟 ✨ โอกาสทองในการลงทุนอสังหาริมทรัพย์ในเชียงใหม่! ✨🌟
🏨อาคารพาณิชย์ ทำเลทอง ย่านเศรษฐกิจ ใกล้มหาวิทยาลัย 🛏️💖
✨เนื้อที่ทั้งหมด 34 ตร.ว.🧺
💰ราคาเพียง 18 ล้านบาท 💰


✨รายละเอียดอพาร์ทเม้นท์ :
5 ชั้น
3 ห้องนอน
3 ห้องน้ำ
ดาดฟ้า

✨พร้อมคนเช่าร้านอาหาร✨
✨สามารถดัดแปลง เป็นที่พัก, ร้านอาหาร,โฮลเทลได้✨



📍สถานที่ใกล้เคียง ( Nearby places )
Bright Seeds International Kindergarten
โรงพยาบาลเชียงใหม่ ราม - Chiang Mai Ram Hospital
เจ็ดยอดพลาซ่า - Jed Yod Plaza
เมญ่า ไลฟ์สไตล์ ช้อปปิ้ง เซ็นเตอร์ - Maya Lifestyle Shopping Center
มหาวิทยาลัยรามคำแหง สาขาวิทยบริการเฉลิมพระเกียรติ - Ramkhamhaeng University, Chaloem Phra Kiat Branch
สนามบินนานาชาติเชียงใหม่ - Chiang Mai International Airport

✨🏢 Commercial Building for Sale in Suthep Zone 🏢✨
🌟✨ A golden opportunity to invest in real estate in Chiang Mai! ✨🌟
🏨 Commercial building in a prime location, close to the university and in the heart of the economic district 🛏️💖
✨ Total land size: 34 sq.wah 🧺
💰 Price: Only 18 million Baht 💰
✨ Apartment details:
5 stories
3 bedrooms
3 bathrooms
Rooftop
✨ With a tenant running a restaurant ✨
✨ Can be converted into accommodation, restaurant, or hostel ✨

✨🏢 出售商业楼，素贴区域 🏢✨

🌟 ✨ 清迈房地产投资的黄金机会! ✨🌟
🏨商业楼，黄金地段，经济区，靠近大学🛏️💖
✨面积为 34 平方哇🧺
💰售价仅 1,800 万泰铢 💰


✨公寓详情 :
5 层
3 间卧室
3 间卫生间
屋顶平台

✨附带餐饮租户✨
✨可改造成住宿，餐饮或青年旅舍✨



📍附近地点
Bright Seeds International Kindergarten
โรงพยาบาลเชียงใหม่ ราม - Chiang Mai Ram Hospital - 清迈拉姆医院
เจ็ดยอดพลาซ่า - Jed Yod Plaza - 七塔广场
เมญ่า ไลฟ์สไตล์ ช้อปปิ้ง เซ็นเตอร์ - Maya Lifestyle Shopping CenterMAYA生活购物中心
มหาวิทยาลัยรามคำแหง สาขาวิทยบริการเฉลิมพระเกียรติ - Ramkhamhaeng University, Chaloem Phra Kiat Branch - 拉姆甘亨大学 朱拉隆功分校
สนามบินนานาชาติเชียงใหม่ - Chiang Mai International Airport - 清迈国际机场



🔹รับจัดหาอสังหาริมทรัพย์ตามงบประมาณ
根据预算提供房地产
รวมหอพักในเชียงใหม่ 清迈宿舍合集
➡️ https://teedd.co/หอพัก/
รวมอพาร์ทเม้นท์ในเชียงใหม่ 清迈公寓合集
➡️ https://teedd.co/อพาร์ทเม้นท์/
รวมโรงแรมในเชียงใหม่ 清迈酒店合集
➡️ https://teedd.co/โรงแรม/
รวมอาคารพาณิชย์ในเชียงใหม่ 清迈商业楼合集
➡️https://teedd.co/อาคารพาณิชย์/
นัดชมได้ทุกวันไม่มีวันหยุด 每日预约观看，无休息日
Line:@teedd (มี@)
https://lin.ee/6c10cxd"
https://baan.kaidee.com/product-371075634,"ราคา: 25,000,000
เนื้อที่: 128 ตารางวา | เนื้อที่ 128 ตารางวา | ห้องนอน 36 | ห้องน้ำ 36 | ชั้น 4 | เฟอร์นิเจอร์ มีบางส่วน | ปีที่สร้างเสร็จ 2023 | เป็นทรัพย์รอการขาย ใช่
ขายอพาร์ทเม้นท์ โซนช้างม่อย
Code : C0539
✨🏢 ขายอพาร์ทเม้นท์ โซนช้างม่อย 🏢✨

🌟 ✨ โอกาสทองในการลงทุนอสังหาริมทรัพย์ในเชียงใหม่! ✨🌟
🏨อพาร์ทเม้นท์ ใจกลางเมืองเชียงใหม่ ทำเลทอง ย่านเศรษฐกิจ 🛏️💖
✨เนื้อที่ทั้งหมด 128 ตร.ว.🧺
✨พื้นที่ใช้สอย 858.45 ตร.ม.🌼
💰ราคาเพียง 25 ล้านบาท 💰


✨รายละเอียดอพาร์ทเม้นท์ :
4 ชั้น
36 ห้องแอร์
มีดาดฟ้า
✨ผู้เช่าเต็มตลอด✨

📍สถานที่ใกล้เคียง ( Nearby places )
โรงเรียนเทศบาลวัดศรีดอนไชย – Si Don Chai Temple Municipal School
โรงพยาบาลเทศบาลนครเชียงใหม่ – Chiang Mai Municipality Hospital
ตลาดวโรรส – Waroros Market
พันธุ์ทิพย์ ไลฟ์สไตล์ ฮับ - เชียงใหม่ – Pantip Lifestyle Hub - Chiang Mai
มหาวิทยาลัยมหามกุฏราชวิทยาลัย วิทยาเขตล้านนา – Mahamakut Buddhist University, Lanna Campus
ท่าอากาศยานนานาชาติเชียงใหม่ – Chiang Mai International Airport

✨🏢 For Sale: Apartment in Chang Moi Area 🏢✨
🌟✨ A golden investment opportunity in Chiang Mai! ✨🌟
🏨 Apartment in the heart of Chiang Mai, prime location in the economic district 🛏️💖
✨ Total land area: 128 sq.wah 🧺
✨ Total usable area: 858.45 sq.m. 🌼
💰 Price: Only 25 million THB 💰
✨ Apartment Details:
4 floors
36 air-conditioned rooms
Rooftop available
✨ Fully rented with tenants throughout ✨

✨🏢 出售公寓，象梅区域 🏢✨

🌟 ✨ 清迈房地产投资的黄金机会! ✨🌟
🏨公寓，清迈市中心，黄金地段，经济区 🛏️💖
✨面积为 128 平方哇🧺
✨使用面积 858.45 平方米🌼
💰售价仅 2,500万泰铢 💰


✨公寓详情 :
4 层
36 间空调房
有屋顶平台
✨租户长期满额✨

📍附近地点
โรงเรียนเทศบาลวัดศรีดอนไชย – Si Don Chai Temple Municipal School - 市立寺敦猜学校
โรงพยาบาลเทศบาลนครเชียงใหม่ – Chiang Mai Municipality Hospital - 清迈市立医院
ตลาดวโรรส – Waroros Market - 瓦洛洛市场
พันธุ์ทิพย์ ไลฟ์สไตล์ ฮับ - เชียงใหม่ – Pantip Lifestyle Hub - Chiang Mai - 清迈潘提普生活中心
มหาวิทยาลัยมหามกุฏราชวิทยาลัย วิทยาเขตล้านนา – Mahamakut Buddhist University, Lanna Campus - 玛哈玛固皇家大学兰纳校区
ท่าอากาศยานนานาชาติเชียงใหม่ – Chiang Mai International Airport - 清迈国际机场



🔹รับจัดหาอสังหาริมทรัพย์ตามงบประมาณ
根据预算提供房地产
รวมหอพักในเชียงใหม่ 清迈宿舍合集
➡️ https://teedd.co/หอพัก/
รวมอพาร์ทเม้นท์ในเชียงใหม่ 清迈公寓合集
➡️ https://teedd.co/อพาร์ทเม้นท์/
รวมโรงแรมในเชียงใหม่ 清迈酒店合集
➡️ https://teedd.co/โรงแรม/
รวมอาคารพาณิชย์ในเชียงใหม่ 清迈商业楼合集
➡️https://teedd.co/อาคารพาณิชย์/
นัดชมได้ทุกวันไม่มีวันหยุด 每日预约观看，无休息日
Line:@teedd (มี@)
https://lin.ee/6c10cxd"
https://baan.kaidee.com/product-371075960,"ราคา: 22,000
เนื้อที่: 57 ตารางเมตร | ห้องนอน 2 ห้องนอน | ห้องน้ำ 2 ห้องน้ำ | เนื้อที่ 57 ตารางเมตร | ชั้น 4 | อนุญาตให้เลี้ยงสัตว์ ไม่อนุญาต | เฟอร์นิเจอร์ ตกแต่งครบ
ให้เช่า คอนโดเอสเซ็นท์ วิลล์ เชียงใหม่ 2 ห้องนอน 2 ห้องน้ำ
ให้เช่า Escent Ville เชียงใหม่ | 2 ห้องนอน + ที่จอดรถส่วนตัว

ห้องใหญ่ 57 ตร.ม. | พร้อมเข้าอยู่

Escent Ville Chiang Mai – ใกล้ Central Festival

ขนาด: 57 ตร.ม. | 2 ห้องนอน | 2 ห้องน้ำ | ชั้น4

ค่าเช่าเพียง 24,000 บาท/เดือน

สัญญา 1 ปี | ประกัน 2 เดือน | ล่วงหน้า 1 เดือน

เครื่องใช้ไฟฟ้าครบ ทีวี , แอร์, ตู้เย็น, เครื่องทำน้ำอุ่น, ไมโครเวฟ, เครื่องซักผ้า

สิ่งอำนวยความสะดวกโครงการ ล้อมรอบด้วยคาเฟ่ ร้านอาหาร และคอมมูนิตี้มอลล์

สระว่ายน้ำ ฟิตเนส ห้องประชุม สวนพักผ่อน

ระบบรักษาความปลอดภัย 24 ชม. เข้าออกด้วย Key Card

ใกล้ถนนซุปเปอร์ไฮเวย์ | เดินทางสะดวกทุกเส้นทาง ใกล้ รพ.กรุงเทพเชียงใหม่ | ม.พายัพ | Big C Extra

ล้อมรอบด้วยคาเฟ่ ร้านอาหาร และคอมมูนิตี้มอลล์

เหมาะกับใคร?



สนใจนัดดูห้อง / ติดต่อสอบถามเพิ่มเติม

โทร: 081-8878905"
https://baan.kaidee.com/product-371075986,"ราคา: 850,000
เนื้อที่: 116 ตารางวา | เนื้อที่ 116 ตารางวา
ขายด่วน‼️ ที่ดิน 116 ตร.ว. สันกำแพง เชียงใหม่ ทำเลทอง ใกล้วัดกอสะเลียม เจ้าของขายเอง ราคาถูกมาก‼️
📍**ขายด่วนที่สุด‼️ ที่ดินโฉนด 116 ตร.ว. สันกำแพง เชียงใหม่**
ทำเลดีมาก!! ใกล้วัดกอสะเลียม — เข้าออกง่าย — น้ำไฟเข้าถึง — ชุมชนดี — พร้อมปลูกบ้าน 💯

🔥 ราคารีบขายเพียง **850,000 บาท**
(ราคาตลาดโซนนี้ 1,100,000–1,200,000 บาท)
✅ ถูกกว่าราคาตลาดเกือบครึ่ง!!

—————————————

✅ **จุดเด่นที่แปลงนี้แตกต่างจากที่อื่น**
• ทำเลอยู่ในย่านชุมชนจริง ไม่เปลี่ยว
• ถนนเข้าถึงง่าย รถเข้าได้สบาย
• มีบ้านคนอาศัยรอบด้าน คุ้มค่าในการปลูก
• น้ำประปา-ไฟฟ้าเข้าถึง
• ที่ดินแปลงสวย เหมาะสร้างบ้าน/บ้านสวน/โฮมออฟฟิศ
• เหมาะเก็งกำไร เพราะบริเวณนี้ราคาขึ้นทุกปี
• เจ้าของขายเอง ไม่ผ่านนายหน้า
• พร้อมโอนทันที

—————————————

🏡 **พิกัดชัดเจน:** ใกล้วัดกอสะเลียม ต.สันกำแพง จ.เชียงใหม่
ใส่ใน Google Map ได้เลย: “วัดกอสะเลียม”

—————————————

📞 **ด่วน! ติดต่อเจ้าของ (ลมลวรรณ) : 090-9694152 **
ทักแชท Lamon.s หรือโทรได้ 24 ชม. นัดดูที่จริงได้ทุกวัน"
https://baan.kaidee.com/product-371076265,"ราคา: 4,500
เนื้อที่: 70 ตารางเมตร | เนื้อที่ 70 ตารางเมตร | ห้องนอน 1 | ห้องน้ำ 1 | เฟอร์นิเจอร์ ไม่มี | เป็นทรัพย์รอการขาย ใช่
ให้เช่า บ้านเปล่า ใกล้วัดธาตุน้อย
🏡ให้เช่า บ้านเปล่า ใกล้ วัดธาตุน้อย
👉ราคาเช่า 4,500 บาทต่อเดือน สัญญา 1 ปี
อนุญาติให้เลี้ยงสัตว์ได้ ✅พร้อมเข้าอยู่ได้เลย

❤ประกัน 2 เดือน ล่วงหน้า 1 เดือน❤

รายละเอือด :
🛏2 ห้องนอน
🛁1 ห้องน้ำ
❌🛋ไม่มีเฟอร์นิเจอร์
🚗จอดรถมอเตอร์ไซด์ จอดได้ 2 คัน , รถยนต์ 1 คัน
✨แอร์ 1 ตัว
💧ค่าน้ำเหมาจ่าย 100บาท /คน
⚡ค่าไฟฟ้า หน่วยละ 7 บาท
✅🐶🐱อนุญาติให้เลี้ยงสัตว์

สถานที่ใกล้เคียง :
🚩เวียงกุมกาม
🚩วัดป่าแดด
🚩89 Plaza Night Market
🚩กาดวันเสาร์เคหะหนองหอย2
🚩ตลาดหนองหอย

🏡 Empty house for rent near Wat That Noi
👉Rental price: 4,500 baht per month, 1-year contract
Pets allowed ✅Move in ready

❤2-month security deposit, 1-month advance payment❤

Details:
🛏2 bedrooms
🛁1 bathroom
❌🛋Unfurnished
🚗Parking for 2 motorcycles and 1 car
✨1 air conditioner
💧Water: 100 baht per person
⚡Electricity: 7 baht per unit
✅🐶🐱Pets allowed

Nearby places:
🚩Wiang Kum Kam
🚩Wat Pa Daed
🚩89 Plaza Night Market
🚩Saturday Market, Nong Hoi Housing 2
🚩Nong Hoi Market

Code : R3172
🚨บริษัท ที่ดีดี จำกัด | รับซื้อ | ขาย | เช่า
🚨จัดหาบ้าน,คอนโด ตามงบประมาณ
🚨รับทำ TM30 แจ้งต่างชาติเข้าพัก
🚨ดูแลตลอดสัญญาเช่า

📌นัดชมได้ทุกวัน | รับ CO-AGENT
Line : @teedd (มี@)
Tel : 052-005-009

#บ้าน #บ้านเช่า #บ้านเช่าเชียงใหม่
#คอนโด #เช่าคอนโด #คอนโดให้เช่า"
https://baan.kaidee.com/product-371076273,"ราคา: 22,000
เนื้อที่: 18 ตารางวา | เนื้อที่ 18 ตารางวา | ห้องนอน 2 | ห้องน้ำ 2 | ผู้พัฒนา/เจ้าของโครงการ อื่นๆ | เฟอร์นิเจอร์ ตกแต่งครบ | ปีที่สร้างเสร็จ 2023 | เป็นทรัพย์รอการขาย ใช่
ให้เช่าบ้านเดี่ยว ใกล้ 89พลาซ่า
🏡ให้เช่าบ้านเดี่ยว ใกล้ 89พลาซ่า
👉ราคาเช่า 22,000 บาท/เดือน สัญญา 1 ปี
เฟอร์และเครื่องใช้ไฟฟ้าครบ ✅พร้อมเข้าอยู่

❤ประกัน 2 เดือน ล่วงหน้า 1 เดือน❤

รายละเอียด
🛏2 ห้องนอน
🛁2 ห้องน้ำ
🛋1 ห้องนั่งเล่น
🍳1 ห้องครัว

รายละเอียดเพิ่มเติม
✨เฟอร์นิเจอร์และเครื่องใช้ไฟฟ้าครบ
✨ตู้เย็น
✨เครื่องซักผ้า
✨อินเตอร์เน็ต

สถานที่ใกล้เคียง
🚩89 พลาซ่า
🚩โกลบอลเฮ้าส์ เวียงกุมกาม
🚩เซ็นทรัล เชียงใหม่ แอร์พอร์ต
🚩ท่าอากาศยานนานาชาติเชียงใหม่
🚩โรงพยาบาลเชียงใหม่ใกล้หมอ

🏡Single-family home for rent near 89 Plaza
👉Rental price: 22,000 baht/month, 1-year contract
Fully furnished and appliances ✅Ready to move in

❤2-month security deposit, 1-month advance payment❤

Details
🛏2 remaining units
🛁2 rooms
🛋1 sports hall
🍞1 fitness center

More details
✨Fully furnished and appliances
✨Refrigerator
✨Washing machine
✨Internet

Nearby areas:
🚩89 Plaza
🚩Global House Wiang Kum Kam
🚩Central Chiang Mai Airport
🚩Chiang Mai University
🚩Chiang Mai University Hospital

Code : R3169
🚨บริษัท ที่ดีดี จำกัด | รับซื้อ | ขาย | เช่า
🚨จัดหาบ้าน,คอนโด ตามงบประมาณ
🚨รับทำ TM30 แจ้งต่างชาติเข้าพัก
🚨ดูแลตลอดสัญญาเช่า

📌นัดชมได้ทุกวัน | รับ CO-AGENT
Line : @teedd (มี@)
Tel : 052-005-009

#บ้าน #บ้านเช่า #บ้านเช่าเชียงใหม่
#คอนโด #เช่าคอนโด #คอนโดให้เช่า"
https://baan.kaidee.com/product-371076296,"ราคา: 13,500
เนื้อที่: 46 ตารางเมตร | เนื้อที่ 46 ตารางเมตร | ห้องนอน 1 | ห้องน้ำ 1 | ชั้น 18 | เฟอร์นิเจอร์ ตกแต่งครบ | ผู้พัฒนา/เจ้าของโครงการ Supalai | อนุญาตให้เลี้ยงสัตว์ ไม่อนุญาต | เป็นทรัพย์รอการขาย ใช่
ให้เช่าคอนโด Supalai Monte 1 Chiangmai
🏨ให้เช่าคอนโด Supalai Monte 1 Chiangmai
👉ราคาเช่า 13,500 บาท/เดือน สัญญา 1 ปี
เฟอร์และเครื่องใช้ไฟฟ้าครบ ✅พร้อมเข้าอยู่

❤ประกัน 2 เดือน ล่วงหน้า 1 เดือน❤

รายละเอียด
📏ชั้น 18 พื้นที่ 46 ตร.ม.
🛏1 ห้องนอน
🛁1 ห้องน้ำ
🛋1 ห้องนั่งเล่น
🍳1 ห้องครัว
❌🐶🐱ไม่รับสัตว์เลี้ยง

รายละเอียดเพิ่มเติม
✨แอร์ 2 เครื่อง
✨เครื่องทำน้ำอุ่น
✨เฟอร์นิเจอร์และเครื่องใช้ไฟฟ้าครบ
✨ฟรี Wi-Fi
✨CCTV + รปภ 24 ชม.

สิ่งอำนวยความสะดวกครบครัน
✅สระว่ายน้ำ
✅ฟิตเนต
✅Co-working space
✅EV Charger
✅เครื่องซักผ้าและเครื่องอบผ้าหยอดเหรียญ

สถานที่ใกล้เคียง
🚩เซ็นทรัล เชียงใหม่
🚩บิ๊กซี เอ็กซ์ตร้า เชียงใหม่ 2
🚩โรงพยาบาลแมคคอร์มิค
🚩ตลาดเมืองใหม่
🚩มหาวิทยาลัยพายัพ

🏨 Condo for rent: Supalai Monte 1 Chiang Mai
👉Rental price: 13,500 baht/month, 1-year contract
Fully furnished and equipped ✅Ready to move in

❤2-month security deposit, 1-month advance payment❤

Details
📏18th floor, 46 sq m.
🛏1 bedroom
🛁1 bathroom
🛋1 living room
🍳1 kitchen
❌🐶🐱No pets allowed

Additional details:
✨2 air conditioners
✨Water heater
✨Fully furnished and equipped
✨Free Wi-Fi
✨CCTV + 24-hour security

Fully equipped amenities:
✅Swimming pool
✅Fitness center
✅Co-working space
✅EV charger
✅Coin-operated washing machine and dryer

Nearby places:
🚩Central Chiang Mai
🚩Big C Extra Chiang Mai 2
🚩McCormick Hospital
🚩Muang Mai Market
🚩Payap University

Code : R3168
🚨บริษัท ที่ดีดี จำกัด | รับซื้อ | ขาย | เช่า
🚨จัดหาบ้าน,คอนโด ตามงบประมาณ
🚨รับทำ TM30 แจ้งต่างชาติเข้าพัก
🚨ดูแลตลอดสัญญาเช่า

📌นัดชมได้ทุกวัน | รับ CO-AGENT
Line : @teedd (มี@)
Tel : 052-005-009

#บ้าน #บ้านเช่า #บ้านเช่าเชียงใหม่
#คอนโด #เช่าคอนโด #คอนโดให้เช่า"
https://baan.kaidee.com/product-371076348,"ราคา: 5,000
เนื้อที่: 62 ตารางวา | เนื้อที่ 62 ตารางวา | ห้องนอน 1 | ห้องน้ำ 1 | ผู้พัฒนา/เจ้าของโครงการ อื่นๆ | เฟอร์นิเจอร์ มีบางส่วน | ปีที่สร้างเสร็จ 2022 | เป็นทรัพย์รอการขาย ใช่
ให้เช่าบ้านเปล่า ใกล้สนามกีฬาเทศบาลหางดง
🏡ให้เช่าบ้านเปล่า ใกล้สนามกีฬาเทศบาลหางดง
ราคาเช่า 5,000 บาท/เดือน สัญญา 1 ปี
เดินทางง่าย ✅พร้อมเข้าอยู่

❤ประกัน 2,000 บาท ล่วหน้า 1 เดือน❤

รายละเอียด
🛏2 ห้องนอน
🛁1 ห้องน้ำ
🛋1 ห้องนั่งเล่น
🍳โซนครัว
❌🐶🐱ไม่รับสัตว์เลี้ยง
🚗ที่จอดรถยนต์

รายละเอียดเพิ่มเติม
✨แอร์ 1 เครื่อง
✨มีไวไฟฟรี
✨กล้องวงจรปิดรอบบ้าน

สถานที่ใกล้เคียง
🚩สนามกีฬาเทศบาลหางดง
🚩โรงพยาบาลหางดง
🚩ที่ว่าการอำเภอหางดง
🚩บิ๊กซี ซูเปอร์เซ็นเตอร์ หางดง 2
🚩มหาวิทยาลัยนอร์ท-เชียงใหม่

🏡 Empty house for rent near Hang Dong Municipal Stadium
Rental price: 5,000 baht/month, 1-year contract
Easy access ✅Move in ready

❤2,000 baht security deposit, 1 month advance payment❤

Details:
🛏2 bedrooms
🛁1 bathroom
🛋1 living room
🍳Kitchen area
❌🐶🐱No pets allowed
🚗Parking available

Additional details:
✨1 air conditioner
✨Free Wi-Fi
✨CCTV cameras throughout the house

Nearby places:
🚩Hang Dong Municipal Stadium
🚩Hang Dong Hospital
🚩Hang Dong District Office
🚩Big C Supercenter Hang Dong 2
🚩North-Chiang Mai University

Code : R3167
🚨บริษัท ที่ดีดี จำกัด | รับซื้อ | ขาย | เช่า
🚨จัดหาบ้าน,คอนโด ตามงบประมาณ
🚨รับทำ TM30 แจ้งต่างชาติเข้าพัก
🚨ดูแลตลอดสัญญาเช่า

📌นัดชมได้ทุกวัน | รับ CO-AGENT
Line : @teedd (มี@)
Tel : 052-005-009

#บ้าน #บ้านเช่า #บ้านเช่าเชียงใหม่
#คอนโด #เช่าคอนโด #คอนโดให้เช่า"
https://baan.kaidee.com/product-371076359,"ราคา: 7,000
เนื้อที่: 50 ตารางวา | เนื้อที่ 50 ตารางวา | ห้องนอน 2 | ห้องน้ำ 2 | ผู้พัฒนา/เจ้าของโครงการ อื่นๆ | เฟอร์นิเจอร์ ตกแต่งครบ | ปีที่สร้างเสร็จ 2023 | เป็นทรัพย์รอการขาย ใช่
ให้เช่าบ้านเดี่ยว ใกล้วัดน้ำโจ้
🏡ให้เช่าบ้านเดี่ยว ใกล้วัดน้ำโจ้
👉ราคาเช่า 7,000 บาท/เดือน สัญญา 1 ปี
✅🐶🐱รับสัตว์เลี้ยงแต่มีเงื่อนไข ✅พร้อมเข้าอยู่
เนื้อที่ 50 ตร.ว.
❤ประกัน 2 เดือน ล่วงหน้า 1 เดือน❤

รายละเอียด
🛏2 ห้องนอน
🛁2 ห้องน้ำ
🛋1 ห้องนั่งเล่น
🍳1 ห้องครัว

รายละเอียดเพิ่มเติม
✨เฟอร์นิเจอร์ครบ

สถานที่ใกล้เคียง
🚩การไฟฟ้าส่วนภูมิภาคสาขาสารภี
🚩ตลาดสด น้ำโท้ง
🚩วัดน้ำโจ้
🚩ดูโฮม เชียงใหม่
🚩โรงพยาบาลสารภี

🏡Single-family house for rent near Wat Nam Cho
👉Rental price: 7,000 baht/month, 1-year contract
✅🐶🐱Pets allowed, but conditions apply ✅Move-in ready

❤2-month security deposit, 1-month advance payment❤

Details:
🛏2 bedrooms
🛁2 bathrooms
🛋1 living room
🍳1 kitchen

Additional details:
✨Fully furnished

Nearby places:
🚩Provincial Electricity Authority, Saraphi Branch
🚩Nam Thong Fresh Market
🚩Wat Nam Cho
🚩Do Home Chiang Mai
🚩Saraphi Hospital

Code : R3166
🚨บริษัท ที่ดีดี จำกัด | รับซื้อ | ขาย | เช่า
🚨จัดหาบ้าน,คอนโด ตามงบประมาณ
🚨รับทำ TM30 แจ้งต่างชาติเข้าพัก
🚨ดูแลตลอดสัญญาเช่า

📌นัดชมได้ทุกวัน | รับ CO-AGENT
Line : @teedd (มี@)
Tel : 052-005-009

#บ้าน #บ้านเช่า #บ้านเช่าเชียงใหม่
#คอนโด #เช่าคอนโด #คอนโดให้เช่า"
https://baan.kaidee.com/product-371076370,"ราคา: 6,500
เนื้อที่: 13 ตารางวา | เนื้อที่ 13 ตารางวา | ห้องนอน 2 | ห้องน้ำ 2 | ผู้พัฒนา/เจ้าของโครงการ อื่นๆ | ปีที่สร้างเสร็จ 2022 | เฟอร์นิเจอร์ มีบางส่วน | เป็นทรัพย์รอการขาย ใช่
ให้เช่าบ้านทาวน์โฮมเปล่า  โซนสันป่าตอง
🏡ให้เช่าบ้านทาวน์โฮมเปล่า โซนสันป่าตอง
ราคาเช่า 6,500 บาท/เดือน สัญญา 1 ปี
เหมาะกับการทำเป็นหน้าร้าน ✅พร้อมเข้าอยู่

❤ประกัน 2 เดือน ล่วงหน้า 1 เดือน❤

รายละเอียด
🛏2 ห้องนอน
🛁2 ห้องน้ำ
🍳1 ห้องครัว

รายละเอียดเพิ่มเติม
✨การเจาะผนังได้
✨ทำหน้ากากอาคารได้

สถานที่ใกล้เคียง
🚩โรงเรียนเทศบาล1 (ทุ่งฟ้าบดราษฎร์บำรุง)
🚩โรงพยาบาลสันป่าตอง
🚩ตลาดนัดทุ่งฟ้าบด
🚩ตลาดภูสุวรรณ สันป่าตอง
🚩กาดงัว

🏡 Empty townhouse for rent in San Pa Tong area
Rental price: 6,500 baht/month, 1-year contract
Ideal for a storefront ✅Ready to move in

❤2-month security deposit, 1-month advance payment❤

Details:
🛏2 bedrooms
🛁2 bathrooms
🍳1 kitchen

Additional details:
✨Drilling holes allowed
✨Building facades allowed

Nearby locations:
🚩Thesaban 1 School (Thung Fa Bod Rat Bamrung)
🚩San Pa Tong Hospital
🚩Thung Fa Bod Market
🚩Phu Suwan Market, San Pa Tong
🚩Kad Ngua

Code : R3165
🚨บริษัท ที่ดีดี จำกัด | รับซื้อ | ขาย | เช่า
🚨จัดหาบ้าน,คอนโด ตามงบประมาณ
🚨รับทำ TM30 แจ้งต่างชาติเข้าพัก
🚨ดูแลตลอดสัญญาเช่า

📌นัดชมได้ทุกวัน | รับ CO-AGENT
Line : @teedd (มี@)
Tel : 052-005-009

#บ้าน #บ้านเช่า #บ้านเช่าเชียงใหม่
#คอนโด #เช่าคอนโด #คอนโดให้เช่า"
https://baan.kaidee.com/product-371076420,"ราคา: 1,890,000
เนื้อที่: 45 | ห้องนอน 3 ห้องนอน | ห้องน้ำ 2 ห้องน้ำ | เนื้อที่ 45 | ผู้พัฒนา/เจ้าของโครงการ อื่นๆ | เฟอร์นิเจอร์ ตกแต่งครบ | ปีที่สร้างเสร็จ 2024
บ้านเดี่ยว สไตล์มินิมอล บ้านแสนสุข สันผักหวาน หางดง เชียงใหม่
🏠บ้านเดี่ยว สไตล์มินิมอล จากโครงการบ้านแสนสุข
‼️ พร้อมให้คำปรึกษา และเตรียมเอกสารกู้ธนาคาร ฟรี ‼️
🎁 ฟรี เฟอร์นิเจอร์ทั้งบ้าน พร้อมเข้าอยู่ ‼️

#แปลงสวย
#โครงสร้างแข็งแรง
#วัสดุพรีเมี่ยม

พื้นที่เริ่มต้น 45 ตร. วา พื้นที่ใช้สอย 90 ตร. เมตร
บ้านเดี่ยว ชั้นเดียว
✔️3 ห้องนอน
✔️2 ห้องน้ำ
✔️1 ห้องรับแขก
✔️1 ห้องครัว
✔️1 โรงจอดรถ

💵 ราคา 1.89 ล้านบาท 💵

📍โครงการตั้งอยู่ใกล้เทศบาลสันผักหวาน
ต.สันผักหวาน อ.หางดง
✔️ บริเวณถนนวงแหวนรอบ 3 ฝั่งด้านหางดง
✔️ เข้าเมืองได้หลายเส้นทาง รถไม่ติด เดินทางสะดวก
✔️ ใกล้ศูนย์การค้ามากมาย
✔️ 10 นาที ถึงกาดฝรั่ง
✔️ 15 นาที ถึง Big C หางดง
✔️ 19 นาที ถึงโรบินสัน และสนามบิน

🎁 ของแถม 🎁 ฟรี ‼️ เฟอร์นิเจอร์ทั้งบ้าน พร้อมเข้าอยู่
1. ถังเก็บน้ำ
2. ปั๊มน้ำ
3. เคาน์เตอร์ห้องครัว
4. ซิงค์ล้างจาน
5. ชุดห้องน้ำพรีเมี่ยม
6. หลังคาโรงจอดรถ
7. สนามหญ้ารอบบ้าน
8. ระบบเดินท่อกำจัดปลวก"
https://baan.kaidee.com/product-371076424,"ราคา: 49,000
เนื้อที่: 71 ตารางวา | เนื้อที่ 71 ตารางวา | ห้องนอน 4 | ห้องน้ำ 4 | ผู้พัฒนา/เจ้าของโครงการ อื่นๆ | เฟอร์นิเจอร์ ตกแต่งครบ | ปีที่สร้างเสร็จ 2024 | เป็นทรัพย์รอการขาย ใช่
ให้เช่าบ้านเดี่ยวหลังใหญ่ โซนหางดง
🏡ให้เช่าบ้านเดี่ยวหลังใหญ่ โซนหางดง
👉ราคาเช่า 49,000 บาท/เดือน สัญญา 1 ปี
เฟอร์และเครื่องใช้ไฟฟ้าครบ ✅พร้อมเข้าอยู่

❤ประกัน 2 เดือน ล่วงหน้า 1 เดือน❤

รายละเอียด
🛏4 ห้องนอน
🛁4 ห้องน้ำ
🧥1 ห้องแต่งตัว
🍳1 ห้องครัว
📦1 ห้องเก็บของ
🚗2 ที่จอดรถ

รายละเอียดเพิ่มเติม
✨เฟอร์นิเจอร์และเครื่องใช้ไฟฟ้าครบ
✨กล้องวงจรภายใน-ภายนอกโครงการ
✨อินเตอร์เน็ตฟรี
✨ฟรีบริการตัดหญ้าดูแลสวนเดือนละครั้ง

สถานที่ใกล้เคียง
🚩โรงพยาบาลหางดง
🚩บิ๊กซี ซูเปอร์เซ็นเตอร์ หางดง 2
🚩ตลาดสด น้ำโท้ง
🚩กาดผักหวาน
🚩มหาวิทยาลัยนอร์ท-เชียงใหม่

🏡Large detached house for rent in Hang Dong area
👉Rental price: 49,000 baht/month, 1-year contract
Fully furnished and appliances ✅Ready to move in

❤2-month security deposit, 1-month advance payment❤

Details:
🛏4 bedrooms
🛁4 bathrooms
🧥1 dressing room
🍳1 kitchen
📦1 storage room
🚗2 parking spaces

More details:
✨Fully furnished and appliances
✨CCTV inside and outside the project
✨Free internet
✨Free monthly lawn mowing and garden maintenance

Nearby places:
🚩Hang Dong Hospital
🚩Big C Supercenter Hang Dong 2
🚩Nam Thong Fresh Market
🚩Kad Phak Wan
🚩North-Chiang Mai University

Code : R3164
🚨บริษัท ที่ดีดี จำกัด | รับซื้อ | ขาย | เช่า
🚨จัดหาบ้าน,คอนโด ตามงบประมาณ
🚨รับทำ TM30 แจ้งต่างชาติเข้าพัก
🚨ดูแลตลอดสัญญาเช่า

📌นัดชมได้ทุกวัน | รับ CO-AGENT
Line : @teedd (มี@)
Tel : 052-005-009

#บ้าน #บ้านเช่า #บ้านเช่าเชียงใหม่
#คอนโด #เช่าคอนโด #คอนโดให้เช่า"
https://baan.kaidee.com/product-371076434,"ราคา: 11,000
เนื้อที่: 18 ตารางวา | เนื้อที่ 18 ตารางวา | ห้องนอน 2 | ห้องน้ำ 2 | ผู้พัฒนา/เจ้าของโครงการ อื่นๆ | ปีที่สร้างเสร็จ 2023 | เฟอร์นิเจอร์ ตกแต่งครบ | เป็นทรัพย์รอการขาย ใช่
ให้เช่าทาวน์เฮ้าส์ 2 ชั้น ใกล้แม็คโคร หางดง เชียงใหม่
🏡ให้เช่าทาวน์เฮ้าส์ 2 ชั้น ใกล้แม็คโคร หางดง เชียงใหม่
👉ราคาเช่า 11,000 บาท/เดือน สัญญา 1 ปี
เหมาะกับการเปิดร้าน หรือทำออฟฟิศ ✅พร้อมเข้าอยู่

❤ประกัน 2 เดือน ล่วงหน้า 1 เดือน❤

รายละเอียด
🛏2 ห้องนอน
🛁2 ห้องน้ำ
🚗มีที่จอดหน้าบ้าน
✅🐶🐱รับสัตว์เลี้ยง แต่ขอดูแลความสะอาด

รายละเอียดเพิ่มเติม
✨แอร์ 2 เครื่อง
✨เครื่องทำน้ำอุ่น 1 เครื่อง
✨เฟอร์นิเจอร์และเครื่องใช้ไฟฟ้าครบ

สถานที่ใกล้เคียง
🚩แม็คโคร หางดง เชียงใหม่
🚩บิ๊กซี ซูเปอร์เซ็นเตอร์ หางดง 1
🚩กาดผักหวาน
🚩ท่าอากาศยานนานาชาติเชียงใหม่
🚩เซ็นทรัล เชียงใหม่ แอร์พอร์ต

🏡2-story townhouse for rent near Makro Hang Dong, Chiang Mai
👉Rental price: 11,000 baht/month, 1-year contract
Ideal for opening a shop or office ✅Ready to move in

❤2-month security deposit, 1-month advance payment❤

Details:
🛏2 bedrooms
🛁2 bathrooms
🚗Parking available in front of the house
✅🐶🐱Pets allowed, but housekeeping is required.

Additional details:
✨2 air conditioners
✨1 water heater
✨Fully furnished and equipped

Nearby locations:
🚩Makro Hang Dong, Chiang Mai
🚩Big C Supercenter Hang Dong 1
🚩Kad Phak Wan
🚩Chiang Mai International Airport
🚩Central Chiang Mai Airport

Code : R3160
🚨บริษัท ที่ดีดี จำกัด | รับซื้อ | ขาย | เช่า
🚨จัดหาบ้าน,คอนโด ตามงบประมาณ
🚨รับทำ TM30 แจ้งต่างชาติเข้าพัก
🚨ดูแลตลอดสัญญาเช่า

📌นัดชมได้ทุกวัน | รับ CO-AGENT
Line : @teedd (มี@)
Tel : 052-005-009

#บ้าน #บ้านเช่า #บ้านเช่าเชียงใหม่
#คอนโด #เช่าคอนโด #คอนโดให้เช่า"
https://baan.kaidee.com/product-371076515,"ราคา: 12,500
เนื้อที่: 30 ตารางเมตร | เนื้อที่ 30 ตารางเมตร | ห้องนอน 1 | ห้องน้ำ 1 | ชั้น 2 | เฟอร์นิเจอร์ ตกแต่งครบ | ผู้พัฒนา/เจ้าของโครงการ อื่นๆ | ปีที่สร้างเสร็จ 2023 | เป็นทรัพย์รอการขาย ใช่
ให้เช่า The Base High Condominium ใกล้เซ็นทรัล เชียงใหม่
🏡ให้เช่า The Base High Condominium ใกล้เซ็นทรัล เชียงใหม่
👉ราคาเช่า 12,500 บาท/เดือน สัญญา 1 ปี
เฟอร์และเครื่องใช้ไฟฟ้าครบ ✅พร้อมเข้าอยู่

❤ประกัน 2 เดือน ล่วงหน้า 1 เดือน❤

รายละเอียด
📏ชั้น 2 พื้นที่ 30 ตร.ม.
🛏1 ห้องนอน
🛁1 ห้องน้ำ
🛋1 ห้องนั่งเล่น
🍳1 ห้องครัว

รายละเอียดเพิ่มเติม
✨เฟอร์นิเจอร์และเครื่องใช้ไฟฟ้าครบ
✨ฟิตเนส
✨สระว่ายน้ำ
✨working Space

สถานที่ใกล้เคียง
🚩เซ็นทรัล เชียงใหม่
🚩บิ๊กซี เอ็กซ์ตร้า เชียงใหม่ 2
🚩โรงพยาบาลเทพปัญญา
🚩ตลาดสามแยก
🚩โลตัส เชียงใหม่-คำเที่ยง

🏡The Base High Condominium for rent near Central Chiang Mai
👉Rental price: 12,500 baht/month, 1-year contract
Fully furnished and appliances ✅Ready to move in

❤2-month security deposit, 1-month advance payment❤

Details
📏2nd floor, 30 sq m.
🛏1 bedroom
🛁1 bathroom
🛋1 living room
🍳1 kitchen

More details: ✨Fully furnished and appliances
✨Fitness center
✨Swimming pool
✨Working space

Nearby places:
🚩Central Chiang Mai
🚩Big C Extra Chiang Mai 2
🚩Theppanya Hospital
🚩Sam Yaek Market
🚩Lotus Chiang Mai-Kham Thiang

Code : R3163
🚨บริษัท ที่ดีดี จำกัด | รับซื้อ | ขาย | เช่า
🚨จัดหาบ้าน,คอนโด ตามงบประมาณ
🚨รับทำ TM30 แจ้งต่างชาติเข้าพัก
🚨ดูแลตลอดสัญญาเช่า

📌นัดชมได้ทุกวัน | รับ CO-AGENT
Line : @teedd (มี@)
Tel : 052-005-009

#บ้าน #บ้านเช่า #บ้านเช่าเชียงใหม่
#คอนโด #เช่าคอนโด #คอนโดให้เช่า"
https://baan.kaidee.com/product-371076524,"ราคา: 28,000
เนื้อที่: 85.5 ตารางวา | เนื้อที่ 85.5 ตารางวา | ห้องนอน 3 | ห้องน้ำ 3 | เฟอร์นิเจอร์ ตกแต่งครบ
ให้เช่าบ้านโครงการ โซนดอยสะเก็ด
🏡ให้เช่าบ้านโครงการ โซนดอยสะเก็ต
👉ราคาเช่า 28,000 บาท/เดือน สัญญา 1 ปี
เฟอร์และเครื่องใช้ไฟฟ้าครบ ✅พร้อมเข้าอยู่

❤ประกัน 2 เดือน ล่วงหน้า 1 เดือน❤

รายละเอียด
📏พื่นที่ 85.5 ตร.ว
🛏3 ห้องนอน
🛁3 ห้องน้ำ
🍳โซนครัว
❌🐶🐱ไม่รับสัตว์เลี้ยง

รายละเอียดเพิ่มเติม
✨เฟอร์นิเจอร์และเครื่องใช้ไฟฟ้าครบ
✨สระว่ายน้ำ
✨ฟิตเนส
✨รปภ.24 ชั่วโมง
✨ฟรีอินเตอร์เน็ตบ้าน
✨ฟรีตัดหญ้า 2 เดือนครั้ง
✨ฟรีฉีดปลวกและแมลงทุกเดือน

สถานที่ใกล้เคียง
🚩บิ๊กซี ซูเปอร์เซ็นเตอร์ เชียงใหม่ ดอนจั่น
🚩ตลาดเจริญ เจริญ
🚩ตลาดฉำฉา
🚩ตลาดท่ารั้ว
🚩แม็คโคร เชียงใหม่

🏡House for rent in Doi Saket area
👉Rental price 28,000 baht/month, 1-year contract
Fully furnished and appliances ✅Ready to move in

❤2-month security deposit, 1-month advance payment❤

Details
📏Area: 85.5 sq. wah
🛏3 bedrooms
🛁3 bathrooms
🍳Kitchen area
❌🐶🐱No pets allowed

Additional details:
✨Fully furnished and appliances
✨Swimming pool
✨Fitness center
✨24-hour security
✨Free home internet
✨Free lawn mowing twice a month
✨Free monthly termite and insect spray

Nearby locations:
🚩Big C Supercenter Chiang Mai Don Chan
🚩Charoen Charoen Market
🚩Chamcha Market
🚩Tha Ruea Market
🚩Makro Chiang Mai

Code : R3162
🚨บริษัท ที่ดีดี จำกัด | รับซื้อ | ขาย | เช่า
🚨จัดหาบ้าน,คอนโด ตามงบประมาณ
🚨รับทำ TM30 แจ้งต่างชาติเข้าพัก
🚨ดูแลตลอดสัญญาเช่า

📌นัดชมได้ทุกวัน | รับ CO-AGENT
Line : @teedd (มี@)
Tel : 052-005-009

#บ้าน #บ้านเช่า #บ้านเช่าเชียงใหม่
#คอนโด #เช่าคอนโด #คอนโดให้เช่า"
https://baan.kaidee.com/product-371076551,"ราคา: 15,000
เนื้อที่: 129 ตารางเมตร | เนื้อที่ 129 ตารางเมตร | ห้องนอน 3 | ห้องน้ำ 3 | เฟอร์นิเจอร์ ตกแต่งครบ
ให้เช่าบ้านเดี่ยว 2 ชั้น ใกล้สี่แยกบ่อสร้าง
🏡ให้เช่าบ้านเดี่ยว 2 ชั้น ใกล้สี่แยกบ่อสร้าง
👉ราคาเช่า 15,000 บาท/เดือน สัญญา 1 ปี
เฟอร์และเครื่องใช้ไฟฟ้าครบ ✅พร้อมเข้าอยู่

❤ประกัน 2 เดือน ล่วงหน้า 1 เดือน❤

รายละเอียด
🛏2 ห้องนอน
🛁3 ห้องน้ำ
✅🐶🐱รับสัตว์เลี้ยงแต่มีเงื่อนไข

รายละเอียดเพิ่มเติม
✨เฟอร์นิเจอร์ครบ
✨ทีวี
✨ตู้เย็น
✨เครื่องปรับอากาศ
✨เครื่องทำน้ำอุ่น

สถานที่ใกล้เคียง
🚩โรงพยาบาลสันกำแพง
🚩ตลาดเจริญ เจริญ
🚩ตลาดสดสันกำแพง
🚩ตลาดป่าเห็ว
🚩โรงเรียนอนุบาลสุขประเสริฐ

🏡2-story detached house for rent near Bo Sang Intersection
👉Rental price: 15,000 baht/month, 1-year contract
Fully furnished and appliances ✅Ready to move in

❤2-month security deposit, 1-month advance payment❤

Details:
🛏2 bedrooms
🛁3 bathrooms
✅🐶🐱Pets allowed, but conditions apply

More details:
✨Fully furnished
✨TV
✨Refrigerator
✨Air conditioner
✨Water heater

Nearby places:
🚩San Kamphaeng Hospital
🚩Charoen Charoen Market
🚩San Kamphaeng Fresh Market
🚩Pa Hew Market
🚩Sukprasit Kindergarten

Code : R3159
🚨บริษัท ที่ดีดี จำกัด | รับซื้อ | ขาย | เช่า
🚨จัดหาบ้าน,คอนโด ตามงบประมาณ
🚨รับทำ TM30 แจ้งต่างชาติเข้าพัก
🚨ดูแลตลอดสัญญาเช่า

📌นัดชมได้ทุกวัน | รับ CO-AGENT
Line : @teedd (มี@)
Tel : 052-005-009

#บ้าน #บ้านเช่า #บ้านเช่าเชียงใหม่
#คอนโด #เช่าคอนโด #คอนโดให้เช่า"
https://baan.kaidee.com/product-371076560,"ราคา: 15,000
เนื้อที่: 129 ตารางเมตร | เนื้อที่ 129 ตารางเมตร | ห้องนอน 3 | ห้องน้ำ 3 | เฟอร์นิเจอร์ ตกแต่งครบ
ให้เช่าบ้านเดี่ยว 2 ชั้น ใกล้สี่แยกบ่อสร้าง
🏡ให้เช่าบ้านเดี่ยว 2 ชั้น ใกล้สี่แยกบ่อสร้าง
👉ราคาเช่า 15,000 บาท/เดือน สัญญา 1 ปี
เฟอร์และเครื่องใช้ไฟฟ้าครบ ✅พร้อมเข้าอยู่

❤ประกัน 2 เดือน ล่วงหน้า 1 เดือน❤

รายละเอียด
🛏2 ห้องนอน
🛁3 ห้องน้ำ
✅🐶🐱รับสัตว์เลี้ยงแต่มีเงื่อนไข

รายละเอียดเพิ่มเติม
✨เฟอร์นิเจอร์ครบ
✨ทีวี
✨ตู้เย็น
✨เครื่องปรับอากาศ
✨เครื่องทำน้ำอุ่น

สถานที่ใกล้เคียง
🚩โรงพยาบาลสันกำแพง
🚩ตลาดเจริญ เจริญ
🚩ตลาดสดสันกำแพง
🚩ตลาดป่าเห็ว
🚩โรงเรียนอนุบาลสุขประเสริฐ

🏡2-story detached house for rent near Bo Sang Intersection
👉Rental price: 15,000 baht/month, 1-year contract
Fully furnished and appliances ✅Ready to move in

❤2-month security deposit, 1-month advance payment❤

Details:
🛏2 bedrooms
🛁3 bathrooms
✅🐶🐱Pets allowed, but conditions apply

More details:
✨Fully furnished
✨TV
✨Refrigerator
✨Air conditioner
✨Water heater

Nearby places:
🚩San Kamphaeng Hospital
🚩Charoen Charoen Market
🚩San Kamphaeng Fresh Market
🚩Pa Hew Market
🚩Sukprasit Kindergarten

Code : R3159
🚨บริษัท ที่ดีดี จำกัด | รับซื้อ | ขาย | เช่า
🚨จัดหาบ้าน,คอนโด ตามงบประมาณ
🚨รับทำ TM30 แจ้งต่างชาติเข้าพัก
🚨ดูแลตลอดสัญญาเช่า

📌นัดชมได้ทุกวัน | รับ CO-AGENT
Line : @teedd (มี@)
Tel : 052-005-009

#บ้าน #บ้านเช่า #บ้านเช่าเชียงใหม่
#คอนโด #เช่าคอนโด #คอนโดให้เช่า"
https://baan.kaidee.com/product-371076567,"ราคา: 16,000
เนื้อที่: 50 ตารางเมตร | เนื้อที่ 50 ตารางเมตร | ห้องนอน 1 | ห้องน้ำ 1 | ชั้น 11 | เฟอร์นิเจอร์ ตกแต่งครบ | ปีที่สร้างเสร็จ 2023 | เป็นทรัพย์รอการขาย ใช่
ให้เช่าคอนโด The Trio Condominium
🏨ให้เช่าคอนโด The Trio Condominium
👉ราคาเช่า 16,000 บาท/เดือน สัญญา 1 ปี
เฟอร์และเครื่องใช้ไฟฟ้าครบ ✅พร้อมเข้าอยู่

❤ประกัน 2 เดือน ล่วงหน้า 1 เดือน❤

รายละเอียด
📏ชั้น 11 พื้นที่ 50 ตร.ม.
🛏1 ห้องนอน
🛁1 ห้องน้ำ

รายละเอียดเพิ่มเติม
✨เฟอร์นิเจอร์และเครื่องใช้ไฟฟ้าครบ
✨ฟิตเนส
✨สระน้ำ
✨เจ้าหน้าที่รักษาความปลอดภัย 24 ชั่วโมง

สถานที่ใกล้เคียง
🚩วัน นิมมาน
🚩ตลาดกาดหน้ามอ
🚩มหาวิทยาลัยเชียงใหม่
🚩โรงพยาบาลมหาราชนครเชียงใหม่
🚩โรงพยาบาลเชียงใหม่ ราม

🏨 Condo for rent: The Trio Condominium
👉Rental price: 16,000 baht/month, 1-year contract
Fully furnished and equipped ✅Ready to move in

❤2-month security deposit, 1-month advance payment❤

Details
📏11th floor, 50 sq m.
🛏1 bedroom
🛁1 bathroom

Additional details: ✨Fully furnished and equipped
✨Fitness center
✨Swimming pool
✨24-hour security

Nearby places:
🚩One Nimman
🚩Kad Na Mo Market
🚩Chiang Mai University
🚩Maharaj Nakorn Chiang Mai Hospital
🚩Chiang Mai Ram Hospital

Code : R3158
🚨บริษัท ที่ดีดี จำกัด | รับซื้อ | ขาย | เช่า
🚨จัดหาบ้าน,คอนโด ตามงบประมาณ
🚨รับทำ TM30 แจ้งต่างชาติเข้าพัก
🚨ดูแลตลอดสัญญาเช่า

📌นัดชมได้ทุกวัน | รับ CO-AGENT
Line : @teedd (มี@)
Tel : 052-005-009

#บ้าน #บ้านเช่า #บ้านเช่าเชียงใหม่
#คอนโด #เช่าคอนโด #คอนโดให้เช่า"
https://baan.kaidee.com/product-371076577,"ราคา: 15,000
เนื้อที่: 48 ตารางเมตร | เนื้อที่ 48 ตารางเมตร | ห้องนอน 1 | ห้องน้ำ 1 | ชั้น 2 | เฟอร์นิเจอร์ ตกแต่งครบ | ปีที่สร้างเสร็จ 2023 | เป็นทรัพย์รอการขาย ใช่
ให้เช่าคอนโด The Unique รวมโชค
🏨ให้เช่าคอนโด The Unique @Ruamchok
👉ราคาเช่า 15,000 บาท/เดือน สัญญา 1 ปี
เฟอร์และเครื่องใช้ไฟฟ้าครบ ✅พร้อมเข้าอยู่

❤ประกัน 2 เดือน ล่วงหน้า 1 เดือน❤

รายละเอียด
📏ชั้น 2 พื้นที่ 48 ตร.ม.
🛏1 ห้องนอน
🛁1 ห้องน้ำ
🛋1 ห้องนั่งเล่น
🍳โซนครัว

รายละเอียดเพิ่มเติม
✨เฟอร์นิเจอร์และเครื่องใช้ไฟฟ้าครบ
✨สระว่ายน้ำ
✨ฟิตเนส
✨ซาวน่า

สถานที่ใกล้เคียง
🚩เซ็นทรัล เชียงใหม่
🚩โลตัส เชียงใหม่ - รวมโชค
🚩กาดรวมโชค
🚩โรงพยาบาลลานนา
🚩ตลาดสามแยก

Condo for rent: The Unique @Ruamchok
👉Rental price: 15,000 baht/month, 1-year contract
Fully furnished and equipped ✅Ready to move in

❤2-month security deposit, 1-month advance payment❤

Details:
📏2nd floor, 48 sq m.
🛏1 bedroom
🛁1 bathroom
🛋1 living room
🍳Kitchen area

More details:
✨Fully furnished and equipped
✨Swimming pool
✨Fitness center
✨Sauna

Nearby places:
🚩Central Chiang Mai
🚩Lotus Chiang Mai - Ruamchok
🚩Kad Ruamchok
🚩Lanna Hospital
🚩Samyaek Market

Code : R3157
🚨บริษัท ที่ดีดี จำกัด | รับซื้อ | ขาย | เช่า
🚨จัดหาบ้าน,คอนโด ตามงบประมาณ
🚨รับทำ TM30 แจ้งต่างชาติเข้าพัก
🚨ดูแลตลอดสัญญาเช่า

📌นัดชมได้ทุกวัน | รับ CO-AGENT
Line : @teedd (มี@)
Tel : 052-005-009

#บ้าน #บ้านเช่า #บ้านเช่าเชียงใหม่
#คอนโด #เช่าคอนโด #คอนโดให้เช่า"
https://baan.kaidee.com/product-371076586,"ราคา: 15,500
เนื้อที่: 52 ตารางวา | เนื้อที่ 52 ตารางวา | ห้องนอน 3 | ห้องน้ำ 3 | เฟอร์นิเจอร์ ตกแต่งครบ | ปีที่สร้างเสร็จ 2023 | เป็นทรัพย์รอการขาย ใช่
ให้เช่าบ้าน ใกล้แยกสะเมิง
🏡ให้เช่าบ้าน ใกล้แยกสะเมิง
👉ราคาเช่า 15,500 บาท/เดือน สัญญา 1 ปี
เฟอร์และเครื่องใช้ไฟฟ้าครบ ✅พร้อมเข้าอยู่

❤ประกัน 2 เดือน ล่วงหน้า 1 เดือน❤

รายละเอียด
📏พื้นที่ 52 ต.ว.
🛏3 ห้องนอน
🛁3 ห้องน้ำ
🍳โซนครัว
❌🐶🐱ไม่รับสัตว์เลี้ยง
🚗จอดรถได้ 2 คัน

รายละเอียดเพิ่มเติม
✨แอร์ 3 เครื่อง
✨เครื่องทำน้ำอุ่น 3 เครื่อง
✨ค่าส่วนกลาง 500 บาท

สถานที่ใกล้เคียง
🚩อิเกีย เชียงใหม่
🚩บิ๊กซี ซูเปอร์เซ็นเตอร์ หางดง 1
🚩กาดผักหวาน
🚩ตลาดสด น้ำโท้ง
🚩สำนักงานขนส่งจังหวัดเชียงใหม่

🏡House for rent near Samoeng Intersection
👉Rental price: 15,500 baht/month, 1-year contract
Fully furnished and equipped ✅Ready to move in

❤2-month security deposit, 1-month advance payment❤

Details:
📏Land area: 52 sq m
🛏3 bedrooms
🛁3 bathrooms
🍳Kitchen area
❌🐶🐱No pets allowed
🚗Parking for 2 cars

Additional details:
✨3 air conditioners
✨3 water heaters
✨Common area fee: 500 baht

Nearby places:
🚩IKEA Chiang Mai
🚩Big C Supercenter Hang Dong 1
🚩Kad Phak Wan
🚩Nam Thong Fresh Market
🚩Chiang Mai Provincial Land Transport Office

Code : R3156
🚨บริษัท ที่ดีดี จำกัด | รับซื้อ | ขาย | เช่า
🚨จัดหาบ้าน,คอนโด ตามงบประมาณ
🚨รับทำ TM30 แจ้งต่างชาติเข้าพัก
🚨ดูแลตลอดสัญญาเช่า

📌นัดชมได้ทุกวัน | รับ CO-AGENT
Line : @teedd (มี@)
Tel : 052-005-009

#บ้าน #บ้านเช่า #บ้านเช่าเชียงใหม่
#คอนโด #เช่าคอนโด #คอนโดให้เช่า"
https://baan.kaidee.com/product-371076593,"ราคา: 7,000
เนื้อที่: 30 ตารางเมตร | เนื้อที่ 30 ตารางเมตร | ห้องนอน 1 | ห้องน้ำ 1 | ชั้น 7 | เฟอร์นิเจอร์ ตกแต่งครบ | ปีที่สร้างเสร็จ 2023 | เป็นทรัพย์รอการขาย ใช่
ให้เช่าคอนโดชั้น 7 Lanna Condo
🏨ให้เช่าคอนโดชั้น 7 Lanna Condo
👉ราคาเช่า 7,000 บาท/เดือน สัญญา 1 ปี
เฟอร์และเครื่องใช้ไฟฟ้าครบ ✅พร้อมเข้าอยู่

❤ประกัน 2 เดือน ล่วงหน้า 1 เดือน❤

รายละเอียด
📏ชั้น 7 พื้นที่ 30 ตร.ม.
🛏1 ห้องนอน
🛁1 ห้องน้ำ
🍳โซนครัว

รายละเอียดเพิ่มเติม
✨แอร์ 1 เครื่อง
✨เครื่องทำน้ำอุ่น
✨เฟอร์นิเจอร์และเครื่องใช้ไฟฟ้าครบ

สถานที่ใกล้เคียง
🚩โรงพยาบาลลานนา
🚩โรงพยาบาลเชียงใหม่ ฮอสพิทอล
🚩มหาวิทยาลัยราชภัฏเชียงใหม่
🚩โลตัส เชียงใหม่-คำเที่ยง
🚩จริงใจมาร์เก็ต เชียงใหม่

🏨 Condo for rent, 7th floor, Lanna Condo
👉Rental price: 7,000 baht/month, 1-year contract
Fully furnished and appliances ✅Ready to move in

❤2-month security deposit, 1 month advance payment❤

Details
📏7th floor, 30 sq m.
🛏1 bedroom
🛁1 bathroom
🍳Kitchen area

Additional details:
✨1 air conditioner
✨Water heater
✨Fully furnished and appliances

Nearby locations:
🚩Lanna Hospital
🚩Chiang Mai Hospital
🚩Chiang Mai Rajabhat University
🚩Lotus Chiang Mai-Khamthiang
🚩Jingjai Market Chiang Mai

Code : R3155
🚨บริษัท ที่ดีดี จำกัด | รับซื้อ | ขาย | เช่า
🚨จัดหาบ้าน,คอนโด ตามงบประมาณ
🚨รับทำ TM30 แจ้งต่างชาติเข้าพัก
🚨ดูแลตลอดสัญญาเช่า

📌นัดชมได้ทุกวัน | รับ CO-AGENT
Line : @teedd (มี@)
Tel : 052-005-009

#บ้าน #บ้านเช่า #บ้านเช่าเชียงใหม่
#คอนโด #เช่าคอนโด #คอนโดให้เช่า"
https://baan.kaidee.com/product-371076610,"ราคา: 20,000
เนื้อที่: 61 ตารางวา | เนื้อที่ 61 ตารางวา | ห้องนอน 2 | ห้องน้ำ 2 | เฟอร์นิเจอร์ ตกแต่งครบ | ปีที่สร้างเสร็จ 2023 | เป็นทรัพย์รอการขาย ใช่
ให้เช่าบ้านโครงการ ใกล้โรงเรียนนานาชาติเอสบีเอส
🏡ให้เช่าบ้านโครงการ ใกล้โรงเรียนนานาชาติเอสบีเอส
👉ราคาเช่า 20,000 บาท/เดือน สัญญา 1 ปี
เฟอร์และเครื่องใช้ไฟฟ้าครบ ✅พร้อมเข้าอยู่

❤ประกัน 2 เดือน ล่วงหน้า 1 เดือน❤

รายละเอียด
📏พื้นที่ 61 ตร.ว.
🛏3 ห้องนอน
🛁2 ห้องน้ำ
🍳1 ห้องครัว

รายละเอียดเพิ่มเติม
✨แอร์ 3 เครื่อง
✨เครื่องทำน้ำอุ่น 2 เครื่อง
✨เฟอร์นิเจอร์และเครื่องใช้ไฟฟ้าครบ

สถานที่ใกล้เคียง
🚩โรงเรียนนานาชาติเอสบีเอส เชียงใหม่
🚩กาดฝรั่งวิลเลจ
🚩โรงพยาบาลหางดง
🚩โรงเรียนนานาชาติปัญญาเด่น
🚩ตลาดสดเทศบาลตำบลหางดง

🏡House for rent in a project near SBS International School
👉Rental price: 20,000 baht/month, 1-year contract
Fully furnished and equipped ✅Ready to move in

❤2-month security deposit, 1-month advance payment❤

Details
📏61 sq m
🛏3 bedrooms
🛁2 bathrooms
🍳1 kitchen

Additional details:
✨3 air conditioners
✨2 water heaters
✨Fully furnished and equipped

Nearby places:
🚩SBS International School Chiang Mai
🚩Kad Farang Village
🚩Hang Dong Hospital
🚩Panyaden International School
🚩Hang Dong Municipality Fresh Market

Code : R3154
🚨บริษัท ที่ดีดี จำกัด | รับซื้อ | ขาย | เช่า
🚨จัดหาบ้าน,คอนโด ตามงบประมาณ
🚨รับทำ TM30 แจ้งต่างชาติเข้าพัก
🚨ดูแลตลอดสัญญาเช่า

📌นัดชมได้ทุกวัน | รับ CO-AGENT
Line : @teedd (มี@)
Tel : 052-005-009

#บ้าน #บ้านเช่า #บ้านเช่าเชียงใหม่
#คอนโด #เช่าคอนโด #คอนโดให้เช่า"
https://baan.kaidee.com/product-371076621,"ราคา: 8,500
เนื้อที่: 27 ตารางวา | เนื้อที่ 27 ตารางวา | ห้องนอน 2 | ห้องน้ำ 2 | ปีที่สร้างเสร็จ 2023 | เฟอร์นิเจอร์ มีบางส่วน | เป็นทรัพย์รอการขาย ใช่
ให้เช่าทาวน์โฮมเปล่า ใกล้89พลาซ่า
🏡ให้เช่าทาวน์โฮมเปล่า ใกล้89พลาซ่า
👉ราคาเช่า 8,500 บาท/เดือน สัญญา 1 ปี
ทำเลดี เงียบสงบ ✅พร้อมเข้าอยู่

❤ประกัน 2 เดือน ล่วงหน้า 1 เดือน❤

รายละเอียด
🛏2 ห้องนอน
🛁2 ห้องน้ำ
🍳1 ห้องครัว

รายละเอียดเพิ่มเติม
✨แอร์ 2 เครื่อง
✨เครื่องทำน้ำอุ่น 2 เครื่อง
✨ฟรี Wi-Fi
✨กล้องวงจรปิด

สถานที่ใกล้เคียง
🚩89พลาซ่า
🚩โรงพยาบาลราชเวช
🚩ตลาดหนองหอย
🚩โรงเรียน ช่องฟ้าซินเซิงวาณิชบำรุงอนุบาล
🚩บิ๊กซี ซูเปอร์เซ็นเตอร์ เชียงใหม่ ดอนจั่น

🏡 Empty townhome for rent near 89 Plaza
👉Rental price: 8,500 baht/month, 1-year contract
Prime location, quiet area ✅Move in ready

❤2-month security deposit, 1-month advance payment❤

Details:
🛏2 bedrooms
🛁2 bathrooms
🍳1 kitchen

Additional details:
✨2 air conditioners
✨2 water heaters
✨Free Wi-Fi
✨CCTV

Nearby places:
🚩89 Plaza
🚩Rajavej Hospital
🚩Nong Hoi Market
🚩Chong Fa Sin Seng Wanit Bamrung Anuban School
🚩Big C Supercenter Chiang Mai Don Chan

Code : R3153
🚨บริษัท ที่ดีดี จำกัด | รับซื้อ | ขาย | เช่า
🚨จัดหาบ้าน,คอนโด ตามงบประมาณ
🚨รับทำ TM30 แจ้งต่างชาติเข้าพัก
🚨ดูแลตลอดสัญญาเช่า

📌นัดชมได้ทุกวัน | รับ CO-AGENT
Line : @teedd (มี@)
Tel : 052-005-009

#บ้าน #บ้านเช่า #บ้านเช่าเชียงใหม่
#คอนโด #เช่าคอนโด #คอนโดให้เช่า"
https://baan.kaidee.com/product-371076681,"ราคา: 10,000
เนื้อที่: 84 ตารางวา | เนื้อที่ 84 ตารางวา | ห้องนอน 2 | ห้องน้ำ 2 | เฟอร์นิเจอร์ ตกแต่งครบ | ปีที่สร้างเสร็จ 2023 | เป็นทรัพย์รอการขาย ใช่
ให้เช่าบ้าน ใกล้สนามกีฬาหางดง
🏡ให้เช่าบ้าน ใกล้สนามกีฬาหางดง

👉ราคาเช่า 10,000 บาท / เดือน สัญญา 1 ปี
✅🐶🐱รับสัตว์เลี้ยง ✅พร้อมเข้าอยู่
❤ประกัน 2 เดือน ล่วงหน้า 1 เดือน❤

รายละเอียด

📏พื้นที่ 84 ตร.ว.

🛏3 ห้องนอน
🛁2 ห้องน้ำ
🛋1 ห้องนั่งเล่น
🍳1 ห้องครัว

รายละเอียดเพิ่มเติม
✨แอร์ 2 เครื่อง
✨เครื่องทำน้ำอุ่น 2 เครื่อง
✨โซฟา 1 ตัว
✨เตียง 1 ตัว

สถานที่ใกล้เคียง

🚩สนามกีฬาหางดง

🚩โรงพยาบาลหางดง

🚩ที่ว่าการอำเภอหางดง

🚩บิ๊กซี ซูเปอร์เซ็นเตอร์ หางดง 2

🚩ตลาดสดเทศบาลตำบลหางดง


🏡House for rent near Hang Dong Stadium

👉Rental price: 10,000 baht/month, 1-year contract

✅🐶🐱Pets allowed ✅Move in ready


❤2-month security deposit, 1-month advance payment❤


Details:

📏Area: 84 sq m

🛏3 bedrooms

🛁2 bathrooms

🛋1 living room

🍳1 kitchen


Additional details: ✨2 air conditioners

✨2 water heaters

✨1 sofa

✨1 bed


Nearby places:

🚩Hang Dong Stadium

🚩Hang Dong Hospital

🚩Hang Dong District Office

🚩Big C Supercenter Hang Dong 2

🚩Hang Dong Municipal Market


Code : R3151

🚨บริษัท ที่ดีดี จำกัด | รับซื้อ | ขาย | เช่า

🚨จัดหาบ้าน,คอนโด ตามงบประมาณ

🚨รับทำ TM30 แจ้งต่างชาติเข้าพัก

🚨ดูแลตลอดสัญญาเช่า


📌นัดชมได้ทุกวัน | รับ CO-AGENT

Line : @teedd (มี@)

Tel : 052-005-009

#บ้าน #บ้านเช่า #บ้านเช่าเชียงใหม่
#คอนโด #เช่าคอนโด #คอนโดให้เช่า"
https://baan.kaidee.com/product-371076711,"ราคา: 25,000
เนื้อที่: 30 ตารางวา | เนื้อที่ 30 ตารางวา | ห้องนอน 3 | ห้องน้ำ 3 | ปีที่สร้างเสร็จ 2023 | เฟอร์นิเจอร์ ตกแต่งครบ | เป็นทรัพย์รอการขาย ใช่
ให้เช่าทาวน์โฮม 3 ชั้น ใกล้เซ็นทรัล เชียงใหม่ แอร์พอร์ต
🏡ให้เช่าทาวน์โฮม 3 ชั้น ใกล้เซ็นทรัล เชียงใหม่ แอร์พอร์ต
👉ราคาเช่า 25,000 บาท / เดือน สัญญา 1 ปี
เฟอร์เครื่องใช้ไฟฟ้าครบ ✅พร้อมเข้าอยู่

❤ประกัน 2 เดือน ล่วงหน้า 1 เดือน❤

รายละเอียด
📏พื้นที่ 30 ตร ว. 3 ชั้น
🛏4 ห้องนอน
🛁3 ห้องน้ำ
🛋โซนนั่งเล่น
🍳โซนครัว
📦มีห้องเก็บของ

รายละเอียดเพิ่มเติม
✨เฟอร์นิเจอร์ครบ
✨เครื่องใช้ไฟฟ้าครบ
✨เครื่องทำน้ำอุ่น
✨ระบบรักษาความปลอดภัย
✨ที่จอดรถ 2 คัน พร้อมหลังคาโรงรถ

สถานที่ใกล้เคียง
🚩เซ็นทรัล เชียงใหม่ แอร์พอร์ต
🚩สนามบินเชียงใหม่
🚩โรงพยาบาลเชียงใหม่ใกล้หมอ
🚩กาดมณี
🚩มหาวิทยาลัยฟาร์อีสเทอร์น

🏡3-story townhome for rent near Central Chiang Mai Airport
👉Rental price: 25,000 baht/month, 1-year contract
Fully furnished and equipped ✅Ready to move in

❤2-month security deposit, 1-month advance payment❤

Details
📏30 sq m, 3 floors
🛏4 bedrooms
🛁3 bathrooms
🛋Living area
🍳Kitchen area
📦Storage room available

Additional details:
✨Fully furnished
✨Complete appliances
✨Water heater
✨Security system
✨2-car parking with covered garage

Nearby places:
🚩Central Chiang Mai Airport
🚩Chiang Mai Airport
🚩Chiang Mai Klai Mor Hospital
🚩Kad Mani
🚩Far Eastern University

Code : R3149
🚨บริษัท ที่ดีดี จำกัด | รับซื้อ | ขาย | เช่า
🚨จัดหาบ้าน,คอนโด ตามงบประมาณ
🚨รับทำ TM30 แจ้งต่างชาติเข้าพัก
🚨ดูแลตลอดสัญญาเช่า

📌นัดชมได้ทุกวัน | รับ CO-AGENT
Line : @teedd (มี@)
Tel : 052-005-009

#บ้าน #บ้านเช่า #บ้านเช่าเชียงใหม่
#คอนโด #เช่าคอนโด #คอนโดให้เช่า"
https://baan.kaidee.com/product-371076726,"ราคา: 26,000
เนื้อที่: 62 ตารางวา | เนื้อที่ 62 ตารางวา | ห้องนอน 3 | ห้องน้ำ 3 | เฟอร์นิเจอร์ ตกแต่งครบ | ปีที่สร้างเสร็จ 2023 | เป็นทรัพย์รอการขาย ใช่
ให้เช่าบ้านเดี่ยว 2 ชั้น ใกล้ 89พลาซ่า
🏡ให้เช่าบ้านเดี่ยว 2 ชั้น ใกล้ 89พลาซ่า
👉ราคาเช่า 26,000 บาท / เดือน สัญญา 1 ปี
เฟอร์เครื่องใช้ไฟฟ้าครบ ✅พร้อมเข้าอยู่

❤ประกัน 2 เดือน ค่าล่วงหน้า 1 เดือน❤

รายละเอียด
📏พื้นที่ 62 ตร.ว
🛏3 ห้องนอน
🛁3 ห้องน้ำ
🛋โซนห้องนั่งเล่น
🍳โซนห้องครัว
📦มีห้องต่อเติม
❌🐶🐱ไม่อนุญาติให้เลี้ยงสัตว์

รายละเอียดเพิ่มเติม
✨แอร์ 6 เครื่อง
✨เครื่องทำน้ำอุ่น 3 เครื่อง
✨เครื่องกรองน้ำ
✨เฟอร์นิเจอร์และเครื่องใช่ไฟฟ้าครบ
✨บริการฉีดป้องกันปลวก มด แมลงทุกๆ 4 เดือน

สถานที่ใกล้เคียง
🚩89 พลาซ่า
🚩บิ๊กซี ดอนจั่น
🚩Ambassador Bilingual School
🚩Americana Chinese International School
🚩โรงพยาบาลกรุงเทพ เชียงใหม่

🏡2-story detached house for rent near 89 Plaza
👉Rental price: 26,000 baht/month, 1-year contract
Fully furnished and equipped ✅Ready to move in

❤2-month security deposit, 1-month advance payment❤

Details
📏Area: 62 sq m
🛏3 bedrooms
🛁3 bathrooms
🛋Living room
🍳Kitchen
📦Additional room available
❌🐶🐱No pets allowed

Additional details:
✨6 air conditioners
✨3 water heaters
✨Water filter
✨Complete furniture and appliances
✨Termite, ant, and insect control services every 4 months

Nearby locations:
🚩89 Plaza
🚩Big C Don Chan
🚩Ambassador Bilingual School
🚩Americana Chinese International School
🚩Bangkok Hospital Chiang Mai

Code : R3148
🚨บริษัท ที่ดีดี จำกัด | รับซื้อ | ขาย | เช่า
🚨จัดหาบ้าน,คอนโด ตามงบประมาณ
🚨รับทำ TM30 แจ้งต่างชาติเข้าพัก
🚨ดูแลตลอดสัญญาเช่า

📌นัดชมได้ทุกวัน | รับ CO-AGENT
Line : @teedd (มี@)
Tel : 052-005-009

#บ้าน #บ้านเช่า #บ้านเช่าเชียงใหม่
#คอนโด #เช่าคอนโด #คอนโดให้เช่า"
https://baan.kaidee.com/product-371076813,"ราคา: 1,490,000
เนื้อที่: 27 ตารางเมตร | เนื้อที่ 27 ตารางเมตร | ห้องนอน 1 ห้องนอน | ห้องน้ำ 1 ห้องน้ำ | ชั้น 7 | เฟอร์นิเจอร์ ตกแต่งครบ
Sereno Airport Condominium
✨🏢 Sereno Airport Condominium / ซีรีโน แอร์พอร์ต ✨
คอนโดใจกลางเมือง วิวเมือง + วิวดอย สวยสุดสายตา 🌄
เหมาะสำหรับอยู่อาศัยเอง หรือปล่อยเช่า

💰 เพียง 1.49 ล้านบาท

📍 ห้องสวยพร้อมอยู่
• ชั้น 7 | ขนาด 27 ตร.ม.
• 1 ห้องนอน 🛏 | 1 ห้องน้ำ 🛁
• เงียบสงบ เป็นส่วนตัว อยู่สบายมาก

🎁 เฟอร์ + เครื่องใช้ไฟฟ้าครบชุด ฟรี!
✔ เตียง + ฟูกนอน
✔ โซฟา + โต๊ะกลาง
✔ โต๊ะทานข้าว + เก้าอี้
✔ ครัวบิวท์อิน + ซิงค์
✔ แอร์ ❄️ / ทีวี 📺 / ตู้เย็น 🧊 / ไมโครเวฟ 🍽 / เครื่องทำน้ำอุ่น 🚿

🚩 ทำเลทอง
✈️ สนามบิน 1.37 กม.
🛍 เซ็นทรัลแอร์พอร์ต 5 นาที
🩺 รพ.ใกล้หมอ 550 ม.
รายล้อมด้วยคาเฟ่ ร้านอาหาร Lotus และ 7-Eleven

🔐 ปลอดภัยมั่นใจ
🚪 ระบบคีย์การ์ด | 👮 รปภ. 24 ชม. | 📹 CCTV รอบโครงการ
https://maps.app.goo.gl/639sv2LSGckzbPGd9?g_st=ipc"
https://baan.kaidee.com/product-371076967,"ราคา: 1,300,000
เนื้อที่: 100 ตารางวา | เนื้อที่ 100 ตารางวา
ขาย100 ตรว. ที่ดินเปล่า ถมแล้ว ติดลำน้ำ วิวทุ่งนา น้ำ-ไฟพร้อม พร้อมโอนจ้าๆๆ
**ถ้าสนใจ ทักแชทดูรูปเพิ่มได้ครับ หรือเข้าดูในเว็บไซด์ด้านล่าง ราคาลดได้อีกหน่อย**
--------------------
[ขาย]100 ตรว. ที่ดินเปล่า ถมแล้ว มี 2 แปลง ติดลำน้ำ วิวทุ่งนา น้ำ-ไฟพร้อม พร้อมโอนจ้าๆๆ

ขาย 1,300,000 บ. (ราคาลดได้อีกหน่อย)

ที่ตั้ง หมู่ 12 ต.บ้านแหวน อ.หางดง จ.เชียงใหม่

- ที่ดิน เนื้อที่ 100 ตรว. (หน้ากว้าง 17 ม. ลึก23 ม.)
- ถนนคอนกรีต 4 ม. วางท่อระบายน้ำไว้แล้ว
- น้ำประปาหมู่บ้าน และบ่อน้ำ
- ไฟฟ้าพร้อมใช้
- มีรถเก็บขยะของเทศบาลบริการ ทุกวันอังคารและศุกร์
- ด้านข้าง ติดลำเหมืองสาธารณะ
- วิวทุ่งนาเขียวขจี
- เจ้าของขายเอง พร้อมโอน
- เหมาะสำหรับสร้างบ้าน หรือซื้อเก็บไว้
- พื้นที่ปลอดภัย น้ำไม่ท่วม

** มี 2 แปลง ต้องการขายแปลงที่ #1 ก่อน
หรือจะเอาทั้งสองแปลงก็ได้

โซนหางดง ใกล้กุลพันวิล9/ใกล้กาดฝรั่ง/สันผักหวาน/สันป่าสัก

>> สนใจติดต่อ
Line ID： tawan3000
โทร. 065-158-7878
(ไม่รับนายหน้านะครับๆๆ)

********************
ข้อมูลเพิ่มเติม / more detail
FB : www.facebook.com/HangDongLandHouse

เว็บไซด์ tawan3000.weebly.com
-------------------"
https://baan.kaidee.com/product-371076974,"ราคา: 1,300,000
เนื้อที่: 100 ตารางวา | เนื้อที่ 100 ตารางวา
ขาย100 ตรว. ที่ดินเปล่า ถมแล้ว ติดลำน้ำ วิวทุ่งนา น้ำ-ไฟพร้อม พร้อมโอนจ้าๆๆ
**ถ้าสนใจ ทักแชทดูรูปเพิ่มได้ครับ หรือเข้าดูในเว็บไซด์ด้านล่าง ราคาลดได้อีกหน่อย**
--------------------
[ขาย]100 ตรว. ที่ดินเปล่า ถมแล้ว มี 2 แปลง ติดลำน้ำ วิวทุ่งนา น้ำ-ไฟพร้อม พร้อมโอนจ้าๆๆ

ขาย 1,300,000 บ. (ราคาลดได้อีกหน่อย)

ที่ตั้ง หมู่ 12 ต.บ้านแหวน อ.หางดง จ.เชียงใหม่

- ที่ดิน เนื้อที่ 100 ตรว. (หน้ากว้าง 17 ม. ลึก23 ม.)
- ถนนคอนกรีต 4 ม. วางท่อระบายน้ำไว้แล้ว
- น้ำประปาหมู่บ้าน และบ่อน้ำ
- ไฟฟ้าพร้อมใช้
- มีรถเก็บขยะของเทศบาลบริการ ทุกวันอังคารและศุกร์
- ด้านข้าง ติดลำเหมืองสาธารณะ
- วิวทุ่งนาเขียวขจี
- เจ้าของขายเอง พร้อมโอน
- เหมาะสำหรับสร้างบ้าน หรือซื้อเก็บไว้
- พื้นที่ปลอดภัย น้ำไม่ท่วม

** มี 2 แปลง ต้องการขายแปลงที่ #1 ก่อน
หรือจะเอาทั้งสองแปลงก็ได้

โซนหางดง ใกล้กุลพันวิล9/ใกล้กาดฝรั่ง/สันผักหวาน/สันป่าสัก

>> สนใจติดต่อ
Line ID： tawan3000
โทร. 065-158-7878
(ไม่รับนายหน้านะครับๆๆ)

********************
ข้อมูลเพิ่มเติม / more detail
FB : www.facebook.com/HangDongLandHouse

เว็บไซด์ tawan3000.weebly.com
-------------------"
https://baan.kaidee.com/product-371076984,"ราคา: 1,300,000
เนื้อที่: 100 ตารางวา | ห้องนอน 1 ห้องนอน | ห้องน้ำ 1 ห้องน้ำ | เนื้อที่ 100 ตารางวา
ขาย100 ตรว. ที่ดินเปล่า ถมแล้ว ติดลำน้ำ วิวทุ่งนา น้ำ-ไฟพร้อม พร้อมโอนจ้าๆๆ
**ถ้าสนใจ ทักแชทดูรูปเพิ่มได้ครับ หรือเข้าดูในเว็บไซด์ด้านล่าง ราคาลดได้อีกหน่อย**
--------------------
[ขาย]100 ตรว. ที่ดินเปล่า ถมแล้ว มี 2 แปลง ติดลำน้ำ วิวทุ่งนา น้ำ-ไฟพร้อม พร้อมโอนจ้าๆๆ

ขาย 1,300,000 บ. (ราคาลดได้อีกหน่อย)

ที่ตั้ง หมู่ 12 ต.บ้านแหวน อ.หางดง จ.เชียงใหม่

- ที่ดิน เนื้อที่ 100 ตรว. (หน้ากว้าง 17 ม. ลึก23 ม.)
- ถนนคอนกรีต 4 ม. วางท่อระบายน้ำไว้แล้ว
- น้ำประปาหมู่บ้าน และบ่อน้ำ
- ไฟฟ้าพร้อมใช้
- มีรถเก็บขยะของเทศบาลบริการ ทุกวันอังคารและศุกร์
- ด้านข้าง ติดลำเหมืองสาธารณะ
- วิวทุ่งนาเขียวขจี
- เจ้าของขายเอง พร้อมโอน
- เหมาะสำหรับสร้างบ้าน หรือซื้อเก็บไว้
- พื้นที่ปลอดภัย น้ำไม่ท่วม

** มี 2 แปลง ต้องการขายแปลงที่ #1 ก่อน
หรือจะเอาทั้งสองแปลงก็ได้

โซนหางดง ใกล้กุลพันวิล9/ใกล้กาดฝรั่ง/สันผักหวาน/สันป่าสัก

>> สนใจติดต่อ
Line ID： tawan3000
โทร. 065-158-7878
(ไม่รับนายหน้านะครับๆๆ)

********************
ข้อมูลเพิ่มเติม / more detail
FB : www.facebook.com/HangDongLandHouse

เว็บไซด์ tawan3000.weebly.com
-------------------"
https://baan.kaidee.com/product-371078053,"ราคา: 16,200,000
เนื้อที่: 135 ตารางวา | เนื้อที่ 135 ตารางวา
ขายที่ดินเท่าราคาประเมินราชการ ต ช้างคลาน เมือง เชียงใหม่
ขายที่ดินเท่าราคาประเมินราชการ! ที่ดิน 135 ตร.ว. ติดถนนเจริญประเทศ ทำเลที่ตอบโจทย์ ""ธุรกิจ"" และ ""ชีวิตครอบครัว"" คือ ""ทรัพย์สินมรดก"" ที่จะส่งต่อมูลค่าและความมั่งคั่งให้ครอบครัวของคุณอย่างยั่งยืน!

ทำเลที่ลูกค้ามองเห็น (Visibility): ที่ตั้งติดถนนหลักย่านช้างคลาน เหมาะอย่างยิ่งสำหรับ:

สำนักงานใหญ่/โชว์รูม: สร้างภาพลักษณ์ธุรกิจให้ดูน่าเชื่อถือและเข้าถึงง่าย

บูติคโฮเทล: รองรับลูกค้าที่เดินทางมาทำธุรกิจในเชียงใหม่

ความสะดวกสบายสูงสุดสำหรับชีวิตครอบครัว:

ใกล้โรงเรียนชั้นนำในเมือง (มงฟอร์ตประถม พระหฤทัย เรยีนาเชลี)

เดินทางเข้าสู่ใจกลางแหล่งช้อปปิ้งและร้านอาหารชั้นนำอย่างรวดเร็ว

ลูกๆ ได้เติบโตในย่านที่ครบครันที่สุดของเชียงใหม่

ซื้อถูกกว่าที่ควรจะเป็น! (The Ultimate Deal):

ขายเพียงราคาประเมินราชการ 120,000 บาท/ตร.ว.(16.2 ล้านบาท)
ที่ดินใจกลางเมืองที่มาในราคาประเมิน มีจำกัดและกำลังจะมีผู้ตัดสินใจจอง

โทร 081 934 1718

พิกัด 18°46'27.1""N 99°00'04.3""E

#เจ้าของธุรกิจเชียงใหม่ #ที่ดินเพื่อธุรกิจ #ลงทุนให้ลูก #มรดกทำเลทอง #ที่ดินเชียงใหม่ #เจริญประเทศ #ChiangmaiBusinessOwner"
https://baan.kaidee.com/product-371078360,"ราคา: 14,000
เนื้อที่: 30 ตารางเมตร | เนื้อที่ 30 ตารางเมตร | ห้องนอน 1 ห้องนอน | ห้องน้ำ 1 ห้องน้ำ | ชั้น 7 | เฟอร์นิเจอร์ ตกแต่งครบ
ให้เช่าคอนโด THE BASE Height – เชียงใหม่
วิวภูเขา วิวเมือง ห้องสวยแต่งครบ พร้อมเข้าอยู่!

สูดอากาศดีๆ เห็นดอยสุเทพจากห้องนั่งเล่น ☁️
คอนโดใหม่ใจกลางเมือง เดินทางสะดวก ใกล้เซ็นทรัลเฟสติวัลเพียง 3 นาที

📍 รายละเอียดห้อง
• 1 ห้องนอน 1 ห้องน้ำ 1 ห้องนั่งเล่น
• พื้นที่ประมาณ 30 ตร.ม.
• ชั้นสูง วิวโล่ง ไม่บังวิวภูเขา
• เฟอร์นิเจอร์ครบ พร้อมเครื่องใช้ไฟฟ้า
🔹 แอร์ 2 ตัว
🔹 ทีวี / ตู้เย็น / เครื่องซักผ้า / เตาไฟฟ้า
🔹 โต๊ะกินข้าว / โซฟา / ผ้าม่าน 2 ชั้น / ไฟตกแต่ง

🌿 จุดเด่น
• วิวดีมาก เห็นภูเขาเต็มตา 🏔
• ห้องใหม่สะอาด บรรยากาศอบอุ่น
• มีที่จอดรถ ฟิตเนส สระว่ายน้ำ รปภ. 24 ชม.
• ใกล้ เซ็นทรัลเฟสติวัล, ม.แม่โจ้, ม.เชียงใหม่, สถานีรถไฟ, รพ.แมคคอร์มิค, และสถานที่อำนวยความสะดวกมากมาย

Location : https://maps.app.goo.gl/LMF5UohoYqL3jybJ6?g_st=ipc

💰 ราคาเช่า

เริ่มต้นเพียง 14,000 บาท/เดือน
(สัญญาขั้นต่ำ 1 ปี / มัดจำ 2 เดือน + ล่วงหน้า 1 เดือน)
พร้อมเข้าอยู่ทันที!

📞 สนใจติดต่อ

☎️ โทร: 0820649008
📅 นัดดูห้องได้ทุกวัน"
https://baan.kaidee.com/product-371078420,"ราคา: 19,000
เนื้อที่: 19 ตารางวา | ห้องนอน 3 ห้องนอน | ห้องน้ำ 2 ห้องน้ำ | เนื้อที่ 19 ตารางวา | เฟอร์นิเจอร์ มีบางส่วน | ปีที่สร้างเสร็จ 2023
ให้เช่าทาวน์โฮม ใกล้ตลาดรวมโชค
🏡 ให้เช่าทาวน์โฮม ใกล้ตลาดรวมโชค
ค่าเช่า 19,000 บาท/เดือน (สัญญาขั้นต่ำ 2 ปี)
💰 ประกัน 2 เดือน + ล่วงหน้า 1 เดือน
**มีสัตว์เลี้ยง ประกัน 3 เดือน**

📅 พร้อมเข้าอยู่

📌 3 ห้องนอน | 2 ห้องน้ำ | ครัว | ห้องอเนกประสงค์
(มีเฟอร์นิเจอร์ห้องนอน 2 ห้อง อีก 1 ห้องเป็นห้องว่าง สามารถปรับเป็นห้องทำงานหรือห้องอื่นๆได้)

🚗 จอดรถในบ้าน 1 คัน + หน้าบ้านจอดเพิ่มได้
🌿 หน้าบ้านไม่ชนหลังอื่น อยู่โซนด้านหน้าโครงการ
🛋 โทนสว่าง สไตล์อังกฤษ เพดานสูง โปร่งโล่ง
🧱 มีส่วนต่อเติมด้านหน้า และครัวด้านหลัง

สิ่งอำนวยความสะดวก :
✅สระว่ายน้ำ
✅ฟิตเนส
✅สนามเด็กเล่น
✅สวนสาธารณะ
✅คลับเฮาส์
✅รปภ. 24 ชม.

สถานที่ใกล้เคียง :
🚩รวมโชคมอลล์
🚩โรงพยาบาลเทพปัญญา
🚩เซ็นทรัล เชียงใหม่
🚩ตลาดสามแยก
🚩Tonkla School Chiang Mai

🏡 Townhome for rent near Ruamchok Market
Rental price: 19,000 baht/month (minimum 2-year contract)
💰 2-month security deposit + 1-month advance payment
**Pets allowed: 3-month security deposit**

📅 Ready to move in

📌 3 bedrooms | 2 bathrooms | Kitchen | Multipurpose room
(2 bedrooms are furnished, and the other room is vacant and can be converted into an office or other room)

🚗 Parking for 1 car inside the house + additional parking available in front of the house
🌿 The front of the house does not face other houses and is located in the front zone of the project
🛋 Bright English-style tones with high ceilings and an open, airy feel
🧱 Extension at the front and kitchen at the back
.
Facilities:
✅ Swimming pool
✅ Fitness center
✅ Playground
✅ Public park
✅ Clubhouse
✅ 24-hour security

Nearby places:
🚩 Ruamchok Mall
🚩 Theppanya Hospital
🚩 Central Chiang Mai
🚩 Sam Yaek Market
🚩 Tonkla School Chiang Mai

🏡【出租】靠近Ruamchok市场的联排别墅
💰 租金：19,000泰铢/月
📝 最短租期：2年
❤ 押金2个月 + 预付1个月
🐶🐱 如养宠物，押金3个月
📅 可立即入住

📋 房屋详情
• 3间卧室（2间带家具，1间空房可作书房或其他用途）
• 2间浴室
• 厨房
• 多功能房
• 停车位：屋内1辆 + 屋外可额外停车
• 前院无遮挡，位于小区前排
• 明亮英式风格，高天花板，空间宽敞
• 前庭及后厨有扩建空间

🏊 设施
✅ 游泳池
✅ 健身房
✅ 儿童游乐场
✅ 公共花园
✅ 会所
✅ 24小时保安

📍 周边设施
🚩 Ruamchok Mall
🚩 Theppanya Hospital
🚩 Central Chiang Mai
🚩 Sam Yaek Market
🚩 Tonkla School Chiang Mai

Code : R3174
🚨บริษัท ที่ดีดี จำกัด | รับซื้อ | ขาย | เช่า
🚨จัดหาบ้าน,คอนโด ตามงบประมาณ
🚨รับทำ TM30 แจ้งต่างชาติเข้าพัก
🚨ดูแลตลอดสัญญาเช่า

📌นัดชมได้ทุกวัน | รับ CO-AGENT
Line : @teedd (มี@)
Tel : 052-005-009

#บ้าน #บ้านเช่า #บ้านเช่าเชียงใหม่
#คอนโด #เช่าคอนโด #คอนโดให้เช่า"
https://baan.kaidee.com/product-371078559,"ราคา: 5,190,000
เนื้อที่: 270 ตารางวา | ห้องนอน 4 ห้องนอน | ห้องน้ำ 3 ห้องน้ำ | เนื้อที่ 270 ตารางวา | ผู้พัฒนา/เจ้าของโครงการ อื่นๆ | เฟอร์นิเจอร์ ไม่มี | ปีที่สร้างเสร็จ 2025
Beautiful villas in Chiang Mai
Newly built house for sale near the airport

No loud airplane noise

Quiet and private, but a good location.

Near Central Airport Plaza, Big C, and several international schools.

📌M. 7 yuan. Pa Daed, Mueang Chiang Mai District, Chiang Mai Province

5:19 AM

4 bedrooms, 4 bathrooms, 1 living room

Article 2

Article 185

Land price: 67.5 yuan

Grade A materials

SPC, SPC, SPC herringbone pattern, aluminum door system, excellent soundproofing

💵💵💵💵💵💵💵💵

Contact/Contact me

Call/Telephone: 0996254498

Chinese: 0996254498

Line: 0996254498


ขายบ้านสร้างใหม่ ใกล้สนามบินเชียงใหม่

แต่ไม่มีเสียงเครื่องบินดังรบกวน

เงียบสงบ เป็นส่วนตัว แต่ทำเลเมือง



ใกล้เซ็นทรัลแอร์พอร์ต บิ๊กซี แม็คโคร โรงเรียนนานาชาติหลายแห่ง

ม. 7 ต. ป่าแดด＂， อ. เมืองเชียงใหม่ จ. เชียงใหม่



ราคา 5.19 ล้านบาท

ขนาด 4 ห้องนอน 3 ห้องน้ำ 1 ห้องเก็บของ

จอดรถได้ 2 คัน

พื้นที่ใช้สอย 185 ตารางเมตร

ที่ดิน 67.5 ตารางวา

วัสดุเกรดA

มีระบบกำจัดปลวก , รองรับการชาร์จรถไฟฟ้า, ปั๊มน้ำ+ถังเก็บน้ำ, กระเบื้องยาง spc ลายก้างปลา, ประบบบานประตูอลูมิเนียมชุดพัฒนา เก็บเสียงได้ดี



💵💵💵💵💵💵💵💵

ติดต่อ/Contact/联络我

โทร/Tel.: 0996254498 Pon

中文请致电 : 0996254498

ไลน์/Line : 0996254498


清迈机场附近新建房屋出售

无飞机噪音干扰

闹中取静，私密性佳

毗邻中央机场广场、Big C 超市、Makro 超市及多所国际学校

📌地址：清迈府清迈县帕达德街道7号

售价：598万泰铢

4间卧室，3间浴室，1间储藏室

可停放2辆车

使用面积：185平方米

土地面积：67.5平方哇（约25平方米）

A级建材

配备白蚁防治系统、电动汽车充电桩、水泵及水箱、人字形SPC强化复合地板、高档铝合金门窗系统，隔音效果极佳。

💵💵💵💵💵💵💵💵

联系我

电话： 0996254498 Pon

中文： 0996254498

Line： 0996254498"
https://baan.kaidee.com/product-371078666,"ราคา: 7,000
เนื้อที่: 120 | ห้องนอน 2 ห้องนอน | ห้องน้ำ 2 ห้องน้ำ | เนื้อที่ 120 | เฟอร์นิเจอร์ มีบางส่วน | ปีที่สร้างเสร็จ สร้างเสร็จก่อน 2010
บ้านให้เช่าแม่โจ้ 7,000
💙บ้านเช่า7,000/เดือน ชั้นเดียว หมู่บ้านวนาลีเก่า (หลิ่งมื่น) ถูกมากกกก
*ไม่มีค่าส่วนกลาง
*ค่าเก็บขยะโดยเทศบาลเดือนละ 20 บาท
*ค่าน้ำ ค่าไฟ ปรกติเหมือนบ้านทั่วไป
ถนนแม่โจ้-พร้าว ต ป่าไผ่ อ.สันทราย จ.เชียงใหม่
เดินทางเข้า - ออกเมืองง่าย ใกล้ตลาด บรรยากาศเงียบสงบ

🚩ค่าเช่า: 7,000 บาท/เดือน

• 2 ห้องนอน 2 ห้องน้ำ
• เฟอร์นิเจอร์ครบ ห้องรับแขก ห้องทานอาหาร
• ทีวี แอร์ รุ่นประหยัดไฟ เครื่องทำน้ำอุ่น ตู้เย็น เครื่องซักผ้า
• ครัวไทย
• โรงจอดรถในบ้านได้ 1 คัน
• มีมุมพักผ่อนรอบตัวบ้าน

🔹เงื่อนไข : ล่วงหน้า 3 เดือน

🔹สถานที่ใกล้เคียง
• สนามกอล์ฟสันทรายนิวกอล์ฟ 5.5 ก.ม (8 นาที)
*สนามกอล์ฟแม่โจ้ 4.3 ก.ม (8 นาที)
• รร.ต้นกล้าเชียงใหม่ (Tonkha School Chiang Mai) 7.3 กม. (12 นาที)
• Nakornpayap International School 12 กม. (20 นาที)
• Chiang Mai International School 13 กม.
• Varee International School 20 กม.
• มหาวิทยาลัยแม่โจ้ 2 กม.
• รพ.เทพปัญญา 11 กม.
• ตลาดรวมโชค / มีโชคพลาซ่า / โลตัส 9.5 กม.
• Central Festival 12 กม.
• ตัวเมืองเชียงใหม่ (คูเมือง) 15 กม.

📞สนใจติดต่อ คุณนก🎀
🔹 086-431-3520
🔹ID Line 086-431-3520

#บ้านเช่าเชียงใหม่ #บ้านเช่าราคาถูก #อสังหาเชียงใหม่ #หมู่บ้านวนาลี
••••••••••••••••••••••••••••••••••••••••••••••••••••

💙House for Rent – 1-Storey Home in vanalee Village (Ling Muen,Soi 21)
Mae Jo- Phrao Road, Paphi District, SanSai ,Chiang Mai

🚩 Rent: 7,000 THB / month

• 2 bedrooms, 2 bathrooms
• Fully furnished – living room and dining area
• Comes with TV, 2 air conditioners, 2 water heaters ,fridge, and washing machine
• kitchens
• Indoor and outdoor parking for 2 cars
• area around the house

🔹 Condition: 3 months deposit in advance

🔹Convenient Locations
• San Sai New Golf Club -5.5km.
*Mae jo golf club 4.3 km.
*Tonkha School Chiang Mai 7.3 km.
• Nakornpayap International School – 12 km.
• Chiang Mai International School – 13 km.
• Varee International School – 20 km.
• Maejo University – 2 km.
• Teppanya Hospital – 11 km.
• Ruamchok Market / Meechok Plaza / Lotus – 9.5 km.
• Central Festival – 12 km.
• Chiang Mai Old City (Moat) – 15 km.
*Chiang Mai international airport 26 km.

📞 Contact: Khun Nok🎀
🔹 086-431-3520
🔹Line ID: 086-431-3520

#HouseForRentChiangMai #AffordableHouseRent #ChiangMaiRealEstate"
https://baan.kaidee.com/product-371078841,"ราคา: 1,680,000
เนื้อที่: 30 ตารางเมตร | เนื้อที่ 30 ตารางเมตร | ห้องนอน 1 ห้องนอน | ห้องน้ำ 1 ห้องน้ำ | ชั้น 5 | เฟอร์นิเจอร์ ตกแต่งครบ
ห้องชุดรีโนเวทใหม่โซนเจ็ดยอด
เงินเหลือสูงสุด 100,000 บาท‼️ ผ่อน 7,xxx
สามารถปล่อยเช่าได้ 9,xxx บาท เพียง 1.68 ล้าน
🔥 ใหม่ ห้องชุดรีโนเวทใหม่โซนเจ็ดยอด คอนโดเซเว่นสตา ชั้น 5 พื้นที่ 30ตรม. วิวดอยสุเทพ สไตล์Modern ทำเล5ดาว ย่านเศรษฐกิจ

🔻ฟรี เฟอร์นิเจอร์ และเครื่องใช้ไฟฟ้า🔻
✔️ Smart TV 43 นิ้ว
✔️ แอร์ 1 เครื่อง
✔️ เตาไฟฟ้าพร้อมฮูดดูดควัน
✔️ ตู้เย็น
✔️ เครื่องซักผ้า
✔️ เครื่องทำน้ำอุ่น
✔️ เตียง6ฟุต พร้อมชุดเครื่องนอน
✔️ ตู้เสื้อผ้า โต๊ะเครื่องแป้ง
✔️ โซฟา
✔️ ชุดโต๊ะอาหาร
✔️ ชุดโต๊ะทำงาน
✔️ และอื่นๆ

📍📍 ที่ตั้ง 📍📍
https://maps.app.goo.gl/naa81Kruav8SaXXk7?g_st=com.google.maps.preview.copy

1.5 กิโลเมตร ถึง เมญ่า
1.6 กิโลเมตร ถึง ราชมงคลล้านนา
1.9 กิโลเมตร ถึง มหาลัยเชียงใหม่

💸 เพียง 1,680,000 บ. ฟรีโอน"
https://baan.kaidee.com/product-371078965,"ราคา: 22,000,000
เนื้อที่: 86 ตารางวา | ห้องนอน 3 ห้องนอน | ห้องน้ำ 2 ห้องน้ำ | เนื้อที่ 86 ตารางวา | เฟอร์นิเจอร์ มีบางส่วน | ปีที่สร้างเสร็จ 2016
ขายบ้านเดี่ยวพร้อมที่ดินในคูเมือง ทำเลทองตัวเมืองเชียงใหม่ย่านการค้าและแหล่งท่องเที่ยว ใกล้สนามบิน ใกล้โรงพยาบาล ใกล้แหล่งการค้าและแหล่งท่อง
ขายบ้านเดี่ยวพร้อมที่ดินในคูเมือง ทำเลทองตัวเมืองเชียงใหม่ย่านการค้าและแหล่งท่องเที่ยว
ใกล้สนามบิน ใกล้โรงพยาบาล ใกล้แหล่งการค้าและแหล่งท่องเที่ยว ใกล้โรงเรียน เป็นทำเลทองที่หาได้ยาก
ที่อยู่
ศรีภูมิ, เมืองเชียงใหม่, เชียงใหม่
ขนาดที่ดิน
86 ตรว
344 ตรม

3 ห้องนอน
2 ห้องน้ำ
1 ห้องครัว
1 ห้องนั่งเล่น
มีห้องแยกจากตัวบ้าน 2 ห้อง มีห้องน้ำในตัว
ที่จอดรถจอดได้ถึง 4 คัน
เจ้าของขายเอง
22,000,000
โทร 097-1963669 (ชมวิว)"
https://baan.kaidee.com/product-371078972,"ราคา: 22,000,000
เนื้อที่: 86 ตารางวา | ห้องนอน 3 ห้องนอน | ห้องน้ำ 2 ห้องน้ำ | เนื้อที่ 86 ตารางวา | เฟอร์นิเจอร์ มีบางส่วน | ปีที่สร้างเสร็จ 2016
ขายบ้านเดี่ยวพร้อมที่ดินในคูเมือง ทำเลทองตัวเมืองเชียงใหม่ย่านการค้าและแหล่งท่องเที่ยว ใกล้สนามบิน ใกล้โรงพยาบาล ใกล้แหล่งการค้าและแหล่งท่อง
ขายบ้านเดี่ยวพร้อมที่ดินในคูเมือง ทำเลทองตัวเมืองเชียงใหม่ย่านการค้าและแหล่งท่องเที่ยว
ใกล้สนามบิน ใกล้โรงพยาบาล ใกล้แหล่งการค้าและแหล่งท่องเที่ยว ใกล้โรงเรียน เป็นทำเลทองที่หาได้ยาก
ที่อยู่
ศรีภูมิ, เมืองเชียงใหม่, เชียงใหม่
ขนาดที่ดิน
86 ตรว
344 ตรม

3 ห้องนอน
2 ห้องน้ำ
1 ห้องครัว
1 ห้องนั่งเล่น
มีห้องแยกจากตัวบ้าน 2 ห้อง มีห้องน้ำในตัว
ที่จอดรถจอดได้ถึง 4 คัน
เจ้าของขายเอง
22,000,000
โทร 097-1963669 (ชมวิว)"
https://baan.kaidee.com/product-371079245,"ราคา: 2,872,170
เนื้อที่: 141 ตารางเมตร | ห้องนอน 3 ห้องนอน | ห้องน้ำ 3 ห้องน้ำ | เนื้อที่ 141 ตารางเมตร | เฟอร์นิเจอร์ ไม่มี | ปีที่สร้างเสร็จ 2021
5 หลังสุดท้าย บ้านหลังใหญ่ ทำเลใกล้เมือง ราคาลดสุดๆ
โครงการบ้านกาญจน์กนก 22
โครงการในทำเล โซนสันกำแพงสายใหม่-สารภี ก่อนถึงแยกศรีบัวเงินพัฒนา (สี่แยกพรอมเมนาด้า)
คุณภาพชีวิตที่เหนือระดับ เอกสิทธิ์เพียง 78 ยูนิตเท่านั้น
ตอนนี้เหลือเพียง 5 ยูนิต สุดท้าย
โครงการสงบ ไม่วุ่นวาย สามารถพักผ่อนได้เต็มที่
อุ่นใจด้วยระบบรักษาความปลอดภัย 24 ชม. และสวนส่วนกลางพร้อมสนามเด็กเล่น ผ่อนคลายได้ทุกวัน
แบบบ้านเป็นบ้านแฝดอิสระ สามารถเดินรอบบ้านได้
ฟังก์ชันครบ 3 ห้องนอน 3 ห้องน้ำ 2 ที่จอดรถ พื้นที่ใช้สอย 141 ตร.ม.
ราคาเริ่มต้นเพียง 2.8 ล้านบาท
โปรโมชั่นเดือนนี้ จองเพียง 𝟱,𝟬𝟬𝟬.-
✓ ฟรี! แอร์ทุกห้องนอน*
✓ ฟรี! เครื่องใช้ไฟฟ้าครบชุด*
✓ ฟรี! ทุกค่าใช้จ่ายวันโอน*
✓ ฟรี! ค่าส่วนกลางสูงสุด 1 ปี*
✓ รับ! ส่วนลดเพิ่มเติม ณ วันโอน* และข้อเสนอพิเศษอีกมากมาย
สำนักงานขายเปิดทุกวัน แล้วเข้ามาเยี่ยมชมโครงการนะคะ"
https://baan.kaidee.com/product-371079746,"ราคา: 28,000
เนื้อที่: 31 ตารางวา | ห้องนอน 3 ห้องนอน | ห้องน้ำ 2 ห้องน้ำ | เนื้อที่ 31 ตารางวา | เฟอร์นิเจอร์ ตกแต่งครบ | ปีที่สร้างเสร็จ 2023
ให้เช่า ทาวน์โฮม ใกล้กาดวรุณ
🏢ให้เช่า ทาวน์โฮม ใกล้กาดวรุณ
เดือนละ 28,000 บาท สัญญา 1 ปี
โซนแม่เหียะ ✅พร้อมอยู่ ❌ไม่รับสัตว์เลี้ยง

ประกัน 2 เดือน ล่วงหน้า 1 เดือน

📏 ที่ดิน 31 ตร.ว.

รายละเอียด :
🛏 3 ห้องนอน
🛁 2 ห้องน้ำ
🛋 1 ห้องนั่งเล่น
🍳 1 ห้องครัว
🚗 สามารถจอดรถได้ 2 คัน

รายละเอียดเพิ่มเติม :
✨ เตียง 6 ฟุต
✨ ตู้เสื้อผ้า
✨ โต๊ะเครื่องแป้ง
✨ แอร์ 4 เครื่อง
✨ เครื่องทำน้ำอุ่น
✨ ทีวี
✨ โต๊ะกินข้าว
✨ ห้องครัว
✨ ห้องซักล้าง
✨ เตาไฟฟ้า
✨ เครื่องซักผ้า
✨ ตู้เย็น
✨ ไมโครเวฟ

📍สถานที่ใกล้เคียง :
🚩 วัดป่าตาล
🚩 เซ็นทรัล แอร์พอร์ต
🚩 สนามบิน
🚩 มหาวิทยาลัยฟาอีสเทิร์น
🚩 โรงพยาบาลเชียงใหม่ใกล้หมอ

🏢Townhome for rent near Kad Warun
28,000 baht per month, 1-year contract
Mae Hia area ✅Ready to move in ❌No pets allowed

2-month security deposit, 1-month advance payment

📏 Land area: 31 sq m

Details:
🛏 3 bedrooms
🛁 2 bathrooms
🛋 1 living room
🍳 1 kitchen
🚗 Parking for 2 cars

Additional details:
✨ 6-foot bed
✨ Wardrobe
✨ Dressing table
✨ 4 air conditioners
✨ Water heater
✨ TV
✨ Dining table
✨ Kitchen
✨ Laundry room
✨ Electric stove
✨ Washing machine
✨ Refrigerator
✨ Microwave

📍Nearby locations:
🚩 Wat Pa Tan
🚩 Central Airport Plaza
🚩 Airport
🚩 Far Eastern University
🚩 Chiang Mai Klai Mor Hospital

🏢 出租 — 清迈 Mae Hia 区，靠近 Kad Warun 市场

💸 租金： 每月 28,000 泰铢
📅 租期： 1 年
✅ 可立即入住 ❌ 不允许养宠物
🔒 押金 2 个月 + 预付 1 个月

房产详情：
📏 土地面积：31 平方瓦
🛏 3 间卧室
🛁 2 间浴室
🛋 1 个客厅
🍳 1 个厨房
🚗 可停车 2 辆车

家具与电器：
✨ 6 英尺大床
✨ 衣柜
✨ 梳妆台
✨ 4 台空调
✨ 热水器
✨ 电视
✨ 餐桌
✨ 厨房
✨ 洗衣区
✨ 电炉
✨ 洗衣机
✨ 冰箱
✨ 微波炉

附近地点 🚩：
📍 Wat Pa Tan 寺
📍 Central Airport 商场
📍 清迈机场
📍 Far Eastern University
📍 Chiang Mai Hospital

Code : R3061
🚨บริษัท ที่ดีดี จำกัด | รับซื้อ | ขาย | เช่า
🚨จัดหาบ้าน,คอนโด ตามงบประมาณ
🚨รับทำ TM30 แจ้งต่างชาติเข้าพัก
🚨ดูแลตลอดสัญญาเช่า

📌นัดชมได้ทุกวัน | รับ CO-AGENT
Line : @teedd (มี@)
Tel : 052-005-009

#บ้าน #บ้านเช่า #บ้านเช่าเชียงใหม่
#คอนโด #เช่าคอนโด #คอนโดให้เช่า"
https://baan.kaidee.com/product-371079848,"ราคา: 1,800,000
เนื้อที่: 60 ตารางวา | เนื้อที่ 60 ตารางวา | ห้องนอน 2 ห้องนอน | ห้องน้ำ 2 ห้องน้ำ | เฟอร์นิเจอร์ มีบางส่วน | ปีที่สร้างเสร็จ สร้างเสร็จก่อน 2010
ขายบ้าน1.8ล้าน มือสอง หนองจ๊อม สันทราย เชียงใหม่
ขายบ้าน 1.7ล้าน 60 ตร.วา

2 ห้องนอน 2 ห้องน้ำ 1 ห้องครัว

1 ห้องรับแขก 1 โรงจอดรถ



📍พิกัด หนองจ๊อม สันทราย

- อยู่ใกล้ตลาดภูดอย 200 เมตร

- มีบิ๊กซีมินิ และเซเว่น อยู่ตรงหน้าซอยเดินทางสะดวก

- อยู่ใกล้อนามัยบ้านหนองไคร้ 300 เมตร

- ใกล้กาแฟพันธุ์ไทย 350 เมตร

- ใกล้เซนทรัลเฟส 7 km

- ใกล้ไทวัสดุสันทราย 2.3 km

- ใกล้โฮมโปรสันทราย 3 km

-ใกล้แยกรวมโชค 4 km



‼️แถมฟรี ‼️

- โซฟา

- แอร์ 2 ตัว

- ตู้เสื้อผ้า

- เตียง

- ซิงค์ล้างจาน

- เครื่องกรอกน้ำ

- เครื่องปรับน้ำอุ่น



⬇️⬇️⬇️⬇️⬇️

* มีพื้นที่กว้างขว้างรอบๆบ้าน อยู่แล้วไม่อึดอัด

* มีพื้นที่เหลือตรงหลังบ้าน สำหรับต่อเติมเพิ่มได้

* เทศบาลดูแลดี ตัดหญ้าหน้าบ้านให้ตลอด

* เพื่อนบ้านดีไม่ยุ่งวุ่นวาย

* น้ำไม่เคยท่วม

* ถนนหน้าบ้านกว้างไม่มีปัญหาเรื่องที่จอดรถ

* บ้านอยู่เกือบสุดซอยไม่มีปัญหาเรื่องรถเข้าๆออกๆ

สนใจโทร 0639030662

ยินดีรับนายหน้า"
https://baan.kaidee.com/product-371079854,"ราคา: 1,800,000
เนื้อที่: 60 ตารางวา | เนื้อที่ 60 ตารางวา | ห้องนอน 2 ห้องนอน | ห้องน้ำ 2 ห้องน้ำ | เฟอร์นิเจอร์ มีบางส่วน | ปีที่สร้างเสร็จ สร้างเสร็จก่อน 2010
ขายบ้าน ภูดอย หนองจ๊อม
ขายบ้าน 1.8ล้าน 60 ตร.วา

2 ห้องนอน 2 ห้องน้ำ 1 ห้องครัว

1 ห้องรับแขก 1 โรงจอดรถ



📍พิกัด หนองจ๊อม สันทราย

- อยู่ใกล้ตลาดภูดอย 200 เมตร

- มีบิ๊กซีมินิ และเซเว่น อยู่ตรงหน้าซอยเดินทางสะดวก

- อยู่ใกล้อนามัยบ้านหนองไคร้ 300 เมตร

- ใกล้กาแฟพันธุ์ไทย 350 เมตร

- ใกล้เซนทรัลเฟส 7 km

- ใกล้ไทวัสดุสันทราย 2.3 km

- ใกล้โฮมโปรสันทราย 3 km

-ใกล้แยกรวมโชค 4 km



‼️แถมฟรี ‼️

- โซฟา

- แอร์ 2 ตัว

- ตู้เสื้อผ้า

- เตียง

- ซิงค์ล้างจาน

- เครื่องกรอกน้ำ

- เครื่องปรับน้ำอุ่น



⬇️⬇️⬇️⬇️⬇️

* มีพื้นที่กว้างขว้างรอบๆบ้าน อยู่แล้วไม่อึดอัด

* มีพื้นที่เหลือตรงหลังบ้าน สำหรับต่อเติมเพิ่มได้

* เทศบาลดูแลดี ตัดหญ้าหน้าบ้านให้ตลอด

* เพื่อนบ้านดีไม่ยุ่งวุ่นวาย

* น้ำไม่เคยท่วม

* ถนนหน้าบ้านกว้างไม่มีปัญหาเรื่องที่จอดรถ

* บ้านอยู่เกือบสุดซอยไม่มีปัญหาเรื่องรถเข้าๆออกๆ

สนใจโทร 0639030662

ยินดีรับนายหน้า"
https://baan.kaidee.com/product-371079871,"ราคา: 1,450,000
เนื้อที่: 5 ไร่ | เนื้อที่ 5 ไร่ | เป็นทรัพย์รอการขาย ใช่
ร้อนเงินขายใช้หนี้ ขายด่วนขายถูกมีโฉนด 5 ไร่กว่าขายยกแปลงเพียง 1.45 ล้านบาทรวมโอน
ลดราคาด่วน!!! ขายใช้หนี้ขายยกแปลงเพียง 1.45 ล้านบาทรวมโอน (มีโฉนด 5ไร่94ตรว.)

พิกัดที่ดิน : Hillside Chomtong Fishing Farm บ้านพุทธนิมิตร(แท่นดอกไม้) ซอย 2 ต.สบเตี๊ยะ อ.จอมทอง จ.เชียงใหม่
-ขายสวนลำไย บ่อปลา พืชผักสวนครัว ดินดี น้ำดี น้ำห้วยล้อมรอบทิศ
-เป็นที่ราบเชิงเขา เชิงดอยโมคคัลลาน วิวภูเขาสวยๆ อากาศดีเย็นสบายทั้งปี
-มีโฉนด เนื้อที่ 5 ไร่ 94 ตรว. รูปแปลงสี่เหลี่ยมผืนผ้า
-ห่างถนนสี่เลนส์ ทล. 108 เชียงใหม่-ฮอด เพียง 900 เมตร
-น้ำไฟพร้อม มีเพื่อนบ้าน
-ห่างจากตัวอำเภอจอมทองเพียง 2 กม.
-เหมาะทำบ้านสวน สวนเกษตร ทำไร่ทำสวน บ้านพักตากอากาศเชิงเขา ลานกางเต็นท์
โทร. 093-629-7897 (Line)"
https://baan.kaidee.com/product-371080120,"ราคา: 4,150,000
เนื้อที่: 65 ตารางวา | ห้องนอน 3 ห้องนอน | ห้องน้ำ 4 ห้องน้ำ | เนื้อที่ 65 ตารางวา | ผู้พัฒนา/เจ้าของโครงการ อื่นๆ | เฟอร์นิเจอร์ ไม่มี | ปีที่สร้างเสร็จ 2023
ขายด่วนพูลวิลล่าหางดง โซนน้ำแพร่หลังที่ว่าการอำเภอหางดง จังหวัดเชียงใหม่
พิกัดที่ดิน : Pool Villa Hangdong บ้านป่าแป๋ ต.หางดง อ.หางดง จ.เชียงใหม่
-ขายบ้านพูลวิลล่าชั้นเดียว โซนน้ำแพร่-หลังที่ว่าการอำเภอหางดง
พร้อมที่ดินบนเนื้อที่ 65 ตรว./พื้นที่ใช้สอย 200 ตรม.
-บ้านสร้างใหม่นอกโครงการ ออกแบบและควบคุมการก่อสร้างโดยวิศวกรมืออาชีพ
-3ห้องนอน/4ห้องน้ำ/1ห้องครัว/1ห้องโถงรับแขก/2ที่จอดรถ
-สระว่ายน้ำระบบ Overflow
-รั้วคอนกรีตสูง 2.8 เมตร เพื่อความปลอดภัยและเป็นส่วนตัว
-เข้าออกได้สองทาง
เส้นทางที่ 1 เส้นคลองชลประทาน(แยกน้ำแพร่-ออบขาน) ห่างถนน 4 เลนส์เพียง 1.2 กม.
เส้นทางที่ 2 เส้น108 เชียงใหม่-ฮอด ข้างที่ว่าการอำเภอหางดง ห่างเพียง 1.4 กม.
"" ราคาขาย 4.15 ล้านบาท / ฟรีโอน ""
โทร. 094-624-7879 (Line)"
https://baan.kaidee.com/product-371080213,"ราคา: 7,000,000
เนื้อที่: 79.8 ตารางวา | เนื้อที่ 79.8 ตารางวา
ที่ดิน+บ้านเดี่ยว 79.8 ตร.ว. บ้านเดี่ยว + ที่ดิน ซอยหมื่นด้ามพร้าคต1 ถนนช้างเผือก ถนนศรีภูมิ เมืองเชียงใหม่ เชียงใหม่
คุณ ปารดา พลอยแดง (ก้อย)
เบอร์ติดต่อ : 061-426-1859
Office : 02-946-6206
สอบถามทางไลน์ https://lin.ee/xTo07Pn
Line ID: @interhome

รหัสอสังหาริมทรัพย์ : 65251
ขนาด 79.8 ตร.ว.

ที่ตั้ง : บ้านเดี่ยว + ที่ดิน ซอยหมื่นด้ามพร้าคต1 ถ.ช้างเผือก เมืองเชียงใหม่ เชียงใหม่

รายละเอียด
ใกล้มหาวิทยาลัยราชภัฎเชียงใหม่ โรงเรียนสาธิต สนามกีฬาเทศบาลนครเชียงใหม่ ตลาดช้างเผือก

ขายที่ดิน+บ้านเดี่ยว ซอยหมื่นด้ามพร้าคต1 ถนนช้างเผือก ถนนศรีภูมิ ตำบลช้างเผือก อำเภอเมืองเชียงใหม่ จังหวัดเชียงใหม่

ที่ดิน+บ้าน เนื้อที่ 79.8 ตรว. ซอยหมื่นด้มพร้าคต1 ถนนช้างเผือก (แปลงมุม) คิดถนน 2 ด้าน เหมาะสำหรับทำที่อยู่อาศัยหรือลงทุนทำธุรกิจ อยู่อยู่หลังราชภัฎเชียงใหม่ ทำเลดีน่าลงทุน

ทำเลดีสถานที่ใกล้เคียง
มหาวิทยาลัยราชภัฎเชียงใหม่
โรงเรียนสาธิต
สนามกีฬาเทศบาลนครเชียงใหม่
ตลาดช้างเผือก
ตลาดสิริวัฒนา

การเดินทางสะดวก
ถนนช้างเผือก
ถนนศรีภูมิ
ถนนหมื่นด้ามพร้าคต
ถนนแม่ริมเชียงใหม่
ถนนอัษฎาธร
ถนนรัตนโกสินทร์

บริษัท อินเตอร์โฮม เรียลตี้ เอสเตท จำกัด
Interhome Realty Estate
www.interhome.co.th
โทร. 02-946-6206

https://www.interhome.co.th/propertydetail.php?propcode=65251"
https://baan.kaidee.com/product-371080647,"ราคา: 6,500,000
เนื้อที่: 1.69 ไร่ | ห้องนอน 3 ห้องนอน | ห้องน้ำ 5 ห้องน้ำ | เนื้อที่ 1.69 ไร่ | เฟอร์นิเจอร์ ตกแต่งครบ
บ้านพร้อมที่ดิน วิวดอยหลวงเชียงดาว อำเภอเเม่เเตง จังหวัดเชียงใหม่
ขายบ้านพร้อมที่ดินแปลงสวย วิวดอยหลวงเชียงดาว ตั้งอยู่ที่ เขตเทศบาลเมืองแกน อำเภอแม่แตง จังหวัดเชียงใหม่

ขนาด 1 ไร่ 69 ตารางวา สูงจากระดับน้ำทะเล 340 ม.

เอกสารสิทธิ์เป็นโฉนดครุฑแดง

มี 4 อาคารประกอบด้วย
1 โรงรถไม้เก่า มีครัวไทยและห้องน้ำ

2 บ้านหลังใหญ่ ขนาด 96 ตรม ห้องนอน 1 ห้อง ห้องน้ำ 2 ห้อง ครัวฝรั่ง เคาน์เตอร์ทอปแกรนิต และชุดไม้สัก ห้องนั่งเล่น ประตูหน้าต่างอลูมิเนียมยูโรโปรไฟล์ และมุ้งลวดนิรภัย

3 บ้านหลังเล็ก ขนาด 28 ตรม. ห้องนอน 1 ห้อง ห้องน้ำ 1 ห้อง เฉลียง วิวดอยหลวงเชียงดาว มีบาร์จับในห้องน้ำสำหรับผู้สูงอายุหรือคนป่วย

4 บ้านหลังเล็ก ขนาด 17.5 ตรม ห้องนอน 1 ห้อง ห้องน้ำ 1 ห้อง วิวดอยหลวงเชียงดาวและเขื่อนแม่งัด

อุปกรณ์ที่มอบให้
-เฟอร์นิเจอร์ทั้งหมด
-แท๊งค์เก็บน้ำขนาด 2,000 ลิตร 2 ชุด
-เครื่องปรับอากาศใหม่ 2 ชุด
-เครื่องเติมอากาศแบบกำจัดฝุ่น PM 2.5 และเชื้อโรค 2 ชุด
-เครื่องสูบน้ำ 2 ตัว
-เครื่องตัดหญ้า 2 เครื่อง
-ตู้เย็น 15 คิว 2 หลัง
-ชุดเตาแก๊ส 2 เตา
-เครื่องซักผ้า 1 เครื่อง
-เครื่องอบผ้า 1 เครื่อง
-เครื่องทำน้ำอุ่น 3 เครื่อง
-เครื่องฟอกอากาศแบบไส้กรอง 2 เครื่อง
-เครื่องพ่นหมอก 1 เครื่อง
-เครื่องพ่นน้ำแรงดันสูง 1 เครื่อง

บ้านและที่ดินแปลงนี้ดียังไง
1. ล้อมรอบด้วยทุ่งนาและภูเขา 360 องศา ไม่มีเพื่อนบ้านที่รั้วติดกัน แต่ไม่ไกลจากชุมชุน
-จากกาดหลวงเมืองแกน 2.4 กม.
-จากกาดแม่มาลัย 11 กม.
-จาก รพ . แม่แตง 6.8 กม.
-จากเขื่อนแม่งัด 3.7 กม.
-จากเทศบาลเมืองแกน 5.1 กม.
-จากวัดบ้านเด่น 5.8 กม.
-จากสวนพันพรรณ 8.3 กม.
-จากไร่บัวขาว(บัญชาเมฆยิม) 6.8 กม.
-ดอยหลวงเชียงดาว 33 กม.

2. น้ำไม่ท่วมในฤดูฝน และมีน้ำใช้ตลอดปี
เป็นพื้นที่เกษตรกรรม ไม่อนุญาตให้สร้างโรงงานอุตสาหกรรม

3. ดินถูกปรับปรุงจากดินเคมีเป็นดินอินทรีย์ เป็นเวลานานกว่า 13 ปี มีแร่ธาตุอาหารมาก เหมาะแก่การปลูกพืช มีสระน้ำขนาดย่อมอยู่ในพื้นที่กักเก็บน้ำจากคลองชลประทาน ไม่ต้องกังวลเรื่องน้ำตลอดปี

4. มีต้นไม้ใหญ่ ให้ร่มเงา ไม่ต้องรอเวลาปลูก และมีรั้วรอบขอบชิด ปลอดภัย

5. มีทางเข้าออกสองทาง สู่ถนนสองสาย หน้าบ้านและหลังบ้าน มีสะพานข้ามคลองชลประทานที่รถยนต์สามารถเข้าได้
6. ถนนดำหน้าบ้านเป็นเส้นทางเชื่อมกับถนนพร้าว-สันทราย เป็นเส้นทางจักรยาน หน้าบ้านเปิดทำการค้าได้

7. มีทางลาดสำหรับผู้สูงอายุและคนป่วย

8. รั้วพีพีเฟนจ์รอบพื้นที่เป็นลวดตาข่ายกันสนิม ให้ความรู้สึกโล่งโปร่ง เป็นผืนแผ่นดินเดียวกับพื้นที่นาและภูเขา สวยงามตลอดปี รั้วรอบขอบชิด สามารถเลี้ยงสัตว์ได้อย่างปลอดภัย

9. มีสระน้ำ บนพื้นที่เชื่อมต่อกับคลองชลประทาน เก็บกักน้ำไว้ใช้ได้ตลอดปี


บ้านหลังนี้ เหมาะกับใคร
คนที่ชอบชีวิตธรรมชาติ ปลูกพืชผลกินเองได้แบบไม่ต้องเริ่มต้นนับหนึ่งในการปรับปรุงและจัดการพื้นที่ อีกทั้งยังต่อยอดทำธุรกิจอื่นได้

ราคา 6.5 ล้านบาท ( หกล้านห้าแสนบาทถ้วน )
ค่าธรรมเนียมต่างๆที่สำนักงานที่ดินฝ่ายละครึ่ง

ติดต่อคุณหน่อย 081-4384000"
https://baan.kaidee.com/product-371080722,"ราคา: 22,000,000
เนื้อที่: 86 | ห้องนอน 3 ห้องนอน | ห้องน้ำ 2 ห้องน้ำ | เนื้อที่ 86 | เฟอร์นิเจอร์ มีบางส่วน | ปีที่สร้างเสร็จ 2018
ขายบ้านเดี่ยวพร้อมที่ดินในคูเมือง ทำเลทองตัวเมืองเชียงใหม่
ขายบ้านเดี่ยวพร้อมที่ดินในคูเมือง ทำเลทองตัวเมืองเชียงใหม่ย่านการค้าและแหล่งท่องเที่ยว
ใกล้สนามบิน ใกล้โรงพยาบาล ใกล้แหล่งการค้าและแหล่งท่องเที่ยว ใกล้โรงเรียน เป็นทำเลทองที่หาได้ยาก
ที่อยู่
ศรีภูมิ, เมืองเชียงใหม่, เชียงใหม่
ขนาดที่ดิน
86 ตรว
344 ตรม

3 ห้องนอน
2 ห้องน้ำ
1 ห้องครัว
1 ห้องนั่งเล่น
มีห้องแยกจากตัวบ้าน 2 ห้อง มีห้องน้ำในตัว
ที่จอดรถจอดได้ถึง 4 คัน
เจ้าของขายเอง
22,000,000
โทร 097-1963669 (ชมวิว)"
https://baan.kaidee.com/product-371081274,"ราคา: 3,300,000
เนื้อที่: 70 | ห้องนอน 4 ห้องนอน | ห้องน้ำ 4 ห้องน้ำ | เนื้อที่ 70 | ผู้พัฒนา/เจ้าของโครงการ อื่นๆ | เฟอร์นิเจอร์ ไม่มี | ปีที่สร้างเสร็จ 2021
ขายบ้านเดี่ยว 2 ชั้น สไตล์โมเดิร์น ใกล้ตัวเมืองเชียงใหม่
บ้านเดี่ยว 2 ชั้น หลังใหญ่ สไตล์โมเดิร์น ทำเลใกล้ตัวเมืองเชียงใหม่ บนถนนเชียงใหม่-ลำพูน (ต้นยาง) ห่างจากแยกกองทราย เข้า-ออกได้ 2 เส้นทาง ทั้งถนนวงแหวนรอบนอก และถนนต้นยาง

บ้านออกแบบตกแต่งแบบโมเดิร์น ก่อสร้างด้วยเทคโนโลยี Case in Place ตัวบ้านไล่เฉดสีโมโนโทน สีครีมนุ่มนวล บรรยากาศภายในเปิดโล่งโปร่งด้วยกระจก และประตูบานใหญ่ พื้นที่ภายในที่กว้างขวางใช้สอยได้อย่างเต็มที่

มีหลังคาที่จอดรถ จอดได้ 2 คัน ต่อเติมหลังคาด้านหน้า และพื้นที่ด้านข้าง ต่อเดิมห้องครัว และเทปูนพื้นที่ด้านหลัง ใช้งานได้สะดวกสบาย

บ้านอยู่ใกล้สวนส่วนกลาง มีเจ้าหน้าที่รักษาความปลอดภัยตลอด 24 ชั่วโมง พร้อมกล้องวงจรปิด

ราคาขาย 3.3 ล้านบาท

ติดต่อ คุณโสภณ
โทร : 0619459902
LINE id : pglangcaster"
https://baan.kaidee.com/product-371081280,"ราคา: 20,000
เนื้อที่: 54.15 ตารางเมตร | ห้องนอน 2 ห้องนอน | ห้องน้ำ 2 ห้องน้ำ | เนื้อที่ 54.15 ตารางเมตร | อนุญาตให้เลี้ยงสัตว์ ไม่อนุญาต | เฟอร์นิเจอร์ ตกแต่งครบ | ปีที่สร้างเสร็จ 2024
ให้เช่า Condominium โซนช้างเผือก อ.เมือง
🏢 ให้เช่า Condominium โซนช้างเผือก อ.เมือง
2 ห้องนอน 2 ห้องน้ำ
ราคาเริ่มต้น 20,000 บาท/เดือน สัญญา 1 ปี
ประกัน 2 เดือน ล่วงหน้า 1 เดือน
📏 ขนาด 54.15 ตร.ม.

❌❌ไม่รับสัตว์เลี้ยง❌❌

📌สถานที่ใกล้เคียง
● โรงเรียนอูซูจองบริบาลเชียงใหม่
● โรงพยาบาลเชียงใหม่ ฮอสพิทอล
● ตลาดสดบริบูรณ์
● มหาวิทยาลัยเทคโนโลยีราชมงคลล้านนา วิทยาเขตภาคพายัพ (เจ็ดยอด)
● โลตัส โก เฟรช มินิ ซูเปอร์มาร์เก็ต แม่ริม
● สำนักงานจัดรูปที่ดินและจัดระบบน้ำเพื่อเกษตรกรรมที่ 1

🚪เฟอร์นิเจอร์
● เตียง
● แอร์
● โซฟา
● เครื่องทำน้ำอุ่น
● ตู้เย็น
● ทีวี
● เตาไฟฟ้า
● ฮู้ดดูดควัน
● โต๊ะรับประทานอาหาร


🏢 For Rent: Condominium, Chang Phueak area, Mueang Chiang Mai
🛏️ 2 Bedrooms, 2 Bathrooms
💸 Starting from 20,000 THB/month (1-year contract)
🔐 Deposit: 2 months + 1 month in advance
📏 Size: 54.15 sq.m.
❌❌ No pets allowed ❌❌

📌 Nearby Landmarks:
● Usuzhong Boriban Chiang Mai School
● Chiang Mai Hospital
● Boriboon Fresh Market
● Rajamangala University of Technology Lanna, Payap Campus (Jed Yod)
● Lotus Go Fresh Mini Supermarket, Mae Rim
● Land Consolidation and Agricultural Water System Office 1

🚪 Furniture & Appliances:
● Bed
● Air conditioner
● Sofa
● Water heater
● Refrigerator
● TV
● Electric stove
● Hood (ventilation)
● Dining table
🏢 清迈 Chang Phueak 区公寓出租
🛏 2间卧室 · 🛁 2间浴室
💰 起租价：20,000 泰铢/月 · 租期：1年
🔑 押金2个月 + 预付1个月房租
📏 面积：54.15 平方米
❌ 不允许养宠物 ❌

📌 附近设施
• 乌苏宗育婴学校（โรงเรียนอูซูจองบริบาลเชียงใหม่）
• 清迈医院（โรงพยาบาลเชียงใหม่ ฮอสพิทอล）
• 布利本市场（ตลาดสดบริบูรณ์）
• 清迈皇家技术大学（Rajamangala University of Technology Lanna）Jeed Yod 校区
• Lotus Go Fresh Mini 超市（แม่ริม）
• 土地整理与水利办公室（สำนักงานจัดรูปที่ดินและจัดระบบน้ำเพื่อเกษตรกรรมที่ 1）

🚪 家具与家电
• 床
• 空调
• 沙发
• 热水器
• 冰箱
• 电视
• 电磁炉
• 抽油烟机
• 餐桌

Code: R2719
บริษัท ที่ดีดี จำกัด | รับซื้อ | ขาย | เช่า อสังหาริมทรัพย์
•สำหรับนักลงทุน พร้อมหาผู้เช่า
•เช็คบูโร,แก้เคส,ทำเอกสาร,วิเคราะห์สินเชื่อฟรี
•รับจัดหาบ้าน,ที่ดิน,คอนโด,อสังหาริมทรัพย์

📌นัดชมได้ทุกวัน | รับ CO-AGENT
Line : @teedd (มี@)
Tel : 052-005-009

#ที่ดีดีเชียงใหม่ #บ้านเช่า
#บ้านเช่าเชียงใหม่ #คอนโดให้เช่าเชียงใหม่ #บ้านเชียงใหม่ #เช่าคอนโดเชียงใหม่ #หอพักเชียงใหม่ #บ้าน
#คอนโด #Condo"
https://baan.kaidee.com/product-371081294,"ราคา: 12,000
เนื้อที่: 30 ตารางวา | ห้องนอน 2 ห้องนอน | ห้องน้ำ 2 ห้องน้ำ | เนื้อที่ 30 ตารางวา | เฟอร์นิเจอร์ ไม่มี | ปีที่สร้างเสร็จ 2023
บ้านว่างให้เช่า บ้านสร้างใหม่กำลังเสร็จ โซนหางดง
บ้านว่างให้เช่า บ้านสร้างใหม่กำลังเสร็จ โซนหางดง
2 ห้องนอน 2ห้องน้ำ 1ครัว 1โถง 2จอดรถยนต์
ไฟฟ้า-ปะปาจ่ายตามรัฐบาลไม่บวกเพิ่ม
12000บาท/เดือน
จ่ายล่วงหน้า1เดือนประกัน2เดือน
เนื้อที่ 30 ตร.ว.

เลี้ยงสัตว์ได้แต่มีเงื่อนไข

📍สถานที่ใกล้เคียง
-โรงเรียนหางดงรัฐราษฎร์อุปถัมภ์
-โรงพยาบาลหางดง
-ตลาดหางดง
-มหาวิทยาลัยนอร์ท เชียงใหม่
-บิ๊กซี ซูเปอร์เซ็นเตอร์ หางดง 2
-ท่าอากาศยานนานาชาติเชียงใหม่



🚪เฟอร์นิเจอร์
เตียง
แอร์
เครื่องทำน้ำอุ่น
1ไมโครเวฟ
1ตู้เสื้อผ้า

New House for Rent – Hang Dong Area
Brand new house nearing completion in Hang Dong zone.
● 2 Bedrooms

● 1 Bathrooms

● 1 Kitchen

● 1 Living Room

● Parking for 2 Cars

● Utilities (Electricity & Water) charged at government rates (no extra fees)

● Rent: 12,000 THB/month

● Payment Terms: 1-month advance rent + 2-month security deposit

● Land Size: 30 sq. wah (approx. 120 sq. meters)

Pets allowed under certain conditions

📍 Nearby Locations:
● Hang Dong Rat Ratcharat Uppatham School

● Hang Dong Hospital

● Hang Dong Market

● North-Chiang Mai University

● Big C Supercenter Hang Dong 2

● Chiang Mai International Airport

🚪 Furniture Included:
● Bed

● Air Conditioner

● Water Heater

● 1 Microwave

● 1 Wardrobe

🏡 新建房屋出租 – 清迈 Hang Dong 区
🛏 2间卧室 · 🛁 2间浴室 · 🍳 1个厨房 · 🏠 1个客厅 · 🚗 2个停车位
💡 水电按政府收费，不额外加收
💰 租金：12,000 泰铢/月
🔑 预付1个月房租 + 押金2个月
📏 土地面积：30 平方瓦（约120 平方米）
🐾 允许养宠物（有条件）

📌 附近设施
📍 Hang Dong Ratrat Upathum 学校
📍 Hang Dong 医院
📍 Hang Dong 市场
📍 North Chiang Mai 大学
📍 Big C Supercenter Hang Dong 2
📍 清迈国际机场
🚪 家具及电器
🛏 床
❄️ 空调
🔥 热水器
📡 微波炉
👗 衣柜


Code : R2716
🚨บริษัท ที่ดีดี จำกัด | รับซื้อ | ขาย | เช่า
🚨จัดหาบ้าน,คอนโด ตามงบประมาณ
🚨รับทำ TM30 แจ้งต่างชาติเข้าพัก
🚨ดูแลตลอดสัญญาเช่า

📌นัดชมได้ทุกวัน | รับ CO-AGENT
Line : @teedd (มี@)
Tel : 052-005-009

#บ้าน #บ้านเช่า #บ้านเช่าเชียงใหม่
#คอนโด #เช่าคอนโด #คอนโดให้เช่า"
https://baan.kaidee.com/product-371081309,"ราคา: 28,500
เนื้อที่: 57 ตารางวา | ห้องนอน 3 ห้องนอน | ห้องน้ำ 2 ห้องน้ำ | เนื้อที่ 57 ตารางวา | เฟอร์นิเจอร์ ตกแต่งครบ | ปีที่สร้างเสร็จ 2023
ให้เช่าบ้าน 2 ชั้น โซนสารภี
⛪ ให้เช่าบ้าน 2 ชั้น โซนสารภี
3 ห้องนอน 2 ห้องน้ำ 2 ห้องครัว(นอก+ใน) และ 1 ห้องทำงาน
28,500 บาท/เดือน สัญญาเช่าขั้นต่ำ1ปี ฟรี Wifi
ก่อนเข้าอยู่จ่ายล่วงหน้า 3 เดือน
📏 เนื้อที่ 57 ตร.ว

ไม่รับสัตว์เลี้ยง

📌สถานที่ใกล้เคียง

● โรงเรียนเวียงเศรษฐีวิทยา
● โรงพยาบาลสารภี
● ตลาดเก้าแสน
● มหาวิทยาลัยเเชียงใหม่
● เซนทรัลเฟสติวัล
● ท่าอากาศยานนานาชาติเชียงใหม่



🚪เฟอร์นิเจอร์
● เตียง
● แอร์
● โซฟา
● เครื่องทำน้ำอุ่น
● ตู้เย็น
● โต๊ะรับประทานอาหาร
● เตาไฟฟ้า
● ฮูดดูดควัน
● ไมโครเวฟ
● TV
● เครื่องซักผ้า
● เตาแก๊ส








⛪ House for Rent – 2-Storey Home in Saraphi Area
● 3 Bedrooms

● 2 Bathrooms

● 2 Kitchens (Indoor + Outdoor)

● 1 Home Office

💰 28,500 THB/month
📅 Minimum 1-Year Contract
✅ Free WiFi
🔑 3 Months Payment Required Before Move-in (2 Months Security Deposit + 1 Month Advance Rent)
🚫 Pets Not Allowed

📍 Nearby Locations:
● Wiang Setthi Wittaya School

● Saraphi Hospital

● Kao Saen Market

● Chiang Mai University

● Central Festival Shopping Mall

● Chiang Mai International Airport


🚪 Furniture & Appliances:
● Beds

● Air Conditioners

● Sofa

● Water Heaters

● Refrigerator

● Dining Table

● Electric Stove

● Range Hood

● Microwave

● TV

● Washing Machine

● Gas Stove

⛪ 出租两层住宅 – 清迈市，Sarapee 区
🛏 3间卧室 · 🛁 2间浴室 · 🍳 2个厨房（内外） · 🖥 1个工作室
💰 租金：28,500 泰铢/月（最短租期1年）
📶 免费 Wi-Fi
🔑 入住前预付3个月房租
📏 面积：57 平方瓦（约228 平方米）
❌ 不允许养宠物 ❌

📌 附近设施
📍 Wiang Setthi Witthaya 学校
📍 Sarapee 医院
📍 Kao Saen 市场
📍 清迈大学
📍 Central Festival 购物中心
📍 清迈国际机场
🚪 家具及电器
🛏 床
❄️ 空调
🛋 沙发
🔥 热水器
🧊 冰箱
🍽 餐桌
🍳 电炉
💨 抽油烟机
📡 微波炉
📺 电视
🧺 洗衣机
⛽ 燃气炉

บริษัท ที่ดีดี จำกัด | รับซื้อ | ขาย | เช่า อสังหาริมทรัพย์
•สำหรับนักลงทุน พร้อมหาผู้เช่า
•เช็คบูโร,แก้เคส,ทำเอกสาร,วิเคราะห์สินเชื่อฟรี
•รับจัดหาบ้าน,ที่ดิน,คอนโด,อสังหาริมทรัพย์
📌นัดชมได้ทุกวัน | รับ CO-AGENT
Line : @teedd (มี@)
Tel : 052-005-009

#ที่ดีดีเชียงใหม่ #บ้านเช่า
#บ้านเช่าเชียงใหม่ #คอนโดให้เช่าเชียงใหม่ #บ้านเชียงใหม่ #เช่าคอนโดเชียงใหม่ #หอพักเชียงใหม่ #บ้าน
#คอนโด #Condo"
https://baan.kaidee.com/product-371081315,"ราคา: 25,000
เนื้อที่: 74.21 ตารางเมตร | ห้องนอน 2 ห้องนอน | ห้องน้ำ 2 ห้องน้ำ | เนื้อที่ 74.21 ตารางเมตร | อนุญาตให้เลี้ยงสัตว์ ไม่อนุญาต | เฟอร์นิเจอร์ ตกแต่งครบ | ปีที่สร้างเสร็จ 2023
ให้เช่า Condominium โซนช้างเผือก อ.เมือง
🏢 ให้เช่า Condominium โซนช้างเผือก อ.เมือง
2 ห้องนอน 2 ห้องน้ำ
ราคาเริ่มต้น 25,000 บาท/เดือน สัญญา 1 ปี
ประกัน 2 เดือน ล่วงหน้า 1 เดือน
📏 ขนาด 74.21 ตร.ม.

❌❌ไม่รับสัตว์เลี้ยง❌❌

📌สถานที่ใกล้เคียง
● โรงเรียนอูซูจองบริบาลเชียงใหม่
● โรงพยาบาลเชียงใหม่ ฮอสพิทอล
● ตลาดสดบริบูรณ์
● มหาวิทยาลัยเทคโนโลยีราชมงคลล้านนา วิทยาเขตภาคพายัพ (เจ็ดยอด)
● โลตัส โก เฟรช มินิ ซูเปอร์มาร์เก็ต แม่ริม
● สำนักงานจัดรูปที่ดินและจัดระบบน้ำเพื่อเกษตรกรรมที่ 1

🚪เฟอร์นิเจอร์
● เตียง
● แอร์
● โซฟา
● เครื่องทำน้ำอุ่น
● ตู้เย็น
● ทีวี
● เตาไฟฟ้า
● ฮู้ดดูดควัน
● โต๊ะรับประทานอาหาร

🏢 For Rent: Condominium, Chang Phueak area, Mueang Chiang Mai
🛏️ 2 Bedrooms, 2 Bathrooms
💸 Starting from 25,000 THB/month (1-year contract)
🔐 Deposit: 2 months + 1 month in advance
📏 Size: 74.21 sq.m.
❌❌ No pets allowed ❌❌
📌 Nearby Landmarks:
● Usuzhong Boriban Chiang Mai School
● Chiang Mai Hospital
● Boriboon Fresh Market
● Rajamangala University of Technology Lanna, Payap Campus (Jed Yod)
● Lotus Go Fresh Mini Supermarket, Mae Rim
● Land Consolidation and Agricultural Water System Office 1

🚪 Furniture & Appliances:
● Bed
● Air conditioner
● Sofa
● Water heater
● Refrigerator
● TV
● Electric stove
● Hood (ventilation)
● Dining table
🏢 出租公寓 – 清迈市，Chang Phueak 区
🛏 2间卧室 · 🛁 2间浴室
💰 租金：25,000 泰铢/月起（一年合同）
🔐 押金：2个月 + 预付1个月房租
📏 面积：74.21 平方米
❌ 不允许养宠物 ❌

📌 附近设施
📍 清迈 Usujong 幼儿园
📍 清迈医院（Chiang Mai Hospital）
📍 Boriboon 新鲜市场
📍 清迈皇家理工大学（Rajamangala University of Technology Lanna，Jet Yod 校区）
📍 Lotus Go Fresh Mini 超市（Mae Rim）
📍 土地与农业水利管理办公室 1

🚪 家具及电器
🛏 床
❄️ 空调
🛋 沙发
🔥 热水器
🧊 冰箱
📺 电视
🍳 电炉
💨 抽油烟机
🍽 餐桌


Code: R2701
บริษัท ที่ดีดี จำกัด | รับซื้อ | ขาย | เช่า อสังหาริมทรัพย์
•สำหรับนักลงทุน พร้อมหาผู้เช่า
•เช็คบูโร,แก้เคส,ทำเอกสาร,วิเคราะห์สินเชื่อฟรี
•รับจัดหาบ้าน,ที่ดิน,คอนโด,อสังหาริมทรัพย์

📌นัดชมได้ทุกวัน | รับ CO-AGENT
Line : @teedd (มี@)
Tel : 052-005-009

#ที่ดีดีเชียงใหม่ #บ้านเช่า
#บ้านเช่าเชียงใหม่ #คอนโดให้เช่าเชียงใหม่ #บ้านเชียงใหม่ #เช่าคอนโดเชียงใหม่ #หอพักเชียงใหม่ #บ้าน
#คอนโด #Condo"
https://baan.kaidee.com/product-371081327,"ราคา: 75,000
เนื้อที่: 98 ตารางเมตร | ห้องนอน 2 ห้องนอน | ห้องน้ำ 1 ห้องน้ำ | เนื้อที่ 98 ตารางเมตร | อนุญาตให้เลี้ยงสัตว์ ไม่อนุญาต | เฟอร์นิเจอร์ ตกแต่งครบ | ปีที่สร้างเสร็จ 2023
ให้เช่าคอนโด Kasa Verdana ชั้น 4 โซนช้างเผือก อ.เมือง
Code: R2697

🏢 ให้เช่าคอนโด Kasa Verdana ชั้น 4 โซนช้างเผือก อ.เมือง
2 ห้องนอน 1 ห้องน้ำ
75,000 บาท/เดือน สัญญา 1 ปี
ประกัน 2 เดือน ล่วงหน้า 1 เดือน
📏 ขนาด 98 ตร.ม.

❌❌ไม่รับสัตว์เลี้ยง❌❌

📌สถานที่ใกล้เคียง
● โรงเรียนวัดช่างเคี่ยน
● โรงพยาบาลเชียงใหม่ ฮอสพิทอล
● มหาวิทยาลัยเชียงใหม่
● เมญ่า,นิมมาน
● ตลาดเทพมงคล
● ศูนย์ประชุมและแสดงสินค้านานาชาติ เชียงใหม่


🚪เฟอร์นิเจอร์
● เตียง
● แอร์
● โซฟา
● เครื่องทำน้ำอุ่น
● ตู้เย็น
● ทีวี


🏢 For Rent: Kasa Verdana Condo (4th Floor) — Chang Phueak, Mueang Chiang Mai
💸 Price 75,000 THB/month (1-year contract)
🔐 Deposit: 2 months + 1 month in advance
📏 Size: 98 sq.m.
🛏️ 2 Bedrooms
🛁 1 Bathroom
❌ No pets allowed
📌 Nearby Landmarks:
● Wat Chang Kian School
● Chiang Mai Hospital
● Chiang Mai University
● MAYA Lifestyle Shopping Center, Nimman Road
● Thep Mongkol Market
● Chiang Mai International Exhibition and Convention Centre

🛋️ Furniture & Appliances:
● Bed
● Air conditioner
● Sofa
● Water heater
● Refrigerator
● TV
🏢 出租公寓 Kasa Verdana – 清迈市，Chang Phueak 区，4楼
🛏 2间卧室 · 🛁 1间浴室
💰 月租：75,000 泰铢（一年合同）
🔐 押金：2个月 + 预付1个月房租
📏 面积：98 平方米
❌ 不允许养宠物 ❌

📌 附近设施
📍 Wat Chang Khian 学校
📍 清迈医院（Chiang Mai Hospital）
📍 清迈大学
📍 Maya 商场 / Nimman 区
📍 Thep Mongkhon 市场
📍 清迈国际会议展览中心

🚪 家具及电器
🛏 床
❄️ 空调
🛋 沙发
🔥 热水器
🧊 冰箱
📺 电视



บริษัท ที่ดีดี จำกัด | รับซื้อ | ขาย | เช่า อสังหาริมทรัพย์
•สำหรับนักลงทุน พร้อมหาผู้เช่า
•เช็คบูโร,แก้เคส,ทำเอกสาร,วิเคราะห์สินเชื่อฟรี
•รับจัดหาบ้าน,ที่ดิน,คอนโด,อสังหาริมทรัพย์

📌นัดชมได้ทุกวัน | รับ CO-AGENT
Line : @teedd (มี@)
Tel : 052-005-009

#ที่ดีดีเชียงใหม่ #บ้านเช่า
#บ้านเช่าเชียงใหม่ #คอนโดให้เช่าเชียงใหม่ #บ้านเชียงใหม่ #เช่าคอนโดเชียงใหม่ #หอพักเชียงใหม่ #บ้าน
#คอนโด #Condo"
https://baan.kaidee.com/product-371081339,"ราคา: 75,000
เนื้อที่: 98 ตารางเมตร | ห้องนอน 2 ห้องนอน | ห้องน้ำ 1 ห้องน้ำ | เนื้อที่ 98 ตารางเมตร | ชั้น 2 | อนุญาตให้เลี้ยงสัตว์ ไม่อนุญาต | เฟอร์นิเจอร์ ตกแต่งครบ | ปีที่สร้างเสร็จ 2023
ให้เช่าคอนโด Kasa Verdana ชั้น 2 โซนช้างเผือก อ.เมือง
Code: R2696

🏢 ให้เช่าคอนโด Kasa Verdana ชั้น 2 โซนช้างเผือก อ.เมือง
2 ห้องนอน 1 ห้องน้ำ
75,000 บาท/เดือน สัญญา 1 ปี
ประกัน 2 เดือน ล่วงหน้า 1 เดือน
📏 ขนาด 98 ตร.ม.

❌❌ไม่รับสัตว์เลี้ยง❌❌

📌สถานที่ใกล้เคียง
● โรงเรียนวัดช่างเคี่ยน
● โรงพยาบาลเชียงใหม่ ฮอสพิทอล
● มหาวิทยาลัยเชียงใหม่
● เมญ่า,นิมมาน
● ตลาดเทพมงคล
● ศูนย์ประชุมและแสดงสินค้านานาชาติ เชียงใหม่


🚪เฟอร์นิเจอร์
● เตียง
● แอร์
● โซฟา
● เครื่องทำน้ำอุ่น
● ตู้เย็น
● ทีวี


🏢 For Rent: Kasa Verdana Condo (2nd Floor) — Chang Phueak, Mueang Chiang Mai
💸 Price: 75,000 THB/month (1-year contract)
🔐 Deposit: 2 months + 1 month in advance
📏 Size: 98 sq.m.
🛏️ 2 Bedrooms
🛁 1 Bathroom
❌ No pets allowed
📌 Nearby Landmarks:
● Wat Chang Kian School
● Chiang Mai Hospital
● Chiang Mai University
● MAYA Lifestyle Shopping Center, Nimman Road
● Thep Mongkol Market
● Chiang Mai International Exhibition and Convention Centre

🛋️ Furniture & Appliances:
● Bed
● Air conditioner
● Sofa
● Water heater
● Refrigerator
● TV

🏢 出租公寓 Kasa Verdana – 清迈市，Chang Phueak 区，2楼
🛏 2间卧室 · 🛁 1间浴室
💰 月租：75,000 泰铢（一年合同）
🔐 押金：2个月 + 预付1个月房租
📏 面积：98 平方米
❌ 不允许养宠物 ❌

📌 附近设施
📍 Wat Chang Khian 学校
📍 清迈医院（Chiang Mai Hospital）
📍 清迈大学
📍 Maya 商场 / Nimman 区
📍 Thep Mongkhon 市场
📍 清迈国际会议展览中心

🚪 家具及电器
🛏 床
❄️ 空调
🛋 沙发
🔥 热水器
🧊 冰箱
📺 电视



บริษัท ที่ดีดี จำกัด | รับซื้อ | ขาย | เช่า อสังหาริมทรัพย์
•สำหรับนักลงทุน พร้อมหาผู้เช่า
•เช็คบูโร,แก้เคส,ทำเอกสาร,วิเคราะห์สินเชื่อฟรี
•รับจัดหาบ้าน,ที่ดิน,คอนโด,อสังหาริมทรัพย์

📌นัดชมได้ทุกวัน | รับ CO-AGENT
Line : @teedd (มี@)
Tel : 052-005-009

#ที่ดีดีเชียงใหม่ #บ้านเช่า
#บ้านเช่าเชียงใหม่ #คอนโดให้เช่าเชียงใหม่ #บ้านเชียงใหม่ #เช่าคอนโดเชียงใหม่ #หอพักเชียงใหม่ #บ้าน
#คอนโด #Condo"
https://baan.kaidee.com/product-371081344,"ราคา: 75,000
เนื้อที่: 98 | ห้องนอน 2 ห้องนอน | ห้องน้ำ 1 ห้องน้ำ | เนื้อที่ 98 | ชั้น 1 | อนุญาตให้เลี้ยงสัตว์ ไม่อนุญาต | เฟอร์นิเจอร์ ตกแต่งครบ | ปีที่สร้างเสร็จ 2023
ให้เช่าคอนโด Kasa Verdana ชั้น 1 โซนช้างเผือก อ.เมือง
Code: R2695

🏢 ให้เช่าคอนโด Kasa Verdana ชั้น 1 โซนช้างเผือก อ.เมือง
2 ห้องนอน 1 ห้องน้ำ
75,000 บาท/เดือน สัญญา 1 ปี
ประกัน 2 เดือน ล่วงหน้า 1 เดือน
📏 ขนาด 98 ตร.ม.

❌❌ไม่รับสัตว์เลี้ยง❌❌

📌สถานที่ใกล้เคียง
● โรงเรียนวัดช่างเคี่ยน
● โรงพยาบาลเชียงใหม่ ฮอสพิทอล
● มหาวิทยาลัยเชียงใหม่
● เมญ่า,นิมมาน
● ตลาดเทพมงคล
● ศูนย์ประชุมและแสดงสินค้านานาชาติ เชียงใหม่


🚪เฟอร์นิเจอร์
● เตียง
● แอร์
● โซฟา
● เครื่องทำน้ำอุ่น
● ตู้เย็น
● ทีวี


🏢 For Rent: Kasa Verdana Condo (1st Floor) — Chang Phueak, Mueang Chiang Mai
💸 Price: 75,000 THB/month (1-year contract)
🔐 Deposit: 2 months + 1 month in advance
📏 Size: 98 sq.m.
🛏️ 2 Bedrooms
🛁 1 Bathroom
❌ No pets allowed
📌 Nearby Landmarks:
● Wat Chang Kian School
● Chiang Mai Hospital
● Chiang Mai University
● MAYA Lifestyle Shopping Center, Nimman Road
● Thep Mongkol Market
● Chiang Mai International Exhibition and Convention Centre

🛋️ Furniture & Appliances:
● Bed
● Air conditioner
● Sofa
● Water heater
● Refrigerator
● TV
🏢 出租公寓 Kasa Verdana – 清迈市，Chang Phueak 区，1楼
🛏 2间卧室 · 🛁 1间浴室
💰 月租：75,000 泰铢（一年合同）
🔐 押金：2个月 + 预付1个月房租
📏 面积：98 平方米
❌ 不允许养宠物 ❌

📌 附近设施
📍 Wat Chang Khian 学校
📍 清迈医院（Chiang Mai Hospital）
📍 清迈大学
📍 Maya 商场 / Nimman 区
📍 Thep Mongkhon 市场
📍 清迈国际会议展览中心

🚪 家具及电器
🛏 床
❄️ 空调
🛋 沙发
🔥 热水器
🧊 冰箱
📺 电视



บริษัท ที่ดีดี จำกัด | รับซื้อ | ขาย | เช่า อสังหาริมทรัพย์
•สำหรับนักลงทุน พร้อมหาผู้เช่า
•เช็คบูโร,แก้เคส,ทำเอกสาร,วิเคราะห์สินเชื่อฟรี
•รับจัดหาบ้าน,ที่ดิน,คอนโด,อสังหาริมทรัพย์

📌นัดชมได้ทุกวัน | รับ CO-AGENT
Line : @teedd (มี@)
Tel : 052-005-009

#ที่ดีดีเชียงใหม่ #บ้านเช่า
#บ้านเช่าเชียงใหม่ #คอนโดให้เช่าเชียงใหม่ #บ้านเชียงใหม่ #เช่าคอนโดเชียงใหม่ #หอพักเชียงใหม่ #บ้าน
#คอนโด #Condo"
https://baan.kaidee.com/product-371081349,"ราคา: 35,000
เนื้อที่: 18 ตารางวา | เนื้อที่ 18 ตารางวา
ให้เช่า อาคารพาณิชย์ 1 คูหา โซนพระสิงห์
Code : R2694

🏡✨ให้เช่า อาคารพาณิชย์ 1 คูหา โซนพระสิงห์
3 ห้องนอน 2 ห้องน้ำ
35,000 บาท/เดือน ล่วงหน้า 1เดือน+มัดจำ2เดือน
สัญญา 1 ปี มีส่วนนั่งเล่นหน้าบ้าน ห้องครัว และระเบียง
📏พื้นที่ 18 ตร.ว.

รับสัตว์เลี้ยง
เหมาะทำ Air bnb/Hostel/Cafe/เช่ารถ

📌สถานที่ใกล้เคียง📌
-โรงเรียนธรรมราชศึกษา
-ศูนย์เวชศาสตร์ฟื้นฟู โรงพยาบาลมหาราช เชียงใหม่
-ตลาดบวกหาด
-มหาวิทยาลัยมหามกุฏราชวิทยาลัย วิทยาเขตล้านนา
-โรบินสัน เชียงใหม่ แอร์พอร์ต
-ท่าอากาศยานนานาชาติเชียงใหม่
-วัดพระสิงห์วรมหาวิหาร

🏡✨For Rent: 3.5-Storey Commercial Building in Phra Sing Area
🛏️ 3 Bedrooms | 🚿 2 Bathrooms
💰 Rent: 35,000 THB/month
📌 1-month advance + 2-month security deposit
📆 1-year contract There is a living area at the front of the house, a kitchen and a balcony.
📏 Land size: 18 sq.wah
pets allowed
Perfect for Airbnb / Hostel / Café / Car Rental Business
📍 Nearby Locations:
● Thammarat Suksa School
● Rehabilitation Center, Maharaj Nakorn Chiang Mai Hospital
● Buak Haad Market
● Mahamakut Buddhist University, Lanna Campus
● Robinson Chiang Mai Airport
● Chiang Mai International Airport
● Wat Phra Singh Woramahaviharn

🏡✨ 出租商业楼 — Phra Singh 区
1 套商用单元
3 卧室 · 2 卫浴
💰 35,000 泰铢/月
预付 1 个月 + 押金 2 个月
租期 1 年
带前院休息区、厨房和阳台
📏 面积：18 平方瓦
✅ 允许养宠物
适合 Airbnb / Hostel / Cafe / 租车业务

📌 附近地点：
• Tham Ratchasuksa 学校（โรงเรียนธรรมราชศึกษา）
• Maharaj 清迈医院康复医学中心（ศูนย์เวชศาสตร์ฟื้นฟู โรงพยาบาลมหาราช เชียงใหม่）
• Buak Had 市场（ตลาดบวกหาด）
• 玛哈玛库特皇家大学兰纳校区（มหาวิทยาลัยมหามกุฏราชวิทยาลัย วิทยาเขตล้านนา）
• Robinson 清迈机场商场（โรบินสัน เชียงใหม่ แอร์พอร์ต）
• 清迈国际机场（ท่าอากาศยานนานาชาติเชียงใหม่）
• Phra Singh 寺（วัดพระสิงห์วรมหาวิหาร）



บริษัท ที่ดีดี จำกัด | รับซื้อ | ขาย | เช่า อสังหาริมทรัพย์
•สำหรับนักลงทุน พร้อมหาผู้เช่า
•เช็คบูโร,แก้เคส,ทำเอกสาร,วิเคราะห์สินเชื่อฟรี
•รับจัดหาบ้าน,ที่ดิน,คอนโด,อสังหาริมทรัพย์

📌นัดชมได้ทุกวัน | รับ CO-AGENT
Line : @teedd (มี@)
Tel : 052-005-009

#ที่ดีดีเชียงใหม่ #บ้านเช่า
#บ้านเช่าเชียงใหม่ #คอนโดให้เช่าเชียงใหม่ #บ้านเชียงใหม่ #เช่าคอนโดเชียงใหม่ #หอพักเชียงใหม่ #บ้าน
#คอนโด #Condo"
https://baan.kaidee.com/product-371081364,"ราคา: 26,000
เนื้อที่: 55 ตารางวา | ห้องนอน 3 ห้องนอน | ห้องน้ำ 3 ห้องน้ำ | เนื้อที่ 55 ตารางวา | เฟอร์นิเจอร์ ตกแต่งครบ | ปีที่สร้างเสร็จ 2023
ให้เช่าบ้าน 2ชั้น โซนสันกำแพง
Code : R2692

🏢 ให้เช่าบ้าน 2ชั้น โซนสันกำแพง
3 ห้องนอน 3 ห้องน้ำ
💰26,000 บาท/เดือน ‼️ (สัญญาขั้นต่ำ 1 ปี) รวมค่าส่วนกลาง และ Wi-Fi
🔐 ประกัน 2 เดือน + ล่วงหน้า 1 เดือน
📐 ขนาดห้อง: 55 ตร.ว. 180 ตร.ม.
✅ รับสัตว์เลี้ยง

📌 สถานที่ใกล้เคียง
● โรงเรียนอนุบาลเปรมฤดี
● โรงพยาบาลส่งเสริมสุขภาพตำบลบวกค้าง
● ศรีอรุณพลาซ่า (กาดศรีอรุณ)
● มหาวิทยาลัยมหามกุฏราชวิทยาลัย วิทยาเขตล้านนา แห่งที่ 2
● ห้างฯ โลตัส มาร์เก็ต บ่อสร้าง (6433)
● โรงงานก๋วยเตี๋ยวเส้นทิพย์
เฟอร์นิเจอร์
-เตียง
-โซฟา
-ชั้นวางของ
-โต๊ะรับประทานอาหาร
-ตู้เย็น
-แอร์


🏢 2-Storey House for Rent – Sankampaeng Area
🛏️ 3 Bedrooms | 🚿 3 Bathrooms
💰 26,000 THB/month ‼️ (Minimum 1-year contract)
🔐 2-month deposit + 1-month advance payment
📐 Land Size: 55 sq.wah
✅ Pets allowed
📍 Nearby Places:
● Premrudee Kindergarten
● Buak Khang Subdistrict Health Promoting Hospital
● Sri Arun Plaza (Kad Sri Arun Market)
● Mahamakut Buddhist University, Lanna Campus 2
● Lotus’s Market Bosang (6433)
● Thinphit Noodle Factory

🛋️ Furniture & Appliances:
● Beds
● Sofa
● Shelves
● Dining table
● Refrigerator
● Air conditioner
🏡 出租双层住宅 — San Kamphaeng 区
3 卧室 · 3 卫浴
💰 26,000 泰铢/月 ‼️（最低租期 1 年）
包含物业管理费和 Wi-Fi
🔐 押金 2 个月 + 预付 1 个月
📐 面积：55 平方瓦 / 180 平方米
✅ 允许养宠物

📌 附近地点：
● Premrudi 幼儿园（โรงเรียนอนุบาลเปรมฤดี）
● Buak Khang 健康促进医院（โรงพยาบาลส่งเสริมสุขภาพตำบลบวกค้าง）
● Sri Arun Plaza（ศรีอรุณพลาซ่า / กาดศรีอรุณ）
● 玛哈玛库特皇家大学兰纳校区第二分校（มหาวิทยาลัยมหามกุฏราชวิทยาลัย วิทยาเขตล้านนา แห่งที่ 2）
● Lotus Market Bo Sang (6433)（ห้างฯ โลตัส มาร์เก็ต บ่อสร้าง）
● Thip Noodle Factory（โรงงานก๋วยเตี๋ยวเส้นทิพย์）

🚪 家具与家电：
• 床
• 沙发
• 储物架
• 餐桌
• 冰箱
• 空调

บริษัท ที่ดีดี จำกัด | รับซื้อ | ขาย | เช่า อสังหาริมทรัพย์
•สำหรับนักลงทุน พร้อมหาผู้เช่า
•เช็คบูโร,แก้เคส,ทำเอกสาร,วิเคราะห์สินเชื่อฟรี
•รับจัดหาบ้าน,ที่ดิน,คอนโด,อสังหาริมทรัพย์
📌นัดชมได้ทุกวัน | รับ CO-AGENT
Line : @teedd (มี@)
Tel : 052-005-009

#ที่ดีดีเชียงใหม่ #บ้านเช่า
#บ้านเช่าเชียงใหม่ #คอนโดให้เช่าเชียงใหม่ #บ้านเชียงใหม่ #เช่าคอนโดเชียงใหม่ #หอพักเชียงใหม่ #บ้าน
#คอนโด #Condo"
https://baan.kaidee.com/product-371081372,"ราคา: 50,000
เนื้อที่: 78 ตารางเมตร | ห้องนอน 1 ห้องนอน | ห้องน้ำ 1 ห้องน้ำ | เนื้อที่ 78 ตารางเมตร | ชั้น 4 | อนุญาตให้เลี้ยงสัตว์ ไม่อนุญาต | เฟอร์นิเจอร์ ตกแต่งครบ | ปีที่สร้างเสร็จ 2023
ให้เช่าคอนโด Kasa Verdana ชั้น 4 โซนช้างเผือก อ.เมือง
Code: R2691

🏢 ให้เช่าคอนโด Kasa Verdana ชั้น 4 โซนช้างเผือก อ.เมือง
1 ห้องนอน 1 ห้องน้ำ
50,000 บาท/เดือน สัญญา 1 ปี
ประกัน 2 เดือน ล่วงหน้า 1 เดือน
📏 ขนาด 78 ตร.ม.

❌❌ไม่รับสัตว์เลี้ยง❌❌

📌สถานที่ใกล้เคียง
● โรงเรียนวัดช่างเคี่ยน
● โรงพยาบาลเชียงใหม่ ฮอสพิทอล
● มหาวิทยาลัยเชียงใหม่
● เมญ่า,นิมมาน
● ตลาดเทพมงคล
● ศูนย์ประชุมและแสดงสินค้านานาชาติ เชียงใหม่


🚪เฟอร์นิเจอร์
● เตียง
● แอร์
● โซฟา
● เครื่องทำน้ำอุ่น
● ตู้เย็น
● ทีวี


🏢 For Rent: Kasa Verdana Condo (4th Floor) — Chang Phueak, Mueang Chiang Mai
💸 Price: 50,000 THB/month (1-year contract)
🔐 Deposit: 2 months + 1 month in advance
📏 Size: 78 sq.m.
🛏️ 1 Bedroom
🛁 1 Bathroom
❌ No pets allowed
📌 Nearby Landmarks:
● Wat Chang Kian School
● Chiang Mai Hospital
● Chiang Mai University
● MAYA Lifestyle Shopping Center, Nimman Road
● Thep Mongkol Market
● Chiang Mai International Exhibition and Convention Centre

🛋️ Furniture & Appliances:
● Bed
● Air conditioner
● Sofa
● Water heater
● Refrigerator
● TV

🏢 出租 Kasa Verdana 公寓（4 楼）— Chang Phueak 区 · 清迈市中心
1 卧室 · 1 卫浴
月租 50,000 泰铢（一年合约）
押金 2 个月 + 预付 1 个月
📏 面积 78 平方米
❌❌ 不接受宠物 ❌❌

📌 附近地点：
● Wat Chang Kian 学校（โรงเรียนวัดช่างเคี่ยน）
● 清迈医院（Chiang Mai Hospital）
● 清迈大学（Chiang Mai University）
● Maya 商场 & Nimman 区
● Thepmongkol 市场（ตลาดเทพมงคล）
● 清迈国际会展中心（Chiang Mai International Exhibition and Convention Centre）

🚪 家具与电器：
● 床
● 空调
● 沙发
● 热水器
● 冰箱
● 电视

บริษัท ที่ดีดี จำกัด | รับซื้อ | ขาย | เช่า อสังหาริมทรัพย์
•สำหรับนักลงทุน พร้อมหาผู้เช่า
•เช็คบูโร,แก้เคส,ทำเอกสาร,วิเคราะห์สินเชื่อฟรี
•รับจัดหาบ้าน,ที่ดิน,คอนโด,อสังหาริมทรัพย์

📌นัดชมได้ทุกวัน | รับ CO-AGENT
Line : @teedd (มี@)
Tel : 052-005-009

#ที่ดีดีเชียงใหม่ #บ้านเช่า
#บ้านเช่าเชียงใหม่ #คอนโดให้เช่าเชียงใหม่ #บ้านเชียงใหม่ #เช่าคอนโดเชียงใหม่ #หอพักเชียงใหม่ #บ้าน
#คอนโด #Condo"
https://baan.kaidee.com/product-371081378,"ราคา: 50,000
เนื้อที่: 78 ตารางเมตร | ห้องนอน 1 ห้องนอน | ห้องน้ำ 1 ห้องน้ำ | เนื้อที่ 78 ตารางเมตร | ชั้น 3 | อนุญาตให้เลี้ยงสัตว์ ไม่อนุญาต | เฟอร์นิเจอร์ ตกแต่งครบ | ปีที่สร้างเสร็จ 2023
ให้เช่าคอนโด Kasa Verdana ชั้น 3 โซนช้างเผือก อ.เมือง
Code: R2690

🏢 ให้เช่าคอนโด Kasa Verdana ชั้น 3 โซนช้างเผือก อ.เมือง
1 ห้องนอน 1 ห้องน้ำ
50,000 บาท/เดือน สัญญา 1 ปี
ประกัน 2 เดือน ล่วงหน้า 1 เดือน
📏 ขนาด 78 ตร.ม.

❌❌ไม่รับสัตว์เลี้ยง❌❌

📌สถานที่ใกล้เคียง
● โรงเรียนวัดช่างเคี่ยน
● โรงพยาบาลเชียงใหม่ ฮอสพิทอล
● มหาวิทยาลัยเชียงใหม่
● เมญ่า,นิมมาน
● ตลาดเทพมงคล
● ศูนย์ประชุมและแสดงสินค้านานาชาติ เชียงใหม่


🚪เฟอร์นิเจอร์
● เตียง
● แอร์
● โซฟา
● เครื่องทำน้ำอุ่น
● ตู้เย็น
● ทีวี


🏢 For Rent: Kasa Verdana Condo (3st Floor) — Chang Phueak, Mueang Chiang Mai
💸 Price: 50,000 THB/month (1-year contract)
🔐 Deposit: 2 months + 1 month in advance
📏 Size: 78 sq.m.
🛏️ 1 Bedroom
🛁 1 Bathroom
❌ No pets allowed
📌 Nearby Landmarks:
● Wat Chang Kian School
● Chiang Mai Hospital
● Chiang Mai University
● MAYA Lifestyle Shopping Center, Nimman Road
● Thep Mongkol Market
● Chiang Mai International Exhibition and Convention Centre

🛋️ Furniture & Appliances:
● Bed
● Air conditioner
● Sofa
● Water heater
● Refrigerator
● TV

🏢 出租 Kasa Verdana 公寓（3 楼）— Chang Phueak 区 · 清迈市中心
1 卧室 · 1 卫浴
月租 50,000 泰铢（一年合约）
押金 2 个月 + 预付 1 个月
📏 面积 78 平方米
❌❌ 不接受宠物 ❌❌

📌 附近地点：
● Wat Chang Kian 学校（โรงเรียนวัดช่างเคี่ยน）
● 清迈医院（Chiang Mai Hospital）
● 清迈大学（Chiang Mai University）
● Maya 商场 & Nimman 区
● Thepmongkol 市场（ตลาดเทพมงคล）
● 清迈国际会展中心（Chiang Mai International Exhibition and Convention Centre）

🚪 家具与电器：
● 床
● 空调
● 沙发
● 热水器
● 冰箱
● 电视


บริษัท ที่ดีดี จำกัด | รับซื้อ | ขาย | เช่า อสังหาริมทรัพย์
•สำหรับนักลงทุน พร้อมหาผู้เช่า
•เช็คบูโร,แก้เคส,ทำเอกสาร,วิเคราะห์สินเชื่อฟรี
•รับจัดหาบ้าน,ที่ดิน,คอนโด,อสังหาริมทรัพย์

📌นัดชมได้ทุกวัน | รับ CO-AGENT
Line : @teedd (มี@)
Tel : 052-005-009

#ที่ดีดีเชียงใหม่ #บ้านเช่า
#บ้านเช่าเชียงใหม่ #คอนโดให้เช่าเชียงใหม่ #บ้านเชียงใหม่ #เช่าคอนโดเชียงใหม่ #หอพักเชียงใหม่ #บ้าน
#คอนโด #Condo"
https://baan.kaidee.com/product-371081385,"ราคา: 50,000
เนื้อที่: 78 ตารางเมตร | ห้องนอน 1 ห้องนอน | ห้องน้ำ 1 ห้องน้ำ | เนื้อที่ 78 ตารางเมตร | ชั้น 3 | อนุญาตให้เลี้ยงสัตว์ ไม่อนุญาต | เฟอร์นิเจอร์ ตกแต่งครบ | ปีที่สร้างเสร็จ 2023
ให้เช่าคอนโด Kasa Verdana ชั้น 3 โซนช้างเผือก อ.เมือง
Code: R2689

🏢 ให้เช่าคอนโด Kasa Verdana ชั้น 3 โซนช้างเผือก อ.เมือง
1 ห้องนอน 1 ห้องน้ำ
50,000 บาท/เดือน สัญญา 1 ปี
ประกัน 2 เดือน ล่วงหน้า 1 เดือน
📏 ขนาด 78 ตร.ม.

❌❌ไม่รับสัตว์เลี้ยง❌❌

📌สถานที่ใกล้เคียง
● โรงเรียนวัดช่างเคี่ยน
● โรงพยาบาลเชียงใหม่ ฮอสพิทอล
● มหาวิทยาลัยเชียงใหม่
● เมญ่า,นิมมาน
● ตลาดเทพมงคล
● ศูนย์ประชุมและแสดงสินค้านานาชาติ เชียงใหม่


🚪เฟอร์นิเจอร์
● เตียง
● แอร์
● โซฟา
● เครื่องทำน้ำอุ่น
● ตู้เย็น
● ทีวี


🏢 For Rent: Kasa Verdana Condo (3st Floor) — Chang Phueak, Mueang Chiang Mai
💸 Price: 50,000 THB/month (1-year contract)
🔐 Deposit: 2 months + 1 month in advance
📏 Size: 78 sq.m.
🛏️ 1 Bedroom
🛁 1 Bathroom
❌ No pets allowed
📌 Nearby Landmarks:
● Wat Chang Kian School
● Chiang Mai Hospital
● Chiang Mai University
● MAYA Lifestyle Shopping Center, Nimman Road
● Thep Mongkol Market
● Chiang Mai International Exhibition and Convention Centre

🛋️ Furniture & Appliances:
● Bed
● Air conditioner
● Sofa
● Water heater
● Refrigerator
● TV
🏢 出租 Kasa Verdana 公寓（3 楼）— Chang Phueak 区 · 清迈市中心
1 卧室 · 1 卫浴
月租 50,000 泰铢（一年合约）
押金 2 个月 + 预付 1 个月
📏 面积 78 平方米
❌❌ 不接受宠物 ❌❌

📌 附近地点：
● Wat Chang Kian 学校（โรงเรียนวัดช่างเคี่ยน）
● 清迈医院（Chiangmai Hospital）
● 清迈大学（Chiang Mai University）
● Maya 商场 & Nimman 区
● Thepmongkol 市场（ตลาดเทพมงคล）
● 清迈国际会展中心（Chiang Mai International Exhibition and Convention Centre）

🚪 家具与电器：
● 床
● 空调
● 沙发
● 热水器
● 冰箱
● 电视



บริษัท ที่ดีดี จำกัด | รับซื้อ | ขาย | เช่า อสังหาริมทรัพย์
•สำหรับนักลงทุน พร้อมหาผู้เช่า
•เช็คบูโร,แก้เคส,ทำเอกสาร,วิเคราะห์สินเชื่อฟรี
•รับจัดหาบ้าน,ที่ดิน,คอนโด,อสังหาริมทรัพย์

📌นัดชมได้ทุกวัน | รับ CO-AGENT
Line : @teedd (มี@)
Tel : 052-005-009

#ที่ดีดีเชียงใหม่ #บ้านเช่า
#บ้านเช่าเชียงใหม่ #คอนโดให้เช่าเชียงใหม่ #บ้านเชียงใหม่ #เช่าคอนโดเชียงใหม่ #หอพักเชียงใหม่ #บ้าน
#คอนโด #Condo"
https://baan.kaidee.com/product-371081392,"ราคา: 50,000
เนื้อที่: 78 ตารางเมตร | ห้องนอน 1 ห้องนอน | ห้องน้ำ 1 ห้องน้ำ | เนื้อที่ 78 ตารางเมตร | ชั้น 2 | อนุญาตให้เลี้ยงสัตว์ ไม่อนุญาต | เฟอร์นิเจอร์ ตกแต่งครบ | ปีที่สร้างเสร็จ 2023
ให้เช่าคอนโด Kasa Verdana ชั้น 2 โซนช้างเผือก อ.เมือง
Code: R2688

🏢 ให้เช่าคอนโด Kasa Verdana ชั้น 2 โซนช้างเผือก อ.เมือง
1 ห้องนอน 1 ห้องน้ำ
50,000 บาท/เดือน สัญญา 1 ปี
ประกัน 2 เดือน ล่วงหน้า 1 เดือน
📏 ขนาด 78 ตร.ม.

❌❌ไม่รับสัตว์เลี้ยง❌❌

📌สถานที่ใกล้เคียง
● โรงเรียนวัดช่างเคี่ยน
● โรงพยาบาลเชียงใหม่ ฮอสพิทอล
● มหาวิทยาลัยเชียงใหม่
● เมญ่า,นิมมาน
● ตลาดเทพมงคล
● ศูนย์ประชุมและแสดงสินค้านานาชาติ เชียงใหม่


🚪เฟอร์นิเจอร์
● เตียง
● แอร์
● โซฟา
● เครื่องทำน้ำอุ่น
● ตู้เย็น
● ทีวี


🏢 For Rent: Kasa Verdana Condo (2st Floor) — Chang Phueak, Mueang Chiang Mai
💸 Price: 50,000 THB/month (1-year contract)
🔐 Deposit: 2 months + 1 month in advance
📏 Size: 78 sq.m.
🛏️ 1 Bedroom
🛁 1 Bathroom
❌ No pets allowed
📌 Nearby Landmarks:
● Wat Chang Kian School
● Chiang Mai Hospital
● Chiang Mai University
● MAYA Lifestyle Shopping Center, Nimman Road
● Thep Mongkol Market
● Chiang Mai International Exhibition and Convention Centre

🛋️ Furniture & Appliances:
● Bed
● Air conditioner
● Sofa
● Water heater
● Refrigerator
● TV
🏢 出租 Kasa Verdana 公寓（2 楼）— Chang Phueak 区 · 清迈市中心
1 卧室 · 1 卫浴
月租 50,000 泰铢（一年合约）
押金 2 个月 + 预付 1 个月
📏 面积 78 平方米
❌❌ 不接受宠物 ❌❌

📌 附近地点：
● Wat Chang Kian 学校（โรงเรียนวัดช่างเคี่ยน）
● 清迈医院（Chiangmai Hospital）
● 清迈大学（Chiang Mai University）
● Maya 商场 & Nimman 区
● Thepmongkol 市场（ตลาดเทพมงคล）
● 清迈国际会展中心（Chiang Mai International Exhibition and Convention Centre）

🚪 家具与电器：
● 床
● 空调
● 沙发
● 热水器
● 冰箱
● 电视



บริษัท ที่ดีดี จำกัด | รับซื้อ | ขาย | เช่า อสังหาริมทรัพย์
•สำหรับนักลงทุน พร้อมหาผู้เช่า
•เช็คบูโร,แก้เคส,ทำเอกสาร,วิเคราะห์สินเชื่อฟรี
•รับจัดหาบ้าน,ที่ดิน,คอนโด,อสังหาริมทรัพย์

📌นัดชมได้ทุกวัน | รับ CO-AGENT
Line : @teedd (มี@)
Tel : 052-005-009

#ที่ดีดีเชียงใหม่ #บ้านเช่า
#บ้านเช่าเชียงใหม่ #คอนโดให้เช่าเชียงใหม่ #บ้านเชียงใหม่ #เช่าคอนโดเชียงใหม่ #หอพักเชียงใหม่ #บ้าน
#คอนโด #Condo"
https://baan.kaidee.com/product-371081398,"ราคา: 50,000
เนื้อที่: 78 | ห้องนอน 1 ห้องนอน | ห้องน้ำ 1 ห้องน้ำ | เนื้อที่ 78 | ชั้น 2 | อนุญาตให้เลี้ยงสัตว์ ไม่อนุญาต | เฟอร์นิเจอร์ ตกแต่งครบ | ปีที่สร้างเสร็จ 2023
ให้เช่าคอนโด Kasa Verdana ชั้น 2 โซนช้างเผือก อ.เมือง
Code: R2687

🏢 ให้เช่าคอนโด Kasa Verdana ชั้น 2 โซนช้างเผือก อ.เมือง
1 ห้องนอน 1 ห้องน้ำ
50,000 บาท/เดือน สัญญา 1 ปี
ประกัน 2 เดือน ล่วงหน้า 1 เดือน
📏 ขนาด 78 ตร.ม.

❌❌ไม่รับสัตว์เลี้ยง❌❌

📌สถานที่ใกล้เคียง
● โรงเรียนวัดช่างเคี่ยน
● โรงพยาบาลเชียงใหม่ ฮอสพิทอล
● มหาวิทยาลัยเชียงใหม่
● เมญ่า,นิมมาน
● ตลาดเทพมงคล
● ศูนย์ประชุมและแสดงสินค้านานาชาติ เชียงใหม่


🚪เฟอร์นิเจอร์
● เตียง
● แอร์
● โซฟา
● เครื่องทำน้ำอุ่น
● ตู้เย็น
● ทีวี


🏢 For Rent: Kasa Verdana Condo (2st Floor) — Chang Phueak, Mueang Chiang Mai
💸 Price: 50,000 THB/month (1-year contract)
🔐 Deposit: 2 months + 1 month in advance
📏 Size: 78 sq.m.
🛏️ 1 Bedroom
🛁 1 Bathroom
❌ No pets allowed
📌 Nearby Landmarks:
● Wat Chang Kian School
● Chiang Mai Hospital
● Chiang Mai University
● MAYA Lifestyle Shopping Center, Nimman Road
● Thep Mongkol Market
● Chiang Mai International Exhibition and Convention Centre

🛋️ Furniture & Appliances:
● Bed
● Air conditioner
● Sofa
● Water heater
● Refrigerator
● TV
🏢 出租 Kasa Verdana 公寓（2 楼）— Chang Phueak 区 · 清迈市中心
1 卧室 · 1 卫浴
月租 50,000 泰铢（一年合约）
押金 2 个月 + 预付 1 个月
📏 面积 78 平方米
❌❌ 不接受宠物 ❌❌

📌 附近地点：
● Wat Chang Kian 学校（โรงเรียนวัดช่างเคี่ยน）
● 清迈医院（Chiangmai Hospital）
● 清迈大学（Chiang Mai University）
● Maya 商场 & Nimman 区
● Thepmongkol 市场（ตลาดเทพมงคล）
● 清迈国际会展中心（Chiang Mai International Exhibition and Convention Centre）

🚪 家具与电器：
● 床
● 空调
● 沙发
● 热水器
● 冰箱
● 电视




บริษัท ที่ดีดี จำกัด | รับซื้อ | ขาย | เช่า อสังหาริมทรัพย์
•สำหรับนักลงทุน พร้อมหาผู้เช่า
•เช็คบูโร,แก้เคส,ทำเอกสาร,วิเคราะห์สินเชื่อฟรี
•รับจัดหาบ้าน,ที่ดิน,คอนโด,อสังหาริมทรัพย์

📌นัดชมได้ทุกวัน | รับ CO-AGENT
Line : @teedd (มี@)
Tel : 052-005-009

#ที่ดีดีเชียงใหม่ #บ้านเช่า
#บ้านเช่าเชียงใหม่ #คอนโดให้เช่าเชียงใหม่ #บ้านเชียงใหม่ #เช่าคอนโดเชียงใหม่ #หอพักเชียงใหม่ #บ้าน
#คอนโด #Condo"
https://baan.kaidee.com/product-371081404,"ราคา: 50,000
เนื้อที่: 78 ตารางเมตร | ห้องนอน 1 ห้องนอน | ห้องน้ำ 1 ห้องน้ำ | เนื้อที่ 78 ตารางเมตร | ชั้น 2 | อนุญาตให้เลี้ยงสัตว์ ไม่อนุญาต | เฟอร์นิเจอร์ ตกแต่งครบ | ปีที่สร้างเสร็จ 2023
ให้เช่าคอนโด Kasa Verdana ชั้น 2 โซนช้างเผือก อ.เมือง
Code: R2686

🏢 ให้เช่าคอนโด Kasa Verdana ชั้น 2 โซนช้างเผือก อ.เมือง
1 ห้องนอน 1 ห้องน้ำ
50,000 บาท/เดือน สัญญา 1 ปี
ประกัน 2 เดือน ล่วงหน้า 1 เดือน
📏 ขนาด 78 ตร.ม.

❌❌ไม่รับสัตว์เลี้ยง❌❌

📌สถานที่ใกล้เคียง
● โรงเรียนวัดช่างเคี่ยน
● โรงพยาบาลเชียงใหม่ ฮอสพิทอล
● มหาวิทยาลัยเชียงใหม่
● เมญ่า,นิมมาน
● ตลาดเทพมงคล
● ศูนย์ประชุมและแสดงสินค้านานาชาติ เชียงใหม่


🚪เฟอร์นิเจอร์
● เตียง
● แอร์
● โซฟา
● เครื่องทำน้ำอุ่น
● ตู้เย็น
● ทีวี


🏢 For Rent: Kasa Verdana Condo (2st Floor) — Chang Phueak, Mueang Chiang Mai
💸 Price: 50,000 THB/month (1-year contract)
🔐 Deposit: 2 months + 1 month in advance
📏 Size: 78 sq.m.
🛏️ 1 Bedroom
🛁 1 Bathroom
❌ No pets allowed
📌 Nearby Landmarks:
● Wat Chang Kian School
● Chiang Mai Hospital
● Chiang Mai University
● MAYA Lifestyle Shopping Center, Nimman Road
● Thep Mongkol Market
● Chiang Mai International Exhibition and Convention Centre

🛋️ Furniture & Appliances:
● Bed
● Air conditioner
● Sofa
● Water heater
● Refrigerator
● TV
🏢 出租 Kasa Verdana 公寓（2 楼）— Chang Phueak 区 · 清迈市中心
1 卧室 · 1 卫浴
月租 50,000 泰铢（一年合约）
押金 2 个月 + 预付 1 个月
📏 面积 78 平方米
❌❌ 不接受宠物 ❌❌
📌 附近地点：
● Wat Chang Kian 学校（โรงเรียนวัดช่างเคี่ยน）
● 清迈医院（Chiangmai Hospital）
● 清迈大学（Chiang Mai University）
● Maya 商场 & Nimman 区
● Thepmongkol 市场（ตลาดเทพมงคล）
● 清迈国际会展中心（Chiang Mai International Exhibition and Convention Centre）
🚪 家具与电器：
● 床
● 空调
● 沙发
● 热水器
● 冰箱
● 电视


บริษัท ที่ดีดี จำกัด | รับซื้อ | ขาย | เช่า อสังหาริมทรัพย์
•สำหรับนักลงทุน พร้อมหาผู้เช่า
•เช็คบูโร,แก้เคส,ทำเอกสาร,วิเคราะห์สินเชื่อฟรี
•รับจัดหาบ้าน,ที่ดิน,คอนโด,อสังหาริมทรัพย์

📌นัดชมได้ทุกวัน | รับ CO-AGENT
Line : @teedd (มี@)
Tel : 052-005-009

#ที่ดีดีเชียงใหม่ #บ้านเช่า
#บ้านเช่าเชียงใหม่ #คอนโดให้เช่าเชียงใหม่ #บ้านเชียงใหม่ #เช่าคอนโดเชียงใหม่ #หอพักเชียงใหม่ #บ้าน
#คอนโด #Condo"
https://baan.kaidee.com/product-371081434,"ราคา: 40,000
เนื้อที่: 50 ตารางเมตร | ห้องนอน 1 ห้องนอน | ห้องน้ำ 1 ห้องน้ำ | เนื้อที่ 50 ตารางเมตร | ชั้น 3 | อนุญาตให้เลี้ยงสัตว์ ไม่อนุญาต | เฟอร์นิเจอร์ ตกแต่งครบ | ปีที่สร้างเสร็จ 2023
ให้เช่าคอนโด Kasa Verdana ชั้น 3 โซนช้างเผือก อ.เมือง
Code: R2685

🏢 ให้เช่าคอนโด Kasa Verdana ชั้น 3 โซนช้างเผือก อ.เมือง
1 ห้องนอน 1 ห้องน้ำ
40,000 บาท/เดือน สัญญา 1 ปี
ประกัน 2 เดือน ล่วงหน้า 1 เดือน
📏 ขนาด 50 ตร.ม.

❌❌ไม่รับสัตว์เลี้ยง❌❌

📌สถานที่ใกล้เคียง
● โรงเรียนวัดช่างเคี่ยน
● โรงพยาบาลเชียงใหม่ ฮอสพิทอล
● มหาวิทยาลัยเชียงใหม่
● เมญ่า,นิมมาน
● ตลาดเทพมงคล
● ศูนย์ประชุมและแสดงสินค้านานาชาติ เชียงใหม่


🚪เฟอร์นิเจอร์
● -เตียง
● -แอร์
● -โซฟา
● -เครื่องทำน้ำอุ่น
● -ตู้เย็น
● -ทีวี


🏢 For Rent: Kasa Verdana Condo (1st Floor) — Chang Phueak, Mueang Chiang Mai
💸 Price: 40,000 THB/month (1-year contract)
🔐 Deposit: 2 months + 1 month in advance
📏 Size: 50 sq.m.
🛏️ 1 Bedroom
🛁 1 Bathroom
❌ No pets allowed
📌 Nearby Landmarks:
● Wat Chang Kian School
● Chiang Mai Hospital
● Chiang Mai University
● MAYA Lifestyle Shopping Center, Nimman Road
● Thep Mongkol Market
● Chiang Mai International Exhibition and Convention Centre

🛋️ Furniture & Appliances:
● Bed
● Air conditioner
● Sofa
● Water heater
● Refrigerator
● TV
🏢 出租 Kasa Verdana 公寓（3 楼）— Chang Phueak 区 · 清迈市中心
1 卧室 · 1 卫浴
月租 40,000 泰铢（一年合约）
押金 2 个月 + 预付 1 个月
📏 面积 50 平方米
❌❌ 不接受宠物 ❌❌

📌 附近地点：
● Wat Chang Kian 学校（โรงเรียนวัดช่างเคี่ยน）
● 清迈医院（Chiangmai Hospital）
● 清迈大学（Chiang Mai University）
● Maya 商场 & Nimman 区
● Thepmongkol 市场（ตลาดเทพมงคล）
● 清迈国际会展中心（Chiang Mai International Exhibition and Convention Centre）

🚪 家具与电器：
● 床
● 空调
● 沙发
● 热水器
● 冰箱
● 电视


บริษัท ที่ดีดี จำกัด | รับซื้อ | ขาย | เช่า อสังหาริมทรัพย์
•สำหรับนักลงทุน พร้อมหาผู้เช่า
•เช็คบูโร,แก้เคส,ทำเอกสาร,วิเคราะห์สินเชื่อฟรี
•รับจัดหาบ้าน,ที่ดิน,คอนโด,อสังหาริมทรัพย์

📌นัดชมได้ทุกวัน | รับ CO-AGENT
Line : @teedd (มี@)
Tel : 052-005-009

#ที่ดีดีเชียงใหม่ #บ้านเช่า
#บ้านเช่าเชียงใหม่ #คอนโดให้เช่าเชียงใหม่ #บ้านเชียงใหม่ #เช่าคอนโดเชียงใหม่ #หอพักเชียงใหม่ #บ้าน
#คอนโด #Condo"
https://baan.kaidee.com/product-371081491,"ราคา: 40,000
เนื้อที่: 50 ตารางเมตร | ห้องนอน 1 ห้องนอน | ห้องน้ำ 1 ห้องน้ำ | เนื้อที่ 50 ตารางเมตร | ชั้น 2 | อนุญาตให้เลี้ยงสัตว์ ไม่อนุญาต | เฟอร์นิเจอร์ ตกแต่งครบ | ปีที่สร้างเสร็จ 2023
ให้เช่าคอนโด Kasa Verdana ชั้น 2 โซนช้างเผือก อ.เมือง
Code: R2684

🏢 ให้เช่าคอนโด Kasa Verdana ชั้น 2 โซนช้างเผือก อ.เมือง
1 ห้องนอน 1 ห้องน้ำ
40,000 บาท/เดือน สัญญา 1 ปี
ประกัน 2 เดือน ล่วงหน้า 1 เดือน
📏 ขนาด 50 ตร.ม.

❌❌ไม่รับสัตว์เลี้ยง❌❌

📌สถานที่ใกล้เคียง
● โรงเรียนวัดช่างเคี่ยน
● โรงพยาบาลเชียงใหม่ ฮอสพิทอล
● มหาวิทยาลัยเชียงใหม่
● เมญ่า,นิมมาน
● ตลาดเทพมงคล
● ศูนย์ประชุมและแสดงสินค้านานาชาติ เชียงใหม่


🚪เฟอร์นิเจอร์
● -เตียง
● -แอร์
● -โซฟา
● -เครื่องทำน้ำอุ่น
● -ตู้เย็น
● -ทีวี


🏢 For Rent: Kasa Verdana Condo (1st Floor) — Chang Phueak, Mueang Chiang Mai
💸 Price: 40,000 THB/month (1-year contract)
🔐 Deposit: 2 months + 1 month in advance
📏 Size: 50 sq.m.
🛏️ 1 Bedroom
🛁 1 Bathroom
❌ No pets allowed
📌 Nearby Landmarks:
● Wat Chang Kian School
● Chiang Mai Hospital
● Chiang Mai University
● MAYA Lifestyle Shopping Center, Nimman Road
● Thep Mongkol Market
● Chiang Mai International Exhibition and Convention Centre

🛋️ Furniture & Appliances:
● Bed
● Air conditioner
● Sofa
● Water heater
● Refrigerator
● TV

🏢 出租 Kasa Verdana 公寓（2 楼）— Chang Phueak 区 · 清迈市中心
1 卧室 · 1 卫浴
月租 40,000 泰铢（一年合约）
押金 2 个月 + 预付 1 个月
📏 面积 50 平方米
❌❌ 不接受宠物 ❌❌

📌 附近地点：
● Wat Chang Kian 学校（โรงเรียนวัดช่างเคี่ยน）
● 清迈医院（Chiangmai Hospital）
● 清迈大学（Chiang Mai University）
● Maya 商场 & Nimman 区
● Thepmongkol 市场（ตลาดเทพมงคล）
● 清迈国际会展中心（Chiang Mai International Exhibition and Convention Centre）

🚪 家具与电器
● 床
● 空调
● 沙发
● 热水器
● 冰箱
● 电视

บริษัท ที่ดีดี จำกัด | รับซื้อ | ขาย | เช่า อสังหาริมทรัพย์
•สำหรับนักลงทุน พร้อมหาผู้เช่า
•เช็คบูโร,แก้เคส,ทำเอกสาร,วิเคราะห์สินเชื่อฟรี
•รับจัดหาบ้าน,ที่ดิน,คอนโด,อสังหาริมทรัพย์

📌นัดชมได้ทุกวัน | รับ CO-AGENT
Line : @teedd (มี@)
Tel : 052-005-009

#ที่ดีดีเชียงใหม่ #บ้านเช่า
#บ้านเช่าเชียงใหม่ #คอนโดให้เช่าเชียงใหม่ #บ้านเชียงใหม่ #เช่าคอนโดเชียงใหม่ #หอพักเชียงใหม่ #บ้าน
#คอนโด #Condo"
https://baan.kaidee.com/product-371081501,"ราคา: 40,000
เนื้อที่: 50 ตารางเมตร | ห้องนอน 1 ห้องนอน | ห้องน้ำ 1 ห้องน้ำ | เนื้อที่ 50 ตารางเมตร | ชั้น 2 | อนุญาตให้เลี้ยงสัตว์ ไม่อนุญาต | เฟอร์นิเจอร์ ตกแต่งครบ | ปีที่สร้างเสร็จ 2023
ให้เช่าคอนโด Kasa Verdana ชั้น 2 โซนช้างเผือก อ.เมือง
Code: R2683

🏢 ให้เช่าคอนโด Kasa Verdana ชั้น 2 โซนช้างเผือก อ.เมือง
1 ห้องนอน 1 ห้องน้ำ
40,000 บาท/เดือน สัญญา 1 ปี
ประกัน 2 เดือน ล่วงหน้า 1 เดือน
📏 ขนาด 50 ตร.ม.

❌❌ไม่รับสัตว์เลี้ยง❌❌

📌สถานที่ใกล้เคียง
● โรงเรียนวัดช่างเคี่ยน
● โรงพยาบาลเชียงใหม่ ฮอสพิทอล
● มหาวิทยาลัยเชียงใหม่
● เมญ่า,นิมมาน
● ตลาดเทพมงคล
● ศูนย์ประชุมและแสดงสินค้านานาชาติ เชียงใหม่


🚪เฟอร์นิเจอร์
● -เตียง
● -แอร์
● -โซฟา
● -เครื่องทำน้ำอุ่น
● -ตู้เย็น
● -ทีวี


🏢 For Rent: Kasa Verdana Condo (1st Floor) — Chang Phueak, Mueang Chiang Mai
💸 Price: 40,000 THB/month (1-year contract)
🔐 Deposit: 2 months + 1 month in advance
📏 Size: 50 sq.m.
🛏️ 1 Bedroom
🛁 1 Bathroom
❌ No pets allowed
📌 Nearby Landmarks:
● Wat Chang Kian School
● Chiang Mai Hospital
● Chiang Mai University
● MAYA Lifestyle Shopping Center, Nimman Road
● Thep Mongkol Market
● Chiang Mai International Exhibition and Convention Centre

🛋️ Furniture & Appliances:
● Bed
● Air conditioner
● Sofa
● Water heater
● Refrigerator
● TV
🏢 出租 Kasa Verdana 公寓（2 楼）— Chang Phueak · 清迈市
1 卧室 · 1 卫浴
月租 40,000 泰铢（一年合约）
押金 2 个月 + 预付 1 个月
📏 面积 50 平方米
❌❌ 不接受宠物 ❌❌

📌 附近地点：
● Wat Chang Kian 学校
● Chiangmai Hospital（清迈医院）
● 清迈大学
● Maya 商场 & Nimman 区
● Thepmongkol 市场
● 清迈国际会议与展览中心

🚪 家具与电器：
● 床
● 空调
● 沙发
● 热水器
● 冰箱
● 电视

บริษัท ที่ดีดี จำกัด | รับซื้อ | ขาย | เช่า อสังหาริมทรัพย์
•สำหรับนักลงทุน พร้อมหาผู้เช่า
•เช็คบูโร,แก้เคส,ทำเอกสาร,วิเคราะห์สินเชื่อฟรี
•รับจัดหาบ้าน,ที่ดิน,คอนโด,อสังหาริมทรัพย์

📌นัดชมได้ทุกวัน | รับ CO-AGENT
Line : @teedd (มี@)
Tel : 052-005-009

#ที่ดีดีเชียงใหม่ #บ้านเช่า
#บ้านเช่าเชียงใหม่ #คอนโดให้เช่าเชียงใหม่ #บ้านเชียงใหม่ #เช่าคอนโดเชียงใหม่ #หอพักเชียงใหม่ #บ้าน
#คอนโด #Condo"
https://baan.kaidee.com/product-371081515,"ราคา: 40,000
เนื้อที่: 50 ตารางเมตร | ห้องนอน 1 ห้องนอน | ห้องน้ำ 1 ห้องน้ำ | เนื้อที่ 50 ตารางเมตร | ชั้น 1 | อนุญาตให้เลี้ยงสัตว์ ไม่อนุญาต | เฟอร์นิเจอร์ ตกแต่งครบ | ปีที่สร้างเสร็จ 2023
ให้เช่าคอนโด Kasa Verdana ชั้น 1 โซนช้างเผือก อ.เมือง
🏢 ให้เช่าคอนโด Kasa Verdana ชั้น 1 โซนช้างเผือก อ.เมือง
1 ห้องนอน 1 ห้องน้ำ
40,000 บาท/เดือน สัญญา 1 ปี
ประกัน 2 เดือน ล่วงหน้า 1 เดือน
📏 ขนาด 50 ตร.ม.

❌❌ไม่รับสัตว์เลี้ยง❌❌

📌สถานที่ใกล้เคียง
● โรงเรียนวัดช่างเคี่ยน
● โรงพยาบาลเชียงใหม่ ฮอสพิทอล
● มหาวิทยาลัยเชียงใหม่
● เมญ่า,นิมมาน
● ตลาดเทพมงคล
● ศูนย์ประชุมและแสดงสินค้านานาชาติ เชียงใหม่


🚪เฟอร์นิเจอร์
● -เตียง
● -แอร์
● -โซฟา
● -เครื่องทำน้ำอุ่น
● -ตู้เย็น
● -ทีวี


🏢 For Rent: Kasa Verdana Condo (1st Floor) — Chang Phueak, Mueang Chiang Mai
💸 Price: 40,000 THB/month (1-year contract)
🔐 Deposit: 2 months + 1 month in advance
📏 Size: 50 sq.m.
🛏️ 1 Bedroom
🛁 1 Bathroom
❌ No pets allowed
📌 Nearby Landmarks:
● Wat Chang Kian School
● Chiang Mai Hospital
● Chiang Mai University
● MAYA Lifestyle Shopping Center, Nimman Road
● Thep Mongkol Market
● Chiang Mai International Exhibition and Convention Centre

🛋️ Furniture & Appliances:
● Bed
● Air conditioner
● Sofa
● Water heater
● Refrigerator
● TV
🏢 出租 Kasa Verdana 公寓（1 楼）— Chang Phueak · 清迈市
1 卧室 · 1 卫浴
月租 40,000 泰铢（一年合约）
押金 2 个月 + 预付 1 个月
📏 面积 50 平方米
❌❌ 不接受宠物 ❌❌

📌 附近地点：
● Wat Chang Kian 学校
● Chiangmai Hospital（โรงพยาบาลเชียงใหม่ ฮอสพิทอล）
● 清迈大学
● Maya 商场 & Nimman 区
● Thepmongkol 市场
● 清迈国际会展中心（Chiang Mai International Exhibition and Convention Centre）

🚪 家具与电器：
● 床
● 空调
● 沙发
● 热水器
● 冰箱
● 电视

Code: R2682

บริษัท ที่ดีดี จำกัด | รับซื้อ | ขาย | เช่า อสังหาริมทรัพย์
•สำหรับนักลงทุน พร้อมหาผู้เช่า
•เช็คบูโร,แก้เคส,ทำเอกสาร,วิเคราะห์สินเชื่อฟรี
•รับจัดหาบ้าน,ที่ดิน,คอนโด,อสังหาริมทรัพย์

📌นัดชมได้ทุกวัน | รับ CO-AGENT
Line : @teedd (มี@)
Tel : 052-005-009

#ที่ดีดีเชียงใหม่ #บ้านเช่า
#บ้านเช่าเชียงใหม่ #คอนโดให้เช่าเชียงใหม่ #บ้านเชียงใหม่ #เช่าคอนโดเชียงใหม่ #หอพักเชียงใหม่ #บ้าน
#คอนโด #Condo"
https://baan.kaidee.com/product-371081540,"ราคา: 1,950,000
เนื้อที่: 65 ตารางวา | เนื้อที่ 65 ตารางวา | ห้องนอน 3 | ห้องน้ำ 2
ขายบ้านสร้างใหม่
บ้านใหม่พร้อมอยู่อาศัย เนื้อที่ 65 ตารางวา 3 ห้องนอน 2 ห้องน้ำ มีตู้เสื้อผ้าบิวอิ้นและผ้าม่านทุกห้องหน้าบ้านมีตู้ใส่ของใช้นั่งเล่นได้ อยู่หลังวัดช่างเคิ่ง อ.สารภี ถนนเชียงใหม่-ลำพูน เข้าซอยไปประมาณ 500 เมตร ใกล้โรงพยาบาล ตลาด เดินทางสะดวก พี่ชายเจ้าของบ้านคุยง่าย ใจดี สอบถามได้ครับ"
https://baan.kaidee.com/product-371081559,"ราคา: 5,400,000
เนื้อที่: 4 ไร่ | เนื้อที่ 4 ไร่
ที่ดิน อ.เชียงดาว จ.เชียงใหม่ วิวดอยหลวง 4 ไร่ 🔥 5.4 ล้าน 🔥
ที่ดิน อ.เชียงดาว #เชียงใหม่ วิวดอยหลวง ⛰✨
เนื้อที่ 4 ไร่ 🔥 ราคาดี เจ้าของอยากขาย 🔥

📌 โฉนดครุฑแดง พร้อมโอน
📌 ราคา 5.4 ล้าน (ไร่ละ 1.35 ล้าน) 🔥 #ต่อรองได้ 🔥
📌 เจ้าของรับผิดชอบค่าโอนค่ะ

📣 #รับนายหน้า 3% (ถ้าปิดการขายได้เร็ว มีเพิ่มให้ค่ะ)

✅ ห่างจากตัวเมืองเชียงใหม่แค่ 1 ชั่วโมงครึ่ง
✅ จากถนน หน้าสกร.อำเภอเชียงดาว เข้าซอยมา 800 ม. / 2 นาที
✅ ใกล้ตลาด โลตัส ร้านอาหาร ร้านแฟมากมาย 1-1.5 กม.
✅ ห่างจากที่ว่าการอำเภอเชียงดาว แค่ 1.1 กม.
✅ เห็นวิวดอยหลวง และ ดอยนาง เต็มๆ 😍

ที่ดินแปลงสวย เหมาะจะปลูกบ้านพัก บ้านสวน ทำรีสอร์ท หรือจะทำการเกษตรก็ได้ค่ะ 💙

📞 สอบถามข้อมูลเพิ่มเติมกับเจ้าของโดยตรง
ทักแชท Facebook : Pitchaya Phoomsawat (คุณปิง)
หรือแอดไลน์ด้วย QR Code ในรูปที่แนบมา 💚
หรือนัดชมที่ดินกับคุณขจร โทร 084-366-9987"
https://baan.kaidee.com/product-371081926,"ราคา: 160,000
เนื้อที่: 70 ตารางวา | เนื้อที่ 70 ตารางวา
ที่ดินสวยๆถูกๆ160,000เท่านั้น
‼️ด่วน‼️
เจ้าของขายเอง
ที่ดินเปล่า 70 ตารางวา
‼️ลดราคาพิเศษ‼️
160,000 บาทเท่านั้น
(ราคานี้มีเวลาจำกัดครับ)
✅️ โฉนดครุฑแดง
✅️ บ้านห้วยโจ้ ต.ดอยหล่อ
อ.ดอยหล่อ จ.เชียงใหม่
✅️ ติดกับเพื่อนบ้าน
✅️ อยู่หลังโรงเรียนดอยหล่อวิทยา
✅️ ติดถนนเส้นหลังโรงเรียนดอยหล่อ
วิทยา
✅️ น้ำ ไฟ เข้าถึง สะดวก
✅️ ไกล้กับสถานีตรวจสอบน้ำหนัก.
ดอยหล่อ
✅ ️ไกล้ถนนสายหลัก เชียงใหม่-ฮอด
ประมาณ200เมตรเท่านั้น
☎️ ติดต่อ 080-6415663"
https://baan.kaidee.com/product-371082065,"ราคา: 20,000
เนื้อที่: 809 ตารางวา | เนื้อที่ 809 ตารางวา | เป็นทรัพย์รอการขาย ใช่
ขายที่ดินถมแล้ว อ.สันทราย จ.เชียงใหม่ พร้อมโฉนดครุฑแดง (2 ไร่ 9 ตรว.) ใกล้ ตลาดแม่โจ้, รพ.สันทราย, มหาลัยแม่โจ้ (เจ้าของขายเอง)
++ ขายที่ดินพร้อมโฉนด อ.สันทราย จ.เชียงใหม่ | Land For Sale!!! ++

ขายที่ดินถมแล้ว จ.เชียงใหม่ พร้อมโฉนดครุฑแดง (2 ไร่ 9 ตรว.) ใกล้ รพ.สันทราย, มหาวิทยาลัยแม่โจ้, ตลาดแม่โจ้ (เจ้าของขายเอง)

ที่ดินสวยมากค่ะ ด้านหน้าติดถนน ด้านหลังติดคลองแม่น้ำคาวสะอาดใส มองเห็นวิวทิวทัศน์ภูเขาอยู่ด้านหลังด้วย บรรยากาศบริสุทธิ์เป็นธรรมชาติมากๆ เหมาะสำหรับคนที่รักธรรมชาติเงียบสงบหลับสบาย และอยู่ใกล้แหล่งชุมชน

พื่นที่ถมแล้ว หน้าดินอุดมสมบรูณ์มากๆ ปลูกอะไรก็ขึ้น ทำสวน ทำไร่ ทำนาได้หมด จะปลูกบ้าน ทำรีสอร์ท ทำร้านค้าหรือร้านกาแฟแนวธรรมชาติก็ได้ หรือจะทำสถานปฏิบัติธรรม หรือจะทำจัดสรรขายก็ได้

มีไฟฟ้า น้ำประปา ใกล้แหล่งชุมชน อาทิเช่น รพ.สันทราย, ม.แม่โจ้, ตลาดแม่โจ้, เทศบาลแม่โจ้, ตำรวจ, กู้ภัย, โรงเรียน, วัดห้วยเกี๋ยง, โลตัส Express, ธนาคาร, ที่ส่งพัสดุ, ขนส่ง ฯลฯ

ตรว.ละ 20,000 บาท (2 ไร่ 9 ตรว.= 16,180,000 บาท)

**สนใจติดต่อ :
คุณเก๋ 093-625-9925
(เจ้าของขายเอง)"
https://baan.kaidee.com/product-371082072,"ราคา: 5,700,000
เนื้อที่: 17.1 ตารางวา | เนื้อที่ 17.1 ตารางวา
เหมาะสำหรับนักลงทุนขายต่ำกว่าราคาตลาด ตึกแถว 5 ชั้นโซนช้างคลาน เจริญประเทศ
พิกัดที่ดิน : ตึกแถว 5 ชั้น ใกล้โรงเรียนมงฟอร์ตประถม ถ.เจริญประเทศ ต.ช้างคลาน อ.เมือง จ.เชียงใหม่
-เจ้าของขายเอง ขายด่วน!!!ตึกแถว 5 ชั้น บนเนื้อที่ 17.1 ตรว.พื้นที่ใช้สอย 320 ตรม.
-ด้านหน้าตึกกว้าง 4 เมตร ติดถนนเจริญประเทศ
-ตัวตึกยาว(ลึก) 18 เมตร
-1 ห้องโถงใหญ่,3 ห้องนอน,4 ห้องน้ำ,1 ห้องครัว,1 ที่จอดรถยนต์หน้าตึก,ดาดฟ้าบนชั้น 5 มองเห็นวิวดอยสุเทพ
-ทำเลดี ใกล้โรงเรียนมงฟอร์ตประถมเพียง 50 เมตร เดินไปโรงเรียนได้ ,ใกล้ รพ.ราชเวช,รพ.เซ็นทรัลเชียงใหม่ เมมโมเรียล,แอดเคิร์ฟ ,KFC ,เซเว่น
-ต่อยอดทำธุรกิจได้หลายประเภท เช่น สถาบันกวดวิชา คลีนิค ร้านขายยา คาเฟ่ ร้านอาหาร โฮสเทล ช้อปเฮ้าส์ ร้านค้า ร้านขายของฝาก ของที่ระลึก
“ราคาขาย 5.7 ล้านบาท”(ค่าโอน ค่าภาษี ค่าธรรมเนียม = คนละครึ่ง )
**ต่อรองราคาได้เจ้าของขายเอง
**ยินดีรับนายหน้าให้ 3%
โทร. 094-624-7879 (Line)"
https://baan.kaidee.com/product-371082305,"ราคา: 1,350,000
เนื้อที่: 30 ตารางเมตร | เนื้อที่ 30 ตารางเมตร | ห้องนอน 1 ห้องนอน | ห้องน้ำ 1 ห้องน้ำ | ชั้น 7 | เฟอร์นิเจอร์ ตกแต่งครบ
ห้องชุดรีโนเวทใหม่ ซีรีโน่ คอนโด ชั้น 7
ลดจาก 1.45 เหลือ 1.35 ลบ
#ราคาพิเศษ 1.35 ล.
🔥🔥 ใหม่ ห้องชุดรีโนเวทใหม่ ซีรีโน่ คอนโด ชั้น 7 พื้นที่ 30 ตรม. รวมระเบียง #วิวสวย #ดอยสุเทพ อยู่ซอยชมจันทร์ตรงข้ามเซ็นทรัลแอร์พอร์ต

กั้นห้องนอน แบ่งสัดส่วน สะดวก
👍 ตกแต่งทันสมัย เหมาะกับคนยุคใหม่
👍 Digital Door Lock สแกนใบหน้า/สแกนนิ้ว
👍 ติดเมือง ใกล้ห้างโรบินสัน และสนามบินเชียงใหม่
👍 โครงการมีความปลอดภัยด้วยระบบคีย์การ์ดเข้าตึก

🔥ฟรี เฟอร์นิเจอร์ และเครื่องใช้ไฟฟ้า
✔️ บิ้วอินชั้นทีวี พร้อมเตาผิงไฟ สวยๆ
✔️ Smart TV 4K 55"" นิ้ว
✔️ แอร์ 1 เครื่อง
✔️ บิ้วอินชุดครัวพร้อมเตาไฟฟ้า และฮูดดูดควัน
✔️ ไมโครเวฟ
✔️ ตู้เย็น 2 ประตู
✔️ เครื่องซักผ้าฝาหน้า-อบ จบในเครื่องเดียว
✔️ เครื่องทำน้ำอุ่น พร้อมชุดเรนชาวเวอร์
✔️ เตียง 5 ฟุต พร้อมชุดเครื่องนอน
✔️ ตู้เสื้อผ้า
✔️ โซฟากว้าง 3 ที่นั่ง
✔️ ชุดโต๊ะอาหาร
✔️ และอื่นๆ

📍📍 ที่ตั้ง 📍📍
2 นาที ถึง Central Chiangmai Airport
2 นาที ถึง Lotus หางดง
4 นาที ถึง Big C หางดง, มีโชคพลาซ่า, รวมโชคมอล
5 นาที ถึง สนามบินเชียงใหม่

💸 เพียง 1.45 ล. ฟรีโอน"
https://baan.kaidee.com/product-371082318,"ราคา: 1,380,000
เนื้อที่: 38 ตารางเมตร | เนื้อที่ 38 ตารางเมตร | ห้องนอน 2 ห้องนอน | ห้องน้ำ 1 ห้องน้ำ
ศรีอนันต์คอนโด รีโนเวทใหม่ โซนฟ้าฮ่าม
🏢ศรีอนันต์คอนโด รีโนเวทใหม่ โซนฟ้าฮ่าม
💸ราคาเพียง 1.38 ล้านบาท ฟรีโอน

📏ขนาดห้อง 38 ตร.ม.
📏ชั้น 4 ห้องแยกเป็นสัดส่วน
อาคาร E ห้อง 423

🛌2 ห้องนอน
🛀1 ห้องน้ำ

🎉เฟอร์นิเจอร์ได้ครบตามรูป 🔥ห้องสวยตรงปก 🔥
• ทีวี ตู้เย็น ไมโครเวฟ แอร์ 2เครื่อง
เครื่องทำน้ำอุ่น
🎉ที่สุดของทำเล เดินทางสะดวก ติดถนนซุปเปอร์ไฮเวย์
กล้อง CCTV ภายใน และภายนอกอาคาร
มีระบบคีย์การ์ดเข้าออกคอนโด, ที่จอดรถเพียงพอ

✔️ ลูกบิดดิจิตอล 6 ระบบ สแกนนิ้ว ประตูสั่งทำพิเศษ
✔️ กั้นห้องเป็นสัดส่วน
✔️ ฮูดดูดควัน + เตาไฟฟ้าทำอาหาร
✔️ แอร์2ตัว

👍 ที่จอดรถเยอะ หมดกังวล กลับมากี่โมงก็มีที่จอด จองที่จอดส่วนตัวได้
👍 มีWiFi ในโครงการ ทำให้ไม่ต้องเสียเงินติดเน็ตเพิ่ม
👍 ปลอดภัยด้วยกล้องCCTV กว่า100ตัวทั่วโครงการ

🚪เฟอร์นิเจอร์
-เตียง
-แอร์
-เครื่องทำน้ำอุ่น
-โซฟา
-ทีวี
-ตู้เย็น
-โต๊ะรับประทานอาหาร

📌สถานที่ใกล้เคียง
-โรงพยาบาลเทพปัญญา
-เซ็นทรัล เชียงใหม่
-มหาวิทยาลัยพายัพ เขตแก้วนวรัฐ
-โรงเรียนปรินส์รอยแยลส์วิทยาลัย
-ตลาดเมืองใหม่"
https://baan.kaidee.com/product-371082590,"ราคา: 14,000,000
เนื้อที่: 144 ตารางวา | เนื้อที่ 144 ตารางวา | ห้องนอน 5 ห้องนอน | ห้องน้ำ 4 ห้องน้ำ | ผู้พัฒนา/เจ้าของโครงการ อื่นๆ | เฟอร์นิเจอร์ ตกแต่งครบ | ปีที่สร้างเสร็จ สร้างเสร็จก่อน 2010 | เป็นทรัพย์รอการขาย ไม่ใช่
ขายบ้านพร้อมที่ดิน
ขายบ้านพร้อมที่ดิน🔔
พร้อมเฟอร์นิเจอร์ไม้สัก🪵Built In
🔎เนี้อที่ประมาณ 144 ตารางวา
บริเวณสันทราย เชียงใหม่ ใกล้ย่านธุรกิจใหม่ Meta Mall🛒🛍️
🌊น้ำไม่ท่วม
🍀🍀🍀🍀🍀🍀🍀🍀🍀🍀🍀🍀🍀🍀🍀🍀
5ห้องนอน 4ห้องน้ำ 1ห้องรับแขก 1ห้องทำงาน
1ห้องทานอาหาร 1ห้องโถงใหญ่
5 เครื่องปรับอากาศ(แอร์)💨
3 เครื่องทำน้ำอุ่น🚿
3 เตียงไม้สัก(6ฟุต)🛏️
1 ชุดโต๊ะรับแขก(ไม้สัก)🛋️
1 ชุดโต๊ะอาหาร(ไม้สัก)🪑
พร้อมเฟอร์นิเจอร์(ไม้สัก) Built In เช่น ตู้เสื้อผ้า ตู้โชว์ ชั้นว่างของ ตู้ลอย เป็นต้น🪟
พร้อมประตูรั้วรีโมต และกล้องวงจรปิด📹
พร้อมเข้าอยู่ได้เลย🧳
🪴🪴🪴🪴🪴🪴🪴🪴🪴🪴🪴🪴🪴🪴🪴🪴
ห่างจากเซ็นทรัลเชียงใหม่(เซ็นเฟส) 4 กิโลเมตร เดินทาง 9 นาที
ห่างจากตลาดสามแยก 2 กิโลเมตร เดินทาง 5 นาที
ห่างจากที่ว่าการอำเภอสันทราย เทศบาลสันทราย และ👮🏻‍♂️สถานีตำรวจสันทราย 2 กิโลเมตร เดินทาง 5 นาที
ห่างจากทางต่างระดับแม่กวง 500 เมตร เดินทาง 2 นาที
ห่างจากโลตัส โกเฟรช สันทราย 500 เมตร เดินทาง 3 นาที
ห่างจากเมต้ามอลล์-ริมปิง 200 เมตร"
https://baan.kaidee.com/product-371083156,"ราคา: 1,080,000
เนื้อที่: 27 ตารางเมตร | เนื้อที่ 27 ตารางเมตร | ห้องนอน 1 ห้องนอน | ห้องน้ำ 1 ห้องน้ำ | ชั้น 6
ลานนาคอนโด ใกล้โปลิ,รพ.ลานนา
ลานนาคอนโด ใกล้โปลิ,รพ.ลานนา
พื้นที่ใช้สอย 27 ตร.ม. ตึกC ชั้น6 ห้อง 620
ราคา 1.08 ล้าน ฟรีโอน
#มีโควต้าต่างชาติ มีลิฟท์ มีระเบียง

เฟอร์นิเจอร์ เครื่องใช้ไฟฟ้าครบ พร้อมเข้าอยู่

พิกัด https://maps.app.goo.gl/Ak7FumjbDe827MSe7
ใกล้ Central Festival
Lotus คำเที่ยง
Lotus รวมโชค, มีโชคพลาซ่า, รวมโชคมอล
ม.ราชภัฏ, ห้างMaya, โซนนิมมาน"
https://baan.kaidee.com/product-371083186,"ราคา: 1,080,000
เนื้อที่: 27 ตารางเมตร | เนื้อที่ 27 ตารางเมตร | ห้องนอน 1 ห้องนอน | ห้องน้ำ 1 ห้องน้ำ | ชั้น 6 | เฟอร์นิเจอร์ ตกแต่งครบ
ลานนาคอนโด ใกล้โปลิ,รพ.ลานนา
ลานนาคอนโด ใกล้โปลิ,รพ.ลานนา
พื้นที่ใช้สอย 27 ตร.ม. ตึกC ชั้น6 ห้อง 619
ราคา 1.08 ล้าน ฟรีโอน
#มีโควต้าต่างชาติ มีลิฟท์ มีระเบียง

เฟอร์นิเจอร์ เครื่องใช้ไฟฟ้าครบ พร้อมเข้าอยู่

พิกัด https://maps.app.goo.gl/Ak7FumjbDe827MSe7
ใกล้ Central Festival
Lotus คำเที่ยง
Lotus รวมโชค, มีโชคพลาซ่า, รวมโชคมอล
ม.ราชภัฏ, ห้างMaya, โซนนิมมาน"
https://baan.kaidee.com/product-371083196,"ราคา: 1,380,000
เนื้อที่: 32 ตารางเมตร | เนื้อที่ 32 ตารางเมตร | ห้องนอน 1 ห้องนอน | ห้องน้ำ 1 ห้องน้ำ | ชั้น 6 | เฟอร์นิเจอร์ ตกแต่งครบ
ลานนาคอนโด อาคาร A ชั้น 6
ห้ อ ง ใหม่ มาแล้วค่ะะะะ ꕀ𖦹

🪞ลานนาคอนโด อาคาร A
ชั้น 6 ห้อง 602 ขนาด 32 ตรม.

𝟙 ห้องนอน / 𝟙 ห้องน้ำ

....💸เสนอ Uๅย เพียง 1.38 ล้าน 𝕌าท ....

______________________________________ ••

🧸 ของแถมจุกๆ 🧸

𓇼 - เตียงนอน 6 ฟุตꕀ 🛏️
𓇼 - เครื่องปรับอากาศꕀ❄️
𓇼 - โซฟาꕀ 🛋️
𓇼 - เครื่องทำน้ำอุ่น ￼ꕀ 🛁
𓇼 - ชุด โต๊ะกินข้าวอ่านหนังสือꕀ￼ 🪑
𓇼 - ตู้เสื้อผ้า / โต๊ะเครื่องแป้งꕀ🗄️
𓇼 - ตู้เย็น / เตาไมโครเวฟꕀ 🍲

✔️มียามรักษาความ ปล อ ด ภัย ♒︎👮‍♂️
✔️ระบบคีร์การ์ดเข้า-ออกภายในคอนโด,ลิฟต์ ♒︎🚪
✔️ค่าน้ำหน่วยละ 35 บาท♒︎💦
✔️ค่าไฟฟ้าตามมิเตอร์ไฟฟ้าส่วนภูมิภาค ￼♒︎💡

⇰ สถานที่ใกล้เคียง ↧↧
￼
▶︎ 7-eleven
▶︎ โรงพยาบาล ลานนา2 / ลานนา 1
▶︎โรงเรียนโปลิเทคนิค
▶︎ แยกข่วงสิงข์
▶︎ central festival
▶︎ ห้างสรรพสินค้าเมญ่า
▶︎ ย่านนิมมานเหมินทร์
▶︎ โลตัสคำเที่ยง
▶︎ มหาลัยราชภัฎเชียงใหม่"
https://baan.kaidee.com/product-371083254,"ราคา: 5,900,000
เนื้อที่: 220 ตารางเมตร | ห้องนอน 4 ห้องนอน | ห้องน้ำ 4 ห้องน้ำ | เนื้อที่ 220 ตารางเมตร | ผู้พัฒนา/เจ้าของโครงการ อื่นๆ | เฟอร์นิเจอร์ ไม่มี | ปีที่สร้างเสร็จ 2025
บ้านพูลวิลล่าดีไซน์โมเดิร์น ที่รังสรรค์ขึ้นเพื่อผู้ที่มองหาความลงตัวระหว่างความหรูหรา ความสงบ และความเป็นส่วนตัว บนทำเล สันผักหวาน – หางดง
“บ้านที่ไม่ได้ถูกสร้างมาเพื่ออยู่อาศัย…แต่เพื่อสะท้อนตัวตน.”
บ้านพูลวิลล่าดีไซน์โมเดิร์น ที่รังสรรค์ขึ้นเพื่อผู้ที่มองหาความลงตัวระหว่างความหรูหรา ความสงบ และความเป็นส่วนตัว
บนทำเล สันผักหวาน – หางดง ที่ได้รับการยอมรับว่าเป็นย่านอยู่อาศัยคุณภาพของเชียงใหม่ เดินทางสะดวก ใกล้วงแหวน ไม่เจอน้ำท่วม และล้อมรอบด้วยสิ่งอำนวยความสะดวกระดับพรีเมียม

เหมาะสำหรับ
👨‍💼 ผู้บริหารที่ต้องการ “พื้นที่พักผ่อนที่คู่ควร”
👨‍👩‍👧 ครอบครัวระดับบนที่ต้องการบ้านหลังสุดท้ายที่ลงตัวทุกมิติ
💼 นักลงทุนที่ต้องการสินทรัพย์สวย ทำเลเด่น ปล่อยเช่าได้ผลตอบแทนสูง

🏡 จุดที่ทำให้บ้านหลังนี้ “มีคุณค่ามากกว่าราคา”

✨ พื้นที่ใช้สอยเริ่มต้น 220 ตร.ม.
✨ ที่ดินเริ่ม 64.1 ตรว. – สวนส่วนตัวกว้าง ให้บรรยากาศรีสอร์ท
✨ 4 ห้องนอน 4 ห้องน้ำ พร้อมแอร์ครบทุกห้อง (5 ตัว)
✨ ห้องรับแขกเพดานสูง โปร่ง โล่ง รับแสงธรรมชาติสวย
✨ สระว่ายน้ำระบบเกลือส่วนตัว
✨ ที่จอดรถ 2 คัน

🎁 สิ่งที่รวมอยู่ในบ้านหลังนี้ (แบบที่โครงการทั่วไปไม่ให้)
• เฟอร์นิเจอร์บิ้วอิน + เฟอร์นิเจอร์ลอยตัวทั้งหลัง
• โคมไฟ Chandelier ขนาดใหญ่ เพิ่มมิติความหรูทันทีที่เปิดประตู
• ฟรี! มิเตอร์น้ำ–ไฟ
• ฟรี! แท้งค์น้ำ + ปั๊มน้ำ
• ฟรี! ปูหญ้า + จัดสวนสไตล์รีสอร์ท
• ไม่มีค่าส่วนกลาง
• รับประกันโครงสร้างและตัวบ้าน
นี่คือ “บ้านพร้อมอยู่จริง” ในแบบที่คุณไม่ต้องจ่ายเพิ่มเพื่อให้สมบูรณ์แบบ


✨ บ้านที่ใช่…มักให้ “ความรู้สึก” ตั้งแต่ครั้งแรกที่ก้าวเข้าไป
หากคุณกำลังมองหาบ้านที่ให้ทั้งความหรูหรา ความสุข และคุณค่าทางใจ
บ้านหลังนี้พร้อมให้คุณมาสัมผัสด้วยตัวเอง

สนใจนัดชมบ้าน ส่งข้อความหาเราได้เลยค่ะ 💬


#LuxuryPoolVilla #ChiangMaiLuxuryHome #HangDongLiving #ModernPoolVilla #PrivatePoolHome #LuxuryRealEstateThailand #PremiumLiving #ExclusiveVillaChiangMai #DesignerHomeThailand #LuxuryLifestyleCM #PoolVillaForSale #DreamHomeThailand"
https://baan.kaidee.com/product-371083411,"ราคา: 11,500
เนื้อที่: 200 ตารางวา | เนื้อที่ 200 ตารางวา
ที่ดินแบ่งขาย ป่าไผ่ แม่โจ้ เชียงใหม่
ที่ดินแบ่งขายติดถนน 3 ด้าน ป่าไผ่ แม่โจ้ เชียงใหม่ ใกล้ ม.แม่โจ้เชียงใหม่
ลงขายดี ทั้งA,B ตร.ว.ละ 12,500 (ค่อยลดB12,5)
แปลง A พื้นที่ 200 ตร.ว. @ละ 12,500
แปลง B พื้นที่ 200 ตร.ว. @ละ 11,500
แปรง C พื้นที่ 649 ตร.ว. @ละ 11,500

สามารถพิมไปในว่า Google maps VisaView lll
https://maps.app.goo.gl/hHpVKdkNZHNx6tye7?g_st=ipc

089 635 9595 (Th,Eng)
082 556 4979"
https://baan.kaidee.com/product-371083522,"ราคา: 2,200,000
เนื้อที่: 72 ตารางวา | เนื้อที่ 72 ตารางวา | ห้องนอน 3 ห้องนอน | ห้องน้ำ 2 ห้องน้ำ | เฟอร์นิเจอร์ มีบางส่วน | ปีที่สร้างเสร็จ 2014
บ้านพร้อมที่ดิน
🏘️ ขายบ้านพร้อมที่ดิน 🏘️
✨ ราคาขาย 2.2 ล้านบาท ทำเลดี เดินทางสะดวก
🎋ฟรีโอน
🌴พิกัด หมู่บ้านปวริศา สันทราย
📌พื้นที่ 72 ตรว. - ตรม.

🛏 3 ห้องนอน
🛀 2 ห้องน้ำ
🛋️ 1 ห้องนั่งเล่น
🧑🏾‍🍳 1 ห้องครัว
🔻1 ห้องอเนกประสงค์
🚗พื้นที่จอดรถ 2 คัน

📍 ข้อมูลการเดินทาง📍
🔻ที่ว่าการไปรษณีย์สันทราย
🔻ที่ว่าการอำเภอสันทราย
🔻 ร้านสะดวกซื้อซื้อ 7-11 โลตัสโกเฟรช
🔻รพ.กรุงเทพ
🔻เซ็นทรัลเฟสติวัล

ส่วนกลางเบื้องต้น
👮🏻‍♀️ระบบรักษาความปลอดภัย 24 ชม.

📲สนใจติดต่อ 0️⃣6️⃣2️⃣4️⃣2️⃣3️⃣1️⃣3️⃣8️⃣5️⃣ คุณแดงรับสาย

🙏 รับจัดหาบ้าน คอนโด ที่ดิน ให้ตามความต้องการ ยินดีให้คำปรึกษาฟรี 🙏

🏘️ House and land for sale 🏘️
✨ Selling price: 2.2 million baht. Great location, convenient transportation.
🎋Free transfer fee.
🌴Location: Pawarisa Village, San Sai.
📌Area: 72 sq m. - sq wa.

🛏 3 bedrooms
🛀 2 bathrooms
🛋️ 1 living room
🧑🏾‍🍳 1 kitchen
🔻 1 multipurpose room
🚗 Parking for 2 cars

📍 Travel Information📍
🔻 San Sai Post Office
🔻 San Sai District Office
🔻 7-11, Lotus's Go Fresh convenience store
🔻 Bangkok Hospital
🔻 Central Festival

Basic facilities
👮🏻‍♀️24-hour security system

📲Contact 0️⃣6️⃣2️⃣4️⃣2️⃣3️⃣1️⃣3️⃣8️⃣5️⃣ for inquiries. Khun Daeng will answer your call.

🙏 We can help you find houses, condos, and land based on your needs. We offer free consultations. 🙏"
https://baan.kaidee.com/product-371083528,"ราคา: 12,500,000
เนื้อที่: 247 ตารางเมตร | ห้องนอน 4 ห้องนอน | ห้องน้ำ 6 ห้องน้ำ | เนื้อที่ 247 ตารางเมตร | เฟอร์นิเจอร์ มีบางส่วน | ปีที่สร้างเสร็จ 2025
ฮาบิแทท รวมโชค บ้านเดี่ยวเริ่ม 10.90 ลบ.
HABITAT Ruamchok (ฮาบิแทท รวมโชค)
บ้านเดี่ยวหลังใหญ่ติดถนนสมโภชเชียงใหม่ 700 ปี มาพร้อมฟังก์ชัน 4 ห้องนอน 3 ที่จอดรถทุกหลัง เริ่ม 10.90 ล้านบาท* มีทั้งหมด 99 ยูนิต จึงทำให้ได้ความเป็นส่วนตัวสูง เดินทางเข้าเมืองใช้เวลาแค่ 15 – 20 นาที
แบบบ้านภายในโครงการมาในสไตล์ French eclectic ได้บรรยากาศบ้านสไตล์ยุโรป มีให้เลือก 3 แบบ
• Petite (เปอทีท) บ้านเดี่ยว 2 ชั้น ที่ดินมาตรฐาน 60.1 ตร.วา พื้นที่ใช้สอย 210 ตร.ม.
– ฟังก์ชัน 4 ห้องนอน / 5 ห้องน้ำ / 3 ที่จอดรถ
• Maison (เมซง) บ้านเดี่ยว 2 ชั้น ที่ดินเริ่มต้น 71.5 ตร.วา พื้นที่ใช้สอย 247 ตร.ม.
– ฟังก์ชัน 4 ห้องนอน / 6 ห้องน้ำ / 3 ที่จอดรถ / 1 ห้องแม่บ้าน
• Chateau (ชาโต) บ้านเดี่ยว 2 ชั้น ที่ดินเริ่มต้น 83.8 ตร.วา พื้นที่ใช้สอย 300 ตร.ม.
– ฟังก์ชัน 4 ห้องนอน / 6 ห้องน้ำ / 3 ที่จอดรถ / 1 ห้องแม่บ้าน
Lacation : https://goo.gl/maps/xVSNg6KBQ9CwaEoM8
สอบถามรายละเอียดเพิ่มเติม Tel : 095 145 2555
Line ID : hrc-sales หรือคลิก https://ornsirin.co.th/property-item/habitat-ruamchok/
*เงื่อนไขเป็นไปตามบริษัทกำหนดและยูนิตที่กำหนด
#ORNSIRIN #CHIANGMAI #บ้านเชียงใหม่ #บ้าน #รวมโชค #วงแหวนรอบกลาง"
https://baan.kaidee.com/product-371083694,"ราคา: 1,480,000
เนื้อที่: 38 ตารางเมตร | เนื้อที่ 38 ตารางเมตร | ห้องนอน 1 ห้องนอน | ห้องน้ำ 1 ห้องน้ำ | ชั้น 2 | เฟอร์นิเจอร์ ตกแต่งครบ
ลานนาคอนโด ตึกB
ลานนาคอนโด ตึกB พื้นที่ 38 ตร.ม.
ราคา 1,480,000 ล. #มีโควต้าต่างชาติ
ชั้น 2 ห้องมุม ห้อง201
กั้นห้องนอน แบ่งสัดส่วน มีระเบียง
👍 ตกแต่งทันสมัย เหมาะกับคนยุคใหม่
👍 Digital Door Lock
👍 ติดเมือง ติดถนนซุปเปอร์ฯ เดินทางสะดวก
👍 โครงการมีลิฟต์ 2 ตัว ปลอดภัยด้วยระบบคีย์การ์ดเข้าตึก

🔥ฟรี เฟอร์นิเจอร์ และเครื่องใช้ไฟฟ้า ครบ

📍📍 ที่ตั้ง 📍📍
3 นาที ถึง Central Festival
1 นาที ถึง Lotus คำเที่ยง
4 นาที ถึง Big C Extra, Lotus รวมโชค, มีโชคพลาซ่า, รวมโชคมอล
5 นาที ถึง ม.ราชภัฏ, ห้างMaya, โซนนิมมาน"
https://baan.kaidee.com/product-371084538,"ราคา: 4,990,000
เนื้อที่: 50 | ห้องนอน 4 ห้องนอน | ห้องน้ำ 3 ห้องน้ำ | เนื้อที่ 50 | ผู้พัฒนา/เจ้าของโครงการ อื่นๆ | เฟอร์นิเจอร์ ไม่มี | ปีที่สร้างเสร็จ 2025
บ้านเดี่ยว 4 ห้องนอน สันทราย
บ้านเดี่ยว HOLM2

Title:
บ้านเดี่ยวเชียงใหม่ โครงการ HOLM 2 ใกล้เซ็นทรัลเฟสติวัล 4 ห้องนอน พร้อมคอร์ตยาร์ดใจกลางบ้าน

รายละเอียด:
บ้านเดี่ยวเชียงใหม่พร้อมอยู่ โครงการ HOLM 2 - สันพระเนตร แนวคิดการออกแบบที่เข้าใจทุกครอบครัว ดีไซน์สไตล์โมเดิร์นที่เชื่อมโยงธรรมชาติเข้ามาใกล้ชิดกับการอยู่อาศัย พร้อมให้คุณใช้ชีวิตที่สะดวกสบายใกล้ Meta Mall 5 นาที และ เซ็นทรัลเฟสติวัล 10 นาที

แบบบ้านเดี่ยว 2 ชั้น เพียง 31 ยูนิต ในโครงการสังคมคุณภาพที่มีความเป็นส่วนตัว ภายในมีพื้นที่ใช้สอยกว้าง 200 ตร.ม. พร้อมคอร์ตยาร์ดใจกลางบ้าน แชร์ความร่มรื่น เปิดรับลมและแสงธรรมชาติเข้าสู่พื้นที่ Living ตลอดวัน ภายนอกมีพื้นที่สวนรอบบ้านรองรับหลากหลายกิจกรรมนอกบ้าน ฟังก์ชัน 4 ห้องนอน, 3 ห้องน้ำ, 1 ห้องครัวปิด และที่จอดรถยนต์ 3 คัน

สิ่งอำนวยความสะดวกภายในโครงการโฮล์ม 2
• คลับเฮาส์สไตล์โมเดิร์นสุดโดดเด่น
• สระว่ายน้ำ ระบบน้ำเกลือ
• ฟิตเนส อุปกรณ์ออกกำลังกายครบครัน
• เลานจ์, ห้องดูหนัง, มินิบาร์ รองรับการพบปะสังสรรค์
• สวนสาธารณะพร้อมเส้นทางเดินเล่นเลียบธารน้ำ
• สนามบาสเกตบอล ล้อมรอบด้วยวิวธรรมชาติ
• ระบบรักษาความปลอดภัยตลอด 24 ชั่วโมง

บ้านเดี่ยวเชียงใหม่พร้อมอยู่ HOLM 2
โซนถนนเมน-หน้าโครงการ ยูนิตพิเศษ ราคา 4.99 ล้านบาท*
นัดชมโครงการได้ทุกวัน / สอบถามเพิ่มเติม
✹ ID Line : @spaceandco
✹ โทร: 088 259 1798"
https://baan.kaidee.com/product-371084545,"ราคา: 4,290,000
เนื้อที่: 36 | ห้องนอน 3 ห้องนอน | ห้องน้ำ 3 ห้องน้ำ | เนื้อที่ 36 | ผู้พัฒนา/เจ้าของโครงการ อื่นๆ | เฟอร์นิเจอร์ ไม่มี | ปีที่สร้างเสร็จ 2025
บ้านแฝด 3 ห้องนอน 3 ห้องน้ำ สันทราย
บ้านแฝด HOLM2

Title:
บ้านเชียงใหม่สไตล์โมเดิร์น โครงการ HOLM 2 ฟังก์ชัน 3 ห้องนอน 3 ที่จอดรถ ใกล้เซ็นทรัลเฟสติวัล

รายละเอียด:
บ้านเชียงใหม่พร้อมอยู่ โครงการ HOLM 2 - สันพระเนตร แนวคิดการออกแบบที่เข้าใจทุกครอบครัว ดีไซน์สไตล์โมเดิร์นที่เชื่อมโยงธรรมชาติเข้ามาใกล้ชิดกับการอยู่อาศัย พร้อมให้คุณใช้ชีวิตที่สะดวกสบายใกล้ Meta Mall 5 นาที และ เซ็นทรัลเฟสติวัล 10 นาที

แบบบ้านแฝด 2 ชั้น ( Duplex Type ) เพียง 34 ยูนิต ในโครงการสังคมคุณภาพที่มีความเป็นส่วนตัว ภายในมีพื้นที่ใช้สอยกว้าง 154 ตร.ม. ไฮไลต์โดดเด่นที่ดีไซน์พื้นที่ Living ช่องแสง Skylight เปิดวิวท้องฟ้าสวยให้มุมพักผ่อน ภายนอกมีพื้นที่สวนกว้างรองรับหลากหลายกิจกรรมนอกบ้าน ฟังก์ชัน 3 ห้องนอน, 3 ห้องน้ำ, 1 ห้องครัวปิด และที่จอดรถยนต์ 3 คัน

สิ่งอำนวยความสะดวกภายในโครงการโฮล์ม 2
• คลับเฮาส์สไตล์โมเดิร์นสุดโดดเด่น
• สระว่ายน้ำ ระบบน้ำเกลือ
• ฟิตเนส อุปกรณ์ออกกำลังกายครบครัน
• เลานจ์, ห้องดูหนัง, มินิบาร์ รองรับการพบปะสังสรรค์
• สวนสาธารณะพร้อมเส้นทางเดินเล่นเลียบธารน้ำ
• สนามบาสเกตบอล ล้อมรอบวิวธรรมชาติ
• ระบบรักษาความปลอดภัยตลอด 24 ชั่วโมง

บ้านเชียงใหม่ พร้อมอยู่
แบบบ้าน Duplex Type โครงการ HOLM 2
ราคาเริ่ม 4.39 ล้านบาท*
นัดชมโครงการได้ทุกวัน / สอบถามเพิ่มเติม
✹ ID Line : @spaceandco
✹ โทร: 088 259 1798"
https://baan.kaidee.com/product-371084850,"ราคา: 9,900,000
เนื้อที่: 300 | ห้องนอน 1 ห้องนอน | ห้องน้ำ 5 ห้องน้ำ | เนื้อที่ 300 | ผู้พัฒนา/เจ้าของโครงการ อื่นๆ | ปีที่สร้างเสร็จ 2025
บ้านหรูใจกลางเมืองเชียงใหม่ 3.5 ชั้น โครงการ Monotown Studio
โครงการ Monotown Studio บ้านหรู 3.5 ชั้น ใจกลางเมืองเชียงใหม่ สเปซที่ตอบรับทุกความสำเร็จของคุณ เติมเต็มแพสชันผ่านดีไซน์ พร้อมสร้างแรงบันดาลใจทั้งการใช้ชีวิตและการทำงานอย่าง Productive บนทำเลศักยภาพ ติดถ.ซุปเปอร์ไฮเวย์เพียง 200 ม. ตรงข้ามเซ็นทรัลเฟสติวัล

บ้านสามชั้นครึ่งที่หน้าตาโดดเด่นท่ามกลางเมืองเชียงใหม่ ด้วยวัสดุเอกลักษณ์เฉพาะอย่างกระเบื้องดินเผาสีดำ รับกับรูปทรงสถาปัตยกรรมกลิ่นอายบ้านเมืองในยุโรป สร้างบรรยากาศการอยู่อาศัยที่สงบและเป็นส่วนตัว แต่ยังได้รับความสะดวกสบายทั้งการใช้ชีวิตและเดินทางไปทำงาน หรือกิน เที่ยว ชอป แหล่งไลฟ์สไตล์ต่าง ๆ
.
โครงการ Monotown Studio
• 300 sq.m. for Work & Life
• 1 Penthouse Floor
• 2 Multi-purpose Living Areas
• 2 Kitchens
• 5 Bathrooms
• 1 Service Room
• 5 Parking Spaces"
https://baan.kaidee.com/product-371084872,"ราคา: 19,000
เนื้อที่: 64 ตารางเมตร | ห้องนอน 2 ห้องนอน | ห้องน้ำ 1 ห้องน้ำ | เนื้อที่ 64 ตารางเมตร | ชั้น 29 | ผู้พัฒนา/เจ้าของโครงการ Supalai | อนุญาตให้เลี้ยงสัตว์ ไม่อนุญาต | เฟอร์นิเจอร์ ตกแต่งครบ | ปีที่สร้างเสร็จ 2019
Condo for rent ศุภาลัย มอนเต้ 2 ชั้น 29 ห้องหัวมุมวิวดอยสุเทพ ตรงข้ามเซ็นทรัลเชียงใหม่ พื้นที่ 64 ตรม.
Condo for rent
ศุภาลัย มอนเต้ 2 ชั้น 29 ห้องหัวมุมวิวดอยสุเทพ ตรงข้ามเซ็นทรัลเชียงใหม่ พื้นที่ 64 ตรม.

2 ห้องนอน 1 ห้องนั่งเล่นและรับประทานอาหาร พร้อมเครื่องปรับอากาศ 1 ห้องน้ำ 1 ห้องครัว + เตาไฟฟ้า ตู้เย็น ไมโครเวฟ เครื่องซักผ้า และเฟอร์นิเจอร์ครบชุด พร้อมเข้าอยู่
ราคาให้เช่าเริ่มต้น 19,000 บาท / เดือน

รายละเอียดพื้นที่ส่วนกลาง:
พื้นที่จอดรถ สระว่ายน้ำ, ฟิตเนส, ซาวน่า และห้องทำงานร่วม มี free WIFI
ประตูดิจิตอล สแกนหน้าหรือคีย์การ์ด
กล้องวงจรปิด CCTV
พนักงานรักษาความปลอดภัยตลอด 24 ชั่วโมง
รายละเอียดการเช่า:
19,000 บาท / เดือน – สำหรับสัญญาเช่า 12 เดือน
20,000 บาท / เดือน – สำหรับสัญญาเช่า 6 เดือน
21,000 บาท / เดือน –สำหรับสัญญาเช่า 3 เดือน

ติดต่อ : โชคชัย (เจ้าของ) 0833259092

Condo for rent
Supalai Monte2 , Corner room on the 29th floor 64 sqm. with view of Doi Suthep mountain, opposite Central Festival Chiang Mai.

2 bedrooms, living area, and dining area equipped with air conditioning, 1 bathroom, 1 kitchen with an electric stove, refrigerator, microwave, washing machine, and fully furnished, ready to move in. Rental price starts at 19,000 baht/month.

Common area details:
Parking area , Swimming pool, Fitness room , Sauna room and Co-working space with free WIFI

Digital door with face scan or key card
CCTV cameras and 24-hour security staff

Rental details:
19,000 Baht / month – for a 12-months lease
20,000 Baht / month – for a 6-months lease
21,000 Baht / month – for a 3-months lease

Contact: Chokchai (Owner) - 0833259092"
https://baan.kaidee.com/product-371086187,"ราคา: 80,000,000
เนื้อที่: 3.5 ไร่ | เนื้อที่ 3.5 ไร่
ขายกิจการที่บ้านถวาย เชียงใหม่
สินค้าบางส่วน"
https://baan.kaidee.com/product-371086247,"ราคา: 285,000,000
เนื้อที่: 25 ไร่ | เนื้อที่ 25 ไร่
ที่ดิน 25 ไร่ พร้อมอาคาร แปลงใหญ่ ถนนวงแหวนรอบนอก 121 อ.สันทราย
ขายที่พร้อมสิ่งปลูกสร้าง เนื้อที่ 25 ไร่

ตั้งอยู่บนถนนวงแหวนรอบนอก (121) อำเภอเมืองเชียงใหม่ จังหวัดเชียงใหม่

ห่างจากสี่แยกเทพปัญญา 5 กม.

รถเทลเลอร์เข้าออกสะดวก

มีสิ่งปลูกสร้างประกอบด้วย
1 อาคาร 2 หลัง พื้นที่ 20,000 ตารางเมตร
2 ลานจอดรถพื้นคอนกรีต พื้นที่ 13,000 ตารางเมตร

ราคา 285 ล้านบาท ( สองร้อยแปดสิบห้าล้านบาท )

ยินดีรับนายหน้า"
https://baan.kaidee.com/product-371087209,"ราคา: 1,750,000
เนื้อที่: 142 | เนื้อที่ 142
ที่ดินสวยแม่ริม
🇹🇭 ภาษาไทย
📍 ขายที่ดินสวย แม่ริม จ.เชียงใหม่
เนื้อที่ 142 ตร.ว.
หน้ากว้าง 40 เมตร
หันหน้า ทิศเหนือ
ถมแล้ว มีรั้วรอบ น้ำ–ไฟเข้าถึง
อยู่ในหมู่บ้านเปิด ไม่ต้องเสียค่าส่วนกลาง
📌 ใกล้
กาดฝรั่งแม่ริม
สนามกอล์ฟกรีนวัลเล่ย์
รพ.วัดนอนขอนตาล
รพ.สันทราย
💰 ขาย 1,750,000 บาท (เฉลี่ย 12,323 บาท/ตร.ว.)
ที่ดินใกล้เคียงราคาเริ่มต้น 15,000 บาท/ตร.ว.
เหมาะสำหรับ ปลูกบ้านหรือเก็งกำไร 🌿"
https://baan.kaidee.com/product-371087501,"ราคา: 4,500,000
เนื้อที่: 1 ไร่ | เนื้อที่ 1 ไร่
ที่ดิน 1 ไร่ 1 งาน
ติดหมู่บ้าน ไนน์ตี้ ไนน์ อเวนิว (99 Avenue)"
https://baan.kaidee.com/product-371087960,"ราคา: 6,800,000
เนื้อที่: 15.2 ตารางวา | เนื้อที่ 15.2 ตารางวา
ย่านสะพานคลองแม่ข่า ขายด่วนตึกแถว3 ชั้น สี่แยกรพ.แม่และเด็ก
พิกัดที่ดิน :ตึกแถว สี่แยก รพ.แม่และเด็ก (ใกล้สะพานคลองแม่ข่า)ถนนระแกง ต.ช้างคลาน อ.เมืองเชียงใหม่ จ. เชียงใหม่
-ขายด่วน ขายถูก ตึกแถว 3 ชั้น บนที่ดิน 15.2 ตรว.
-ติดถนนระแกง หน้ากว้าง 4 เมตร ลึก 15 เมตร
- ทำเลดี เหมาะทำธุรกิจหลากหลายประเภท
- เจ้าของต้องการขายด่วนเพื่อย้ายกลับภูมิลำเนา
**ราคาขาย 6.8 ล้านบาทรวมโอน**
โทร. 094-624-7879 (Line)"
https://baan.kaidee.com/product-371088159,"ราคา: 3,000
เนื้อที่: 765 ตารางเมตร | เนื้อที่ 765 ตารางเมตร | เป็นทรัพย์รอการขาย ไม่ใช่
ให้เช่าที่ดินสันป่าตอง
ให้เช่าที่ดินเปล่ารายปี ทำแปลงเกษตร ใกล้ โรงเรียนวิมานทิพย์ ห่างถนนใหญ่เพียง 50 เมตร เข้าตัวเมืองเชียงใหม่เพียง 20 นาที ถ้าจะเช่าปลูกบ้านหรือทำธุรกิจอื่น สามารถคุยราคาได้ ให้เช่าได้ทั้งระยะสั้น ยาว น้ำไม่ท่วมแน่นอน"
https://baan.kaidee.com/product-371088172,"ราคา: 20,000
เนื้อที่: 4 ไร่ | เนื้อที่ 4 ไร่
ให้เช่าที่ดินหางดง (ติดบิ๊กซี หางดง ) พื้นที่ 4 ไร่ ใกล้แหล่งความเจริญมากมาย และเหมาะสำหรับทำกิจการหลายๆ ประเภท เจ้าของประกาศเอง
ให้เช่าที่ดิน 4 ไร่ ติดกับ Big C หางดง ต.หางดง อ.หางดง จ.เชียงใหม่

อยู่ในพื้นที่เจริญ และเหมาะสำหรับทำกิจการหลายๆ ประเภท เจ้าของประกาศเอง ราคาต่อรองได้ ติดกับ Big C หางดง ติดถนนใหญ่ ติดถนนใหญ่ ติดสถานที่สำคัญมากมาย

ราคา 20,000 บาทต่อไร่ แบ่งเช่าได้ ,ถ้าเช่าทั้งหมดลดได้ค่ะ.

สถานที่สำคัญใกล้เคียง

ติดถนนหลักเชียงใหม่-หางดง.

บิ๊กซี หางดง.

โรงพยาบาลหางดง



ติดต่อ คุณวงเดือน 0944805526"
https://baan.kaidee.com/product-371088634,"ราคา: 1,990,000
เนื้อที่: 27 ตารางเมตร | ห้องนอน 1 ห้องนอน | ห้องน้ำ 1 ห้องน้ำ | เนื้อที่ 27 ตารางเมตร | อนุญาตให้เลี้ยงสัตว์ เลี้ยงสัตว์ได้ | เฟอร์นิเจอร์ ตกแต่งครบ | ปีที่สร้างเสร็จ 2026
โครงการ Arise Hill สันทราย
ARISE HILL - อะไรซ์ ฮิลล์

คอนโดใหม่ เลี้ยงสัตว์ได้* จาก ORNSIRIN
🦮 ส่วนกลางกว่า 3 ชั้น* คอนเซ็ปต์ Natural Metaphor art
🚘 สิ่งอำนวยความสะดวกครบครัน ใกล้แหล่ง Community, โรงพยาบาล, ศูนย์การค้าและสถานศึกษาชั้นนำมากมาย

โครงการมีห้อง 4 แบบ
- Studio พื้นที่ใช้สอย 27-32 ตร.ม.
- 1 Bedroom พื้นที่ใช้สอย 29-35 ตรม.
- 1 Bedroom Plus พื้นที่ใช้สอย 37-39 ตรม.
- 2 Bedroom พื้นที่ใช้สอย 54-56 ตรม.

เริ่ม 1.99 ลบ.

สอบถามรายละเอียดเพิ่มเติม
📞 095 146 6963
📲 Line ID : arise.hill หรือคลิก https://line.me/ti/p/JUNnk4Vm5F

ทำเลที่ตั้งสำนักงานขาย :
https://maps.app.goo.gl/WysfmYU5Y1wKsTNZA

*เงื่อนไขเป็นไปตามที่บริษัทฯ กำหนด"
