ประเภท,ราคา,ทำเล,ขนาด,Owner Score,Link
บ้านเดี่ยว,"ราคา 28,000,000 บาท","บางเสร่, ใกล้สวนน้ำ Columbia Pictures, สวนน้ำรามายณะ, สวนนงนุช, พัทยา",135 ตร.วา / 380 ตร.ม. 3 นอน 4 น้ำ,75/100,https://www.facebook.com/groups/homerentcm/posts/25387257494244696/
บ้านเดี่ยว,13 ล้านบาท,บ้านหนองผึ้ง อ.สารภี จ.เชียงใหม่,256 ตรม. 4 นอน 5 น้ำ,82/100,https://www.facebook.com/groups/homerentcm/posts/25382349041402208/
บ้านเดี่ยว,3.99ล้าน,"บ้านอ.หางดง, เทศบาลนครเชียงใหม่, จังหวัดเชียงใหม่ 50230",73 ตรว. 3 นอน 3 น้ำ,49/100,https://www.facebook.com/groups/homerentcm/posts/25385859307717848/
บ้านเดี่ยว,"ราคา450,000.-",บ้านแทนคำ หมู่10 ต.ทุ่งปี้ อ.แม่วาง จ.เชียงใหม่,61 ตารางวา None นอน 1 น้ำ,82/100,https://www.facebook.com/groups/362307990479383/posts/25275368508746653/
บ้านเดี่ยว,8.8 ล้านบาท,แม่ริม เชียงใหม่,- 3 นอน 2 น้ำ,82/100,https://www.facebook.com/groups/509895225859790/posts/3118525918330028/
บ้านเดี่ยว,-,ม.เพอร์เฟคโฮม,68 ตารางวา 3 นอน 4 น้ำ,82/100,https://www.facebook.com/groups/509895225859790/posts/3117609148421705/
บ้านเดี่ยว,1.8ล้าน,"ติดถนนทางหลวงจังหวัดสายท่าจักร-แม่ทา, เทศบาลตำบลทาทุ่งหลวง, ใกล้โรงพยาบาลส่งเสริมสุขภาพประจำตำบล, ใกล้ตลาดเหมืองลึก",257 ตารางวา 4 นอน 2 น้ำ,75/100,https://www.facebook.com/groups/509895225859790/posts/3117644688418151/
บ้านเดี่ยว,750000 บาท,บ้านสัน ปู เลย ต.แม่แตง อ.แม่แตง จ.เชียงใหม่,160 ตรว. -,82/100,https://www.facebook.com/groups/509895225859790/posts/3118055828377037/
ที่ดิน,"960,000บ.",บ้านสวนป่าลาน ต. สันทราย หลวง อ.สันทราย,95 ตารางวา -,82/100,https://www.facebook.com/groups/509895225859790/posts/3118859618296658/
บ้านเดี่ยว,"2,550,000 บาท",ต.สันทรายน้อย อ.สันทราย จ.เชียงใหม่,55 ตรว. 3 นอน 2 น้ำ,49/100,https://www.facebook.com/groups/509895225859790/posts/3118617318320888/
บ้านเดี่ยว,3.99ล้าน,"บ้านอ.หางดง, เทศบาลนครเชียงใหม่, จังหวัดเชียงใหม่ 50230",73 ตรว. 3 นอน 3 น้ำ,49/100,https://www.facebook.com/groups/509895225859790/posts/3118557514993535/
คอนโด,1.35 ล้าน,เชียงใหม่วิวเพลส 2 ใกล้แยกโรบันสัน ใกล้สนามบิน,49 ตร.ม. 1 นอน 1 น้ำ,82/100,https://www.facebook.com/groups/509895225859790/posts/3118031155046171/
ที่ดิน,"ราคา ตร.วา ละ 11,000 บาท",ตำบลเหมืองแก้ว อำเภอแม่ริม จังหวัดเชียงใหม่,4ไร่ 2งาน 86 ตรว -,87/100,https://www.facebook.com/groups/530492663958652/posts/2813114379029791/
อื่นๆ,9.5 ล้าน,"หมู่3 ต.สันนาเม็ง ซ.สันนาเม็ง15 ถ.สันนาเม็ง ตำบลสันนาเม็ง, อำเภอสันทราย, จังหวัดเชียงใหม่, 50210",219 ตรว -,82/100,https://www.facebook.com/groups/530492663958652/posts/2814038732270689/
ที่ดิน,"960,000บ.",บ้านสวนป่าลาน ต. สันทราย อ.สันทราย จ.เชียงใหม่,95 ตารางวา -,82/100,https://www.facebook.com/groups/530492663958652/posts/2814211128920116/
คอนโด,1.29 ล้านบาท,"แถวช้างคลาน, ใจกลางเมืองเชียงใหม่, ใกล้ประตูท่าแพ, ไนท์บาซาร์",28.35 ตร.ม. 1 นอน 1 น้ำ,70/100,https://www.facebook.com/groups/530492663958652/posts/2814276558913573/
อื่นๆ,9.5ล้าน,แม่โจ้,"200 วา, 380 ตรม -",82/100,https://www.facebook.com/groups/530492663958652/posts/2814044372270125/
ที่ดิน,"650,000 บาท",ตำบลแม่ปูคา อำเภอสันกำแพง จังหวัดเชียงใหม่,100 ตรว. -,82/100,https://www.facebook.com/groups/530492663958652/posts/2813859192288643/
บ้านเดี่ยว,2.2 ล้านบาท,หมู่บ้านปวริศา สันทราย,72 ตรว. 3 นอน 2 น้ำ,75/100,https://www.facebook.com/groups/530492663958652/posts/2813193039021925/
บ้านเดี่ยว,3.99ล้าน,"บ้านอ.หางดง, เทศบาลนครเชียงใหม่, จังหวัดเชียงใหม่ 50230",73 ตรว. 3 นอน 3 น้ำ,49/100,https://www.facebook.com/groups/530492663958652/posts/2813893785618517/
ที่ดินเปล่า,"650,000",ต.ศรีบัวบาน อ.เมือง ลำพูน,1 ไร่ 2 งาน 49 ตรว. -,82/100,https://www.facebook.com/groups/530492663958652/posts/2814165432258019/
คอนโด,"2,890,000บาท","เชียงใหม่, ใกล้เซนทรัลเฟสติวัล เชียงใหม่",37.5 ตารางเมตร 1 นอน 2 น้ำ,75/100,https://www.facebook.com/groups/530492663958652/posts/2814170445590851/
บ้านเดี่ยว,13 ล้านบาท,บ้านหนองผึ้ง อ.สารภี จ.เชียงใหม่,256 ตรม. 4 นอน 5 น้ำ,82/100,https://www.facebook.com/groups/530492663958652/posts/2813508818990347/
คอนโด,"13,000 บาท/เดือน",ช้างคลาน เชียงใหม่,41 ตร.ม. 1 นอน 1 น้ำ,66/100,https://www.facebook.com/groups/530492663958652/posts/2814203532254209/
ทาวน์โฮม,2.99ล้าน,อำเภอเมือง โซนหนองหอย,37.4ตรว พื้นที่ใช้สอย 220ตรม 2 นอน 2 น้ำ,82/100,https://www.facebook.com/groups/530492663958652/posts/2813182789022950/
บ้านเดี่ยว,3.99 ลบ.,"บ้านวัดหนองซิว, ป่าสัก, ลำพูน, ลำพูน 51000, ประเทศไทย",400 ตรว. 4 นอน 3 น้ำ,53/100,https://www.facebook.com/groups/530492663958652/posts/2813271209014108/
บ้านเดี่ยว,3.99 ลบ.,กอเปา ต.ป่าสัก อ.เมือง จ.ลำพูน,400 ตรว. 4 นอน 3 น้ำ,53/100,https://www.facebook.com/groups/530492663958652/posts/2813681985639697/
บ้านเดี่ยว,ราคาพิเศษเพียง 2.69 ล้านบาท,หนองแฝก สารภี,60 ตรว. 3 นอน 3 น้ำ,66/100,https://www.facebook.com/groups/530492663958652/posts/2813497392324823/
บ้านเดี่ยว,2.49 ล้าน,ต.หนองแฝก อ.สารภี,60 ตรว. 3 นอน 3 น้ำ,49/100,https://www.facebook.com/groups/530492663958652/posts/2814158008925428/
คอนโด,ราคาขายเพียง 2.3 ล้านบาท,"ถนน สันติธรรม, ช้างเผือก, เชียงใหม่, เชียงใหม่ 50300, ประเทศไทย",37.56 ตร.ม. 1 นอน 1 น้ำ,66/100,https://www.facebook.com/groups/530492663958652/posts/2813953838945845/
บ้านเดี่ยว,ราคาเพียง 1.79ลบ.,บ.ดอยสเก็ต ต.ป่าลาน อ.ดอยสะเก็ด จ.เชียงใหม่,65 ตร.ว. พื้นที่ใช้สอย 75 ตรม. 2 นอน 2 น้ำ,53/100,https://www.facebook.com/groups/530492663958652/posts/2813206822353880/
คอนโด,"2,390,000บาท (ฟรีโอน)","บุญมาศนิมมานซอย15, ใกล้มชแค่ 1 กิโล",35ตรม. 1 นอน 1 น้ำ,47/100,https://www.facebook.com/groups/530492663958652/posts/2813493795658516/
บ้านเดี่ยว,เพียง 2.59 ลบ.,หนองจ๊อม สันทราย,ทั้งในบ้าน - รอบบ้านราคาน่ารัก น่าซื้อมากกกก ที่ดิน 96.9 ตรว.เนื้อที่ใช้สอย 150 ตรม. 2 นอน 2 น้ำ,53/100,https://www.facebook.com/groups/530492663958652/posts/2814000565607839/
บ้านเดี่ยว,1.99 ล้านบาท,ต.หนองผึ้ง อ.สารภี จ.เชียงใหม่,เนื้อที่เหลือเยอะ 2 นอน 2 น้ำ,75/100,https://www.facebook.com/groups/530492663958652/posts/2813949938946235/
ที่ดิน,15 ล้าน,ซอยทานตะวัน ใกล้ร้านส้มตำอุดร,196 ตารางวา -,82/100,https://www.facebook.com/groups/530492663958652/posts/2814146475593248/
บ้านเดี่ยว,1.79 ล้าน บาท,ป่าแดด อ.เมือง จ.เชียงใหม่,43 ตารางวา 3 นอน 2 น้ำ,82/100,https://www.facebook.com/groups/530492663958652/posts/2813884915619404/
บ้านชั้นเดียว,1.3 ล้านบาท,หมู่บ้านหลักชัย อ.สันทราย (ตรงข้าม ตลาดแม่กวง),24 ตร.ว. 2 นอน 1 น้ำ,70/100,https://www.facebook.com/groups/530492663958652/posts/2813963962278166/
บ้านเดี่ยว,ราคาเพียง 9.8 ล้านบาท,หมู่บ้านเชียงใหม่ ฟลอร่าวิลล์ ดอยสะเก็ด,พื้นที่ใช้สอยรวม 300 ตร.ม ดิน 265 ตร.วา 3 นอน 3 น้ำ,47/100,https://www.facebook.com/groups/530492663958652/posts/2813849418956287/
ที่ดิน,"ขาย650, 000ค่ะ",ตำบล ยาง คราม อำเภอ ดอยหล่อ จังหวัด เชียงใหม่,เกือบ4ไร่ -,85/100,https://www.facebook.com/groups/530492663958652/posts/2813495658991663/
บ้านเดี่ยว,ราคาเริ่มต้นเพียง 2.1x ลบ. เท่านั้น!!,"หนองแฝก-สารภี, เชียงใหม่",- 3 นอน 2 น้ำ,66/100,https://www.facebook.com/groups/530492663958652/posts/2813254849015744/
บ้านเดี่ยว,43.9 ล้านบาท,"หางดง, เชียงใหม่",255 ตารางวา / 946 ตารางเมตร 5 นอน 7 น้ำ,75/100,https://www.facebook.com/groups/cnxre/posts/25382296201405195/
บ้านเดี่ยว,9.9 ล้าน,หมู่บ้านมัณฑนา โครงการLand&House อ.หางดง,400 ตร.ม 7 นอน 6 น้ำ,49/100,https://www.facebook.com/groups/cnxre/posts/25369661092668706/
คอนโด,2.3 million baht ( discount from 2.5 million baht ),เชียงใหม่,32.87sq.m 1 นอน 1 น้ำ,75/100,https://www.facebook.com/groups/cnxre/posts/25367147186253430/
บ้านเดี่ยว,2.1x ลบ.,"หนองแฝก-สารภี, เชียงใหม่",- 3 นอน 2 น้ำ,66/100,https://www.facebook.com/groups/cnxre/posts/25384157331219082/
คอนโด,2.79 ล้านบาท,"ใกล้เซ็นทรัลแอร์พอร์ต, ใกล้สนามบินนานาชาติเชียงใหม่",38.47 sq m 1 นอน 1 น้ำ,70/100,https://www.facebook.com/groups/cnxre/posts/25366626732972142/
ที่ดิน,"2,000,000",ตำบล ยางคราม อำเภอ ดอยหล่อ จังหวัด เชียงใหม่,156 ตารางวา -,85/100,https://www.facebook.com/groups/1897854047114064/posts/4391944467704997/
บ้านเดี่ยว,"ราคา450,000.-",บ้านแทนคำ หมู่10 ต.ทุ่งปี้ อ.แม่วาง จ.เชียงใหม่,61 ตารางวา None นอน 1 น้ำ,82/100,https://www.facebook.com/groups/1897854047114064/posts/4391936634372447/
คอนโด,"13,000 บาท/เดือน",ช้างคลาน เชียงใหม่,41 ตร.ม. 1 นอน 1 น้ำ,66/100,https://www.facebook.com/groups/1897854047114064/posts/4391909734375137/
ทาวน์โฮม,2.7ล้าน,"โครงการ อรสิริน 6 หลังมุม, สันปูเลย, ก่อนถึงแยกหลุยส์",43.8 ตรว 2 นอน 2 น้ำ,49/100,https://www.facebook.com/groups/1897854047114064/posts/4391909134375197/
บ้านเดี่ยว,"3,700,000",ตำบล ทุ่งปี๊ อำเภอ แม่วาง จังหวัด เชียงใหม่,5ไร่ 2 นอน 2 น้ำ,82/100,https://www.facebook.com/groups/1897854047114064/posts/4391902881042489/
ที่ดินเปล่า,420 ล้านบาท,ต.วัดเกต อ.เมืองเชียงใหม่ จ.เชียงใหม่,24-0-17 ไร่ -,82/100,https://www.facebook.com/groups/1897854047114064/posts/4391879644378146/
บ้านเดี่ยว,4.2 ล้านบาท,โครงการติดทะเลสาบ บนถนนเส้นเมนหลัก,เนื้อที่ดิน 73.3 ตร.ว. พื้นที่ใช้สอย 172.14 ตร.ม. 3 นอน 3 น้ำ,66/100,https://www.facebook.com/groups/1897854047114064/posts/4391861821046595/
บ้านเดี่ยว,5.39 ล้านบาท,-,66.10 ตารางวา 3 นอน 3 น้ำ,66/100,https://www.facebook.com/groups/1897854047114064/posts/4391860814380029/
บ้านเดี่ยว,"ราคาขาย 6,800,000 บาท",ต.สำราญราษฎร์ อ.ดอยสะเก็ด,167 ตารางเมตร 4 นอน 4 น้ำ,66/100,https://www.facebook.com/groups/1897854047114064/posts/4391857917713652/
ที่ดิน,ขาย5แสนพร้อมโอนให้ค่ะ,ตำบล ยางคราม อำเภอ ดอยหล่อ จังหวัด เชียงใหม่,110 ตารางวา 1 นอน 1 น้ำ,85/100,https://www.facebook.com/groups/1897854047114064/posts/4391856507713793/
บ้านเดี่ยว,"ราคาขาย 3,600,000 บาท !!",หมู่บ้าน Zen2 by Sivalai (เซน2 บาย ศิวาลัย),40 ตร.ว. 3 นอน 3 น้ำ,66/100,https://www.facebook.com/groups/1897854047114064/posts/4391839251048852/
บ้านเดี่ยว,"ราคาเพียง 2,190,000 บาท เท่านั้น.!!","ตลาดท่ารั้ว, ใกล้เซเว่น บิ๊กซี โรตัล",50 ตรว. 3 นอน 2 น้ำ,66/100,https://www.facebook.com/groups/1897854047114064/posts/4391834484382662/
คอนโด,"ราคาเพียง 850,000 บาท","เชียงใหม่, เทศบาลตำบลสันนาเม็ง, ใกล้ศูนย์บริการสาธารณสุข, โรงเรียนสวนองุ่นเชียงใหม่, ตลาดแม่กวง, Meta Mall, มหาวิทยาลัยพายัพ, เขตแม่คาว, โฮมโปร เชียงใหม่, สันทราย",31.08 ตารางเมตร 1 นอน 1 น้ำ,66/100,https://www.facebook.com/groups/1897854047114064/posts/4391831444382966/
คอนโด,"ราคาเพียง 758,000 บาท","เชียงใหม่, สันทราย, ใกล้โรงเรียนสวนองุ่นเชียงใหม่, ศูนย์บริการสาธารณสุขเทศบาลตำบลสันนาเม็ง, ตลาดแม่กวง Meta Mall, มหาวิทยาลัยพายัพ",30 ตร.ม. 1 นอน 1 น้ำ,66/100,https://www.facebook.com/groups/1897854047114064/posts/4391827517716692/
คอนโด,ราคาเริ่มต้น 1.15 ล้าน,"ใกล้เซนทรัลเฟสเชียงใหม่, แยกตลาดรวมโชค, มีโชคพลาซ่า, โรงพยาบาล, ร้านสะดวกซื้อ, สนามบินเชียงใหม่, มหาวิทยาลัย, โรงเรียนนานาชาติ",28 ตรม / 56 ตรม -,67/100,https://www.facebook.com/groups/1897854047114064/posts/4391825274383583/
คอนโด,"ราคาเพียง 850,000บาท",เชียงใหม่,34 ตร.ม. 1 นอน 1 น้ำ,66/100,https://www.facebook.com/groups/1897854047114064/posts/4391824791050298/
อื่นๆ,-,แยกแม่กวง,- -,82/100,https://www.facebook.com/groups/1897854047114064/posts/4391814937717950/
ที่ดิน,65 ล้านบาท,ต.เมืองงาย อ.เชียงดาว จ.เชียงใหม่,93-2-18 ไร่ -,82/100,https://www.facebook.com/groups/1897854047114064/posts/4391803557719088/
ที่ดินเปล่า,42 ล้านบาท,ต.เหมืองแก้ว อ.แม่ริม จ.เชียงใหม่,14-2-79 ไร่ -,53/100,https://www.facebook.com/groups/1897854047114064/posts/4391802707719173/
ที่ดินเปล่า,85 ล้านบาท,ต.สันพระเนตร อ.สันทราย จ.เชียงใหม่,10-2-6 ไร่ -,82/100,https://www.facebook.com/groups/1897854047114064/posts/4391801507719293/
ที่ดินเปล่า,84 ล้านบาท,ต.นาทราย อ.ลี้ จ.ลำพูน,646-3-79 ไร่ -,82/100,https://www.facebook.com/groups/1897854047114064/posts/4391797847719659/
ที่ดิน,72 ล้านบาท,ต.สันผีเสื้อ อ.เมืองเชียงใหม่ จ.เชียงใหม่,2-1-0 ไร่ -,82/100,https://www.facebook.com/groups/1897854047114064/posts/4391795114386599/
ที่ดินเปล่า,16 ล้านบาท,ต.ช้างเผือก อ.เมืองเชียงใหม่ จ.เชียงใหม่,136 ตรว. -,82/100,https://www.facebook.com/groups/1897854047114064/posts/4391791577720286/
คอนโด,5.95 ล้านบาท,"ถนน ห้วยแก้ว, สุเทพ, หมู่ที่ 8, เชียงใหม่ 50200, ประเทศไทย",100 ตร.ม. 2 นอน 1 น้ำ,66/100,https://www.facebook.com/groups/1897854047114064/posts/4391761677723276/
ที่ดิน,"ราคาเพียง 1,390,000 ฿",ต. เมืองเล็น อ.สันทราย จ.เชียงใหม่,109 ตร.ว. -,82/100,https://www.facebook.com/groups/1897854047114064/posts/4391747577724686/
อื่นๆ,"1,290 บาท",เชียงใหม่,- -,53/100,https://www.facebook.com/groups/1897854047114064/posts/4391743391058438/
บ้านเดี่ยว,ราคาเริ่มต้นเพียง 2.55 ล้านบาท*,"แม่ริม–แม่โจ้, เชียงใหม่",149 ตร.ม. 3 นอน 3 น้ำ,82/100,https://www.facebook.com/groups/1897854047114064/posts/4391715344394576/
บ้านเดี่ยว,2.9ล้าน,ท่ารั้ว ดอยสะเก็ด เชียงใหม่,180ตรม. 2 นอน 2 น้ำ,49/100,https://www.facebook.com/groups/1897854047114064/posts/4391715167727927/
คอนโด,6.9 ล้าน,เชียงใหม่ ติดห้าง Central Festival,67 ตร.ม. 2 นอน 1 น้ำ,66/100,https://www.facebook.com/groups/1897854047114064/posts/4391689734397137/
บ้านเดี่ยว,"27,000 บาท/เดือน","ถนนมหิดล, ใกล้โรงเรียนมงฟอร์ตใหญ่",123 ตารางวา 3 นอน 3 น้ำ,66/100,https://www.facebook.com/groups/1881982752029163/posts/4765840716976671/
อื่นๆ,-,แยกแม่กวง,- -,82/100,https://www.facebook.com/groups/1881982752029163/posts/4766953926865350/
คอนโด,ราคาเริ่มต้น 1.15 ล้าน,"ใกล้เซนทรัลเฟสเชียงใหม่, แยกตลาดรวมโชค, มีโชคพลาซ่า, โรงพยาบาล, ร้านสะดวกซื้อ, สนามบินเชียงใหม่, มหาวิทยาลัย, โรงเรียนนานาชาติ",28 ตรม / 56 ตรม -,67/100,https://www.facebook.com/groups/1881982752029163/posts/4766234913603918/
คอนโด,"ราคาเพียง 2,450,000 บาท","สันติธรรม, เชียงใหม่",37 ตร.ม. 1 นอน 1 น้ำ,75/100,https://www.facebook.com/groups/1881982752029163/posts/4765673823660027/
บ้านเดี่ยว,"4,980,000 บาท",หมู่บ้านวังตาล,260 ตรม. 90 ตรว. 3 นอน 4 น้ำ,75/100,https://www.facebook.com/groups/1881982752029163/posts/4765878903639519/
คอนโด,2.1 ลบ.,"สวนดอก, เชียงใหม่",35 ตร.ม. 1 นอน 1 น้ำ,82/100,https://www.facebook.com/groups/1881982752029163/posts/4765878223639587/
บ้านเดี่ยว,43.9 ล้านบาท,"หางดง, เชียงใหม่",255 ตารางวา 5 นอน 7 น้ำ,75/100,https://www.facebook.com/groups/1881982752029163/posts/4765782966982446/
ที่ดิน,"ราคาเพียง 17,329,000 บาท","หมู่บ้านล้านนาวิลย์, ใกล้ตลาดรวมโชค, วงแหวนรอบ 2 เชียงใหม่",403 ตารางวา (1 ไร่ 3 ตรว.) -,49/100,https://www.facebook.com/groups/1881982752029163/posts/4765870390307037/
บ้านเดี่ยว,ราคาเริ่มต้นที่ 4.35 ล้านบาท,"สันทราย, เชียงใหม่",51.80 ตารางวา พื้นที่ใช้สอย 144.40 ตารางเมตร 3 นอน 3 น้ำ,66/100,https://www.facebook.com/groups/1881982752029163/posts/4765943473633062/
ที่ดินเปล่า,ไร่ละ1.3ล้าน,-,10ไร่ -,82/100,https://www.facebook.com/groups/1881982752029163/posts/4766257210268355/
บ้านเดี่ยว,7.99 ลบ.,"หมู่บ้านพิมุกต์ 4 เชียงใหม่, ใกล้วงแหวนรอบ 2, ตรงข้ามโฮมสุขภัณฑ์, ใกล้ Central Festival, รพ.กรุงเทพ และโรงเรียนนานาชาติ",- 5 นอน 5 น้ำ,82/100,https://www.facebook.com/groups/1881982752029163/posts/4765919850302091/
บ้านเดี่ยว,"1,990,000 บาท",ต.หนองผึ้ง อ.สารภี จ.เชียงใหม่,79.8 ตร.ว. 2 นอน 2 น้ำ,51/100,https://www.facebook.com/groups/1881982752029163/posts/4766171913610218/
คอนโด,"ราคาเพียง 3,650,000 บาท",ถนนนิมมานซอย6 เชียงใหม่,44 ตารางเมตร 1 นอน 1 น้ำ,75/100,https://www.facebook.com/groups/1881982752029163/posts/4765984430295633/
คอนโด,6.99 ล้านบาท,"เชียงใหม่, ติด Central Festival",67 ตร.ม. 2 นอน 2 น้ำ,66/100,https://www.facebook.com/groups/1881982752029163/posts/4766856786875064/
บ้านเดี่ยว,5.99 ล้านบาท,หลังบิ๊กซี แม่เหียะ เชียงใหม่ (ซอยศรีศุกรี8),พื้นที่ดิน 62.5 ตารางเมตร พื้นที่ใช้สอย 377 ตารางเมตร 3 นอน 5 น้ำ,79/100,https://www.facebook.com/groups/1881982752029163/posts/4767035703523839/
บ้านเดี่ยว,ราคาเพียง 1.85 ล้านบาท,บ้านขัวเด้ง สันผักหวาน (ติดหมู่บ้านปรารถนา พลัส),50 ตารางวา 2 นอน 2 น้ำ,49/100,https://www.facebook.com/groups/1881982752029163/posts/4766432113584198/
คอนโด,1.1 ล้านบาท,"103 เซ็นทรัลคอนโดมิเนียม, ไชยสถาน, สารภี, เชียงใหม่ 50140, ประเทศไทย",35 ตารางเมตร 1 นอน 1 น้ำ,82/100,https://www.facebook.com/groups/1881982752029163/posts/4767039993523410/
บ้านเดี่ยว,ราคา2.59 ลบ.รวมโอน,"ถนน ศรีวิชัย ซอย 1, สุเทพ, หมู่ที่ 8, เชียงใหม่ 50200, ประเทศไทย",15 ตรวา พื้นที่ใช้สอย 55 ตรม. 1 นอน 2 น้ำ,82/100,https://www.facebook.com/groups/1881982752029163/posts/4765748800319196/
บ้านเดี่ยว,"14,900,000 บาท",สันทราย หนองจ๊อม เชียงใหม่,165.5 ตารางวา (~662 ตารางเมตร) 4 นอน 5 น้ำ,75/100,https://www.facebook.com/groups/1881982752029163/posts/4765776346983108/
คอนโด,1.29 ล้านบาท,"แถวช้างคลาน, ใจกลางเมืองเชียงใหม่, ใกล้ประตูท่าแพ, ไนท์บาซาร์",28.35 ตร.ม. 1 นอน 1 น้ำ,70/100,https://www.facebook.com/groups/1881982752029163/posts/4767106493516760/
บ้านเดี่ยว,ราคาเริ่มต้นเพียง 2.1x ลบ. เท่านั้น!!,หนองแฝก-สารภี,- 3 นอน 2 น้ำ,70/100,https://www.facebook.com/groups/1881982752029163/posts/4766232900270786/
คอนโด,ราคาเริ่มต้น 1.15 ล้าน,"ใกล้เซนทรัลเฟสเชียงใหม่, แยกตลาดรวมโชค, มีโชคพลาซ่า, โรงพยาบาล, ร้านสะดวกซื้อ, สนามบินเชียงใหม่, มหาวิทยาลัย, โรงเรียนนานาชาติ",28 ตรม / 56 ตรม -,67/100,https://www.facebook.com/groups/1881982752029163/posts/4766961006864642/
ที่ดิน,12 ล้านบาท,ใกล้สนามกีฬาสันผักหวาน หางดง เข้าซอยประมาณ 200 ม. ห่างจากสนามบินเชียงใหม่ 10 กม.,2 ไร่ -,82/100,https://www.facebook.com/groups/1881982752029163/posts/4765926663634743/
บ้านพูลวิลล่า,"20,000,000 บาท",ต.ห้วยทราย อ.แม่ริม จ.เชียงใหม่,400 ตร.ม. 3 นอน 4 น้ำ,75/100,https://www.facebook.com/groups/1881982752029163/posts/4765786280315448/
บ้านเดี่ยว,8.9 ล้านบาท,ล้านนาเลควิว ตำบล ตลาดขวัญ อำเภอดอยสะเก็ด เชียงใหม่,123.3 ตรว. พื้นที่ใช้สอย 200 ตรม. 3 นอน 3 น้ำ,67/100,https://www.facebook.com/groups/1881982752029163/posts/4765650823662327/
ที่ดิน,ขายไร่ละ 3 ล้านบาทรวมค่าโอนให้ค่ะ,บ้านไชยสถาน ซอย 5 ตำบลไชยสถาน อำเภอสารภี จังหวัดเชียงใหม่,6 ไร่ -,79/100,https://www.facebook.com/groups/1881982752029163/posts/4766748373552572/
บ้านเดี่ยว,"990,000 บาท",ตำบลแม่ก๊ะ อำเภอสันป่าตอง จังหวัดเชียงใหม่,184 ตารางวา -,53/100,https://www.facebook.com/groups/1881982752029163/posts/4765696913657718/
ที่ดินพร้อมบ้าน,2.5ล.,บ้านโป่งกุ่ม ต.ป่าเมี่ยง อ.ดอยสะเก็ด จ.เชียงใหม่,2 ไร่ -,82/100,https://www.facebook.com/groups/1881982752029163/posts/4765642790329797/
คอนโด,ราคาเพียง 1.29 ล้านบาท,103 เซ็นทรัลคอนโดมิเนียม เชียงใหม่,36 ตารางเมตร 1 นอน 1 น้ำ,66/100,https://www.facebook.com/groups/1881982752029163/posts/4767057540188322/
อื่นๆ,-,"บ้านม้า, ลำพูน",- -,73/100,https://www.facebook.com/groups/1881982752029163/posts/4766201746940568/
ที่ดิน,-,"เชียงใหม่, สารภี, ตำบลชมภู",- -,75/100,https://www.facebook.com/groups/1928645537294336/posts/3291518151007061/
คอนโด,"ราคาเพียง 2,450,000 บาท","สันติธรรม, เชียงใหม่",37 ตร.ม. 1 นอน 1 น้ำ,75/100,https://www.facebook.com/groups/1928645537294336/posts/3291388891019987/
คอนโด,2.1 ลบ.,"สวนดอก, เชียงใหม่",35 ตร.ม. 1 นอน 1 น้ำ,82/100,https://www.facebook.com/groups/1928645537294336/posts/3291594244332785/
คอนโด,2.39 ล.,นครพิงค์,36 ตรม. -,82/100,https://www.facebook.com/groups/1928645537294336/posts/3291837287641814/
คอนโด,5.95 ล้านบาท,"ถนน ห้วยแก้ว, สุเทพ, หมู่ที่ 8, เชียงใหม่ 50200, ประเทศไทย",100 ตร.ม. 2 นอน 1 น้ำ,66/100,https://www.facebook.com/groups/1928645537294336/posts/3292610370897839/
บ้านเดี่ยว,1.8 ล้านบาท,แม่ทา จ.ลำพูน,257 ตารางวา 5 นอน 2 น้ำ,82/100,https://www.facebook.com/groups/1928645537294336/posts/3292444470914429/
คอนโด,ราคาเริ่มต้น 1.15 ล้าน,"ใกล้เซนทรัลเฟสเชียงใหม่, แยกตลาดรวมโชค, มีโชคพลาซ่า, โรงพยาบาล, ร้านสะดวกซื้อ, สนามบินเชียงใหม่, มหาวิทยาลัย, โรงเรียนนานาชาติ",28 ตรม / 56 ตรม -,67/100,https://www.facebook.com/groups/1928645537294336/posts/3291937357631807/
บ้านเดี่ยว,ราคาเริ่มต้นที่ 4.35 ล้านบาท,"สันทราย, เชียงใหม่",51.80 ตารางวา พื้นที่ใช้สอย 144.40 ตารางเมตร 3 นอน 3 น้ำ,66/100,https://www.facebook.com/groups/1928645537294336/posts/3291660947659448/
คอนโด,2.69 ล้านบาท*,"ศิริมังคลาจารย์ ซอย 1, ห้วยแก้ว, เชียงใหม่",36.5 ตร.ม. 1 นอน 1 น้ำ,66/100,https://www.facebook.com/groups/1928645537294336/posts/3291948830963993/
บ้านเดี่ยว,ราคา2.59 ลบ.รวมโอน,"ถนน ศรีวิชัย ซอย 1, สุเทพ, เชียงใหม่, เชียงใหม่ 50200, ประเทศไทย",15 ตรวา พื้นที่ใช้สอย 55 ตรม. 2 นอน 2 น้ำ,82/100,https://www.facebook.com/groups/1928645537294336/posts/3291461357679407/
บ้านเดี่ยว,2.89 ล้าน,"ห่างอรสิรินโครงการ 6 เพียง 300 เมตร, ใกล้ตลาดท่ารั้ว, เชียงใหม่",180 ตารางเมตร 4 นอน 3 น้ำ,47/100,https://www.facebook.com/groups/1919824171581033/posts/4464239017139523/
บ้านเดี่ยว,2.5 ล้าน,"กรีนวิลล์โฮม, แม่โจ้, สันทราย, เชียงใหม่",59 ตารางวา 3 นอน 3 น้ำ,49/100,https://www.facebook.com/groups/250469775470436/posts/2303670496817010/
บ้านเดี่ยว,2.89 ล้าน,"ห่างอรสิรินโครงการ 6 เพียง 300 เมตร, ใกล้ตลาดท่ารั้ว, เชียงใหม่",180 ตารางเมตร 4 นอน 3 น้ำ,47/100,https://www.facebook.com/groups/250469775470436/posts/2303627996821260/
บ้านเดี่ยว,5 ล้าน,หมู่บ้านสวิทโฮมเชียงใหม่,78 ตรว. 4 นอน 4 น้ำ,53/100,https://www.facebook.com/groups/250469775470436/posts/2303603416823718/
คอนโด,"13,000 บาท/เดือน",ย่านช้างคลาน เชียงใหม่,41 ตร.ม. 1 นอน 1 น้ำ,66/100,https://www.facebook.com/groups/250469775470436/posts/2303597743490952/
ที่ดินเปล่า,46 ล้านบาท,นิมมาน ต.สุเทพ อ.เมืองเชียงใหม่ จ.เชียงใหม่,101 ตารางวา -,82/100,https://www.facebook.com/groups/250469775470436/posts/2303524203498306/
คอนโด,ราคาขาย 6.9 ล้าน,เชียงใหม่ ติดห้าง Central Festival,67 ตร.ม. 2 นอน 1 น้ำ,66/100,https://www.facebook.com/groups/250469775470436/posts/2303432573507469/
บ้านเดี่ยว,8.8 ล้านบาท,แม่ริม เชียงใหม่,- 3 นอน 2 น้ำ,82/100,https://www.facebook.com/groups/250469775470436/posts/2303324573518269/
บ้านเดี่ยว,13 ล้านบาท,บ้านหนองผึ้ง อ.สารภี จ.เชียงใหม่,256 ตรม. 4 นอน 5 น้ำ,82/100,https://www.facebook.com/groups/250469775470436/posts/2303024730214920/
บ้านเดี่ยว,2.9ล้าน,สันกำแพง จ.เชียงใหม่ หลังโลตัสสร้างใหม่,- 4 นอน 4 น้ำ,82/100,https://www.facebook.com/groups/1873094122912006/posts/4199259980295397/
คอนโด,"2,890,000บาท","เชียงใหม่, ใกล้เซนทรัลเฟสติวัล เชียงใหม่",37.5 ตารางเมตร 1 นอน 2 น้ำ,75/100,https://www.facebook.com/groups/1873094122912006/posts/4199538920267503/
อื่นๆ,-,แยกแม่กวง,- -,82/100,https://www.facebook.com/groups/1873094122912006/posts/4199486626939399/
คอนโด,ราคาเริ่มต้น 1.15 ล้าน,"ใกล้เซนทรัลเฟสเชียงใหม่, แยกตลาดรวมโชค, มีโชคพลาซ่า, โรงพยาบาล, ร้านสะดวกซื้อ, สนามบินเชียงใหม่, มหาวิทยาลัย, โรงเรียนนานาชาติ",28 ตรม / 56 ตรม -,67/100,https://www.facebook.com/groups/1873094122912006/posts/4198845330336862/
ที่ดิน,8 ล้านบาท,ติดลำน้ำปิง,1 ไร่ 30 ตารางวา -,82/100,https://www.facebook.com/groups/1873094122912006/posts/4199226523632076/
บ้านเดี่ยว,3.5 ล้านบาท,อ.สารภี จ.เชียงใหม่,2งาน 54ตร.ว 2 นอน 2 น้ำ,82/100,https://www.facebook.com/groups/1873094122912006/posts/4199501743604554/
คอนโด,3.98 ล้านบาท,"นิมมาน–ห้วยแก้ว, เชียงใหม่",73 ตร.ม. 2 นอน 1 น้ำ,75/100,https://www.facebook.com/groups/1873094122912006/posts/4199673916920670/
คอนโด,"13,000 บาท/เดือน",ช้างคลาน เชียงใหม่,41 ตร.ม. 1 นอน 1 น้ำ,66/100,https://www.facebook.com/groups/1873094122912006/posts/4199576733597055/
บ้านเดี่ยว,-,โครงการสีวลีราชพฤกษ์,76 ตรว 3 นอน 3 น้ำ,49/100,https://www.facebook.com/groups/1873094122912006/posts/4199430310278364/
บ้านเดี่ยว,2.69 ล้านบาท,หนองแฝก สารภี,60 ตรว. 3 นอน 3 น้ำ,66/100,https://www.facebook.com/groups/1873094122912006/posts/4198882466999815/
บ้านเดี่ยว,1.69ลบ,เชียงใหม่,60 ตารางวา 3 นอน 2 น้ำ,75/100,https://www.facebook.com/groups/1873094122912006/posts/4199231400298255/
บ้านเดี่ยว,2.49 ล้าน,ต.หนองแฝก อ.สารภี,60 ตารางวา 3 นอน 3 น้ำ,49/100,https://www.facebook.com/groups/1873094122912006/posts/4199522670269128/
บ้านเดี่ยว,"ราคาเพียง 2,190,000 บาท",ต.สันกำแพง อ.สันกำแพง จ.เชียงใหม่,50 ตารางวา 3 นอน 2 น้ำ,49/100,https://www.facebook.com/groups/1873094122912006/posts/4199525993602129/
บ้านเดี่ยว,1.99 ล้านบาท,บ้านน้ำโจ้ – สารภี (ใกล้วัดน้ำโจ้),50 ตรว. 3 นอน 2 น้ำ,49/100,https://www.facebook.com/groups/1873094122912006/posts/4199282003626528/
ที่ดิน,"ราคาเริ่มต้นเพียง 9,000 – 12,000 บาท/ตร.ว.",เชียงใหม่,- -,53/100,https://www.facebook.com/groups/1873094122912006/posts/4199582390263156/
คอนโด,ราคาเริ่มต้น 1.15 ล้าน,"ใกล้เซนทรัลเฟสเชียงใหม่, แยกตลาดรวมโชค, มีโชคพลาซ่า, โรงพยาบาล, ร้านสะดวกซื้อ, สนามบินเชียงใหม่, มหาวิทยาลัย, โรงเรียนนานาชาติ",28 ตรม / 56 ตรม -,67/100,https://www.facebook.com/groups/1873094122912006/posts/4199490023605726/
ที่ดิน,15 ล้าน,ซอยทานตะวัน ใกล้ร้านส้มตำอุดร,196 ตารางวา -,82/100,https://www.facebook.com/groups/1873094122912006/posts/4199513373603391/
บ้านเดี่ยว,3.99ล้าน,"บ้านอ.หางดง, เทศบาลนครเชียงใหม่, จังหวัดเชียงใหม่ 50230",73 ตรว. 3 นอน 3 น้ำ,49/100,https://www.facebook.com/groups/1873094122912006/posts/4199252560296139/
อื่นๆ,-,แยกแม่กวง,- -,82/100,https://www.facebook.com/groups/2083392538672247/posts/2650229045321924/
คอนโด,3.98 ล้านบาท,"นิมมาน–ห้วยแก้ว, เชียงใหม่",73 ตร.ม. 2 นอน 1 น้ำ,75/100,https://www.facebook.com/groups/2083392538672247/posts/2650396931971802/
คอนโด,"13,000 บาท/เดือน",ย่านช้างคลาน เชียงใหม่,41 ตร.ม. 1 นอน 1 น้ำ,66/100,https://www.facebook.com/groups/2083392538672247/posts/2650311738646988/
คอนโด,2.69 ล้านบาท*,"ศิริมังคลาจารย์ ซอย 1, ห้วยแก้ว, เชียงใหม่",36.5 ตร.ม. 1 นอน 1 น้ำ,66/100,https://www.facebook.com/groups/2083392538672247/posts/2649411992070296/
คอนโด,2.69 ล้านบาท*,"เชียงใหม่, ใกล้ถ.นิมมาน, ใกล้มหาวิทยาลัยเชียงใหม่, ใกล้ MAYA",36.5 ตร.ม. 1 นอน 1 น้ำ,66/100,https://www.facebook.com/groups/2083392538672247/posts/2649623942049101/
คอนโด,6.9 ล้าน,เชียงใหม่ ติดห้าง Central Festival,67 ตร.ม. 2 นอน 1 น้ำ,66/100,https://www.facebook.com/groups/2083392538672247/posts/2650121788665983/
ที่ดินเปล่า,ไร่ละ1.3ล้าน,-,10ไร่ -,82/100,https://www.facebook.com/groups/2083392538672247/posts/2649636428714519/
อื่นๆ,"122,222",เชียงใหม่ #ม.พายัพ,- -,82/100,https://www.facebook.com/groups/864193946960728/posts/25347304771556305/
ที่ดิน,"7,900 บาท ต่อ ตร.ว",แม่ริม จ.เชียงใหม่,494 ตรว. -,82/100,https://www.facebook.com/groups/864193946960728/posts/25344858135134302/
บ้านเดี่ยว,"800,000 ฿",ต.ป่าไผ่ อ.สันทราย,90 ตรว. 2 นอน 1 น้ำ,82/100,https://www.facebook.com/groups/864193946960728/posts/25345813565038759/
ที่ดินเปล่า,2.6ลบ.,ต.สันผักหวาน อ.หางดง,90 ตร.ว. -,82/100,https://www.facebook.com/groups/864193946960728/posts/25339535672333215/
บ้านเดี่ยว,เหลือเพียง2.65ล้าน,บ้านแม่ยาก ต.บ้านกลาง ลำพูน,พื้นที่ใช้สอย150ตรม. ที่ดิน51.5ตรว. -,49/100,https://www.facebook.com/groups/864193946960728/posts/25346742804945835/
บ้านเดี่ยว,3.5 ล้านบาท,อ.สารภี จ.เชียงใหม่,2งาน 54ตร.ว 2 นอน 2 น้ำ,82/100,https://www.facebook.com/groups/864193946960728/posts/25347002221586560/
บ้านเดี่ยว,1.29 ล้าน,"ดอยสะเก็ด, เชียงใหม่",50 ตรว. 2 นอน 2 น้ำ,70/100,https://www.facebook.com/groups/864193946960728/posts/25340005105619605/
บ้านเดี่ยว,2.5 ล้าน,"กรีนวิลล์โฮม, แม่โจ้, สันทราย, เชียงใหม่",59 ตารางวา 3 นอน 3 น้ำ,49/100,https://www.facebook.com/groups/864193946960728/posts/25348263684793747/
คอนโด,1.35 ล้าน,"เชียงใหม่วิวเพลส 2, ใกล้แยกโรบันสัน, ใกล้สนามบิน",49 ตร.ม. 1 นอน 1 น้ำ,82/100,https://www.facebook.com/groups/864193946960728/posts/25341077618845687/
บ้านเดี่ยว,ราคาเพียง 1.85 ล้านบาท,บ้านขัวเด้ง สันผักหวาน (ติดหมู่บ้านปรารถนา พลัส),50 ตารางวา 2 นอน 2 น้ำ,49/100,https://www.facebook.com/groups/864193946960728/posts/25342708538682595/
ที่ดิน,"9,000 บาท",-,1 ไร่ 1 งาน 45 ตารางวา -,82/100,https://www.facebook.com/groups/864193946960728/posts/25340773918876057/
ที่ดิน,"960,000บ.",บ้านสวนป่าลาน ต. สันทราย หลวง อ.สันทราย,95 ตารางวา -,82/100,https://www.facebook.com/groups/864193946960728/posts/25347594768193972/
ที่ดินเปล่า,เพียง 1.2 ล้านบาท,"หมู่ที่ 2, ตลาดขวัญ, เชียงใหม่ 50220, ประเทศไทย",92 ตร.วา -,47/100,https://www.facebook.com/groups/864193946960728/posts/25346881924931923/
บ้านเดี่ยว,"1,990,000 บาท",ต.หนองผึ้ง อ.สารภี จ.เชียงใหม่,79.8 ตร.ว. 2 นอน 2 น้ำ,51/100,https://www.facebook.com/groups/864193946960728/posts/25340753218878127/
บ้านเดี่ยว,2.5 ล้านบาท,"หมู่บ้านฮอต กุลพันธ์วิลล์ 9 เซนทริค, ใกล้กาดฝรั่ง และรร.นานาชาติ หลายแห่ง",66 ตารางวา 2 นอน 2 น้ำ,82/100,https://www.facebook.com/groups/864193946960728/posts/25340894445530671/
บ้านเดี่ยว,"ราคาเริ่มเพียง 2,500,000 ล้านที่ดินเริ่ม 51 ตรว.","บ้านท้าวผายูสันผักหวาน, ใกล้วงแหวนรอบ3, ใกล้แยกพืชสวนโลก",51 ตารางวา 3 นอน 2 น้ำ,66/100,https://www.facebook.com/groups/baanchiangmai/posts/2587425508295984/
คอนโด,"13,000 บาท/เดือน","ช้างคลาน, เชียงใหม่",41 ตร.ม. 1 นอน 1 น้ำ,66/100,https://www.facebook.com/groups/baanchiangmai/posts/2587334624971739/
บ้านเดี่ยว,-,หมู่บ้านวรารมย์ เจริญเมือง,81 ตร.วา -,82/100,https://www.facebook.com/groups/baanchiangmai/posts/2586003411771527/
บ้านเดี่ยว,ราคาพิเศษเพียง 2.69 ล้านบาท,หนองแฝก สารภี,60 ตรว. 3 นอน 3 น้ำ,66/100,https://www.facebook.com/groups/baanchiangmai/posts/2586651318373403/
บ้านเดี่ยว,2.5 ล้านบาท,"หมู่บ้านฮอต กุลพันธ์วิลล์ 9 เซนทริค, ใกล้กาดฝรั่ง และรร.นานาชาติ หลายแห่ง",66 ตารางวา 2 นอน 2 น้ำ,82/100,https://www.facebook.com/groups/baanchiangmai/posts/2586530798385455/
ที่ดิน,"960,000บ.",บ้านสวนป่าลาน ต. สันทราย หลวง อ.สันทราย,95 ตรว. -,82/100,https://www.facebook.com/groups/baanchiangmai/posts/2587341454971056/
บ้านเดี่ยว,"ราคา 2,300,000 ล้านบาท [รวมโอน]","โซนสารภี เชียงใหม่, ติดถนนเลียบทางรถไฟ",43 ตารางวา พื้นที่ใช้สอย 105 ตารางเมตร 2 นอน 2 น้ำ,70/100,https://www.facebook.com/groups/baanchiangmai/posts/2585760355129166/
คอนโด,ราคาขาย 6.9 ล้าน,เชียงใหม่ ติดห้าง Central Festival,67 ตร.ม. 2 นอน 1 น้ำ,66/100,https://www.facebook.com/groups/baanchiangmai/posts/2587153998323135/
บ้านเดี่ยว,"ราคาเพียง 2,190,000 บาท",ต.สันกำแพง อ.สันกำแพง จ.เชียงใหม่,50 ตารางวา 3 นอน 2 น้ำ,49/100,https://www.facebook.com/groups/baanchiangmai/posts/2587332298305305/
ที่ดิน,15 ล้าน,ซอยทานตะวัน ใกล้ร้านส้มตำอุดร,196 ตารางวา -,82/100,https://www.facebook.com/groups/baanchiangmai/posts/2587283131643555/
ที่ดิน,22ล้าน,"คูเมืองด้านใน, เข้าซอย50เมตร, ซอยมิตรปราณี/ถนนราชภาคินัย/มูลเมือซอย1, ใกล้ประตูเชียงใหม่",166 ตารางวา -,82/100,https://www.facebook.com/groups/baanchiangmai/posts/2586008901770978/
บ้านเดี่ยว,"ราคาเริ่มเพียง 2,500,000 ล้าน","บ้านท้าวผายูสันผักหวาน, ใกล้วงแหวนรอบ3, ใกล้แยกพืชสวนโลก",51 ตรว. 3 นอน 2 น้ำ,66/100,https://www.facebook.com/groups/baanchiangmai/posts/2587379601633908/
บ้านเดี่ยว,8.9 ล้านบาท,ใกล้กาดฝรั่ง หางดง เชียงใหม่,50 ตรว. 5 นอน 5 น้ำ,75/100,https://www.facebook.com/groups/411301775702951/posts/3373912796108486/
บ้านเดี่ยว,"800,000 ฿",ต.ป่าไผ่ อ.สันทราย,90 ตรว. 2 นอน 1 น้ำ,82/100,https://www.facebook.com/groups/1475061816108017/posts/4291908191090018/
ที่ดิน,"ราคา2,500,000บาท รวมโอน",ตำบลหนองจ๊อม อำเภอสันทราย เชียงใหม่,47 ตารางวา -,82/100,https://www.facebook.com/groups/1475061816108017/posts/4292017947745709/
บ้านเดี่ยว,750000 บาท,บ้านสัน ปู เลย ต.แม่แตง อ.แม่แตง จ.เชียงใหม่,160 ตรว. -,82/100,https://www.facebook.com/groups/1475061816108017/posts/4291389647808539/
บ้านเดี่ยว,3.5 ล้านบาท,อ.สารภี จ.เชียงใหม่,2งาน 54ตร.ว 2 นอน 2 น้ำ,82/100,https://www.facebook.com/groups/1475061816108017/posts/4292068617740642/
ที่ดิน,"ขายยกแปลง 28,819,200บาท",ต.ต้นเปา อ.สันกำแพง เชียงใหม่,9ไร่ 48 ตารางวา -,82/100,https://www.facebook.com/groups/1475061816108017/posts/4292203641060473/
บ้านเดี่ยว,3.5 ล้านบาท,อ.สารภี จ.เชียงใหม่,2งาน 54ตร.ว 2 นอน 2 น้ำ,82/100,https://www.facebook.com/groups/1475061816108017/posts/4291334247814079/
บ้านเดี่ยว,13 ล้านบาท,บ้านหนองผึ้ง อ.สารภี จ.เชียงใหม่,256 ตรม. 4 นอน 5 น้ำ,82/100,https://www.facebook.com/groups/1475061816108017/posts/4291435981137239/
บ้านเดี่ยว,"2,550,000 บาท",ต.สันทรายน้อย อ.สันทราย จ.เชียงใหม่,55 ตรว. 3 นอน 2 น้ำ,49/100,https://www.facebook.com/groups/1475061816108017/posts/4291880384426132/
ที่ดิน,"600,000",อำเภอสันป่าตอง จังหวัดเชียงใหม่,80 ตารางวา -,79/100,https://www.facebook.com/groups/1475061816108017/posts/4291896437757860/
ที่ดิน,"2,000,000",ตำบล ยางคราม อำเภอ ดอยหล่อ จังหวัด เชียงใหม่,156 ตารางวา -,85/100,https://www.facebook.com/groups/1475061816108017/posts/4292165937730910/
บ้านเดี่ยว,"3,700,000","ตำบล ทุ่งปี๊, อำเภอ แม่วาง, จังหวัด เชียงใหม่",5ไร่ 2 นอน 2 น้ำ,82/100,https://www.facebook.com/groups/1475061816108017/posts/4292119554402215/
บ้านเดี่ยว,"700,000 บาท",บ้านม่วงงาม ต.แจ้ห่ม อ.แจ้ห่ม จ.ลำปาง,53 ตารางวา 3 นอน 2 น้ำ,82/100,https://www.facebook.com/groups/1475061816108017/posts/4291572444456926/
คอนโด,"13,000 บาท/เดือน",ย่านช้างคลาน เชียงใหม่,41 ตร.ม. 1 นอน 1 น้ำ,66/100,https://www.facebook.com/groups/1475061816108017/posts/4292137364400434/
คอนโด,1.35 ล้าน,"เชียงใหม่วิวเพลส, ใกล้แยกโรบันสัน, ใกล้สนามบิน",49 ตร.ม. 1 นอน 1 น้ำ,82/100,https://www.facebook.com/groups/1475061816108017/posts/4291367457810758/
ที่ดินเปล่า,"ราคาเพียง: 400,000 บาท","ทางขึ้นดอยอินทนนท์, ใกล้โรงแรมราชพฤกษ์และโบสถ์คริสต์, จอมทอง, เชียงใหม่",1 ไร่ 0 งาน 4 ตร.ว. -,82/100,https://www.facebook.com/groups/1475061816108017/posts/4292175697729934/
บ้านเดี่ยว,2.69 ล้านบาท,หนองแฝก สารภี,60 ตรว. 3 นอน 3 น้ำ,47/100,https://www.facebook.com/groups/1475061816108017/posts/4291426761138161/
ที่ดิน,"ราคาแปลงละ500,000บาท",บ้านห้วยหวาย ต.ดงมะดะ อ.แม่ลาว จ.เชียงราย,2งาน -,82/100,https://www.facebook.com/groups/1475061816108017/posts/4291866777760826/
ที่ดิน,"650,000 บาท",ตำบลแม่ปูคา อำเภอสันกำแพง จังหวัดเชียงใหม่,100 ตรว. -,82/100,https://www.facebook.com/groups/1475061816108017/posts/4291801557767348/
ที่ดิน,15 ล้าน,ซอยทานตะวัน ใกล้ร้านส้มตำอุดร,196 ตารางวา -,82/100,https://www.facebook.com/groups/1475061816108017/posts/4292078361073001/
ที่ดิน,"9,000 บาท",-,1 ไร่ 1 งาน 45 ตารางวา -,82/100,https://www.facebook.com/groups/1475061816108017/posts/4291336661147171/
อื่นๆ,"82,000,000 บาท",อำเภอดอกคำใต้ จังหวัดพะเยา,"10 ไร่ (16,000 ตารางเมตร) -",47/100,https://www.facebook.com/groups/1475061816108017/posts/4291339444480226/
คอนโด,5.95 ล้านบาท,"ถนน ห้วยแก้ว, สุเทพ, หมู่ที่ 8, เชียงใหม่ 50200, ประเทศไทย #ติดทรัพย์",100 ตร.ม. 2 นอน 1 น้ำ,66/100,https://www.facebook.com/groups/1475061816108017/posts/4292004237747080/
ที่ดิน,"ไร่ละ 3,300,000 บาท",ติดถนนสายหลักสันป่าตอง-บ้านกาด-แม่วางติดกับโครงการแม่วางพลาซ่า,5ไร่ 2งาน 97ตร.วา -,67/100,https://www.facebook.com/groups/1475061816108017/posts/4292145657732938/
ที่ดินเปล่า,"ราคาเสนอ: 130,000 บาท/ตร.วา",ซอยราชพฤกษ์ ถนนห้วยแก้ว ใกล้เมืองเชียงใหม่ ห่างจากนิมมานเหมินท์ 1.5 กม.,3 ไร่ 15 ตร.วา -,90/100,https://www.facebook.com/groups/1582425938465943/posts/32597755266506271/
ที่ดิน,"ราคา ตร.วา ละ 11,000 บาท",ตำบลเหมืองแก้ว อำเภอแม่ริม จังหวัดเชียงใหม่,4ไร่ 2งาน 86 ตรว -,87/100,https://www.facebook.com/groups/1582425938465943/posts/32580725998209198/
บ้านเดี่ยว,"1,990,000 บาท",ต.หนองผึ้ง อ.สารภี จ.เชียงใหม่,79.8 ตร.ว. 2 นอน 2 น้ำ,53/100,https://www.facebook.com/groups/1582425938465943/posts/32598057099809421/
ที่ดิน,-,-,- -,82/100,https://www.facebook.com/groups/1582425938465943/posts/32583498711265260/
บ้านเดี่ยว,2.69 ล้านบาท,หนองแฝก สารภี,60 ตรว. 3 นอน 3 น้ำ,66/100,https://www.facebook.com/groups/1582425938465943/posts/32585677327714065/
บ้านเดี่ยว,"ราคา450,000.-",บ้านแทนคำ หมู่10 ต.ทุ่งปี้ อ.แม่วาง จ.เชียงใหม่,61 ตารางวา None นอน 1 น้ำ,82/100,https://www.facebook.com/groups/362307990479383/posts/25275368508746653/
บ้านเดี่ยว,เริ่มเพียง 1.89 ล้าน,ต.ประตูป่า อ.เมือง จ.ลำพูน,กว้างกว่า 120 ตร.ม. 3 นอน 2 น้ำ,70/100,https://www.facebook.com/groups/1582425938465943/posts/32581191944829270/
บ้านเดี่ยว,ขายเพียง 4.59 ลบ.,ท่ารั้ว – ตลาดขวัญ เชียงใหม่,312 ตร.ม. 4 นอน 3 น้ำ,82/100,https://www.facebook.com/groups/sale.rent.poolvillachiangmai/posts/2413182315805419/
ที่ดิน,"2,000,000",ตำบล ยาง คราม อำเภอ ดอยหล่อ จังหวัด เชียงใหม่,156 ตารางวา -,85/100,https://www.facebook.com/groups/sale.rent.poolvillachiangmai/posts/2413149849141999/
ที่ดิน,"490,000 บ.",บ้านใหม่ป่าฝาง ม.15 ต.น้ำดิบ อ.ป่าซาง จ.ลำพูน,200 ตรว. -,82/100,https://www.facebook.com/groups/203683550205761/posts/2039394239968007/
บ้านเดี่ยว,2.2 ล้านบาท,หมู่บ้านปวริศา สันทราย,72 ตรว. 3 นอน 2 น้ำ,75/100,https://www.facebook.com/groups/203683550205761/posts/2038593773381387/
คอนโด,9.5 ล้าน,"หมู่3 ต.สันนาเม็ง ซ.สันนาเม็ง15 ถ.สันนาเม็ง ตำบลสันนาเม็ง, อำเภอสันทราย, จังหวัดเชียงใหม่, 50210",- -,82/100,https://www.facebook.com/groups/203683550205761/posts/2037462710161160/
บ้านเดี่ยว,"ราคาเริ่มเพียง 2,500,000 ล้าน","บ้านท้าวผายูสันผักหวาน, ใกล้วงแหวนรอบ3, ใกล้แยกพืชสวนโลก",51 ตรว. 3 นอน 2 น้ำ,66/100,https://www.facebook.com/groups/203683550205761/posts/2039437156630382/
บ้านเดี่ยว,"ราคาเริ่มเพียง 2,500,000 ล้าน","บ้านท้าวผายูสันผักหวาน, ใกล้วงแหวนรอบ3, ใกล้แยกพืชสวนโลก",51 ตรว. 3 นอน 2 น้ำ,66/100,https://www.facebook.com/groups/203683550205761/posts/2039390636635034/
บ้านเดี่ยว,"ราคาเริ่มเพียง 2,500,000 ล้าน","บ้านท้าวผายูสันผักหวาน, ใกล้วงแหวนรอบ3, ใกล้แยกพืชสวนโลก",51 ตรว. 3 นอน 2 น้ำ,66/100,https://www.facebook.com/groups/203683550205761/posts/2039389376635160/
บ้านเดี่ยว,"ราคาเพียง 2,190,000 บาท","หางดง, ใกล้เทศบาลสันผักหวาน",100 กว่า ตรม. 3 นอน 2 น้ำ,66/100,https://www.facebook.com/groups/203683550205761/posts/2039384639968967/
บ้านเดี่ยว,"2,090,000ล้านบาท"," Amphoe San Sai, Chiang Mai, หมู่บ้านโชควารีโฮม สันทราย",64 ตารางวา 3 นอน 2 น้ำ,49/100,https://www.facebook.com/groups/203683550205761/posts/2039381486635949/
บ้านเดี่ยว,"2,090,000ล้านบาท"," Amphoe San Sai, Chiang Mai, หมู่บ้านโชควารีโฮม สันทราย",64 ตารางวา 3 นอน 2 น้ำ,49/100,https://www.facebook.com/groups/203683550205761/posts/2039381259969305/
ที่ดิน,"960,000บ.",บ้านสวนป่าลาน ต. สันทราย หลวง อ.สันทราย,95 ตรว. -,82/100,https://www.facebook.com/groups/203683550205761/posts/2039353933305371/
บ้านเดี่ยว,"1,590,000 บาท","บ้านบ้านแม่กุ้งหลวง, ทุ่งต้อม, สันป่าตอง, เชียงใหม่ 50120, ประเทศไทย",153 ตารางวา 3 นอน 2 น้ำ,82/100,https://www.facebook.com/groups/203683550205761/posts/2039350969972334/
บ้านเดี่ยว,4.9 ล้าน,"เทศบาลนครเชียงใหม่, จังหวัดเชียงใหม่ 50200, บ้านช่างทอง ต.สุเทพ เมือง เชียงใหม่",107 ตารางวา / 203 ตารางเมตร 3 นอน 3 น้ำ,82/100,https://www.facebook.com/groups/203683550205761/posts/2039347603306004/
บ้านเดี่ยว,"1,800,000 บาท","บ้านบ้านเขื่อนผาก, เขื่อนผาก, พร้าว, เชียงใหม่ 50190, ประเทศไทย",306 ตารางวา 3 นอน 2 น้ำ,82/100,https://www.facebook.com/groups/203683550205761/posts/2039347276639370/
บ้านเดี่ยว,4.9 ล้าน,"บ้านช่างทอง ต.สุเทพ เมือง เชียงใหม่, เทศบาลนครเชียงใหม่, จังหวัดเชียงใหม่",107 ตารางวา / 203 ตารางเมตร 3 นอน 3 น้ำ,82/100,https://www.facebook.com/groups/203683550205761/posts/2039346409972790/
บ้านเดี่ยว,"3,700,000",ตำบล ทุ่งปี๊ อำเภอ แม่วาง จังหวัด เชียงใหม่,5ไร่ 2 นอน 2 น้ำ,82/100,https://www.facebook.com/groups/203683550205761/posts/2039342469973184/
บ้านเดี่ยว,"ราคาเพียง 2,190,000 บาท",ต.สันกำแพง อ.สันกำแพง จ.เชียงใหม่,50 ตารางวา 3 นอน 2 น้ำ,49/100,https://www.facebook.com/groups/203683550205761/posts/2039341343306630/
ที่ดินเปล่า,"390,000 บาท","ดอยหล่อ, เชียงใหม่ 50160, ประเทศไทย",130.6 ตารางวา -,82/100,https://www.facebook.com/groups/203683550205761/posts/2039340739973357/
บ้านเดี่ยว,2.3 ล้านบาท," Amphoe San Sai, Chiang Mai, หมู่ 17 ตำบลป่าไผ่ อ.สันทราย",พื้นที่ดิน 70 ตารางวา พื้นที่ใช้สอย 110 ตารางเมตร 3 นอน 2 น้ำ,53/100,https://www.facebook.com/groups/203683550205761/posts/2039339223306842/
บ้านเดี่ยว,2.3 ล้านบาท,"ป่าไผ่-สันทราย, Amphoe San Sai, Chiang Mai",70 ตารางวา พื้นที่ใช้สอย 110 ตารางเมตร 3 นอน 2 น้ำ,53/100,https://www.facebook.com/groups/203683550205761/posts/2039338259973605/
ที่ดินเปล่า,88.8 ล้านบาท,ต.สันพระเนตร อ.สันทราย จ.เชียงใหม่,11-0-34 ไร่ -,82/100,https://www.facebook.com/groups/203683550205761/posts/2039314876642610/
ที่ดินเปล่า,38 ล้านบาท,นิมมาน ต.สุเทพ อ.เมืองเชียงใหม่ จ.เชียงใหม่,99 ตารางวา -,82/100,https://www.facebook.com/groups/203683550205761/posts/2039314196642678/
ที่ดินเปล่า,91 ล้านบาท,นิมมาน ต.สุเทพ อ.เมืองเชียงใหม่ จ.เชียงใหม่,202 ตารางวา -,82/100,https://www.facebook.com/groups/203683550205761/posts/2039313493309415/
ที่ดินเปล่า,610 ล้านบาท,ต.สันผีเสื้อ อ.เมืองเชียงใหม่ ติดถ.วงแหวนรอบ 3,60-3-68 ไร่ -,82/100,https://www.facebook.com/groups/203683550205761/posts/2039313479976083/
บ้านเดี่ยว,2.49 ล้านบาท,ต.หนองแฝก อ.สารภี,60 ตรว. 3 นอน 3 น้ำ,49/100,https://www.facebook.com/groups/203683550205761/posts/2039312779976153/
ที่ดิน,130 ล้านบาท,ต.หนองหอย อ.เมืองเชียงใหม่,3-3-53 ไร่ -,82/100,https://www.facebook.com/groups/203683550205761/posts/2039311693309595/
ที่ดิน,15 ล้าน,ซอยทานตะวัน ใกล้ร้านส้มตำอุดร,196 ตารางวา -,82/100,https://www.facebook.com/groups/203683550205761/posts/2039303279977103/
บ้านเดี่ยว,2.29 ล้านบาท,"บ้านแม่เหียะ, เทศบาลนครเชียงใหม่, จังหวัดเชียงใหม่ 50100",38.6 ตารางวา พื้นที่ใช้สอย 110 ตารางเมตร 3 นอน 2 น้ำ,82/100,https://www.facebook.com/groups/203683550205761/posts/2039296936644404/
ที่ดินเปล่า,เพียง 1.2 ล้านบาท,"หมู่ที่ 2, เชียงใหม่ 50220, ประเทศไทย",92 ตร.วา -,47/100,https://www.facebook.com/groups/203683550205761/posts/2039277559979675/
ที่ดินเปล่า,2.65 ล้านบาท,ต.แม่เหียะ อ.เมืองเชียงใหม่ จ.เชียงใหม่,84.7 ตรว. -,82/100,https://www.facebook.com/groups/203683550205761/posts/2039277496646348/
ที่ดิน,110 ล้านบาท,ต.ริมเหนือ อ.แม่ริม จ.เชียงใหม่,76 ไร่ -,53/100,https://www.facebook.com/groups/203683550205761/posts/2039263969981034/
บ้านเดี่ยว,4.9 ล้าน,"บ้านช่างทอง ต.สุเทพ เมือง เชียงใหม่, เทศบาลนครเชียงใหม่, จังหวัดเชียงใหม่",107 ตารางวา / 203 ตารางเมตร 3 นอน 3 น้ำ,82/100,https://www.facebook.com/groups/203683550205761/posts/2039225063318258/
บ้านเดี่ยว,4.9 ล้าน,"ถนน สุเทพ, สุเทพ, หมู่ที่ 8, เชียงใหม่ 50200, ประเทศไทย",107 ตารางวา / 203 ตารางเมตร 3 นอน 3 น้ำ,82/100,https://www.facebook.com/groups/203683550205761/posts/2039221266651971/
บ้านเดี่ยว,ราคาเพียง 3.853 ลบ.,"ใกล้เมืองเชียงใหม่, ใกล้สนามบินเชียงใหม่, หลังแม็คโครแม่เหียะ, สันผักหวาน",59 ตรว. 4 นอน 3 น้ำ,66/100,https://www.facebook.com/groups/203683550205761/posts/2039214169986014/
บ้านเดี่ยว,2.2ล้านบาท," Amphoe San Sai, Chiang Mai",72 ตารางวา 3 นอน 2 น้ำ,47/100,https://www.facebook.com/groups/203683550205761/posts/2039201079987323/
บ้านเดี่ยว,2.2ล้านบาท," Amphoe San Sai, Chiang Mai",72 ตารางวา 3 นอน 2 น้ำ,47/100,https://www.facebook.com/groups/203683550205761/posts/2039198579987573/
บ้านเดี่ยว,11ล้าน,"แม่ริม, เชียงใหม่",1ไร่ 95ตารางวา 7 นอน 5 น้ำ,53/100,https://www.facebook.com/groups/203683550205761/posts/2039197726654325/
บ้านเดี่ยว,1.99 ล้านบาท,ต.หนองผึ้ง อ.สารภี จ.เชียงใหม่,79.8 ตารางวา 2 นอน 2 น้ำ,53/100,https://www.facebook.com/groups/203683550205761/posts/2039195409987890/
บ้านเดี่ยว,"ราคาเริ่มเพียง 2,800,000 ล้าน","ท้าวผายูสันผักหวาน, ใกล้วงแหวนรอบ3, ใกล้แยกพืชสวนโลก",64 ตารางวา 3 นอน 2 น้ำ,66/100,https://www.facebook.com/groups/203683550205761/posts/2039192346654863/
คอนโด,Sale 1.79 ลบ.เท่านั้นฟรีค่าโอน,"เชียงใหม่, ใกล้ มช., นิมมาน, เมญ่า, ตลาดเจ็ดยอดพลาซ่า, มหาลัยราชมงคลล้านนา",30 ตารางเมตร 1 นอน 1 น้ำ,75/100,https://www.facebook.com/groups/203683550205761/posts/2038814280026003/
บ้านเดี่ยว,2.69 ล้านบาท,หนองแฝก สารภี,60 ตรว. 3 นอน 3 น้ำ,66/100,https://www.facebook.com/groups/203683550205761/posts/2038807483360016/
บ้านเดี่ยว,2.29 ล้านบาท,"บ้านแม่เหียะ, เทศบาลนครเชียงใหม่, จังหวัดเชียงใหม่",38.6 ตารางวา พื้นที่ใช้สอย 110 ตารางเมตร 3 นอน 2 น้ำ,82/100,https://www.facebook.com/groups/203683550205761/posts/2038727206701377/
บ้านเดี่ยว,2.29 ล้านบาท,"บ้านแม่เหียะ, เทศบาลนครเชียงใหม่, จังหวัดเชียงใหม่ 50100",38.6 ตารางวา พื้นที่ใช้สอย 110 ตารางเมตร 3 นอน 2 น้ำ,82/100,https://www.facebook.com/groups/203683550205761/posts/2038725753368189/
บ้านเดี่ยว,2.2ล้านบาท," Amphoe San Sai, Chiang Mai",72 ตารางวา 3 นอน 2 น้ำ,47/100,https://www.facebook.com/groups/203683550205761/posts/2038724890034942/
บ้านเดี่ยว,1.99 ล้านบาท,ต.หนองผึ้ง อ.สารภี จ.เชียงใหม่,79.8 ตารางวา 2 นอน 2 น้ำ,53/100,https://www.facebook.com/groups/203683550205761/posts/2038722956701802/
บ้านเดี่ยว,1.99 ล้านบาท,ต.หนองผึ้ง อ.สารภี จ.เชียงใหม่,79.8 ตารางวา 2 นอน 2 น้ำ,53/100,https://www.facebook.com/groups/203683550205761/posts/2038719043368860/
บ้านเดี่ยว,"ราคา3,890,000บาท (ฟรีโอน)","สันกำแพงสายใหม่, เชียงใหม่",พื้นที่ใช้สอย 137 ตรม. ที่ดิน 38.5 ตรว. 3 นอน 3 น้ำ,70/100,https://www.facebook.com/groups/203683550205761/posts/2038699733370791/
บ้านเดี่ยว,2.3 ล้านบาท," Amphoe San Sai, Chiang Mai 50210, หมู่ 17 ตำบลป่าไผ่ อ.สันทราย",พื้นที่ดิน 70 ตารางวา พื้นที่ใช้สอย 110 ตารางเมตร 3 นอน 2 น้ำ,53/100,https://www.facebook.com/groups/203683550205761/posts/2038682676705830/
บ้านเดี่ยว,1.99 ล้านบาท,"หนองผึ้ง, สารภี, เชียงใหม่ 50140, ประเทศไทย",79.8 ตารางวา 2 นอน 2 น้ำ,53/100,https://www.facebook.com/groups/203683550205761/posts/2038668380040593/
บ้านเดี่ยว,1.99 ล้านบาท,"บ้านหนองผึ้ง สารภี, เทศบาลนครเชียงใหม่, จังหวัดเชียงใหม่ 50140",79.8 ตารางวา 2 นอน 2 น้ำ,53/100,https://www.facebook.com/groups/203683550205761/posts/2038665616707536/
บ้านเดี่ยว,ขายราคา 3ล้านบาท,ตำบลบ้านแหวน อำเภอหางดง จังหวัดเชียงใหม่,พื้นที่ดิน 48 ตารางวา พื้นที่ใช้สอย 180 ตารางเมตร 4 นอน 3 น้ำ,82/100,https://www.facebook.com/groups/203683550205761/posts/2038619293378835/
บ้านเดี่ยว,2.29 ล้านบาท,"บ้านแม่เหียะ, เทศบาลนครเชียงใหม่, จังหวัดเชียงใหม่ 50100",38.6 ตารางวา พื้นที่ใช้สอย 110 ตารางเมตร 3 นอน 2 น้ำ,82/100,https://www.facebook.com/groups/203683550205761/posts/2038610843379680/
บ้านเดี่ยว,2.75 ล้านบาท,โครงการกาญจน์กนก 2 แยกหลุยส์-ท่ารั้ว เชียงใหม่,72 ตร.วา 3 นอน 2 น้ำ,49/100,https://www.facebook.com/groups/203683550205761/posts/2038609860046445/
บ้านเดี่ยว,2.29 ล้านบาท,"บ้านแม่เหียะ, เทศบาลนครเชียงใหม่, จังหวัดเชียงใหม่ 50100",38.6 ตารางวา พื้นที่ใช้สอย 110 ตารางเมตร 3 นอน 2 น้ำ,82/100,https://www.facebook.com/groups/203683550205761/posts/2038608200046611/
บ้านเดี่ยว,2.29 ล้านบาท,"บ้านแม่เหียะ, เทศบาลนครเชียงใหม่, จังหวัดเชียงใหม่ 50100",38.6 ตารางวา พื้นที่ใช้สอย 110 ตารางเมตร 3 นอน 2 น้ำ,82/100,https://www.facebook.com/groups/203683550205761/posts/2038606273380137/
บ้านเดี่ยว,1.79 ล้านบาท,"บ้านเทศบาลนครเชียงใหม่, จังหวัดเชียงใหม่ 50140, ป่าแดด, อำเภอเมือง-เชียงใหม่, ใกล้วัดท่าใหม่อิ, ใกล้เมือง, พิกัดโครงการบ้านหางดง เฟส 2 ป่าแดด, ใกล้เคียงหมู่บ้านวังน้ำริน, สนามบินเชียงใหม่, บิ๊กซีแม่เหี๊ยะ, เซ็นทรัลแอร์พอร์ตเชียงใหม่",พื้นที่ดิน 48.5 ตารางวา พื้นที่ใช้สอย 100กว่า ตารางเมตร 3 นอน 2 น้ำ,47/100,https://www.facebook.com/groups/203683550205761/posts/2038603086713789/
บ้านเดี่ยว,2.2ล้านบาท,"สันทราย, ใกล้ที่ทำการไปรษณีย์สันทราย",72 ตารางวา 3 นอน 2 น้ำ,47/100,https://www.facebook.com/groups/203683550205761/posts/2038585910048840/
บ้านเดี่ยว,2.2ล้านบาท," Amphoe San Sai, Chiang Mai",72 ตารางวา 3 นอน 2 น้ำ,47/100,https://www.facebook.com/groups/203683550205761/posts/2038585736715524/
ทาวน์โฮม,1.79 ล้านบาท,สันผีเสื้อ,110 ตร.ม. 3 นอน 2 น้ำ,82/100,https://www.facebook.com/groups/203683550205761/posts/2038583200049111/
บ้านเดี่ยว,2.19 ล้านบาท,"สันปูเลย อ.ดอยสะเก็ด, เทศบาลนครเชียงใหม่, จังหวัดเชียงใหม่ 50220",30 ตารางวา พื้นที่ใช้สอย 128 ตารางเมตร 2 นอน 3 น้ำ,49/100,https://www.facebook.com/groups/203683550205761/posts/2038580230049408/
บ้านเดี่ยว,2.19 ล้านบาท,"ดอยสะเก็ด, เทศบาลนครเชียงใหม่, จังหวัดเชียงใหม่ 50210",30 ตารางวา พื้นที่ใช้สอย 128 ตารางเมตร 2 นอน 3 น้ำ,49/100,https://www.facebook.com/groups/203683550205761/posts/2038577743382990/
บ้านชั้นเดียว,1.3 ล้านบาท,หมู่บ้านหลักชัย อ.สันทราย (ตรงข้าม ตลาดแม่กวง),24 ตร.ว. 2 นอน 1 น้ำ,70/100,https://www.facebook.com/groups/203683550205761/posts/2038574950049936/
บ้านเดี่ยว,2.19 ล้านบาท,"ดอยสะเก็ด, เทศบาลนครเชียงใหม่, จังหวัดเชียงใหม่ 50210",30 ตารางวา พื้นที่ใช้สอย 128 ตารางเมตร 2 นอน 3 น้ำ,49/100,https://www.facebook.com/groups/203683550205761/posts/2038545366719561/
ที่ดิน,"ราคา ตร.วา ละ 11,000 บาท",ตำบลเหมืองแก้ว อำเภอแม่ริม จังหวัดเชียงใหม่,4ไร่ 2งาน 86 ตรว -,87/100,https://www.facebook.com/groups/203683550205761/posts/2038530493387715/
บ้านเดี่ยว,2.19 ล้านบาท,"ดอยสะเก็ด, เทศบาลนครเชียงใหม่, จังหวัดเชียงใหม่ 50210",30 ตารางวา พื้นที่ใช้สอย 128 ตารางเมตร 2 นอน 3 น้ำ,49/100,https://www.facebook.com/groups/203683550205761/posts/2038515516722546/
บ้านเดี่ยว,13 ล้านบาท,"เขตเมืองลำปาง, ใกล้แหล่งท่องเที่ยวหลักของจังหวัด",1 ไร่ 2 งาน 47.3 ตารางวา 3 นอน 2 น้ำ,53/100,https://www.facebook.com/groups/203683550205761/posts/2038493083391456/
บ้านเดี่ยว,"1,490,000 บาท",ต.ริมเหนือ อ.แม่ริม จ.เชียงใหม่,54 ตารางวา 2 นอน 2 น้ำ,53/100,https://www.facebook.com/groups/203683550205761/posts/2038447316729366/
บ้านเดี่ยว,2.2ล้านบาท," Amphoe San Sai, Chiang Mai",72 ตารางวา 3 นอน 2 น้ำ,47/100,https://www.facebook.com/groups/203683550205761/posts/2038442530063178/
บ้านเดี่ยว,2.2ล้านบาท," Amphoe San Sai, Chiang Mai",72 ตารางวา 3 นอน 2 น้ำ,47/100,https://www.facebook.com/groups/203683550205761/posts/2038439716730126/
บ้านเดี่ยว,2.2ล้านบาท," Amphoe San Sai, Chiang Mai",72 ตารางวา 3 นอน 2 น้ำ,47/100,https://www.facebook.com/groups/203683550205761/posts/2038439096730188/
บ้านเดี่ยว,"2,650,000 บาท",สันโป่ง แม่ริม,59ตารางวา 3 นอน 3 น้ำ,82/100,https://www.facebook.com/groups/203683550205761/posts/2038391783401586/
โรงแรม,50 ล้านบาท,"ย่านหนองป่าครั่ง, เชียงใหม่",3 ไร่ 18.9ตารางวา 29 นอน 29 น้ำ,82/100,https://www.facebook.com/groups/203683550205761/posts/2038387870068644/
ที่ดิน,1ล้านบาท,"หลังโรงพยาบาลสันป่าตอง, ใกล้กาดทุ่งเสี้ยว, ใกล้สำนักงานที่ดินสันป่าตอง, ใกล้ตลาดทุ่งเสี้ยว, ใกล้โรงเรียนสันป่าตองวิทยาคม",419 ตรว. -,87/100,https://www.facebook.com/groups/203683550205761/posts/2038387056735392/
ที่ดิน,"ตารางวาละ 65,000 บาท","ย่านใกล้มหาวิทยาลัยเชียงใหม่, ติดถนนคันคลองชลประทาน",1ไร่3งาน25.1 ตรว. -,82/100,https://www.facebook.com/groups/203683550205761/posts/2038379176736180/
อาคารพาณิชย์,5.4ล้าน,"ย่านช้างคลาน, เชียงใหม่",392 ตรม. 5 นอน 6 น้ำ,82/100,https://www.facebook.com/groups/203683550205761/posts/2038377626736335/
อาคารพาณิชย์,6.29 ล้านบาท,"เชียงใหม่, โซนบิสสิเนสพาร์ค, โครงการกรีนพลัสมอลล์3, อยู่ด้านหลังบิ๊กซีเอ็กตร้า",217 ตร.ม. เนื้อที่ 16 ตร.ว. 3 นอน 3 น้ำ,67/100,https://www.facebook.com/groups/203683550205761/posts/2038377083403056/
บ้านเดี่ยว,1.4 ล้านบาท,"ป่าแดด, ด้านหลังโรงเรียนวัดวังสิงห์คำ, หมู่บ้านวังสิงห์คำ, หมู่บ้านวังน้ำริน",50 ตารางวา 2 นอน 2 น้ำ,82/100,https://www.facebook.com/groups/203683550205761/posts/2038368563403908/
บ้านเดี่ยว,"ขายเพียง 3,400,000 บาท",โครงการ สีวลี แลนด์แอนด์เฮาส์ แม่โจ้ อ.สันทราย จ.เชียงใหม่,71 ตารางวา 3 นอน 3 น้ำ,49/100,https://www.facebook.com/groups/203683550205761/posts/2038348350072596/
บ้านเดี่ยว,3.35 ล้าน,"เขต อ.เมืองเชียงใหม่, ใกล้สันผีเสื้อ, ใกล้ศูนย์ราชการเชียงใหม่",พื้นที่ดิน 51 ตารางวา พื้นที่ใช้สอย 150 ตารางเมตร 3 นอน 2 น้ำ,49/100,https://www.facebook.com/groups/203683550205761/posts/2038008563439908/
บ้านเดี่ยว,3.35 ล้าน,"เขต อ.เมืองเชียงใหม่, ใกล้สันผีเสื้อ, ใกล้ศูนย์ราชการเชียงใหม่",พื้นที่ดิน 51 ตารางวา พื้นที่ใช้สอย 150 ตารางเมตร 3 นอน 2 น้ำ,49/100,https://www.facebook.com/groups/203683550205761/posts/2038001386773959/
ที่ดิน,"1,500,000",ต.แม่แฝก อ.สันทราย จ.เชียงใหม่,143 ตรว. -,82/100,https://www.facebook.com/groups/203683550205761/posts/2037959940111437/
บ้านเดี่ยว,ขายเพียง 8.9 ล้านบาท,กุลพันธ์วิลล์ 16 สันกำแพง เชียงใหม่,ที่ดิน 112.7 ตรว. พื้นที่ใช้สอยกว่า 330 ตร.ม. 4 นอน 5 น้ำ,70/100,https://www.facebook.com/groups/203683550205761/posts/2037938963446868/
บ้านเดี่ยว,2.19 ล้านบาท,"หมู่บ้านกรีนวิลล่า ม.6 ต.ป่าสัก, เทศบาลนครเชียงใหม่, จังหวัดเชียงใหม่ 51000",73.4 ตางรางวา 3 นอน 2 น้ำ,53/100,https://www.facebook.com/groups/1450131905304596/posts/4237398419911250/
คอนโด,1.35 ล้าน,"เชียงใหม่วิวเพลส 2, ใกล้แยกโรบันสัน, ใกล้สนามบิน",49 ตร.ม. 1 นอน 1 น้ำ,82/100,https://www.facebook.com/groups/1450131905304596/posts/4237366116581147/
บ้านเดี่ยว,เหลือเพียง2.65ล้าน,บ้านแม่ยาก ต.บ้านกลาง ลำพูน,พื้นที่ใช้สอย150ตรม. ที่ดิน51.5ตรว. -,49/100,https://www.facebook.com/groups/1450131905304596/posts/4238007489850343/
บ้านเดี่ยว,1.8ล้าน,"ติดถนนทางหลวงจังหวัดสายท่าจักร-แม่ทา, เทศบาลตำบลทาทุ่งหลวง, ใกล้โรงพยาบาลส่งเสริมสุขภาพประจำตำบล, ใกล้ตลาดเหมืองลึก",257 ตารางวา 4 นอน 2 น้ำ,75/100,https://www.facebook.com/groups/1450131905304596/posts/4236987109952381/
บ้านเดี่ยว,2.45 ล้าน,จ.เชียงใหม่ ต.ดอนแก้ว พระนอน อ.แม่ริม,78 ตารางวา 4 นอน 2 น้ำ,82/100,https://www.facebook.com/groups/1450131905304596/posts/4236905843293841/
บ้านเดี่ยว,เริ่มเพียง 1.89 ล้าน,ต.ประตูป่า อ.เมือง จ.ลำพูน,กว้างกว่า 120 ตร.ม. 3 นอน 2 น้ำ,70/100,https://www.facebook.com/groups/1450131905304596/posts/4237099683274457/
บ้านเดี่ยว,3.5 ล้านบาท,"บ้านดงเย็น, อ.สารภี, จ.เชียงใหม่",2งาน 54ตร.ว 2 นอน 2 น้ำ,82/100,https://www.facebook.com/groups/1450131905304596/posts/4238040683180357/
บ้านเดี่ยว,13 ล้านบาท,บ้านหนองผึ้ง อ.สารภี จ.เชียงใหม่,256 ตรม. 4 นอน 5 น้ำ,82/100,https://www.facebook.com/groups/1450131905304596/posts/4237425019908590/
บ้านเดี่ยว,ราคาขาย 1.99ล้านบาท,โครงการทรัพย์มาลี ต.ต้นธง อ.เมือง จ.ลำพูน,พื้นที่ดิน 63.80 ตรว. พื้นที่ใช้สอย 100ตรม. 3 นอน 2 น้ำ,66/100,https://www.facebook.com/groups/1450131905304596/posts/4238206683163757/
บ้านเดี่ยว,3.5 ล้านบาท,อ.สารภี จ.เชียงใหม่,2งาน 54ตร.ว 2 นอน 2 น้ำ,82/100,https://www.facebook.com/groups/1450131905304596/posts/4236856043298821/
บ้านเดี่ยว,"2,900,000 บาท","สันกำแพง, เชียงใหม่",60 ตารางวา 3 นอน 3 น้ำ,82/100,https://www.facebook.com/groups/1450131905304596/posts/4238214873162938/
บ้านเดี่ยว,1.3× ลบ.,"โซนสารภีกู่แดง, สันผักหวาน, หางดง, เมือง, สันทรายแม่โจ้",35ตร.ว 2 นอน 2 น้ำ,79/100,https://www.facebook.com/groups/1450131905304596/posts/4237831313201294/
บ้านเดี่ยว,3.5 ล้านบาท,อ.สารภี จ.เชียงใหม่,2งาน 54ตร.ว 2 นอน 2 น้ำ,82/100,https://www.facebook.com/groups/1450131905304596/posts/4237329669918125/
ที่ดิน,"ราคาไร่ละ 490,000 บาท",บ้านมะขามหลวง ต.มะขามหลวง อ.สันป่าตอง จ.เชียงใหม่,2 ไร่ 2งาน 25 ตารางวา -,87/100,https://www.facebook.com/groups/1450131905304596/posts/4237666526551106/
ที่ดิน,"ราคาขาย ตร.วา ละ 4800 บาท, ราคาขาย ตร.วา ละ 5,000 บาท, ราคาขาย 1.1 ล้านบาท",ต.มะเขือแจ้ อ.เมือง จ.ลำพูน,"65 ตร.วา, 67 ตร.วา, 1-0-54 ไร่ -",82/100,https://www.facebook.com/groups/1450131905304596/posts/4237406056577153/
บ้านเดี่ยว,"2,550,000 บาท",ต.สันทรายน้อย อ.สันทราย จ.เชียงใหม่,55 ตรว. 3 นอน 2 น้ำ,49/100,https://www.facebook.com/groups/1450131905304596/posts/4237865186531240/
บ้านเดี่ยว,1.89 ลบ.,"นิคมเครือสหพัฒน์ ลำพูน, บ้านสันหลวง ป่าสัก, อ.เมืองลำพูน",56 ตรว. 3 นอน 2 น้ำ,49/100,https://www.facebook.com/groups/1450131905304596/posts/4237821963202229/
บ้านเดี่ยว,1.29 ล้าน,"ดอยสะเก็ด, เชียงใหม่",50 ตรว. 2 นอน 2 น้ำ,70/100,https://www.facebook.com/groups/1450131905304596/posts/4237226516595107/
ที่ดินเปล่า,4.5ล้านบาท/ไร่,"สันกำแพง, ห่างตัวเมือง 14 กม., ใกล้ ร.ร.สันกำแพง",34-0-64 ไร่ -,49/100,https://www.facebook.com/groups/1450131905304596/posts/4238065879844504/
ที่ดิน,"6ไร่ๆละ490,000 บาท",แม่แตง เชียงใหม่,6 ไร่ -,82/100,https://www.facebook.com/groups/1450131905304596/posts/4237840773200348/
ที่ดิน,"ไร่ละ 3,300,000 บาท",สันป่าตอง-บ้านกาด-แม่วาง,5ไร่ 2งาน 97ตร.วา -,67/100,https://www.facebook.com/groups/1450131905304596/posts/4238109149840177/
บ้านเดี่ยว,1.79 ล้านบาท,ตำบลขัวมุง อำเภอสารภี จังหวัดเชียงใหม่,61 ตร.วา 3 นอน 2 น้ำ,49/100,https://www.facebook.com/groups/1450131905304596/posts/4237280349923057/
ที่ดิน,"1,500,000",ตำบลทุ่งปี๊ อำเภอแม่วาง จังหวัดเชียงใหม่,5ไร่2งาน86ตารางวา -,85/100,https://www.facebook.com/groups/1450131905304596/posts/4237408699910222/
ที่ดิน,"280,000 บาท",ซอย 7 ใกล้เมืองลำพูน 3.8 กิโลเมตร,79.8 ตารางวา -,82/100,https://www.facebook.com/groups/1919824171581033/posts/4466917620204996/
บ้านเดี่ยว,1.79 ล้านบาท,ต.ป่าสัก อ.เมือง จ.ลำพูน,55 ตรว. 3 นอน 2 น้ำ,53/100,https://www.facebook.com/groups/1450131905304596/posts/4237996143184811/
ที่ดิน,5.6 ล้านบาท,ตัวอำเภอแม่ออน ใกล้ตัวเมืองเชียงใหม่30นาที โซนหลังน้ำพุร้อนรุ่งอรุณ ใกล้น้ำพุร้อนสันกำแพง ห่างแม่กำปอง 15 นาที,5 ไร่ 1 งาน 65 ตารางวา แถมที่งอก 1 ไร่กว่า -,82/100,https://www.facebook.com/groups/1450131905304596/posts/4237133629937729/
หอพัก,5.9 ล้านบาท,ซ.ชมจันทร์ ต.ป่าแดด อ.เมือง เชียงใหม่,50 ตร.วา พื้นที่ใช้สอยรวม 400 ตร.ม. 12 นอน 12 น้ำ,75/100,https://www.facebook.com/groups/1450131905304596/posts/4237131423271283/
ที่ดิน,"9,000 บาท",-,1 ไร่ 1 งาน 45 ตารางวา -,82/100,https://www.facebook.com/groups/1450131905304596/posts/4237331039917988/
คอนโด,2.69 ล้านบาท*,"เชียงใหม่, ถ.ห้วยแก้ว และ ถ.ศิริมังคลาจารย์ ซอย 1",36.5 ตร.ม. 1 นอน 1 น้ำ,66/100,https://www.facebook.com/groups/1450131905304596/posts/4237395313244894/
คอนโด,5.95 ล้านบาท,"ถนน ห้วยแก้ว, สุเทพ, หมู่ที่ 8, เชียงใหม่ 50200, ประเทศไทย",100 ตร.ม. 2 นอน 1 น้ำ,66/100,https://www.facebook.com/groups/1450131905304596/posts/4237985213185904/
บ้านเดี่ยว,"1,500,000 บาท",หมู่บ้าน คันทรีโฮม 3 ต.ต้นธง อ.เมือง จ.ลำพูน,87 ตรว. 4 นอน 2 น้ำ,75/100,https://www.facebook.com/groups/1450131905304596/posts/4237828256534933/
ที่ดิน,"ราคา ตร.วา ละ 11,000 บาท",ตำบลเหมืองแก้ว อำเภอแม่ริม จังหวัดเชียงใหม่,4ไร่ 2งาน 86 ตรว -,87/100,https://www.facebook.com/groups/1450131905304596/posts/4237066003277825/
บ้านเดี่ยว,"4,980,000 บาท",หมู่บ้านวังตาล,260 ตรม. 90 ตรว. 3 นอน 4 น้ำ,75/100,https://www.facebook.com/groups/1450131905304596/posts/4237050813279344/
ทาวน์โฮม,"ราคาเพียง 1,790,000 ล้านบาท !",หมู่บ้าน รุ่งเรือง ต. สันผีเสื้อ อ. เมืองเชียงใหม่,110ตรม. ขนาดที่ดิน 24.9 ตรว. 3 นอน 2 น้ำ,82/100,https://www.facebook.com/groups/1450131905304596/posts/4236866183297807/
บ้านเดี่ยว,3.99ล้าน,"บ้านอ.หางดง, เทศบาลนครเชียงใหม่, จังหวัดเชียงใหม่ 50230",73 ตรว. 3 นอน 3 น้ำ,49/100,https://www.facebook.com/groups/1450131905304596/posts/4237806079870484/
ที่ดิน,"280,000 บาท",ซอย 7 ใกล้เมืองลำพูน 3.8 กิโลเมตร,79.8 ตารางวา -,82/100,https://www.facebook.com/groups/1450131905304596/posts/4236841413300284/
ที่ดินเปล่า,"280,000 บาท, 320,000 บาท, 480,000 บาท (ราคารวมค่าโอนทุกโฉนด)",สันกำแพง หลัง อบต.ร้องวัวแดง,"39 ตรว., 45 ตรว., 108 ตรว. -",87/100,https://www.facebook.com/groups/1450131905304596/posts/4236920026625756/
คอนโด,2.69 ล้านบาท*,"ศิริมังคลาจารย์ ซอย 1, ห้วยแก้ว, เชียงใหม่",36.5 ตร.ม. 1 นอน 1 น้ำ,66/100,https://www.facebook.com/groups/1450131905304596/posts/4237169403267485/
อื่นๆ,"499,000 บ.",-,- -,75/100,https://www.facebook.com/groups/1450131905304596/posts/4237893196528439/
บ้านเดี่ยว,1.79 ล้าน บาท,ป่าแดด อ.เมือง จ.เชียงใหม่,43 ตารางวา 3 นอน 2 น้ำ,82/100,https://www.facebook.com/groups/1450131905304596/posts/4237795779871514/
บ้านเดี่ยว,ราคาเพียง 9.8 ล้านบาท,หมู่บ้านเชียงใหม่ ฟลอร่าวิลล์ ดอยสะเก็ด,พื้นที่ใช้สอยรวม 300 ตร.ม ดิน 265 ตร.วา 3 นอน 3 น้ำ,47/100,https://www.facebook.com/groups/1450131905304596/posts/4237773416540417/
ที่ดิน,ขาย5แสนพร้อมโอนให้ค่ะ,ตำบล ยางคราม อำเภอ ดอยหล่อ จังหวัด เชียงใหม่,110 ตารางวา 1 นอน 1 น้ำ,85/100,https://www.facebook.com/groups/1450131905304596/posts/4238063553178070/
ที่ดิน,"650,000 บาท",ตำบลแม่ปูคา อำเภอสันกำแพง จังหวัดเชียงใหม่,100 ตรว. -,82/100,https://www.facebook.com/groups/1450131905304596/posts/4237786046539154/
บ้านเดี่ยว,ราคาเพียง 4.59 ล้านบาท,"เทศบาลนครเชียงใหม่, เชียงใหม่ 50210 Pool วิลล่าใหม่กว้างใหญ่สุดเริ่ด ท่ารั้ว – ตลาดขวัญเชียงใหม่ หลัง ปตท.บ่อหิน",60 ตรว. | พื้นที่ใช้สอย 312 ตร.ม. 4 นอน 3 น้ำ,49/100,https://www.facebook.com/groups/1450131905304596/posts/4237088726608886/
ที่ดิน,"270,000 บาท",ต.เมืองจี้ อ.เมืองลำพูน,195 ตรว. -,84/100,https://www.facebook.com/groups/1450131905304596/posts/4237086456609113/
บ้านเดี่ยว,6.85 ล้านบาท,"สันทราย, เชียงใหม่",80 ตรว. พื้นที่ใช้สอย 260 ตรม. 3 นอน 4 น้ำ,66/100,https://www.facebook.com/groups/1450131905304596/posts/4237102829940809/
คอนโด,1.29 ล้านบาท,"แถวช้างคลาน, ใจกลางเมืองเชียงใหม่, ใกล้ประตูท่าแพ, ไนท์บาซาร์",28.35 ตร.ม. 1 นอน 1 น้ำ,70/100,https://www.facebook.com/groups/1450131905304596/posts/4238167926500966/
บ้านเดี่ยว,"2,550,000บาท",ลำพูน,260 ตารางวา 2 นอน 2 น้ำ,82/100,https://www.facebook.com/groups/1450131905304596/posts/4237091116608647/
ที่ดิน,"ขาย650, 000ค่ะ",ตำบล ยาง คราม อำเภอ ดอยหล่อ จังหวัด เชียงใหม่,เกือบ4ไร่ -,85/100,https://www.facebook.com/groups/1450131905304596/posts/4237415279909564/
บ้านเดี่ยว,11ล้าน,"แม่ริม, เชียงใหม่",1ไร่ 95ตารางวา 7 นอน 5 น้ำ,53/100,https://www.facebook.com/groups/1450131905304596/posts/4237917526526006/
ที่ดิน,"ขาย650, 000ค่ะ",ตำบล ยาง คราม อำเภอ ดอยหล่อ จังหวัด เชียงใหม่,เกือบ4ไร่ -,85/100,https://www.facebook.com/groups/1450131905304596/posts/4237415189909573/
บ้านเดี่ยว,"ราคา3,890,000บาท (ฟรีโอน)","ย่านสันกำแพงสายใหม่, เชียงใหม่",พื้นที่ใช้สอย 137 ตรม. ที่ดิน 38.5 ตรว. 3 นอน 3 น้ำ,70/100,https://www.facebook.com/groups/1450131905304596/posts/4237288043255621/
บ้านเดี่ยว,12.9 ล้านบาท,"แม่เหียะ, เชียงใหม่",76 ตร.ว. 5 นอน 5 น้ำ,54/100,https://www.facebook.com/groups/1450131905304596/posts/4237255576592201/
ที่ดิน,"ไร่ละ 590,000 บ.(ยกแปลง)",ติดแม่น้ำท่าจีน,3-2-57 ตรว. -,82/100,https://www.facebook.com/groups/959493160788393/posts/32512514811726150/
บ้านเดี่ยว,"ราคาเพียง 1,790,000 บาท","อำเภอเมืองเชียงใหม่, ตำบลป่าแดด",48.5 ตารางวา 3 นอน 2 น้ำ,66/100,https://www.facebook.com/groups/959493160788393/posts/32472217222422576/
ที่ดิน,"1,190,000","ต.ร้องวัวแดง, อ.สันกำแพง, จ.เชียงใหม่",203 ตารางวา -,82/100,https://www.facebook.com/groups/2897034136980512/posts/26438230855767509/
ที่ดิน,"1,390,000บาท",ต.แช่ช้าง อ.สันกำแพง จ.เชียงใหม่,100 ตารางวา -,82/100,https://www.facebook.com/groups/2897034136980512/posts/26438232992433962/
ที่ดิน,550000 บาท,บ้านปง ซอย 2 ชุมชน 7 อำเภอแม่แตง จังหวัดเชียงใหม่,110 ตารางวา -,87/100,https://www.facebook.com/groups/2897034136980512/posts/26429611619962766/
บ้านเดี่ยว,"ราคาต่อ ตรว. 11,xxx บาท",หมู่บ้านสหกรณ์ 2 อำเภอแม่ออน จังหวัดเชียงใหม่,785 ตารางวา -,49/100,https://www.facebook.com/groups/2897034136980512/posts/26431260529797875/
บ้านเดี่ยว,"27,000 บาท/เดือน","ถนนมหิดล, ใกล้โรงเรียนมงฟอร์ตใหญ่",123 ตารางวา 3 นอน 3 น้ำ,66/100,https://www.facebook.com/groups/1456428424593312/posts/4406823479553777/
คอนโด,2.1 ลบ.,"สวนดอก, เชียงใหม่",35 ตร.ม. 1 นอน 1 น้ำ,82/100,https://www.facebook.com/groups/1456428424593312/posts/4406856742883784/
คอนโด,3.95 ล.,"ถนนคันคลอง, เชียงใหม่ 50100, ใกล้มหาวิทยาลัยเชียงใหม่",71.57 ตารางเมตร 1 นอน 2 น้ำ,66/100,https://www.facebook.com/groups/1456428424593312/posts/4406825042886954/
บ้านเดี่ยว,2.5 ล้านบาท,"ติดถนนหลัก, ใกล้สวนพฤกษศาสตร์ทวีชล, ใกล้โรงพยาบาลดอยสะเก็ด",68 ตารางวา 4 นอน 2 น้ำ,49/100,https://www.facebook.com/groups/Land.House.C.M.2014/posts/25432286273073083/
คอนโด,1.35 ล้าน,"เชียงใหม่วิวเพลส, ใกล้แยกโรบันสัน, ใกล้สนามบิน",49 ตร.ม. 1 นอน 1 น้ำ,82/100,https://www.facebook.com/groups/1456428424593312/posts/4407184969517628/
บ้านเดี่ยว,"800,000 ฿",ต.ป่าไผ่ อ.สันทราย,90 ตรว. 2 นอน 1 น้ำ,82/100,https://www.facebook.com/groups/Land.House.C.M.2014/posts/25438809709087406/
ที่ดินพร้อมบ้าน,"25,000/ตรว.",ม.เคชี การ์เด้นท์ นิมิตรใหม่ 40 คลองสามวา กรุงเทพมหานคร,1ไร่ 25ตรว. 1 นอน 2 น้ำ,87/100,https://www.facebook.com/groups/Land.House.C.M.2014/posts/25439779658990411/
บ้านเดี่ยว,1.3× ลบ.,"โซนสารภีกู่แดง, เชียงใหม่",35ตร.ว 2 นอน 2 น้ำ,82/100,https://www.facebook.com/groups/Land.House.C.M.2014/posts/25437591272542583/
บ้านเดี่ยว,2.4 ลบ.,"หางแคว ซอย 9, ท่าวังตาล, สารภี, เชียงใหม่ 50140, ประเทศไทย",98 ตร.ว. 3 นอน 2 น้ำ,82/100,https://www.facebook.com/groups/Land.House.C.M.2014/posts/25431451343156576/
บ้านเดี่ยว,2.5 ล้านบาท,"ติดถนนหลัก, ใกล้สวนพฤกษศาสตร์ทวีชล, ใกล้โรงพยาบาลดอยสะเก็ด",68 ตารางวา 4 นอน 2 น้ำ,49/100,https://www.facebook.com/groups/Land.House.C.M.2014/posts/25432286273073083/
ที่ดิน,"490,000 บ.",บ้านใหม่ป่าฝาง ม.15 ต.น้ำดิบ อ.ป่าซาง จ.ลำพูน,200 ตรว. -,82/100,https://www.facebook.com/groups/Land.House.C.M.2014/posts/25440988458869531/
บ้านเดี่ยว,เหลือเพียง2.65ล้าน,บ้านแม่ยาก ต.บ้านกลาง ลำพูน,พื้นที่ใช้สอย150ตรม. ที่ดิน51.5ตรว. -,49/100,https://www.facebook.com/groups/Land.House.C.M.2014/posts/25439772268991150/
ที่ดิน,"9,000 บาท",-,1 ไร่ 1 งาน 45 ตารางวา -,82/100,https://www.facebook.com/groups/Land.House.C.M.2014/posts/25433745902927120/
บ้านเดี่ยว,3.5 ล้านบาท,อ.สารภี จ.เชียงใหม่,2งาน 54ตร.ว 2 นอน 2 น้ำ,82/100,https://www.facebook.com/groups/Land.House.C.M.2014/posts/25440060238962353/
คอนโด,3.98 ล้านบาท,"นิมมาน–ห้วยแก้ว, เมืองเชียงใหม่",73 ตร.ม. 2 นอน 1 น้ำ,75/100,https://www.facebook.com/groups/Land.House.C.M.2014/posts/25441247115510332/
บ้านเดี่ยว,ราคาเพียง 2.85 ลบ.,"สันผักหวาน, ใกล้แม็คโครแม่เหียะ, ใกล้สนามบินเชียงใหม่, ใกล้เซ็นทรัลแอร์พอร์ต",60 ตารางวา 3 นอน 2 น้ำ,47/100,https://www.facebook.com/groups/Land.House.C.M.2014/posts/25432491183052592/
บ้านเดี่ยว,ราคา3.99 ลบ.,"บ้านวัดหนองซิว, ป่าสัก, ลำพูน, ลำพูน 51000, ประเทศไทย",400 ตรว. 4 นอน 3 น้ำ,53/100,https://www.facebook.com/groups/Land.House.C.M.2014/posts/25432933156341728/
บ้านเดี่ยว,"2,550,000 บาท",ต.สันทรายน้อย อ.สันทราย จ.เชียงใหม่,55 ตรว. 3 นอน 2 น้ำ,49/100,https://www.facebook.com/groups/Land.House.C.M.2014/posts/25438622759106101/
บ้านชั้นเดียว,1.3 ล้านบาท,หมู่บ้านหลักชัย อ.สันทราย (ตรงข้าม ตลาดแม่กวง),24 ตร.ว. 2 นอน 1 น้ำ,70/100,https://www.facebook.com/groups/Land.House.C.M.2014/posts/25438653372436373/
ที่ดิน,"ราคา ตร.วา ละ 11,000 บาท",ตำบลเหมืองแก้ว อำเภอแม่ริม จังหวัดเชียงใหม่,4ไร่ 2งาน 86 ตรว -,87/100,https://www.facebook.com/groups/Land.House.C.M.2014/posts/25431748349793542/
บ้านเดี่ยว,3.35 ล้านบาท,ต.สันผีเสื้อ อ.เมือง เชียงใหม่,51 ตรว. 3 นอน 2 น้ำ,82/100,https://www.facebook.com/groups/Land.House.C.M.2014/posts/25431892729779104/
ที่ดิน,5.6 ล้านบาท,อำเภอแม่ออน ใกล้ตัวเมืองเชียงใหม่30นาที ใกล้น้ำพุร้อนสันกำแพง ห่างแม่กำปอง 15 นาที,5 ไร่ 1 งาน 65 ตารางวา แถมที่งอก 1 ไร่กว่า -,82/100,https://www.facebook.com/groups/Land.House.C.M.2014/posts/25432262639742113/
บ้านเดี่ยว,2.59 ลบ.,หนองจ๊อม สันทราย,96.9 ตรว. เนื้อที่ใช้สอย 150 ตรม. 2 นอน 2 น้ำ,53/100,https://www.facebook.com/groups/Land.House.C.M.2014/posts/25438915322410178/
บ้านเดี่ยว,ราคาเริ่มต้นเพียง 2.1x ลบ. เท่านั้น!!,"หนองแฝก-สารภี, เชียงใหม่",- 3 นอน 2 น้ำ,66/100,https://www.facebook.com/groups/Land.House.C.M.2014/posts/25432793903022320/
บ้านเดี่ยว,"ราคาเพียง 2,190,000 บาท",ต.สันกำแพง อ.สันกำแพง จ.เชียงใหม่,50 ตารางวา 3 นอน 2 น้ำ,70/100,https://www.facebook.com/groups/Land.House.C.M.2014/posts/25440392492262461/
บ้านเดี่ยว,3.5 ล้านบาท,อ.สารภี จ.เชียงใหม่,2งาน 54ตร.ว 2 นอน 2 น้ำ,82/100,https://www.facebook.com/groups/Land.House.C.M.2014/posts/25433732632928447/
ที่ดิน,ราคาพิเศษ! ตร.ว. ละ 13000 บาท เท่านั้น!,สันกำแพง เชียงใหม่,159 ตรว -,82/100,https://www.facebook.com/groups/Land.House.C.M.2014/posts/25438302045804839/
บ้านเดี่ยว,ราคาขาย 1.99ล้านบาท,โครงการทรัพย์มาลี ต.ต้นธง อ.เมือง จ.ลำพูน,พื้นที่ดิน 63.80 ตรว. พื้นที่ใช้สอย 100ตรม. 3 นอน 2 น้ำ,66/100,https://www.facebook.com/groups/Land.House.C.M.2014/posts/25441404132161297/
ที่ดิน,"ราคา2,500,000บาท รวมโอน",ตำบลหนองจ๊อม อำเภอสันทราย เชียงใหม่,47 ตารางวา -,82/100,https://www.facebook.com/groups/Land.House.C.M.2014/posts/25439685288999848/
ที่ดิน,-,ดอยสะเก็ด,2 ไร่กว่า -,82/100,https://www.facebook.com/groups/Land.House.C.M.2014/posts/25433581152943595/
ที่ดิน,"650,000 บาท",ตำบลแม่ปูคา อำเภอสันกำแพง จังหวัดเชียงใหม่,100 ตรว. -,82/100,https://www.facebook.com/groups/Land.House.C.M.2014/posts/25437929392508771/
บ้านเดี่ยว,8.8 ล้านบาท,แม่ริม เชียงใหม่,- 3 นอน 2 น้ำ,82/100,https://www.facebook.com/groups/Land.House.C.M.2014/posts/25437867515848292/
ที่ดิน,ไร่ละ 2.3 ล้าน,เชียงดาว,3 ไร่ -,82/100,https://www.facebook.com/groups/Land.House.C.M.2014/posts/25432038503097860/
วิลล่า,30 ล้านบาท,"ซอย วัดอุโมงค์, สุเทพ, หมู่ที่ 10, เชียงใหม่ 50200, ประเทศไทย",246 ตร.ว. 5 นอน 5 น้ำ,71/100,https://www.facebook.com/groups/Land.House.C.M.2014/posts/25433870109581366/
ที่ดิน,"ราคาเพียง 750,000 บาท(เจ็ดแสนห้าหมื่นบาทถ้วน)","ท่าขัว–น้ำโท้ง, บ่อแฮ้ว, ลำปาง",81 ตารางวา -,82/100,https://www.facebook.com/groups/Land.House.C.M.2014/posts/25440055115629532/
บ้านเดี่ยว,1.09 ล้านบาท,สันป่าตอง เชียงใหม่,~ 72 ตร.ม. 2 นอน 1 น้ำ,82/100,https://www.facebook.com/groups/Land.House.C.M.2014/posts/25438591499109227/
บ้านเดี่ยว,"ราคาเพียง 13,000,000 บาท",ลำปาง,1 ไร่ 2 งาน 47.3 ตร.ว. 3 นอน 3 น้ำ,75/100,https://www.facebook.com/groups/Land.House.C.M.2014/posts/25441301368838240/
คอนโด,1.1 ล้านบาท,"103 เซ็นทรัลคอนโดมิเนียม, ไชยสถาน, สารภี, เชียงใหม่ 50140, ประเทศไทย",35 ตารางเมตร 1 นอน 1 น้ำ,82/100,https://www.facebook.com/groups/Land.House.C.M.2014/posts/25440542618914115/
บ้านเดี่ยว,ราคาเริ่มต้นเพียง1.79 ล้านบาท,ตำบลขัวมุง อำเภอสารภี จังหวัดเชียงใหม่,61 ตร.วา 3 นอน 2 น้ำ,49/100,https://www.facebook.com/groups/Land.House.C.M.2014/posts/25433336272968083/
บ้านเดี่ยว,11ล้าน,"แม่ริม, เชียงใหม่",1ไร่ 95ตารางวา 7 นอน 5 น้ำ,53/100,https://www.facebook.com/groups/Land.House.C.M.2014/posts/25439086602393050/
บ้านเดี่ยว,"ลดเหลือเพียง1,850,000บ.",บ้านป่าเหมือด อ.ดอยสะเก็ด จ.เชียงใหม่,89 ตรว. -,82/100,https://www.facebook.com/groups/Land.House.C.M.2014/posts/25438304775804566/
ที่ดิน,12 ล้านบาท,ใกล้สนามกีฬาสันผักหวาน หางดงเข้าซอยประมาณ 200 ม. ห่างจากสนามบินเชียงใหม่ 10 กม.,2 ไร่ -,82/100,https://www.facebook.com/groups/Land.House.C.M.2014/posts/25431969199771457/
ที่ดิน,"ราคาเพียง 1,390,000 ฿",ต. เมืองเล็น อ.สันทราย จ.เชียงใหม่,109 ตร.ว. -,82/100,https://www.facebook.com/groups/Land.House.C.M.2014/posts/25439445195690524/
บ้านเดี่ยว,3.99 ลบ.,ต.ป่าสัก อ.เมือง จ.ลำพูน,400 ตรว. 4 นอน 3 น้ำ,75/100,https://www.facebook.com/groups/Land.House.C.M.2014/posts/25436169189351458/
บ้านเดี่ยว,ราคาเพียง 9.8 ล้านบาท,หมู่บ้านเชียงใหม่ ฟลอร่าวิลล์ ดอยสะเก็ด,พื้นที่ใช้สอยรวม 300 ตร.ม ดิน 265 ตร.วา 3 นอน 3 น้ำ,47/100,https://www.facebook.com/groups/Land.House.C.M.2014/posts/25437830829185294/
ที่ดิน,"1,900,000บาท",บ้านโฮ่ง เส้นวัดดอยหลังถ้ำ,3ไร่เศษ -,82/100,https://www.facebook.com/groups/Land.House.C.M.2014/posts/25431987356436308/
บ้านเดี่ยว,ราคาเพียง 5.39 ล้านบาท,โครงการกุลพันธ์ 9 – หางดง เชียงใหม่ ติดถนนใหญ่ ใกล้กาดฝรั่ง และหน้าโรงเรียนนานาชาติลานนา,พื้นที่ใช้สอย: 245 ตร.ม. ขนาดที่ดิน: 53 ตร.ว. 4 นอน 5 น้ำ,47/100,https://www.facebook.com/groups/Land.House.C.M.2014/posts/25431786169789760/
ที่ดิน,"ไร่ละ 3,300,000 บาท",สันป่าตอง-บ้านกาด-แม่วาง,5ไร่ 2งาน 97ตร.วา -,67/100,https://www.facebook.com/groups/Land.House.C.M.2014/posts/25440608768907500/
ทาวน์โฮม,1.79 ล้านบาท,สันผีเสื้อ,110 ตร.ม. 3 นอน 2 น้ำ,82/100,https://www.facebook.com/groups/Land.House.C.M.2014/posts/25438637615771282/
บ้านเดี่ยว,3.3 ล้านบาท,โครงการ Habitat,87 ตร.ว. 3 นอน 3 น้ำ,47/100,https://www.facebook.com/groups/Land.House.C.M.2014/posts/25431361629832214/
คอนโด,6.9 ล้าน,เชียงใหม่ ติดห้าง Central Festival,67 ตร.ม. 2 นอน 1 น้ำ,66/100,https://www.facebook.com/groups/Land.House.C.M.2014/posts/25439008965734147/
บ้านเดี่ยว,4.59 ลบ.,ท่ารั้ว – ตลาดขวัญ เชียงใหม่,312 ตร.ม. 4 นอน 3 น้ำ,82/100,https://www.facebook.com/groups/Land.House.C.M.2014/posts/25439799408988436/
บ้านเดี่ยว,ราคาเริ่มต้นเพียง 2.1x ลบ. เท่านั้น!!,"หนองแฝก-สารภี, เชียงใหม่",- 3 นอน 2 น้ำ,66/100,https://www.facebook.com/groups/Land.House.C.M.2014/posts/25432787696356274/
ที่ดินเปล่า,เพียง 1.2 ล้านบาท,"หมู่ที่ 2, ตลาดขวัญ, เชียงใหม่ 50220, ประเทศไทย",92 ตร.วา -,47/100,https://www.facebook.com/groups/Land.House.C.M.2014/posts/25439922758976101/
บ้านเดี่ยว,"เหลือเพียง 1,990,000 บาทเท่านั้น!!","ใจกลางเมืองลำปาง, โครงการหมู่บ้านไฮเวย์วิลล่า",95 ตรว. 4 นอน 2 น้ำ,66/100,https://www.facebook.com/groups/Land.House.C.M.2014/posts/25432479426387101/
ที่ดิน,"650,000",ตำบลยางคราม อำเภอดอยหล่อ จังหวัดเชียงใหม่,เกือบ4ไร่ -,85/100,https://www.facebook.com/groups/Land.House.C.M.2014/posts/25434441359524241/
บ้านเดี่ยว,1.3× ลบ.,"โซนสารภีกู่แดง, สันผักหวาน, หางดง, เมือง, สันทรายแม่โจ้",35ตร.ว 2 นอน 2 น้ำ,79/100,https://www.facebook.com/groups/Land.House.C.M.2014/posts/25438338159134561/
ที่ดิน,"1,500,000","ตำบล ทุ่งปี๊, อำเภอ แม่วาง, จังหวัด เชียงใหม่",5ไร่2งาน86ตารางวา -,85/100,https://www.facebook.com/groups/Land.House.C.M.2014/posts/25434412119527165/
บ้านเดี่ยว,ราคาเพียง 2.85 ลบ.ฟรีโอน,"สันผักหวาน, ใกล้แม็คโครแม่เหียะ, ใกล้สนามบินเชียงใหม่, ใกล้เซ็นทรัลแอร์พอร์ต",60 ตารางวา 3 นอน 2 น้ำ,47/100,https://www.facebook.com/groups/Land.House.C.M.2014/posts/25434897936145250/
คอนโด,ราคาพิเศษเพียง 2.65 ลบ.,เชียงใหม่,35 ตร.ม. 1 นอน 1 น้ำ,70/100,https://www.facebook.com/groups/Land.House.C.M.2014/posts/25437854519182925/
บ้านเดี่ยว,"2,550,000บาท",บ้านโฮ่ง ลำพูน,260 ตารางวา 2 นอน 2 น้ำ,82/100,https://www.facebook.com/groups/Land.House.C.M.2014/posts/25431934663108244/
บ้านเดี่ยว,"12,500,000 บาท",แสนสราญ หางดง เชียงใหม่,188 ตารางวา (752ตารางเมตร) 4 นอน 4 น้ำ,73/100,https://www.facebook.com/groups/Land.House.C.M.2014/posts/25434335446201499/
คอนโด,ราคาเพียง 1.29 ล้านบาท,103 เซ็นทรัลคอนโดมิเนียม เชียงใหม่,36 ตารางเมตร 1 นอน 1 น้ำ,66/100,https://www.facebook.com/groups/Land.House.C.M.2014/posts/25440701018898275/
บ้านเดี่ยว,1.3× ลบ.,"โซนสารภีกู่แดง, เชียงใหม่",35ตร.ว 2 นอน 2 น้ำ,82/100,https://www.facebook.com/groups/Land.House.C.M.2014/posts/25440112368957140/
อื่นๆ,"499,000 บ.",-,- -,75/100,https://www.facebook.com/groups/Land.House.C.M.2014/posts/25438876282414082/
คอนโด,ราคาเพียง 2.29 ล้านบาท,"เชียงใหม่, ใกล้ถนนวงแหวนรอบ 2, ศูนย์ราชการเชียงใหม่, Meechok Plaza, โรงเรียนนานาชาตินครพายัพ (NIS)",40 ตร.ม. 1 นอน 1 น้ำ,70/100,https://www.facebook.com/groups/Land.House.C.M.2014/posts/25437873749181002/
ที่ดิน,"1,188,000 บาท",บ้านสันต้นม่วงเหนือ เขตสำราญราษฏร์ อ.ดอยสะเก็ด เชียงใหม่,132 ตารางวา None นอน 0 น้ำ,49/100,https://www.facebook.com/groups/Land.House.C.M.2014/posts/25433008563000854/
บ้านเดี่ยว,1.99-219ล้าน บาท,"ท่ารั้ว-สันปูเลย, เชียงใหม่",50-80 ตารางวา 3 นอน 2 น้ำ,66/100,https://www.facebook.com/groups/Land.House.C.M.2014/posts/25439761218992255/
บ้านเดี่ยว,ราคาเริ่มต้นที่ 2.29ล้านบาท,ต.สันปูเลย อ.ดอยสะเก็ด จ.เชียงใหม่,พื้นที่ใช้สอย 125ตารางเมตรที่ดิน 60ตรว 3 นอน 2 น้ำ,75/100,https://www.facebook.com/groups/Land.House.C.M.2014/posts/25439141872387523/
บ้านเดี่ยว,1.xx ล้านบาท,ซอย 4 ในเมืองลำพูน,43 ตรว. 3 นอน 2 น้ำ,53/100,https://www.facebook.com/groups/Land.House.C.M.2014/posts/25431526353149075/
บ้านเดี่ยว,7.99 ล้านบาท,ถนนวงแหวนรอบกลาง แยกมหิดล ต.ท่าศาลา อ.เมือง จ.เชียงใหม่,89.7 ตร.วา 3 นอน 4 น้ำ,88/100,https://www.facebook.com/groups/Land.House.C.M.2014/posts/25431474749820902/
บ้านชั้นเดียว,1.3 ล้านบาท,หมู่บ้านหลักชัย อ.สันทราย (ตรงข้าม ตลาดแม่กวง),24 ตร.ว. 2 นอน 1 น้ำ,70/100,https://www.facebook.com/groups/Land.House.C.M.2014/posts/25432115043090206/
บ้านเดี่ยว,ราคา 7.99 ล้านบาท,ถนนวงแหวนรอบกลาง แยกมหิดล ต.ท่าศาลา อ.เมือง จ.เชียงใหม่,ที่ดิน 89.7 ตร.วา พื้นที่ใช้สอยในบ้าน 240 ตร.ม 3 นอน 4 น้ำ,88/100,https://www.facebook.com/groups/Land.House.C.M.2014/posts/25433938619574515/
บ้านเดี่ยว,2.85 ล้านบาท,ต.แม่คือ ดอยสะเก็ต เชียงใหม่,60 ตารางวา 4 นอน 3 น้ำ,53/100,https://www.facebook.com/groups/Land.House.C.M.2014/posts/25431679059800471/
ทาวน์โฮม,"2,490,000 บาท",โซนฟ้าฮ่าม เมืองเชียงใหม่,19 ตารางวา พื้นที่ใช้สอย 120 ตารางเมตร 2 นอน 2 น้ำ,82/100,https://www.facebook.com/groups/Land.House.C.M.2014/posts/25433885489579828/
บ้านเดี่ยว,13 ล้านบาท,"ถนน โชตนา, ดอนแก้ว, หมู่ที่ 5, เชียงใหม่ 50180, ประเทศไทย",2 ไร่ 2 งาน 15 ตารางวา 5 นอน 6 น้ำ,82/100,https://www.facebook.com/groups/Land.House.C.M.2014/posts/25434587476176296/
ทาวน์โฮม,"390,000 บาท","ดอยหล่อ, เชียงใหม่ 50160, ประเทศไทย",130.6 ตารางวา 0 นอน 0 น้ำ,82/100,https://www.facebook.com/groups/Land.House.C.M.2014/posts/25440575748910802/
บ้านเดี่ยว,"2,090,000ล้านบาท"," Amphoe San Sai, Chiang Mai, หมู่บ้านโชควารีโฮม สันทราย",64 ตารางวา 3 นอน 2 น้ำ,49/100,https://www.facebook.com/groups/Land.House.C.M.2014/posts/25440921158876261/
บ้านเดี่ยว,ราคาเพียง 2.59 ล้านบาท,หนองจ๊อม สันทราย,96.9 ตร.วา 2 นอน 2 น้ำ,75/100,https://www.facebook.com/groups/Land.House.C.M.2014/posts/25431588219809555/
บ้านเดี่ยว,4.9 ล้าน,"บ้านช่างทอง ต.สุเทพ เมือง เชียงใหม่, เทศบาลนครเชียงใหม่, จังหวัดเชียงใหม่",107 ตารางวา / 203 ตารางเมตร 3 นอน 3 น้ำ,82/100,https://www.facebook.com/groups/Land.House.C.M.2014/posts/25439340255701018/
บ้านเดี่ยว,1.99 ล้านบาท,ต.หนองผึ้ง อ.สารภี จ.เชียงใหม่,เนื้อที่เหลือเยอะ 2 นอน 2 น้ำ,75/100,https://www.facebook.com/groups/Land.House.C.M.2014/posts/25438607339107643/
บ้านเดี่ยว,7.99 ล้านบาท,ถนนวงแหวนรอบกลาง แยกมหิดล ต.ท่าศาลา อ.เมือง จ.เชียงใหม่,89.7 ตร.วา 3 นอน 4 น้ำ,88/100,https://www.facebook.com/groups/Land.House.C.M.2014/posts/25438607472440963/
บ้านเดี่ยว,2.25 ลบ.,"ดอยสะเก็ด, ใกล้ตลาดแม่คือ",74 ตร.ว. 3 นอน 2 น้ำ,70/100,https://www.facebook.com/groups/Land.House.C.M.2014/posts/25434446542857056/
คอนโด,ราคาเพียง 2.54 ล้าน!,ใกล้ Maya Mall และย่านนิมมานเหมินท์,34 ตร.ม -,82/100,https://www.facebook.com/groups/Land.House.C.M.2014/posts/25437890185846025/
บ้านเดี่ยว,5.19 ล้านบาท,หมู่บ้าน Sawara บ้านยางทอง หมู่ 4 ต.สันปูเลย อ.ดอยสะเก็ด จ.เชียงใหม่,121.30 ตารางวา 3 นอน 3 น้ำ,47/100,https://www.facebook.com/groups/Land.House.C.M.2014/posts/25434063546228689/
บ้านเดี่ยว,ราคาเพียง 1.25 ล้านบาท,"ทุ่งข้าวตอก, หนองแหย่ง, สันทราย, เชียงใหม่ 50210, ประเทศไทย",178 ตารางวา 2 นอน 1 น้ำ,82/100,https://www.facebook.com/groups/Land.House.C.M.2014/posts/25434515226183521/
บ้านเดี่ยว,"2,090,000ล้านบาท"," Amphoe San Sai, Chiang Mai, หมู่บ้านโชควารีโฮม สันทราย",64 ตารางวา 3 นอน 2 น้ำ,49/100,https://www.facebook.com/groups/Land.House.C.M.2014/posts/25440913588877018/
ที่ดิน,"3,500,000.-",เขาค้อ,4 ไร่ -,82/100,https://www.facebook.com/groups/Land.House.C.M.2014/posts/25433258566309187/
ที่ดิน,"Vายถูกๆเพียงแค่750,000บาท",หมู่บ้านสันติ ต.สันกลาง อ.สันกำแพง,56.7 ตารางวา -,82/100,https://www.facebook.com/groups/Land.House.C.M.2014/posts/25433787702922940/
ที่ดิน,ขาย 1.6 ล้าน ถมที่แล้วแปลงที่ 2 ยังไม่ได้ถม อยู่ติดกับแปลงที่ 1 ขาย 1.5 ล้าน,"บ้านท่าใหม่อิ ซอย 11, ป่าแดด, หมู่ที่ 5, เชียงใหม่ 50100, ประเทศไทย",แปลงละ 100 ตารางวา -,82/100,https://www.facebook.com/groups/Land.House.C.M.2014/posts/25434654389502938/
ที่ดินเปล่า,"ราคา1,300,000บาท",ต.ตลาดใหญ่ อ.ดอยสะเก็ด จ.เชียงใหม่,1ไร่3งาน34ตรว.หรือ 734ตารางวา -,82/100,https://www.facebook.com/groups/Land.House.C.M.2014/posts/25431302346504809/
บ้านเดี่ยว,1.69ล้าน,บ้านสันติสุข บ้านป่ากุ๊ก บ้านดู่ เชียงราย,60 ตารางวา 3 นอน 2 น้ำ,53/100,https://www.facebook.com/groups/Land.House.C.M.2014/posts/25440448902256820/
ที่ดิน,"ราคาขาย 1,550,000.- บาท","บ้านบ้านยางพระธาตุ, ทางหลวงชนบท ชม. 3019, สันปูเลย, หมู่ที่ 11, เชียงใหม่ 50220, ประเทศไทย",97.30 ตารางวา -,53/100,https://www.facebook.com/groups/Land.House.C.M.2014/posts/25434347339533643/
บ้านเดี่ยว,18.5 ล้านบาท,"Amphoe San Sai, Chiang Mai",119.50 ตารางวา 4 นอน 5 น้ำ,66/100,https://www.facebook.com/groups/Land.House.C.M.2014/posts/25434948482806862/
ที่ดินเปล่า,"ราคาเพียงตารางวาละ 15,000.- บาท เท่านั้น!!","บ้านสันทุ่งใหม่ ซอย 1, สันปูเลย, หมู่ที่ 11, เชียงใหม่ 50220, ประเทศไทย",4 แปลง -,82/100,https://www.facebook.com/groups/Land.House.C.M.2014/posts/25434492469519130/
บ้านเดี่ยว,4.9 ล้าน,"เทศบาลนครเชียงใหม่, จังหวัดเชียงใหม่ 50200, บ้านช่างทอง ต.สุเทพ เมือง เชียงใหม่",107 ตารางวา / 203 ตารางเมตร 3 นอน 3 น้ำ,82/100,https://www.facebook.com/groups/Land.House.C.M.2014/posts/25440521012249609/
บ้านเดี่ยว,2.19 ล้านบาท,"ดอยสะเก็ด, เทศบาลนครเชียงใหม่, จังหวัดเชียงใหม่ 50210",30 ตารางวา พื้นที่ใช้สอย 128 ตารางเมตร 2 นอน 3 น้ำ,49/100,https://www.facebook.com/groups/Land.House.C.M.2014/posts/25431613966473647/
บ้านเดี่ยว,1.39 ล้านบาท,ต.ริมเหนือ อ.แม่ริม จ.เชียงใหม่,54 ตารางวา 2 นอน 2 น้ำ,53/100,https://www.facebook.com/groups/Land.House.C.M.2014/posts/25440619868906390/
ทาวน์โฮม,1.79 ล้านบาท,สันผีเสื้อ,110 ตร.ม. 3 นอน 2 น้ำ,82/100,https://www.facebook.com/groups/Land.House.C.M.2014/posts/25432165053085205/
บ้านเดี่ยว,1.99 ล้านบาท,ต.หนองผึ้ง อ.สารภี จ.เชียงใหม่,79.8 ตารางวา 2 นอน 2 น้ำ,53/100,https://www.facebook.com/groups/Land.House.C.M.2014/posts/25433560636278980/
ที่ดิน,ราคา 6 ล้านบาท รวมโอน,"บ้านบ้านป่าบงหลวง, ซอย 13 บ้านศรีคําชมภู, ป่าบง, สารภี, เชียงใหม่ 50140, ประเทศไทย",2 ไร่ 1 งาน 76 ตารางวา -,82/100,https://www.facebook.com/groups/Land.House.C.M.2014/posts/25434593066175737/
บ้านเดี่ยว,4.9 ล้าน,"ถนน สุเทพ, สุเทพ, หมู่ที่ 8, เชียงใหม่ 50200, ประเทศไทย",107 ตารางวา / 203 ตารางเมตร 3 นอน 3 น้ำ,82/100,https://www.facebook.com/groups/Land.House.C.M.2014/posts/25439294752372235/
ที่ดิน,3.2 ล้านบาท,"บ่อสร้าง ซอย 7, ต้นเปา, หมู่ที่ 3, เชียงใหม่ 50130, ประเทศไทย",204 ตารางวา -,82/100,https://www.facebook.com/groups/Land.House.C.M.2014/posts/25434597192841991/
ที่ดิน,3.4 ล้านบาท,"บ้านบ้านปางแฟน, 118, ป่าเมี่ยง, ดอยสะเก็ด, เชียงใหม่ 50220, ประเทศไทย",1 ไร่ 2 งาน 3 ตารางวา -,53/100,https://www.facebook.com/groups/Land.House.C.M.2014/posts/25434283009540076/
บ้านเดี่ยว,1.99 ล้านบาท,ต.หนองผึ้ง อ.สารภี จ.เชียงใหม่,79.8 ตารางวา 2 นอน 2 น้ำ,53/100,https://www.facebook.com/groups/Land.House.C.M.2014/posts/25433604396274604/
อาคารพาณิชย์,"2,100,000 บาท",สันไร่ สันกำแพง,29 ตารางวา 1 นอน 2 น้ำ,82/100,https://www.facebook.com/groups/Land.House.C.M.2014/posts/25431580463143664/
ที่ดิน,"ไร่ละ 450,000 บาท",ต.แม่หอพระ อ.แม่แตง จ.เชียงใหม่,8 ไร่ -,53/100,https://www.facebook.com/groups/Land.House.C.M.2014/posts/25432276589740718/
บ้านเดี่ยว,2.2ล้านบาท," Amphoe San Sai, Chiang Mai",72 ตารางวา 3 นอน 2 น้ำ,47/100,https://www.facebook.com/groups/Land.House.C.M.2014/posts/25433613292940381/
บ้านเดี่ยว,2.19 ล้านบาท,"ดอยสะเก็ด, เทศบาลนครเชียงใหม่, จังหวัดเชียงใหม่ 50210",30 ตารางวา พื้นที่ใช้สอย 128 ตารางเมตร 2 นอน 3 น้ำ,49/100,https://www.facebook.com/groups/Land.House.C.M.2014/posts/25431905276444516/
ที่ดินเปล่า,"12,348,000.- บาท","บ้านสันคามภางค์, เชียงใหม่",686 ตารางวา -,82/100,https://www.facebook.com/groups/Land.House.C.M.2014/posts/25434648436170200/
ทาวน์โฮม,ราคาเพียง 1.89 ล้านบาท,"ท่ารั้ว, สันปูเลย, ดอยสะเก็ด, เชียงใหม่ 50220, ประเทศไทย",20 ตารางวา 2 นอน 3 น้ำ,70/100,https://www.facebook.com/groups/Land.House.C.M.2014/posts/25434489679519409/
บ้านเดี่ยว,"1,800,000 บาท","บ้านบ้านเขื่อนผาก, เขื่อนผาก, พร้าว, เชียงใหม่ 50190, ประเทศไทย",306 ตารางวา 3 นอน 2 น้ำ,82/100,https://www.facebook.com/groups/Land.House.C.M.2014/posts/25433727439595633/
บ้านเดี่ยว,2.2ล้านบาท,"สันทราย, ใกล้ที่ทำการไปรษณีย์สันทราย",72 ตารางวา 3 นอน 2 น้ำ,47/100,https://www.facebook.com/groups/Land.House.C.M.2014/posts/25432276003074110/
บ้านเดี่ยว,ลดเหลือเพียง1.79 ล้านบาท,"เทศบาลนครเชียงใหม่, จังหวัดเชียงใหม่ 50100, ป่าแดด, อำเภอเมือง-เชียงใหม่",พื้นที่ดิน 48.5 ตารางวา พื้นที่ใช้สอย 100กว่า ตารางเมตร 3 นอน 2 น้ำ,47/100,https://www.facebook.com/groups/Land.House.C.M.2014/posts/25439219302379780/
ที่ดิน,200 ล้านบาท,"บ้านซุปเปอร์ไฮเวย์, ฟ้าฮ่าม, เชียงใหม่, เชียงใหม่ 50000, ประเทศไทย",4 ไร่ 9 ตารางวา -,82/100,https://www.facebook.com/groups/Land.House.C.M.2014/posts/25434467202854990/
ที่ดิน,"ราคาขาย 850,000.- บาท","บ้านบ้านหนองก้นครุ, หนองแหย่ง, หมู่ที่ 4, เชียงใหม่ 50210, ประเทศไทย",100 ตารางวา -,47/100,https://www.facebook.com/groups/Land.House.C.M.2014/posts/25434360862865624/
บ้านเดี่ยว,2.29 ล้านบาท,"บ้านแม่เหียะ, เทศบาลนครเชียงใหม่, จังหวัดเชียงใหม่",38.6 ตารางวา พื้นที่ใช้สอย 110 ตารางเมตร 3 นอน 2 น้ำ,82/100,https://www.facebook.com/groups/Land.House.C.M.2014/posts/25433638342937876/
บ้านเดี่ยว,2.79 ล้านบาท,"บ้านสารภี, เทศบาลนครเชียงใหม่, จังหวัดเชียงใหม่ 50140",53 ตารางวา 4 นอน 3 น้ำ,47/100,https://www.facebook.com/groups/Land.House.C.M.2014/posts/25434404502861260/
บ้านเดี่ยว,2.3 ล้านบาท," Amphoe San Sai, Chiang Mai, หมู่ 17 ตำบลป่าไผ่ อ.สันทราย",70 ตารางวา 3 นอน 2 น้ำ,53/100,https://www.facebook.com/groups/Land.House.C.M.2014/posts/25440442298924147/
ที่ดิน,"ราคาละ 4,500 บาท","ต.ร้องวัวแดง, อ.สันกำแพง",4ไร่3งาน42ตารางวา -,82/100,https://www.facebook.com/groups/Land.House.C.M.2014/posts/25438257252475985/
ที่ดิน,2.3 ล้านบาท,"บ้านป้อมตํารวจบ้านยวม, ป่าบง, สารภี, เชียงใหม่ 50140, ประเทศไทย",178.80 ตารางวา -,53/100,https://www.facebook.com/groups/Land.House.C.M.2014/posts/25434240086211035/
บ้านเดี่ยว,2.19 ล้านบาท,"สันปูเลย, Doi Saket, Chiang Mai 50220",30 ตารางวา พื้นที่ใช้สอย 128 ตารางเมตร 2 นอน 3 น้ำ,49/100,https://www.facebook.com/groups/Land.House.C.M.2014/posts/25432220963079614/
ที่ดิน,"ตารางวาละ 2,200.- บาท เท่านั้น !!","บ้านดอยหล่อ, เทศบาลนครเชียงใหม่, จังหวัดเชียงใหม่ 50160",3 แปลง -,82/100,https://www.facebook.com/groups/Land.House.C.M.2014/posts/25434486889519688/
บ้านเดี่ยว,4.9 ล้าน,"บ้านช่างทอง ต.สุเทพ เมือง เชียงใหม่, เทศบาลนครเชียงใหม่, จังหวัดเชียงใหม่",107 ตารางวา / 203 ตารางเมตร 3 นอน 3 น้ำ,82/100,https://www.facebook.com/groups/Land.House.C.M.2014/posts/25440504498917927/
บ้านเดี่ยว,4.9 ล้าน,"เทศบาลนครเชียงใหม่, จังหวัดเชียงใหม่ 50200, บ้านช่างทอง ต.สุเทพ เมือง เชียงใหม่",107 ตารางวา / 203 ตารางเมตร 3 นอน 3 น้ำ,82/100,https://www.facebook.com/groups/Land.House.C.M.2014/posts/25440492342252476/
บ้านเดี่ยว,2.29 ล้านบาท,"บ้านแม่เหียะ, เทศบาลนครเชียงใหม่, จังหวัดเชียงใหม่ 50100",38.6 ตารางวา พื้นที่ใช้สอย 110 ตารางเมตร 3 นอน 2 น้ำ,82/100,https://www.facebook.com/groups/Land.House.C.M.2014/posts/25433648249603552/
บ้านเดี่ยว,2.3 ล้านบาท,"Amphoe San Sai, Chiang Mai 50210, หมู่ 17 ตำบลป่าไผ่ อ.สันทราย",พื้นที่ดิน 70 ตารางวา พื้นที่ใช้สอย 110 ตารางเมตร 3 นอน 2 น้ำ,53/100,https://www.facebook.com/groups/Land.House.C.M.2014/posts/25433143752987335/
บ้านเดี่ยว,2.2ล้านบาท," Amphoe San Sai, Chiang Mai",72 ตารางวา 3 นอน 2 น้ำ,47/100,https://www.facebook.com/groups/Land.House.C.M.2014/posts/25439151059053271/
บ้านเดี่ยว,2.2ล้านบาท," Amphoe San Sai, Chiang Mai",72 ตารางวา 3 นอน 2 น้ำ,47/100,https://www.facebook.com/groups/Land.House.C.M.2014/posts/25439132075721836/
ที่ดิน,"490,000 บ.",บ้านใหม่ป่าฝาง ม.15 ต.น้ำดิบ อ.ป่าซาง จ.ลำพูน,200 ตรว. -,82/100,https://www.facebook.com/groups/236116797208244/posts/2117566075729964/
บ้านเดี่ยว,1.95 ล้าน,"ม.หลักชัย, ใกล้วงแหวนรอบ 3, ติดถนนสายหลัก",40 ตรว 3 นอน 2 น้ำ,87/100,https://www.facebook.com/groups/236116797208244/posts/2116773102475928/
บ้านเดี่ยว,1.69 ล้าน,"เชียงใหม่, ดอยสะเก็ด",96.5 ตรม 3 นอน 2 น้ำ,66/100,https://www.facebook.com/groups/236116797208244/posts/2116657569154148/
ที่ดินเปล่า,"650,000",ต.ศรีบัวบาน อ.เมือง ลำพูน,1 ไร่ 2 งาน 49 ตรว. -,82/100,https://www.facebook.com/groups/236116797208244/posts/2117486185737953/
บ้านเดี่ยว,-,ต.มะขามหลวง อ.สันป่าตอง เทศบาลนครเชียงใหม่ จังหวัดเชียงใหม่ 50120,90 ตร.วา 1 นอน 1 น้ำ,87/100,https://www.facebook.com/groups/236116797208244/posts/2116733999146505/
บ้านเดี่ยว,2.2 ล้านบาท,หมู่บ้านปวริศา สันทราย,72 ตรว. 3 นอน 2 น้ำ,75/100,https://www.facebook.com/groups/236116797208244/posts/2116697305816841/
ที่ดิน,"960,000บ.",บ้านสวนป่าลาน ต. สันทราย หลวง อ.สันทราย,95 ตารางวา -,82/100,https://www.facebook.com/groups/236116797208244/posts/2117526209067284/
อื่นๆ,"ราคาเพียง 165,000 บาท",-,- -,82/100,https://www.facebook.com/groups/236116797208244/posts/2116665269153378/
บ้านเดี่ยว,ราคาเพียง 1.85 ล้านบาท,บ้านขัวเด้ง สันผักหวาน (ติดหมู่บ้านปรารถนา พลัส),50 ตารางวา 2 นอน 2 น้ำ,49/100,https://www.facebook.com/groups/236116797208244/posts/2117047362448502/
บ้านเดี่ยว,เหลือเพียง2.65ล้าน,บ้านแม่ยาก ต.บ้านกลาง ลำพูน,พื้นที่ใช้สอย150ตรม. ที่ดิน51.5ตรว. -,49/100,https://www.facebook.com/groups/236116797208244/posts/2117433232409915/
ที่ดิน,-,นนบ้านหนองบัว แม่แตง เชียงใหม่,"1.29 m 196 ตารางวา, 1.49 m 232 ตารางวา -",82/100,https://www.facebook.com/groups/236116797208244/posts/2116603855826186/
บ้านเดี่ยว,2.5ล้าน,"หมู่บ้านซิตี้โฮมเพลส, เชียงใหม่",52 ตรว. 3 นอน 2 น้ำ,82/100,https://www.facebook.com/groups/236116797208244/posts/2117531379066767/
ที่ดิน,"650,000",ต.ศรีบัวบาน อ.เมือง ลำพูน,1 ไร่ 2 งาน 49 ตรว. -,82/100,https://www.facebook.com/groups/landhomechiangmai/posts/4560147174212892/
บ้านเดี่ยว,ราคา 1.95 ล้าน,"ม.หลักชัย, ใกล้วงแหวนรอบ 3, ติดถนนสายหลัก",40 ตรว 3 นอน 2 น้ำ,87/100,https://www.facebook.com/groups/landhomechiangmai/posts/4559264440967832/
อื่นๆ,9.5 ล้าน,"หมู่3 ต.สันนาเม็ง ซ.สันนาเม็ง15 ถ.สันนาเม็ง ตำบลสันนาเม็ง, อำเภอสันทราย, จังหวัดเชียงใหม่, 50210",219 ตรว -,82/100,https://www.facebook.com/groups/landhomechiangmai/posts/4560013560892920/
ที่ดิน,"ราคา ตร.วา ละ 11,000 บาท",ตำบลเหมืองแก้ว อำเภอแม่ริม จังหวัดเชียงใหม่,4ไร่ 2งาน 86 ตรว -,87/100,https://www.facebook.com/groups/landhomechiangmai/posts/4559066547654288/
บ้านเดี่ยว,"2,550,000 บาท",ต.สันทรายน้อย อ.สันทราย จ.เชียงใหม่,55 ตรว. 3 นอน 2 น้ำ,49/100,https://www.facebook.com/groups/landhomechiangmai/posts/4559928297568113/
บ้านเดี่ยว,ราคาเพียง 1.85 ล้านบาท!,บ้านขัวเด้ง สันผักหวาน (ติดหมู่บ้านปรารถนา พลัส),50 ตารางวา 2 นอน 2 น้ำ,70/100,https://www.facebook.com/groups/landhomechiangmai/posts/4559606567600286/
บ้านเดี่ยว,"ราคาขาย 1,990,000 บาท",ต.หนองผึ้ง อ.สารภี จ.เชียงใหม่,79.8 ตร.ว. 2 นอน 2 น้ำ,75/100,https://www.facebook.com/groups/landhomechiangmai/posts/4560298064197803/
ที่ดิน,1200000 ฟรีโอน,หมู่3 ต.ห้วยทราย อ.แม่ริม จ.เชียงใหม่,2งาน30ตารางวา -,82/100,https://www.facebook.com/groups/landhomechiangmai/posts/4559982304229379/
บ้านเดี่ยว,1.45 ลบ.,บ้านกู่แดง - สารภี (ใกล้การไฟฟ้าสารภี),ที่ดิน 30-34 ตร.ว. พื้นที่ใช้สอย 65 ตร.ม. 2 นอน 1 น้ำ,66/100,https://www.facebook.com/groups/landhomechiangmai/posts/4560319640862312/
บ้านเดี่ยว,ราคาเริ่มที่ 1.89 ลบ.,"โซนหารดงหนองแก๋ว, ใกล้เมือง, บ้านโซนสันผักหวาน, บ้านโซนหางดง, บ้านโซนสารภี, บ้านอำเภอเมือง, บ้านสันทรายแม่โจ้",พื้นที่ใช้สอยประมาณ 120 ตรม. 3 นอน 2 น้ำ,47/100,https://www.facebook.com/groups/landhomechiangmai/posts/4560329834194626/
ที่ดิน,"6ไร่ๆละ490,000 บาท",แม่แตง เชียงใหม่,ประมาณ 6 ไร่ -,82/100,https://www.facebook.com/groups/landhomechiangmai/posts/4559903424237267/
บ้านเดี่ยว,1.3× ลบ.,โซนสารภีกู่แดง,35ตร.ว 2 นอน 2 น้ำ,82/100,https://www.facebook.com/groups/landhomechiangmai/posts/4559813970912879/
บ้านเดี่ยว,ราคาเริ่มต้นเพียง 2.1x ลบ. เท่านั้น!!,หนองแฝก-สารภี,- 3 นอน 2 น้ำ,70/100,https://www.facebook.com/groups/landhomechiangmai/posts/4559427334284876/
บ้านเดี่ยว,2.9ล้าน,สันกำแพง จ.เชียงใหม่ หลังโลตัสสร้างใหม่ พิกัดร้านขายของเก่าหลังข่วงโอท็อป,- 4 นอน 4 น้ำ,82/100,https://www.facebook.com/groups/landhomechiangmai/posts/4559876377573305/
บ้านเดี่ยว,6.5 ล้านบาท,"โครงการสีวลีราชพฤกษ์, แม่เหียะ, เชียงใหม่",76 ตรว. 3 นอน 3 น้ำ,49/100,https://www.facebook.com/groups/landhomechiangmai/posts/4560063554221254/
ที่ดิน,5.6 ล้านบาท,อำเภอแม่ออน ใกล้ตัวเมืองเชียงใหม่30นาที โซนหลังน้ำพุร้อนรุ่งอรุณ ใกล้น้ำพุร้อนสันกำแพง ห่างแม่กำปอง 15 นาที,5 ไร่ 1 งาน 65 ตารางวา แถมที่งอก 1 ไร่กว่า -,82/100,https://www.facebook.com/groups/landhomechiangmai/posts/4559162760978000/
บ้านเดี่ยว,ราคาเพียง 5.39 ล้านบาท,โครงการกุลพันธ์ 9 – หางดง เชียงใหม่ติดถนนใหญ่ ใกล้กาดฝรั่ง และหน้าโรงเรียนนานาชาติลานนา,พื้นที่ใช้สอย: 245 ตร.ม. ขนาดที่ดิน: 53 ตร.ว. 4 นอน 5 น้ำ,47/100,https://www.facebook.com/groups/landhomechiangmai/posts/4559070730987203/
บ้านเดี่ยว,9.9 ลบ.,"เชียงใหม่, ใกล้สันกำแพง, แม่กำปอง, สนามบินเชียงใหม่",65 ตรว. 7 นอน 9 น้ำ,82/100,https://www.facebook.com/groups/landhomechiangmai/posts/4560133297547613/
บ้านเดี่ยว,"เพียง 1,150,000 บาท",ต.เชิงดอย อ.ดอยสะเก็ด จ.เชียงใหม่,35 ตร.ว. 2 นอน 2 น้ำ,82/100,https://www.facebook.com/groups/landhomechiangmai/posts/4560068774220732/
บ้านเดี่ยว,"7,500,000 บาท",อ.จอมทอง จ.เชียงใหม่,150 ตารางเมตร 4 นอน 3 น้ำ,53/100,https://www.facebook.com/groups/landhomechiangmai/posts/4559211060973170/
บ้านเดี่ยว,ราคาเริ่มต้นเพียง1.79 ล้านบาท,ตำบลขัวมุง อำเภอสารภี จังหวัดเชียงใหม่,61 ตร.วา 3 นอน 2 น้ำ,49/100,https://www.facebook.com/groups/landhomechiangmai/posts/4559308770963399/
บ้านเดี่ยว,"2,550,000บาท",บ้านโฮ่ง ลำพูน,260 ตารางวา 2 นอน 2 น้ำ,82/100,https://www.facebook.com/groups/landhomechiangmai/posts/4559097347651208/
บ้านเดี่ยว,2.1 ล้านบาท,ต.ทาทุ่งหลวง อ.แม่ทา จ. ลำพูน,1 ไร่ 15 ตารางวา 3 นอน 3 น้ำ,53/100,https://www.facebook.com/groups/landhomechiangmai/posts/4560027947558148/
บ้านเดี่ยว,"2,900,000 บาท","สันกำแพง, เชียงใหม่",60 ตารางวา 3 นอน 3 น้ำ,82/100,https://www.facebook.com/groups/landhomechiangmai/posts/4560317587529184/
ที่ดินเปล่า,"1,250,000 บาท",ตำบลแม่ปูคา อำเภอสันกำแพง จังหวัดเชียงใหม่,181 ตร.วา -,49/100,https://www.facebook.com/groups/landhomechiangmai/posts/4559340927626850/
คอนโด,5.95 ล้านบาท,"ถนน ห้วยแก้ว, สุเทพ, หมู่ที่ 8, เชียงใหม่ 50200, ประเทศไทย",100 ตร.ม. 2 นอน 1 น้ำ,66/100,https://www.facebook.com/groups/landhomechiangmai/posts/4560056394221970/
คอนโด,2.69 ล้านบาท*,"เชียงใหม่, ใกล้ถ.นิมมาน, ใกล้มหาวิทยาลัยเชียงใหม่, ใกล้ห้าง MAYA / One Nimman / Think Park",36.5 ตร.ม. 1 นอน 1 น้ำ,66/100,https://www.facebook.com/groups/landhomechiangmai/posts/4559438660950410/
ที่ดิน,"ราคาเริ่มต้นเพียง 9,000 – 12,000 บาท/ตร.ว.",เชียงใหม่,- -,53/100,https://www.facebook.com/groups/landhomechiangmai/posts/4560192877541655/
บ้านเดี่ยว,5.5ล.,-,2 ไร่ 6 นอน None น้ำ,87/100,https://www.facebook.com/groups/landhomechiangmai/posts/4559289674298642/
บ้านเดี่ยว,"ราคา450,000.-",บ้านแทนคำ หมู่10 ต.ทุ่งปี้ อ.แม่วาง จ.เชียงใหม่,61 ตารางวา None นอน 1 น้ำ,82/100,https://www.facebook.com/groups/362307990479383/posts/25275368508746653/
บ้านชั้นเดียว,1.3 ล้านบาท,หมู่บ้านหลักชัย อ.สันทราย (ตรงข้าม ตลาดแม่กวง),24 ตร.ว. 2 นอน 1 น้ำ,70/100,https://www.facebook.com/groups/landhomechiangmai/posts/4559935867567356/
บ้านเดี่ยว,5.5ล.,เชียงใหม่,2 ไร่ 6 นอน None น้ำ,87/100,https://www.facebook.com/groups/landhomechiangmai/posts/4559924727568470/
คอนโด,2.69 ล้านบาท*,"ศิริมังคลาจารย์ ซอย 1, ห้วยแก้ว, เชียงใหม่",36.5 ตร.ม. 1 นอน 1 น้ำ,66/100,https://www.facebook.com/groups/landhomechiangmai/posts/4559204200973856/
คอนโด,1.29 ล้านบาท,"ช้างคลาน, ใจกลางเมืองเชียงใหม่, ใกล้ประตูท่าแพ, ไนท์บาซาร์",28.35 ตร.ม. 1 นอน 1 น้ำ,70/100,https://www.facebook.com/groups/landhomechiangmai/posts/4560270077533935/
บ้านเดี่ยว,2.1x ลบ.,"หนองแฝก-สารภี, เชียงใหม่",- 3 นอน 2 น้ำ,66/100,https://www.facebook.com/groups/landhomechiangmai/posts/4559236087637334/
บ้านเดี่ยว,ราคาเพียง 4.59 ล้านบาท,"เทศบาลนครเชียงใหม่, จังหวัดเชียงใหม่ 50210 - ท่ารั้ว, หลัง ปตท.บ่อหิน",60 ตร.วา | พื้นที่ใช้สอย 312 ตร.ม. 4 นอน 3 น้ำ,70/100,https://www.facebook.com/groups/landhomechiangmai/posts/4559093497651593/
บ้านเดี่ยว,3.99 ล้าน,ติดถนน 4 เลน,2 ไร่ 2 งาน -,82/100,https://www.facebook.com/groups/landhomechiangmai/posts/4559123454315264/
บ้านเดี่ยว,2.75 ล้านบาท,โครงการกาญจน์กนก 2 แยกหลุยส์-ท่ารั้ว เชียงใหม่,72 ตร.วา 3 นอน 2 น้ำ,49/100,https://www.facebook.com/groups/landhomechiangmai/posts/4559198584307751/
บ้านเดี่ยว,"700,000 บาท",บ้านม่วงงาม ต.แจ้ห่ม อ.แจ้ห่ม จ.ลำปาง,53 ตารางวา 3 นอน 2 น้ำ,82/100,https://www.facebook.com/groups/landhomechiangmai/posts/4559615980932678/
บ้านเดี่ยว,ราคาเพียง 2.85 ลบ.ฟรีโอน,"สันผักหวาน, ใกล้แม็คโครแม่เหียะ, ใกล้สนามบินเชียงใหม่, ใกล้เซ็นทรัลแอร์พอร์ต",60 ตารางวา 3 นอน 2 น้ำ,47/100,https://www.facebook.com/groups/landhomechiangmai/posts/4559519740942302/
ที่ดินเปล่า,"ราคาไร่ละ 1,620,000 บาท หากเหมาทั้งแปลงเพียง 2,850,000 บาท","ทางขึ้นดอยอินทนนท์, จอมทอง, เชียงใหม่",1 ไร่ 3 งาน 6 ตารางวา -,75/100,https://www.facebook.com/groups/landhomechiangmai/posts/4559229667637976/
ที่ดินเปล่า,"ราคาเพียง: 400,000 บาท","ทางขึ้นดอยอินทนนท์, ปากซอยโรงแรมราชพฤกษ์ และ โบสถ์คริสต์, ใกล้ถนนใหญ่เพียง 1 กิโลเมตร",1 ไร่ 0 งาน 4 ตร.ว. -,82/100,https://www.facebook.com/groups/landhomechiangmai/posts/4560228444204765/
บ้านเดี่ยว,1.99 ล้านบาท,"บ้านน้ำโจ้ – สารภี, เชียงใหม่",50 ตรว. 3 นอน 2 น้ำ,49/100,https://www.facebook.com/groups/landhomechiangmai/posts/4559900910904185/
บ้านเดี่ยว,"3,700,000","ตำบล ทุ่งปี๊, อำเภอ แม่วาง, จังหวัด เชียงใหม่",5 ไร่ 2 นอน 2 น้ำ,82/100,https://www.facebook.com/groups/landhomechiangmai/posts/4560179637542979/
บ้านเดี่ยว,-,บ้านใกล้เครือสหพัฒน์ ใกล้ตลาดจตุจักรลำพูน,75 ตารางวา 3 นอน 2 น้ำ,82/100,https://www.facebook.com/groups/landhomechiangmai/posts/4560200437540899/
บ้านเดี่ยว,1.09 ล้านบาท,สันป่าตอง เชียงใหม่,21 ตารางวา (~72 ตร.ม.) 2 นอน 1 น้ำ,82/100,https://www.facebook.com/groups/landhomechiangmai/posts/4559925520901724/
ที่ดิน,"1,790,000บาทพร้อมค่าโอนครับ",บ้านปางบง ตำบลเทพเสด็จ อำเภอดอยสะเก็ด จังหวัดเชียงใหม่,151 ตารางวา -,87/100,https://www.facebook.com/groups/landhomechiangmai/posts/4559272617633681/
บ้านเดี่ยว,"4,980,000 บาท",หมู่บ้านวังตาล,260 ตรม. 90 ตรว. 3 นอน 4 น้ำ,75/100,https://www.facebook.com/groups/landhomechiangmai/posts/4559053570988919/
ที่ดิน,"650,000 บาท",ตำบลแม่ปูคา อำเภอสันกำแพง จังหวัดเชียงใหม่,100 ตรว. -,82/100,https://www.facebook.com/groups/landhomechiangmai/posts/4559846627576280/
บ้านเดี่ยว,2.9ล้าน,ท่ารั้ว ดอยสะเก็ด เชียงใหม่,180ตรม. 2 นอน 2 น้ำ,49/100,https://www.facebook.com/groups/236116797208244/posts/2111240666362505/
บ้านเดี่ยว,"2,090,000ล้านบาท"," Amphoe San Sai, Chiang Mai, หมู่บ้านโชควารีโฮม สันทราย",64 ตารางวา 3 นอน 2 น้ำ,49/100,https://www.facebook.com/groups/landhomechiangmai/posts/4560331450861131/
บ้านเดี่ยว,"ราคาเพียง 2,190,000 บาท","หางดง, เทศบาลสันผักหวาน",100 กว่า ตรม. 3 นอน 2 น้ำ,66/100,https://www.facebook.com/groups/landhomechiangmai/posts/4559197807641162/
บ้านเดี่ยว,2.29ล้านบาท,ต.สันปูเลย อ.ดอยสะเก็ด จ.เชียงใหม่,125ตารางเมตรที่ดิน 60ตรว 3 นอน 2 น้ำ,75/100,https://www.facebook.com/groups/landhomechiangmai/posts/4559995427561400/
ที่ดิน,"1,900,000บาท",บ้านโฮ่ง เส้นวัดดอยหลังถ้ำ,3ไร่เศษ -,82/100,https://www.facebook.com/groups/landhomechiangmai/posts/4559105040983772/
บ้านเดี่ยว,3.99 ล้าน,ติดถนน 4 เลน,2 ไร่ 2 งาน -,82/100,https://www.facebook.com/groups/landhomechiangmai/posts/4559935027567440/
บ้านเดี่ยว,1.49 ล้าน,ต.ริมเหนือ อ.แม่ริม จ.เชียงใหม่,54 ตร.ว. 2 นอน 2 น้ำ,70/100,https://www.facebook.com/groups/landhomechiangmai/posts/4559027017658241/
บ้านเดี่ยว,2.25 ลบ.,"ดอยสะเก็ด, ใกล้ตลาดแม่คือ",74 ตร.ว. 3 นอน 2 น้ำ,70/100,https://www.facebook.com/groups/landhomechiangmai/posts/4559460940948182/
บ้านเดี่ยว,"3,890,000 บาท","สันกำแพงสายใหม่, เชียงใหม่",137 ตรม. 3 นอน 3 น้ำ,70/100,https://www.facebook.com/groups/landhomechiangmai/posts/4559316504295959/
บ้านเดี่ยว,1.89 ล.,ประตูโขง ลำพูน,- 2 นอน 2 น้ำ,82/100,https://www.facebook.com/groups/landhomechiangmai/posts/4559261610968115/
ที่ดิน,750 บาท / ตารางวา,บ้านใหม่ศิวิไล ตำบลลี้ อำเภอลี้ จังหวัดลำพูน,128 ตารางวา -,73/100,https://www.facebook.com/groups/landhomechiangmai/posts/4560000340894242/
บ้านเดี่ยว,5.5ล.,-,2 ไร่ 6 นอน None น้ำ,87/100,https://www.facebook.com/groups/landhomechiangmai/posts/4560206417540301/
บ้านเดี่ยว,1.3× ลบ.,"โซนสารภีกู่แดง, สันผักหวาน, หางดง, สันทรายแม่โจ้",35ตร.ว 2 นอน 2 น้ำ,79/100,https://www.facebook.com/groups/landhomechiangmai/posts/4559892314238378/
ที่ดินพร้อมบ้าน,2.5 ล้าน,อุโมงค์ จ.ลำพูน,2 ไร่ 3 งาน -,82/100,https://www.facebook.com/groups/landhomechiangmai/posts/4559258820968394/
บ้านชั้นเดียว,1.3 ล้านบาท,หมู่บ้านหลักชัย อ.สันทราย (ตรงข้าม ตลาดแม่กวง),24 ตร.ว. 2 นอน 1 น้ำ,70/100,https://www.facebook.com/groups/landhomechiangmai/posts/4559115550982721/
คอนโด,ราคา 1.8ล.,"ติด Central Festival Mall, ใกล้ Maya Mall, Old Town, Dara School และ ACIS School",30 ตร.ม. -,82/100,https://www.facebook.com/groups/landhomechiangmai/posts/4559116254315984/
ที่ดิน,ขาย5แสนพร้อมโอนให้ค่ะ,ตำบล ยางคราม อำเภอ ดอยหล่อ จังหวัด เชียงใหม่,110 ตารางวา 1 นอน 1 น้ำ,85/100,https://www.facebook.com/groups/landhomechiangmai/posts/4560149377546005/
ที่ดิน,ราคาไร่ละ1.55ลบ.,ต.เวียงยอง อ.เมืองลำพูน จ.ลำพูน,4 ไร่ 2 งาน -,82/100,https://www.facebook.com/groups/landhomechiangmai/posts/4559932027567740/
ทาวน์โฮม,1.79 ล้านบาท,สันผีเสื้อ,110 ตร.ม. 3 นอน 2 น้ำ,82/100,https://www.facebook.com/groups/landhomechiangmai/posts/4559931974234412/
ที่ดิน,"1,45O,OOO b.",ต.บ้านแป้น อ.เมือง จ.ลำพูน,1 ไร่ 2 งาน 60 ตรว. -,82/100,https://www.facebook.com/groups/landhomechiangmai/posts/4559041310990145/
บ้านเดี่ยว,4.59 ลบ.,ท่ารั้ว – ตลาดขวัญ เชียงใหม่,312 ตร.ม. 4 นอน 3 น้ำ,82/100,https://www.facebook.com/groups/landhomechiangmai/posts/4560082400886036/
ที่ดิน,"ขายไร่ละ 350,000 บาท",ต.ป่าสัก อำเภอเมืองลำพูน จังหวัดลำพูน,2 ไร่ 2 งาน 74 ตารางวา -,53/100,https://www.facebook.com/groups/landhomechiangmai/posts/4559956384231971/
บ้านเดี่ยว,"ขายเพียง 3,799,000 ลบ.",ถ. ตัดใหม่โรงพยาบาล - ท่าจักรบ้านลำพูนคันทรีโฮม 3,167 ตารางวา 4 นอน 5 น้ำ,82/100,https://www.facebook.com/groups/landhomechiangmai/posts/4559968127564130/
บ้านเดี่ยว,"ราคาเริ่มเพียง 2,800,000 ล้านที่ดินเริ่ม 64 ตรว.","บ้านท้าวผายูสันผักหวาน, ใกล้วงแหวนรอบ3, ใกล้แยกพืชสวนโลก",64 ตารางวา 3 นอน 2 น้ำ,66/100,https://www.facebook.com/groups/landhomechiangmai/posts/4559207644306845/
ที่ดิน,"960,000บ.",บ้านสวนป่าลาน ต. สันทราย หลวง อ.สันทราย,95 ตรว. -,82/100,https://www.facebook.com/groups/landhomechiangmai/posts/4560194500874826/
ที่ดิน,ราคาไร่ละ1.55ลบ.,ต.เวียงยอง อ.เมืองลำพูน จ.ลำพูน,4 ไร่ 2 งาน -,82/100,https://www.facebook.com/groups/landhomechiangmai/posts/4559119534315656/
บ้านเดี่ยว,-,บ้านใกล้เครือสหพัฒน์ ใกล้ตลาดจตุจักรลำพูน,75 ตารางวา 3 นอน 2 น้ำ,82/100,https://www.facebook.com/groups/landhomechiangmai/posts/4559928587568084/
บ้านเดี่ยว,1.89 ล.,ประตูโขง ลำพูน,- 2 นอน 2 น้ำ,82/100,https://www.facebook.com/groups/landhomechiangmai/posts/4559928674234742/
บ้านเดี่ยว,1.99 ล้านบาท,ต.หนองผึ้ง อ.สารภี จ.เชียงใหม่,เนื้อที่เหลือเยอะ 2 นอน 2 น้ำ,75/100,https://www.facebook.com/groups/landhomechiangmai/posts/4559927624234847/
บ้านเดี่ยว,1.3× ลบ.,โซนสารภีกู่แดง,35ตร.ว 2 นอน 2 น้ำ,82/100,https://www.facebook.com/groups/landhomechiangmai/posts/4560125987548344/
บ้านเดี่ยว,"2,090,000ล้านบาท"," Amphoe San Sai, Chiang Mai, หมู่บ้านโชควารีโฮม สันทราย",64 ตารางวา 3 นอน 2 น้ำ,49/100,https://www.facebook.com/groups/landhomechiangmai/posts/4560247147536228/
ที่ดิน,"ขายยกแปลง 1,188,000 บาท",บ้านสันต้นม่วงเหนือ เข้าได้หลายทาง ต.สำราญราษฏร์ อ.ดอยสะเก็ด เชียงใหม่,132 ตารางวา -,49/100,https://www.facebook.com/groups/landhomechiangmai/posts/4559275857633357/
บ้านเดี่ยว,-,บ้านใกล้เครือสหพัฒน์ ใกล้ตลาดจตุจักรลำพูน,75 ตารางวา 3 นอน 2 น้ำ,82/100,https://www.facebook.com/groups/landhomechiangmai/posts/4559082730986003/
ทาวน์โฮม,"2,490,000 บาท",โซนฟ้าฮ่าม เมืองเชียงใหม่,19 ตารางวา พื้นที่ใช้สอย 120 ตารางเมตร 2 นอน 2 น้ำ,82/100,https://www.facebook.com/groups/landhomechiangmai/posts/4559386430955633/
บ้านเดี่ยว,"1,890,000 บาท",ใกล้นิคมอุตสากรรมฝั่งสันป่าฝ้าย รพ.หริภุญชัยราม ตลาดอินทร สันป่าฝ้าย รร.ดรุณพัฒนา ห้าง บิกซี แมคโคร,120 ตรม -,49/100,https://www.facebook.com/groups/landhomechiangmai/posts/4559931217567821/
บ้านเดี่ยว,1.89 ล.,ประตูโขง ลำพูน,- 2 นอน 2 น้ำ,82/100,https://www.facebook.com/groups/landhomechiangmai/posts/4558765277684415/
บ้านเดี่ยว,-,บ้านใกล้เครือสหพัฒน์ ใกล้ตลาดจตุจักรลำพูน,75 ตารางวา 3 นอน 2 น้ำ,82/100,https://www.facebook.com/groups/landhomechiangmai/posts/4558760901018186/
บ้านเดี่ยว,2.39 ล้านบาท,ดอนแก้ว แม่ริม เชียงใหม่,52.9 ตารางวา 2 นอน 2 น้ำ,66/100,https://www.facebook.com/groups/landhomechiangmai/posts/4558739971020279/
บ้านเดี่ยว,"7,000,000 บาท","สันผีเสื้อ, เชียงใหม่",77 ตรว. 3 นอน 3 น้ำ,70/100,https://www.facebook.com/groups/landhomechiangmai/posts/4558721151022161/
บ้านเดี่ยว,1.5ลบ,ดอนแก้ว แม่ริม,35.8 ตร.วา 3 นอน 2 น้ำ,82/100,https://www.facebook.com/groups/landhomechiangmai/posts/4558724807688462/
บ้านเดี่ยว,1.49ลบ.,"หางดง, ใกล้ตลาดนัดวัดศรีสุพรรณ์, สันผักหวาน, สันทรายแม่โจ้, สารภี",39 ตรว. พื้นที่ใช้สอย 95 ตรม. 2 นอน 2 น้ำ,79/100,https://www.facebook.com/groups/landhomechiangmai/posts/4558715871022689/
บ้านเดี่ยว,1.89 ล.,ประตูโขง ลำพูน,- 2 นอน 2 น้ำ,82/100,https://www.facebook.com/groups/landhomechiangmai/posts/4558560421038234/
บ้านเดี่ยว,-,บ้านใกล้เครือสหพัฒน์ ใกล้ตลาดจตุจักรลำพูน,75 ตารางวา 3 นอน 2 น้ำ,82/100,https://www.facebook.com/groups/landhomechiangmai/posts/4558560061038270/
ที่ดิน,"30,000,000 บ.",สันผีเสื้อ เชียงใหม่,5 ไร่ -,82/100,https://www.facebook.com/groups/landhomechiangmai/posts/4558552094372400/
บ้านเดี่ยว,"4,200,000 บาท",หมู่บ้านกุลพันธ์วิลล์ 9 (The Zentric) ต.สันผักหวาน อ.หางดง จ.เชียงใหม่,56 ตารางวา 3 นอน 2 น้ำ,53/100,https://www.facebook.com/groups/landhomechiangmai/posts/4558483621045914/
บ้านเดี่ยว,5.79ล้าน,แม่กวง-ท่ารั้ว หลังหัวมุม,86 ตารางวา 4 นอน 4 น้ำ,82/100,https://www.facebook.com/groups/landhomechiangmai/posts/4558375941056682/
บ้านเดี่ยว,12.9 ลบ.,"ใจกลางเชียงใหม่, Mae Hia",76 ตร.ว. 5 นอน 5 น้ำ,70/100,https://www.facebook.com/groups/landhomechiangmai/posts/4558405571053719/
บ้านเดี่ยว,-,"หนองควาย, หมู่ที่ 10, เชียงใหม่ 50230, ประเทศไทย",- 5 นอน 7 น้ำ,82/100,https://www.facebook.com/groups/landhomechiangmai/posts/4558377891056487/
บ้านเดี่ยว,1.89 ล.,ประตูโขง ลำพูน,- 2 นอน 2 น้ำ,82/100,https://www.facebook.com/groups/landhomechiangmai/posts/4558339127727030/
บ้านเดี่ยว,ราคา 3.35 ล้าน,"เขต อ.เมืองเชียงใหม่, ใกล้สันผีเสื้อ, ใกล้ศูนย์ราชการเชียงใหม่",พื้นที่ดิน 51 ตารางวา พื้นที่ใช้สอย 150 ตารางเมตร 3 นอน 2 น้ำ,70/100,https://www.facebook.com/groups/landhomechiangmai/posts/4558345537726389/
ที่ดิน,"490,000 บ.",บ้านใหม่ป่าฝาง ม.15 ต.น้ำดิบ อ.ป่าซาง จ.ลำพูน,200 ตรว. -,82/100,https://www.facebook.com/groups/landhomechiangmai/posts/4558340527726890/
บ้านเดี่ยว,5.5ล.,เชียงใหม่,2 ไร่ 6 นอน None น้ำ,87/100,https://www.facebook.com/groups/landhomechiangmai/posts/4558337084393901/
ที่ดิน,"ยกแปลง1,995,000บาท",ต.แม่ก๊า อ.สันป่าตอง จ.เชียงใหม่,5ไร่1งาน4วา -,82/100,https://www.facebook.com/groups/landhomechiangmai/posts/4558300837730859/
ที่ดิน,ราคา 6 ล้านบาท รวมโอน,บ้านป่าบงหลวง ต.ป่าบง อ.สารภี จ.เชียงใหม่,2 ไร่ 1 งาน 76 ตารางวา -,82/100,https://www.facebook.com/groups/landhomechiangmai/posts/4558296227731320/
ที่ดิน,"1,500,000","ตำบล ทุ่งปี๊, อำเภอ แม่วาง, จังหวัด เชียงใหม่",5ไร่2งาน86ตารางวา -,85/100,https://www.facebook.com/groups/landhomechiangmai/posts/4558276607733282/
บ้านเดี่ยว,6.5 ล้านบาท,"บ้านวรารมย์ พรีเมี่ยม ศาลากลาง, สันผีเสื้อ, เชียงใหม่, เชียงใหม่ 50300, ประเทศไทย",52.2 ตารางวา / พื้นที่ใช้สอย 138 ตารางเมตร 3 นอน 3 น้ำ,47/100,https://www.facebook.com/groups/landhomechiangmai/posts/4558269517733991/
บ้านเดี่ยว,5.19 ล้านบาท,ตำบลสันปูเลย อำเภอดอยสะเก็ด เทศบาลนครเชียงใหม่ จังหวัดเชียงใหม่ 50220,121.30 ตารางวา 3 นอน 3 น้ำ,47/100,https://www.facebook.com/groups/landhomechiangmai/posts/4558266417734301/
บ้านเดี่ยว,1.39 ล้านบาท,"บ้านม.นอร์ท เชียงใหม่, เทศบาลนครเชียงใหม่, จังหวัดเชียงใหม่ 50230",32 ตารางวา 1 นอน 1 น้ำ,82/100,https://www.facebook.com/groups/landhomechiangmai/posts/4558250684402541/
ที่ดิน,"50ตารางวา/499,000",บ้านป่าขุย ต.สันปูเลย อ.ดอยสะเก็ด จ.เชียงใหม่,50-200 ตารางวา -,71/100,https://www.facebook.com/groups/landhomechiangmai/posts/4558252647735678/
บ้านเดี่ยว,2.79 ล้านบาท,"บ้านสารภี, เทศบาลนครเชียงใหม่, จังหวัดเชียงใหม่ 50140",53 ตารางวา 4 นอน 3 น้ำ,47/100,https://www.facebook.com/groups/landhomechiangmai/posts/4558252377735705/
บ้านเดี่ยว,1.99 ล้านบาท,"ต.ป่าไผ่, อ.สันทราย, จ.เชียงใหม่",65 ตารางวา 3 นอน 2 น้ำ,47/100,https://www.facebook.com/groups/landhomechiangmai/posts/4558248397736103/
คอนโด,"2,390,000บาท (ฟรีโอน)","ถนนนิมมาน ซอย 15, ใกล้มชแค่ 1 กม. (บุญมาศนิมมานซอย15)",35ตรม. -,66/100,https://www.facebook.com/groups/landhomechiangmai/posts/4558244464403163/
ที่ดิน,"ราคาขาย 850,000.- บาท","บ้านบ้านหนองก้นครุ, หนองแหย่ง, หมู่ที่ 4, เชียงใหม่ 50210, ประเทศไทย",100 ตารางวา None นอน 0 น้ำ,47/100,https://www.facebook.com/groups/landhomechiangmai/posts/4558241721070104/
ที่ดิน,"ราคาขาย 1,550,000.- บาท","บ้านบ้านยางพระธาตุ, ทางหลวงชนบท ชม. 3019, สันปูเลย, หมู่ที่ 11, เชียงใหม่ 50220, ประเทศไทย",97.30 ตารางวา -,53/100,https://www.facebook.com/groups/landhomechiangmai/posts/4558241264403483/
ที่ดิน,2.3 ล้านบาท,"บ้านป้อมตํารวจบ้านยวม, ป่าบง, สารภี, เชียงใหม่ 50140, ประเทศไทย",178.80 ตารางวา -,53/100,https://www.facebook.com/groups/landhomechiangmai/posts/4558236787737264/
บ้านเดี่ยว,-,"บ้านท่ารั้ว, เทศบาลนครเชียงใหม่, จังหวัดเชียงใหม่ 50220",53 ตรว. / พื้นที่ใช้สอย 100 ตรม. 3 นอน 2 น้ำ,66/100,https://www.facebook.com/groups/landhomechiangmai/posts/4558234541070822/
ที่ดิน,3.4 ล้านบาท,"บ้านบ้านปางแฟน, 118, ป่าเมี่ยง, ดอยสะเก็ด, เชียงใหม่ 50220, ประเทศไทย",1 ไร่ 2 งาน 3 ตารางวา None นอน 0 น้ำ,53/100,https://www.facebook.com/groups/landhomechiangmai/posts/4558233411070935/
บ้านเดี่ยว,13 ล้านบาท,"ถนน โชตนา, ดอนแก้ว, หมู่ที่ 5, เชียงใหม่ 50180, ประเทศไทย",2 ไร่ 2 งาน 15 ตารางวา 5 นอน 6 น้ำ,82/100,https://www.facebook.com/groups/landhomechiangmai/posts/4558215077739435/
ที่ดิน,3.2 ล้านบาท,"บ่อสร้าง ซอย 7, ต้นเปา, หมู่ที่ 3, เชียงใหม่ 50130, ประเทศไทย",204 ตารางวา None นอน 0 น้ำ,82/100,https://www.facebook.com/groups/landhomechiangmai/posts/4558213817739561/
บ้านเดี่ยว,ราคาเพียง 1.25 ล้านบาท,"ทุ่งข้าวตอก, หนองแหย่ง, สันทราย, เชียงใหม่ 50210, ประเทศไทย",178 ตารางวา 2 นอน 1 น้ำ,82/100,https://www.facebook.com/groups/landhomechiangmai/posts/4558205791073697/
ทาวน์โฮม,ราคาเพียง 1.89 ล้านบาท,"ท่ารั้ว, สันปูเลย, หมู่ที่ 3, เชียงใหม่ 50220, ประเทศไทย",20 ตารางวา 2 นอน 3 น้ำ,49/100,https://www.facebook.com/groups/landhomechiangmai/posts/4558195114408098/
ที่ดินเปล่า,"ตารางวาละ 2,200.- บาท เท่านั้น !!","บ้านดอยหล่อ, เทศบาลนครเชียงใหม่, จังหวัดเชียงใหม่ 50160",3 แปลง None นอน 0 น้ำ,82/100,https://www.facebook.com/groups/landhomechiangmai/posts/4558202917740651/
ที่ดินเปล่า,"ราคาเพียงตารางวาละ 15,000.- บาท เท่านั้น!!","บ้านสันทุ่งใหม่ ซอย 1, สันปูเลย, หมู่ที่ 11, เชียงใหม่ 50220, ประเทศไทย",4 แปลง -,82/100,https://www.facebook.com/groups/landhomechiangmai/posts/4558202364407373/
ที่ดิน,200 ล้านบาท,"บ้านซุปเปอร์ไฮเวย์, ฟ้าฮ่าม, เชียงใหม่, เชียงใหม่ 50000, ประเทศไทย",4 ไร่ 9 ตารางวา -,82/100,https://www.facebook.com/groups/landhomechiangmai/posts/4558201714407438/
บ้านเดี่ยว,ราคาเพียง 7 ล้านบาท,"บ้านโชตนา ซอย 22 ก, ช้างเผือก, หมู่ที่ 3, เชียงใหม่ 50300, ประเทศไทย",220 ตารางเมตร 3 นอน 4 น้ำ,82/100,https://www.facebook.com/groups/landhomechiangmai/posts/4558192214408388/
ที่ดิน,"2,240,000/ไร่",จ.เชียงใหม่ ใกล้กาดทุ่งฟ้าบด สันป่าตอง,"3-2-8 ไร่ (1,508 ตรว.) -",49/100,https://www.facebook.com/groups/landhomechiangmai/posts/4558190577741885/
ทาวน์โฮม,1.69 ล้านบาท,"ทาวน์เฮาส์เพชรริมปิง, ดอนแก้ว, หมู่ที่ 3, เชียงใหม่ 50180, ประเทศไทย",- 2 นอน 2 น้ำ,82/100,https://www.facebook.com/groups/landhomechiangmai/posts/4558190167741926/
ที่ดิน,"900,000 บ.",บ้านพระธาตุ ต.แม่แฝก อ.สันทราย จ.เชียงใหม่,187 ตรว. -,87/100,https://www.facebook.com/groups/landhomechiangmai/posts/4558185614409048/
บ้านเดี่ยว,-,บ้านใกล้เครือสหพัฒน์ ใกล้ตลาดจตุจักรลำพูน,75 ตารางวา 3 นอน 2 น้ำ,82/100,https://www.facebook.com/groups/landhomechiangmai/posts/4558185101075766/
บ้านเดี่ยว,ราคาเริ่มต้นเพียง 1.9x ลบ.,"บ้านดอยสะเก็ด, เทศบาลนครเชียงใหม่, จังหวัดเชียงใหม่ 50220",พื้นที่ใช้สอยเริ่มต้น 125 ตรม. 3 นอน 2 น้ำ,66/100,https://www.facebook.com/groups/landhomechiangmai/posts/4558184247742518/
ที่ดิน,"ไร่ละ 2,250,000",จ.เชียงใหม่ ใกล้กาดทุ่งฟ้าบด สันป่าตอง,"3-2-8 ไร่ (1,508 ตรว.) -",49/100,https://www.facebook.com/groups/landhomechiangmai/posts/4558186127742330/
ที่ดิน,1.6 ล้าน,"บ้านท่าใหม่อิ ซอย 11, ป่าแดด, หมู่ที่ 5, เชียงใหม่ 50100, ประเทศไทย",แปลงละ 100 ตารางวา -,82/100,https://www.facebook.com/groups/landhomechiangmai/posts/4558182031076073/
คอนโด,1.35 M,"ริมน้ำแมนชั่น, ใกล้ มช., ติดถนนใหญ่, เดินทางสะดวก, ใกล้ห้าง Maya",28 ตรม. 1 นอน 1 น้ำ,82/100,https://www.facebook.com/groups/landhomechiangmai/posts/4558179554409654/
ที่ดิน,ราคาขาย 8 แสนบาท,"บ้านโรงเรียนวชิราลัย, ยางเนิ้ง, สารภี, เชียงใหม่ 50140, ประเทศไทย",45 ตารางวา None นอน 0 น้ำ,53/100,https://www.facebook.com/groups/landhomechiangmai/posts/4558178981076378/
คอนโด,1.35 M,"ใกล้ มช., ติดถนนใหญ่, ใกล้ห้าง Maya",28 ตรม. 1 นอน 1 น้ำ,82/100,https://www.facebook.com/groups/landhomechiangmai/posts/4558178401076436/
ที่ดิน,"12,348,000.- บาท","บ้านสันกำแพง, เทศบาลนครเชียงใหม่, จังหวัดเชียงใหม่ 50130",686 ตารางวา (1 ไร่ 3 งาน 66 ตารางวา) -,82/100,https://www.facebook.com/groups/landhomechiangmai/posts/4558176631076613/
บ้านเดี่ยว,2.2 ลบ.,เขตเทศบาลตำบลป่าไผ่ อำเภอสันทราย จังหวัดเชียงใหม่,68 ตารางวา 3 นอน 2 น้ำ,53/100,https://www.facebook.com/groups/landhomechiangmai/posts/4558116394415970/
ที่ดิน,"550,000บาท",ต.ห้วยแก้ว อ.แม่ออน จ.เชียงใหม่,10 ไร่กว่าๆ -,87/100,https://www.facebook.com/groups/landhomechiangmai/posts/4558109791083297/
บ้านเดี่ยว,5.5ล.,-,2 ไร่ 6 นอน None น้ำ,87/100,https://www.facebook.com/groups/landhomechiangmai/posts/4558062434421366/
บ้านเดี่ยว,"3,799,000โอนฟรีครับ",ถ. ตัดใหม่โรงพยาบาล - ท่าจักรบ้านลำพูนคันทรีโฮม 3,167 ตารางวา 4 นอน 5 น้ำ,53/100,https://www.facebook.com/groups/landhomechiangmai/posts/4558065427754400/
ที่ดิน,"ไร่ละ 750,000 บาทยกแปลง 1,850,000บาท","หลังห้วยฮ่องไคร้ เชียงใหม่, ใกล้ดอยสะเก็ด, ใกล้แม่กำปอง",2ไร่ 2งาน -,82/100,https://www.facebook.com/groups/landhomechiangmai/posts/4558063061087970/
บ้านเดี่ยว,-,บ้านใกล้เครือสหพัฒน์ ใกล้ตลาดจตุจักรลำพูน,75 ตารางวา 3 นอน 2 น้ำ,82/100,https://www.facebook.com/groups/landhomechiangmai/posts/4558057297755213/
บ้านเดี่ยว,3.79 ลบ.,"ดอยสะเก็ด, สันปู่เลย",53 ตร.วา พื้นที่ใช้สอย 236 ตร.ม. 4 นอน 3 น้ำ,66/100,https://www.facebook.com/groups/landhomechiangmai/posts/4558051061089170/
ที่ดิน,"1,700,000",ต.หนองผึ้ง อ.สารภี จ.เชียงใหม่,100 ตารางวา -,49/100,https://www.facebook.com/groups/landhomechiangmai/posts/4558041924423417/
คอนโด,ราคาเพียง 1.6 ล้านบาท,"ย่านช่างเคี่ยน, ใกล้ มช., เทคโนฯ และนิมมาน",28 ตรม. 0 นอน 1 น้ำ,70/100,https://www.facebook.com/groups/landhomechiangmai/posts/4558040301090246/
อื่นๆ,28 ล้านบาท,"ใกล้ ม.แม่โจ้, ติดถนนสายหลักเชียงใหม่–สันทรายแม่โจ้ (สายเก่า)",358 ตรว. -,50/100,https://www.facebook.com/groups/landhomechiangmai/posts/4558037261090550/
ที่ดิน,"130,000เท่านั้นค่ะ",ตำบล ดอน เปา อำเภอ แม่วาง จังหวัด เชียงใหม่,100 ตารางวา -,85/100,https://www.facebook.com/groups/landhomechiangmai/posts/4558001974427412/
ที่ดิน,"25,000 บาท/ตรว.",หมู่บ้านตำหนักนคร ต.หนองควาย อ.หางดง จ.เชียงใหม่,94 ตรว. -,82/100,https://www.facebook.com/groups/landhomechiangmai/posts/4557974141096862/
ที่ดิน,"ราคาขาย : เพียงแปลงละ 1,500,000 บาท (เฉลี่ยไม่ถึง 6,000 บาท/ตรว.)",ตำบลบวกค้าง อำเภอสันกำแพง จังหวัดเชียงใหม่,252 ตารางวา -,82/100,https://www.facebook.com/groups/landhomechiangmai/posts/4557978397763103/
บ้านเดี่ยว,6.8 ล้านบาท,หมู่บ้านกุลพันธ์วิลล์ 10 (แยกพรอม) ต.ไชยสถาน อ.สารภี จ.เชียงใหม่,ที่ดิน 83 ตรว พื้นที่ใช้สอย 201 ตรม 4 นอน 3 น้ำ,70/100,https://www.facebook.com/groups/landhomechiangmai/posts/4557963374431272/
คอนโด,"890,000 บาท",ใกล้เซ็นทรัลเฟสติวัลเชียงใหม่,31.60 ตรม. -,82/100,https://www.facebook.com/groups/landhomechiangmai/posts/4557972154430394/
บ้านเดี่ยว,1.99 ล้านบาท,ต.หนองผึ้ง อ.สารภี จ.เชียงใหม่,เนื้อที่เหลือเยอะ 2 นอน 2 น้ำ,75/100,https://www.facebook.com/groups/landhomechiangmai/posts/4557963917764551/
บ้านเดี่ยว,1.09 ล้านบาท,สันป่าตอง เชียงใหม่,~ 72 ตร.ม. 2 นอน 1 น้ำ,82/100,https://www.facebook.com/groups/landhomechiangmai/posts/4557962084431401/
บ้านเดี่ยว,18.5 ล้านบาท,"สันทราย, เชียงใหม่",119.50 ตรว. 4 นอน 5 น้ำ,70/100,https://www.facebook.com/groups/landhomechiangmai/posts/4557960757764867/
ทาวน์โฮม,1.79 ล้านบาท,สันผีเสื้อ อ. เมืองเชียงใหม่,110ตรม. 24.9 ตรว. 3 นอน 2 น้ำ,82/100,https://www.facebook.com/groups/landhomechiangmai/posts/4557958054431804/
บ้านเดี่ยว,5.59 ล้านบาท,ทำเลทองวงแหวนรอบ 3> โครงการวรารมย์,81 ตร.วา -,70/100,https://www.facebook.com/groups/landhomechiangmai/posts/4557951557765787/
บ้านเดี่ยว,5.9 ล้านบาท,โซนเมือง ใกล้รพ.เทพปัญญา แยกหนองจ๊อม ติดหมู่บ้าน,90 ตรว. พื้นที่ใช้สอย 300 ตรม. 3 นอน 4 น้ำ,82/100,https://www.facebook.com/groups/landhomechiangmai/posts/4557942571100019/
คอนโด,"2,600,000 บาท",ใกล้สนามบินเชียงใหม่,34 ตรม. 1 นอน 1 น้ำ,53/100,https://www.facebook.com/groups/landhomechiangmai/posts/4557939701100306/
ที่ดิน,"เริ่มต้นเพียง 100 ตรว. 139,000 บาท",บ้านแม่อาว หมู่ 3 อ.ป่าซาง จ.ลำพูน,100 ตรว. -,70/100,https://www.facebook.com/groups/landhomechiangmai/posts/4557939867766956/
ที่ดิน,"950,000บาท",ต.เชิงดอย อ.ดอยสะเก็ด จ.เชียงใหม่,80 ตารางวา -,82/100,https://www.facebook.com/groups/landhomechiangmai/posts/4557934471100829/
บ้านเดี่ยว,2.45 ล้าน,อ.แม่ริม ต.ดอนแก้ว พระนอน,78 ตารางวา -,82/100,https://www.facebook.com/groups/landhomechiangmai/posts/4557920414435568/
บ้านเดี่ยว,8.99 ล้านบาท,หมู่บ้านริมดอย โซนสุเทพ เชียงใหม่,70 ตร.วา | 202 ตร.ม. 4 นอน 3 น้ำ,47/100,https://www.facebook.com/groups/landhomechiangmai/posts/4557903404437269/
บ้านเดี่ยว,"2,850,000 บาท",ในหมู่บ้านกาญจน์กนกวิลล์ 12 ต.สันโป่ง อ.แม่ริม จ.เชียงใหม่,71 ตารางวา 3 นอน 3 น้ำ,66/100,https://www.facebook.com/groups/landhomechiangmai/posts/4557889691105307/
ที่ดิน,27 ล้านบาท,"ซอยพหลโยธิน48แยก32 (ซอยสายหยุด), เชียงใหม่",310 ตร.วา -,66/100,https://www.facebook.com/groups/landhomechiangmai/posts/4557888201105456/
ที่ดิน,"2,800,000 บาท",เชียงใหม่ อ.สันทราย ต.แม่แฝกใหม่,334 ตรว -,79/100,https://www.facebook.com/groups/landhomechiangmai/posts/4557880581106218/
บ้านเดี่ยว,-,ทำเลใกล้มหาลัยพายัพ เซ็นทรัล festival เข้าเมืองสะดวก,ที่ดิน 53 ตารางวา ขนาดตัวบ้าน 175 ตารางเมตร 4 นอน 3 น้ำ,66/100,https://www.facebook.com/groups/landhomechiangmai/posts/4557873881106888/
คอนโด,"769,000",เชียงใหม่,34.8 ตรม. 1 นอน 1 น้ำ,66/100,https://www.facebook.com/groups/landhomechiangmai/posts/4557872224440387/
บ้านเดี่ยว,3.7 ล้านบาท,อ.สารภี ต.ยางเนิ้ง,163 ตารางวา -,82/100,https://www.facebook.com/groups/landhomechiangmai/posts/4557863431107933/
บ้านเดี่ยว,เริ่มต้นเพียง 2.29 ล้านนที่ตั้ง,ต.สันทรายหลวง อ.สันทราย จ.เชียงใหม่,ที่ดินเริ่มต้น 55 ตรว. พื้นที่ใช้สอยเริ่มต้น 138 ตรม. 3 นอน 2 น้ำ,66/100,https://www.facebook.com/groups/landhomechiangmai/posts/4557871041107172/
คอนโด,ราคาพิเศษเพียง 3.49 ล้านบาท,"ถ.สุเทพ, ใกล้ รพ.สวนดอก, ใกล้ ถ.นิมมาน, ใกล้ MAYA, ใกล้ ศูนย์แห่งความเป็นเลิศ",50 ตรม. 2 นอน 1 น้ำ,66/100,https://www.facebook.com/groups/landhomechiangmai/posts/4557870754440534/
บ้านเดี่ยว,2.9 ล้านบาท,ต.ท่าวังตาล อ.สารภี จ.เชียงใหม่,50 ตารางวา 3 นอน 2 น้ำ,53/100,https://www.facebook.com/groups/landhomechiangmai/posts/4557859201108356/
บ้านเดี่ยว,"ราคาขายด่วน 1,550,000บาท",บ้านแม่โป่ง อำเภอดอยสะเก็ด จังหวัดเชียงใหม่,1 ไร่ 23 ตรว 2 นอน 2 น้ำ,82/100,https://www.facebook.com/groups/landhomechiangmai/posts/4557853614442248/
ที่ดิน,28 ล้านบาท,ต.เหมืองแก้ว อ.แม่ริม จ.เชียงใหม่,2-0-5 ไร่ -,82/100,https://www.facebook.com/groups/landhomechiangmai/posts/4557835961110680/
ที่ดินเปล่า,51 ล้านบาท,ต.หนองหาร อ.สันทราย จ.เชียงใหม่,2-0-0 ไร่ -,53/100,https://www.facebook.com/groups/landhomechiangmai/posts/4557838864443723/
บ้านเดี่ยว,เริ่มต้นเพียง 2.29 ล้านนที่ตั้ง,ต.สันทรายหลวง อ.สันทราย จ.เชียงใหม่,ที่ดินเริ่มต้น 55 ตรว. พื้นที่ใช้สอยเริ่มต้น 138 ตรม. 3 นอน 2 น้ำ,66/100,https://www.facebook.com/groups/landhomechiangmai/posts/4557836117777331/
บ้านเดี่ยว,5.95 ลบ.,"สันพระเนตร, เชียงใหม่",54.5 ตร.ว. พื้นที่ใช้สอย 185 ตร.ม. 3 นอน 3 น้ำ,47/100,https://www.facebook.com/groups/landhomechiangmai/posts/4557831954444414/
บ้านเดี่ยว,"ราคา 1,690,000 บาท","เชียงใหม่, ใกล้ ม.นอร์ท- เชียงใหม่, ห้างบิ๊กซีหางดง2, รพ.หางดง, ตลาดสดหางดง, ที่ว่าการอำเภอ, สถานีตำรวจ, 7-Eleven, กาดฝรั่ง, สนามบิน",45 ตารางวา พื้นใช้สอย 91 ตารางเมตร 2 นอน 2 น้ำ,53/100,https://www.facebook.com/groups/landhomechiangmai/posts/4557830374444572/
บ้านเดี่ยว,-,บ้านใกล้เครือสหพัฒน์ ใกล้ตลาดจตุจักรลำพูน,75 ตารางวา 3 นอน 2 น้ำ,82/100,https://www.facebook.com/groups/landhomechiangmai/posts/4557824707778472/
ที่ดิน,150 ล้านบาท,ต.ป่าแดด อ.แม่สรวย จ.เชียงราย,460 ไร่ -,53/100,https://www.facebook.com/groups/landhomechiangmai/posts/4557823134445296/
ที่ดินเปล่า,9.5 ล้านบาท,ต.แม่เหียะ อ.เมืองเชียงใหม่ จ.เชียงใหม่,269.7 ตรว. -,82/100,https://www.facebook.com/groups/landhomechiangmai/posts/4557822654445344/
ที่ดินเปล่า,96.12 ล้านบาท,ต.หนองหล่ม อ.ห้างฉัตร จ.ลำปาง,274-2-42 ไร่ -,82/100,https://www.facebook.com/groups/landhomechiangmai/posts/4557822441112032/
ที่ดินเปล่า,32.655 ล้านบาท,ต.บ้านแหวน อ.หางดง จ.เชียงใหม่,7-3-10 ไร่ -,53/100,https://www.facebook.com/groups/landhomechiangmai/posts/4557822067778736/
ที่ดินเปล่า,455 ล้านบาท,ต.สันกลาง อ.สันกำแพง จ.เชียงใหม่,101-0-22 ไร่ -,82/100,https://www.facebook.com/groups/landhomechiangmai/posts/4557821514445458/
ที่ดิน,56.7 ล้านบาท,ต.ป่าตึง อ.แม่จัน จ.เชียงราย,189-0-17 ไร่ -,53/100,https://www.facebook.com/groups/landhomechiangmai/posts/4557821801112096/
ที่ดินเปล่า,558 ล้านบาท,ต.สันกำแพง อ.สันกำแพง จ.เชียงใหม่,111-3-30 ไร่ -,82/100,https://www.facebook.com/groups/landhomechiangmai/posts/4557821684445441/
ที่ดิน,100 ล้านบาท,ต.ต้นเปา อ.สันกำแพง จ.เชียงใหม่,8-3-44 ไร่ -,82/100,https://www.facebook.com/groups/landhomechiangmai/posts/4557821357778807/
ที่ดินเปล่า,285 ล้านบาท,ต.ท่าศาลา อ.เมืองเชียงใหม่ จ.เชียงใหม่,14-0-89 ไร่ -,82/100,https://www.facebook.com/groups/landhomechiangmai/posts/4557816144445995/
ที่ดิน,495 ล้านบาท,ต.ท่าศาลา อ.เมืองเชียงใหม่ จ.เชียงใหม่,26-2-36 ไร่ -,82/100,https://www.facebook.com/groups/landhomechiangmai/posts/4557814884446121/
ที่ดินเปล่า,84 ล้านบาท,ต.นาทราย อ.ลี้ จ.ลำพูน,646-3-79 ไร่ -,82/100,https://www.facebook.com/groups/landhomechiangmai/posts/4557814717779471/
ที่ดินเปล่า,47 ล้านบาท,ต.น้ำแพร่ อ.หางดง จ.เชียงใหม่,18-0-32 ไร่ -,82/100,https://www.facebook.com/groups/landhomechiangmai/posts/4557814627779480/
บ้านเดี่ยว,ขายเพียง 2.2 ล้าน,ต.หนองแก๋ว อ.หางดง จ.เชียงใหม่,35 ตารางวา 3 นอน 2 น้ำ,53/100,https://www.facebook.com/groups/landhomechiangmai/posts/4557814527779490/
บ้านเดี่ยว,3.15 ล้านบาท,หมู่บ้านลากูน่า Laguna Home เฟส 2 สันทรายน้อย เชียงใหม่,79 ตารางวา 3 นอน 3 น้ำ,49/100,https://www.facebook.com/groups/landhomechiangmai/posts/4557813224446287/
ที่ดินเปล่า,52.8 ล้านบาท,ต.ป่าแดด อ.เมืองเชียงใหม่ จ.เชียงใหม่,5-1-12 ไร่ -,49/100,https://www.facebook.com/groups/landhomechiangmai/posts/4557810071113269/
ที่ดินเปล่า,99 ล้านบาท,ต.ไชยสถาน อ.สารภี จ.เชียงใหม่,6-0-73 ไร่ -,82/100,https://www.facebook.com/groups/landhomechiangmai/posts/4557809441113332/
ที่ดินเปล่า,38 ล้านบาท,นิมมาน ต.สุเทพ อ.เมืองเชียงใหม่ จ.เชียงใหม่,99 ตรว. -,82/100,https://www.facebook.com/groups/landhomechiangmai/posts/4557809297780013/
บ้านเดี่ยว,1.99 ล้านบาท,ต.หนองผึ้ง อ.สารภี จ.เชียงใหม่,79.8 ตารางวา 2 นอน 2 น้ำ,53/100,https://www.facebook.com/groups/landhomechiangmai/posts/4557807881113488/
ที่ดินเปล่า,4.32 ล้านบาท,ต.ป่าแดด อ.เมืองเชียงใหม่,135 ตรว. -,82/100,https://www.facebook.com/groups/landhomechiangmai/posts/4557804707780472/
ที่ดินเปล่า,6.5 ล้านบาท,ซอยบ้านยวม ต.ไชยสถาน อ.สารภี จ.เชียงใหม่,213 ตรว. -,53/100,https://www.facebook.com/groups/landhomechiangmai/posts/4557804021113874/
บ้านเดี่ยว,1.99 ล้านบาท,ต.หนองผึ้ง อ.สารภี จ.เชียงใหม่,79.8 ตารางวา 2 นอน 2 น้ำ,53/100,https://www.facebook.com/groups/landhomechiangmai/posts/4557803697780573/
บ้านเดี่ยว,1.99 ล้านบาท,ต.หนองผึ้ง อ.สารภี จ.เชียงใหม่,79.8 ตารางวา 2 นอน 2 น้ำ,53/100,https://www.facebook.com/groups/landhomechiangmai/posts/4557802814447328/
บ้านเดี่ยว,3ล้านบาท,ตำบลบ้านแหวน อำเภอหางดง จังหวัดเชียงใหม่,พื้นที่ดิน 48 ตารางวา พื้นที่ใช้สอย 180 ตารางเมตร 4 นอน 3 น้ำ,82/100,https://www.facebook.com/groups/landhomechiangmai/posts/4557797904447819/
บ้านเดี่ยว,"ราคาขายเพียง : 1,590,000 บาท",หมู่บ้านอินทรชิดชัย ต.ตลาดขวัญ อ.ดอยสะเก็ด จ.เชียงใหม่,41.6 ตารางวา 2 นอน 2 น้ำ,75/100,https://www.facebook.com/groups/landhomechiangmai/posts/4557795837781359/
บ้านเดี่ยว,2.39 ล.,"ตำบลประตูป่า, อำเภอเมืองลำพูน",150 ตารางวา 3 นอน 3 น้ำ,82/100,https://www.facebook.com/groups/landhomechiangmai/posts/4557795014448108/
บ้านเดี่ยว,3ล้านบาท,ตำบลบ้านแหวน อำเภอหางดง จังหวัดเชียงใหม่,พื้นที่ดิน 48 ตารางวา พื้นที่ใช้สอย 180 ตารางเมตร 4 นอน 3 น้ำ,82/100,https://www.facebook.com/groups/landhomechiangmai/posts/4557794807781462/
ที่ดินเปล่า,"16,500 /ตรว รวม 4,950,000 บาท",บ้านเชียงขาง ต.ไชยสถาน อ. สารภี ใกล้วงแหวนรอบ 2,300 ตารางวา -,82/100,https://www.facebook.com/groups/landhomechiangmai/posts/4557789881115288/
บ้านเดี่ยว,"ราคาขายเพียง : 1,490,000 บาท",หมู่บ้านนพเก้า ต.สันป่าเปา อ.สันทราย จ.เชียงใหม่,42 ตารางวา 2 นอน 1 น้ำ,75/100,https://www.facebook.com/groups/landhomechiangmai/posts/4557788714448738/
บ้านเดี่ยว,"ราคาขายเพียง : 1,300,000 บาท",หมู่บ้านหลักชัย (ตรงข้ามตลาดแม่กวง) แยกแม่กวง ต.สันนาเม็ง อ.สันทราย จ.เชียงใหม่,24 ตารางวา 2 นอน 1 น้ำ,70/100,https://www.facebook.com/groups/landhomechiangmai/posts/4557769107784032/
บ้านเดี่ยว,1.99 ล้านบาท,สันกำแพง เชียงใหม่,60 ตรว. 3 นอน 2 น้ำ,70/100,https://www.facebook.com/groups/landhomechiangmai/posts/4557783107782632/
บ้านเดี่ยว,"ราคาขายเพียง : 1,590,000 บาท",หมู่บ้านนพเก้า ต.สันป่าเปา อ.สันทราย จ.เชียงใหม่,65.2 ตารางวา 3 นอน 2 น้ำ,70/100,https://www.facebook.com/groups/landhomechiangmai/posts/4557782014449408/
บ้านเดี่ยว,ราคาเพียง 1.89 ล้านบาท,บ้านหนองปลาขอ ซอย3,55 ตารางวา 3 นอน 2 น้ำ,70/100,https://www.facebook.com/groups/landhomechiangmai/posts/4557777314449878/
ที่ดิน,"580,000 uาท",ต.แช่ช้าง อ.สันกำแพง,80 ตร.วา -,66/100,https://www.facebook.com/groups/landhomechiangmai/posts/4557753907785552/
บ้านเดี่ยว,"25,900,000 บาท",น้ำแพร่ เชียงใหม่ - สันป่าตอง,"378 ตร.ว. (1,500 ตร.ม.) 4 นอน 5 น้ำ",75/100,https://www.facebook.com/groups/landhomechiangmai/posts/4557748361119440/
คอนโด,2.79 ล้านบาท,"ถนน มหิดล, ป่าแดด, เชียงใหม่, เชียงใหม่ 50100, ประเทศไทย",38.47 ตารางเมตร 1 นอน 1 น้ำ,70/100,https://www.facebook.com/groups/landhomechiangmai/posts/4557746987786244/
บ้านเดี่ยว,"33,570,000 บาท","Padeat, Muang Chiang Mai, ถนนเชียงใหม่-หางดง",315 ตารางวา 5 นอน 7 น้ำ,66/100,https://www.facebook.com/groups/landhomechiangmai/posts/4557741741120102/
บ้านเดี่ยว,ราคาพิเศษช่วงพรีเซลเพียง 1.49 ล้านบาท,หมู่บ้านบ่อสร้าง ตำบลต้นเปา อำเภอสันกำแพง จังหวัดเชียงใหม่ อยู่หลังตลาดอุ๊ยทา,พื้นที่ดินเริ่มต้น 50 ตร.วา 2 นอน 2 น้ำ,66/100,https://www.facebook.com/groups/landhomechiangmai/posts/4557738797787063/
Pool Villa,ราคา 8.xx ล้านบาท,แม่เหียะ – เมืองเชียงใหม่,95.4 ตร.วา พื้นที่ใช้สอย 280 ตร.ม. 5 นอน 6 น้ำ,70/100,https://www.facebook.com/groups/landhomechiangmai/posts/4557736384453971/
บ้านเดี่ยว,ราคาเริ่มต้น1.89 ล้านบาท,ต. ป่าลาน อ.ดอยสะเก็ด จ.เชียงใหม่,พื้นที่ใช้สอย 132 ตรม ที่ดินเริ่มต้น 73 ตารางวา 3 นอน 2 น้ำ,66/100,https://www.facebook.com/groups/landhomechiangmai/posts/4557734324454177/
ที่ดิน,"ไร่ละ 750,000 บาทยกแปลง 1,850,000บาท","บ้านเทศบาลนครเชียงใหม่, จังหวัดเชียงใหม่ 50210 อยู่หลังห้วยฮ่องไคร้ เชียงใหม่ ใกล้ชุมชน ใกล้แหล่งท่องเที่ยว วิวเขาสวย ลำธารน้ำใส",2ไร่ 2งาน -,82/100,https://www.facebook.com/groups/landhomechiangmai/posts/4557731997787743/
บ้านเดี่ยว,1.59ล้านบาท,"แยกหลุยส์เครื่องเงิน, แยกสันกลาง, สนามบิน 13 km., ห้างเซนทรัลเฟส 9.5km.",46 ตรว. 3 นอน 2 น้ำ,82/100,https://www.facebook.com/groups/landhomechiangmai/posts/4557727034454906/
ที่ดิน,"600,000",อำเภอสันป่าตอง จังหวัดเชียงใหม่,80 ตารางวา -,79/100,https://www.facebook.com/groups/landhomechiangmai/posts/4557706834456926/
ที่ดิน,"1,500,000บาท",แม่แตง แถวสบเปิง,300 ตารางวา -,82/100,https://www.facebook.com/groups/landhomechiangmai/posts/4557706157790327/
บ้านเดี่ยว,1.49 ลบ.,"หนองหนาม, ลำพูน",72 ตร.ว. 3 นอน 2 น้ำ,53/100,https://www.facebook.com/groups/landhomechiangmai/posts/4557699447790998/
บ้านเดี่ยว,5.5ล.,เชียงใหม่,2 ไร่ 6 นอน None น้ำ,87/100,https://www.facebook.com/groups/landhomechiangmai/posts/4557697177791225/
บ้านเดี่ยว,1.89 ล.,ประตูโขง ลำพูน,- 2 นอน 2 น้ำ,82/100,https://www.facebook.com/groups/landhomechiangmai/posts/4557692627791680/
บ้านเดี่ยว,-,บ้านใกล้เครือสหพัฒน์ ใกล้ตลาดจตุจักรลำพูน,75 ตารางวา 3 นอน 2 น้ำ,82/100,https://www.facebook.com/groups/landhomechiangmai/posts/4557690414458568/
ที่ดิน,136 ล้านบาท,ต.ท่าศาลา อ.เมืองเชียงใหม่ จ.เชียงใหม่,6-0-70.9 ไร่ -,82/100,https://www.facebook.com/groups/landhomechiangmai/posts/4557688804458729/
บ้านเดี่ยว,4 ล้าน,ติดถนน 4 เลน,2 ไร่ 2 งาน -,82/100,https://www.facebook.com/groups/landhomechiangmai/posts/4557686691125607/
บ้านเดี่ยว,4 ล้าน,ติดถนน4เลน,2 ไร่ 2 งาน -,82/100,https://www.facebook.com/groups/landhomechiangmai/posts/4557683194459290/
ที่ดิน,ราคาไร่ละ1.55ลบ.,ต.เวียงยอง อ.เมืองลำพูน จ.ลำพูน,4 ไร่ 2 งาน -,82/100,https://www.facebook.com/groups/landhomechiangmai/posts/4557679421126334/
บ้านเดี่ยว,"900,000 บ.",บ้านพระธาตุ ต.แม่แฝก อ.สันทราย จ.เชียงใหม่,187 ตรว. -,87/100,https://www.facebook.com/groups/landhomechiangmai/posts/4557678781126398/
ที่ดินพร้อมบ้าน,"900,000 บ.",บ้านพระธาตุ ต.แม่แฝก อ.สันทราย จ.เชียงใหม่,187 ตรว. -,87/100,https://www.facebook.com/groups/landhomechiangmai/posts/4557632594464350/
บ้านเดี่ยว,1.79 ลบ.,บ้านสันป่าเปา ต.สันป่าเปา อ.สันทราย จ.เชียงใหม่,48 ตารางวา 3 นอน 2 น้ำ,53/100,https://www.facebook.com/groups/landhomechiangmai/posts/4557600317800911/
บ้านเดี่ยว,5.5 ลบ.,"โครงการสีวลี มีโชค-เชียงใหม่, เขตอำเภอเมือง",150 ตร.ม 3 นอน 3 น้ำ,70/100,https://www.facebook.com/groups/landhomechiangmai/posts/4557589864468623/
ที่ดิน,"1,872,000","สันทรายน้อย, เชียงใหม่",72 ตรว -,82/100,https://www.facebook.com/groups/landhomechiangmai/posts/4557576147803328/
บ้านเดี่ยว,เริ่มต้นเพียง 1.99 ล้านบาท,สันกำแพง เชียงใหม่,60 ตรว. | ใช้สอย 135 ตร.ม. 3 นอน 2 น้ำ,70/100,https://www.facebook.com/groups/landhomechiangmai/posts/4557316804495929/
คอนโด,ลดพิเศษเพียง 1.19 ลบ.,"เทศบาลนครเชียงใหม่, จังหวัดเชียงใหม่",39 ตร.ม. 1 นอน 1 น้ำ,82/100,https://www.facebook.com/groups/landhomechiangmai/posts/4557300767830866/
บ้านเดี่ยว,ราคาเริ่มต้นเพียง 2.1x ลบ. เท่านั้น!!,"หนองแฝก-สารภี, เชียงใหม่",- 3 นอน 2 น้ำ,66/100,https://www.facebook.com/groups/landhomechiangmai/posts/4557292157831727/
บ้านเดี่ยว,4 ล้าน,ทำเลติดถนน4เลน,2 ไร่ 2 งาน -,82/100,https://www.facebook.com/groups/landhomechiangmai/posts/4557245534503056/
บ้านเดี่ยว,4 ล้าน,ติดถนน 4 เลน,2 ไร่ 2 งาน -,82/100,https://www.facebook.com/groups/landhomechiangmai/posts/4557241614503448/
ที่ดิน,"ตรว.ละ 17,500 บาท",ต.สันผักหวานอ.หางดง จ.เชียงใหม่,114 ตรว. -,53/100,https://www.facebook.com/groups/landhomechiangmai/posts/4557273437833599/
บ้านเดี่ยว,1.89 ล.,ประตูโขง ลำพูน,- 2 นอน 2 น้ำ,82/100,https://www.facebook.com/groups/landhomechiangmai/posts/4557240684503541/
บ้านเดี่ยว,5.5ล.,เชียงใหม่,2 ไร่ 6 นอน None น้ำ,87/100,https://www.facebook.com/groups/landhomechiangmai/posts/4557231937837749/
ที่ดิน,"ตารางวาละ 50,000 บาท",ช่างเคี่ยน ต.สุเทพ อ.เมือง จ. เชียงใหม่,"9.85 ไร่ 3,940 ตารางวา -",79/100,https://www.facebook.com/groups/landhomechiangmai/posts/4557230984504511/
บ้านเดี่ยว,"ราคาเพียง 3,290,000 บาท","สันทราย, เชียงใหม่",220 ตร.ม. 3 นอน 3 น้ำ,47/100,https://www.facebook.com/groups/landhomechiangmai/posts/4557229614504648/
คอนโด,2.95 ล้านบาท,"Fa Ham Subdistrict, Mueang Chiang Mai District, Chiang Mai Province",37.43 ตร.ม 1 นอน 1 น้ำ,82/100,https://www.facebook.com/groups/landhomechiangmai/posts/4557223724505237/
บ้านเดี่ยว,1.49 ลบ.,"หนองหนาม, ลำพูน",72 ตร.ว. 3 นอน 2 น้ำ,53/100,https://www.facebook.com/groups/landhomechiangmai/posts/4557220954505514/
บ้านเดี่ยว,-,"บ้านใกล้เครือสหพัฒน์, ใกล้ตลาดจตุจักรลำพูน",70 ตารางวา 3 นอน 2 น้ำ,82/100,https://www.facebook.com/groups/landhomechiangmai/posts/4557220514505558/
บ้านเดี่ยว,ราคาเริ่มต้นที่ 7.6 ล้านบาท,"ใกล้ ตลาดเจริญ เจริญ, เชียงใหม่",พื้นที่ใช้สอย: 215 ตร.ม. พื้นที่เริ่มต้นที่ 65.8 ตร.วา หรือ 263.2 ตร.ม. 3 นอน 4 น้ำ,75/100,https://www.facebook.com/groups/landhomechiangmai/posts/4557174317843511/
ที่ดินพร้อมบ้าน,"900,000 บ.",บ้านพระธาตุ ต.แม่แฝก อ.สันทราย จ.เชียงใหม่,187 ตรว. -,87/100,https://www.facebook.com/groups/landhomechiangmai/posts/4557201084507501/
ที่ดิน,"350,000",ตำบล แม่ก๋า อำเภอ สันป่าตอง จังหวัด เชียงใหม่,302 ตารางวา -,82/100,https://www.facebook.com/groups/landhomechiangmai/posts/4557199104507699/
ที่ดิน,ราคาขาย 8 แสนบาท,"บ้านโรงเรียนวชิราลัย, ยางเนิ้ง, สารภี, เชียงใหม่ 50140, ประเทศไทย",45 ตารางวา None นอน 0 น้ำ,53/100,https://www.facebook.com/groups/landhomechiangmai/posts/4557185514509058/
ทาวน์โฮม,1.75 ล้าน,ม.7 ต.สันทรายหลวง อ.สันทราย จเชียงใหม่,- 2 นอน 2 น้ำ,70/100,https://www.facebook.com/groups/landhomechiangmai/posts/4557176541176622/
ที่ดินเปล่า,"12,348,000.- บาท","บ้านสันคามแพง, เชียงใหม่ 50130",686 ตารางวา -,82/100,https://www.facebook.com/groups/landhomechiangmai/posts/4557175127843430/
ที่ดิน,ขาย 1.6 ล้าน,"บ้านท่าใหม่อิ ซอย 11, ป่าแดด, หมู่ที่ 5, เชียงใหม่ 50100, ประเทศไทย",แปลงละ 100 ตารางวา -,82/100,https://www.facebook.com/groups/landhomechiangmai/posts/4557173957843547/
ที่ดิน,3.2 ล้านบาท,"บ่อสร้าง ซอย 7, ต้นเปา, หมู่ที่ 3, เชียงใหม่ 50130, ประเทศไทย",204 ตารางวา 0 นอน 0 น้ำ,82/100,https://www.facebook.com/groups/landhomechiangmai/posts/4557172004510409/
บ้านเดี่ยว,"2,590,000 บาท","สารภี, เชียงใหม่",81 ตรว. 3 นอน 2 น้ำ,53/100,https://www.facebook.com/groups/landhomechiangmai/posts/4557171007843842/
บ้านเดี่ยว,2.79 ล้านบาท,"บ้านสารภี, เทศบาลนครเชียงใหม่, จังหวัดเชียงใหม่ 50140",53 ตารางวา 4 นอน 3 น้ำ,47/100,https://www.facebook.com/groups/landhomechiangmai/posts/4557166521177624/
บ้านเดี่ยว,1.39 ล้านบาท,"บ้านม.นอร์ท เชียงใหม่, เทศบาลนครเชียงใหม่, จังหวัดเชียงใหม่ 50230",32 ตารางวา 1 นอน 1 น้ำ,82/100,https://www.facebook.com/groups/landhomechiangmai/posts/4557164891177787/
บ้านเดี่ยว,1.99 ล้านบาท,"ต.ป่าไผ่, อ.สันทราย, จ.เชียงใหม่",65 ตารางวา 3 นอน 2 น้ำ,47/100,https://www.facebook.com/groups/landhomechiangmai/posts/4557163234511286/
ที่ดิน,"ราคาขาย 850,000.- บาท","บ้านบ้านหนองก้นครุ, หนองแหย่ง, หมู่ที่ 4, เชียงใหม่ 50210, ประเทศไทย",100 ตารางวา -,47/100,https://www.facebook.com/groups/landhomechiangmai/posts/4557160411178235/
ที่ดินเปล่า,"ราคาขาย 1,550,000.- บาท","บ้านบ้านยางพระธาตุ, ทางหลวงชนบท ชม. 3019, สันปูเลย, หมู่ที่ 11, เชียงใหม่ 50220, ประเทศไทย",97.30 ตารางวา None นอน 0 น้ำ,53/100,https://www.facebook.com/groups/landhomechiangmai/posts/4557159564511653/
ที่ดิน,2.3 ล้านบาท,"บ้านป้อมตํารวจบ้านยวม, ป่าบง, สารภี, เชียงใหม่ 50140, ประเทศไทย",178.80 ตารางวา -,53/100,https://www.facebook.com/groups/landhomechiangmai/posts/4557155571178719/
ที่ดิน,3.4 ล้านบาท,"บ้านบ้านปางแฟน, 118, ป่าเมี่ยง, ดอยสะเก็ด, เชียงใหม่ 50220, ประเทศไทย",1 ไร่ 2 งาน 3 ตารางวา -,53/100,https://www.facebook.com/groups/landhomechiangmai/posts/4557154274512182/
บ้านเดี่ยว,5.19 ล้านบาท,ตำบลสันปูเลย อำเภอดอยสะเก็ด เทศบาลนครเชียงใหม่ จังหวัดเชียงใหม่ 50220,121.30 ตารางวา 3 นอน 3 น้ำ,47/100,https://www.facebook.com/groups/landhomechiangmai/posts/4557144044513205/
บ้านเดี่ยว,"12,000,000 บาท",แม่ริม จังหวัดเชียงใหม่,139 ตารางวา 4 นอน 5 น้ำ,66/100,https://www.facebook.com/groups/landhomechiangmai/posts/4557141957846747/
บ้านเดี่ยว,6.5 ล้านบาท,"บ้านวรารมย์ พรีเมี่ยม ศาลากลาง, สันผีเสื้อ, เชียงใหม่, เชียงใหม่ 50300, ประเทศไทย",52.2 ตารางวา / พื้นที่ใช้สอย 138 ตารางเมตร 3 นอน 3 น้ำ,47/100,https://www.facebook.com/groups/landhomechiangmai/posts/4557141221180154/
บ้านเดี่ยว,13 ล้านบาท,"ถนน โชตนา, ดอนแก้ว, หมู่ที่ 5, เชียงใหม่ 50180, ประเทศไทย",2 ไร่ 2 งาน 15 ตารางวา 5 นอน 6 น้ำ,82/100,https://www.facebook.com/groups/landhomechiangmai/posts/4557139554513654/
บ้านเดี่ยว,"1,990,000 บาท",ต.หนองผึ้ง อ.สารภี จ.เชียงใหม่,79.8 ตร.ว. 2 นอน 2 น้ำ,53/100,https://www.facebook.com/groups/landhomechiangmai/posts/4557135004514109/
บ้านเดี่ยว,"ขายเพียง1,790,000บาท",ต.เชิงดอย อ.ดอยสะเก็ด,65 ตารางวา 2 นอน 2 น้ำ,82/100,https://www.facebook.com/groups/landhomechiangmai/posts/4557133087847634/
บ้านเดี่ยว,ราคาเพียง 1.25 ล้านบาท,"ทุ่งข้าวตอก, หนองแหย่ง, สันทราย, เชียงใหม่ 50210, ประเทศไทย",178 ตารางวา 2 นอน 1 น้ำ,82/100,https://www.facebook.com/groups/landhomechiangmai/posts/4557132167847726/
ที่ดิน,"15,900฿/ตรว[ 1,605,900 ]","ต.หนองแก๋ว, หางดง, เชียงใหม่",101 ตารางวา -,49/100,https://www.facebook.com/groups/landhomechiangmai/posts/4557130154514594/
ที่ดิน,"ตารางวาละ 2,200.- บาท เท่านั้น !!","บ้านดอยหล่อ, เทศบาลนครเชียงใหม่, จังหวัดเชียงใหม่ 50160",3 แปลง -,82/100,https://www.facebook.com/groups/landhomechiangmai/posts/4557128757848067/
ที่ดินเปล่า,"ราคาเพียงตารางวาละ 15,000.- บาท","บ้านสันทุ่งใหม่ ซอย 1, สันปูเลย, หมู่ที่ 11, เชียงใหม่ 50220, ประเทศไทย",4 แปลง -,82/100,https://www.facebook.com/groups/landhomechiangmai/posts/4557128381181438/
ทาวน์โฮม,ราคาเพียง 1.89 ล้านบาท,"ท่ารั้ว, สันปูเลย, หมู่ที่ 3, เชียงใหม่ 50220, ประเทศไทย",20 ตารางวา 2 นอน 3 น้ำ,49/100,https://www.facebook.com/groups/landhomechiangmai/posts/4557127184514891/
บ้านเดี่ยว,ราคาเพียง 7 ล้านบาท,"บ้านโชตนา ซอย 22 ก, ช้างเผือก, หมู่ที่ 3, เชียงใหม่ 50300, ประเทศไทย",220 ตารางเมตร 3 นอน 4 น้ำ,82/100,https://www.facebook.com/groups/landhomechiangmai/posts/4557125514515058/
ที่ดิน,200 ล้านบาท,"บ้านซุปเปอร์ไฮเวย์, ฟ้าฮ่าม, เชียงใหม่, เชียงใหม่ 50000, ประเทศไทย",4 ไร่ 9 ตารางวา -,82/100,https://www.facebook.com/groups/landhomechiangmai/posts/4557124947848448/
ทาวน์โฮม,1.69 ล้านบาท,"ทาวน์เฮาส์เพชรริมปิง, ดอนแก้ว, หมู่ที่ 3, เชียงใหม่ 50180, ประเทศไทย",- 2 นอน 2 น้ำ,82/100,https://www.facebook.com/groups/landhomechiangmai/posts/4557123467848596/
บ้านเดี่ยว,"ราคา 1,090,000 บาท",สันป่าตอง เชียงใหม่,21 ตารางวา (~72 ตร.ม.) 2 นอน 1 น้ำ,82/100,https://www.facebook.com/groups/landhomechiangmai/posts/4557103681183908/
ที่ดิน,"ตรว.ละ 4,OOO b.",ต.ออนกลาง อ.แม่ออน จ.เชียงใหม่,7 ไร่ 2 งาน -,82/100,https://www.facebook.com/groups/landhomechiangmai/posts/4557101954517414/
บ้านเดี่ยว,11 ล้านบาท,ต.เชิงดอย อ.ดอยสะเก็ด จ.เชียงใหม่,4-0-83 ไร่ 4 นอน 4 น้ำ,82/100,https://www.facebook.com/groups/landhomechiangmai/posts/4557075397853403/
บ้านเดี่ยว,1.49 ลบ.,"หนองหนาม, ลำพูน",72 ตร.ว. 3 นอน 2 น้ำ,53/100,https://www.facebook.com/groups/landhomechiangmai/posts/4557069154520694/
บ้านเดี่ยว,10.9 ล้านบาท,ต.ออนใต้ อ.สันกำแพง จ.เชียงใหม่,4 ไร่ 11 ตรว. 5 นอน 5 น้ำ,82/100,https://www.facebook.com/groups/landhomechiangmai/posts/4557062444521365/
บ้านเดี่ยว,9.0 ล้านบาท,อ.หางดง จ.เชียงใหม่,91 ตรว. 4 นอน 4 น้ำ,49/100,https://www.facebook.com/groups/landhomechiangmai/posts/4557059041188372/
บ้านเดี่ยว,"2,990,000 บาท",หมู่บ้านเจซีการ์เด้นท์ ซอย 5 ติดถนนเส้นดอยสะเก็ตไปเชียงราย,184 ตารางวา 3 นอน 3 น้ำ,49/100,https://www.facebook.com/groups/landhomechiangmai/posts/4557040941190182/
บ้านเดี่ยว,-,บ้านใกล้เครือสหพัฒน์ ใกล้ตลาดจตุจักรลำพูน,75 ตารางวา 3 นอน 2 น้ำ,82/100,https://www.facebook.com/groups/landhomechiangmai/posts/4557032694524340/
บ้านเดี่ยว,ราคาเพียง 2.39 ล้านบาท,"ป่าแดด, บ้านวังสิงห์คำ, เชียงใหม่",50 ตร.ว. 3 นอน 2 น้ำ,66/100,https://www.facebook.com/groups/landhomechiangmai/posts/4557031857857757/
บ้านเดี่ยว,4 ล้าน,ติดถนน4เลน,2 ไร่ 2 งาน -,82/100,https://www.facebook.com/groups/landhomechiangmai/posts/4557026497858293/
คอนโด,"ขาย700,000 บาท","SR Land Condo ตรงข้ามตลาดแม่กวง, เชียงใหม่",พื้นที่ใช้สอยเยอะ -,53/100,https://www.facebook.com/groups/landhomechiangmai/posts/4557007517860191/
บ้านเดี่ยว,"15,000,000฿","เชียงใหม่, อำเภอแม่ริม, ตำบลโป่งแยง",3ไร่2งาน 5 นอน 5 น้ำ,82/100,https://www.facebook.com/groups/landhomechiangmai/posts/4556995731194703/
ที่ดิน,"ราคา ขาย 1,300,000 บาท","ติดถนนสันกำแพงสายเก่า, ใกล้ตลาดสดสันกำแพง, ใกล้ถนนคนเดิน, ใกล้ธนาคาร, ห้างโลตัส, บิ๊กซี, ใกล้โรงพักสันกำแพง, ที่ว่าการอำเภอ",44 ตารางวา -,82/100,https://www.facebook.com/groups/landhomechiangmai/posts/4556975631196713/
ที่ดิน,"1,450,000 บาท(ลดจากราคาเดิม 1.85 ลบ.)",เขต ต.แม่ปูคา อ.สันกำแพง จ.เชียงใหม่,1 ไร่ 2 งาน 16 ตร.ว. -,82/100,https://www.facebook.com/groups/landhomechiangmai/posts/4556967667864176/
บ้านเดี่ยว,5.5ล.,-,2 ไร่ 6 นอน None น้ำ,87/100,https://www.facebook.com/groups/landhomechiangmai/posts/4556967541197522/
บ้านเดี่ยว,1.89 ล.,ประตูโขง ลำพูน,- 2 นอน 2 น้ำ,82/100,https://www.facebook.com/groups/landhomechiangmai/posts/4556953381198938/
บ้านเดี่ยว,-,"บ้านใกล้เครือสหพัฒน์, ใกล้ตลาดจตุจักรลำพูน",75 ตารางวา 3 นอน 2 น้ำ,82/100,https://www.facebook.com/groups/landhomechiangmai/posts/4556948881199388/
บ้านเดี่ยว,2.25 ล้านบาท,ต.สันกลาง อ.สันกำแพง จ.เชียงใหม่,52 ตรว. 3 นอน 2 น้ำ,82/100,https://www.facebook.com/groups/landhomechiangmai/posts/4556923191201957/
บ้านเดี่ยว,3.75 ล้านบาท,ต.สันกลาง อ.สันกำแพง จ.เชียงใหม่,54 ตรว. 3 นอน 5 น้ำ,82/100,https://www.facebook.com/groups/landhomechiangmai/posts/4556938494533760/
บ้านเดี่ยว,3.2 ล้านบาท,ต.ป่าแดด อ.เมืองเชียงใหม่ จ.เชียงใหม่,56 ตรว. 3 นอน 2 น้ำ,82/100,https://www.facebook.com/groups/landhomechiangmai/posts/4556932264534383/
บ้านเดี่ยว,3.99 ล้านบาท,"โรสรินทร์-ดอยสะเก็ด, เชียงใหม่",97 ตร.ว. 3 นอน 3 น้ำ,70/100,https://www.facebook.com/groups/landhomechiangmai/posts/4556920477868895/
บ้านเดี่ยว,"ขายเพียง 1,990,000 บาท",ต.หนองผึ้ง อ.สารภี จ.เชียงใหม่,79.8 ตร.ว. 2 นอน 2 น้ำ,53/100,https://www.facebook.com/groups/landhomechiangmai/posts/4556907844536825/
บ้านเดี่ยว,11 ล้านบาท,ต.เชิงดอย อ.ดอยสะเก็ด จ.เชียงใหม่,4-0-83 ไร่ 4 นอน 4 น้ำ,82/100,https://www.facebook.com/groups/landhomechiangmai/posts/4556901624537447/
บ้านเดี่ยว,"1,990,000 บาท",ต.หนองผึ้ง อ.สารภี จ.เชียงใหม่,79.8 ตร.ว. 2 นอน 2 น้ำ,53/100,https://www.facebook.com/groups/landhomechiangmai/posts/4556886814538928/
ที่ดิน,"ขายแปลงละ 399,000 บาท","สันกำแพง, เชียงใหม่",91 ตรว. -,87/100,https://www.facebook.com/groups/landhomechiangmai/posts/4556874814540128/
บ้านเดี่ยว,2.4 ล้าน,หมู่บ้านนนิภา เฟส4 แม่โจ้-เชียงใหม่ ตรงข้ามหน้ามหาวิทยาลัยแม่โจ้ เข้าซอยบ้านทุ่งหมื่นน้อยเพียง 1 กม.,90 ตร.ม. 3 นอน 2 น้ำ,47/100,https://www.facebook.com/groups/landhomechiangmai/posts/4556859794541630/
บ้านเดี่ยว,"17,500,00 บาท","ต.หายยา, เทศบาลนครเชียงใหม่, จังหวัดเชียงใหม่ 50100",126 ตารางวา 6 นอน 3 น้ำ,82/100,https://www.facebook.com/groups/landhomechiangmai/posts/4556847487876194/
บ้านเดี่ยว,"4,300,000฿",ตำบลริมเหนือ อำเภอแม่ริม จังหวัดเชียงใหม่,133.4 ตารางวา 4 นอน 3 น้ำ,47/100,https://www.facebook.com/groups/landhomechiangmai/posts/4556843801209896/
ที่ดิน,"ราคาเพียง 300,000 ตรว.",ต.สันทราย อ.ฝาง จ.เชียงใหม่,200 ตรว. -,82/100,https://www.facebook.com/groups/landhomechiangmai/posts/4556843147876628/
คอนโด,3.98 ล้านบาท,"นิมมาน–ห้วยแก้ว, เมืองเชียงใหม่",73 ตร.ม. 2 นอน 1 น้ำ,75/100,https://www.facebook.com/groups/landhomechiangmai/posts/4556823571211919/
บ้านเดี่ยว,"900,000 บ.",บ้านพระธาตุ ต.แม่แฝก อ.สันทราย จ.เชียงใหม่,187 ตรว. -,87/100,https://www.facebook.com/groups/landhomechiangmai/posts/4556841534543456/
ที่ดิน,1.3 ล้าน,"บ้านเทศบาลนครเชียงใหม่, จังหวัดเชียงใหม่, ต.ดอยหล่อ, อ.ดอยหล่อ",3 ไร่ 83 ตารางวา -,82/100,https://www.facebook.com/groups/landhomechiangmai/posts/4556830637877879/
คอนโด,1.15 ล้านบาท,ใกล้ มช.,32 ตร.เมตร 1 นอน 1 น้ำ,53/100,https://www.facebook.com/groups/landhomechiangmai/posts/4556814174546192/
บ้านเดี่ยว,2.9 ล้านบาท,แม่ริม,98.4 ตรว. 3 นอน 2 น้ำ,82/100,https://www.facebook.com/groups/landhomechiangmai/posts/4556800371214239/
บ้านเดี่ยว,2.4 ลบ.,"เทศบาลนครเชียงใหม่, จังหวัดเชียงใหม่ 50140",98 ตร.ว. 3 นอน 2 น้ำ,79/100,https://www.facebook.com/groups/landhomechiangmai/posts/4556784524549157/
ที่ดิน,"120,000 บาท/ตร.ว.(ยกแปลง 16.2 ล้านบาท)",ถนนเจริญประเทศ ช้างคลาน อ.เมือง เชียงใหม่,16.2 ล้านบาท -,82/100,https://www.facebook.com/groups/landhomechiangmai/posts/4556790507881892/
บ้านเดี่ยว,1.89 ล.,ประตูโขง ลำพูน,- 2 นอน 2 น้ำ,82/100,https://www.facebook.com/groups/landhomechiangmai/posts/4556776037883339/
บ้านเดี่ยว,2.4 ลบ.,"เทศบาลนครเชียงใหม่, จังหวัดเชียงใหม่ 50140",98 ตร.ว. 3 นอน 2 น้ำ,79/100,https://www.facebook.com/groups/landhomechiangmai/posts/4556782404549369/
บ้านเดี่ยว,ราคาเพียง 1.99 ลบ.,สารภี,56 ตรว. 3 นอน 2 น้ำ,66/100,https://www.facebook.com/groups/landhomechiangmai/posts/4556780931216183/
บ้านเดี่ยว,-,"บ้านใกล้เครือสหพัฒน์, ใกล้ตลาดจตุจักรลำพูน",75 ตารางวา 3 นอน 2 น้ำ,82/100,https://www.facebook.com/groups/landhomechiangmai/posts/4556772541217022/
ที่ดิน,"ขาย 19,000 บาท/ตรว.",บ้านท้าวผายู ต.สันผักหวาน อ.หางดง,214 ตารางวา -,82/100,https://www.facebook.com/groups/landhomechiangmai/posts/4556761891218087/
บ้านเดี่ยว,"900,000 บ.",บ้านพระธาตุ ต.แม่แฝก อ.สันทราย จ.เชียงใหม่,187 ตรว. -,87/100,https://www.facebook.com/groups/landhomechiangmai/posts/4556746607886282/
ที่ดิน,"ขายไร่ละ 350,000 บาท",ต.ป่าสัก อำเภอเมืองลำพูน จังหวัดลำพูน,2 ไร่ 2 งาน 74 ตารางวา -,53/100,https://www.facebook.com/groups/landhomechiangmai/posts/4556746337886309/
ที่ดิน,"ไร่ละ 120,000","บ้านสะเนียน, อ.เมือง, จ.น่าน",13-3-83 ไร่ -,82/100,https://www.facebook.com/groups/landhomechiangmai/posts/4556737157887227/
บ้านเดี่ยว,1.79 ล.,ต.สันป่าเปา อ.สันทราย จ.เชียงใหม่,48 ตรว. 3 นอน 2 น้ำ,49/100,https://www.facebook.com/groups/landhomechiangmai/posts/4556732834554326/
บ้านเดี่ยว,-,ต.ชมภู อ.สารภี จ.เชียงใหม่,96.30 ตารางเมตร เนื้อที่ 54.20 ตารางวา 3 นอน 2 น้ำ,66/100,https://www.facebook.com/groups/landhomechiangmai/posts/4556718751222401/
บ้านเดี่ยว,-,ต.ชมภู อ.สารภี จ.เชียงใหม่,99 ตารางเมตร 3 นอน 2 น้ำ,66/100,https://www.facebook.com/groups/landhomechiangmai/posts/4556716841222592/
บ้านเดี่ยว,ราคาสุดคุ้ม เพียง 3.89 ล้านบาท,"ป่าแดด, ใจกลางเมืองเชียงใหม่",50 ตร.ว. พื้นที่ใช้สอย 150 ตารางเมตร 3 นอน 3 น้ำ,47/100,https://www.facebook.com/groups/landhomechiangmai/posts/4556708304556779/
ที่ดิน,103.5 ล้านบาท,ต.เมืองเล็น อ.สันทราย จ.เชียงใหม่,46-0-52 ไร่ -,82/100,https://www.facebook.com/groups/landhomechiangmai/posts/4556690557891887/
ที่ดิน,"ราคาแปลงละ 2,630,400 บาท","ต.ออนกลาง, อ.แม่ออน, จ.เชียงใหม่",2 ไร่ 22 ตารางวา -,82/100,https://www.facebook.com/groups/landhomechiangmai/posts/4556681921226084/
ทาวน์โฮม,"ราคาเพียง 1,790,000 ล้านบาท !",หมู่บ้าน รุ่งเรือง ต. สันผีเสื้อ อ. เมืองเชียงใหม่,110ตรม. 3 นอน 2 น้ำ,82/100,https://www.facebook.com/groups/landhomechiangmai/posts/4556679717892971/
ที่ดิน,16.5 ล้านบาท,ต.ป่าแดด อ.เมืองเชียงใหม่ จ.เชียงใหม่,173.5 ตรว. -,82/100,https://www.facebook.com/groups/landhomechiangmai/posts/4556675567893386/
ที่ดินเปล่า,88.8 ล้านบาท,ต.สันพระเนตร อ.สันทราย จ.เชียงใหม่,11-0-34 ไร่ -,82/100,https://www.facebook.com/groups/landhomechiangmai/posts/4556675151226761/
ที่ดินเปล่า,16 ล้านบาท,ต.ช้างเผือก อ.เมืองเชียงใหม่ จ.เชียงใหม่,136 ตรว. -,82/100,https://www.facebook.com/groups/landhomechiangmai/posts/4556672607893682/
บ้านเดี่ยว,-,"บ้านใกล้เครือสหพัฒน์, ใกล้ตลาดจตุจักรลำพูน",70 ตารางวา 3 นอน 2 น้ำ,82/100,https://www.facebook.com/groups/landhomechiangmai/posts/4556666914560918/
ที่ดินเปล่า,ราคาเหมา 40 ล้านบาท,ต.สุเทพ อ.เมืองเชียงใหม่ จ.เชียงใหม่,1-1-85 ไร่ -,53/100,https://www.facebook.com/groups/landhomechiangmai/posts/4556664164561193/
ที่ดิน,7.5 ล้านบาท,ต.เชิงดอย อ.ดอยสะเก็ด จ.เชียงใหม่,1-0-97 ไร่ -,53/100,https://www.facebook.com/groups/landhomechiangmai/posts/4556663951227881/
ที่ดินเปล่า,6 ล้านบาท,ต.ต้นเปา อ.สันกำแพง จ.เชียงใหม่,199.6 ตรว. -,82/100,https://www.facebook.com/groups/landhomechiangmai/posts/4556663574561252/
ที่ดินเปล่า,5.8 ล้านบาท,ต.ไชยสถาน อ.สารภี จ.เชียงใหม่,1-0-0 ไร่ -,82/100,https://www.facebook.com/groups/landhomechiangmai/posts/4556661224561487/
ที่ดิน,"ราคาเพียง 3,500,000 บาท","ตำบลทุ่งสะโตก, อำเภอสันป่าตอง, จังหวัดเชียงใหม่",3 ไร่ 28.6 ตารางวา 1 นอน 1 น้ำ,49/100,https://www.facebook.com/groups/landhomechiangmai/posts/4556652314562378/
ที่ดิน,"1,500,000บาท",แม่แตง แถวสบเปิง,300 ตารางวา -,82/100,https://www.facebook.com/groups/landhomechiangmai/posts/4556650351229241/
ที่ดินเปล่า,36 ล้านบาท,ต.ลวงเหนือ อ.ดอยสะเก็ด จ.เชียงใหม่,11-3-95.7 ไร่ -,82/100,https://www.facebook.com/groups/landhomechiangmai/posts/4556641957896747/
บ้านเดี่ยว,1.99 ลบ.,ต.สันผักหวาน อ.หางดง จ.เชียงใหม่,50 ตรว. 3 นอน 2 น้ำ,53/100,https://www.facebook.com/groups/landhomechiangmai/posts/4556641914563418/
ที่ดิน,ราคา800.000บาท,หมู่ 1 ต.ยุหว่า อ.สันป่าตอง จ.เชียงใหม่,1งาน64 ตารางวา -,82/100,https://www.facebook.com/groups/landhomechiangmai/posts/4556635394564070/
ที่ดิน,110 ล้านบาท,ต.ป่าป้อง อ.ดอยสะเก็ด จ.เชียงใหม่,105 ไร่ -,82/100,https://www.facebook.com/groups/landhomechiangmai/posts/4556642511230025/
ที่ดินเปล่า,36 ล้านบาท,ต.ลวงเหนือ อ.ดอยสะเก็ด จ.เชียงใหม่,11-3-95.7 ไร่ -,82/100,https://www.facebook.com/groups/landhomechiangmai/posts/4556642191230057/
ที่ดินเปล่า,596.36 ล้านบาท,"ต.เชิงดอย + ต.ลวงเหนือ, อ.ดอยสะเก็ด, จ.เชียงใหม่",458-2-94.5 ไร่ -,82/100,https://www.facebook.com/groups/landhomechiangmai/posts/4556642071230069/
ที่ดิน,"950,000 รวมโอน","ตำบลบวกค้าง, อำเภอสันกำแพง, จังหวัดเชียงใหม่",196 ตรว. -,82/100,https://www.facebook.com/groups/landhomechiangmai/posts/4556634697897473/
บ้านเดี่ยว,1.69 ลบ,บ้านบวก ตำบล หนองแก๋ว อำเภอหางดง เชียงใหม่,45 ตารางวา 2 นอน 2 น้ำ,53/100,https://www.facebook.com/groups/landhomechiangmai/posts/4556628567898086/
บ้านเดี่ยว,1.49 ลบ.,บ้านเมืองง่า ต.หนองแก๋ว อ.หางดง จ.เชียงใหม่,39 ตารางวา 2 นอน 2 น้ำ,49/100,https://www.facebook.com/groups/landhomechiangmai/posts/4556626641231612/
บ้านเดี่ยว,1.49 ลบ.,"หนองหนาม, ลำพูน",72 ตร.ว. 3 นอน 2 น้ำ,53/100,https://www.facebook.com/groups/landhomechiangmai/posts/4556615204566089/
บ้านเดี่ยว,"900,000 บ.",บ้านพระธาตุ ต.แม่แฝก อ.สันทราย จ.เชียงใหม่,187 ตรว. -,87/100,https://www.facebook.com/groups/landhomechiangmai/posts/4556614391232837/
ที่ดิน,1.35 ล้านรวมโอน,ตำบลสันกลาง อำเภอสันกำแพง จังหวัดเชียงใหม่,100 ตรว. -,82/100,https://www.facebook.com/groups/landhomechiangmai/posts/4556597501234526/
ที่ดิน,1.59 ล้านบาท,"สันทราย, เชียงใหม่",283 ตารางวา -,82/100,https://www.facebook.com/groups/landhomechiangmai/posts/4556602027900740/
บ้านเดี่ยว,ราคาขายเริ่มต้นเพียง 3.79 ล้านบาท (รวมค่าโอนกรรมสิทธิ์เรียบร้อยแล้ว),ตำบลเหมืองแก้ว อำเภอแม่ริม เชียงใหม่,"136 ตารางเมตร (ภายใน), 150 ตารางเมตร (รวมโรงรถ) 3 นอน 3 น้ำ",66/100,https://www.facebook.com/groups/landhomechiangmai/posts/4556601854567424/
บ้านเดี่ยว,"5,900,000 บาท",ตำบลห้องแหย่ง อำเภอสันทราย จังหวัดเชียงใหม่,144 sq.wah 4 นอน 4 น้ำ,82/100,https://www.facebook.com/groups/landhomechiangmai/posts/4556590984568511/
ที่ดิน,"4,500,000บาท",เวียงหนองล่อง-วังผาง-จ.ลำพูน,6 ไร่ 2 งาน 78 ตารางวา -,82/100,https://www.facebook.com/groups/landhomechiangmai/posts/4556590861235190/
ที่ดิน,"ราคาขายเพียง 1,700,000 (ค่าโอนคนละครึ่ง)",ตำบลบ้านแปะ อำเภอจอมทอง จังหวัดเชียงใหม่,"2 ไร่ 3 งาน 106 ตารางวา (รวม 1,506 ตารางวา) -",75/100,https://www.facebook.com/groups/landhomechiangmai/posts/4556581121236164/
บ้านเดี่ยว,1.95 ล้านบาท,ต.แม่แฝก อ.สันทราย จ.เชียงใหม่,273 ตร.ว. 3 นอน None น้ำ,47/100,https://www.facebook.com/groups/landhomechiangmai/posts/4556580927902850/
ที่ดิน,"ราคา ขาย 700,000 บาท",บ้านร้องยาว ต. ยางเนิ้ง อ. สารภี เชียงใหม่,100 ตารางวา -,82/100,https://www.facebook.com/groups/landhomechiangmai/posts/4556577327903210/
ที่ดิน,"ราคาขายเพียง 1,700,000 (ค่าโอนคนละครึ่ง)",ตำบลบ้านแปะ อำเภอจอมทอง จังหวัดเชียงใหม่,"2 ไร่ 3 งาน 106 ตารางวา (รวม 1,506 ตารางวา) -",75/100,https://www.facebook.com/groups/landhomechiangmai/posts/4556575001236776/
ที่ดินเปล่า,"1,352 ล้านบาท",ต.ไชยสถาน อ.สารภี จ.เชียงใหม่,208 ไร่ -,82/100,https://www.facebook.com/groups/landhomechiangmai/posts/4556573877903555/
ที่ดินพร้อมบ้าน,"900,000 บ.",บ้านพระธาตุ ต.แม่แฝก อ.สันทราย จ.เชียงใหม่,187 ตรว. -,87/100,https://www.facebook.com/groups/landhomechiangmai/posts/4556548441239432/
ที่ดินเปล่า,200 ล้านบาท,ต.ลวงเหนือ อ.ดอยสะเก็ด จ.เชียงใหม่,102 ไร่ -,82/100,https://www.facebook.com/groups/landhomechiangmai/posts/4556569044570705/
ที่ดิน,"6ไร่ๆละ490,000 บาท","แม่แตง, เชียงใหม่",6 ไร่ -,82/100,https://www.facebook.com/groups/landhomechiangmai/posts/4556565004571109/
ที่ดินเปล่า,16.5 ล้านบาท,ต.ไชยสถาน อ.สารภี จ.เชียงใหม่,2-2-69 ไร่ -,82/100,https://www.facebook.com/groups/landhomechiangmai/posts/4556560057904937/
บ้านเดี่ยว,1.49 ล้าน,"ท่าเกวียน, สันทราย, หนองจ๊อม, เชียงใหม่",40 ตรว 4 นอน 2 น้ำ,82/100,https://www.facebook.com/groups/landhomechiangmai/posts/4556547907906152/
บ้านเดี่ยว,ราคา 5.39 ล้านบาท,"หางดง, ใกล้สนามกอล์ฟนอร์ทฮิลล์, โครงการกุลพันธ์ 9, หน้า รร.นานาชาติลานนา",พื้นที่ใช้สอย 245ตรม. ที่ดิน 53 ตรว. 4 นอน 5 น้ำ,49/100,https://www.facebook.com/groups/landhomechiangmai/posts/4556547847906158/
อื่นๆ,9.5ล้าน,แม่โจ้,"200วา, 380ตรม -",82/100,https://www.facebook.com/groups/landhomechiangmai/posts/4556540844573525/
ที่ดิน,"วาละ 9,000.- รวมค่าโอนแล้ว","หน้าม.แม่โจ้เชียงใหม่, ใกล้ตลาด-รพ.-เทศบาล, ชุมชน, ใกล้มหาวิทยาลัย",1-3-61 ไร่ -,87/100,https://www.facebook.com/groups/landhomechiangmai/posts/4556539724573637/
บ้านเดี่ยว,"ราคาเริ่มต้นที่ 2,290,000 - 3,050,000 ล้านบาท","บ้านวัดเมืองขอน, ป่าไผ่, หมู่ที่ 1, เชียงใหม่ 50210, ประเทศไทย",58.6 - 112.2 ตรว. 3 นอน 2 น้ำ,66/100,https://www.facebook.com/groups/landhomechiangmai/posts/4556537221240554/
บ้านเดี่ยว,ราคา 3.2X ลบ.,"หางดง, สันผักหวาน, ติดวงแหวนรอบ 3 แยกกองทราย แยกสะเมิง ติดกับเทศบาลสันผักหวาน สนามบิน 12 km",ที่ดิน 38.10 ตร.วา. พื้นที่ใช้สอย 155 ตร.ม. 3 นอน 3 น้ำ,82/100,https://www.facebook.com/groups/landhomechiangmai/posts/4556531147907828/
บ้านเดี่ยว,1.99 ล้านบาท,ต.สันทรายหลวง อ.สันทราย จ.เชียงใหม่,43 ตร.ว 3 นอน 2 น้ำ,53/100,https://www.facebook.com/groups/landhomechiangmai/posts/4556225841271692/
คอนโด,ราคาเริ่มต้น 1.99 ลบ.,ตำบลท่าศาลา อำเภอเมือง เชียงใหม่,27-62 ตร.ม. -,69/100,https://www.facebook.com/groups/landhomechiangmai/posts/4556207814606828/
ที่ดินเปล่า,ราคาขาย 160 ล้านบาท,ต.ดอยหล่อ อ.ดอยหล่อ จ.เชียงใหม่,368-3-14.6 ไร่ -,82/100,https://www.facebook.com/groups/landhomechiangmai/posts/4556134407947502/
ที่ดินเปล่า,610 ล้านบาท,ต.สันผีเสื้อ อ.เมืองเชียงใหม่ ติดถ.วงแหวนรอบ 3,60-3-68 ไร่ -,82/100,https://www.facebook.com/groups/landhomechiangmai/posts/4556122124615397/
ที่ดิน,55 ล้านบาท,ต.น้ำแพร่ อ.หางดง จ.เชียงใหม่,2-1-26 ไร่ -,82/100,https://www.facebook.com/groups/landhomechiangmai/posts/4556121697948773/
ที่ดินเปล่า,27 ล้านบาท,หน้าวัดอุโมงค์ ต.สุเทพ อ.เมืองเชียงใหม่ จ.เชียงใหม่,1-0-13 ไร่ -,53/100,https://www.facebook.com/groups/landhomechiangmai/posts/4556100554617554/
โรงแรม,150 ล้านบาท,ถนนกำแพงดิน ต.ช้างม่อย อ.เมืองเชียงใหม่ จ.เชียงใหม่,161 ตารางวา 48 นอน None น้ำ,82/100,https://www.facebook.com/groups/landhomechiangmai/posts/4556099844617625/
บ้านเดี่ยว,1.55 ล้านบาท,ซอยไวไว บ้านศรีบุญเรือง ต.ป่าไผ่ อ.สันทราย จ.เชียงใหม่,29.60 ตารางวา 2 นอน 2 น้ำ,47/100,https://www.facebook.com/groups/landhomechiangmai/posts/4556089141285362/
บ้านเดี่ยว,1.3 ล้านบาท,"บ้านม.9 บ้านหลักชัย ต.สันนาเม็ง, เทศบาลนครเชียงใหม่, จังหวัดเชียงใหม่ 50210",24 ตารางวา 2 นอน 1 น้ำ,53/100,https://www.facebook.com/groups/landhomechiangmai/posts/4556052171289059/
ทาวน์โฮม,"ราคาเพียง 1,790,000 ล้านบาท",หมู่บ้าน รุ่งเรือง ต. สันผีเสื้อ อ. เมืองเชียงใหม่,110ตรม. 3 นอน 2 น้ำ,75/100,https://www.facebook.com/groups/landhomechiangmai/posts/4556035331290743/
บ้านเดี่ยว,2.79 ล้านบาท,"บ้านสารภี, เทศบาลนครเชียงใหม่, จังหวัดเชียงใหม่ 50140",53 ตารางวา 4 นอน 3 น้ำ,47/100,https://www.facebook.com/groups/landhomechiangmai/posts/4556031107957832/
บ้านเดี่ยว,1.39 ล้านบาท,"บ้านม.นอร์ท เชียงใหม่, เทศบาลนครเชียงใหม่, จังหวัดเชียงใหม่ 50230",32 ตารางวา 1 นอน 1 น้ำ,82/100,https://www.facebook.com/groups/landhomechiangmai/posts/4556027904624819/
บ้านเดี่ยว,1.99 ล้านบาท,"ต.ป่าไผ่, อ.สันทราย, จ.เชียงใหม่",65 ตารางวา 3 นอน 2 น้ำ,47/100,https://www.facebook.com/groups/landhomechiangmai/posts/4556025717958371/
ที่ดินเปล่า,"ราคา ตร.ว.ละ 6,800 บาท",ต.สันนาเม็ง อ.สันทราย จ.เชียงใหม่,15-2-74.1 ไร่ -,82/100,https://www.facebook.com/groups/landhomechiangmai/posts/4556021604625449/
ที่ดิน,"ราคาขาย 850,000.- บาท","บ้านบ้านหนองก้นครุ, หนองแหย่ง, หมู่ที่ 4, เชียงใหม่ 50210, ประเทศไทย",100 ตารางวา -,47/100,https://www.facebook.com/groups/landhomechiangmai/posts/4556021161292160/
ที่ดิน,"ราคาขาย 1,550,000.- บาท","บ้านยางพระธาตุ ซอย 1, สันปูเลย, หมู่ที่ 11, เชียงใหม่ 50220, ประเทศไทย",97.30 ตารางวา -,53/100,https://www.facebook.com/groups/landhomechiangmai/posts/4556020984625511/
บ้านเดี่ยว,13 ล้านบาท,"ถนน โชตนา, ดอนแก้ว, หมู่ที่ 5, เชียงใหม่ 50180, ประเทศไทย",2 ไร่ 2 งาน 15 ตารางวา 5 นอน 6 น้ำ,82/100,https://www.facebook.com/groups/landhomechiangmai/posts/4555998021294474/
บ้านเดี่ยว,1.99 ล้านบาท,ต.เชิงดอย อ.ดอยสะเก็ด,120 ตรม. 2 นอน 2 น้ำ,49/100,https://www.facebook.com/groups/landhomechiangmai/posts/4555996474627962/
ที่ดิน,2.3 ล้านบาท,"บ้านป้อมตํารวจบ้านยวม, ป่าบง, สารภี, เชียงใหม่ 50140, ประเทศไทย",178.80 ตารางวา -,53/100,https://www.facebook.com/groups/landhomechiangmai/posts/4556016367959306/
บ้านเดี่ยว,5.19 ล้านบาท,ตำบลสันปูเลย อำเภอดอยสะเก็ด เทศบาลนครเชียงใหม่ จังหวัดเชียงใหม่ 50220,121.30 ตารางวา 3 นอน 3 น้ำ,47/100,https://www.facebook.com/groups/landhomechiangmai/posts/4556010751293201/
ที่ดิน,3.4 ล้านบาท,"บ้านบ้านปางแฟน, 118, ป่าเมี่ยง, ดอยสะเก็ด, เชียงใหม่ 50220, ประเทศไทย",1 ไร่ 2 งาน 3 ตารางวา -,53/100,https://www.facebook.com/groups/landhomechiangmai/posts/4555996044628005/
บ้านเดี่ยว,ราคาเพียง 1.25 ล้านบาท,"ทุ่งข้าวตอก, หนองแหย่ง, สันทราย, เชียงใหม่ 50210, ประเทศไทย",178 ตารางวา 2 นอน 1 น้ำ,82/100,https://www.facebook.com/groups/landhomechiangmai/posts/4555989321295344/
ที่ดินเปล่า,"ตารางวาละ 2,200.- บาท เท่านั้น !!","บ้านดอยหล่อ, เทศบาลนครเชียงใหม่, จังหวัดเชียงใหม่ 50160",3 แปลง None นอน 0 น้ำ,82/100,https://www.facebook.com/groups/landhomechiangmai/posts/4555985774629032/
ที่ดินเปล่า,"ราคาเพียงตารางวาละ 15,000.- บาท","บ้านสันทุ่งใหม่ ซอย 1, สันปูเลย, หมู่ที่ 11, เชียงใหม่ 50220, ประเทศไทย",4 แปลง None นอน 0 น้ำ,82/100,https://www.facebook.com/groups/landhomechiangmai/posts/4555985351295741/
ทาวน์โฮม,ราคาเพียง 1.89 ล้านบาท,"ทาวน์เฮาส์บ้านท่ารั้ว, ทางหลวงชนบท ชม. 3013, สันปูเลย, ดอยสะเก็ด, เชียงใหม่ 50220, ประเทศไทย",20 ตารางวา กว้าง 4.5 เมตร ลึก 12 เมตร 2 นอน 3 น้ำ,70/100,https://www.facebook.com/groups/landhomechiangmai/posts/4555983464629263/
ที่ดิน,200 ล้านบาท,"บ้านซุปเปอร์ไฮเวย์, ฟ้าฮ่าม, เชียงใหม่, เชียงใหม่ 50000, ประเทศไทย",4 ไร่ 9 ตารางวา -,82/100,https://www.facebook.com/groups/landhomechiangmai/posts/4555982584629351/
บ้านเดี่ยว,ราคาเพียง 7 ล้านบาท,"บ้านโชตนา ซอย 22 ก, ช้างเผือก, หมู่ที่ 3, เชียงใหม่ 50300, ประเทศไทย",220 ตารางเมตร 3 นอน 4 น้ำ,82/100,https://www.facebook.com/groups/landhomechiangmai/posts/4555981547962788/
ทาวน์โฮม,1.69 ล้านบาท,"ถนน เพชรริมปิง, ดอนแก้ว, หมู่ที่ 3, เชียงใหม่ 50180, ประเทศไทย",- 2 นอน 2 น้ำ,82/100,https://www.facebook.com/groups/landhomechiangmai/posts/4555978244629785/
ที่ดิน,3.2 ล้านบาท,"บ่อสร้าง ซอย 7, ต้นเปา, หมู่ที่ 3, เชียงใหม่ 50130, ประเทศไทย",204 ตารางวา None นอน 0 น้ำ,82/100,https://www.facebook.com/groups/landhomechiangmai/posts/4555971661297110/
ที่ดิน,ขาย 1.6 ล้าน,"บ้านท่าใหม่อิ ซอย 11, ป่าแดด, หมู่ที่ 5, เชียงใหม่ 50100, ประเทศไทย",แปลงละ 100 ตารางวา -,82/100,https://www.facebook.com/groups/landhomechiangmai/posts/4555967194630890/
ที่ดิน,ราคาขาย 8 แสนบาท,"บ้านโรงเรียนวชิราลัย, ยางเนิ้ง, สารภี, เชียงใหม่ 50140, ประเทศไทย",45 ตารางวา -,53/100,https://www.facebook.com/groups/landhomechiangmai/posts/4555962677964675/
ที่ดิน,"12,348,000.- บาท","อำเภอสันกำแพง, เทศบาลนครเชียงใหม่, จังหวัดเชียงใหม่ 50130",686 ตารางวา (1 ไร่ 3 งาน 66 ตารางวา) -,82/100,https://www.facebook.com/groups/landhomechiangmai/posts/4555960607964882/
บ้านเดี่ยว,1.85 ล้าน,ต.อุโมงค์ อ.เมือง ลำพูน,1 ไร่ 2 นอน 2 น้ำ,53/100,https://www.facebook.com/groups/landhomechiangmai/posts/4555956027965340/
ที่ดินพร้อมบ้าน,"900,000 บ.",บ้านพระธาตุ ต.แม่แฝก อ.สันทราย จ.เชียงใหม่,187 ตรว. -,87/100,https://www.facebook.com/groups/landhomechiangmai/posts/4555951907965752/
บ้านเดี่ยว,1.49 ลบ.,"บ้านหนองหนาม, ใกล้ CP-ALL, ลำพูน",72 ตร.ว. 3 นอน 2 น้ำ,53/100,https://www.facebook.com/groups/landhomechiangmai/posts/4555906557970287/
บ้านเดี่ยว,ราคาเพียง 4.59 ล้านบาท,"ท่ารั้ว ตลาดขวัญ หลัง ปตท.บ่อหิน, เชียงใหม่",60 ตร.วา 4 นอน 3 น้ำ,70/100,https://www.facebook.com/groups/landhomechiangmai/posts/4555913567969586/
ที่ดิน,28.8 ล้าน b.,บ้านหนองเขียด ต.หนองปลาสหวาย อ.บ้านโฮ่ง,90 ไร่ -,82/100,https://www.facebook.com/groups/landhomechiangmai/posts/4555908504636759/
ที่ดิน,"1,790,000บาทพร้อมค่าโอนครับ",บ้านปางบง ตำบลเทพเสด็จ อำเภอดอยสะเก็ด จังหวัดเชียงใหม่,151 ตารางวา -,87/100,https://www.facebook.com/groups/landhomechiangmai/posts/4555897531304523/
ที่ดิน,เพียง 21ล้าน b.,ซ.ชมจันทร์ ต.ป่าแดด อ.เมือง จ.เชียงใหม่,386.5 ตรว. -,82/100,https://www.facebook.com/groups/landhomechiangmai/posts/4555903444637265/
ที่ดิน,"ขายไร่ละ 350,000 บาท",ต.ป่าสัก อำเภอเมืองลำพูน จังหวัดลำพูน,2 ไร่ 2 งาน 74 ตารางวา -,53/100,https://www.facebook.com/groups/landhomechiangmai/posts/4555898374637772/
บ้านเดี่ยว,-,บ้านใกล้เครือสหพัฒน์ ใกล้ตลาดจตุจักรลำพูน,70 ตารางวา 3 นอน 2 น้ำ,82/100,https://www.facebook.com/groups/landhomechiangmai/posts/4555891921305084/
บ้านเดี่ยว,5.5ล.,เชียงใหม่,2 ไร่ 6 นอน None น้ำ,87/100,https://www.facebook.com/groups/landhomechiangmai/posts/4555884257972517/
บ้านเดี่ยว,4 ล้าน,ติดถนน4เลน,2 ไร่ 2 งาน -,82/100,https://www.facebook.com/groups/landhomechiangmai/posts/4555883934639216/
บ้านเดี่ยว,1.89 ล.,ประตูโขง ลำพูน,- 2 นอน 2 น้ำ,82/100,https://www.facebook.com/groups/landhomechiangmai/posts/4555877831306493/
บ้านเดี่ยว,1.95 ล้านบาท,"สันทราย, เชียงใหม่",58.4 ตรว. 3 นอน 2 น้ำ,47/100,https://www.facebook.com/groups/landhomechiangmai/posts/4555867511307525/
ที่ดิน,ขาย 95 ล้านบาท,เทศบาลนครเชียงใหม่ อำเภอเมืองเชียงใหม่ เชียงใหม่,8-1-85.1 ไร่ -,82/100,https://www.facebook.com/groups/landhomechiangmai/posts/4555864664641143/
บ้านเดี่ยว,ราคาเริ่มต้น 1.99 ล้านบาท,"สันทราย, เชียงใหม่",52.9 ตรว. พื้นที่ใช้สอย 120 ตรม. 3 นอน 2 น้ำ,66/100,https://www.facebook.com/groups/landhomechiangmai/posts/4555847097976233/
ที่ดิน,"6,400,000 บาท",เชียงใหม่,220 ตารางวา -,66/100,https://www.facebook.com/groups/landhomechiangmai/posts/4555838631310413/
คอนโด,"ขายเพียง 1,690,000 บาท เท่านั้น",เชียงใหม่,26.20 ตรม -,66/100,https://www.facebook.com/groups/landhomechiangmai/posts/4555835844644025/
ทาวน์โฮม,ราคาเริ่มต้น 3.85 ล้าน*,"หางดง, เชียงใหม่",135 ตรม. 3 นอน 3 น้ำ,66/100,https://www.facebook.com/groups/landhomechiangmai/posts/4555833604644249/
คอนโด,"ราคาเพียง 845,000 บาท (พิเศษ! โอนภายใน 8 เม.ย. 2568 ฟรีค่าโอน! )",เชียงใหม่,34.16 ตร.ม. 2 นอน 1 น้ำ,66/100,https://www.facebook.com/groups/landhomechiangmai/posts/4555816384645971/
ที่ดินพร้อมบ้าน,"900,000 บ.",บ้านพระธาตุ ต.แม่แฝก อ.สันทราย จ.เชียงใหม่,187 ตรว. -,87/100,https://www.facebook.com/groups/landhomechiangmai/posts/4555789077982035/
บ้านเดี่ยว,"45,000,000 บาท","เชียงใหม่, โครงการสีวลี เลควิว – Serene Lake",165 ตร.วา 5 นอน 5 น้ำ,66/100,https://www.facebook.com/groups/landhomechiangmai/posts/4555780491316227/
บ้านเดี่ยว,#เริ่มเพียง 2.89 ลบ.,"สารภี, เชียงใหม่",ที่ดินเริ่มต้น 50 ตรว. พื้นที่ใช้สอย 220 ตรม. 3 นอน 3 น้ำ,47/100,https://www.facebook.com/groups/landhomechiangmai/posts/4555764021317874/
ที่ดินพร้อมบ้าน,"900,000 บ.",บ้านพระธาตุ ต.แม่แฝก อ.สันทราย จ.เชียงใหม่,187 ตรว. -,87/100,https://www.facebook.com/groups/landhomechiangmai/posts/4555760251318251/
บ้านเดี่ยว,1.99 ล้านบาท,-,61.5 ตรว. 3 นอน 2 น้ำ,66/100,https://www.facebook.com/groups/landhomechiangmai/posts/4555757817985161/
บ้านเดี่ยว,1.6ล้านบาท,เทศบาลป่าป้อง อ.ดอยสะเก็ด,51 ตร.ว. 2 นอน 2 น้ำ,53/100,https://www.facebook.com/groups/landhomechiangmai/posts/4555757331318543/
ที่ดิน,"ราคาเพียง 599,000 บาท/ แปลง","สันปูเลย, เทศบาลสันปูเลย, เชียงใหม่",- -,66/100,https://www.facebook.com/groups/landhomechiangmai/posts/4555755954652014/
บ้านเดี่ยว,1.89 ล้าน,"สันปูเลย, เชียงใหม่",40 ตารางวา 3 นอน 2 น้ำ,66/100,https://www.facebook.com/groups/landhomechiangmai/posts/4555754687985474/
ที่ดินเปล่า,"600,000 บาท และ 500,000 บาท",บ้านพญาชมภู ซอย 17 ชมภู สารภี,65 วา และ 50 วา -,82/100,https://www.facebook.com/groups/landhomechiangmai/posts/4555751014652508/
บ้านเดี่ยว,"2,000,000 ล้านบาท",บ้าน ท่ามะโอ ทต. ขัวมุง อ.สารภี เชียงใหม่,1 ไร่ 1 งาน 65 ตรว -,82/100,https://www.facebook.com/groups/landhomechiangmai/posts/4555748777986065/
บ้านเดี่ยว,1.69 ล้านบาท,"ถนน วงแหวนรอบนอก, สันปูเลย, หมู่ที่ 9, เชียงใหม่ 50220, ประเทศไทย",49.3 ตารางวา 3 นอน 2 น้ำ,53/100,https://www.facebook.com/groups/landhomechiangmai/posts/4555747101319566/
บ้านเดี่ยว,4.7ล้านบาท,"ถนน วงแหวนรอบนอก, สันปูเลย, หมู่ที่ 9, เชียงใหม่ 50220, ประเทศไทย",95 ตารางวา 3 นอน 3 น้ำ,47/100,https://www.facebook.com/groups/landhomechiangmai/posts/4555742567986686/
บ้านเดี่ยว,4.7ล้านบาท,"ถนน วงแหวนรอบนอก, สันปูเลย, หมู่ที่ 9, เชียงใหม่ 50220, ประเทศไทย",95 ตารางวา 3 นอน 3 น้ำ,47/100,https://www.facebook.com/groups/landhomechiangmai/posts/4555740847986858/
ที่ดิน,"ราคาเพียง 1,200,000 บาท",ต.ห้วยทราย อ.แม่ริม จ.เชียงใหม่,230 ตารางวา -,53/100,https://www.facebook.com/groups/landhomechiangmai/posts/4555740751320201/
บ้านเดี่ยว,4.7ล้านบาท,"ถนน วงแหวนรอบนอก, สันปูเลย, หมู่ที่ 9, เชียงใหม่ 50220, ประเทศไทย",95 ตารางวา 3 นอน 3 น้ำ,47/100,https://www.facebook.com/groups/landhomechiangmai/posts/4555738027987140/
หอพัก,9.99 ล้านบาท,แม่โจ้,538 ตารางเมตร 18 นอน 18 น้ำ,66/100,https://www.facebook.com/groups/landhomechiangmai/posts/4555734594654150/
บ้านเดี่ยว,4.7ล้านบาท,"ถนน วงแหวนรอบนอก, สันปูเลย, หมู่ที่ 9, เชียงใหม่ 50220, ประเทศไทย",95 ตารางวา 3 นอน 3 น้ำ,47/100,https://www.facebook.com/groups/landhomechiangmai/posts/4555732354654374/
บ้านเดี่ยว,4.9 ล้าน,"ต.สุเทพ อ.เมือง, เทศบาลนครเชียงใหม่, จังหวัดเชียงใหม่ 50200","พื้นที่ดิน 107 ตารางวา, พื้นที่ใช้สอย 203 ตารางเมตร 3 นอน 3 น้ำ",82/100,https://www.facebook.com/groups/landhomechiangmai/posts/4555730974654512/
บ้านเดี่ยว,ราคาเริ่มต้น 2.5 ล้านน้ำไม่ท่วม1000%,ข้างเทศบาลสันผักหวาน โซนยอดฮิต วงแหวนรอบ3,49-82 ตารางวา 3 นอน 2 น้ำ,49/100,https://www.facebook.com/groups/landhomechiangmai/posts/4555730014654608/
บ้านเดี่ยว,"4,800,000 บาท",ต.หนองผึ้ง อ.สารภี แยกกองทราย ที่ดิน 2งาน 44 ตรว.,600 ตรม 5 นอน 3 น้ำ,82/100,https://www.facebook.com/groups/landhomechiangmai/posts/4555728781321398/
บ้านเดี่ยว,4.9 ล้าน,"เทศบาลนครเชียงใหม่, จังหวัดเชียงใหม่ 50200, บ้านช่างทอง ต.สุเทพ เมือง เชียงใหม่",107 ตารางวา / 203 ตารางเมตร 3 นอน 3 น้ำ,82/100,https://www.facebook.com/groups/landhomechiangmai/posts/4555726547988288/
บ้านเดี่ยว,"4,000,000 ล้านบาท","หนองหอย, อำเภอเมือง, เชียงใหม่",86 ตารางวา 2 นอน 2 น้ำ,82/100,https://www.facebook.com/groups/landhomechiangmai/posts/4555723894655220/
บ้านเดี่ยว,"2,850,000 ล้าน",ต้นเปา สันกำแพง ใกล้แยกกาดเจริญ เจริญ,85 ตรว 4 นอน 2 น้ำ,53/100,https://www.facebook.com/groups/landhomechiangmai/posts/4555722917988651/
บ้านเดี่ยว,ราคา 2.19ลบ.,คอกหมูป่า ต.สันนาเม็ง อ.สันทราย จ.เชียงใหม่,120 ตรม. (รวมโรงรถ) 3 นอน 2 น้ำ,66/100,https://www.facebook.com/groups/landhomechiangmai/posts/4555715831322693/
ที่ดิน,"2,800,000 ล้านบาท",ย่านหลังสนามกีฬาเทศบาลเชียงใหม่ ใกล้ห้างโลตัสคำเที่ยง ใกล้วิทยาลัยราชภัฏเชียงใหม่,55 ตรว -,82/100,https://www.facebook.com/groups/landhomechiangmai/posts/4555711544656455/
ที่ดินเปล่า,"ราคาเริ่มต้นที่ 1,790,000 บาท",หมู่บ้านคัทลียา หนองจ๊อม สันทราย เชียงใหม่,61.2 - 66.2 ตารางวา -,53/100,https://www.facebook.com/groups/landhomechiangmai/posts/4555709351323341/
คอนโด,2.79 ล้านบาท,"สุเทพ, เชียงใหม่",39 ตร.ม. 1 นอน 1 น้ำ,66/100,https://www.facebook.com/groups/landhomechiangmai/posts/4555704914657118/
บ้านเดี่ยว,"ราคาขาย 1,700,000 ล้านบาท","ตำบลดอนแก้ว, อำเภอสารภี, เชียงใหม่",100 ตรว. 2 นอน 1 น้ำ,49/100,https://www.facebook.com/groups/landhomechiangmai/posts/4555704161323860/
อื่นๆ,"ราคาเพียง 199,000 บาท",ตรงข้ามศูนย์โตโยต้า สาขาสันป่าตอง อ.สันป่าตอง จ.เชียงใหม่,- -,75/100,https://www.facebook.com/groups/landhomechiangmai/posts/4555703281323948/
ที่ดิน,"1,100,000",อ.หางดง จ.เชียงใหม่,100 ตรว. -,53/100,https://www.facebook.com/groups/landhomechiangmai/posts/4555697377991205/
บ้านเดี่ยว,"ราคาบ้าน 2,900,0000 ล้าน","ตำบลดอนแก้ว, อำเภอสารภี, เชียงใหม่",120 ตารางวา 5 นอน 4 น้ำ,82/100,https://www.facebook.com/groups/landhomechiangmai/posts/4555697074657902/
ที่ดินเปล่า,"990,000 แสน บาท",ในหมู่บ้าน เอ็มเอส วิลเลท หนองผึ้ง สารภี,68 ตรว -,82/100,https://www.facebook.com/groups/landhomechiangmai/posts/4555693441324932/
บ้านเดี่ยว,"6,500,000 ล้าน",บ้านสันศรี ต. สันพระเนตร อ. สันทราย จ. เชียงใหม่,298 ตรว -,82/100,https://www.facebook.com/groups/landhomechiangmai/posts/4555693274658282/
อาคารพาณิชย์,12 ล้านบาท,ติดถนน ทางเข้าไปศูนย์หัถกรรมบ้านถวาย หางดง,71 ตรว. 5 นอน 4 น้ำ,82/100,https://www.facebook.com/groups/landhomechiangmai/posts/4555687177992225/
ที่ดิน,1.59 ล้านต.,แม่ก๊า อ.สันป่าตอง จ.เชียงใหม่,5-1-34 ไร่ -,82/100,https://www.facebook.com/groups/landhomechiangmai/posts/4555692531325023/
ที่ดิน,"3,900,000 บาท",ต.ป่าตัน อ.เมือง เชียงใหม่ (อยู่หลังแบงก์ชาติ เชียงใหม่),106.8 ตรว. -,82/100,https://www.facebook.com/groups/landhomechiangmai/posts/4555691461325130/
ที่ดิน,"วาละ 22,000 บาท",หมู่บ้าน เชียงทอง ติดสนามบิน ทต สุเทพ,942 วา -,82/100,https://www.facebook.com/groups/landhomechiangmai/posts/4555688594658750/
ที่ดิน,"3,800,000 ล้าน(ตรว ละ 25,000 บาท)",อำเภอเมืองเชียงใหม่ จังหวัดเชียงใหม่,1 งาน 52 ตรว -,82/100,https://www.facebook.com/groups/landhomechiangmai/posts/4555686027992340/
บ้านเดี่ยว,"1,600,000 ล้าน",เลขที่ 203 หมู่5 ต.ดอนแก้ว อ.สารภี เชียงใหม่,75 ตร.วา 2 นอน 2 น้ำ,82/100,https://www.facebook.com/groups/landhomechiangmai/posts/4555684397992503/
บ้านเดี่ยว,"3,900,000 ล้านบาท",หางดง เชียงใหม่,200 ตรว. พื้นที่ใช้สอย 400 ตรม. 5 นอน 5 น้ำ,82/100,https://www.facebook.com/groups/landhomechiangmai/posts/4555683761325900/
บ้านเดี่ยว,"1,790,000 ล้านบาท","เขต สันป่าเปา, สันทราย",48 ตารางวา 3 นอน 2 น้ำ,53/100,https://www.facebook.com/groups/landhomechiangmai/posts/4555675461326730/
ที่ดิน,"เริ่มต้นเพียง 450,000 บาท","บ้านเชียงราย ประเทศไทย, จังหวัดเชียงราย",75 ตารางวา -,49/100,https://www.facebook.com/groups/landhomechiangmai/posts/4555674871326789/
บ้านเดี่ยว,6.5ลบ,ต.เมืองเล็น อ.สันทราย จ.เชียงใหม่,1 ไร่ 2 งาน 36 ตารางวา -,82/100,https://www.facebook.com/groups/landhomechiangmai/posts/4555643467996596/
บ้านเดี่ยว,2.39 ล้านบาท," Amphoe San Sai, Chiang Mai",51 ตารางวา 3 นอน 2 น้ำ,49/100,https://www.facebook.com/groups/landhomechiangmai/posts/4555638631330413/
ที่ดิน,"1,500,000","ตำบล ทุ่งปี๊, อำเภอ แม่วาง, จังหวัด เชียงใหม่",5ไร่2งาน86ตารางวา -,85/100,https://www.facebook.com/groups/landhomechiangmai/posts/4555630447997898/
บ้านเดี่ยว,ราคา 2.15ล้าน บาท,หมู่ 3 ต.ตลาดขวัญ อ.ดอยสะเก็ด จ.เชียงใหม่,50 ตารางวา 3 นอน 2 น้ำ,49/100,https://www.facebook.com/groups/landhomechiangmai/posts/4555625651331711/
บ้านเดี่ยว,1100000 บาท,บ้านกอเปา ต.ป่าสัก อ.เมือง จ.ลำพูน,35 ตารางวา 2 นอน 1 น้ำ,53/100,https://www.facebook.com/groups/landhomechiangmai/posts/4555624667998476/
บ้านเดี่ยว,2.09ล้าน,ท่ารั้ว-สันปูเลย,50ตารางวา 3 นอน 2 น้ำ,66/100,https://www.facebook.com/groups/landhomechiangmai/posts/4555622961331980/
บ้านเดี่ยว,ราคาสามารถคุยกันได้,-,127 ตารางวา 3 นอน 3 น้ำ,82/100,https://www.facebook.com/groups/landhomechiangmai/posts/4555616231332653/
บ้านเดี่ยว,2.05 ล้านบาท,ตำบลขัวมุง อำเภอสารภี จังหวัดเชียงใหม่,50–59 ตร.วา 3 นอน 2 น้ำ,49/100,https://www.facebook.com/groups/landhomechiangmai/posts/4555615044666105/
บ้านเดี่ยว,4.9 ล้าน,"บ้านสุเทพ, สุเทพ, หมู่ที่ 14, เชียงใหม่ 50200, ประเทศไทย",107 ตารางวา / 203 ตารางเมตร 3 นอน 3 น้ำ,82/100,https://www.facebook.com/groups/landhomechiangmai/posts/4555611971333079/
ที่ดิน,"1,500,000.-บาท",ต.แม่แฝก อ.สันทราย จ.เชียงใหม่,1 ไร่ 92 ตรว. -,53/100,https://www.facebook.com/groups/landhomechiangmai/posts/4555611197999823/
บ้านเดี่ยว,4.9 ล้าน,"เทศบาลนครเชียงใหม่, จังหวัดเชียงใหม่ 50300, บ้านช่างทอง ต.สุเทพ เมือง เชียงใหม่",107 ตารางวา / 203 ตารางเมตร 3 นอน 3 น้ำ,82/100,https://www.facebook.com/groups/landhomechiangmai/posts/4555609511333325/
ที่ดิน,ขาย5แสนพร้อมโอนให้ค่ะ,ตำบล ยาง คราม อำเภอ ดอยหล่อ จังหวัด เชียงใหม่,110 ตารางวา 1 นอน 1 น้ำ,85/100,https://www.facebook.com/groups/landhomechiangmai/posts/4555605494667060/
บ้านเดี่ยว,-,"หมู่ 2 สันนาเม็ง สันทราย เชียงใหม่, บ้านไนน์ตี้ไนน์ อเวนิว (99 Avenue)",85.6 ตารางวา 2 นอน 2 น้ำ,49/100,https://www.facebook.com/groups/landhomechiangmai/posts/4555598604667749/
ที่ดิน,"600,000",อำเภอสันป่าตอง จังหวัดเชียงใหม่,80 ตารางวา -,79/100,https://www.facebook.com/groups/landhomechiangmai/posts/4555579621336314/
บ้านเดี่ยว,"1,390,000 บาท",ต.ริมเหนือ อ.แม่ริม จ.เชียงใหม่,54 ตารางวา 2 นอน 2 น้ำ,47/100,https://www.facebook.com/groups/landhomechiangmai/posts/4555586624668947/
ทาวน์โฮม,"3,600,000",ตำบลฟ้าฮ่าม อำเภอเมืองเชียงใหม่ เชียงใหม่,150 ตารางเมตร 3 นอน 4 น้ำ,75/100,https://www.facebook.com/groups/landhomechiangmai/posts/4555567504670859/
บ้านเดี่ยว,"3,490,000(ฟรีโอน)","San Kamphaeng, Chiang Mai 50130",50 ตรว. 4 นอน 3 น้ำ,66/100,https://www.facebook.com/groups/landhomechiangmai/posts/4555548411339435/
บ้านเดี่ยว,2.59 ล้านบาท," Amphoe San Sai, Chiang Mai, ต.สันป่าเปา, อ.สันทราย",120 ตารางวา 3 นอน 2 น้ำ,82/100,https://www.facebook.com/groups/landhomechiangmai/posts/4555547634672846/
บ้านเดี่ยว,เหลือเพียง2.8ล้าน,"หนองผึ้ง, อำเภอสารภี, จังหวัดเชียงใหม่",100 ตรว 2 นอน 2 น้ำ,47/100,https://www.facebook.com/groups/landhomechiangmai/posts/4555537668007176/
บ้านเดี่ยว,เหลือเพียง2.8ล้าน,"หนองผึ้ง, อำเภอสารภี, เชียงใหม่",100 ตรว 2 นอน 2 น้ำ,47/100,https://www.facebook.com/groups/landhomechiangmai/posts/4555534861340790/
คอนโด,ราคาเพียง 2.79 ล้านบาท,เชียงใหม่,48 ตร.ม. 2 นอน 1 น้ำ,66/100,https://www.facebook.com/groups/landhomechiangmai/posts/4555529958007947/
ทาวน์โฮม,"ราคาเพียง 1,790,000 ล้านบาท !",หมู่บ้าน รุ่งเรือง ต. สันผีเสื้อ อ. เมืองเชียงใหม่,110ตรม. 3 นอน 2 น้ำ,82/100,https://www.facebook.com/groups/landhomechiangmai/posts/4555528858008057/
บ้านเดี่ยว,1.39 ล้านบาท,ต.ริมเหนือ อ.แม่ริม จ.เชียงใหม่,54 ตารางวา 2 นอน 2 น้ำ,53/100,https://www.facebook.com/groups/landhomechiangmai/posts/4555526578008285/
บ้านเดี่ยว,22 ล้าน,หลังมอราชภัฏเชียงใหม่ ใกล้มหาลัยราชภัฏ ใกล้สนามกีฬา ใกล้ตลาดธานินทร์,53 ตารางวา 7 นอน 2 น้ำ,82/100,https://www.facebook.com/groups/landhomechiangmai/posts/4555526388008304/
บ้านเดี่ยว,1.39 ล้านบาท,ต.ริมเหนือ อ.แม่ริม จ.เชียงใหม่,54 ตารางวา 2 นอน 2 น้ำ,53/100,https://www.facebook.com/groups/landhomechiangmai/posts/4555525181341758/
คอนโด,"1,980,000 บาท","หลังมหาวิทยาลัยเชียงใหม่, ใกล้ มช., นิมมาน เมญ่า, สไตล์มินิมอล",33 ตรม. -,66/100,https://www.facebook.com/groups/landhomechiangmai/posts/4555523418008601/
บ้านเดี่ยว,ราคาเพียง 2.09 ล้านบาท,ขัวมุง สารภี เชียงใหม่,51 ตารางวา 3 นอน 2 น้ำ,66/100,https://www.facebook.com/groups/landhomechiangmai/posts/4555520794675530/
อาคารพาณิชย์/โกดัง,7.5 ล้านบาท,หมู่บ้านร้องอ้อ ต.สันผีเสื้อ อ.เมือง จ.เชียงใหม่,162.3 ตารางวา 5 นอน 3 น้ำ,70/100,https://www.facebook.com/groups/landhomechiangmai/posts/4555520261342250/
คอนโด,2.59 MB,"เวียงพิงค์ แมนชั่น, ติดห้าง MAYA, ถนนนิมมานเหมินทร์, เชียงใหม่",42.70 ตรม. 1 นอน 1 น้ำ,66/100,https://www.facebook.com/groups/landhomechiangmai/posts/4555516174675992/
บ้านเดี่ยว,เพียง 1.59 ลบ.,สันไร่ สันกำแพง,35-36 ตรว. 2 นอน 2 น้ำ,53/100,https://www.facebook.com/groups/landhomechiangmai/posts/4555514711342805/
บ้านเดี่ยว,2.59 ล้านบาท," Amphoe San Sai, Chiang Mai, ใกล้แยกหนองจ๊อม, พิกัดบ้านแพะป่าห้า, ใกล้กาญกนกทาวน์, ตลาดสดท่าเกวียน, เซเว่น",96.9 ตารางวา 2 นอน 2 น้ำ,53/100,https://www.facebook.com/groups/landhomechiangmai/posts/4555513848009558/
คอนโด,ราคาพิเศษเพียง 2.59 MB,"เวียงพิงค์ แมนชั่น, ติดห้าง MAYA, ถนนนิมมานเหมินทร์, เชียงใหม่",42.70 ตรม. 1 นอน 1 น้ำ,66/100,https://www.facebook.com/groups/landhomechiangmai/posts/4555512024676407/
บ้านเดี่ยว,2.59 ล้านบาท," Amphoe San Sai, Chiang Mai, ใกล้แยกหนองจ๊อม, พิกัดบ้านแพะป่าห้า, ใกล้กาญกนกทาวน์, ตลาดสดท่าเกวียน, เซเว่น",96.9 ตารางวา 2 นอน 2 น้ำ,53/100,https://www.facebook.com/groups/landhomechiangmai/posts/4555509621343314/
บ้านเดี่ยว,2.59 ล้านบาท," Amphoe San Sai, Chiang Mai, ใกล้แยกหนองจ๊อม, พิกัดบ้านแพะป่าห้า, ใกล้กาญกนกทาวน์, ตลาดสดท่าเกวียน, เซเว่น",96.9 ตารางวา 2 นอน 2 น้ำ,53/100,https://www.facebook.com/groups/landhomechiangmai/posts/4555507568010186/
บ้านเดี่ยว,2.3 ล้านบาท,สันทรายป่าไผ่ หมู่ 17 ตำบลป่าไผ่ อ.สันทราย,70 ตรว. 3 นอน 2 น้ำ,70/100,https://www.facebook.com/groups/landhomechiangmai/posts/4555507051343571/
บ้านเดี่ยว,1.35 ล้านบาท,ต.แม่ปูคา อ.สันกำแพง จ.เชียงใหม่,51 ตร.ว. 2 นอน 1 น้ำ,82/100,https://www.facebook.com/groups/landhomechiangmai/posts/4555497608011182/
บ้านเดี่ยว,2.19ล้านบาท," Amphoe San Sai, Chiang Mai, ต.สันนาเม็ง, อ.สันทราย, จ.เชียงใหม่",พื้นที่ดิน 50 ตารางวา พื้นที่ใช้สอย 120 ตารางเมตร 3 นอน 2 น้ำ,49/100,https://www.facebook.com/groups/landhomechiangmai/posts/4555492901344986/
บ้านเดี่ยว,2.19ล้านบาท," Amphoe San Sai, Chiang Mai, ต.สันนาเม็ง, อ.สันทราย, จ.เชียงใหม่",พื้นที่ดิน 50 ตารางวา พื้นที่ใช้สอย 120 ตารางเมตร 3 นอน 2 น้ำ,49/100,https://www.facebook.com/groups/landhomechiangmai/posts/4555492581345018/
บ้านเดี่ยว,2.19ล้านบาท," Amphoe San Sai, Chiang Mai, ต.สันนาเม็ง, อ.สันทราย, จ.เชียงใหม่",50 ตารางวา พื้นที่ใช้สอย 120 ตารางเมตร 3 นอน 2 น้ำ,49/100,https://www.facebook.com/groups/landhomechiangmai/posts/4555489448011998/
ทาวน์โฮม,"ราคา 2,100,000 ครับ",ย่านข่วงสิงห์ อ. เมือง จ. เชียงใหม่,- 4 นอน 2 น้ำ,82/100,https://www.facebook.com/groups/landhomechiangmai/posts/4555488424678767/
บ้านเดี่ยว,"ราคาเพียง 3,490,000 บาท",อรสิริน 3 เชียงใหม่,70 ตร.ว.พื้นที่ใช้สอย 250 ตรม. 3 นอน 3 น้ำ,70/100,https://www.facebook.com/groups/landhomechiangmai/posts/4555485138012429/
บ้านเดี่ยว,ราคาเพียง 2.89 ล้านบาท,โครงการกาญจน์กนก 2 ท่ารั้ว เชียงใหม่,72 ตร.วา 3 นอน 2 น้ำ,70/100,https://www.facebook.com/groups/landhomechiangmai/posts/4555478511346425/
บ้านเดี่ยว,2.45 ล้านบาท,หมู่บ้าน วรโชติ เชียงใหม่ โซนหลังเทศบาลสันปูเลย - ท่ารั้ว,55 ตรว 3 นอน 2 น้ำ,70/100,https://www.facebook.com/groups/landhomechiangmai/posts/4555472848013658/
บ้านเดี่ยว,ราคา 8.5 ล้านบาท,โซนสุเทพ – โครงการชญยลวิว เชียงใหม่,พื้นที่ดิน 65 ตรว. พื้นที่ใช้สอยประมาณ 270 ตร.ม. 5 นอน 4 น้ำ,49/100,https://www.facebook.com/groups/landhomechiangmai/posts/4555468331347443/
บ้านเดี่ยว,52.01 ล้านบาท - 69.90 ล้านบาท,ป่าแดด,254.90 - 503.70 ตารางวา 5 นอน 7 น้ำ,53/100,https://www.facebook.com/groups/landhomechiangmai/posts/4555457101348566/
ที่ดิน,"2,400,000 บาท",ต.แม่เหียะ อ.เมือง จ.เชียงใหม่,81 ตรว. -,53/100,https://www.facebook.com/groups/landhomechiangmai/posts/4555455768015366/
บ้านเดี่ยว,"ราคาเพียง 2,190,000 บาท","หางดง, ใกล้เทศบาลสันผักหวาน",100 กว่า ตรม. 3 นอน 2 น้ำ,66/100,https://www.facebook.com/groups/landhomechiangmai/posts/4555454328015510/
บ้านเดี่ยว,4 ล้าน,ติดถนน4เลน,2 ไร่ 2 งาน -,82/100,https://www.facebook.com/groups/landhomechiangmai/posts/4555445091349767/
บ้านเดี่ยว,1.89 ล.,ประตูโขง ลำพูน,- 2 นอน 2 น้ำ,82/100,https://www.facebook.com/groups/landhomechiangmai/posts/4555444324683177/
บ้านเดี่ยว,2.349 ล้านบาท,โครงการรุ่งเรืองเลตวิลล์ใกล้แยกหนองจ๊อม,54 ตร.ว. 4 นอน 2 น้ำ,49/100,https://www.facebook.com/groups/landhomechiangmai/posts/4555438054683804/
บ้านเดี่ยว,5.5ล.,-,2 ไร่ 6 นอน None น้ำ,87/100,https://www.facebook.com/groups/landhomechiangmai/posts/4555430548017888/
บ้านเดี่ยว,ราคาเพียง 5.9 ล้านบาทเท่านั้น,"อ.ดอยสะเก็ด, เทศบาลนครเชียงใหม่, จังหวัดเชียงใหม่ 50220",140 ตรว. 4 นอน 4 น้ำ,66/100,https://www.facebook.com/groups/landhomechiangmai/posts/4555429551351321/
Pool Villa,ราคา 8xxลบ,"แม่เหียะ, เมืองเชียงใหม่",95.4 ตารางวา 5 นอน 6 น้ำ,53/100,https://www.facebook.com/groups/landhomechiangmai/posts/4555428434684766/
บ้านเดี่ยว,"เพียง 3,290,000 บาท (ฟรีโอน)",หนองจ๊อม - สันทรายน้อย สันทราย 1 กม. จากโฮมโปรสันทราย 4 กม. จาก Meta mall5 กม. จากแยกแม่กวง ตลาดสันทราย6 กม. จากรร.ดาราวิทยาลัย รร. ปริ้นส์6 กม. จากรวมโชคมอลล์ โลตัสรวมโชค,พื้นที่ใช้สอย 220 ตร.ม. ที่ดิน 62 ตร.ว. 3 นอน 3 น้ำ,47/100,https://www.facebook.com/groups/landhomechiangmai/posts/4555418054685804/
บ้านเดี่ยว,-,ใกล้เครือสหพัฒน์ ใกล้ตลาดจตุจักรคลำพูน,70 ตารางวา 3 นอน 2 น้ำ,82/100,https://www.facebook.com/groups/landhomechiangmai/posts/4555412228019720/
ที่ดิน,"ตรว.ล่ะ7,900บ.",บ้านป่าเหมือด ต.สำราญราษฎร์ อ.ดอยสะเก็ด จ.เชียงใหม่,55-70-100-126 ตารางวา -,53/100,https://www.facebook.com/groups/landhomechiangmai/posts/4555406938020249/
บ้านเดี่ยว,4.99 ล้าน,"แม่เหียะ, อ.เมืองเชียงใหม่, ใกล้สนามบินเชียงใหม่ 4 กม., โรงเรียนสารสาสน์วิเทศล้านนา 1 กม., ถนนใหญ่สาย 108 เพียง 1 กม.",55 ตร.วา พื้นที่ใช้สอย 230 ตร.ม. 4 นอน 5 น้ำ,66/100,https://www.facebook.com/groups/landhomechiangmai/posts/4555400204687589/
ที่ดิน,"6ไร่ๆละ490,000 บาท",แม่แตง เชียงใหม่,6 ไร่ -,82/100,https://www.facebook.com/groups/landhomechiangmai/posts/4555398501354426/
บ้านเดี่ยว,-,สันทราย ต.สันพระเนตร หมู่1,298 ตารางวา 3 นอน 2 น้ำ,82/100,https://www.facebook.com/groups/landhomechiangmai/posts/4555358861358390/
ที่ดิน,"5,750/ตรว.","บวกค้าง, สันกำแพง, เชียงใหม่",1 ไร่ -,66/100,https://www.facebook.com/groups/landhomechiangmai/posts/4555349688025974/
ที่ดิน,"220,000และ200,000","ใกล้แม่กำปอง, ใกล้สถานีตำรวจและที่ว่าการอำเภอแม่ออน, ใกล้ตลาดปั้มน้ำมันและ7/11",ล็อคละ100ตารางวา มี2ล็อค -,82/100,https://www.facebook.com/groups/landhomechiangmai/posts/4555345064693103/
บ้านเดี่ยว,2.7 ล้าน,ต.ป่าแดด อ.เมือง จ.เชียงใหม่,70 ตรว. 2 นอน 2 น้ำ,82/100,https://www.facebook.com/groups/landhomechiangmai/posts/4555363524691257/
บ้านเดี่ยว,"590,000 เท่านั้น!!",บ้านป่าไผ่ ตำบลแม่โป่ง อำเภอดอยสะเก็ด จังหวัดเชียงใหม่,77 ตารางวา 2 นอน 1 น้ำ,82/100,https://www.facebook.com/groups/landhomechiangmai/posts/4555360621358214/
บ้านเดี่ยว,เพียง 1.59 ลบ.,สันไร่ สันกำแพง,35-36 ตรว. 2 นอน 2 น้ำ,53/100,https://www.facebook.com/groups/landhomechiangmai/posts/4555341204693489/
บ้านเดี่ยว,"เพียง 3,290,000 บาท (ฟรีโอน)",หนองจ๊อม - สันทรายน้อย สันทราย 1 กม. จากโฮมโปรสันทราย 4 กม. จาก Meta mall 5 กม. จากแยกแม่กวง ตลาดสันทราย 6 กม. จากรร.ดาราวิทยาลัย รร. ปริ้นส์ 6 กม. จากรวมโชคมอลล์ โลตัสรวมโชค,พื้นที่ใช้สอย 220 ตร.ม. ที่ดิน 62 ตร.ว. 3 นอน 3 น้ำ,47/100,https://www.facebook.com/groups/landhomechiangmai/posts/4555340234693586/
ทาวน์โฮม,1.25 โอนฟรี,ตำบลหนองหอย อำเภอเมือง เชียงใหม่,21 ตรว. 2 นอน 1 น้ำ,53/100,https://www.facebook.com/groups/landhomechiangmai/posts/4555334908027452/
บ้านเดี่ยว,"2,650,000 บาท","บ้านบ้านหนองก้นครุ, หนองแหย่ง, หมู่ที่ 4, เชียงใหม่ 50210, ประเทศไทย",200 ตร.ว. 3 นอน 2 น้ำ,82/100,https://www.facebook.com/groups/landhomechiangmai/posts/4555184671375809/
บ้านเดี่ยว,-,ใกล้เครือสหพัฒน์ ใกล้ตลาดจตุจักรคลำพูน,70 ตารางวา 3 นอน 2 น้ำ,82/100,https://www.facebook.com/groups/landhomechiangmai/posts/4555163148044628/
ที่ดิน,7.7ล้านบาท,อ.ท่ายาง จ.เพชรบุรี,6ไร่1งาน80ตรว. -,82/100,https://www.facebook.com/groups/landhomechiangmai/posts/4555029118058031/
บ้านเดี่ยว,"6,500,000 บาท(ฟรีโอน)",เอ็ม เพอเร่อร์ 2 ติดถนนวงแหวนรอบ 2 หลังโลตัสรวมโชค,99.8 ตรว. 6 นอน 3 น้ำ,53/100,https://www.facebook.com/groups/landhomechiangmai/posts/4555017361392540/
ที่ดินเปล่า,"ขายยกแปลง 1,590,000 บาทเท่านั้น","ติดแม่น้ำปิง, เขตชุมชน, ใกล้ตลาด ร้านค้า รีสอร์ท",รวม 4 แปลง แปลงละ 0-1-14 ไร่ หรือ 0-1-79.1 ไร่ -,82/100,https://www.facebook.com/groups/landhomechiangmai/posts/4554993931394883/
ที่ดิน,"590,000 รวมโอน",ตำบลแม่ปูคา อำเภอสันกำแพง จังหวัดเชียงใหม่,106 ตรว. -,82/100,https://www.facebook.com/groups/landhomechiangmai/posts/4554966758064267/
บ้านเดี่ยว,1.69 ล้าน,"สันกำแพง, เชียงใหม่",120 ตรม. -,66/100,https://www.facebook.com/groups/landhomechiangmai/posts/4554943001399976/
ที่ดิน,8 แสนบาท,"บ้านโรงเรียนวชิราลัย, ยางเนิ้ง, สารภี, เชียงใหม่ 50140, ประเทศไทย",45 ตารางวา None นอน 0 น้ำ,53/100,https://www.facebook.com/groups/landhomechiangmai/posts/4554926124734997/
อื่นๆ,250 ล้าน,เชียงใหม่,500 ตารางวา -,70/100,https://www.facebook.com/groups/landhomechiangmai/posts/4554908804736729/
ที่ดิน,ขาย 1.6 ล้าน,"บ้านท่าใหม่อิ ซอย 11, ป่าแดด, หมู่ที่ 5, เชียงใหม่ 50100, ประเทศไทย",แปลงละ 100 ตารางวา -,82/100,https://www.facebook.com/groups/landhomechiangmai/posts/4554904248070518/
คอนโด,ราคาเพียง 1.09 ล้านบาท,ใจกลางเมือง ติดถนนซุปเปอร์ไฮเวย์ เชียงใหม่,32 ตร.ม. 1 นอน 1 น้ำ,66/100,https://www.facebook.com/groups/landhomechiangmai/posts/4554898518071091/
ที่ดิน,3.2 ล้านบาท,"บ่อสร้าง ซอย 7, ต้นเปา, หมู่ที่ 3, เชียงใหม่ 50130, ประเทศไทย",204 ตารางวา None นอน 0 น้ำ,82/100,https://www.facebook.com/groups/landhomechiangmai/posts/4554897201404556/
บ้านเดี่ยว,1.59 ลบ.,เชียงใหม่,32 ตารางวา 2 นอน 1 น้ำ,53/100,https://www.facebook.com/groups/landhomechiangmai/posts/4554896694737940/
ที่ดินเปล่า,"12,348,000.- บาท","อำเภอสันกำแพง, เทศบาลนครเชียงใหม่, จังหวัดเชียงใหม่ 50130",686 ตารางวา -,82/100,https://www.facebook.com/groups/landhomechiangmai/posts/4554896211404655/
ทาวน์โฮม,ราคาเริ่มต้น ปกติ 1.79 ล้านบาท จองวันนี้ ลดทันที 2 แสน #เหลือเพียง 1.59 ล้านบาท,"ตรงข้าม ปตท. บ่อหิน, ห่างจากถนนทางหลวงเพียง 50 เมตร, ใกล้เซนทรัลเฟสติวัล (10 นาที), ใกล้ตลาดสดบ่อหิน, ตลาดสันติสุข, โรงเรียน",พื้นที่ใช้สอย 84 ตรม. พื้นที่ดิน 18 - 27 ตรว. 2 นอน 2 น้ำ,66/100,https://www.facebook.com/groups/landhomechiangmai/posts/4554888248072118/
บ้านเดี่ยว,2.89 ล้าน,ห่างอรสิรินโครงการ 6 เพียง 300 เมตร ใกล้ตลาดท่ารั้ว,180 ตารางเมตร 4 นอน 3 น้ำ,47/100,https://www.facebook.com/groups/landhomechiangmai/posts/4554886401405636/
บ้านเดี่ยว,2.79 ล้านบาท,"บ้านสารภี, เทศบาลนครเชียงใหม่, จังหวัดเชียงใหม่ 50140",53 ตารางวา 4 นอน 3 น้ำ,47/100,https://www.facebook.com/groups/landhomechiangmai/posts/4554884588072484/
บ้านเดี่ยว,15.68 ล้านบาท,ตำบลสันผีเสื้อ อำเภอเมือง จังหวัดเชียงใหม่,142.5 ตรว. 4 นอน 5 น้ำ,66/100,https://www.facebook.com/groups/landhomechiangmai/posts/4554884518072491/
บ้านเดี่ยว,1.39 ล้านบาท,"บ้านม.นอร์ท เชียงใหม่, เทศบาลนครเชียงใหม่, จังหวัดเชียงใหม่ 50230",32 ตารางวา 1 นอน 1 น้ำ,82/100,https://www.facebook.com/groups/landhomechiangmai/posts/4554883331405943/
บ้านเดี่ยว,1.99 ล้านบาท,"ต.ป่าไผ่, อ.สันทราย, จ.เชียงใหม่",65 ตารางวา 3 นอน 2 น้ำ,47/100,https://www.facebook.com/groups/landhomechiangmai/posts/4554881618072781/
คอนโด,1.79 ล้าน,เชียงใหม่,38 ตรม. 1 นอน 1 น้ำ,66/100,https://www.facebook.com/groups/landhomechiangmai/posts/4554880198072923/
ที่ดิน,"ราคาขาย 1,550,000.- บาท","บ้านบ้านยางพระธาตุ, ทางหลวงชนบท ชม. 3019, สันปูเลย, หมู่ที่ 11, เชียงใหม่ 50220, ประเทศไทย",97.30 ตารางวา -,53/100,https://www.facebook.com/groups/landhomechiangmai/posts/4554876681406608/
บ้านเดี่ยว,"9,990,000 บาท (ต่อรองได้)",ถนนช้างม่อย เชียงใหม่,98 ตร.ว. -,82/100,https://www.facebook.com/groups/landhomechiangmai/posts/4554875758073367/
ที่ดิน,"ราคาขาย 850,000.- บาท","บ้านบ้านหนองก้นครุ, หนองแหย่ง, หมู่ที่ 4, เชียงใหม่ 50210, ประเทศไทย",100 ตารางวา -,47/100,https://www.facebook.com/groups/landhomechiangmai/posts/4554875578073385/
บ้านเดี่ยว,4.5 ลบ.,"อ.หางดง, เทศบาลนครเชียงใหม่, จังหวัดเชียงใหม่ 50230",60 ตารางวา 3 นอน 3 น้ำ,53/100,https://www.facebook.com/groups/landhomechiangmai/posts/4554875064740103/
ที่ดิน,2.3 ล้านบาท,"บ้านป้อมตํารวจบ้านยวม, ป่าบง, สารภี, เชียงใหม่ 50140, ประเทศไทย",178.80 ตารางวา None นอน 0 น้ำ,53/100,https://www.facebook.com/groups/landhomechiangmai/posts/4554869724740637/
บ้านเดี่ยว,6.5 ล้านบาท,"บ้านวรารมย์ พรีเมี่ยม ศาลากลาง, สันผีเสื้อ, เชียงใหม่, เชียงใหม่ 50300, ประเทศไทย",52.2 ตารางวา / พื้นที่ใช้สอย 138 ตารางเมตร 3 นอน 3 น้ำ,47/100,https://www.facebook.com/groups/landhomechiangmai/posts/4554868944740715/
ที่ดิน,3.4 ล้านบาท,"บ้านบ้านปางแฟน, 118, ป่าเมี่ยง, ดอยสะเก็ด, เชียงใหม่ 50220, ประเทศไทย",1 ไร่ 2 งาน 3 ตารางวา None นอน 0 น้ำ,53/100,https://www.facebook.com/groups/landhomechiangmai/posts/4554867794740830/
บ้านเดี่ยว,ราคาเพียง 3.853 ลบ.,"ใกล้สนามบินเชียงใหม่, ใกล้แม็คโครแม่เหียะ, สันผักหวาน, วังตาล",59 ตรว. 4 นอน 3 น้ำ,66/100,https://www.facebook.com/groups/landhomechiangmai/posts/4554865898074353/
บ้านเดี่ยว,5.19 ล้านบาท,ตำบลสันปูเลย อำเภอดอยสะเก็ด เทศบาลนครเชียงใหม่ จังหวัดเชียงใหม่ 50220,121.30 ตารางวา 3 นอน 3 น้ำ,47/100,https://www.facebook.com/groups/landhomechiangmai/posts/4554857671408509/
บ้านเดี่ยว,13 ล้านบาท,"ถนน โชตนา, ดอนแก้ว, หมู่ที่ 5, เชียงใหม่ 50180, ประเทศไทย",2 ไร่ 2 งาน 15 ตารางวา 5 นอน 6 น้ำ,82/100,https://www.facebook.com/groups/landhomechiangmai/posts/4554855791408697/
บ้านเดี่ยว,1.45 ลบ.,บ้านกู่แดง - สารภี (ใกล้การไฟฟ้าสารภี),ที่ดิน 30-34 ตร.ว. พื้นที่ใช้สอย 65 ตร.ม. 2 นอน 1 น้ำ,66/100,https://www.facebook.com/groups/landhomechiangmai/posts/4554849521409324/
ที่ดินเปล่า,"ราคาเพียงตารางวาละ 15,000.- บาท เท่านั้น!!","บ้านสันทุ่งใหม่ ซอย 1, สันปูเลย, หมู่ที่ 11, เชียงใหม่ 50220, ประเทศไทย",4 แปลง None นอน 0 น้ำ,82/100,https://www.facebook.com/groups/landhomechiangmai/posts/4554842398076703/
บ้านเดี่ยว,ราคาเพียง 1.25 ล้านบาท,"ทุ่งข้าวตอก, หนองแหย่ง, สันทราย, เชียงใหม่ 50210, ประเทศไทย",178 ตารางวา 2 นอน 1 น้ำ,82/100,https://www.facebook.com/groups/landhomechiangmai/posts/4554846491409627/
ที่ดิน,5.8 ล้านบาท,ใกล้ตลาดท่ารั้ว อำเภอดอยสะเก็ด จังหวัดเชียงใหม่,150 ตร.วา -,75/100,https://www.facebook.com/groups/landhomechiangmai/posts/4554845074743102/
ที่ดิน,"ตารางวาละ 2,200.- บาท เท่านั้น !!","บ้านดอยหล่อ, เทศบาลนครเชียงใหม่, จังหวัดเชียงใหม่ 50160",3 แปลง None นอน 0 น้ำ,82/100,https://www.facebook.com/groups/landhomechiangmai/posts/4554843281409948/
ที่ดิน,200 ล้านบาท,"บ้านซุปเปอร์ไฮเวย์, ฟ้าฮ่าม, เชียงใหม่, เชียงใหม่ 50000, ประเทศไทย",4 ไร่ 9 ตารางวา -,82/100,https://www.facebook.com/groups/landhomechiangmai/posts/4554840228076920/
ที่ดิน,"10,400/วาดท่านั้น",สันกำแพง เชียงใหม่,58ไร่ -,82/100,https://www.facebook.com/groups/landhomechiangmai/posts/4554819711412305/
ที่ดิน,"ไร่ละ400,000",อำเภอแม่วาง เชียงใหม่,5ไร่กว่า -,53/100,https://www.facebook.com/groups/landhomechiangmai/posts/4554818618079081/
บ้านเดี่ยว,ราคาเพียง 7 ล้านบาท,"บ้านโชตนา ซอย 22 ก, ช้างเผือก, หมู่ที่ 3, เชียงใหม่ 50300, ประเทศไทย",220 ตารางเมตร 3 นอน 4 น้ำ,82/100,https://www.facebook.com/groups/landhomechiangmai/posts/4554808368080106/
ทาวน์โฮม,1.69 ล้านบาท,"ทาวน์เฮาส์เพชรริมปิง, ดอนแก้ว, หมู่ที่ 3, เชียงใหม่ 50180, ประเทศไทย",- 2 นอน 2 น้ำ,82/100,https://www.facebook.com/groups/landhomechiangmai/posts/4554805868080356/
บ้านเดี่ยว,5.5ล.,เชียงใหม่,2 ไร่ 6 นอน None น้ำ,87/100,https://www.facebook.com/groups/landhomechiangmai/posts/4554787498082193/
ที่ดิน,-,สารภี เชียงใหม่,4 ไร่ 1 งาน 72 ตรว. -,53/100,https://www.facebook.com/groups/landhomechiangmai/posts/4554804268080516/
ที่ดิน,"ขายไร่ละ 350,000 บาท",ต.ป่าสัก อำเภอเมืองลำพูน จังหวัดลำพูน,2 ไร่ 2 งาน 74 ตารางวา -,53/100,https://www.facebook.com/groups/landhomechiangmai/posts/4554768358084107/
บ้านเดี่ยว,"ราคาเพียง 3,690,000 บาท",โครงการอรสิริน 3 – สันทราย เชียงใหม่,54.20 ตร.วา พื้นที่ใช้สอย 155 ตร.ม. 4 นอน 3 น้ำ,66/100,https://www.facebook.com/groups/landhomechiangmai/posts/4554761641418112/
บ้านเดี่ยว,ราคาเพียง 1.39 ลบ.,ต.ริมเหนือ อ.แม่ริม จ.เชียงใหม่,54 ตารางวา 2 นอน 2 น้ำ,53/100,https://www.facebook.com/groups/landhomechiangmai/posts/4554760588084884/
บ้านเดี่ยว,1.89 ล.,ประตูโขง ลำพูน,- 2 นอน 2 น้ำ,82/100,https://www.facebook.com/groups/landhomechiangmai/posts/4554751254752484/
บ้านเดี่ยว,-,"ใกล้เครือสหพัฒน์, ใกล้ตลาดจตุจักรคลำพูน",- 3 นอน 2 น้ำ,82/100,https://www.facebook.com/groups/landhomechiangmai/posts/4554747638086179/
ที่ดิน,"ราคาเพียง 1,390,000 ฿",ต. เมืองเล็น อ.สันทราย จ.เชียงใหม่,109 ตร.ว. -,82/100,https://www.facebook.com/groups/landhomechiangmai/posts/4554706378090305/
บ้านเดี่ยว,-,อำเภอแม่ริม จังหวัดเชียงใหม่,441 ตารางวา 6 นอน 6 น้ำ,49/100,https://www.facebook.com/groups/landhomechiangmai/posts/4554674721426804/
คอนโด,2.79 MB,"ใกล้ห้าง MAYA, นิมมานเหมินทร์, มหาวิทยาลัยเชียงใหม่",38 ตรม. 1 นอน 1 น้ำ,75/100,https://www.facebook.com/groups/landhomechiangmai/posts/4554668831427393/
บ้านเดี่ยว,ราคาเพียง 2.85 ลบ.,"ใกล้สนามบินเชียงใหม่, หลังแม็คโครแม่เหียะพืกัดข้างมบ.วังตาล สันผักหวาน",60 ตารางวา 3 นอน 2 น้ำ,47/100,https://www.facebook.com/groups/landhomechiangmai/posts/4554642351430041/
คอนโด,1.59 ล้าน,เชียงใหม่วิวเพลส 2 ใกล้สนามบิน,31.71 ตารางเมตร 1 นอน 1 น้ำ,53/100,https://www.facebook.com/groups/landhomechiangmai/posts/4554642228096720/
บ้านเดี่ยว,6.5 ล้านบาท,ต.หนองจ๊อม อ.สันทราย จ.เชียงใหม่,132 ตรว. -,82/100,https://www.facebook.com/groups/landhomechiangmai/posts/4554630694764540/
รีสอร์ท,9.5 ล้านบาท,"กลางเมืองเชียงดาว, ใกล้สถานีขนส่งเชียงดาว",1-1-93 ไร่ 4 นอน None น้ำ,87/100,https://www.facebook.com/groups/landhomechiangmai/posts/4554627664764843/
ที่ดิน,"ไร่ละ 120,000","บ้านสะเนียน, เทศบาลเมืองน่าน, จังหวัดน่าน",13-3-83 ไร่ -,82/100,https://www.facebook.com/groups/landhomechiangmai/posts/4554593351434941/
บ้านเดี่ยว,4 ล้าน,ติดถนน4เลน,2 ไร่ 2 งาน -,82/100,https://www.facebook.com/groups/landhomechiangmai/posts/4554579981436278/
ที่ดิน,"ราคาเพียง ไร่ละ 1.3 ล้านบาท(ราคารวมทั้งแปลงเพียง ≈7,375,00 ล้านบาท เท่านั้น)",ต.แม่แฝก อ.สันทราย จ.เชียงใหม่,5 ไร่ 2 งาน 69 ตร.ว. -,82/100,https://www.facebook.com/groups/landhomechiangmai/posts/4554581221436154/
บ้านเดี่ยว,1.89 ล.,ประตูโขง ลำพูน,- 2 นอน 2 น้ำ,82/100,https://www.facebook.com/groups/landhomechiangmai/posts/4554577011436575/
คอนโด,2.10 ลบ.,"เมืองเชียงใหม่, ใกล้โรบินสัน, ใกล้สนามบิน",- -,82/100,https://www.facebook.com/groups/landhomechiangmai/posts/4554573418103601/
บ้านเดี่ยว,5.5ล.,-,2 ไร่ 6 นอน None น้ำ,87/100,https://www.facebook.com/groups/landhomechiangmai/posts/4554571024770507/
ที่ดิน,"10,700,000 บาท/ไร่",ต.หนองควาย อ.หางดง โซนพืชสวนโลก ห่างจากไนท์ซาฟารี 1.5 กิโลเมตร,4 ไร่ -,82/100,https://www.facebook.com/groups/landhomechiangmai/posts/4554569431437333/
บ้านเดี่ยว,1.49 ลบ.,"หนองหนาม, ลำพูน",72 ตร.ว. 3 นอน 2 น้ำ,53/100,https://www.facebook.com/groups/landhomechiangmai/posts/4554565821437694/
บ้านเดี่ยว,-,"ใกล้เครือสหพัฒน์, ใกล้ตลาดจตุจักรคลำพูน",70 ตารางวา 3 นอน 2 น้ำ,82/100,https://www.facebook.com/groups/landhomechiangmai/posts/4554565408104402/
บ้านเดี่ยว,5.59ลบ,ต.สันทรายน้อย อ.สันทราย จ.เชียงใหม่,190ตรม 4 นอน 3 น้ำ,82/100,https://www.facebook.com/groups/landhomechiangmai/posts/4554559468104996/
บ้านเดี่ยว,"3,900,000",หมู่บ้านกุลพันธุ์วิลล์ 12 วงแหวนรอบสาม อ.สารภี,80 วา 3 นอน 3 น้ำ,82/100,https://www.facebook.com/groups/landhomechiangmai/posts/4554539448106998/
ที่ดินเปล่า,"ไร่ละ 280,000 บาท รวม 2,040,000 บาท",ถนนเถิน - วังชิ้น หลักกิโลเมตรที่ 12 บ้านท่ามะเกว๋น ต.แม่ปะ อ.เถิน จ.ลำปาง,7 ไร่ 1 งาน 18 ตารางวา -,87/100,https://www.facebook.com/groups/landhomechiangmai/posts/4554536304773979/
ทาวน์โฮม,"1,350,000",หมู่บ้านรัตนวิลเลจ ต.สันทรายหลวง อ.สันทราย จ.เชียงใหม่,94 ตารางเมตร -,82/100,https://www.facebook.com/groups/landhomechiangmai/posts/4554534528107490/
ที่ดินเปล่า,"380,000",บ้านใหม่สันมะนะ หมู่8 ต.ต้นธง อ.เมือง จ.ลำพูน,"63 ตารางวา, 61 ตารางวา, 60 ตารางวา -",73/100,https://www.facebook.com/groups/landhomechiangmai/posts/4554534094774200/
บ้านเดี่ยว,2.4 ลบ.,"เทศบาลนครเชียงใหม่, จังหวัดเชียงใหม่ 50140, โซนป่าแดด",98 ตร.ว. 3 นอน 2 น้ำ,82/100,https://www.facebook.com/groups/landhomechiangmai/posts/4554504614777148/
บ้านเดี่ยว,"2,590,000",ถนนเชียงใหม่-เชียงราย อ.สันทราย จ.เชียงใหม่,71 ตารางวา 3 นอน 4 น้ำ,66/100,https://www.facebook.com/groups/landhomechiangmai/posts/4554526091441667/
บ้านเดี่ยว,2.4 ลบ.,"เทศบาลนครเชียงใหม่, จังหวัดเชียงใหม่ 50140, โซนป่าแดด",98 ตร.ว. 3 นอน 2 น้ำ,82/100,https://www.facebook.com/groups/landhomechiangmai/posts/4554502381444038/
ที่ดิน,"1,500,000",ตำบลทุ่งปี๊ อำเภอแม่วาง จังหวัดเชียงใหม่,5ไร่2งาน86ตารางวา -,85/100,https://www.facebook.com/groups/landhomechiangmai/posts/4554516961442580/
บ้านเดี่ยว,2.4 ลบ.,"เทศบาลนครเชียงใหม่, จังหวัดเชียงใหม่ 50140, โซนป่าแดด",98 ตร.ว. 3 นอน 2 น้ำ,82/100,https://www.facebook.com/groups/landhomechiangmai/posts/4554500994777510/
ที่ดิน,"600,000",อำเภอสันป่าตอง จังหวัดเชียงใหม่,80 ตารางวา -,79/100,https://www.facebook.com/groups/landhomechiangmai/posts/4554499944777615/
บ้านเดี่ยว,5.5ล.,เชียงใหม่,2 ไร่ 6 นอน None น้ำ,87/100,https://www.facebook.com/groups/landhomechiangmai/posts/4554499554777654/
ที่ดิน,-,"บ้านสันกำแพง, เทศบาลนครเชียงใหม่, จังหวัดเชียงใหม่ 50130",2 ไร่ 3 งาน 19.6 ตรว. None นอน 0 น้ำ,82/100,https://www.facebook.com/groups/landhomechiangmai/posts/4554495814778028/
ที่ดิน,"350,000",ตำบล แม่ก๋า อำเภอ สันป่าตอง จังหวัด เชียงใหม่,302 ตารางวา -,82/100,https://www.facebook.com/groups/landhomechiangmai/posts/4554493584778251/
บ้านเดี่ยว,-,"ใกล้เครือสหพัฒน์, ใกล้ตลาดจตุจักรคลำพูน",- 3 นอน 2 น้ำ,82/100,https://www.facebook.com/groups/landhomechiangmai/posts/4554486974778912/
บ้านเดี่ยว,4.7ล้านบาท,"ถนน วงแหวนรอบนอก, สันปูเลย, หมู่ที่ 9, เชียงใหม่ 50220, ประเทศไทย",95 ตารางวา 3 นอน 3 น้ำ,47/100,https://www.facebook.com/groups/landhomechiangmai/posts/4554486178112325/
บ้านเดี่ยว,1.49 ลบ.,"หนองหนาม, ลำพูน",72 ตร.ว. 3 นอน 2 น้ำ,53/100,https://www.facebook.com/groups/landhomechiangmai/posts/4554484668112476/
บ้านเดี่ยว,8.9ล้านบาท,"กุลพันธ์วิลล์ หางดง, เชียงใหม่",ที่ดิน 50 ตารางวา พื้นที่บ้าน 250 ตารางเมตร 5 นอน 5 น้ำ,70/100,https://www.facebook.com/groups/landhomechiangmai/posts/4554473148113628/
บ้านเดี่ยว,1.99 ลบ.,"หางดง, หนองแก๋ว, เชียงใหม่",120 ตรม. 3 นอน 2 น้ำ,47/100,https://www.facebook.com/groups/landhomechiangmai/posts/4554470268113916/
ที่ดินเปล่า,"1,390,000 บาท",ม.3 ต. เมืองเล็น อ.สันทราย จ.เชียงใหม่,109 ตรว. 0 นอน 0 น้ำ,82/100,https://www.facebook.com/groups/landhomechiangmai/posts/4554466524780957/
บ้านเดี่ยว,"20,000,000 บาท","สันป่าตอง, แม่ก๊า, สันป่าตอง, เชียงใหม่",850 ตร.ม. 5 นอน 10 น้ำ,82/100,https://www.facebook.com/groups/landhomechiangmai/posts/4554458271448449/
ที่ดินเปล่า,52.12 ล้านบาท,ต.ป่าป้อง อ.ดอยสะเก็ด จ.เชียงใหม่,17-0-90 ไร่ -,82/100,https://www.facebook.com/groups/landhomechiangmai/posts/4554454914782118/
บ้านเดี่ยว,1.39 ล้านบาท,หมู่บ้านแม่ริม วิลเลจต.ริมเหนือ อ.แม่ริม จ.เชียงใหม่,54 ตารางวา 2 นอน 2 น้ำ,53/100,https://www.facebook.com/groups/landhomechiangmai/posts/4554450721449204/
บ้านเดี่ยว,2.59 ล้านบาท," Amphoe San Sai, Chiang Mai, ใกล้แยกหนองจ๊อม, พิกัดบ้านแพะป่าห้า, ใกล้กาญกนกทาวน์, ตลาดสดท่าเกวียน, เซเว่น",96.9 ตารางวา 2 นอน 2 น้ำ,53/100,https://www.facebook.com/groups/landhomechiangmai/posts/4554442088116734/
บ้านเดี่ยว,2.59 ล้านบาท," Amphoe San Sai, Chiang Mai",96.9 ตารางวา 2 นอน 2 น้ำ,53/100,https://www.facebook.com/groups/landhomechiangmai/posts/4554438868117056/
บ้านเดี่ยว,ขาย 9.9ล้านบาท,หมู่บ้านวังตาล ใกล้สนามบิน เมืองเชียงใหม่,ที่ดิน 104 ตรว พื้นที่ใช้สอยทั้งหมด 284 ตรม 4 นอน 5 น้ำ,82/100,https://www.facebook.com/groups/landhomechiangmai/posts/4554437684783841/
บ้านเดี่ยว,2.59 ล้านบาท," Amphoe San Sai, Chiang Mai, ใกล้แยกหนองจ๊อม, พิกัดบ้านแพะป่าห้า, ใกล้กาญกนกทาวน์, ตลาดสดท่าเกวียน, เซเว่น",96.9 ตารางวา 2 นอน 2 น้ำ,53/100,https://www.facebook.com/groups/landhomechiangmai/posts/4554431211451155/
ที่ดิน,"13,000 ฿/ตร.ว.",ต.แม่เหียะ อ.เมือง จ.เชียงใหม่,193 ตร.ว. -,82/100,https://www.facebook.com/groups/landhomechiangmai/posts/4554422604785349/
บ้านเดี่ยว,4.8 ล้านบาท,สันกำแพง,223 ตรว. 3 นอน 3 น้ำ,82/100,https://www.facebook.com/groups/landhomechiangmai/posts/4554424251451851/
ที่ดิน,4.2 ล้านบาท,โครงการ Grand Garden Villa ติดถนนวงแหวนรอบสาม ต.ต้นเปา อ.สันกำแพง,150 ตรว. -,47/100,https://www.facebook.com/groups/landhomechiangmai/posts/4554421638118779/
ที่ดิน,"1,500,000.-บาท",ต.แม่แฝก อ.สันทราย จ.เชียงใหม่,1 ไร่ 92 ตรว. -,53/100,https://www.facebook.com/groups/landhomechiangmai/posts/4554408304786779/
บ้านเดี่ยว,"2,232,000 บาท","บ้านสันป่าสัก, ชานเมืองเชียงใหม่",63 ตรว. 3 นอน 2 น้ำ,47/100,https://www.facebook.com/groups/landhomechiangmai/posts/4554397828121160/
ที่ดิน,"4,920,000 บาท","หมู่บ้านอุษาฟ้าฮ่าม, เมืองเชียงใหม่",126.2 ตารางวา -,82/100,https://www.facebook.com/groups/landhomechiangmai/posts/4554397714787838/
ที่ดิน,"1,690,000 บาท",สันผีเสื้อ เชียงใหม่,97 ตารางวา -,82/100,https://www.facebook.com/groups/landhomechiangmai/posts/4554393791454897/
บ้านเดี่ยว,18.5 ล้านบาท,ซอยวัดอุโมงค์ หลังมหาวิทยาลัยเชียงใหม่,116 ตร.วา พื้นที่ใช้สอย 770 ตร.ม. 5 นอน 7 น้ำ,82/100,https://www.facebook.com/groups/landhomechiangmai/posts/4554388014788808/
บ้านเดี่ยว,"2,990,000 บาท",ถนนเส้นดอยสะเก็ด – เชียงราย,184 ตารางวา 3 นอน 3 น้ำ,82/100,https://www.facebook.com/groups/landhomechiangmai/posts/4554384331455843/
บ้านเดี่ยว,"ราคาขายเพียง : 1,400,000 บาท",หมู่บ้านหลักชัย แยกแม่กวง ต.สันนาเม็ง อ.สันทราย จ.เชียงใหม่,24 ตารางวา 2 นอน 1 น้ำ,70/100,https://www.facebook.com/groups/landhomechiangmai/posts/4554380951456181/
บ้านเดี่ยว,ขายเพียง 5.5 ล้านบาท (ค่าโอนคนละครึ่ง),ต.แม่เหียะ อ.เมืองเชียงใหม่,เนื้อที่ดิน: 110 ตารางวา พื้นที่ใช้สอย: 240 ตารางเมตร 4 นอน 3 น้ำ,70/100,https://www.facebook.com/groups/landhomechiangmai/posts/4554378328123110/
บ้านเดี่ยว,3.5ล้าน,ต.สันผีเสื้อ อ.อเมือง จ.เชียงใหม่,100 ตรว 4 นอน 3 น้ำ,82/100,https://www.facebook.com/groups/landhomechiangmai/posts/4554369644790645/
บ้านเดี่ยว,-,"ใกล้ลำธาร, ใกล้แหล่งท่องเที่ยวหลายแห่ง เช่น ดอยอินทนนท์, น้ำตกแม่ยะ, น้ำตกแม่กลาง, สวนสน, สวนดอกไม้, ขุนแปะ",1 งาน 15 ตารางวา 1 นอน 1 น้ำ,82/100,https://www.facebook.com/groups/landhomechiangmai/posts/4554366534790956/
รีสอร์ท,94 ล้านบาท,ต.บ้านแหวน อ.หางดง จ.เชียงใหม่,6-1-99 ไร่ 44 นอน 44 น้ำ,53/100,https://www.facebook.com/groups/landhomechiangmai/posts/4554364728124470/
บ้านเดี่ยว,"2,690,000 บาท",หมู่บ้าน ดีญ่าวัลเล่ย์ หางดง (ม.ทิพภิรมย์),59 ตรว. 3 นอน 2 น้ำ,49/100,https://www.facebook.com/groups/landhomechiangmai/posts/4554361371458139/
บ้านเดี่ยว,"ราคาขายเพียง : 2,190,000 บาท",หมู่บ้านสิรารมย์ ต.หนองจ๊อม อ.สันทราย จ.เชียงใหม่,74 ตารางวา 3 นอน 3 น้ำ,70/100,https://www.facebook.com/groups/landhomechiangmai/posts/4554352434792366/
ที่ดิน,"3,890,000 บาท","ดอยสะเก็ด, เชียงใหม่",4 ไร่ 1 งาน 33 ตารางวา -,49/100,https://www.facebook.com/groups/landhomechiangmai/posts/4554350528125890/
บ้านเดี่ยว,"16,500,000 บาท",หมู่บ้านสวนนนทรี แยกมีโชค เชียงใหม่,390.01 ตารางวา 3 นอน 3 น้ำ,82/100,https://www.facebook.com/groups/landhomechiangmai/posts/4554337278127215/
บ้านเดี่ยว,"ราคาขายเพียง : 2,590,000 บาท",หมู่บ้านนพเก้า ต.สันป่าเปา อ.สันทราย จ.เชียงใหม่,กว่า 120 ตารางวา 3 นอน 2 น้ำ,70/100,https://www.facebook.com/groups/landhomechiangmai/posts/4554331998127743/
คอนโด,2.59 ลบ.,ศรีธนาคอนโด 2 ห้วยแก้ว นิมมานเหมินทร์,37.5 ตรม. 1 นอน 1 น้ำ,75/100,https://www.facebook.com/groups/landhomechiangmai/posts/4554320918128851/
บ้านเดี่ยว,43.9 ล้านบาท,"หางดง, เชียงใหม่",255 ตารางวา / 946 ตารางเมตร 5 นอน 7 น้ำ,75/100,https://www.facebook.com/groups/landhomechiangmai/posts/4554319461462330/
ที่ดิน,"ขาย 1,400,000 บาท และ 2,700,000 บาท",สบแม่ข่า หางดง เชียงใหม่,116 ตารางวา และ 224 ตารางวา -,82/100,https://www.facebook.com/groups/landhomechiangmai/posts/4554315818129361/
ที่ดิน,"320,000 บาท",ห้วยทราย สันกำแพง เชียงใหม่,80 ตารางวา -,49/100,https://www.facebook.com/groups/landhomechiangmai/posts/4554312551463021/
บ้านเดี่ยว,"ราคาขายเพียง : 1,590,000 บาท",หมู่บ้านอินทรชิดชัย ต.ตลาดขวัญ อ.ดอยสะเก็ด จ.เชียงใหม่,41.6 ตารางวา 2 นอน 2 น้ำ,75/100,https://www.facebook.com/groups/landhomechiangmai/posts/4554310854796524/
บ้านเดี่ยว,-,ต.หนองผึ้ง อ.สารภี จ.เชียงใหม่,134ตร.ม. | 37.60ตร.ว. 3 นอน 3 น้ำ,49/100,https://www.facebook.com/groups/landhomechiangmai/posts/4554308351463441/
บ้านเดี่ยว,-,ต.หนองผึ้ง อ.สารภี จ.เชียงใหม่*ใกล้แยกกองทราย**ใกล้สเต็กลุงช้าง*,144ตร.ม. | 39ตร.ว. 3 นอน 3 น้ำ,49/100,https://www.facebook.com/groups/landhomechiangmai/posts/4554304231463853/
บ้านเดี่ยว,"ราคาขายเพียง : 1,490,000 บาท",หมู่บ้านนพเก้า ต.สันป่าเปา อ.สันทราย จ.เชียงใหม่,42 ตารางวา 2 นอน 1 น้ำ,75/100,https://www.facebook.com/groups/landhomechiangmai/posts/4554301604797449/
บ้านเดี่ยว,"ราคาขาย 2,220,000 บาท",หมู่บ้าน “ภูภูมิโฮม” อำเภอแม่ริม ตำบลสันโป่ง จังหวัดเชียงใหม่,51 ตรว 3 นอน 2 น้ำ,47/100,https://www.facebook.com/groups/landhomechiangmai/posts/4554299804797629/
ที่ดินเปล่า,277.5 ล้านบาท,ต.แช่ช้าง อ.สันกำแพง จ.เชียงใหม่,135-0-21 ไร่ -,82/100,https://www.facebook.com/groups/landhomechiangmai/posts/4554299194797690/
บ้านเดี่ยว,"2,200,000 บาท",ต.หนองแฝก อ.สารภี ใกล้การไฟฟ้าสารภี,82 ตารางวา 4 นอน 3 น้ำ,82/100,https://www.facebook.com/groups/landhomechiangmai/posts/4554297168131226/
บ้านเดี่ยว,"2,590,000 บาท","บ้านบ้านหนองจ๊อม สันทราย, เทศบาลนครเชียงใหม่, จังหวัดเชียงใหม่ 50210",96.9 ตรว 2 นอน 2 น้ำ,82/100,https://www.facebook.com/groups/landhomechiangmai/posts/4554291138131829/
บ้านเดี่ยว,"ราคาขายเพียง : 1,590,000 บาท",หมู่บ้านนพเก้า ต.สันป่าเปา อ.สันทราย จ.เชียงใหม่,65.2 ตารางวา 3 นอน 2 น้ำ,70/100,https://www.facebook.com/groups/landhomechiangmai/posts/4554288788132064/
ที่ดินเปล่า,259 ล้านบาท,ใกล้สถานีรถไฟ ต.วัดเกต อ.เมืองเชียงใหม่ จ.เชียงใหม่,4-3-87 ไร่ -,53/100,https://www.facebook.com/groups/landhomechiangmai/posts/4554287664798843/
บ้านเดี่ยว,1.49 ลบ.,"หนองหนาม, ลำพูน",72 ตร.ว. 3 นอน 2 น้ำ,75/100,https://www.facebook.com/groups/landhomechiangmai/posts/4554285478132395/
บ้านเดี่ยว,-,ใกล้เครือสหพัฒน์ ใกล้ตลาดจตุจักรคลำพูน,- 3 นอน 2 น้ำ,82/100,https://www.facebook.com/groups/landhomechiangmai/posts/4554285061465770/
บ้านเดี่ยว,"3,799,000โอนฟรีครับ",ถ. ตัดใหม่โรงพยาบาล - ท่าจักรบ้านลำพูนคันทรีโฮม 3,167 ตารางวา 4 นอน 5 น้ำ,53/100,https://www.facebook.com/groups/landhomechiangmai/posts/4554277371466539/
บ้านเดี่ยว,1.89 ล.,ประตูโขง ลำพูน,- 2 นอน 2 น้ำ,82/100,https://www.facebook.com/groups/landhomechiangmai/posts/4554274408133502/
บ้านเดี่ยว,1.99 ล้าน,ใกล้เมืองลำพูน,83 ตร.วา 3 นอน 2 น้ำ,70/100,https://www.facebook.com/groups/landhomechiangmai/posts/4554270021467274/
บ้านเดี่ยว,12.9 ล้านบาท,ใจกลางเมืองเชียงใหม่ (แม่เหียะ),76 ตร.ว. 5 นอน 5 น้ำ,49/100,https://www.facebook.com/groups/landhomechiangmai/posts/4554268514800758/
ที่ดินเปล่า,"750,000บาท",ดอยสะเก็ด,167 ตารางวา -,82/100,https://www.facebook.com/groups/landhomechiangmai/posts/4554254361468840/
ที่ดิน,"แปลงละ 1,650,000 บาท","ช้างเผือก, ใกล้ถนน 107 โชตนา, ใกล้ตลาด, ใกล้โรงพักช้างเผือก, ใกล้แยกข่วงสิงห์",49 วา -,82/100,https://www.facebook.com/groups/landhomechiangmai/posts/4554250774802532/
ที่ดิน,-,ห่างจากไฟแดงหน้าที่ว่าการอำเภอจอมทอง2กิโลบนถนนสายหลักไม่เข้าซอย,49ตร.ว. -,82/100,https://www.facebook.com/groups/landhomechiangmai/posts/4554222944805315/
บ้านเดี่ยว,ราคาเพียง 3.29 ล้านบาท,ใกล้สวนทวีชล เชียงใหม่–ดอยสะเก็ด,87 ตร.วา 3 นอน 3 น้ำ,66/100,https://www.facebook.com/groups/landhomechiangmai/posts/4554217364805873/
บ้านเดี่ยว,-,"สันพระเนตร, บ้านสันศรี",298 ตารางวา 3 นอน 2 น้ำ,82/100,https://www.facebook.com/groups/landhomechiangmai/posts/4554216111472665/
ที่ดิน,"6ไร่ๆละ490,000 บาท",แม่แตง เชียงใหม่,6 ไร่ -,82/100,https://www.facebook.com/groups/landhomechiangmai/posts/4554215374806072/
บ้านเดี่ยว,2.29 ลบ.,"อำเภอเมืองเชียงใหม่ (ป่าแดด), ใกล้ Big-C, ใกล้ 7-Eleven, สนามบินเชียงใหม่ 12 กม.",50 ตารางวา 3 นอน 2 น้ำ,53/100,https://www.facebook.com/groups/landhomechiangmai/posts/4554151661479110/
บ้านเดี่ยว,2.49 ล้านบาท,"ท่ารั้ว, ดอยสะเก็ด",51 ตร.ว. 3 นอน 3 น้ำ,53/100,https://www.facebook.com/groups/landhomechiangmai/posts/4554042721490004/
บ้านเดี่ยว,1.790000ล้านบาท,"ใกล้โรงเรียนสารภีพิทยาคม, ปากชัย",- 3 นอน 2 น้ำ,82/100,https://www.facebook.com/groups/landhomechiangmai/posts/4554010518159891/
บ้านเดี่ยว,"1,300,000 ลบ.","ตำบลสันมหาพน, อำเภอแม่แตง",152 ตารางวา 2 นอน 1 น้ำ,53/100,https://www.facebook.com/groups/landhomechiangmai/posts/4553743548186588/
ที่ดิน,ราคาขาย 8 แสนบาท,"บ้านโรงเรียนวชิราลัย, ยางเนิ้ง, สารภี, เชียงใหม่ 50140, ประเทศไทย",45 ตารางวา -,53/100,https://www.facebook.com/groups/landhomechiangmai/posts/4553728351521441/
ที่ดิน,"12,348,000.- บาท","อำเภอสันกำแพง, เทศบาลนครเชียงใหม่, จังหวัดเชียงใหม่ 50130",686 ตารางวา (1 ไร่ 3 งาน 66 ตารางวา) -,82/100,https://www.facebook.com/groups/landhomechiangmai/posts/4553717068189236/
ที่ดิน,ขาย 1.6 ล้าน,"บ้านท่าใหม่อิ ซอย 11, ป่าแดด, หมู่ที่ 5, เชียงใหม่ 50100, ประเทศไทย",แปลงละ 100 ตารางวา -,82/100,https://www.facebook.com/groups/landhomechiangmai/posts/4553716674855942/
ที่ดิน,3.2 ล้านบาท,"บ่อสร้าง ซอย 7, ต้นเปา, หมู่ที่ 3, เชียงใหม่ 50130, ประเทศไทย",204 ตารางวา None นอน 0 น้ำ,82/100,https://www.facebook.com/groups/landhomechiangmai/posts/4553714551522821/
บ้านเดี่ยว,13 ล้านบาท,"ถนน โชตนา, ดอนแก้ว, หมู่ที่ 5, เชียงใหม่ 50180, ประเทศไทย",2 ไร่ 2 งาน 15 ตารางวา 5 นอน 6 น้ำ,82/100,https://www.facebook.com/groups/landhomechiangmai/posts/4553714351522841/
บ้านเดี่ยว,ราคาเพียง 1.25 ล้านบาท,"ทุ่งข้าวตอก, หนองแหย่ง, สันทราย, เชียงใหม่ 50210, ประเทศไทย",178 ตารางวา 2 นอน 1 น้ำ,82/100,https://www.facebook.com/groups/landhomechiangmai/posts/4553705731523703/
ที่ดินเปล่า,"ตารางวาละ 2,200.- บาท เท่านั้น !!","บ้านดอยหล่อ, เทศบาลนครเชียงใหม่, จังหวัดเชียงใหม่ 50160",3 แปลง None นอน 0 น้ำ,82/100,https://www.facebook.com/groups/landhomechiangmai/posts/4553700931524183/
ที่ดินเปล่า,"ราคาเพียงตารางวาละ 15,000.- บาท เท่านั้น!!","บ้านสันทุ่งใหม่ ซอย 1, สันปูเลย, หมู่ที่ 11, เชียงใหม่ 50220, ประเทศไทย",4 แปลง -,82/100,https://www.facebook.com/groups/landhomechiangmai/posts/4553700374857572/
ทาวน์โฮม,ราคาเพียง 1.89 ล้านบาท,"สันปูเลย, หมู่ที่ 3, เชียงใหม่ 50220, ประเทศไทย",20 ตารางวา 2 นอน 3 น้ำ,49/100,https://www.facebook.com/groups/landhomechiangmai/posts/4553698674857742/
ที่ดิน,200 ล้านบาท,"บ้านซุปเปอร์ไฮเวย์, ฟ้าฮ่าม, เชียงใหม่, เชียงใหม่ 50000, ประเทศไทย",4 ไร่ 9 ตารางวา -,82/100,https://www.facebook.com/groups/landhomechiangmai/posts/4553697108191232/
บ้านเดี่ยว,1.39 ล้านบาท,"บ้านม.นอร์ท เชียงใหม่, เทศบาลนครเชียงใหม่, จังหวัดเชียงใหม่ 50230",32 ตารางวา 1 นอน 1 น้ำ,82/100,https://www.facebook.com/groups/landhomechiangmai/posts/4553682598192683/
บ้านเดี่ยว,ราคาเพียง 7 ล้านบาท,"บ้านโชตนา ซอย 22 ก, ช้างเผือก, หมู่ที่ 3, เชียงใหม่ 50300, ประเทศไทย",220 ตารางเมตร 3 นอน 4 น้ำ,82/100,https://www.facebook.com/groups/landhomechiangmai/posts/4553696631524613/
ทาวน์โฮม,1.69 ล้านบาท,"ทาวน์เฮาส์เพชรริมปิง, ดอนแก้ว, หมู่ที่ 3, เชียงใหม่ 50180, ประเทศไทย",- 2 นอน 2 น้ำ,82/100,https://www.facebook.com/groups/landhomechiangmai/posts/4553694291524847/
บ้านเดี่ยว,2.79 ล้านบาท,"บ้านสารภี, เทศบาลนครเชียงใหม่, จังหวัดเชียงใหม่ 50140",53 ตารางวา 4 นอน 3 น้ำ,47/100,https://www.facebook.com/groups/landhomechiangmai/posts/4553686808192262/
บ้านเดี่ยว,1.99 ล้านบาท,"ต.ป่าไผ่, อ.สันทราย, จ.เชียงใหม่",65 ตารางวา 3 นอน 2 น้ำ,66/100,https://www.facebook.com/groups/landhomechiangmai/posts/4553676298193313/
ที่ดิน,"ราคาขาย 850,000.- บาท","บ้านบ้านหนองก้นครุ, หนองแหย่ง, หมู่ที่ 4, เชียงใหม่ 50210, ประเทศไทย",100 ตารางวา -,47/100,https://www.facebook.com/groups/landhomechiangmai/posts/4553671078193835/
ที่ดิน,"ราคาขาย 1,550,000.- บาท","บ้านบ้านยางพระธาตุ, ทางหลวงชนบท ชม. 3019, สันปูเลย, หมู่ที่ 11, เชียงใหม่ 50220, ประเทศไทย",97.30 ตารางวา -,53/100,https://www.facebook.com/groups/landhomechiangmai/posts/4553670071527269/
ที่ดิน,2.3 ล้านบาท,"บ้านป้อมตํารวจบ้านยวม, ป่าบง, สารภี, เชียงใหม่ 50140, ประเทศไทย",178.80 ตารางวา -,53/100,https://www.facebook.com/groups/landhomechiangmai/posts/4553665218194421/
บ้านเดี่ยว,5.19 ล้านบาท,ตำบลสันปูเลย อำเภอดอยสะเก็ด เทศบาลนครเชียงใหม่ จังหวัดเชียงใหม่ 50220,121.30 ตารางวา 3 นอน 3 น้ำ,47/100,https://www.facebook.com/groups/landhomechiangmai/posts/4553646714862938/
บ้านเดี่ยว,2.65 ลบ.,ดอยสะเก็ด,60 ตร.ว. 3 นอน 2 น้ำ,53/100,https://www.facebook.com/groups/landhomechiangmai/posts/4553641981530078/
ที่ดิน,3.4 ล้านบาท,"บ้านบ้านปางแฟน, 118, ป่าเมี่ยง, ดอยสะเก็ด, เชียงใหม่ 50220, ประเทศไทย",1 ไร่ 2 งาน 3 ตารางวา -,53/100,https://www.facebook.com/groups/landhomechiangmai/posts/4553662678194675/
บ้านเดี่ยว,6.5 ล้านบาท,"บ้านวรารมย์ พรีเมี่ยม ศาลากลาง, สันผีเสื้อ, เชียงใหม่, เชียงใหม่ 50300, ประเทศไทย",52.2 ตารางวา / พื้นที่ใช้สอย 138 ตารางเมตร 3 นอน 3 น้ำ,47/100,https://www.facebook.com/groups/landhomechiangmai/posts/4553657204861889/
บ้านเดี่ยว,"ตั้งราคาไว้ที่ 5,900,000",บ้านสันติสุข ต.แม่เจดีย์ อ.เวียงป่าเป้า จ.เชียงราย,พื้นที่ใช้สอยในบ้าน 269 ตารางเมตร พื้นที่ใช้สอย สระว่ายน้ำ 147 ตารางเมตร 2 นอน 4 น้ำ,53/100,https://www.facebook.com/groups/landhomechiangmai/posts/4553633401530936/
บ้านเดี่ยว,"1,990,000 บาท(ราคาคุยกันได้)",หมู่บ้านจรรยาลักษณ์ ตำบลต้นเปา อำเภอสันกำแพง เชียงใหม่,68 ตารางวา 3 นอน 3 น้ำ,87/100,https://www.facebook.com/groups/landhomechiangmai/posts/4553630098197933/
บ้านเดี่ยว,1.59 ลบ.,-,32 ตารางวา 2 นอน 1 น้ำ,53/100,https://www.facebook.com/groups/landhomechiangmai/posts/4553593091534967/
ที่ดินเปล่า,10 ล้านบาท,ศรีปิงเมือง ต.หายยา อ.เมืองเชียงใหม่ จ.เชียงใหม่,104 ตรว. -,53/100,https://www.facebook.com/groups/landhomechiangmai/posts/4553612088199734/
บ้านเดี่ยว,"3,799,000โอนฟรีครับ",ถ. ตัดใหม่โรงพยาบาล - ท่าจักรบ้านลำพูนคันทรีโฮม 3,167 ตารางวา 4 นอน 5 น้ำ,53/100,https://www.facebook.com/groups/landhomechiangmai/posts/4553587441535532/
บ้านเดี่ยว,1.49 ลบ.,โครงการเมืองเหนือวิลล่า แยกดอยติ อ.เมืองลำพูน จ.ลำพูน,70 ตร.ว. 2 นอน 1 น้ำ,66/100,https://www.facebook.com/groups/landhomechiangmai/posts/4553569991537277/
บ้านเดี่ยว,ขาย 2.69 ล้านบาท,ซอยเทพบุตร 5 เข้าซอยตรงข้ามโลตัสใหม่ (สันกำแพง),50 ตารางวา 2 นอน 3 น้ำ,53/100,https://www.facebook.com/groups/landhomechiangmai/posts/4553567764870833/
บ้านเดี่ยว,1.89 ล.,ประตูโขง ลำพูน,- 2 นอน 2 น้ำ,82/100,https://www.facebook.com/groups/landhomechiangmai/posts/4553563054871304/
บ้านเดี่ยว,1.49 ลบ.,"หนองหนาม, ลำพูน",72 ตร.ว. 3 นอน 2 น้ำ,53/100,https://www.facebook.com/groups/landhomechiangmai/posts/4553557248205218/
บ้านเดี่ยว,-,"ใกล้เครือสหพัฒน์, ใกล้ตลาดจตุจักรคลำพูน",- 3 นอน 2 น้ำ,82/100,https://www.facebook.com/groups/landhomechiangmai/posts/4553537594873850/
ที่ดิน,3 ล้าน,รวมโชค บ้านสวนนทรี,106.4 ตารางวา -,82/100,https://www.facebook.com/groups/landhomechiangmai/posts/4553528591541417/
บ้านเดี่ยว,5.5ล.,-,2 ไร่ 6 นอน None น้ำ,87/100,https://www.facebook.com/groups/landhomechiangmai/posts/4553523271541949/
คอนโด,"2,490,000 บาท",นครพิงค์ ถนนห้วยแก้ว,40 ตร.ม. 1 นอน 1 น้ำ,82/100,https://www.facebook.com/groups/landhomechiangmai/posts/4553514664876143/
บ้านเดี่ยว,เพียง 2.59 ล้านบาท,ต.หนองจ๊อม อ.สันทราย จ.เชียงใหม่,96.6 ตรว. (เกือบ 100 ตรว.) พื้นที่ใช้สอย: 179 ตรม. 2 นอน 2 น้ำ,53/100,https://www.facebook.com/groups/landhomechiangmai/posts/4553498758211067/
บ้านเดี่ยว,5.19 ล้านบาท,ต.ป่าแดด อ.เมือง จ.เชียงใหม่,พื้นที่ใช้สอย 185 ตร.ม. ที่ดิน 67.5 ตร.ว. 4 นอน 3 น้ำ,82/100,https://www.facebook.com/groups/landhomechiangmai/posts/4553490741545202/
คอนโด,"1,490,000","เชียงใหม่, ใกล้เซ็นทรัลแอร์พอร์ต, สนามบิน, โลตัส, แม็คโครเชียงใหม่, มหาวิทยาลัยเชียงใหม่",31.71 ตร.ม. 1 นอน 1 น้ำ,53/100,https://www.facebook.com/groups/landhomechiangmai/posts/4553486428212300/
บ้านเดี่ยว,ราคาเพียง 1.5 ล้าน,"หมู่บ้านแม่กุ้งบก, อ.สันป่าตอง, จ.เชียงใหม่",118 ตารางวา 3 นอน 1 น้ำ,82/100,https://www.facebook.com/groups/landhomechiangmai/posts/4553472381547038/
บ้านเดี่ยว,1.89 ล.,ประตูโขง ลำพูน,- 2 นอน 2 น้ำ,82/100,https://www.facebook.com/groups/landhomechiangmai/posts/4553461254881484/
บ้านเดี่ยว,1.45ล้านบาท,"สันผักหวาน, เชียงใหม่",50ตรว. -,53/100,https://www.facebook.com/groups/landhomechiangmai/posts/4553460621548214/
บ้านเดี่ยว,1.49 ลบ.,"หนองหนาม, ลำพูน",72 ตร.ว. 3 นอน 2 น้ำ,53/100,https://www.facebook.com/groups/landhomechiangmai/posts/4553465771547699/
บ้านเดี่ยว,-,"ใกล้เครือสหพัฒน์, ใกล้ตลาดจตุจักร",- 3 นอน 2 น้ำ,82/100,https://www.facebook.com/groups/landhomechiangmai/posts/4553460448214898/
บ้านเดี่ยว,ราคาเริ่ม 8.××× ล้าน,ต.น้ำแพร่ อ.หางดง จ.เชียงใหม่,143.4 ตารางวา พื้นที่ใช้สอย 210 ตารางเมตร 5 นอน 4 น้ำ,66/100,https://www.facebook.com/groups/landhomechiangmai/posts/4553387988222144/
ที่ดิน,3 ล้านค่าโอนคนละครึ่ง,หมู่บ้านสวนนทรี ตำบลหนองจ๊อม เชียงใหม่,106.4 ตรว -,82/100,https://www.facebook.com/groups/landhomechiangmai/posts/4553374151556861/
บ้านเดี่ยว,ราคาเพียง 4.25 ล้านบาท,"สันทราย, ใกล้รวมโชค – เซ็นทรัลเฟสติวัล – กาดสามแยก",75 ตารางวา 3 นอน 3 น้ำ,53/100,https://www.facebook.com/groups/landhomechiangmai/posts/4553367454890864/
บ้านเดี่ยว,2.99 ล้าน,"โครงการอรสิริน 3 แยกหลุยส์, วงแหวนรอบสาม, เชียงใหม่",56 ตารางวา 3 นอน 2 น้ำ,47/100,https://www.facebook.com/groups/landhomechiangmai/posts/4553336454893964/
โรงงาน/ออฟฟิศ,"18,500,000 บาท(ค่าใช้จ่ายในการโอนคนละครึ่ง)",ใกล้มหาวิทยาลัยเชียงใหม่,116 ตร.วา พื้นที่ใช้สอย: 770 ตร.ม. 3 นอน 7 น้ำ,82/100,https://www.facebook.com/groups/landhomechiangmai/posts/4553336218227321/
ที่ดิน,"39,500,000 บาท",ต.หนองหาร อ.สันทราย จ.เชียงใหม่,23 ไร่ 2 งาน 97.7 ตารางวา -,82/100,https://www.facebook.com/groups/landhomechiangmai/posts/4553328674894742/
บ้านเดี่ยว,เริ่มต้น 2.633.600ล้านบาท,"ต.สันปูเลย, อ.ดอยสะเก็ด, จ.เชียงใหม่",72.4 ตารางวา 3 นอน 3 น้ำ,75/100,https://www.facebook.com/groups/landhomechiangmai/posts/4553301928230750/
ที่ดิน,"ไร่ละ 750,000 บาทยกแปลง 1,850,000บาท","บ้านเทศบาลนครเชียงใหม่, จังหวัดเชียงใหม่ 50210 อยู่หลังห้วยฮ่องไคร้ เชียงใหม่ ใกล้ชุมชน ใกล้แหล่งท่องเที่ยว วิวเขาสวย ลำธารน้ำใส",2ไร่ 2งาน None นอน 0 น้ำ,82/100,https://www.facebook.com/groups/landhomechiangmai/posts/4553299714897638/
ที่ดิน,"25,000,000 บาท",ติดถนนเชียงใหม่–หางดง ใกล้แม็คโครหางดง,310 ตารางวา -,49/100,https://www.facebook.com/groups/landhomechiangmai/posts/4553314391562837/
บ้านเดี่ยว,"3,799,000",ถ. ตัดใหม่โรงพยาบาล - ท่าจักรบ้านลำพูนคันทรีโฮม 3,167 ตารางวา 4 นอน 5 น้ำ,53/100,https://www.facebook.com/groups/landhomechiangmai/posts/4553310801563196/
บ้านเดี่ยว,2.4 ลบ.,"เทศบาลนครเชียงใหม่, จังหวัดเชียงใหม่ 50140",98 ตร.ว. 3 นอน 2 น้ำ,79/100,https://www.facebook.com/groups/landhomechiangmai/posts/4553298458231097/
บ้านเดี่ยว,2.99 ล้านบาท,เชียงใหม่,55.3 ตรว. 4 นอน 3 น้ำ,75/100,https://www.facebook.com/groups/landhomechiangmai/posts/4553298298231113/
บ้านเดี่ยว,2.4 ลบ.,"เทศบาลนครเชียงใหม่, จังหวัดเชียงใหม่ 50140",98 ตร.ว. 3 นอน 2 น้ำ,79/100,https://www.facebook.com/groups/landhomechiangmai/posts/4553296108231332/
บ้านเดี่ยว,2.4 ลบ.,"เทศบาลนครเชียงใหม่, จังหวัดเชียงใหม่ 50140",98 ตร.ว. 3 นอน 2 น้ำ,79/100,https://www.facebook.com/groups/landhomechiangmai/posts/4553294701564806/
ที่ดิน,"1,450,000 บาท(ลดจากราคาเดิม 1.85 ลบ.)",เขต ต.แม่ปูคา อ.สันกำแพง จ.เชียงใหม่,1 ไร่ 2 งาน 16 ตร.ว. -,82/100,https://www.facebook.com/groups/landhomechiangmai/posts/4553289228232020/
บ้านเดี่ยว,ราคาพิเศษเพียง 1.99 ล้านบาท,สารภี-ดอนแก้ว,52-56 ตรว. 3 นอน 2 น้ำ,66/100,https://www.facebook.com/groups/landhomechiangmai/posts/4553287491565527/
บ้านเดี่ยว,"1,790,000 บ.",หมู่บ้านสมหวัง ตำบลสันปูเลย อำเภอสันปูเลย จังหวัดเชียงใหม่,66 ตรว. 2 นอน 2 น้ำ,47/100,https://www.facebook.com/groups/landhomechiangmai/posts/4553281224899487/
คอนโด,"1,490,000","เชียงใหม่, ใกล้เซ็นทรัลแอร์พอร์ต, สนามบิน, โลตัส, แม็คโครเชียงใหม่, มหาวิทยาลัยเชียงใหม่",31.71 ตร.ม. 1 นอน 1 น้ำ,53/100,https://www.facebook.com/groups/landhomechiangmai/posts/4553276301566646/
ที่ดิน,"198,700,000 บาท","สี่แยกแม่คาวสะอาดใส, เชียงใหม่",6 ไร่ 83.4 ตารางวา -,49/100,https://www.facebook.com/groups/landhomechiangmai/posts/4553268271567449/
บ้านเดี่ยว,1.59 ลบ.,เชียงใหม่,32 ตารางวา 2 นอน 1 น้ำ,53/100,https://www.facebook.com/groups/landhomechiangmai/posts/4553266428234300/
บ้านเดี่ยว,ราคาเพียง 1.49 ลบ.,บ้านกอลุง ต.หนองหนาม อ.เมืองลำพูน,ที่ดิน 72 ตร.ว. พื้นที่ใช้สอย 113 ตร.ม. 3 นอน 2 น้ำ,66/100,https://www.facebook.com/groups/landhomechiangmai/posts/4553272984900311/
บ้านเดี่ยว,เริ่มต้นเพียง 1.99 ล้านบาท เท่านั้น!,บ้านสันต้นแหน แม่คือ เชียงใหม่,60 - 120 ตรว. 3 นอน 2 น้ำ,66/100,https://www.facebook.com/groups/landhomechiangmai/posts/4553268348234108/
บ้านเดี่ยว,5.5ล.,-,2 ไร่ 6 นอน None น้ำ,87/100,https://www.facebook.com/groups/landhomechiangmai/posts/4553253014902308/
บ้านเดี่ยว,5 ล้าน,ติดถนนใหญ่ เลยสี่แยกตลาดทุ่งเสี้ยวสันป่าตองขาออกเมือง100เมตร,267 ตรว. -,82/100,https://www.facebook.com/groups/landhomechiangmai/posts/4553262591568017/
บ้านเดี่ยว,"12.9 ล้านบาท( ค่าโอนคนละครึ่ง )พร้อมรับฟรี! รถไฟฟ้า JAECOO 5 EV มูลค่า 629,000.-","แม่เหียะ, เชียงใหม่",76 ตร.ว. 5 นอน 5 น้ำ,70/100,https://www.facebook.com/groups/landhomechiangmai/posts/4553254611568815/
บ้านเดี่ยว,2.59 ลบ.,หนองจ๊อม สันทราย บ้านแพะป่าห้า หมู่ 4 ตำบลหนองจ๊อม,96.9 ตารางวา 2 นอน 2 น้ำ,82/100,https://www.facebook.com/groups/landhomechiangmai/posts/4553250471569229/
บ้านเดี่ยว,1.89 ล.,ประตูโขง ลำพูน,- 2 นอน 2 น้ำ,82/100,https://www.facebook.com/groups/landhomechiangmai/posts/4553250148235928/
บ้านเดี่ยว,2.59 ล้านบาท," Amphoe San Sai, Chiang Mai, ใกล้แยกหนองจ๊อม, พิกัดบ้านแพะป่าห้า, ใกล้กาญกนกทาวน์, ตลาดสดท่าเกวียน, เซเว่น",96.9 ตารางวา 2 นอน 2 น้ำ,53/100,https://www.facebook.com/groups/landhomechiangmai/posts/4553249908235952/
ที่ดิน,"1,500,000.-บาท",ต.แม่แฝก อ.สันทราย จ.เชียงใหม่,1 ไร่ 92 ตรว. -,53/100,https://www.facebook.com/groups/landhomechiangmai/posts/4553245108236432/
บ้านเดี่ยว,1.49 ลบ.,"หนองหนาม, ลำพูน",72 ตร.ว. 3 นอน 2 น้ำ,53/100,https://www.facebook.com/groups/landhomechiangmai/posts/4553237374903872/
บ้านเดี่ยว,ราคาเพียง 2.89 ล้านบาท,"สารภี, เชียงใหม่",50 ตรว. พื้นที่ใช้สอย 220 ตรม. 3 นอน 3 น้ำ,66/100,https://www.facebook.com/groups/landhomechiangmai/posts/4553215761572700/
ที่ดินเปล่า,ราคาเพียง 2.2 ล้าน,ต.น้ำแพร่ อ.หางดง,2 งาน 48 ตร.วา -,82/100,https://www.facebook.com/groups/landhomechiangmai/posts/4553209834906626/
บ้านเดี่ยว,-,"ใกล้เครือสหพัฒน์, ใกล้ตลาดจตุจักร",- 3 นอน 2 น้ำ,82/100,https://www.facebook.com/groups/landhomechiangmai/posts/4553235118237431/
ที่ดิน,"696,000 บาท","ต.เหมืองง่า, จ.ลำพูน",180 ตารางวา -,82/100,https://www.facebook.com/groups/landhomechiangmai/posts/4553219504905659/
บ้านเดี่ยว,ราคาเพียง 3.89 ล้านเท่านั้น!,ต.ป่าแดด อ.เมือง เชียงใหม่,ที่ดิน 50 ตร.ว. พื้นที่ใช้สอย 155 ตร.ม. 3 นอน 3 น้ำ,66/100,https://www.facebook.com/groups/landhomechiangmai/posts/4553216911572585/
บ้านเดี่ยว,7.99 ล้าน,"บ้านสันทราย, เทศบาลนครเชียงใหม่, จังหวัดเชียงใหม่ 50210","ที่ดิน 72 ตารางวา, เนื้อที่ใช้สอยกว่า 280 ตารางเมตร 5 นอน 5 น้ำ",50/100,https://www.facebook.com/groups/landhomechiangmai/posts/4553209668239976/
บ้านเดี่ยว,3.8 ล้านบาท,"บ้านแหวน, หางดง, เชียงใหม่",103 ตรว 3 นอน 3 น้ำ,53/100,https://www.facebook.com/groups/landhomechiangmai/posts/4553201901574086/
บ้านเดี่ยว,1.49 ลบ.,โครงการเมืองเหนือวิลล่า แยกดอยติ อ.เมืองลำพูน จ.ลำพูน,70 ตร.ว. 2 นอน 1 น้ำ,66/100,https://www.facebook.com/groups/landhomechiangmai/posts/4553200991574177/
บ้านเดี่ยว,5.9 ล้านบาท,ต.ออนกลาง อ.แม่ออน จ.เชียงใหม่,200 ตรว. 3 นอน 2 น้ำ,47/100,https://www.facebook.com/groups/landhomechiangmai/posts/4553200908240852/
บ้านเดี่ยว,5.9 ล้านบาท,ต.ป่าบง อ.สารภี จ.เชียงใหม่,100.5 ตรว. ใช้สอย 243 ตรม. 4 นอน 5 น้ำ,82/100,https://www.facebook.com/groups/landhomechiangmai/posts/4553200838240859/
อื่นๆ,"29,000,000 บาท",ต.น้ำแพร่ อ.หางดง จ.เชียงใหม่,2 ไร่ 2 งาน 3 ตารางวา 36 นอน None น้ำ,82/100,https://www.facebook.com/groups/landhomechiangmai/posts/4553186198242323/
ที่ดิน,"696,000",ต.เหมืองง่า จ.ลำพูน,180 ตารางวา -,82/100,https://www.facebook.com/groups/landhomechiangmai/posts/4553187228242220/
บ้านเดี่ยว,4.5ล้านบาท,อําเภอเมือง จังหวัดเชียงใหม่,108.6 ตารางวา 3 นอน 2 น้ำ,53/100,https://www.facebook.com/groups/landhomechiangmai/posts/4553163521577924/
บ้านเดี่ยว,ราคาเพียง 3.853 ลบ.,"ใกล้สนามบินเชียงใหม่, ใกล้เมือง, หลังแม็คโครแม่เหียะ, สันผักหวาน, วังตาล",59 ตรว. 4 นอน 3 น้ำ,66/100,https://www.facebook.com/groups/landhomechiangmai/posts/4553152394912370/
ที่ดินเปล่า,"280,000 บาท, 320,000 บาท, 480,000 บาท (ราคารวมค่าโอนทุกโฉนด)",สันกำแพง ใกล้ อบต.ร้องวัวแดง,"39 ตรว., 45 ตรว., 108 ตรว. -",87/100,https://www.facebook.com/groups/landhomechiangmai/posts/4553140824913527/
ที่ดินเปล่า,"ราคา 650,000 บาท",บ้านป่าสักน้อย อ.สันกำแพง เชียงใหม่,100 ตารางวา -,82/100,https://www.facebook.com/groups/landhomechiangmai/posts/4553092518251691/
บ้านเดี่ยว,-,ต.หนองผึ้ง อ.สารภี จ.เชียงใหม่,86ตร.ม. | 35ตร.ว. 2 นอน 2 น้ำ,49/100,https://www.facebook.com/groups/landhomechiangmai/posts/4553087628252180/
ที่ดิน,"6ไร่ๆละ490,000 บาท",แม่แตง เชียงใหม่,ประมาณ 6 ไร่ -,82/100,https://www.facebook.com/groups/landhomechiangmai/posts/4553082398252703/
บ้านเดี่ยว,2.70 ล้านบาท,ต.ป่าบง อ.สารภี จ.เชียงใหม่,95 ตรว. 3 นอน 2 น้ำ,82/100,https://www.facebook.com/groups/landhomechiangmai/posts/4553081294919480/
บ้านเดี่ยว,"ราคาขายเพียง : 1,590,000 บาท",หมู่บ้านนพเก้า ต.สันป่าเปา อ.สันทราย จ.เชียงใหม่,65.2 ตารางวา 3 นอน 2 น้ำ,70/100,https://www.facebook.com/groups/landhomechiangmai/posts/4553077801586496/
ที่ดิน,ไร่ละ 3 แสน,ต.แม่แฝก อ.สันทราย จ.เชียงใหม่,5 ไร่ -,82/100,https://www.facebook.com/groups/landhomechiangmai/posts/4553072388253704/
ที่ดิน,ไร่ละ 3 แสน,ต.แม่แฝก อ.สันทราย จ.เชียงใหม่,5 ไร่ -,82/100,https://www.facebook.com/groups/landhomechiangmai/posts/4553071954920414/
บ้านเดี่ยว,10.9 ล้านบาท,ต.สันทรายน้อย อ.สันทราย จ.เชียงใหม่,119 ตรว. 4 นอน 5 น้ำ,82/100,https://www.facebook.com/groups/landhomechiangmai/posts/4553068314920778/
บ้านเดี่ยว,2.8 ล้านบาท,ต.สันกำแพง อ.สันกำแพง จ.เชียงใหม่,68 ตรว. 4 นอน 3 น้ำ,82/100,https://www.facebook.com/groups/landhomechiangmai/posts/4553067094920900/
บ้านเดี่ยว,8.5 ล้านบาท,ต.หนองจ๊อม อ.สันทราย จ.เชียงใหม่,186 ตรม. 5 นอน 3 น้ำ,49/100,https://www.facebook.com/groups/landhomechiangmai/posts/4553065204921089/
บ้านเดี่ยว,24 ล้านบาท,หนองหอย เมืองเชียงใหม่ เชียงใหม่,1-0-59 ไร่ 4 นอน 4 น้ำ,49/100,https://www.facebook.com/groups/landhomechiangmai/posts/4553064814921128/
คอนโด,"ราคาขาย 2,750,000 บ.",Escent Park Ville Chiang Mai,33 ตารางเมตร 1 นอน 1 น้ำ,82/100,https://www.facebook.com/groups/landhomechiangmai/posts/4553063651587911/
บ้านเดี่ยว,231/18= 2.98 ล้าน 231/19=2.95 ล้าน 231/24= 2.89 ล้าน 231/25= 2.98 ล้าน,"โซน วชิราลัย, เชียงใหม่",231/18=52.2 ตรว. 231/19=51.4 ตรว. 231/24=50 ตรว. 231/25=54.6 ตรว. -,47/100,https://www.facebook.com/groups/landhomechiangmai/posts/4553061808254762/
บ้านเดี่ยว,ราคาเริ่มต้นเพียง 7.9 ล้านบาท,ต.สุเทพ อ.เมืองเชียงใหม่,พื้นที่ดินเริ่มต้น 52 ตร.วา พื้นที่ใช้สอย 282 ตร.ม. 4 นอน 3 น้ำ,75/100,https://www.facebook.com/groups/landhomechiangmai/posts/4553025754925034/
บ้านเดี่ยว,1.5ลบ,ดอนแก้ว แม่ริม,35.8 ตร.วา 3 นอน 2 น้ำ,82/100,https://www.facebook.com/groups/landhomechiangmai/posts/4553012151593061/
คอนโด,"5,200,000 THB","ถนนนิมมานซอย 6, เมืองเชียงใหม่",59.47 Sqm 2 นอน 1 น้ำ,82/100,https://www.facebook.com/groups/landhomechiangmai/posts/4552991744928435/
บ้านเดี่ยว,1.59 ลบ.,"โซนสารภีกู่แดง, สันผักหวาน, หางดง, เมือง, สันทรายแม่โจ้",51ตร.ว 2 นอน 2 น้ำ,79/100,https://www.facebook.com/groups/landhomechiangmai/posts/4552994298261513/
บ้านเดี่ยว,ราคาเริ่มที่. 8.5×× ลบ. ค่ะ,"สันผักหวาน, หางดง, สารภี, เมืองเชียงใหม่",67.4 - 69.5 ตรว. 4 นอน 5 น้ำ,53/100,https://www.facebook.com/groups/landhomechiangmai/posts/4552959608264982/
บ้านเดี่ยว,1.39 ล้านบาท,"ใกล้ ปตท แม่ริม, ใกล้ตลาดเหมืองผ่า, สำนักที่ดินฯ สาขาแม่ริม, ตลาด อบต.ริมเหนือ, ที่ว่าการอำเภอแม่ริม",54 ตารางวา 2 นอน 2 น้ำ,82/100,https://www.facebook.com/groups/landhomechiangmai/posts/4552928481601428/
บ้านเดี่ยว,4.79 ล้าน,ป่าข่อยใต้ สันผีเสื้อ อ.เมืองเชียงใหม่,200ตรม 3 นอน 3 น้ำ,82/100,https://www.facebook.com/groups/landhomechiangmai/posts/4552880538272889/
ที่ดิน,"750,0000",สันกำแพง เชียงใหม่,134 ตรว. -,87/100,https://www.facebook.com/groups/landhomechiangmai/posts/4552543488306594/
ที่ดิน,1.6 ล้าน,"บ้านท่าใหม่อิ ซอย 11, ป่าแดด, หมู่ที่ 5, เชียงใหม่ 50100, ประเทศไทย",100 ตารางวา -,82/100,https://www.facebook.com/groups/landhomechiangmai/posts/4552539471640329/
ที่ดิน,ราคาขาย 8 แสนบาท,"บ้านโรงเรียนวชิราลัย, ยางเนิ้ง, สารภี, เชียงใหม่ 50140, ประเทศไทย",45 ตารางวา -,53/100,https://www.facebook.com/groups/landhomechiangmai/posts/4552537354973874/
ที่ดิน,"12,348,000.- บาท","อำเภอสันกำแพง, เทศบาลนครเชียงใหม่, จังหวัดเชียงใหม่ 50130",686 ตารางวา (1 ไร่ 3 งาน 66 ตารางวา) -,82/100,https://www.facebook.com/groups/landhomechiangmai/posts/4552533158307627/
บ้านเดี่ยว,13 ล้านบาท,"ถนน โชตนา, ดอนแก้ว, หมู่ที่ 5, เชียงใหม่ 50180, ประเทศไทย",2 ไร่ 2 งาน 15 ตารางวา 5 นอน 6 น้ำ,82/100,https://www.facebook.com/groups/landhomechiangmai/posts/4552532084974401/
ที่ดิน,3.2 ล้านบาท,"บ่อสร้าง ซอย 7, ต้นเปา, หมู่ที่ 3, เชียงใหม่ 50130, ประเทศไทย",204 ตารางวา None นอน 0 น้ำ,82/100,https://www.facebook.com/groups/landhomechiangmai/posts/4552531481641128/
บ้านเดี่ยว,ราคาเพียง 1.25 ล้านบาท,"ทุ่งข้าวตอก, หนองแหย่ง, สันทราย, เชียงใหม่ 50210, ประเทศไทย",178 ตารางวา 2 นอน 1 น้ำ,82/100,https://www.facebook.com/groups/landhomechiangmai/posts/4552523431641933/
ที่ดินเปล่า,"ตารางวาละ 2,200.- บาท เท่านั้น !!","บ้านดอยหล่อ, เทศบาลนครเชียงใหม่, จังหวัดเชียงใหม่ 50160",3 แปลง None นอน 0 น้ำ,82/100,https://www.facebook.com/groups/landhomechiangmai/posts/4552519901642286/
ที่ดินเปล่า,"ราคาเพียงตารางวาละ 15,000.- บาท เท่านั้น!!","บ้านสันทุ่งใหม่ ซอย 1, สันปูเลย, หมู่ที่ 11, เชียงใหม่ 50220, ประเทศไทย",4 แปลง None นอน 0 น้ำ,82/100,https://www.facebook.com/groups/landhomechiangmai/posts/4552519431642333/
ที่ดิน,200 ล้านบาท,"บ้านซุปเปอร์ไฮเวย์, ฟ้าฮ่าม, เชียงใหม่, เชียงใหม่ 50000, ประเทศไทย",4 ไร่ 9 ตารางวา -,82/100,https://www.facebook.com/groups/landhomechiangmai/posts/4552517524975857/
บ้านเดี่ยว,ราคาเพียง 7 ล้านบาท,"บ้านโชตนา ซอย 22 ก, ช้างเผือก, หมู่ที่ 3, เชียงใหม่ 50300, ประเทศไทย",220 ตารางเมตร 3 นอน 4 น้ำ,82/100,https://www.facebook.com/groups/landhomechiangmai/posts/4552512961642980/
ทาวน์โฮม,1.69 ล้านบาท,"ทาวน์เฮาส์เพชรริมปิง, ดอนแก้ว, หมู่ที่ 3, เชียงใหม่ 50180, ประเทศไทย",- 2 นอน 2 น้ำ,82/100,https://www.facebook.com/groups/landhomechiangmai/posts/4552509948309948/
บ้านเดี่ยว,1.99 ล้านบาท,"ต.ป่าไผ่, อ.สันทราย, จ.เชียงใหม่",65 ตารางวา 3 นอน 2 น้ำ,66/100,https://www.facebook.com/groups/landhomechiangmai/posts/4552494784978131/
บ้านเดี่ยว,"1,890,000 บาท",ชุมชนหมู่บ้านมะเขือแจ้หมู่1 ต.มะเขือแจ้ อ.เมือง จ.ลำพูน,120 ตรม 2 นอน 2 น้ำ,53/100,https://www.facebook.com/groups/landhomechiangmai/posts/4552499468310996/
บ้านเดี่ยว,2.79 ล้านบาท,"บ้านสารภี, เทศบาลนครเชียงใหม่, จังหวัดเชียงใหม่ 50140 หมู่บ้านกู่แดง ต.หนองแฝก อ.สารภี",53 ตารางวา 4 นอน 3 น้ำ,47/100,https://www.facebook.com/groups/landhomechiangmai/posts/4552498554977754/
บ้านเดี่ยว,1.39 ล้านบาท,"บ้านม.นอร์ท เชียงใหม่, เทศบาลนครเชียงใหม่, จังหวัดเชียงใหม่ 50230",32 ตารางวา 1 นอน 1 น้ำ,82/100,https://www.facebook.com/groups/landhomechiangmai/posts/4552497638311179/
ที่ดิน,"ราคาขาย 1,550,000.- บาท","บ้านบ้านยางพระธาตุ, ทางหลวงชนบท ชม. 3019, สันปูเลย, หมู่ที่ 11, เชียงใหม่ 50220, ประเทศไทย",97.30 ตารางวา -,53/100,https://www.facebook.com/groups/landhomechiangmai/posts/4552489861645290/
ที่ดิน,"ราคาขาย 850,000.- บาท","บ้านบ้านหนองก้นครุ, หนองแหย่ง, หมู่ที่ 4, เชียงใหม่ 50210, ประเทศไทย",100 ตารางวา -,47/100,https://www.facebook.com/groups/landhomechiangmai/posts/4552489668311976/
ที่ดิน,2.3 ล้านบาท,"บ้านป้อมตํารวจบ้านยวม, ป่าบง, สารภี, เชียงใหม่ 50140, ประเทศไทย",178.80 ตารางวา -,53/100,https://www.facebook.com/groups/landhomechiangmai/posts/4552483998312543/
บ้านเดี่ยว,6.5 ล้านบาท,"บ้านวรารมย์ พรีเมี่ยม ศาลากลาง, สันผีเสื้อ, เชียงใหม่, เชียงใหม่ 50300, ประเทศไทย",52.2 ตารางวา / พื้นที่ใช้สอย 138 ตารางเมตร 3 นอน 3 น้ำ,47/100,https://www.facebook.com/groups/landhomechiangmai/posts/4552482268312716/
ที่ดิน,3.4 ล้านบาท,"บ้านบ้านปางแฟน, 118, ป่าเมี่ยง, ดอยสะเก็ด, เชียงใหม่ 50220, ประเทศไทย",1 ไร่ 2 งาน 3 ตารางวา -,53/100,https://www.facebook.com/groups/landhomechiangmai/posts/4552481441646132/
บ้านเดี่ยว,"ราคาขาย 2,990,000 บาท",ต.สันโปง อ.แม่ริม จ.เชียงใหม่,96 ตรว 4 นอน 4 น้ำ,47/100,https://www.facebook.com/groups/landhomechiangmai/posts/4552474931646783/
บ้านเดี่ยว,"ราคาบ้าน 2,900,0000 ล้าน","ตำบลดอนแก้ว, อำเภอสารภี, เชียงใหม่",120 ตารางวา 5 นอน 4 น้ำ,82/100,https://www.facebook.com/groups/landhomechiangmai/posts/4552470628313880/
ที่ดิน,"ราคาขาย วาละ 3,500 บาท",บ้านช่างเคิ่ง ทต สารภี อ สารภี,1 ไร่ 331 วา -,82/100,https://www.facebook.com/groups/landhomechiangmai/posts/4552480774979532/
บ้านเดี่ยว,"1,700,000 ล้านบาท","ตำบลดอนแก้ว, อำเภอสารภี, เชียงใหม่",100 ตรว. 2 นอน 1 น้ำ,49/100,https://www.facebook.com/groups/landhomechiangmai/posts/4552478164979793/
บ้านเดี่ยว,"6,500,000 ล้าน",บ้านสันศรี ต. สันพระเนตร อ. สันทราย จ. เชียงใหม่,298 ตรว -,82/100,https://www.facebook.com/groups/landhomechiangmai/posts/4552468944980715/
ที่ดินเปล่า,"990,000 แสน บาท",ในหมู่บ้าน เอ็มเอส วิลเลท หนองผึ้ง สารภี,68 ตรว -,82/100,https://www.facebook.com/groups/landhomechiangmai/posts/4552468731647403/
ที่ดิน,"3,900,000 บาท",ต.ป่าตัน อ.เมือง เชียงใหม่ (อยู่หลังแบงก์ชาติ เชียงใหม่),106.8 ตรว. -,82/100,https://www.facebook.com/groups/landhomechiangmai/posts/4552466891647587/
บ้านเดี่ยว,1.49 ลบ.,โครงการเมืองเหนือวิลล่า แยกดอยติ อ.เมืองลำพูน จ.ลำพูน,70 ตร.ว. 2 นอน 1 น้ำ,66/100,https://www.facebook.com/groups/landhomechiangmai/posts/4552452398315703/
บ้านเดี่ยว,5.19 ล้านบาท,ตำบลสันปูเลย อำเภอดอยสะเก็ด เทศบาลนครเชียงใหม่ จังหวัดเชียงใหม่ 50220,121.30 ตารางวา 3 นอน 3 น้ำ,47/100,https://www.facebook.com/groups/landhomechiangmai/posts/4552463898314553/
ที่ดิน,"วาละ 22,000 บาท",หมู่บ้าน เชียงทอง ติดสนามบิน ทต สุเทพ,942 วา -,82/100,https://www.facebook.com/groups/landhomechiangmai/posts/4552461858314757/
บ้านเดี่ยว,2.59 ลบ,หนองจ๊อม สันทราย,96.9 ตารางวา 2 นอน 2 น้ำ,82/100,https://www.facebook.com/groups/landhomechiangmai/posts/4552461424981467/
คอนโด,"1,180,000 บาท","ศรีอนันต์, เชียงใหม่",31.60 ตร.ม. 1 นอน 1 น้ำ,53/100,https://www.facebook.com/groups/landhomechiangmai/posts/4552418554985754/
บ้านเดี่ยว,2.45ล้านบาท,"บ้านแม่เหียะ, เทศบาลนครเชียงใหม่, จังหวัดเชียงใหม่ 50100",40 ตารางวา 3 นอน 2 น้ำ,53/100,https://www.facebook.com/groups/landhomechiangmai/posts/4552413464986263/
บ้านเดี่ยว,1.49 ลบ.,"หนองหนาม, ลำพูน",72 ตร.ว. 3 นอน 2 น้ำ,53/100,https://www.facebook.com/groups/landhomechiangmai/posts/4552411141653162/
