ประเภท,ราคา,ทำเล,ขนาด,Owner Score,Link
ที่ดิน,"ราคา: 850,000","ที่ดินเชียงดาว | อำเภอเชียงดาว | เชียงใหม่ | บ้านจอมคีรี | Ban Chom Khiri Village | Chiang Dao District, Chiang Mai | ติดลำธาร | ติดถนน | เส้นทางไปรีสอร์ทบุราภัฎ และบ้านต้นไม้ | อยู่ในชุมชน | ห่างเมืองเชียงดาวแค่ 5-6 กม. | ห่างถนนเส้น 107 แค่ 600 เมตร | ห่าง โรงพยาบาลชุมชนแม่นะ 1 กม. | ห่าง โรงเรียนแม่นะ 1 กม. | ห่าง ตลาดสด 1 กม. | ห่าง ร้านสะดวกซื้อ 7-11 1 กม.",เนื้อที่: 154 ตารางวา | เนื้อที่ 154 ตารางวา | โฉนด 1 งาน 54 วา | มีที่ดินงอกริมน้ำอีก 20 วา | เนื้อที่งอกริมลำธารอีก 20 วา | 1 ngan 54 wah ( 616 sqm.) -,95/100,https://baan.kaidee.com/product-367612538
บ้านเดี่ยว,"ราคา: 2,990,000",ตำบลยุหว่า อำเภอสันป่าตอง จังหวัดเชียงใหม่ | ใกล้ รพ สันป่าตอง | ใกล้หนองสะเรียม | ใกล้ห้างบิ๊กซี | ใกล้ ม.นอร์ท เชียงใหม่ | ใกล้วัดป่าพรหมปัญญาโญ (หลวงปู่ดู่ หลวงตาม้า) | ใกล้วัดหนองปึ๋ง | ใกล้เทวะสถานพระศิวะมหาเทพ | ใกล้โรงพยาบาลสันป่าตอง | ใกล้โรงเรียนสันป่าตอง | ใกล้อำเภอ | ใกล้กรมที่ดิน | ใกล้สวนสาธารณะหนองสะเรียม | ห่างสนามบินเชียงใหม่เพียง 22 กม.,เนื้อที่: 399 ตารางวา | เนื้อที่ 399 ตารางวา | ขนาดที่ดิน 399 ตารางวา 3 นอน 3 น้ำ,95/100,https://baan.kaidee.com/product-367803193
ที่ดิน,"450,000,000",ตรงข้าม มหาวิทยาลัยแม่โจ้ จ.เชียงใหม่,พื้นที่ทั้งหมด 18 ไร่ | ตัดทางสาธารณะไป จำนวน 2 ไร่ | สิ่งปลูกสร้างจำนวน 3 ไร่ | จำนวนพื้นที่เปล่าคงเหลือ เท่ากับ 13 ไร่ -,95/100,https://baan.kaidee.com/product-367882394
บ้านเดี่ยว,"2,790,000",หนองผึ้ง สารภี | ม.ลัดดามณี ม.7(บ้านโป่งแห้ง) หนองผึ้ง สารภี | ใกล้แยกกองทราย | วัดบวกครกเหนือ,เนื้อที่: 60 ตารางวา | เนื้อที่ 60 ตารางวา 3 นอน 3 น้ำ,95/100,https://baan.kaidee.com/product-367937725
ทาวน์เฮ้าส์,ราคาขาย 1.6 ล้านบาท,หมู่บ้านวังตาลวิลล่า ป่าแดด | ในตัวเมือง | ใกล้เซ็นทรัลแอร์พอร์ต เชียงใหม่,เนื้อที่: 16 ตารางวา | เนื้อที่ 16 ตารางวา | 16 ตร.ว. 2 นอน 2 น้ำ,95/100,https://baan.kaidee.com/product-368123336
ทาวน์เฮ้าส์,ราคาขาย 1.6 ล้านบาท,หมู่บ้านวังตาลวิลล่า ป่าแดด ในตัวเมือง | ใกล้เซ็นทรัลแอร์พอร์ต เชียงใหม่ (วังตาลวิลล่า ป่าแดด),เนื้อที่: 16 ตารางวา | เนื้อที่ 16 ตารางวา | 16 ตร.ว. 2 นอน 2 น้ำ,95/100,https://baan.kaidee.com/product-368553060
ทาวน์เฮ้าส์,"ราคา: 2,490,000",เชียงใหม่,เนื้อที่: 25 ตารางวา | เนื้อที่ 25 ตารางวา | ขนาด 25 ตร.วา | หน้ากว้าง 5 เมตร 3 นอน 2 น้ำ,95/100,https://baan.kaidee.com/product-368556614
บ้านเดี่ยว,"4,500,000",อยู่วงแหวนรอบสาม ติดถนนใหญ่ | ใกล้ตลาดเจริญเจริญ | ปั้มน้ำมันปตท | บิ๊กซี | เซ็นทรัลแอร์พอร์ตเชียงใหม่ | สนามบินเชียงใหม่,เนื้อที่: 74 ตารางวา | เนื้อที่ 74 ตารางวา | ที่ดิน 74 ตรว. 3 นอน 3 น้ำ,95/100,https://baan.kaidee.com/product-368570990
อาคารพาณิชย์,"2,990,000",เลขที่ 200/6 ติดถนน หน้าหมู่บ้านสมหวังท่าวังตาล | อยู่ใกล้บิ๊กซีและแม็คโครแม่เหียะ,เนื้อที่ 66 ตารางเมตร 2 นอน 2 น้ำ,95/100,https://baan.kaidee.com/product-368595949
บ้านเดี่ยว,"ราคา 3,699,999 บาท รวมโอน (ลดจาก 3,899,999 ราคานี้ถึง 31 ธ.ค. 2568 เท่านั้น)",บ้านชาริน ต้นเปา สันกำแพง เชียงใหม่ | หมู่บ้านอยู่ติดถนนใหญ่ 4 เลน | ตรงข้ามเทศบาลต้นเปา | ใกล้ตลาด โลตัส ไปรษณีย์ไทย/flash/kerry,เนื้อที่: 82 ตารางวา | เนื้อที่ 82 ตารางวา | ขนาดที่ดิน 82 ตารางวา 4 นอน 3 น้ำ,95/100,https://baan.kaidee.com/product-368629553
คอนโด,"15,500,000","ชั้น 4 อ.แม่ริม จ.เชียงใหม่ | ต.ช้างเผือก อ.แม่ริม จ.เชียงใหม่ | The Condo area is Changphuak district, Mueang Chiangmai",เนื้อที่: 220 ตารางเมตร | เนื้อที่ 220 ตารางเมตร | 220 sqmeter 182 seeter indor and 38 sqmeter terrace balcony 3 นอน 3 น้ำ,95/100,https://baan.kaidee.com/product-368719922
ที่ดิน,"450,000,000",เชียงใหม่ | ติดถนนซุปเปอร์ไฮเวย์ลำปาง-เชียงใหม่ | ใกล้ รพ.กรุงเทพ เชียงใหม่ | สถานีรถไฟเชียงใหม่ | ห้างเซ็นทรัลเฟสติวัล เชียงใหม่ | ตัวเมืองเชียงใหม่ | ท่าอากาศยานนานาชาติเชียงใหม่,เนื้อที่: 26 ไร่ | เนื้อที่ 26 ไร่ | พื้นที่ 26-0-73.2 ไร่ | หน้ากว้างติดถนน 205 เมตร -,95/100,https://baan.kaidee.com/product-368722703
ที่ดิน,"ราคา: 5,200,000",ต.สันกลาง อ.สันกำแพง จ.เชียงใหม่ | ถ.สันกำแพงสายเก่า | เข้าซอยพีคอลเลคชั่น 300เมตร,"เนื้อที่ 200 ตารางวา | เนื้อที่ 200 ตารางวา | ตร.ว ละ 26,000บาท -",95/100,https://baan.kaidee.com/product-368737530
ที่ดิน,"23,500,000",ต.สบเปิง อ.แม่แตง จ.เชียงใหม่ | ห่างจากตัวเมืองเชียงใหม่ 40 กม.,เนื้อที่ 19 ไร่ 2 งาน 20 ตารางวา | เนื้อที่ 19-2-60 ไร่ -,95/100,https://baan.kaidee.com/product-368776105
ที่ดิน,"ราคา: 429,000",ตำบลสันทรายหลวง | อำเภอสันทราย | จังหวัดเชียงใหม่ | ห่างจาก โรงเรียนบ้านเมืองขอน ประมาณ 1.2 กิโลเมตร | ห่างจาก มหาวิทยาลัยแม่โจ้ ประมาณ 7.1 กิโลเมตร,เนื้อที่: 100 ตารางวา | เนื้อที่ 100 ตารางวา | เนื้อที่ 100 ตารางวา -,95/100,https://baan.kaidee.com/product-368829473
ที่ดิน,"ราคา: 42,000,000",ย่านสันทราย-เเม่โจ้ | ถนนเกษตรใหม่ 3 ตำบลหนองหาร อำเภอสันทราย จังหวัดเชียงใหม่ | ห่างถนนวงเเหวนรอบ 4 ราว 50 เมตร,"เนื้อที่: 2393 ตารางวา | เนื้อที่ 2393 ตารางวา | 5 - 3 - 93 ไร่ ( 2,393 ตารางวา ) -",95/100,https://baan.kaidee.com/product-368830630
ที่ดิน,"210,000,000",ถนนเจริญเมือง อำเภอเมืองเชียงใหม่ จังหวัดเชียงใหม่ | ใกล้สี่แยกหนองประทีป | ห่างจากสี่แยกหนองประทีป ราวสามสิบสิบเมตร,"เนื้อที่ 4 | เนื้อที่ 4 ขายที่ดินใจกลางเมืองเชียงใหม่ ถนนเจริญเมือง ใกล้สี่เเยกหนองประทีป | เนื้อที่ 3 - 3 - 56.2 ไร่ ( 1,556.2 ตารางวา ) | หน้ากว้างติดถนนใหญ่ 50 เมตร ลึก 100 เมตร -",95/100,https://baan.kaidee.com/product-368830735
ที่ดิน,"70,330,000 เนื้อที่: 827 ตารางวา | เนื้อที่ 827 ตารางวา ขายที่ดินสวยติดเเม่น้ำปิง ฟ้าฮ่าม เชียงใหม่ ( ด่วน ปรับราคาใหม่ ) ที่ดินสวยติดแม่น้ำปิง เนื้อที่ 2 - 0 - 27.4 ไร่ ( 827.4 ตารางวา ) ตั้งอยู่ที่ หมู่ 1 ถนนสุขสัญจร ซอย 12 ตำบลฟ้าฮ่าม อำเภอเมือง จังหวัดเชียงใหม่ ( เขตเทศบาลตำบลฟ้าฮ่าม ) มี 4 โฉนดรวมกัน หน้ากว้างติดริมน้ำปิงประมาณ 40 เมตร ลึก 100 เมตร มีที่งอกริมเเม่น้ำ 2 งาน 31.7 ตารางวา ที่ดินติดสวนสาธารณะของเทศบาลตำบลฟ้าฮ่าม ริมเเม่น้ำปิง ยาวประมาณ 500 เมตร การคมนาคมสะดวกมาก เข้าออกได้หลายเส้นทาง ราคารวมทั้งเเปลง 70,330,000 บาท ( เจ็ดสิบล้านสามแสนสามหมื่นบาทถ้วน ) ค่าธรรมเนียมโอนที่สำนักงานที่ดินฝ่ายละครึ่ง ( ปรับราคาลง จากราคาเดิมตารางวาละ 100,000 บาท ) ติดต่อคุณหน่อย 081 4384000",หมู่ 1 ถนนสุขสัญจร ซอย 12 ตำบลฟ้าฮ่าม อำเภอเมือง จังหวัดเชียงใหม่ ( เขตเทศบาลตำบลฟ้าฮ่าม ) | ริมแม่น้ำปิง | ติดสวนสาธารณะของเทศบาลตำบลฟ้าฮ่าม,เนื้อที่: 827 ตารางวา | เนื้อที่ 827 ตารางวา | 2 - 0 - 27.4 ไร่ ( 827.4 ตารางวา ) | หน้ากว้างติดริมน้ำปิงประมาณ 40 เมตร | ลึก 100 เมตร | ที่งอกริมแม่น้ำ 2 งาน 31.7 ตารางวา -,95/100,https://baan.kaidee.com/product-368897903
บ้านเดี่ยว,"2,600,000",หมู่บ้านวังตาลวิลล่า ต.ป่าแดด,เนื้อที่: 70 ตารางวา | เนื้อที่ 70 ตารางวา 3 นอน 2 น้ำ,95/100,https://baan.kaidee.com/product-368898573
ที่ดิน,"ราคา: 350,000",ฝาง เชียงใหม่ | ใกล้แหล่งท่องเที่ยว. วัด ศูนย์ราชการ โรงพยาบาล. โรงเรียน.,เนื้อที่: 14 ไร่ | เนื้อที่ 14 ไร่ | ที่ดินขนาด 14-1-79. ไร่ๆละ 350000. -,95/100,https://baan.kaidee.com/product-368982942
ที่ดิน,ราคาทั้งแผ่นดิน 82 ล้านบาท ( แปดสิบสองล้านบาทถ้วน ),ตำบลหนองควาย อำเภอหางดง จังหวัดเชียงใหม่ | ติดถนนราชพฤกษ์ เชียงใหม่ | ไม่ไกลจากอุทยานหลวงราชพฤกษ์ ไนท์ซาฟารี เเละตลาดเเม่เหียะ,"เนื้อที่ 2054 | เนื้อที่ 2054 ขายที่ดินสวยน้ำไม่ท่วม ติดถนนราชพฤกษ์ เชียงใหม่ | เนื้อที่ 5 - 0 - 54 ไร่ ( 2,054 ตารางวา ) | ที่ดินหน้ากว้างติดถนนราชพฤกษ์ยาว 69 เมตร ลึก 100 เมตร | ระดับที่ดินเสมอกับถนน -",95/100,https://baan.kaidee.com/product-369030860
บ้านเดี่ยว,"68,000,000",ต.สันผักหวาน อ.หางดง จ.เชียงใหม่ | ใกล้หมู่บ้านขวัญเวียง | ติดถนนซุปเปอร์ไฮเวย์ รอบเมืองเชียงใหม่ (วงแหวน3) | ช้างคลาน เชียงใหม่ | โซนหางดง เชียงใหม่,เนื้อที่: 6 ไร่ | เนื้อที่ 6 ไร่ | 6 ไร่ 66 ตรว. 4 นอน 4 น้ำ,95/100,https://baan.kaidee.com/product-369055175
ที่ดิน,"ราคา: 590,000",ที่ดินไม่มีสิ่งปลูกสร้าง | อยู่เยื้องคนละฝั่งถนน กับวัดร้างบ้านหนองมะจับ | อยู่กลางชุมชนบ้านหนองมะจับ | ติดกับบายพาสเส้นใหม่ | ปทุมธานี,เนื้อที่: 90 ตารางวา | เนื้อที่ 90 ตารางวา -,95/100,https://baan.kaidee.com/product-369083814
ที่ดิน,"35,000,000",ตำบลสันผีเสื้อ อำเภอเมือง จังหวัดเชียงใหม่ | หมู่ 3 ตำบลสันผีเสื้อ | ติดแม่น้ำปิง | วิวดอยสุเทพ | ย่านสันผีเสื้อ เชียงใหม่ | ใกล้สะพานข้ามแม่น้ำปิง | เข้าซอยจากเเยกรวมโชค,เนื้อที่: 573 ตารางวา | เนื้อที่ 1 ไร่ 1 งาน 73 ตารางวา ( 573 ตารางวา ) | ที่ดินงอกริมน้ำประมาณ 250 ตารางวา | หน้ากว้างริมแม่น้ำราว 70 เมตร -,95/100,https://baan.kaidee.com/product-369128699
ที่ดิน,"45,000 เนื้อที่: 18 ไร่ | ราคา 324,607,500.-บาท",กลางเมืองเชียงใหม่ | ติดต่อกับสนามบินนานาชาติเชียงใหม่ | ใกล้ศูนย์กลางเมืองเชียงใหม่ | ติดถนนเชียงใหม่-หางดง | ด้านหลังรั้วติดcargo สนามบินเชียงใหม่,เนื้อที่: 18 ไร่ | เนื้อที่ 18 ไร่ 13.5วา | เนื้อที่รวม : 18ไร่ 13.5วา | หน้ากว้างประมาณ 70เมตร | ลึกประมาณ 380เมตร -,95/100,https://baan.kaidee.com/product-369230476
ที่ดิน,"ราคาขาย 6,900,000บาท",ต.สันโป่ง อ.แม่ริม จ.เชียงใหม่ | ใกล้ถนน 800 เมตร | ใกล้แหล่งท่องเที่ยวชื่อดังมากมาย | ห่างจากตัวเมืองเชียงใหม่ 15 ก.ม. | ห่างจากอำเภอแม่ริมเพียง 5 ก.ม. | ทางเข้าถนนป้ายเขียนว่าถนนเทศบาล ตำบลสันโป่ง56 เข้าไป 800 เมตร (ตรงข้าม วัดสระฉัททันต์) | Google map: https://maps.app.goo.gl/GaXqiXsVRvYPCKUWA,เนื้อที่: 2.2 ไร่ | เนื้อที่ 2.2 ไร่ ขายที่ดินพร้อมบ้านสวน 2 ไร่ 2 งาน ต.สันโป่ง อ.แม่ริม จ.เชียงใหม่ | เนื้อที่ 2.2 ไร่ 2 งาน 99 ต.ร.ว | พื้นที่ 2.2 ไร่ | บ่อพักนํ้าในไร่ 30x30เมตร -,95/100,https://baan.kaidee.com/product-369316777
ที่ดิน,"ราคา: 350,000",ฝาง เชียงใหม่ | อ ฝาง. เชียงใหม่,เนื้อที่: 14 ไร่ | เนื้อที่ 14 ไร่ ชายที่ดิน 14 ไร่ -,95/100,https://baan.kaidee.com/product-369374356
บ้านเดี่ยว,"ราคาขาย 3,000,000 บาท",บ้านเดี่ยว อรสิริน 11 อ.สันทราย จ. เชียงใหม่ | ตำบลหนองหาร อำเภอสันทราย จังหวัดเชียงใหม่ | ใกล้มหาวิทยาลัยแม่โจ้ | จากมหาวิทยาลัยแม่โจ้ 3 นาที (2 กม.) | จากตลาดสดแม่โจ้ 1 นาที (650 เมตร) | จากโรงพยาบาลสันทราย 5 นาที (3.4 กม.) | จากรวมโชคมอลล์ 15 นาที (9.5 กม.) | จากสนามบินเชียงใหม่ 30 นาที (22 กม.),เนื้อที่: 50 ตารางวา | เนื้อที่ 50 ตารางวา | พื้นที่ใช้สอย 155 ตร.ม. 3 นอน 3 น้ำ,95/100,https://baan.kaidee.com/product-369485853
ที่ดิน,"ราคา 385,000",บ้านหนองหอยใหม่ ต.สันติสุข อ.ดอยหล่อ เชียงใหม่ | ใกล้ชุมชน ร้านค้า ตลาดชุมชน 900 เมตร | ใกล้ผาช่อ อุทยานแห่งชาติแม่วาง 8 กม. | ใกล้อ่างเก็บน้ำโป่งจ้อ 4.5 กม. | ใกล้ วัดป่าสันติสุข 800 ม. | ใกล้ ศูนย์ปฎิบัติธรรมดอยหล่อ(ธรรมกาย) 500 ม. | ใกล้ เทศบาลสันติสุข 4.5 กม. | โรงพยาบาลส่งเสริมสุขภาพตำบล 1.9 กม. | โรงพยาบาลดอยหล่อ 14 กม. | ใกล้เคียงมีร้านค่าขายของชำ ร้านอาหาร ร้านกาแฟ 7-11 โลตัส และตลาดสด | ห่างจากถนนหลัก 7 กม. | ห่างสนามบินเชียงใหม่ 45 กม. (50นาที),เนื้อที่: 220 ตารางวา | เนื้อที่ 220 ตารางวา | พื้นที่ 220 - 790 ตร.ว. -,95/100,https://baan.kaidee.com/product-369589069
บ้านเดี่ยว,"7,800,000",Situated 700 meters from Sankamphaeng Hot Spring,เนื้อที่: 1.6 ไร่ | เนื้อที่ 1.6 ไร่ | 110 sqm of living space | 1 Rai 2 ngan 56.8 sqm 2 นอน 2 น้ำ,85/100,https://baan.kaidee.com/product-369656374
ที่ดิน,"ราคา: 4,200,000",ต.แม่นาวาง อ.แม่อาย จ.เชียงใหม่ | ติดถนนคอนกรีต | ห่างจากชุมชนที่ใกล้ที่สุดเพียง 1.5 กิโลเมตร | ใกล้สถานที่ท่องเที่ยว สวนส้มธนาธรและวัดท่าตอน เพียง 5-10 นาที | มีไฟฟ้า และน้ำประปา พร้อมใช้งาน | ภายในที่ดินมีตาน้ำธรรมชาติ สำหรับทำการเกษตร,เนื้อที่: 24 | เนื้อที่ 24 | ขนาดที่ดิน 24 ไร่ 47 ตารางวา | เนื้อที่: 24 -,95/100,https://baan.kaidee.com/product-369662973
ที่ดิน,"ราคา: 1,300,000",สันป่าตอง (ต.ยุหว่า) | ถนนบ้านกลาง ต.ยุหว่า อำเภอสันป่าตอง,เนื้อที่: 200 ตารางวา | เนื้อที่ 200 ตารางวา | เนื้อที่ 2 งาน -,95/100,https://baan.kaidee.com/product-369736781
ที่ดิน,"6,825,000",ในหมู่บ้านดิเออบาน่า 1 เชียงใหม่ | ติดถนนซุปเปอร์ไฮเวย์ขาเข้า | ใกล้เเยกดอนจั่น | ตำบลท่าศาลา | อำเภอเมือง | จังหวัดเชียงใหม่,เนื้อที่ 195 ตารางวา | เนื้อที่ 195 ตารางวา -,95/100,https://baan.kaidee.com/product-369826080
บ้านเดี่ยว,"68,000,000",ต.สันผักหวาน อ.หางดง จ.เชียงใหม่ | ใกล้หมู่บ้านขวัญเวียง | ติดถนน ซุปเปอร์ไฮเวย์ รอบเมืองเชียงใหม่ (วงแหวน3),เนื้อที่: 6 ไร่ | เนื้อที่ 6 ไร่ 66 ตรว. | พื้นที่ชั้น 6 ไร่ 66 ตรว. 5 นอน 5 น้ำ,95/100,https://baan.kaidee.com/product-369870159
บ้านเดี่ยว,"68,000,000",ต.สันผักหวาน อ.หางดง จ.เชียงใหม่ | ใกล้หมู่บ้านขวัญเวียง | ติดถนน ซุปเปอร์ไฮเวย์ รอบเมืองเชียงใหม่ (วงแหวน3) | โซนหางดง | เชียงใหม่,เนื้อที่: 6 ไร่ | เนื้อที่ 6 ไร่ 66 ตรว. | พื้นที่ชั้น 6 ไร่ 66 ตรว. 5 นอน 5 น้ำ,95/100,https://baan.kaidee.com/product-369884110
บ้านเดี่ยว,"ราคา 8,600,000 เนื้อที่: 92.5 ตารางวา | เนื้อที่ 92.5 ตารางวา | ห้องนอน 4 ห้องนอน | ห้องน้ำ 3 ห้องน้ำ | เป็นทรัพย์รอการขาย ไม่ใช่ บ้านเดี่ยวสองชั้น ในหมู่บ้านดิเออบาน่า 1 ใกล้เเยกดอนจั่น เชียงใหม่ น้ำไม่ท่วม 🚩ขายบ้านเดี่ยวสองชั้น ในหมู่บ้านดิเออบาน่า 1 ใกล้เเยกดอนจั่น ติดถนนซุปเปอร์ไฮเวย์ ( เชียงใหม่ - ลำปาง ) ขาเข้า ตำบลท่าศาลา อำเภอเมือง จังหวัดเชียงใหม่ น้ำไม่ท่วม 🟩เนื้อที่ 92.5 ตารางวา ✅รายละเอียด 🔹4 ห้องนอน 3 ห้องน้ำ ( ห้องน้ำ 1 ห้องติดเเอร์พร้อมอ่างจากุซชี่ ) 🔹พื้นที่ใช้สอย 250 ตารางเมตร 🔹จอดรถ 3 คัน 🔹ครัวทันสมัยพร้อมตู้ Built In 🔹1 Livingroom พร้อมโซฟา day bed 🔹Full furnished ตกเเต่งครบ 4 ห้อง 🔹1 ห้องรับประทานอาหารตกเเต่งหรูหรา 🔹พร้อมโต๊ะทานข้าว 6 ที่นั่ง 🔹แอร์คอนดิชั่น 8 ตัว 🔹เป็นบ้านหลังที่หนึ่งในโครงการ หน้าบ้านเปิดโล่งเห็นวิวสวนเเละสระน้ำ 🌲ส่วนกลางนิติบุคคลหมู่บ้านดูเเลอย่างดี ภายในหมู่บ้านมีสวนสาธารณะขนาดใหญ่ 3 สวน สโมสร สระว่ายน้ำ ฟิตเนส และระบบรักษาความปลอดภัยที่เข้มเเข็ง 🚘การคมนาคมสะดวกมาก ไปสนามบินใช้เวลา 12 นาที เซ็นเฟส 10 นาที อยู่ใกล้โรงเรียนนานาชาติอเมริกาน่าไชนีส ( ACIS ), โรงเรียนวารีเชียงใหม่, โรงเรียนมงฟอร์ตวิทยาลัย, โรงเรียนช่องฟ้าซินเซิงวาณิชบำรุง 🔺เหมาะสำหรับที่พักอาศัย 💵ราคา 8.6 ล้านบาท ( แปดล้านหกแสนบาทถ้วน ) ค่าธรรมเนียมโอนที่สำนักงานที่ดินฝ่ายละครึ่ง 📱สนใจนัดชมบ้าน ติดต่อคุณหน่อย 0814384000",ในหมู่บ้านดิเออบาน่า 1 | ใกล้เเยกดอนจั่น | เชียงใหม่ | ติดถนนซุปเปอร์ไฮเวย์ ( เชียงใหม่ - ลำปาง ) ขาเข้า | ตำบลท่าศาลา | อำเภอเมือง | จังหวัดเชียงใหม่,เนื้อที่ 92.5 ตารางวา | เนื้อที่ 92.5 ตารางวา | พื้นที่ใช้สอย 250 ตารางเมตร 4 นอน 3 น้ำ,95/100,https://baan.kaidee.com/product-369908097
ที่ดิน,"4,000,000",ใกล้กับวัดดาวดึงษ์,เนื้อที่: 86.40 ตารางวา | เนื้อที่ 86.40 ตารางวา | แปลงละ 21.60 ตารางวา -,95/100,https://baan.kaidee.com/product-369912339
คอนโด,"4,900,000",คอนโดใจกลางเมือง เชียงใหม่ เจ้าของต่างชาติบิ้วอินสวยมาก คอนโดใจกลางเมือง เชียงใหม่ โซนเศรษฐกิจ นครพิงค์คอนโดมิเนียม (NKP) ใกล้ถนนนิมมานเหมินท์ ห้างเมญ่า แค่ 400 เมตร,เนื้อที่: 85 ตารางเมตร | เนื้อที่ 85 ตารางเมตร | ชั้น 15 | 85 SQM WITH NORTHWEST CORNER VIEW OF CITY/MOUNTAINS 1 นอน 1 น้ำ,85/100,https://baan.kaidee.com/product-370128075
บ้านเดี่ยว,"13,500,000",ทุ่งปากเกร็ด หนองหาร สันทราย เชียงใหม่,เนื้อที่: 409 ตารางวา | เนื้อที่ 409 ตารางวา | พื้นที่ใช้สอย 4 ห้องนอน 3 ห้องน้ำ 1 ห้องครัว 1 ห้องรับแขก และหลังเล็ก 1 ห้องนอน 1 ห้องน้ำ 1 ครัวไทย และโรงจอกรถ ได้หลายคัน มีบ่อเลี้ยงปลา 1 บ่อ 5 นอน 4 น้ำ,95/100,https://baan.kaidee.com/product-370311762
ที่ดิน,"ราคา: 5,200,000 เนื้อที่: 1 ไร่ | ราคา ตรว.ละ 12,000 บาท",ม.12 ต.บ้านแหวน อ.หางดง จ.เชียงใหม่ | โซนหางดง | ติดกุลพันวิล9 | ใกล้กาดฝรั่ง | สันผักหวาน | สันป่าสัก,เนื้อที่: 1 ไร่ | เนื้อที่ 1 ไร่ 29ตรว. | ที่ดิน เนื้อที่ 1 ไร่ 29 ตรว. | ที่ดิน 1ไร่ 25ตรว. 1 นอน 1 น้ำ,95/100,https://baan.kaidee.com/product-370315421
ที่ดิน,"ราคา: 5,200,000",ม.12 ต.บ้านแหวน อ.หางดง จ.เชียงใหม่ | โซนหางดง ติดกุลพันวิล9/ใกล้กาดฝรั่ง/สันผักหวาน/สันป่าสัก,เนื้อที่: 1 ไร่ | เนื้อที่ 1 ไร่ 25ตรว. | ที่ดิน เนื้อที่ 1 ไร่ 29 ตรว. 1 นอน 1 น้ำ,95/100,https://baan.kaidee.com/product-370316325
ที่ดิน,"ราคา: 5,200,000",ม.12 ต.บ้านแหวน อ.หางดง จ.เชียงใหม่ | โซนหางดง | ติดกุลพันวิล9 | ใกล้กาดฝรั่ง | สันผักหวาน | สันป่าสัก,เนื้อที่: 1 ไร่ | เนื้อที่ 1 ไร่ 29ตรว. | เนื้อที่ 1 ไร่ 25ตรว. | เนื้อที่ 1 ไร่ 29 ตรว. | เนื้อที่ 1 ไร่ 25ตรว. 1 นอน 2 น้ำ,95/100,https://baan.kaidee.com/product-370318303
ที่ดิน,"16,000,000",เชียงใหม่ โซนหางดง | ติดกุลพันวิล9/ใกล้กาดฝรั่ง | ม.12 ต.บ้านแหวน อ.หางดง จ.เชียงใหม่,เนื้อที่: 4 ไร่ | เนื้อที่ 4 ไร่ | ที่ดิน 4 ไร่ 62 ตรว. 1 นอน 2 น้ำ,95/100,https://baan.kaidee.com/product-370318461
ที่ดิน,"ราคา: 16,000,000",เชียงใหม่ โซนหางดง | ติดกุลพันวิล9/ใกล้กาดฝรั่ง | ม.12 ต.บ้านแหวน อ.หางดง จ.เชียงใหม่,"เนื้อที่: 4 ไร่ | เนื้อที่ 4 ไร่ (ตรว.ละ 10,000) ที่ดิน 4 ไร่ 62 ตรว. | ที่ดิน 4 ไร่ 62 ตรว. -",95/100,https://baan.kaidee.com/product-370318475
ที่ดิน,"ราคา: 10,000 เนื้อที่: 4 ไร่ | เนื้อที่ 4 ไร่ (ตรว.ละ 10,000) ที่ดิน 4 ไร่ 62 ตรว. ที่สวย มีบ้านพัก สวนลำไย หลังติดกุลพันวิล9 ใกล้กาดฝรั่ง (ตรว.ละ 10,000) ที่ดิน 4 ไร่ 62 ตรว. ที่สวย มีบ้านพัก สวนลำไย หลังติดกุลพันวิล9 ใกล้กาดฝรั่ง",เชียงใหม่ โซนหางดง | ติดกุลพันวิล9/ใกล้กาดฝรั่ง | ตั้งอยู่ ม.12 ต.บ้านแหวน อ.หางดง จ.เชียงใหม่,"เนื้อที่: 4 ไร่ | เนื้อที่ 4 ไร่ (ตรว.ละ 10,000) ที่ดิน 4 ไร่ 62 ตรว. | ที่ดิน 4 ไร่ 62 ตรว. -",95/100,https://baan.kaidee.com/product-370319094
บ้านเดี่ยว,"68,000,000",ต.สันผักหวาน อ.หางดง จ.เชียงใหม่ | ใกล้หมู่บ้านขวัญเวียง | โซนหางดง | ติดถนนซุปเปอร์ไฮเวย์ รอบเมืองเชียงใหม่ (วงแหวน3),เนื้อที่: 6 ไร่ | เนื้อที่ 6 ไร่ 66 ตรว. | 6 ไร่ 66 ตรว. 5 นอน 5 น้ำ,95/100,https://baan.kaidee.com/product-370319506
บ้านเดี่ยว,"68,000,000",ต.สันผักหวาน อ.หางดง จ.เชียงใหม่ | ใกล้หมู่บ้านขวัญเวียง | โซนหางดง | ติดถนนซุปเปอร์ไฮเวย์ รอบเมืองเชียงใหม่ (วงแหวน3) | ถนนซุปเปอร์ไฮเวย์ รอบเมืองเชียงใหม่ (วงแหวน3),เนื้อที่: 6 ไร่ | เนื้อที่ 6 ไร่ 66 ตรว. | 6 ไร่ 66 ตรว. 5 นอน 5 น้ำ,95/100,https://baan.kaidee.com/product-370321479
บ้านเดี่ยว,"68,000,000",ต.สันผักหวาน อ.หางดง จ.เชียงใหม่ | ใกล้หมู่บ้านขวัญเวียง | ติดถนนซุปเปอร์ไฮเวย์ รอบเมืองเชียงใหม่ (วงแหวน3) | โซนหางดง | เชียงใหม่,เนื้อที่: 6 ไร่ | เนื้อที่ 6 ไร่ | 6 ไร่ 66 ตรว. 4 นอน 4 น้ำ,95/100,https://baan.kaidee.com/product-370323244
ที่ดิน,"25,000,000",ติดลำธารน้ำตกส่วนตัว | ห่างจากที่ว่าการอำเภอแม่ริมจังหวัดเชียงใหม่ เพียง 4 กิโลเมตร | อำเภอแม่ริม จังหวัดเชียงใหม่,เนื้อที่: 1840 ตารางวา | เนื้อที่ 1840 ตารางวา -,95/100,https://baan.kaidee.com/product-370359137
บ้านเดี่ยว,"ราคา: 650,000",บ้านเลขที่ 54/125 หมู่ 4 ตำบลสันกลาง อยู่ในโครงการเอื้ออาทรสันป่าตอง,เนื้อที่: 20 ตารางวา | เนื้อที่ 20 ตารางวา | 20 ตารางวา 2 นอน 1 น้ำ,95/100,https://baan.kaidee.com/product-370373488
ที่ดิน,"ราคา: 14,000,000",อ.แม่แตงเชียงใหม่,เนื้อที่: 19 | เนื้อที่ 19 | เนื้อที่ 19-3-36 ไร่ -,95/100,https://baan.kaidee.com/product-370374856
อาคารพาณิชย์,"2,800,000",-,เนื้อที่ 27 ตารางวา | เนื้อที่ 27 ตารางวา 3 นอน 3 น้ำ,95/100,https://baan.kaidee.com/product-370376951
ทาวน์เฮ้าส์,"18,000,000",หมู่บ้านเชียงใหม่เทรดเซ็นเตอร์ | ตรงข้ามวัดพระสิงห์ | ซอย 20 เมตร | ถนนคนเดินกลางเมืองเชียงใหม่ | อยู่ห่างถนนคนเดิน 100 เมตร,เนื้อที่: 20.2 ตารางวา | เนื้อที่ 20.2 ตารางวา | ขนาด 20.2 ตรว. พื้นที่ใช้สอย 192 ตร.ม. 3 นอน 2 น้ำ,95/100,https://baan.kaidee.com/product-370394436
ที่ดิน,"3,000,000",ที่ดินเปล่า ซอยบ้านป่าขาม ซอย6 ถ.ซุปเปอร์ไฮเวย์เชียงใหม่-ลำปาง แม่ริม เชียงใหม่ | ที่ดินเปล่า ซอยบ้านป่าขาม ซอย6 ถนนซุปเปอร์ ไฮเวย์ เชียงใหม่-ลำปาง ตำบลเหมืองแก้ว อำเภอแม่ริม จังหวัดเชียงใหม่,เนื้อที่: 809.5 ตารางวา | เนื้อที่ 809.5 ตารางวา | ขนาด 2 ไร่9.5 ตร.ว. -,95/100,https://baan.kaidee.com/product-370395880
บ้านเดี่ยว,"ราคา: 45,000,000",บ้านในหมู่บ้านลัดดารมย์ สันผีเสื้อ | หมู่บ้านลัดดารมย์ สันผีเสื้อ | ย่านสันผีเสื้อ | เชียงใหม่ | 5 นาทีจากศูนย์ราชการ | ตรงข้ามโรงเรียนนานาชาตินครพายัพ | 3 กิโลเมตร จากกาดรวมโชค | 10 นาที จาก เซ็นทรัลเฟสติวัล,เนื้อที่ 211 ตร.ว. | เนื้อที่ 211 | พื้นที่ชั้น 211 ตร.ว. 4 นอน 5 น้ำ,95/100,https://baan.kaidee.com/product-370400595
คอนโด,"ราคา: 2,900,000","เมืองเชียงใหม่ | โครงการฮิมมา การ์เด้นท์ คอนโดมิเนียม | อาคาร 2 ชั้น 1 | ถนนโชตนา | ตำบลช้างเผือก | เชียงใหม่ | 18.820993222603,98.9828035521",เนื้อที่: 49.35 ตารางเมตร | เนื้อที่ 49.35 ตารางเมตร | พื้นที่ใช้สอยขนาด 49.35 ตร.ม. 1 นอน 1 น้ำ,95/100,https://baan.kaidee.com/product-370404942
บ้านเดี่ยว,"ราคา: 3,550,000","บ้านเลขที่ 189/141 โครงการหมู่บ้านชลลดา ซอย 12 ถนนสายเชียงใหม่-พร้าว ตำบลสันทราย อำเภอเมืองเชียงใหม่ จังหวัดเชียงใหม่ | อยู่ห่างจากถนนสายเชียงใหม่-พร้าวประมาณ 2 กม. | อยู่ห่างจากตัวอำเภอเชียงใหม่ประมาณ 12 กม. | ใกล้ปั๊มน้ำมันซัสโก้, สภอ.แม่โจ้, มหาวิทยาลัยแม่โจ้","เนื้อที่: 84.9 ตารางวา | เนื้อที่ 84.9 ตารางวา | ขนาดที่ดินประมาณ 30x14 ม. | ขนาดสิ่งปลูกสร้าง 8x8 ม., 128 ตรม. 1 นอน 1 น้ำ",95/100,https://baan.kaidee.com/product-370405003
บ้านเดี่ยว,"4,700,000","บ้านเลขที่ 211/190 หมู่บ้านสีวลีคลองชลฯ-เชียงใหม่ ซอย 27 ถนนเลียบคลองชลประทาน | หมู่บ้านสีวลี-คลองชล | เชียงใหม่ | 18.753646,98.946719",เนื้อที่: 61.6 ตารางวา | เนื้อที่ 61.6 ตารางวา | พื้นที่ชั้น 122 ตร.ม. 1 นอน 1 น้ำ,95/100,https://baan.kaidee.com/product-370405005
บ้านเดี่ยว,"ราคา: 8,075,000","297/10 หมู่บ้านสีวลี-ราชพฤกษ์ ฉ.109774 ต.แม่เหียะ อำเภอเมืองเชียงใหม่ จังหวัดเชียงใหม่ | ย่านเมืองเชียงใหม่ | ใกล้ช้างคลาน เชียงใหม่ | 18.74910311,98.95596006",เนื้อที่: 124.3 ตารางวา | เนื้อที่ 124.3 ตารางวา | พื้นที่ชั้น 297 ตร.ม. 4 นอน 3 น้ำ,95/100,https://baan.kaidee.com/product-370405027
บ้านเดี่ยว,"6,615,000","หมู่บ้านรุ่งอรุณ 3 ที่ดินพร้อมสิ่งปลูกสร้างบ้านเดี่ยว 2 ชั้น 1 หลัง ฉ.48950,48951,48952 จำนวน 3 ห้องนอน 3 ห้องน้ำ บ้านเลขที่ 147/249 ซอย 3 หมู่บ้านรุ่งอรุณ 3 | หางดง | เชียงใหม่ | 18.698454,98.918973",เนื้อที่: 200 ตารางวา | เนื้อที่ 200 ตารางวา | พื้นที่ชั้น 122 ตร.ม. 3 นอน 3 น้ำ,95/100,https://baan.kaidee.com/product-370405028
คอนโด,"ราคา: 948,000",อาคารชุดเดอะพีเพิ้ล สมาร์ทคอนโด ติดถนนวงแหวนรอบนอก ต.ท่าวังตลา อ.สารภี จ.เชียงใหม่ | อยู่ห่างจากตัวเมืองเชียงใหม่ ประมาณ 14 กม. | ใกล้กับสถานที่สำคัญเช่น วิทยาลัยเทคนิคสารภี โรงเรียนช่อฟ้าซินเซิง สถานีตำรวจภูธรแม่ปิง,เนื้อที่: 22.55 ตารางเมตร | เนื้อที่ 22.55 ตารางเมตร | ขนาดพื้นที่ 22.55 ตรม. 1 นอน 1 น้ำ,95/100,https://baan.kaidee.com/product-370405672
คอนโด,"ราคา: 2,000,000","โครงการเชียงใหม่ บิสซิเนสปาร์ค | เลขที่ 604 ชั้น 6 ฮิลล์ไซด์พายัพ | ตำบลหนองป่าครั่ง | เมืองเชียงใหม่ | 18.795105,99.025721",เนื้อที่: 65.71 ตารางเมตร | เนื้อที่ 65.71 ตารางเมตร | พื้นที่ใช้สอย 65.71 ตารางเมตร 2 นอน 1 น้ำ,95/100,https://baan.kaidee.com/product-370405911
คอนโด,"3,583,000","หมู่บ้านศิริคอนโด ชั้น 4 อาคารชุดศิริคอนโด ห้องชุดเลขที่ 120/25 (401) เมืองเชียงใหม่ | 18.81302773,99.01244266",เนื้อที่: 58.83 ตารางเมตร | เนื้อที่ 58.83 ตารางเมตร | พื้นที่ใช้สอยขนาด 58.83 ตารางเมตร 2 นอน 2 น้ำ,95/100,https://baan.kaidee.com/product-370406421
ทาวน์เฮ้าส์,"2,700,000","เมืองเชียงใหม่ | โครงการพฤษภาวิลล์ | 477/101 หมู่ที่ 1 | โครงการบ้านพฤกษาวิลล์ 75 | ราชพฤกษ์-แม่เหียะ | ต.แม่เหียะ | https://www.google.com/maps/search/?api=1&query=18.748646,98.953571",เนื้อที่: 43.8 ตารางวา | เนื้อที่ 43.8 ตารางวา | พื้นที่ใช้สอยภายใน 111.42 ตรม. 3 นอน 2 น้ำ,95/100,https://baan.kaidee.com/product-370408955
ทาวน์เฮ้าส์,"ราคา: 2,888,000","ถ.เชียงใหม่-ฮอด เลขที่ 33/34 ซอย 14 บ้านใหม่สามัคคี ตำบลแม่เหียะ อำเภอเมืองเชียงใหม่ จังหวัดเชียงใหม่ | 18.75585,98.96719",เนื้อที่: 42 ตารางวา | เนื้อที่ 42 ตารางวา | พื้นที่ใช้สอยรวม 367.5 ตรม. 6 นอน 4 น้ำ,95/100,https://baan.kaidee.com/product-370409274
ทาวน์เฮ้าส์,"1,600,000","ตำบลหนองจ๊อม | โครงการจัดสรร อรสิริน ทาวน์โฮม 1 | เลขที่ 121/37 | 18.87342,99.016985",เนื้อที่: 25 ตารางวา | เนื้อที่ 25 ตารางวา | พื้นที่ใช้สอยรวม 147 ตร.ม. 2 นอน 1 น้ำ,95/100,https://baan.kaidee.com/product-370409276
ทาวน์เฮ้าส์,"3,000,000","เลขที่ 400 หมู่บ้านเชียงใหม่แลนด์ ถนนช้างคลาน ตำบล ช้างคลาน อำเภอ เมืองเชียงใหม่ จังหวัด เชียงใหม่ | 18.767,98.99572",เนื้อที่: 22 ตารางวา | เนื้อที่ 22 ตารางวา | พื้นที่ใช้สอย 190 ตารางเมตร 3 นอน 2 น้ำ,95/100,https://baan.kaidee.com/product-370409277
ทาวน์เฮ้าส์,"ราคา: 630,000",โครงการบุญสิตาวิลล์ | เลขที่ 83/1 | ถนนซอยแยกจากทางหลวงสายเชียงใหม่ - ฝาง กม.145 เข้าไป 200 ม. ทรัพย์อยู่ขวามือ | ตำบลแม่สูน | อำเภอฝาง | จังหวัดเชียงใหม่,เนื้อที่: 28 ตารางวา | เนื้อที่ 28 ตารางวา | พื้นที่ใช้สอยภายในอาคาร 65 ตรม. | พื้นที่ส่วนต่อเติมที่จอดรถด้านหน้า 36 ตรม. 3 นอน 1 น้ำ,95/100,https://baan.kaidee.com/product-370409278
ทาวน์เฮ้าส์,"2,489,000","หมู่บ้านทิพย์รัตน์วิลล่า ช้างคลาน | เลขที่ 61/159 ซ.8 หมู่บ้านทิพย์วิลล่า ถนนเวียงพิงค์ ต.ช้างคลาน | เมืองเชียงใหม่ | 18.770333,98.991833",เนื้อที่: 43 ตารางวา | เนื้อที่ 43 ตารางวา | พื้นที่ใช้สอย 143 ตร.ม. 3 นอน 2 น้ำ,95/100,https://baan.kaidee.com/product-370409279
ทาวน์เฮ้าส์,"1,900,000","หมู่บ้านอรสิรินทาวน์โฮม 1 | เลขที่ 121/18 | ห่างจากถนนเชียงใหม่-พร้าว(ทล.1001) ประมาณ 100 ม. | 18.87389233,99.01631907",เนื้อที่: 40.6 ตารางวา | เนื้อที่ 40.6 ตารางวา | พื้นที่ชั้น 122 ตร.ม. 2 นอน 2 น้ำ,95/100,https://baan.kaidee.com/product-370409281
ทาวน์เฮ้าส์,"2,058,000","โครงการอรสิริน 6 ติดถนนวงแหวนรอบนอก (ทล.121) ต.สันปูเลย อ.ดอยสะเก็ด จ.เชียงใหม่ | 18.793426,99.075853",เนื้อที่: 31.3 ตารางวา | เนื้อที่ 31.3 ตารางวา | พื้นที่ใช้สอยขนาด 123 ตร.ม. 2 นอน 2 น้ำ,95/100,https://baan.kaidee.com/product-370409283
ทาวน์เฮ้าส์,"ราคา: 2,328,000",บ้านเลขที่ 438 หมู่ที่ 5 หมู่บ้านปวริศา บนถนนสายเชียงใหม่-สันทราย(ทล.1367) เข้าซอยข้างไปรษณีย์ 18 ประมาณ 250 เมตร ต.สันทรายหลวง,เนื้อที่: 62.6 ตารางวา | เนื้อที่ 62.6 ตารางวา | พื้นที่ใช้สอย 113.3 ตร.ม. 3 นอน 2 น้ำ,95/100,https://baan.kaidee.com/product-370409941
ทาวน์เฮ้าส์,"1,785,000","ทาวน์เฮ้าส์ 2 ชั้น ในโครงการ เดอะ ปาล์มการ์เด้น 5 | เลขที่ 345/144 หมู่ 5 | หางดง | 18.71708999,98.95197597",เนื้อที่: 18.4 ตารางวา | เนื้อที่ 18.4 ตารางวา 2 นอน 3 น้ำ,95/100,https://baan.kaidee.com/product-370410041
ทาวน์เฮ้าส์,"492,000","ตำบลปูคา | อำเภอสันกำแพง | จังหวัดเชียงใหม่ | จากถนนเชียงใหม่-สันกำแพง ถึงบริเวณที่ กม.10+400 เมตร เลี้ยวซ้ายเข้าสู่ถนนแม่ปูคาประมาณ 2.6 กม จะถึงวัดปูคาใต้และเลี้ยวขวาซอยตรงข้ามวัดประมาณ 70 เมตร | 18.76642,99.11158",เนื้อที่ 18.5 ตารางวา | เนื้อที่: 18.5 ตารางวา | ขนาด 5 X 11 เมตร 2 นอน 1 น้ำ,95/100,https://baan.kaidee.com/product-370410220
ทาวน์เฮ้าส์,"ราคา: 567,000","สันกำแพง | เชียงใหม่ | จากถนนเชียงใหม่-สันกำแพง ถึงบริเวณที่ กม.10+400 เมตร เลี้ยวซ้ายเข้าสู่ถนนแม่ปูคาประมาณ 2.6 กม จะถึงวัดปูคาใต้และเลี้ยวขวาซอยตรงข้ามวัดประมาณ 100 เมตร | 18.7665,99.11148",เนื้อที่: 18.8 ตารางวา | เนื้อที่ 18.8 ตารางวา | ขนาด 5 X 11 เมตร 2 นอน 1 น้ำ,95/100,https://baan.kaidee.com/product-370410221
บ้านเดี่ยว,"7,667,000","บ้านเดี่ยว หมู่บ้านโรยัลวิว ต.บ้านแหวน หางดง เชียงใหม่ | 18.706739,98.92896",เนื้อที่: 426.3 ตารางวา | เนื้อที่ 426.3 ตารางวา 1 นอน 1 น้ำ,95/100,https://baan.kaidee.com/product-370411281
บ้านเดี่ยว,"14,000,000","ดอยสะเก็ด | แยกจากถนนเชียงใหม่-เชียงราย กม.ที่ 17 แล้วเลี้ยวซ้ายไปตามถนนเลียบคลองชลประทาน ประมาณ 4.8 กม.ถึงที่ตั้งทรัพย์ | แยกจากถนนเชียงใหม่-เชียงราย (ทล.118) กม.17+150 ไปทางถนนเขื่อนแม่กวงอุดมธารา ประมาณ 4.8 กม.ถึงที่ตั้งทรัพย์ | ติดวังธารรีสอร์ท | ใกล้เขื่อนแม่กวง | 18.928413,99.14223",เนื้อที่: 3853 ตารางวา | เนื้อที่ 3853 ตารางวา | พื้นที่ใช้สอย 104 ตรม. | ที่ดินหน้ากว้างติดถนนแม่กวงอุดมธารา ประมาณ 168 เมตร | ลึก 140 เมตร 1 นอน 1 น้ำ,95/100,https://baan.kaidee.com/product-370411310
บ้านเดี่ยว,"1,827,000","บ้านเดี่ยว หมู่บ้านมยุรีริมน้ำ ตำบลน้ำแพร่ (หมู่บ้านมยุรีริมน้ำ ซอย2 เลขที่ 99/51) | โครงการมยุรีริมน้ำ | ซอยสาธารณะประโยชน์(ไม่มีชื่อ) | ซอย 2 คุ้มน้ำหลง | ถนนเลียบคลองชลประมาณแม่แตงสายใหญ่(ชม.3035) | อำเภอหางดง | จังหวัดเชียงใหม่ | 18.705013,98.914819",เนื้อที่: 89 ตารางวา | เนื้อที่ 89 ตารางวา | เนื้อที่ดินรวม 89 ตรว. 1 นอน 1 น้ำ,95/100,https://baan.kaidee.com/product-370411376
บ้านเดี่ยว,"ราคา: 841,000","ซอยหัวริน 7/4 หมู่ 12 | ถนนสันป่าตอง-แม่วาง | สันป่าตอง | เมืองเชียงใหม่ | เชียงใหม่ | 18.594746,98.844743",เนื้อที่: 191 ตารางวา | เนื้อที่ 191 ตารางวา | พื้นที่ชั้น 122 ตร.ม. 3 นอน 2 น้ำ,95/100,https://baan.kaidee.com/product-370411432
บ้านเดี่ยว,"ราคา: 2,100,000",ซอย 16 ปรับปรุงแล้ว พร้อมอยู่ ที่ดินในโครงการจัดสรร ชื่อออร์คิดเพลส ต.สันนาเม็ง อ.สันทราย จ.เชียงใหม่ | ตั้งอยู่ประมาณ กม.ที่ 5 บนถนนเชียงใหม่-เชียงราย | ตำบล สันนาเม็ง บริษัทขอสงวนสิทธิ์ในการเปลี่ยนแปลงรายละเอียดทรัพย์สิน ราคาตั้งขาย รวมถึงเงื่อนไขอื่นใด หรือยกเลิกการ ขายทรัพย์สินได้โดยไม่ต้องแจ้งให้ผู้สนใจเสนอซื้อทราบล่วงหน้า,เนื้อที่: 54 ตารางวา | เนื้อที่ 54 ตารางวา 3 นอน 2 น้ำ,95/100,https://baan.kaidee.com/product-370411437
บ้านเดี่ยว,"18,895,000","อ.สันทราย จ.เชียงใหม่ | 18.911146,99.109358",เนื้อที่: 11247 ตารางวา | เนื้อที่ 11247 ตารางวา | ที่ดินเปล่า 1 นอน 1 น้ำ,95/100,https://baan.kaidee.com/product-370411445
บ้านเดี่ยว,"1,100,000","หมู่บ้านสิริเชียงใหม่ | ถ.เชียงใหม่ - ฮอด | 18.632398,98.898987",เนื้อที่: 44 ตารางวา | เนื้อที่ 44 ตารางวา | ขนาด 10x 11 เมตร 1 นอน 1 น้ำ,95/100,https://baan.kaidee.com/product-370411523
บ้านเดี่ยว,"6,889,000","โครงการจัดสรร หมู่บ้านกาญจน์กนก 1 | ถนนสันกำแพงสายใหม๋(ทางหลวง1317) | ตำบลสันกำแพง | อำเภอสันกำแพง | จังหวัดเชียงใหม่ | 18.73803309,99.07678933",เนื้อที่: 244 ตารางวา | เนื้อที่ 244 ตารางวา | พื้นที่ใช้สอย 380.75 ตร.ม. | พื้นที่ใช้สอย 34.50 ตร.ม. | พื้นที่ใช้สอย 67.20 ตร.ม. 1 นอน 1 น้ำ,95/100,https://baan.kaidee.com/product-370411525
บ้านเดี่ยว,"2,500,000","156 ซอยทางเข้าวัดทุ่งอ้อ ถ.เชียงใหม่-ฮอด(ทล0108) ต.สันกลาง เชียงใหม่ | 18.641066,98.89785",เนื้อที่: 1000 ตารางวา | เนื้อที่ 1000 ตารางวา | พื้นที่่ใช้สอย 244 ตรม. 3 นอน 2 น้ำ,95/100,https://baan.kaidee.com/product-370411526
บ้านเดี่ยว,"2,730,000","ศิริพรคันทรี่วิลล์ บ้านเดี่ยว 2 ชั้น | เลขที่ 499/127 หมู่บ้านศิริพรคันทรี่วิลล์ | ซอย 10 ถนนสายรอบเมืองเชียงใหม่ (ทล.121) | ตำบลสันทรายน้อย | เชียงใหม่ | 18.838169,99.038496",เนื้อที่: 57 ตารางวา | เนื้อที่ 57 ตารางวา | พื้นที่ใช้สอย 206 ตร.ม. 3 นอน 2 น้ำ,95/100,https://baan.kaidee.com/product-370411531
บ้านเดี่ยว,"1,532,000","ชุมชนแม่ปูคา | เลขที่ 118/7 | ห่างจากถนนสายป่าเห็ว-แม่ปูคา ประมาณ 140 เมตร | 18.766706,99.111277",เนื้อที่: 62.4 ตารางวา | เนื้อที่ 62.4 ตารางวา | ขนาด 12x11.5 เมตร 4 นอน 3 น้ำ,95/100,https://baan.kaidee.com/product-370411535
บ้านเดี่ยว,"ราคา: 2,022,000","หมู่บ้านบ้านน้อย | บ้านสันกำแพง | เลขที่ 120/1 | ห่างจากถนนสายเชียงใหม่-บ้านสหกรณ์(ทล.1317) กม.7+800 เมตร ประมาณ 1.5 กม. | บริเวณแยกเข้าถนนบำรุงราษฎร์ | 18.737558,99.102191",เนื้อที่: 206 ตารางวา | เนื้อที่ 206 ตารางวา | พื้นที่ใช้สอยขนาด 62.75 ตร.ม. | ตัวบ้านขนาด 16.50 x 11 เมตร 3 นอน 3 น้ำ,95/100,https://baan.kaidee.com/product-370411538
บ้านเดี่ยว,"ราคา: 1,600,000","สันกำแพง | ซอย 3 ถนนภายในโครงการรุ่งธนา 6 | เลขที่ 159/95 | 18.777586,99.084234",เนื้อที่: 50 ตารางวา | เนื้อที่ 50 ตารางวา | พื้นที่ใช้สอยขนาด 65 ตร.ม. 3 นอน 2 น้ำ,95/100,https://baan.kaidee.com/product-370411539
บ้านเดี่ยว,"ราคา: 3,360,000","เลขที่ 161/21 โครงการหมู่บ้าน ธนกฤษณ์ ติดถนนทางหลวงชนบท (ชม.3013) ต.สันปูเลย อ.ดอยสะเก็ด จ.เชียงใหม่ | 18.823781,99.080496",เนื้อที่: 98.6 ตารางวา | เนื้อที่ 98.6 ตารางวา | พื้นที่ใช้สอยประมาณ 167.8 ตรม. | เนื้อที่ 0-0-98.6 ไร่ หรือ 98.6 ตรว. 3 นอน 2 น้ำ,95/100,https://baan.kaidee.com/product-370411540
บ้านเดี่ยว,"7,878,000",หมู่บ้านเชียงใหม่วิลล่า 2 | เลขที่ 126/226 | ถนนมหิดล(ทล.1141) | เชียงใหม่,เนื้อที่: 141.3 ตารางวา | เนื้อที่ 141.3 ตารางวา | พื้นที่ใช้สอยขนาด 240 ตร.ม. 3 นอน 2 น้ำ,95/100,https://baan.kaidee.com/product-370411541
บ้านเดี่ยว,"2,625,000",โครงการลลิษา บ้านเลขที่ 1/142 หมู่ 9 โครงการลลิษาลานนา ต.ท่าวังตาล อ.สารภี จ.เชียงใหม่ | อยู่ใกล้สถานที่สำคัญ โรงเรียนบัวครกเหนือ วัดบวกครกเหนือ | ห่างจากถนนวงแหวนรอบ 3 ประมาณ 1.1 กม.,เนื้อที่: 77 ตารางวา | เนื้อที่ 77 ตารางวา | พื้นที่ใช้สอยภายใน 132 ตรม. 1 นอน 1 น้ำ,95/100,https://baan.kaidee.com/product-370411542
บ้านเดี่ยว,"2,350,000","เลขที่ 87/203 | โครงการจัดสรร หมู่บ้านกาญกนก1 | ติดถนนเลียบแม่น้ำโฮม | ห่างจากถนนเชียงใหม่-บ้านสหกรณ์(ทล.1317) 500 เมตร | ตำบลสันกำแพง | 18.73712,99.075312",เนื้อที่: 112 ตารางวา | เนื้อที่ 112 ตารางวา | ขนาดอาคาร 10.80x13เมตร พื้นที่ใช้สอยรวม 131 ตร.ม. 1 นอน 1 น้ำ,95/100,https://baan.kaidee.com/product-370411891
บ้านเดี่ยว,"1,470,000","หางดง | ศูนย์การค้าไชโยพลาซ่า | 18.689032,99.928175",เนื้อที่: 32.6 ตารางวา | เนื้อที่ 32.6 ตารางวา 3 นอน 2 น้ำ,95/100,https://baan.kaidee.com/product-370411892
บ้านเดี่ยว,"ราคา: 4,600,000","ตำบลแม่สูน | ซอยบ้านหนองยาว | ใกล้โรงเรียนเอื้อวิทยา | ใกล้ตลาดสดบ้านหนองยาว | 19.858891,99.175961",เนื้อที่: 345.4 ตารางวา | เนื้อที่ 345.4 ตารางวา | ขนาดที่ดิน 345.4 ตารางวา 1 นอน 1 น้ำ,95/100,https://baan.kaidee.com/product-370411895
บ้านเดี่ยว,"22,423,000","เลขที่352 ติดทางหลวงสายเชียงใหม่ - ฝาง ช่วง กม.ที่ 21+400 ทรัพย์อยู่ทางขวามือ | ตำบลสันโป่ง | 18.9574867,98.94507712",เนื้อที่: 1132 ตารางวา | เนื้อที่ 1132 ตารางวา 1 นอน 1 น้ำ,95/100,https://baan.kaidee.com/product-370411896
บ้านเดี่ยว,"ราคา: 2,325,000","บ้านเลขที่ 88/12 โครงการรินรดา 4 ตำบลไชยสถาน อำเภอสารภี จังหวัดเชียงใหม่ | อยู่ห่างจากถนนสายวงแหวนรอบนอกประมาณ 330 ม. | อยู่ห่างจากตัวอำเภอสารภีประมาณ 4,800 ม. | ใกล้ วัดศรีบุญเรือง, วัดนันทาราม, เทศบาลตำบลไชยสถาน","เนื้อที่: 41.5 ตารางวา | เนื้อที่ 41.5 ตารางวา | ขนาดที่ดินประมาณ 11x15 ม. | พื้นที่ใช้สอยประมาณ 8x10 ม.,160 ตรม. 1 นอน 1 น้ำ",95/100,https://baan.kaidee.com/product-370411899
บ้านเดี่ยว,"2,205,000","บ้านเลขที่ 127/80 หมู่ 3 หมู่บ้านโชควารีโฮม ซ.19 ถนนสายบ้านหนองไคร้-สันทรายหลวง แยกจากถนนวงแหวนรอบนอก ตำบลหนองจ๊อม อำเภอสันทราย จังหวัดเชียงใหม่ | อยู่ห่างจากถนนสายวงแหวนรอบนอกประมาณ 2,000 ม. | อยู่ห่างจากตัวอำเภอสันทรายประมาณ 4,500 ม. | ใกล้ม.คัทลียา, ม.สิรารมย์, วัดศรีทรายมูล","เนื้อที่: 63.1 ตารางวา | เนื้อที่ 63.1 ตารางวา | ขนาดที่ดินประมาณ 14x19 ม. | ขนาดสิ่งปลูกสร้างประมาณ 8x10 ม.,102 ตรม. 2 นอน 2 น้ำ",95/100,https://baan.kaidee.com/product-370411900
บ้านเดี่ยว,"ราคา: 470,000","บ้าน สารภี | บ้านกกดงซอย 1 | 18.6610417,98.9868028",เนื้อที่: 97.4 ตารางวา | เนื้อที่ 97.4 ตารางวา | ขนาดกว้าง 5 เมตร ยาว 67 เมตร 1 นอน 1 น้ำ,95/100,https://baan.kaidee.com/product-370411904
บ้านเดี่ยว,"4,248,000","ต.สารภี | ถนนป่าแดด-บ้านธิ (ทล.1189) | ใกล้ถนนซุปเปอร์ไฮเวย์ เชียงใหม่-ลำปาง (ทล.11) | 18.691164,99.053867",เนื้อที่: 277 ตารางวา | เนื้อที่ 277 ตารางวา | พื้นที่ใช้สอย 150 ตร.ม. | ขนาดที่ดินกว้างประมาณ 15x70 เมตร 1 นอน 1 น้ำ,95/100,https://baan.kaidee.com/product-370411905
บ้านเดี่ยว,"2,700,000","กาญจน์กนกวิลล์ 4 บ้านเดี่ยว 2 ชั้น | เลขที่ 113/128 ซอย 17 | ห่างจากถนนเลียบลำน้ำแม่โฮมประมาณ 690 เมตร | สันกำแพง | จังหวัดเชียงใหม่ | 18.732289,99.078596",เนื้อที่: 70 ตารางวา | เนื้อที่ 70 ตารางวา | พท.ใช้สอย 166 ตร.ม. 1 นอน 1 น้ำ,95/100,https://baan.kaidee.com/product-370411907
บ้านเดี่ยว,"1,264,000","หมู่บ้านขวัญเวียง | เลขที่ 224/497 | ซอย 17D | หางดง | เชียงใหม่ | 18.71785,98.96447",เนื้อที่: 53 ตารางวา | เนื้อที่ 53 ตารางวา 3 นอน 2 น้ำ,95/100,https://baan.kaidee.com/product-370411908
บ้านเดี่ยว,"ราคา: 2,881,000","บ้านเดี่ยวสองชั้น หมู่บ้านมายโฮมวิลล่า ต.น้ำแพร่ ม.4 หมู่บ้านมายโฮมวิลล่า ห่างจากถนนสายเลี่ยงเมืองหางดง-สันป่าตอง ประมาณ 850 เมตร ฉ.78043 เลขที่ 296/3 | 18.68744214,98.89097119",เนื้อที่: 62 ตารางวา | เนื้อที่ 62 ตารางวา | พื้นที่ใช้สอยภายในประมาณ122.50 ตร.ม. 1 นอน 1 น้ำ,95/100,https://baan.kaidee.com/product-370411909
บ้านเดี่ยว,"ราคา: 2,565,000","โครงการ ดิ เอส บายสมหวัง | ต.สันผักหวาน | อ.หางดง | จ.เชียงใหม่ | ถนนเลี่ยงเมืองเชียงใหม่-หางดง 74649 | 18.71541718,98.94505406",เนื้อที่: 75 ตารางวา | เนื้อที่ 75 ตารางวา 2 นอน 1 น้ำ,95/100,https://baan.kaidee.com/product-370411911
บ้านเดี่ยว,"ราคา: 3,913,000","บ้านห้วยโจ้ใต้ 9 | ซอยหมู่บ้านห้วยโจ้ใต้ 9 | แยกมาจากถนนเชียงใหม่-ฝาง(ทล.107) ประมาณ 450 เมตร | 19.775664,99.1589",เนื้อที่: 1659 ตารางวา | เนื้อที่ 1659 ตารางวา | พื้นที่ใช้สอย 48 ตร.ม. 1 นอน 1 น้ำ,95/100,https://baan.kaidee.com/product-370411912
บ้านเดี่ยว,"ราคา: 2,926,000",โครงการบ้านบุญส่ง 115/170 ต.ท่าวังตาล อ.สารภี จ.เชียงใหม่ | ห่างจากถนนวงแหวนรอบ 2 ประมาณ 1 กม.,เนื้อที่: 94.3 ตารางวา | เนื้อที่ 94.3 ตารางวา | พื้นที่ใช้สอยรวม ประมาณ 141 ตารางเมตร 3 นอน 2 น้ำ,95/100,https://baan.kaidee.com/product-370411916
บ้านเดี่ยว,"ราคา: 1,890,000",หมู่บ้านธรินภรณ์วิลล่า | เลขที่ 115/275 | ตำบลสันโป่ง | อำเภอแม่ริม | จังหวัดเชียงใหม่ | ห่างจากถนนเชียงใหม่ - ฝาง (โชตนา) 850 เมตร,เนื้อที่: 62 ตารางวา | เนื้อที่ 62 ตารางวา | พื้นที่ใช้สอยขนาด 90 ตร.ม. 1 นอน 1 น้ำ,95/100,https://baan.kaidee.com/product-370411918
บ้านเดี่ยว,"ราคา: 2,989,000","ชุมชนบ้านสันกอเก็ต | อำเภอสันป่าตอง | ติดถนนบ้านทุ่งเสี้ยว-บ้านโรงวัว | 18.53968253,98.90192214",เนื้อที่: 553 ตารางวา | เนื้อที่ 553 ตารางวา | บ้านตึกชั้นเดียว 3 หลัง และส่วนโล่งหลังคาคลุม 1 หลัง 1 นอน 1 น้ำ,95/100,https://baan.kaidee.com/product-370411919
บ้านเดี่ยว,"ราคา: 3,328,000",สันป่าตอง | ตำบลทุ่งเสี้ยว | อำเภอสันปาตอง | จังหวัดเชียงใหม่ | ห่างจากถนนบ้านดงก้ำประมาณ 12 เมตร | ห่างจากถนนสายเชียงใหม่-ฮอดประมาณ 550 เมตร | ห่างจากวัดศรีนวรัฐ (วัดทุ่งเสี้ยว) ห่างจากถนนสายเชียงใหม่-ฮอด ประมาณ 600 เมตร,เนื้อที่: 368 ตารางวา | เนื้อที่ 368 ตารางวา 1 นอน 1 น้ำ,95/100,https://baan.kaidee.com/product-370412426
บ้านเดี่ยว,"ราคา: 2,900,000","กาญจน์กนกวิลล์ 4 | บ้านเดี่ยวสองชั้น | ซอย 11 | ถนนเชียงใหม่-สันกำแพงสายใหม่ | หมู่บ้านกาญจน์กนกวิลล์ 4 | ต.สันกำแพง | อำเภอสันกำแพง | จังหวัดเชียงใหม่ | 18.732064,99.076387",เนื้อที่: 70 ตารางวา | เนื้อที่ 70 ตารางวา | พื้นที่ใช้สอย 220.5 ตรม. 3 นอน 4 น้ำ,95/100,https://baan.kaidee.com/product-370412427
บ้านเดี่ยว,"10,000,000","เมืองเชียงใหม่ | ย่านใจกลางเมือง | เยื้องตรงข้ามกับร้านร่มไม้ริมปิง | ถนนเจริญประเทศ(สายโรงเรียนมงฟอร์ต ระดับประถม) | ตำบลช้างคลาน | 18.76795196,99.00105129",เนื้อที่: 84 ตารางวา | เนื้อที่ 84 ตารางวา 1 นอน 1 น้ำ,95/100,https://baan.kaidee.com/product-370412431
บ้านเดี่ยว,"1,100,000","บ้านสองแคว ซอย 9 ห่างจากทางหลวงเชียงใหม่-ฝาง กม.145 ระยะทาง 400 ม. | เลขที่ 40 บ้านสองแคว | 19.869001,99.178901",เนื้อที่: 145 ตารางวา | เนื้อที่ 145 ตารางวา | พื้นที่ใช้สอย 72 ตร.ม. 1 นอน 1 น้ำ,95/100,https://baan.kaidee.com/product-370412433
บ้านเดี่ยว,"ราคา: 4,305,000","หมู่บ้านรินรดา ที่ดินพร้อมบ้านตึก 2 ชั้น เลขที่ 55/131 อยู่ในโครงการหมู่บ้านรินรดา ห่างจากห้างสรรพสินค้า พรอเมนาด้าฯ ประมาณ 1.5 กม.ไปตามเส้นทางสายเชียงใหม่ - บ้านสหกรณ์สันกำแพง | เลขที่ 55/131 หมู่บ้านรินรดา | 18.760266,99.049784",เนื้อที่: 63.8 ตารางวา | เนื้อที่ 63.8 ตารางวา | ขนาดที่ดิน 63.8 ตารางวา 1 นอน 1 น้ำ,95/100,https://baan.kaidee.com/product-370412434
บ้านเดี่ยว,"ราคา: 8,386,000","บ้านเลขที่ 178/958 หมู่บ้านเวิลด์คลับแลนด์ ฉ.57361 ถนนสายเชียงใหม่-ฮอด ต.หนองควาย อ.หางดง จ.เชียงใหม่ | 18.7331,98.930685",เนื้อที่: 155 ตารางวา | เนื้อที่ 155 ตารางวา 3 นอน 2 น้ำ,95/100,https://baan.kaidee.com/product-370412438
บ้านเดี่ยว,"ราคา: 2,200,000","ติดถนนบ้านป่าเป้า ซอย 4 | ใกล้กับหมู่บ้านเชียงใหม่แกรนด์วิว | อยู่ห่างจากถนนวงแหวนรองกลาง ประมาณ 800 เมตร | ตำบลแม่เหียะ | เชียงใหม่ | 18.7515744,98.9567039",เนื้อที่: 61.6 ตารางวา | เนื้อที่ 61.6 ตารางวา | ที่ดิน 61.6 ตรว.พร้อมบ้านเดี่ยวชั้นเดียว 1 หลัง 1 นอน 1 น้ำ,95/100,https://baan.kaidee.com/product-370412439
บ้านเดี่ยว,"1,307,000","โครงการจัดสรร หมู่บ้านจันทราทรัพย์ทวี | แยกจากซอยวัดข้าวแท่น 31 | ตำบลเมืองเล็น | ถนนผ่านหน้าที่ดินเป็นทางสาธารณประโยชน์ | 18.87182383,99.0657774",เนื้อที่: 60 ตารางวา | เนื้อที่ 60 ตารางวา 1 นอน 1 น้ำ,95/100,https://baan.kaidee.com/product-370412440
บ้านเดี่ยว,"ราคา: 8,995,000","บ้าน ไชยปราการ | ติดทางหลวงเชียงใหม่-ฝาง | ใกล้วัดอัญญวาสี | วัดปงตำ | ติดซอยบ้านห้วยม่วงหมู่ 6 ซอย 3 | ตำบลปงตำ | 19.759457,99.151477",เนื้อที่: 548 ตารางวา | เนื้อที่ 548 ตารางวา 1 นอน 1 น้ำ,95/100,https://baan.kaidee.com/product-370412443
บ้านเดี่ยว,"ราคา: 1,554,000","บ้านเลขที่ 31/1 ซอยช่างเหล็ก 3 แยกจาก ทล.ชม.3012 ถนนสายเชียงใหม่-ดอยสะเก็ด (กม.9) ตำบลหนองแหย่ง อำเภอสันทราย จังหวัดเชียงใหม่ | อยู่ห่างจากถนนสายเชียงใหม่-ดอยสะเก็ดประมาณ 3,630 ม. | อยู่ห่างจากตัวอำเภอสันทรายประมาณ 11 กม. | ใกล้โรงพยาบาลส่งเสริมสุขภาพตำบลบ้านร้องเม็ง, วัดบวกเปา, โรงเรียนวัดบวกเปา","เนื้อที่: 118 ตารางวา | เนื้อที่ 118 ตารางวา | ขนาดที่ดินประมาณ 9x32 ม. | สิ่งปลูกสร้าง ขนาดประมาณ 10x18 ม., 228 ตรม. 1 นอน 1 น้ำ",95/100,https://baan.kaidee.com/product-370412444
บ้านเดี่ยว,"2,300,000","บ้านเลขที่ 148 ติดถนนสายบ้านป่าตึงน้อย หมู่ 1-บ้านทุ่งยาว หมู่ 8 ตำบลป่าป้อง อำเภอดอยสะเก็ด จังหวัดเชียงใหม่ | 18.853688,99.14377",เนื้อที่: 293.4 ตารางวา | เนื้อที่ 293.4 ตารางวา | พื้นที่ใช้สอย 208 ตรม. | ขนาด 14x12 ม. 3 นอน 2 น้ำ,95/100,https://baan.kaidee.com/product-370412445
บ้านแฝด,"2,250,000",บ้านเลขที่ 194/9 ซอย 1 โครงการหมู่บ้านเดอะพรีโก้ ถนนสายเชียงใหม่-บ้านสหกรณ์ ตำบลต้นเปา อำเภอสันกำแพง จังหวัดเชียงใหม่ | อยู่ห่างจากถนนสายเชียงใหม่-บ้านสหกรณ์ ประมาณ 410 ม. | อยู่ห่างจากตัวเมืองเชียงใหม่ประมาณ 10 กม.,"เนื้อที่: 37.2 ตารางวา | เนื้อที่ 37.2 ตารางวา | ขนาดที่ดินประมาณ 10x14.5 ม. | รูปร่างสี่เหลี่ยมผืนผ้า | ขนาดสิ่งปลูกสร้างประมาณ 6x11 ม., 137 ตรม. 1 นอน 1 น้ำ",95/100,https://baan.kaidee.com/product-370412448
บ้านเดี่ยว,"ราคา: 3,668,000",บ้านเลขที่ 17 หมู่ที่ 1 ซอย 2 บ้านไร่พัฒนา ถนนสายเชียงใหม่-พร้าว(ทล.1001) ตำบลแม่แฝกใหม่ อำเภอสันทราย จังหวัดเชียงใหม่ | สันทราย เชียงใหม่,เนื้อที่: 250 ตารางวา | เนื้อที่ 250 ตารางวา 3 นอน 2 น้ำ,95/100,https://baan.kaidee.com/product-370412450
บ้านเดี่ยว,"ราคา: 3,696,000","347 ถนนวังสิงห์คำ ต.ป่าตัน อ.เมืองเชียงใหม่ | ห่างจากนนนซุปเปอร์ไฮเวย์เชียงใหม่-ลำปาง 250 เมตร | 18.80884,99.001971",เนื้อที่: 36.2 ตารางวา | เนื้อที่ 36.2 ตารางวา | ขนาดพื้นที่ใช้สอย 249 ตรม. 4 นอน 3 น้ำ,95/100,https://baan.kaidee.com/product-370412452
บ้านเดี่ยว,"926,000",สันป่าตอง | 32 ซ.ท้องฝาย 5 | บ้านร้องตีมีด | ถ.ทุ่งเสี้ยว-บ้านเปียง (ชม.3006) | ถ.เชียงใหม่-ฮอด(ทล.108),เนื้อที่: 77 ตารางวา | เนื้อที่ 77 ตารางวา | พื้นที่ใช้สอย 212 ตร.ม. 1 นอน 1 น้ำ,95/100,https://baan.kaidee.com/product-370412453
บ้านเดี่ยว,"1,600,000",บ้านเลขที่ 195/5 ตั้งอยู่ในโครงการหมู่บ้านซิตี้โฮมเพลส 4 | ถนนสายเชียงใหม่-บ้านสหกรณ์ | ตำบลต้นเปา | อำเภอสันกำแพง | จังหวัดเชียงใหม่ | อยู่ห่างจากตัวเมืองเชียงใหม่ประมาณ 13 กม. | ห่างจากถนนสายเชียงใหม่-บ้านสหกรณ์ประมาณ 730 ม.,"เนื้อที่: 58 ตารางวา | เนื้อที่ 58 ตารางวา | ขนาดที่ดินประมาณ 14x18 ม. | ขนาดสิ่งปลูกสร้างประมาณ 9x8 ม., 102.46 ตร.ม. 1 นอน 1 น้ำ",95/100,https://baan.kaidee.com/product-370412454
บ้านเดี่ยว,"1,042,000","เลขที่ 391 หมู่ที่ 2 ตำบลปงตำ | ห่างจากทางหลวงสายเชียงใหม่ - ฝาง ประมาณ 800 เมตร | 19.745095,99.136511",เนื้อที่: 141.2 ตารางวา | เนื้อที่ 141.2 ตารางวา | พื้นที่ใช้สอย 108 ตรม. | อาคารโรงจอดรถ ขนาด 6 X 20 เมตร 3 นอน 2 น้ำ,95/100,https://baan.kaidee.com/product-370412457
บ้านเดี่ยว,"32,000,000",ต.ท่าศาลา อ.เมืองเชียงใหม่ จ.เชียงใหม่ | ติดถนนดอนจั่นพัฒนา | แยกจากถนนสายลำปาง-เชียงใหม่ (ทล.11) ต.ท่าศาลา อ.เมืองเชียงใหม่ จ.เชียงใหม่,เนื้อที่: 1409.5 ตารางวา | เนื้อที่ 1409.5 ตารางวา | 3-2-09.5 ไร่ 1 นอน 1 น้ำ,95/100,https://baan.kaidee.com/product-370412460
บ้านเดี่ยว,"2,455,000","สันทราย | เลขที่ 188/327 มุมซอยคุรุสภา 13 | ห่างจากถนนสายเชียงใหม่-ดอยสะเก็ด(ทล.118) ประมาณ 600 ม. | 18.832885,99.064658",เนื้อที่: 118.5 ตารางวา | เนื้อที่ 118.5 ตารางวา | พื้นที่ใช้สอยประมาณ 180.35 ตร.ม. 3 นอน 2 น้ำ,95/100,https://baan.kaidee.com/product-370412461
บ้านเดี่ยว,"4,410,000","เลขที่ 333/243 ซอย 5/1 อยู่ในหมู่บ้านวรารมย์ แก้วนวรัฐ ติดถนนวงแหวนรอบนอก (ทล.121) ต.สันปูเลย อ.ดอยสะเก็ด จ.เชียงใหม่ | 18.818072,99.055262",เนื้อที่: 67.4 ตารางวา | เนื้อที่ 67.4 ตารางวา | พื้นที่ใช้สอย 143 ตรม. | ขนาด 8.10 x 8.30 ม. 3 นอน 2 น้ำ,95/100,https://baan.kaidee.com/product-370412462
บ้านเดี่ยว,"4,100,000","สันกำแพง | ถนนสายบ่อสร้าง-ดอยสะเก็ด(ทล.1014) กม.15+550 เมตร เลี้ยวขวาเช้าโครงการ | 18.754979,99.068263",เนื้อที่: 67.5 ตารางวา | เนื้อที่ 67.5 ตารางวา | พท.ใช้สอย 184 ตร.ม. 3 นอน 3 น้ำ,95/100,https://baan.kaidee.com/product-370412463
บ้านเดี่ยว,"3,200,000","สันทราย | โครงการแลนด์แอนด์เฮาส์ หมู่บ้านชลลดา | เลขที่ 189/206 ในโครงการแลนด์แอนด์เฮาส์ หมู่บ้านชลลดา | ซอย 18 | 18.8713825,99.00594025",เนื้อที่: 61.7 ตารางวา | เนื้อที่ 61.7 ตารางวา 3 นอน 2 น้ำ,95/100,https://baan.kaidee.com/product-370412465
บ้านเดี่ยว,"ราคา: 2,000,000","บ้านรื่นรมย์ บ้านตึกชั้นเดียวในโครงการบ้านรื่นรมย์ 276/36 หมู่ที่ 1 บ้านรื่นรมย์ ต.หนองผึ้ง อ.สารภี จ.เชียงใหม่ | 18.749584,99.005423",เนื้อที่: 65 ตารางวา | เนื้อที่ 65 ตารางวา | ขนาด 106 ตรม. 2 นอน 2 น้ำ,95/100,https://baan.kaidee.com/product-370412468
บ้านเดี่ยว,"1,429,000","บ้าน พร้าว | เชียงใหม่ | อยู่บนถนนสายบ้านทุ่งกู่-บ้านสันคะมอก | ห่างจากถนนสายเปิงโค้ง-พร้าว(ทล.1150) กม.32+430 เมตร ประมาณ 1.8 กม. | 19.377885,99.233648",เนื้อที่: 130 ตารางวา | เนื้อที่ 130 ตารางวา | ขนาด 6*13 เมตร 6 นอน 3 น้ำ,95/100,https://baan.kaidee.com/product-370412469
บ้านเดี่ยว,"ราคา: 703,000",หมู่ที่ 7 ถนนสายเชียงใหม่-สันทราย(ทล.1367) บริเวณ กม.ที่7+450 เข้าซอยบ้านต้นซาง 31 เข้าไป 1.5 กม. ถึงซอยไปบ้านป่าตอง ไปอีก 350 เมตร ถึงซอยไม่มีชื่อ เข้าไป 170 เมตร ถึงที่ตั้งทรัพย์ อยู่ขวามือ | สันทราย | เชียงใหม่,เนื้อที่: 125 ตารางวา | เนื้อที่ 125 ตารางวา | ขนด 7 x 15 เมตร 1 นอน 1 น้ำ,95/100,https://baan.kaidee.com/product-370412471
บ้านเดี่ยว,"6,080,000","โครงการกุลพันธ์วิลล์ 12 | ถนนวงแหวนรอบนอก | ต.ป่าบง | อำเภอสารภี | เชียงใหม่ | 18.738905,99.05095",เนื้อที่: 100 ตารางวา | เนื้อที่ 100 ตารางวา | พื้นที่ใช้สอยภายใน 331.75 ตรม. 1 นอน 1 น้ำ,95/100,https://baan.kaidee.com/product-370412473
บ้านเดี่ยว,"2,325,000","ต.บ้างกลาง อ.สันป่าตอง จ.เชียงใหม่ | 306 หมู่ 3 ถนนทุ่งเสี้ยว | ด้านหน้าติดถนนทุ้งเสี้ยวซอย 32 | ห่างถนนบ้านทุ่งเสี้ยว 50 เมตร | 18.56767,98.87081",เนื้อที่: 131 ตารางวา | เนื้อที่ 131 ตารางวา | พื้นที่ใช้สอยภายใน 221 ตรม. | อาคารห้องครัวชั้นเดียวพท. 18 ตรม. | อาคารโรงจอดรถ(ปลูกสร้างล้ำไปยังพื้นที่ดินผู้อื่น) 1 นอน 1 น้ำ,95/100,https://baan.kaidee.com/product-370412477
บ้านเดี่ยว,"1,351,000","สันป่าตอง | 234/1 ต.บ้านกลาง อ.สันป่าตอง จ.เชียงใหม่ | 18.5632,98.86947",เนื้อที่: 220.6 ตารางวา | เนื้อที่ 220.6 ตารางวา | พท.160 ตรม. 1 นอน 1 น้ำ,95/100,https://baan.kaidee.com/product-370412478
บ้านเดี่ยว,"ราคา: 4,515,000",โครงการกุลพันธุ์วิลล์ 12 | บ้านเลขที่ 22/27 | ต.ป่าบง | อ.สารภี | จ.เชียงใหม่ | ติดถนนภายในโครงการกว้าง 18.50 เมตร | ใกล้กับถนนวงแหวนรอบนอก,เนื้อที่: 85.6 ตารางวา | เนื้อที่ 85.6 ตารางวา | พื้นที่ใช้สอยภายใน 292 ตรม. 1 นอน 1 น้ำ,95/100,https://baan.kaidee.com/product-370412479
บ้านเดี่ยว,"ราคา: 2,714,000","เลขที่ 168/2 หมู่ที่ 2 บ้านป่าไม้แดง ติดถนนสายบ้านป่าไผ่ - บ้านป่าไม้แดง (ชม.12002) ตำบลป่าป้อง อำเภอดอยสะเก็ด จังหวัดเชียงใหม่ | 18.837872,99.151048",เนื้อที่: 181.8 ตารางวา | เนื้อที่ 181.8 ตารางวา | พื้นที่ใช้สอยประมาณ 150 ตรม. | ขนาดอาคาร 10x15 ม. | ที่ดินมีลักษณะเป็นรูปสี่เหลี่ยมผืนผ้า หน้ากว้าง 18 ม. ลึก 45 ม. 1 นอน 1 น้ำ,95/100,https://baan.kaidee.com/product-370412480
บ้านเดี่ยว,"ราคา: 5,047,000",เลขที่ 148/*2 หมู่ 14 ถนนสายแม่งอน-ดอยอ่างข่าง(ทล.1249) ติด อบต.แม่งอน จังหวัดเชียงใหม่,เนื้อที่: 947 ตารางวา | เนื้อที่ 947 ตารางวา | ขนาด 21.83x24 เมตร | ส่วนโล่งหลังคาคลุม ขนาด 4x6 เมตร | อาคารปูน 2 หลัง ขนาด 3x6 และ 4x8 เมตร 1 นอน 1 น้ำ,95/100,https://baan.kaidee.com/product-370412481
บ้านเดี่ยว,"ราคา: 2,945,000","โครงการ เลขที่ 322/128 หมู่บ้านนันทนา 1 ซอย 11 ในโครงการแลนด์ แอนด์ เฮ้าส์ แยกจากถนนสายเชียงใหม่-พร้าว(ทล.1001) เข้าไปประมาณ 840 เมตร | 18.86238172,99.00956909",เนื้อที่: 63 ตารางวา | เนื้อที่ 63 ตารางวา | พื้นที่ใช้สอยประมาณ 146 ตร.ม. 3 นอน 2 น้ำ,95/100,https://baan.kaidee.com/product-370412486
บ้านเดี่ยว,"2,200,000","ชุมชนบ้านปากกอง | ต.ยางเนิ้ง | อ.สารภี | จ.เชียงใหม่ | ห่างจากวัดปากกอง 500 เมตร | 18.69993,99.04106",เนื้อที่: 100 ตารางวา | เนื้อที่ 100 ตารางวา | พื้นที่ใช้สอยภายในอาคาร 160 ตรม. 3 นอน 2 น้ำ,95/100,https://baan.kaidee.com/product-370412487
บ้านเดี่ยว,"ราคา: 1,527,000","บ้านเลขที่ 7/3 หมู่ที่ 2 ถนนบ้านแม่กุ้งบก ซอย4/1 | ใกล้ อบต.สันกลาง | 18.648935,98.884791",เนื้อที่: 113 ตารางวา | เนื้อที่ 113 ตารางวา | พื้นที่ใช้สอยขนาด 134 ตร.ม. 6 นอน 3 น้ำ,95/100,https://baan.kaidee.com/product-370412490
บ้านเดี่ยว,"3,570,000","ศิริพรคันทรีวิลล์ 8 | เลขที่ 499/79 มุมซอย 7 ในโครงการศิริพรคันทรีวิลล์ 8 เข้าไปประมาณ 400 ม. | 18.837577,99.037555",เนื้อที่: 62.2 ตารางวา | เนื้อที่ 62.2 ตารางวา | พื้นที่ใช้สอยขนาด 127 ตร.ม. 3 นอน 3 น้ำ,95/100,https://baan.kaidee.com/product-370412491
บ้านเดี่ยว,"1,934,000","บ้านดอนแก้ว โชตนา 28 | เลขที่ 225 โชตนาซอย 28 | ห่างจากถนนเชียงใหม่-ฝาง(ทล.107) ประมาณ 1.0 กม. | 18.84667,98.979681",เนื้อที่: 80 ตารางวา | เนื้อที่ 80 ตารางวา | พท.ใช้สอย 157.50 ตร.ม. 1 นอน 1 น้ำ,95/100,https://baan.kaidee.com/product-370412493
บ้านเดี่ยว,"545,000","หมู่บ้านพระเจ้า 2 ตน | 152 หฒู่ | 8 | ตำบลมะขุนหวาน | อำเภอสันป่าตอง | จังหวัดเชียงใหม่ | 18.563909,98.896265",เนื้อที่: 59.2 ตารางวา | เนื้อที่ 59.2 ตารางวา | พท.67 ตรม. 2 นอน 1 น้ำ,95/100,https://baan.kaidee.com/product-370412494
บ้านเดี่ยว,"1,201,000","โครงการบ้านมัทรินทร์ ต.หนองแฝก อ.สารภี จ.เชียงใหม่ | เลขที่ 185/7 | 18.69406522212,99.0296050287",เนื้อที่: 62 ตารางวา | เนื้อที่ 62 ตารางวา | พื้นที่ใช้สอยภายใน 134 ตรม. 2 นอน 2 น้ำ,95/100,https://baan.kaidee.com/product-370412495
บ้านเดี่ยว,"26,500,000","โครงการมัณฑนา ติดถนนเชียงใหม่-ฮอด(108) เลขที่ 246 ในโครงการมัณฑนา ต.หนองควาย อ.หางดง จ.เชียงใหม่ | 18.709818,98.935108",เนื้อที่: 603 ตารางวา | เนื้อที่ 603 ตารางวา | ห้องนอน 1 ห้องนอน | ห้องน้ำ 1 ห้องน้ำ 1 นอน 1 น้ำ,95/100,https://baan.kaidee.com/product-370412497
บ้านเดี่ยว,"2,209,000","239 หมู่ 8 ต.สันติสุข อ.ดอยหล่อ จ.เชียงใหม่ | ห่างจากถนนสายหลักเพียง 30 เมตร | 18.5158465,98.84158274",เนื้อที่: 114 ตารางวา | เนื้อที่ 114 ตารางวา | พื้นที่ใช้สอยขนาด 114 ตร.ม. 3 นอน 3 น้ำ,95/100,https://baan.kaidee.com/product-370412498
บ้านเดี่ยว,"1,889,000","บ้านเลขที่ 282 หมู่ที่ 5 บนถนนสายเชียงใหม่-สันทราย(ทล.1367) เข้าซอยข้างไปรษณีย์ 18 ประมาณ 220 เมตร | 18.84406,99.04573",เนื้อที่: 77 ตารางวา | เนื้อที่ 77 ตารางวา | พื้นที่ใช้สอยขนาด 72 ตร.ม. 1 นอน 1 น้ำ,95/100,https://baan.kaidee.com/product-370412500
ที่ดิน,"42,000,000","ที่ดิน แม่ริม | ติดถนนสายห้วยทราย-สะสวง | ใกล้กับหมู่บ้านสมหวังเมาท์เท็นวิว | ห่างจากทางหลวงสายเชียงใหม่ - ฝาง ช่วง กม.18 เข้าไป 2 กม. | 18.951677,98.926631",เนื้อที่: 16429 ตารางวา | เนื้อที่ 16429 ตารางวา | หน้ากว้างติดถนนสายห้วยทราย-สะสวง 60 เมตร | ด้านในกว้างลึกกว่า 330 เมตร | ด้านข้างติดถนนซอยเขต 13 (บ้านหนองปลามัน) ระยะ 288 เมตร -,95/100,https://baan.kaidee.com/product-370414636
ที่ดิน,"ราคา: 670,000","ดอยสะเก็ด | ตำบลสำราญราษฏร์ | ถนนดอยสะเก็ด-บ่อสร้าง | เข้าโครงการประมาณ 710 เมตร | 18.80843217,99.11124408",เนื้อที่: 161 ตารางวา | เนื้อที่ 161 ตารางวา | หน้ากว้างติดถนนโครงการประมาณ 16 เมตร ลึก 40 เมตร -,95/100,https://baan.kaidee.com/product-370414637
ที่ดิน,"ราคา: 179,000","ต.ดอยหล่อ | โครงการบ้านสวนอินทนนท์ 2 | 18.45805,98.77905",เนื้อที่: 159 ตารางวา | เนื้อที่ 159 ตารางวา | ที่ดินเปล่า ที่ดินเปล่าแบ่งแยกเป็นแปลงย่อย -,95/100,https://baan.kaidee.com/product-370414688
ที่ดิน,"144,000","ที่ดินเปล่าโครงการบ้านสวนอิทนน์ ที่ดินว่างเปล่าแบ่งแยกเป็นแปลงย่อย โครงการบ้านสวนอินทนนท์ 2 ต.ดอยหล่อ | 18.45786,98.77888",เนื้อที่: 128 ตารางวา | เนื้อที่ 128 ตารางวา | ที่ดินว่างเปล่าแบ่งแยกเป็นแปลงย่อย -,95/100,https://baan.kaidee.com/product-370414689
ที่ดิน,"111,000","ที่ดิน ดอยหล่อ | เข้าไปจากถนนเชียงใหม่ - ฮอด เข้าสู่ซอยหลังม่อน ซอย 3 ประมาณ 1 กม. | 18.464458,98.77529",เนื้อที่: 105 ตารางวา | เนื้อที่ 105 ตารางวา | เนื้อที่ดิน 105 ตารางวา -,95/100,https://baan.kaidee.com/product-370414690
ที่ดิน,"ราคา: 1,209,000","ที่ดินเปล่า ดอยหล่อ | ซอยสามหลัง 12 ถนนสายเชียงใหม่-ฮอด ตำบลดอยหล่อ อำเภอดอยหล่อ จังหวัดเชียงใหม่ | อยู่ห่างจากถนนสายเชียงใหม่-ฮอด กม.37+850 ประมาณ 300 ม. | อยู่ห่างจากตัวอำเภอดอยหล่อประมาณ 8 กม. | ใกล้ วัดฟ้าหลั่ง, โรงเรียนวัดฟ้าหลั่ง",เนื้อที่: 1060 ตารางวา | เนื้อที่ 1060 ตารางวา | ขนาดที่ดินประมาณ 87x65 ม. | ขนาดที่ดิน 87x65 ม. -,95/100,https://baan.kaidee.com/product-370414724
ที่ดิน,"ราคา: 432,000",ที่ดินเปล่าในโครงการเล็ควู๊ดฮิลล์ ถนนดิน สาธารณูปโภคยังเข้าไม่ถึง ในโครงการเล็ควู๊ดฮิลล์ ใกล้วัดแม่ขะจาน ต.ขี้เหล็ก แม่แตง,เนื้อที่: 400 ตารางวา | เนื้อที่ 400 ตารางวา | ที่ดินเปล่า ที่ดินเปล่าในโครงการเล็ควู๊ดฮิลล์ -,95/100,https://baan.kaidee.com/product-370415056
ที่ดิน,"ราคา: 108,000","ที่ดินเปล่า ในโครงการเลควู๊ดฮิลล์ | ถนนดิน | ตำบลขี้เหล็ก | แม่แตง | ใกล้วัดแม่ขะจาน และโรงเรียนแม่ขะจาน | 19.062514,98.918823",เนื้อที่: 100 ตารางวา | เนื้อที่ 100 ตารางวา | ที่ดิน 100 ตารางวา -,95/100,https://baan.kaidee.com/product-370415099
ที่ดิน,"ราคา: 518,000","ที่ดินเปล่าโครงการริมเขื่อนรีสอร์ท | ตำบล ลวงเหนือ | อำเภอ ดอยสะเก็ด | จังหวัด เชียงใหม่ | แยกจากถนนเชียงใหม่-เชียงราย (ทล.118) กม.17 เข้าถนนเขื่อนแม่กวงอุดมธารา ประมาณ 5.6 กม | ติดกับศูนย์ปฏิบัติการเครื่องจักรกลที่ 1 กรมชลประทานเขื่อนแม่กวง | 18.92230274,99.13496811",เนื้อที่: 296 ตารางวา | เนื้อที่ 296 ตารางวา | ด้านหน้าติดถนนโครงการประมาณ 34 เมตร ลึก 35 เมตร รูปสี่เหลี่ยมจัตุรัส -,95/100,https://baan.kaidee.com/product-370415132
ที่ดิน,"ราคา: 2,166,000","สันทราย | ต.หนองแหย่ง | อ.สันทราย | จ.เชียงใหม่ | โครงการสวนเกษตรสันทราย | อยู่ใกล้ที่ตั้งเทศบาลหนองแหย่งแห่งใหม่ | จากถนนเชียงใหม่-ดอยสะเก็ด กม.9 เลี้ยวซ้ายไปตามถนน รพช.พยากน้อย-ป่าเหมือด ประมาณ 4.8 กม.ถึงที่ตั้งโครงการสวนเกษตรสันทราย เลี้ยวขวาเข้าไปอีก 1.3 กม. ถึงที่ตั้งทรัพย์ | 18.89503,99.102092",เนื้อที่: 759.7 ตารางวา | เนื้อที่ 759.7 ตารางวา | ขนาดที่ดิน 759.7 ตารางวา -,95/100,https://baan.kaidee.com/product-370415133
ที่ดิน,"ราคา: 1,148,000","ที่ดินเปล่าโครงการริมเขื่อนรีสอร์ท เชียงใหม่ | ตำบล ลวงเหนือ | ดอยสะเก็ด | แยกจากถนนเชียงใหม่-เชียงราย (ทล.118) กม.17 เข้าถนนเขื่อนแม่กวงอุดมธารา ประมาณ 5.6 กม | ติดกับศูนย์ปฏิบัติการเครื่องจักรกลที่ 1 กรมชลประทานเขื่อนแม่กวง | 18.92277944,99.13570977",เนื้อที่: 483 ตารางวา | เนื้อที่ 483 ตารางวา | ด้านหน้าติดถนนโครงการประมาณ 39 เมตร ลึก 45 เมตร รูปสี่เหลี่ยมคางหมู -,95/100,https://baan.kaidee.com/product-370415134
ที่ดิน,"499,000","ที่ดินเปล่าโครงการริมเขื่อนรีสอร์ท เชียงใหม่ | ตำบล ลวงเหนือ | ดอยสะเก็ด | แยกจากถนนเชียงใหม่-เชียงราย กม.17 เข้าถนนเขื่อนแม่กวงอุดมธารา ประมาณ 5.6 กม | ติดกับศูนย์ปฏิบัติการเครื่องจักรกลที่ 1 กรมชลประทานเขื่อนแม่กวง | 18.92287885,99.13632161",เนื้อที่: 266 ตารางวา | เนื้อที่ 266 ตารางวา | ด้านหน้าติดถนนโครงการประมาณ 45 เมตร ลึก27 เมตร รูปสี่เหลี่ยมคางหมู -,95/100,https://baan.kaidee.com/product-370415135
ที่ดิน,"ราคา: 1,035,000",ตำบล แม่หอพระ | อำเภอ แม่แตง | จังหวัด เชียงใหม่ | บริเวณโดยรอบเป็นพื้นที่ว่างเปล่า สลับกับพื้นที่ทำการเกษตร | อยู่ในโครงการจัดสรร \,เนื้อที่: 592 ตารางวา | เนื้อที่ 592 ตารางวา | ที่ดินเปล่า -,95/100,https://baan.kaidee.com/product-370415161
ที่ดิน,"ราคา: 584,000",ต.แม่หอพระ | แม่แตง | บริเวณโดยรอบเป็นพื้นที่ว่างเปล่า สลับกับพื้นที่ทำการเกษตร | อยู่ในโครงการจัดสรร \,เนื้อที่: 1006 ตารางวา | เนื้อที่ 1006 ตารางวา | ที่ดินเปล่า -,95/100,https://baan.kaidee.com/product-370415163
ที่ดิน,"ราคา: 1,814,000",ต.แม่หอพระ | แม่แตง | บริเวณโดยรอบเป็นพื้นที่ว่างเปล่า สลับกับพื้นที่ทำการเกษตร | อยู่ในโครงการจัดสรร \,เนื้อที่: 3701 ตารางวา | เนื้อที่ 3701 ตารางวา | ที่ดินเปล่า -,95/100,https://baan.kaidee.com/product-370415164
ที่ดิน,"ราคา: 3,097,000",ต.แม่หอพระ | บริเวณโดยรอบเป็นพื้นที่ว่างเปล่า สลับกับพื้นที่ทำการเกษตร | อยู่ในโครงการจัดสรร \,เนื้อที่: 6319 ตารางวา | เนื้อที่ 6319 ตารางวา | ที่ดินเปล่า ที่ดินเปล่า -,95/100,https://baan.kaidee.com/product-370415165
ที่ดิน,"ราคา: 1,549,000",ต.แม่หอพระ | ที่ดินเปล่า บริเวณโดยรอบเป็นพื้นที่ว่างเปล่า สลับกับพื้นที่ทำการเกษตร | อยู่ในโครงการจัดสรร \,เนื้อที่: 2765 ตารางวา | เนื้อที่ 2765 ตารางวา | ที่ดินเปล่า ที่ดินว่างเปล่า -,95/100,https://baan.kaidee.com/product-370415166
ที่ดิน,"ราคา: 1,048,000","ที่ดินเปล่า ในโครงการจัดสรรเพื่อที่อยู่อาศัยหรือสร้างบ้านพักตากอากาศ ในโครงการมิสตี้ฮิลล์ | ตั้งอยู่ห่างจากตัวเมืองเชียงใหม่ ประมาณ 50 กม. | ถนนสายเชียงใหม่ - พร้าว (ทล. 1001) กม. 43 | ตำบล แม่หอพระ | จังหวัดเชียงใหม่ | https://www.google.com/maps/search/?api=1&query=19.12005587,99.05084483",เนื้อที่: 1662 ตารางวา | เนื้อที่ 1662 ตารางวา | ที่ดินเปล่า ที่ดินเปล่า ในโครงการจัดสรรเพื่อที่อยู่อาศัยหรือสร้างบ้านพักตากอากาศ -,95/100,https://baan.kaidee.com/product-370415167
ที่ดิน,"ราคา: 1,723,000",ที่ดิน หางดง | ถนนบ้านเบ้อ ซอย 3 | ต.สันผักหวาน | อ.หางดง | จ.เชียงใหม่ | ห่างจากถนนสายเชียงใหม่-ออด(ทล.108) 1.2 กม.,เนื้อที่: 138 ตารางวา | เนื้อที่ 138 ตารางวา -,95/100,https://baan.kaidee.com/product-370415981
ที่ดิน,"11,290,000","ต.น้ำแพร่ | อ.หางดง | จ.เชียงใหม่ | อยู่ในโครงการสวนเกษตรไม่มีชื่อ | ห่างจากถนนเลียบคลองชลประทาน เพียง 400เมตร | บริเวณกม.ที่ 22 (ห่าง 30เมตร) | ถนนเลียบคลองชลประทาน เข้าไป 400เมตร | 18.69474,98.89508",เนื้อที่: 1792 ตารางวา | เนื้อที่ 1792 ตารางวา | ที่ดินเปล่า 1792 ตารางวา -,95/100,https://baan.kaidee.com/product-370416235
ที่ดิน,"ราคา: 854,000",ที่ดินเปล่า โครงการศรีเชียงใหม่ | ตำบลชมภู | อำเภอสารภี | จังหวัดเชียงใหม่ | ถนนสายขัวมุง-เทพาราม | ห่างจากถนนสายขัวมุง-เทพารามประมาณ 650 ม. | ห่างจากตัวเมืองเชียงใหม่ประมาณ 12 กม.,เนื้อที่: 299.5 ตารางวา | เนื้อที่ 299.5 ตารางวา | ขนาดที่ดินประมาณ 25x48 ม. | 299.5 ตารางวา -,95/100,https://baan.kaidee.com/product-370416236
ที่ดิน,"ราคา: 219,000","ต.บ้านกาด | หมู่บ้านป่าบง | โครงการจัดสรร สิรีทิพย์ | อยู่ติดถนนในโครงการ/หินคลุก | 18.6079302,98.7865777",เนื้อที่: 153 ตารางวา | เนื้อที่ 153 ตารางวา | ที่ดิน แม่วาง | ที่ดินเปล่า โครงการสิริทิพย์ -,95/100,https://baan.kaidee.com/product-370416238
ที่ดิน,"519,000","ต.ดอยหล่อ | 18.45583,98.78394",เนื้อที่: 674 ตารางวา | เนื้อที่ 674 ตารางวา | ที่ดิน ดอยหล่อ -,95/100,https://baan.kaidee.com/product-370416239
ที่ดิน,"1,651,000","สันป่าตอง | ตำบล บ้านกลาง | อยู่ห่างจากตลาดทุ่งเสี้ยว 400 เมตร | 18.560726,98.873305",เนื้อที่: 579 ตารางวา | เนื้อที่ 579 ตารางวา | ที่ดินเปล่า จำนวน 6 แปลง ในโครงการจัดสรรไม่มีชื่อ -,95/100,https://baan.kaidee.com/product-370416240
ที่ดิน,"518,000","ต.ดอยหล่อ | 18.45541,98.7834",เนื้อที่: 627 ตารางวา | เนื้อที่ 627 ตารางวา | ที่ดิน ดอยหล่อ -,95/100,https://baan.kaidee.com/product-370416241
ที่ดิน,"ราคา: 179,000","ต.บ้านกาด | ห่างจากถนนสาย สันป่าตอง-บ้านกาด 650 เมตร | ห่างจากถนนสายเชียงใหม่-ฮอด 13 กม. | 18.6079302,98.7865777",เนื้อที่: 149 ตารางวา | เนื้อที่ 149 ตารางวา | ที่ดินว่างเปล่า -,95/100,https://baan.kaidee.com/product-370416242
ที่ดิน,"ราคา: 479,000","ตำบลหางดง | ซอยบ้านกองหิน 14/3 | ห่างจากถนนสายฮอด-ดอยเต่าประมาณ 470 ม. | 18.18126,98.61755",เนื้อที่: 425 ตารางวา | เนื้อที่ 425 ตารางวา | ที่ดินเปล่า จำนวน 1 แปลง | ห่างจากถนนสายฮอด-ดอยเต่าประมาณ 470 ม. -,95/100,https://baan.kaidee.com/product-370416243
ที่ดิน,"ราคา: 2,263,000","ที่ดิน สันป่าตอง ตำบลแม่ก๊า | 18.56577,98.94277",เนื้อที่: 2382 ตารางวา | เนื้อที่ 2382 ตารางวา | เป็นทรัพย์รอการขาย -,95/100,https://baan.kaidee.com/product-370416244
ที่ดิน,"ราคา: 1,596,000","ที่ดินเปล่า โครงการหมู่บ้านเนเจอร์โฮม ต.หารแก้ว อ.หางดง จ.เชียงใหม่ | 18.6559372,98.9019598",เนื้อที่: 190 ตารางวา | เนื้อที่ 190 ตารางวา | ที่ดิน 190 ตารางวา -,95/100,https://baan.kaidee.com/product-370416246
ที่ดิน,"ราคา: 1,596,000","ที่ดินเปล่า โครงการหมู่บ้านเนเจอร์โฮม | อยู่ระหว่าง อ.หางดง กับ อ.สันป่าตอง | ต.หารแก้ว | 18.6557088,98.9018953",เนื้อที่: 190 ตารางวา | เนื้อที่ 190 ตารางวา | ที่ดิน 190 ตารางวา -,95/100,https://baan.kaidee.com/product-370416247
ที่ดิน,"ราคา: 8,516,000","สันทราย | ตำบลหนองแหย่ง | โครงการสวนเกษตรสันทราย | ถนนเชียงใหม่-เชียงราย กม.9 เลี้ยวซ้ายไปตามถนนพยากน้อย-ทุ่งข้าวตอก ประมาณ 4.8 กม.ถึงที่ตั้งโครงการ | 18.895499,99.10115",เนื้อที่: 2988 ตารางวา | เนื้อที่ 2988 ตารางวา | 2 แปลง อยู่ใกล้กัน โดยมีลำเหมืองคั่นไว้ | รูปหลายเหลี่ยม | ติดถนน 3 ด้าน -,95/100,https://baan.kaidee.com/product-370416439
ที่ดิน,"ราคา: 244,000",ตำบลแม่หอพระ | อำเภอแม่แตง | จังหวัดเชียงใหม่ | ทางหลวงเชียงใหม่ - พร้าว กม.ที่ 43 | โครงการ \,เนื้อที่: 456 ตารางวา | เนื้อที่ 456 ตารางวา | ที่ดินเปล่า ติดถนนดิน ในโครงการ \ -,95/100,https://baan.kaidee.com/product-370416441
ที่ดิน,"12,698,000",สันป่าตอง | ต.น้ำบ่อหลวง | อ.สันป่าตอง | จ.เชียงใหม่ | ใกล้ อบต.น้ำบ่อหลวง-ติดถนนเลียบคลองชลประทาน | ถนนเลียบคลองชลประทานซอย 1 | ห่างจากถนนเลี่ยงเมืองสันป่าตอง-หางดง (ชม.3035) ประมาณ 2.0 กม.,เนื้อที่: 3455 ตารางวา | เนื้อที่ 3455 ตารางวา | ที่ดินเปล่า 4 แปลง (ติดกัน) -,95/100,https://baan.kaidee.com/product-370416443
ที่ดิน,"ราคา: 108,000",ตำบล ขี้เหล็ก | แม่แตง | ถนนดิน | ในโครงการจัดสรร\,เนื้อที่: 100 ตารางวา | เนื้อที่ 100 ตารางวา | เนื้อที่ 100 ตารางวา -,95/100,https://baan.kaidee.com/product-370416604
ที่ดิน,"194,000","ดอยหล่อ | ตำบลดอยหล่อ | โครงการบ้านสวนอินทนนท์ 2 | 18.45789,98.77987",เนื้อที่: 123 ตารางวา | เนื้อที่ 123 ตารางวา | ที่ดิน ดอยหล่อ -,95/100,https://baan.kaidee.com/product-370416605
ที่ดิน,"ราคา: 158,000","ที่ดิน ดอยหล่อ | โครงการบ้านสวนอินทนนท์ 2 | ต.ดอยหล่อ | 18.45707,98.77869",เนื้อที่: 100 ตารางวา | เนื้อที่ 100 ตารางวา | ที่ดินเปล่า ที่ดินว่างเปล่าแบ่งแยกเป็นแปลงย่อย -,95/100,https://baan.kaidee.com/product-370416606
ที่ดิน,"ราคา: 108,000",ที่ดินเปล่า ที่ดินว่างเปล่า ในโครงการจัดสรร \,เนื้อที่: 100 ตารางวา | เนื้อที่ 100 ตารางวา | เนื้อที่ 100 ตารางวา -,95/100,https://baan.kaidee.com/product-370416607
ที่ดิน,"ราคา: 626,000","ที่ดินเปล่า (หลัง รร.ดอยหล่อ) เชียงใหม่ | ต.ดอยหล่อ อ.ดอยหล่อ จ.เชียงใหม่ | 18.466116,98.780547",เนื้อที่: 298 ตารางวา | เนื้อที่ 298 ตารางวา | ที่ดินแบ่งแยกเป็นแปลงย่อยขายในโครงการจัดสรรขนาดเล็ก -,95/100,https://baan.kaidee.com/product-370416608
ที่ดิน,"ราคา: 626,000","ต.ดอยหล่อ อ.ดอยหล่อ จ.เชียงใหม่ | ที่ดินเปล่า (หลังรร.ดอยหล่อ) | 18.46597,98.7804",เนื้อที่: 298 ตารางวา | เนื้อที่ 298 ตารางวา | ที่ดินแบ่งแยกเป็นแปลงย่อยขายในโครงการจัดสรรขนาดเล็ก -,95/100,https://baan.kaidee.com/product-370416609
ที่ดิน,"31,655,000",ต.บ้านแหวน อ.หางดง จ.เชียงใหม่ | อยู่ตรงข้ามกับ โรงพยาบาลส่งเสริมสุขภาพบ้านต้นเฮือด | ติดกับทางสาธารณะในหมู่บ้าน | อยู่ในย่านชุมชน,เนื้อที่: 9421 ตารางวา | เนื้อที่ 9421 ตารางวา -,95/100,https://baan.kaidee.com/product-370416660
ที่ดิน,"ราคา: 112,000","ที่ดิน ดอยหล่อ | โครงการทุ่งเศรษฐี | ตำบล สันติสุข | 18.53101,98.84104",เนื้อที่: 100 ตารางวา | เนื้อที่ 100 ตารางวา | เนื้อที่ดิน 100 ตารางวา -,95/100,https://baan.kaidee.com/product-370416845
ที่ดิน,"ราคา: 1,426,000","โครงการริมปิงการ์เด้นท์รีสอร์ท | ตำบล แม่แฝกใหม่ | ห่างถนนเชียงใหม่-พร้าว ระหว่าง กม.21-22 ประมาณ 2.5 กม. | 18.98594151,98.96391216",เนื้อที่: 411 ตารางวา | เนื้อที่ 411 ตารางวา | หน้ากว้างติดถนนโครงการ 25 เมตร ลึก 65 เมตร -,95/100,https://baan.kaidee.com/product-370416846
ที่ดิน,"234,000",โครงการฟ้าใสดอยงาม 3 | ต.หนองหาร | อ.สันทราย | จ.เชียงใหม่ | ใกล้กับมหาวิทยาลัยแม่โจ้ | ระหว่าง กม.9-10 ถนนเชียงใหม่-พร้าว,เนื้อที่: 117 ตารางวา | เนื้อที่ 117 ตารางวา | หน้ากว้างติดถนนโครงการ ประมาณ 16 เมตร ลึก 26 เมตร -,95/100,https://baan.kaidee.com/product-370416847
ที่ดิน,"ราคา: 207,000",ที่ดินเปล่า โครงการบ้านสันติสุข | ถนนสายเชียงใหม่-ฮอด ช่วง กม.37-38 | ตำบลสันติสุข | ดอยหล่อ | จังหวัดเชียงใหม่ | ห่างจากถนนสายเชียงใหม่-ฮอด ช่วง กม.37-38 ประมาณ 800 ม.,เนื้อที่: 138 ตารางวา | เนื้อที่ 138 ตารางวา | ขนาดที่ดินประมาณ 18x32 ม. | 138 ตารางวา -,95/100,https://baan.kaidee.com/product-370416849
ที่ดิน,"ราคา: 1,254,000",ตำบลสันติสุข อำเภอดอยหล่อ จังหวัดเชียงใหม่ | ที่ดินว่างเปล่าในโครงการจัดสรรหมู่บ้านสันติสุข | ติดเป็นผืนเดียวกันจำนวน 4 แปลง | ห่างจากถนนสายเชียงใหม่-ฮอด บริเวณช่วง กม.37,เนื้อที่: 660 ตารางวา | เนื้อที่ 660 ตารางวา | เป็นทรัพย์รอการขาย ใช่ 💖 ที่ดิน ดอยหล่อ ราคาพิเศษ! 💖 -,95/100,https://baan.kaidee.com/product-370416850
ที่ดิน,"17,720,000","ที่ดินเปล่า ตำบลน้ำแพร่ | ถ.เลี่ยงเมืองสันป่าตอง-หางดง(ชม.3035) | ต.น้ำแพร่ | หางดง | จังหวัดเชียงใหม่ | 18.678095,98.879945",เนื้อที่: 4441 ตารางวา | เนื้อที่ 4441 ตารางวา | ก.165 ม. ย.130 ม. -,95/100,https://baan.kaidee.com/product-370417100
ที่ดิน,"ราคา: 756,000","ที่ดินเปล่า ที่ดินเปล่า 1 แปลง มีส่วนติดถนนในโครงการ 2 ด้าน | อยู่ในทำเลย่านเกษตรกรรม | โครงการ มิสตี้ฮิลล์ | ถนนเชียงใหม่-พร้าว (ทล.1001) บริเวณ กม.43+400 | ตำบล แม่หอพระ | อำเภอ แม่แตง | จังหวัด เชียงใหม่ | 19.12046633,99.04884249",เนื้อที่: 1167 ตารางวา | เนื้อที่ 1167 ตารางวา | ที่ดินเปล่า 1 แปลง | กว้าง 80 เมตร และ 68 เมตร -,95/100,https://baan.kaidee.com/product-370417159
ที่ดิน,"ราคา: 1,277,000",ที่ดิน หางดง | โครงการเนเจอร์โฮม | ถนนเชียงใหม่-ฮอด (ทล.108) กม.18+800 | ตำบล หารแก้ว | หางดง | เชียงใหม่,เนื้อที่: 152 ตารางวา | เนื้อที่ 152 ตารางวา | ขนาดที่ดินประมาณ 17x36 ม. -,95/100,https://baan.kaidee.com/product-370417161
ที่ดิน,"ราคา: 640,000","ที่ดินเปล่า โครงการบ้านสวนจงเจริญ | ซอยบ้านเหล่าป๋วย 10 | ถนนสายเชียงใหม่-ฮอด | ตำบลดอยหล่อ | บริเวณดอยหล่อ | 18.504222,98.811545",เนื้อที่: 582 ตารางวา | เนื้อที่ 582 ตารางวา | ขนาดที่ดินประมาณ 48x46 ม. | รูปร่างที่ดินเป็นรูปสี่เหลี่ยมผืนผ้า -,95/100,https://baan.kaidee.com/product-370417226
ที่ดิน,"ราคา: 470,000",ที่ดินเปล่า โครงการบ้านสวนจงเจริญ | ซอยบ้านเหล่าป๋วย 10 | ถนนสายเชียงใหม่-ฮอด | ตำบลดอยหล่อ | จังหวัดเชียงใหม่ | อยู่ในทำเลย่านเกษตรกรรม,เนื้อที่: 414 ตารางวา | เนื้อที่ 414 ตารางวา | ขนาดที่ดินประมาณ 42x40 ม. | 414 ตารางวา -,95/100,https://baan.kaidee.com/product-370417227
ที่ดิน,"ราคา: 520,000",ที่ดินเปล่า โครงการบ้านสวนจงเจริญ | ซอยบ้านเหล่าป๋วย 10 | ถนนสายเชียงใหม่-ฮอด | ตำบลดอยหล่อ | อำเภอดอยหล่อ | จังหวัดเชียงใหม่ | อยู่ในทำเลย่านเกษตรกรรม,เนื้อที่: 469 ตารางวา | เนื้อที่ 469 ตารางวา | ขนาดที่ดินประมาณ 44x42 ม. | รูปร่างที่ดินเป็นรูปสี่เหลี่ยมผืนผ้า -,95/100,https://baan.kaidee.com/product-370417228
ที่ดิน,"ราคา: 500,000",ที่ดินเปล่า โครงการบ้านสวนจงเจริญ | ซอยบ้านเหล่าป๋วย 10 | ถนนสายเชียงใหม่-ฮอด | ตำบลดอยหล่อ | อำเภอดอยหล่อ | จังหวัดเชียงใหม่ | อยู่ในทำเลย่านเกษตรกรรม,เนื้อที่: 448 ตารางวา | เนื้อที่ 448 ตารางวา | ขนาดที่ดินประมาณ 40x42 ม. | รูปร่างที่ดินเป็นรูปสี่เหลี่ยมผืนผ้า -,95/100,https://baan.kaidee.com/product-370417229
ที่ดิน,"ราคา: 420,000",ที่ดินเปล่า โครงการบ้านสวนจงเจริญ | ซอยบ้านเหล่าป๋วย 10 | ถนนสายเชียงใหม่-ฮอด | ตำบลดอยหล่อ | อำเภอดอยหล่อ | จังหวัดเชียงใหม่ | อยู่ในทำเลย่านเกษตรกรรม | ต่ำกว่าถนนประมาณ 0.3 ม.,เนื้อที่: 374 ตารางวา | เนื้อที่ 374 ตารางวา | ขนาดที่ดินประมาณ 46x34 ม. | รูปร่างที่ดินเป็นรูปสี่เหลี่ยมผืนผ้า -,95/100,https://baan.kaidee.com/product-370417230
ที่ดิน,"ราคา: 390,000","ที่ดินเปล่า โครงการบ้านสวนจงเจริญ | ซอยบ้านเหล่าป๋วย 10 | ถนนสายเชียงใหม่-ฮอด | ตำบลดอยหล่อ | บริเวณดอยหล่อ | 18.503083,98.811094",เนื้อที่: 346 ตารางวา | เนื้อที่ 346 ตารางวา | ขนาดที่ดินประมาณ 40x32 ม. | รูปร่างที่ดินเป็นรูปสี่เหลี่ยมผืนผ้า -,95/100,https://baan.kaidee.com/product-370417231
ที่ดิน,"ราคา: 1,000,000","ที่ดินเปล่า โครงการบ้านสวนจงเจริญ | ซอยบ้านเหล่าป๋วย 10 | ถนนสายเชียงใหม่-ฮอด | ตำบลดอยหล่อ | อำเภอดอยหล่อ | จังหวัดเชียงใหม่ | อยู่ในทำเลย่านเกษตรกรรม | ติดทางสาธารณประโยชน์ คอนกรีตกว้าง 6 เมตร | 18.502183,98.813418",เนื้อที่: 920 ตารางวา | เนื้อที่ 920 ตารางวา | ขนาดที่ดินประมาณ 46x86 ม. | รูปร่างที่ดินเป็นรูปคล้ายสี่เหลี่ยมผืนผ้า -,95/100,https://baan.kaidee.com/product-370417240
อพาร์ตเมนต์,"14,183,000","40/1 ซอย 4/2 บ้านบวกหัวช้าง ต.ท่าวังตาล อ.สารภี จ.เชียงใหม่ | 18.72247589,99.00373422","เนื้อที่: 472 ตารางวา | เนื้อที่ 472 ตารางวา | พื้นที่ 36 ตรม. | พื้นที่ 1,477 ตรม. 1 นอน 1 น้ำ",95/100,https://baan.kaidee.com/product-370417526
บ้านเดี่ยว,"ราคา: 5,149,000","73 ซอย 7 บ้านช้างค้ำ ต.ท่าวังตาล อ.สารภี จ.เชียงใหม่ | 18.74662,99.001051",เนื้อที่: 497.8 ตารางวา | เนื้อที่ 497.8 ตารางวา | ที่ดินพร้อมสิ่งปลูกสร้าง 4 รายการ ประกอบด้วย สปส.1 บ้านตึกชั้นเดียวยกพื้นสูง /สปส.2 อาคารห้องครัวหลังที่ 1 / สปส.3 อาคารห้องครัวหลังที่ 2 /สปส.4 อาคารห้องครัวหลังที่ 3 3 นอน 2 น้ำ,95/100,https://baan.kaidee.com/product-370417631
บ้านเดี่ยว,"3,074,000","เลขที่ 3/1 บ้านสันต้นม่วงกลาง ติดถนนสายดอยสะเก็ด - สันป่าค่า ตำบลสำราญราษฎร์ อำเภอดอยสะเก็ด จังหวัดเชียงใหม่ | 18.81085067,99.0973134",เนื้อที่: 247 ตารางวา | เนื้อที่ 247 ตารางวา | พื้นที่ใช้สอยประมาณ 200.90 ตรม. | ที่ดินมีลักษณะเป็นรูปหลายเหลี่ยม หน้ากว้าง 34 ม. ลึก 28 ม. 1 นอน 1 น้ำ,95/100,https://baan.kaidee.com/product-370417632
บ้านเดี่ยว,"ราคา: 3,176,000","ชุมชนป่าปง 1 | เลขที่ 29 | ซอยชุมชนป่าบง ซอย 3 | ติดถนนซอยชุมชนป่าบง ซอย 3 | ห่างจากถนนเชียงใหม่-พร้าว(ทล.1001) ประมาณ 750 เมตร | 18.92907916,98.9835873",เนื้อที่: 175 ตารางวา | เนื้อที่ 175 ตารางวา | พื้นที่ใช้สอยภายในขนาด 102 ตร.ม. | พื้นที่ใช้สอยภายในขนาด 95.25 ตร.ม. 3 นอน 3 น้ำ,95/100,https://baan.kaidee.com/product-370417633
บ้านเดี่ยว,"5,355,000",มงฟอร์ตวิลล่า | บ้านเลขที่ 38/25 | ติดถนนมงฟอร์ต | แยกจากถนนมหิดล (ทล.1141) ประมาณ 1 กิโลเมตร | ตำบลท่าศาลา | เชียงใหม่,เนื้อที่: 72 ตารางวา | เนื้อที่ 72 ตารางวา | พื้นที่ใช้สอยขนาด 137 ตร.ม. 3 นอน 2 น้ำ,95/100,https://baan.kaidee.com/product-370417836
บ้านเดี่ยว,"ราคา: 1,965,000","บ้านเลขที่ 99/26 หมู่ที่ 3 หมู่บ้านฉมาบดี ตำบลสารภี อำเภอสารภี จังหวัดเชียงใหม่ | อยู่ห่างจากถนนสายเชียงใหม่-ลำพูนประมาณ 1,600 ม. | อยู่ห่างจากตัวอำเภอสารภี ประมาณ 5.5 กม. | ใกล้ วัดบ้านกลาง, หมู่บ้านใจแก้วเอราวัณ, วัดพระนอนหนองผึ้ง | 18.73636,99.00233","เนื้อที่: 55.5 ตารางวา | เนื้อที่ 55.5 ตารางวา | ขนาดที่ดินประมาณ 15x15 ม. รูปสี่เหลี่ยมจัตุรัส | ขนาดสิ่งปลูกสร้างประมาณ 12x9 ม., 96 ตรม. 2 นอน 1 น้ำ",95/100,https://baan.kaidee.com/product-370417974
บ้านเดี่ยว,"ราคา: 2,423,000",หมู่บ้านประกันสังคม 1506 วังน้ำริน | เลขที่ 303/221 | ซอย 3 | ห่างจากถนนรอบเมืองเชียงใหม่ (ทล.1211) 2.15 กม. | จังหวัดเชียงใหม่,เนื้อที่: 50 ตารางวา | เนื้อที่ 50 ตารางวา | พื้นที่ใช้สอย 158 ตร.ม. 3 นอน 3 น้ำ,95/100,https://baan.kaidee.com/product-370417976
บ้านเดี่ยว,"ราคา: 1,656,000","เลขที่ 261/40 บน โฉนดเลขที่ 70222 ถนนซอยเทศบาลหางดง 19 ต.หนองแก๋ว อ.หางดง จ.เชียงใหม่ | 18.66906,98.92438",เนื้อที่: 70 ตารางวา | เนื้อที่ 70 ตารางวา | พื้นที่ใช้สอย 2 ห้องนอน 1 ห้องน้ำ 1 ห้องครัว และ ห้องโถง 2 นอน 1 น้ำ,95/100,https://baan.kaidee.com/product-370417977
บ้านเดี่ยว,"ราคา: 4,200,000","โครงการภูฟ้า การ์เด้นท์โฮม 4 | เลขที่ 174/34 หมู่ 8 | ติดถนนเลี่ยงเมืองเชียงใหม่รอบนอก ทล.121 | ตำบลสารภี, อำเภอสารภี, จังหวัดเชียงใหม่",เนื้อที่: 52.5 ตารางวา | เนื้อที่ 52.5 ตารางวา 1 นอน 1 น้ำ,95/100,https://baan.kaidee.com/product-370417978
บ้านเดี่ยว,"5,500,000",สันกำแพง | ถนนสายเชียงใหม่-สันกำแพง (ทล.1006) | เลขที่ 55 | ตรงข้ามกับการไฟฟ้าส่วนภูมิภาคอำเภอสันกำแพง,เนื้อที่: 121 ตารางวา | เนื้อที่ 121 ตารางวา | ขนาดสิ่งปลูกสร้างประมาณ 13x15 ม. พื้นที่ใช้สอยรวม 398 ตรม. | ขนาดสิ่งปลูกสร้างประมาณ 5x9 ม. พื้นที่ใช้สอยรวม 130 ตรม. 1 นอน 1 น้ำ,95/100,https://baan.kaidee.com/product-370418153
บ้านเดี่ยว,"1,598,000","บ้านกลางสวน บ้านเดี่ยว ชั้นเดียวในโครงการบ้านกลางสวน บ้านเลขที่ 222 ต.ดอนแก้ว ต.สารภี ห่างจากถนนขัวมุง-เทพาราม 300 ม. | 18.689082,99.003608",เนื้อที่: 51.6 ตารางวา | เนื้อที่ 51.6 ตารางวา | ขนาดอาคารประมาณ 100 ตร.ม. 3 นอน 2 น้ำ,95/100,https://baan.kaidee.com/product-370418154
บ้านเดี่ยว,"2,662,000","หางดง | โครงการเชียงใหม่วิวดอย | ติดถนนใหญ่สายเชียงใหม่-ฮอด 215/1 หมู่ 3 | 18.708898,98.930159",เนื้อที่: 135 ตารางวา | เนื้อที่ 135 ตารางวา | พื้นที่ 72 ตรม. 1 นอน 1 น้ำ,95/100,https://baan.kaidee.com/product-370418155
บ้านเดี่ยว,"ราคา: 1,092,000",หมู่บ้านกลางดง ซอย 1 ต.ทุ่งปี้ อ.สันป่าตอง จ.เชียงใหม่ | ห่างจากถนนสายเชียงใหม่-ฮอด แยกไปทางถนนสายแม่วางประมาณ 13 กม.,เนื้อที่: 657 ตารางวา | เนื้อที่ 657 ตารางวา 1 นอน 1 น้ำ,95/100,https://baan.kaidee.com/product-370418384
บ้านเดี่ยว,"ราคา: 421,000","บ้านห้วป่าห้าซอย 4 | เลขที่ 19/1 | ห่างจากถนนเลียบคลองชลประทาน 450 เมตร | แม่แตง | เชียงใหม่ | 19.146716,98.925109",เนื้อที่ 69 ตารางวา | เนื้อที่: 69 ตารางวา | เนื้อที่ 69 ตารางวา 3 นอน 2 น้ำ,95/100,https://baan.kaidee.com/product-370418385
บ้านเดี่ยว,"1,600,000","หมู่บ้านสิริเชียงใหม่ | เลขที่ 215/13 | โครงการหมู่บ้านสิริเชียงใหม่ | 18.631809,98.899542",เนื้อที่: 65 ตารางวา | เนื้อที่ 65 ตารางวา | ขนาด 8x12 เมตร 3 นอน 2 น้ำ,95/100,https://baan.kaidee.com/product-370418386
บ้านเดี่ยว,"ราคา: 900,000","หมู่บ้านสิริเชียงใหม่ | ต.สันป่าตอง | อ.เมืองเชียงใหม่ | จ.เชียงใหม่ | ห่างจากตัวอำเภอเชียงใหม่ ประมาณ 22 กม. | 18.6312259,98.899488",เนื้อที่: 33 ตารางวา | เนื้อที่ 33 ตารางวา | พื้นที่ชั้น 122 ตร.ม. 2 นอน 1 น้ำ,95/100,https://baan.kaidee.com/product-370418388
บ้านเดี่ยว,"531,000","บ้านเลขที่ 44 หมู่บ้านเหมืองฟู ต.บ้านแม อ.สันป่าตอง จ.เชียงใหม่ | 18.664567,98.828214",เนื้อที่ 80 ตารางวา | พื้นที่ใช้สอย 108 ตร.ม. 3 นอน 2 น้ำ,95/100,https://baan.kaidee.com/product-370418390
บ้านเดี่ยว,"ราคา: 4,244,000","บ้านเดี่ยว 2 ชั้น (ตรงข้ามทางเข้าหมู่บ้านวังน้ำริน) | บ้านน้ำบ่อเย็น หมู่ที่ 11 | ตำบลป่าแดด | อำเภอเมืองเชียงใหม่ | จังหวัดเชียงใหม่ | 18.708989,98.977208",เนื้อที่: 238.4 ตารางวา | เนื้อที่ 238.4 ตารางวา | พื้นที่ใช้สอย 408 ตรม. 1 นอน 1 น้ำ,95/100,https://baan.kaidee.com/product-370418391
บ้านเดี่ยว,"ราคา: 1,939,000","สันป่าไหน่ บ้านเดี่ยว 2 ชั้น 2 ห้องนอน 2 ห้องน้ำ 2 ห้องโถง สาธารณูปโภคครบ การคมนาคมสะดวก เลขที่ 168/1 หมู่ 9 ซอยเทศบาบล 2/8 (ซอย 8) ห่างจากถนนเชียงใหม่ - ฝาง 600 ม. | 19.905555,99.203888",เนื้อที่: 361 ตารางวา | เนื้อที่ 361 ตารางวา 2 นอน 2 น้ำ,95/100,https://baan.kaidee.com/product-370418392
บ้านเดี่ยว,"19,608,000",ต.หนองหอย อ.เมือง จ.เชียงใหม่ | ใกล้กับสำนักงานขนส่งจังหวัด สาขาหนองหอย | ห่างจากถนนเชียงใหม่ - ลำพูน เข้าไประยะ 150 เมตร,เนื้อที่: 1032.4 ตารางวา | เนื้อที่ 1032.4 ตารางวา 1 นอน 1 น้ำ,95/100,https://baan.kaidee.com/product-370419131
บ้านเดี่ยว,"15,900,000","อำเภอ สารภี จังหวัด เชียงใหม่ | ทางเข้าบ้านอยู่บนถนนสาย 121 | อยู่ห่างจาก ล้านนาเทวาลัย 2 นาที ทางเท้า | อยู่ห่างจากสนามบิน เชียงใหม่ ประมาณ 10 กม. | ใกล้กับ บิกซี โฮมโปร โกลบัลเฮาส์ สตาร์บักส์ ริมปิง supermarket | ใกล้ที่ว่าการอำเภอ | ใกล้สถานที่ท่องเที่ยว Night Safari, สวนราชพฤกษ์, ล้านนาเทวาลัย",เนื้อที่: 3216 ตารางเมตร | เนื้อที่ 3216 ตารางเมตร | เนื้อที่ 2 ไร่ 4 วา | เนื้อที่ 2ไร่ 4ตรว. | เนื้อที่ใช้สรอยประมาณ 450 ตรม. 4 นอน 4 น้ำ,95/100,https://baan.kaidee.com/product-370423667
บ้านเดี่ยว,"ราคา: 1,809,000","บ้านแม่ปูคา | เลขที่ 118/19 | ห่างจากถนนสายป่าเห็ว-แม่ปูคา ประมาณ 140 เมตร | สันกำแพง | 18.766797,99.111457",เนื้อที่: 120.5 ตารางวา | เนื้อที่ 120.5 ตารางวา | ขนาด 24x11 เมตร | พื้นที่ใช้สอย 264 ตรม. 5 นอน 4 น้ำ,95/100,https://baan.kaidee.com/product-370423834
บ้านเดี่ยว,"2,300,000",ซิตี้โฮมเพลส 4 บ้านเดี่ยว 2 ชั้น | เลขที่ 195/7 ซ.1 หลังมุม | ต.สันกำแพง | อ.สันกำแพง | จ.เชียงใหม่ | ห่างจากถนนสันกำแพงสายใหม่ ประมาณ 1.5 กม. | ห่างจากตัวเมืองเชียงใหม่ประมาณ 9 กม.,เนื้อที่: 54 ตารางวา | เนื้อที่ 54 ตารางวา | พื้นที่ใช้สอยประมาณ 111 ตรม. 3 นอน 2 น้ำ,95/100,https://baan.kaidee.com/product-370423850
บ้านเดี่ยว,"2,642,000","บ้าน สันกำแพง | บ้านเลขที่ 118/17 | ซอยไม่มีชื่อ | แแยกจากถนนสายเชียงใหม่-สันกำแพง เข้าถนนบ้านแม่ปูคา ประมาณ 2.5 กม. | 18.765991,99.111691",เนื้อที่: 157.5 ตารางวา | เนื้อที่ 157.5 ตารางวา | ขนาดที่ดินประมาณ 22x28 ม. | ขนาดสิ่งปลูกสร้างประมาณ 21x15 เมตร | พื้นที่ใช้สอย 293 ม. 1 นอน 1 น้ำ,95/100,https://baan.kaidee.com/product-370423867
บ้านเดี่ยว,"ราคา: 4,093,000","บ้านแม่ริม | ติดถนนบ้านหนองเขียวซอย 3 | ใกล้วัดศรีปิงชัย | ห่างจากถนนวงแหวนรอบนอก (ทล.121) 2 กม. | 18.876026,98.980521",เนื้อที่: 144 ตารางวา | เนื้อที่ 144 ตารางวา | พื้นที่ใช้สอยประมาณ 168 ตรม. และบ้านครึ่งตึกครึ่งไม้ 1 ชั้น (มีชั้นใต้ถุน) พื้นที่ใช้สอยประมาณ 24 ตรม. 1 นอน 1 น้ำ,95/100,https://baan.kaidee.com/product-370423868
ทาวน์เฮ้าส์,"1,450,000",ใกล้มหาวิทยาลัย ธนาคาร 5 แห่ง แหล่งสาธารณูปโภค เช่น ตลาดสด ตลาดนัดไปรษณีย์ โรงเรียน สถานที่ราชการมากมาย,เนื้อที่: 19 ตารางวา | เนื้อที่ 19 ตารางวา | พื้นที่ชั้น 122 ตร.ม. 2 นอน 2 น้ำ,95/100,https://baan.kaidee.com/product-370448987
บ้านเดี่ยว,"1,399,000",เชียงใหม่ | หมู่บ้าน พีเควิลล์ | ห่างจากตัวเมืองเชียงใหม่ประมาณ 10 กิโลเมตร | ใกล้ห้างสรรพสินค้าเซ็นทรัลเฟสติวัล ริมปิง | โฮมโปร | ไทวัสดุ | เทสโก้โลตัส | สถานที่ราชการ | โรงพยาบาล | ตลาด | เซเว่น | โลตัสเอ็กซ์เพรส | ร้านค้า | ร้านอาหาร | ร้านกาแฟ | มีรถโดยสารประจำทางเดินทางไปมาสะดวก,เนื้อที่: 38 ตารางวา | เนื้อที่ 38 ตารางวา 2 นอน 1 น้ำ,95/100,https://baan.kaidee.com/product-370453264
วิลล่า,ราคาขาย 17.9 ล้านบาท,Sunvalee - พูลวิลล่าหรู พร้อมเฟอร์นิเจอร์ น้ำแพร่ หางดง เชียงใหม่ | แผนที่ : https://maps.app.goo.gl/1BuGRes7cATi8BPp9,"พื้นที่ใช้สอยภายใน 237 ตร.ม. | พื้นที่ขนาดที่ดิน 2 งาน 58 ตร.ว. | ขนาดที่ดิน 1,033 ตร.ม. 3 นอน 4 น้ำ",95/100,https://baan.kaidee.com/product-370462822
คอนโด,"1,579,000","เมืองเชียงใหม่ | เอสวัน เอสเซ็ท คอนโดมิเนียม | ห้องชุดพักอาศัยเลขที่ 126/58 ชั้น 8 อาคารที่ 1 | ซอยบ้านบวกครกน้อยริมคาว แยกจาถนนสมโภชเชียงใหม่ 700 ปี(ชม.3029) | 18.783465,99.039048",เนื้อที่: 31.99 ตารางเมตร | เนื้อที่ 31.99 ตารางเมตร | พื้นที่ใช้สอยประมาณ 31.99 ตรม. | ขนาด 5.30*6.35 เมตร 1 นอน 1 น้ำ,95/100,https://baan.kaidee.com/product-370488950
คอนโด,"ราคา: 3,600,000",ชื่อโครงการ 103 คอนโดมิเนียม 4 (สกายบรีซ) | ถนนเลียบคลองชลประทาน | ซอยวัดประทานพร | ทำเลที่ตั้งติดกับมหาวิทยาลัยเชียงใหม่ | เมืองเชียงใหม่,เนื้อที่: 434.72 ตารางเมตร | เนื้อที่ 434.72 ตารางเมตร | พื้นที่ใช้สอย 434.72 ตารางเมตร 1 นอน 1 น้ำ,95/100,https://baan.kaidee.com/product-370488987
ทาวน์เฮ้าส์,"ราคา: 400,000",สันกำแพง | โครงการร้องวัวแดง | ห่างจาก ทล.1006 ประมาณ 120 ม. | อยู่ห่างจากตัวอำเภอสันกำแพงประมาณ 9.8 กม. | ถนนผ่านหน้าทรัพย์เป็นถนนคอนกรีต(ทางส่วนบุคคล),"เนื้อที่: 18 ตารางวา | เนื้อที่ 18 ตารางวา | ขนาดที่ดินประมาณ 4.0x18 ม. | ขนาดสิ่งปลูกสร้างประมาณ 4x16 ม., 120 ตรม. 1 นอน 2 น้ำ",95/100,https://baan.kaidee.com/product-370489869
ทาวน์เฮ้าส์,"ราคา: 400,000",โครงการร้องวัวแดง | สันกำแพง | ห่างจาก ทล.1006 ประมาณ 120 ม. | อยู่ห่างจากตัวอำเภอสันกำแพงประมาณ 9.8 กม. | ถนนผ่านหน้าทรัพย์เป็นถนนคอนกรีต(ทางส่วนบุคคล),"เนื้อที่: 18 ตารางวา | เนื้อที่ 18 ตารางวา | ขนาดที่ดินประมาณ 4.0x18 ม. | ขนาดสิ่งปลูกสร้างประมาณ 4x16 ม., 120 ตรม. 1 นอน 2 น้ำ",95/100,https://baan.kaidee.com/product-370489870
ทาวน์เฮ้าส์,"ราคา: 400,000",โครงการร้องวัวแดง | สันกำแพง | ห่างจาก ทล.1006 ประมาณ 120 ม. | อยู่ห่างจากตัวอำเภอสันกำแพงประมาณ 9.8 กม. | ถนนผ่านหน้าทรัพย์เป็นถนนคอนกรีต(ทางส่วนบุคคล),"เนื้อที่: 18 ตารางวา | เนื้อที่ 18 ตารางวา | ขนาดที่ดินประมาณ 4.0x18 ม. | ขนาดสิ่งปลูกสร้างประมาณ 4x16 ม., 120 ตรม. 1 นอน 2 น้ำ",95/100,https://baan.kaidee.com/product-370489871
ทาวน์เฮ้าส์,"400,000","โครงการร้องวัวแดง | อำเภอสันกำแพง | จังหวัดเชียงใหม่ | ห่างจาก ทล.1006 ประมาณ 120 ม. | อยู่ห่างจากตัวอำเภอสันกำแพงประมาณ 9.8 กม. | 18.74156,99.211164","เนื้อที่: 18 ตารางวา | เนื้อที่ 18 ตารางวา | ขนาดที่ดินประมาณ 4.0x18 ม. | ขนาดสิ่งปลูกสร้างประมาณ 4x16 ม., 120 ตรม. 1 นอน 2 น้ำ",95/100,https://baan.kaidee.com/product-370489872
ทาวน์เฮ้าส์,"ราคา: 400,000",โครงการร้องวัวแดง | สันกำแพง | ห่างจาก ทล.1006 ประมาณ 120 ม. | อยู่ห่างจากตัวอำเภอสันกำแพงประมาณ 9.8 กม. | ถนนผ่านหน้าทรัพย์เป็นถนนคอนกรีต(ทางส่วนบุคคล),"เนื้อที่: 17 ตารางวา | เนื้อที่ 17 ตารางวา | ขนาดที่ดินประมาณ 4.0x18 ม. | ขนาดสิ่งปลูกสร้างประมาณ 4x16 ม., 120 ตรม. 1 นอน 2 น้ำ",95/100,https://baan.kaidee.com/product-370489874
ทาวน์เฮ้าส์,"ราคา: 400,000",สันกำแพง | โครงการร้องวัวแดง | ห่างจาก ทล.1006 ประมาณ 120 ม. | อยู่ห่างจากตัวอำเภอสันกำแพงประมาณ 9.8 กม. | ถนนผ่านหน้าทรัพย์เป็นถนนคอนกรีต(ทางส่วนบุคคล),"เนื้อที่: 18 ตารางวา | เนื้อที่ 18 ตารางวา | ขนาดสิ่งปลูกสร้างประมาณ 4x16 ม., 120 ตรม. 1 นอน 2 น้ำ",95/100,https://baan.kaidee.com/product-370489875
ทาวน์เฮ้าส์,"ราคา: 420,000",โครงการร้องวัวแดง | สันกำแพง | ห่างจาก ทล.1006 ประมาณ 120 ม. | อยู่ห่างจากตัวอำเภอสันกำแพงประมาณ 9.8 กม. | ถนนผ่านหน้าทรัพย์เป็นถนนคอนกรีต(ทางส่วนบุคคล),"เนื้อที่: 27 ตารางวา | เนื้อที่ 27 ตารางวา | ขนาดที่ดินประมาณ 5.0x18 ม. | ขนาดสิ่งปลูกสร้างประมาณ 4x16 ม., 120 ตรม. 1 นอน 2 น้ำ",95/100,https://baan.kaidee.com/product-370489876
ทาวน์เฮ้าส์,"400,000","โครงการร้องวัวแดง | อำเภอสันกำแพง | จังหวัดเชียงใหม่ | ห่างจาก ทล.1006 ประมาณ 120 ม. | อยู่ห่างจากตัวอำเภอสันกำแพงประมาณ 9.8 กม. | 18.74156,99.211164","เนื้อที่: 18 ตารางวา | เนื้อที่ 18 ตารางวา | ขนาดที่ดินประมาณ 4.0x18 ม. | ขนาดสิ่งปลูกสร้างประมาณ 4x16 ม., 120 ตรม. 1 นอน 2 น้ำ",95/100,https://baan.kaidee.com/product-370489877
ทาวน์เฮ้าส์,"400,000","โครงการร้องวัวแดง | สันกำแพง | ห่างจาก ทล.1006 ประมาณ 120 ม. | อยู่ห่างจากตัวอำเภอสันกำแพงประมาณ 9.8 กม. | 18.74156,99.211164","เนื้อที่: 18 ตารางวา | เนื้อที่ 18 ตารางวา | ขนาดที่ดินประมาณ 4.0x18 ม. | ขนาดสิ่งปลูกสร้างประมาณ 4x16 ม., 120 ตรม. 1 นอน 2 น้ำ",95/100,https://baan.kaidee.com/product-370489878
ทาวน์เฮ้าส์,"ราคา: 1,995,000","หมู่บ้านเวียงพิงค์ (หลัง รพ.เชียงใหม่ใกล้หมอ) | ถนนเชียงใหม่-ฮอด(ทล.106) | เมืองเชียงใหม่ | จังหวัดเชียงใหม่ | 18.76056378,98.97307373",เนื้อที่: 19.4 ตารางวา | เนื้อที่ 19.4 ตารางวา | พื้นที่ใช้สอย 2 ชั้น 2 นอน 2 น้ำ,95/100,https://baan.kaidee.com/product-370489955
ทาวน์เฮ้าส์,"1,450,000","เมืองเชียงใหม่ | ซอยโตไพบูลย์ | ห่างจากถนนมหิดลประมาณ 350 เมตร | อยู่บริเวณซอยทางเข้าโรงเรียนกาวิละ วิทยาลัย | 18.76592,99.024493",เนื้อที่: 24 ตารางวา | เนื้อที่ 24 ตารางวา | ขนาด 4x20.5เมตร | พื้นที่ใช้สอย 140 ตารางเมตร 3 นอน 2 น้ำ,95/100,https://baan.kaidee.com/product-370490038
ทาวน์เฮ้าส์,"ราคา: 1,425,000","โครงการลานนาธานี | เลขที่ 263/35 | ตำบลสารภี | อำเภอสารภี | จังหวัดเชียงใหม่ | 18.737705,99.030897",เนื้อที่: 22.4 ตารางวา | เนื้อที่ 22.4 ตารางวา | พื้นที่ใช้สอยภายใน 110 ตรม. 2 นอน 1 น้ำ,95/100,https://baan.kaidee.com/product-370490041
ทาวน์เฮ้าส์,"ราคา: 347,000","สันป่าตอง | ห่างจากถนนสายเชียงใหม่-ฮอด ช่วง กม.25-26 ก่อนถึงสี่แยกทางเข้าที่ดินสันป่าตอง, โรงพยาบาล และโรงเรียน ประมาณ 300 เมตร | 18.599152,98.887945",เนื้อที่: 18 ตารางวา | เนื้อที่ 18 ตารางวา | พื้นที่ชั้น 122 ตร.ม. 2 นอน 1 น้ำ,95/100,https://baan.kaidee.com/product-370490786
ที่ดิน,"ราคา: 670,000","สันป่าตอง | ตำบลทุ่งสะโตก | 18.5591933,98.8555646",เนื้อที่: 910 ตารางวา | เนื้อที่ 910 ตารางวา | ที่ดินว่างเปล่า ทรัพย์เป็นพื้นที่สวน -,95/100,https://baan.kaidee.com/product-370490902
ที่ดิน,"ราคา: 468,000","ที่ดิน แม่แตง | โครงการริมปิง อิงดอย ในหมู่บ้านม่วงคำ | เทศบาลเมืองเมืองแกนพัฒนา | ต.อินทขิล | 19.160097,99.01069",เนื้อที่: 623 ตารางวา | เนื้อที่ 623 ตารางวา | ที่ดินเปล่า ที่ดินสภาพเป็นสวนมะม่วง -,95/100,https://baan.kaidee.com/product-370490903
ที่ดิน,"ราคา: 450,000","ที่ดิน แม่แตง | โครงการริมปิง อิงดอย ในหมู่บ้านม่วงคำ | เทศบาลเมืองเมืองแกนพัฒนา | ต.อินทขิล | 19.161147,99.009514",เนื้อที่: 600 ตารางวา | เนื้อที่ 600 ตารางวา | ที่ดินเปล่า ที่ดินสภาพเป็นสวนมะม่วง -,95/100,https://baan.kaidee.com/product-370490904
ที่ดิน,"ราคา: 414,000","ที่ดินเปล่า ที่ดินสภาพเป็นสวนมะม่วง ตั้งอยู่ด้านในของโครงการฯ ถนนคอนกรีต ไฟฟ้ายังเข้าไม่ถึง โครงการริมปิง อิงดอย ในหมู่บ้านม่วงคำ เทศบาลเมืองเมืองแกนพัฒนา ต.อินทขิล | 19.160819,99.010674",เนื้อที่: 551 ตารางวา | เนื้อที่ 551 ตารางวา | เป็นทรัพย์รอการขาย ใช่ 💖 ที่ดิน แม่แตง ราคาพิเศษ! 💖 -,95/100,https://baan.kaidee.com/product-370490905
ที่ดิน,"ราคา: 323,000",ที่ดินเปล่า ที่ดินสภาพเป็นสวนมะม่วง ตั้งอยู่ด้านในของโครงการฯ ถนนคอนกรีต ไฟฟ้ายังเข้าไม่ถึง โครงการริมปิง อิงดอย ในหมู่บ้านม่วงคำ เทศบาลเมืองเมืองแกนพัฒนา ต.อินทขิล อำเภอแม่แตง จังหวัดเชียงใหม่,เนื้อที่: 430 ตารางวา | เนื้อที่ 430 ตารางวา | เนื้อที่ดิน 430 ตารางวา -,95/100,https://baan.kaidee.com/product-370490906
ที่ดิน,"ราคา: 603,000",ที่ดิน แม่แตง | ตำบลอินทขิล | จากทางหลวงสายเชียงใหม่-ฝาง ช่วง กม.ที่ 48 เข้าซอยมืดกาซอย 2 อีก 400 เมตร เดินผ่านที่ดินบุคคลอื่นอีก 170 เมตร | ซอย 2 บ้านมืดกา 600 เมตร,เนื้อที่: 2010 ตารางวา | เนื้อที่ 2010 ตารางวา | ที่ดินเปล่า ที่ดินว่างเปล่า -,95/100,https://baan.kaidee.com/product-370490908
ที่ดิน,"ราคา: 108,000",ตำบล ขี้เหล็ก | แม่แตง | ถนนดิน | ในโครงการจัดสรร\,เนื้อที่: 100 ตารางวา | เนื้อที่ 100 ตารางวา | ที่ดินว่างเปล่า -,95/100,https://baan.kaidee.com/product-370490922
ที่ดิน,"11,358,000",สันทราย | ต.หนองแหย่ง | อ.สันทราย | จ.เชียงใหม่ | โครงการสวนเกษตรสันทราย | จากถนนเชียงใหม่-ดอยสะเก็ด กม.9 เลี้ยวซ้ายไปตามถนน รพช.พยากน้อย-ป่าเหมือด ประมาณ 4.8 กม.ถึงที่ตั้งโครงการสวนเกษตรสันทราย เลี้ยวขวาเข้าไปอีก 1.3 กม. ถึงที่ตั้งทรัพย์,เนื้อที่: 3605.7 ตารางวา | เนื้อที่ 3605.7 ตารางวา | หน้ากว้าง 120 เมตร ลึก 120 เมตร -,95/100,https://baan.kaidee.com/product-370490970
ที่ดิน,"ราคา: 732,000",ที่ดินเปล่า ที่ดินเปล่า 1 แปลง ห่างจากถนนเชียงใหม่-ฝาง ประมาณ 300 เมตร | โครงการ \,เนื้อที่: 508 ตารางวา | เนื้อที่ 508 ตารางวา | ที่ดินเปล่า 1 แปลง | ห่างจากถนนเชียงใหม่-ฝาง ประมาณ 300 เมตร -,95/100,https://baan.kaidee.com/product-370490978
ที่ดิน,"ราคา: 2,821,000","ที่ดิน แม่ริม | โครงการหมู่บ้านริมปิงการ์เดนรีสอร์ท | เข้าจากถนนสายเชียงใหม่-ฝาง ประมาณ 4.6 กม. | ตำบลสันโป่ง | 18.939923,98.971007",เนื้อที่: 632 ตารางวา | เนื้อที่ 632 ตารางวา | ที่ดินเปล่า ขนาด 30x85ม. | ที่ดินเปล่า ขนาด 30x85ม. -,95/100,https://baan.kaidee.com/product-370490999
ที่ดิน,"ราคา: 240,000","ที่ดิน แม่วาง | ตำบลบ้านกาด | ห่างจากถนนสายสันป่าตอง-บ้านกาด 650 เมตร | ห่างจากถนนสายเชียงใหม่-ฮอด 13 กม. | 18.6079302,98.7865777",เนื้อที่: 152 ตารางวา | เนื้อที่ 152 ตารางวา | ที่ดินว่างเปล่า -,95/100,https://baan.kaidee.com/product-370491161
ที่ดิน,"ราคา: 238,000","ที่ดินว่างเปล่าในโครงการ สิริทิพย์ | ห่างจากถนนสายบ้านกาด-บ้านสันป่าตอง 350 เมตร | ตำบลบ้านกาด | อำเภอแม่วาง | จังหวัดเชียงใหม่ | 18.6079302,98.7865777",เนื้อที่: 151 ตารางวา | เนื้อที่ 151 ตารางวา | ขนาดที่ดิน 151 ตารางวา -,95/100,https://baan.kaidee.com/product-370491162
ที่ดิน,"ราคา: 336,000","ที่ดินเปล่า โครงการศรีเชียงใหม่ | ตำบลป่าบง | ถนนสายขัวมุง-เทพาราม | บริเวณใกล้ วัดเทพาราม, เสน่ห์ชายน้ำ, ไทวัสดุ | ห่างจากตัวเมืองเชียงใหม่ประมาณ 12 กม.",เนื้อที่: 106.4 ตารางวา | เนื้อที่ 106.4 ตารางวา | ขนาดที่ดินประมาณ 16x27 ม. | 106.4 ตารางวา -,95/100,https://baan.kaidee.com/product-370491163
ที่ดิน,"ราคา: 224,000","โครงการ สิรีทิพย์ | ตำบล บ้านกาด | ห่างจากถนนสยบ้านกาด-สันป่าตอง ประมาณ 350 เมตร | 18.6079302,98.7865777",เนื้อที่: 142 ตารางวา | เนื้อที่ 142 ตารางวา | ที่ดินว่างเปล่า ทรัพย์เป็นที่ดินว่างเปล่าในโครงการ สิรีทิพย์ -,95/100,https://baan.kaidee.com/product-370491164
ที่ดิน,"ราคา: 338,000","ที่ดิน สารภี | โครงการศรีเชียงใหม่ | ถนนสายขัวมุง-เทพาราม | ตำบลป่าบง | 18.72665,99.054761",เนื้อที่: 107.3 ตารางวา | เนื้อที่ 107.3 ตารางวา | ขนาดที่ดินประมาณ 16x27 ม. | 107.3 ตารางวา -,95/100,https://baan.kaidee.com/product-370491166
ที่ดิน,"ราคา: 1,500,000",สันป่าตอง | โครงการหมู่บ้านเบญจรงค์ | ซอย2 บ้านป่าเหียง | ห่างจากถนนเชียงใหม่-ฮอด(ทล.108) ประมาณ 2.5 กม. | ห่างจากถนนเชียงใหม่-ฮอด 3 กม.,เนื้อที่: 427 ตารางวา | เนื้อที่ 427 ตารางวา | เป็นทรัพย์รอการขาย -,95/100,https://baan.kaidee.com/product-370491167
ที่ดิน,"ราคา: 1,500,000",สันป่าตอง | โครงการหมู่บ้านเบญจรงค์ | ซอย2 บ้านป่าเหียง | ห่างจากถนนเชียงใหม่-ฮอด(ทล.108) ประมาณ 2.5 กม.,เนื้อที่: 426 ตารางวา | เนื้อที่ 426 ตารางวา | เป็นทรัพย์รอการขาย -,95/100,https://baan.kaidee.com/product-370491168
ที่ดิน,"11,503,000","ซอยไม่ทราบชื่อแยกจากซอยวัดบ้านโป่ง | ต.หางดง | อ.ฮอด | จ.เชียงใหม่ | 18.192717,98.595764",เนื้อที่: 18258 ตารางวา | เนื้อที่ 18258 ตารางวา | ที่ดินเปล่า 21 แปลง | ที่ดินเปล่า นส.3ก. จำนวน 21 แปลง -,95/100,https://baan.kaidee.com/product-370491169
ที่ดิน,"ราคา: 155,000",สันกำแพง เชียงใหม่ | ซอยข้างถนนเลียบคลองชลประทาน | ห่างจากจากถนนสายบ้านร้องก่องข้าว-บ้านโป่ง ประมาณ 2.4 กม.,เนื้อที่: 147 ตารางวา | เนื้อที่ 147 ตารางวา | กว้าง 22 เมตร ลึก 27 เมตร -,95/100,https://baan.kaidee.com/product-370491353
ที่ดิน,"ราคา: 3,797,000","ที่ดิน ฝาง | ห่างจากทางหลวงสายฝาง - แม่สรวย ประมาณ 800 ม. | ห่างจาก อบต.แม่คะ 1 กม. | 19.83394662,99.2239956",เนื้อที่: 6026 ตารางวา | เนื้อที่ 6026 ตารางวา -,95/100,https://baan.kaidee.com/product-370491401
ที่ดิน,"22,225,000","ที่ดิน ฝาง | ห่างจากทางหลวงสายฝาง - แม่สรวย ประมาณ 500 ม. | ห่างจาก อบต.แม่คะ 1 กม. | 19.8296463,99.21962876",เนื้อที่: 28221 ตารางวา | เนื้อที่ 28221 ตารางวา -,95/100,https://baan.kaidee.com/product-370491402
ที่ดิน,"ราคา: 263,000","ต.สันติสุข | ดอยหล่อ | 18.5281547,98.8390228",เนื้อที่: 147 ตารางวา | เนื้อที่ 147 ตารางวา | ที่ดินเปล่า ที่ดินแปลงย่อย 2 แปลงอยู่ติดกัน -,95/100,https://baan.kaidee.com/product-370491403
ที่ดิน,"ราคา: 7,167,000","ต.สันมหาพน | แม่แตง | ใกล้ตลาดสดแม่มาลัย | ห่างจากทางหลวงสายเชียงใหม่ - ฝาง 3 กม. | 19.10222469,98.91783706",เนื้อที่: 7143.9 ตารางวา | เนื้อที่ 7143.9 ตารางวา | ที่ดินเปล่า -,95/100,https://baan.kaidee.com/product-370491441
ที่ดิน,"ราคา: 1,329,000","สันกำแพง | ต.บวกค้าง | อยู่ห่างจากถนนเชียงใหม่-บ้านสหกรณ์ระหว่าง กมที่ 12-13 ประมาณ500 เมตร | อยู่ด้านหลังโครงการเอกบุรี | 18.70724,99.13448",เนื้อที่: 1054 ตารางวา | เนื้อที่ 1054 ตารางวา | ขนาดที่ดินประมาณ 28x124 ม. | 1054 ตารางวา -,95/100,https://baan.kaidee.com/product-370491660
ที่ดิน,"ราคา: 259,000",ที่ดินเปล่า โครงการบ้านสันติสุข | ถนนสายเชียงใหม่-ฮอด ช่วง กม.37-38 | ตำบลสันติสุข | ดอยหล่อ | จังหวัดเชียงใหม่ | ห่างจากถนนสายเชียงใหม่-ฮอด ช่วง กม.37-38 ประมาณ 900 ม.,เนื้อที่: 123 ตารางวา | เนื้อที่ 123 ตารางวา | ขนาดที่ดินประมาณ 28x17 ม. | 123 ตารางวา -,95/100,https://baan.kaidee.com/product-370491661
ที่ดิน,"259,000",ที่ดินเปล่า โครงการบ้านสันติสุข | ตำบลสันติสุข | ถนนสายเชียงใหม่-ฮอด ช่วง กม.37-38 | ห่างจากถนนสายเชียงใหม่-ฮอด ช่วง กม.37-38 ประมาณ 950 ม. | ดอยหล่อ | โครงการบ้านสันติสุข ถนนสายเชียงใหม่-ฮอด ช่วง กม.37-38 ตำบลสันติสุข,เนื้อที่: 123 ตารางวา | เนื้อที่ 123 ตารางวา | ขนาดที่ดินประมาณ 28x17 ม. | 123 ตารางวา -,95/100,https://baan.kaidee.com/product-370491662
ที่ดิน,"ราคา: 640,000","ที่ดินเปล่า ที่ดินเปล่า 1 แปลง ที่ดินปรับถมสูงระดับถนน เหมาะทำเป็นที่อยู่อาศัยหรือบ้านพักตากอากาศ อยู่ในโครงการจัดสรร รอยัลปิง ถนนเชียงใหม่ - ฝาง กม.ที่ 52 โครงการจัดสรร รอยัลปิง ตำบล บ้านเป้า | 19.212527,98.972861",เนื้อที่: 442 ตารางวา | เนื้อที่ 442 ตารางวา | ที่ดิน 1 แปลง | ที่ดินปรับถมสูงระดับถนน -,95/100,https://baan.kaidee.com/product-370491742
ที่ดิน,"ราคา: 3,708,000","ที่ดิน แม่ริม | เข้าซอยเทศบาลตำบลสันโป่ง แยกจากถนนเชียงใหม่-ฝาง ประมาณ 4 ก.ม. | ใกล้แม่ริมลอดจ์รีสอร์ท | 18.939783,98.970184",เนื้อที่: 1301 ตารางวา | เนื้อที่ 1301 ตารางวา | ที่ดินเปล่า ที่ดินเปล่า ติดถนนคอนกรีต ไฟฟ้าเข้าถึง -,95/100,https://baan.kaidee.com/product-370491833
บ้านเดี่ยว,"ราคา: 1,163,000",บ้านแม่แตง | ริมปิงอิงดอย | เข้าถนนบ้านม่วงคำซอย 3 เข้าไป 100 ม. | ห่างจาก ธกส. สาขาเมืองแกนพัฒนา และตลาดสดเมืองแกน 2 กม.,เนื้อที่: 680 ตารางวา | เนื้อที่ 680 ตารางวา 2 นอน 1 น้ำ,95/100,https://baan.kaidee.com/product-370492335
ที่ดิน,"ราคา: 3,438,000",บ้านเลขที่ 48 โครงการบ้านสวนสน | ถนนสายเชียงใหม่-บ้านสหกรณ์ (ช่วง กม.18-19) | อำเภอสันกำแพง | จังหวัดเชียงใหม่ | อยู่ห่างจากถนนสายเชียงใหม่-บ้านสหกรณ์ประมาณ 350 ม. | อยู่ห่างจากตัวอำเภอสันกำแพงประมาณ 7.6 กม.,"เนื้อที่: 232 ตารางวา | เนื้อที่ 232 ตารางวา | ขนาดที่ดินประมาณ 42x22 ม. | บ้านตึกพักอาศัยชั้นเดียว ขนาดประมาณ 17x15 ม., 158 ตรม. | อาคารโรงงานชั้นเดียว ขนาดประมาณ 14x20 ม., 280 ตรม. | อาคารโชว์รูมชั้นเดียว ขนาดประมาณ 6x19 ม., 114 ตรม. 1 นอน 1 น้ำ",95/100,https://baan.kaidee.com/product-370492429
บ้านเดี่ยว,"5,200,000","บ้านเดี่ยว หมู่บ้านรัตนภิรมย์วิลล์ บ้านตึกเดี่ยว 2 ชั้น ในโครงการหมู่บ้านรัตนภิรมย์วิลล์ เลขที่ 69 หมู่ 3 หมู่บ้านรัตนภิรมย์วิลล์ | 18.684076,98.945236",เนื้อที่: 599 ตารางวา | เนื้อที่ 599 ตารางวา 1 นอน 1 น้ำ,95/100,https://baan.kaidee.com/product-370492430
บ้านเดี่ยว,"ราคา: 4,163,000",ซอยบ้านป่าไผ่กลาง ซอย7 หมู่ที่ 7 บ้านแช่ช้าง ตำบลแช่ช้าง สันกำแพง เชียงใหม่ | อยู่ติดถนนซอยบ้านป่าไผ่กลาง ซอย7 ตั้งอยู่ในหมู่ที่ 7 บ้านแช่ช้าง ห่างจากถนนสันกำแพง-เชียงใหม่ 100 เมตร ตำบลแช่ช้าง,เนื้อที่: 317 ตารางวา | เนื้อที่ 317 ตารางวา | ขนาดที่ดินประมาณ 38x30 ม. | พื้นที่ใช้สอยรวม 206 ตร.ม. | พื้นที่ใช้สอยรวม 48 ตร.ม. | เนื้อที่รวม 0-3-17 ไร่ 5 นอน 5 น้ำ,95/100,https://baan.kaidee.com/product-370492431
บ้านแฝด,"ราคา: 6,930,000","หางดง | โครงการเดอะพิเพิ้ล เฟส 3 เลขที่ 276/1 | 18.72094,98.96322",เนื้อที่: 53 ตารางวา | เนื้อที่ 53 ตารางวา | พท.ใช้สอยภายใน 258 ตรม. 1 นอน 1 น้ำ,95/100,https://baan.kaidee.com/product-370492434
ที่ดิน,"ราคา: 6,457,000","หมู่ 5 ถนนทางหลวงชนบทสายเชียงใหม่ 4011 - บ้านแพะดินแดง ตำบลฮอด อำเภอฮอด จังหวัดเชียงใหม่ | ด้านหน้าติดถนนสาธารณะ ทางหลวงชนบทสาย4011 | https://www.google.com/maps/search/?api=1&query=18.09178,98.59808",เนื้อที่: 2123 ตารางวา | เนื้อที่ 2123 ตารางวา | พท.200 ตรม. | พท.300 ตรม. | พท. 77 ตรม. | พท.96 ตรม. | พท.160 ตรม. 1 นอน 1 น้ำ,95/100,https://baan.kaidee.com/product-370492435
บ้านเดี่ยว,"4,200,000","สันกำแพง | โครงการเฮ้าส์แอนด์วิว | ติดถนนสายวงแหวนรอบนอก | ห่างจากแยกหลุยส์ ประมาณ 600 เมตร | จากถนนเชียงใหม่-สันกำแพง(ทล.1006) ถึงบริเวณ กม.7+200เมตร เลี้ยวขวาไปประมาณ 600เมตรจะถึงโครงการเฮ้าส์แอนด์วิว เลี้ยวซ้ายเข้าโครงการและเลี้ยวขวาเข้าซอย 4จนสุดซอย จะพบทรัพย์สินตั้งอยู่ทางด้านซ้ายมือ | 18.764335,99.066678",เนื้อที่: 63 ตารางวา | เนื้อที่ 63 ตารางวา | พื้นที่ใช้สอย 165 ตรม. 3 นอน 4 น้ำ,95/100,https://baan.kaidee.com/product-370492606
บ้านเดี่ยว,"2,100,000","หมู่บ้านเชียงใหม่วิวดอย ต.หนองควาย บ้าน หางดง เชียงใหม่ | 18.7131333953105,98.9313794748688",เนื้อที่: 71 ตารางวา | เนื้อที่ 71 ตารางวา 2 นอน 2 น้ำ,95/100,https://baan.kaidee.com/product-370492608
บ้านเดี่ยว,"ราคา: 2,062,000","บ้านเดี่ยวออนกลาง | ตัวอำเภอแม่ออน | ห่างจากถนนสายสันกำแพง-ออนหลวยประมาณ 50 ม. | ห่างจากตัวอำเภอแม่ออนประมาณ 2.8 กม. | 18.75924,99.24573",เนื้อที่: 88 ตารางวา | เนื้อที่ 88 ตารางวา | พื้นที่ใช้สอยรวม 150 ตารางเมตร | ขนาดประมาณ 9x11 เมตร 3 นอน 3 น้ำ,95/100,https://baan.kaidee.com/product-370492609
บ้านเดี่ยว,"4,198,000","โครงการจัดสรร หมู่บ้านการ์เดนซิตี้วิลล์ ตำบลสันป่าเปา | 18.858866,99.090947",เนื้อที่: 197 ตารางวา | เนื้อที่ 197 ตารางวา | พื้นที่ใช้สอย 300 ตร.ม. | พื้นที่ใช้สอย 40 ตร.ม. | พื้นที่ใช้สอย 60 ตร.ม. 1 นอน 1 น้ำ,95/100,https://baan.kaidee.com/product-370492610
บ้านเดี่ยว,"2,533,000","หมู่บ้านขวัญเวียง 1 | หางดง | จังหวัดเชียงใหม่ | 18.71785,98.96447",เนื้อที่: 53 ตารางวา | เนื้อที่ 53 ตารางวา 3 นอน 1 น้ำ,95/100,https://baan.kaidee.com/product-370492613
บ้านเดี่ยว,"3,400,000","หมู่บ้านนนนิภา เฟส 3 ซอย 9 ถนนทุ่งหมื่นน้อย แยกจากถนนเชียงใหม่-พร้าว(ทล.1001)เข้าไป 1,060 ม. | เลขที่ 180/25 | 18.89000128,98.99771904",เนื้อที่: 91 ตารางวา | เนื้อที่ 91 ตารางวา | พื้นที่ ส่วนกลาง อาทิ ฟิตเนส 3 นอน 1 น้ำ,95/100,https://baan.kaidee.com/product-370492614
บ้านเดี่ยว,"ราคา: 6,149,000","ต.มะขามหลวง | 18.42291,98.67555",เนื้อที่: 727 ตารางวา | เนื้อที่ 727 ตารางวา | พท.ใช้สอยภายใน 363 ตรม. | พท.ใช้สอย 67 ตรม. 1 นอน 1 น้ำ,95/100,https://baan.kaidee.com/product-370492615
บ้านเดี่ยว,"ราคา: 2,000,000",โครงการบ้านเพ็ญมณี 1 ต.หนองผึ้ง อ.สารภี จ.เชียงใหม่ | โครงการเพ็ญมณี 1 ต.หนองผึ้ง อ.สารภี จ.เชียงใหม่ | เลขที่ 99/55 ตั้งอยู่ในโครงการบ้านเพ็ญมณี 1 ต.หนองผึ้ง อ.สารภี จ.เชียงใหม่,เนื้อที่: 69.9 ตารางวา | เนื้อที่ 69.9 ตารางวา | พื้นที่ใช้สอยภายใน 85 ตรม. 2 นอน 2 น้ำ,95/100,https://baan.kaidee.com/product-370492617
บ้านเดี่ยว,"ราคา: 451,000","ติดถนนซอยหมู่บ้านหนองเต็ง ท้ายหมู่บ้าน ถนนคอนกรีต | ใกล้วัดรัตนาวาส(หนองเต็ง) | 19.998073,99.275877",เนื้อที่: 158.1 ตารางวา | เนื้อที่ 158.1 ตารางวา 1 นอน 1 น้ำ,95/100,https://baan.kaidee.com/product-370492872
บ้านเดี่ยว,"ราคา: 3,238,000",เลขที่ 127/94 ติดซอย 18 หมู่บ้านโชควารีโฮม ถนนสายหนองไคร้-ศรีทรายมูล-ฟ้ามุ่ย ตำบลหนองจ๊อม,เนื้อที่: 105 ตารางวา | เนื้อที่ 105 ตารางวา | พื้นที่ใช้สอย 170 ตร.ม. 3 นอน 2 น้ำ,95/100,https://baan.kaidee.com/product-370492875
บ้านเดี่ยว,"ราคา: 1,478,000","บ้านเดี่ยวชั้นเดียว หมู่บ้านวรรณชัย | บ้านเลขที่ 59/84 | ติดถนนโครงการบ้านวรรณชัย | ถนนบ้านทุ่งข้าวตอก-บ้านพยากน้อย(ทล.ชม.3012) | แยกจากถนนสายเชียงใหม่-ดอยสะเก็ด(กม.9) | ตำบลหนองแหย่ง | อำเภอสันทราย | จังหวัดเชียงใหม่ | อยู่ห่างจากถนนสายเชียงใหม่-ดอยสะเก็ด(กม.9) ประมาณ 4,700 ม. | อยู่ห่างจากตัวเมืองเชียงใหม่ประมาณ 18 กม.","เนื้อที่: 74 ตารางวา | เนื้อที่ 74 ตารางวา | ขนาดที่ดินประมาณ 23x13 ม. | ขนาดสิ่งปลูกสร้างประมาณ 7.5x9.6 ม., 114.85 ตรม. 3 นอน 2 น้ำ",95/100,https://baan.kaidee.com/product-370492876
บ้านเดี่ยว,"ราคา: 1,575,000","บ้านเลขที่ 259/9 ถนนสายน้ำแพร่-ป่าลาน แยกจากถนนสายเชียงใหม่-ดอยสะเก็ด(ช่วง กม.10-11) ตำบลป่าลาน อำเภอดอยสะเก็ด จังหวัดเชียงใหม่ | 18.848139,99.100256",เนื้อที่: 48 ตารางวา | เนื้อที่ 48 ตารางวา | พื้นที่ใช้สอย 77 ตร.ม. | ขนาดที่ดินประมาณ 13x15 ม. | ที่จอดรถ 7x10.5 ม. 3 นอน 1 น้ำ,95/100,https://baan.kaidee.com/product-370492877
บ้านเดี่ยว,"ราคา: 1,532,000",ซอยแพะตลาด 1 แยกจากถนนสายเชียงใหม่-พร้าว(ทล.1001) ตำบลแม่แฝกใหม่,เนื้อที่: 326 ตารางวา | เนื้อที่ 326 ตารางวา | พื้นที่ใช้สอย 114.50 ตร.ม. 3 นอน 1 น้ำ,95/100,https://baan.kaidee.com/product-370492878
ทาวน์เฮ้าส์,"ราคา: 788,000","บ้าน หางดง | บ้านเลขที่ 306/37 ถนนเลียบคลองชลประทาน แยกจากถนนสายเชียงใหม่-ฮอด ตำบลหารแก้ว | อยู่ห่างจากถนนสายเชียงใหม่-ฮอด ประมาณ 450 ม. | อยู่ห่างจากตัวอำเภอหางดงประมาณ 4,400 ม. | ใกล้ วัดศรีล้อม, กาดหารแก้ว | 18.6553188,98.901371",เนื้อที่: 20 ตารางวา | เนื้อที่ 20 ตารางวา | ขนาดที่ดินประมาณ 10x16 ม. รูปสี่เหลี่ยมผืนผ้า | ขนาดสิ่งปลูกสร้าง 77 ตรม. 2 นอน 1 น้ำ,95/100,https://baan.kaidee.com/product-370492879
บ้านเดี่ยว,"ราคา: 948,000",ต.แม่ฮ้อยเงิน อ.ดอยสะเก็ด จ.เชียงใหม่ | เลขที่ 97 ติดถนนแม่ก๊ะ-แม่ฮ่องไคร้ แยกจากถนนบ่อสร้างดอยสะเก็ดประมาณ 3.9 กิโลเมตร,เนื้อที่: 147.7 ตารางวา | เนื้อที่ 147.7 ตารางวา | พื้นที่ใช้สอย 90 ตรม. | เนื้อที่ 0-1-47.7 ไร่ หรือ 147.7 ตรว. 1 นอน 1 น้ำ,95/100,https://baan.kaidee.com/product-370492880
บ้านเดี่ยว,"2,600,000","เลขที่ 18/80 | โครงการจัดสรร หมู่บ้านสันทรายสิริ 1 | ตำบลสันทรายน้อย | 18.833408,99.031862",เนื้อที่: 94 ตารางวา | เนื้อที่ 94 ตารางวา | พื้นที่ใช้สอย 96.20 ตารางเมตร | ขนาด 9.5x9.5เมตร 3 นอน 2 น้ำ,95/100,https://baan.kaidee.com/product-370492883
บ้านเดี่ยว,"8,300,000","เลขที่ 333/5 โครงการ ริชซี่ริช แลนด์ ถนนรอบเมืองเชียงใหม่(ทล.121) ตำบลหนองจ๊อม | 18.85321595,99.00706131",เนื้อที่: 229 ตารางวา | เนื้อที่ 229 ตารางวา | พื้นที่ใช้สอย 382 ตรม. 4 นอน 5 น้ำ,95/100,https://baan.kaidee.com/product-370492884
บ้านเดี่ยว,"4,000,000",เลขที่ 333/206 | หมู่บ้านพิมุกต์ 4 | ติดถนนวงแหวนรอบกลางของเมืองเชียงใหม่(ชม.3029) | ตำบลสันพระเนตร | เชียงใหม่ | ใกล้กับมหาวิทยาลัยพายัพ,เนื้อที่: 71 ตารางวา | เนื้อที่ 71 ตารางวา | ขนาดอาคาร 9x11เมตร พื้นที่ใช้สอยรวม 198 ตร.ม. 3 นอน 2 น้ำ,95/100,https://baan.kaidee.com/product-370492886
บ้านเดี่ยว,"ราคา: 726,000","เลขที่ 108 ตำบลป่าไผ่ | ห่างจาก ทล.1367 ประมาณ 600 ม. | 18.879072,99.053322","เนื้อที่: 65 ตารางวา | เนื้อที่ 65 ตารางวา | ขนาดประมาณ 6x12 ตรม., 72 ตรม. | ขนาดประมาณ 6x12 ม., 72 ตรม. | ขนาดประมาณ 4x4.5 ม., 18 ตรม. 1 นอน 1 น้ำ",95/100,https://baan.kaidee.com/product-370492888
บ้านเดี่ยว,"2,430,000","เลขที่ 399/233 | โครงการจัดสรร หมู่บ้านศิริพรการ์เดนโฮม 9 | ติดถนนสายสันนาเม็ง - บ้านป่ากล้วย | ตำบลสันนาเม็ง | 18.842875,99.057143",เนื้อที่: 72.4 ตารางวา | เนื้อที่ 72.4 ตารางวา | ขนาดอาคาร 8x10 เมตร พื้นที่ใช้สอยรวม 279 ตร.ม. 1 นอน 1 น้ำ,95/100,https://baan.kaidee.com/product-370492889
บ้านเดี่ยว,"ราคา: 2,467,000",หมู่บ้านสิวลีวิลเลจ 1 | บ้านเลขที่ 83(ไม่ติดเลขที่บ้าน) | แยกจากถนนสายเชียงใหม่-บ้านสหกรณ์(ทล.1317) ช่วง กม.8-9 ประมาณ 610 ม. | ต.บวกค้าง | อ.สันกำแพง | จ.เชียงใหม่,เนื้อที่: 100 ตารางวา | เนื้อที่ 100 ตารางวา | ขนาดที่ดินประมาณ 27x16 ม. | สิ่งปลูกสร้างขนาดประมาณ 20x10 ม. | พื้นที่ใช้สอย 200 ตรม. 4 นอน 4 น้ำ,95/100,https://baan.kaidee.com/product-370492890
บ้านเดี่ยว,"2,400,000",หมู่บ้านเบญจรงค์ ซอยบ้านป่าเหียง 2 ถ.เชียงใหม่-ฮอด(ทล.108) ต.หารแก้ว หางดง เชียงใหม่ | 53/76 หมู่บ้านเบญจรงค์ ซอยบ้านป่าเหียง 2 ถ.เชียงใหม่-ฮอด(ทล.108) ต.หารแก้ว บริษัทขอสงวนสิทธิ์ในการเปลี่ยนแปลงรายละเอียดทรัพย์สิน ราคาตั้งขาย รวมถึงเงื่อนไขอื่นใด หรือยกเลิกการ ขายทรัพย์สินได้โดยไม่ต้องแจ้งให้ผู้สนใจเสนอซื้อทราบล่วงหน้า,เนื้อที่: 96 ตารางวา | เนื้อที่ 96 ตารางวา | พื้นที่ใช้สอย 227.80 ตร.ม. 3 นอน 2 น้ำ,95/100,https://baan.kaidee.com/product-370492891
บ้านเดี่ยว,"ราคา: 2,400,000","บ้านเลขที่ 104/120 โครงการหมู่บ้านศิวาลัย วิลเลจ 3 ซอย 26/1 ทล.1317 ตำบลสันกำแพง อำเภอสันกำแพง จังหวัดเชียงใหม่ | อยู่ห่างจาก ทล.1317 ประมาณ 970 ม. | อยู่ห่างจากตัวอำเภอสันกำแพงประมาณ 7.8 กม. | ใกล้ กฟภ.สันกำแพง, ม.กาญจน์กนก","เนื้อที่: 60.8 ตารางวา | เนื้อที่ 60.8 ตารางวา | ขนาดที่ดินประมาณ 15x16 ม. | ขนาดสิ่งปลูกสร้างประมาณ 8x12 ม.,192 ตรม. 2 นอน 2 น้ำ",95/100,https://baan.kaidee.com/product-370492894
บ้านเดี่ยว,"2,300,000","บ้านเลขที่ 204/53 ซอย 2 โครงการหมู่บ้านสันกำแพงปาร์ควิลล์ | แยกจาก ทล.1317 | ตั้งอยู่ในโครงการหมู่บ้านสันกำแพง ปาร์ควิลล์ | อยู่ห่างจาก ทล.1317 ประมาณ 540 ม. | อยู่ห่างจากตัวอำเภอสันกำแพงประมาณ 2,400 ม. | สถานที่ใกล้เคียง เช่น โรงเรียนสันกำแพง, วัดโรงธรรมสามัคคี | จังหวัดเชียงใหม่","เนื้อที่: 87.9 ตารางวา | เนื้อที่ 87.9 ตารางวา | ขนาดที่ดินประมาณ 16x20 ม. | รูปร่างสี่เหลี่ยมผืนผ้า(สองแปลงติดกัน) | ขนาดสิ่งปลูกสร้างประมาณ 15x18.3 ม., 217.8 ตรม. 3 นอน 3 น้ำ",95/100,https://baan.kaidee.com/product-370492895
บ้านเดี่ยว,"ราคา: 4,550,000","หมู่บ้านตำหนักนคร ต.หนองควาย ห่างจากถนนเชียงใหม่-ฮอด (ทล.108) ประมาณ 500 เมตร | 18.72904,98.948233",เนื้อที่: 77 ตารางวา | เนื้อที่ 77 ตารางวา | พื้นที่ใช้สอย 298 ตร.ม. 3 นอน 4 น้ำ,95/100,https://baan.kaidee.com/product-370492900
บ้านเดี่ยว,"1,357,000","บ้านแม่แตง | ติดถนนบ้านสันป่าตอง - บ้านปง | หลังวัดอินทขิล | ตำบลอินทขิล | เชียงใหม่ | 19.186536,98.978854",เนื้อที่: 1114.9 ตารางวา | เนื้อที่ 1114.9 ตารางวา | พื้นที่ใช้สอย 105 ตรม. 1 นอน 1 น้ำ,95/100,https://baan.kaidee.com/product-370492901
บ้านเดี่ยว,"4,296,000","สันป่าตอง | 125/1 ซอยเข้าวัดกิ่วแลน้อย | ถนนเลียบคลองชล | 18.63494,98.85191",เนื้อที่: 389 ตารางวา | เนื้อที่ 389 ตารางวา | พื้นที่ใช้สอยภายใน 135 ตรม. 4 นอน 2 น้ำ,95/100,https://baan.kaidee.com/product-370492902
บ้านเดี่ยว,"ราคา: 812,000","บ้านแม่ศึก ต.แม่ศึก อ.แม่แจ่ม | 18.549645,98.354651",เนื้อที่: 57 ตารางวา | เนื้อที่ 57 ตารางวา | พื้นที่ใช้สอยรวม 192 ตรม. 1 นอน 1 น้ำ,95/100,https://baan.kaidee.com/product-370492904
บ้านเดี่ยว,"ราคา: 1,800,000",หมู่บ้านบุรีทาน่า | เลขที่157/41 | โครงการบุรีทาน่า | ถนนสายดอยสะเก็ด-บ่อสร้าง(ทล.1014) กม.12+400 เมตร | สันกำแพง,เนื้อที่: 53 ตารางวา | เนื้อที่ 53 ตารางวา | ขนาด 9.5*10 เมตร 3 นอน 2 น้ำ,95/100,https://baan.kaidee.com/product-370492905
ทาวน์เฮ้าส์,"ราคา: 788,000","บ้าน หางดง | บ้านเลขที่ 306/36 ถนนเลียบคลองชลประทาน แยกจากถนนสายเชียงใหม่-ฮอด ตำบลหารแก้ว | อยู่ห่างจากถนนสายเชียงใหม่-ฮอด ประมาณ 450 ม. | อยู่ห่างจากตัวอำเภอหางดงประมาณ 4,400 ม. | ใกล้ วัดศรีล้อม, กาดหารแก้ว | 18.6552985,98.9014132",เนื้อที่: 20 ตารางวา | เนื้อที่ 20 ตารางวา | ขนาดที่ดินประมาณ 10x16 ม. รูปสี่เหลี่ยมผืนผ้า | ขนาดสิ่งปลูกสร้าง 77 ตรม. 2 นอน 1 น้ำ,95/100,https://baan.kaidee.com/product-370492907
บ้านเดี่ยว,"5,900,000","ต.ไชยสถาน | ถนนวงแหวนรอบกลาง | โครงการศุภาลัยวิลล์ | สารภี | จังหวัดเชียงใหม่ | 18.75779408,99.03601679",เนื้อที่: 141.2 ตารางวา | เนื้อที่ 141.2 ตารางวา | พื้นที่ใช้สอยภายใน 214 ตรม. 4 นอน 3 น้ำ,95/100,https://baan.kaidee.com/product-370492908
ทาวน์เฮ้าส์,"ราคา: 3,100,000",ซิตี้โฮมเพลส 4 เลขที่ 195/72 ท้ายซอย 6/2 ห่างจากถนนเชียงใหม่-บ้านสหกรณ์(ทล.1317) กม.4+400 เมตร | สันกำแพง | เชียงใหม่,เนื้อที่: 86 ตารางวา | เนื้อที่ 86 ตารางวา | พท.ใช้สอย 184 ตร.ม. 3 นอน 3 น้ำ,95/100,https://baan.kaidee.com/product-370492909
บ้านเดี่ยว,"ราคา: 1,100,000","51 หมู่ 7 ต.สันทรายมหาวงค์ อ.สารภี จ.เชียงใหม่ | 18.636187,98.9789",เนื้อที่: 184 ตารางวา | เนื้อที่ 184 ตารางวา | พื้นที่ ติดถนนสาธารณะ 2 นอน 2 น้ำ,95/100,https://baan.kaidee.com/product-370492910
บ้านเดี่ยว,"11,083,000","ถนนขัวมุง - เทพาราม ตรงข้ามเทศบาลตำบลขัวมุง ต.ขัวมุง อ.สารภี จ.เชียงใหม่ | 18.67217,98.978504",เนื้อที่: 711 ตารางวา | เนื้อที่ 711 ตารางวา | พื้นที่ใช้สอย 423 ตรม. 1 นอน 1 น้ำ,95/100,https://baan.kaidee.com/product-370492911
บ้านเดี่ยว,"5,460,000","โครงการดิโอเรียลทอล | ติดกับสี่แยกศรีบัวเงิน | ห่างตัวเมืองเชียงใหม่ 3 กม. | ตำบลสารภี | อำเภอสารภี | จังหวัดเชียงใหม่ | 18.756154,99.041931",เนื้อที่: 63.8 ตารางวา | เนื้อที่ 63.8 ตารางวา | พื้นที่ใช้สอยภายในประมาณ 240 ตรม. 1 นอน 1 น้ำ,95/100,https://baan.kaidee.com/product-370492913
บ้านเดี่ยว,"ราคา: 8,925,000","หมู่บ้านสันทรายเชียงใหม่ เลขที่ 246/29 | ห่างจากถนนสายเชียงใหม่-สันทราย(ทล.1367) ประมาณ 250 ม. | 18.820711,99.030976",เนื้อที่: 182 ตารางวา | เนื้อที่ 182 ตารางวา | พื้นที่ใช้สอยขนาด 312 ตร.ม. 5 นอน 4 น้ำ,95/100,https://baan.kaidee.com/product-370492915
บ้านเดี่ยว,"ราคา: 3,932,000",ถนนเจริญเมือง ซอย 8 | เข้าซอยเจริญเมืองซอย 8 ประมาณ 220 เมตร | เลี้ยวขวาเข้าซอยอีกประมาณ 90 เมตร | บ้านเลขที่ 55/6 | อยู่ทางด้านขวามือ | เมืองเชียงใหม่,เนื้อที่: 127 ตารางวา | เนื้อที่ 127 ตารางวา | พื้นที่ใช้สอยประมาณ 48.30 ตรม. 1 นอน 1 น้ำ,95/100,https://baan.kaidee.com/product-370493717
บ้านเดี่ยว,"3,780,000","หมู่บ้านอินทรชิดชัย | เลขที่ 79/155 | ตำบลตลาดขวัญ | อำเภอดอยสะเก็ด | จังหวัดเชียงใหม่ | ติดถนนเชียงใหม่-ดอยสะเก็ด(ทล.118) บริเวณ กม.ที่ 10+200 เมตร | 18.855085,99.099404",เนื้อที่: 93 ตารางวา | เนื้อที่ 93 ตารางวา | พื้นที่ใช้สอยรวม 237 ตร.ม. | ขนาดประมาณ 8 x 17 เมตร | ที่ดิน 2 แปลง ติดต่อเป็นผืนเดียวกัน 4 นอน 3 น้ำ,95/100,https://baan.kaidee.com/product-370493728
บ้านเดี่ยว,"2,000,000","โครงการหมู่บ้านแสงเพชร | เลขที่ 499/243 ซอย7 | ถนนวรุณนิเวศ | ห่างจากถนนสมโภชเชียงใหม่ 700 ปี (ชม.3029) 600 ม. | 18.747415,98.975854",เนื้อที่: 43.6 ตารางวา | เนื้อที่ 43.6 ตารางวา | พื้นที่ใช้สอบย 70.68 ตรม. 2 นอน 2 น้ำ,95/100,https://baan.kaidee.com/product-370493729
บ้านเดี่ยว,"1,759,000","หมู่ 3 โครงการฉมาบดี ตำบลสารภี อำเภอสารภี จังหวัดเชียงใหม่ | 18.7369001,99.0028735",เนื้อที่: 53 ตารางวา | เนื้อที่ 53 ตารางวา | พื้นที่ 96 ตรม. 2 นอน 2 น้ำ,95/100,https://baan.kaidee.com/product-370493848
บ้านเดี่ยว,"ราคา: 2,300,000","เลขที่ 147 ต.มะขามหลวง อ.สันป่าตอง จ.เชียงใหม่ | ติดถนนเชียงใหม่-ฮอด | ด้านข้างติดถนนซอยไม่ทราบชื่อกว้าง 26 เมตร | 18.582742,98.994545",เนื้อที่: 112 ตารางวา | เนื้อที่ 112 ตารางวา | พื้นที่ใช้สอยภายใน 175 ตรม. 3 นอน 2 น้ำ,95/100,https://baan.kaidee.com/product-370493849
บ้านเดี่ยว,"2,100,000","หมู่บ้านมิตรมุข บ้านเดี่ยวชั้นเดียว | เลขที่ 110/24 หมู่ที่ 8 ซอยเทพบุตร | ห่างจากเชียงใหม่-สันกำแพง(สายเก่า)(ทล.1006) ประมาณ 700 ม. | อำเภอสันกำแพง จังหวัดเชียงใหม่ | 18.741565,99.115005",เนื้อที่: 57 ตารางวา | เนื้อที่ 57 ตารางวา | พื้นที่ใช้สอยขนาด 120 ตร.ม. 3 นอน 2 น้ำ,95/100,https://baan.kaidee.com/product-370493920
บ้านเดี่ยว,"ราคา: 310,000","หมู่บ้านดงใต้ ต.สันโป่ง อยู่ในหมู่บ้านดงใต้ ต.สันโป่ง ใกล้วัดสุวรรณาวาส (บ้านดง) | 18.96465,98.9678909",เนื้อที่: 105.3 ตารางวา | เนื้อที่ 105.3 ตารางวา | ขนาด 6 X 7 ม. | ยุ้งข้าวไม้ ขนาด 2 X 4 ม. 3 นอน 2 น้ำ,95/100,https://baan.kaidee.com/product-370493993
บ้านเดี่ยว,"1,483,000","หมู่บ้านนพเก้า | เลขที่ 170/1 | ตำบลสันทราย | อำเภอเมืองเชียงใหม่ | จังหวัดเชียงใหม่ | ห่างจากถนนเชียงใหม่-ดอยสะเก็ด(ทล.118) ประมาณ 2.4 กม. | 18.86971,99.09395",เนื้อที่: 65 ตารางวา | เนื้อที่ 65 ตารางวา | พื้นที่ใช้สอยประมาณ 93.5 ตร.ม. 3 นอน 2 น้ำ,95/100,https://baan.kaidee.com/product-370493994
ที่ดิน,"ราคา: 4,800,000","พิกัด 18.67552250,99.00395434",เนื้อที่: 351 ตารางวา | เนื้อที่ 351 ตารางวา | ที่ดิน 3งาน 51.7ตรว. | พื้นที่ส่วนอาคารโรงงานผลิตเครื่องดื่ม ปลอดฝุ่น เก็บความร้อนและความเย็นได้ดี ตัวอาคารสร้างจากวัสดุฉนวน 3นิ้ว ขนาด 60ตรม. | พื้นที่โรงงาน150 ตรม. -,95/100,https://baan.kaidee.com/product-370498770
ที่ดิน,"ราคา: 400,000",หมู่บ้านแม่คะ | อ. ฝาง | ซอยโรงเรียนบ้านแม่คะ | 700 เมตรจากปากซอย | ตรงข้ามบ่อน้ำมัน,เนื้อที่ 173 ตารางวา | เนื้อที่ 173 ตารางวา | เนื้อที่ 173 ตารางวา -,95/100,https://baan.kaidee.com/product-370528579
ที่ดิน,"3,800,000",โครงการสวนงามปานนั้น อ.เชียงดาว จ.เชียงใหม่ | เชียงดาว เชียงใหม่ | ติดแม่น้ำปิง | อยู่บริเวณแยกบายพาส เชียงดาว ตัวอำเภอ เชียงดาว จ.เชียงใหม่ | ติดทางหลวงหมายเลข 107 (เชียงใหม่-ฝาง),เนื้อที่: 834 ตารางวา | เนื้อที่ 834 ตารางวา | 2-0-34 ไร่ / 834 ตารางวา -,95/100,https://baan.kaidee.com/product-370528694
หอพัก,"ราคา: 14,000,000",แถววัดอุโมงค์ เชียงใหม่ | หลัง ม.เชียงใหม่ | ในเมืองเชียงใหม่ | แถววัดอุโมงค์,เนื้อที่: 101 ตารางวา | เนื้อที่ 101 ตารางวา | พื้นที่ 101 ตรว 9 นอน 9 น้ำ,95/100,https://baan.kaidee.com/product-370536948
ที่ดิน,"ราคา: 773,000",ที่ดินเปล่า ใกล้เขื่อนแม่งัดสมบูรณ์ชล กรมชลประธาน | ถ.ซุปเปอร์ไฮเวย์เชียงใหม่-ลำปาง | ถนนสาย ชม.4046 | ตำบลแม่หอพระ | อำเภอแม่แตง | จังหวัดเชียงใหม่ | ใกล้เขื่อนแม่งัดสมบูรณ์ชล กรมชลประธาน | ใกล้วัดหัวฝาย | สถานีอนามัยตำบลแม่หอพระ | โรงเรียนแม่หอพระวิทยาคม | ถนนซุปเปอร์ไฮเวย์ เชียงใหม่-ลำปาง | ถนนทางหลวงแผ่นดินหมายเลข 1001 | บริเวณอำเภอแม่แตง | ห่างจากอำเภอเชียงดาว 53 กม. | ห่างจากอำเภอเมืองเชียงใหม่ 56 กม. | ห่างจากเขื่อนแม่งัด 11 กม.,เนื้อที่: 515 ตารางวา | เนื้อที่ 515 ตารางวา | ขนาด 515 ตร.ว. | กว้างประมาณ 35 เมตร ลึกประมาณ 56 เมตร -,95/100,https://baan.kaidee.com/product-370538458
บ้านเดี่ยว,"ราคา: 4,200,000",หมู่บ้านเดอะ กรีนเนอรี่ เซ็นทรัล (The Greenery Central) ถ.เชียงใหม่-ดอยสะเก็ด สันทราย เชียงใหม่ | แยกเชียงใหม่-ดอยสะเก็ด ถนนเชียงใหม่-ดอยสะเก็ด ถนนสมโภชเชียงใหม่ 700 ปี ตำบลสันทรายน้อย อำเภอสันทราย จังหวัดเชียงใหม่,เนื้อที่: 52.5 ตารางวา | เนื้อที่ 52.5 ตารางวา | ขนาด 52.5 ตร.ว. 3 นอน 3 น้ำ,95/100,https://baan.kaidee.com/product-370539684
คอนโด,"ราคา: 4,421,000","เมืองเชียงใหม่ | ทัชฮิลเพลส | ติดถนนหนองฮ้อ | ตรงข้ามศูนย์แสดงสินค้านานาชาติเชียงใหม่ | 18.8234967,98.9602096",เนื้อที่: 84.2 ตารางเมตร | เนื้อที่ 84.2 ตารางเมตร | ทัชฮิลเพลส ห้องชุดชั้นเดียวขนาดพื้นที่ใช้สอย 84.2 ตรม. 1 นอน 2 น้ำ,95/100,https://baan.kaidee.com/product-370547711
คอนโด,"ราคา: 1,587,000",พาราโน่ คอนโดแอทเชียงใหม่ | ห้องเลขที่ 156/17 ชั้นที่ 2 อาคารสูง 8 ชั้น | ติดถนนสายเชียงใหม่-บ้านสหกรณ์ (ทล.1317) | ต.ท่าศาลา อ.เมืองเชียงใหม่ จ.เชียงใหม่,เนื้อที่: 30.21 ตารางเมตร | เนื้อที่ 30.21 ตารางเมตร | พื้นที่ใช้สอย 30.21 ตรม. 2 นอน 1 น้ำ,95/100,https://baan.kaidee.com/product-370547712
ทาวน์เฮ้าส์,"1,500,000","เมืองเชียงใหม่ | ซอย 4 มหิดล | ถนนมหิดล | ใกล้สี่แยกหนองหอย | เลขที่ 108/24 | 18.755135,99.003152",เนื้อที่: 17.4 ตารางวา | เนื้อที่ 17.4 ตารางวา | ขนาดอาคาร 4x12เมตร | พื้นที่ใช้สอยรวม 144 ตารางเมตร 2 นอน 2 น้ำ,95/100,https://baan.kaidee.com/product-370548077
ที่ดิน,"ราคา: 1,208,000",ที่ดินเปล่า โครงการพรพรหมพาราไดซ์ | บริเวณกม.ที่ 18 ถนนเชียงใหม่-ฮอด | ตำบลหารแก้ว | หางดง | เชียงใหม่,เนื้อที่: 223 ตารางวา | เนื้อที่ 223 ตารางวา | ขนาดที่ดินประมาณ 42x22 รูปร่างที่ดินเป็นรูปสี่เหลี่ยมผืนผ้า -,95/100,https://baan.kaidee.com/product-370548310
ที่ดิน,"ราคา: 523,000","ที่ดินเปล่า โครงการพรพรหมพาราไดซ์ | บริเวณกม.ที่ 18 ถนนเชียงใหม่-ฮอด | ตำบลหารแก้ว | อำเภอหางดง | จังหวัดเชียงใหม่ | 18.642183,98.903965",เนื้อที่: 131 ตารางวา | เนื้อที่ 131 ตารางวา | ขนาดที่ดินประมาณ 24x20 | รูปร่างที่ดินเป็นรูปสี่เหลี่ยมผืนผ้า -,95/100,https://baan.kaidee.com/product-370548312
ที่ดิน,"ราคา: 503,000",ที่ดินเปล่า โครงการพรพรหมพาราไดซ์ | บริเวณกม.ที่ 18 ถนนเชียงใหม่-ฮอด | ตำบลหารแก้ว | หางดง | เชียงใหม่,เนื้อที่: 84 ตารางวา | เนื้อที่ 84 ตารางวา | ขนาดที่ดินประมาณ 17x20 -,95/100,https://baan.kaidee.com/product-370548313
ที่ดิน,"ราคา: 629,000",ที่ดินเปล่า โครงการพรพรหมพาราไดซ์ | บริเวณกม.ที่ 18 ถนนเชียงใหม่-ฮอด | ตำบลหารแก้ว | หางดง | เชียงใหม่,เนื้อที่: 105 ตารางวา | เนื้อที่ 105 ตารางวา | ขนาดที่ดินประมาณ 20x20 | รูปร่างที่ดินเป็นรูปสี่เหลี่ยมจัตุรัส -,95/100,https://baan.kaidee.com/product-370548314
ที่ดิน,"ราคา: 719,000","ที่ดินเปล่า หางดง | โครงการพรพรหมพาราไดซ์ ตำบลหารแก้ว | 18.6544107,98.9123192",เนื้อที่: 168 ตารางวา | เนื้อที่ 168 ตารางวา | ที่ดินแปลงย่อย จัดสรรแบ่งขาย ในโครงการพรพรหมพาราไดซ์ -,95/100,https://baan.kaidee.com/product-370548316
ที่ดิน,"ราคา: 707,000",ที่ดินเปล่า โครงการพรพรหมพาราไดซ์ | โครงการพรพรหม พาราไดซ์ | ถนนเชียงใหม่-ฮอด(ทล.108) | ตำบลหารแก้ว | อำเภอหางดง | จังหวัดเชียงใหม่,"เนื้อที่: 118 ตารางวา | เนื้อที่ 118 ตารางวา | ขนาดหน้ากว้าง 20 ม. ,ยาว 25 ม. -",95/100,https://baan.kaidee.com/product-370548368
ที่ดิน,"ราคา: 432,000","สันป่าตอง | ติดทางสาธารณะเป็นถนนคสล.กว้าง 3 เมตร | ละแวกใกล้เคียงเป็นที่ดินเปล่า สลับกับบ้านเดียว และที่ดินเกษตรกรรม | ห่างถนนเลียบคลองชลประทานประมาณ 300 เมตร | ติดถนนสาธารณะ | 18.6481554891,98.858782311",เนื้อที่: 96 ตารางวา | เนื้อที่ 96 ตารางวา -,95/100,https://baan.kaidee.com/product-370548371
บ้านเดี่ยว,"ราคา: 3,410,000","เขตชุมชนบ้านโขงขาว | ตำบลขุนคง | อำเภอหางดง | จังหวัดเชียงใหม่ | 18.681341,98.944576",เนื้อที่: 232 ตารางวา | เนื้อที่ 232 ตารางวา | ขนาดที่ดิน 232 ตารางวา 1 นอน 1 น้ำ,95/100,https://baan.kaidee.com/product-370548402
บ้านเดี่ยว,"1,500,000",ต.สันปูเลย อ.ดอยสะเก็ด จ.เชียงใหม่ เลขที่ 301/63 หมู่ 3 โครงการบ้านพฤกษ์พนา (ซอย1/2) ถนนสายเชียงใหม่-ดอยสะเก็ด (ทล.118),เนื้อที่ 30 ตารางวา | เนื้อที่ 30 ตารางวา | พื้นที่ใช้สอยรวม 106 ตางรางเมตร 3 นอน 2 น้ำ,95/100,https://baan.kaidee.com/product-370548443
บ้านเดี่ยว,"16,263,000","หมู่บ้านปงแสงทอง | ติดถนนนิคมสหกรณ์แม่แตง | ต.สันมหาพน | อ.แม่แตง | จ.เชียงใหม่ | ใกล้ตลาดสดแม่มาลัย | 19.092911,98.919058",เนื้อที่: 7533 ตารางวา | เนื้อที่ 7533 ตารางวา 1 นอน 1 น้ำ,95/100,https://baan.kaidee.com/product-370548445
บ้านเดี่ยว,"4,807,000","หมู่ 1 บ้านสันต้นแหน ถนนสายดอยสะเก็ด-บ่อสร้าง (ทล.1014) ต.แม่คือ อ.ดอยสะเก็ด จ.เชียงใหม่ | 18.789516,99.104046",เนื้อที่: 678.3 ตารางวา | เนื้อที่ 678.3 ตารางวา | พื้นที่ใช้สอย 205 ตรม. 3 นอน 4 น้ำ,95/100,https://baan.kaidee.com/product-370548446
บ้านเดี่ยว,"ราคา: 2,200,000","บ้านพรสววรค์ | 118/8 ถนนสายป่าแดด-บ้านธิ | ตำบลสารภี | อำเภอสารภี | จังหวัดเชียงใหม่ | 18.69249,99.05535",เนื้อที่: 107.3 ตารางวา | เนื้อที่ 107.3 ตารางวา | พื้นที่ชั้น 103.6 ตร.ม. 3 นอน 2 น้ำ,95/100,https://baan.kaidee.com/product-370548480
บ้านเดี่ยว,"ราคา: 1,980,000","ต.สันทราย | ถนนชุมชนบ้านสันหนองเขียว | ห่างจากทางหลวงสายเชียงใหม่ - ฝาง ช่วง กม.146 | 19.86854,99.173729",เนื้อที่: 306 ตารางวา | เนื้อที่ 306 ตารางวา 2 นอน 2 น้ำ,95/100,https://baan.kaidee.com/product-370548481
บ้านเดี่ยว,"ราคา: 2,660,000","เลขที่ 222/44 หมู่ที่ 4 ภายในโครงการบุญฟ้าแกรนโฮม | บ้านตึก 2 ชั้น ในโครงการบุญฟ้าแกรนด์โฮม | สารภี | 18.7525897,99.0703448",เนื้อที่: 52.5 ตารางวา | เนื้อที่ 52.5 ตารางวา | ขนาดพื้นที่ใช้สอย 121.5 ตรม. 4 นอน 2 น้ำ,95/100,https://baan.kaidee.com/product-370548482
บ้านเดี่ยว,"2,406,000","ซอยอนุบาล ต.ป่าตัน อ.เมืองเชียงใหม่ จ.เชียงใหม่ | ด้านหน้าติดถนนซอยอนุบาล(ทางสาธารณะ) | ด้านข้างติดถนนซอยไม่ทราบชื่อเป็นทางส่วนบุคคล | 18.807525,98.993407",เนื้อที่: 43 ตารางวา | เนื้อที่ 43 ตารางวา | พื้นที่ใช้สอยภายใน 107 ตรม. 1 นอน 1 น้ำ,95/100,https://baan.kaidee.com/product-370548487
บ้านเดี่ยว,"1,300,000","หมู่บ้านแสงทิพย์ | เลขที่110/13 | ถนนสายบ่อสร้าง-ดอยสะเก็ด(ทล.1014) | ประมาณ 1 กิโลเมตร | ต.แม่คือ | อ.ดอยสะเก็ด | จ.เชียงใหม่ | 18.787437,99.109957",เนื้อที่: 57.2 ตารางวา | เนื้อที่ 57.2 ตารางวา | พื้นที่ใช้สอย 120.50 ตรม. | เนื้อที่ 0-0-57.2 ไร่ หรือ 57.2 ตรว. 2 นอน 3 น้ำ,95/100,https://baan.kaidee.com/product-370548629
บ้านเดี่ยว,"ราคา: 2,185,000","บ้านตึกชั้นเดียวโครงการบุญฟ้าแกรนด์โฮม | เลขที่ 222/4 หมู่ที่ 4 ภายในโครงการบุญฟ้าแกรนโฮม | 18.742548,99.06114",เนื้อที่: 52.6 ตารางวา | เนื้อที่ 52.6 ตารางวา | พื้นที่ใช้สอย 81 ตรม. 3 นอน 2 น้ำ,95/100,https://baan.kaidee.com/product-370548642
ที่ดิน,"12,345,000","ที่ดินเปล่า ใกล้เทศบาลตำบลสองแคว ถ.ทางหลวง108 ดอยหล่อ เชียงใหม่ | ถนนหมายเลข108 ถนนเลี่ยงเมืองสันป่าตองหางดง (หมายเลข116,119 ) | ตำบลสองแ�ก อำเภอดอยหล่อ จังหวัดเชียงใหม่",เนื้อที่: 2469 ตารางวา | เนื้อที่ 2469 ตารางวา | ขนาด 6 ไร่69 ตร.ว. -,95/100,https://baan.kaidee.com/product-370560113
บ้านเดี่ยว,"5,400,000",ฝาง-ท่าตอน | ติดทางหลวงสาย 1089 | ใกล้ตลาดสด | ด้านหลังมีถนนออกซอยหลังตลาดสด,ที่ดิน 3 งาน 6 ตารางวา | ขนาดที่ดิน 3 งาน 6 ตารางวา | พื้นที่ชั้น 122 ตร.ม. 3 นอน 3 น้ำ,95/100,https://baan.kaidee.com/product-370583966
บ้านเดี่ยว,"ราคา: 5,400,000",ติดทางหลวงสาย 1089 ฝาง-ท่าตอน | ใกล้ตลาดสด | ด้านหลังมีถนนออกซอยหลังตลาดสด | ตึกแถวติดถนนหลวงด้านหน้า,เนื้อที่: 306 ตารางวา | เนื้อที่ 306 ตารางวา | ที่ดิน 3 งาน 6 ตารางวา 3 นอน 3 น้ำ,95/100,https://baan.kaidee.com/product-370584025
บ้านพูลวิลล่า,"ราคา: 13,900,000","อำเภอเมืองเชียงใหม่ | ใกล้ รร.นานาชาติ โซนรวมโชคพลาซ่า | บนถนนรอบ2 รวมโชคพลาซ่า-ศูนย์ราชการ ~ 400 เมตร | 3 นาที ร้านอาหารครัวคำหวาน | 3 นาที The Dukes สาขารวมโชค | 4 นาที ตลาดมีโชคพลาซ่า/โลตัส/โฮมโปร ศูนย์อาหารรวมโชคมอลล์ | 4 นาที โรงเรียนนานาชาติ NIS | 3 mins to The Dukes, Ruamchok | 4 mins from NIS International School | 4 mins to MeeChok Plaza | หมู่บ้านลานนาวิลล์ | ที่พักอาศัยรวมโชค | แหล่งรวมธุรกิจมีโชคพลาซ่า | ริมปิงช้อปปิ้งเมต้ามอลล์",เนื้อที่: 196.7 ตารางวา | เนื้อที่ 196.7 ตารางวา | พื้นที่ใช้สอย ~320ตรม. | เนื้อที่ดิน 196.7 ตรว | 196.7 ตารางวา | Land space 776 sq.m | House space ~300 sq.m 5 นอน 5 น้ำ,95/100,https://baan.kaidee.com/product-370595690
ที่ดิน,"ราคา: 4,000 เนื้อที่: 274 ตารางวา",หมู่บ้านบวกห้า ต.น้ำแพร่ อ.หางดง จ.เชียงใหม่,เนื้อที่ 274 ตารางวา | เนื้อที่ 274 ตารางวา | ขนาดพื้นที่ 2 งาน 74 ตรว. -,95/100,https://baan.kaidee.com/product-370608732
ทาวน์เฮ้าส์,"ราคา: 1,520,000","สันทราย | โครงการ อรสิริน 4 | เลขที่ 399/28 หมู่ 10 หมู่บ้านอรสิริน 4 | ติดถนนสายหลักของโครงการ | 18.918889,98.997909",เนื้อที่: 25 ตารางวา | เนื้อที่ 25 ตารางวา 2 นอน 2 น้ำ,95/100,https://baan.kaidee.com/product-370622011
บ้านเดี่ยว,"ราคา: 6,300,000",99/166 โครงการ ดิโอเรียลทอล รีเจนท์ 3 ตำบลสุเทพ อำเภอเมืองเชียงใหม่ จังหวัดเชียงใหม่ | ใกล้สนามบินและสถานที่สำคัญมากมาย เช่นมหาวิทยาลัยพายัพ เซ็นทรัลเฟสติวัล ห้างบิ๊กซีดอนจั่น,เนื้อที่: 62.8 ตารางวา | เนื้อที่ 62.8 ตารางวา | พื้นที่ใช้สอย 174 ตรม. 3 นอน 3 น้ำ,95/100,https://baan.kaidee.com/product-370622144
บ้านเดี่ยว,"2,940,000","หางดง | โครงการ ดิ อลีญา | ห่างจากถนนสาบเชียงใหม่-ฮอด ทล.108 ประมาณ 1 กม. | 18.685918,98.931241",เนื้อที่: 53.3 ตารางวา | เนื้อที่ 53.3 ตารางวา 3 นอน 3 น้ำ,95/100,https://baan.kaidee.com/product-370622145
บ้านเดี่ยว,"1,566,000",เลขที่ 41 หมู่ที่ 8 ถนนสายบ้านแสนคำ-บ้านทุ่งป่าคาใต้ | ห่างจากแยกจากถนนสายบ้านกิ่วแลป่าเป้า-ดอยหล่อ (ชม.3018) | ห่างจากเทศบาลตำบลทุ่งปี้ประมาณ 2.62 กม. | เชียงใหม่,เนื้อที่: 584 ตารางวา | เนื้อที่ 584 ตารางวา | พื้นที่ใช้สอยขนาด 99.75 ตรม. 1 นอน 1 น้ำ,95/100,https://baan.kaidee.com/product-370622146
บ้านเดี่ยว,"ราคา: 4,296,000","ชุมชนสหกรณ์นิคม 2 บ้านเดี่ยวชั้นเดียว | เลขที่ 386 หมู่ที่ 5 ซอย 13(ซอยตัน) | แยกจากถนนสายเชียงใหม่-พร้าว(ทล.1001) เข้าไปประมาณ 300 ม. | 18.886729,99.016166",เนื้อที่: 219.6 ตารางวา | เนื้อที่ 219.6 ตารางวา | พื้นที่ใช้สอยขนาด 177 ตร.ม. 1 นอน 1 น้ำ,95/100,https://baan.kaidee.com/product-370622165
บ้านเดี่ยว,"ราคา: 1,550,000","สันป่าตอง | เชียงใหม่ | เลขที่ 199 หมู่ 11 ทุ่งป่าคาเหนือซอย 3 | ห่างจากถนนสันป่าตอง-แม่วาง (ทล.1013) ประมาณ 4.1 กม. | 18.576342,98.814261",เนื้อที่: 320 ตารางวา | เนื้อที่ 320 ตารางวา | พื้นที่ใช้สอยขนาด 114.50 ตร.ม. 1 นอน 1 น้ำ,95/100,https://baan.kaidee.com/product-370622270
ที่ดิน,"19,800,000",ที่ดินเปล่า ใกล้วัดสันกำแพง ถ.เชียงใหม่สันกำแพง สันกำแพง เชียงใหม่ | ตำบลสันกำแพง อำเภอสันกำแพง จังหวัดเชียงใหม่ | ใกล้ตลาดสันกำแพง ตลาดบ่อสร้าง น้ำพุร้อนสันกำแพง เซ็นทรัลเฟสติวัลเชียงใหม่ ศูนย์ทำร่มบ่อสร้าง มหาวิทยาลัยพายัพ วิทยาลัยเทคนิคสันกำแพง โรงเรียนบ้านสันกำแพง โรงพยาบาลสันกำแพง | ถนนเชียงใหม่-สันกำแพง ถนนรอบเมืองเชียงใหม่ ถนนซุปเปอร์ไฮเวย์ เชียงใหม่-ลำปาง,เนื้อที่: 22.15 ไร่ | เนื้อที่ 22.15 ไร่ | ขนาด 22 ไร่15 ตร.ว. -,95/100,https://baan.kaidee.com/product-370622849
ที่ดิน,"5,000,000 บาท (ค่าโอนคนละครึ่ง)",ตำบล ท่าผา อำเภอ แม่แจ่ม จังหวัด เชียงใหม่ 50270 | ตำบลท่าผา อำเภอแม่แจ่ม เชียงใหม่ 50270 | ติดแม่น้ำแม่แจ่ม | ติดป่าสงวนแห่งชาติ แม่แจ่ม | ใกล้ดอยอินทนนท์,เนื้อที่: 11 ไร่ | เนื้อที่ 11 ไร่ | เนื้อที่ 11 ไร่ 2 งาน 26 ตร.วา -,95/100,https://baan.kaidee.com/product-370680514
ที่ดิน,"560,000",แม่แตง | ติดกับทางสาธารณะประโยชน์ | ใกล้เทศบาลเมืองแกน | เขตชุมชน | ลงจากสะพานช่อแล 30 เมตร | เลี้ยวเข้าซอยแรกขวามือ | ที่ดินอยู่ทางด้านซ้ายมือ,เนื้อที่ 108 ตารางวา | เนื้อที่ 108 ตารางวา -,95/100,https://baan.kaidee.com/product-370687270
บ้านเดี่ยว,"2,000,000 บาท",-,เนื้อที่ 89 ตร.ม. | เนื้อที่ 89 ตร.ม. | ชั้น บ้านปูนชั้นเดียว 2 นอน 2 น้ำ,95/100,https://baan.kaidee.com/product-370694895
ที่ดิน,"31,370,500",ที่ดินเปล่า ใกล้เซ็นทรัล เฟสติวัล เชียงใหม่ ถ.เชียงใหม่-สันทราย สันทราย เชียงใหม่ | ที่ตั้ง : ที่ดินเปล่า ใกล้เซ็นทรัล เฟสติวัล เชียงใหม่ ถ.เชียงใหม่-สันทราย สันทราย เชียงใหม่ | ตำบลสันนาเม็ง อำเภอสันทราย จังหวัดเชียงใหม่,เนื้อที่: 15.274 ไร่ | เนื้อที่ 15.274 ไร่ | ขนาด 15 ไร่274.1 ตร.ว. -,95/100,https://baan.kaidee.com/product-370700563
วิลล่า,"ราคา 14,900,000",📍 ดูทำเลที่ตั้ง: Google Maps | 📍 Location: Google Maps,พื้นที่ใช้สอย 220.1 ตร.ม. | เนื้อที่ 210 ตารางวา | เนื้อที่ดิน 215 ตร.ว. (860 ตร.ม.) | เนื้อที่: 210 ตารางวา 3 นอน 4 น้ำ,95/100,https://baan.kaidee.com/product-370703367
ที่ดิน,"16,000,000 เนื้อที่: 139 ตารางวา",เชียงใหม่ | ถนนสุริยวงศ์ ซอย 5 | ตรงข้ามวิทยาลัยนาฎศิลป์ เชียงใหม่ | ใกล้ตลาดประตูเชียงใหม่ | ถนนคนเดินวัวลาย,เนื้อที่: 139 ตารางวา | เนื้อที่ 139 ตารางวา | หน้ากว้างประมาณ 30 เมตรลึก 18 เมตร -,95/100,https://baan.kaidee.com/product-370704856
ที่ดิน,"5,000,000",ที่ดินเชียงใหม่ พร้าว | ที่ดิน เชียงใหม่พร้าว | ทางไปฟาร์มไก่ นายกกมล,เนื้อที่ 16.5 ไร่ | เนื้อที่ 16.5 ไร่ -,90/100,https://baan.kaidee.com/product-370708921
ที่ดิน,"ราคา: 1,250,000",ในชุมชน สงบร่มรื่น ผ่อนคลาย ใกล้เทศกาลบวกค้าง1.2กม,เนื้อที่: 228 ตารางวา | เนื้อที่ 228 ตารางวา -,95/100,https://baan.kaidee.com/product-370713242
บ้านเดี่ยว,"4,900,000",หมู่บ้านเชียงใหม่ฟลอร่าวิลล์ | ถ.เชียงใหม่-ดอยสะเก็ด | ดอยสะเก็ด | เชียงใหม่ | ตำบลตลาดขวัญ | อำเภอดอยสะเก็ด | จังหวัดเชียงใหม่ | ใกล้โฮมโปรสันทราย | ใกล้ดอยสะเก็ด | ใกล้ตลาด | โรงเรียนชลประทานผาแตก | โรงพยาบาลดอยสะเก็ด,เนื้อที่: 256.7 ตารางวา | เนื้อที่ 256.7 ตารางวา | ขนาด 256.7 ตร.ว. 4 นอน 4 น้ำ,95/100,https://baan.kaidee.com/product-370713997
ที่ดิน,"19,000,000",ซอยน้ำริน16 ถนนโชตนา ตำบลขี้เหล็ก อำเภอแม่ริม จังหวัดเชียงใหม่ | ที่ตั้ง : ที่ดิน พร้อมสิ่งปลูกสร้าง ซอยน้ำริน16 ถ.โชตนา แม่ริม เชียงใหม่ | ใกล้เทศบาลตำบลขี้เหล็ก | คุ้มเสือ แม่ริม | ปางช้างแม่ริม | สวนพฤกษศาสตร์สมเด็จพระนางเจ้าสิริกิติ์ | ม่อนแจ่ม | อ่างเก็บน้ำห้วยตึงเฒ่า | เดอะรอยัลเชียงใหม่ กอล์ฟ รีสอร์ท | อุทยานแห่งชาติน้ำตกบัวตอง-น้ำพุเจ็ดสี | ห่างจากสนามบินเชียงใหม่ 30 กิโลเมตร | ถนนโชตนา (ถนนช้างเผือก) | ถนนเชียงใหม่-แม่ริม | ถนนเชียงใหม่-แม่แตง | ถนนเชียงใหม่-แม่จัน (ทางหลวงแผ่นดินหมายเลข 107),เนื้อที่: 3.326 ไร่ | เนื้อที่ 3.326 ไร่ | ขนาด 3 ไร่326 ตร.ว. | ที่ดิน พร้อมสิ่งปลูกสร้าง 3 ไร่ 326 ตร.ว. -,95/100,https://baan.kaidee.com/product-370714045
ที่ดิน,"ราคาขาย: 4,500,000 บาท",ตำบลสะลวง อำเภอแม่ริม จังหวัดเชียงใหม่ | ใกล้สถานที่สำคัญ เช่น โรงเรียนนานาชาติเปรม น้ำตกแม่สา สวนพฤกษศาสตร์สมเด็จพระนางเจ้าสิริกิติ์ | ใกล้สถานที่สำคัญ เช่น Prem Tinsulanonda International School Mae Sa Waterfall Queen Sirikit Botanical Garden | อยู่ในเขต อ.แม่ริม จ.เชียงใหม่ | ใช้เวลาเพียง 30 นาทีจากตัวเมืองเชียงใหม่,"เนื้อที่: 2228 ตารางวา | เนื้อที่ 2228 ตารางวา ขาย ที่ดินเปล่า แม่ริม วิวภูเขา มีน้ำล้อมรอบ ขนาด 5 ไร่ 2 งาน 28 ตารางวา | ขนาด: 5 ไร่ 2 งาน 28 ตารางวา | ขนาด: 5 Rai 2 Ngan 28 Square Wah (approx. 8,512 square meters) -",95/100,https://baan.kaidee.com/product-370716088
บ้านเดี่ยว,"29,000,000 บาท",โครงการ Green Valley Golf Club | ตำบลแม่สา | อำเภอแม่ริม | จังหวัดเชียงใหม่ | ใกล้สนามกอล์ฟ | ขับรถเพียง 25 นาทีถึงตัวเมืองเชียงใหม่ | รายล้อมด้วยธรรมชาติ ภูเขา ทะเลสาบ และอากาศเย็นสบายตลอดปี | พิกัด : https://maps.app.goo.gl/qssogD6ka7hAtDY18,"พื้นที่ใช้สอย 350 ตารางเมตร | ขนาดที่ดิน: 1 ไร่ 44 ตารางวา | เนื้อที่: 444 ตารางวา | ขนาดที่ดิน 444 ตารางวา | ขนาดที่ดิน: 1 ไร่ 44 ตารางวา (approx. 1,776 sq.m.) 3 นอน 4 น้ำ",95/100,https://baan.kaidee.com/product-370716263
ที่ดิน,"ราคาขาย: 105,650,000 บาท",ตำบลท่าศาลา อำเภอเมือง จังหวัดเชียงใหม่ | ใจกลางเมืองเชียงใหม่ | หลังโรงแรมดาราเทวีเชียงใหม่ | ใกล้ แม็คโคร เชียงใหม่ เพียง 1.7 กม. | ใกล้ บิ๊กซี ดอนจั่น 3.7 กม. | ใกล้ โรงเรียนมงฟอร์ตวิทยาลัย เพียง 4.6 กม. | ใกล้ โรงเรียนกาวิละวิทยาลัย 4.1 กม. | เดินทางสะดวก ใกล้ถนนซุปเปอร์ไฮเวย์ และเส้นวงแหวนรอบกลาง,"เนื้อที่: 2013 ตารางวา | เนื้อที่ 2013 ตารางวา | ขนาด 5 ไร่ 1 งาน 13 ตารางวา | เนื้อที่รวม: 5 ไร่ 1 งาน 13 ตร.วา (รวม 2,113 ตร.วา) -",95/100,https://baan.kaidee.com/product-370716322
ที่ดิน,"15,000,000 บาท","ซอยมูลเมือง 2, ตำบลพระสิงห์, อำเภอเมือง, จังหวัดเชียงใหม่ | ใกล้ตลาดประตูเชียงใหม่ เพียง 900 ม. | ใกล้ ประตูท่าแพ, ไนท์บาซาร์, ถนนคนเดิน | ใกล้แหล่งท่องเที่ยวชื่อดัง | ทำเลทอง ใจกลางเมือง เชียงใหม่",เนื้อที่: 80.1 ตารางวา | เนื้อที่ 80.1 ตารางวา | ขนาดที่ดิน: 80.1 Sq.wah (approx. 320.4 Sq.m.) -,95/100,https://baan.kaidee.com/product-370716400
ที่ดิน,"4,000,000 บาท",บ้านป่าข่อยเหนือ ต.สันผีเสื้อ อ.เมืองเชียงใหม่ | จังหวัดเชียงใหม่,เนื้อที่: 200 ตารางวา | เนื้อที่ 200 ตารางวา | พื้นที่ใช้สอยประมาณ 256 ตรม. 1 นอน 2 น้ำ,95/100,https://baan.kaidee.com/product-370721268
ที่ดิน,"ราคา: 9,958,000",เขตป่าข่อยเหนือ ต.สันผีเสื้อ อ.เมืองเชียงใหม่ | ติดถนนในหมู่บ้านป่าข่อยเหนือ | ห่างจากถนนวงแหวนรอบ 3 สันผีเสื้อและตลาดป่าข่อยใต้ประมาณ 2.5 กม.,เนื้อที่: 766 ตารางวา | เนื้อที่ 766 ตารางวา | พื้นที่ 1-3-66 ไร่ -,95/100,https://baan.kaidee.com/product-370721316
อาคารพาณิชย์,"3,200,000",แม่ริมพลาซ่า เชียงใหม่ | ใกล้ ตลาดแม่ริม,เนื้อที่: 16.4 | เนื้อที่ 16.4 | ขนาด 16.4 และ 16.2 ตร.วา | 4 x 12 ตร.เมตร (ประมาณ) None นอน 3 น้ำ,95/100,https://baan.kaidee.com/product-370729101
วิลล่า,"18,500,000 บาท","ใกล้กาดฝรั่งเชียงใหม่ | กาดฝรั่ง 2 นาที | ใกล้ ริมปิง, Starbucks, Big C, Makro | ร.ร.นานาชาติ SBS เพียง 1 กม. | สนามบินเชียงใหม่ 12 กม.",พื้นที่ใช้สอยรวม 440 ตร.ม. | บนที่ดิน 101 ตร.วา | ขนาด 3.5 x 12 ม. 5 นอน 6 น้ำ,95/100,https://baan.kaidee.com/product-370730447
บ้านเดี่ยว,"4,700,000",หมู่บ้านพิมพ์พิชฎา เชียงใหม่ | ถ.เชียงใหม่สันกำแพง | สันกำแพง เชียงใหม่ | ตำบลสันกลาง | อำเภอสันกำแพง | จังหวัดเชียงใหม่ | ใกล้สี่แยกหลุยส์ | ถนนเชียงใหม่-สันกำแพง | ถนนรอบเมืองเชียงใหม่ | ถนนวงแหวนรอบกลาง | ใกล้บิ๊กซี | แม็คโคร | มหาวิทยาลัยพายัพ | ใกล้เซ็นทรัล | ใกล้หัตถกรรมร่มบ่อสร้างสันกำแพง,เนื้อที่: 50 ตารางวา | เนื้อที่ 50 ตารางวา | ขนาด 50 ตร.ว. 3 นอน 3 น้ำ,95/100,https://baan.kaidee.com/product-370733316
ที่ดิน,"23,000,000",เขตพื้นที่สีเขียว | ห่างจากว่าที่สนามบินเชียงใหม่ที่กำลังจะสร้างเป็นฮับภาคเหนือ 23 กม. | ห่างจากรุ่งอรุณน้ำพุร้อนและน้ำพุร้อนสันกำแพง 7กม. | สถานีตำรวจตำบลแม่โป่ง 3.5กม. | ห่างตลาด ชุมชน และโรงเรียนตลาดขี้เหล็ก 500 เมตร | ห่างจากที่ว่าการอำเภอดอยสะเก็ด 7กม. | ห่างจากศูนย์พัฒนาห้วยฮ่องไคร้จังหวัดเชียงใหม่ 3กม. | จากถนนหลัก 50 เมตร | มีสะพานไม้ข้ามลำน้ำจากฝายน้ำล้นไปยังที่ดิน | ทิศตะวันออกเป็นภูเขาและฝายน้ำล้น | ทิศตะวันตกและทิศใต้ติดแม่น้ำและฝายน้ำล้น | ทิศเหนือติดที่นาเจ้าอื่น | จังหวัดเชียงใหม่,เนื้อที่: 23 ไร่ | เนื้อที่ 23 ไร่ ที่ดินสวย เหมาะทำรีสอร์ทเชิงเกษตรเท่อวเที่ยว | เนื้อที่ 14ไร่ 1 งาน 56ตารางวา | กว่า 12ไร่เป็นที่นาข้าวและไร่กระเทียม (ตามฤดูกาล) | พื้นที่ส่วนที่เหลือเป็น สวนผสม กล้วย ลำใย มะม่วง ต้นสักทองกว่า300 ต้น มะนาว อะโวคาโด มะพร้าว จามจุรีกว่า 10ต้น และพืชผักสวนครัว | มีบ่อปลา -,95/100,https://baan.kaidee.com/product-370734284
ทาวน์เฮ้าส์,"1,450,000",214/293 หมู่บ้านกุลพันธ์วิว 4 อ.หางดง จ.เชียงใหม่ | หางดง เชียงใหม่ | ใกล้สนามบินเชียงใหม่ 7 กิโล | เซนทรัลแอร์พอร์ต | บิ๊กซี | โลตัส | แมคโคร,เนื้อที่: 17 ตารางวา | เนื้อที่ 17 ตารางวา 2 นอน 2 น้ำ,95/100,https://baan.kaidee.com/product-370736864
ที่ดิน,"ราคา: 3,330,000",ต.เขื่อนผาก อ.พร้าว จ.เชียงใหม่ | ซอยวัดป่าแขม | อยู่หลัก กม.86 เลยพีรพัฒน์ดีเซน เข้า ซอย วัดป่าแขม 1.5 กม. | ใกล้หนองกลางแพะ,เนื้อที่: 16.5 ไร่ | เนื้อที่ 16.5 ไร่ | เนื้อที่ดิน 16 ไร่ 264 วา | หน้ากว้าง 40 เมตร -,95/100,https://baan.kaidee.com/product-370743851
ที่ดิน,"1,400,000",จังหวัดเชียงใหม่,เนื้อที่: 382 ตารางวา | เนื้อที่ 382 ตารางวา -,90/100,https://baan.kaidee.com/product-370749273
ที่ดิน,"2,000,000",สะเมิง | บนเขาวิวดี | ใกล้สนามลานกว้าง | ซ้ายมือข้างล่างเป็นสนามโรงเรียน,เนื้อที่: 3.3 ไร่ | เนื้อที่ 3.3 ไร่ | 3ไร่ 3งาน -,95/100,https://baan.kaidee.com/product-370771406
ที่ดิน,"150,000,000",ต.บ้านแหวน อ.หางดง จ.เชียงใหม่ | เพียง 1 กม. จากถนนหลักเชียงใหม่-หางดง | 1.3 กม. จากกาดฝรั่งวิลเลจ | 1.5 กม. จากโครงการกุลพันธ์วิลล์ 9 | 4.3 กม. จากโรงเรียนหางดงรัฐราษฎร์อุปถัมภ์ | 1.7 กม. จากโรงเรียนนานาชาติปัญญาเด่น | ใกล้สนามกีฬาเทศบาล,"เนื้อที่: 15 ไร่ | เนื้อที่ 15 ไร่ 1 งาน 80.9 ตารางวา (รวม 6,180.9 ตร.วา) -",95/100,https://baan.kaidee.com/product-370773452
ที่ดิน,"6,500,000",ถนนสันกำแพงสายใหม่ 1317 กม.20 ต.ออนใต้ อ.สันกำแพง จ.เชียงใหม่ | ใกล้สนามบินแห่งใหม่ | ทางไปแม่กำปอง | ติดแม่น้ำ | วิวภูเขา,เนื้อที่: 3 ไร่ | เนื้อที่ 3 ไร่ -,95/100,https://baan.kaidee.com/product-370782292
ที่ดิน,ราคาขายเหมา 70 ล้าน,เชียงใหม่ | ทะเลสาป เชียงใหม่,เนื้อที่: 152 ไร่ | เนื้อที่ 152 ไร่ | เนื้อที่ 152 ไร่ -,95/100,https://baan.kaidee.com/product-370785533
อาคารพาณิชย์,"ราคา: 8,900,000",ตัวเมืองพร้าว,เนื้อที่: 81 ตารางวา | เนื้อที่ 81 ตารางวา -,95/100,https://baan.kaidee.com/product-370791137
ที่ดิน,"ราคา: 1,290,000",ต.ออนใต้ อ.สันกำแพง จ.เชียงใหม่ | ต.ออนใต้ อ.สันกำแพง จ.เชียงใหม่,เนื้อที่: 1.9 ไร่ | เนื้อที่ 1.9 ไร่ | เนื้อที่ 1 ไร่ 90 ตารางวา -,95/100,https://baan.kaidee.com/product-370792683
บ้านเดี่ยว,"ราคา: 2,500,000",ต.หนองแหย่ง อ.สันทราย จ.เชียงใหม่ | จาก โรงพยาบาลดอยสะเก็ด 4 กม. | จาก เซ็นทรับเฟส 14 กม.,เนื้อที่: 121 ตารางวา | เนื้อที่ 121 ตารางวา | บนเนื้อที่(โฉนด) 121 ตรว. 3 นอน 2 น้ำ,95/100,https://baan.kaidee.com/product-370801978
ที่ดิน,"ราคา: 1,500,000",เขต ต.หนองแหน่ง อ.สันทราย จ.เชียงใหม่ | ใกล้เขื่อนแม่กวงอุดมธารา เขตติดต่อ อ.ดอยสะเก็ด | ติดถนนลาดยาวดำ | ติดถนนคอนกรีตกว้าง 8 เมตร | อยู่ในแหล่งชุมชน หมู่บ้านดั่งเดิม,เนื้อที่: 445 ตารางวา | เนื้อที่ 445 ตารางวา | เนื้อที่ (โฉนด) 1ไร่ 45 ตรว. | 1ไร่ 45 ตร.ว. -,95/100,https://baan.kaidee.com/product-370802003
ที่ดิน,"ราคา: 650,000",ต.แม่ปูคา อ.สันกำแพง จ.เชียงใหม่ | ใกล้เทศบาลตำบลแม่ปูคา 800 เมตร | จาก ถนนสันกำแพงสายเก่า(1006) 4 กม. | จาก โลตัสบ่อสร้าง 6 กม. | จาก ใจกลางตัวเมืองเชียงใหม่ 17 กม. | จาก สนามบินเชียงใหม่ 20 กม.,เนื้อที่ 81 ตารางวา | เนื้อที่ 81 ตารางวา ที่ดิน81ตร.ว. | เนื้อที่(โฉนด) 81 ตร.ว. (มี2แปลงติดกัน) -,95/100,https://baan.kaidee.com/product-370802558
บ้านเดี่ยว,ราคาพิเศษเพียง‼️ 1.89 ล้านบาท,ต.แม่คือ อ.ดอยสะเก็ด จ.เชียงใหม่ | ใกล้เมืองเชียงใหม่,เนื้อที่: 70 ตารางวา | เนื้อที่ 70 ตารางวา | ขนาดที่ดิน (โฉนด) 70 ตร.ว. | พื้นที่ใช้สอย 114 ตร.ม. 3 นอน 2 น้ำ,95/100,https://baan.kaidee.com/product-370802569
ที่ดิน,"ราคา 3,000,000 บาท",เขต ต.หนองแหย่ง อ.สันทราย จ.เชียงใหม่ | ย่านชุมชน ใกล้ตลาด ร้านค้า เซเว่น การเดินทางสะดวก ทางเข้าติดถนนทางหลวงชนบท(3012) ห่าง 80 เมตร | ใกล้ตลาด ร้านค้า เซเว่นในชุมชน 600 ม. | ถนนสันทรายสายเก่า ตลาดป่าเหมือด 4.5 กม. | ถนนซุปเปอร์ เชียงใหม่-ดอยสะเก็ด 6กม. | มหาวิทยาลัย แม่โจ้ 9 กม. | เซ็นทรัลเฟสติวัล 15 กม. | ใจกลางตัวเมืองเชียงใหม่ 20 กม. | สนามบินเชียงใหม่ 24 กม.,เนื้อที่: 321 ตารางวา | เนื้อที่ 321 ตารางวา | เนื้อที่(โฉนด) 321 ตรว. 1 นอน 1 น้ำ,95/100,https://baan.kaidee.com/product-370802602
ที่ดิน,"ราคาพิเศษ เพียง 12,000 บาท/ตร.ว.",ปันเจียง | ยางเนิ้ง | สารภี | เชียงใหม่ | ติดถนนวงแหวนรอบ 3 – เส้นทางกำลังพัฒนาเป็น “ทางด่วน” | เข้าเมืองเชียงใหม่เพียง 16 นาที ถึงบิ๊กซีดอนจั่น | ใกล้ รร.นานาชาติ Unity & รร.ช่องฟ้าซินเซิงฯ,เนื้อที่: 890.20 ตารางวา | เนื้อที่ 890.20 ตารางวา | ขนาดจัดแบ่งเหมาะลงทุน -,95/100,https://baan.kaidee.com/product-370814637
ที่ดิน,"ราคา: 5,280 เนื้อที่: 2511 ตารางวา",เชียงใหม่ | ใกล้มหาวิทยาลัยแม่โจ้ | ติดสนามกอล์ฟแม่โจ้ | ใกล้ชุมชน | เดินทางสะดวก,"เนื้อที่: 2511 ตารางวา | เนื้อที่ 2511 ตารางวา | 6 ไร่ 111 ตารางวา (10,444 ตารางเมตร) -",95/100,https://baan.kaidee.com/product-370814905
ที่ดิน,"ราคา: 3,800,000",ต.สันกำแพง อ.สันกำแพง จ.เชียงใหม่ | จาก ถนนสันกำแพงสายใหม่ 2.5 กม. | จาก โลตัสบ่อสร้าง 4 กม. | จาก ห้างบิ๊กซีดอนจั่น 10 กม. | จากใจกลาง ตัวเมืองเชียงใหม่ 14 กม. | จาก สนามบินเชียงใหม่ 16 กม.,เนื้อที่: 346 ตารางวา | เนื้อที่ 346 ตารางวา | เนื้อที่(โฉนด) 346 ตร.ว. -,95/100,https://baan.kaidee.com/product-370818928
คอนโด,ราคาพิเศษ 1.69 ล้าน (จาก 1.8 ล้าน),ขายคอนโดเชียงใหม่วิวเพลส 2 ตึก B วิวดอย | ทำเลดีเยี่ยม ใกล้ห้าง-สนามบิน-รพ. | 3 นาที → โรบินสันเชียงใหม่ | 4 นาที → รพ.ใกล้หมอ | 4 นาที → สนามบิน | 6 นาที → ถนนคนเดินวัวลาย | ใกล้ 7-11 ร้านสะดวกซื้อ,เนื้อที่: 49.23 ตารางเมตร | เนื้อที่ 49.23 ตารางเมตร | ขนาด 45 ตร.ม. 1 นอน 1 น้ำ,95/100,https://baan.kaidee.com/product-370821887
อาคารพาณิชย์,"ราคา: 6,500,000",สี่แยกสันกำแพง | แยกบ่อสร้าง | สันกำแพง,เนื้อที่: 270 ตารางเมตร | อาคารกว้าง 6 เมตร ลึก 15 เมตร | เนื้อที่ 270 ตารางเมตร 2 นอน 3 น้ำ,95/100,https://baan.kaidee.com/product-370823450
บ้านแฝด,"ราคา: 2,390,000",สันทราย - รวมโชค | โครงการอรสิริน วิลล์ สันทราย ORNSIRIN VILLE (SANSAI) | ที่ตั้ง : https://maps.app.goo.gl/Sk8TH85QdaMFtVX5A,เนื้อที่: 94 ตารางเมตร | เนื้อที่ 94 ตารางเมตร | พื้นที่ใช้สอย ขนาด 94 ตร.ม. 2 นอน 1 น้ำ,95/100,https://baan.kaidee.com/product-370834514
ทาวน์เฮ้าส์,"ราคา: 893,000","หางดง | ใกล้ที่ว่าการอำเภอหางดง | เลขที่ 280/1 ห่างจากถนนสายเชียงใหม่-ฮอด(ทล.108) ประมาณ 500 ม. | 18.680671,98.922143",เนื้อที่: 19.5 ตารางวา | เนื้อที่ 19.5 ตารางวา | พื้นที่ใช้สอยขนาด 64.5 ตร.ม. 2 นอน 1 น้ำ,95/100,https://baan.kaidee.com/product-370837984
บ้านเดี่ยว,"3,000,000","โครงการหมู่บ้านพลอยมณีแดง | ห่างจากถนนเชียงใหม่ - ฝาง ประมาณ 1.2 กม. | 18.910608,98.936019",เนื้อที่: 153.3 ตารางวา | เนื้อที่ 153.3 ตารางวา | พื้นที่ใช้สอยขนาด 387 ตร.ม. 4 นอน 3 น้ำ,95/100,https://baan.kaidee.com/product-370838004
บ้านเดี่ยว,"ราคา: 693,000",18 หมู่ที่ 4 บ้านป่าจู้ ต.มะขามหลวง อ.สันป่าตอง จ.เชียงใหม่ | บ้านในชุมชนบ้านป่าจู้ ที่ดินพร้อม บ้านเดี่ยวชั้นเดียว 1 หลัง และสิ่งปลูกสร้าง 2 รายการ ทำเลดีอยู่ภายในชุมชนบ้านป่าจู้ติดถนนภายในชุมชน เดินทางเข้า-ออกสะดวก,เนื้อที่: 164 ตารางวา | เนื้อที่ 164 ตารางวา 1 นอน 1 น้ำ,95/100,https://baan.kaidee.com/product-370838005
ที่ดิน,"3,500,000",ซอยป่าตัน 7 อ.เมือง เชียงใหม่ | ต.ป่าตัน อ.เมือง จ.เชียงใหม่,เนื้อที่: 113 ตารางวา | เนื้อที่ 113 ตร.ว | หน้ากว้าง 18 ม. ลึก 25 ม. -,95/100,https://baan.kaidee.com/product-370840514
บ้านเดี่ยว,"6,990,000",-,เนื้อที่ 89 ตารางวา | เนื้อที่ 89 ตารางวา 3 นอน 2 น้ำ,90/100,https://baan.kaidee.com/product-370841868
บ้านเดี่ยว,"7,000,000",บ้านเดี๋ยว ใกล้ ม.แม่โจ้ ถ.ทางหลวง1001 สันทราย เชียงใหม่ | ถนนทางหลวง1001 เชียงใหม่-บ้านโป่ง | ถนนทางหลวงชนบทเชียงใหม่4085 ตำบลป่าไผ่ อำเภอสันทราย จังหวัดเชียงใหม่,เนื้อที่: 832 ตารางวา | เนื้อที่ 832 ตารางวา | ขนาด 832 ตร.ว. 3 นอน 4 น้ำ,95/100,https://baan.kaidee.com/product-370851316
ที่ดิน+บ้านเดี่ยว,"ราคา: 8,500,000",ที่ดิน+บ้านเดี่ยว ใกล้BigCซุปเปอร์เซ็นเตอร์ เชียงใหม่ | ถ.รอบเมืองเชียงใหม่ | เมืองเชียงใหม่ | เชียงใหม่ | ตำบลป่าแดด | อำเภอเมืองเชียงใหม่ | จังหวัดเชียงใหม่ | ใกล้Big C ซุปเปอร์เซ็นเตอร์ หางดง | อีเกีย เชียงใหม่ | วัดป่าแดด | โฮมโปร เชียงใหม่ หางดง | โรงเรียนกสิณธร เซนต์เจมส์ เชียงใหม่ | สำนักงานขนส่งเชียงใหม่ | ท่าอากาศยานนานาชาติเชียงใหม่ | วัดพระธาตุดอยคำ | วัดพระธาตุดอยสุเทพ,เนื้อที่ 182 ตร.ว. | ขนาด 182 ตร.ว. | หน้าแปลง กว้าง 15 เมตร ลึก 50 เมตร 3 นอน 4 น้ำ,95/100,https://baan.kaidee.com/product-370861186
พูลวิลล่า,"12,900 บาท/วัน",ต.สันกลาง | บ้านพัก 1 ไร่ ริมแม่น้ำกวง | ใกล้เมืองโซนสันกลาง-สันกำแพง | พิกัด https://maps.app.goo.gl/ykgojto5wxE9ueTZ8,1 ไร่ | เนื้อที่ 1 ไร่ 6 นอน 4 น้ำ,95/100,https://baan.kaidee.com/product-370862986
ที่ดิน,"ราคา: 1,300,000",ต.ห้วยทราย อ.แม่ริม เชียงใหม่ | เส้นแถวบ้านอ้อย,เนื้อที่: 1 ไร่ | เนื้อที่ 1 ไร่ 1 งาน 99 ตรว. -,95/100,https://baan.kaidee.com/product-370864849
ที่ดิน,"6,000,000",ที่ดินเปล่า ซอยบ้านปางกว้าง ซอย5 ถ.โชตนา แม่แตง เชียงใหม่ | ซอยบ้านปางกว้าง ซอย5 ถนนโชตนา ถนนแม่แตง ตำบลอินทขิล อำเภอแม่แตง จังหวัดเชียงใหม่,เนื้อที่: 11.387 ไร่ | เนื้อที่ 11.387 ไร่ | ขนาด 11 ไร่387 ตร.ว. -,95/100,https://baan.kaidee.com/product-370873946
ที่ดิน,"1,000,000",ที่ดินเปล่า ใกล้โรงพยาบาลหางดง | ถ.เชียงใหม่-หางตง | หางดง เชียงใหม่ | ตำบลน้ำแพร่ อำเภอหางดง จังหวัดเชียงใหม่ | ที่ดินอ.หางดง จ.เชียงใหม่,เนื้อที่: 79 ตารางวา | เนื้อที่ 79 ตารางวา | ขนาด 79 ตร.ว. -,95/100,https://baan.kaidee.com/product-370878452
ที่ดิน,"5,000,000",ต.สันพระเนตร อ.สันทราย จังหวัดเชียงใหม่ | อำเภอสันทราย จังหวัดเชียงใหม่ | ใกล้เมต้ามอล์ 2.9 กม. | ตลาดสันศรี (ตลาดแม่ย่อย) 650 ม. | ตลาดสามแยก 3.1 กม. | เซ็นทรัล festival 5.4 กม. | โรงพยาบาลกรุงเทพ 7.4 กม.,เนื้อที่: 222 ตารางวา | เนื้อที่ 222 ตารางวา | เนื้อที่ 222 ตารางวา -,95/100,https://baan.kaidee.com/product-370888718
ที่ดิน,"ราคา: 1,490,000",ตำบลสันป่าเปา สันทรายเชียงใหม่ | อำเภอสันทราย เชียงใหม่ | เทศบาลสันป่าเปา 500 เมตร | ตลาดค้าเจริญ 2.5 กม. | ตลาดบ่อหิน 3 กม. | สวนทวีชล 2.8 กม. | เมต้ามอลล์ 7 กม. | โรงพยาบาลดอยสะเก็ด 9 กม. | ห้างเซนเฟส 10 กม. | รพ.ดอยสะเก็ด 6 กม.,เนื้อที่: 149 ตารางวา | เนื้อที่ 149 ตารางวา | พื้นที่ 149 ตรว. -,95/100,https://baan.kaidee.com/product-370888751
บ้านแฝด,"900,000",บ้านเอื้ออาทร หนองหาร สันทรายเชียงใหม่ | ห่างจาก ม.แม่โจ้ประมาณ 5 กิโล,เนื้อที่ 22 ตารางวา | เนื้อที่ 22 ตารางวา 2 นอน 1 น้ำ,95/100,https://baan.kaidee.com/product-370889163
ที่ดิน,"1,350,000",เชียงดาว | อำเภอเชียงดาว | ใกล้ที่ว่าอำเภอเชียงดาว3กิโล | ใกล้ขาหมูเชียงดาว,เนื้อที่: 1600 ตารางวา | เนื้อที่ 1600 ตารางวา | 4ไร่ -,95/100,https://baan.kaidee.com/product-370891740
บ้านแฝด,"ราคา: 3,290,000",สันทราย – รวมโชค | โครงการอรสิริน วิลล์ สันทราย | https://maps.app.goo.gl/Sk8TH85QdaMFtVX5A,เนื้อที่: 128 ตารางเมตร | เนื้อที่ 128 ตารางเมตร | พื้นที่ใช้สอย 128 ตร.ม. | ที่ดินเริ่มต้น 36.10 ตร.วา 3 นอน 2 น้ำ,95/100,https://baan.kaidee.com/product-370897676
บ้านเดี่ยว,"2,500,000",-,เนื้อที่: 277 ตารางวา | เนื้อที่ 277 ตารางวา | เนื้อที่ 2งาน 77 ตรว. 3 นอน 2 น้ำ,95/100,https://baan.kaidee.com/product-370902093
ที่ดิน,"ราคา 12,800 บาทต่อตารางวา",ใกล้วัดเชียงแสน | ต.หนองผึ้ง | อ.สารภี | จ.เชียงใหม่,เนื้อที่ 423 ตารางวา | เนื้อที่ 423 ตารางวา -,95/100,https://baan.kaidee.com/product-370915412
คอนโด,"1,409,000","เมืองเชียงใหม่ | ปันนา เรสซิเดนซ์ โอเอซิส 2 | ห้องชุดพักอาศัยเลขที่ 420/213(เลขห้อง 319) ชั้น 3 | ติดถนนเชียงใหม่-ลำปาง(ทล.11) | 18.7957,99.01927",เนื้อที่: 32.26 ตารางวา | เนื้อที่ 32.26 ตารางวา | พท.ใช้สอย 32.26 ตร.ม. 1 นอน 1 น้ำ,95/100,https://baan.kaidee.com/product-370917597
คอนโด,"ราคา: 1,360,000","เชียงใหม่วิวเพลส 2 คอนโดมิเนียม | ห้องชุดเลขที่ 92/36 | อาคารชุดเชียงใหม่วิวเพลส 2 คอนโดมิเนียม | อาคาร ดี | ตำบลป่าแดด | อำเภอเมืองเชียงใหม่ | จังหวัดเชียงใหม่ | 18.7668941,98.98374314",เนื้อที่: 44.82 ตารางวา | เนื้อที่ 44.82 ตร.ม. 1 นอน 1 น้ำ,95/100,https://baan.kaidee.com/product-370917598
คอนโด,"1,350,000","เมืองเชียงใหม่ | โครงการเชียงใหม่ บิสซิเนสปาร์ค | ตำบลหนองป่าครั่ง | 18.795105,99.025721",เนื้อที่: 46 ตารางวา | เนื้อที่ 46 ตารางวา 2 นอน 1 น้ำ,95/100,https://baan.kaidee.com/product-370917725
คอนโด,"ราคา: 1,340,000","เมืองเชียงใหม่ | อาคารชุด เชียงใหม่วิวเพลส 2 803B ห้องชุดชั้น 8 ห้อง 803 | ต.ป่าแดด | ห่างจากถนนมหิดล ประมาณ 200 ม. | 18.765506,98.983945",เนื้อที่: 47.74 ตารางวา | เนื้อที่ 47.74 ตารางวา | ขนาด 47.74 ตร.ม. 1 นอน 1 น้ำ,95/100,https://baan.kaidee.com/product-370917726
คอนโด,"ราคา: 1,380,000","อาคารชุด เชียงใหม่วิวเพลส 2 ห้อง 801ฺ อาคาร B ห้องชุดชั้น 8 ห้อง 801 | ต.ป่าแดด | ห่างจากถนนมหิดล ประมาณ 200 ม. | 18.765506,98.983945",เนื้อที่: 49.01 ตารางวา | เนื้อที่ 49.01 ตารางวา | ขนาด 49.01ตร.ม. 1 นอน 1 น้ำ,95/100,https://baan.kaidee.com/product-370917727
คอนโด,"1,300,000",อาคารชุด เชียงใหม่วิวเพลส 2 ห้อง 407 อาคาร B ห้องชุดชั้น 4 ห้อง 407B | ต.ป่าแดด | ห่างจากถนนมหิดล ประมาณ 200 ม. | เมืองเชียงใหม่,เนื้อที่: 49.23 ตารางวา | เนื้อที่ 49.23 ตารางวา | ขนาด 49.23 ตร.ม. 1 นอน 1 น้ำ,95/100,https://baan.kaidee.com/product-370917728
คอนโด,"ราคา: 1,260,000","อาคารชุด เชียงใหม่วิวเพลส 2 ห้อง 405 อาคาร B ห้องชุดชั้น 4 ห้อง 405B | ต.ป่าแดด | ห่างจากถนนมหิดล ประมาณ 200 ม. | เมืองเชียงใหม่ | 18.765506,98.983945",เนื้อที่: 47.74 ตารางวา | เนื้อที่ 47.74 ตารางวา | ขนาด 47.74 ตร.ม. 1 นอน 1 น้ำ,95/100,https://baan.kaidee.com/product-370917731
คอนโด,"ราคา: 1,260,000","อาคารชุด เชียงใหม่วิวเพลส 2 ห้อง 403 อาคาร B ห้องชุดชั้น 4 ห้อง 403B | ต.ป่าแดด | ห่างจากถนนมหิดล ประมาณ 200 ม. | 18.765506,98.983945",เนื้อที่: 47.74 ตารางวา | เนื้อที่ 47.74 ตารางวา | ขนาด 47.74 ตร.ม. 1 นอน 1 น้ำ,95/100,https://baan.kaidee.com/product-370917733
คอนโด,"ราคา: 1,270,000","อาคารชุด เชียงใหม่วิวเพลส 2 ห้อง 301 อาคาร B ห้องชุดชั้น 3 ห้อง 301B | ต.ป่าแดด | ห่างจากถนนมหิดล ประมาณ 200 ม. | เมืองเชียงใหม่ | 18.765506,98.983945",เนื้อที่: 49.01 ตารางวา | เนื้อที่ 49.01 ตารางวา | ขนาด 49.01 ตร.ม. 1 นอน 1 น้ำ,95/100,https://baan.kaidee.com/product-370917734
คอนโด,"ราคา: 1,230,000","เมืองเชียงใหม่ | อาคารชุด เชียงใหม่วิวเพลส 2 ห้อง 205 อาคาร B ห้องชุดชั้น 2 ห้อง 205B | ต.ป่าแดด | ห่างจากถนนมหิดล ประมาณ 200 ม. | 18.765506,98.983945",เนื้อที่: 47.74 ตารางวา | เนื้อที่ 47.74 ตารางวา | ขนาด 47.74 ตร.ม. 1 นอน 1 น้ำ,95/100,https://baan.kaidee.com/product-370917735
คอนโด,"ราคา: 730,000",อาคารชุด เชียงใหม่วิวเพลส 2 101B ห้องชุดชั้น 1 ห้อง 101B | คอนโดมิเนียมอาคาร B | ต.ป่าแดด | อ.เมืองเชียงใหม่ | จ.เชียงใหม่ | ห่างจากถนนมหิดล ประมาณ 200 ม.,เนื้อที่: 25.38 ตารางวา | เนื้อที่ 25.38 ตารางวา | ขนาด 25.38 ตร.ม. 1 นอน 1 น้ำ,95/100,https://baan.kaidee.com/product-370917736
ที่ดิน,"1,273,050",สันทราย เชียงใหม่ | หมู่บ้านพัชรภรณ์ | วัดสันนาเม็ง (ตลาดค้าเจริญ),เนื้อที่: 94.3 ตารางวา | เนื้อที่ 94.3 ตารางวา | เป็นทรัพย์รอการขาย ไม่ใช่ ที่ดินสันนาเม็ง สันทราย เชียงใหม่ ที่ดินถมแล้ว ถมนานมากกว่า 5 ปี -,95/100,https://baan.kaidee.com/product-370920398
ที่ดิน,"900,000",ใกล้สถานีตำรวจ | ใกล้ที่ดินใกล้โรงเรียน | ใกล้ตลาด | ใกล้แหล่งชุมชน(เยื้องโรงเรียนแม่ดอกแดง),เนื้อที่: 129 ตารางวา | เนื้อที่ 129 ตารางวา -,95/100,https://baan.kaidee.com/product-370920916
บ้านเดี่ยว,ราคา 3.5 ล้านบาท,ต.เชิงดอย อ.ดอยสะเก็ด จ.เชียงใหม่ | ตั้งอยู่ในเขต ต.เชิงดอย อ.ดอยสะเก็ด จ.เชียงใหม่,ขนาด: 4 ห้องนอน 4 ห้องน้ำ 1 ห้องโถง 1 ห้องครัว | พื้นที่ใช้สอย: 157 ตารางเมตร | ที่ดินเนื้อที่(โฉนด) 75 ตารางวา | เนื้อที่: 75 ตารางวา | เนื้อที่ 75 ตารางวา 4 นอน 4 น้ำ,95/100,https://baan.kaidee.com/product-370926401
บ้านเดี่ยว,"ราคา 600,000 บาท",ใกล้โรงเรียนนานาชาติ,"เนื้อที่: 200 ตารางวา | เนื้อที่ 200 ตารางวา | ที่ดิน 200 ตารางวา | ที่ดิน ตารางวาละ 20,000 บาท | แปลงมุม ติดถนน 2 ด้าน 5 นอน 3 น้ำ",95/100,https://baan.kaidee.com/product-370929813
บ้านเดี่ยว,"6,500,000",หางแดงเชียงใหม่ | โครงการเดอะเนเจอร์โฮมหางดงเชียงใหม่ | ใกล้ บิ๊กซีสันป่าตอง,เนื้อที่: 1.83 ตารางวา | เนื้อที่ 1.83 ตารางวา | ที่ดิน 1 ไร่ 83 ตร.ว. | เนื้อที่บ้าน 1 ไร่ 83 ตารางวา 4 นอน 4 น้ำ,95/100,https://baan.kaidee.com/product-370931862
ที่ดิน,"12,000,000",ในบริเวณคูเมือง เชียงใหม่ | ถนนสิงหราช ซ.2 | มีเลขที่,เนื้อที่: 81 ตารางวา | เนื้อที่ 81 ตารางวา | หน้ากว้าง 9 ม. ลึก 33-35 ม. | ด้านหลังกว้าง 10 ม. -,95/100,https://baan.kaidee.com/product-370932588
ที่ดิน,"ราคา: 1,050,000","ในโครงการธนากุลพรอพเพอร์ตี้ สารภี เชียงใหม่ | ใกล้ถนนซุปเปอร์เชียงใหม่-ลำพูน | เดินทางง่าย ใกล้ร้านสะดวกซื้อ ,ตลาด | เข้าตัวเมืองเพียง 15 นาทีเท่านั้น","เนื้อที่: 100 ตารางวา | เนื้อที่ 100 ตารางวา | เนื้อที่ 50 ตร.ว ราคา 525,000 บาท (A13,A14) | เนื้อที่ 95 ตร.ว ราคา 997,500 บาท (A9) | เนื้อที่ 100 ตร.ว ราคา 1,050,000 บาท (,A11,A12) -",95/100,https://baan.kaidee.com/product-370943145
ที่ดิน,"200,000",บ้านห้วยโจ้ ต.ดอยหล่อ อ.ดอยหล่อ จ.เชียงใหม่ | ติดกับเพื่อนบ้าน | อยู่หลังโรงเรียนดอยหล่อวิทยา | ติดถนนเส้นหลังโรงเรียนดอยหล่อ วิทยา | ไกล้กับสถานีตรวจสอบน้ำหนัก. ดอยหล่อ | ไกล้ถนนสายหลัก เชียงใหม่-ฮอด ประมาณ200เมตรเท่านั้น,เนื้อที่: 70 ตารางวา | เนื้อที่ 70 ตารางวา ที่ดินเปล่า -,95/100,https://baan.kaidee.com/product-370945509
ที่ดิน,"ราคา: 748,000",ที่ดินเปล่า ใกล้โรงพยาบาลส่งเสริมตำบลบ้านนา เชียงใหม่ | ถ.ทางหลวง108 จอมทอง เชียงใหม่ | ตำบลแม่สอย อำเภอจอมทอง จังหวัดเชียงใหม่ | ใกล้โรงพยาบาลส่งเสริมตำบลบ้านนา | ใกล้โรงเรียนบ้านโรงวัว | ใกล้สำนักสงฆ์ห้วยม่วงใหม่ | ใกล้วัดหนองคัน | ใกล้โรงเรียนบ้านหนองคัน | ใกล้วัดป่ารัตนปัญญาราม | ใช้เส้นทางหลักถนนหมายเลข 108 แม่สอย,เนื้อที่: 374 ตารางวา | เนื้อที่ 374 ตารางวา | ขนาด 374 ตร.ว. | หน้ากว้างประมาณ 31.0 เมตร ลึกประมาณ 44.0 เมตร -,95/100,https://baan.kaidee.com/product-370947173
ที่ดิน,"ราคา: 748,000",ที่ดินเปล่า ใกล้โรงพยาบาลส่งเสริมตำบลบ้านนา ถ.ทางหลวง108 จอมทอง เชียงใหม่ | ใกล้โรงพยาบาลส่งเสริมตำบลบ้านนา ถนนหมายเลข 108 ตำบลแม่สอย อำเภอจอมทอง จังหวัดเชียงใหม่,เนื้อที่: 374 ตารางวา | เนื้อที่ 374 ตารางวา | ขนาด 374 ตร.ว. | หน้ากว้างประมาณ 35.0 เมตร ลึกประมาณ 40.0 เมตร -,95/100,https://baan.kaidee.com/product-370947194
ที่ดิน,"ราคา: 830,000",ที่ดินเปล่า ใกล้โรงพยาบาลส่งเสริมตำบลบ้านนา ถ.ทางหลวง108 จอมทอง เชียงใหม่ | ใกล้โรงพยาบาลส่งเสริมตำบลบ้านนา ถนนหมายเลข 108 ตำบลแม่สอย อำเภอจอมทอง จังหวัดเชียงใหม่,เนื้อที่: 415 ตารางวา | เนื้อที่ 415 ตารางวา | ขนาด 415 ตร.ว. | หน้ากว้างประมาณ 52.0 เมตร ลึกประมาณ 35.0 เมตร -,95/100,https://baan.kaidee.com/product-370947207
ที่ดิน,"ราคา: 1,250,000",-,เนื้อที่: 93 ตารางวา | เนื้อที่ 93 ตารางวา 1 นอน 1 น้ำ,90/100,https://baan.kaidee.com/product-370952758
บ้านเดี่ยว,"ราคา: 1,890,000",ห่างจาก ศูนย์ราชการสันกำแพง ประมาณ 4 กม. | ห่างจาก ตลาดสันกำแพง ประมาณ 7 กม.,เนื้อที่: 100 ตารางวา | เนื้อที่ 100 ตารางวา | ขนาด 5*7 ประมาณ 35 ตร.ม. | ขนาด 3*6.5 ประมาณ 20 ตร.ม. | ขนาด 3*5 ประมาณ 15 ตร.ม. | ขนาด 6*6 ประมาณ 36 ตร.ม. | ขนาด 3*3.5 ประมาณ 10 ตร.ม. | ขนาด 3*3 ประมาณ 9 ตร.ม. | ขนาด 1.7*6 ประมาณ 10 ตร.ม. | ขนาด 3*6 ประมาณ 18 ตร.ม. | ขนาด 3*6 ประมาณ 18 ตร.ม. 3 นอน 2 น้ำ,95/100,https://baan.kaidee.com/product-370953125
บ้านแฝด,"ราคา: 3,490,000",สันทราย – รวมโชค | แยกรวมโชค | ย่านสันทราย | ตำบลสันทราย | อำเภอเมืองเชียงใหม่ | จังหวัดเชียงใหม่ | ทำเลสันทราย – รวมโชค | โครงการ อรสิริน วิลล์ (สันทราย) | ORNSIRIN VILLE SANSAI,เนื้อที่: 140 ตารางเมตร | เนื้อที่ 140 ตารางเมตร | พื้นที่ใช้สอย 140 ตร.ม. | ที่ดินเริ่มต้น 36.10 ตร.วา 3 นอน 3 น้ำ,95/100,https://baan.kaidee.com/product-370954193
โรงแรม,"23,900,000",ทำเลไม่ไกลจากตัวเมือง | ห่างเซนทรัลเฟสติวัล เพียง 2.5 KM | ม.พายัพ 2 KM | รพ.กรุงเทพ 4 KM | Big C Extra 3 KM | สถานีขนส่งอาเขต 3.5 KM,เนื้อที่: 201 ตารางวา | เนื้อที่ 201 ตารางวา | ที่ดินขนาด 201 ตรว | หน้ากว้าง 32 ม x ลึก 24 ม 22 นอน 7 น้ำ,95/100,https://baan.kaidee.com/product-370955204
บ้านสวน,4.9 ล้านบาท ( ค่าโอน 50 / 50 คนละครึ่ง ),บ้านน้ำต้น ซอย 5 ตำบลเหมืองแก้ว อำเภอแม่ริม จังหวัดเชียงใหม่ 50180 | ใกล้กาดฝรั่ง | ใกล้ตลาดสด | ใกล้ 7 eleven / โลตัสเล็ก | แม็คโคร แม่ริม | เดอะ กาดฝรั่ง แม่ริม | โรงพยาบาลสันทราย | มหาวิทยาลัยแม่โจ้ | โรงเรียนนานาชาติเปรมติณสูลานนท์,เนื้อที่: 290 ตารางวา | เนื้อที่ 290 ตารางวา | ขนาดเนื้อที่ : 290 ตร.ว. 3 นอน 3 น้ำ,95/100,https://baan.kaidee.com/product-370958123
บ้านเดี่ยว,"4,800,000",ต.ยางเนิ้ง อ.สารภี จ.เชียงใหม่ | ถ.ลำปางเชียงใหม่ซุปเปอร์ไฮเวย์ | บ้านเดี่ยว อรสิริน 5,เนื้อที่: 63 ตารางวา | เนื้อที่ 63 ตารางวา | ขนาดที่ดิน 63 ตารางวา 4 นอน 3 น้ำ,95/100,https://baan.kaidee.com/product-370958239
บ้านเดี่ยว,"3,600,000",-,เนื้อที่ 50 ตร.วา | เนื้อที่ 50 ตร.วา | พื้นที่50ตรว. 3 นอน 3 น้ำ,95/100,https://baan.kaidee.com/product-370959389
ที่ดิน,"2,590,000",ติดแมคโคร บิ้กชีเอ็กตร้า เช็นทรัลเฟส ติดตลาดหนองป่าครั่ง,เนื้อที่ 71 ตารางวา | เนื้อที่ 71 ตารางวา -,95/100,https://baan.kaidee.com/product-370959418
ที่ดิน,"21,900,000",ระหว่างแม่แตง-เชียงดาว ฝาง,เนื้อที่: 20 ไร่ | เนื้อที่ 20 ไร่ | พื้นที่ 20ไร่ -,90/100,https://baan.kaidee.com/product-370959430
บ้านเดี่ยว,"ราคา: 2,500,000",หมู่บ้านฟ้าฮ่ามวิลเลจ | ถ.ซุปเปอร์ไฮเวย์เชียงใหม่-ลำปาง | เมืองเชียงใหม่ | เชียงใหม่ | ตำบลฟ้าฮ่าม | อำเภอเมืองเชียงใหม่ | จังหวัดเชียงใหม่ | ใกล้ศาลากลางเมืองเชียงใหม่ | ใกล้เซ็นทรัลเชียงใหม่ | รวมโชคมอลล์ เชียงใหม่ | โลตัส เชียงใหม่ - รวมโชค | หมู่บ้านลึกลับเมืองไดโนเสาร์เชียงใหม่ | สนามกีฬาสมโภชเชียงใหม่ 700 ปี | พิพิธภัณฑสถานแห่งชาติ เชียงใหม่ | จริงใจมาร์เก็ต เชียงใหม่ | กาดบะป๊าวเชียงใหม่ | มีโรงแรมต่างๆอีกมากมายรายล้อม,เนื้อที่: 56 ตารางวา | เนื้อที่ 56 ตารางวา | ขนาด 56 ตร.ว. | พื้นที่ใช้สอย 166.3 ตารางเมตร 3 นอน 2 น้ำ,95/100,https://baan.kaidee.com/product-370962421
ตึกแถว,"4,800,000",ถ. ช้างเผือก ซ.โชตนา,เนื้อที่ 30 ตารางวา | เนี้อที่30 ตรว | เนื้อที่: 30 ตารางวา 4 นอน 3 น้ำ,90/100,https://baan.kaidee.com/product-370965438
บ้านเดี่ยว,"45,000,000",บ้านเดี่ยว + ที่ดิน ซอยเทศลาลซอย8 ถ.โชตนา เชียงดาว เชียงใหม่ | ซอยเทศลาลซอย8 ถนนทางหลวงแผ่นดินหมายเลข 107 (ถนนโชตนา) ถนนหมายเลข1178 ตำบลเมืองงาย อำเภอเชียงดาว จังหวัดเชียงใหม่ | ใกล้สำนักงานเทศบาลตำบลเมืองงาย | อยู่ติดกับมูลนิธิสากลเพื่อคนพิการ,เนื้อที่: 8.12 ไร่ | เนื้อที่ 8.12 ไร่ | ขนาด 8 ไร่12 ตร.ว. 8 นอน 9 น้ำ,95/100,https://baan.kaidee.com/product-370969409
ที่ดิน,"2,500,000 บาท",หมู่บ้านโรงวัว หมู่ 12 ตำบลเชียงดาว อำเภอเชียงดาว จังหวัดเชียงใหม่ 50170 | อ.เชียงดาว จ.เชียงใหม่ | อยู่ห่างจากตัวเมืองเชียงดาวเพียง 600 เมตร,เนื้อที่: 535 ตารางวา | เนื้อที่ 535 ตารางวา | ขนาดพื้นที่ : 1 ไร่ 1 งาน 35 ตารางวา -,95/100,https://baan.kaidee.com/product-370971095
บ้านเดี่ยว,"4,000,000",ม.เชียงใหม่ฟลอร่าวิลล์ Chiang Mai Floraville ถนนเชียงใหม่-ดอยสะเก็ต ต.ตลาดขวัญ อ.ดอยสะเก็ต จ.เชียงใหม่ | ถนนเชียงใหม่-ดอยสะเก็ต เชียงใหม่ | ต.ตลาดขวัญ อ.ดอยสะเก็ต จ.เชียงใหม่,เนื้อที่ 128 ตารางวา | เนื้อที่ 128 ตารางวา | พื้นที่ 128 ตารางวา 4 นอน 4 น้ำ,95/100,https://baan.kaidee.com/product-370977599
ที่ดิน,"ราคา: 860,000",ต.ออนใต้ สันกำแพง | ติดถนนสายบ้านปง-ออนใต้ | ติดถนนบ้านปง-ป่าแงะ | พิกัด ต.ออนใต้ สันกำแพง,เนื้อที่: 107 ตารางวา | เนื้อที่ 107 ตารางวา | 107 ตรว. -,95/100,https://baan.kaidee.com/product-370977899
ทาวน์เฮ้าส์,ราคาขาย: 16.9 ล้านบาท,ใจกลางเมืองเชียงใหม่ | ติดถนนวิชยานนท์ (เส้นแจ่งศรีภูมิ-ตลาดเมืองใหม่) | ต.ช้างม่อย อ.เมือง จ.เชียงใหม่,เนื้อที่: 34 ตารางวา | เนื้อที่ 34 ตารางวา | พื้นที่ใช้สอย: 210 ตารางเมตร 4 นอน 3 น้ำ,95/100,https://baan.kaidee.com/product-370979056
บ้านเดี่ยว,"ราคา: 1,890,000","บ้านเดี่ยวสารภี | ดอนแก้ว-สารภี-บ้านถวาย | หมู่บ้านร่มฤดี เฟส 2 | ตำบลสารภี | อำเภอสารภี | จังหวัดเชียงใหม่ | ใกล้สนามบิน 20 นาที | ใกล้ ร.ร.วชิราลัย ร.ร.สารภีพิทยาคมเพียง 20นาที | ใกล้ ร.ร.ช่อฟ้าซินเซิง 20 นาที | ใกล้ที่ว่าการอำเภอสารภี สถานีตำรวจสารภี เทศบาลยาง เนิ้ง 15 นาที | ร.พ.สารภี | ใกล้ 7-11 ร้านค้าอื่นๆ ร้านอาหาร ร้านกาแฟ ถนนคนเดิน ย่านธุรกิจ ตลาดสด | ใกล้ธนาคาร อื่นๆ | เส้นทางต้นยาง สารภี - ลำพูน | เส้นทางเรียบรถไฟคู่ขนาน ทะลุวงแหวนทุกรอบ 1,2,3 เข้าเมืองสะดวกรวดเร็ว | เส้นซุปเปอร์ไฮเวย์ เชียงใหม่ - ลำปาง แยกไทยวัสดุ | เส้นทางหางดง - บ้านถวาย",เนื้อที่: 54.1 ตารางวา | เนื้อที่ 54.1 ตารางวา | 🫱เนื้อที่ 51.4 ตร.ว. 2 นอน 2 น้ำ,95/100,https://baan.kaidee.com/product-370980672
ที่ดิน,"ราคา: 1,880,000",ต.สันกลาง อ.สันกำแพง จ.เชียงใหม่ | ที่ดินติดทางลูกรัง,เนื้อที่: 188 ตารางวา | เนื้อที่ 188 ตารางวา | ที่ดิน อ.สันกำแพง จ.เชียงใหม่ | ที่ดินว่างเปล่าเนื้อที่ 0-1-88.0 ไร่ หรือ 188.0 ตารางวา -,95/100,https://baan.kaidee.com/product-370986718
ที่ดิน,"55,000,000",คูเมืองเชียงใหม่ | ใกล้แจ่งหัวลิน | ติดถนนกว้าง 12 ม. | ห่างจากสถานีรถไฟฟ้า (สถานีมณีนพรัตน์) เพียง 50 ม.,เนื้อที่: 291 ตารางวา | เนื้อที่ 291 ตารางวา | 25 ม.xยาว 46 ม. -,95/100,https://baan.kaidee.com/product-370987369
บ้านเดี่ยว,"5,500",อำเภอเชียงดาว | ใกล้7-11 | ไกล้ตัวอำเภอเชียงดาว | ไกล้สถานที่เที่ยว เช่น ถ้ำหลวงเชียงดาว น้ำออกรู วัดถ้ำเชียงดาว อุโมงต้น ถนน ชมวิวดอยหลวง 107 น้ำพุร้อนเชียงดาว ดอยกิ่วลม อ่างเก็บน้ำแม่ข้อน จุดชมวิวหลวงเชียงดาว อ่างเก็บน้ำห้วยแม่ลุ,เนื้อที่: 1 ไร่ | เนื้อที่ 1 ไร่ 3 นอน 3 น้ำ,95/100,https://baan.kaidee.com/product-370988114
ที่ดิน,"76,500,000 บาท",3029 ถนนสมโภชเชียงใหม่ 700 ปี ตำบลสันผีเสื้อ อำเภอเมืองเชียงใหม่ จังหวัดเชียงใหม่ 50300 | ถนนสมโภชเชียงใหม่ 700 ปี ใจกลางเมืองเชียงใหม่ ทำเลทอง ตรงข้ามหมู่บ้านเศรษฐสิริ รวมโชค,เนื้อที่: 900 ตารางวา | เนื้อที่ 900 ตารางวา | ขนาดพื้นที่ : 900 ตารางวา -,95/100,https://baan.kaidee.com/product-370990978
ที่ดิน,"24,000,000",ติดศูนย์การค้าเซ็นทรัล เฟสติวัล เชียงใหม่ | ถนนซุปเปอร์ไฮเวย์ (เชียงใหม่–ลำปาง) | ทำเลทองใจกลางเมือง,เนื้อที่ 185 ตารางวา | ขนาดที่ดินยกแปลง รวม 185 ตารางวา | หน้ากว้าง : 28 เมตร -,95/100,https://baan.kaidee.com/product-370992091
ที่ดิน,"2,100,000",ที่ดิน แม่วาง เชียงใหม่,เนื้อที่ 253 ตารางวา | เนื้อที่ 253 ตารางวา -,95/100,https://baan.kaidee.com/product-370995307
บ้านเดี่ยว,"3,500,000",-,เนื้อที่ 58 ตารางวา | เนื้อที่ 58 ตารางวา 3 นอน 2 น้ำ,95/100,https://baan.kaidee.com/product-370996701
ที่ดิน,"61,416,000",ถนนวงแหวนรอบกลาง แม่เหียะ อำเภอเมือง จังหวัดเชียงใหม่ | ซอยดอยเปิน ไชยเรืองศรี 1 | ติดถนนคอนกรีต กว้าง 8 เมตร | ใกล้สนามบินเชียงใหม่ 6.5 กม. | ใกล้ห้างโรบินสัน เซ็นทรัลเชียงใหม่แอร์พอร์ต 4.6 กม.,"เนื้อที่: 5 ไร่ | เนื้อที่ 5 ไร่ | ขนาด 5 ไร่ 81.9 ตร.ว. (2,081.9 ตร.ว.) -",95/100,https://baan.kaidee.com/product-370997329
ที่ดิน,"29,500,000",ตำบลมะขามหลวง อำเภอสันปาตอง จังหวัดเชียงใหม่ | ติดถนนทางหลวงหมายเลข 108 เชียงใหม่-จอมทอง-ฮอด หลักกิโลเมตรที่ 24,"เนื้อที่: 6 ไร่ | เนื้อที่ 6 ไร่ | เนื้อที่ 6 ไร่ 69.5 ตร.ว. (2,469.5 ตร.ว.) | ที่ดินรวม 6 โฉนด -",95/100,https://baan.kaidee.com/product-370997352
ที่ดิน,"10,000,000",ที่ดินเปล่า ใกล้สำนักสงฆ์ตรัยศรีรัตนญาณ ถ.ทางหลวงแผ่นดินหมายเลข 1014 ดอยสะเก็ด เชียงใหม่ | ตำบลป่าป้อง อำเภอดอยสะเก็ด จังหวัดเชียงใหม่,เนื้อที่: 2.212 ไร่ | เนื้อที่ 2.212 ไร่ | ขนาด 1012 ตร.ว. -,95/100,https://baan.kaidee.com/product-370999394
อาคารพาณิชย์,"3,900,000 บาท",-,- -,95/100,https://baan.kaidee.com/product-370999637
ที่ดิน,"ราคา: 490,000",ที่ดิน ใกล้วัดคันธาวาส(ทุ่งปุย) ถ.ทางหลวง108 ดอยหล่อ เชียงใหม่ | ใกล้วัดพระธาตุดอยน้อย | ใกล้อุทยานแห่งชาติป่าแม่จาง | ใกล้พิพิธภัณฑ์พระพิฆเนศ | ใกล้โรงพยาบาลสันป่าตอง | ใกล้วัดใหม่เชตวัน | ใกล้วัดป่าลาน สันติสุข | ใกล้หมู่บ้านบ้านสันมะค่า | องค์การบริหารส่วนตำบลท่าวังพร้าว | ถนนทางหลวงแผ่นดินหมายเลข 108 | ถนนทางหลวงชนบท 3018 | ตำบลสันติสุข อำเภอดอยหล่อ จังหวัดเชียงใหม่,เนื้อที่: 125 ตารางวา | เนื้อที่ 125 ตารางวา | ขนาด 125 ตร.ว. | หน้ากว้างประมาณ 20 เมตร ลึก 36 เมตร และ 40 เมตร -,95/100,https://baan.kaidee.com/product-371000111
ที่ดิน,"ราคา: 16,200,000 เนื้อที่: 135 ตารางวา | ขายที่ดินเท่าราคาประเมินราชการ กลางเมืองเชียงใหม่ ติดถนนใหญ่ ผังเมืองสีแดง **รับนายหน้าร่วม** ✨️ที่ดินเท่าราคาประเมินราชการ ติดถนนเจริญประเทศ ต.ช้างคลาน กลางเมืองเชียงใหม่ ✨️ ✅ทำเลใจกลางเมือง ที่ตั้ง: ติดถนนเจริญประเทศ ต.ช้างคลาน อ.เมือง จ.เชียงใหม่ ขนาด: 135 ตารางวา พื้นที่ราบ : ถมแล้วพร้อมใช้ ขายในราคาประเมินราชการ:120,000 บาท/ตร.ว.(รวม16.2 ล้าน)",ติดถนนเจริญประเทศ ต.ช้างคลาน อ.เมือง จ.เชียงใหม่ | กลางเมืองเชียงใหม่ | ติดถนนเจริญประเทศ ต.ช้างคลาน อ.เมือง จ.เชียงใหม่,เนื้อที่: 135 ตารางวา | เนื้อที่ 135 ตารางวา | ขนาด: 135 ตารางวา | พื้นที่ราบ : ถมแล้วพร้อมใช้ -,95/100,https://baan.kaidee.com/product-371001640
วิลล่า,17.501 ล้านบาท,Big C แม่เหี๊ยะ 3 กม. | เซนทรัลแอรฺ์พอร์ต 4.5 กม. | สนามบิน 5.5 กม. | โรงเรียนกสิณธร เซนต์เจมส์ 2 กม.,เนื้อที่ 185 ตารางวา | เนื้อที่ 185 ตารางวา | พื้นที่ 185 ตรว. | พื้นที่ใช้สอย 409 ตรม. 4 นอน 5 น้ำ,95/100,https://baan.kaidee.com/product-371004166
บ้านเดี่ยว,"ราคา: 3,990,000 เนื้อที่: 139 ตารางเมตร | ห้องนอน 3 ห้องนอน | ห้องน้ำ 3 ห้องน้ำ | เนื้อที่ 139 ตารางเมตร | ปีที่สร้างเสร็จ 2025 บ้านสวยสไตล์ญี่ปุ่น โซนรวมโชค อ.เมือง จ.เชียงใหม่ ** ราคาโปรโมชั่น 3.99 ล้านบาท ** แบบบ้าน อะคาเบะโกะ (S) 3 ห้องนอน 3 ห้องน้ำ 2 ที่จอดรถ พื้นที่ใช้สอย ขนาด 139 ตร.ม. ที่ดินเริ่มต้น 36 ตร.วา เงื่อนไข จอง 5,000 บาท ทำสัญญา 10,000 บาท ค่าส่วนกลางตารางวาละ 28 บาท 📱ติดต่อฝ่ายขายโดยตรง โทร. 093-1971919 , 📱Line ID: 093-1971919 ยินดีให้คำแนะนำค่ะ 📍 ที่ตั้งโครงการ : https://goo.gl/maps/auGjBtYifumZqbtv9 ***สงวนสิทธิ์ในการเปลี่ยนแปลง ราคาขาย ส่วนลด สินค้าโปรโมชั่น และเงื่อนไขนี้โดยมิต้องแจ้งให้ทราบล่วงหน้า",โซนรวมโชค อ.เมือง จ.เชียงใหม่ | ที่ตั้งโครงการ : https://goo.gl/maps/auGjBtYifumZqbtv9,เนื้อที่: 139 ตารางเมตร | เนื้อที่ 139 ตารางเมตร | พื้นที่ใช้สอย ขนาด 139 ตร.ม. | ที่ดินเริ่มต้น 36 ตร.วา 3 นอน 3 น้ำ,95/100,https://baan.kaidee.com/product-371006747
บ้านเดี่ยว,"2,590,000","ตำบลหนองผึ้ง สารภี | ใกล้ความเจริญ | ไม่ไกลจากสนามบิน, ห้างฯ, โรงเรียน | ไปม.เชียงใหม่, เซนทรัล, บิ๊กซี",เนื้อที่: 60 ตารางวา | เนื้อที่ 60 ตารางวา 3 นอน 3 น้ำ,95/100,https://baan.kaidee.com/product-371006939
ที่ดิน,"ราคา: 4,900,000",บ้านสบหาร ม. 3 ต. ทุ่งต้อม อ. สันป่าตอง | ใกล้ถนนสายสันป่าตอง-ลำพูน | ติดถนนคลองชลประทาน | ใกล้อำเภอสันป่าตอง 3.5 กิโล | ใกล้อนามัยสบหาร 700 เมตร | ใกล้วัดสบหาร | ตลาดสดหนองตอง | บิ๊กซีหางดง2 เพียง 10 นาที,เนื้อที่: 1400 ตารางวา | เนื้อที่ 1400 ตารางวา ขายที่ดินสวน 3 ไร่ 2 งาน -,95/100,https://baan.kaidee.com/product-371009712
บ้านเดี่ยว,"5,950,000 บาท",99/79 โครงการ The Urbana1 (ดิ เออบาน่า1) ถนนซุปเปอร์ไฮเวย์ เชียงใหม่-ลำปะง ตำบลท่าศาลา อำเภอเมืองเชียงใหม่ จังหวัดเชียงใหม่ 50000 | ใกล้บิ๊กซี ดอนจั่น | ใกล้หอการค้าจังหวัดเชียงใหม่ | ใกล้วัดเชียงแสน อ.สารภี | ใกล้เลอวองจินตคณิต สาขาถนนมหิดล | ใกล้Americana Chinese International School (ACIS),เนื้อที่: 65 ตารางวา | เนื้อที่ 65 ตารางวา | ขนาดพื้นที่ : 65 ตารางวา / พื้นที่ใช้สอย 342 ตารางเมตร 3 นอน 4 น้ำ,95/100,https://baan.kaidee.com/product-371011072
ที่ดิน,"ราคา: 9,440,000",ซอยอำนวยสุข | ถ.ชลประทาน | ถนนทางหลวงชนบท ชม.3028 | ตำบลคลองควาย | อำเภอหางดง | จังหวัดเชียงใหม่ | ใกล้สี่แยกราชพฤกษ์ | ใกล้ท่าอากาศยานนานาชาติเชียงใหม่ | อุทยานหลวงราชพฤกษ์ | เซ็นทรัลเชียงใหม่ | บิ๊กซีซุปเปอร์เซ็นเตอร์หางดง | แมคโครหางดง | วัดพระธาตุดอยคำ | โรงเรียนนานาชาติแมริทตัน,เนื้อที่: 236 ตารางวา | เนื้อที่ 236 ตารางวา | ขนาด 236 ตร.ว. | ที่ดินหน้ากว้างประมาณ 38 เมตร ลึกประมาณ 30 เมตร -,95/100,https://baan.kaidee.com/product-371012307
ที่ดิน,"ราคา: 700,000",ที่ดิน ใกล้แกรนด์แคนยอนเชียงใหม่ | ถ.เลี่ยงเมืองสันป่าตอง-หางดง | ตำบลน้ำแพร่ | อำเภอหางดง | จังหวัดเชียงใหม่ | ใกล้แกรนด์แคนยอนเชียงใหม่ | ท่าอากาศยานนานาชาติเชียงใหม่ | อุทยานหลวงราชพฤกษ์ | เซ็นทรัลเชียงใหม่ | บิ๊กซีซุปเปอร์เซ็นเตอร์หางดง | แมคโครหางดง | วัดพระธาตุดอยคำ,เนื้อที่: 100 ตารางวา | เนื้อที่ 100 ตารางวา ที่ดินเปล่า 100 ตร.ว. | ขนาด 100 ตร.ว. -,95/100,https://baan.kaidee.com/product-371012338
ที่ดิน,"ราคา: 2,200,000",ต.น้ำแพร่ อ.หางดง จ.เชียงใหม่ | ใกล้เมือง | ใกล้โรงเรียนนานาชาติหลายแห่ง | ใกล้ตลาด | ใกล้กาดฝรั่ง | ใกล้รร.นานาชาติปัญญาเด่น | ใกล้สวนน้ำแกรนแคนย่อน | ใกล้สนามกอล์ฟหางดง | ใกล้ปั๊ม ปตท. น้ำแพร่,เนื้อที่: 248 | เนื้อที่ 248 | ขนาด 248 ตรว. -,95/100,https://baan.kaidee.com/product-371013291
คอนโด,"ราคา 1,890,000",-,ขนาดห้อง 30 ตรม. | เนื้อที่ 30 | เนื้อที่: 30 1 นอน 1 น้ำ,85/100,https://baan.kaidee.com/product-371014061
คอนโด,"1,790,000",คอนโดศรีธนา 1 ขายศรีธนา 1 คอนโด เชียงใหม่ | ถ.ห้วยแก้ว (ซอยสมุดลานนา) | ถ.ศิริมังคลาจารย์ | ใกล้ห้างเมญ่าเชียงใหม่ และวันนิมมาน,เนื้อที่ 26 | ขนาด 26.29 ตร.ม. 1 นอน 1 น้ำ,85/100,https://baan.kaidee.com/product-371014062
ที่ดิน,"ขาย 2,547,000 หรือ ตรว. ละ 9,000 เท่านั้น",สันกำแพง | หมู่บ้านสันกำแพงปาร์ควิว | ใจกลางหมู่บ้านสันกำแพงปาร์ควิว,เนื้อที่: 283 ตารางวา | เนื้อที่ 283 ตารางวา | หน้ากว้าง 40ม ลึก 30ม โดยประมาณ | พื้นที่สีเหลือง สะดวกเข้าออกได้ทั้งหน้าหลัง 1006 และ 1317 -,95/100,https://baan.kaidee.com/product-371014364
บ้านเดี่ยว,"2,390,000",-,เนื้อที่: 126 ตารางเมตร | เนื้อที่ 126 ตารางเมตร 2 นอน 2 น้ำ,95/100,https://baan.kaidee.com/product-371021678
คอนโด,"2,499,000",เอสเซ็นท์ เชียงใหม่ | ถ.เชียงใหม่-ดอยสะเก็ด | เมืองเชียงใหม่ | เชียงใหม่ | ถนนซุปเปอร์ไฮเวย์ เชียงใหม่-ลำปาง | ถนนเชียงใหม่-ดอยสะเก็ด | ตำบลฟ้าฮ่าม | อำเภอเมืองเชียงใหม่ | จังหวัดเชียงใหม่,เนื้อที่: 32.21 ตารางเมตร | เนื้อที่ 32.21 ตารางเมตร | ขนาด 32.21 ตร.ม. 1 นอน 1 น้ำ,95/100,https://baan.kaidee.com/product-371023890
บ้านเดี่ยว,"3,900,000",ใกล้ ม. แม่โจ้,เนื้อที่: 125 ตารางเมตร | เนื้อที่ 125 ตารางเมตร | พื้นที่ใช้สอย 125 ตร.ม บนที่ดิน 69 ตร.ว 3 นอน 3 น้ำ,95/100,https://baan.kaidee.com/product-371026086
บ้านและร้าน,"3,500,000",ทุ่งข้าวตอก ม.4 | ติดถนนหลัก,เนื้อที่ 129 ตารางวา | เนื้อที่ 129 ตารางวา -,95/100,https://baan.kaidee.com/product-371028578
คอนโด,"ราคา: 2,799,999",Condo Escent Park ville Chiang mai,เนื้อที่: 33 ตารางเมตร | เนื้อที่ 33 ตารางเมตร | ขนาด 33 ตารางเมตร 1 นอน 1 น้ำ,95/100,https://baan.kaidee.com/product-371029641
ที่ดิน,"ราคา 1,956,000 เนื้อที่: 163 ตารางวา | เนื้อที่ 163 ตารางวา ที่ดิน อ หางดงติดถนน หน้า หลัง เชียงใหม่ ที่ดินเนื้อที่ 163 ตารางวา ติดถนน หน้า หลัง น้ำ ไฟฟ้าพร้อม เขตชุมชน ใกล้ โรงเรียน นานาชาติ สร้างใหม่ ราคา 1,956,000,บาท ติดต่อ โทร 0991268499 ,,นายไม้,,",อ หางดงติดถนน หน้า หลัง เชียงใหม่ | ใกล้ โรงเรียน นานาชาติ,เนื้อที่ 163 ตารางวา | เนื้อที่ 163 ตารางวา ที่ดิน อ หางดงติดถนน หน้า หลัง เชียงใหม่ | เนื้อที่ 163 ตารางวา ที่ดิน -,95/100,https://baan.kaidee.com/product-371032560
บ้านเดี่ยว,"ราคา 1,580,000",เขตเทศบาล อ ไชยปราการ จ เชียงใหม่ | ติดถนน 2 ด้าน | ถนน ดำสายหลัก,เนื้อที่ 150 ตารางวา | เนื้อที่ดิน 150 ตารางวา -,95/100,https://baan.kaidee.com/product-371032584
ทาวน์เฮ้าส์,"3,590,000",บ้านโซนหางดงเชียงใหม่ | โครงการ Monotown 4 | ติดถนนใหญ่ | ใกล้กาดฝรั่ง | ใกล้ อิเกีย | ใกล้ แม็คโคร | ใกล้ บิ๊กซี | ใกล้ เซ็นทรัลแอร์พอร์ต | หางดง เชียงใหม่,พื้นที่ใช้สอยกว้าง 165 ตร.ม. | เนื้อที่ 21 | เนื้อที่: 21 1 นอน 3 น้ำ,95/100,https://baan.kaidee.com/product-371032950
ทาวน์เฮ้าส์,"3,590,000",หางดง เชียงใหม่ | โครงการ Monotown 4 | ติดถนนใหญ่ | ใกล้กาดฝรั่ง | ใกล้ อิเกีย | ใกล้ แม็คโคร | ใกล้ บิ๊กซี | ใกล้ เซ็นทรัลแอร์พอร์ต,พื้นที่ใช้สอยกว้าง 160 ตร.ม. | เนื้อที่ 21 ไร่ | เนื้อที่ 21 ไร่ 3 นอน 3 น้ำ,95/100,https://baan.kaidee.com/product-371032954
บ้านเดี่ยว,"ราคา: 9,900,000",โครงการ Monotown Studio ตรงข้ามเซนทรัลเฟสติวัล ติดถ.ซุปเปอร์ไฮเวย์เพียง 200 ม. ใจกลางเมืองเชียงใหม่,เนื้อที่: 28.9 | เนื้อที่ 28.9 | 300 sq.m. for Work & Life 1 นอน 5 น้ำ,95/100,https://baan.kaidee.com/product-371032965
ที่ดิน,"ราคา: 29,380,000 เนื้อที่: 1469 ตารางวา | เนื้อที่ 1469 ตารางวา | เป็นทรัพย์รอการขาย ไม่ใช่ ที่ดิน อ.หางดง จ.เชียงใหม่ ใกล้พืชสวนโลก 🏡🌳 ขายที่ดิน หนองควาย ม.1 ใกล้พืชสวนโลก เพียง 500 เมตร! 📍 ที่ดินแปลงสวย ทำเลทองในย่านหางดง เข้าออกสะดวก ถนนลาดยางถึงที่ เนื้อที่รวม 3 ไร่ 2 งาน 69 ตารางวา (1,469 ตร.ว.) 💰 ราคาเพียง 20,000 บาท/ตารางวา (รวมทั้งหมดประมาณ 29.38 ล้านบาท)",ที่ดิน หนองควาย ม.1 | อ.หางดง จ.เชียงใหม่ | ใกล้พืชสวนโลก | ถนนคันคลองชลประทาน | ถนนเชียงใหม่–หางดง,"เนื้อที่: 1469 ตารางวา | เนื้อที่ 1469 ตารางวา | เนื้อที่รวม 3 ไร่ 2 งาน 69 ตารางวา (1,469 ตร.ว.) -",95/100,https://baan.kaidee.com/product-371033986
บ้านแฝด,"4,290,000",โครงการ HOLM 2 - สันพระเนตร | ใกล้เซ็นทรัลเฟสติวัล | ใกล้ Meta Mall,เนื้อที่: 36 ตารางวา | เนื้อที่ 36 ตารางวา | พื้นที่ใช้สอยกว้าง 154 ตร.ม. 3 นอน 3 น้ำ,95/100,https://baan.kaidee.com/product-371034137
อาคารพาณิชย์,"18,900,000","แยกสะเมิง | ถนนใหญ่เชียงหางดง | ด้านหลังติดคลองชลประทานมีถนนผ่าน | ใกล้วัดพระธาตุดอยคำ | ห่างจากสนามบินไม่ไกล | ห่างจากพืชสวนโลกไม่นาน | พิกัด 18.7207800, 98.9445180",เนื้อที่: 149 ตารางวา | เนื้อที่ 149 ตารางวา | เนื้อที่ด้านหลังรวม 149 ตารางวา | เนื้อที่ 149 ตารางวา -,95/100,https://baan.kaidee.com/product-371034456
ที่ดิน,"ราคารวมแปลงที่ 1 และแปลงที่ 2 🔖 8,419,150 .-บาท",ติดถนนลาดยาง | ติดถนนลาดยาง,"เนื้อที่: 11.3 ไร่ | เนื้อที่ 11.3 ไร่ | เนื้อที่ 11 ไร่ 3 งาน 71 ตรว. (4,771 ตารางวา ) | เนื้อที่ 4 ไร่ 51 ตรว. ( 1,251 ตารางวา ) 3 นอน 3 น้ำ",95/100,https://baan.kaidee.com/product-371034474
บ้านเดี่ยว,"14,000,000",ใกล้สนามบินเชียงใหม่,ขนาดที่ดิน: 164 ตารางวา (ประมาณ 656 ตารางเมตร) | พื้นที่ใช้สอย: 370 ตารางเมตร 4 นอน 6 น้ำ,95/100,https://baan.kaidee.com/product-371034585
ที่ดิน,"ราคา: 490,000","ห่างจากถนนเชียงใหม่-ฮอด 400 เมตร | ห่างจากสถานีตำรวจสันป่าตอง 650 เมตร | ห่างจากที่ว่าการอำเภอสันป่าตอง 800 เมตร | ห่างจากตลาดสันป่าตอง 1.1 กิโลเมตร | ห่างจากการไฟฟ้าสันป่าตอง 1.3 กิโลเมตร | ห่างจากบิ๊กซีหางดง 2 เพียง 5.1 กิโลเมตร | ห่างจากตลาดหางดง 7.4 กิโลเมตร | ห่างจากแม็คโครเชียงใหม่ 2 เพียง 14 กิโลเมตร | ห่างจากโลตัสหางดง 17 กิโลเมตร | ห่างจากเซ็นทรัลแอร์พอร์ต 18 กิโลเมตร | ห่างจากสนามบินเชียงใหม่ 19 กิโลเมตร | ห่างจากนิมมานเหมินทร์ 23 กิโลเมตร | ตำบลสันป่าตอง, อำเภอสันป่าตอง, จังหวัดเชียงใหม่",เนื้อที่: 45 ตารางวา | เนื้อที่ 45 ตารางวา -,95/100,https://baan.kaidee.com/product-371035851
บ้านเดี่ยว,"ราคา: 1,600,000",จังหวัดเชียงใหม่,เนื้อที่: 50 ตารางวา | เนื้อที่ 50 ตารางวา 2 นอน 1 น้ำ,95/100,https://baan.kaidee.com/product-371035891
ที่ดิน,"590,000",ดอยหล่อ เชียงใหม่,เนื้อที่ 16 ไร่ | เนื้อที่ 16 ไร่ | เนื้อที่ 16 ไร่ -,95/100,https://baan.kaidee.com/product-371036008
ตึกแถว,ราคาขาย 5.7 ล้านบาท,"ตึกแถว 5 ชั้น ใกล้โรงเรียนมงฟอร์ตประถม ถ.เจริญประเทศ ต.ช้างคลาน อ.เมือง จ.เชียงใหม่ | ใกล้โรงเรียนมงฟอร์ตประถมเพียง 50 เมตร | ใกล้ รพ.ราชเวช,รพ.เซ็นทรัลเชียงใหม่ เมมโมเรียล,แอดเคิร์ฟ ,KFC ,เซเว่น",เนื้อที่: 17.1 ตารางวา | เนื้อที่ 17.1 ตารางวา | พื้นที่ใช้สอย 320 ตรม. 3 นอน 4 น้ำ,95/100,https://baan.kaidee.com/product-371036454
ที่ดิน,"1,290,000",บ้านกลาง ต.ยุหว่า อ.สันป่าตอง จ.เชียงใหม่ | ห่างทางหลวง 5036 เลียบคลองชล เพียง700เมตร(เชื่อมถนน108แยกธกส.สันป่าตอง กับ ถนนเลี่ยงเมืองสันป่าตอง-หางดง แยกน้ำบ่อหลวง) | ห่างสนามบินเชียงใหม่เพียง 20กม.,เนื้อที่: 253 ตารางวา | เนื้อที่ 253 ตารางวา | หน้ากว้างติดถนนคอนกรีต 38เมตร | ที่ดินลึก 30 เมตร -,95/100,https://baan.kaidee.com/product-371036484
บ้านพูลวิลล่า,ราคาขาย 4.15 ล้านบาท / ฟรีโอน,Pool Villa Hangdong บ้านป่าแป๋ ต.หางดง อ.หางดง จ.เชียงใหม่ | โซนน้ำแพร่-หลังที่ว่าการอำเภอหางดง | เส้นทางที่ 1 เส้นคลองชลประทาน(แยกน้ำแพร่-ออบขาน) ห่างถนน 4 เลนส์เพียง 1.2 กม. | เส้นทางที่ 2 เส้น108 เชียงใหม่-ฮอด ข้างที่ว่าการอำเภอหางดง ห่างเพียง 1.4 กม.,เนื้อที่: 65 ตารางวา | เนื้อที่ 65 ตารางวา | พื้นที่ใช้สอย 200 ตรม. 3 นอน 4 น้ำ,95/100,https://baan.kaidee.com/product-371036501
ที่ดิน,"2,700,000",บ้านเด่น ต.บ้านแม อ.สันป่าตอง จ.เชียงใหม่ | ห่างถนนเลี่ยงเมืองสันป่าตอง-หางดงเพียง 5 นาที | ใกล้ถนนบายพาส เลี่ยงเมืองสันป่าตอง-หางดง,เนื้อที่: 2.5 ไร่ | เนื้อที่ 2 ไร่ 1 งาน 20 ตรว. -,95/100,https://baan.kaidee.com/product-371036773
บ้านเดี่ยว,"1,800,000",บ้านกิ่วแล ตำบลเชิงดอย อำเภอดอยสะเก็ด จังหวัดเชียงใหม่ | เนื้อที่ 71 ตารางวา อำเภอดอยสะเก็ด จังหวัดเชียงใหม่,เนื้อที่: 71 ตารางวา | เนื้อที่ 71 ตารางวา | เนื้อที่ตัวบ้าน126ตรม. | ที่ดิน71ตรว. 2 นอน 2 น้ำ,95/100,https://baan.kaidee.com/product-371037903
ทาวน์เฮ้าส์,"2,390,000",ตำบลแม่เหี๊ยะ อำเภอเมืองเชียงใหม่ เชียงใหม่ | ใกล้สนามบินเชียงใหม่ | เซ็นทรัลแอร์พอร์ต | ขนส่งเชียงใหม่ | กาดวรุณ | บิ๊กซีหางดง,พื้นที่ดิน: 14 ตร.ว. | พื้นที่ใช้สอย: 112 ตร.ม. 2 นอน 2 น้ำ,95/100,https://baan.kaidee.com/product-371038475
บ้านเดี่ยว,"2,490,000",ตำบลดอนแก้ว อำเภอแม่ริม จังหวัดเชียงใหม่ | ใกล้เมือง | 10 นาที ถึง รพ.นครพิงค์ | 15 นาที ถึงเซ็นทรัลเฟสติวัล | 20 นาที ถึงเมญ่า | 15 นาที ถึงสนามกีฬา 700 ปี และศูนย์ราชการ,เนื้อที่ 50 ตร.วา | เนื้อที่ 50 ตร.วา | พื้นที่ใช้สอย 128 ตร.ม. 3 นอน 2 น้ำ,95/100,https://baan.kaidee.com/product-371039146
ที่ดิน,"6,300,000 บาท (ค่าโอนคนละครึ่ง)",ตำบลป่าแดด อำเภอเมืองเชียงใหม่ | ติดถนนหลัก | ใกล้น้ำปิง | ป่าแดด อำเภอเมืองเชียงใหม่,เนื้อที่: 252 ตารางวา | เนื้อที่ 252 ตารางวา | 252 ตร.ว. -,95/100,https://baan.kaidee.com/product-371039214
บ้านเดี่ยว,1.89 ล้านบาท (พร้อมโอน),เขต ต.แม่เหียะ | หน้าหมู่บ้านวังตาล,เนื้อที่ 49 ตรว. | พื้นที่ใช้สอย 140 ตร.ม. 2 นอน 3 น้ำ,95/100,https://baan.kaidee.com/product-371039490
บ้านเดี่ยว,"6,900,000",โครงการยูพรอมท์ วงแหวนรอบสอง (เชียงใหม่) | ใกล้มหาวิทยาลัยพายัพ | บ้านเลขที่ 365/18 ต.สันพระเนตร อ.สันทราย จ.เชียงใหม่ | ย่านสันทราย เชียงใหม่,เนื้อที่: 43.1 ตารางวา | พื้นที่ใช้สอยกว้างขวาง: 180 ตารางเมตร | เนื้อที่: 47.3 | ขนาด: 3 ห้องนอน | 3 ห้องน้ำ | จอดรถ 2 คัน | เนื้อที่: 47.3 | พื้นที่ชั้น 180 ตร.ม. 3 นอน 3 น้ำ,95/100,https://baan.kaidee.com/product-371039909
บ้านพูลวิลล่า,"7,900,000",ต.สุเทพ อ.เมืองเชียงใหม่ เชียงใหม่ | ใกล้สนามบินเชียงใหม่ เดินทางเพียง 5 นาที | ใกล้มหาวิทยาลัยเชียงใหม่ | ใกล้โรบินสันและสิ่งอำนวยความสะดวกอื่นๆ,เนื้อที่: 282 ตารางเมตร | เนื้อที่ 282 ตารางเมตร | พื้นที่ดินเริ่มต้น 52 ตร.วา | พื้นที่ใช้สอย 282 ตร.ม. 4 นอน 3 น้ำ,95/100,https://baan.kaidee.com/product-371040539
บ้านเดี่ยว,"ราคา: 7,900,000",ต.สุเทพ อ.เมืองเชียงใหม่ | ตำบล สุเทพ เมือง เชียงใหม่ | ใกล้สนามบินเชียงใหม่ เดินทางเพียง 5 นาที | ใกล้มหาวิทยาลัยเชียงใหม่ | ใกล้โรบินสันและสิ่งอำนวยความสะดวกอื่นๆ,เนื้อที่: 52 ตารางวา | เนื้อที่ 52 ตารางวา | พื้นที่ดินเริ่มต้น 52 ตร.วา | พื้นที่ใช้สอย 282 ตร.ม. 4 นอน 3 น้ำ,95/100,https://baan.kaidee.com/product-371042169
ที่ดิน,"5,000,000",ติดถนนหมู่บ้านเข้า ออก ได้หลายทาง,เนื้อที่ 3.5 ไร่ | เนื้อที่ 3.5 ไร่ | ที่ดินถมแล้ว -,95/100,https://baan.kaidee.com/product-371045130
ทาวน์โฮม,"2,990,000",เชียงใหม่ | ใกล้ Meta Mall เพียง 5 นาที | โซนเซ็นทรัลเฟสติวัล | โซนมหาวิทยาลัยพายัพ | โซนท่ารั้ว | สันกำแพงสายเก่า | โครงการ Monotown Mini,พื้นที่ใช้สอย 150 ตารางเมตร | เนื้อที่ 24.8 | เนื้อที่: 24.8 3 นอน 3 น้ำ,95/100,https://baan.kaidee.com/product-371045287
บ้านเดี่ยว,"4,990,000",เชียงใหม่ | สันพระเนตร | โครงการ HOLM 2 | ใกล้เซ็นทรัลเฟสติวัล | ใกล้ Meta Mall,เนื้อที่: 50 | เนื้อที่ 50 | พื้นที่ใช้สอยกว้าง 200 ตร.ม. 4 นอน 3 น้ำ,95/100,https://baan.kaidee.com/product-371045296
บ้านเดี่ยว,"2,490,000",แม่ริม เชียงใหม่ | อำเภอแม่ริม จังหวัดเชียงใหม่,เนื้อที่: 60 ตารางวา | เนื้อที่ 60 ตารางวา | เนื้อที่ 60 ตารางเมตร 2 นอน 2 น้ำ,95/100,https://baan.kaidee.com/product-371046627
ที่ดิน,"ราคา: 9,000,000",ที่ดินสันป่าตอง เชียงใหม่ | ห่างถนนเส้น 108 ประมาณ 900 เมตร,เนื้อที่: 7 ไร่ | เนื้อที่ 7 ไร่ | พื้นที่ทั้งหมด 7 ไร่ 139 ตรว -,95/100,https://baan.kaidee.com/product-371046974
บ้านเดี่ยว,"ราคา: 795,000",อ.ดอยสะเก็ด | ถนนเชียงใหม่-ดอยสะเก็ด | เซ็นทรัลเฟสเชียงใหม่ 25 นาที,เนื้อที่: 145 ตารางวา | เนื้อที่ 145 ตารางวา | ขนาดที่ดิน 145 ตารางวา 1 นอน 1 น้ำ,95/100,https://baan.kaidee.com/product-371046989
บ้านพูลวิลล่า,"ราคา: 11,900,000","ตั้งอยู่บริเวณ แม่โป่ง ดอยสะเก็ด | Mae Pong, Doi Saket | ตัวบ้านติดถนนใหญ่ | ห่างจากตลาดสดดอยสะเก็ด เพียง 10 นาที | ติดบ้านคนหลายหลัง ไม่เปลี่ยว",เนื้อที่: 230 ตารางวา | เนื้อที่ 230 ตารางวา | ขนาดที่ดิน 230 ตร.ว. | ตัวบ้าน 2 ชั้นครึ่ง -1ชั้นลอย | 🏊ขนาดสระน้ำ 4*8 ลึก 1.3 เมตร | Land area: 230 sq m 6 นอน 5 น้ำ,95/100,https://baan.kaidee.com/product-371048021
บ้านเดี่ยว,"ราคา: 3,900,000","168 Chiangmai - Doi sa-ket, 9 ซ. 2 ตำบลสันนาเม็ง อำเภอสันทราย เชียงใหม่ 50210 | สันทราย-สันนาเม็ง เชียงใหม่",เนื้อที่: 55.7 ตารางวา | เนื้อที่ 55.7 ตารางวา | ขนาดพื้นที่ : 55.7 ตร.ว. / พื้นที่ใช้สอย : 153 ตร.ม. 4 นอน 4 น้ำ,95/100,https://baan.kaidee.com/product-371050121
บ้านเดี่ยว,"ราคาเพียง 8,600,000 บาท",หมู่บ้านอินทรชิตชัย ดอยสะเก็ด | ใกล้สวนพฤกษศาสตร์ทวีชน | รพ.ดอยสะเก็ด | เซ็นทรัลเฟสติวัลเชียงใหม่ | ใกล้ทางออกหมู่บ้าน | เดินทางเข้าเมืองสะดวก,เนื้อที่ 201 ตร.วา (0-2-1 ไร่) | พื้นที่กว้าง 201 ตร.วา 4 นอน 6 น้ำ,95/100,https://baan.kaidee.com/product-371050514
ที่ดิน,"799,999",หลังมหาวิทยาลัยแม่โจ้ จ.เชียงใหม่ | แถวๆ วัดเมืองขอน ต.ป่าไผ่ อ.สันทราย จ.เชียงใหม่ | ห่างจาก มหาวิทยาลัยแม่โจ้ 7 กิโล | ห่างจาก อำเภอเมือง 10 กิโล | ห่างจาก ตลาดรวมโชค 10 กิโล | ห่างจาก เซนทรัลเฟสติวัล 15 กิโล | ห่างจากสนามบิน 26 กิโล | ใกล้ตลาดป่าเหมือด 1.5 กิโล,เนื้อที่: 100 ตารางวา | เนื้อที่ 100 ตารางวา | 50 ตรว. | 100 ตรว. -,95/100,https://baan.kaidee.com/product-371051756
บ้านเดี่ยว,ขาย 5 ล้านบาท,บ้านน้ำต้นซอย 5 อ.แม่ริม ต.เหมืองแก้ว | ใกล้ร.พ.สันทราย | กาดฝรั่ง | ม.แม่โจ้ | 7 eleven | โลตัสเล็ก | ตลาดสด | Sansai Hospital 2 k.m. | Kadfarang maerim 5 k.m. | Maejo university 6 k.m. | Marco Maerim 6 k.m. | Preme International School 13 k.m.,เนื้อที่: 290 ตารางเมตร | เนื้อที่ 290 ตารางเมตร | ที่ดิน 290 ตารางวา 290 sqm 3 นอน 4 น้ำ,95/100,https://baan.kaidee.com/product-371052218
วิลล่า,"ราคา: 779,000",ด้านหลังกาดฝรั่ง วิลเลจ / Outlet Mall | ใกล้ริมปิง | ใกล้ Starbucks | ใกล้ Lanna International School | ใกล้ Sathit SBS | อำเภอเมืองเชียงใหม่ | จังหวัดเชียงใหม่,เนื้อที่ 308 ตารางวา | เนื้อที่: 308 ตารางวา 3 นอน 4 น้ำ,95/100,https://baan.kaidee.com/product-371054597
วิลล่า,"ราคาขาย 7,790,000 บาท ( ราคานี้พร้อมหิ้วกระเป๋าเข้าอยู่ได้เลย ค่าโอนและภาษีทุกอย่าง 50/50 ณ กรมที่ดิน",ด้านหลังกาดฝรั่ง วิลเลจ / Outlet Mall (เพียง 100 เมตร) | ใกล้ริมปิง | ใกล้ Starbucks | ใกล้เมืองแต่เงียบสงบ | รายล้อมด้วยโรงเรียนนานาชาติ เช่น Lanna International School และ Sathit SBS,เนื้อที่: 308 ตารางวา | เนื้อที่ดิน 308 ตารางวา | เนื้อที่ดิน 77 ตรว พื้นที่ใช้สอย 160 ตรม 3 นอน 4 น้ำ,95/100,https://baan.kaidee.com/product-371054607
วิลล่า,"ราคาขาย 7,790,000 บาท",ด้านหลังกาดฝรั่ง วิลเลจ / Outlet Mall (เพียง 100 เมตร) | ใกล้ริมปิง | ใกล้ Starbucks | ใกล้เมืองแต่เงียบสงบ | รายล้อมด้วยโรงเรียนนานาชาติ เช่น Lanna International School และ Sathit SBS,เนื้อที่: 308 ตารางวา | เนื้อที่ดิน 308 ตารางวา | เนื้อที่ดิน 77 ตรว พื้นที่ใช้สอย 160 ตรม 3 นอน 4 น้ำ,95/100,https://baan.kaidee.com/product-371054623
บ้านเดี่ยว,"5,999,000 บาท",ตำบลหารแก้ว อำเภอหางดง จังหวัดเชียงใหม่ 50230 | ใกล้โรงเรียนนานาชาติเกรซ | ใกล้กาดฝรั่ง 10 นาที | ใกล้สนามบินเชียงใหม่ 15 นาที,เนื้อที่: 90 ตารางวา | เนื้อที่ 90 ตารางวา | พื้นที่ : 90 ตร.วา | พื้นที่ใช้สอย : 300 ตร.ม. 4 นอน 3 น้ำ,95/100,https://baan.kaidee.com/product-371054628
ที่ดิน,"ราคา 820,000 บาท",บ้านหนองก้นครุ อ.สันทราย จ.เชียงใหม่ | ห่างจากตลาดป่าเหมือด 5 นาที | ห่างจากเซ็นทรัลเฟส 15 นาที | ม.แม่โจ้ 15 นาที,เนื้อที่: 120 ตารางวา | เนื้อที่ 120 ตารางวา | เนื้อที่ 120 ตารางวา -,95/100,https://baan.kaidee.com/product-371056280
ที่ดิน,"5,400,000",อ.เชียงดาว จ.เชียงใหม่ | หน้าสกร.อำเภอเชียงดาว เข้าซอยมา 800 ม. / 2 นาที | ห่างจากตัวเมืองเชียงใหม่แค่ 1 ชั่วโมงครึ่ง | ใกล้ตลาด โลตัส ร้านอาหาร ร้านแฟมากมาย 1-1.5 กม. | ห่างจากที่ว่าการอำเภอเชียงดาว แค่ 1.1 กม.,เนื้อที่: 4 ไร่ | เนื้อที่ 4 ไร่ | เนื้อที่ 4 ไร่ -,95/100,https://baan.kaidee.com/product-371056586
ที่ดิน,"1,500,000",จังหวัด เชียงใหม่ อำเภอ ดอยสะเก็ด อยู่ในวังธาร รีสอร์ท ใกล้เขื่อนแม่กวง สถานที่ท่องเที่ยว,เนื้อที่: 2 ไร่ | เนื้อที่ 2 ไร่ | 2 ไร่2 งาน -,95/100,https://baan.kaidee.com/product-371057409
บ้านเดี่ยว,"ราคา: 2,450,000",หางดง | โซนหางดง | หลังสนามกีฬาเทศบาลหางดง,เนื้อที่: 63 ตารางวา | เนื้อที่ 63 ตารางวา | พื้นที่ 63 ตารางวา 3 นอน 2 น้ำ,95/100,https://baan.kaidee.com/product-371057966
ที่ดิน,"2,000,000",อ.ดอยหลวง จ.เชียงใหม่ | ที่ว่าการอำเภอดอยหล่อ 4.8 กม. | โรงพยาบาลดอยหล่อ 5 กม. | อุทยานแห่งชาติแม่วาง 17 กม. | ดอยอินทนนท์ 40 กม.,เนื้อที่: 4 | เนื้อที่ 4 ขาย ที่ดินสวนลำไย 4ไร่ 99ตรว. | ขนาด 4 ไร่ 99 ตารางวา | เนื้อที่ดิน 4 ไร่ 99 ตารางวา -,95/100,https://baan.kaidee.com/product-371058502
บ้านเดี่ยว,"5,900,000",สันป่าตอง เชียงใหม่ | ใกล้ตลาด โลตัส เซเว่น โรงพยาบาล / ขับถึงสนามบินเพียง 25 นาที,เนื้อที่: 180 ตารางวา | เนื้อที่ 180 ตารางวา | พื้นที่กว้าง 180 ตรว. ใช้สอยกว่า 700 ตร.ม. 5 นอน 5 น้ำ,95/100,https://baan.kaidee.com/product-371058637
ที่ดิน,"ราคาขาย : 5,200,000 เนื้อที่: 26 ไร่ | เนื้อที่ 26 ไร่ | เป็นทรัพย์รอการขาย ไม่ใช่ ที่ดิน ที่นา ที่สวน ทำเลดี 🌾🌾 ขายที่นา พร้อมบ่อน้ำส่วนตัว ทำนาได้ทุกฤดู 🌾🌾 📍 พิกัด : บ้านฮ่องถ่อนพัฒนาตำบลแม่นาวาง อำเภอแม่อาย จังหวัดเชียงใหม่ ✅ เนื้อที่ 26 ไร่ 2 งาน 🔹 ที่ดินสวย รูปสี่เหลี่ยม ผืนเดียว ไม่แบ่ง 🔹 มี บ่อน้ำในที่ดิน ใช้น้ำได้ตลอดทั้งปี 🔹 ดินอุดมสมบูรณ์ เหมาะสำหรับทำนา ทำการเกษตร หรือปรับทำสวนผลไม้/สวนผสม 🔹 บรรยากาศเงียบสงบ ไม่พลุกพล่าน เหมาะแก่การลงทุนระยะยาว 🚗 การเดินทางสะดวก ติดถนนคอนกรีต รถยนต์เข้าถึงได้สบาย ห่างจากถนนใหญ่/ตลาด/แหล่งชุมชนเพียง 1 กม. ✨ จุดเด่นพิเศษ มีบ่อน้ำของตัวเอง ไม่ต้องกังวลน้ำฝน 🌾ทำนาได้ทุกฤดู เก็บเกี่ยวได้ต่อเนื่อง ✨ที่ดินพร้อมใช้ เหมาะสำหรับผู้ที่ต้องการทำเกษตรจริงจัง หรือซื้อเก็บเป็นทรัพย์สินในอนาคต 💰 ราคาขาย : ไร่ละ 200,000 บาท (ต่อรองได้) 💥ทักแชทหรือโทรรายละเอียดเพิ่มเติมได้ 📞 สนใจติดต่อ : ☎️ 085-5309888 📱 092-8595614",บ้านฮ่องถ่อนพัฒนาตำบลแม่นาวาง อำเภอแม่อาย จังหวัดเชียงใหม่,เนื้อที่ 26 ไร่ | เนื้อที่ 26 ไร่ | เนื้อที่ 26 ไร่ 2 งาน -,95/100,https://baan.kaidee.com/product-371058796
ที่ดิน,"25,000,000",ตำบลป่าเมี่ยง อำเภอดอยสะเก็ต จังหวัดเชียงใหม่ | ใกล้บ่อน้ำพุร้อน ดอยสะเก็ด | หมู่บ้านแม่กำปอง | ม่อนกุเวร อุทยานมหาราชท้าวเวสสุวรรณ | จากตัวเมืองเชียงใหม่ 30 กม.,เนื้อที่ 20 ไร่ | เนื้อที่ 20 ไร่ | ขนาดพื้นที่รวม 20 ไร่ 39.9 ตร.ว. | แยกเป็นโฉนด จำนวน 14 ไร่ 1 งาน 59 ตร.ว. / น.ส.3 ก จำนวน 5 ไร่ 3 งาน -,95/100,https://baan.kaidee.com/product-371059816
คอนโด,"ราคา: 1,890,000",ที่ตั้งโครงการ The Next Ruangchok-City Hall 1 | ทำเลโซนรวมโชค | https://maps.app.goo.gl/drhNz4QfCLb6qpLcA,เนื้อที่: 28 ตารางเมตร | เนื้อที่ 28 ตารางเมตร | พื้นที่ใช้สอยเริ่มต้น 27 ตร.ม. 1 นอน 1 น้ำ,95/100,https://baan.kaidee.com/product-371060299
ทาวน์เฮ้าส์,"ราคา: 2,990,000","ทาวน์โฮมเชียงใหม่ | ใกล้ Meta Mall เพียง 5 นาที | เชื่อมทะลุได้หลายเส้นทาง ทั้งโซนเซ็นทรัลเฟสติวัล, โซนมหาวิทยาลัยพายัพ, โซนท่ารั้ว และสันกำแพงสายเก่า",เนื้อที่: 24.8 ตารางวา | เนื้อที่ 24.8 ตารางวา | พื้นที่ใช้สอย 150 ตารางเมตร 3 นอน 3 น้ำ,95/100,https://baan.kaidee.com/product-371060318
บ้านแฝด,"4,990,000",โครงการ HOLM 2 - สันพระเนตร | ใกล้ Meta Mall 5 นาที | เซ็นทรัลเฟสติวัล 10 นาที,พื้นที่ใช้สอยกว้าง 154 ตร.ม. | เนื้อที่ 50 ตร.วา | เนื้อที่: 50 3 นอน 3 น้ำ,95/100,https://baan.kaidee.com/product-371060323
บ้านแฝด,"4,290,000",สันพระเนตร | โครงการ HOLM 2 | ใกล้ Meta Mall 5 นาที | เซ็นทรัลเฟสติวัล 10 นาที,เนื้อที่ 36 | พื้นที่ใช้สอย 154 ตร.ม. 3 นอน 3 น้ำ,95/100,https://baan.kaidee.com/product-371060331
บ้านแฝด,"ราคา: 2,690,000",อ.แม่ริม | ใจกลางแม่ริม | ใกล้เมือง | ใกล้ตลาด | ใกล้ธรรมชาติ,เนื้อที่: 149 ตารางเมตร | เนื้อที่ 149 ตารางเมตร | พื้นที่ใช้สอย 149 ตร.ม. 3 นอน 3 น้ำ,95/100,https://baan.kaidee.com/product-371060366
ที่ดิน,"ราคา: 350,000",พิกัดบ้านห้วยโจ้ ม.2 ต.สบเตี๊ยะ อ.จอมทอง จ.เชียงใหม่,เนื้อที่: 4 ไร่ | เนื้อที่ 4 ไร่ ที่ดินสวน บ้านสวน ขายที่สวนลำไย 4ไร่ 12ตารางวา -,95/100,https://baan.kaidee.com/product-371060860
ตึกแถว,"5,700,000 เนื้อที่: 17.1 | เนื้อที่ 17.1 | เป็นทรัพย์รอการขาย ไม่ใช่ ขายต่ำกว่าราคาตลาด เจ้าของขายเอง ตึกแถวย่านช้างคลาน-เจริญประเทศ พิกัด : ตึกแถว 5 ชั้นติดโรงเรียนมงฟอร์ตประถม ต.ช้างคลาน อ.เมืองเชียงใหม่ จ.เชียงใหม่ -ขายต่ำกว่าราคาตลาด ขายด่วนเจ้าของขายเอง -ตึกแถว 5 ชั้น มีโฉนดสร้างบนเนื้อที่ 17.1 ตารางวา หน้าตึกกว้าง 4 เมตร,ยาว(ลึก) 18 เมตร -1ห้องโถงชั้นล่างค้าขาย ทำธุรกิจได้,3 ห้องนอน ,4 ห้องน้ำ ,1 ห้องครัว,1 ที่จอดรถหน้าตึก,ชั้นบนสุดมีดาดฟ้า มองเห็นวิวดอยสุเทพ -เหมาะทำโรงเรียนกวดวิชา คาเฟ่ ร้านอาหาร คลีนิค โฮสเทล ต่อยอดธุรกิจได้หลายรูปแบบ \",ตึกแถวย่านช้างคลาน-เจริญประเทศ | ตึกแถว 5 ชั้นติดโรงเรียนมงฟอร์ตประถม | ต.ช้างคลาน อ.เมืองเชียงใหม่ จ.เชียงใหม่,"เนื้อที่ 17.1 ตารางวา | เนื้อที่: 17.1 | หน้าตึกกว้าง 4 เมตร,ยาว(ลึก) 18 เมตร | พื้นที่ชั้นล่างค้าขาย | ชั้นบนสุดมีดาดฟ้า 3 นอน 4 น้ำ",95/100,https://baan.kaidee.com/product-371061046
บ้านเดี่ยว,"ราคา: 1,500,000",-,เนื้อที่: 52 ตารางวา | เนื้อที่ 52 ตารางวา 0 นอน 1 น้ำ,90/100,https://baan.kaidee.com/product-371061282
บ้านเดี่ยว,"ราคาเสนอขาย 1,300,000 บาท",ตำบลสันมหาพน | อำเภอแม่แตง | ตั้งอยู่ในตำบลสันมหาพน อำเภอแม่แตง | ที่ดินตั้งห่างถนนสายหลัก 107 ประมาณ 1 กิโลเมตร,เนื้อที่: 152 ตารางวา | เนื้อที่ 152 ตารางวา | เนื้อที่ 152 ตรว. 2 นอน 1 น้ำ,95/100,https://baan.kaidee.com/product-371061842
คอนโด,"3,000,000",เชียงใหม่ บ้านเดี่ยว โครงการหมู่บ้านศิวาลัย 4,เนื้อที่: 57 ตารางเมตร | เนื้อที่ 57 ตารางเมตร 3 นอน 3 น้ำ,95/100,https://baan.kaidee.com/product-371062104
ที่ดิน,"ราคา: 250,000",หมู่บ้านสันต้นม่วง ต.บ้านโป่ง อ.พร้าว จ.เชียงใหม่,เนื้อที่: 111 ตารางวา | เนื้อที่ 111 ตารางวา | เนื้อที่ 1งาน11ตารางวา -,95/100,https://baan.kaidee.com/product-371064098
ที่ดิน,"1,550,000",สวนลำไยเชิงเขา อ.จอมทอง จ.เชียงใหม่ | พิกัดที่ดิน : Hillside Chomtong Fishing Farm บ้านพุทธนิมิตร(แท่นดอกไม้) ซอย 2 ต.สบเตี๊ยะ อ.จอมทอง จ.เชียงใหม่ | ห่างถนนสี่เลนส์ ทล. 108 เชียงใหม่-ฮอด เพียง 900 เมตร | ห่างจากตัวอำเภอจอมทองเพียง 2 กม.,เนื้อที่: 5 ไร่ | เนื้อที่ 5 ไร่ | เนื้อที่ 5 ไร่ 94 ตรว. | รูปแปลงสี่เหลี่ยมผืนผ้า -,95/100,https://baan.kaidee.com/product-371065051
บ้านแฝด,"ราคา 6,508,000",โซนรวมโชค อ.เมือง จ.เชียงใหม่ โครงการ BELIVE (รวมโชค) วิถีความสุข ที่เรียบง่าย | ที่ตั้งโครงการ : https://goo.gl/maps/auGjBtYifumZqbtv9,เนื้อที่: 160 ตารางวา | เนื้อที่ 160 ตารางวา | พื้นที่ใช้สอยขนาด 160 ตร.ม. | ที่ดินเริ่มต้น 45.5 ตร.วา 3 นอน 4 น้ำ,95/100,https://baan.kaidee.com/product-371065058
ที่ดิน,"1,290,000",บ้านกลาง ต.ยุหว่า อ.สันป่าตอง จ.เชียงใหม่ | ห่างทางหลวง 5036 เลียบคลองชล เพียง700เมตร | เชื่อมถนน108แยกธกส.สันป่าตอง กับ ถนนเลี่ยงเมืองสันป่าตอง-หางดง แยกน้ำบ่อหลวง | ห่างสนามบินเชียงใหม่เพียง 20กม.,เนื้อที่: 253 ตารางวา | เนื้อที่ 253 ตารางวา | หน้ากว้างติดถนนคอนกรีต 38เมตร | ที่ดินลึก 30 เมตร -,95/100,https://baan.kaidee.com/product-371065188
วิลล่า,"7,990,000",Pool Villa ป่าแดด บ้านดอนชัย ซอย 8 ต.ป่าแดด อ.เมืองเชียงใหม่ พิกัดที่ดิน : Pool Villa ป่าแดด บ้านดอนชัย ซอย 8 ต.ป่าแดด อ.เมืองเชียงใหม่ จ.เชียงใหม่,เนื้อที่: 70 ตารางวา | เนื้อที่ 70 ตารางวา | พื้นที่ใช้สอย 275 ตรม. 4 นอน 5 น้ำ,95/100,https://baan.kaidee.com/product-371065281
บ้านเดี่ยว,"ราคา: 2,900,000",หมู่บ้านสักทอง หมู่ 5 ตำบลน้ำแพร่ อำเภอหางดง จังหวัดเชียงใหม่ | เส้นคันคลอง เชียงใหม่ฮอด | เส้นเชียงใหม่ สันป่าตอง | ใกล้โรงพยาบาลหางดง | ใกล้บิ๊กซี 2 | ใกล้ตลาดเทศบาลกาดฝรั่ง | เข้าเมืองใกล้นิดเดียว | เซ็นทรัลแอร์พอร์ต,เนื้อที่: 65 ตารางวา | เนื้อที่ 65 ตารางวา | ขนาดที่ดิน 65 ตารางวา 3 นอน 2 น้ำ,95/100,https://baan.kaidee.com/product-371065456
บ้านเดี่ยว,"22,000,000",คูเมือง ตัวเมืองเชียงใหม่ ย่านการค้าและแหล่งท่องเที่ยว | ใกล้สนามบิน | ใกล้โรงพยาบาล | ใกล้แหล่งการค้าและแหล่งท่องเที่ยว | ใกล้โรงเรียน,เนื้อที่: 86 ตารางวา | เนื้อที่ 86 ตารางวา 3 นอน 2 น้ำ,95/100,https://baan.kaidee.com/product-371065535
บ้านเดี่ยว,"29,000,000 บาท","ตําบลท่าวังตาล อําเภอสารภี เชียงใหม่ | Tawangtal Subdistrict, Saraphi District, Chiang Mai | ออกถนนวงแหวน121 เพียง 900 เมตร | ใกล้ถนน 121 วงแหวนรอบ3",เนื้อที่: 560 ตารางวา | เนื้อที่ 560 ตารางวา | พื้นที่ใช้สอย 550 ตารางเมตร | เนื้อที่ดิน 1 ไร่ 1 งาน 68 ตารางวา 4 นอน 5 น้ำ,95/100,https://baan.kaidee.com/product-371066303
ที่ดิน,"ราคา: 970,000",ต้นโชค อำเภอไชยปราการ จังหวัดเชียงใหม่ | ใกล้เซเว่นสี่แยกเทศบาลหนองบัว,เนื้อที่: 215.16 ตารางวา | เนื้อที่ 215.16 ตารางวา | เนื้อที่ 215.16 ตารางวา -,95/100,https://baan.kaidee.com/product-371066342
ที่ดิน,"1,290,000",เทศบาลหนองบัว | อำเภอ ไชยปราการ | จังหวัด เชียงใหม่,เนื้อที่: 200 ตารางวา | เนื้อที่ 200 ตารางวา | 2 งาน -,95/100,https://baan.kaidee.com/product-371066349
บ้านเดี่ยว,"13,000,000",ย่านธุรกิจ จ.เชียงใหม่ | ตำบล ศรีภูมิ อำเภอ เมือง จังหวัดเชียงใหม่ | อยู่ใกล้ตลาดช้างเผือกและตลาดสมเพชร,เนื้อที่ 68 ตารางวา | เนื้อที่: 68 -,95/100,https://baan.kaidee.com/product-371066368
บ้านเดี่ยว,"4,500,000",โครงการ U Prompt ยูพรอม โครงการU prompt ( ยู พรอม) #ตำบลสันพระเนตร #อำเภอสันทราย #จังหวัดเชียงใหม่,เนื้อที่: 150 ตารางเมตร | เนื้อที่ 150 ตารางเมตร | เนื้อที่บ้าน150ตรม. | เนื้อที่ที่ดิน30ตรว. 3 นอน 3 น้ำ,95/100,https://baan.kaidee.com/product-371067491
บ้านเดี่ยว,"2,190,000 บาท",ทำเลสันกำแพง | ใกล้เมืองเดินทางสะดวกหลายเส้นทาง | เชียงใหม่,เนื้อที่: 50 ตารางวา | เนื้อที่ 50 ตารางวา | ขนาดที่ดิน 50 ตารางวา 3 นอน 2 น้ำ,95/100,https://baan.kaidee.com/product-371067649
อาคารพาณิชย์,"7,500,000",ตึกทำเลดีในเมืองเชียงใหม่ | ติดถนนใหญ่ | อยู่ตรงข้ามโลตัสรวมโชคติดวิวบาร์,เนื้อที่ 16 ตารางวา | หน้ากว้าง 4 เมตร ลึก 12 เมตร 4 นอน 3 น้ำ,95/100,https://baan.kaidee.com/product-371067848
พลูวิลล่า,"8,900,000",โครงการกุลพันธ์วิลล์16 | ถนนสันกำแพงสายใหม่ | ติดตลาดศรีอรุณ | สันกำแพง | เชียงใหม่,เนื้อที่: 112.7 ตารางวา | เนื้อที่ 112.7 ตารางวา | พื้นที่ใช้สอยมากกว่า 330 ตารางเมตร (ต่อเติมเอง) 4 นอน 5 น้ำ,95/100,https://baan.kaidee.com/product-371067941
ทาวน์เฮ้าส์,"ราคา: 8,000,000",ถ.ลำพูน ต.วัดเกตุ อ.เมืองเชียงใหม่ | ตั้งอยู่หน้าโรงแรมปางวิมานเพลส | ใกล้แขวงกาวิละ | ขนส่งหนองหอย | ตลาดหนองหอย | 89 พลาซ่า | โรงเรียนเชียงใหม่คริสเตียน | โรงเรียนวารี | โรงเรียนจิตราวิทยา | แดงเบเกอรี | โรงพยาบาลราชเวช | ใกล้ 7-11 และร้านอาหาร,เนื้อที่: 30 ตารางวา | เนื้อที่ 30 ตารางวา 4 นอน 3 น้ำ,95/100,https://baan.kaidee.com/product-371068141
บ้านเดี่ยว,"ราคา: 2,600,000",ถ.สันกำแพงสายเก่า ซ.วัดพระนอนแม่ปูคา | Karnkanok Ville 20 บ่อสร้าง-สันกำแพง,เนื้อที่: 152 ตารางเมตร | เนื้อที่ 152 ตารางเมตร | พื้นที่ใช้สอย 152 ตร.ม 3 นอน 3 น้ำ,95/100,https://baan.kaidee.com/product-371068733
คอนโด,"ราคา: 2,950,000 เนื้อที่: 45 ตารางเมตร | เนื้อที่ 45 ตารางเมตร | ห้องนอน 1 ห้องนอน | ห้องน้ำ 1 ห้องน้ำ | ชั้น 6 | เฟอร์นิเจอร์ ตกแต่งครบ | อนุญาตให้เลี้ยงสัตว์ ไม่อนุญาต | เป็นทรัพย์รอการขาย ไม่ใช่ ขายคอนโด Hillside4 ตรงข้าม One นิมมาน วิวสระว่ายน้ำ ✨ ขายคอนโด Hillside 4 ห้องมุม วิวสระว่ายน้ำ ตรงข้าม One Nimman ✨ 💸 ราคา 2.95 ล้านบาท 📅 รีโนเวทใหม่ 📏 ขนาด 45 ตร.ม. | ชั้น 6 🛏 1 ห้องนอน | 1 ห้องน้ำ",ใจกลางนิมมาน | ตรงข้าม One Nimman | ใกล้เมญ่า | ถนนนิมมาน | ใกล้ประตูท่าแพ / มช. / สนามบินเชียงใหม่ | ย่านสุเทพ เชียงใหม่,เนื้อที่: 45 ตารางเมตร | เนื้อที่ 45 ตารางเมตร | ขนาด 45 ตร.ม. 1 นอน 1 น้ำ,95/100,https://baan.kaidee.com/product-371069286
บ้านพูลวิลล่า,"8,900,000",โครงการ กุลพันธ์วิล9 หางดง,เนื้อที่ 50 ตารางวา | เนื้อที่ 50 | พื้นที่บ้าน250ตารางเมตร 5 นอน 5 น้ำ,95/100,https://baan.kaidee.com/product-371069801
คอนโด,"1,690,000",Impress Town Condo (คอนโดอิมเพลสทาวน์) ศิริมังคลาจารย์ ซอย 3 เส้น นิมมานเลย | ย่านนิมมาน | ใจกลางเมืองเชียงใหม่ | ใกล้สนามบิน | ใกล้มช. เมญ่า | ใกล้เส้นนิมมาน,พื้นที่ 30 ตรม. | เนื้อที่ 30 | ชั้น 2 1 นอน 1 น้ำ,95/100,https://baan.kaidee.com/product-371069815
ที่ดิน,"ราคาขายยกแปลง 600,000 บาท",บ้านป่าไผ่ ตำบลช่อแล อำเภอแม่แตง | ติดถนนสาธารณะ | ติดน้ำคลองชลประทาน | เส้นที่ 1 เข้า ออก ทางถนนสาธารณะเส้นคลองชลประทาน (มีโครงการทำถนนคอนกรีต) | เส้นที่ 2 เข้า ออก ทางถนนสาธารณะ เส้นในหมู่บ้านป่าไผ่ เป็นถนนคอนกรีตกว้างรถยนต์สวนกันได้,เนื้อที่: 205 ตารางวา | เนื้อที่ 205 ตารางวา | เนื้อที่ในโฉนด 205 ตารางวา -,95/100,https://baan.kaidee.com/product-371070698
บ้านเดี่ยว,ราคาขาย: 1.7 ล้านบาท,ที่ดินสวนลำใย พร้อมบ้าน 🌿🏡 ตำบลดอนเปา อำเภอแม่วาง จังหวัดเชียงใหม่,ขนาดที่ดิน: 2 ไร่ 2 งาน | เนื้อที่ 2.5 | เนื้อที่: 2.5 2 นอน 1 น้ำ,95/100,https://baan.kaidee.com/product-371070866
บ้านเดี่ยว,ราคา Presale เพียง 2.39 ล้านบาท (จากราคาปกติ 2.49),แม่เหียะ | หางดง | เชียงใหม่ | ตรงข้ามแม็คโครหางดง | 300 เมตร แม็คโครหางดง | 700 เมตร ถึงบิ๊กซี แม่เหียะ | 2.6 กม ถึงโรงเรียนสารสาสน์วิเทศลานนา | 3.3 กม. ถึงโรงพยาบาลเชียงใหม่ใกล้หมอ | 3.6 กม. ถึงเซ็นทรัลแอร์พอร์ต | 8.0 กม ถึงมหาลัยเชียงใหม่,ที่ดิน 40 ตร.วา | พื้นที่ใช้สอย 120 ตร.ม. 3 นอน 2 น้ำ,95/100,https://baan.kaidee.com/product-371070868
บ้านเดี่ยว,ราคาขาย: 1.7 ล้านบาท,ตำบลดอนเปา อำเภอแม่วาง จังหวัดเชียงใหม่ | ห่างจากตัวเมืองเชียงใหม่ประมาณ 1 ชั่วโมง,เนื้อที่: 2.5 ไร่ | เนื้อที่ 2.5 ไร่ | ขนาดที่ดิน: 2 ไร่ 2 งาน 2 นอน 1 น้ำ,95/100,https://baan.kaidee.com/product-371070892
ที่ดิน,"ราคา: 7,900,000",แถวตลาดเจดีย์แม่ครัว บ.พระธาตุ ม.11 ต.แม่แฝก อ.สันทราย เชียงใหม่ | ห่างจากตลาดเจดี แม่ครัว 7 กิโล 5 นาที | ห่างจาก ถนนเชียงใหม่- พร้าว 1 กิโล 1 นาที | ห่างจาก ม.แม่โจ้ 16 กิโล 15 นาที | เดอะ รอยัล เชียงใหม่ กอล์ฟ รีสอร์ท,เนื้อที่: 4.34 ไร่ | เนื้อที่ 4.34 ไร่ | เนื้อที่รวม 4ไร่ 16 ตารางวา -,95/100,https://baan.kaidee.com/product-371071623
ที่ดิน,"5,900,000",ที่สันกำแพง เชียงใหม่ | ใกล้โครงการ ประตูระบายน้ำบ้านแม่ปูคา | อยู่ระหว่างพัฒนาโครงข่ายถนน และโครงการหลักในภาคเหนือ เช่น โครงการขยายถนน/มอเตอร์เวย์สายเหนือ,"เนื้อที่: 3 ไร่ | เนื้อที่ 3 ไร่ 1 งาน 17 ตร.วา | พื้นที่ 3 ไร่ 1 งาน 17 ตร.วา (ประมาณ 1,317.0 ตร.ม.) | กว้างประมาณ 25 เมตร ยาวประมาณ 180 เมตร | รูปทรงแปลงยาวเหมาะทั้งตั้งบ้านพักอาศัย หรือแบ่งเป็นโซนเป็นหมู่บ้านจัดสรร/โฮมออฟฟิศได้ -",95/100,https://baan.kaidee.com/product-371071723
บ้านเดี่ยว,"4,990,000",เชียงใหม่ | สันพระเนตร | โครงการ HOLM 2 | ถนนเมน-หน้าโครงการ,เนื้อที่ 50 | พื้นที่ใช้สอยกว้าง 200 ตร.ม. 4 นอน 3 น้ำ,95/100,https://baan.kaidee.com/product-371072395
บ้านแฝด,"4,290,000",สันพระเนตร | โครงการ HOLM 2 | ใกล้เซ็นทรัลเฟสติวัล | ใกล้ Meta Mall,พื้นที่ใช้สอยกว้าง 154 ตร.ม. | เนื้อที่ 36 ตร.วา | เนื้อที่: 36 3 นอน 3 น้ำ,95/100,https://baan.kaidee.com/product-371072401
ทาวน์เฮ้าส์,"2,990,000","เชียงใหม่ | ใกล้ Meta Mall เพียง 5 นาที | เชื่อมทะลุได้หลายเส้นทาง ทั้งโซนเซ็นทรัลเฟสติวัล, โซนมหาวิทยาลัยพายัพ, โซนท่ารั้ว และสันกำแพงสายเก่า",เนื้อที่: 24 | เนื้อที่ 24 | พื้นที่ใช้สอย 150 ตารางเมตร 3 นอน 3 น้ำ,95/100,https://baan.kaidee.com/product-371072404
บ้านเดี่ยว,"13,000",เชียงใหม่ สันป่าตอง,เนื้อที่: 52 ตารางวา | เนื้อที่ 52 ตารางวา 2 นอน 2 น้ำ,90/100,https://baan.kaidee.com/product-371073593
วิลล่า,"ราคาขาย 7,990,000 บาท / โอนคนละครึ่ง",พูลวิลล่าหางดง บ้านป่าแป๋ ต.หางดง อ.หางดง จ.เชียงใหม่ | เข้าออกได้ทั้งทล.108 และ ถนนคลองชลเลี่ยงเมืองสันป่าตอง-หางดง | ห่างสนามบินเพียง 10 นาที,เนื้อที่ 65 ตารางวา | เนื้อที่ 65 ตารางวา | พื้นที่ใช้สอย 275 ตารางเมตร 4 นอน 5 น้ำ,95/100,https://baan.kaidee.com/product-371074095
คอนโด,"ราคา: 1,490,000",ย่าน - ใกล้เซ็นทรัลแอร์พอร์ตเพียง 3 นาที - สนามบิน 5 นาที - โลตัส 5 นาที - แม็คโครเชียงใหม่ 7 นาที และมหาวิทยาลัยเชียงใหม่ 10 นาที,เนื้อที่: 31.71 ตารางเมตร | เนื้อที่ 31.71 ตารางเมตร | ขนาด 31.71 ตร.ม. 1 นอน 1 น้ำ,95/100,https://baan.kaidee.com/product-371074115
ที่ดิน,2.7 ล้านบาทรวมโอน,บ้านเด่น ต.บ้านแม อ.สันป่าตอง จ.เชียงใหม่ | ห่างถนนเลี่ยงเมืองสันป่าตอง-หางดงเพียง 5 นาที | ใกล้ถนนบายพาส เลี่ยงเมืองสันป่าตอง-หางดง,เนื้อที่: 2 ไร่ | เนื้อที่ 2 ไร่ 1 งาน 20 ตรว. -,95/100,https://baan.kaidee.com/product-371074131
คอนโด,"850,000",ถ.เจริญเมือง ต.หนองป่าครั่ง อ.เมือง จ.เชียงใหม่ | ใกล้แยกหนองประทีป,เนื้อที่: 26.80 ตารางเมตร | เนื้อที่ 26.80 ตารางเมตร | พื้นที่ 26.80 ตรม. 1 นอน 1 น้ำ,95/100,https://baan.kaidee.com/product-371074748
ที่ดิน,"ราคาขาย 650,000.-",ต.ดอยหล่อ อ.ดอยหล่อ จ.เชียงใหม่,เนื้อที่: 276 ตารางวา | เนื้อที่ 276 ตารางวา | เนื้อที่ 139 ตารางวา | เนื้อที่ 137 ตารางวา -,95/100,https://baan.kaidee.com/product-371075079
อาคารพาณิชย์,ราคาเพียง 3.9 ล้านบาท,โซนสันกำแพง | ตำบลสันกำแพง | อำเภอสันกำแพง | จังหวัดเชียงใหม่ | ใกล้โรงเรียนบ้านสันกำแพง | ใกล้ปั๊มน้ำมันบางจาก - สหกรณ์การเกษตร สันกำแพง จำกัด | ใกล้ปั๊มน้ำมันบางจาก สันกำแพง (บริษัท ศรีทองเชียงใหม่ออยล์ จำกัด) | ใกล้สำนักงานเทศบาลตำบลสันกำแพง | ใกล้สำนักงาน กศน. อำเภอสันกำแพง | ใกล้ข่วงสันกำแพง | ใกล้ San Kamphaeng Market Square,พื้นที่ใช้สอย 160 ตร.ม. | เนื้อที่ 160 ตารางเมตร | เนื้อที่: 160 ตารางเมตร -,95/100,https://baan.kaidee.com/product-371075576
หอพัก,"180,000,000",โซนศรีภูมิ | ย่านเศรษฐกิจ | ใกล้มหาวิทยาลัยราชภัฏเชียงใหม่ | ใกล้ท่าอากาศยานนานาชาติเชียงใหม่ | ใกล้โรงเรียนเทพบดินทร์วิทยาเชียงใหม่ | ใกล้โรงพยาบาลเทพปัญญา 2 | ใกล้ตลาดศิริวัฒนา | ใกล้ Icon IT Chiangmai : The Modern Loft IT Center,เนื้อที่ทั้งหมด 500 ตร.ว. | เนื้อที่ห้อง 30 ตร.ม. | เนื้อที่ห้อง 40 - 60 ตร.ม. 145 นอน 145 น้ำ,95/100,https://baan.kaidee.com/product-371075601
อาคารพาณิชย์,"ราคา 18,000,000 บาท","โซนสุเทพ | ย่านเศรษฐกิจ | ใกล้มหาวิทยาลัย | Bright Seeds International Kindergarten | โรงพยาบาลเชียงใหม่ ราม - Chiang Mai Ram Hospital | เจ็ดยอดพลาซ่า - Jed Yod Plaza | เมญ่า ไลฟ์สไตล์ ช้อปปิ้ง เซ็นเตอร์ - Maya Lifestyle Shopping Center | มหาวิทยาลัยรามคำแหง สาขาวิทยบริการเฉลิมพระเกียรติ - Ramkhamhaeng University, Chaloem Phra Kiat Branch | สนามบินนานาชาติเชียงใหม่ - Chiang Mai International Airport",เนื้อที่ทั้งหมด 34 ตร.ว. | เนื้อที่ 34 ตารางวา | 34 ตารางวา 3 นอน 3 น้ำ,95/100,https://baan.kaidee.com/product-371075615
อาคารพาณิชย์,"18,000,000",โซนสุเทพ,เนื้อที่: 34 ตารางวา | เนื้อที่ 34 ตารางวา -,90/100,https://baan.kaidee.com/product-371075616
อาคารพาณิชย์,"ราคา: 18,000,000","โซนสุเทพ | ย่านเศรษฐกิจ | ใกล้มหาวิทยาลัย | Bright Seeds International Kindergarten | โรงพยาบาลเชียงใหม่ ราม - Chiang Mai Ram Hospital | เจ็ดยอดพลาซ่า - Jed Yod Plaza | เมญ่า ไลฟ์สไตล์ ช้อปปิ้ง เซ็นเตอร์ - Maya Lifestyle Shopping Center | มหาวิทยาลัยรามคำแหง สาขาวิทยบริการเฉลิมพระเกียรติ - Ramkhamhaeng University, Chaloem Phra Kiat Branch | สนามบินนานาชาติเชียงใหม่ - Chiang Mai International Airport",เนื้อที่ทั้งหมด 34 ตร.ว. | เนื้อที่ 34 ตารางวา | 34 ตารางวา 3 นอน 3 น้ำ,95/100,https://baan.kaidee.com/product-371075623
อพาร์ตเมนต์,"25,000,000 บาท",โซนช้างม่อย | ย่านเศรษฐกิจ | ใจกลางเมืองเชียงใหม่ | ใกล้โรงเรียนเทศบาลวัดศรีดอนไชย | ใกล้โรงพยาบาลเทศบาลนครเชียงใหม่ | ใกล้ตลาดวโรรส | ใกล้พันธุ์ทิพย์ ไลฟ์สไตล์ ฮับ - เชียงใหม่ | ใกล้มหาวิทยาลัยมหามกุฏราชวิทยาลัย วิทยาเขตล้านนา | ใกล้ท่าอากาศยานนานาชาติเชียงใหม่,เนื้อที่ทั้งหมด 128 ตร.ว. | พื้นที่ใช้สอย 858.45 ตร.ม. 36 นอน 36 น้ำ,95/100,https://baan.kaidee.com/product-371075634
ที่ดิน,"ราคา: 850,000",สันกำแพง เชียงใหม่ | ต.สันกำแพง จ.เชียงใหม่ | ใกล้วัดกอสะเลียม,เนื้อที่: 116 ตารางวา | เนื้อที่ 116 ตารางวา | ที่ดิน 116 ตร.ว. -,95/100,https://baan.kaidee.com/product-371075986
บ้านเดี่ยว,ราคา 1.89 ล้านบาท,โครงการบ้านแสนสุข สันผักหวาน หางดง เชียงใหม่ | ต.สันผักหวาน อ.หางดง จ.เชียงใหม่ | ใกล้เทศบาลสันผักหวาน | บริเวณถนนวงแหวนรอบ 3 ฝั่งด้านหางดง,พื้นที่เริ่มต้น 45 ตร. วา | พื้นที่ใช้สอย 90 ตร. เมตร | เนื้อที่ 45 | เนื้อที่: 45 3 นอน 2 น้ำ,95/100,https://baan.kaidee.com/product-371076420
ที่ดิน,"1,300,000",หมู่ 12 ต.บ้านแหวน อ.หางดง จ.เชียงใหม่ | โซนหางดง | ใกล้กุลพันวิล9 | ใกล้กาดฝรั่ง | สันผักหวาน | สันป่าสัก,เนื้อที่: 100 ตารางวา | เนื้อที่ 100 ตารางวา | หน้ากว้าง 17 ม. ลึก 23 ม. -,95/100,https://baan.kaidee.com/product-371076967
ที่ดิน,"1,300,000",หมู่ 12 ต.บ้านแหวน อ.หางดง จ.เชียงใหม่ | โซนหางดง | ใกล้กุลพันวิล9 | ใกล้กาดฝรั่ง | สันผักหวาน | สันป่าสัก,เนื้อที่: 100 ตารางวา | เนื้อที่ 100 ตารางวา | หน้ากว้าง 17 ม. ลึก 23 ม. -,95/100,https://baan.kaidee.com/product-371076974
ที่ดิน,"ราคา: 1,300,000",หมู่ 12 ต.บ้านแหวน อ.หางดง จ.เชียงใหม่ | โซนหางดง | ใกล้กุลพันวิล9 | ใกล้กาดฝรั่ง | สันผักหวาน | สันป่าสัก,เนื้อที่: 100 ตารางวา | เนื้อที่ 100 ตารางวา | หน้ากว้าง 17 ม. ลึก23 ม. 1 นอน 1 น้ำ,95/100,https://baan.kaidee.com/product-371076984
ที่ดิน,"ราคา: 16,200,000",ต.ช้างคลาน | เมือง เชียงใหม่ | ติดถนนเจริญประเทศ | ย่านช้างคลาน | ใกล้โรงเรียนชั้นนำในเมือง (มงฟอร์ตประถม พระหฤทัย เรยีนาเชลี) | เดินทางเข้าสู่ใจกลางแหล่งช้อปปิ้งและร้านอาหารชั้นนำอย่างรวดเร็ว | พิกัด 18°46'27.1\,เนื้อที่: 135 ตารางวา | เนื้อที่ 135 ตารางวา | 135 ตร.ว. -,95/100,https://baan.kaidee.com/product-371078053
วิลล่า,"ราคา: 5,190,000",ม. 7 ต. ป่าแดด อ. เมืองเชียงใหม่ จ. เชียงใหม่ | ใกล้สนามบินเชียงใหม่ | ใกล้เซ็นทรัลแอร์พอร์ต บิ๊กซี แม็คโคร โรงเรียนนานาชาติหลายแห่ง | ย่านใกล้สนามบินเชียงใหม่,เนื้อที่: 270 ตารางวา | เนื้อที่ 270 ตารางวา | พื้นที่ใช้สอย 185 ตารางเมตร | ที่ดิน 67.5 ตารางวา 4 นอน 3 น้ำ,95/100,https://baan.kaidee.com/product-371078559
บ้านเดี่ยว,"22,000,000","ศรีภูมิ, เมืองเชียงใหม่, เชียงใหม่ | ทำเลทองตัวเมืองเชียงใหม่ย่านการค้าและแหล่งท่องเที่ยว | ใกล้สนามบิน | ใกล้โรงพยาบาล | ใกล้แหล่งการค้าและแหล่งท่องเที่ยว | ใกล้โรงเรียน",เนื้อที่: 86 ตารางวา | เนื้อที่ 86 ตารางวา | ขนาดที่ดิน 86 ตรว 344 ตรม 3 นอน 2 น้ำ,95/100,https://baan.kaidee.com/product-371078965
บ้านเดี่ยว,"22,000,000","ศรีภูมิ, เมืองเชียงใหม่, เชียงใหม่ | ทำเลทองตัวเมืองเชียงใหม่ย่านการค้าและแหล่งท่องเที่ยว | ใกล้สนามบิน | ใกล้โรงพยาบาล | ใกล้แหล่งการค้าและแหล่งท่องเที่ยว | ใกล้โรงเรียน",เนื้อที่: 86 ตารางวา | เนื้อที่ 86 ตารางวา | ขนาดที่ดิน 86 ตรว 344 ตรม 3 นอน 2 น้ำ,95/100,https://baan.kaidee.com/product-371078972
บ้านแฝด,"2,872,170",โครงการบ้านกาญจน์กนก 22 | โซนสันกำแพงสายใหม่-สารภี | ก่อนถึงแยกศรีบัวเงินพัฒนา (สี่แยกพรอมเมนาด้า),เนื้อที่: 141 ตารางเมตร | เนื้อที่ 141 ตารางเมตร | พื้นที่ใช้สอย 141 ตร.ม. 3 นอน 3 น้ำ,95/100,https://baan.kaidee.com/product-371079245
บ้านเดี่ยว,"1,800,000",หนองจ๊อม สันทราย เชียงใหม่ | อยู่ใกล้ตลาดภูดอย 200 เมตร | มีบิ๊กซีมินิ และเซเว่น อยู่ตรงหน้าซอยเดินทางสะดวก | อยู่ใกล้อนามัยบ้านหนองไคร้ 300 เมตร | ใกล้กาแฟพันธุ์ไทย 350 เมตร | ใกล้เซนทรัลเฟส 7 km | ใกล้ไทวัสดุสันทราย 2.3 km | ใกล้โฮมโปรสันทราย 3 km | ใกล้แยกรวมโชค 4 km,เนื้อที่: 60 ตารางวา | เนื้อที่ 60 ตารางวา 2 นอน 2 น้ำ,95/100,https://baan.kaidee.com/product-371079848
บ้านเดี่ยว,"1,800,000",ภูดอย หนองจ๊อม สันทราย | หนองจ๊อม สันทราย | อยู่ใกล้ตลาดภูดอย 200 เมตร | มีบิ๊กซีมินิ และเซเว่น อยู่ตรงหน้าซอยเดินทางสะดวก | อยู่ใกล้อนามัยบ้านหนองไคร้ 300 เมตร | ใกล้กาแฟพันธุ์ไทย 350 เมตร | ใกล้เซนทรัลเฟส 7 km | ใกล้ไทวัสดุสันทราย 2.3 km | ใกล้โฮมโปรสันทราย 3 km | ใกล้แยกรวมโชค 4 km,เนื้อที่: 60 ตารางวา | เนื้อที่ 60 ตารางวา 2 นอน 2 น้ำ,95/100,https://baan.kaidee.com/product-371079854
ที่ดิน,"1,450,000",Hillside Chomtong Fishing Farm บ้านพุทธนิมิตร(แท่นดอกไม้) ซอย 2 ต.สบเตี๊ยะ อ.จอมทอง จ.เชียงใหม่ | ห่างถนนสี่เลนส์ ทล. 108 เชียงใหม่-ฮอด เพียง 900 เมตร | ห่างจากตัวอำเภอจอมทองเพียง 2 กม.,เนื้อที่: 5 ไร่ | เนื้อที่ 5 ไร่ | เนื้อที่ 5 ไร่ 94 ตรว. | รูปแปลงสี่เหลี่ยมผืนผ้า -,95/100,https://baan.kaidee.com/product-371079871
วิลล่า,ราคาขาย 4.15 ล้านบาท / ฟรีโอน,โซนน้ำแพร่หลังที่ว่าการอำเภอหางดง จังหวัดเชียงใหม่ | พิกัดที่ดิน : Pool Villa Hangdong บ้านป่าแป๋ ต.หางดง อ.หางดง จ.เชียงใหม่ | เส้นทางที่ 1 เส้นคลองชลประทาน(แยกน้ำแพร่-ออบขาน) ห่างถนน 4 เลนส์เพียง 1.2 กม. | เส้นทางที่ 2 เส้น108 เชียงใหม่-ฮอด ข้างที่ว่าการอำเภอหางดง ห่างเพียง 1.4 กม.,เนื้อที่ 65 ตารางวา | เนื้อที่ 65 ตารางวา | พื้นที่ใช้สอย 200 ตรม. 3 นอน 4 น้ำ,95/100,https://baan.kaidee.com/product-371080120
บ้านเดี่ยว,"ราคา: 7,000,000",ซอยหมื่นด้ามพร้าคต1 ถนนช้างเผือก ถนนศรีภูมิ เมืองเชียงใหม่ เชียงใหม่ | ซอยหมื่นด้ามพร้าคต1 ถ.ช้างเผือก เมืองเชียงใหม่ เชียงใหม่ | ซอยหมื่นด้ามพร้าคต1 ถนนช้างเผือก (แปลงมุม) | ตำบลช้างเผือก อำเภอเมืองเชียงใหม่ จังหวัดเชียงใหม่,เนื้อที่: 79.8 ตารางวา | เนื้อที่ 79.8 ตารางวา ที่ดิน+บ้านเดี่ยว 79.8 ตร.ว. | ขนาด 79.8 ตร.ว. | เนื้อที่ 79.8 ตรว. | เนื้อที่ดิน 79.8 ตร.วา -,95/100,https://baan.kaidee.com/product-371080213
บ้านเดี่ยว,"6,500,000",เขตเทศบาลเมืองแกน อำเภอแม่แตง จังหวัดเชียงใหม่ | อำเภอเเม่เเตง จังหวัดเชียงใหม่ | ใกล้กาดหลวงเมืองแกน 2.4 กม. | ใกล้กาดแม่มาลัย 11 กม. | ใกล้ รพ . แม่แตง 6.8 กม. | ใกล้เขื่อนแม่งัด 3.7 กม. | ใกล้เทศบาลเมืองแกน 5.1 กม. | ใกล้วัดบ้านเด่น 5.8 กม. | ใกล้สวนพันพรรณ 8.3 กม. | ใกล้ไร่บัวขาว(บัญชาเมฆยิม) 6.8 กม. | ใกล้ดอยหลวงเชียงดาว 33 กม.,เนื้อที่: 1.69 ไร่ | เนื้อที่ 1.69 ไร่ | ขนาด 1 ไร่ 69 ตารางวา | พื้นที่ชั้น 96 ตรม | พื้นที่ชั้น 28 ตรม | พื้นที่ชั้น 17.5 ตรม 3 นอน 5 น้ำ,95/100,https://baan.kaidee.com/product-371080647
บ้านเดี่ยว,"22,000,000","ศรีภูมิ, เมืองเชียงใหม่, เชียงใหม่ | ทำเลทองตัวเมืองเชียงใหม่ | ย่านการค้าและแหล่งท่องเที่ยว | ใกล้สนามบิน | ใกล้โรงพยาบาล | ใกล้แหล่งการค้าและแหล่งท่องเที่ยว | ใกล้โรงเรียน",เนื้อที่ 86 ตรว | ขนาดที่ดิน 86 ตรว 344 ตรม | เนื้อที่: 86 3 นอน 2 น้ำ,95/100,https://baan.kaidee.com/product-371080722
บ้านเดี่ยว,"ราคา: 3,300,000",บนถนนเชียงใหม่-ลำพูน (ต้นยาง) | ห่างจากแยกกองทราย | ใกล้ตัวเมืองเชียงใหม่,เนื้อที่: 70 | เนื้อที่ 70 4 นอน 4 น้ำ,95/100,https://baan.kaidee.com/product-371081274
บ้านเดี่ยว,"ราคา: 1,950,000",อยู่หลังวัดช่างเคิ่ง อ.สารภี ถนนเชียงใหม่-ลำพูน เข้าซอยไปประมาณ 500 เมตร | ใกล้โรงพยาบาล ตลาด,เนื้อที่ 65 ตารางวา | เนื้อที่ 65 ตารางวา 3 นอน 2 น้ำ,95/100,https://baan.kaidee.com/product-371081540
ที่ดิน,"5,400,000",อ.เชียงดาว จ.เชียงใหม่ | ห่างจากตัวเมืองเชียงใหม่แค่ 1 ชั่วโมงครึ่ง | จากถนน หน้าสกร.อำเภอเชียงดาว เข้าซอยมา 800 ม. / 2 นาที | ใกล้ตลาด โลตัส ร้านอาหาร ร้านแฟมากมาย 1-1.5 กม. | ห่างจากที่ว่าการอำเภอเชียงดาว แค่ 1.1 กม.,เนื้อที่: 4 ไร่ | เนื้อที่ 4 ไร่ ที่ดิน อ.เชียงดาว จ.เชียงใหม่ -,95/100,https://baan.kaidee.com/product-371081559
ที่ดิน,"160,000 บาท",บ้านห้วยโจ้ ต.ดอยหล่อ อ.ดอยหล่อ จ.เชียงใหม่ | ติดกับเพื่อนบ้าน | อยู่หลังโรงเรียนดอยหล่อวิทยา | ติดถนนเส้นหลังโรงเรียนดอยหล่อ วิทยา | ไกล้กับสถานีตรวจสอบน้ำหนัก. ดอยหล่อ | ไกล้ถนนสายหลัก เชียงใหม่-ฮอด ประมาณ200เมตรเท่านั้น,เนื้อที่: 70 ตารางวา | เนื้อที่ 70 ตารางวา -,95/100,https://baan.kaidee.com/product-371081926
ที่ดิน,"ราคา: 20,000 เนื้อที่: 809 ตารางวา | ตรว.ละ 20,000 บาท (2 ไร่ 9 ตรว.= 16,180,000 บาท)",อ.สันทราย จ.เชียงใหม่ | ใกล้ ตลาดแม่โจ้ | รพ.สันทราย | มหาวิทยาลัยแม่โจ้ | ด้านหลังติดคลองแม่น้ำคาวสะอาดใส | มองเห็นวิวทิวทัศน์ภูเขา,เนื้อที่: 809 ตารางวา | เนื้อที่ 809 ตารางวา | 2 ไร่ 9 ตรว. -,95/100,https://baan.kaidee.com/product-371082065
ตึกแถว,"ราคา: 5,700,000 เนื้อที่: 17.1 ตารางวา | ราคาขาย 5.7 ล้านบาท","ตึกแถว 5 ชั้น ใกล้โรงเรียนมงฟอร์ตประถม ถ.เจริญประเทศ ต.ช้างคลาน อ.เมือง จ.เชียงใหม่ | ใกล้โรงเรียนมงฟอร์ตประถมเพียง 50 เมตร | ใกล้ รพ.ราชเวช,รพ.เซ็นทรัลเชียงใหม่ เมมโมเรียล,แอดเคิร์ฟ ,KFC ,เซเว่น | โซนช้างคลาน เจริญประเทศ",เนื้อที่: 17.1 ตารางวา | เนื้อที่ 17.1 ตารางวา | พื้นที่ใช้สอย 320 ตรม. | ด้านหน้าตึกกว้าง 4 เมตร | ตัวตึกยาว(ลึก) 18 เมตร 3 นอน 4 น้ำ,95/100,https://baan.kaidee.com/product-371082072
คอนโด,"ราคา: 1,350,000 เนื้อที่: 30 ตารางเมตร | เนื้อที่ 30 ตารางเมตร | ห้องนอน 1 ห้องนอน | ห้องน้ำ 1 ห้องน้ำ | ชั้น 7 | เฟอร์นิเจอร์ ตกแต่งครบ ห้องชุดรีโนเวทใหม่ ซีรีโน่ คอนโด ชั้น 7 พื้นที่ 30 ตรม. รวมระเบียง #วิวสวย #ดอยสุเทพ อยู่ซอยชมจันทร์ตรงข้ามเซ็นทรัลแอร์พอร์ต กั้นห้องนอน แบ่งสัดส่วน สะดวก 👍 ตกแต่งทันสมัย เหมาะกับคนยุคใหม่ 👍 Digital Door Lock สแกนใบหน้า/สแกนนิ้ว 👍 ติดเมือง ใกล้ห้างโรบินสัน และสนามบินเชียงใหม่ 👍 โครงการมีความปลอดภัยด้วยระบบคีย์การ์ดเข้าตึก 🔥ฟรี เฟอร์นิเจอร์ และเครื่องใช้ไฟฟ้า ✔️ บิ้วอินชั้นทีวี พร้อมเตาผิงไฟ สวยๆ ✔️ Smart TV 4K 55\","ซอยชมจันทร์ | ตรงข้ามเซ็นทรัลแอร์พอร์ต | ย่านช้างคลาน เชียงใหม่ | ใกล้สนามบินเชียงใหม่ | ใกล้ห้างโรบินสัน | ใกล้ Big C หางดง | ใกล้มีโชคพลาซ่า | ใกล้รวมโชคมอล | 2 นาที ถึง Central Chiangmai Airport | 2 นาที ถึง Lotus หางดง | 4 นาที ถึง Big C หางดง, มีโชคพลาซ่า, รวมโชคมอล | 5 นาที ถึง สนามบินเชียงใหม่",เนื้อที่: 30 ตารางเมตร | เนื้อที่ 30 ตารางเมตร | พื้นที่ 30 ตรม. | รวมระเบียง 1 นอน 1 น้ำ,95/100,https://baan.kaidee.com/product-371082305
คอนโด,ราคาเพียง 1.38 ล้านบาท,ศรีอนันต์คอนโด โซนฟ้าฮ่าม | ติดถนนซุปเปอร์ไฮเวย์ | จังหวัดเชียงใหม่ | เขตแก้วนวรัฐ | ใกล้โรงพยาบาลเทพปัญญา | ใกล้เซ็นทรัล เชียงใหม่ | ใกล้มหาวิทยาลัยพายัพ | ใกล้โรงเรียนปรินส์รอยแยลส์วิทยาลัย | ใกล้ตลาดเมืองใหม่,ขนาดห้อง 38 ตร.ม. | เนื้อที่ 38 ตารางเมตร | พื้นที่ใช้สอย 38 ตร.ม. 2 นอน 1 น้ำ,95/100,https://baan.kaidee.com/product-371082318
บ้านเดี่ยว,"14,000,000",บริเวณสันทราย เชียงใหม่ | ห่างจากเซ็นทรัลเชียงใหม่(เซ็นเฟส) 4 กิโลเมตร เดินทาง 9 นาที | ห่างจากตลาดสามแยก 2 กิโลเมตร เดินทาง 5 นาที | ห่างจากที่ว่าการอำเภอสันทราย เทศบาลสันทราย และ👮🏻‍♂️สถานีตำรวจสันทราย 2 กิโลเมตร เดินทาง 5 นาที | ห่างจากทางต่างระดับแม่กวง 500 เมตร เดินทาง 2 นาที | ห่างจากโลตัส โกเฟรช สันทราย 500 เมตร เดินทาง 3 นาที | ห่างจากเมต้ามอลล์-ริมปิง 200 เมตร,เนื้อที่: 144 ตารางวา | เนื้อที่ 144 ตารางวา | พื้นที่ชั้น 144 ตารางวา 5 นอน 4 น้ำ,95/100,https://baan.kaidee.com/product-371082590
คอนโด,"ราคา 1,080,000","ลานนาคอนโด ใกล้โปลิ,รพ.ลานนา | ใกล้ Central Festival Lotus คำเที่ยง Lotus รวมโชค, มีโชคพลาซ่า, รวมโชคมอล ม.ราชภัฏ, ห้างMaya, โซนนิมมาน",เนื้อที่: 27 ตารางเมตร | เนื้อที่ 27 ตารางเมตร | พื้นที่ใช้สอย 27 ตร.ม. 1 นอน 1 น้ำ,85/100,https://baan.kaidee.com/product-371083156
คอนโด,"ราคา: 1,080,000","ลานนาคอนโด ใกล้โปลิ,รพ.ลานนา | ใกล้ Central Festival Lotus คำเที่ยง Lotus รวมโชค, มีโชคพลาซ่า, รวมโชคมอล ม.ราชภัฏ, ห้างMaya, โซนนิมมาน | พิกัด https://maps.app.goo.gl/Ak7FumjbDe827MSe7",เนื้อที่: 27 ตารางเมตร | เนื้อที่ 27 ตารางเมตร | พื้นที่ใช้สอย 27 ตร.ม. 1 นอน 1 น้ำ,85/100,https://baan.kaidee.com/product-371083186
คอนโด,"ราคา: 1,380,000",ลานนาคอนโด อาคาร A ชั้น 6 ห้อง 602 | ย่านนิมมานเหมินทร์ | เชียงใหม่,เนื้อที่: 32 ตารางเมตร | เนื้อที่ 32 ตารางเมตร | ขนาด 32 ตรม. 1 นอน 1 น้ำ,95/100,https://baan.kaidee.com/product-371083196
ที่ดิน,"ราคา: 11,500 เนื้อที่: 200 ตารางวา | แปลง A พื้นที่ 200 ตร.ว. @ละ 12,500 | แปลง B พื้นที่ 200 ตร.ว. @ละ 11,500 | แปรง C พื้นที่ 649 ตร.ว. @ละ 11,500",ป่าไผ่ แม่โจ้ เชียงใหม่ | ป่าไผ่ แม่โจ้ เชียงใหม่ | ใกล้ ม.แม่โจ้เชียงใหม่ | Google maps VisaView lll https://maps.app.goo.gl/hHpVKdkNZHNx6tye7?g_st=ipc,เนื้อที่ 200 ตารางวา | เนื้อที่ 200 ตารางวา | พื้นที่ 200 ตร.ว. | พื้นที่ 200 ตร.ว. | พื้นที่ 649 ตร.ว. -,95/100,https://baan.kaidee.com/product-371083411
บ้านเดี่ยว,"ราคา: 2,200,000 เนื้อที่: 72 ตารางวา | เนื้อที่ 72 ตารางวา | ห้องนอน 3 ห้องนอน | ห้องน้ำ 2 ห้องน้ำ | เฟอร์นิเจอร์ มีบางส่วน | ปีที่สร้างเสร็จ 2014 บ้านพร้อมที่ดิน 🏘️ ขายบ้านพร้อมที่ดิน 🏘️ ✨ ราคาขาย 2.2 ล้านบาท ทำเลดี เดินทางสะดวก 🎋ฟรีโอน 🌴พิกัด หมู่บ้านปวริศา สันทราย 📌พื้นที่ 72 ตรว. - ตรม. 🛏 3 ห้องนอน 🛀 2 ห้องน้ำ 🛋️ 1 ห้องนั่งเล่น 🧑🏾‍🍳 1 ห้องครัว 🔻1 ห้องอเนกประสงค์ 🚗พื้นที่จอดรถ 2 คัน 📍 ข้อมูลการเดินทาง📍 🔻ที่ว่าการไปรษณีย์สันทราย 🔻ที่ว่าการอำเภอสันทราย 🔻 ร้านสะดวกซื้อซื้อ 7-11 โลตัสโกเฟรช 🔻รพ.กรุงเทพ 🔻เซ็นทรัลเฟสติวัล ส่วนกลางเบื้องต้น 👮🏻‍♀️ระบบรักษาความปลอดภัย 24 ชม. 📲สนใจติดต่อ 0️⃣6️⃣2️⃣4️⃣2️⃣3️⃣1️⃣3️⃣8️⃣5️⃣ คุณแดงรับสาย 🙏 รับจัดหาบ้าน คอนโด ที่ดิน ให้ตามความต้องการ ยินดีให้คำปรึกษาฟรี 🙏 🏘️ House and land for sale 🏘️ ✨ Selling price: 2.2 million baht. Great location, convenient transportation. 🎋Free transfer fee. 🌴Location: Pawarisa Village, San Sai. 📌Area: 72 sq m. - sq wa. 🛏 3 bedrooms 🛀 2 bathrooms 🛋️ 1 living room 🧑🏾‍🍳 1 kitchen 🔻 1 multipurpose room 🚗 Parking for 2 cars 📍 Travel Information📍 🔻 San Sai Post Office 🔻 San Sai District Office 🔻 7-11, Lotus's Go Fresh convenience store 🔻 Bangkok Hospital 🔻 Central Festival Basic facilities 👮🏻‍♀️24-hour security system 📲Contact 0️⃣6️⃣2️⃣4️⃣2️⃣3️⃣1️⃣3️⃣8️⃣5️⃣ for inquiries. Khun Daeng will answer your call. 🙏 We can help you find houses, condos, and land based on your needs. We offer free consultations. 🙏","หมู่บ้านปวริศา สันทราย | ที่ว่าการไปรษณีย์สันทราย | ที่ว่าการอำเภอสันทราย | ร้านสะดวกซื้อซื้อ 7-11 โลตัสโกเฟรช | รพ.กรุงเทพ | เซ็นทรัลเฟสติวัล | San Sai Post Office | San Sai District Office | 7-11, Lotus's Go Fresh convenience store | Bangkok Hospital | Central Festival",เนื้อที่: 72 ตารางวา | เนื้อที่ 72 ตารางวา | พื้นที่ 72 ตรว. - ตรม. 3 นอน 2 น้ำ,95/100,https://baan.kaidee.com/product-371083522
บ้านเดี่ยว,"12,500,000",ฮาบิแทท รวมโชค | ติดถนนสมโภชเชียงใหม่ 700 ปี | ย่านวงแหวนรอบกลาง | เชียงใหม่ | https://goo.gl/maps/xVSNg6KBQ9CwaEoM8,เนื้อที่: 247 ตารางเมตร | เนื้อที่ 247 ตารางเมตร | พื้นที่ใช้สอย 247 ตร.ม. 4 นอน 6 น้ำ,95/100,https://baan.kaidee.com/product-371083528
คอนโด,"ราคา: 1,480,000","ลานนาคอนโด ตึกB | 3 นาที ถึง Central Festival | 1 นาที ถึง Lotus คำเที่ยง | 4 นาที ถึง Big C Extra, Lotus รวมโชค, มีโชคพลาซ่า, รวมโชคมอล | 5 นาที ถึง ม.ราชภัฏ, ห้างMaya, โซนนิมมาน",เนื้อที่: 38 ตารางเมตร | เนื้อที่ 38 ตารางเมตร | พื้นที่ 38 ตร.ม. 1 นอน 1 น้ำ,95/100,https://baan.kaidee.com/product-371083694
บ้านเดี่ยว,"4,990,000",สันทราย | สันพระเนตร | เชียงใหม่ | ใกล้เซ็นทรัลเฟสติวัล | ใกล้ Meta Mall,เนื้อที่ 50 | พื้นที่ใช้สอย 200 ตร.ม. 4 นอน 3 น้ำ,95/100,https://baan.kaidee.com/product-371084538
บ้านแฝด,"4,290,000",สันทราย | สันพระเนตร | โครงการ HOLM 2 | เชียงใหม่ | ใกล้เซ็นทรัลเฟสติวัล | ใกล้ Meta Mall,เนื้อที่: 36 | พื้นที่ใช้สอยกว้าง 154 ตร.ม. 3 นอน 3 น้ำ,95/100,https://baan.kaidee.com/product-371084545
บ้านเดี่ยว,"ราคา: 9,900,000",ใจกลางเมืองเชียงใหม่ | ติดถ.ซุปเปอร์ไฮเวย์เพียง 200 ม. | ตรงข้ามเซ็นทรัลเฟสติวัล | โครงการ Monotown Studio,เนื้อที่: 300 | เนื้อที่ 300 | 300 sq.m. for Work & Life 1 นอน 5 น้ำ,95/100,https://baan.kaidee.com/product-371084850
บ้านเดี่ยว,"80,000,000",บ้านถวาย เชียงใหม่,เนื้อที่ 3.5 ไร่ -,90/100,https://baan.kaidee.com/product-371086187
ที่ดิน,"285,000,000 เนื้อที่: 25 ไร่",ถนนวงแหวนรอบนอก (121) อ.สันทราย | อำเภอเมืองเชียงใหม่ จังหวัดเชียงใหม่ | ห่างจากสี่แยกเทพปัญญา 5 กม.,"เนื้อที่ 25 ไร่ | เนื้อที่ 25 ไร่ | พื้นที่ 20,000 ตารางเมตร | พื้นที่ 13,000 ตารางเมตร -",95/100,https://baan.kaidee.com/product-371086247
ที่ดิน,"1,750,000 บาท",แม่ริม จ.เชียงใหม่ | ใกล้ กาดฝรั่งแม่ริม | สนามกอล์ฟกรีนวัลเล่ย์ | รพ.วัดนอนขอนตาล | รพ.สันทราย,เนื้อที่ 142 ตร.ว. | หน้ากว้าง 40 เมตร -,95/100,https://baan.kaidee.com/product-371087209
ที่ดิน,"4,500,000",ติดหมู่บ้าน ไนน์ตี้ ไนน์ อเวนิว (99 Avenue),เนื้อที่: 1 ไร่ | เนื้อที่ 1 ไร่ ที่ดิน 1 ไร่ 1 งาน -,90/100,https://baan.kaidee.com/product-371087501
อาคารพาณิชย์,"ราคา 6,800,000 เนื้อที่: 15.2 ตารางวา",ย่านสะพานคลองแม่ข่า | ตึกแถว สี่แยก รพ.แม่และเด็ก (ใกล้สะพานคลองแม่ข่า) | ถนนระแกง | ต.ช้างคลาน | อ.เมืองเชียงใหม่ | จ. เชียงใหม่,เนื้อที่ 15.2 ตารางวา | เนื้อที่: 15.2 ตารางวา | หน้ากว้าง 4 เมตร ลึก 15 เมตร -,95/100,https://baan.kaidee.com/product-371087960
คอนโด,"ราคา: 1,990,000",โครงการ Arise Hill สันทราย | ทำเลที่ตั้งสำนักงานขาย : https://maps.app.goo.gl/WysfmYU5Y1wKsTNZA,เนื้อที่: 27 ตารางเมตร | เนื้อที่ 27 ตารางเมตร | พื้นที่ใช้สอย 27-32 ตร.ม. 1 นอน 1 น้ำ,95/100,https://baan.kaidee.com/product-371088634
