Post_URL,Full_Post_Content
https://www.facebook.com/groups/homerentcm/posts/25388824220754690/,บ้านว่างให้เช่าเดือนละ 5000 บาทโซนหน้าศาลากลางเชียงใหม่ในหมู่บ้านเทียมพรทาวน์เฮ้าส์ 2 ชั้น- 2ห้องนอน- 1 ห้องน้ำ- 1 ห้องนั่งเล่น- 1 ห้องครัว-1 ที่จอดรถในบ้าน(หน้าบ้านอีก1)- แอร์ 1 ห้องนอน- เครื่องทำน้ำอุ่น* น้ำไฟชำระเองตามบิลไม่มีบวกเพิ่มเข้าอยู่ ล่วงหน้า 1 เดือน 5000 บาท ประกัน 10000 บาทสนใจติดต่อ 0825566147 คุณ ก็อต หรือ in box สอบถามได้ครับ
https://www.facebook.com/groups/homerentcm/posts/25387194854250960/,"4 ห้องนอน 3 ห้องน้ำ - บ้านหมู่บ้านสวนนนทรี, หนองจ๊อม, หมู่ที่ 2, เชียงใหม่ 50210, ประเทศไทยบ้านเช่าหลังใหญ่ ใกล้เมือง ราคาถูก หมู่บ้านสวนนนทรี ขนาด 4 ห้องนอน 3 ห้องน้ำ ที่ดิน 100 ตรว. จอดรถ 2 คัน แอร์ 5 น้ำอุ่น 2 เลี้ยงสัตว์เลี้ยงได้ค่าเข่า 18,000 บาท/เดือน ( สัญญา 1 ปี)ค่าประกัน 2 เดือน จ่ายล่วงหน้า 1 เดือน ( รวมจ่าย 3 เดือน เข้าอยู่ได้เลย) หมู่บ้านอยู่ตรงข้ามกาดรวมโชคไม่รับคนจีนสนใจทักด่วนค่ะ 081-8843882 แหม่มค่ะ"
https://www.facebook.com/groups/homerentcm/posts/25387220054248440/,"ให้เช่า The Kanava condo แยกรวมโชค (คอนโดใหม่)• 1 ห้องนอน 1 ห้องน้ำ 1 ห้องรับแขก 1 ห้องครัว• 38 ตารางเมตร ชั้น 7 วิวแม่น้ำและดอยสุเทพ• เฟอร์นิเจอร์ครบ - แอร์ 2 - เครื่องทำน้ำร้อน 1 - โซฟา โต๊ะอาหาร เตียง ตู้เสื้อผ้า โต๊ะเครื่องแป้ง - ทีวี ตู้เย็น ไมโครเวฟ เครื่องซักผ้า• Digital door locks, face scan, Bluetooth • ส่วนกลาง สระว่ายน้ำ ฟิตเนส co-working room ให้เช่า 16,000 บาท/เดือน สัญญา 1 ปี ประกัน 2 เดือน + ล่วงหน้า 1 เดือน The Kanava condo for rent. Located at Ruamchok area. (Brand new condo)• 1 bedroom 1 bathroom 1 living room 1 kitchen. • 38 square meter, 7th floor, river and mountain view.• fully furnished - 2 air conditioning - 1 hot shower - sofa, dining table, bedroom set - tv, fridge, microwave, washing machine • digital door locks • pool, gym, face scan, Bluetooth, co-working room Rent at 16,000 Baht / month. 1 year contract, 2 months deposit + 1 month in advance.Contract: 088-2536361 #รับโคเอเจ้นท์"
https://www.facebook.com/groups/homerentcm/posts/25385663021070810/,"For rent in Ornsirin Village 3Land area: 85.5 square wah, usable area: 120 square meters3 bedrooms 3 bathroomsAdd furniture photos and reduced rent price25,000 baht/month, 1-year contract(2-month security deposit + 1 month advance rent)Free common area feesFree home internetFree lawn mowing every 2 monthsFree termite and insect spraying every month until June 2026New furniture and appliancesDigital Door Lock24,200 BTU inverter air conditioner downstairs16.7 cubic feet 4-door refrigeratorDining table with 4 chairsCoffee tableKitchen cabinets2-tier stainless steel dish rackMicrowaveWater heater in master bedroomNew mattress, wardrobe, and mirror cabinet in 3rd room360-degree dust-proof and dust-mite-proof bed covers for 3 bedroomsRain showers in both bathroomsCold water faucets in all 3 bathroomsBidet hoses in all 3 bathroomsSink faucetsIncludes furniture and appliances:- 2 water heaters- 4 air conditioners- Refrigerator- Washing machine- Range hood, gas stove- Display cabinet- Sofa- Coffee table- Dining table with 4 chairs- Kitchen cabinets- 55-inch smart TV- TV cabinet- 2-tier stainless steel dish racks- Microwave- Bed, mattress, wardrobe, glass cabinets for 3 bedrooms- 2 keycards- 2 fansFacilities: 24-hour security Communal swimming pool Fitness center CCTV Lawn area surrounding the projectNearby places:Near Charoen Charoen MarketNear Uitha MarketNear Tha Ruea MarketNear Central FestivalNear Mill Hill International School ThailandThere is a barbecue restaurant in front of the village. No pets allowed.Contact us to schedule a house viewing via Line: housetwo68"
https://www.facebook.com/groups/homerentcm/posts/25387839737519805/,"บ้านสองชั้น ปล่อยเช่าและขาย ใกล้เซ็นทรัลเฟสฯ 3 กิโลเมตร ใกล้ตลาด 3 แยก 2 กิโลเมตร ใกล้ Meta Mall 2 กิโลเมตรใกล้โฮมโปรสันทราย 700 เมตรใกล้โลตัส โกเฟรช ซูเปอร์มาร์เก็ต 1.2 กิโลเมตร พิกัดโซนสันทราย น้ำไม่ท่วมแน่นอนราคาขาย บาทราคาเช่าเพียง /เดือนพื้นที่ 58 ตารางวาพื้นที่ใช้สอยเยอะมาก4 ห้องนอน 2 ห้องน้ำ1 ห้องครัว 1 ห้องนั่งเล่นห้องใต้บันไดจอดรถได้ 2 คันพร้อมเฟอร์นิเจอร์แอร์ 2 ตัวเครื่องซักผ้าตู้เย็นเตาแก๊สโต๊ะกินข้าวพร้อมเก้าอี้ชั้นวางของตู้เสื้อผ้าเครื่องทำน้ำอุ่น 2 ห้องซิงค์ล้างจานแท้งค์น้ำโลเคชั่น เดอะ พาทิโอ (The Patio)ติดต่อสอบถามเพิ่มเติมโทร : 085-961-2580(คุณหมวย)**ไม่รับสัตว์เลี้ยงนะคะ**------------------------------------------ 2 storey house for sale and rent 3kms from Central Chiang Mai 2kms from Sam-Yak fresh market 2kms from Meta Mall700 meters from HomePro1.2kms from Lotus's Go Fresh Located in San Sai area This area has never been flooeded3,500,000 THB for sale15,000 THB/month0.573 acrePlenty of space4 bedrooms / 2 bathrooms1 kitchen / 1 living roomStorage room2 car slots garageFurniture included2 air conditionersWashing machineRefrigeratorStoveDining table and chairsShelfWardrobe2 water heatersKitchen sinkWater tankWhere is this place located **The Patio**For more informationsTel : 085-961-2580 (TH)Tel : 097-238-8476 (EN)**Pet is strictly prohibitted**"
https://www.facebook.com/groups/homerentcm/posts/25386979627605816/,"3 Beds 2 Baths - Houseวัดดอนแก้ว, ดอนแก้ว, หมู่ที่ 2, เชียงใหม่ 50180, ประเทศไทยบ้านให้เช่า หมู่9 บ้านสบสา-หนองฟาน ซ.11 อ.แม่ริม จ.เชียงใหม่ (น้ำไม่ท่วม)3 ห้องนอน 2ห้องน้ำ - มีแอร์ทุกห้อง- ตู้เย็น- เครื่องทำน้ำอุ่น- ที่นอน 2ห้องเดือนละ 7,000 บาท จ่ายล่วงหน้า 2เดือน- โรงพยาบาลนครพิงค์ 5 กิโล- ศาลากลางเชียงใหม่ 8 กิโล- สนามบินเชียงใหม่ 18 กิโล- เซนเฟส 13 กิโล- กาดฝรั่งแม่ริม 7 กิโลสอบถามเพิ่มเติม messager หรือ โทร 092-9955188 ติดต่อเพื่อดูบ้าน ที่ ครัววาสนา@แอ"
https://www.facebook.com/groups/homerentcm/posts/25387873744183071/,"2 ห้องนอน 2 ห้องน้ำ - บ้านสันทราย, เทศบาลนครเชียงใหม่, จังหวัดเชียงใหม่ 50210เปิดจองบ้านเช่าหมู่บ้านธันยากร หลังเซเว่นหลิ่งมื่นเข้าซอย 20 เมตร ห่างจากเเม่โจ้ 700 เมตรราคาเดือนละ 7000ประกันบ้าน 14,000( ประกันผ่อนจ่ายใด้ 2 งวด) เข้าอยู่จ่ายเพียง 21,000บาท 2 ห้อง 2 ห้องนำ้ 1 รับเเขก 1 ครัว 1 จอดรถยนต์ ห่างจากมอเเม่โจ้ 500 เมตร หลังเซเว่นหลิ่งมื่น พร้อมเข้าอยู่ ต้น ธันวาคม 2568ในบ้านมี ตู้เย็นโต๊ะกินข้าวซิ้งค์ล้างจานเครื่องทำนำ้อุ่นเตียงนอนพร้อมที่นอนผ้าม่านเเอร์ในห้องนอน 2 ตัวงดสัตว์เลี้ยงค่าส่วนกลางถูกมากปีละ 960 บาทสนใจติดต่อพี่เอ 0959591641งดรับนายหน้าค่ะ"
https://www.facebook.com/groups/homerentcm/posts/25386810707622708/,บ้านแฝด สีน้ำตาลว่างห้องซ้าย แถววงแหวนรอบสอง สันทราย สี่แยกแม่กวงก่อนถึงตลาดแม่กวง ฝั่งขาเข้าเมืองห่างจากเซนทรัลเฟสติวัล มาทางดอยสะเก็ดประมาณ 5 กม.ห่างจากกาดสามแยก ประมาณ 4 กมบ้านอยู่ในสวนส่วนบุคคล เหมาะกับคนรักธรรมชาติเงียบสงบ สะอาด ปลอดภัยเจ้าของไม่จู้จี้ คุยง่ายเดินทางเข้าเมืองสะดวก รถไม่ติด 2 ห้องนอน 1 ห้องน้ำ 1 ห้องครัวให้เช่า 3500 บาท/เดือน ไม่รวมค่าน้ำค่าไฟประกันเพียง 1 เดือน สามารถติดอินเตอร์เนตเองได้รับคนวัยทำงานNo TM30งดเลี้ยงสัตว์สนใจรายละเอียดติดต่อ 0888049812
https://www.facebook.com/groups/homerentcm/posts/25385668504403595/,บ้านเช่า หลังใหญ่ เฟอร์นิเจอร์ครบ 3ห้องนอน 3 ห้องน้ำ แอร์ครบทุกห้อง 5ตัว เครื่องทำน้ำอุ่น ตู้เย็น ชุดโต๊ะกินข้าว โซฟา โทรทัศน์ จอดรถได้ 3-4คัน บ้านรีโนเวทใหม่ เดินทางสะดวก บ้านในโครงการ สะดวก ปลอดภัย มี รปภ.24ชั่วโมง สนใจนัดดูบ้านได้ แถวสันกำแพง0932596806
https://www.facebook.com/groups/homerentcm/posts/25386545934315852/,"2 ห้องนอน 2 ห้องน้ำ - บ้านสารภี, เทศบาลนครเชียงใหม่, จังหวัดเชียงใหม่ 50140"
https://www.facebook.com/groups/homerentcm/posts/25382721954698250/,"3 ห้องนอน 3 ห้องน้ำ - บ้านถนน ป่าตัน, ป่าตัน, เชียงใหม่, เชียงใหม่ 50300, ประเทศไทยบ้านว่างให้เช่าเดือนล่ะ 8000 บ้าน100ตาราวา มีโรงจอดรถกว้าง ขวางต่อเติมข้างบ้าน มีห้องนั่งเล่นบ้านกว้างๆ มีแอร์ 1ตัวเครื่องทำน้ำอุ่น2มีตู้ มีเตียง ใกล้กับโรงพยาบาลลานนา ใกล้ศูนย์ราชการเชียงใหม่ ใก้ลกับโปลิ ใกล้รวมโชค ใกล้เซ็นทรัลเฟส สัญญา 1ปี ประกัน2 ล่วงหน้า 1เดือนสนใจติดต่อนัดดูบ้าน0935891780 ฝน ไอดี0987809038"
https://www.facebook.com/groups/homerentcm/posts/25388299414140504/,"บ้านเช่า ย่านหนองหอย พิกัดด้านหลัง KFC drivethru มหิดลราคา 2,500฿ /เดือน (ค่าไฟหน่วย8฿ ค่าน้ำปะปาเหมาจ่าย100฿)1 ห้องรับแขก1 ห้องนอน1 ห้องครัว1 ห้องน้ำเฟอร์นิเจอร์ภายในห้องเตียงนอนที่แขวนเสื้อผ้าแอร์เครื่องทำน้ำอุ่นมีที่จอดรถจักรยานยนต์ พร้อมเครื่องซักผ้าหยอดเหรียญทางบ้านพักขอสงวนไม่รับเด็กเล็ก,นักเรียน,ผู้มีสัตว์เลี้ยง และบุคคลที่ไม่มีสัญชาติไทยค่ะติดต่อสอบถามเพิ่มเติมโทร 081-9609054 หรือแอดlineเบอร์โทร 081-9609054 ค่ะ"
https://www.facebook.com/groups/homerentcm/posts/25388478367455942/,"ให้เช่าคาเฟ่พร้อมห้องพัก 8,000 สุดคุ้มค่า! เคยเปิดคาเฟ่มาก่อน ทำเลดีมากกก ตรงข้ามเทศบาล ใกล้ตลาดท่ารั้ว แค่ 5 นาที!หน้าร้านติดถนน มีประตูกระจกสวยๆ พร้อมเปิดร้านได้ทันที จะทำคาเฟ่เล็กๆ ร้านเบเกอรี่ มินิมอลออฟฟิศ หรือบ้านพักก็ดีหมดเลย รายละเอียดครบ พร้อมเข้าอยู่ได้เลยจ้า! 2 ห้องนอน (มีเตียง) 2 ห้องน้ำ แอร์ 3 ตัว ครัวแยก จอดรถได้ 4–5 คัน มีโซลาร์เซลล์ ประหยัดค่าไฟสุดๆ ไม่มีโต๊ะ เก้าอี้ ตู้เย็นนะคะ ประกัน 2 เดือน + ล่วงหน้า 1 เดือน เข้าอยู่ได้เลยจ้า ทำเลดีโซนท่ารั้ว เดินทางสะดวก ใกล้ทุกอย่าง!#รับฝากอสังหาริมทรัพย์ให้เช่า#รับหาบ้านเช่าในเชียงใหม่#รับหาบ้านเช่าในจังหวัดเชียงใหม่#บ้านเช่าตามงบเชียงใหม่#หาบ้านเช่าตามโลเคชั่นเชียงใหม่#เชียงใหม่บ้านเช่า#บ้านเช่าเชียงใหม่@เชียงใหม่Line official : @709pypxeTel : 0834705654Page : บ้านเช่า เชียงใหม่"
https://www.facebook.com/groups/homerentcm/posts/25388285340808578/,"3 ห้องนอน 2 ห้องน้ำ ป่างิ้วน้ำไม่ท่วม มีพื้นที่บ้านบริเวณกว้างขวาง7,000 ไม่มีแอร์ 8,000 มีแอร์ 1 ห้องค่ะประกัน 10,000 (เข้าอยู่จ่ายทั้งหมด 17,000)ค่าน้ำฟรี ค่าไฟตามบิลค่ะ พิกัดสารภีป่างิ้วใกล้ดับท่าวังตาลสารภีเลี้ยงสัตว์ได้ สอบถามเพิ่มเติม 0930391151คุณชิง"
https://www.facebook.com/groups/homerentcm/posts/25382775641359548/,"ปล่อยเช่า บ้านสไตล์มินิมอล พร้อมเฟอร์ครบบ้านสวย สะอาด น่าอยู่มาก เฟอร์นิเจอร์ + เครื่องใช้ไฟฟ้าครบหิ้วกระเป๋าเข้าอยู่ได้เลย ค่าเช่า : 15,000 บาท/เดือนมัดจำ 2 เดือน + ล่วงหน้า 1 เดือน รายละเอียดบ้าน • 2 ห้องนอน + 1 ห้องโล่งอเนกประสงค์ • 2 ห้องน้ำ • 1 ห้องครัว • 1 ที่จอดรถ • พื้นที่ 35 ตร.วา • พื้นที่ใช้สอย 140 ตร.ม. จุดเด่นของบ้าน • เข้า–ออกง่าย ซอยแรก หลังที่สอง • ทะลุออกได้หลายเส้นทาง เดินทางสะดวกมาก • ทำเลดี อยู่เองก็ดี ปล่อยเช่าก็คุ้ม • มีที่จอดรถเพียงพอ • นิติบุคคลดูแลดี พื้นที่สะอาด ปลอดภัย • มี รปภ. ดูแลตลอด • พร้อมเฟอร์ + เครื่องใช้ไฟฟ้าครบ รายการเฟอร์นิเจอร์ / เครื่องใช้ไฟฟ้า 1. แอร์ 3 เครื่อง 2. เครื่องทำน้ำอุ่น 1 3. ตู้เย็น 4. ทีวี + ชั้นวาง 5. เตาไฟฟ้า + กาน้ำร้อน 6. โซฟา + โต๊ะกระจก 7. โต๊ะอาหาร + เก้าอี้ 4 ตัว 8. ตู้เสื้อผ้า + โต๊ะเครื่องแป้ง 9. เตียงนอน 2 + โต๊ะข้างเตียง 2 10. ปั๊มน้ำ + ถังเก็บน้ำ 1,000 ลิตร 11. หม้อทอดไร้น้ำมัน + หม้อหุงข้าว การเดินทาง/สถานที่ใกล้เคียง • 3 นาที : กาดผักหวาน • 9 นาที : บิ๊กซีแม่เหียะ / กาดฝรั่ง / ไนท์ซาฟารี / สวนราชพฤกษ์ • 9 นาที : รร.สารสาสน์วิเทศล้านนา • 10 นาที : SBS / Little Stars / Meritton British • 12 นาที : APISP / BCIS • 15 นาที : Panyaden International School • 10 นาที : รพ.ใกล้หมอ • 16 นาที : 89 พลาซ่า • 18 นาที : สนามบินเชียงใหม่ สนใจติดต่อสอบถาม 065-416-9932 Line: @bandee.chiangmai#บ้านให้เช่าเชียงใหม่ #บ้านแม่เหียะ #บ้านสันผักหวาน#บ้านพร้อมอยู่ #บ้านมินิมอล #บ้านหางดง #บ้านใกล้รรนานาชาติ Minimal Style House for Rent — Fully Furnished! ปล่อยเช่า บ้านสไตล์มินิมอล พร้อมเฟอร์ครบ บ้านสวย สะอาด น่าอยู่มากเฟอร์นิเจอร์ + เครื่องใช้ไฟฟ้าครบหิ้วกระเป๋าเข้าอยู่ได้เลย ค่าเช่า : 15,000 บาท/เดือนมัดจำ 2 เดือน + ล่วงหน้า 1 เดือน รายละเอียดบ้าน • 2 ห้องนอน + 1 ห้องโล่งอเนกประสงค์ • 2 ห้องน้ำ • 1 ห้องครัว • 1 ที่จอดรถ • พื้นที่ 35 ตร.วา • พื้นที่ใช้สอย 140 ตร.ม. จุดเด่นของบ้าน • เข้า–ออกง่าย ซอยแรก หลังที่สอง • ทะลุออกได้หลายเส้นทาง เดินทางสะดวกมาก • ทำเลดี อยู่เองก็ดี ปล่อยเช่าก็คุ้ม • มีที่จอดรถเพียงพอ • นิติบุคคลดูแลดี พื้นที่สะอาด ปลอดภัย • มี รปภ. ดูแลตลอด • พร้อมเฟอร์ + เครื่องใช้ไฟฟ้าครบ รายการเฟอร์นิเจอร์ / เครื่องใช้ไฟฟ้า 1. แอร์ 3 เครื่อง 2. เครื่องทำน้ำอุ่น 1 3. ตู้เย็น 4. ทีวี + ชั้นวาง 5. เตาไฟฟ้า + กาน้ำร้อน 6. โซฟา + โต๊ะกระจก 7. โต๊ะอาหาร + เก้าอี้ 4 ตัว 8. ตู้เสื้อผ้า + โต๊ะเครื่องแป้ง 9. เตียงนอน 2 + โต๊ะข้างเตียง 2 10. ปั๊มน้ำ + ถังเก็บน้ำ 1,000 ลิตร 11. หม้อทอดไร้น้ำมัน + หม้อหุงข้าว การเดินทาง/สถานที่ใกล้เคียง • 3 นาที : กาดผักหวาน • 9 นาที : บิ๊กซีแม่เหียะ / กาดฝรั่ง / ไนท์ซาฟารี / สวนราชพฤกษ์ • 9 นาที : รร.สารสาสน์วิเทศล้านนา • 10 นาที : SBS / Little Stars / Meritton British • 12 นาที : APISP / BCIS • 15 นาที : Panyaden International School • 10 นาที : รพ.ใกล้หมอ • 16 นาที : 89 พลาซ่า • 18 นาที : สนามบินเชียงใหม่ สนใจติดต่อสอบถาม 065-416-9932 Line: @bandee.chiangmai#บ้านให้เช่าเชียงใหม่ #บ้านแม่เหียะ #บ้านสันผักหวาน#บ้านพร้อมอยู่ #บ้านมินิมอล #บ้านหางดง #บ้านใกล้รรนานาชาติ⸻ Minimal Style House for Rent — Fully Furnished!Beautiful & cozy house, fully furnished, move-in ready! Rent: 15,000 THB/monthDeposit 2 months + 1-month advance Property Details • 2 Bedrooms + 1 multipurpose room • 2 Bathrooms • 1 Kitchen • 1 Parking space • Land size: 35 sq.wah • Usable area: 140 sq.m. Highlights • Easy access — first alley, second house • Multiple connecting routes, very convenient • Great location for living or renting out • Well-maintained, secure, clean environment • Security guard on duty • Fully furnished with all appliances Included Furniture & Appliances • 3 Air conditioners • Water heater • Refrigerator • TV + TV stand • Electric stove + kettle • Sofa + glass table • Dining table set (4 chairs) • Wardrobe + dressing table • 2 Beds + 2 bedside tables • Water pump + 1,000L water tank • Air fryer + rice cooker Nearby Places • 3 min: Kad Phak Whan • 9–12 min: Big C Mae Hia, Kad Farang, Night Safari, Royal Park Rajapruek, many International Schools • 15–18 min: Panyaden School, CM Airport Contact for more info 065-416-9932 Line: @bandee.chiangmai#HouseForRentChiangMai #MinimalHouse #MaeHia #HangDong#NearInternationalSchool #FullyFurnishedHouse⸻หากต้องการทำ เวอร์ชันสำหรับรูปภาพ หรือ แบบย่อสำหรับยิงแอด บอกได้เลยนะคะ Beautiful & cozy house, fully furnished, move-in ready! Rent: 15,000 THB/monthDeposit 2 months + 1-month advance Property Details • 2 Bedrooms + 1 multipurpose room • 2 Bathrooms • 1 Kitchen • 1 Parking space • Land size: 35 sq.wah • Usable area: 140 sq.m. Highlights • Easy access — first alley, second house • Multiple connecting routes, very convenient • Great location for living or renting out • Well-maintained, secure, clean environment • Security guard on duty • Fully furnished with all appliances Included Furniture & Appliances • 3 Air conditioners • Water heater • Refrigerator • TV + TV stand • Electric stove + kettle • Sofa + glass table • Dining table set (4 chairs) • Wardrobe + dressing table • 2 Beds + 2 bedside tables • Water pump + 1,000L water tank • Air fryer + rice cooker Nearby Places • 3 min: Kad Phak Whan • 9–12 min: Big C Mae Hia, Kad Farang, Night Safari, Royal Park Rajapruek, many International Schools • 15–18 min: Panyaden School, CM Airport Contact for more info 065-416-9932 Line: @bandee.chiangmai#HouseForRentChiangMai #MinimalHouse #MaeHia #HangDong#NearInternationalSchool #FullyFurnishedHouse⸻หากต้องการทำ เวอร์ชันสำหรับรูปภาพ หรือ แบบย่อสำหรับยิงแอด บอกได้เลยนะคะ"
https://www.facebook.com/groups/homerentcm/posts/25380326034937842/,"#ให้เช่า ตึกแถว2 ชั้น ติดแยกเคหะหนองหอย เหมาะสำหรับค้าขาย และพักอาศัยได้ ค่าเช่า 7,500 บาท /เดือนชั้น 2 มี ห้องเปล่า 2 ห้องชั้นล่างเป็นโถงเปล่า ,มีห้องน้ำ 1 ห้อง สัญญาเช่า 6 เดือน หรือ 1 ปี ค่าน้ำ/ค่าไฟ ตามบิลรัฐบาลสนใจติดต่อ 091-8574195 / inbox ได้เลยค่ะ"
https://www.facebook.com/groups/homerentcm/posts/25388277897475989/,"8 ห้องนอน 9 ห้องน้ำ - บ้านAmphoe San Sai, Chiang Mai พูลวิลล่าหรูสร้างใหม่ สไตล์โมเดิร์น แปลงมุม ติดสระน้ำ วิวดอยสุเทพ ราคาเพียง 23.9 ล้านบาทปล่อยเช่า 250,000/ เดือนปล่อยเช่า 24,900/วันบ้านพูลวิลล่า 3 ชั้น ดีไซน์ทันสมัย ตั้งอยู่บนทำเลทอง ใกล้เมือง ใกล้เซ็นทรัลเฟสติวัล เชียงใหม่ เดินทางสะดวก เพียง 5 นาทีถึงตลาดสามแยก, โรงพยาบาลกรุงเทพ, มหาวิทยาลัยพายัพ และสิ่งอำนวยความสะดวกครบครัน ตอบโจทย์ทั้งอยู่อาศัยและลงทุนเหมาะสำหรับครอบครัวใหญ่ หรือผู้ที่มองหาบ้านเพื่อปล่อยเช่ารายวัน รายเดือน พร้อมตกแต่งครบ หิ้วกระเป๋าเข้าอยู่ได้ทันทีไฮไลต์! ระเบียงดาดฟ้าขนาดใหญ่ ชมวิวพระอาทิตย์ตก พร้อมวิวดอยสุเทพและตัวเมืองแบบพาโนรามา รายละเอียดบ้าน• บ้าน 3 ชั้น• ขนาดที่ดิน 109 ตร.ว.• พื้นที่ใช้สอย 800 ตร.ม.• 8 ห้องนอน 10 ห้องน้ำ• ห้องนั่งเล่น / พักผ่อน 3 โซน• ครัวยุโรป + ครัวไทย• โต๊ะรับประทานอาหารขนาดใหญ่ 12 ที่นั่ง• ระบบกรองอากาศฝุ่น PM 2.5• สระว่ายน้ำระบบเกลือขนาด 3x9 ม. (ไม่รวมจากุซซี่) ที่ตั้ง: ต.สันพระเนตร อ.สันทราย จ.เชียงใหม่ ระยะทางจากสถานที่สำคัญ• ตลาดสามแยก — 1.2 กม. (4 นาที)• เซ็นทรัลเฟสติวัล — 1.7 กม. (5 นาที)• ม.พายัพ — 2 กม. (4 นาที)• รพ.กรุงเทพเชียงใหม่ — 4 กม. (8 นาที)• สนามบินเชียงใหม่ — 14 กม. (15 นาที)สนใจทัก นัดชมhttps://line.me/ti/p/d-4b_PXHBP"
https://www.facebook.com/groups/homerentcm/posts/25380768544893591/,"2 ห้องนอน 1 ห้องน้ำ - บ้านวัดสันต้นม่วงเหนือ, ชม. 2008, สําราญราษฎร์, หมู่ที่ 2, เชียงใหม่ 50220, ประเทศไทย"
https://www.facebook.com/groups/homerentcm/posts/25380611454909300/,"2 ห้องนอน 1 ห้องน้ำ - บ้านวัดสันต้นม่วงเหนือ, ชม. 2008, สําราญราษฎร์, หมู่ที่ 2, เชียงใหม่ 50220, ประเทศไทย"
https://www.facebook.com/groups/homerentcm/posts/25381183044852141/,ด่วนให้เช่าค้าขายทำมาหากินมีหลายห้องหลายขนาดทำร้านทำออฟฟิต3999ทำเลดีมากน้ำไม่เคยท่วมติดถนนใหญ่(ไม่รับร้านเหล้าจร้า)ก่อนถึงแม้โจ้สนใจรีบทักมาจร้า
https://www.facebook.com/groups/homerentcm/posts/25387495630887549/,"บ้านใหม่ให้เช่า 18,000 บาท/เดือน | สันกำแพง เชียงใหม่บ้านสร้างเสร็จใหม่เอี่ยม! พร้อมเฟอร์ครบ เข้าอยู่ได้ทันที วิวภูเขาล้อมรอบ บรรยากาศสงบ เหมาะพักอาศัย หรือ Work from Homeรายละเอียด: 4 ห้องนอน 3 ห้องโถง กว้าง 2 ห้องน้ำ ห้องใต้หลังคา เก็บของ/เพิ่มพื้นที่ ระเบียงรอบบ้าน ศาลากลางน้ำ โรงจอดรถ ราคาเช่า: 18,000 บาท/เดือน สัญญา: รายเดือน / รายปี ค่าเข้าอยู่: ประกัน 2 เดือน + ล่วงหน้า 1 เดือนติดต่อ: 080-492-6651 K.Connie Line Chat ID:cataleen_99 #บ้านให้เช่าเชียงใหม่ #บ้านใหม่พร้อมอยู่ #บ้านสันกำแพง #WorkFromHome #บ้านวิวดี #เช่าบ้านเชียงใหม่ #ConnieHouseLand"
https://www.facebook.com/groups/ddproperty/posts/25682411051376498/,"Modern 2-Storey House for Rent – Prime Community Area, Just 8 Minutes to Kad Farang Village! Great location in Hang Dong, close to shopping, international schools, and Chiang Mai Airport. Location: San Phak Wan, Hang Dong, Chiang Mai Land Size: 90 sq.wah Brand-new 2-storey detached houseProperty Features:• 4 Bedrooms• 4 Bathrooms• Living Room• Kitchen• Parking Space• Fully furnished• Fully equipped with electrical appliances — Ready to move in! Rental Price: 40,000 THB/Month Nearby Places:Makro / IKEA Hang Dong — 10 min (5 km)Lanna International School — 10 min (6.5 km)Christian German School Chiang Mai — 10 min (8 km)SBS International School — 12 min (5.2 km)Chiang Mai Airport — 19 min (8.2 km) Property ID: #TR0826 Contact:082-6265539063-2969293#ChiangMaiHouseForRent #HangDong #KadFarang #ModernHomeChiangMai #HouseForRentThailand #FullyFurnishedHouse #ChiangMaiLiving บ้านเดี่ยว 2 ชั้น ให้เช่า ทำเลชุมชน ใกล้กาดฝรั่ง วิลเลจ เพียง 8 นาที! พิกัดหางดงยอดนิยม ใกล้ร้านค้า–ห้าง–โรงเรียนอินเตอร์ เดินทางสะดวกสุดๆ ตำแหน่ง: ต.สันผักหวาน อ.หางดง จ.เชียงใหม่ เนื้อที่: 90 ตรว. บ้านสร้างใหม่ 2 ชั้นรายละเอียดภายในบ้าน:• 4 ห้องนอน• 4 ห้องน้ำ• ห้องนั่งเล่น• ห้องครัว• ที่จอดรถ• ตกแต่งเฟอร์นิเจอร์ครบ• เครื่องใช้ไฟฟ้าครบ พร้อมเข้าอยู่ทันที! ราคาเช่าเพียง 40,000 บาท/เดือน สถานที่ใกล้เคียง:แม็คโคร / อิเกีย หางดง — 10 นาที (5 กม.)รร.นานาชาติลานนา — 10 นาที (6.5 กม.)รร.คริสเตียนเยอรมันเชียงใหม่ — 10 นาที (8 กม.)รร.นานาชาติ SBS เชียงใหม่ — 12 นาที (5.2 กม.)สนามบินเชียงใหม่ — 19 นาที (8.2 กม.) Property ID: #TR0826 สนใจติดต่อ:082-6265539063-2969293#บ้านเช่าเชียงใหม่ #หางดง #กาดฝรั่ง #บ้านเดี่ยวให้เช่า #บ้านเช่าใกล้โรงเรียนอินเตอร์ #บ้านเช่าเฟอร์ครบ #บ้านใหม่ให้เช่าเชียงใหม่ #ChiangMaiProperty"
https://www.facebook.com/groups/homerentcm/posts/25387386854231760/,"2 ห้องนอน 2 ห้องน้ำ - บ้านSan Kamphaeng, จังหวัดเชียงใหม่2 ห้องนอน 2 ห้องน้ำ - บ้านSan Kamphaeng, Chiang Mai 50130#บ้านเดี่ยวว่างให้เช่า2ห้องนอน2ห้องนํ้า ให้เช่าพร้อมเฟอร์นิเจอร์ แอร์ เครื่องทำนํ้าอุ่น ห้องครัวกว้างขวางพร้อมดูดควัน อยู่ใกล้ตลาดเจริญ เจริญ ห้างสรรพสินค้าเซนทรัลเฟสติวัล บิ๊กซีดอนจั๋น โรงพยาบาลกรุงเทพ และอยู่ใกล้โรงเรียนนานาชาติ ABS โรงเรียนสารสาสน์วิเทศ ห่างจากสนามบินเชียงใหม่8กิโล ให้เช่าในราคาเดือนละ13000บาท เข้าอยู่จ่ายค่าเช่าล่วงหน้า1เดือน ค่าประกัน2เดือน สนใจติดต่อ0871814601หรือทักแชท"
https://www.facebook.com/groups/homerentcm/posts/25381658101471302/,"บ้านเปล่าให้เช่า – โซนสันทราย เชียงใหม่ รายละเอียดบ้าน:3 ห้องนอน/2 ห้องน้ำบ้านเปล่า ไม่มีเฟอร์นิเจอร์ / ไม่มีแอร์ ทำเลดี เดินทางสะดวก อยู่ในโซนชุมชนสันทรายใกล้ ถนนวงแหวนรอบ 3ใกล้ ตลาดแม่กวงใกล้ เซเว่น / ร้านค้า / ร้านอาหารขับรถถึง เซ็นทรัลเฟสติวัล ประมาณ 10–15 นาทีเข้าเมืองเชียงใหม่ประมาณ 15–20 นาทีไม่ไกลจาก โรงพยาบาลสันทราย / ม.พายัพ ค่าเช่า 5,000 บาท/เดือนมัดจำล่วงหน้า 15,000 บาทรวมจ่ายเข้าอยู่ 15,000 บาท ค่าน้ำ/ไฟ ตามบิลรัฐบาล สนใจติดต่อ: แจง 099-191-4852"
https://www.facebook.com/groups/homerentcm/posts/25382927111344401/,"ให้เช่าบ้านเดี่ยวชั้นเดียว สันกำแพง เชียงใหม่ ใกล้ตลาดแม่คือ ใกล้ Museum Art ทำเลดีมากใกล้ตลาดแม่คือ, Museum Art, Chapulin Food & Cafeตั้งอยู่ใน ตำบลสันกำแพง อำเภอสันกำแพง จังหวัดเชียงใหม่ รายละเอียดบ้าน 2 ห้องนอน 2 ห้องน้ำ พื้นที่ 40 ตารางวา พร้อมเฟอร์นิเจอร์บางส่วน (ตามรูปจริง) ที่จอดรถสะดวก บ้านสภาพดี บรรยากาศเงียบสงบ เหมาะสำหรับอยู่อาศัย***ไม่อนุญาตให้เลี้ยงสัตว์ ค่าเช่าเพียง 5,500 บาท/เดือน ประกัน 2 เดือน + ล่วงหน้า 1 เดือน สัญญาขั้นต่ำ 1 ปี ไม่รับสัตว์เลี้ยง สนใจติดต่อ FM, Line OA: @winwinestate (มี@)Whatapp, Wechat: 0927892539Or Tell: 0825621582 “ขายไวไว้ใจ WinWinEstate | บริการรับฝาก ซื้อ-ขาย-เช่า บ้าน / ที่ดิน / คอนโด / อสังหาริมทรัพย์ ในเชียงใหม่ แบบมืออาชีพ!”#ให้เช่าบ้านเชียงใหม่ #บ้านเช่าสันกำแพง #บ้านเช่าใกล้ตลาดแม่คือ #บ้านเช่าราคาถูกเชียงใหม่#บ้านเดี่ยวเชียงใหม่ #เช่าบ้านเชียงใหม่ #บ้านเช่าพร้อมเฟอร์นิเจอร์บางส่วน#WinWinEstate #บริการฝากขายเช่าบ้านเชียงใหม่ #บริการฝากขายเช่าคอนโดเชียงใหม่#บริการฝากขายเช่าที่ดินเชียงใหม่ #รับฝากขายบ้านเชียงใหม่ #นายหน้าอสังหาเชียงใหม่#เช่าบ้านราคาดีเชียงใหม่ #บ้านเช่าทำเลดีเชียงใหม่ #อสังหาริมทรัพย์เชียงใหม่#บริการฝากซื้อขายเช่าอสังหาริมทรัพย์ในจังหวัดเชียงใหม่--- Single-Storey House for Rent – San Kamphaeng, Chiang Mai Great Location!Near Mae Khue Market, Museum Art, and Chapulin Food & CafeLocated in San Kamphaeng Subdistrict, San Kamphaeng District, Chiang Mai Property Details 2 Bedrooms 2 Bathrooms Land Area: 40 sq.wah Partly Furnished (as shown in photos) Parking available Quiet and cozy atmosphere – ideal for living Rent: Only 5,500 THB/month Deposit: 2 months + 1 month in advance Minimum 1-year contract No pets allowed Contact FM, Line OA: @winwinestate (with @)Whatapp, Wechat: 0927892539Or Tell: 0825621582 “Sell or Rent Fast with WinWinEstate | Professional Property Services in Chiang Mai”#HouseForRentChiangMai #SanKamphaengHouse #ChiangMaiProperty #ChiangMaiRealEstate#WinWinEstate #ChiangMaiHomeForRent #PropertyForRentChiangMai#ChiangMaiAgent #RentHomeInChiangMai #HouseForRentThailand#PropertyAgencyChiangMai #ChiangMaiHousingService"
https://www.facebook.com/groups/homerentcm/posts/25388339810803131/,"RENT : ชญยล คอนโด ใกล้มช./นิมมาน | เฟอร์นิเจอร์ครบ!!*[[ห้องว่าง 01/12/68 นัดดูห้องก่อนได้!]]ให้เช่าเพียงเดือนละ 6,500 บาท | สัญญา 1 ปี | (ประกัน 2 เดือน + ล่วงหน้า 1 เดือน), รวมเข้าอยู่ = 19,500 บาท• รายละเอียด : - ห้องขนาด 30 ตร.เมตร อยู่ชั้น 4- ระเบียงหันหน้าทางทิศตะวันออกเฉียงใต้- แอร์, ตู้เย็น, ไมโครเวฟ, TV., โซฟา, ชุดโต๊ะรับประทานอาหาร, เตา+ฮู๊ดดูดควัน• สิ่งอำนวยความสะดวก :- พื้นที่จอดรถ(กว้างมากๆ), เครื่องซักผ้าหยอดเหรียญ, ระบบรักษาความปลอดภัย• สถานที่ใกล้เคียง :- ถนนเลียบคันคลอง/Speed Gym 500 เมตร- One Nimman 4.5 กิโลเมตร- มหาวิทยาลัยเชียงใหม่ 6 กิโลเมตร**คอนโดนี้นานๆจะมีห้องว่าง พร้อมดูห้องแชทได้เลยครับ ===========================CS-365Tel.Line : 0825542966==========================="
https://www.facebook.com/groups/homerentcm/posts/25387257494244696/,"ขายพูลวิลล่าติดทะเล บางเสร่ – เดินลงชายหาดได้เลย ราคา 28,000,000 บาท รายละเอียดทรัพย์• ที่ดิน: 135 ตร.วา• พื้นที่ใช้สอย: 380 ตร.ม.• สระว่ายน้ำส่วนตัว• 3 ห้องนอน | 4 ห้องน้ำ• ห้องนั่งเล่นชั้นบน พร้อมระเบียงวิวทะเล• ขายพร้อมเฟอร์นิเจอร์ทั้งหลัง• ที่จอดรถ 2 คัน• สนามหญ้า + พื้นที่สวนส่วนตัว• ประตูรั้วรีโมทอัตโนมัติ• รปภ.ดูแลตลอด 24 ชม. ทำเลดี ใกล้สถานที่สำคัญ• สวนน้ำ Columbia Pictures• สวนน้ำรามายณะ• สวนนงนุช• ขับไปพัทยาเพียง 15 นาที• ทางด่วนมอเตอร์เวย์สาย 7 เพียง 6 นาที ใกล้โรงเรียนนานาชาติ:• St. Andrews International School Green Valley• Garden International School Information | ข้อมูลเพิ่มเติม 061-359-6119 (แป้ง)Line: https://line.me/ti/p/DjAKkoRjIp Beachfront Pool Villa for Sale in Bang Saray – Just Steps to the Beach Price: 28,000,000 THB Property Details• Land area: 135 sq.wah• Living area: 380 sq.m.• Private swimming pool• 3 bedrooms | 4 bathrooms• Upstairs living room with sea-view balcony• Fully furnished• Parking for 2 cars• Private lawn and garden• Automatic remote-control gate• 24-hour security Prime Location – Nearby Attractions• Columbia Pictures Water Park• Ramayana Water Park• Nong Nooch Tropical Garden• Only 15 minutes to Pattaya City• Just 6 minutes to Motorway 7 Nearby International Schools• St. Andrews International School Green Valley• Garden International School Information 061-359-6119 (Pang)Line: https://line.me/ti/p/DjAKkoRjIp"
https://www.facebook.com/groups/homerentcm/posts/25388668204103625/,"ให้เช่าคอนโด ดิอามองต์ (Diamant Condo) ทำเลดี ติดถนนซุปเปอร์ไฮเวย์ ก่อนถึงแยกโรงพยาบาลเทพปัญญา จังหวัดเชียงใหม่ ใกล้เซ็นทรัลเฟสติวัล, Big C Extra, ม.พายัพ และโครงการ Business Park ค่าเช่า 15,000 บาท/เดือน มัดจำ 2 เดือน + ล่วงหน้า 1 เดือน สัญญาขั้นต่ำ 1 ปี พื้นที่ใช้สอย: 45 ตร.ม. | ชั้น 3 2 ห้องนอน (1 ห้องใหญ่ + 1 ห้องเล็ก) 1 ห้องน้ำ 1 ห้องนั่งเล่น 1 ห้องครัว + ระเบียงตากผ้า เฟอร์นิเจอร์และเครื่องใช้ไฟฟ้าครบ พร้อมเข้าอยู่ทันที• ทีวี• โซฟา• เตียง + ที่นอน• เครื่องซักผ้า• ตู้เย็น สิ่งอำนวยความสะดวกในโครงการ:• สระว่ายน้ำ (แยกสระเด็กและผู้ใหญ่)• ฟิตเนส• ที่จอดรถยนต์และมอเตอร์ไซค์• ล็อบบี้พร้อม Wi-Fi• ระบบรักษาความปลอดภัย 24 ชั่วโมง สถานที่ใกล้เคียง:• โรงพยาบาลเทพปัญญา – 1 นาที• เซ็นทรัลเฟสติวัล – 5 นาที• Big C Extra / Business Park / Green Park – 5 นาที• มีโชคพลาซ่า – 8 นาที• มหาวิทยาลัยพายัพ – 7 นาที• มหาวิทยาลัยแม่โจ้ – 15 นาที• เดินทางเข้าเมืองสะดวกมาก ราคาขาย: 3,000,000 บาท (ฟรีค่าโอน) Condo for Rent – Diamant Condo, Chiang Mai Great location on Super Highway, before Theppanya Hospital intersection. Near Central Festival, Big C Extra, Payap University & Business Park Chiang Mai. Rental Price: 15,000 THB/month 2 months deposit + 1 month advance rent Minimum 1-year contract Size: 45 sq.m. | 3rd Floor 2 Bedrooms (1 large + 1 small) 1 Bathroom 1 Living room 1 Kitchen + Balcony Fully furnished & ready to move in! Includes:• TV• Sofa• Bed & Mattress• Refrigerator• Washing machine Facilities:• Swimming pool (separate for adults & kids)• Fitness center• Parking (car & motorcycle)• Lobby with Wi-Fi• 24-hour security Nearby Places:• Theppanya Hospital – 1 min• Central Festival – 5 mins• Big C Extra / Business Park / Green Park – 5 mins• Meechok Plaza – 8 mins• Payap University – 7 mins• Maejo University – 15 mins• Easy access to downtown Chiang Mai For Sale: 3,000,000 THB (Transfer fee included)"
https://www.facebook.com/groups/homerentcm/posts/25382413444729101/,"#ติดทรัพย์ บ้านสีวลีมีโชค บ้านใกล้รวมโชคมอลล์House for Rent near Ruamchok Mall, NIS School & Central Festival Siwalee Meechok Project (by Land & Houses)Beautiful 2-storey house, newly renovated with brand-new furniture and a private garden surrounding the property. • Land size: 75 sq.wah (350 Sqm.) • 4 Bedrooms (1st floor have 1bed for office or bedroom) , 4 Bathrooms Several new pieces of furniture, such as: • New mattress in the bedroom • Smart TV • Kitchen stovePrice Rent: 33,000 THB/month1-year contract Facilities & Security: • 24-hour security & CCTV • Swimming pool & fitness center • Large public park and playground Contact: Nam 088-251-7774(Phone / LINE / WhatsApp)#ForRent #ChiangMaiHome #MeechokArea #PetFriendlyHouse"
https://www.facebook.com/groups/homerentcm/posts/25387612244209221/,บ้านว่างให้เช่า บ้านใหม่ว่าง สันต้นม่วงเหนือ 2 ห้องนอน 1 ห้องน้ำ1 ห้องนั่งเล่น 1 ห้องครัวและทานอาหาร 2 ที่จอดรถยนต์ ในซอยเงียบสงบ ไม่วุ่นวาย ราคา 7000 บาท ประกัน 2 เดือน ล่วงหน้า 1 เดือน รวม 21000 เข้าอยู่ สนใจติดต่อพิม 0992129058 แนน# สันต้นม่วงเหนือ#บ้านใหม่ให้เช่า#บ้านเช่า
https://www.facebook.com/groups/homerentcm/posts/25388427437461035/,"ให้เช่า Townhouse 2 ชั้น ใกล้แยกแม่เหียะราคาเช่า 13,000 บาท / เดือน สัญญา 1 ปีเฟอร์นิเจอร์และเครื่องใช้ไฟฟ้าครบ รับสัตว์เลี้ยงค่าน้ำ-ค่าไฟฟ้า บิลรัฐบาลประกัน 2 เดือน ล่วงหน้า 1 เดือนรายละเอียด :เนื้อที่ 16 ตรว. พื้นที่ใช้สอย 115 ตรม. 2 ห้องนอน2 ห้องน้ำ1ห้องนั่งเล่น1 ห้องครัวรายละเอียดเพิ่มเติม :โซฟาทีวีเตียงตู๋เส้อผ้าแอร์โต๊ะกินข้าวโต๊ะทำงานสถานที่ใกล้เคียง :Makro แม่เหียะ โรงเรียนสารสาสน์ Big C แม่เหียะ สำนักงานขนส่ง กาดวรุณ Two-story townhouse for rent near Mae Hia IntersectionRental price: 13,000 baht/month, 1-year contractFully furnished and equipped with appliances Pets allowedWater and electricity bills: Government bill2-month security deposit, 1-month advance paymentDetails:16 sq wah (16 sq m), usable area: 115 sq m2 bedrooms2 bathrooms1 living room1 kitchenAdditional details:SofaTVBedClosetAir conditionerDining tableWorking deskNearby locations:Makro Mae HiaSarasas SchoolBig C Mae HiaTransportation OfficeKad WarunCode : COR0135Chiangmai Property | รับซื้อ | ขาย | เช่าจัดหาบ้าน,คอนโด ตามงบประมาณรับทำ TM30 แจ้งต่างชาติเข้าพักดูแลตลอดสัญญาเช่านัดชมได้ทุกวัน Line : @chiangmaiproperty (มี@)Tel : 083-487-1598#คอนโด #เช่าคอนโด #คอนโดให้เช่า"
https://www.facebook.com/groups/homerentcm/posts/25387300227573756/,"บ้านว่างให้เช่า ต.สุเทพ อ.เมือง ห่าง มช. เพียง 2 กม. ค่าเช่า 25,000 บาท เนื้อที่130 ตรว. พื้นที่ใช้สอย 124 ตรม. 3 ห้องนอน 2 ห้องน้ำ 2 น้ำอุ่น ,4 แอร์ ️เฟอร์ครบ,รับสัตว์เลี้ยงไม่มีส่วนกลาง,มีสวนหย่อมข้างบ้านหลังบ้านร่มรื่นเงียบสงบปลดภัย สนใจติดต่อTel.0640745554 อัฐLine : naresdft"
https://www.facebook.com/groups/homerentcm/posts/25387274444243001/,"พูลวิลล่าในโครงการซับมิทกรีนวัลเลย์ เนื้อที่ 168 ตารางวาบ้าน 6 ห้องนอน 7 ห้องน้ำหลังบ้านเป็นชานติดสวนห้องอบซาวน่าห้องแม่บ้าน1 ครัวไทย 1ครัวฝรั่ง 1หน้าบ้านชั้น 2 เป็นระเบียงจอดรถได้ 2 คันใกล้กาดฝรั่งแม่ริมแม็คโครร้านอาหารสวนดอกไม้แหล่งท่องเที่ยวโซนแม่ริมโรงเรียนเปรมเดินทางสะดวกกับการเข้าเมืองเพียง 20 นาทีโทร 0615551782 อามPool villa in the Summit Green Valley project, area 168 square wah, house with 6 bedrooms, 7 bathrooms, usable space both inside the house and behind the house, terrace next to the garden, sauna room, maid's room, Thai kitchen, Western kitchen, front of the house, 2nd floor has a balcony, can park 2 cars.Near Kad Farang Mae Rim, Makro, restaurants, flower gardens, tourist attractions in Mae Rim and Prem School, convenient travel to the city in just 20 minutes.rent 120,000 baht per month."
https://www.facebook.com/groups/homerentcm/posts/25380288834941562/,"House for rent in Suthep, near Chiang Mai University. 130 sq wah. Single-story, guaranteed flood-free. 3 bedrooms, 2 bathrooms, 2 hot water heaters, 4 air conditioners, TV, 1 Western kitchen, 1 living room, garage, washing machine, gas stove. No common area. Quiet and safe. Near Chiang Mai University and Maya. Pets allowed.Rent 25,000 baht per month.▪︎▪︎▪︎▪︎▪︎▪︎▪︎▪︎▪︎▪︎▪︎▪︎▪︎▪︎▪︎▪︎▪︎▪︎▪︎▪︎▪︎▪︎▪︎▪︎▪︎▪︎▪︎▪︎▪︎▪︎▪︎▪︎▪︎▪︎▪︎▪︎▪︎▪︎▪︎▪︎ให้เช่าบ้านสุเทพใกล้ มช. เนื้อที่130ตร.วาบ้านเดี่ยวชั้นเดียวยกสูงรับประกันไม่มีน้ำท่วม,3 ห้องนอน,2 ห้องน้ำ,2อุ่น,4แอร์,มีทีวี,1ครัวฝรั่ง,1ห้องโถง,โรงจอดรถ,เครื่องซักผ้า,เตาแก๊ส,ไม่มีส่วนกลาง,เงียบสงบปลอดภัย,ใกล้มช.เมญ่า,รับสัตว์เลี้ยง เช่าเดือนละ 25,000 บาท"
https://www.facebook.com/groups/homerentcm/posts/25388048560832256/,"บ้านให้เช่า – บ้าน 2 ชั้น ใกล้เซ็นทรัลเฟสติวัล เชียงใหม่บ้านสไตล์โมเดิร์นอบอุ่นในโครงการ เจ.ซี. การ์เด้นวิลล์ ห่างจากเซ็นทรัลเฟสติวัลเพียง 10 นาทีเงียบสงบ ปลอดภัย เดินทางเข้าเมืองสะดวก ใกล้มีโชคพลาซ่ารายละเอียดทรัพย์สิน:• 2 ชั้น• 3 ห้องนอน / 2 ห้องน้ำ• เครื่องปรับอากาศ 2 เครื่อง• พื้นที่ใช้สอยกว้างขวาง สว่างสดใส• ห้องครัวและห้องรับประทานอาหารกว้างขวาง• ที่จอดรถส่วนตัว• ไม่อนุญาตให้นำสัตว์เลี้ยงเข้าที่ตั้ง:เจ.ซี. การ์เด้นวิลล์ สันทราย — ประมาณ 10 นาทีถึงเซ็นทรัลเฟสติวัล และ 15 นาทีถึงเมืองเก่าราคาเช่า: 15,000 บาท/เดือนสัญญา: ขั้นต่ำ 1 ปีเงินมัดจำ: ค่าเช่า 2 เดือน ล่วงหน้า 1 เดือน ติดต"
https://www.facebook.com/groups/homerentcm/posts/25388306520806460/,"2 ห้องนอน 3 ห้องน้ำ - ทาวน์เฮาส์เทศบาลนครเชียงใหม่, จังหวัดเชียงใหม่"
https://www.facebook.com/groups/homerentcm/posts/25388874720749640/,เนื้อหานี้ไม่พร้อมใช้งานในขณะนี้เหตุการณ์นี้มักจะเกิดขึ้นเนื่องจากเจ้าของ เนื้อหากับคนกลุ่มเล็กๆ เท่านั้น หรือเปลี่ยนกลุ่มคนที่สามารถดูได้ หรือเนื้อหาถูกลบไปแล้วไปที่ฟีดย้อนกลับไปที่ศูนย์ช่วยเหลือ
https://www.facebook.com/groups/homerentcm/posts/25385682904402155/,"บ้านให้เช่า 12000.-มีแอร์ 3 เครื่อง 2 ห้อง 2ห้อง น้ำห้องครัวมีอุปกรณ์ทำครัวครบทีวี เครื่องซักผ้าตู้เย็นไม่รับสัตว์เลี้ยง และ ไม่รับคนสูบบุหรี่บ้านในโครงการ มีรปภ. สระว่ายน้ำ.ฟิตเนสนัดดูบ้านได้ค่ะ House for rent, 12,000 baht3 air conditioners2 bedrooms, 2 bathroomsFully equipped kitchenTVWashing machineRefrigeratorNo pets or smokers allowedThis house is in a development with security, a swimming pool, and a fitness center.Appointments available for viewing."
https://www.facebook.com/groups/homerentcm/posts/25388413000795812/,"บ้านว่างให้เช่า ใกล้สนามบิน เดินทางเข้าเมืองสะดวก เข้า–ออกได้หลายเส้นทาง 3 ห้องนอน | 2 ห้องน้ำ | 1 ห้องโถง | 1 ห้องครัว | 1 ห้องเก็บของ | 1 ที่จอดรถ ค่าเช่า 10,000 บาท/เดือน(ประกัน 2 เดือน + ค่าเช่าล่วงหน้า 1 เดือน) เฟอร์นิเจอร์และเครื่องใช้ไฟฟ้าเตียง + ที่นอน 2ตู้เสื้อผ้า 2แอร์ 2 ห้องเครื่องทำน้ำอุ่น 1ซิงค์ล้างจาน ค่าน้ำ–ค่าไฟ ชำระตามบิลการประปาและการไฟฟ้า สถานที่ใกล้เคียง3 นาที ถึง เชียงใหม่ 89 พลาซ่า5 นาที ถึง โรงพยาบาลราชเวช8 นาที ถึง สนามบินเชียงใหม่15 นาที ถึง นิมมานเหมินท์ยินดีต้อนรับสัตว์เลี้ยง House for Rent (English Version) House for rent near Chiang Mai Airport. Convenient access to the city with multiple routes. 3 Bedrooms | 2 Bathrooms | 1 Living Room | 1 Kitchen | 1 Storage Room | 1 Parking Space Rent: 10,000 THB per month(Security deposit 2 months + 1 month advance rent) Furniture & Appliances Included:2 Beds + Mattresses2 Wardrobes2 Air Conditioners1 Water HeaterKitchen sink Electricity & Water: Paid according to government bills Nearby Places:3 minutes to Chiang Mai 89 Plaza5 minutes to Rajavej Hospital8 minutes to Chiang Mai International Airport15 minutes to Nimmanhaemin RoadPet friendly For more information please contact (ติดต่อสอบถาม)Tel:0997865676,0828294474 (Khun Phao คุณเภา)ID Line:nitnat65"
https://www.facebook.com/groups/homerentcm/posts/25385741694396276/,"ปล่อยเช่าบ้านสไตล์มินิมอลล์ เฟอร์นิเจอร์และเครื่องใช้ไฟฟ้าครบ หิ้วกระเป๋าเข้าอยู่ได้เลย ราคาเช่า: 15,000 บาท/เดือน(ประกัน 2 เดือน + ล่วงหน้า 1 เดือน) รายละเอียดบ้าน 2 ห้องนอน + 1 ห้องเอนกประสงค์ 2 ห้องน้ำ 1 ห้องครัว 1 ที่จอดรถ ขนาดที่ดิน 35 ตรว. พื้นที่ใช้สอย 140 ตรม. จุดเด่นของบ้านเข้าออกง่าย ซอยแรก หลังที่สองด้านหลังหมู่บ้านเข้า–ออกได้หลายเส้นทางทำเลดี เดินทางสะดวก เหมาะอยู่อาศัยหรือปล่อยเช่าต่อหมู่บ้านสะอาด ปลอดภัย นิติบุคคลดูแลดีมี รปภ. ตลอดที่จอดรถเพียงพอ เฟอร์ฯ และเครื่องใช้ไฟฟ้าครบแอร์ 3 เครื่องเครื่องทำน้ำอุ่นตู้เย็นทีวี + ชั้นวางทีวีเตาไฟฟ้า + กาน้ำร้อนโซฟา + โต๊ะกระจกโต๊ะทานข้าว + เก้าอี้ 4ตู้เสื้อผ้า + โต๊ะเครื่องแป้งเตียงนอน 2 + โต๊ะข้างเตียงปั๊มน้ำ + ถังน้ำ 1,000 ลิตรหม้อทอดไร้น้ำมัน + หม้อหุงข้าว สถานที่ใกล้เคียง3 นาที: กาดผักหวาน9 นาที: บิ๊กซีแม่เหียะ / กาดฝรั่ง / เชียงใหม่ไนท์ซาฟารี / อุทยานหลวงราชพฤกษ์ / รร.สารสาสน์วิเทศล้านนา10 นาที: SBS, Little Stars, Meritton, รพ.ใกล้หมอ12 นาที: APISP / BCIS15 นาที: Panyaden International School18 นาที: สนามบินเชียงใหม่ สนใจติดต่อ UP NORTH PROPERTYTel: 052 002554Mobile: 095 754 7575 (Admin)Line/WhatsApp: +66957547575 (Admin)----------------------------------- Minimal Style House for Rent Fully furnished with complete electrical appliances — ready to move in! Rental Price: 15,000 THB/month(2 months deposit + 1 month advance) Property Details2 Bedrooms + 1 Multi-purpose room2 Bathrooms1 Kitchen1 Parking spaceLand size: 35 sqwUsable area: 140 sqm HighlightsEasy access — first alley, second houseBack entrance connects to multiple routesGreat location, perfect for living or renting outClean and safe village with good juristic managementSecurity on dutyPlenty of parking Furniture & Appliances Included(complete list same as Thai version above) Nearby Locations(Chiang Mai landmarks and international schools listed as above) Contact UP NORTH PROPERTYTel: 052 002554Mobile: 095 754 7575 (Admin)Line/WhatsApp: +66957547575 (Admin) ราคาเช่า: 15,000 บาท/เดือน(ประกัน 2 เดือน + ล่วงหน้า 1 เดือน) รายละเอียดบ้าน 2 ห้องนอน + 1 ห้องเอนกประสงค์ 2 ห้องน้ำ 1 ห้องครัว 1 ที่จอดรถ ขนาดที่ดิน 35 ตรว. พื้นที่ใช้สอย 140 ตรม. จุดเด่นของบ้านเข้าออกง่าย ซอยแรก หลังที่สองด้านหลังหมู่บ้านเข้า–ออกได้หลายเส้นทางทำเลดี เดินทางสะดวก เหมาะอยู่อาศัยหรือปล่อยเช่าต่อหมู่บ้านสะอาด ปลอดภัย นิติบุคคลดูแลดีมี รปภ. ตลอดที่จอดรถเพียงพอ เฟอร์ฯ และเครื่องใช้ไฟฟ้าครบแอร์ 3 เครื่องเครื่องทำน้ำอุ่นตู้เย็นทีวี + ชั้นวางทีวีเตาไฟฟ้า + กาน้ำร้อนโซฟา + โต๊ะกระจกโต๊ะทานข้าว + เก้าอี้ 4ตู้เสื้อผ้า + โต๊ะเครื่องแป้งเตียงนอน 2 + โต๊ะข้างเตียงปั๊มน้ำ + ถังน้ำ 1,000 ลิตรหม้อทอดไร้น้ำมัน + หม้อหุงข้าว สถานที่ใกล้เคียง3 นาที: กาดผักหวาน9 นาที: บิ๊กซีแม่เหียะ / กาดฝรั่ง / เชียงใหม่ไนท์ซาฟารี / อุทยานหลวงราชพฤกษ์ / รร.สารสาสน์วิเทศล้านนา10 นาที: SBS, Little Stars, Meritton, รพ.ใกล้หมอ12 นาที: APISP / BCIS15 นาที: Panyaden International School18 นาที: สนามบินเชียงใหม่ สนใจติดต่อ UP NORTH PROPERTYTel: 052 002554Mobile: 095 754 7575 (Admin)Line/WhatsApp: +66957547575 (Admin)-------------------- Minimal Style House for Rent Fully furnished with complete electrical appliances — ready to move in! Rental Price: 15,000 THB/month(2 months deposit + 1 month advance) Property Details2 Bedrooms + 1 Multi-purpose room2 Bathrooms1 Kitchen1 Parking spaceLand size: 35 sqwUsable area: 140 sqm HighlightsEasy access — first alley, second houseBack entrance connects to multiple routesGreat location, perfect for living or renting outClean and safe village with good juristic managementSecurity on dutyPlenty of parking Furniture & Appliances Included(complete list same as Thai version above) Nearby Locations(Chiang Mai landmarks and international schools listed as above) Contact UP NORTH PROPERTYTel: 052 002554Mobile: 095 754 7575 (Admin)Line/WhatsApp: +66957547575 (Admin)#บ้านเช่าเชียงใหม่ #บ้านเช่าแม่เหียะ #บ้านสไตล์มินิมอล #บ้านเช่าหางดง #MinimalHouseChiangMai #ChiangMaiRental #HouseForRentChiangMai #UpNorthProperty#บ้านเช่าเชียงใหม่ #บ้านเช่าแม่เหียะ #บ้านสไตล์มินิมอล #บ้านเช่าหางดง #MinimalHouseChiangMai #ChiangMaiRental #HouseForRentChiangMai #UpNorthProperty"
https://www.facebook.com/groups/homerentcm/posts/25388248714145574/,"ให้เช่าบ้าน 3 ห้องนอน โซนหลัง ม.ช ใกล้วัดร่ำเปิงบ้านเช่า ต.สุเทพ รั้วรอบชิด / จอดรถได้ 3 คันเนื้อที่เยอะ 130 ตรว.พื้นที่ใช้สอย 124 ตร.เมตร3 ห้องนอน2 ห้องน้ำ 2 น้ำอุ่น4 แอร์ รับสัตว์เลี้ยง ไม่มีส่วนกลาง น้ำไม่เคยท่วม 100%มีสวนหย่อมข้างบ้าน และ หลังบ้านร่มรื่นเงียบ สงบ และ ปลอดภัยห่างจากมช.เพียง 2.5 กม.พิกัด ซอยวัดร่ำเปิงใกล้สนามกีฬาเทศบาลสุเทพค่าเช่าเดือนละ 25,000 บาทประกัน 2 เดือนจ่ายค่าเช่าล่วงหน้า 1 เดือน.รวม 3 เดือน ก่อนย้ายเข้าอยู่.รวม 75,000 ฿ .คืนประกันให้เมื่ออยู่ครบสัญญา. House for Rent Location: Near Wat Pong Noi, Suthep , 10 mins to CMU 10 mins to Nimman road & 15 mins to Old Town.behind Chiangmai University 3.5 km.to Nimman Road 4.5 km.Sutep areas.Land size 130 square wah. Usable area 145 square meters. Fully furnished. 3 bedrooms/2 bathrooms /Living room / 2 parking. Pet allowed 1 year Contact. For rent 25,000 THB / per month. 2 month deposit.1 month in advance .Totally 75,000 THB. Before move-in .. info please contactWhat’sApp +66 98 1032589Line chiangmairealtorKhun Ooy"
https://www.facebook.com/groups/homerentcm/posts/25381222291514883/,"3 ห้องนอน 2 ห้องน้ำ - บ้านสันผักหวานหลวง, Amphoe Hang Dong, Chiang Mai 50230 Minimalist-style house for rent Fully furnished with appliancesMove in ready to move in!Rental price: 15,000 THB/month (2+1 deposit) #Including 2+1 open-plan bedrooms 2 bathrooms 1 kitchen 1 parking space Land area: 35 square wah Usable area: 140 square meters#Highlights Easy access, first and second alley Back of the village, accessible via multiple routes Excellent location, convenient for personal use or rental Ample parking Excellent management by the juristic person, clean and safe area. Security guards available.Move-in ready. Fully furnished.1. 3 air conditioners.2. 1 water heater.3. 1 refrigerator.4. 1 TV + TV stand.5. Electric stove + kettle.6. Sofa + glass table.7. Dining table + 4 chairs.8. Wardrobe + dressing table.9. 2 beds + 2 bedside tables. #Transportation 3 minutes to Kad Phak Wan.9 minutes to Big C Mae Hia.9 minutes to Kad Farang Hang Dong.9 minutes to Chiang Mai Night Safari.9 minutes to Royal Park Rajapruek.9 minutes to Sarasas Witaed Lanna School.16 minutes to 89 Plaza.18 minutes to Chiang Mai International Airport. Contact us for more information._____________________________________________ ปล่อยเช่า บ้าน สไตล์มินิมอลล์เฟอร์นิเจอร์เครื่องใช้ไฟฟ้าครบ หิ้วกระเป๋าอยู่ได้เลย ราคาเช่า:15000/เดือน (มัดจำ2+1) #ประกอบด้วย 2+1 ห้องโล่ง ห้องนอน 2 ห้องน้ำ 1 ห้องครัว 1 จอดรถ ขนาดพื้นที่ 35 ตารางวา พื้นที่ใช้สอยขนาด 140 ตารางเมตร #จุดเด่น เข้าออกง่าย ซอยแรกหลังที่สองด้านหลังหมู่บ้าน เข้าออกได้ ทะลุหลายเส้นทางทำเลดีมากเดินทางสะดวกจะอยู่เองหรือปล่อยเช่าก็ดีมีที่จอดรถเพียงพอ นิติบุคคลดูแลดีมากพื้นที่สะอาดปลอดภัย มี รปภ. พร้อมอยู่ มีครบ1.แอร์3 2.เครื่องทำนำ้อุ่น 13. ตู้เย็น 14. ทีวี 1 + ชั้นวางทีวี5. เตาไฟฟ้า + กาน้ำร้อน6. โซฟา + โต๊ะกระจก7. โต๊ะทานข้าว+เก้าอี้48. ตู้เสื้อผ้า + โต๊ะเครื่องแป้ง9. เตียงนอน2+ โต๊ะข้างเตียง2 #การเดินทาง 3นาที ถึงกาดผักหวาน 9นาที ถึงบิ๊กซีแม่เหียะ9นาที ถึงกาดฝรั่ง หางดง9นาที ถึงเชียงใหม่ไนท์ซาฟารี 9นาที ถึงอุทยานสวนราชพฤกษ์9นาที ถึงโรงเรียนสารสาสน์วิเทศล้านนา 16นาที ถึง89พลาซ่า18นาที ถึงสนามบินนานาชาติเชียงใหม่ สนใจติดต่อสอบถามได้ค่ะ082-2964942/065-6945524"
https://www.facebook.com/groups/homerentcm/posts/25387830404187405/,"บ้านเดี่ยว 2 นอน ทำเลดี ใกล้ ABS/AMCIS เฟอร์ครบ พร้อมเข้าอยู่! บ้านว่างให้เช่าใน หมู่บ้านสิรินโฮม 2 สันกลาง ทำเลคุณภาพ! เดินทางเข้าเมืองสะดวก #ใกล้มอพายัพ ใกล้ตลาดเจริญ เจริญ และโรงเรียนนานาชาติชั้นนำ (รร. ABS และ รร. AMCIS) บ้านเดี่ยว เงียบสงบ น่าอยู่สิ่งอำนวยความสะดวกครบครัน: 2 ห้องนอน / 2 ห้องน้ำ แอร์ 4 ตัว เฟอร์นิเจอร์ (โซฟา, เตียงนอน) เครื่องใช้ไฟฟ้า (เครื่องซักผ้า, ตู้เย็น, ไมโครเวฟ, เตาแก๊สพร้อมถัง) ราคาดีมาก! เพียง 13,000 บาท/เดือนเงื่อนไข: ประกัน 2 เดือน, ล่วงหน้า 1 เดือนรวมเข้าอยู่: 39,000 บาทโทรด่วน! ก่อนมีคนจอง สนใจติดต่อ: 0987298965#บ้านเชียงใหม่ #บ้านว่างให้เช่า #บ้านเช่า #สันกลาง #สิรินโฮม2 #บ้านใกล้โรงเรียน #ABSSchool #AMCIS #ตลาดเจริญเจริญ #เชียงใหม่ #HouseForRentChiangMai ------Bedrooms, 2 Bathrooms - Single House Vacant House for Rent Vacant House in San Klang, Sirin Home Village 2, not far from ABS School, AMCIS School, and near Charoen Charoen Market.Conveniently located in the city. Relatively quiet single house. 2 Bedrooms 2 Bathrooms 4 Air Conditioners Furniture: Sofa, Bed Washing Machine Refrigerator Microwave Gas Stove with Tank Price: 13,000 baht. 2-month security deposit, 1 month advance payment. Total: 39,000 baht. Interested? Contact 0987298965 #BanSanKlang #HouseForRentNearABS #HouseForRentNearVaree #HouseForRent"
https://www.facebook.com/groups/homerentcm/posts/25388844257419353/,"บ้านให้เช่าสำหรับเลี้ยงสัตว์ได้ (5 ห้องนอน) ที่ตั้ง: หมู่บ้านทวีโชค ห่างจากห้างเซนทรัลเฟติวัล 10 กม. ที่ตั้ง: พื้นที่ใช้สอย: 350 ตรม. ขนาดที่ดิน: 100 ตร.ว. ห้องนอน: 5 ห้องน้ำ: 3 ระเบียงและสวนหน้าาน เฟอร์นิเจอร์ ที่จอดรถ: 5 คัน (ในร่ม 3 กลางแจ้ง 2)สัญญาขั้นต่ำ 1 ปีเงินมัดจำ 2 เดือน + ค่าเช่า 1 เดือน มีส่วนลดสำหรับสัญญา 2 ปีขึ้นไป พื้นที่ใช้สอย: ห้องนั่งเล่นขนาดใหญ่ ห้องครัว แยกห้องทานข้าว พื้นที่ซักล้างหลังบ้าน มีโรงจอดรถขนาดใหญ่ มุมพักผ่อนและสวน บ่อปลา สิ่งอำนวยความสะดวก: เตียง: 6 ฟุต ( 2 ห้อง), 5 ฟุต (2 ห้อง) 3.5 ฟุต (1ห้อง) ตู้เสื้อผ้า โซฟา โต๊ะทานอาหาร (1 ชุด) เครื่องปรับอากาศทุกห้องนอน เครื่องทำน้ำอุ่น สิ่งอำนวยความสะดวก: ความปลอดภัย 24 ชม. สิ่งอำนวยความสะดวก: 7-11 ตลาดสดท่ารั้ว /สันติสุข ปั้มน้ำมัน ปตท. ร้านอาหารมากมาย ห้าง Meta Mall ห้างเซนทรัลเฟส ห่างจากถนนใหญ่เชียงใหม่-ดอยสะเก็ดเพียง 1.5 กม. Pet-friendly house for rent - 5 bedrooms 𝐋𝐨𝐜𝐚𝐭𝐢𝐨𝐧:Tawi Chok Village 10 km from Central Festival 𝐊𝐞𝐲 𝐅𝐞𝐚𝐭𝐮𝐫𝐞𝐬: Usable area: 350 sq.m. Land area: 100 sq.w. Bedrooms: 5 Bathrooms: 3 Balcony and front garden Fully furnished Parking: 5 cars 𝐑𝐞𝐧𝐭 𝐏𝐫𝐢𝐜𝐞:Minimum contract 1 yearDeposit 2 months + 1 month rent Discount for contracts of 2 years or more 𝐔𝐧𝐢𝐭 𝐅𝐞𝐚𝐭𝐮𝐫𝐞𝐬: Large living room Kitchen, separate dining room Laundry area behind the house Large garage Relaxation corner and garden, fish pond Amenities: Bed: 6 feet (2 rooms), 5 feet (2 rooms) 3.5 feet (1 room) Wardrobe Sofa (2 sets) Dining table (1 set) 5 air conditioners Washing machine Water heater 𝐅𝐚𝐜𝐢𝐥𝐢𝐭𝐢𝐞𝐬: 24-hour security 𝐍𝐞𝐚𝐫𝐛𝐲: 7-11 Tha Ruea fresh market / Santisuk PTT gas station Many restaurants Meta Mall Central Festival Only 1.5 km from the main road Chiang Mai - Doi Saket. 𝐂𝐨𝐧𝐭𝐚𝐜𝐭: Line ID: maneeproperty"
https://www.facebook.com/groups/homerentcm/posts/25380844001552712/,"อีซูซุ ตู้ทึบขาย 299,000#ฟรีดาวน์รถ 0 บาทisuzu d-max 1.9 ปี 63 รถสวยพร้อมใช้งาน ใส่ตู้ทึบ 2 เมตร 10 ลงเล่มเรียบร้อย เครื่องแน่นๆเกียร์ธรรมดา 6 สปีดจัดไฟแนนซ์ได้ 350,000 บาท#นัดดูรถ สารภี/ลำพูนโทร 0816786752"
https://www.facebook.com/groups/homerentcm/posts/25382388858064893/,โพสต์ของ Va Varanyika
https://www.facebook.com/groups/homerentcm/posts/25387830800854032/,"บ้านสร้างใหม่ให้เช่าแถวหางดง R1250บ้านท้าวคำวัง อ.หางดงค่าเช่าเดือนละ 25,000 บาท ประกัน 2 เดือน ล่วงหน้า 1 เดือน3 ห้องนอน 3ห้องน้ำ พร้อมเฟอร์นิเจอร์ แอร์ 4 ตัวใกล้กาดฝรั่งใกล้โรงเรียนปัญญาเด่นโรงเรียน นานาชาติ หลายแห่ง Line/Tel: - Line: @738sqqoa https://lin.ee/c83mQJxNewly built house for rent in Hang Dong areaBan Thao Kham Wang, Hang Dong DistrictRental price: 25,000 baht per month2-month deposit, 1 month advance payment3 bedrooms3 bathroomsFurnished4 air conditionersNear Kad FarangNear Panya Den SchoolSeveral international schools ทรัพย์อื่นๆได้ที่: other assets at https://www.facebook.com/profile.php?id=61561124581941"
https://www.facebook.com/groups/homerentcm/posts/25381619351475177/,"บ้านเช่าพร้อมอยู่ 20 พฤศจิกายนในหมู่บ้านทิพย์มณฑล สันทราย2 ห้องนอน 1 ห้องน้ำ 1 ห้องรับแขก 1 ห้องครัว ด้านหลังบ้านมีพื้นที่ว่าง แอร์ 2 ห้องนอนแอร์ 1 ห้องรับแขกเฟอร์นิเจอร์ภายในบ้านตู้เย็น เครื่องซักผ้า ไมโครเวฟเครื่องทำน้ำอุ่น ตู้เสื้อผ้า โต๊ะเครื่องแป้ง บ้านอยู่แปลงหัวมุม ถนนหน้าบ้านกว้าง 8 เมตร สถานที่ใกล้เคียงโลตัสสันคะยอม แยกสันคะยอม แยกแม่กวง ตลาดสามแยก ที่ว่าการอำเภอสันทราย สถานีตำรวจสันทราย เซนทรัลเฟสติวัล ใกล้รวมโชคราคาเช่า 7,500 บาท/เดือนเข้าอยู่ ล่วงหน้า 1 เดือน ประกัน 2 เดือน ไม่รับสัตว์เลี้ยงค่ะสนใจเช่าติดต่อ/นัดดูโทร : 0935891780 ฝนไลน์: 0987809038"
https://www.facebook.com/groups/homerentcm/posts/25380663688237410/,"ว่างค่าา | Available Nowติดทรัพย์ค่ะ #CentralAirport ทาวน์โฮม กาญจน์กนกทาวน์ 5 #Airport #CMU #oldtownเฟอร์ครบ พร้อมเข้าอยู่ได้เลย ทำเลดีมาก:• เซนทรัลแอร์พอร์ต 5 นาที• โรงพยาบาลสวนดอก• มหาวิทยาลัยเชียงใหม่ ค่าเช่า 22,000 บาท/เดือนรายละเอียดบ้าน:• ทาวน์โฮม 2 ชั้น• 3 ห้องนอน / 3 ห้องน้ำ• จอดรถได้ 2 คัน สิ่งอำนวยความสะดวกในโครงการ:• ระบบรักษาความปลอดภัย 24 ชม.• สวนพักผ่อน• สนามเด็กเล่น────────────── Townhome for Rent – Karnkanok Town 5, Chiang MaiBeautiful home, fully furnished, ready to move in Great Location:• Central Airport• Suan Dok Hospital• Chiang Mai University Rent: 22,000 THB/monthDetails:• 2-storey townhome• 3 Bedrooms / 3 Bathrooms• 2 Parking spaces Facilities:• 24-hour security• Garden area• Playground──────────────: 0641923955 Minnie (Thai/Eng) WhatsApp/Wechat/Line: +66 641923955 Minnie (Thai/Eng)──────────────"
https://www.facebook.com/groups/homerentcm/posts/25386253627678416/,"#อาคารพาณิชย์ให้เช่า โครงการฟิฟธ์อเวนิว #ย่านรวมโชค Home office ตึก 3 ชั้นครึ่ง ค่าเช่า 23,000 บาท/เดือนชำระล่วงหน้า1เดือน + ประกัน2เดือนrent309 ติดต่อTel : 061-297-3068Lind: @919bkeby"
https://www.facebook.com/groups/homerentcm/posts/25388515207452258/,"ปล่อยเช่าบ้าน สารภีดอนแก้ว 13,000ใกล้วัดน้ำโจ้ ใกล้ตลาดป่างิ้วใกล้เซเว่น เดินทางสะดวก มีต้นไม้รอบบ้านบ้านเดี่ยวโมเดิร์น ชั้นเดียว แปลงมุม3ห้องนอน2ห้องน้ำ+เครื่องทำน้ำอุ่น2แอร์ชั้นวางทีวี1ห้องรับแขก1ห้องครัวเตียงนอนโซฟาค่าน้ำ+ค่าไฟ(ตามบิลรัฐบาล)จอดรถได้ 2-3 คันเดือนละ 13,000/เดือน สัญญาเช่า 1ปีเข้าอยู่ ประกัน2 เดือน ล่วงหน้า1เดือน0930391151คุณชิงชิง"
https://www.facebook.com/groups/homerentcm/posts/25388478280789284/,"บ้านว่างให้เช่าสันกําแพงราคา 9000 บาท (สัญญา 1 ปี) ค่าประกัน 20,000 บาท 3 ห้องนอน 2 ห้องนํ้า 1ห้องครัว-มีสนามหญ้า จอดรถยนต์3คัน หลังบ้านมีพื้นที่ปลูกผักได้-เฟอร์นิ เจอร์ครบครันบ้านเดี่ยวนอกโครงการ ปูคาใต้สันกําแพงพื้นที่กว้างมาก 93ตรว.!!เช็คพิกัดก่อนนัดชมบ้าน!!Location: https://maps.app.goo.gl/remTuFsgWbLtFse7A?g_st=ipc สนใจติดต่อ : 093-1561685 เจ้านายLine : https://line.me/ti/p/uuIInjnUuG #บ้านเช่าเชียงใหม่ #บ้านเช่าสันกำแพง #บ้านเช่าปูคาใต้ #เชียงใหม่บ้านเช่า #บ้านเช่าราคาถูก #บ้านราคาถูก #บ้านเช่า #บ้านเดี่ยว"
https://www.facebook.com/groups/homerentcm/posts/25381023241534788/,บ้านใหม่ให้เช่าพิกัด สันต้นม่วงเหนือ เดือนละ 7000 บาท สัญญา 1 ปี มัดจำ 2 เดือนล่วงหน้า 1 เดือน21000 บาท เข้าอยู่(รับสัตว์เลี้ยง)พื้นที่ใช้สอย 50 ตรว2 ห้องนอน 1 ห้องน้ำ 1 ห้องนั่งเล่น1 ห้องครัวและทานอาหาร2 ที่จอดรถยนต์ ในซอยเงียบสงบ ไม่วุ่นวาย เดินทางสะดวกมีความเป็นส่วนตัวน้ำไม่ท่วมมีร้านค้า อยู่หน้าปากซอย0935891780 ฝน
https://www.facebook.com/groups/homerentcm/posts/25380273944943051/,"ปล่อยบ้านเช่าสร้างเสร็จใหม่ ฟีลบ้านตากอากาศนอกเมืองห่างแค่ 30นาที พร้อมเข้าอยู่ วิวภูเขาล้อมรอบ! พิกัด #สันกำแพง-ออนใต้ #เชียงใหม่ เฟอร์ครบค่าเช่าเพียง 18,000 บาท/เดือนหน้าบ้านติดน้ำ หลังบ้านติดเขา #ตามหลักฮวงจุ้ยพร้อมเลขที่บ้านมงคล 4 ห้องนอน 3 ห้องโถง ระเบียงรอบบ้าน รับลมธรรมชาติ โรงจอดรถในตัวบ้าน 2 ห้องน้ำ ไม่มีค่าส่วนกลาง พร้อมเข้าอยู่ทันทีห่างตัวเมือง 30นาที วิ่งตรงเส้นสันกำแพงสายใหม่1317 ทางไปแม่ออน แม่กำปอง เงื่อนไขสัญญา: ประกัน 2 เดือน + ล่วงหน้า 1 เดือน (สัญญาขั้นต่ำ3 ปี)สอบถามรายละเอียด สนใจ ติดต่อ: 095-2467742 (คุณออม)"
https://www.facebook.com/groups/homerentcm/posts/25387844657519313/,"ปล่อยเช่า บ้านสไตล์มินิมอล ย่านสันผักหวาน หางดง – 3 นาทีถึงกาดผักหวาน เฟอร์นิเจอร์ + เครื่องใช้ไฟฟ้าครบ พร้อมเข้าอยู่ ราคาเช่า : 15,000 บาท/เดือน สัญญาขั้นต่ำ : 1 ปี รายละเอียดบ้าน 2 ห้องนอน + 1 ห้องโล่งอเนกประสงค์ 2 ห้องน้ำ 1 ห้องครัว ที่จอดรถ 1 คัน------------------------------------------ Minimal Style House for Rent San Phak Wan, Hang Dong – Only 3 minutes to Kad Phak Wan Market Fully furnished with electrical appliances, ready to move in! Rental Price: 15,000 THB/month Minimum Contract: 1 year Property Details• 2 bedrooms + 1 multi-purpose room• 2 bathrooms• 1 kitchen• 1 parking space Khun Deal: 064-154-9308 Property Code: UL1630"
https://www.facebook.com/groups/homerentcm/posts/25388255417478237/,"บ้านว่างให้เช่า ใกล้สนามบิน เดินทางในเมืองสะดวก #พร้อมเข้าอยู่ #รับจองค่าเช่า 10,000/เดือน สัญญาเช่า 1ปี(ประกัน 2 เดือน +ค่าเช่าล่วงหน้า 1 เดือน)3 ห้องนอน 2 ห้องน้ำ1 ห้องโถง 1 ห้องครัว 1 ห้องเก็บของ จอดรถยนต์ได้ 1 คันเฟอร์นิเจอร์, เครื่องใช้ไฟฟ้าเตียง+ที่นอน 2ตู้เสื้อผ้า 2แอร์ 2 ห้องเครื่องทำน้ำอุ่น 1ซิงค์ล้างจานไฟ+น้ำ ตามบิลการไฟฟ้า/ประปาสถานที่ใกล้เคียง3 นาที ไป เชียงใหม่ 89 พลาซ่า5 นาที ไป โรงพยาบาลราชเวช8 นาที ไป สนามบินเชียงใหม่15 นาที ไป นิมมานเหมินท์ติดต่อนัดดูบ้าน 082-153-4053 จอย"
https://www.facebook.com/groups/homerentcm/posts/25387231434247302/,"3 ห้องนอน 3 ห้องน้ำ - บ้านเทศบาลนครเชียงใหม่, จังหวัดเชียงใหม่ 50210"
https://www.facebook.com/groups/homerentcm/posts/25382349041402208/,"ขายบ้านสไตล์ล้านนา หรือเช่ามีบ้าน 3หลังมีบ้านไม้ 1 หลังออฟฟิศ 1 หลังและอีกหลังเป็นบ้านหลังเล็ก มีพื้นที่กว้างมีต้นไม้ร่มรื่นมีสนามหญ้าค่ะ 4 ห้องนอน 5 ห้องน้ำ 1 ห้องเก็บของ 1 ห้องอบซาวน่า 2 ห้องนั่งเล่นเครื่องใช้ไฟฟ้าทั้งหมดมีแอร์ 5 ตัวเครื่องทำน้ำอุ่น 4 ตัวมีอ่างอาบน้ำ 1 ห้องน้ำมีเฟอร์นิเจอร์ครบทุกห้องนอนค่ะ และมีของตกแต่งอีกมากมายค่ะบ้านหลังใหญ่มีพื้นที่ใช้สอย 256ตรม.บ้านหลังออฟฟิศมีพื้นที่ใช้สอย 108 ตรม.บ้านหลังเล็ก28ตรม.ใกล้เชียงใหม่ 89 เพียง 3 นาทีใกล้โรงเรียนวารีเพียง 3 กม.ห่างสนามบินเพียง 7 กม.ห่างเซ็นทรัลแอร์พอร์ต 6.5 กม.ห่างเซ็นทรัลเฟสติวัล 11 กม.พิกัดบ้านหนองผึ้งอ.สารภี จ.เชียงใหม่พื้นที่ 220 ตารางวาขายราคา 13 ล้านบาทติดต่อ 080-573-8896 อั้มหรือเช่า40,000บาทต่อเดือนรับสัตว์เลี้ยงLanna-style house for sale or rentThere are 3 houses: 1 wooden house, 1 office, and a small house. The house has a spacious area with shady trees and a lawn.4 bedrooms5 bathrooms1 storage room1 sauna2 living roomsAll appliances are included, including 5 air conditioners4 water heaters1 bathtubAll bedrooms are fully furnished and include many decorative items.The main house has 256 sq m of usable space.The house behind the office has 108 sq m of usable space.The small house has 28 sq m of usable space. Near Chiang Mai 89, just 3 minutes.Near Varee School, just 3 km.Near the airport, just 7 km.Near Central Airport Plaza, 6.5 km.Near Central Festival, 11 km.Location: Ban Nong Phueng, Saraphi District, Chiang Mai ProvinceArea: 220 square wahFor sale: 13 million bahtContact: Aum 080-573-8896Or rent: 40,000 baht per monthpets"
https://www.facebook.com/groups/homerentcm/posts/25386669614303484/,"รหัสทรัพย์ : A50 ปล่อยเช่าทาวน์โฮม 2 ชั้น สไตล์ Modern Minimal ในโครงการ พฤกษาวิลล์ 95 บิ๊กซี-ดอนจั่นมีเฟอร์นิเจอร์ และ เครื่องใช้ไฟฟ้าครบ พร้อมเข้าอยู่ด้านหลังต่อเติมห้องครัว พื้นที่ใช้ส่อยเยอะ ห่างจากสนามบินนานาชาติเชียงใหม่เพียง 10 นาที ใกล้แหล่งอำนวยความสะดวกมากมาย เดินทางเข้า-ออก สะดวกสบาย ราคา 16,000 บาท/เดือน (สัญญาเช่าขั้นต่ำ 6 เดือน - 1 ปี)รายละเอียดทาวน์โฮม เนื้อที่ใช้ส่อย 116 ตารางเมตร -3 ห้องนอน (มีแอร์ และ เตียง ทุกห้องนอน)-1 ห้องนั่งเล่น / ห้องรับแขก-1 ห้องครัวภายใน และ ภายนอก-2 ห้องน้ำ -1 ที่จอดรถ รายละเอียดเฟอร์นิเจอร์ และ เครื่องใช้ไฟฟ้า - เครื่องปรับอากาศ 4 เครื่อง- ทีวี Smart TV 1 เครื่อง พร้อมชั้นวางทีวี- เตียงนอน 5 ฟุตพร้อมฟูก 2 ชุด- เตียงนอน 3 ฟุตพร่อมฟูก 1 ชุด- โต็ะเครื่องแป้ง พร้อมเก้าอี้สตูลเหลี่ยม- เครื่องทำน้ำอุ่น 1 เครื่ิอง- โซฟา 1 ชุด พร้อมโต็ะกลาง- โต็ะทำงาน พร้อมเก้าอี้ทำงาน 2 ชุด- โต็ะรับประทานอาหาร พร้อมเก้าอี้ 6 ตัว- ชั้นวางของ 4 ชั้น หน้าบันได้ - ชุดห้องครัวภายใน พร้อมชั้นวางของ 1 ชุด- ซิงค์ล้างจาน พร้อมเคาน์เตอร์ครัวภายนอก 1 ชุด - เตาแก๊ส 2 หัว พร้อม hood ดูดควัน- เครื่องทำน้ำอุ่น 1 เครื่อง- ไมโครเวฟ 1 เครื่อง สิ่งอำนวยความสะดวกในโครงการ -รปภ. 24 ชม. จำนวน 2 คน/รอบ-กล้องวงจรปิดรองโครงการ-สวนหย่อมสถานที่ใกล้เคียง-บิ็กซี ดอนจั่น -7-Eleven , Cafe Amazon -แม็คโคร ดอนจั่น-Ambassador Bilingual School -Unity Concord International School -โรงเรียนวารีเชียงใหม่ -โรงเรียนช่องฟ้าซินเซิงวาณิชบำรุง -เซ็นทรัลเฟสติวัล -เซ็นทรัลแอร์พอร์ทพลาซ่า -สนามบินนานาชาติเชียงใหม่ -ถนนนิมมานเหมินท์นัดชมทรัพย์ทุกวันไม่มีวันหยุดเบอร์โทร : 095-697-1451LINE : https://lin.ee/Jedw1faสนใจดูทรัพย์เพิ่มเติม https://web.facebook.com/auminvestmentproperty#Aumอสังหาน่าลงทุน#เช่าคอนโดใกล้สนามบิน #เช่าคอนโดราคาถูก#เช่าอาคารพาณิชย์เชียงใหม่#เช่าคอนโดราคาถูกเชียงใหม่ #เช่าคอนโดเชียงใหม่#เช่าบ้านหรูจังหวัดเชียงใหม่ #บ้านพูลวิลล่า#เช่าบ้านเชียงใหม่ #เช่าบ้านพร้อมที่ดิน #เช่าอสังหาริมทรัพย์เชียงใหม่#ซื้อขายเช่าอสังหาริมทรัพย์"
https://www.facebook.com/groups/homerentcm/posts/25381843921452720/,"ให้เช่าทาวน์โฮม ถนนเจ็ดยอด – ช้างเผือก ค่าเช่า: 38,000 บาท / เดือน3 ห้องนอน3 ห้องน้ำเฟอร์นิเจอร์ครบ พร้อมเข้าอยู่ สถานที่ใกล้เคียงใกล้นิมมานสนามบินเชียงใหม่เซ็นทรัลเฟสติวัลการเดินทางสะดวกมาก Townhome for Rent – Jed Yod Road, Chang Phueak Rent: 38,000 THB / month3 Bedrooms3 BathroomsFully furnished Nearby PlacesClose to NimmanChiang Mai International AirportCentral FestivalEasy access to transportationFor more information please contact (ติดต่อสอบถาม)Tel:0997865676,0828294474 (Khun Phao คุณเภา)ID Line:nitnat65"
https://www.facebook.com/groups/homerentcm/posts/25386475200989592/,"#บ้านเช่าหางดง โครงการเกรซแลนด์#รับสัตว์เลี้ยง ค่าเช่า 36,000 บาทพื้นที่ 87 ตรว. พท.ใช้สอย 280 ตรม. 4 ห้องนอน 3 ห้องน้ำ(ประกัน2เดือน ล่วงหน้า1 เดือน)เฟอร์นิเจอร์ครบพร้อมอยู่#เลี้ยงสุนัขได้ค่ะไม่เกิน2ตัว (เลี้ยงแมวเพิ่มประกันเป็น3เดือน)ตอนนี้ห้องนอนชั้นล่างทำเป็นห้องทำงาน แต่สามารถปรับเป็นห้องนอน4ได้ค่ะrent307Tel : 061-297-3068Lind: @919bkeby"
https://www.facebook.com/groups/homerentcm/posts/25380749668228812/,"คอนโดริมน้ำแมนชั่น ใกล้ม.เชียงใหม่เช่า 7,500 บาท (ส่วนกลาง 350/เดือน)สัญญาขั้นต่ำ 1 ปี ขนาดห้อง 28 ตรม. ห้องชั้น 3 ใกล้ มช. สามารถเดินเข้าทางประตูไผ่ล้อมได้ , มี 7-11 เครื่องซักผ้าหยอดเหรียญ+อบแห้งร้านอาหาร, ตู้กดน้ำ ,คลินิกเสริมความงามหน้าคอนโด,ใกล้ห้าง Maya> เฟอร์นิเจอร์ครบครัน- ตู้เสื้อผ้า-โต๊ะเครื่องแป้ง-TV android-ตู้เย็น-ไมโครเวฟ-โต๊ะทานข้าว-เครื่องทำน้ำอุ่น-แอร์-เตียง 5 ฟุตค่าคิดตามจริงบิลการไฟฟ้าค่าน้ำ 3 หน่วยแรก 100฿ (หน่วยต่อไป 30฿)สนใจนัดชม นิด"
https://www.facebook.com/groups/homerentcm/posts/25381116484858797/,"ว่าง 1 ธค รับจอง #เอื้ออาทรสันผีเสื้อ ตึก 21 ชั้น 1 ให้เช่า 4,000 / เดือน. มี 2 ห้องนอน / 1 แอร์ / 1 ห้องน้ำ1 ห้องนั่งเล่น / 1 ครัว ระเบียงเฟอร์นิเจอร์- เตียง 6 ฟุต พร้อมที่นอน (ห้องนอนใหญ่)- เตียง 5 ฟุต พร้อมที่นอน (ห้องนอนเล็ก)- แอร์ 1 ตัว (ห้องนอนใหญ่)- โต๊ะเครื่องแป้ง 1- ตู้เสื้อผ้า 1- โซฟา 1- เครื่องทำน้ำอุ่น 1- ซิงค์ล้างจาน 1ล่วงหน้า 4,000 บาทประกัน 8,000 บาทรวมเข้าอยู่จ่าย 12,000 บาท* สัญญาเช่าขั้นต่ำ 1 ปี เท่านั้น * เฟสใหม่ ตึก 21 , ชั้น 1ค่าส่วนกลาง 600/เดือน ชำระที่นิติโครงการค่าน้ำ ตามบิลนิติโครงการ [5 หน่วยแรก 100 บ.]ค่าไฟจ่ายตามมิเตอร์ใช้จริงตามมิเตอร์การไฟฟ้าไม่เลี้ยงสัตว์ ฝ่าฝืนปรับ10,000 และเชิญออกไม่สุบบุหรี่&บูหรีไฟฟ้า&กันชา ภายในห้อง ฝ่าฝืนปรับ 10,000 และ เชิญออกสนใจติดต่อนัดดูบ้าน คอนโด หอพัก เชียงใหม่รับฝาก บ้าน คอนโด อาคาร เช่า ขาย เชียงใหม่Tel : ID line 065-4152695 คุณ แอม K. Am 088-2686617 คุณ ทศ K. TodLine : https://line.me/ti/p/Y_X-IBh7GXLocationhttps://maps.app.goo.gl/7BGbaCagNNxcwwwP7#บ้านเช่าเชียงใหม่​ #คอนโดเชียงใหม่​#เอื้ออาทรเชียงใหม่ #นายหน้าเชียงใหม่​#บ้านราคาถูกเชียงใหม่ #เอื้ออาทรไนท์ซาฟารี #เอื้ออาทรสันผีเสื้อ #เอื้ออาทรเจ้าแม่กวนอิมป่าแดด #เอื้ออาทรหนองหอย #การเคหะเอื้ออาทรเชียงใหม่"
https://www.facebook.com/groups/homerentcm/posts/25388181917485587/,"ปล่อยเช่าบ้านย่านสันกำแพงหมู่บ้าน the estreem สัญญาเช่าขั้นต่ำ 1 ปี ค่าเช่า 40,000 บาท/ ต่อเดือน จ่ายประกัน 2 เดือน ล่วงหน้า 1 เดือน จ่ายครบ เข้าอยู่ได้เลย 𝗗𝗲𝘁𝗮𝗶𝗹 : ภายในบ้าน ขนาดที่ดิน 79.5 ตารางวา พื้นที่ใช้สอย184 ตารางเมตร 3 ห้องนอน (สามารถปรับห้องเล็กเป็นห้องทำงานได้) 3 ห้องน้ํา พร้อมเครื่องทำน้ำอุ่น 2 ห้อง 1 ห้องครัว 1 ห้องรับแขก 2 ที่จอดรถ ประตูอัตโนมัติ++ มีเฟอร์นิเจอร์พร้อมอยู่++ ราคานี้รวมค่าส่วนกลาง (มีฟิตเนสและสระว่ายน้ำ) คนทำสวน0801593057 Line@ 0610028665"
https://www.facebook.com/groups/homerentcm/posts/25380454141591698/,"5 ห้องนอน 3 ห้องน้ำ - บ้านเทศบาลตําบลสันผีเสื้อ, ถนน ศิรินธร, ฟ้าฮ่าม, หมู่ที่ 7, เชียงใหม่ 50000, ประเทศไทยบ้านเช่าสันผีเสื้อรวมโชค ใกล้เมือง 5 ห้องนอน 3 ห้อวน้ำ จอดรถได้4 คัน เลี้ยง สัตว์นอกบ้าน 1 ( นอกบ้านเท่านั้น) ค่าเช่า 25000 บาท เข้าอยู่ ประกัน2 ล่วงหน้า1(ลูกค้าอยากได้อะไรเพิ่มเติมแจ้งได้คะ)เเอร์ 5 ตัว พิกัด ใกล้ตลาดสด ใกล้เมืองสนใจ คิดต่อ 0935758488 ป๊อบ ยินดีรับโคเอเจ้น คะ House for rent, including Chok San Phi Suea5 rooms, 3 bathrooms, 4 cars.1 outdoor space (outdoor only) 25,000 baht per room.2 months deposit, 1 month advance payment.(If you have any additional requests, please let us know.)Air-conditioned, 5 people, near the fresh market and the city.Interested? Contact Pop at 0935758488.Cogeneration staff available."
https://www.facebook.com/groups/homerentcm/posts/25384132281223884/,เนื้อหานี้ไม่พร้อมใช้งานในขณะนี้เหตุการณ์นี้มักจะเกิดขึ้นเนื่องจากเจ้าของ เนื้อหากับคนกลุ่มเล็กๆ เท่านั้น หรือเปลี่ยนกลุ่มคนที่สามารถดูได้ หรือเนื้อหาถูกลบไปแล้วไปที่ฟีดย้อนกลับไปที่ศูนย์ช่วยเหลือ
https://www.facebook.com/groups/homerentcm/posts/25385572257746553/,"For Sale or RentRenovated Townhouse in the CityModern Style, Sri Anan TownhouseFa Ham Subdistrict, Mueang Chiang Mai DistrictFor Sale 2.49 Million BahtOr Rent 22,000 Baht/month 19 sq wah (approximately 19 sq m)Usable Area 120 sq m2 bedrooms, 2 bathrooms, 1 multipurpose room (convertible into a bedroom or office)1 kitchen, 1 garage Fully furnished, ready to move in 40"" Smart TV 1 air conditioner Refrigerator Water heater Super convenientCentral Festival 3 minutes Nimmanhaemin 10 minutes Prince Royal's School 10 minutes Bangkok Hospital Chiang Mai 8 minutes Theppanya Hospital 3 minutesContact Line: housetwo68ขายหรือให้เช่าทาวน์เฮ้าส์ในเมืองรีโนเวทใหม่ สไตล์โมเดิร์น ศรีอนันต์ทาวน์เฮ้าส์ ตำบลฟ้าฮ่าม อำเภอเมืองเชียงใหม่ ขาย 2.49ล หรือเช่า 22000/เดือน ขนาด 19 ตรว พื้นที่ใช้สอย 120 ตรมขนาด 2 ห้องนอน 2 ห้องน้ำ 1 ห้องเอนกประสงค์ (ปรับเป็นห้องนอนหรือห้องทำงานได้) 1 ห้องครัว 1 โรงจอดรถ เฟอร์ครบ หิ้วกระเป๋าเข้าอยู่ได้เลยSmart TV 40""แอร์ 1 ตัว ตู้เย็นเครื่องทำน้ำอุ่น สะดวกสุดๆ เซ็นทรัลเฟส 3 นาทีนิมมาน 10 นาทีรร.ปริ้นส์รอยแยลส์ 10 นาที รพ กรุงเทพเชียงใหม่ 8 นาที โรงพยาบาลเทพปัญญา 3 นาทีติดต่อ ไลน์ housetwo68"
https://www.facebook.com/groups/homerentcm/posts/25386068771030235/,"The Nimmana Condo Chiang MaiGarden view fully furnished 1st floor Located in Nimman walkable to Maya Price: 30,000 THB / month (yearly) 2 bedrooms / 1 bathroom Size: 59.47 sqm Min. 3-6 months contract 6 months 32k/month 3 months 35k/month _______ให้เช่า / ขาย เดอะ นิมมานาคอนโด เชียงใหม่ นิมมานซ.6 #ติดทรัพย์ #รับโคระยะยาว เช่า 30,000 บาท / เดือน ราคา 5,200,000 บาท ( ราคาต่อรองได้ )2 ห้องนอน 1 ห้องน้ำ59.47 ตร.ม | ชั้น 1 ( ห้องมุม วิวสวน )** เช่าระยะสั้น6 เดือน > 32,000 บาท (half year contract) 3 เดือน > 35,000 บาท (3 months contract) ( เงินประกัน 2 เดือน + ล่วงหน้า 1 เดือน )Contact us 想了解更多欢迎私信WhatsApp + 66 611741528/+ 66 645067222Line : https://lin.ee/KlEG1EVj WeChat : Kaelynproperty_th Official Website : https://www.kaelynproperty.com"
https://www.facebook.com/groups/homerentcm/posts/25382239228079856/,"ให้เช่าตึกแถว แยกเคหะหนองหอย เหมาะสำหรับค้าขาย และพักอาศัยได้ค่าเช่า 7,500 บาท/เดือน( สัญญา 6 เดือน หรือ 1 ปี )ชั้น 2 มี ห้องเปล่า 2 ห้องมีห้องน้ำ 1 ห้อง ชั้นล่างเป็นโถงเปล่าค่าน้ำ/ค่าไฟ ตามบิลรัฐบาลติดต่อนัดดูบ้าน 082-153-4053 จอย"
https://www.facebook.com/groups/homerentcm/posts/25381977048106074/,"3 ห้องนอน 2 ห้องน้ำ - บ้านศิวาลัย วิลเลจ 4, ต้นเปา, สันกําแพง, เชียงใหม่ 50130, ประเทศไทย"
https://www.facebook.com/groups/homerentcm/posts/25388461867457592/,"ปล่อยเช่าบ้าน โครงการบ้านรุ่งธนา 7 แม่โจ้พร้อมเข้าดูบ้านและพร้อมเข้าอยู่ค่าเช่าเดือนละ 25,000 บาท สัญญาขั้นต่ำ 1 ปี มัดจำ 2 เดือน ล่วงหน้า 1 เดือนบ้าน 2 ชั้นที่ดิน 50 ตรว. มีสวน พื้นที่ใช้สอย 160 4 ห้องนอน 3 ห้องน้ำ เฟอร์นิเจอร์ 3 ห้องห้องนอนใหญ่ห้องน้ำในตัว1 ห้องเปล่า สามารถทำเป็นห้องนอนหรือห้องทำงานได้1 ห้องครัว อุปกรณ์ครัวครบครัน เครื่องครัว ไมโครเวฟ หม้อทอดไร้น้ำมัน เต้าแก๊ส พร้อมแก๊สเครื่องใช้ไฟฟ้า แอนดรอยทีวี 55 นิ้ว ตู้เย็น เครื่องซักผ้า จอดรถในบ้านได้ 2 คัน ประตูรั้วรีโมทแอร์ครบทุกห้อง 5 ตัว เครื่องทำน้ำอุ่นห้องน้ำ 3 ห้องเลี้ยงสัตว์เลี้ยงตัวเล็กๆได้ไม่เกิน 2 ตัว"
https://www.facebook.com/groups/homerentcm/posts/25386557714314674/,#บ้านพร้อมที่ดิน บ้านสไตล์มินิมอล - นอร์ดิก มี 2 แบบ#บ้านหนึ่งชั้น#บ้านสองชั้นทำเลใกล้แหล่งชุมชน การเดินทางสะดวกสบายบนถนนวงแหวนรอบ3☆ท่ารั้ว ต.สันปูเลย อ.ดอยสะเก็ด จเชียงใหม่☆ลักษณะบ้าน(บ้านหนึ่งชั้น)- 3ห้องนอน - 2ห้องน้ำ - 1ห้องครัว-2ที่จอดรถ#เนื้อที่ใช้สอย110ตร.ม.ราคา 3.XX-------------------------------------------------(บ้านสองชั้น)- 4ห้องนอน- 3ห้องน้ำ- 1ห้องครัว- 2ที่จอดรถ#เนื้อที่ใช้สอย190ตร.ม.ราคา 8.XXจองวันนี้พร้อมของแถมมากมาย(เดินเรื่องสินเชื่อให้ฟรี)------------------------------สนใจติดต่อ- 096-6979305 (แป๊ะ)ID:Line Poonthephttps://m.facebook.com/story.php?story_fbid=575956784513010&id=100062960814805&mibextid=Nif5oz#บ้านเดี่ยว #บ้านและสวน #บ้านสวย #บ้านสวยทำเลดี #บ้านสวยดอยสะเก็ด #อสังหาริมทรัพย์ #ท่ารั้ว #สันปูเลย #ดอยสะเก็ด #บ้านใหม่ #บ้านสไตล์มินิมอล #บ้านสไตล์นอร์ดิก #บ้านมินิมอลเชียงใหม่ #อสังหาริมทรัพย์เชียงใหม่
https://www.facebook.com/groups/homerentcm/posts/25385859307717848/,"3 ห้องนอน 3 ห้องน้ำ - บ้านอ.หางดง, เทศบาลนครเชียงใหม่, จังหวัดเชียงใหม่ 50230ขายบ้านเดี่ยว 2 ชั้น เป็นบ้านนอกโครงการไม่มีค่าส่วนกลาง สุดคุ้มแต่งครบ้านพร้อมอยู่! พร้อมสนามหญ้า จอดรถได้หลายคัน ใกล้ศูนย์หัตถการบ้านถวาย ใกล้โรงเรียนนานาชาติลานนา ใกล้ตลาดน้ำโท้ง โลตัส 7-11 ใกล้สนามบินเชียงใหม่ ใกล้กาดฝรั่ง.บ้านเดี่ยว 2 ชั้น 3 ห้องนอน 3 ห้องน้ำ 3 ที่จอด 1 ห้องเก็บของเพียง 3.99ล้าน บนที่ดิน 73 ตรว. โอนคนละครึ่ง.เช่าเดือนละ20,000บาทจ่ายประกัน2ล่วงหน้า1มาพร้อมกับ-ชุดห้องรับแขก-ชุดรับประทานอาหาร-ชุดห้องนอน 3 ห้องนอน-ปั๊มน้ำ แทงค์น้ำ -เครื่องปรับอากาศ 4 เครื่อง - เครื่องทำน้ำอุ่น 2 เครื่อง -ติดผ้าม่าน เหล็กดัดทั้งหลัง -พิกัด: ใกล้บ้านถวาย อำเภอหางดง จังหวัดเชียงใหม่เดินทางสะดวกใกล้สนามบินเชียงใหม่และเซ็นทรัลแอร์พอร์ทใกล้โรงเรียนนานาชาติลานนาใกล้ Big C หางดง2ใกล้ แมคโครหางดงใกล้โรงพยาบาลหางดงสนใจโทร.082-2964942/065-6945524"
https://www.facebook.com/groups/homerentcm/posts/25388090314161414/,"ให้เช่าศุภาลัย มอนเต้@เวียง​ (มอนเต้​ 1)คอนโดใกล้ เซ็นทรัลเฟสฯเชียงใหม่18/737 ชั้น 31 (1 ห้องนอน 1​ ห้องน้ำ)​ค่าเช่า 13,000 บาท /เดือน46 ตารางเมตร วิวเมืองสัญญา​ 1 ปี​ แรกเข้าจ่าย 3 เดือน สนใจ/แอดไลน์​ โทร 0983632711 ติดต่อ mild"
https://www.facebook.com/groups/homerentcm/posts/25387325470904565/,"ให้เช่าหมู่บ้าน อรสิริน 3 𝐎𝐫𝐧𝐬𝐢𝐫𝐢𝐧 𝟑ค่าเช่า : 𝟐𝟓,𝐎𝐎𝐎 บาท/เดือน.___________________________➤ ที่ดิน 85.5 ตร.ว. พื้นที่ใช้สอย 120 ตร.ม.➤ 3 ห้องนอน 3 ห้องน้ำ .● ค่าเช่า 25,000 บาท/เดือน สัญญา 1 ปี ● (ประกัน 2 เดือน + ค่าเช่าล่วงหน้า 1 เดือน).➤ ️ฟรีค่าส่วนกลาง➤ ️ฟรีอินเตอร์เนตบ้าน➤ ฟรีตัดหญ้า 2 เดือนครั้ง➤ ️ฟรีฉีดปลวกและแมลงทุกเดือนจนถึงมิถุนายน 2569.#เฟอร์นิเจอร์และเครื่องใช้ไฟฟ้าใหม่● Digital Door Lock ● ️แอร์ชั้นล่าง 24200 บีทียู อินเวอร์เตอร์● ️ตู้เย็น 4 ประตู 16.7 คิว● ️โต๊ะกินข้าว พร้อมเก้าอี้นั่ง 4 ตัว● โต๊ะกลาง● ️ตู้ชุดครัว● ️ชั้นวางจานสแตนเลส 2 ชั้น● ️ไมโครเวฟ● ️เครื่องทำน้ำอุ่นห้องนอนใหญ่● ห้องนอนที่ 3 เฟอร์ใหม่ทั้งห้องชุดที่นอน ที่นอน ตู้เสื้อผ้า ตู้กระจก ● ️ผ้าคลุมเตียงกันฝุ่น กันไรฝุ่น 360 องศา 3 ห้องนอน● ️ชุดฝักบัวเรนชาวเวอร์ทั้ง 2 ห้องน้ำ● ️ก๊อกน้ำเย็นอ่างล้างหน้าทั้ง 3 ห้องน้ำ● ️สายฉีดชำระทั้ง 3 ห้องน้ำ● ️ก๊อกซิงค์ล้างจาน___________________________#รวมเฟอร์นิเจอร์และเครื่องใช้ไฟฟ้า● เครื่องทำน้ำอุ่น 2 เครื่อง ● แอร์ 4 เครื่อง● ตู้เย็น● เครื่องซักผ้า● เครื่องดูดควัน,แก๊ส● ตู้โชว์● เฟอร์นิเจอร์ โซฟา ● โต๊ะกลาง● โต๊ะกินข้าว พร้อมเก้าอี้นั่ง 4 ตัว ● ตู้ชุดครัว● สมาททีวี 55 นิ้ว● ตู้วางทีวี ● ชั้นวางจานสแตนเลส 2 ชั้น● ไมโครเวฟ● ชุดที่นอน ที่นอน ตู้เสื้อผ้า ตู้กระจก 3 ห้องนอน● คียการ์ด 2 อัน● พัดลม 2 ___________________________#สิ่งอำนวยความสะดวก● รปภ.24 ชั่วโมง● สระว่ายน้ำส่วนกลาง● ฟิตเนส● CCTV● ส่วนหย่อมรอบโครงการ___________________________. #สถานที่ใกล้เคียงใกล้ตลาดเจริญเจริญใกล้ตลาดอุ้ยทาใกล้ตลาดท่ารั้วใกล้เซนทรัลเฟสใกล้โรงเรียน Mill Hill International School Thailand โรงเรียนนานาชาติมิลล์ฮิลล์หน้าโครงการหมู่บ้านมีร้านหมูกะทะ ____________________________ขออภัยไม่รับสัตว์เลี้ยงครับ.สอบถาม ■โทร/ไลน์ : 0639964993 คุณจูน____________________________#บ้านเช่าเชียงใหม่#ornsirin3 #hr161168"
https://www.facebook.com/groups/homerentcm/posts/25387744377529341/,"ให้เช่าบ้าน 3 ห้องนอน โซนหลัง ม.ช ใกล้วัดร่ำเปิงบ้านเช่า ต.สุเทพ รั้วรอบชิด / จอดรถได้ 3 คันเนื้อที่เยอะ 130 ตรว.พื้นที่ใช้สอย 124 ตร.เมตร3 ห้องนอน2 ห้องน้ำ 2 น้ำอุ่น4 แอร์ รับสัตว์เลี้ยง ไม่มีส่วนกลาง น้ำไม่เคยท่วม 100%มีสวนหย่อมข้างบ้าน และ หลังบ้านร่มรื่นเงียบ สงบ และ ปลอดภัยห่างจากมช.เพียง 2.5 กม.พิกัด ซอยวัดร่ำเปิงใกล้สนามกีฬาเทศบาลสุเทพค่าเช่าเดือนละ 25,000 บาทประกัน 2 เดือนจ่ายค่าเช่าล่วงหน้า 1 เดือน.รวม 3 เดือน ก่อนย้ายเข้าอยู่.รวม 75,000 ฿ .คืนประกันให้เมื่ออยู่ครบสัญญา. Rent / Location Wat Pong-noi Sutep.House for RentSingle-Story Home with Grass in Suthep | Near Nature . Land size : 130 sq.w.Usable area 125 square meters. Bedrooms: 3Bathrooms: 3Living room 2 parking. Rental: 25,000 THB/month ( 1-Year Lease) Terms: 1 Month Advance + 2 Months Security Deposit Location: Near Wat Pong NoiSutep. 10 mins to CMU 10 mins to Nimman road & 15 mins to Old Town.House for Rent behind Chiangmai University 3.5 km.to Nimman Road 4.5 km.Sutep areas. Land size 130 square wah. Usable area 145 square meters. Fully furnished. 3 bedrooms/2 bathrooms /Living room / 2 parking. Pet allowed 1 year Contact. For rent 25,000 THB / per month. 2 month deposit.1 month in advance .Totally 75,000 THB. Before move-in ..The water never flood.50"
https://www.facebook.com/groups/homerentcm/posts/25388479087455870/,"ปล่อยเช่า บ้านVilla ติดทะเลสาบส่วนตัว โซนหางดงเคยลงนิตรสาร บ้านและสวน & ROOMS ขนาดที่ดินใหญ่ 261ตรว.หน้ากว้างติดทะเลสาบกว่า 40เมตร Rare item หายากมาก.บ้าน Villa สไตล์ Modern Contemporary ติดทะเลสาบใหญ่ส่วนตัว เป็นบ้านตากอากาศ อยู่โซนวงแหวนรอบ 3 ฝั่งตรงข้ามหมู่บ้านวังตาล ตัวบ้านอยู่ติดกับร้านคาเฟ่ดังBella Goose cafe on the pond แหล่งรวม Expat ย่านนี้ออกจากบ้านมา เดินไปทานอาหารเช้าได้เลย สะดวกมาก.Detailที่ดิน 261ตรว พื้นที่ใช้สอยรวม 440ตรม.โฉนดเป็นอำเภอเมือง.มีบ้านอยู่ 2หลัง ติดกัน หลังที่1บ้าน2ชั้นพื้นที่บ้าน 350ตรม.3 ห้องนอน 2ห้องน้ำ 2 Livingroom 1ห้องครัวทุกห้องหันหน้าไปทะเลสาบหมด4 ที่จอดรถ.หลังที่2 บ้านชั้นเดียวพื้นที่บ้าน 90ตรม.1 ห้องนอน 1ห้องน้ำ 1ห้องเก็บของพร้อมระเบียงติดทะเลสาบ.Location บ้านอยู่โซนหางดง (ฉโนดอำเภอเมือง)อยู่วงแหวนรอบ3บ้านติดร้าน Cafe ดัง Bella Goose cafe on the pondใกล้โรงเรียนอินเตอร์.HighlightFacade ทำจากไม้สักทั้งหมดพร้อมระบบ security ทั้งในบ้านและนอกบ้านติดทะเลสาบส่วนตัว พร้อมปลากว่าหมื่นตัวในสระค่าเช่า 100,000 บาท / เดือน…………………………………………………Lakefront Modern Contemporary Villa for Rent – Hang Dong, Chiang Mai(Featured in Baan Lae Suan & ROOMS Magazines)A rare lakefront villa with private lake access, located in the Hang Dong area, just across from the renowned Wang Tan Village.The property sits on a large 261 sq.wah (1,044 sq.m.) plot with over 40 meters of lake frontage — truly a rare find in Chiang Mai..Designed and built as a private holiday home, the villa blends modern contemporary design with a serene natural lakeside atmosphere.Just steps away from Bella Goose Café on the Pond, one of the most popular expat cafés in the area — perfect for your morning walk and breakfast by the water.Property DetailsLand size: 261 sq.wah (approx. 1,044 sq.m.)Usable area: 440 sq.m.Title deed under Mueang DistrictThere are two houses on the property:House 1 – 2-Storey VillaUsable area: 350 sq.m.3 Bedrooms, 2 Bathrooms2 Living rooms, 1 KitchenEvery room faces the lake4 Car parking spacesHouse 2 – Single-Storey Guest HouseUsable area: 90 sq.m.1 Bedroom, 1 Bathroom, 1 Storage roomSpacious lakeside terraceLocationHang Dong area (Mueang District title deed)Located on the 3rd Ring RoadNext to Bella Goose Café on the PondClose to international schoolsHighlightsFacade made entirely from premium teak woodFull security system inside and outside the housePrivate lake with over 10,000 fishPeaceful natural surroundings with stunning lake views Rental Price: 100,000 THB / month Owner listing – Agents welcome"
https://www.facebook.com/groups/homerentcm/posts/25388437244126721/,"ให้เช่าทาวโฮม/ขาย ขนาด 2 ห้องนอน ใกล้ห้างเซ็นเฟสฯเพียง 3 นาทีเท่านั้น เช่า 22000/เดือนประกัน 2 ล่วงหน้า 1ขาย 2.49ล้านขนาด 19 ตรว พื้นที่ใช้สอย 120 ตรม2 ห้องนอน 2 ห้องน้ำ 1 ห้องเอนกประสงค์ (ปรับเป็นห้องนอนหรือห้องทำงานได้) 1 ห้องครัว 1 โรงจอดรถ เฟอร์ครบ หิ้วกระเป๋าเข้าอยู่ได้เลยSmart TV 40""แอร์ 1 ตัว ตู้เย็นเครื่องทำน้ำอุ่น สะดวกสุดๆ เซ็นทรัลเฟส 3 นาทีนิมมาน 10 นาทีรร.ปริ้นส์รอยแยลส์ 10 นาที รพ กรุงเทพเชียงใหม่ 8 นาที โรงพยาบาลเทพปัญญา 3 นาที#ทาวน์โฮม #ทาวน์เฮ้า #ทาวน์โฮมรีโนเวท #ทาวน์เฮ้าส์รีโนเวท #บ้านเชียงใหม่ #บ้านในเมืองเชียงใหม่ #ทาวน์เฮ้าส์เชียงใหม่"
https://www.facebook.com/groups/homerentcm/posts/25385778237725955/,"3 ห้องนอน 2 ห้องน้ำ - ทาวน์เฮาส์เทศบาลนครเชียงใหม่, จังหวัดเชียงใหม่ 50300บ้านใหม่ป้ายแดง!!!! ทำเลดีในเมืองทาวน์เฮ้าส์ 2 ชั้น ในโครงการ"" หมู่บ้าน พฤกษาวิลล์ 120 "" พิกัด ใกล้สนามบินเชียงใหม่ ค่าเช่า 23,000.-/เดือน■ เงินประกันความเสียหาย 2 เดือน■ ค่าเช่าล่วงหน้า 1 เดือน■ รับสัญญา 1 ปี■ ไม่รับสัตว์เลี้ยง รายละเอียด :■ 3 ห้องนอน■ 2 ห้องน้ำ■ 1 ห้องน้ำเล่น ■ 1 ห้องครัว ห้องสวย พร้อมเฟอร์นิเจอร์ และเครื่องใช้ไฟฟ้า เตียง ที่นอน ตู้เสื้อผ้า โต๊ะเครื่องแป้ง เครื่องปรับอากาศ 4 ตัว เครื่องทำน้ำอุ่น โทรทัศน์ ชุดรับแขก เคาน์เตอร์ครัวพร้อมซิงค์ล้างจาน ตู้เย็น ไมโครเวฟ โต๊ะทานอาหาร เตาแก๊ส เครื่องดูดควัน เครื่องซักผ้า สถานที่ใกล้เคียง■ สนามบินเชียงใหม่ ■ Central Airport Chiangmai■ Big C แม่เหียะ■ Makro แม่เหียะ■ เทสโก้ โลตัสหางดง#สนใจทักมาเลยค่ะ 082-2964942/065-6945524"
https://www.facebook.com/groups/homerentcm/posts/25387744620862650/,"บ้านให้เช่า/ขาย 3 ห้องนอนเฟอร์ครบ ใกล้โรงเรียนนานาชาติลานนา กาดฝรั่ง กาดน้ำโท้ง ราคาให้เช่าเพียง 20,000 บาท/เดือนประกัน 2 ล่วงหน้า 1 ราคาขาย 3.8 ล้าน 3 ห้องนอน 3 ห้องน้ำ เครื่องนอนครบทุกห้อง แอร์ 4 เครื่อง ชุดรับแขก โต๊ะอาหารพร้อมหิ้วกระเป๋าเข้าอยู่ได้เลย"
https://www.facebook.com/groups/homerentcm/posts/25383006841336428/,"บ้านมินิมอลล์น่าอยู่! เฟอร์นิเจอร์ครบทุกอย่าง หิ้วกระเป๋าเข้าอยู่ได้เลย! โอกาสทอง! บ้านสไตล์มินิมอลล์ให้เช่า 15,000 บ./ด. ทำเลทองหางดง-แม่เหียะ! เฟอร์นิเจอร์และเครื่องใช้ไฟฟ้าครบ รวมถึงหม้อทอดไร้น้ำมัน! (รายการเครื่องใช้ไฟฟ้ากว่า 11 รายการ)ราคาคุ้มค่า: เพียง 15,000 บาท/เดือน (มัดจำ 2+1)พื้นที่: 2 ห้องนอน (+1 ห้องโล่ง), 2 ห้องน้ำ, 140 ตร.ม. พร้อมที่จอดรถทำเลทองการศึกษา: ใกล้โรงเรียนนานาชาติและสองภาษาชั้นนำกว่า 5 แห่ง (SIBS, Meritton, Sarasaas, Panyaden, APISP)เดินทางสะดวก: 3 นาทีถึงกาดผักหวาน, 9 นาทีถึงกาดฝรั่ง/บิ๊กซีแม่เหียะ/ไนท์ซาฟารีจุดเด่น: เข้าออกง่าย นิติบุคคลดูแลดี มี รปภ. ปลอดภัยบ้านดี ทำเลเด่น ราคาโดนใจ ไม่ควรพลาด! สนใจติดต่อ: 0987298965----------แน่นอนครับ! บ้านสไตล์มินิมอลพร้อมเฟอร์นิเจอร์ครบและทำเลที่เข้าถึงโรงเรียนนานาชาติหลายแห่งในราคานี้เป็นจุดขายที่แข็งแกร่งมาก ผมจะสร้าง Ad Copy ที่เน้นความพร้อมเข้าอยู่และความคุ้มค่าครับ Ad Copy (ภาษาไทย) - บ้านสไตล์มินิมอลล์หัวข้อหลัก (Headline - เน้นสไตล์และความพร้อมอยู่) บ้านมินิมอลล์น่าอยู่! เฟอร์นิเจอร์ครบทุกอย่าง หิ้วกระเป๋าเข้าอยู่ได้เลย!แคปชั่น (Caption - ดึงดูดความคุ้มค่าและทำเลสะดวก) โอกาสทอง! บ้านสไตล์มินิมอลล์ให้เช่า 15,000 บ./ด. ทำเลทองหางดง-แม่เหียะ!ความพร้อมสูงสุด: เฟอร์นิเจอร์และเครื่องใช้ไฟฟ้าครบ รวมถึงหม้อทอดไร้น้ำมัน! (รายการเครื่องใช้ไฟฟ้ากว่า 11 รายการ)ราคาคุ้มค่า: เพียง 15,000 บาท/เดือน (มัดจำ 2+1)พื้นที่: 2 ห้องนอน (+1 ห้องโล่ง), 2 ห้องน้ำ, 140 ตร.ม. พร้อมที่จอดรถทำเลทองการศึกษา: ใกล้โรงเรียนนานาชาติและสองภาษาชั้นนำกว่า 5 แห่ง (SIBS, Meritton, Sarasaas, Panyaden, APISP)เดินทางสะดวก: 3 นาทีถึงกาดผักหวาน, 9 นาทีถึงกาดฝรั่ง/บิ๊กซีแม่เหียะ/ไนท์ซาฟารีจุดเด่น: เข้าออกง่าย ซอยแรกหลังที่สอง! นิติบุคคลดูแลดี มี รปภ. ปลอดภัยบ้านดี ทำเลเด่น ราคาโดนใจ ไม่ควรพลาด! สนใจติดต่อ: 0987298965---------Minimalist Dream Home for Rent! Fully Equipped & Ready to Move In! AMAZING VALUE! Minimal Style House for Rent at only 15,000 THB/Month.If you are looking for convenience and a perfect location near International Schools, this is it!Ultimate Convenience: Fully Furnished and equipped with ALL appliances (including 3 ACs, fridge, TV, Air Fryer, pump/water tank, etc.). Just bring your suitcase!Great Price: Only 15,000 THB/Month (Deposit 2 + Advance 1).House Details: 2 Bedrooms (+1 Flexible Room), 2 Bathrooms, 140 sq.m. usable area.Education Hub Location: Just 10-15 mins drive to SIBS, Meritton, Panyaden, Sarasaas, Little Stars, and APISP.Easy Access: 9 mins to Kad Farang & Big C Mae Hia. Easy access via multiple routes.Well-maintained community with 24-hr security! Don't miss this perfect rental opportunity. Contact: 0987298965#บ้านมินิมอล #บ้านสไตล์มินิมอล #บ้านพร้อมอยู่ #เฟอร์นิเจอร์ครบ #บ้านราคาดี #บ้านเช่าเชียงใหม่ #MinimalHouse #MinimalStyle #FullyFurnished #ReadyToMoveIn #ChiangMaiForRent #HomeForRent #บ้านเช่า15000 #บ้านหางดง #บ้านใกล้แม่เหียะ #กาดฝรั่ง #บ้านใกล้โรงเรียนนานาชาติ #HangDong #MaeHia #KadFarang #ChiangMaiRental #AffordableRentalโรงเรียนนานาชาติ #SIBSChiangmai #MerittonSchool #Panyaden #Sarasaas #InternationalSchool #ChiangMaiInternationalSchool #ExpatChiangMai"
https://www.facebook.com/groups/homerentcm/posts/25386590734311372/,"ให้เช่าคอนโดใกล้สนามบิน+ฟรี WifiSereno Airport Condominiumให้เช่าคอนโดใกล้เซ็นทรัลแอร์พอร์ต 7 นาทีจากสนามบินเชียงใหม่ 10 นาทีจาก รพ.สวนดอก หน้าปากซอยมีร้านพิซซ่าฮัท ในซอยมี 7-11 ร้านอาหารหน้าคอนโด Lotus, Big C, ร้านสะดวกซักที่จอดรถยนต์และมอเตอร์ไซด์ คอนโดอยู่ชั้น 2 ระเบียงหันทิศใต้ พร้อมเข้าอยู่ สัญญา 1 ปี ค่าเช่าเดือนละ 7,000 บาทสัญญา 6 เดือน ค่าเช่าเดือนละ 7,500 บาทเฟอร์นิเจอร์ครบฟรี Wifi high speed internet*ค่าเช่ารวมค่าส่วนกลางแล้ว*ค่าน้ำหน่วยละ 35 บาท-ค่าไฟตามมิเตอร์การไฟฟ้า#งดสัตว์เลี้ยงค้นหาใน google map : ซีรีโน คอนโดมิเนียม/ sereno airport condominiumสนใจโทร. 0956627256Line :bobbee0209"
https://www.facebook.com/groups/homerentcm/posts/25385986927705086/,ให้เช่า ที่ดินสวยพร้อมอาคาร โกดัง เหมาะทำโรงงาน พร้อมดำเนินการได้เลยเนื้อที่สี่เหลี่ยมผืนผ้าขนาด 1 ไร่ หน้ากว้างติดถนน 22 เมตรพร้อมสิ่งปลูกสร้าง 361.25 ตรม (โครงสร้างหลังคาและพื้นซีเมนต์ ห้องเก็บ ของ ห้องพ่นสี ห้องอบสี บ้านพัก ออฟฟิศห้องน้ำ พร้อมระบบบำบัดน้ำเสีย) ไฟฟ้า3เฟส น้ำประปา และแท็งค์สำรอง รั้วรอบที่ดินสามารถทำโรงงานได้หลายหลายประเภทด้านหลังติดทุ่งนา ร่มรื่น ไม่แอดอัด เสียงไม่ดังรบกวนหากต้องการเช่าค่าเช่า 30000 บาท/เดือน สัญญา 1 ปีพิกัด เลยบ่อสร้าง ก่อนถึงตลาดแม่คือ ดอยสะเก็ด (อนาคตถนนวงแหวนรอบที่4 รอบใหม่จะตัดผ่าน)ห่างจากถนนหลักเพียง 2 กิโลเมตรhttps://maps.app.goo.gl/91R85WfANopK9voYA?g_st=ipc สอบถามเพิ่มเติม โทร 0987492615 (เก๋ : เจ้าของ)หรือ ID LINE : kibkaena1 สนใจเข้าชมนัดล่วงหน้า 1-2 วันนะคะ#ที่ดินเชียงใหม่ #โรงงานให้เช่าเชียงใหม่ #บ้านให้เช่าเชียงใหม่ #ที่ดินทำเลทอง #ที่ดินเจ้าของขายเอง #เชียงใหม่ #สันกำแพง #แม่ออน #ดอยสะเก็ด #แม่กำปอง #บ่อสร้าง #วัดดอยคำ #ร้านอาหารเชียงใหม่ #ร้านกาแฟเชียงใหม่ #คาเฟ่เชียงใหม่ #ที่ดินสวย #ที่ดินถมแล้ว #วัดป่าแดด #วัดดอนจั่น #น้ำพุร้อนเชียงใหม่
https://www.facebook.com/groups/homerentcm/posts/25382305441406568/,"ปล่อยเซ้งธุรกิจบ้านพัก พร้อมดำเนินการต่อได้ทันที!#ใจกลางเมืองเชียงใหม่ #มีลูกค้าจองล่วงหน้าแล้ว รอรับรายได้ทันที ราคาเซ้ง: 220,000 บาท (ต่อรองได้) ค่าเช่าบ้าน: 4,200–4,500 บาท/เดือน (สูงสุด 4,500 บาท ไม่มีเพิ่ม) รวมเงินประกัน: 7,600 บาท — ได้คืนเมื่อหมดสัญญา⸻ รายละเอียดบ้าน• บ้าน 2 ห้องนอน 1 ห้องน้ำ• เฟอร์นิเจอร์ครบ เข้าอยู่/ทำธุรกิจได้ทันที• แอร์ 2 ตัว, ทีวี 1 เครื่อง, กล้องวงจรปิด 1 ตัว• ชุดเตียงนอนและของตกแต่งภายในบ้าน• ได้ทุกอย่างภายในบ้าน (ยกเว้นแท็งก์น้ำ)• ระบบไฟฟ้าใหม่ทั้งหลัง พร้อมคีย์การ์ดตัดไฟ⸻ จุดเด่นทางธุรกิจ• ลูกค้าเข้าพักต่อเนื่อง• เคยมีลูกค้าเหมารายเดือน 30,000 บาท (พัก 1–3 เดือน)• ค่าเช่ารายเดือนเฉลี่ย 4,200–4,500 บาท• การจองล่วงหน้า ธ.ค.–ม.ค. รวมประมาณ 25,000 บาท• หากรับช่วงภายในเดือน ธันวาคม รับรายได้ทันที⸻ เหตุผลในการเซ้งธุรกิจของพี่สาวที่ไปทำงานต่างประเทศ ผู้ดูแลต่อไม่ไหว และไม่ถนัดด้านนี้ ต้องการหาคนรับช่วงต่อ⸻ เพิ่มเติมพิเศษ• ช่องทางรับการจองยอดนิยม พร้อมสอนการใช้งานและดูแลระบบ• หากต้องการเซ้งต่อในอนาคต หรือต้องการหยุดดำเนินธุรกิจ สามารถคุยกับเจ้าของเดิมได้ (พี่สาวกลับปี 2027)⸻━━━━━━━━━━━━━━━ สนใจสอบถามเพิ่มเติม ติดต่อ : อาร์ท โทร : 065-972-2284 Line ID : artviolin━━━━━━━━━━━━━━━⸻ Business for Sale – Fully Operational Guesthouse Heart of Chiang Mai – Ready to Operate Immediately!#BookingConfirmed #StartEarningRevenueRightAway Selling Price: 220,000 THB (Negotiable) Monthly Rent: 4,200–4,500 THB/month (Max 4,500 THB) Deposit: 7,600 THB — refundable at contract end⸻ House Details• 2 Bedrooms, 1 Bathroom• Fully furnished, ready to move in and operate• 2 Air Conditioners, 1 TV, 1 CCTV camera• Bed sets and interior decorations included• Everything inside the house included (except water tank)• New electrical system with key-card switch⸻ Business Highlights• Continuous customer bookings• Previous monthly rental: 30,000 THB (1–3 months stay)• Average monthly income: 4,200–4,500 THB• Bookings for Dec–Jan ~25,000 THB• Take over in December → receive revenue immediately⸻ Reason for SellingOwner working abroad; current manager unable to continue. Perfect for someone ready to take over.⸻━━━━━━━━━━━━━━━ For more info, contact: Art Tel : 065-972-2284 Line ID : artviolin━━━━━━━━━━━━━━━"
https://www.facebook.com/groups/homerentcm/posts/25381185404851905/,"Still availableHouse for rent in the city, 3 bed rooms, 2 bathrooms, Kitchen, living room, Parking15,000 THB/month. First payment includes 1 month advance and 2 months deposit (1-year lease) Appliances and Furniture bed mattress Sofa + coffee table 3 air conditioners Gas stove + range hood Wardrobe Water heaters Dressing table Utilities: Electric bill and Water bill as per government rates Nearby locations 3 km to Big C Market Pantip (8 minutes)3.9 km to Night Bazaar Place Chiang Mai (10 minutes)4 km to Central Airport (10 minutes)4 km to Tapae gate (10 minutes)4 km to Varee international school (9 minutes)5 km to Chiang Mai Intetnational Airport (12 minutes)5 km to Old city (15 minutes)6 km to Montfort College (11 minutes)6.7 km to Singapore International School Chiangmai (SISB) (14 minutes)7 km to Unity Concord International School (11 minutes)7.7 km to Nimman road (16 minutes)8 km to Maya mall (20 minutes)8.6 km to American Pacific International School (Primary) (APISP) (15 minutes)8.7 km to Ambassador Bilingual Academy (146 minutes)9 km to Meritton British international school (16 minutes) For more details:: 090-2350744 Ian | ID Line: ikkhouse: +66954101902 / WhatsApp (lKK House)Location : https://maps.app.goo.gl/YjpJCxuVjNuXS99LA市中心房屋出租，三室两卫，带厨房、客厅和停车位月租15,000泰铢。首付包含一个月预付租金和两个月押金（一年租期） 家电和家具 床 床垫 沙发 + 茶几 3 台空调 燃气灶 + 抽油烟机 衣柜 热水器 梳妆台 水电费：按政府规定收取 周边地点 距 Big C 超市 Pantip 3 公里（8 分钟车程）距清迈夜市 3.9 公里（10 分钟车程）距中央机场 4 公里（10 分钟车程）距 Tapae 门 4 公里（10 分钟车程）距 Varee 国际学校 4 公里（9 分钟车程）距清迈国际机场 5 公里（12 分钟车程）距清迈老城区 5 公里（15 分钟车程）距 Montfort 学院 6 公里（11 分钟车程）分钟）距新加坡清迈国际学校 (SISB) 6.7 公里（14 分钟）距 Unity Concord 国际学校 7 公里（11 分钟）距尼曼路 7.7 公里（16 分钟）距玛雅购物中心 8 公里（20 分钟）距美国太平洋国际学校（小学部）8.6 公里（15 分钟）距大使双语学院 8.7 公里（14 分钟）距梅里顿英国国际学校 9 公里（16 分钟）"
https://www.facebook.com/groups/362307990479383/posts/25275368508746653/,"ขายบ้านหลังเล็ก ขนาด 3.70×2.50 ตารางวา เนื้อที่ 61 ตารางวา ที่ถมแล้ว พร้อมล้อมรั้ว มีน้ำ ไฟฟ้า มีห้องน้ำแบบนั่งชักโครก มีที่เก็บอุปกรณ์เครื่องมือ ขนาด 3.50×3.00 เมตรฉนดครุฑแดง มีเอกสารอนุญาตสิ่งปลูกสร้าง ที่มีทางเข้า ออก ไม่ต้องผ่านที่ใคร บรรยากาศวิวภูเขาสวยด้านหน้ามองเห็น ดอยสุเทพ และดอยคำ บริเวณโดยรอบ ปลูกพืชผักสวนครัวครบทุกชนิด มีต้นไม้มงคล หาอยาก เพิ่มความเป็นศิริมงคล ตั้งอยู่ที่ บ้านแทนคำ หมู่10 ต.ทุ่งปี้ อ.แม่วาง จ.เชียงใหม่ หากท่านที่กำลังหาที่พักอาศัยราคาเบาๆ จับต้องได้ มีเนื้อที่ พอไว้ทำสวนเล็กไป สนใจติดต่อสอบถามได้นะคะ ราคา450,000.- พร้อมโอน"
https://www.facebook.com/groups/homerentcm/posts/25386448097658969/,"3 ห้องนอน 2 ห้องน้ำ - บ้านสุเทพ เมือง, เทศบาลนครเชียงใหม่, จังหวัดเชียงใหม่รับสัตว์เลี้ยงบ้านเช่าแถวถนนคันคลอง แถวอบตสุเทพบ้านเล่นระดับ ยกพื้นสูงใกล้เมือง เช่นมช,ตลาดแม่เหียะตลาดต้นพยอม ,ห้างเมย่า ฯลฯที่ดิน130 ตรว+3ห้องนอน+2ห้องน้ำ+ห้องครัว+มุมซักล้างรับแขก+ห้องทานข้าวระเบียงนั่งเล่นหน้าบ้าน+ที่จอดรถ2-3คันให้เช่าพร้อมเฟอร์นิเจอร์จัดเต็มราคา=25,000 Pets allowedHouse for rent near Khan Khlong Road, near Suthep Subdistrict Administrative OrganizationSplit-level house, raised floorNear the city, such as Chiang Mai University, Maya Mall ,Mae Hia MarketTon Phayom Market, etc.Land area 130 Sq.wah+3 bedrooms + bathroom + kitchen + laundry area + dining roomBalcony in front of the house + Parking for 2-3 carsFor rent, fully furnishedPrice=25,000 ติดทรัพย์"
https://www.facebook.com/groups/homerentcm/posts/25388848187418960/,"บ้านสร้างใหม่เหลือหลังสุดท้าย ทำเลทองใกล้โรงเรียนต้นกล้า ราคาเช่าโดนใจ ตอบโจทย์ทุกไลฟ์สไตล์ บ้านสร้างใหม่เอี่ยม เหมาะกับครอบครัวที่อยากได้ความอบอุ่นและเป็นส่วนตัว บ้านเช่าสร้างใหม่ เฟอร์ใหม่ 3 ห้องนอน 3 ห้องน้ำ จอดรถได้ 2 คัน ครัวกว้าง ใช้งานครบ มีพื้นที่รอบบ้าน บรรยากาศสงบ สันทราย/หนองจ๊อม/แยกลิขิตชีวัน ค่าบริการเช่าบ้านราย 3 - 6 เดือน 25,000.-/เดือนราย 1 ปี ขึ้นไป 20,000.-/เดือนสามารถสอบถามรายละเอียดผ่าน Line ได้คะสนใจนัดชมบ้าน รบกวนโทรนัดล่วงหน้า 1 วัน Tel: 094-8249891 Whatapp : 094-824-9891 Line : maneeproperty********************************** Prime location, affordable rental prices, perfect for every lifestyle. This brand-new home is perfect for families seeking warmth and privacy. Newly built house for rent with new furnishings 3 bedrooms 3 bathrooms Parking for 2 cars Spacious, fully functional kitchen Plenty of space around the house, peaceful atmosphere San Sai/Nong Chom/Likhit Chiwan Intersection Rental Fee:3-6 months: 25,000 THB/month1 year or more: 20,000 THB/monthFor more information, please contact us via Line. To schedule a viewing, please call 1 day in advance. Tel: 094-8249891 Whatsapp: 094-824-9891 Line: maneeproperty#maneeproperty #housing #condo #condoforrent #houseforrent #property #house #homeforrent #sellinghouse #luxurylife #thailand #ขายบ้าน #ขายที่ดิน #ขายคอนโด #อสังหาริมทรัพย์ให้เช่า #อสังหาริมทรัพย์ #เช่าออฟฟิศ #เช่าโกดัง #เช่าที่ดิน #ขายบ้านพร้อมปล่อยเช่า #อาคารพาณิชย์ #ตึกแถวให้เช่า #เช่าบ้าน #เช่าคอนโด #บ้านพลูวิวล่า@ไฮไลท์"
https://www.facebook.com/groups/homerentcm/posts/25387701550866957/,"1 ห้องนอน 1 ห้องน้ำ - อพาร์ทเมนท์ซีรีนเลค, แม่เหียะ, หมู่ที่ 2, เชียงใหม่ 50100, ประเทศไทย Peaceful condo living — lake & mountain views, only 15 mins from the city. The perfect place to relax and feel at home. Condo for rent # North 3Condo(Serene Lake)( Fully furnished , Ready to move)————————————————Rental Price 12,000 baht/month (1 year contract )Security deposit 2 months Advance payment 1 month No pets allowed ——————————————————Big garden /Big parking / swimming pool/ fitness Nearby Places : Central Airport 10 mins. Chiangmai International Airport 10 mins. Big C 5 mins Ambassador Bilingual School (ABS) 10 mins. Nimmanhaemin Road , Maya 15 minsคอนโดให้เช่า #นอร์ท 3 คอนโด (โครงการซีรินเลค) (ห้องว่างพร้อมเข้าอยู่ เฟอร์นิเจอร์ครบ)———————————————ค่าเช่า 12,000 บาท /สัญญา 1 ปีประกัน 2 เดือน + ค่าเช่าล่วงหน้า 1เดือน ไม่รับสัตว์เลี้ยงทุกชนิด———————————————สถานที่ใกล้เคียง : เซ็นทรัลแอร์พอร์ต 10 นาที สนามบินเชียงใหม่ 10 นาที บิ๊กซี 5 นาที ABS 10 นาที ย่านนิมมานเหมินท์ และ เมญ่า 15 นาที"
https://www.facebook.com/groups/homerentcm/posts/25387587867544992/,"1 ห้องนอน 1 ห้องน้ำ - อพาร์ทเมนท์วันพลัส สวนดอก, ซอย ปราโมช 2, สุเทพ, หมู่ที่ 3, เชียงใหม่ 50200, ประเทศไทยคอนโดให้เช่า #วันพลัสสวนดอก ไลฟ์ (ห้องมือหนึ่งพร้อมเข้าอยู่ เฟอร์นิเจอร์ครบ) 1 ห้องนอน/1ห้องน้ำ/1ห้องนั่งเล่นค่าเช่า 15,000 บาท /สัญญา 1 ปีประกัน 2 เดือน + ค่าเช่าล่วงหน้า 1เดือน ไม่รับสัตว์เลี้ยงทุกชนิดรายละเอียดห้อง : เฟอร์นิเจอร์ครบ เตาแม่เหล็กไฟฟ้า พร้อมฮู้ดดูดควัน เครื่องซักผ้า Smart TV ตู้เย็น ไมโครเวฟ แอร์ 2 ตัว เครื่องทำน้ำอุ่นสิ่งอำนวยความสะดวก : มี รปภ และระบบกล้อง CCTV 24 ชั่วโมง เข้าออกด้วยระบบสแกนหน้าและนิ้ว สระว่ายน้ำ ฟิตเนส ที่จอดรถสถานที่ใกล้เคียง : มหาวิทยาลัยเชียงใหม่ 10 นาที นิมมานเหมินท์ และ เมญ่า 10 นาที สนามบินเชียงใหม่ 10 นาที ร.พ สวนดอก 5 นาที สอบถาม/นัดดูห้อง Line : jummy03Tel : 0826932395(จุ๋ม)"
https://www.facebook.com/groups/homerentcm/posts/25380685674901878/,"𝙁𝗼𝗿 𝙍𝗲𝗻𝘁 บ้านการุณ 2 หลังมุมพื้นที่เยอะ น้ำไม่ท่วมเนื้อที่ 93 ตร.ว. 3 ห้องนอน 2 ห้องน้ำ 1 ห้องครัว ลานกว้างจอดรถได้4-5 คันเฟอร์นิเจอร์พร้อมอยู่(แอร์ 3 /เตียง 2 ห้อง/ตู้เสื้อผ้า/โซฟา TV)ค่าเช่า 12,000/เดือน สัญญา 1 ปีประกัน 2 เดือนและล่วงหน้า 1 เดือนสถานที่ใกล้เคียงตลาดสามแยกโฮมโปรMeta mallโลตัส เทศบาลสันทรายหลวง เซนทรัลเฟสติวัล มหาวิทยาลัยพายัพNIS----------------------------𝙁𝗼𝗿 𝙍𝗲𝗻𝘁 Baan Karun 2 village , corner house with plenty of space.Flood-free93 sq m.3 bedrooms2 bathrooms1 kitchenLarge yard Furnished and ready to move in(3 air conditioners, 2 beds, wardrobe, sofa, TV)Rent: 12,000 THB/month, 1 year contract2 month deposit and 1 month advance paymentNearby locations:Sam Yaek MarketHomeProMeta mallLotusSan Sai Luang MunicipalityCentral FestivalPayap UniversityNISTel.0651699324"
https://www.facebook.com/groups/homerentcm/posts/25380395121597600/,"ให้เช่าบ้าน 3 ห้องนอน โซนหลัง ม.ช ใกล้วัดร่ำเปิงบ้านเช่า ต.สุเทพ รั้วรอบชิด / จอดรถได้ 3 คันเนื้อที่เยอะ 130 ตรว.พื้นที่ใช้สอย 124 ตร.เมตร3 ห้องนอน2 ห้องน้ำ 2 น้ำอุ่น4 แอร์ รับสัตว์เลี้ยง ไม่มีส่วนกลาง น้ำไม่เคยท่วม 100%มีสวนหย่อมข้างบ้าน และ หลังบ้านร่มรื่นเงียบ สงบ และ ปลอดภัยห่างจากมช.เพียง 2.5 กม.พิกัด ซอยวัดร่ำเปิงใกล้สนามกีฬาเทศบาลสุเทพค่าเช่าเดือนละ 25,000 บาทประกัน 2 เดือนจ่ายค่าเช่าล่วงหน้า 1 เดือน.รวม 3 เดือน ก่อนย้ายเข้าอยู่.รวม 75,000 ฿ .คืนประกันให้เมื่ออยู่ครบสัญญา. Rent / Location Wat Pong-noi Sutep.House for RentSingle-Story Home with Grass in Suthep | Near Nature . Land size : 130 sq.w.Usable area 125 square meters. Bedrooms: 3Bathrooms: 3Living room 2 parking. Rental: 25,000 THB/month ( 1-Year Lease) Terms: 1 Month Advance + 2 Months Security Deposit Location: Near Wat Pong NoiSutep. 10 mins to CMU 10 mins to Nimman road & 15 mins to Old Town.House for Rent behind Chiangmai University 3.5 km.to Nimman Road 4.5 km.Sutep areas. Land size 130 square wah. Usable area 145 square meters. Fully furnished. 3 bedrooms/2 bathrooms /Living room / 2 parking. Pet allowed 1 year Contact. For rent 25,000 THB / per month. 2 month deposit.1 month in advance .Totally 75,000 THB. Before move-in ..The water never flood."
https://www.facebook.com/groups/homerentcm/posts/25381551414815304/,"#บ้านเดี่ยวให้เช่าเจ็ดยอด บ้านในโครงการกาญจน์กนก 8 เจ็ดยอด3 ห้องนอน 3 ห้องน้ำ30,000 บาท/เดือน สัญญา 1 ปี33,000 บาท/เดือน สัญญา 6 เดือนสัตว์เลี้ยง พิจารณาเป็นเคสๆเฟอร์นิเจอร์ครบ ฟรีค่าส่วนกลาง & ค่าขยะ แอร์ 4 เครื่อง เครื่องทำน้ำอุ่น ผ้าม่านบังแดด เตียงนอน+ฟูก ตู้เสื้อผ้า ตู้เย็น เครื่องซักผ้า โต๊ะรับประทานอาหารสถานที่ใกล้เคียงม.ราชมงคลนิมมาน /วันนิมมาน /เมญ่า 4 นาทีเซนทรัลเฟสฯ"
https://www.facebook.com/groups/homerentcm/posts/25388258657477913/,"ขาย -ให้เช่าทาวน์เฮ้าส์ในเมืองรีโนเวทใหม่ สไตล์โมเดิร์น ศรีอนันต์ทาวน์เฮ้าส์ ตำบลฟ้าฮ่าม อำเภอเมืองเชียงใหม่ สำหรับนักลงทุนปล่อยเช่าง่าย ผลตอบแทนสูงขนาด 19 ตารางวา ,พื้นที่ใช้สอย 120 ตารางเมตรขนาด 2 ห้องนอน, 2 ห้องน้ำ ,1 ห้องเอนกประสงค์ (ปรับเป็นห้องนอนหรือห้องทำงานได้) 1 ห้องครัว, 1 โรงจอดรถราคาขาย 2.49 ล้านบาท ราคาเช่า 22,000 บาท/เดือนสัญญาขั้นต่ำ 1 ปีประกัน 2 เดือนล่วงหน้า 1 เดือนเฟอร์ครบ หิ้วกระเป๋าเข้าอยู่ได้เลยSmart TV 40"",แอร์ 1 ตัว ,ตู้เย็น,เครื่องทำน้ำอุ่นโลเคชั่นสถานที่ใกล้เคียงเซ็นทรัลเฟส 3 นาทีนิมมาน 10 นาทีรร.ปริ้นส์รอยแยลส์ 10 นาทีโรงพยาบาลกรุงเทพเชียงใหม่ 8 นาที โรงพยาบาลเทพปัญญา 3 นาที.~~~~~~~~~ ชมบ้าน ติดต่อ 0811484589 ""ตูมตาม"" line: tatea27 Inbox หรือแชท ~~~~~~~~~สนใจทรัพย์อื่นได้ที่นี้บ้านเช่าเชียงใหม่https://www.facebook.com/share/19iNv5gn9g/บ้านขายเชียงใหม่https://www.facebook.com/share/1ASrJ1dtVM/พูลวิลล่าเช่าเชียงใหม่https://www.facebook.com/share/1L88tRv8Ek/พูลวิลล่าขายเชียงใหม่https://www.facebook.com/share/19SPuteaM2/ขายที่ดินเชียงใหม่https://www.facebook.com/share/186pdYLASn/ขายพร้อมผู้เช่าhttps://www.facebook.com/share/17AphoCYtJ/#ทาวน์โฮม #ทาวน์เฮ้า #ทาวน์โฮมรีโนเวท #ทาวน์เฮ้าส์รีโนเวท #บ้านเชียงใหม่ #บ้านในเมืองเชียงใหม่ #ทาวน์เฮ้าส์เชียงใหม่ #บ้านฟ้าฮ่าม #บ้านใกล้เซ็นเฟสFor sale - Townhouse for rent in the cityNewly renovated, modern style Srianan Townhouse, Fa Ham Subdistrict, Mueang Chiang Mai District For investors, easy to rent, high returnsSize 19 square wah, usable area 120 square metersSize: 2 bedrooms, 2 bathrooms, 1 multipurpose room (can be converted into a bedroom or office), 1 kitchen, 1 garageSelling price 2.49 million baht Rental price 22,000 baht/monthMinimum 1 year contract2 months insurance, 1 month advance paymentFully furnished, just bring your bags and move in.Smart TV 40"", 1 air conditioner, refrigerator, water heaterNearby locationCentral Festival 3 minutesNimman 10 minutes Prince Royal's School 10 minutesBangkok Hospital Chiang Mai 8 minutes Theppanya Hospital 3 minutes.~~~~~~~~~ Contact to view the house 0811484589 ""Toomtam"" line: tatea27 Inbox or chat~~~~~~~~~"
https://www.facebook.com/groups/homerentcm/posts/25381635108140268/,"1 ห้องนอน 1 ห้องน้ำ - อพาร์ทเมนท์ซีรีนเลค, แม่เหียะ, หมู่ที่ 2, เชียงใหม่ 50100, ประเทศไทยคอนโดให้เช่า #นอร์ท 3 คอนโด (โครงการซีรินเลค) (ห้องว่างพร้อมเข้าอยู่ เฟอร์นิเจอร์ครบ)———————————————ค่าเช่า 12,000 บาท /สัญญา 1 ปีประกัน 2 เดือน + ค่าเช่าล่วงหน้า 1เดือน ไม่รับสัตว์เลี้ยงทุกชนิด———————————————สถานที่ใกล้เคียง : เซ็นทรัลแอร์พอร์ต 10 นาที สนามบินเชียงใหม่ 10 นาที บิ๊กซี 5 นาที ABS 10 นาที ย่านนิมมานเหมินท์ และ เมญ่า 15 นาที —————————————— สอบถาม | นัดดูห้อง #ขอดูรูปห้องและวีดิโอเพิ่มเติมLine : jummy03Tel : 0826932395(จุ๋ม)"
https://www.facebook.com/groups/homerentcm/posts/25380218921615220/,"#บ้านให้เช่า#น้ำไม่ท่วม# บ้าน 2 ชั้น 3 ห้องนอน 3 ห้องน้ำ 2 ห้องเอนกประสงค์หมู่บ้านสิรินโฮม 3 บ้านสันกลางใต้ อ.สันกำแพง จ.เชียงใหม่ค่าเช่า 20,000 บาท/เดือน วางประกัน 2 เดือน,มี รปภ.ตลอด 24 ชม.สนใจติดต่อพี่น้อง โทร.087-1814601 *สถานที่ใกล้เคียง**โรงเรียนวารีและโรงเรียน นานาชาติABS*ตลาดเจริญเจริญ*บิ๊กซีดอนจั่น*ม.พายัพ*ห้างเซนทรัล*โรงพยาบาลกรุงเทพ*แม็คโครเชียงใหม่*ห่างจากสนามบินประมาณ 15 นาที เฟอร์นิเจอร์ มีดังนี้*แอร์*โซฟา*ตู้เย็น 2 ประตู*เครื่องซักผ้า*เตียงนอน*ตู้เสื้อผ้า*เครื่องซักผ้า*โต๊ะอาหาร*โต๊ะเครื่องแป้ง*ห้องครัวภายในบ้านมีเครื่องดูดควันโทร0930391151 ชิงชิง"
https://www.facebook.com/groups/homerentcm/posts/25382537444716701/,"3 ห้องนอน 3 ห้องน้ำ - บ้านบุญฟ้าแกรนด์โฮม, ป่าบง, สารภี, เชียงใหม่ 50140, ประเทศไทย"
https://www.facebook.com/groups/homerentcm/posts/25383798874590558/,"ให้เช่า 22,000/เดือน ทาวน์เฮ้าส์ในเมืองรีโนเวทใหม่ สไตล์โมเดิร์น ขนาด 19 ตรว พื้นที่ใช้สอย 120 ตรมขนาด 2 ห้องนอน 2 ห้องน้ำ 1 ห้องเอนกประสงค์ (ปรับเป็นห้องนอนหรือห้องทำงานได้) 1 ห้องครัว 1 โรงจอดรถ เฟอร์ครบ หิ้วกระเป๋าเข้าอยู่ได้เลยSmart TV 40""แอร์ 1 ตัว ตู้เย็นเครื่องทำน้ำอุ่นพิกัด : ศรีอนันต์ทาวน์เฮ้าส์ ตำบลฟ้าฮ่าม อำเภอเมืองเชียงใหม่ https://maps.app.goo.gl/EVJy3pRQxSVEqqHL7 สะดวกสุดๆ เซ็นทรัลเฟส 3 นาทีนิมมาน 10 นาทีรร.ปริ้นส์รอยแยลส์ 10 นาที รพ กรุงเทพเชียงใหม่ 8 นาที โรงพยาบาลเทพปัญญา 3 นาทีติดต่อ 094-651-1456 วาสค่ะCODE: R793#ทาวน์โฮม #ทาวน์เฮ้า #ทาวน์โฮมรีโนเวท #ทาวน์เฮ้าส์รีโนเวท #บ้านเชียงใหม่ #บ้านในเมืองเชียงใหม่ #ทาวน์เฮ้าส์เชียงใหม่ #บ้านฟ้าฮ่าม #บ้านใกล้เซ็นเฟส..For Rent | 22,000 THB/month — Newly Renovated Modern Townhouse in City Center19 sq.wah | 120 sq.m2 Bedrooms | 2 Bathrooms1 Multi-Purpose Room (bedroom/office)Kitchen + ParkingFully furnished with Smart TV 40”, A/C, fridge, water heater. Sri Anan Townhouse, Fah Ham, Chiang Maihttps://maps.app.goo.gl/EVJy3pRQxSVEqqHL7Super convenient! Central Festival 3 mins, Nimman 10 mins, hospitals & schools nearby.. 094-651-1456 (Wad)CODE: R793#TownhouseForRent #ChiangMaiLiving #CityHome #RenovatedHome #MoveInReady"
https://www.facebook.com/groups/homerentcm/posts/25386879424282503/,"#กาญจน์กนกทาวน์5ทำเลดีมาก ใกล้: • โรบินสัน เชียงใหม่ (ศาลเด็ก) • โรงพยาบาลสวนดอก • มหาวิทยาลัยเชียงใหม่ • เดินทางสะดวก เข้าเมืองง่าย ค่าเช่า: 22,000 บาท/เดือน เงื่อนไข: • จ่ายล่วงหน้า 1 เดือน • มัดจำ 2 เดือน รายละเอียดบ้าน: • ทาวน์โฮม 2 ชั้น • 3 ห้องนอน / 2 ห้องน้ำ • ห้องรับแขกกว้าง พร้อมโซฟาและโต๊ะกลาง • ห้องครัวบิ้วอิน พร้อมเตาแก๊ส, เครื่องดูดควัน, อ่างล้างจาน • ห้องทานอาหารพร้อมโต๊ะหินอ่อน • ห้องนอนเฟอร์ครบ เตียง ที่นอนใหม่ และแอร์ทุกห้อง • ห้องน้ำสะอาด พร้อมเครื่องทำน้ำอุ่น • ทีวี, ตู้เย็น, พัดลมเพดาน • ที่จอดรถ 2 คัน สิ่งอำนวยความสะดวกในโครงการ: • ระบบรักษาความปลอดภัย 24 ชม. • กล้องวงจรปิด (CCTV) • รปภ. ประจำหมู่บ้าน • ระบบ Easy Pass เข้า-ออก • สวนพักผ่อน (Green Park) • สนามเด็กเล่น (Playground)พร้อมเข้าอยู่ได้เลย เหมาะสำหรับครอบครัว หรือพนักงานบริษัท / นักศึกษามหาวิทยาลัยเชียงใหม่สนใจติดต่อ 089-6355972 แอ๋ว Line id :0896355972#บ้านเช่าเชียงใหม่ #กาญกนกทาวน์5 #TownhomeChiangMai #บ้านให้เช่าใกล้มช #บ้านใกล้สวนดอก #บ้านใกล้โรบินสันเชียงใหม่"
https://www.facebook.com/groups/homerentcm/posts/25381089871528125/,"AA0362 #ขายและให้เช่าบ้านพูลวิลล่า เนื้อที่ 1-2-0 ไร่ ค่าเช่า 120,000 บาท/ด.พื้นที่ใช้สอย 355 ตร.ม.3 ห้องนอน 4 ห้องน้ำ1 ห้องแม่บ้านแอร์7ตัวสระว่ายน้ำส่วนตัวพร้อมเฟอร์นิเจอร์ราคาขาย 18.5 ล้านอ.สันกำแพงห่างสนามบินเชียงใหม่ 25 กม.ติดต่อTel : 061-297-3068Lind: @919bkeby"
https://www.facebook.com/groups/509895225859790/posts/3118795098303110/,"2 ห้องนอน 2 ห้องน้ำ - บ้านสันทราย, เทศบาลนครเชียงใหม่, จังหวัดเชียงใหม่ 50210เปิดจองบ้านเช่าหมู่บ้านธันยากร หลังเซเว่นหลิ่งมื่นเข้าซอย 20 เมตร ห่างจากเเม่โจ้ 700 เมตรราคาเดือนละ 7000ประกันบ้าน 14,000( ประกันผ่อนจ่ายใด้ 2 งวด) เข้าอยู่จ่ายเพียง 21,000บาท 2 ห้อง 2 ห้องนำ้ 1 รับเเขก 1 ครัว 1 จอดรถยนต์ ห่างจากมอเเม่โจ้ 500 เมตร หลังเซเว่นหลิ่งมื่น พร้อมเข้าอยู่ ต้น ธันวาคม 2568ในบ้านมี ตู้เย็นโต๊ะกินข้าวซิ้งค์ล้างจานเครื่องทำนำ้อุ่นเตียงนอนพร้อมที่นอนผ้าม่านเเอร์ในห้องนอน 2 ตัวงดสัตว์เลี้ยงค่าส่วนกลางถูกมากปีละ 960 บาทสนใจติดต่อพี่เอ 0959591641งดรับนายหน้าค่ะ"
https://www.facebook.com/groups/509895225859790/posts/3118525918330028/,"บ้านเดี่ยววิวทุ่งนา สงบ ล้อมรอบธรรมชาติ ถ้าคุณรักความสงบ เสียงนกร้อง ภูเขาเขียวขจี และทุ่งนาที่กว้างไกล... หลังนี้คือคำตอบ! รายละเอียดบ้าน - 3 ห้องนอน 2 ห้องน้ำ - ครัวสวยครบครัน: ครัวไทย ผัดกระเพราเผ็ด ๆ สะใจ + ครัวยุโรป ทำอาหารสไตล์ตะวันตก - สวนน่ารัก ดูแลง่าย บรรยากาศร่มรื่น - อยู่ในหมู่บ้านคนต่างชาติ เงียบสงบ เป็นส่วนตัว เดินออกไปนิดเดียว ก็ถึงเส้นทางเดินป่าชมธรรมชาติแล้ว! ทำเลทอง แม่ริม เชียงใหม่ - โรงเรียนเปรมอินเตอร์เนชั่นแนล: 12 นาที - 7-Eleven: 5 นาที - แม่ริมพลาซ่า: 10 นาที - กาดฝรั่ง: 13 นาที - ม่อนแจ่ม: 25 นาที รอบ ๆ เต็มไปด้วยร้านกาแฟเก๋ ๆ ร้านอาหารอร่อยชื่อดังมากมายในอำเภอแม่ริม ราคาขาย: 8.8 ล้านบาท ราคาเช่า: 40,000 บาท/เดือน สนใจทักเลย! 065-992-2092 Single House with Rice Field View – Peaceful, Surrounded by Nature If you love tranquility, birdsong, green mountains, and endless rice fields – this is YOUR home! House Details - 3 Bedrooms, 2 Bathrooms - Fully equipped kitchen: Thai kitchen for spicy stir-fries + European kitchen for Western cooking - Lovely low-maintenance garden - Located in a quiet expat village – private and serene Step outside and you’re on a nature trail in minutes! Prime Location – Mae Rim, Chiang Mai - Prem International School: 12 mins - 7-Eleven: 5 mins - Mae Rim Plaza: 10 mins - Kad Farang: 13 mins - Mon Jam: 25 mins Surrounded by famous cozy cafés and delicious restaurants in Mae Rim Sale Price: 8.8 MB Rental Price: 40,000 THB/month Interested? DM now! 065-992-2092 #บ้านแม่ริม #บ้านเชียงใหม่ #บ้านวิวทุ่งนา #บ้านต่างชาติ #MaeRimHouse #ChiangMaiHouse #HouseForSale #HouseForRent"
https://www.facebook.com/groups/509895225859790/posts/3118917268290893/,บ้านว่างให้เช่าเดือนละ 5000 บาทโซนหน้าศาลากลางเชียงใหม่ในหมู่บ้านเทียมพรทาวน์เฮ้าส์ 2 ชั้น- 2ห้องนอน- 1 ห้องน้ำ- 1 ห้องนั่งเล่น- 1 ห้องครัว-1 ที่จอดรถในบ้าน(หน้าบ้านอีก1)- แอร์ 1 ห้องนอน- เครื่องทำน้ำอุ่น* น้ำไฟชำระเองตามบิลไม่มีบวกเพิ่มเข้าอยู่ ล่วงหน้า 1 เดือน 5000 บาท ประกัน 10000 บาทสนใจติดต่อ 0825566147 คุณ ก็อต หรือ in box สอบถามได้ครับ
https://www.facebook.com/groups/509895225859790/posts/3117710741744879/,"5 ห้องนอน 2 ห้องน้ำ - บ้านแม่เหียะ, เทศบาลนครเชียงใหม่, จังหวัดเชียงใหม่ 50100"
https://www.facebook.com/groups/509895225859790/posts/3118836814965605/,"ปล่อยเช่าบ้านย่านสันกำแพงหมู่บ้าน the estreem สัญญาเช่าขั้นต่ำ 1 ปี ค่าเช่า 40,000 บาท/ ต่อเดือน จ่ายประกัน 2 เดือน ล่วงหน้า 1 เดือน จ่ายครบ เข้าอยู่ได้เลย 𝗗𝗲𝘁𝗮𝗶𝗹 : ภายในบ้าน ขนาดที่ดิน 79.5 ตารางวา พื้นที่ใช้สอย184 ตารางเมตร 3 ห้องนอน (สามารถปรับห้องเล็กเป็นห้องทำงานได้) 3 ห้องน้ํา พร้อมเครื่องทำน้ำอุ่น 2 ห้อง 1 ห้องครัว 1 ห้องรับแขก 2 ที่จอดรถ ประตูอัตโนมัติ++ มีเฟอร์นิเจอร์พร้อมอยู่++ ราคานี้รวมค่าส่วนกลาง (มีฟิตเนสและสระว่ายน้ำ) คนทำสวน0801593057 Line@ 0610028665"
https://www.facebook.com/groups/509895225859790/posts/3118903314958955/,"ให้เช่าคอนโด ดิอามองต์ (Diamant Condo) ทำเลดี ติดถนนซุปเปอร์ไฮเวย์ ก่อนถึงแยกโรงพยาบาลเทพปัญญา จังหวัดเชียงใหม่ ใกล้เซ็นทรัลเฟสติวัล, Big C Extra, ม.พายัพ และโครงการ Business Park ค่าเช่า 15,000 บาท/เดือน มัดจำ 2 เดือน + ล่วงหน้า 1 เดือน สัญญาขั้นต่ำ 1 ปี พื้นที่ใช้สอย: 45 ตร.ม. | ชั้น 3 2 ห้องนอน (1 ห้องใหญ่ + 1 ห้องเล็ก) 1 ห้องน้ำ 1 ห้องนั่งเล่น 1 ห้องครัว + ระเบียงตากผ้า เฟอร์นิเจอร์และเครื่องใช้ไฟฟ้าครบ พร้อมเข้าอยู่ทันที• ทีวี• โซฟา• เตียง + ที่นอน• เครื่องซักผ้า• ตู้เย็น สิ่งอำนวยความสะดวกในโครงการ:• สระว่ายน้ำ (แยกสระเด็กและผู้ใหญ่)• ฟิตเนส• ที่จอดรถยนต์และมอเตอร์ไซค์• ล็อบบี้พร้อม Wi-Fi• ระบบรักษาความปลอดภัย 24 ชั่วโมง สถานที่ใกล้เคียง:• โรงพยาบาลเทพปัญญา – 1 นาที• เซ็นทรัลเฟสติวัล – 5 นาที• Big C Extra / Business Park / Green Park – 5 นาที• มีโชคพลาซ่า – 8 นาที• มหาวิทยาลัยพายัพ – 7 นาที• มหาวิทยาลัยแม่โจ้ – 15 นาที• เดินทางเข้าเมืองสะดวกมาก ราคาขาย: 3,000,000 บาท (ฟรีค่าโอน) Condo for Rent – Diamant Condo, Chiang Mai Great location on Super Highway, before Theppanya Hospital intersection. Near Central Festival, Big C Extra, Payap University & Business Park Chiang Mai. Rental Price: 15,000 THB/month 2 months deposit + 1 month advance rent Minimum 1-year contract Size: 45 sq.m. | 3rd Floor 2 Bedrooms (1 large + 1 small) 1 Bathroom 1 Living room 1 Kitchen + Balcony Fully furnished & ready to move in! Includes:• TV• Sofa• Bed & Mattress• Refrigerator• Washing machine Facilities:• Swimming pool (separate for adults & kids)• Fitness center• Parking (car & motorcycle)• Lobby with Wi-Fi• 24-hour security Nearby Places:• Theppanya Hospital – 1 min• Central Festival – 5 mins• Big C Extra / Business Park / Green Park – 5 mins• Meechok Plaza – 8 mins• Payap University – 7 mins• Maejo University – 15 mins• Easy access to downtown Chiang Mai For Sale: 3,000,000 THB (Transfer fee included)"
https://www.facebook.com/groups/509895225859790/posts/3117609148421705/,ขายบ้านเดี่ยว 2 ชั้น 68 ตารางวา ม.เพอร์เฟคโฮม มี 3 ห้องนอน 4ห้องน้ำ (+1ห้องนอน 1ห้องน้ำ คนดูแลบ้่าน) ราคาถูก สนใจติดต่อ 0856695593
https://www.facebook.com/groups/509895225859790/posts/3117644688418151/,#Sale088 #ขายบ้านพร้อมที่ดินทำเลทองติดถนน #ทางหลวงจังหวัดสายท่าจักร-แม่ทาเนื้อที่ 257 ตารางวาบ้าน 2 หลังหลังที่ 1>> 2 นอน 1 น้ำ 1 ครัว 1 โถงหลังที่ 2>> 2 นอน 1 น้ำ 1 ครัว 1โถงจอดรถได้ 2-3 คัน ด้านหลังมีบริเวณเหลือเป็นต้นใหญ่พืชสวนครัว สายรีโนเวทห้ามพลาดถูกสุดๆถูกกว่านี้ไม่มีอีกแล้วราคาขาย 1.8ล้านฟรีโอนพิกัดใกล้เคียงทำเล ติดเทศบาลตำบลทาทุ่งหลวงและ โรงพยาบาลส่งเสริมสุขภาพประจำตำบล ใก้ลตลาดเหมืองลึก เพียง 600เมตร #สนใจที่ดินแปลงนี้ติดต่อได้เลยค่ะ K. พิ้งค์: 080-4149924 K. พิ้งค์: 065-7522441 #สนใจบ้านเช่าติดต่อได้เลย #LINE: คลิกแอดไลน์เลยค่ะhttps://line.me/ti/p/pgQh6Qnxyd
https://www.facebook.com/groups/509895225859790/posts/3117576505091636/,บ้านรีโนเวทใหม่ พร้อมอยู่พื้นที่เยอะๆพิกัด ต.หนองจ๊อม สันทราย เนื้อที่ 96.9 ตารางวา 3 ห้องนอน 2 ห้องน้ำ1 ห้องรับแขก ห้องครัวกว้างขวางขายเพียง 2.59 ลบ.ต่ำกว่าราคาประเมินเยอะมาก ใกล้เซเว่น 800 m.ใกล้ตลาดสด เช้า เย็น 800 m.ใกล้รวมโชค มีโชค เพียง 6 km. แยกหนองจ๊อม 4.5 km.สนใจโทรสอบถาม 082-706-3538
https://www.facebook.com/groups/509895225859790/posts/3118055828377037/,ขายบ้าน​พร้อม​ที่ดิน​เนื้อที่​160​ตรว.อยู่​บ้านสัน​ปู​เลย​ต.แม่แตง ​อ.แม่แตง​ จ.เชียงใหม่ ราคา750000​บาทค่าโอน​คนละ​ครึ่ง​เจ้าของ​ขาย​เอง​สนใจ​ติดต่อ​096-0461577
https://www.facebook.com/groups/509895225859790/posts/3118128851703068/,รถขายสดเท่านั้น. รถเป็นเล่มชำรุดโอนได้ปกติขอคนรับได้ รถสวยใช้งานได้ปกติ เจ้าของเดิม เป็นผญไม่ค่อยได้ขับ รถอยู่เชียงใหม่นัดดูได้คะ
https://www.facebook.com/groups/509895225859790/posts/3118766694972617/,บ้านว่างให้เช่า บ้านใหม่ว่าง สันต้นม่วงเหนือ 2 ห้องนอน 1 ห้องน้ำ1 ห้องนั่งเล่น 1 ห้องครัวและทานอาหาร 2 ที่จอดรถยนต์ ในซอยเงียบสงบ ไม่วุ่นวาย ราคา 7000 บาท ประกัน 2 เดือน ล่วงหน้า 1 เดือน รวม 21000 เข้าอยู่ สนใจติดต่อพิม 0992129058 แนน# สันต้นม่วงเหนือ#บ้านใหม่ให้เช่า#บ้านเช่า
